ISO-10303-21;
HEADER;
FILE_DESCRIPTION (( 'STEP AP214' ),
    '1' );
FILE_NAME ('angular push bar linkage.STEP',
    '2026-08-28T18:51:28',
    ( '' ),
    ( '' ),
    'SwSTEP 2.0',
    'SolidWorks 2025',
    '' );
FILE_SCHEMA (( 'AUTOMOTIVE_DESIGN' ));
ENDSEC;

DATA;
#1 = DIRECTION ( 'NONE',  ( 0.000000000000000000, -1.000000000000000000, 0.000000000000000000 ) ) ;
#2 = VERTEX_POINT ( 'NONE', #238 ) ;
#3 = CARTESIAN_POINT ( 'NONE',  ( -5.307017705611695391, -6.280298008170606572, 1.125000000000000222 ) ) ;
#4 = VERTEX_POINT ( 'NONE', #338 ) ;
#5 = EDGE_CURVE ( 'NONE', #519, #583, #240, .T. ) ;
#6 = CARTESIAN_POINT ( 'NONE',  ( -6.682017705611692726, -3.953504948170606603, 0.1249999999999999445 ) ) ;
#7 = AXIS2_PLACEMENT_3D ( 'NONE', #930, #923, #1358 ) ;
#8 = DIRECTION ( 'NONE',  ( -1.000000000000000000, 0.000000000000000000, 0.000000000000000000 ) ) ;
#9 = AXIS2_PLACEMENT_3D ( 'NONE', #928, #1030, #1372 ) ;
#10 = CARTESIAN_POINT ( 'NONE',  ( -4.904443357054649510, -8.607091066962954784, 1.125000000000000222 ) ) ;
#11 = TOROIDAL_SURFACE ( 'NONE', #801, 0.9999999999999998890, 0.1250000000000000000 ) ;
#12 = TOROIDAL_SURFACE ( 'NONE', #1049, 0.7500000000000008882, 0.1250000000000000000 ) ;
#13 = DIRECTION ( 'NONE',  ( 1.000000000000000000, 0.000000000000000000, 0.000000000000000000 ) ) ;
#14 = ADVANCED_FACE ( 'NONE', ( #717 ), #756, .T. ) ;
#15 = ORIENTED_EDGE ( 'NONE', *, *, #882, .T. ) ;
#16 = CARTESIAN_POINT ( 'NONE',  ( -5.406966250626568993, -0.9535049481706063812, 0.06250000000000005551 ) ) ;
#17 = AXIS2_PLACEMENT_3D ( 'NONE', #30, #24, #509 ) ;
#18 = DIRECTION ( 'NONE',  ( 1.000000000000000000, 0.000000000000000000, 0.000000000000000000 ) ) ;
#19 = UNCERTAINTY_MEASURE_WITH_UNIT (LENGTH_MEASURE( 1.000000000000000082E-05 ), #347, 'distance_accuracy_value', 'NONE');
#20 = ADVANCED_FACE ( 'NONE', ( #1154 ), #933, .F. ) ;
#21 = CARTESIAN_POINT ( 'NONE',  ( -4.904443357054649510, -8.607091066962954784, 0.1249999999999999445 ) ) ;
#22 = DIRECTION ( 'NONE',  ( -0.000000000000000000, -0.000000000000000000, -1.000000000000000000 ) ) ;
#23 = VERTEX_POINT ( 'NONE', #709 ) ;
#24 = DIRECTION ( 'NONE',  ( -0.000000000000000000, 0.000000000000000000, 1.000000000000000000 ) ) ;
#25 = DIRECTION ( 'NONE',  ( -0.000000000000000000, 0.000000000000000000, 1.000000000000000000 ) ) ;
#26 = EDGE_CURVE ( 'NONE', #921, #97, #413, .T. ) ;
#27 = CARTESIAN_POINT ( 'NONE',  ( -6.404443357054651287, -8.607091066962954784, 0.1249999999999999445 ) ) ;
#28 = CARTESIAN_POINT ( 'NONE',  ( -3.709099545145755350, -11.18910225706199846, 0.1249999999999999445 ) ) ;
#29 = EDGE_LOOP ( 'NONE', ( #1280, #169, #234, #1085 ) ) ;
#30 = CARTESIAN_POINT ( 'NONE',  ( -4.477806482019347278, -11.60709106696295656, 0.000000000000000000 ) ) ;
#31 = DIRECTION ( 'NONE',  ( -1.000000000000000000, 0.000000000000000000, 0.000000000000000000 ) ) ;
#32 = ORIENTED_EDGE ( 'NONE', *, *, #653, .F. ) ;
#33 = AXIS2_PLACEMENT_3D ( 'NONE', #1287, #251, #147 ) ;
#34 = DIRECTION ( 'NONE',  ( -0.000000000000000000, 0.000000000000000000, 1.000000000000000000 ) ) ;
#35 = EDGE_CURVE ( 'NONE', #689, #573, #466, .T. ) ;
#36 = TOROIDAL_SURFACE ( 'NONE', #896, 0.7500000000000001110, 0.1250000000000000000 ) ;
#37 = DIRECTION ( 'NONE',  ( 1.224646799147353207E-16, 1.000000000000000000, 0.000000000000000000 ) ) ;
#38 = AXIS2_PLACEMENT_3D ( 'NONE', #152, #623, #1312 ) ;
#39 = ORIENTED_EDGE ( 'NONE', *, *, #1345, .F. ) ;
#40 = CARTESIAN_POINT ( 'NONE',  ( -6.483066403502093955, -0.6254295589972160840, 0.1249999999999999445 ) ) ;
#41 = AXIS2_PLACEMENT_3D ( 'NONE', #145, #1433, #871 ) ;
#42 = AXIS2_PLACEMENT_3D ( 'NONE', #392, #859, #1310 ) ;
#43 = CARTESIAN_POINT ( 'NONE',  ( -5.654443357054650399, -8.607091066962954784, 0.000000000000000000 ) ) ;
#44 = ORIENTED_EDGE ( 'NONE', *, *, #500, .F. ) ;
#45 = CARTESIAN_POINT ( 'NONE',  ( -6.363499719849266434, -0.6618823800164793658, 0.000000000000000000 ) ) ;
#46 = ORIENTED_EDGE ( 'NONE', *, *, #820, .T. ) ;
#47 = FACE_OUTER_BOUND ( 'NONE', #1090, .T. ) ;
#48 = CARTESIAN_POINT ( 'NONE',  ( -6.057017705611696279, -6.280298008170606572, 1.125000000000000222 ) ) ;
#49 = ORIENTED_EDGE ( 'NONE', *, *, #1354, .F. ) ;
#50 = DIRECTION ( 'NONE',  ( 1.000000000000000000, 0.000000000000000000, 0.000000000000000000 ) ) ;
#51 = CARTESIAN_POINT ( 'NONE',  ( -6.279443357054651287, -8.607091066962954784, 1.250000000000000000 ) ) ;
#52 = ORIENTED_EDGE ( 'NONE', *, *, #978, .F. ) ;
#53 = DIRECTION ( 'NONE',  ( -0.000000000000000000, 0.000000000000000000, 1.000000000000000000 ) ) ;
#54 = EDGE_CURVE ( 'NONE', #4, #308, #290, .T. ) ;
#55 = EDGE_CURVE ( 'NONE', #583, #1094, #970, .T. ) ;
#56 = CARTESIAN_POINT ( 'NONE',  ( -6.807017705611692726, -3.953504948170606603, 1.250000000000000000 ) ) ;
#57 = ORIENTED_EDGE ( 'NONE', *, *, #1093, .T. ) ;
#58 = CIRCLE ( 'NONE', #184, 1.124999999999999556 ) ;
#59 = CARTESIAN_POINT ( 'NONE',  ( -5.112806482019347953, -11.60709106696295656, 1.250000000000000000 ) ) ;
#60 = AXIS2_PLACEMENT_3D ( 'NONE', #853, #136, #1078 ) ;
#61 = ORIENTED_EDGE ( 'NONE', *, *, #1448, .F. ) ;
#62 = CARTESIAN_POINT ( 'NONE',  ( -5.432017705611691838, -3.953504948170606603, 1.125000000000000222 ) ) ;
#63 = CARTESIAN_POINT ( 'NONE',  ( -6.041966250626568780, -0.9535049481706063812, 1.187500000000000000 ) ) ;
#64 = AXIS2_PLACEMENT_3D ( 'NONE', #1244, #1352, #1341 ) ;
#65 = ORIENTED_EDGE ( 'NONE', *, *, #439, .F. ) ;
#66 = AXIS2_PLACEMENT_3D ( 'NONE', #1025, #870, #880 ) ;
#67 = DIRECTION ( 'NONE',  ( 0.000000000000000000, 0.000000000000000000, -1.000000000000000000 ) ) ;
#68 = PRODUCT_DEFINITION_CONTEXT ( 'detailed design', #714, 'design' ) ;
#69 = MANIFOLD_SOLID_BREP ( 'Fillet3', #1423 ) ;
#70 = EDGE_LOOP ( 'NONE', ( #423, #244, #355, #1295 ) ) ;
#71 = CARTESIAN_POINT ( 'NONE',  ( -4.771966250626568318, -0.9535049481706063812, 0.06250000000000005551 ) ) ;
#72 = CARTESIAN_POINT ( 'NONE',  ( -6.483066403502093955, -0.6254295589972160840, 1.250000000000000000 ) ) ;
#73 = EDGE_LOOP ( 'NONE', ( #813, #227, #357, #1239, #1431 ) ) ;
#74 = ADVANCED_FACE ( 'NONE', ( #1276 ), #873, .T. ) ;
#75 = FACE_BOUND ( 'NONE', #793, .T. ) ;
#76 = ORIENTED_EDGE ( 'NONE', *, *, #985, .F. ) ;
#77 = FACE_BOUND ( 'NONE', #976, .T. ) ;
#78 = DIRECTION ( 'NONE',  ( 1.000000000000000000, 0.000000000000000000, 0.000000000000000000 ) ) ;
#79 = VERTEX_POINT ( 'NONE', #579 ) ;
#80 = CARTESIAN_POINT ( 'NONE',  ( -5.406966250626568993, -0.9535049481706063812, 0.06250000000000005551 ) ) ;
#81 = AXIS2_PLACEMENT_3D ( 'NONE', #516, #1066, #1194 ) ;
#82 = ORIENTED_EDGE ( 'NONE', *, *, #963, .T. ) ;
#83 = CARTESIAN_POINT ( 'NONE',  ( -5.359430918937746924, -12.07904270879537556, 1.250000000000000000 ) ) ;
#84 = CIRCLE ( 'NONE', #1278, 0.06250000000000000000 ) ;
#85 = DIRECTION ( 'NONE',  ( 0.9565334692226885593, -0.2916225681541261272, 0.000000000000000000 ) ) ;
#86 = EDGE_LOOP ( 'NONE', ( #316, #1080 ) ) ;
#87 = AXIS2_PLACEMENT_3D ( 'NONE', #307, #788, #888 ) ;
#88 = AXIS2_PLACEMENT_3D ( 'NONE', #938, #1483, #353 ) ;
#89 = CARTESIAN_POINT ( 'NONE',  ( -6.807017705611692726, -3.953504948170606603, -3.252606517456513302E-17 ) ) ;
#90 = EDGE_LOOP ( 'NONE', ( #281, #39, #204, #1144 ) ) ;
#91 = DIRECTION ( 'NONE',  ( -0.000000000000000000, 0.000000000000000000, 1.000000000000000000 ) ) ;
#92 = ORIENTED_EDGE ( 'NONE', *, *, #647, .F. ) ;
#93 = ADVANCED_FACE ( 'NONE', ( #1269 ), #11, .T. ) ;
#94 = DIRECTION ( 'NONE',  ( 1.000000000000000000, 0.000000000000000000, 0.000000000000000000 ) ) ;
#95 = ORIENTED_EDGE ( 'NONE', *, *, #530, .F. ) ;
#96 = DIRECTION ( 'NONE',  ( 0.000000000000000000, -0.000000000000000000, -1.000000000000000000 ) ) ;
#97 = VERTEX_POINT ( 'NONE', #830 ) ;
#98 = CARTESIAN_POINT ( 'NONE',  ( -6.057017705611691838, -3.953504948170606603, 0.1249999999999999445 ) ) ;
#99 = EDGE_CURVE ( 'NONE', #705, #1340, #1371, .T. ) ;
#100 = ORIENTED_EDGE ( 'NONE', *, *, #986, .T. ) ;
#101 = CARTESIAN_POINT ( 'NONE',  ( -4.477806482019347278, -11.60709106696295656, 1.125000000000000222 ) ) ;
#102 = EDGE_CURVE ( 'NONE', #1456, #286, #1231, .T. ) ;
#103 = EDGE_CURVE ( 'NONE', #1094, #869, #336, .T. ) ;
#104 = DIRECTION ( 'NONE',  ( -0.000000000000000000, 0.000000000000000000, 1.000000000000000000 ) ) ;
#105 = CARTESIAN_POINT ( 'NONE',  ( 6.942982294388308162, -5.396971605577291164, 0.1249999999999999445 ) ) ;
#106 = ORIENTED_EDGE ( 'NONE', *, *, #978, .T. ) ;
#107 = FACE_OUTER_BOUND ( 'NONE', #29, .T. ) ;
#108 = ORIENTED_EDGE ( 'NONE', *, *, #647, .T. ) ;
#109 = AXIS2_PLACEMENT_3D ( 'NONE', #1084, #964, #1200 ) ;
#110 = CARTESIAN_POINT ( 'NONE',  ( -4.406966250626568105, -0.9535049481706063812, 1.250000000000000000 ) ) ;
#111 = CIRCLE ( 'NONE', #1133, 0.7500000000000006661 ) ;
#112 =( GEOMETRIC_REPRESENTATION_CONTEXT ( 3 ) GLOBAL_UNCERTAINTY_ASSIGNED_CONTEXT ( ( #19 ) ) GLOBAL_UNIT_ASSIGNED_CONTEXT ( ( #347, #693, #915 ) ) REPRESENTATION_CONTEXT ( 'NONE', 'WORKASPACE' ) );
#113 = DIRECTION ( 'NONE',  ( 0.000000000000000000, -0.000000000000000000, -1.000000000000000000 ) ) ;
#114 = CIRCLE ( 'NONE', #293, 0.6975000000000002309 ) ;
#115 = AXIS2_PLACEMENT_3D ( 'NONE', #827, #1143, #94 ) ;
#116 = ORIENTED_EDGE ( 'NONE', *, *, #1102, .T. ) ;
#117 = FACE_OUTER_BOUND ( 'NONE', #784, .T. ) ;
#118 = ORIENTED_EDGE ( 'NONE', *, *, #26, .F. ) ;
#119 = CARTESIAN_POINT ( 'NONE',  ( -4.477806482019347278, -11.60709106696295656, 0.1249999999999999445 ) ) ;
#120 = CARTESIAN_POINT ( 'NONE',  ( -6.057017705611691838, -3.953504948170606603, 0.000000000000000000 ) ) ;
#121 = ADVANCED_FACE ( 'NONE', ( #295 ), #947, .T. ) ;
#122 = ORIENTED_EDGE ( 'NONE', *, *, #562, .T. ) ;
#123 = DIRECTION ( 'NONE',  ( 1.000000000000000000, 0.000000000000000000, 0.000000000000000000 ) ) ;
#124 = ORIENTED_EDGE ( 'NONE', *, *, #439, .T. ) ;
#125 = CARTESIAN_POINT ( 'NONE',  ( -5.406966250626568993, -0.9535049481706063812, 0.1249999999999999445 ) ) ;
#126 = DIRECTION ( 'NONE',  ( 0.000000000000000000, -0.000000000000000000, -1.000000000000000000 ) ) ;
#127 =( NAMED_UNIT ( * ) SI_UNIT ( $, .STERADIAN. ) SOLID_ANGLE_UNIT ( ) );
#128 = EDGE_LOOP ( 'NONE', ( #826, #867, #1458, #1434 ) ) ;
#129 = DIRECTION ( 'NONE',  ( 1.000000000000000000, 0.000000000000000000, 0.000000000000000000 ) ) ;
#130 = VERTEX_POINT ( 'NONE', #1082 ) ;
#131 = CARTESIAN_POINT ( 'NONE',  ( -5.307017705611695391, -6.280298008170606572, 1.250000000000000000 ) ) ;
#132 = TOROIDAL_SURFACE ( 'NONE', #582, 0.6975000000000000089, 0.06250000000000000000 ) ;
#133 = EDGE_CURVE ( 'NONE', #943, #79, #898, .T. ) ;
#134 = FILL_AREA_STYLE ('',( #1404 ) ) ;
#135 = AXIS2_PLACEMENT_3D ( 'NONE', #80, #96, #816 ) ;
#136 = DIRECTION ( 'NONE',  ( -0.000000000000000000, 0.000000000000000000, 1.000000000000000000 ) ) ;
#137 = AXIS2_PLACEMENT_3D ( 'NONE', #1214, #843, #642 ) ;
#138 = AXIS2_PLACEMENT_3D ( 'NONE', #1126, #648, #425 ) ;
#139 = LINE ( 'NONE', #1060, #1155 ) ;
#140 = TOROIDAL_SURFACE ( 'NONE', #1051, 0.7500000000000008882, 0.1250000000000000000 ) ;
#141 = ORIENTED_EDGE ( 'NONE', *, *, #1149, .F. ) ;
#142 = CARTESIAN_POINT ( 'NONE',  ( -4.709466250626568318, -0.9535049481706063812, 1.187500000000000000 ) ) ;
#143 = AXIS2_PLACEMENT_3D ( 'NONE', #1336, #1323, #767 ) ;
#144 = EDGE_CURVE ( 'NONE', #1256, #1347, #563, .T. ) ;
#145 = CARTESIAN_POINT ( 'NONE',  ( -5.406966250626568993, -0.9535049481706063812, 1.125000000000000222 ) ) ;
#146 = DIRECTION ( 'NONE',  ( 0.000000000000000000, 0.000000000000000000, -1.000000000000000000 ) ) ;
#147 = DIRECTION ( 'NONE',  ( 1.000000000000000000, 0.000000000000000000, 0.000000000000000000 ) ) ;
#148 = ORIENTED_EDGE ( 'NONE', *, *, #683, .T. ) ;
#149 = CARTESIAN_POINT ( 'NONE',  ( -4.477806482019347278, -11.60709106696295656, 0.06250000000000005551 ) ) ;
#150 = PRODUCT_DEFINITION ( 'UNKNOWN', '', #1180, #68 ) ;
#151 = ADVANCED_FACE ( 'NONE', ( #520 ), #629, .F. ) ;
#152 = CARTESIAN_POINT ( 'NONE',  ( -5.406966250626568993, -0.9535049481706063812, 1.187500000000000000 ) ) ;
#153 = FACE_OUTER_BOUND ( 'NONE', #1055, .T. ) ;
#154 = CARTESIAN_POINT ( 'NONE',  ( -4.709466250626568318, -0.9535049481706063812, 1.250000000000000000 ) ) ;
#155 = ORIENTED_EDGE ( 'NONE', *, *, #745, .T. ) ;
#156 = CARTESIAN_POINT ( 'NONE',  ( -3.709099545145751797, -11.18910225706199668, 0.000000000000000000 ) ) ;
#157 = DIRECTION ( 'NONE',  ( -0.000000000000000000, -0.000000000000000000, -1.000000000000000000 ) ) ;
#158 = ORIENTED_EDGE ( 'NONE', *, *, #1405, .F. ) ;
#159 = AXIS2_PLACEMENT_3D ( 'NONE', #1139, #91, #571 ) ;
#160 = TOROIDAL_SURFACE ( 'NONE', #677, 0.7500000000000008882, 0.1250000000000000000 ) ;
#161 = ADVANCED_FACE ( 'NONE', ( #1427 ), #761, .F. ) ;
#162 = FACE_OUTER_BOUND ( 'NONE', #176, .T. ) ;
#163 = STYLED_ITEM ( 'NONE', ( #1058 ), #69 ) ;
#164 = VERTEX_POINT ( 'NONE', #1324 ) ;
#165 = DIRECTION ( 'NONE',  ( 0.000000000000000000, 0.000000000000000000, -1.000000000000000000 ) ) ;
#166 = AXIS2_PLACEMENT_3D ( 'NONE', #1109, #474, #247 ) ;
#167 = CIRCLE ( 'NONE', #1070, 0.6350000000000001199 ) ;
#168 = CYLINDRICAL_SURFACE ( 'NONE', #137, 0.6250000000000005551 ) ;
#169 = ORIENTED_EDGE ( 'NONE', *, *, #352, .T. ) ;
#170 = ADVANCED_FACE ( 'NONE', ( #1192 ), #168, .F. ) ;
#171 = DIRECTION ( 'NONE',  ( 0.000000000000000000, -1.000000000000000000, 0.000000000000000000 ) ) ;
#172 = ADVANCED_FACE ( 'NONE', ( #394 ), #376, .T. ) ;
#173 = EDGE_LOOP ( 'NONE', ( #95, #990, #1003, #771 ) ) ;
#174 = DIRECTION ( 'NONE',  ( 1.000000000000000000, 0.000000000000000000, 0.000000000000000000 ) ) ;
#175 = DIRECTION ( 'NONE',  ( 0.000000000000000000, -0.000000000000000000, -1.000000000000000000 ) ) ;
#176 = EDGE_LOOP ( 'NONE', ( #57, #345, #1222, #905, #755 ) ) ;
#177 = EDGE_CURVE ( 'NONE', #1190, #705, #996, .T. ) ;
#178 = CARTESIAN_POINT ( 'NONE',  ( -5.307017705611691838, -3.953504948170606603, 0.1249999999999999445 ) ) ;
#179 = ORIENTED_EDGE ( 'NONE', *, *, #257, .T. ) ;
#180 = CARTESIAN_POINT ( 'NONE',  ( -6.057017705611696279, -6.280298008170606572, 1.250000000000000000 ) ) ;
#181 = DIRECTION ( 'NONE',  ( -1.000000000000000000, 0.000000000000000000, 0.000000000000000000 ) ) ;
#182 = ADVANCED_FACE ( 'NONE', ( #499 ), #265, .T. ) ;
#183 = ORIENTED_EDGE ( 'NONE', *, *, #1228, .T. ) ;
#184 = AXIS2_PLACEMENT_3D ( 'NONE', #1267, #1384, #350 ) ;
#185 = DIRECTION ( 'NONE',  ( 0.000000000000000000, -0.000000000000000000, -1.000000000000000000 ) ) ;
#186 = CIRCLE ( 'NONE', #1343, 0.9999999999999995559 ) ;
#187 = ORIENTED_EDGE ( 'NONE', *, *, #831, .T. ) ;
#188 = DIRECTION ( 'NONE',  ( 1.000000000000000000, 0.000000000000000000, 0.000000000000000000 ) ) ;
#189 = AXIS2_PLACEMENT_3D ( 'NONE', #43, #1187, #1088 ) ;
#190 = EDGE_CURVE ( 'NONE', #570, #323, #971, .T. ) ;
#191 = AXIS2_PLACEMENT_3D ( 'NONE', #1368, #804, #1148 ) ;
#192 = EDGE_LOOP ( 'NONE', ( #1313, #600, #1286, #738 ) ) ;
#193 = DIRECTION ( 'NONE',  ( -0.000000000000000000, 0.000000000000000000, 1.000000000000000000 ) ) ;
#194 = EDGE_LOOP ( 'NONE', ( #1170, #1315, #1364, #817, #695 ) ) ;
#195 = CYLINDRICAL_SURFACE ( 'NONE', #216, 0.6350000000000001199 ) ;
#196 = EDGE_CURVE ( 'NONE', #211, #1453, #1325, .T. ) ;
#197 = DIRECTION ( 'NONE',  ( 1.224646799147353207E-16, 1.000000000000000000, 0.000000000000000000 ) ) ;
#198 = EDGE_CURVE ( 'NONE', #432, #402, #465, .T. ) ;
#199 = VERTEX_POINT ( 'NONE', #401 ) ;
#200 = DIRECTION ( 'NONE',  ( 1.000000000000000000, 0.000000000000000000, 0.000000000000000000 ) ) ;
#201 = VERTEX_POINT ( 'NONE', #1205 ) ;
#202 = DIRECTION ( 'NONE',  ( 1.000000000000000000, 0.000000000000000000, 0.000000000000000000 ) ) ;
#203 = DIRECTION ( 'NONE',  ( -0.000000000000000000, -0.000000000000000000, -1.000000000000000000 ) ) ;
#204 = ORIENTED_EDGE ( 'NONE', *, *, #1198, .T. ) ;
#205 = DIRECTION ( 'NONE',  ( 0.000000000000000000, -0.000000000000000000, -1.000000000000000000 ) ) ;
#206 = TOROIDAL_SURFACE ( 'NONE', #916, 0.7500000000000008882, 0.1250000000000000000 ) ;
#207 = EDGE_CURVE ( 'NONE', #811, #548, #535, .T. ) ;
#208 = ORIENTED_EDGE ( 'NONE', *, *, #963, .F. ) ;
#209 = CARTESIAN_POINT ( 'NONE',  ( -3.599284268449527868, -11.12938956993328965, 1.250000000000000000 ) ) ;
#210 = CIRCLE ( 'NONE', #512, 0.06250000000000000000 ) ;
#211 = VERTEX_POINT ( 'NONE', #1412 ) ;
#212 = DIRECTION ( 'NONE',  ( -0.000000000000000000, 0.000000000000000000, 1.000000000000000000 ) ) ;
#213 = AXIS2_PLACEMENT_3D ( 'NONE', #860, #987, #31 ) ;
#214 = CIRCLE ( 'NONE', #1399, 0.6250000000000005551 ) ;
#215 = ORIENTED_EDGE ( 'NONE', *, *, #1304, .T. ) ;
#216 = AXIS2_PLACEMENT_3D ( 'NONE', #1213, #673, #1129 ) ;
#217 = TOROIDAL_SURFACE ( 'NONE', #143, 14.87500000000000178, 0.1250000000000000000 ) ;
#218 = DIRECTION ( 'NONE',  ( -0.000000000000000000, -0.000000000000000000, -1.000000000000000000 ) ) ;
#219 = EDGE_CURVE ( 'NONE', #286, #1146, #1160, .T. ) ;
#220 = ORIENTED_EDGE ( 'NONE', *, *, #986, .F. ) ;
#221 = CARTESIAN_POINT ( 'NONE',  ( -5.432017705611695391, -6.280298008170606572, 1.125000000000000222 ) ) ;
#222 = ADVANCED_FACE ( 'NONE', ( #1306 ), #272, .F. ) ;
#223 = CARTESIAN_POINT ( 'NONE',  ( -6.682017705611692726, -3.953504948170606603, 1.250000000000000000 ) ) ;
#224 = CARTESIAN_POINT ( 'NONE',  ( -6.404443357054651287, -8.607091066962954784, 1.250000000000000000 ) ) ;
#225 = EDGE_LOOP ( 'NONE', ( #65, #636, #1142, #508 ) ) ;
#226 = DIRECTION ( 'NONE',  ( -1.000000000000000000, 0.000000000000000000, 0.000000000000000000 ) ) ;
#227 = ORIENTED_EDGE ( 'NONE', *, *, #1411, .F. ) ;
#228 = DIRECTION ( 'NONE',  ( -1.000000000000000000, 0.000000000000000000, 0.000000000000000000 ) ) ;
#229 = DIRECTION ( 'NONE',  ( 1.000000000000000000, 0.000000000000000000, 0.000000000000000000 ) ) ;
#230 = ADVANCED_FACE ( 'NONE', ( #1230 ), #12, .T. ) ;
#231 = CARTESIAN_POINT ( 'NONE',  ( -5.307017705611695391, -6.280298008170606572, 0.1249999999999999445 ) ) ;
#232 = ORIENTED_EDGE ( 'NONE', *, *, #500, .T. ) ;
#233 = CARTESIAN_POINT ( 'NONE',  ( -6.279443357054651287, -8.607091066962954784, 0.1249999999999999445 ) ) ;
#234 = ORIENTED_EDGE ( 'NONE', *, *, #1181, .T. ) ;
#235 = AXIS2_PLACEMENT_3D ( 'NONE', #713, #1168, #123 ) ;
#236 = DIRECTION ( 'NONE',  ( 1.000000000000000000, 0.000000000000000000, 0.000000000000000000 ) ) ;
#237 = AXIS2_PLACEMENT_3D ( 'NONE', #1145, #1045, #1362 ) ;
#238 = CARTESIAN_POINT ( 'NONE',  ( -5.359430918937746924, -12.07904270879537556, 1.125000000000000222 ) ) ;
#239 = EDGE_CURVE ( 'NONE', #1099, #23, #794, .T. ) ;
#240 = CIRCLE ( 'NONE', #1398, 0.8750000000000001110 ) ;
#241 = FACE_OUTER_BOUND ( 'NONE', #1246, .T. ) ;
#242 = CIRCLE ( 'NONE', #1089, 0.1249999999999997641 ) ;
#243 = CIRCLE ( 'NONE', #115, 0.7500000000000006661 ) ;
#244 = ORIENTED_EDGE ( 'NONE', *, *, #102, .T. ) ;
#245 = CARTESIAN_POINT ( 'NONE',  ( -3.709099545145751797, -11.18910225706199668, 1.250000000000000000 ) ) ;
#246 = ORIENTED_EDGE ( 'NONE', *, *, #1220, .T. ) ;
#247 = DIRECTION ( 'NONE',  ( 1.000000000000000000, 0.000000000000000000, 0.000000000000000000 ) ) ;
#248 = DIRECTION ( 'NONE',  ( 0.000000000000000000, -0.000000000000000000, -1.000000000000000000 ) ) ;
#249 =( NAMED_UNIT ( * ) PLANE_ANGLE_UNIT ( ) SI_UNIT ( $, .RADIAN. ) );
#250 = ORIENTED_EDGE ( 'NONE', *, *, #285, .F. ) ;
#251 = DIRECTION ( 'NONE',  ( 0.000000000000000000, -0.000000000000000000, -1.000000000000000000 ) ) ;
#252 = ADVANCED_FACE ( 'NONE', ( #1028 ), #660, .T. ) ;
#253 = ORIENTED_EDGE ( 'NONE', *, *, #196, .T. ) ;
#254 = CARTESIAN_POINT ( 'NONE',  ( -3.602806482019347278, -11.60709106696295656, 0.000000000000000000 ) ) ;
#255 = DIRECTION ( 'NONE',  ( 0.000000000000000000, 0.000000000000000000, -1.000000000000000000 ) ) ;
#256 = CARTESIAN_POINT ( 'NONE',  ( 6.942982294388308162, -5.396971605577291164, 1.125000000000000222 ) ) ;
#257 = EDGE_CURVE ( 'NONE', #130, #1167, #214, .T. ) ;
#258 = EDGE_LOOP ( 'NONE', ( #874, #1183, #779, #536, #1029, #848 ) ) ;
#259 = FACE_OUTER_BOUND ( 'NONE', #945, .T. ) ;
#260 = CIRCLE ( 'NONE', #634, 0.06250000000000005551 ) ;
#261 = CARTESIAN_POINT ( 'NONE',  ( 6.942982294388308162, -5.396971605577291164, 1.250000000000000000 ) ) ;
#262 = AXIS2_PLACEMENT_3D ( 'NONE', #231, #569, #678 ) ;
#263 = AXIS2_PLACEMENT_3D ( 'NONE', #1122, #421, #50 ) ;
#264 = DIRECTION ( 'NONE',  ( -0.000000000000000000, 0.000000000000000000, 1.000000000000000000 ) ) ;
#265 = TOROIDAL_SURFACE ( 'NONE', #1114, 0.9999999999999998890, 0.1250000000000000000 ) ;
#266 = CARTESIAN_POINT ( 'NONE',  ( -6.807017705611697167, -6.280298008170606572, 0.1249999999999999445 ) ) ;
#267 = EDGE_CURVE ( 'NONE', #864, #943, #1023, .T. ) ;
#268 = TOROIDAL_SURFACE ( 'NONE', #710, 0.6975000000000002309, 0.06250000000000000000 ) ;
#269 = ORIENTED_EDGE ( 'NONE', *, *, #950, .F. ) ;
#270 = DIRECTION ( 'NONE',  ( 1.000000000000000000, 0.000000000000000000, 0.000000000000000000 ) ) ;
#271 = AXIS2_PLACEMENT_3D ( 'NONE', #1056, #333, #455 ) ;
#272 = CYLINDRICAL_SURFACE ( 'NONE', #138, 0.6250000000000005551 ) ;
#273 = DIRECTION ( 'NONE',  ( 1.000000000000000000, 0.000000000000000000, 0.000000000000000000 ) ) ;
#274 = DIRECTION ( 'NONE',  ( 0.000000000000000000, 0.000000000000000000, -1.000000000000000000 ) ) ;
#275 = ORIENTED_EDGE ( 'NONE', *, *, #498, .T. ) ;
#276 = DIRECTION ( 'NONE',  ( -1.000000000000000000, 0.000000000000000000, 0.000000000000000000 ) ) ;
#277 = DIRECTION ( 'NONE',  ( 1.000000000000000000, -8.673617379884039416E-16, 0.000000000000000000 ) ) ;
#278 = EDGE_CURVE ( 'NONE', #1256, #97, #665, .T. ) ;
#279 = ORIENTED_EDGE ( 'NONE', *, *, #380, .T. ) ;
#280 = DIRECTION ( 'NONE',  ( -0.000000000000000000, -0.000000000000000000, -1.000000000000000000 ) ) ;
#281 = ORIENTED_EDGE ( 'NONE', *, *, #339, .F. ) ;
#282 = DIRECTION ( 'NONE',  ( 1.000000000000000000, 0.000000000000000000, 0.000000000000000000 ) ) ;
#283 = DIRECTION ( 'NONE',  ( 1.000000000000000000, 0.000000000000000000, 0.000000000000000000 ) ) ;
#284 = AXIS2_PLACEMENT_3D ( 'NONE', #644, #1442, #1452 ) ;
#285 = EDGE_CURVE ( 'NONE', #432, #513, #674, .T. ) ;
#286 = VERTEX_POINT ( 'NONE', #63 ) ;
#287 = CIRCLE ( 'NONE', #1131, 0.1250000000000001110 ) ;
#288 = EDGE_CURVE ( 'NONE', #405, #1127, #590, .T. ) ;
#289 = FACE_OUTER_BOUND ( 'NONE', #687, .T. ) ;
#290 = CIRCLE ( 'NONE', #1134, 0.06250000000000005551 ) ;
#291 = ORIENTED_EDGE ( 'NONE', *, *, #882, .F. ) ;
#292 = LINE ( 'NONE', #760, #685 ) ;
#293 = AXIS2_PLACEMENT_3D ( 'NONE', #893, #1360, #528 ) ;
#294 = CIRCLE ( 'NONE', #663, 0.1249999999999997641 ) ;
#295 = FACE_OUTER_BOUND ( 'NONE', #1436, .T. ) ;
#296 = ORIENTED_EDGE ( 'NONE', *, *, #1140, .F. ) ;
#297 = DIRECTION ( 'NONE',  ( -0.000000000000000000, -0.000000000000000000, -1.000000000000000000 ) ) ;
#298 = ORIENTED_EDGE ( 'NONE', *, *, #1102, .F. ) ;
#299 = CARTESIAN_POINT ( 'NONE',  ( 7.864935634838235323, -4.999768081309087897, 1.250000000000000000 ) ) ;
#300 = EDGE_CURVE ( 'NONE', #2, #610, #681, .T. ) ;
#301 = FACE_OUTER_BOUND ( 'NONE', #225, .T. ) ;
#302 = VERTEX_POINT ( 'NONE', #56 ) ;
#303 = CARTESIAN_POINT ( 'NONE',  ( -4.771966250626568318, -0.9535049481706063812, 1.187500000000000000 ) ) ;
#304 = EDGE_LOOP ( 'NONE', ( #275, #1172, #1322, #879, #291 ) ) ;
#305 = DIRECTION ( 'NONE',  ( 1.000000000000000000, 0.000000000000000000, 0.000000000000000000 ) ) ;
#306 = EDGE_CURVE ( 'NONE', #521, #1011, #757, .T. ) ;
#307 = CARTESIAN_POINT ( 'NONE',  ( -6.057017705611696279, -6.280298008170606572, 0.1249999999999999445 ) ) ;
#308 = VERTEX_POINT ( 'NONE', #773 ) ;
#309 = CIRCLE ( 'NONE', #159, 12.12500000000000000 ) ;
#310 = CARTESIAN_POINT ( 'NONE',  ( -3.780306482019347492, -11.60709106696295656, 2.710505431213761085E-17 ) ) ;
#311 = AXIS2_PLACEMENT_3D ( 'NONE', #688, #593, #1270 ) ;
#312 = EDGE_LOOP ( 'NONE', ( #1273, #148, #911, #503 ) ) ;
#313 = DIRECTION ( 'NONE',  ( 1.000000000000000000, 0.000000000000000000, 0.000000000000000000 ) ) ;
#314 = DIRECTION ( 'NONE',  ( 1.000000000000000000, 0.000000000000000000, 0.000000000000000000 ) ) ;
#315 = CIRCLE ( 'NONE', #365, 0.6250000000000005551 ) ;
#316 = ORIENTED_EDGE ( 'NONE', *, *, #1257, .T. ) ;
#317 = DIRECTION ( 'NONE',  ( -0.000000000000000000, 0.000000000000000000, 1.000000000000000000 ) ) ;
#318 = ORIENTED_EDGE ( 'NONE', *, *, #1411, .T. ) ;
#319 = CARTESIAN_POINT ( 'NONE',  ( -5.307017705611691838, -3.953504948170606603, -3.252606517456513302E-17 ) ) ;
#320 = CARTESIAN_POINT ( 'NONE',  ( -5.654443357054650399, -8.607091066962954784, 1.125000000000000222 ) ) ;
#321 = ORIENTED_EDGE ( 'NONE', *, *, #1257, .F. ) ;
#322 = CARTESIAN_POINT ( 'NONE',  ( -4.477806482019347278, -11.60709106696295656, 1.125000000000000222 ) ) ;
#323 = VERTEX_POINT ( 'NONE', #1461 ) ;
#324 = DIRECTION ( 'NONE',  ( -1.000000000000000000, 0.000000000000000000, 0.000000000000000000 ) ) ;
#325 = EDGE_LOOP ( 'NONE', ( #452, #1444, #1158, #76 ) ) ;
#326 = CARTESIAN_POINT ( 'NONE',  ( -6.807017705611692726, -3.953504948170606603, 0.1249999999999999445 ) ) ;
#327 = ORIENTED_EDGE ( 'NONE', *, *, #198, .T. ) ;
#328 = EDGE_CURVE ( 'NONE', #1456, #1024, #114, .T. ) ;
#329 = EDGE_CURVE ( 'NONE', #891, #689, #733, .T. ) ;
#330 = FACE_OUTER_BOUND ( 'NONE', #1462, .T. ) ;
#331 = CIRCLE ( 'NONE', #358, 0.1250000000000003886 ) ;
#332 = ORIENTED_EDGE ( 'NONE', *, *, #470, .T. ) ;
#333 = DIRECTION ( 'NONE',  ( -0.000000000000000000, 0.000000000000000000, 1.000000000000000000 ) ) ;
#334 = AXIS2_PLACEMENT_3D ( 'NONE', #625, #599, #734 ) ;
#335 = DIRECTION ( 'NONE',  ( -0.000000000000000000, 0.000000000000000000, 1.000000000000000000 ) ) ;
#336 = CIRCLE ( 'NONE', #1159, 0.1249999999999996947 ) ;
#337 = AXIS2_PLACEMENT_3D ( 'NONE', #1379, #481, #1268 ) ;
#338 = CARTESIAN_POINT ( 'NONE',  ( -6.041966250626568780, -0.9535049481706063812, 0.06250000000000005551 ) ) ;
#339 = EDGE_CURVE ( 'NONE', #426, #1397, #616, .T. ) ;
#340 = CIRCLE ( 'NONE', #443, 0.1249999999999996947 ) ;
#341 = CIRCLE ( 'NONE', #855, 0.8750000000000001110 ) ;
#342 = DIRECTION ( 'NONE',  ( -0.000000000000000000, 0.000000000000000000, 1.000000000000000000 ) ) ;
#343 = ORIENTED_EDGE ( 'NONE', *, *, #765, .F. ) ;
#344 = CARTESIAN_POINT ( 'NONE',  ( -4.281966250626568993, -0.9535049481706063812, 0.1249999999999999445 ) ) ;
#345 = ORIENTED_EDGE ( 'NONE', *, *, #955, .F. ) ;
#346 = DIRECTION ( 'NONE',  ( -0.000000000000000000, 0.000000000000000000, 1.000000000000000000 ) ) ;
#347 =( LENGTH_UNIT ( ) NAMED_UNIT ( * ) SI_UNIT ( .CENTI., .METRE. ) );
#348 = FACE_BOUND ( 'NONE', #672, .T. ) ;
#349 = ORIENTED_EDGE ( 'NONE', *, *, #887, .F. ) ;
#350 = DIRECTION ( 'NONE',  ( 1.000000000000000000, 0.000000000000000000, 0.000000000000000000 ) ) ;
#351 = ORIENTED_EDGE ( 'NONE', *, *, #35, .T. ) ;
#352 = EDGE_CURVE ( 'NONE', #201, #759, #1348, .T. ) ;
#353 = DIRECTION ( 'NONE',  ( 0.000000000000000000, 0.000000000000000000, -1.000000000000000000 ) ) ;
#354 = CARTESIAN_POINT ( 'NONE',  ( -5.406966250626568993, -0.9535049481706063812, 1.250000000000000000 ) ) ;
#355 = ORIENTED_EDGE ( 'NONE', *, *, #683, .F. ) ;
#356 = CARTESIAN_POINT ( 'NONE',  ( -3.599284268449527868, -11.12938956993328965, 1.125000000000000222 ) ) ;
#357 = ORIENTED_EDGE ( 'NONE', *, *, #300, .F. ) ;
#358 = AXIS2_PLACEMENT_3D ( 'NONE', #28, #742, #1430 ) ;
#359 = CARTESIAN_POINT ( 'NONE',  ( -6.057017705611696279, -6.280298008170606572, 0.000000000000000000 ) ) ;
#360 = CIRCLE ( 'NONE', #462, 0.7500000000000000000 ) ;
#361 = DIRECTION ( 'NONE',  ( 1.000000000000000000, 0.000000000000000000, 0.000000000000000000 ) ) ;
#362 = AXIS2_PLACEMENT_3D ( 'NONE', #505, #25, #283 ) ;
#363 =( LENGTH_UNIT ( ) NAMED_UNIT ( * ) SI_UNIT ( .CENTI., .METRE. ) );
#364 = AXIS2_PLACEMENT_3D ( 'NONE', #655, #1017, #995 ) ;
#365 = AXIS2_PLACEMENT_3D ( 'NONE', #546, #437, #305 ) ;
#366 = ORIENTED_EDGE ( 'NONE', *, *, #1439, .T. ) ;
#367 = CARTESIAN_POINT ( 'NONE',  ( 6.942982294388308162, -5.396971605577291164, 0.1249999999999999445 ) ) ;
#368 = ORIENTED_EDGE ( 'NONE', *, *, #1181, .F. ) ;
#369 = CARTESIAN_POINT ( 'NONE',  ( -6.483066403502093955, -0.6254295589972160840, 1.125000000000000222 ) ) ;
#370 = DIRECTION ( 'NONE',  ( 0.000000000000000000, -0.000000000000000000, -1.000000000000000000 ) ) ;
#371 = EDGE_CURVE ( 'NONE', #199, #432, #242, .T. ) ;
#372 = DIRECTION ( 'NONE',  ( -1.000000000000000000, 0.000000000000000000, 0.000000000000000000 ) ) ;
#373 = DIRECTION ( 'NONE',  ( -0.000000000000000000, -0.000000000000000000, -1.000000000000000000 ) ) ;
#374 = ORIENTED_EDGE ( 'NONE', *, *, #26, .T. ) ;
#375 = DIRECTION ( 'NONE',  ( 1.000000000000000000, 0.000000000000000000, 0.000000000000000000 ) ) ;
#376 = CYLINDRICAL_SURFACE ( 'NONE', #1182, 1.000000000000000222 ) ;
#377 = EDGE_CURVE ( 'NONE', #1366, #689, #1472, .T. ) ;
#378 = DIRECTION ( 'NONE',  ( 0.000000000000000000, 0.000000000000000000, -1.000000000000000000 ) ) ;
#379 = ADVANCED_FACE ( 'NONE', ( #301 ), #441, .T. ) ;
#380 = EDGE_CURVE ( 'NONE', #931, #864, #829, .T. ) ;
#381 = DIRECTION ( 'NONE',  ( 0.000000000000000000, -0.000000000000000000, -1.000000000000000000 ) ) ;
#382 = VERTEX_POINT ( 'NONE', #946 ) ;
#383 = FACE_OUTER_BOUND ( 'NONE', #70, .T. ) ;
#384 = AXIS2_PLACEMENT_3D ( 'NONE', #989, #1001, #1098 ) ;
#385 = DIRECTION ( 'NONE',  ( -0.000000000000000000, 0.000000000000000000, 1.000000000000000000 ) ) ;
#386 = AXIS2_PLACEMENT_3D ( 'NONE', #10, #1, #146 ) ;
#387 = DIRECTION ( 'NONE',  ( 1.000000000000000000, 0.000000000000000000, 0.000000000000000000 ) ) ;
#388 = AXIS2_PLACEMENT_3D ( 'NONE', #732, #614, #635 ) ;
#389 = DIRECTION ( 'NONE',  ( 1.000000000000000000, 0.000000000000000000, 0.000000000000000000 ) ) ;
#390 = CIRCLE ( 'NONE', #1402, 1.000000000000000222 ) ;
#391 = ORIENTED_EDGE ( 'NONE', *, *, #1035, .T. ) ;
#392 = CARTESIAN_POINT ( 'NONE',  ( -4.477806482019347278, -11.60709106696295656, 1.125000000000000222 ) ) ;
#393 = ADVANCED_FACE ( 'NONE', ( #914 ), #1326, .T. ) ;
#394 = FACE_OUTER_BOUND ( 'NONE', #554, .T. ) ;
#395 = ORIENTED_EDGE ( 'NONE', *, *, #300, .T. ) ;
#396 = CARTESIAN_POINT ( 'NONE',  ( 7.864935634838235323, -4.999768081309087897, 0.1249999999999999445 ) ) ;
#397 = CARTESIAN_POINT ( 'NONE',  ( -6.807017705611697167, -6.280298008170606572, 1.250000000000000000 ) ) ;
#398 = ORIENTED_EDGE ( 'NONE', *, *, #54, .T. ) ;
#399 = DIRECTION ( 'NONE',  ( 0.000000000000000000, -1.000000000000000000, 0.000000000000000000 ) ) ;
#400 = EDGE_CURVE ( 'NONE', #1366, #426, #698, .T. ) ;
#401 = CARTESIAN_POINT ( 'NONE',  ( -6.363499719849258440, -0.6618823800164819193, 1.250000000000000000 ) ) ;
#402 = VERTEX_POINT ( 'NONE', #1033 ) ;
#403 = SHAPE_DEFINITION_REPRESENTATION ( #1389, #1369 ) ;
#404 = DIRECTION ( 'NONE',  ( 0.000000000000000000, -1.000000000000000000, 0.000000000000000000 ) ) ;
#405 = VERTEX_POINT ( 'NONE', #684 ) ;
#406 = FACE_OUTER_BOUND ( 'NONE', #1496, .T. ) ;
#407 = DIRECTION ( 'NONE',  ( -1.000000000000000000, 0.000000000000000000, 0.000000000000000000 ) ) ;
#408 = AXIS2_PLACEMENT_3D ( 'NONE', #667, #770, #1320 ) ;
#409 = ORIENTED_EDGE ( 'NONE', *, *, #691, .T. ) ;
#410 = CIRCLE ( 'NONE', #994, 15.00000000000000178 ) ;
#411 = EDGE_CURVE ( 'NONE', #548, #811, #1068, .T. ) ;
#412 = DIRECTION ( 'NONE',  ( 1.000000000000000000, 0.000000000000000000, 0.000000000000000000 ) ) ;
#413 = CIRCLE ( 'NONE', #534, 0.6250000000000005551 ) ;
#414 = AXIS2_PLACEMENT_3D ( 'NONE', #1169, #1264, #814 ) ;
#415 = ORIENTED_EDGE ( 'NONE', *, *, #1027, .T. ) ;
#416 = LINE ( 'NONE', #83, #1378 ) ;
#417 = AXIS2_PLACEMENT_3D ( 'NONE', #1153, #706, #228 ) ;
#418 = CIRCLE ( 'NONE', #540, 0.6249999999999998890 ) ;
#419 = DIRECTION ( 'NONE',  ( -0.000000000000000000, -0.000000000000000000, -1.000000000000000000 ) ) ;
#420 = ORIENTED_EDGE ( 'NONE', *, *, #1111, .F. ) ;
#421 = DIRECTION ( 'NONE',  ( 0.000000000000000000, 0.000000000000000000, 1.000000000000000000 ) ) ;
#422 = ADVANCED_FACE ( 'NONE', ( #1041 ), #1259, .T. ) ;
#423 = ORIENTED_EDGE ( 'NONE', *, *, #328, .F. ) ;
#424 = CARTESIAN_POINT ( 'NONE',  ( -4.466017790054004344, -1.292054788734925852, 0.1249999999999999445 ) ) ;
#425 = DIRECTION ( 'NONE',  ( -1.000000000000000000, 0.000000000000000000, 0.000000000000000000 ) ) ;
#426 = VERTEX_POINT ( 'NONE', #6 ) ;
#427 = EDGE_CURVE ( 'NONE', #1094, #1190, #998, .T. ) ;
#428 = ADVANCED_FACE ( 'NONE', ( #1499 ), #1390, .F. ) ;
#429 = ORIENTED_EDGE ( 'NONE', *, *, #550, .T. ) ;
#430 = DIRECTION ( 'NONE',  ( -0.9409484605725618733, 0.3385498405643191377, 0.000000000000000000 ) ) ;
#431 = CARTESIAN_POINT ( 'NONE',  ( -3.602806482019347278, -11.60709106696295656, 1.125000000000000222 ) ) ;
#432 = VERTEX_POINT ( 'NONE', #369 ) ;
#433 = AXIS2_PLACEMENT_3D ( 'NONE', #472, #601, #1388 ) ;
#434 = LINE ( 'NONE', #59, #1227 ) ;
#435 = CIRCLE ( 'NONE', #386, 0.1249999999999999445 ) ;
#436 = VERTEX_POINT ( 'NONE', #110 ) ;
#437 = DIRECTION ( 'NONE',  ( -0.000000000000000000, 0.000000000000000000, 1.000000000000000000 ) ) ;
#438 = AXIS2_PLACEMENT_3D ( 'NONE', #261, #741, #753 ) ;
#439 = EDGE_CURVE ( 'NONE', #583, #602, #1260, .T. ) ;
#440 = DIRECTION ( 'NONE',  ( -0.000000000000000000, 0.000000000000000000, 1.000000000000000000 ) ) ;
#441 = TOROIDAL_SURFACE ( 'NONE', #493, 0.8750000000000001110, 0.1250000000000000000 ) ;
#442 = EDGE_CURVE ( 'NONE', #548, #130, #588, .T. ) ;
#443 = AXIS2_PLACEMENT_3D ( 'NONE', #723, #622, #1173 ) ;
#444 = VERTEX_POINT ( 'NONE', #1050 ) ;
#445 = CARTESIAN_POINT ( 'NONE',  ( -6.057017705611696279, -6.280298008170606572, 1.250000000000000000 ) ) ;
#446 = EDGE_LOOP ( 'NONE', ( #1383, #429 ) ) ;
#447 = CARTESIAN_POINT ( 'NONE',  ( -7.135064365161766453, -4.999768081309087897, 1.250000000000000000 ) ) ;
#448 = ORIENTED_EDGE ( 'NONE', *, *, #740, .T. ) ;
#449 = DIRECTION ( 'NONE',  ( 0.000000000000000000, 0.000000000000000000, -1.000000000000000000 ) ) ;
#450 = ADVANCED_FACE ( 'NONE', ( #1401 ), #1349, .T. ) ;
#451 = EDGE_CURVE ( 'NONE', #602, #570, #390, .T. ) ;
#452 = ORIENTED_EDGE ( 'NONE', *, *, #54, .F. ) ;
#453 = DIRECTION ( 'NONE',  ( -1.000000000000000000, 0.000000000000000000, 0.000000000000000000 ) ) ;
#454 = VERTEX_POINT ( 'NONE', #464 ) ;
#455 = DIRECTION ( 'NONE',  ( 1.000000000000000000, 0.000000000000000000, 0.000000000000000000 ) ) ;
#456 = EDGE_CURVE ( 'NONE', #454, #1215, #805, .T. ) ;
#457 = DIRECTION ( 'NONE',  ( 1.000000000000000000, 0.000000000000000000, 0.000000000000000000 ) ) ;
#458 = CARTESIAN_POINT ( 'NONE',  ( -4.477806482019347278, -11.60709106696295656, 1.250000000000000000 ) ) ;
#459 = AXIS2_PLACEMENT_3D ( 'NONE', #595, #812, #576 ) ;
#460 = EDGE_LOOP ( 'NONE', ( #715, #1218 ) ) ;
#461 = FACE_OUTER_BOUND ( 'NONE', #73, .T. ) ;
#462 = AXIS2_PLACEMENT_3D ( 'NONE', #1457, #185, #1224 ) ;
#463 = EDGE_LOOP ( 'NONE', ( #743, #766, #473, #52 ) ) ;
#464 = CARTESIAN_POINT ( 'NONE',  ( -5.307017705611695391, -6.280298008170606572, -3.252606517456513302E-17 ) ) ;
#465 = CIRCLE ( 'NONE', #41, 1.124999999999999556 ) ;
#466 = LINE ( 'NONE', #948, #828 ) ;
#467 = CIRCLE ( 'NONE', #1091, 0.6350000000000001199 ) ;
#468 = AXIS2_PLACEMENT_3D ( 'NONE', #818, #936, #1272 ) ;
#469 = CARTESIAN_POINT ( 'NONE',  ( -6.057017705611691838, -3.953504948170606603, 0.1249999999999999445 ) ) ;
#470 = EDGE_CURVE ( 'NONE', #1190, #513, #294, .T. ) ;
#471 = EDGE_LOOP ( 'NONE', ( #670, #643, #632, #220 ) ) ;
#472 = CARTESIAN_POINT ( 'NONE',  ( 7.864935634838235323, -4.999768081309087897, 1.125000000000000222 ) ) ;
#473 = ORIENTED_EDGE ( 'NONE', *, *, #207, .F. ) ;
#474 = DIRECTION ( 'NONE',  ( -0.000000000000000000, 0.000000000000000000, 1.000000000000000000 ) ) ;
#475 = CARTESIAN_POINT ( 'NONE',  ( -4.477806482019347278, -11.60709106696295656, 0.000000000000000000 ) ) ;
#476 = DIRECTION ( 'NONE',  ( 0.000000000000000000, -1.000000000000000000, 0.000000000000000000 ) ) ;
#477 = EDGE_CURVE ( 'NONE', #480, #1288, #243, .T. ) ;
#478 = ORIENTED_EDGE ( 'NONE', *, *, #745, .F. ) ;
#479 = DIRECTION ( 'NONE',  ( 1.000000000000000000, 0.000000000000000000, 0.000000000000000000 ) ) ;
#480 = VERTEX_POINT ( 'NONE', #572 ) ;
#481 = DIRECTION ( 'NONE',  ( 0.000000000000000000, -0.000000000000000000, -1.000000000000000000 ) ) ;
#482 = DIRECTION ( 'NONE',  ( -0.000000000000000000, 0.000000000000000000, 1.000000000000000000 ) ) ;
#483 = CARTESIAN_POINT ( 'NONE',  ( 7.864935634838235323, -4.999768081309087897, 1.125000000000000222 ) ) ;
#484 = ORIENTED_EDGE ( 'NONE', *, *, #239, .T. ) ;
#485 = CARTESIAN_POINT ( 'NONE',  ( -6.057017705611691838, -3.953504948170606603, 0.000000000000000000 ) ) ;
#486 = CIRCLE ( 'NONE', #727, 0.1250000000000000000 ) ;
#487 = ORIENTED_EDGE ( 'NONE', *, *, #190, .T. ) ;
#488 = AXIS2_PLACEMENT_3D ( 'NONE', #1480, #1494, #821 ) ;
#489 = CARTESIAN_POINT ( 'NONE',  ( -6.682017705611696279, -6.280298008170606572, 1.250000000000000000 ) ) ;
#490 = SURFACE_STYLE_USAGE ( .BOTH. , #1036 ) ;
#491 = AXIS2_PLACEMENT_3D ( 'NONE', #716, #346, #457 ) ;
#492 = CARTESIAN_POINT ( 'NONE',  ( -5.406966250626568993, -0.9535049481706063812, 1.250000000000000000 ) ) ;
#493 = AXIS2_PLACEMENT_3D ( 'NONE', #1005, #1455, #819 ) ;
#494 = TOROIDAL_SURFACE ( 'NONE', #1473, 0.6975000000000002309, 0.06250000000000000000 ) ;
#495 = CARTESIAN_POINT ( 'NONE',  ( -3.780306482019347492, -11.60709106696295656, 1.187500000000000000 ) ) ;
#496 = ORIENTED_EDGE ( 'NONE', *, *, #872, .F. ) ;
#497 = DIRECTION ( 'NONE',  ( -0.000000000000000000, 0.000000000000000000, 1.000000000000000000 ) ) ;
#498 = EDGE_CURVE ( 'NONE', #1099, #79, #1026, .T. ) ;
#499 = FACE_OUTER_BOUND ( 'NONE', #889, .T. ) ;
#500 = EDGE_CURVE ( 'NONE', #864, #521, #1163, .T. ) ;
#501 = CARTESIAN_POINT ( 'NONE',  ( -4.709466250626568318, -0.9535049481706063812, 2.710505431213761085E-17 ) ) ;
#502 = DIRECTION ( 'NONE',  ( -0.000000000000000000, 0.000000000000000000, 1.000000000000000000 ) ) ;
#503 = ORIENTED_EDGE ( 'NONE', *, *, #1034, .T. ) ;
#504 = DIRECTION ( 'NONE',  ( -0.000000000000000000, 0.000000000000000000, 1.000000000000000000 ) ) ;
#505 = CARTESIAN_POINT ( 'NONE',  ( -5.654443357054650399, -8.607091066962954784, 1.125000000000000222 ) ) ;
#506 = DIRECTION ( 'NONE',  ( 1.224646799147353207E-16, 1.000000000000000000, 0.000000000000000000 ) ) ;
#507 = CYLINDRICAL_SURFACE ( 'NONE', #1018, 15.00000000000000178 ) ;
#508 = ORIENTED_EDGE ( 'NONE', *, *, #451, .F. ) ;
#509 = DIRECTION ( 'NONE',  ( 1.000000000000000000, 0.000000000000000000, 0.000000000000000000 ) ) ;
#510 = CIRCLE ( 'NONE', #33, 0.6350000000000001199 ) ;
#511 = CARTESIAN_POINT ( 'NONE',  ( -5.249227864322946857, -12.02004875356632141, 0.1250000000000000000 ) ) ;
#512 = AXIS2_PLACEMENT_3D ( 'NONE', #1037, #476, #934 ) ;
#513 = VERTEX_POINT ( 'NONE', #40 ) ;
#514 = DIRECTION ( 'NONE',  ( 1.000000000000000000, 0.000000000000000000, 0.000000000000000000 ) ) ;
#515 = AXIS2_PLACEMENT_3D ( 'NONE', #326, #197, #181 ) ;
#516 = CARTESIAN_POINT ( 'NONE',  ( -6.057017705611696279, -6.280298008170606572, 1.250000000000000000 ) ) ;
#517 = ADVANCED_FACE ( 'NONE', ( #259 ), #494, .T. ) ;
#518 = AXIS2_PLACEMENT_3D ( 'NONE', #1417, #953, #276 ) ;
#519 = VERTEX_POINT ( 'NONE', #156 ) ;
#520 = FACE_OUTER_BOUND ( 'NONE', #1502, .T. ) ;
#521 = VERTEX_POINT ( 'NONE', #641 ) ;
#522 = VERTEX_POINT ( 'NONE', #968 ) ;
#523 = ADVANCED_FACE ( 'NONE', ( #1316 ), #140, .T. ) ;
#524 = ORIENTED_EDGE ( 'NONE', *, *, #550, .F. ) ;
#525 = LINE ( 'NONE', #1211, #846 ) ;
#526 = ORIENTED_EDGE ( 'NONE', *, *, #196, .F. ) ;
#527 = CARTESIAN_POINT ( 'NONE',  ( -5.112806482019347953, -11.60709106696295656, 1.187500000000000000 ) ) ;
#528 = DIRECTION ( 'NONE',  ( 1.000000000000000000, 0.000000000000000000, 0.000000000000000000 ) ) ;
#529 = CIRCLE ( 'NONE', #940, 0.1249999999999999445 ) ;
#530 = EDGE_CURVE ( 'NONE', #1288, #1347, #949, .T. ) ;
#531 = ORIENTED_EDGE ( 'NONE', *, *, #400, .T. ) ;
#532 = TOROIDAL_SURFACE ( 'NONE', #1370, 0.8750000000000001110, 0.1250000000000000000 ) ;
#533 = CARTESIAN_POINT ( 'NONE',  ( -6.057017705611696279, -6.280298008170606572, 0.1249999999999999445 ) ) ;
#534 = AXIS2_PLACEMENT_3D ( 'NONE', #724, #370, #598 ) ;
#535 = CIRCLE ( 'NONE', #803, 0.6250000000000005551 ) ;
#536 = ORIENTED_EDGE ( 'NONE', *, *, #955, .T. ) ;
#537 = FACE_BOUND ( 'NONE', #460, .T. ) ;
#538 = CIRCLE ( 'NONE', #64, 0.6250000000000005551 ) ;
#539 = ADVANCED_FACE ( 'NONE', ( #383 ), #268, .T. ) ;
#540 = AXIS2_PLACEMENT_3D ( 'NONE', #98, #912, #1262 ) ;
#541 = DIRECTION ( 'NONE',  ( -0.000000000000000000, 0.000000000000000000, 1.000000000000000000 ) ) ;
#542 = EDGE_CURVE ( 'NONE', #444, #382, #467, .T. ) ;
#543 = ORIENTED_EDGE ( 'NONE', *, *, #1248, .T. ) ;
#544 = DIRECTION ( 'NONE',  ( 0.000000000000000000, 0.000000000000000000, -1.000000000000000000 ) ) ;
#545 = ORIENTED_EDGE ( 'NONE', *, *, #1329, .T. ) ;
#546 = CARTESIAN_POINT ( 'NONE',  ( -5.654443357054650399, -8.607091066962954784, 1.125000000000000222 ) ) ;
#547 = DIRECTION ( 'NONE',  ( 1.000000000000000000, 0.000000000000000000, 0.000000000000000000 ) ) ;
#548 = VERTEX_POINT ( 'NONE', #842 ) ;
#549 = FACE_BOUND ( 'NONE', #835, .T. ) ;
#550 = EDGE_CURVE ( 'NONE', #1215, #454, #1234, .T. ) ;
#551 = ORIENTED_EDGE ( 'NONE', *, *, #1493, .T. ) ;
#552 = DIRECTION ( 'NONE',  ( -0.000000000000000000, 0.000000000000000000, 1.000000000000000000 ) ) ;
#553 = DIRECTION ( 'NONE',  ( 0.000000000000000000, -1.000000000000000000, 0.000000000000000000 ) ) ;
#554 = EDGE_LOOP ( 'NONE', ( #269, #232, #861, #841, #1232, #640 ) ) ;
#555 = VECTOR ( 'NONE', #373, 100.0000000000000000 ) ;
#556 = TOROIDAL_SURFACE ( 'NONE', #235, 0.7500000000000008882, 0.1250000000000000000 ) ;
#557 = DIRECTION ( 'NONE',  ( -0.000000000000000000, 0.000000000000000000, 1.000000000000000000 ) ) ;
#558 = AXIS2_PLACEMENT_3D ( 'NONE', #445, #205, #1135 ) ;
#559 = ORIENTED_EDGE ( 'NONE', *, *, #1220, .F. ) ;
#560 = TOROIDAL_SURFACE ( 'NONE', #586, 0.6975000000000000089, 0.06250000000000000000 ) ;
#561 = CARTESIAN_POINT ( 'NONE',  ( -7.135064365161766453, -4.999768081309087897, 0.1249999999999999445 ) ) ;
#562 = EDGE_CURVE ( 'NONE', #97, #921, #1305, .T. ) ;
#563 = CIRCLE ( 'NONE', #362, 0.6250000000000005551 ) ;
#564 = EDGE_LOOP ( 'NONE', ( #409, #1266, #122, #621 ) ) ;
#565 = DIRECTION ( 'NONE',  ( 1.000000000000000000, 0.000000000000000000, 0.000000000000000000 ) ) ;
#566 = AXIS2_PLACEMENT_3D ( 'NONE', #1418, #385, #851 ) ;
#567 = CIRCLE ( 'NONE', #974, 0.1250000000000000000 ) ;
#568 = ORIENTED_EDGE ( 'NONE', *, *, #306, .T. ) ;
#569 = DIRECTION ( 'NONE',  ( 0.000000000000000000, -1.000000000000000000, 0.000000000000000000 ) ) ;
#570 = VERTEX_POINT ( 'NONE', #1289 ) ;
#571 = DIRECTION ( 'NONE',  ( 1.000000000000000000, 0.000000000000000000, 0.000000000000000000 ) ) ;
#572 = CARTESIAN_POINT ( 'NONE',  ( -4.904443357054649510, -8.607091066962954784, 1.250000000000000000 ) ) ;
#573 = VERTEX_POINT ( 'NONE', #739 ) ;
#574 = CARTESIAN_POINT ( 'NONE',  ( -4.466017790054005232, -1.292054788734925630, 0.000000000000000000 ) ) ;
#575 = ORIENTED_EDGE ( 'NONE', *, *, #207, .T. ) ;
#576 = DIRECTION ( 'NONE',  ( 1.000000000000000000, 0.000000000000000000, 0.000000000000000000 ) ) ;
#577 = ORIENTED_EDGE ( 'NONE', *, *, #219, .T. ) ;
#578 = DIRECTION ( 'NONE',  ( 0.000000000000000000, -0.000000000000000000, -1.000000000000000000 ) ) ;
#579 = CARTESIAN_POINT ( 'NONE',  ( -4.466017790054005232, -1.292054788734925630, 1.250000000000000000 ) ) ;
#580 = ADVANCED_FACE ( 'NONE', ( #47 ), #832, .T. ) ;
#581 = CARTESIAN_POINT ( 'NONE',  ( -5.175306482019347953, -11.60709106696295656, 1.250000000000000000 ) ) ;
#582 = AXIS2_PLACEMENT_3D ( 'NONE', #884, #1092, #412 ) ;
#583 = VERTEX_POINT ( 'NONE', #254 ) ;
#584 = CYLINDRICAL_SURFACE ( 'NONE', #1451, 15.00000000000000178 ) ;
#585 = AXIS2_PLACEMENT_3D ( 'NONE', #1176, #1083, #1420 ) ;
#586 = AXIS2_PLACEMENT_3D ( 'NONE', #1165, #956, #273 ) ;
#587 = ORIENTED_EDGE ( 'NONE', *, *, #339, .T. ) ;
#588 = LINE ( 'NONE', #489, #1210 ) ;
#589 = AXIS2_PLACEMENT_3D ( 'NONE', #1285, #1062, #8 ) ;
#590 = CIRCLE ( 'NONE', #637, 0.6975000000000002309 ) ;
#591 = SURFACE_STYLE_FILL_AREA ( #134 ) ;
#592 = EDGE_CURVE ( 'NONE', #522, #2, #340, .T. ) ;
#593 = DIRECTION ( 'NONE',  ( -0.000000000000000000, 0.000000000000000000, 1.000000000000000000 ) ) ;
#594 = ORIENTED_EDGE ( 'NONE', *, *, #400, .F. ) ;
#595 = CARTESIAN_POINT ( 'NONE',  ( -4.477806482019347278, -11.60709106696295656, 0.06250000000000005551 ) ) ;
#596 = VERTEX_POINT ( 'NONE', #131 ) ;
#597 = DIRECTION ( 'NONE',  ( 1.000000000000000000, 0.000000000000000000, 0.000000000000000000 ) ) ;
#598 = DIRECTION ( 'NONE',  ( 1.000000000000000000, 0.000000000000000000, 0.000000000000000000 ) ) ;
#599 = DIRECTION ( 'NONE',  ( 0.000000000000000000, -0.000000000000000000, -1.000000000000000000 ) ) ;
#600 = ORIENTED_EDGE ( 'NONE', *, *, #562, .F. ) ;
#601 = DIRECTION ( 'NONE',  ( -0.000000000000000000, 0.000000000000000000, 1.000000000000000000 ) ) ;
#602 = VERTEX_POINT ( 'NONE', #1410 ) ;
#603 = DIRECTION ( 'NONE',  ( -0.000000000000000000, 0.000000000000000000, 1.000000000000000000 ) ) ;
#604 = DIRECTION ( 'NONE',  ( 1.000000000000000000, 0.000000000000000000, 0.000000000000000000 ) ) ;
#605 = DIRECTION ( 'NONE',  ( 1.000000000000000000, 0.000000000000000000, 0.000000000000000000 ) ) ;
#606 = ORIENTED_EDGE ( 'NONE', *, *, #278, .F. ) ;
#607 = DIRECTION ( 'NONE',  ( -0.000000000000000000, 0.000000000000000000, 1.000000000000000000 ) ) ;
#608 = TOROIDAL_SURFACE ( 'NONE', #822, 12.12500000000000000, 0.1250000000000000000 ) ;
#609 = ADVANCED_FACE ( 'NONE', ( #730 ), #850, .T. ) ;
#610 = VERTEX_POINT ( 'NONE', #1191 ) ;
#611 = AXIS2_PLACEMENT_3D ( 'NONE', #120, #34, #514 ) ;
#612 = EDGE_CURVE ( 'NONE', #705, #895, #567, .T. ) ;
#613 = DIRECTION ( 'NONE',  ( 1.000000000000000000, 4.163336342344336238E-15, 0.000000000000000000 ) ) ;
#614 = DIRECTION ( 'NONE',  ( 0.000000000000000000, -0.000000000000000000, -1.000000000000000000 ) ) ;
#615 = AXIS2_PLACEMENT_3D ( 'NONE', #1438, #157, #866 ) ;
#616 = CIRCLE ( 'NONE', #515, 0.1250000000000001110 ) ;
#617 = DIRECTION ( 'NONE',  ( 1.224646799147353207E-16, 1.000000000000000000, 0.000000000000000000 ) ) ;
#618 = AXIS2_PLACEMENT_3D ( 'NONE', #977, #504, #1296 ) ;
#619 = VECTOR ( 'NONE', #1152, 100.0000000000000000 ) ;
#620 = FACE_OUTER_BOUND ( 'NONE', #1338, .T. ) ;
#621 = ORIENTED_EDGE ( 'NONE', *, *, #1228, .F. ) ;
#622 = DIRECTION ( 'NONE',  ( 0.4719516418324254947, -0.8816244369183956486, 0.000000000000000000 ) ) ;
#623 = DIRECTION ( 'NONE',  ( -0.000000000000000000, 0.000000000000000000, 1.000000000000000000 ) ) ;
#624 = EDGE_CURVE ( 'NONE', #1024, #1146, #1115, .T. ) ;
#625 = CARTESIAN_POINT ( 'NONE',  ( -4.477806482019347278, -11.60709106696295656, 0.06250000000000005551 ) ) ;
#626 = CARTESIAN_POINT ( 'NONE',  ( -3.602806482019347278, -11.60709106696295656, 1.250000000000000000 ) ) ;
#627 = EDGE_LOOP ( 'NONE', ( #32, #568, #1301, #1236 ) ) ;
#628 = DIRECTION ( 'NONE',  ( 0.000000000000000000, 0.000000000000000000, -1.000000000000000000 ) ) ;
#629 = CYLINDRICAL_SURFACE ( 'NONE', #213, 0.6350000000000001199 ) ;
#630 = CARTESIAN_POINT ( 'NONE',  ( -6.404443357054651287, -8.607091066962954784, -3.252606517456513302E-17 ) ) ;
#631 = CARTESIAN_POINT ( 'NONE',  ( -5.249227864322946857, -12.02004875356632141, 0.000000000000000000 ) ) ;
#632 = ORIENTED_EDGE ( 'NONE', *, *, #352, .F. ) ;
#633 = CARTESIAN_POINT ( 'NONE',  ( -5.406966250626568993, -0.9535049481706063812, 1.187500000000000000 ) ) ;
#634 = AXIS2_PLACEMENT_3D ( 'NONE', #495, #1314, #1422 ) ;
#635 = DIRECTION ( 'NONE',  ( 1.000000000000000000, 2.659909329831104080E-15, 0.000000000000000000 ) ) ;
#636 = ORIENTED_EDGE ( 'NONE', *, *, #5, .F. ) ;
#637 = AXIS2_PLACEMENT_3D ( 'NONE', #1333, #541, #547 ) ;
#638 = DIRECTION ( 'NONE',  ( 1.000000000000000000, 0.000000000000000000, 0.000000000000000000 ) ) ;
#639 = AXIS2_PLACEMENT_3D ( 'NONE', #1081, #1204, #1302 ) ;
#640 = ORIENTED_EDGE ( 'NONE', *, *, #451, .T. ) ;
#641 = CARTESIAN_POINT ( 'NONE',  ( -3.477806482019347278, -11.60709106696295656, 1.125000000000000222 ) ) ;
#642 = DIRECTION ( 'NONE',  ( -1.000000000000000000, 0.000000000000000000, 0.000000000000000000 ) ) ;
#643 = ORIENTED_EDGE ( 'NONE', *, *, #783, .T. ) ;
#644 = CARTESIAN_POINT ( 'NONE',  ( -6.057017705611691838, -3.953504948170606603, 0.1249999999999999445 ) ) ;
#645 = ORIENTED_EDGE ( 'NONE', *, *, #198, .F. ) ;
#646 = FACE_BOUND ( 'NONE', #1335, .T. ) ;
#647 = EDGE_CURVE ( 'NONE', #1127, #405, #1284, .T. ) ;
#648 = DIRECTION ( 'NONE',  ( -0.000000000000000000, -0.000000000000000000, -1.000000000000000000 ) ) ;
#649 = ORIENTED_EDGE ( 'NONE', *, *, #1460, .T. ) ;
#650 = CARTESIAN_POINT ( 'NONE',  ( -6.807017705611697167, -6.280298008170606572, -3.252606517456513302E-17 ) ) ;
#651 = ORIENTED_EDGE ( 'NONE', *, *, #847, .F. ) ;
#652 = CARTESIAN_POINT ( 'NONE',  ( -4.477806482019347278, -11.60709106696295656, 1.187500000000000000 ) ) ;
#653 = EDGE_CURVE ( 'NONE', #521, #2, #1426, .T. ) ;
#654 = EDGE_CURVE ( 'NONE', #23, #1340, #781, .T. ) ;
#655 = CARTESIAN_POINT ( 'NONE',  ( -4.477806482019347278, -11.60709106696295656, 1.187500000000000000 ) ) ;
#656 = TOROIDAL_SURFACE ( 'NONE', #751, 0.7500000000000008882, 0.1250000000000000000 ) ;
#657 = EDGE_LOOP ( 'NONE', ( #966, #61, #100, #478 ) ) ;
#658 = VECTOR ( 'NONE', #659, 100.0000000000000000 ) ;
#659 = DIRECTION ( 'NONE',  ( -0.000000000000000000, -0.000000000000000000, -1.000000000000000000 ) ) ;
#660 = TOROIDAL_SURFACE ( 'NONE', #87, 0.7500000000000008882, 0.1250000000000000000 ) ;
#661 = ORIENTED_EDGE ( 'NONE', *, *, #919, .F. ) ;
#662 = DIRECTION ( 'NONE',  ( -0.000000000000000000, 0.000000000000000000, 1.000000000000000000 ) ) ;
#663 = AXIS2_PLACEMENT_3D ( 'NONE', #1057, #692, #924 ) ;
#664 = AXIS2_PLACEMENT_3D ( 'NONE', #1365, #696, #479 ) ;
#665 = LINE ( 'NONE', #1477, #1233 ) ;
#666 = ORIENTED_EDGE ( 'NONE', *, *, #144, .T. ) ;
#667 = CARTESIAN_POINT ( 'NONE',  ( -5.406966250626568993, -0.9535049481706063812, 1.250000000000000000 ) ) ;
#668 = EDGE_LOOP ( 'NONE', ( #1209, #351, #1334, #594 ) ) ;
#669 = CARTESIAN_POINT ( 'NONE',  ( -6.363499719849258440, -0.6618823800164819193, 1.125000000000000222 ) ) ;
#670 = ORIENTED_EDGE ( 'NONE', *, *, #1248, .F. ) ;
#671 = CARTESIAN_POINT ( 'NONE',  ( -5.654443357054650399, -8.607091066962954784, 0.000000000000000000 ) ) ;
#672 = EDGE_LOOP ( 'NONE', ( #108, #1252 ) ) ;
#673 = DIRECTION ( 'NONE',  ( -0.000000000000000000, -0.000000000000000000, -1.000000000000000000 ) ) ;
#674 = LINE ( 'NONE', #72, #1281 ) ;
#675 = ORIENTED_EDGE ( 'NONE', *, *, #377, .F. ) ;
#676 = CIRCLE ( 'NONE', #1297, 15.00000000000000178 ) ;
#677 = AXIS2_PLACEMENT_3D ( 'NONE', #890, #193, #1123 ) ;
#678 = DIRECTION ( 'NONE',  ( 0.000000000000000000, 0.000000000000000000, -1.000000000000000000 ) ) ;
#679 = ORIENTED_EDGE ( 'NONE', *, *, #718, .T. ) ;
#680 = DIRECTION ( 'NONE',  ( -0.000000000000000000, -0.000000000000000000, -1.000000000000000000 ) ) ;
#681 = CIRCLE ( 'NONE', #778, 15.00000000000000178 ) ;
#682 = ORIENTED_EDGE ( 'NONE', *, *, #411, .F. ) ;
#683 = EDGE_CURVE ( 'NONE', #1146, #286, #167, .T. ) ;
#684 = CARTESIAN_POINT ( 'NONE',  ( -5.175306482019347953, -11.60709106696295656, 2.710505431213761085E-17 ) ) ;
#685 = VECTOR ( 'NONE', #1016, 100.0000000000000000 ) ;
#686 = AXIS2_PLACEMENT_3D ( 'NONE', #299, #662, #202 ) ;
#687 = EDGE_LOOP ( 'NONE', ( #903, #415, #1243, #1416 ) ) ;
#688 = CARTESIAN_POINT ( 'NONE',  ( -5.406966250626568993, -0.9535049481706063812, 1.125000000000000222 ) ) ;
#689 = VERTEX_POINT ( 'NONE', #62 ) ;
#690 = FACE_OUTER_BOUND ( 'NONE', #192, .T. ) ;
#691 = EDGE_CURVE ( 'NONE', #1347, #1256, #315, .T. ) ;
#692 = DIRECTION ( 'NONE',  ( 0.2916225681541254611, 0.9565334692226886704, 0.000000000000000000 ) ) ;
#693 =( NAMED_UNIT ( * ) PLANE_ANGLE_UNIT ( ) SI_UNIT ( $, .RADIAN. ) );
#694 = DIRECTION ( 'NONE',  ( 0.000000000000000000, -0.000000000000000000, -1.000000000000000000 ) ) ;
#695 = ORIENTED_EDGE ( 'NONE', *, *, #427, .F. ) ;
#696 = DIRECTION ( 'NONE',  ( -0.000000000000000000, 0.000000000000000000, 1.000000000000000000 ) ) ;
#697 = ORIENTED_EDGE ( 'NONE', *, *, #1292, .F. ) ;
#698 = LINE ( 'NONE', #223, #876 ) ;
#699 = ADVANCED_FACE ( 'NONE', ( #406, #646, #537, #77, #1237, #901 ), #1226, .T. ) ;
#700 = CARTESIAN_POINT ( 'NONE',  ( -6.057017705611691838, -3.953504948170606603, 0.1249999999999999445 ) ) ;
#701 = DIRECTION ( 'NONE',  ( 1.000000000000000000, 0.000000000000000000, 0.000000000000000000 ) ) ;
#702 = AXIS2_PLACEMENT_3D ( 'NONE', #3, #1179, #274 ) ;
#703 = ORIENTED_EDGE ( 'NONE', *, *, #612, .F. ) ;
#704 = CIRCLE ( 'NONE', #558, 0.7500000000000006661 ) ;
#705 = VERTEX_POINT ( 'NONE', #886 ) ;
#706 = DIRECTION ( 'NONE',  ( -0.000000000000000000, -0.000000000000000000, -1.000000000000000000 ) ) ;
#707 = AXIS2_PLACEMENT_3D ( 'NONE', #1164, #104, #604 ) ;
#708 = AXIS2_PLACEMENT_3D ( 'NONE', #431, #553, #449 ) ;
#709 = CARTESIAN_POINT ( 'NONE',  ( -4.348399232482435650, -1.334373518805465064, 0.1249999999999999445 ) ) ;
#710 = AXIS2_PLACEMENT_3D ( 'NONE', #633, #1437, #375 ) ;
#711 = EDGE_CURVE ( 'NONE', #199, #522, #1186, .T. ) ;
#712 = EDGE_LOOP ( 'NONE', ( #395, #1449, #391, #343 ) ) ;
#713 = CARTESIAN_POINT ( 'NONE',  ( -5.654443357054650399, -8.607091066962954784, 0.1249999999999999445 ) ) ;
#714 = APPLICATION_CONTEXT ( 'automotive_design' ) ;
#715 = ORIENTED_EDGE ( 'NONE', *, *, #477, .T. ) ;
#716 = CARTESIAN_POINT ( 'NONE',  ( -4.477806482019347278, -11.60709106696295656, 0.1249999999999999445 ) ) ;
#717 = FACE_OUTER_BOUND ( 'NONE', #1355, .T. ) ;
#718 = EDGE_CURVE ( 'NONE', #201, #444, #292, .T. ) ;
#719 = ADVANCED_FACE ( 'NONE', ( #1004 ), #195, .F. ) ;
#720 = ORIENTED_EDGE ( 'NONE', *, *, #763, .T. ) ;
#721 = DIRECTION ( 'NONE',  ( -0.000000000000000000, 0.000000000000000000, 1.000000000000000000 ) ) ;
#722 = EDGE_LOOP ( 'NONE', ( #118, #551, #526, #1327 ) ) ;
#723 = CARTESIAN_POINT ( 'NONE',  ( -5.249227864322950410, -12.02004875356632319, 1.125000000000000222 ) ) ;
#724 = CARTESIAN_POINT ( 'NONE',  ( -5.654443357054650399, -8.607091066962954784, 0.1249999999999999445 ) ) ;
#725 = CARTESIAN_POINT ( 'NONE',  ( -4.477806482019347278, -11.60709106696295656, 1.125000000000000222 ) ) ;
#726 = DIRECTION ( 'NONE',  ( -1.000000000000000000, 0.000000000000000000, 0.000000000000000000 ) ) ;
#727 = AXIS2_PLACEMENT_3D ( 'NONE', #178, #171, #67 ) ;
#728 = ORIENTED_EDGE ( 'NONE', *, *, #442, .T. ) ;
#729 = CIRCLE ( 'NONE', #60, 1.000000000000000222 ) ;
#730 = FACE_OUTER_BOUND ( 'NONE', #907, .T. ) ;
#731 = ADVANCED_FACE ( 'NONE', ( #1332 ), #1125, .F. ) ;
#732 = CARTESIAN_POINT ( 'NONE',  ( 6.942982294388308162, -5.396971605577291164, 0.1249999999999999445 ) ) ;
#733 = CIRCLE ( 'NONE', #1208, 0.1249999999999999445 ) ;
#734 = DIRECTION ( 'NONE',  ( 1.000000000000000000, 0.000000000000000000, 0.000000000000000000 ) ) ;
#735 = AXIS2_PLACEMENT_3D ( 'NONE', #1095, #959, #270 ) ;
#736 = CIRCLE ( 'NONE', #271, 0.8750000000000001110 ) ;
#737 = CYLINDRICAL_SURFACE ( 'NONE', #81, 0.6250000000000005551 ) ;
#738 = ORIENTED_EDGE ( 'NONE', *, *, #1247, .F. ) ;
#739 = CARTESIAN_POINT ( 'NONE',  ( -5.432017705611691838, -3.953504948170606603, 0.1249999999999999445 ) ) ;
#740 = EDGE_CURVE ( 'NONE', #1167, #130, #538, .T. ) ;
#741 = DIRECTION ( 'NONE',  ( 0.000000000000000000, -0.000000000000000000, -1.000000000000000000 ) ) ;
#742 = DIRECTION ( 'NONE',  ( -0.4777014970296685759, 0.8785222135698185220, -2.651776004501220801E-15 ) ) ;
#743 = ORIENTED_EDGE ( 'NONE', *, *, #1392, .F. ) ;
#744 = DIRECTION ( 'NONE',  ( 1.000000000000000000, 0.000000000000000000, 0.000000000000000000 ) ) ;
#745 = EDGE_CURVE ( 'NONE', #759, #201, #925, .T. ) ;
#746 = CARTESIAN_POINT ( 'NONE',  ( -5.406966250626568993, -0.9535049481706063812, 0.1249999999999999445 ) ) ;
#747 = VERTEX_POINT ( 'NONE', #71 ) ;
#748 = CARTESIAN_POINT ( 'NONE',  ( -5.406966250626568993, -0.9535049481706063812, 0.000000000000000000 ) ) ;
#749 = ORIENTED_EDGE ( 'NONE', *, *, #840, .F. ) ;
#750 = DIRECTION ( 'NONE',  ( 0.000000000000000000, -0.000000000000000000, -1.000000000000000000 ) ) ;
#751 = AXIS2_PLACEMENT_3D ( 'NONE', #533, #317, #1242 ) ;
#752 = AXIS2_PLACEMENT_3D ( 'NONE', #483, #1413, #941 ) ;
#753 = DIRECTION ( 'NONE',  ( 1.000000000000000000, 0.000000000000000000, 0.000000000000000000 ) ) ;
#754 = VECTOR ( 'NONE', #218, 100.0000000000000000 ) ;
#755 = ORIENTED_EDGE ( 'NONE', *, *, #190, .F. ) ;
#756 = TOROIDAL_SURFACE ( 'NONE', #1112, 0.7500000000000001110, 0.1250000000000000000 ) ;
#757 = CIRCLE ( 'NONE', #708, 0.1249999999999999445 ) ;
#758 = AXIS2_PLACEMENT_3D ( 'NONE', #1254, #212, #1274 ) ;
#759 = VERTEX_POINT ( 'NONE', #527 ) ;
#760 = CARTESIAN_POINT ( 'NONE',  ( -3.842806482019347492, -11.60709106696295656, 1.250000000000000000 ) ) ;
#761 = CYLINDRICAL_SURFACE ( 'NONE', #615, 0.6250000000000005551 ) ;
#762 = VERTEX_POINT ( 'NONE', #319 ) ;
#763 = EDGE_CURVE ( 'NONE', #522, #1011, #341, .T. ) ;
#764 = DIRECTION ( 'NONE',  ( -0.000000000000000000, 0.000000000000000000, 1.000000000000000000 ) ) ;
#765 = EDGE_CURVE ( 'NONE', #2, #869, #416, .T. ) ;
#766 = ORIENTED_EDGE ( 'NONE', *, *, #1405, .T. ) ;
#767 = DIRECTION ( 'NONE',  ( 1.000000000000000000, 0.000000000000000000, 0.000000000000000000 ) ) ;
#768 = CARTESIAN_POINT ( 'NONE',  ( -6.057017705611691838, -3.953504948170606603, 1.125000000000000222 ) ) ;
#769 = ORIENTED_EDGE ( 'NONE', *, *, #847, .T. ) ;
#770 = DIRECTION ( 'NONE',  ( 0.000000000000000000, -0.000000000000000000, -1.000000000000000000 ) ) ;
#771 = ORIENTED_EDGE ( 'NONE', *, *, #691, .F. ) ;
#772 = DIRECTION ( 'NONE',  ( -0.000000000000000000, 0.000000000000000000, 1.000000000000000000 ) ) ;
#773 = CARTESIAN_POINT ( 'NONE',  ( -6.104466250626568780, -0.9535049481706063812, 2.710505431213761085E-17 ) ) ;
#774 = CIRCLE ( 'NONE', #1199, 0.7500000000000000000 ) ;
#775 = ORIENTED_EDGE ( 'NONE', *, *, #371, .F. ) ;
#776 = AXIS2_PLACEMENT_3D ( 'NONE', #27, #617, #1073 ) ;
#777 = CARTESIAN_POINT ( 'NONE',  ( -4.348399232482435650, -1.334373518805465064, 1.125000000000000222 ) ) ;
#778 = AXIS2_PLACEMENT_3D ( 'NONE', #1337, #175, #1010 ) ;
#779 = ORIENTED_EDGE ( 'NONE', *, *, #99, .T. ) ;
#780 = CARTESIAN_POINT ( 'NONE',  ( -4.477806482019347278, -11.60709106696295656, 1.250000000000000000 ) ) ;
#781 = CIRCLE ( 'NONE', #1000, 0.1249999999999998057 ) ;
#782 = CARTESIAN_POINT ( 'NONE',  ( -3.709099545145752685, -11.18910225706199668, 1.125000000000000222 ) ) ;
#783 = EDGE_CURVE ( 'NONE', #1309, #759, #878, .T. ) ;
#784 = EDGE_LOOP ( 'NONE', ( #349, #1271, #900, #958 ) ) ;
#785 = CARTESIAN_POINT ( 'NONE',  ( -4.406966250626568993, -0.9535049481706063812, 1.125000000000000222 ) ) ;
#786 = ORIENTED_EDGE ( 'NONE', *, *, #329, .T. ) ;
#787 = CARTESIAN_POINT ( 'NONE',  ( 0.000000000000000000, 0.000000000000000000, 1.250000000000000000 ) ) ;
#788 = DIRECTION ( 'NONE',  ( -0.000000000000000000, 0.000000000000000000, 1.000000000000000000 ) ) ;
#789 = ORIENTED_EDGE ( 'NONE', *, *, #740, .F. ) ;
#790 = DIRECTION ( 'NONE',  ( -0.000000000000000000, 0.000000000000000000, 1.000000000000000000 ) ) ;
#791 = ORIENTED_EDGE ( 'NONE', *, *, #239, .F. ) ;
#792 = CARTESIAN_POINT ( 'NONE',  ( -5.307017705611691838, -3.953504948170606603, 1.250000000000000000 ) ) ;
#793 = EDGE_LOOP ( 'NONE', ( #649, #1428 ) ) ;
#794 = LINE ( 'NONE', #1101, #1303 ) ;
#795 = ORIENTED_EDGE ( 'NONE', *, *, #840, .T. ) ;
#796 = TOROIDAL_SURFACE ( 'NONE', #284, 0.7500000000000001110, 0.1250000000000000000 ) ;
#797 = CIRCLE ( 'NONE', #334, 0.6350000000000001199 ) ;
#798 = DIRECTION ( 'NONE',  ( 0.000000000000000000, -0.000000000000000000, -1.000000000000000000 ) ) ;
#799 = ADVANCED_FACE ( 'NONE', ( #1465 ), #217, .T. ) ;
#800 = VERTEX_POINT ( 'NONE', #561 ) ;
#801 = AXIS2_PLACEMENT_3D ( 'NONE', #927, #1380, #1507 ) ;
#802 = CARTESIAN_POINT ( 'NONE',  ( -5.359430918937746924, -12.07904270879537556, 0.1249999999999999445 ) ) ;
#803 = AXIS2_PLACEMENT_3D ( 'NONE', #48, #1071, #18 ) ;
#804 = DIRECTION ( 'NONE',  ( -0.3385498405643191933, -0.9409484605725619843, -1.879329139888415889E-15 ) ) ;
#805 = CIRCLE ( 'NONE', #902, 0.7500000000000006661 ) ;
#806 = TOROIDAL_SURFACE ( 'NONE', #433, 14.87500000000000178, 0.1250000000000000000 ) ;
#807 = DIRECTION ( 'NONE',  ( 1.000000000000000000, 0.000000000000000000, 0.000000000000000000 ) ) ;
#808 = EDGE_CURVE ( 'NONE', #596, #1097, #926, .T. ) ;
#809 = LINE ( 'NONE', #1265, #754 ) ;
#810 = ADVANCED_FACE ( 'NONE', ( #107 ), #906, .F. ) ;
#811 = VERTEX_POINT ( 'NONE', #221 ) ;
#812 = DIRECTION ( 'NONE',  ( -0.000000000000000000, 0.000000000000000000, 1.000000000000000000 ) ) ;
#813 = ORIENTED_EDGE ( 'NONE', *, *, #371, .T. ) ;
#814 = DIRECTION ( 'NONE',  ( 1.000000000000000000, 0.000000000000000000, 0.000000000000000000 ) ) ;
#815 = CARTESIAN_POINT ( 'NONE',  ( -6.104466250626568780, -0.9535049481706063812, 0.06250000000000005551 ) ) ;
#816 = DIRECTION ( 'NONE',  ( 1.000000000000000000, 0.000000000000000000, 0.000000000000000000 ) ) ;
#817 = ORIENTED_EDGE ( 'NONE', *, *, #470, .F. ) ;
#818 = CARTESIAN_POINT ( 'NONE',  ( -4.477806482019347278, -11.60709106696295656, 1.250000000000000000 ) ) ;
#819 = DIRECTION ( 'NONE',  ( 1.000000000000000000, 0.000000000000000000, 0.000000000000000000 ) ) ;
#820 = EDGE_CURVE ( 'NONE', #689, #1366, #1117, .T. ) ;
#821 = DIRECTION ( 'NONE',  ( 1.000000000000000000, 0.000000000000000000, 0.000000000000000000 ) ) ;
#822 = AXIS2_PLACEMENT_3D ( 'NONE', #256, #721, #389 ) ;
#823 = ORIENTED_EDGE ( 'NONE', *, *, #1275, .T. ) ;
#824 = CARTESIAN_POINT ( 'NONE',  ( -5.057017705611690950, -5.396971605577291164, 1.125000000000000222 ) ) ;
#825 = CIRCLE ( 'NONE', #488, 0.6975000000000002309 ) ;
#826 = ORIENTED_EDGE ( 'NONE', *, *, #1046, .F. ) ;
#827 = CARTESIAN_POINT ( 'NONE',  ( -5.654443357054650399, -8.607091066962954784, 1.250000000000000000 ) ) ;
#828 = VECTOR ( 'NONE', #837, 100.0000000000000000 ) ;
#829 = CIRCLE ( 'NONE', #166, 12.00000000000000000 ) ;
#830 = CARTESIAN_POINT ( 'NONE',  ( -5.029443357054649510, -8.607091066962954784, 0.1249999999999999445 ) ) ;
#831 = EDGE_CURVE ( 'NONE', #1011, #943, #736, .T. ) ;
#832 = TOROIDAL_SURFACE ( 'NONE', #618, 0.7500000000000001110, 0.1250000000000000000 ) ;
#833 = EDGE_LOOP ( 'NONE', ( #988, #46, #531, #795 ) ) ;
#834 = DIRECTION ( 'NONE',  ( -1.000000000000000000, 0.000000000000000000, 0.000000000000000000 ) ) ;
#835 = EDGE_LOOP ( 'NONE', ( #253, #997 ) ) ;
#836 = CARTESIAN_POINT ( 'NONE',  ( -5.654443357054650399, -8.607091066962954784, 0.1249999999999999445 ) ) ;
#837 = DIRECTION ( 'NONE',  ( -0.000000000000000000, -0.000000000000000000, -1.000000000000000000 ) ) ;
#838 = DIRECTION ( 'NONE',  ( -0.000000000000000000, 0.000000000000000000, 1.000000000000000000 ) ) ;
#839 = LINE ( 'NONE', #1300, #555 ) ;
#840 = EDGE_CURVE ( 'NONE', #426, #573, #418, .T. ) ;
#841 = ORIENTED_EDGE ( 'NONE', *, *, #765, .T. ) ;
#842 = CARTESIAN_POINT ( 'NONE',  ( -6.682017705611696279, -6.280298008170606572, 1.125000000000000222 ) ) ;
#843 = DIRECTION ( 'NONE',  ( -0.000000000000000000, -0.000000000000000000, -1.000000000000000000 ) ) ;
#844 = CYLINDRICAL_SURFACE ( 'NONE', #1255, 0.6350000000000001199 ) ;
#845 = FACE_OUTER_BOUND ( 'NONE', #1202, .T. ) ;
#846 = VECTOR ( 'NONE', #1104, 100.0000000000000000 ) ;
#847 = EDGE_CURVE ( 'NONE', #436, #199, #1307, .T. ) ;
#848 = ORIENTED_EDGE ( 'NONE', *, *, #55, .T. ) ;
#849 = AXIS2_PLACEMENT_3D ( 'NONE', #469, #798, #701 ) ;
#850 = CYLINDRICAL_SURFACE ( 'NONE', #639, 1.124999999999999556 ) ;
#851 = DIRECTION ( 'NONE',  ( 1.000000000000000000, 0.000000000000000000, 0.000000000000000000 ) ) ;
#852 = MECHANICAL_DESIGN_GEOMETRIC_PRESENTATION_REPRESENTATION (  '', ( #163 ), #112 ) ;
#853 = CARTESIAN_POINT ( 'NONE',  ( -4.477806482019347278, -11.60709106696295656, 0.1249999999999999445 ) ) ;
#854 = AXIS2_PLACEMENT_3D ( 'NONE', #142, #1076, #165 ) ;
#855 = AXIS2_PLACEMENT_3D ( 'NONE', #780, #1219, #174 ) ;
#856 = CARTESIAN_POINT ( 'NONE',  ( 7.864935634838235323, -4.999768081309087897, 0.1249999999999999445 ) ) ;
#857 = ADVANCED_FACE ( 'NONE', ( #1251 ), #584, .T. ) ;
#858 = EDGE_LOOP ( 'NONE', ( #15, #82, #215, #791 ) ) ;
#859 = DIRECTION ( 'NONE',  ( 0.000000000000000000, -0.000000000000000000, -1.000000000000000000 ) ) ;
#860 = CARTESIAN_POINT ( 'NONE',  ( -4.477806482019347278, -11.60709106696295656, 1.250000000000000000 ) ) ;
#861 = ORIENTED_EDGE ( 'NONE', *, *, #653, .T. ) ;
#862 = APPLICATION_PROTOCOL_DEFINITION ( 'draft international standard', 'automotive_design', 1998, #1216 ) ;
#863 = DIRECTION ( 'NONE',  ( 1.000000000000000000, 0.000000000000000000, 0.000000000000000000 ) ) ;
#864 = VERTEX_POINT ( 'NONE', #356 ) ;
#865 = DIRECTION ( 'NONE',  ( -0.000000000000000000, 0.000000000000000000, 1.000000000000000000 ) ) ;
#866 = DIRECTION ( 'NONE',  ( -1.000000000000000000, 0.000000000000000000, 0.000000000000000000 ) ) ;
#867 = ORIENTED_EDGE ( 'NONE', *, *, #1292, .T. ) ;
#868 = APPLICATION_PROTOCOL_DEFINITION ( 'draft international standard', 'automotive_design', 1998, #714 ) ;
#869 = VERTEX_POINT ( 'NONE', #802 ) ;
#870 = DIRECTION ( 'NONE',  ( 1.224646799147353207E-16, 1.000000000000000000, 0.000000000000000000 ) ) ;
#871 = DIRECTION ( 'NONE',  ( 1.000000000000000000, -1.850371707708595154E-15, 0.000000000000000000 ) ) ;
#872 = EDGE_CURVE ( 'NONE', #610, #800, #1476, .T. ) ;
#873 = TOROIDAL_SURFACE ( 'NONE', #707, 0.7500000000000008882, 0.1250000000000000000 ) ;
#874 = ORIENTED_EDGE ( 'NONE', *, *, #427, .T. ) ;
#875 = ADVANCED_FACE ( 'NONE', ( #461 ), #806, .T. ) ;
#876 = VECTOR ( 'NONE', #1283, 100.0000000000000000 ) ;
#877 = LINE ( 'NONE', #51, #658 ) ;
#878 = CIRCLE ( 'NONE', #66, 0.06250000000000005551 ) ;
#879 = ORIENTED_EDGE ( 'NONE', *, *, #380, .F. ) ;
#880 = DIRECTION ( 'NONE',  ( -1.000000000000000000, 0.000000000000000000, 0.000000000000000000 ) ) ;
#881 = DIRECTION ( 'NONE',  ( 0.4777014970296685759, -0.8785222135698185220, -2.651776004501220801E-15 ) ) ;
#882 = EDGE_CURVE ( 'NONE', #1099, #931, #1253, .T. ) ;
#883 = ORIENTED_EDGE ( 'NONE', *, *, #144, .F. ) ;
#884 = CARTESIAN_POINT ( 'NONE',  ( -4.477806482019347278, -11.60709106696295656, 1.187500000000000000 ) ) ;
#885 = ORIENTED_EDGE ( 'NONE', *, *, #177, .F. ) ;
#886 = CARTESIAN_POINT ( 'NONE',  ( -4.406966250626568105, -0.9535049481706063812, 0.000000000000000000 ) ) ;
#887 = EDGE_CURVE ( 'NONE', #382, #405, #1175, .T. ) ;
#888 = DIRECTION ( 'NONE',  ( 1.000000000000000000, 0.000000000000000000, 0.000000000000000000 ) ) ;
#889 = EDGE_LOOP ( 'NONE', ( #703, #885, #332, #913 ) ) ;
#890 = CARTESIAN_POINT ( 'NONE',  ( -6.057017705611696279, -6.280298008170606572, 1.125000000000000222 ) ) ;
#891 = VERTEX_POINT ( 'NONE', #792 ) ;
#892 = DIRECTION ( 'NONE',  ( 0.000000000000000000, -0.000000000000000000, -1.000000000000000000 ) ) ;
#893 = CARTESIAN_POINT ( 'NONE',  ( -5.406966250626568993, -0.9535049481706063812, 1.250000000000000000 ) ) ;
#894 = AXIS2_PLACEMENT_3D ( 'NONE', #367, #502, #975 ) ;
#895 = VERTEX_POINT ( 'NONE', #344 ) ;
#896 = AXIS2_PLACEMENT_3D ( 'NONE', #1435, #764, #1339 ) ;
#897 = FACE_OUTER_BOUND ( 'NONE', #90, .T. ) ;
#898 = CIRCLE ( 'NONE', #438, 12.12500000000000000 ) ;
#899 = AXIS2_PLACEMENT_3D ( 'NONE', #782, #881, #1245 ) ;
#900 = ORIENTED_EDGE ( 'NONE', *, *, #1415, .T. ) ;
#901 = FACE_BOUND ( 'NONE', #1250, .T. ) ;
#902 = AXIS2_PLACEMENT_3D ( 'NONE', #359, #335, #597 ) ;
#903 = ORIENTED_EDGE ( 'NONE', *, *, #257, .F. ) ;
#904 = CARTESIAN_POINT ( 'NONE',  ( -6.682017705611692726, -3.953504948170606603, 1.125000000000000222 ) ) ;
#905 = ORIENTED_EDGE ( 'NONE', *, *, #1304, .F. ) ;
#906 = CYLINDRICAL_SURFACE ( 'NONE', #468, 0.6350000000000001199 ) ;
#907 = EDGE_LOOP ( 'NONE', ( #250, #327, #116, #484, #1061, #952 ) ) ;
#908 = DIRECTION ( 'NONE',  ( -0.000000000000000000, -0.000000000000000000, -1.000000000000000000 ) ) ;
#909 = ORIENTED_EDGE ( 'NONE', *, *, #1293, .T. ) ;
#910 = FACE_BOUND ( 'NONE', #86, .T. ) ;
#911 = ORIENTED_EDGE ( 'NONE', *, *, #1149, .T. ) ;
#912 = DIRECTION ( 'NONE',  ( 0.000000000000000000, -0.000000000000000000, -1.000000000000000000 ) ) ;
#913 = ORIENTED_EDGE ( 'NONE', *, *, #999, .F. ) ;
#914 = FACE_OUTER_BOUND ( 'NONE', #1015, .T. ) ;
#915 =( NAMED_UNIT ( * ) SI_UNIT ( $, .STERADIAN. ) SOLID_ANGLE_UNIT ( ) );
#916 = AXIS2_PLACEMENT_3D ( 'NONE', #1408, #957, #13 ) ;
#917 = ADVANCED_FACE ( 'NONE', ( #117 ), #1419, .T. ) ;
#918 = CIRCLE ( 'NONE', #967, 0.6975000000000002309 ) ;
#919 = EDGE_CURVE ( 'NONE', #23, #895, #58, .T. ) ;
#920 = PLANE ( 'NONE',  #9 ) ;
#921 = VERTEX_POINT ( 'NONE', #233 ) ;
#922 = PRESENTATION_LAYER_ASSIGNMENT (  '', '', ( #163 ) ) ;
#923 = DIRECTION ( 'NONE',  ( -0.000000000000000000, 0.000000000000000000, 1.000000000000000000 ) ) ;
#924 = DIRECTION ( 'NONE',  ( -0.9565334692226885593, 0.2916225681541261272, 0.000000000000000000 ) ) ;
#925 = CIRCLE ( 'NONE', #1498, 0.6350000000000001199 ) ;
#926 = CIRCLE ( 'NONE', #1002, 0.7500000000000006661 ) ;
#927 = CARTESIAN_POINT ( 'NONE',  ( -5.406966250626568993, -0.9535049481706063812, 1.125000000000000222 ) ) ;
#928 = CARTESIAN_POINT ( 'NONE',  ( 0.000000000000000000, 0.000000000000000000, 0.000000000000000000 ) ) ;
#929 = ORIENTED_EDGE ( 'NONE', *, *, #1485, .F. ) ;
#930 = CARTESIAN_POINT ( 'NONE',  ( 6.942982294388308162, -5.396971605577291164, 1.125000000000000222 ) ) ;
#931 = VERTEX_POINT ( 'NONE', #824 ) ;
#932 = DIRECTION ( 'NONE',  ( -0.000000000000000000, 0.000000000000000000, 1.000000000000000000 ) ) ;
#933 = CYLINDRICAL_SURFACE ( 'NONE', #1206, 0.6250000000000005551 ) ;
#934 = DIRECTION ( 'NONE',  ( 0.000000000000000000, 0.000000000000000000, -1.000000000000000000 ) ) ;
#935 = ORIENTED_EDGE ( 'NONE', *, *, #1034, .F. ) ;
#936 = DIRECTION ( 'NONE',  ( -0.000000000000000000, -0.000000000000000000, -1.000000000000000000 ) ) ;
#937 = ADVANCED_FACE ( 'NONE', ( #690 ), #556, .T. ) ;
#938 = CARTESIAN_POINT ( 'NONE',  ( -3.602806482019347278, -11.60709106696295656, 0.1249999999999999445 ) ) ;
#939 = CARTESIAN_POINT ( 'NONE',  ( -5.406966250626568993, -0.9535049481706063812, 0.000000000000000000 ) ) ;
#940 = AXIS2_PLACEMENT_3D ( 'NONE', #785, #404, #544 ) ;
#941 = DIRECTION ( 'NONE',  ( 1.000000000000000000, 0.000000000000000000, 0.000000000000000000 ) ) ;
#942 = AXIS2_PLACEMENT_3D ( 'NONE', #671, #342, #1486 ) ;
#943 = VERTEX_POINT ( 'NONE', #245 ) ;
#944 = DIRECTION ( 'NONE',  ( 1.000000000000000000, 0.000000000000000000, 0.000000000000000000 ) ) ;
#945 = EDGE_LOOP ( 'NONE', ( #935, #398, #321, #49 ) ) ;
#946 = CARTESIAN_POINT ( 'NONE',  ( -5.112806482019347953, -11.60709106696295656, 0.06250000000000005551 ) ) ;
#947 = TOROIDAL_SURFACE ( 'NONE', #38, 0.6975000000000002309, 0.06250000000000000000 ) ;
#948 = CARTESIAN_POINT ( 'NONE',  ( -5.432017705611691838, -3.953504948170606603, 1.250000000000000000 ) ) ;
#949 = CIRCLE ( 'NONE', #518, 0.1250000000000001110 ) ;
#950 = EDGE_CURVE ( 'NONE', #864, #570, #1039, .T. ) ;
#951 = DIRECTION ( 'NONE',  ( 0.000000000000000000, -1.000000000000000000, 0.000000000000000000 ) ) ;
#952 = ORIENTED_EDGE ( 'NONE', *, *, #999, .T. ) ;
#953 = DIRECTION ( 'NONE',  ( 1.224646799147353207E-16, 1.000000000000000000, 0.000000000000000000 ) ) ;
#954 = DIRECTION ( 'NONE',  ( -0.000000000000000000, -0.000000000000000000, -1.000000000000000000 ) ) ;
#955 = EDGE_CURVE ( 'NONE', #1340, #519, #309, .T. ) ;
#956 = DIRECTION ( 'NONE',  ( -0.000000000000000000, 0.000000000000000000, 1.000000000000000000 ) ) ;
#957 = DIRECTION ( 'NONE',  ( -0.000000000000000000, 0.000000000000000000, 1.000000000000000000 ) ) ;
#958 = ORIENTED_EDGE ( 'NONE', *, *, #288, .F. ) ;
#959 = DIRECTION ( 'NONE',  ( -0.000000000000000000, 0.000000000000000000, 1.000000000000000000 ) ) ;
#960 = DIRECTION ( 'NONE',  ( 0.000000000000000000, -0.000000000000000000, -1.000000000000000000 ) ) ;
#961 = ADVANCED_FACE ( 'NONE', ( #1032 ), #206, .T. ) ;
#962 = CARTESIAN_POINT ( 'NONE',  ( -3.780306482019347492, -11.60709106696295656, 0.06250000000000005551 ) ) ;
#963 = EDGE_CURVE ( 'NONE', #931, #323, #139, .T. ) ;
#964 = DIRECTION ( 'NONE',  ( -0.000000000000000000, 0.000000000000000000, 1.000000000000000000 ) ) ;
#965 = VECTOR ( 'NONE', #680, 100.0000000000000000 ) ;
#966 = ORIENTED_EDGE ( 'NONE', *, *, #783, .F. ) ;
#967 = AXIS2_PLACEMENT_3D ( 'NONE', #458, #113, #1258 ) ;
#968 = CARTESIAN_POINT ( 'NONE',  ( -5.249227864322950410, -12.02004875356632319, 1.250000000000000000 ) ) ;
#969 = DIRECTION ( 'NONE',  ( -0.4719516418324255502, 0.8816244369183957597, 0.000000000000000000 ) ) ;
#970 = CIRCLE ( 'NONE', #1470, 0.8750000000000001110 ) ;
#971 = CIRCLE ( 'NONE', #388, 12.00000000000000000 ) ;
#972 = ORIENTED_EDGE ( 'NONE', *, *, #498, .F. ) ;
#973 = FACE_OUTER_BOUND ( 'NONE', #627, .T. ) ;
#974 = AXIS2_PLACEMENT_3D ( 'NONE', #1185, #399, #628 ) ;
#975 = DIRECTION ( 'NONE',  ( 1.000000000000000000, 0.000000000000000000, 0.000000000000000000 ) ) ;
#976 = EDGE_LOOP ( 'NONE', ( #1161, #1008 ) ) ;
#977 = CARTESIAN_POINT ( 'NONE',  ( -6.057017705611691838, -3.953504948170606603, 1.125000000000000222 ) ) ;
#978 = EDGE_CURVE ( 'NONE', #596, #811, #1342, .T. ) ;
#979 = ADVANCED_FACE ( 'NONE', ( #620 ), #507, .T. ) ;
#980 = CARTESIAN_POINT ( 'NONE',  ( -4.477806482019347278, -11.60709106696295656, 1.250000000000000000 ) ) ;
#981 = ORIENTED_EDGE ( 'NONE', *, *, #102, .F. ) ;
#982 = FACE_OUTER_BOUND ( 'NONE', #128, .T. ) ;
#983 = ORIENTED_EDGE ( 'NONE', *, *, #219, .F. ) ;
#984 = DIRECTION ( 'NONE',  ( 1.000000000000000000, 0.000000000000000000, 0.000000000000000000 ) ) ;
#985 = EDGE_CURVE ( 'NONE', #308, #1505, #1490, .T. ) ;
#986 = EDGE_CURVE ( 'NONE', #164, #201, #260, .T. ) ;
#987 = DIRECTION ( 'NONE',  ( -0.000000000000000000, -0.000000000000000000, -1.000000000000000000 ) ) ;
#988 = ORIENTED_EDGE ( 'NONE', *, *, #35, .F. ) ;
#989 = CARTESIAN_POINT ( 'NONE',  ( -4.477806482019347278, -11.60709106696295656, 1.187500000000000000 ) ) ;
#990 = ORIENTED_EDGE ( 'NONE', *, *, #477, .F. ) ;
#991 = DIRECTION ( 'NONE',  ( 1.000000000000000000, 0.000000000000000000, 0.000000000000000000 ) ) ;
#992 = EDGE_CURVE ( 'NONE', #1397, #762, #774, .T. ) ;
#993 = AXIS2_PLACEMENT_3D ( 'NONE', #1414, #381, #129 ) ;
#994 = AXIS2_PLACEMENT_3D ( 'NONE', #396, #838, #387 ) ;
#995 = DIRECTION ( 'NONE',  ( 1.000000000000000000, 0.000000000000000000, 0.000000000000000000 ) ) ;
#996 = CIRCLE ( 'NONE', #1137, 0.9999999999999995559 ) ;
#997 = ORIENTED_EDGE ( 'NONE', *, *, #1247, .T. ) ;
#998 = CIRCLE ( 'NONE', #337, 14.87500000000000178 ) ;
#999 = EDGE_CURVE ( 'NONE', #895, #513, #1130, .T. ) ;
#1000 = AXIS2_PLACEMENT_3D ( 'NONE', #424, #1009, #430 ) ;
#1001 = DIRECTION ( 'NONE',  ( -0.000000000000000000, 0.000000000000000000, 1.000000000000000000 ) ) ;
#1002 = AXIS2_PLACEMENT_3D ( 'NONE', #180, #892, #1106 ) ;
#1003 = ORIENTED_EDGE ( 'NONE', *, *, #1403, .T. ) ;
#1004 = FACE_OUTER_BOUND ( 'NONE', #312, .T. ) ;
#1005 = CARTESIAN_POINT ( 'NONE',  ( -4.477806482019347278, -11.60709106696295656, 0.1249999999999999445 ) ) ;
#1006 = EDGE_LOOP ( 'NONE', ( #208, #279, #1424, #487 ) ) ;
#1007 = FACE_OUTER_BOUND ( 'NONE', #471, .T. ) ;
#1008 = ORIENTED_EDGE ( 'NONE', *, *, #1392, .T. ) ;
#1009 = DIRECTION ( 'NONE',  ( 0.3385498405643191933, 0.9409484605725619843, -5.735008324968469216E-16 ) ) ;
#1010 = DIRECTION ( 'NONE',  ( 1.000000000000000000, 3.561965537339043375E-15, 0.000000000000000000 ) ) ;
#1011 = VERTEX_POINT ( 'NONE', #626 ) ;
#1012 = ADVANCED_FACE ( 'NONE', ( #162 ), #1107, .T. ) ;
#1013 = ADVANCED_FACE ( 'NONE', ( #1189 ), #608, .T. ) ;
#1014 = FACE_OUTER_BOUND ( 'NONE', #1478, .T. ) ;
#1015 = EDGE_LOOP ( 'NONE', ( #1138, #124, #929, #1132 ) ) ;
#1016 = DIRECTION ( 'NONE',  ( -0.000000000000000000, -0.000000000000000000, -1.000000000000000000 ) ) ;
#1017 = DIRECTION ( 'NONE',  ( -0.000000000000000000, 0.000000000000000000, 1.000000000000000000 ) ) ;
#1018 = AXIS2_PLACEMENT_3D ( 'NONE', #1074, #22, #726 ) ;
#1019 = ORIENTED_EDGE ( 'NONE', *, *, #1198, .F. ) ;
#1020 = CIRCLE ( 'NONE', #135, 0.6350000000000001199 ) ;
#1021 = DIRECTION ( 'NONE',  ( 1.000000000000000000, 0.000000000000000000, 0.000000000000000000 ) ) ;
#1022 = AXIS2_PLACEMENT_3D ( 'NONE', #939, #1052, #229 ) ;
#1023 = CIRCLE ( 'NONE', #899, 0.1250000000000003886 ) ;
#1024 = VERTEX_POINT ( 'NONE', #154 ) ;
#1025 = CARTESIAN_POINT ( 'NONE',  ( -5.175306482019347953, -11.60709106696295656, 1.187500000000000000 ) ) ;
#1026 = CIRCLE ( 'NONE', #191, 0.1249999999999998057 ) ;
#1027 = EDGE_CURVE ( 'NONE', #130, #1215, #1063, .T. ) ;
#1028 = FACE_OUTER_BOUND ( 'NONE', #1031, .T. ) ;
#1029 = ORIENTED_EDGE ( 'NONE', *, *, #5, .T. ) ;
#1030 = DIRECTION ( 'NONE',  ( -0.000000000000000000, 0.000000000000000000, 1.000000000000000000 ) ) ;
#1031 = EDGE_LOOP ( 'NONE', ( #1440, #789, #909, #524 ) ) ;
#1032 = FACE_OUTER_BOUND ( 'NONE', #1047, .T. ) ;
#1033 = CARTESIAN_POINT ( 'NONE',  ( -4.281966250626568993, -0.9535049481706063812, 1.125000000000000222 ) ) ;
#1034 = EDGE_CURVE ( 'NONE', #4, #747, #510, .T. ) ;
#1035 = EDGE_CURVE ( 'NONE', #800, #869, #676, .T. ) ;
#1036 = SURFACE_SIDE_STYLE ('',( #591 ) ) ;
#1037 = CARTESIAN_POINT ( 'NONE',  ( -4.709466250626568318, -0.9535049481706063812, 0.06250000000000005551 ) ) ;
#1038 = ORIENTED_EDGE ( 'NONE', *, *, #654, .T. ) ;
#1039 = LINE ( 'NONE', #209, #965 ) ;
#1040 = EDGE_LOOP ( 'NONE', ( #1481, #575, #728, #179 ) ) ;
#1041 = FACE_OUTER_BOUND ( 'NONE', #1065, .T. ) ;
#1042 = CARTESIAN_POINT ( 'NONE',  ( -4.477806482019347278, -11.60709106696295656, 0.000000000000000000 ) ) ;
#1043 = CIRCLE ( 'NONE', #1201, 1.124999999999999556 ) ;
#1044 = AXIS2_PLACEMENT_3D ( 'NONE', #322, #790, #1249 ) ;
#1045 = DIRECTION ( 'NONE',  ( -0.000000000000000000, -0.000000000000000000, -1.000000000000000000 ) ) ;
#1046 = EDGE_CURVE ( 'NONE', #302, #891, #1367, .T. ) ;
#1047 = EDGE_LOOP ( 'NONE', ( #1103, #1118, #883, #1059 ) ) ;
#1048 = CARTESIAN_POINT ( 'NONE',  ( -6.057017705611691838, -3.953504948170606603, 1.125000000000000222 ) ) ;
#1049 = AXIS2_PLACEMENT_3D ( 'NONE', #320, #1120, #78 ) ;
#1050 = CARTESIAN_POINT ( 'NONE',  ( -3.842806482019347492, -11.60709106696295656, 0.06250000000000005551 ) ) ;
#1051 = AXIS2_PLACEMENT_3D ( 'NONE', #1425, #497, #984 ) ;
#1052 = DIRECTION ( 'NONE',  ( 0.000000000000000000, -0.000000000000000000, -1.000000000000000000 ) ) ;
#1053 = CARTESIAN_POINT ( 'NONE',  ( -6.807017705611692726, -3.953504948170606603, 1.125000000000000222 ) ) ;
#1054 = ADVANCED_FACE ( 'NONE', ( #845 ), #737, .F. ) ;
#1055 = EDGE_LOOP ( 'NONE', ( #577, #1471, #545, #141 ) ) ;
#1056 = CARTESIAN_POINT ( 'NONE',  ( -4.477806482019347278, -11.60709106696295656, 1.250000000000000000 ) ) ;
#1057 = CARTESIAN_POINT ( 'NONE',  ( -6.363499719849266434, -0.6618823800164793658, 0.1250000000000000000 ) ) ;
#1058 = PRESENTATION_STYLE_ASSIGNMENT (( #490 ) ) ;
#1059 = ORIENTED_EDGE ( 'NONE', *, *, #1403, .F. ) ;
#1060 = CARTESIAN_POINT ( 'NONE',  ( -5.057017705611690950, -5.396971605577291164, 1.250000000000000000 ) ) ;
#1061 = ORIENTED_EDGE ( 'NONE', *, *, #919, .T. ) ;
#1062 = DIRECTION ( 'NONE',  ( 1.224646799147353207E-16, 1.000000000000000000, 0.000000000000000000 ) ) ;
#1063 = CIRCLE ( 'NONE', #1466, 0.1250000000000001110 ) ;
#1064 = CIRCLE ( 'NONE', #752, 15.00000000000000178 ) ;
#1065 = EDGE_LOOP ( 'NONE', ( #1376, #1067, #661, #1038 ) ) ;
#1066 = DIRECTION ( 'NONE',  ( -0.000000000000000000, -0.000000000000000000, -1.000000000000000000 ) ) ;
#1067 = ORIENTED_EDGE ( 'NONE', *, *, #612, .T. ) ;
#1068 = CIRCLE ( 'NONE', #414, 0.6250000000000005551 ) ;
#1069 = EDGE_CURVE ( 'NONE', #1146, #747, #839, .T. ) ;
#1070 = AXIS2_PLACEMENT_3D ( 'NONE', #1100, #552, #991 ) ;
#1071 = DIRECTION ( 'NONE',  ( -0.000000000000000000, 0.000000000000000000, 1.000000000000000000 ) ) ;
#1072 = AXIS2_PLACEMENT_3D ( 'NONE', #1048, #1147, #1482 ) ;
#1073 = DIRECTION ( 'NONE',  ( -1.000000000000000000, 0.000000000000000000, 0.000000000000000000 ) ) ;
#1074 = CARTESIAN_POINT ( 'NONE',  ( 7.864935634838235323, -4.999768081309087897, 1.250000000000000000 ) ) ;
#1075 = ORIENTED_EDGE ( 'NONE', *, *, #1140, .T. ) ;
#1076 = DIRECTION ( 'NONE',  ( 0.000000000000000000, -1.000000000000000000, 0.000000000000000000 ) ) ;
#1077 = DIRECTION ( 'NONE',  ( -0.8816244369183955376, -0.4719516418324254947, 0.000000000000000000 ) ) ;
#1078 = DIRECTION ( 'NONE',  ( 1.000000000000000000, 0.000000000000000000, 0.000000000000000000 ) ) ;
#1079 = DIRECTION ( 'NONE',  ( 1.000000000000000000, 0.000000000000000000, 0.000000000000000000 ) ) ;
#1080 = ORIENTED_EDGE ( 'NONE', *, *, #985, .T. ) ;
#1081 = CARTESIAN_POINT ( 'NONE',  ( -5.406966250626568993, -0.9535049481706063812, 1.250000000000000000 ) ) ;
#1082 = CARTESIAN_POINT ( 'NONE',  ( -6.682017705611696279, -6.280298008170606572, 0.1249999999999999445 ) ) ;
#1083 = DIRECTION ( 'NONE',  ( 0.000000000000000000, -0.000000000000000000, -1.000000000000000000 ) ) ;
#1084 = CARTESIAN_POINT ( 'NONE',  ( -5.406966250626568993, -0.9535049481706063812, 0.1249999999999999445 ) ) ;
#1085 = ORIENTED_EDGE ( 'NONE', *, *, #1467, .T. ) ;
#1086 = TOROIDAL_SURFACE ( 'NONE', #1044, 0.8750000000000001110, 0.1250000000000000000 ) ;
#1087 = DIRECTION ( 'NONE',  ( 0.000000000000000000, -0.000000000000000000, -1.000000000000000000 ) ) ;
#1088 = DIRECTION ( 'NONE',  ( 1.000000000000000000, 0.000000000000000000, 0.000000000000000000 ) ) ;
#1089 = AXIS2_PLACEMENT_3D ( 'NONE', #669, #1469, #85 ) ;
#1090 = EDGE_LOOP ( 'NONE', ( #697, #559, #786, #675 ) ) ;
#1091 = AXIS2_PLACEMENT_3D ( 'NONE', #149, #750, #282 ) ;
#1092 = DIRECTION ( 'NONE',  ( -0.000000000000000000, 0.000000000000000000, 1.000000000000000000 ) ) ;
#1093 = EDGE_CURVE ( 'NONE', #570, #519, #331, .T. ) ;
#1094 = VERTEX_POINT ( 'NONE', #631 ) ;
#1095 = CARTESIAN_POINT ( 'NONE',  ( -6.057017705611696279, -6.280298008170606572, 0.000000000000000000 ) ) ;
#1096 = DIRECTION ( 'NONE',  ( -0.000000000000000000, 0.000000000000000000, 1.000000000000000000 ) ) ;
#1097 = VERTEX_POINT ( 'NONE', #397 ) ;
#1098 = DIRECTION ( 'NONE',  ( 1.000000000000000000, 0.000000000000000000, 0.000000000000000000 ) ) ;
#1099 = VERTEX_POINT ( 'NONE', #777 ) ;
#1100 = CARTESIAN_POINT ( 'NONE',  ( -5.406966250626568993, -0.9535049481706063812, 1.187500000000000000 ) ) ;
#1101 = CARTESIAN_POINT ( 'NONE',  ( -4.348399232482435650, -1.334373518805465064, 1.250000000000000000 ) ) ;
#1102 = EDGE_CURVE ( 'NONE', #402, #1099, #1043, .T. ) ;
#1103 = ORIENTED_EDGE ( 'NONE', *, *, #1504, .F. ) ;
#1104 = DIRECTION ( 'NONE',  ( -0.000000000000000000, -0.000000000000000000, -1.000000000000000000 ) ) ;
#1105 = ORIENTED_EDGE ( 'NONE', *, *, #442, .F. ) ;
#1106 = DIRECTION ( 'NONE',  ( 1.000000000000000000, 0.000000000000000000, 0.000000000000000000 ) ) ;
#1107 = TOROIDAL_SURFACE ( 'NONE', #894, 12.12500000000000000, 0.1250000000000000000 ) ;
#1108 = AXIS2_PLACEMENT_3D ( 'NONE', #105, #694, #200 ) ;
#1109 = CARTESIAN_POINT ( 'NONE',  ( 6.942982294388308162, -5.396971605577291164, 1.125000000000000222 ) ) ;
#1110 =( GEOMETRIC_REPRESENTATION_CONTEXT ( 3 ) GLOBAL_UNCERTAINTY_ASSIGNED_CONTEXT ( ( #1406 ) ) GLOBAL_UNIT_ASSIGNED_CONTEXT ( ( #363, #249, #127 ) ) REPRESENTATION_CONTEXT ( 'NONE', 'WORKASPACE' ) );
#1111 = EDGE_CURVE ( 'NONE', #1024, #1456, #1391, .T. ) ;
#1112 = AXIS2_PLACEMENT_3D ( 'NONE', #700, #482, #807 ) ;
#1113 = ORIENTED_EDGE ( 'NONE', *, *, #267, .T. ) ;
#1114 = AXIS2_PLACEMENT_3D ( 'NONE', #746, #1096, #1196 ) ;
#1115 = CIRCLE ( 'NONE', #854, 0.06250000000000005551 ) ;
#1116 = FACE_OUTER_BOUND ( 'NONE', #258, .T. ) ;
#1117 = CIRCLE ( 'NONE', #1072, 0.6249999999999998890 ) ;
#1118 = ORIENTED_EDGE ( 'NONE', *, *, #530, .T. ) ;
#1119 = DIRECTION ( 'NONE',  ( -1.000000000000000000, 0.000000000000000000, 0.000000000000000000 ) ) ;
#1120 = DIRECTION ( 'NONE',  ( -0.000000000000000000, 0.000000000000000000, 1.000000000000000000 ) ) ;
#1121 = ORIENTED_EDGE ( 'NONE', *, *, #1111, .T. ) ;
#1122 = CARTESIAN_POINT ( 'NONE',  ( 0.000000000000000000, 0.000000000000000000, 0.000000000000000000 ) ) ;
#1123 = DIRECTION ( 'NONE',  ( 1.000000000000000000, 0.000000000000000000, 0.000000000000000000 ) ) ;
#1124 = ORIENTED_EDGE ( 'NONE', *, *, #1046, .T. ) ;
#1125 = CYLINDRICAL_SURFACE ( 'NONE', #1375, 0.6250000000000005551 ) ;
#1126 = CARTESIAN_POINT ( 'NONE',  ( -6.057017705611691838, -3.953504948170606603, 1.250000000000000000 ) ) ;
#1127 = VERTEX_POINT ( 'NONE', #310 ) ;
#1128 = ORIENTED_EDGE ( 'NONE', *, *, #711, .T. ) ;
#1129 = DIRECTION ( 'NONE',  ( -1.000000000000000000, 0.000000000000000000, 0.000000000000000000 ) ) ;
#1130 = CIRCLE ( 'NONE', #109, 1.124999999999999556 ) ;
#1131 = AXIS2_PLACEMENT_3D ( 'NONE', #1053, #1501, #453 ) ;
#1132 = ORIENTED_EDGE ( 'NONE', *, *, #103, .F. ) ;
#1133 = AXIS2_PLACEMENT_3D ( 'NONE', #1396, #1429, #1279 ) ;
#1134 = AXIS2_PLACEMENT_3D ( 'NONE', #815, #1174, #1484 ) ;
#1135 = DIRECTION ( 'NONE',  ( 1.000000000000000000, 0.000000000000000000, 0.000000000000000000 ) ) ;
#1136 = ADVANCED_FACE ( 'NONE', ( #289 ), #656, .T. ) ;
#1137 = AXIS2_PLACEMENT_3D ( 'NONE', #1317, #960, #277 ) ;
#1138 = ORIENTED_EDGE ( 'NONE', *, *, #55, .F. ) ;
#1139 = CARTESIAN_POINT ( 'NONE',  ( 6.942982294388308162, -5.396971605577291164, 0.000000000000000000 ) ) ;
#1140 = EDGE_CURVE ( 'NONE', #402, #436, #529, .T. ) ;
#1141 = AXIS2_PLACEMENT_3D ( 'NONE', #101, #578, #613 ) ;
#1142 = ORIENTED_EDGE ( 'NONE', *, *, #1093, .F. ) ;
#1143 = DIRECTION ( 'NONE',  ( 0.000000000000000000, -0.000000000000000000, -1.000000000000000000 ) ) ;
#1144 = ORIENTED_EDGE ( 'NONE', *, *, #992, .F. ) ;
#1145 = CARTESIAN_POINT ( 'NONE',  ( 6.942982294388308162, -5.396971605577291164, 1.250000000000000000 ) ) ;
#1146 = VERTEX_POINT ( 'NONE', #303 ) ;
#1147 = DIRECTION ( 'NONE',  ( -0.000000000000000000, 0.000000000000000000, 1.000000000000000000 ) ) ;
#1148 = DIRECTION ( 'NONE',  ( 0.9409484605725618733, -0.3385498405643191377, 0.000000000000000000 ) ) ;
#1149 = EDGE_CURVE ( 'NONE', #286, #4, #525, .T. ) ;
#1150 = FACE_OUTER_BOUND ( 'NONE', #1006, .T. ) ;
#1151 = ORIENTED_EDGE ( 'NONE', *, *, #328, .T. ) ;
#1152 = DIRECTION ( 'NONE',  ( -0.000000000000000000, -0.000000000000000000, -1.000000000000000000 ) ) ;
#1153 = CARTESIAN_POINT ( 'NONE',  ( 6.942982294388308162, -5.396971605577291164, 1.250000000000000000 ) ) ;
#1154 = FACE_OUTER_BOUND ( 'NONE', #564, .T. ) ;
#1155 = VECTOR ( 'NONE', #280, 100.0000000000000000 ) ;
#1156 = CIRCLE ( 'NONE', #1108, 12.00000000000000000 ) ;
#1157 = CARTESIAN_POINT ( 'NONE',  ( -6.279443357054651287, -8.607091066962954784, 1.125000000000000222 ) ) ;
#1158 = ORIENTED_EDGE ( 'NONE', *, *, #1354, .T. ) ;
#1159 = AXIS2_PLACEMENT_3D ( 'NONE', #511, #969, #1077 ) ;
#1160 = CIRCLE ( 'NONE', #566, 0.6350000000000001199 ) ;
#1161 = ORIENTED_EDGE ( 'NONE', *, *, #808, .T. ) ;
#1162 = DIRECTION ( 'NONE',  ( -0.000000000000000000, -0.000000000000000000, -1.000000000000000000 ) ) ;
#1163 = CIRCLE ( 'NONE', #1141, 1.000000000000000222 ) ;
#1164 = CARTESIAN_POINT ( 'NONE',  ( -5.654443357054650399, -8.607091066962954784, 0.1249999999999999445 ) ) ;
#1165 = CARTESIAN_POINT ( 'NONE',  ( -4.477806482019347278, -11.60709106696295656, 0.06250000000000005551 ) ) ;
#1166 = PRODUCT ( 'angular push bar linkage', 'angular push bar linkage', '', ( #1223 ) ) ;
#1167 = VERTEX_POINT ( 'NONE', #1235 ) ;
#1168 = DIRECTION ( 'NONE',  ( -0.000000000000000000, 0.000000000000000000, 1.000000000000000000 ) ) ;
#1169 = CARTESIAN_POINT ( 'NONE',  ( -6.057017705611696279, -6.280298008170606572, 1.125000000000000222 ) ) ;
#1170 = ORIENTED_EDGE ( 'NONE', *, *, #103, .T. ) ;
#1171 = ADVANCED_FACE ( 'NONE', ( #1217 ), #1441, .T. ) ;
#1172 = ORIENTED_EDGE ( 'NONE', *, *, #133, .F. ) ;
#1173 = DIRECTION ( 'NONE',  ( 0.8816244369183955376, 0.4719516418324254947, 0.000000000000000000 ) ) ;
#1174 = DIRECTION ( 'NONE',  ( 1.224646799147353207E-16, 1.000000000000000000, 0.000000000000000000 ) ) ;
#1175 = CIRCLE ( 'NONE', #1319, 0.06250000000000005551 ) ;
#1176 = CARTESIAN_POINT ( 'NONE',  ( -4.477806482019347278, -11.60709106696295656, 1.250000000000000000 ) ) ;
#1177 = AXIS2_PLACEMENT_3D ( 'NONE', #21, #1193, #255 ) ;
#1178 = ADVANCED_FACE ( 'NONE', ( #897 ), #796, .T. ) ;
#1179 = DIRECTION ( 'NONE',  ( 0.000000000000000000, -1.000000000000000000, 0.000000000000000000 ) ) ;
#1180 = PRODUCT_DEFINITION_FORMATION_WITH_SPECIFIED_SOURCE ( 'ANY', '', #1166, .NOT_KNOWN. ) ;
#1181 = EDGE_CURVE ( 'NONE', #759, #382, #434, .T. ) ;
#1182 = AXIS2_PLACEMENT_3D ( 'NONE', #980, #954, #407 ) ;
#1183 = ORIENTED_EDGE ( 'NONE', *, *, #177, .T. ) ;
#1184 = ADVANCED_FACE ( 'NONE', ( #1007 ), #132, .T. ) ;
#1185 = CARTESIAN_POINT ( 'NONE',  ( -4.406966250626568993, -0.9535049481706063812, 0.1249999999999999445 ) ) ;
#1186 = CIRCLE ( 'NONE', #686, 14.87500000000000178 ) ;
#1187 = DIRECTION ( 'NONE',  ( -0.000000000000000000, 0.000000000000000000, 1.000000000000000000 ) ) ;
#1188 = DIRECTION ( 'NONE',  ( -1.000000000000000000, 0.000000000000000000, 0.000000000000000000 ) ) ;
#1189 = FACE_OUTER_BOUND ( 'NONE', #304, .T. ) ;
#1190 = VERTEX_POINT ( 'NONE', #45 ) ;
#1191 = CARTESIAN_POINT ( 'NONE',  ( -7.135064365161766453, -4.999768081309087897, 1.125000000000000222 ) ) ;
#1192 = FACE_OUTER_BOUND ( 'NONE', #1464, .T. ) ;
#1193 = DIRECTION ( 'NONE',  ( 0.000000000000000000, -1.000000000000000000, 0.000000000000000000 ) ) ;
#1194 = DIRECTION ( 'NONE',  ( -1.000000000000000000, 0.000000000000000000, 0.000000000000000000 ) ) ;
#1195 = ORIENTED_EDGE ( 'NONE', *, *, #1467, .F. ) ;
#1196 = DIRECTION ( 'NONE',  ( 1.000000000000000000, 0.000000000000000000, 0.000000000000000000 ) ) ;
#1197 = ORIENTED_EDGE ( 'NONE', *, *, #624, .T. ) ;
#1198 = EDGE_CURVE ( 'NONE', #573, #762, #486, .T. ) ;
#1199 = AXIS2_PLACEMENT_3D ( 'NONE', #485, #1294, #944 ) ;
#1200 = DIRECTION ( 'NONE',  ( 1.000000000000000000, 0.000000000000000000, 0.000000000000000000 ) ) ;
#1201 = AXIS2_PLACEMENT_3D ( 'NONE', #1350, #1330, #638 ) ;
#1202 = EDGE_LOOP ( 'NONE', ( #1487, #823, #448, #1105 ) ) ;
#1203 = CIRCLE ( 'NONE', #942, 0.7500000000000006661 ) ;
#1204 = DIRECTION ( 'NONE',  ( -0.000000000000000000, -0.000000000000000000, -1.000000000000000000 ) ) ;
#1205 = CARTESIAN_POINT ( 'NONE',  ( -3.842806482019347492, -11.60709106696295656, 1.187500000000000000 ) ) ;
#1206 = AXIS2_PLACEMENT_3D ( 'NONE', #1492, #1290, #1393 ) ;
#1207 = ADVANCED_FACE ( 'NONE', ( #982 ), #36, .T. ) ;
#1208 = AXIS2_PLACEMENT_3D ( 'NONE', #1238, #1344, #1221 ) ;
#1209 = ORIENTED_EDGE ( 'NONE', *, *, #377, .T. ) ;
#1210 = VECTOR ( 'NONE', #1162, 100.0000000000000000 ) ;
#1211 = CARTESIAN_POINT ( 'NONE',  ( -6.041966250626568780, -0.9535049481706063812, 1.250000000000000000 ) ) ;
#1212 = EDGE_LOOP ( 'NONE', ( #1387, #44, #1113, #1409 ) ) ;
#1213 = CARTESIAN_POINT ( 'NONE',  ( -5.406966250626568993, -0.9535049481706063812, 1.250000000000000000 ) ) ;
#1214 = CARTESIAN_POINT ( 'NONE',  ( -5.654443357054650399, -8.607091066962954784, 1.250000000000000000 ) ) ;
#1215 = VERTEX_POINT ( 'NONE', #650 ) ;
#1216 = APPLICATION_CONTEXT ( 'automotive_design' ) ;
#1217 = FACE_OUTER_BOUND ( 'NONE', #657, .T. ) ;
#1218 = ORIENTED_EDGE ( 'NONE', *, *, #1504, .T. ) ;
#1219 = DIRECTION ( 'NONE',  ( -0.000000000000000000, 0.000000000000000000, 1.000000000000000000 ) ) ;
#1220 = EDGE_CURVE ( 'NONE', #891, #302, #360, .T. ) ;
#1221 = DIRECTION ( 'NONE',  ( 0.000000000000000000, 0.000000000000000000, -1.000000000000000000 ) ) ;
#1222 = ORIENTED_EDGE ( 'NONE', *, *, #654, .F. ) ;
#1223 = PRODUCT_CONTEXT ( 'NONE', #1216, 'mechanical' ) ;
#1224 = DIRECTION ( 'NONE',  ( 1.000000000000000000, 0.000000000000000000, 0.000000000000000000 ) ) ;
#1225 = ORIENTED_EDGE ( 'NONE', *, *, #1363, .F. ) ;
#1226 = PLANE ( 'NONE',  #1328 ) ;
#1227 = VECTOR ( 'NONE', #297, 100.0000000000000000 ) ;
#1228 = EDGE_CURVE ( 'NONE', #1347, #921, #877, .T. ) ;
#1229 = CIRCLE ( 'NONE', #1177, 0.1250000000000000000 ) ;
#1230 = FACE_OUTER_BOUND ( 'NONE', #173, .T. ) ;
#1231 = CIRCLE ( 'NONE', #589, 0.06250000000000005551 ) ;
#1232 = ORIENTED_EDGE ( 'NONE', *, *, #1485, .T. ) ;
#1233 = VECTOR ( 'NONE', #203, 100.0000000000000000 ) ;
#1234 = CIRCLE ( 'NONE', #735, 0.7500000000000006661 ) ;
#1235 = CARTESIAN_POINT ( 'NONE',  ( -5.432017705611695391, -6.280298008170606572, 0.1249999999999999445 ) ) ;
#1236 = ORIENTED_EDGE ( 'NONE', *, *, #592, .T. ) ;
#1237 = FACE_BOUND ( 'NONE', #1282, .T. ) ;
#1238 = CARTESIAN_POINT ( 'NONE',  ( -5.307017705611691838, -3.953504948170606603, 1.125000000000000222 ) ) ;
#1239 = ORIENTED_EDGE ( 'NONE', *, *, #592, .F. ) ;
#1240 = ADVANCED_FACE ( 'NONE', ( #1014 ), #160, .T. ) ;
#1241 = ADVANCED_FACE ( 'NONE', ( #1116, #75, #549, #1463, #348, #910 ), #920, .F. ) ;
#1242 = DIRECTION ( 'NONE',  ( 1.000000000000000000, 0.000000000000000000, 0.000000000000000000 ) ) ;
#1243 = ORIENTED_EDGE ( 'NONE', *, *, #456, .F. ) ;
#1244 = CARTESIAN_POINT ( 'NONE',  ( -6.057017705611696279, -6.280298008170606572, 0.1249999999999999445 ) ) ;
#1245 = DIRECTION ( 'NONE',  ( 0.8785222135698184109, 0.4777014970296685203, 0.000000000000000000 ) ) ;
#1246 = EDGE_LOOP ( 'NONE', ( #1195, #1357, #92, #1261 ) ) ;
#1247 = EDGE_CURVE ( 'NONE', #1453, #211, #1203, .T. ) ;
#1248 = EDGE_CURVE ( 'NONE', #1309, #164, #918, .T. ) ;
#1249 = DIRECTION ( 'NONE',  ( 1.000000000000000000, 0.000000000000000000, 0.000000000000000000 ) ) ;
#1250 = EDGE_LOOP ( 'NONE', ( #1121, #1151 ) ) ;
#1251 = FACE_OUTER_BOUND ( 'NONE', #712, .T. ) ;
#1252 = ORIENTED_EDGE ( 'NONE', *, *, #288, .T. ) ;
#1253 = CIRCLE ( 'NONE', #7, 12.00000000000000000 ) ;
#1254 = CARTESIAN_POINT ( 'NONE',  ( -5.406966250626568993, -0.9535049481706063812, 0.06250000000000005551 ) ) ;
#1255 = AXIS2_PLACEMENT_3D ( 'NONE', #492, #1291, #1188 ) ;
#1256 = VERTEX_POINT ( 'NONE', #1386 ) ;
#1257 = EDGE_CURVE ( 'NONE', #1505, #308, #825, .T. ) ;
#1258 = DIRECTION ( 'NONE',  ( 1.000000000000000000, 0.000000000000000000, 0.000000000000000000 ) ) ;
#1259 = TOROIDAL_SURFACE ( 'NONE', #1447, 0.9999999999999998890, 0.1250000000000000000 ) ;
#1260 = CIRCLE ( 'NONE', #88, 0.1250000000000000000 ) ;
#1261 = ORIENTED_EDGE ( 'NONE', *, *, #1415, .F. ) ;
#1262 = DIRECTION ( 'NONE',  ( 1.000000000000000000, 0.000000000000000000, 0.000000000000000000 ) ) ;
#1263 = ADVANCED_FACE ( 'NONE', ( #330 ), #1321, .T. ) ;
#1264 = DIRECTION ( 'NONE',  ( -0.000000000000000000, 0.000000000000000000, 1.000000000000000000 ) ) ;
#1265 = CARTESIAN_POINT ( 'NONE',  ( -5.432017705611695391, -6.280298008170606572, 1.250000000000000000 ) ) ;
#1266 = ORIENTED_EDGE ( 'NONE', *, *, #278, .T. ) ;
#1267 = CARTESIAN_POINT ( 'NONE',  ( -5.406966250626568993, -0.9535049481706063812, 0.1249999999999999445 ) ) ;
#1268 = DIRECTION ( 'NONE',  ( 1.000000000000000000, 0.000000000000000000, 0.000000000000000000 ) ) ;
#1269 = FACE_OUTER_BOUND ( 'NONE', #1359, .T. ) ;
#1270 = DIRECTION ( 'NONE',  ( 1.000000000000000000, 0.000000000000000000, 0.000000000000000000 ) ) ;
#1271 = ORIENTED_EDGE ( 'NONE', *, *, #542, .F. ) ;
#1272 = DIRECTION ( 'NONE',  ( -1.000000000000000000, 0.000000000000000000, 0.000000000000000000 ) ) ;
#1273 = ORIENTED_EDGE ( 'NONE', *, *, #1069, .F. ) ;
#1274 = DIRECTION ( 'NONE',  ( 1.000000000000000000, 0.000000000000000000, 0.000000000000000000 ) ) ;
#1275 = EDGE_CURVE ( 'NONE', #811, #1167, #809, .T. ) ;
#1276 = FACE_OUTER_BOUND ( 'NONE', #722, .T. ) ;
#1277 = AXIS2_PLACEMENT_3D ( 'NONE', #748, #607, #863 ) ;
#1278 = AXIS2_PLACEMENT_3D ( 'NONE', #962, #951, #378 ) ;
#1279 = DIRECTION ( 'NONE',  ( 1.000000000000000000, 0.000000000000000000, 0.000000000000000000 ) ) ;
#1280 = ORIENTED_EDGE ( 'NONE', *, *, #718, .F. ) ;
#1281 = VECTOR ( 'NONE', #419, 100.0000000000000000 ) ;
#1282 = EDGE_LOOP ( 'NONE', ( #1318, #543 ) ) ;
#1283 = DIRECTION ( 'NONE',  ( -0.000000000000000000, -0.000000000000000000, -1.000000000000000000 ) ) ;
#1284 = CIRCLE ( 'NONE', #17, 0.6975000000000002309 ) ;
#1285 = CARTESIAN_POINT ( 'NONE',  ( -6.104466250626568780, -0.9535049481706063812, 1.187500000000000000 ) ) ;
#1286 = ORIENTED_EDGE ( 'NONE', *, *, #1474, .T. ) ;
#1287 = CARTESIAN_POINT ( 'NONE',  ( -5.406966250626568993, -0.9535049481706063812, 0.06250000000000005551 ) ) ;
#1288 = VERTEX_POINT ( 'NONE', #224 ) ;
#1289 = CARTESIAN_POINT ( 'NONE',  ( -3.599284268449527868, -11.12938956993328965, 0.1249999999999999445 ) ) ;
#1290 = DIRECTION ( 'NONE',  ( -0.000000000000000000, -0.000000000000000000, -1.000000000000000000 ) ) ;
#1291 = DIRECTION ( 'NONE',  ( -0.000000000000000000, -0.000000000000000000, -1.000000000000000000 ) ) ;
#1292 = EDGE_CURVE ( 'NONE', #302, #1366, #287, .T. ) ;
#1293 = EDGE_CURVE ( 'NONE', #1167, #454, #1491, .T. ) ;
#1294 = DIRECTION ( 'NONE',  ( -0.000000000000000000, 0.000000000000000000, 1.000000000000000000 ) ) ;
#1295 = ORIENTED_EDGE ( 'NONE', *, *, #624, .F. ) ;
#1296 = DIRECTION ( 'NONE',  ( 1.000000000000000000, 0.000000000000000000, 0.000000000000000000 ) ) ;
#1297 = AXIS2_PLACEMENT_3D ( 'NONE', #856, #1308, #1079 ) ;
#1298 = CARTESIAN_POINT ( 'NONE',  ( -6.104466250626568780, -0.9535049481706063812, 1.250000000000000000 ) ) ;
#1299 = CIRCLE ( 'NONE', #849, 0.6249999999999998890 ) ;
#1300 = CARTESIAN_POINT ( 'NONE',  ( -4.771966250626568318, -0.9535049481706063812, 1.250000000000000000 ) ) ;
#1301 = ORIENTED_EDGE ( 'NONE', *, *, #763, .F. ) ;
#1302 = DIRECTION ( 'NONE',  ( -1.000000000000000000, 0.000000000000000000, 0.000000000000000000 ) ) ;
#1303 = VECTOR ( 'NONE', #908, 100.0000000000000000 ) ;
#1304 = EDGE_CURVE ( 'NONE', #323, #23, #1156, .T. ) ;
#1305 = CIRCLE ( 'NONE', #1495, 0.6250000000000005551 ) ;
#1306 = FACE_OUTER_BOUND ( 'NONE', #668, .T. ) ;
#1307 = CIRCLE ( 'NONE', #664, 0.9999999999999995559 ) ;
#1308 = DIRECTION ( 'NONE',  ( -0.000000000000000000, 0.000000000000000000, 1.000000000000000000 ) ) ;
#1309 = VERTEX_POINT ( 'NONE', #581 ) ;
#1310 = DIRECTION ( 'NONE',  ( 1.000000000000000000, 0.000000000000000000, 0.000000000000000000 ) ) ;
#1311 = ADVANCED_FACE ( 'NONE', ( #1150 ), #1382, .F. ) ;
#1312 = DIRECTION ( 'NONE',  ( 1.000000000000000000, 0.000000000000000000, 0.000000000000000000 ) ) ;
#1313 = ORIENTED_EDGE ( 'NONE', *, *, #1493, .F. ) ;
#1314 = DIRECTION ( 'NONE',  ( 0.000000000000000000, -1.000000000000000000, 0.000000000000000000 ) ) ;
#1315 = ORIENTED_EDGE ( 'NONE', *, *, #1035, .F. ) ;
#1316 = FACE_OUTER_BOUND ( 'NONE', #463, .T. ) ;
#1317 = CARTESIAN_POINT ( 'NONE',  ( -5.406966250626568993, -0.9535049481706063812, 0.000000000000000000 ) ) ;
#1318 = ORIENTED_EDGE ( 'NONE', *, *, #1448, .T. ) ;
#1319 = AXIS2_PLACEMENT_3D ( 'NONE', #1377, #1488, #226 ) ;
#1320 = DIRECTION ( 'NONE',  ( 1.000000000000000000, 0.000000000000000000, 0.000000000000000000 ) ) ;
#1321 = TOROIDAL_SURFACE ( 'NONE', #311, 0.9999999999999998890, 0.1250000000000000000 ) ;
#1322 = ORIENTED_EDGE ( 'NONE', *, *, #267, .F. ) ;
#1323 = DIRECTION ( 'NONE',  ( -0.000000000000000000, 0.000000000000000000, 1.000000000000000000 ) ) ;
#1324 = CARTESIAN_POINT ( 'NONE',  ( -3.780306482019347492, -11.60709106696295656, 1.250000000000000000 ) ) ;
#1325 = CIRCLE ( 'NONE', #189, 0.7500000000000006661 ) ;
#1326 = TOROIDAL_SURFACE ( 'NONE', #491, 0.8750000000000001110, 0.1250000000000000000 ) ;
#1327 = ORIENTED_EDGE ( 'NONE', *, *, #1474, .F. ) ;
#1328 = AXIS2_PLACEMENT_3D ( 'NONE', #787, #772, #188 ) ;
#1329 = EDGE_CURVE ( 'NONE', #747, #4, #1020, .T. ) ;
#1330 = DIRECTION ( 'NONE',  ( 0.000000000000000000, -0.000000000000000000, -1.000000000000000000 ) ) ;
#1331 = ORIENTED_EDGE ( 'NONE', *, *, #1460, .F. ) ;
#1332 = FACE_OUTER_BOUND ( 'NONE', #833, .T. ) ;
#1333 = CARTESIAN_POINT ( 'NONE',  ( -4.477806482019347278, -11.60709106696295656, 0.000000000000000000 ) ) ;
#1334 = ORIENTED_EDGE ( 'NONE', *, *, #1345, .T. ) ;
#1335 = EDGE_LOOP ( 'NONE', ( #246, #1124 ) ) ;
#1336 = CARTESIAN_POINT ( 'NONE',  ( 7.864935634838235323, -4.999768081309087897, 0.1249999999999999445 ) ) ;
#1337 = CARTESIAN_POINT ( 'NONE',  ( 7.864935634838235323, -4.999768081309087897, 1.125000000000000222 ) ) ;
#1338 = EDGE_LOOP ( 'NONE', ( #496, #318, #1400, #366 ) ) ;
#1339 = DIRECTION ( 'NONE',  ( 1.000000000000000000, 0.000000000000000000, 0.000000000000000000 ) ) ;
#1340 = VERTEX_POINT ( 'NONE', #574 ) ;
#1341 = DIRECTION ( 'NONE',  ( 1.000000000000000000, 0.000000000000000000, 0.000000000000000000 ) ) ;
#1342 = CIRCLE ( 'NONE', #702, 0.1249999999999999445 ) ;
#1343 = AXIS2_PLACEMENT_3D ( 'NONE', #354, #557, #1021 ) ;
#1344 = DIRECTION ( 'NONE',  ( 0.000000000000000000, -1.000000000000000000, 0.000000000000000000 ) ) ;
#1345 = EDGE_CURVE ( 'NONE', #573, #426, #1299, .T. ) ;
#1346 = COLOUR_RGB ( '',0.7921568627450980005, 0.8196078431372548767, 0.9333333333333333481 ) ;
#1347 = VERTEX_POINT ( 'NONE', #1157 ) ;
#1348 = CIRCLE ( 'NONE', #364, 0.6350000000000001199 ) ;
#1349 = TOROIDAL_SURFACE ( 'NONE', #758, 0.6975000000000002309, 0.06250000000000000000 ) ;
#1350 = CARTESIAN_POINT ( 'NONE',  ( -5.406966250626568993, -0.9535049481706063812, 1.125000000000000222 ) ) ;
#1351 = ORIENTED_EDGE ( 'NONE', *, *, #133, .T. ) ;
#1352 = DIRECTION ( 'NONE',  ( 0.000000000000000000, -0.000000000000000000, -1.000000000000000000 ) ) ;
#1353 = CARTESIAN_POINT ( 'NONE',  ( -6.057017705611696279, -6.280298008170606572, 0.1249999999999999445 ) ) ;
#1354 = EDGE_CURVE ( 'NONE', #747, #1505, #210, .T. ) ;
#1355 = EDGE_LOOP ( 'NONE', ( #749, #587, #1331, #1019 ) ) ;
#1356 = FACE_OUTER_BOUND ( 'NONE', #1212, .T. ) ;
#1357 = ORIENTED_EDGE ( 'NONE', *, *, #887, .T. ) ;
#1358 = DIRECTION ( 'NONE',  ( 1.000000000000000000, 0.000000000000000000, 0.000000000000000000 ) ) ;
#1359 = EDGE_LOOP ( 'NONE', ( #298, #1075, #1225, #972 ) ) ;
#1360 = DIRECTION ( 'NONE',  ( 0.000000000000000000, -0.000000000000000000, -1.000000000000000000 ) ) ;
#1361 = ORIENTED_EDGE ( 'NONE', *, *, #542, .T. ) ;
#1362 = DIRECTION ( 'NONE',  ( -1.000000000000000000, 0.000000000000000000, 0.000000000000000000 ) ) ;
#1363 = EDGE_CURVE ( 'NONE', #79, #436, #186, .T. ) ;
#1364 = ORIENTED_EDGE ( 'NONE', *, *, #1439, .F. ) ;
#1365 = CARTESIAN_POINT ( 'NONE',  ( -5.406966250626568993, -0.9535049481706063812, 1.250000000000000000 ) ) ;
#1366 = VERTEX_POINT ( 'NONE', #904 ) ;
#1367 = CIRCLE ( 'NONE', #993, 0.7500000000000000000 ) ;
#1368 = CARTESIAN_POINT ( 'NONE',  ( -4.466017790054006120, -1.292054788734924964, 1.125000000000000222 ) ) ;
#1369 = ADVANCED_BREP_SHAPE_REPRESENTATION ( 'angular push bar linkage', ( #69, #263 ), #1110 ) ;
#1370 = AXIS2_PLACEMENT_3D ( 'NONE', #725, #264, #605 ) ;
#1371 = CIRCLE ( 'NONE', #1022, 0.9999999999999995559 ) ;
#1372 = DIRECTION ( 'NONE',  ( 1.000000000000000000, 0.000000000000000000, 0.000000000000000000 ) ) ;
#1373 = AXIS2_PLACEMENT_3D ( 'NONE', #768, #440, #565 ) ;
#1374 = ADVANCED_FACE ( 'NONE', ( #1356 ), #1086, .T. ) ;
#1375 = AXIS2_PLACEMENT_3D ( 'NONE', #1459, #1454, #1119 ) ;
#1376 = ORIENTED_EDGE ( 'NONE', *, *, #99, .F. ) ;
#1377 = CARTESIAN_POINT ( 'NONE',  ( -5.175306482019347953, -11.60709106696295656, 0.06250000000000005551 ) ) ;
#1378 = VECTOR ( 'NONE', #1445, 100.0000000000000000 ) ;
#1379 = CARTESIAN_POINT ( 'NONE',  ( 7.864935634838235323, -4.999768081309087897, 0.000000000000000000 ) ) ;
#1380 = DIRECTION ( 'NONE',  ( -0.000000000000000000, 0.000000000000000000, 1.000000000000000000 ) ) ;
#1381 = PRODUCT_RELATED_PRODUCT_CATEGORY ( 'part', '', ( #1166 ) ) ;
#1382 = CYLINDRICAL_SURFACE ( 'NONE', #237, 12.00000000000000000 ) ;
#1383 = ORIENTED_EDGE ( 'NONE', *, *, #456, .T. ) ;
#1384 = DIRECTION ( 'NONE',  ( -0.000000000000000000, 0.000000000000000000, 1.000000000000000000 ) ) ;
#1385 = DIRECTION ( 'NONE',  ( 1.000000000000000000, 0.000000000000000000, 0.000000000000000000 ) ) ;
#1386 = CARTESIAN_POINT ( 'NONE',  ( -5.029443357054649510, -8.607091066962954784, 1.125000000000000222 ) ) ;
#1387 = ORIENTED_EDGE ( 'NONE', *, *, #306, .F. ) ;
#1388 = DIRECTION ( 'NONE',  ( 1.000000000000000000, 0.000000000000000000, 0.000000000000000000 ) ) ;
#1389 = PRODUCT_DEFINITION_SHAPE ( 'NONE', 'NONE',  #150 ) ;
#1390 = CYLINDRICAL_SURFACE ( 'NONE', #417, 12.00000000000000000 ) ;
#1391 = CIRCLE ( 'NONE', #408, 0.6975000000000002309 ) ;
#1392 = EDGE_CURVE ( 'NONE', #1097, #596, #704, .T. ) ;
#1393 = DIRECTION ( 'NONE',  ( -1.000000000000000000, 0.000000000000000000, 0.000000000000000000 ) ) ;
#1394 = CIRCLE ( 'NONE', #1395, 0.1250000000000001110 ) ;
#1395 = AXIS2_PLACEMENT_3D ( 'NONE', #1407, #506, #372 ) ;
#1396 = CARTESIAN_POINT ( 'NONE',  ( -5.654443357054650399, -8.607091066962954784, 1.250000000000000000 ) ) ;
#1397 = VERTEX_POINT ( 'NONE', #89 ) ;
#1398 = AXIS2_PLACEMENT_3D ( 'NONE', #1042, #126, #1500 ) ;
#1399 = AXIS2_PLACEMENT_3D ( 'NONE', #1353, #1446, #314 ) ;
#1400 = ORIENTED_EDGE ( 'NONE', *, *, #285, .T. ) ;
#1401 = FACE_OUTER_BOUND ( 'NONE', #325, .T. ) ;
#1402 = AXIS2_PLACEMENT_3D ( 'NONE', #119, #932, #236 ) ;
#1403 = EDGE_CURVE ( 'NONE', #480, #1256, #435, .T. ) ;
#1404 = FILL_AREA_STYLE_COLOUR ( '', #1346 ) ;
#1405 = EDGE_CURVE ( 'NONE', #1097, #548, #1394, .T. ) ;
#1406 = UNCERTAINTY_MEASURE_WITH_UNIT (LENGTH_MEASURE( 1.000000000000000082E-05 ), #363, 'distance_accuracy_value', 'NONE');
#1407 = CARTESIAN_POINT ( 'NONE',  ( -6.807017705611697167, -6.280298008170606572, 1.125000000000000222 ) ) ;
#1408 = CARTESIAN_POINT ( 'NONE',  ( -5.654443357054650399, -8.607091066962954784, 1.125000000000000222 ) ) ;
#1409 = ORIENTED_EDGE ( 'NONE', *, *, #831, .F. ) ;
#1410 = CARTESIAN_POINT ( 'NONE',  ( -3.477806482019347278, -11.60709106696295656, 0.1249999999999999445 ) ) ;
#1411 = EDGE_CURVE ( 'NONE', #610, #432, #1064, .T. ) ;
#1412 = CARTESIAN_POINT ( 'NONE',  ( -4.904443357054649510, -8.607091066962954784, -3.252606517456513302E-17 ) ) ;
#1413 = DIRECTION ( 'NONE',  ( 0.000000000000000000, -0.000000000000000000, -1.000000000000000000 ) ) ;
#1414 = CARTESIAN_POINT ( 'NONE',  ( -6.057017705611691838, -3.953504948170606603, 1.250000000000000000 ) ) ;
#1415 = EDGE_CURVE ( 'NONE', #444, #1127, #84, .T. ) ;
#1416 = ORIENTED_EDGE ( 'NONE', *, *, #1293, .F. ) ;
#1417 = CARTESIAN_POINT ( 'NONE',  ( -6.404443357054651287, -8.607091066962954784, 1.125000000000000222 ) ) ;
#1418 = CARTESIAN_POINT ( 'NONE',  ( -5.406966250626568993, -0.9535049481706063812, 1.187500000000000000 ) ) ;
#1419 = TOROIDAL_SURFACE ( 'NONE', #459, 0.6975000000000000089, 0.06250000000000000000 ) ;
#1420 = DIRECTION ( 'NONE',  ( 1.000000000000000000, 0.000000000000000000, 0.000000000000000000 ) ) ;
#1421 = CIRCLE ( 'NONE', #776, 0.1250000000000001110 ) ;
#1422 = DIRECTION ( 'NONE',  ( 0.000000000000000000, 0.000000000000000000, -1.000000000000000000 ) ) ;
#1423 = CLOSED_SHELL ( 'NONE', ( #1136, #74, #14, #422, #393, #523, #961, #1207, #1479, #93, #539, #517, #1184, #1506, #1450, #1054, #20, #222, #151, #857, #428, #1311, #609, #979, #810, #172, #731, #170, #161, #719, #699, #1241, #917, #1171, #450, #121, #1263, #875, #1013, #1374, #580, #230, #1240, #379, #1012, #799, #182, #1178, #937, #252 ) ) ;
#1424 = ORIENTED_EDGE ( 'NONE', *, *, #950, .T. ) ;
#1425 = CARTESIAN_POINT ( 'NONE',  ( -6.057017705611696279, -6.280298008170606572, 1.125000000000000222 ) ) ;
#1426 = CIRCLE ( 'NONE', #42, 1.000000000000000222 ) ;
#1427 = FACE_OUTER_BOUND ( 'NONE', #1040, .T. ) ;
#1428 = ORIENTED_EDGE ( 'NONE', *, *, #992, .T. ) ;
#1429 = DIRECTION ( 'NONE',  ( 0.000000000000000000, -0.000000000000000000, -1.000000000000000000 ) ) ;
#1430 = DIRECTION ( 'NONE',  ( -0.8785222135698184109, -0.4777014970296685203, 0.000000000000000000 ) ) ;
#1431 = ORIENTED_EDGE ( 'NONE', *, *, #711, .F. ) ;
#1432 = DIRECTION ( 'NONE',  ( 1.000000000000000000, 0.000000000000000000, 0.000000000000000000 ) ) ;
#1433 = DIRECTION ( 'NONE',  ( 0.000000000000000000, -0.000000000000000000, -1.000000000000000000 ) ) ;
#1434 = ORIENTED_EDGE ( 'NONE', *, *, #329, .F. ) ;
#1435 = CARTESIAN_POINT ( 'NONE',  ( -6.057017705611691838, -3.953504948170606603, 1.125000000000000222 ) ) ;
#1436 = EDGE_LOOP ( 'NONE', ( #981, #420, #1197, #983 ) ) ;
#1437 = DIRECTION ( 'NONE',  ( -0.000000000000000000, 0.000000000000000000, 1.000000000000000000 ) ) ;
#1438 = CARTESIAN_POINT ( 'NONE',  ( -6.057017705611696279, -6.280298008170606572, 1.250000000000000000 ) ) ;
#1439 = EDGE_CURVE ( 'NONE', #513, #800, #410, .T. ) ;
#1440 = ORIENTED_EDGE ( 'NONE', *, *, #1027, .F. ) ;
#1441 = TOROIDAL_SURFACE ( 'NONE', #384, 0.6975000000000000089, 0.06250000000000000000 ) ;
#1442 = DIRECTION ( 'NONE',  ( -0.000000000000000000, 0.000000000000000000, 1.000000000000000000 ) ) ;
#1443 = CIRCLE ( 'NONE', #585, 0.6975000000000002309 ) ;
#1444 = ORIENTED_EDGE ( 'NONE', *, *, #1329, .F. ) ;
#1445 = DIRECTION ( 'NONE',  ( -0.000000000000000000, -0.000000000000000000, -1.000000000000000000 ) ) ;
#1446 = DIRECTION ( 'NONE',  ( 0.000000000000000000, -0.000000000000000000, -1.000000000000000000 ) ) ;
#1447 = AXIS2_PLACEMENT_3D ( 'NONE', #125, #603, #1385 ) ;
#1448 = EDGE_CURVE ( 'NONE', #164, #1309, #1443, .T. ) ;
#1449 = ORIENTED_EDGE ( 'NONE', *, *, #872, .T. ) ;
#1450 = ADVANCED_FACE ( 'NONE', ( #153 ), #844, .F. ) ;
#1451 = AXIS2_PLACEMENT_3D ( 'NONE', #1497, #1503, #324 ) ;
#1452 = DIRECTION ( 'NONE',  ( 1.000000000000000000, 0.000000000000000000, 0.000000000000000000 ) ) ;
#1453 = VERTEX_POINT ( 'NONE', #630 ) ;
#1454 = DIRECTION ( 'NONE',  ( -0.000000000000000000, -0.000000000000000000, -1.000000000000000000 ) ) ;
#1455 = DIRECTION ( 'NONE',  ( -0.000000000000000000, 0.000000000000000000, 1.000000000000000000 ) ) ;
#1456 = VERTEX_POINT ( 'NONE', #1298 ) ;
#1457 = CARTESIAN_POINT ( 'NONE',  ( -6.057017705611691838, -3.953504948170606603, 1.250000000000000000 ) ) ;
#1458 = ORIENTED_EDGE ( 'NONE', *, *, #820, .F. ) ;
#1459 = CARTESIAN_POINT ( 'NONE',  ( -6.057017705611691838, -3.953504948170606603, 1.250000000000000000 ) ) ;
#1460 = EDGE_CURVE ( 'NONE', #762, #1397, #1468, .T. ) ;
#1461 = CARTESIAN_POINT ( 'NONE',  ( -5.057017705611690950, -5.396971605577291164, 0.1249999999999999445 ) ) ;
#1462 = EDGE_LOOP ( 'NONE', ( #296, #645, #775, #651 ) ) ;
#1463 = FACE_BOUND ( 'NONE', #446, .T. ) ;
#1464 = EDGE_LOOP ( 'NONE', ( #606, #666, #183, #374 ) ) ;
#1465 = FACE_OUTER_BOUND ( 'NONE', #194, .T. ) ;
#1466 = AXIS2_PLACEMENT_3D ( 'NONE', #266, #37, #834 ) ;
#1467 = EDGE_CURVE ( 'NONE', #382, #444, #797, .T. ) ;
#1468 = CIRCLE ( 'NONE', #611, 0.7500000000000000000 ) ;
#1469 = DIRECTION ( 'NONE',  ( -0.2916225681541254611, -0.9565334692226887814, 0.000000000000000000 ) ) ;
#1470 = AXIS2_PLACEMENT_3D ( 'NONE', #475, #248, #361 ) ;
#1471 = ORIENTED_EDGE ( 'NONE', *, *, #1069, .T. ) ;
#1472 = CIRCLE ( 'NONE', #1373, 0.6249999999999998890 ) ;
#1473 = AXIS2_PLACEMENT_3D ( 'NONE', #16, #865, #744 ) ;
#1474 = EDGE_CURVE ( 'NONE', #97, #211, #1229, .T. ) ;
#1475 = ORIENTED_EDGE ( 'NONE', *, *, #808, .F. ) ;
#1476 = LINE ( 'NONE', #447, #619 ) ;
#1477 = CARTESIAN_POINT ( 'NONE',  ( -5.029443357054649510, -8.607091066962954784, 1.250000000000000000 ) ) ;
#1478 = EDGE_LOOP ( 'NONE', ( #158, #1475, #106, #682 ) ) ;
#1479 = ADVANCED_FACE ( 'NONE', ( #973 ), #532, .T. ) ;
#1480 = CARTESIAN_POINT ( 'NONE',  ( -5.406966250626568993, -0.9535049481706063812, 0.000000000000000000 ) ) ;
#1481 = ORIENTED_EDGE ( 'NONE', *, *, #1275, .F. ) ;
#1482 = DIRECTION ( 'NONE',  ( 1.000000000000000000, 0.000000000000000000, 0.000000000000000000 ) ) ;
#1483 = DIRECTION ( 'NONE',  ( 0.000000000000000000, -1.000000000000000000, 0.000000000000000000 ) ) ;
#1484 = DIRECTION ( 'NONE',  ( -1.000000000000000000, 0.000000000000000000, 0.000000000000000000 ) ) ;
#1485 = EDGE_CURVE ( 'NONE', #869, #602, #729, .T. ) ;
#1486 = DIRECTION ( 'NONE',  ( 1.000000000000000000, 0.000000000000000000, 0.000000000000000000 ) ) ;
#1487 = ORIENTED_EDGE ( 'NONE', *, *, #411, .T. ) ;
#1488 = DIRECTION ( 'NONE',  ( 1.224646799147353207E-16, 1.000000000000000000, 0.000000000000000000 ) ) ;
#1489 = ORIENTED_EDGE ( 'NONE', *, *, #1363, .T. ) ;
#1490 = CIRCLE ( 'NONE', #1277, 0.6975000000000002309 ) ;
#1491 = CIRCLE ( 'NONE', #262, 0.1250000000000000000 ) ;
#1492 = CARTESIAN_POINT ( 'NONE',  ( -5.654443357054650399, -8.607091066962954784, 1.250000000000000000 ) ) ;
#1493 = EDGE_CURVE ( 'NONE', #921, #1453, #1421, .T. ) ;
#1494 = DIRECTION ( 'NONE',  ( -0.000000000000000000, 0.000000000000000000, 1.000000000000000000 ) ) ;
#1495 = AXIS2_PLACEMENT_3D ( 'NONE', #836, #1087, #1432 ) ;
#1496 = EDGE_LOOP ( 'NONE', ( #1128, #720, #187, #1351, #1489, #769 ) ) ;
#1497 = CARTESIAN_POINT ( 'NONE',  ( 7.864935634838235323, -4.999768081309087897, 1.250000000000000000 ) ) ;
#1498 = AXIS2_PLACEMENT_3D ( 'NONE', #652, #53, #313 ) ;
#1499 = FACE_OUTER_BOUND ( 'NONE', #858, .T. ) ;
#1500 = DIRECTION ( 'NONE',  ( 1.000000000000000000, 4.758098676964956264E-15, 0.000000000000000000 ) ) ;
#1501 = DIRECTION ( 'NONE',  ( 1.224646799147353207E-16, 1.000000000000000000, 0.000000000000000000 ) ) ;
#1502 = EDGE_LOOP ( 'NONE', ( #155, #679, #1361, #368 ) ) ;
#1503 = DIRECTION ( 'NONE',  ( -0.000000000000000000, -0.000000000000000000, -1.000000000000000000 ) ) ;
#1504 = EDGE_CURVE ( 'NONE', #1288, #480, #111, .T. ) ;
#1505 = VERTEX_POINT ( 'NONE', #501 ) ;
#1506 = ADVANCED_FACE ( 'NONE', ( #241 ), #560, .T. ) ;
#1507 = DIRECTION ( 'NONE',  ( 1.000000000000000000, 0.000000000000000000, 0.000000000000000000 ) ) ;
ENDSEC;
END-ISO-10303-21;
