ISO-10303-21;
HEADER;
FILE_DESCRIPTION (( 'STEP AP214' ),
    '1' );
FILE_NAME ('robot base primitive.STEP',
    '2026-09-02T02:48:56',
    ( '' ),
    ( '' ),
    'SwSTEP 2.0',
    'SolidWorks 2025',
    '' );
FILE_SCHEMA (( 'AUTOMOTIVE_DESIGN' ));
ENDSEC;

DATA;
#1 = CARTESIAN_POINT ( 'NONE',  ( 2.161522523235150928, -13.47892369111866628, -2.459117274292068611 ) ) ;
#2 = CARTESIAN_POINT ( 'NONE',  ( -0.1255891262171388023, -16.60416666666667140, -3.624999999999999556 ) ) ;
#3 = EDGE_LOOP ( 'NONE', ( #191, #620, #1961, #2029 ) ) ;
#4 = EDGE_CURVE ( 'NONE', #2628, #2695, #3294, .T. ) ;
#5 = CARTESIAN_POINT ( 'NONE',  ( -0.06308912621713919089, -13.51916666666666522, -2.349111652351681290 ) ) ;
#6 = AXIS2_PLACEMENT_3D ( 'NONE', #139, #366, #654 ) ;
#7 = EDGE_CURVE ( 'NONE', #1158, #2564, #823, .T. ) ;
#8 = DIRECTION ( 'NONE',  ( 0.000000000000000000, 0.000000000000000000, 1.000000000000000000 ) ) ;
#9 = DIRECTION ( 'NONE',  ( 0.000000000000000000, 0.000000000000000000, 1.000000000000000000 ) ) ;
#10 = ORIENTED_EDGE ( 'NONE', *, *, #217, .F. ) ;
#11 = CARTESIAN_POINT ( 'NONE',  ( 5.798413639724297575, -13.94975647358804238, 1.839659384856563662 ) ) ;
#12 = ORIENTED_EDGE ( 'NONE', *, *, #3105, .F. ) ;
#13 = ORIENTED_EDGE ( 'NONE', *, *, #2361, .F. ) ;
#14 = TOROIDAL_SURFACE ( 'NONE', #290, 0.7100000000000000755, 0.06250000000000000000 ) ;
#15 = DIRECTION ( 'NONE',  ( -0.000000000000000000, 1.127570259384925597E-16, -1.000000000000000000 ) ) ;
#16 = DIRECTION ( 'NONE',  ( -0.000000000000000000, 1.000000000000000000, 1.653429842074794661E-16 ) ) ;
#17 = VECTOR ( 'NONE', #451, 100.0000000000000000 ) ;
#18 = CARTESIAN_POINT ( 'NONE',  ( 2.138387059352813147, -13.49528293440475046, -2.410039544434063874 ) ) ;
#19 = EDGE_LOOP ( 'NONE', ( #981, #2394, #2228, #1993 ) ) ;
#20 = LINE ( 'NONE', #1836, #3360 ) ;
#21 = ORIENTED_EDGE ( 'NONE', *, *, #243, .F. ) ;
#22 = AXIS2_PLACEMENT_3D ( 'NONE', #3089, #1257, #3370 ) ;
#23 = DIRECTION ( 'NONE',  ( -0.000000000000000000, -0.000000000000000000, 1.000000000000000000 ) ) ;
#24 = DIRECTION ( 'NONE',  ( 0.000000000000000000, -1.000000000000000000, -1.127570259384925597E-16 ) ) ;
#25 = CARTESIAN_POINT ( 'NONE',  ( 5.771574476143116250, -14.00964077959223530, 1.875000000000002442 ) ) ;
#26 = EDGE_CURVE ( 'NONE', #1618, #1158, #3287, .T. ) ;
#27 = VERTEX_POINT ( 'NONE', #2698 ) ;
#28 = VERTEX_POINT ( 'NONE', #928 ) ;
#29 = CARTESIAN_POINT ( 'NONE',  ( 3.553392816961948419, -13.89142250547916113, 1.875000000000002442 ) ) ;
#30 = AXIS2_PLACEMENT_3D ( 'NONE', #311, #1377, #622 ) ;
#31 = DIRECTION ( 'NONE',  ( 0.000000000000000000, 0.000000000000000000, -1.000000000000000000 ) ) ;
#32 = LINE ( 'NONE', #2087, #1223 ) ;
#33 = CARTESIAN_POINT ( 'NONE',  ( 2.122687574878223238, -13.95730641682691520, -3.625000000000000444 ) ) ;
#34 = EDGE_LOOP ( 'NONE', ( #1185, #3098, #985, #1071, #2020 ) ) ;
#35 = CARTESIAN_POINT ( 'NONE',  ( 0.3744108737828606426, -11.66666666666666607, -3.562499999999999556 ) ) ;
#36 = DIRECTION ( 'NONE',  ( 1.257674520083186869E-16, -1.000000000000000000, 0.000000000000000000 ) ) ;
#37 = CARTESIAN_POINT ( 'NONE',  ( 5.723392816962751262, -13.86827831901835140, 1.812500000000002220 ) ) ;
#38 = EDGE_LOOP ( 'NONE', ( #1389, #83, #1802, #1929 ) ) ;
#39 = DIRECTION ( 'NONE',  ( -0.000000000000000000, -1.000000000000000000, -0.000000000000000000 ) ) ;
#40 = DIRECTION ( 'NONE',  ( 0.000000000000000000, 0.000000000000000000, -1.000000000000000000 ) ) ;
#41 = FACE_OUTER_BOUND ( 'NONE', #315, .T. ) ;
#42 = ORIENTED_EDGE ( 'NONE', *, *, #1393, .T. ) ;
#43 = ORIENTED_EDGE ( 'NONE', *, *, #1821, .F. ) ;
#44 = EDGE_CURVE ( 'NONE', #203, #711, #2135, .T. ) ;
#45 = CARTESIAN_POINT ( 'NONE',  ( 2.231910873782861238, -16.60416666666667140, 1.875000000000002442 ) ) ;
#46 = VECTOR ( 'NONE', #1431, 100.0000000000000000 ) ;
#47 = EDGE_CURVE ( 'NONE', #523, #1040, #1489, .T. ) ;
#48 = DIRECTION ( 'NONE',  ( -0.000000000000000000, -0.000000000000000000, 1.000000000000000000 ) ) ;
#49 = AXIS2_PLACEMENT_3D ( 'NONE', #692, #936, #2537 ) ;
#50 = DIRECTION ( 'NONE',  ( 0.000000000000000000, 0.7071067811865335839, 0.7071067811865613395 ) ) ;
#51 = AXIS2_PLACEMENT_3D ( 'NONE', #427, #691, #190 ) ;
#52 = FACE_OUTER_BOUND ( 'NONE', #1380, .T. ) ;
#53 = DIRECTION ( 'NONE',  ( 1.000000000000000000, 0.000000000000000000, 0.000000000000000000 ) ) ;
#54 = CARTESIAN_POINT ( 'NONE',  ( 8.106910873782860349, -13.58166666666666345, 1.349111652351680846 ) ) ;
#55 = CARTESIAN_POINT ( 'NONE',  ( 1.021910873782860829, -11.66666666666666607, -2.937500000000000000 ) ) ;
#56 = FACE_OUTER_BOUND ( 'NONE', #3312, .T. ) ;
#57 = ORIENTED_EDGE ( 'NONE', *, *, #1905, .T. ) ;
#58 = VECTOR ( 'NONE', #2205, 100.0000000000000000 ) ;
#59 = FACE_OUTER_BOUND ( 'NONE', #1200, .T. ) ;
#60 = DIRECTION ( 'NONE',  ( 1.734723475976844072E-16, -1.000000000000000000, 0.000000000000000000 ) ) ;
#61 = VERTEX_POINT ( 'NONE', #98 ) ;
#62 = ORIENTED_EDGE ( 'NONE', *, *, #2345, .F. ) ;
#63 = CARTESIAN_POINT ( 'NONE',  ( 3.483004466415020595, -13.93504939237491058, 1.834757024452240870 ) ) ;
#64 = AXIS2_PLACEMENT_3D ( 'NONE', #944, #1994, #182 ) ;
#65 = AXIS2_PLACEMENT_3D ( 'NONE', #2386, #3182, #591 ) ;
#66 = CARTESIAN_POINT ( 'NONE',  ( 8.106910873782860349, -13.51916666666666522, -3.125000000000002665 ) ) ;
#67 = EDGE_CURVE ( 'NONE', #2695, #2920, #764, .T. ) ;
#68 = DIRECTION ( 'NONE',  ( -1.000000000000000000, 0.000000000000000000, 0.000000000000000000 ) ) ;
#69 = VECTOR ( 'NONE', #2614, 100.0000000000000000 ) ;
#70 = CYLINDRICAL_SURFACE ( 'NONE', #2160, 0.6475000000000001865 ) ;
#71 = CARTESIAN_POINT ( 'NONE',  ( -0.1255891262171392464, -13.08166666666666345, -2.900888347648317822 ) ) ;
#72 = EDGE_CURVE ( 'NONE', #252, #2053, #896, .T. ) ;
#73 = VECTOR ( 'NONE', #1149, 100.0000000000000000 ) ;
#74 = FACE_OUTER_BOUND ( 'NONE', #150, .T. ) ;
#75 = DIRECTION ( 'NONE',  ( -1.000000000000000000, 0.000000000000000000, 0.000000000000000000 ) ) ;
#76 = CARTESIAN_POINT ( 'NONE',  ( 3.490892816962751333, -9.821285196333107592, 1.812500000000002220 ) ) ;
#77 = VECTOR ( 'NONE', #2811, 100.0000000000000000 ) ;
#78 = DIRECTION ( 'NONE',  ( -1.000000000000000000, -1.257674520083186869E-16, 0.000000000000000000 ) ) ;
#79 = ORIENTED_EDGE ( 'NONE', *, *, #2501, .T. ) ;
#80 = FACE_OUTER_BOUND ( 'NONE', #1453, .T. ) ;
#81 = DIRECTION ( 'NONE',  ( 0.000000000000000000, 0.000000000000000000, -1.000000000000000000 ) ) ;
#82 = ORIENTED_EDGE ( 'NONE', *, *, #112, .F. ) ;
#83 = ORIENTED_EDGE ( 'NONE', *, *, #1193, .F. ) ;
#84 = VECTOR ( 'NONE', #709, 100.0000000000000000 ) ;
#85 = CARTESIAN_POINT ( 'NONE',  ( 2.195299221431179504, -16.64077831901835225, 1.875000000000002442 ) ) ;
#86 = DIRECTION ( 'NONE',  ( 0.000000000000000000, 0.000000000000000000, -1.000000000000000000 ) ) ;
#87 = DIRECTION ( 'NONE',  ( 1.000000000000000000, 0.000000000000000000, 0.000000000000000000 ) ) ;
#88 = EDGE_CURVE ( 'NONE', #732, #1638, #1228, .T. ) ;
#89 = CARTESIAN_POINT ( 'NONE',  ( 2.171037581671277028, -13.90298151443949948, -3.574067731806994885 ) ) ;
#90 = PRODUCT_DEFINITION ( 'UNKNOWN', '', #2799, #636 ) ;
#91 = ADVANCED_FACE ( 'NONE', ( #2845 ), #1808, .F. ) ;
#92 = CARTESIAN_POINT ( 'NONE',  ( 3.990892816962750889, -9.821285196333107592, 1.875000000000002442 ) ) ;
#93 = EDGE_CURVE ( 'NONE', #1769, #673, #1484, .T. ) ;
#94 = DIRECTION ( 'NONE',  ( -0.000000000000000000, -0.000000000000000000, -1.000000000000000000 ) ) ;
#95 = EDGE_LOOP ( 'NONE', ( #915, #634, #2630, #1514 ) ) ;
#96 = DIRECTION ( 'NONE',  ( 1.000000000000000000, 0.000000000000000000, 0.000000000000000000 ) ) ;
#97 = CARTESIAN_POINT ( 'NONE',  ( 3.928392816962750889, -9.821285196333107592, 1.812500000000002220 ) ) ;
#98 = CARTESIAN_POINT ( 'NONE',  ( -0.06308912621713919089, -13.51916666666666522, -0.3750000000000002220 ) ) ;
#99 = EDGE_LOOP ( 'NONE', ( #2730, #2063, #839, #2846, #2234, #2428 ) ) ;
#100 = CARTESIAN_POINT ( 'NONE',  ( 0.000000000000000000, -13.58166666666666345, 0.8125000000000000000 ) ) ;
#101 =( BOUNDED_CURVE ( )  B_SPLINE_CURVE ( 3, ( #2025, #960, #2778, #1247 ),
 .UNSPECIFIED., .F., .T. ) 
 B_SPLINE_CURVE_WITH_KNOTS ( ( 4, 4 ),
 ( 0.000000000000000000, 1.570796326794896780 ),
 .UNSPECIFIED. ) 
 CURVE ( )  GEOMETRIC_REPRESENTATION_ITEM ( )  RATIONAL_B_SPLINE_CURVE ( ( 1.000000000000000000, 0.8047378541243649375, 0.8047378541243649375, 1.000000000000000000 ) ) 
 REPRESENTATION_ITEM ( '' )  );
#102 = EDGE_LOOP ( 'NONE', ( #774, #1657, #288, #3014 ) ) ;
#103 = CARTESIAN_POINT ( 'NONE',  ( 2.231910873782860794, -1.550090476945123692E-16, 0.9375000000000022204 ) ) ;
#104 = ORIENTED_EDGE ( 'NONE', *, *, #1959, .F. ) ;
#105 = FACE_OUTER_BOUND ( 'NONE', #1723, .T. ) ;
#106 = AXIS2_PLACEMENT_3D ( 'NONE', #1376, #2465, #2171 ) ;
#107 = CARTESIAN_POINT ( 'NONE',  ( 2.163874275826977112, -13.88488811466297790, -3.625000000000000444 ) ) ;
#108 = VECTOR ( 'NONE', #1631, 100.0000000000000000 ) ;
#109 = VECTOR ( 'NONE', #3071, 100.0000000000000000 ) ;
#110 = CARTESIAN_POINT ( 'NONE',  ( -0.06308912621713924640, -13.01916666666666522, 0.1249999999999995420 ) ) ;
#111 = VECTOR ( 'NONE', #953, 100.0000000000000000 ) ;
#112 = EDGE_CURVE ( 'NONE', #2355, #1844, #2795, .T. ) ;
#113 = CARTESIAN_POINT ( 'NONE',  ( 2.169410873782861238, -13.54505501431498260, 0.8750000000000001110 ) ) ;
#114 = ORIENTED_EDGE ( 'NONE', *, *, #2050, .F. ) ;
#115 = EDGE_CURVE ( 'NONE', #3260, #754, #1757, .T. ) ;
#116 = DIRECTION ( 'NONE',  ( -1.373830901348286031E-14, 0.7071067811865558994, -0.7071067811865392461 ) ) ;
#117 = ORIENTED_EDGE ( 'NONE', *, *, #1045, .T. ) ;
#118 = ORIENTED_EDGE ( 'NONE', *, *, #2368, .F. ) ;
#119 = VECTOR ( 'NONE', #2970, 99.99999999999998579 ) ;
#120 = CARTESIAN_POINT ( 'NONE',  ( 0.000000000000000000, 0.000000000000000000, -3.624999999999999556 ) ) ;
#121 = LINE ( 'NONE', #2770, #2181 ) ;
#122 = VERTEX_POINT ( 'NONE', #489 ) ;
#123 = DIRECTION ( 'NONE',  ( 0.000000000000000000, -0.7071067811865470176, -0.7071067811865481278 ) ) ;
#124 = AXIS2_PLACEMENT_3D ( 'NONE', #1799, #1547, #1051 ) ;
#125 = CARTESIAN_POINT ( 'NONE',  ( 5.785892816962751262, -13.86827831901835140, 1.812500000000002220 ) ) ;
#126 = CIRCLE ( 'NONE', #1010, 0.06249999999999953509 ) ;
#127 = CARTESIAN_POINT ( 'NONE',  ( 8.106910873782860349, -14.04505501431498260, -3.562499999999999556 ) ) ;
#128 = ORIENTED_EDGE ( 'NONE', *, *, #1882, .F. ) ;
#129 = FACE_OUTER_BOUND ( 'NONE', #3076, .T. ) ;
#130 = EDGE_CURVE ( 'NONE', #1232, #2150, #2596, .T. ) ;
#131 = CARTESIAN_POINT ( 'NONE',  ( 5.723392816962751262, -13.86827831901835140, 1.875000000000002442 ) ) ;
#132 = ORIENTED_EDGE ( 'NONE', *, *, #2571, .T. ) ;
#133 = VERTEX_POINT ( 'NONE', #1277 ) ;
#134 = AXIS2_PLACEMENT_3D ( 'NONE', #2543, #1483, #963 ) ;
#135 = LINE ( 'NONE', #170, #3336 ) ;
#136 = ADVANCED_FACE ( 'NONE', ( #2319 ), #1035, .F. ) ;
#138 = ORIENTED_EDGE ( 'NONE', *, *, #2230, .F. ) ;
#137 = VECTOR ( 'NONE', #779, 100.0000000000000000 ) ;
#139 = CARTESIAN_POINT ( 'NONE',  ( 8.169410873782860349, -1.653429842074798359E-16, 1.000000000000002220 ) ) ;
#140 = VECTOR ( 'NONE', #3351, 100.0000000000000000 ) ;
#141 = EDGE_CURVE ( 'NONE', #1107, #2751, #2013, .T. ) ;
#142 = ORIENTED_EDGE ( 'NONE', *, *, #1531, .T. ) ;
#143 = CARTESIAN_POINT ( 'NONE',  ( 2.169410873782861238, -15.26916666666666700, 1.812500000000002220 ) ) ;
#144 = MECHANICAL_DESIGN_GEOMETRIC_PRESENTATION_REPRESENTATION (  '', ( #1190 ), #699 ) ;
#145 = DIRECTION ( 'NONE',  ( 0.000000000000000000, 0.000000000000000000, 1.000000000000000000 ) ) ;
#146 = DIRECTION ( 'NONE',  ( 1.734723475976844072E-16, -1.000000000000000000, 2.220446049250360413E-14 ) ) ;
#147 = EDGE_LOOP ( 'NONE', ( #2599, #42, #3274, #3021, #1596, #1467, #1551, #117, #735, #2100, #2170, #2753, #1956, #385, #1002, #2533, #1037, #2513, #2541 ) ) ;
#148 = CARTESIAN_POINT ( 'NONE',  ( 0.3119108737828606981, -11.66666666666666607, -2.937500000000000000 ) ) ;
#149 = DIRECTION ( 'NONE',  ( -1.000000000000000000, -0.000000000000000000, -0.000000000000000000 ) ) ;
#150 = EDGE_LOOP ( 'NONE', ( #454, #900, #1704, #2016 ) ) ;
#151 = EDGE_LOOP ( 'NONE', ( #1041, #3330, #700, #1613 ) ) ;
#152 = DIRECTION ( 'NONE',  ( 0.000000000000000000, 0.000000000000000000, -1.000000000000000000 ) ) ;
#153 = ORIENTED_EDGE ( 'NONE', *, *, #3281, .F. ) ;
#154 = DIRECTION ( 'NONE',  ( 0.000000000000000000, -1.000000000000000000, -1.653429842074794661E-16 ) ) ;
#155 = ADVANCED_FACE ( 'NONE', ( #2076 ), #200, .F. ) ;
#156 = CARTESIAN_POINT ( 'NONE',  ( 2.195299221431179504, -15.26916666666666700, 0.9999999999999998890 ) ) ;
#157 = ORIENTED_EDGE ( 'NONE', *, *, #1683, .T. ) ;
#158 = EDGE_CURVE ( 'NONE', #1679, #1267, #3112, .T. ) ;
#159 = LINE ( 'NONE', #383, #2826 ) ;
#160 = VECTOR ( 'NONE', #1319, 100.0000000000000000 ) ;
#161 = CYLINDRICAL_SURFACE ( 'NONE', #2003, 0.06250000000000005551 ) ;
#162 = VECTOR ( 'NONE', #3213, 100.0000000000000000 ) ;
#163 = ORIENTED_EDGE ( 'NONE', *, *, #2180, .T. ) ;
#164 = AXIS2_PLACEMENT_3D ( 'NONE', #577, #2371, #2950 ) ;
#165 = CARTESIAN_POINT ( 'NONE',  ( 2.106910873782861238, 0.000000000000000000, -3.562499999999999556 ) ) ;
#166 = LINE ( 'NONE', #2012, #1349 ) ;
#167 = AXIS2_PLACEMENT_3D ( 'NONE', #2946, #2360, #278 ) ;
#168 = CARTESIAN_POINT ( 'NONE',  ( -0.1255891262171391909, -13.56336084049082658, -0.3308058261758402008 ) ) ;
#169 = ORIENTED_EDGE ( 'NONE', *, *, #26, .F. ) ;
#170 = CARTESIAN_POINT ( 'NONE',  ( -0.1255891262171394129, -12.99327831901834784, 0.1249999999999998335 ) ) ;
#171 = ORIENTED_EDGE ( 'NONE', *, *, #1409, .F. ) ;
#172 = DIRECTION ( 'NONE',  ( 1.257674520083186869E-16, -1.000000000000000000, 0.000000000000000000 ) ) ;
#173 = ORIENTED_EDGE ( 'NONE', *, *, #2287, .F. ) ;
#174 = EDGE_CURVE ( 'NONE', #1124, #2113, #2781, .T. ) ;
#175 = LINE ( 'NONE', #3027, #2850 ) ;
#176 = DIRECTION ( 'NONE',  ( 5.551115123125901031E-15, -1.000000000000000000, 7.216449660063671498E-14 ) ) ;
#177 = EDGE_CURVE ( 'NONE', #1638, #2628, #752, .T. ) ;
#178 = SPHERICAL_SURFACE ( 'NONE', #1950, 0.06250000000000000000 ) ;
#179 = VECTOR ( 'NONE', #3390, 100.0000000000000000 ) ;
#180 = AXIS2_PLACEMENT_3D ( 'NONE', #54, #2740, #1667 ) ;
#181 = ORIENTED_EDGE ( 'NONE', *, *, #956, .T. ) ;
#182 = DIRECTION ( 'NONE',  ( 0.000000000000000000, 0.000000000000000000, 1.000000000000000000 ) ) ;
#183 = PLANE ( 'NONE',  #3203 ) ;
#184 = DIRECTION ( 'NONE',  ( 0.000000000000000000, 1.000000000000000000, -0.000000000000000000 ) ) ;
#185 = AXIS2_PLACEMENT_3D ( 'NONE', #3126, #1864, #2608 ) ;
#186 = ORIENTED_EDGE ( 'NONE', *, *, #894, .T. ) ;
#187 = ORIENTED_EDGE ( 'NONE', *, *, #2112, .T. ) ;
#188 = AXIS2_PLACEMENT_3D ( 'NONE', #1123, #649, #895 ) ;
#189 = ORIENTED_EDGE ( 'NONE', *, *, #1372, .F. ) ;
#190 = DIRECTION ( 'NONE',  ( 1.000000000000000000, 0.000000000000000000, 0.000000000000000000 ) ) ;
#191 = ORIENTED_EDGE ( 'NONE', *, *, #469, .T. ) ;
#192 = DIRECTION ( 'NONE',  ( 0.000000000000000000, 0.000000000000000000, -1.000000000000000000 ) ) ;
#193 = CARTESIAN_POINT ( 'NONE',  ( -0.1255891262171394129, -11.66666666666667496, -3.624999999999999556 ) ) ;
#194 = DIRECTION ( 'NONE',  ( -1.000000000000000000, -1.257674520083186869E-16, 0.000000000000000000 ) ) ;
#195 = ORIENTED_EDGE ( 'NONE', *, *, #3241, .F. ) ;
#196 = EDGE_CURVE ( 'NONE', #2113, #61, #323, .T. ) ;
#197 = DIRECTION ( 'NONE',  ( 0.000000000000000000, 0.000000000000000000, 1.000000000000000000 ) ) ;
#198 = EDGE_CURVE ( 'NONE', #391, #753, #1924, .T. ) ;
#199 = CARTESIAN_POINT ( 'NONE',  ( 3.428392816962751333, -13.45666666666666700, 1.349111652351680624 ) ) ;
#200 = CYLINDRICAL_SURFACE ( 'NONE', #1053, 0.06250000000000026368 ) ;
#201 = EDGE_LOOP ( 'NONE', ( #2683, #2356, #929, #2349 ) ) ;
#202 = ORIENTED_EDGE ( 'NONE', *, *, #239, .F. ) ;
#203 = VERTEX_POINT ( 'NONE', #2830 ) ;
#204 = LINE ( 'NONE', #693, #1443 ) ;
#205 = CARTESIAN_POINT ( 'NONE',  ( 1.669410873782861016, -11.66666666666666607, 0.1875000000000001665 ) ) ;
#206 = CARTESIAN_POINT ( 'NONE',  ( 1.021910873782860829, -11.01916666666666522, 0.1875000000000002220 ) ) ;
#207 = CARTESIAN_POINT ( 'NONE',  ( -0.06308912621713944069, -11.66666666666667496, -2.875000000000000000 ) ) ;
#208 = CARTESIAN_POINT ( 'NONE',  ( 0.000000000000000000, 0.000000000000000000, 1.000000000000002220 ) ) ;
#209 = EDGE_LOOP ( 'NONE', ( #1006, #1168, #325, #223 ) ) ;
#210 = AXIS2_PLACEMENT_3D ( 'NONE', #916, #1967, #669 ) ;
#211 = CARTESIAN_POINT ( 'NONE',  ( 8.106910873782860349, -14.00086084049082835, -3.606694173824160465 ) ) ;
#212 = CARTESIAN_POINT ( 'NONE',  ( 2.356910873782860794, -14.00086084049082480, 1.856694173824160909 ) ) ;
#213 = EDGE_CURVE ( 'NONE', #1461, #1342, #3326, .T. ) ;
#214 = DIRECTION ( 'NONE',  ( 0.000000000000000000, 1.000000000000000000, 0.000000000000000000 ) ) ;
#215 = AXIS2_PLACEMENT_3D ( 'NONE', #2441, #910, #2165 ) ;
#216 = ORIENTED_EDGE ( 'NONE', *, *, #2573, .F. ) ;
#217 = EDGE_CURVE ( 'NONE', #2840, #969, #1218, .T. ) ;
#218 = VECTOR ( 'NONE', #3212, 100.0000000000000000 ) ;
#219 = ORIENTED_EDGE ( 'NONE', *, *, #2779, .T. ) ;
#220 = ORIENTED_EDGE ( 'NONE', *, *, #72, .F. ) ;
#221 = CARTESIAN_POINT ( 'NONE',  ( 8.169410873782860349, -14.04505501431498971, -3.562500000000000444 ) ) ;
#222 = CARTESIAN_POINT ( 'NONE',  ( 2.231910873782860794, -13.58166666666666345, 1.000000000000000000 ) ) ;
#223 = ORIENTED_EDGE ( 'NONE', *, *, #3194, .T. ) ;
#224 = LINE ( 'NONE', #988, #2011 ) ;
#225 = DIRECTION ( 'NONE',  ( 0.000000000000000000, 0.000000000000000000, -1.000000000000000000 ) ) ;
#226 = VECTOR ( 'NONE', #1104, 100.0000000000000000 ) ;
#227 = CARTESIAN_POINT ( 'NONE',  ( 2.159545896087156525, -13.51916666666666522, -2.407487806878672476 ) ) ;
#228 = VECTOR ( 'NONE', #1226, 100.0000000000000000 ) ;
#229 = ORIENTED_EDGE ( 'NONE', *, *, #1148, .T. ) ;
#230 = FACE_OUTER_BOUND ( 'NONE', #931, .T. ) ;
#231 =( BOUNDED_CURVE ( )  B_SPLINE_CURVE ( 3, ( #3239, #2426, #1871, #1139 ),
 .UNSPECIFIED., .F., .F. ) 
 B_SPLINE_CURVE_WITH_KNOTS ( ( 4, 4 ),
 ( 4.712388980384689674, 6.283185307179586232 ),
 .UNSPECIFIED. ) 
 CURVE ( )  GEOMETRIC_REPRESENTATION_ITEM ( )  RATIONAL_B_SPLINE_CURVE ( ( 1.000000000000000000, 0.8047378541243649375, 0.8047378541243649375, 1.000000000000000000 ) ) 
 REPRESENTATION_ITEM ( '' )  );
#232 = CARTESIAN_POINT ( 'NONE',  ( 0.3744108737828606426, -11.66666666666666607, -2.937500000000000000 ) ) ;
#233 = CARTESIAN_POINT ( 'NONE',  ( 2.169410873782861238, -13.06336084049082302, 0.1691941738241584670 ) ) ;
#234 = ORIENTED_EDGE ( 'NONE', *, *, #1839, .F. ) ;
#235 = AXIS2_PLACEMENT_3D ( 'NONE', #2339, #2353, #510 ) ;
#236 = EDGE_LOOP ( 'NONE', ( #1076, #181, #2645, #1904, #1888, #537 ) ) ;
#237 = CIRCLE ( 'NONE', #1564, 0.06249999999999866773 ) ;
#238 = EDGE_LOOP ( 'NONE', ( #1292, #234, #3102, #12 ) ) ;
#239 = EDGE_CURVE ( 'NONE', #425, #3361, #475, .T. ) ;
#240 = ADVANCED_FACE ( 'NONE', ( #1936 ), #2981, .T. ) ;
#241 = CARTESIAN_POINT ( 'NONE',  ( 2.180134178486223817, -13.51916666666666522, -2.349111652351679513 ) ) ;
#242 = ORIENTED_EDGE ( 'NONE', *, *, #1492, .F. ) ;
#243 = EDGE_CURVE ( 'NONE', #1650, #2269, #788, .T. ) ;
#244 = CYLINDRICAL_SURFACE ( 'NONE', #1740, 0.06250000000000026368 ) ;
#245 = LINE ( 'NONE', #760, #3056 ) ;
#246 = AXIS2_PLACEMENT_3D ( 'NONE', #97, #2478, #3240 ) ;
#247 = CARTESIAN_POINT ( 'NONE',  ( 2.106910873782861238, -11.66666666666666607, 0.1875000000000000000 ) ) ;
#248 = ORIENTED_EDGE ( 'NONE', *, *, #93, .T. ) ;
#249 = CARTESIAN_POINT ( 'NONE',  ( 2.169410873782861238, -13.51916666666666522, -0.2866116523516836212 ) ) ;
#250 = DIRECTION ( 'NONE',  ( 0.000000000000000000, 0.000000000000000000, -1.000000000000000000 ) ) ;
#251 = CARTESIAN_POINT ( 'NONE',  ( 0.000000000000000000, -14.04505501431498260, 1.812500000000002220 ) ) ;
#252 = VERTEX_POINT ( 'NONE', #851 ) ;
#253 = TOROIDAL_SURFACE ( 'NONE', #1472, 0.7100000000000000755, 0.06250000000000000000 ) ;
#254 = CARTESIAN_POINT ( 'NONE',  ( 5.795757794658493722, -13.98667885978780490, 1.875000000000002220 ) ) ;
#255 = EDGE_LOOP ( 'NONE', ( #1332, #1278, #3108, #3377 ) ) ;
#256 = EDGE_LOOP ( 'NONE', ( #583, #3344, #13, #187 ) ) ;
#257 = DIRECTION ( 'NONE',  ( 0.000000000000000000, 0.000000000000000000, 1.000000000000000000 ) ) ;
#258 = DIRECTION ( 'NONE',  ( -0.000000000000000000, -1.000000000000000000, -0.000000000000000000 ) ) ;
#259 = EDGE_CURVE ( 'NONE', #1528, #1232, #2567, .T. ) ;
#260 = CARTESIAN_POINT ( 'NONE',  ( 8.169410873782860349, -13.58166666666666345, -3.099111652351681734 ) ) ;
#261 = EDGE_CURVE ( 'NONE', #3361, #711, #1146, .T. ) ;
#262 = CARTESIAN_POINT ( 'NONE',  ( 2.167784165894481863, -13.46823439847380577, -2.491185152227152422 ) ) ;
#263 = DIRECTION ( 'NONE',  ( -4.111937128241320045E-16, 1.000000000000000000, 0.000000000000000000 ) ) ;
#264 = ORIENTED_EDGE ( 'NONE', *, *, #130, .F. ) ;
#265 = CARTESIAN_POINT ( 'NONE',  ( 8.169410873782860349, -16.60416666666667140, 0.000000000000000000 ) ) ;
#266 = PLANE ( 'NONE',  #2708 ) ;
#267 = EDGE_LOOP ( 'NONE', ( #689, #1946, #1545, #546 ) ) ;
#268 = CIRCLE ( 'NONE', #3011, 0.06250000000000005551 ) ;
#269 = CARTESIAN_POINT ( 'NONE',  ( 5.785892816962751262, -13.45666666666666700, 1.349111652351680624 ) ) ;
#270 = CYLINDRICAL_SURFACE ( 'NONE', #3359, 0.06250000000000005551 ) ;
#271 = AXIS2_PLACEMENT_3D ( 'NONE', #589, #2437, #2420 ) ;
#272 = ORIENTED_EDGE ( 'NONE', *, *, #2224, .F. ) ;
#273 = EDGE_LOOP ( 'NONE', ( #2565, #617, #542, #2805 ) ) ;
#274 = VECTOR ( 'NONE', #2365, 100.0000000000000000 ) ;
#275 = LINE ( 'NONE', #1338, #1436 ) ;
#276 = DIRECTION ( 'NONE',  ( 0.000000000000000000, 0.000000000000000000, -1.000000000000000000 ) ) ;
#277 = AXIS2_PLACEMENT_3D ( 'NONE', #2488, #2705, #1912 ) ;
#278 = DIRECTION ( 'NONE',  ( 0.000000000000000000, -0.000000000000000000, -1.000000000000000000 ) ) ;
#279 = EDGE_CURVE ( 'NONE', #2275, #2125, #3013, .T. ) ;
#280 = CARTESIAN_POINT ( 'NONE',  ( 2.231910873782861682, -15.20666666666666877, 1.812500000000002220 ) ) ;
#281 = DIRECTION ( 'NONE',  ( 0.000000000000000000, 0.000000000000000000, 1.000000000000000000 ) ) ;
#282 = ORIENTED_EDGE ( 'NONE', *, *, #1279, .T. ) ;
#283 = EDGE_CURVE ( 'NONE', #2390, #1588, #1654, .T. ) ;
#284 = DIRECTION ( 'NONE',  ( 1.000000000000000000, 0.000000000000000000, 0.000000000000000000 ) ) ;
#285 = CARTESIAN_POINT ( 'NONE',  ( 3.428392816962751333, -14.00086084049082480, 1.856694173824160909 ) ) ;
#286 = ORIENTED_EDGE ( 'NONE', *, *, #3009, .T. ) ;
#287 = CARTESIAN_POINT ( 'NONE',  ( 5.815674330011324500, -14.04045398928510657, 1.875000000000002442 ) ) ;
#288 = ORIENTED_EDGE ( 'NONE', *, *, #575, .F. ) ;
#289 = ORIENTED_EDGE ( 'NONE', *, *, #3172, .F. ) ;
#290 = AXIS2_PLACEMENT_3D ( 'NONE', #2996, #891, #3199 ) ;
#291 = CARTESIAN_POINT ( 'NONE',  ( 3.505211157782387676, -14.00964077959223353, 1.875000000000002442 ) ) ;
#292 = CARTESIAN_POINT ( 'NONE',  ( 2.169410873782861238, -13.49327831901834607, -3.187499999999998668 ) ) ;
#293 = DIRECTION ( 'NONE',  ( 0.000000000000000000, 0.000000000000000000, 1.000000000000000000 ) ) ;
#294 = AXIS2_PLACEMENT_3D ( 'NONE', #679, #2824, #3075 ) ;
#295 = CARTESIAN_POINT ( 'NONE',  ( 2.231910873782861238, -13.51916666666666522, -2.525888347648316046 ) ) ;
#296 = CARTESIAN_POINT ( 'NONE',  ( 2.169410873782859017, -13.86827831901835140, -3.625000000000000444 ) ) ;
#297 = VERTEX_POINT ( 'NONE', #71 ) ;
#298 = DIRECTION ( 'NONE',  ( -0.000000000000000000, 0.000000000000000000, 1.000000000000000000 ) ) ;
#299 = CIRCLE ( 'NONE', #740, 0.6475000000000001865 ) ;
#300 = ADVANCED_FACE ( 'NONE', ( #2722 ), #3042, .T. ) ;
#301 = DIRECTION ( 'NONE',  ( 1.000000000000000000, 0.000000000000000000, 0.000000000000000000 ) ) ;
#302 = ORIENTED_EDGE ( 'NONE', *, *, #2430, .F. ) ;
#303 = CIRCLE ( 'NONE', #2832, 0.6475000000000001865 ) ;
#304 = DIRECTION ( 'NONE',  ( -1.000000000000000000, 0.000000000000000000, 0.000000000000000000 ) ) ;
#305 = EDGE_CURVE ( 'NONE', #673, #402, #2418, .T. ) ;
#306 = LINE ( 'NONE', #1038, #69 ) ;
#307 = CARTESIAN_POINT ( 'NONE',  ( 5.848392816962751262, -14.04505501431498971, 1.875000000000002442 ) ) ;
#308 = ORIENTED_EDGE ( 'NONE', *, *, #3132, .T. ) ;
#309 = AXIS2_PLACEMENT_3D ( 'NONE', #2649, #1680, #2718 ) ;
#310 = VERTEX_POINT ( 'NONE', #1914 ) ;
#311 = CARTESIAN_POINT ( 'NONE',  ( -0.1255891262171394129, -13.58166666666666345, -3.099111652351680402 ) ) ;
#312 = CARTESIAN_POINT ( 'NONE',  ( 2.169410873782861238, -1.550090476945123692E-16, 0.9375000000000022204 ) ) ;
#313 = DIRECTION ( 'NONE',  ( -0.000000000000000000, -0.000000000000000000, -1.000000000000000000 ) ) ;
#314 = DIRECTION ( 'NONE',  ( 1.000000000000000000, 0.000000000000000000, 0.000000000000000000 ) ) ;
#315 = EDGE_LOOP ( 'NONE', ( #1086, #883, #2874, #189 ) ) ;
#316 = LINE ( 'NONE', #1901, #1673 ) ;
#317 = CYLINDRICAL_SURFACE ( 'NONE', #1543, 0.06250000000000000000 ) ;
#318 = ORIENTED_EDGE ( 'NONE', *, *, #1681, .F. ) ;
#319 = PLANE ( 'NONE',  #2755 ) ;
#320 = EDGE_CURVE ( 'NONE', #2145, #1251, #2962, .T. ) ;
#321 = CARTESIAN_POINT ( 'NONE',  ( 5.785892816962751262, -13.86827831901835140, 1.875000000000001554 ) ) ;
#322 = ORIENTED_EDGE ( 'NONE', *, *, #141, .T. ) ;
#323 =( BOUNDED_CURVE ( )  B_SPLINE_CURVE ( 3, ( #2794, #998, #1249, #439 ),
 .UNSPECIFIED., .F., .T. ) 
 B_SPLINE_CURVE_WITH_KNOTS ( ( 4, 4 ),
 ( 1.570796326794895892, 3.141592653589793116 ),
 .UNSPECIFIED. ) 
 CURVE ( )  GEOMETRIC_REPRESENTATION_ITEM ( )  RATIONAL_B_SPLINE_CURVE ( ( 1.000000000000000000, 0.8047378541243649375, 0.8047378541243649375, 1.000000000000000000 ) ) 
 REPRESENTATION_ITEM ( '' )  );
#324 = EDGE_CURVE ( 'NONE', #835, #655, #2531, .T. ) ;
#325 = ORIENTED_EDGE ( 'NONE', *, *, #701, .T. ) ;
#326 = CARTESIAN_POINT ( 'NONE',  ( 3.444752060438401209, -13.99741007171841289, 1.855543917566664813 ) ) ;
#327 = TOROIDAL_SURFACE ( 'NONE', #2359, 1.085000000000000187, 0.06250000000000000000 ) ;
#328 = EDGE_CURVE ( 'NONE', #1373, #1498, #885, .T. ) ;
#329 = CARTESIAN_POINT ( 'NONE',  ( 4.638392816962751297, -9.821285196333107592, 1.000000000000002220 ) ) ;
#330 = VECTOR ( 'NONE', #2527, 100.0000000000000000 ) ;
#331 = AXIS2_PLACEMENT_3D ( 'NONE', #837, #2878, #819 ) ;
#332 = DIRECTION ( 'NONE',  ( -0.000000000000000000, -0.7071067811865558994, 0.7071067811865392461 ) ) ;
#333 = AXIS2_PLACEMENT_3D ( 'NONE', #2622, #519, #2635 ) ;
#334 = CARTESIAN_POINT ( 'NONE',  ( 2.106910873782860794, -13.86827831901835140, -3.625000000000000444 ) ) ;
#335 = DIRECTION ( 'NONE',  ( 1.000000000000000000, 0.000000000000000000, 0.000000000000000000 ) ) ;
#336 = CARTESIAN_POINT ( 'NONE',  ( 0.000000000000000000, -14.01916666666666522, 1.875000000000002442 ) ) ;
#337 = DIRECTION ( 'NONE',  ( 1.000000000000000000, -0.000000000000000000, -0.000000000000000000 ) ) ;
#338 = ORIENTED_EDGE ( 'NONE', *, *, #2598, .F. ) ;
#339 = CIRCLE ( 'NONE', #2152, 0.7100000000000001865 ) ;
#340 = FACE_OUTER_BOUND ( 'NONE', #1997, .T. ) ;
#341 = DIRECTION ( 'NONE',  ( 0.000000000000000000, 0.000000000000000000, 1.000000000000000000 ) ) ;
#342 = CARTESIAN_POINT ( 'NONE',  ( 8.106910873782860349, -14.04505501431498971, -3.562499999999999556 ) ) ;
#343 = ORIENTED_EDGE ( 'NONE', *, *, #2007, .T. ) ;
#344 = ADVANCED_FACE ( 'NONE', ( #1256 ), #2552, .F. ) ;
#345 = DIRECTION ( 'NONE',  ( 0.000000000000000000, 0.000000000000000000, -1.000000000000000000 ) ) ;
#346 =( BOUNDED_CURVE ( )  B_SPLINE_CURVE ( 3, ( #1584, #2403, #594, #285 ),
 .UNSPECIFIED., .F., .F. ) 
 B_SPLINE_CURVE_WITH_KNOTS ( ( 4, 4 ),
 ( 4.712388980384689674, 6.283185307179586232 ),
 .UNSPECIFIED. ) 
 CURVE ( )  GEOMETRIC_REPRESENTATION_ITEM ( )  RATIONAL_B_SPLINE_CURVE ( ( 1.000000000000000000, 0.8047378541243649375, 0.8047378541243649375, 1.000000000000000000 ) ) 
 REPRESENTATION_ITEM ( '' )  );
#347 = CIRCLE ( 'NONE', #1239, 0.1250000000000000000 ) ;
#348 = SPHERICAL_SURFACE ( 'NONE', #2121, 0.06250000000000000000 ) ;
#349 = EDGE_CURVE ( 'NONE', #2317, #2310, #175, .T. ) ;
#350 = CARTESIAN_POINT ( 'NONE',  ( 0.3744108737828606426, -11.66666666666666607, -3.624999999999999556 ) ) ;
#351 = AXIS2_PLACEMENT_3D ( 'NONE', #2340, #3379, #2099 ) ;
#352 = ADVANCED_FACE ( 'NONE', ( #1746 ), #416, .F. ) ;
#353 = CARTESIAN_POINT ( 'NONE',  ( 2.169410873782861238, -13.51916666666666522, -0.2866116523516836212 ) ) ;
#354 = CIRCLE ( 'NONE', #1127, 1.084999999999999964 ) ;
#355 = DIRECTION ( 'NONE',  ( 0.000000000000000000, -1.000000000000000000, 0.000000000000000000 ) ) ;
#356 = VECTOR ( 'NONE', #1736, 100.0000000000000000 ) ;
#357 = CARTESIAN_POINT ( 'NONE',  ( 2.169410873782861238, -13.58166666666666345, 0.8750000000000001110 ) ) ;
#358 = EDGE_LOOP ( 'NONE', ( #3080, #376, #1266, #2421 ) ) ;
#359 = CARTESIAN_POINT ( 'NONE',  ( -0.06308912621713927416, -12.99327831901834784, 0.1249999999999998335 ) ) ;
#360 = DIRECTION ( 'NONE',  ( 1.734723475976844072E-16, -1.000000000000000000, 6.401129626354554494E-14 ) ) ;
#361 = EDGE_LOOP ( 'NONE', ( #2624, #1423, #2879, #2352 ) ) ;
#362 = ORIENTED_EDGE ( 'NONE', *, *, #1307, .T. ) ;
#363 = CIRCLE ( 'NONE', #1687, 0.1249999999999997641 ) ;
#364 = CARTESIAN_POINT ( 'NONE',  ( 3.444758227751170576, -14.04505501431135528, 1.875000000000002442 ) ) ;
#365 = AXIS2_PLACEMENT_3D ( 'NONE', #3211, #1641, #86 ) ;
#366 = DIRECTION ( 'NONE',  ( 0.000000000000000000, 1.653429842074794661E-16, -1.000000000000000000 ) ) ;
#367 = DIRECTION ( 'NONE',  ( 0.000000000000000000, 0.7071067811865481278, -0.7071067811865470176 ) ) ;
#368 = EDGE_CURVE ( 'NONE', #2317, #3295, #1542, .T. ) ;
#369 = CARTESIAN_POINT ( 'NONE',  ( 2.106910873782861238, -13.86827831901834784, -3.624999999999999556 ) ) ;
#370 = ADVANCED_FACE ( 'NONE', ( #955 ), #3251, .T. ) ;
#371 = CARTESIAN_POINT ( 'NONE',  ( 2.169410873782861238, -13.58166666666666345, 0.8750000000000001110 ) ) ;
#372 = DIRECTION ( 'NONE',  ( -1.000000000000000000, 0.000000000000000000, 0.000000000000000000 ) ) ;
#373 = EDGE_LOOP ( 'NONE', ( #2516, #863, #2953, #2772 ) ) ;
#374 = LINE ( 'NONE', #1433, #1665 ) ;
#375 = DIRECTION ( 'NONE',  ( 7.850462293418820367E-15, -0.7071067811865558994, 0.7071067811865392461 ) ) ;
#376 = ORIENTED_EDGE ( 'NONE', *, *, #2476, .F. ) ;
#377 = ORIENTED_EDGE ( 'NONE', *, *, #2806, .F. ) ;
#378 = CARTESIAN_POINT ( 'NONE',  ( 4.638392816962751297, -9.821285196333107592, 1.000000000000002220 ) ) ;
#379 = ORIENTED_EDGE ( 'NONE', *, *, #697, .F. ) ;
#380 = LINE ( 'NONE', #3247, #1001 ) ;
#381 = CARTESIAN_POINT ( 'NONE',  ( 1.021910873782860829, -11.66666666666666607, -3.624999999999999556 ) ) ;
#382 = AXIS2_PLACEMENT_3D ( 'NONE', #1693, #2229, #2732 ) ;
#383 = CARTESIAN_POINT ( 'NONE',  ( 2.169410873782861238, 0.000000000000000000, 0.8750000000000001110 ) ) ;
#384 = DIRECTION ( 'NONE',  ( 1.000000000000000000, 4.111937128241320045E-16, -0.000000000000000000 ) ) ;
#385 = ORIENTED_EDGE ( 'NONE', *, *, #553, .T. ) ;
#386 = ADVANCED_FACE ( 'NONE', ( #1728 ), #1971, .F. ) ;
#387 = CYLINDRICAL_SURFACE ( 'NONE', #1012, 0.06250000000000005551 ) ;
#388 = ADVANCED_FACE ( 'NONE', ( #2021 ), #2004, .F. ) ;
#389 = CARTESIAN_POINT ( 'NONE',  ( 2.106910873782861238, -13.51916666666666522, -0.3750000000000002220 ) ) ;
#390 = ORIENTED_EDGE ( 'NONE', *, *, #1364, .T. ) ;
#391 = VERTEX_POINT ( 'NONE', #907 ) ;
#392 = FACE_OUTER_BOUND ( 'NONE', #1452, .T. ) ;
#393 = ORIENTED_EDGE ( 'NONE', *, *, #2361, .T. ) ;
#394 = FACE_OUTER_BOUND ( 'NONE', #638, .T. ) ;
#395 = ORIENTED_EDGE ( 'NONE', *, *, #3168, .F. ) ;
#396 = VERTEX_POINT ( 'NONE', #1958 ) ;
#397 = DIRECTION ( 'NONE',  ( -1.000000000000000000, 7.674352704782186097E-15, 0.000000000000000000 ) ) ;
#398 = APPLICATION_PROTOCOL_DEFINITION ( 'draft international standard', 'automotive_design', 1998, #2486 ) ;
#399 = CIRCLE ( 'NONE', #2000, 0.06249999999999957673 ) ;
#400 = VECTOR ( 'NONE', #2096, 100.0000000000000000 ) ;
#401 = DIRECTION ( 'NONE',  ( 5.551115123125777969E-15, 0.000000000000000000, 1.000000000000000000 ) ) ;
#402 = VERTEX_POINT ( 'NONE', #2994 ) ;
#403 = FACE_OUTER_BOUND ( 'NONE', #1674, .T. ) ;
#404 = CARTESIAN_POINT ( 'NONE',  ( 2.231910873782860794, -14.04505501431498971, -3.624999999999999556 ) ) ;
#405 = EDGE_CURVE ( 'NONE', #825, #1999, #159, .T. ) ;
#406 = EDGE_LOOP ( 'NONE', ( #1390, #2333, #2720, #1384 ) ) ;
#407 = ORIENTED_EDGE ( 'NONE', *, *, #745, .T. ) ;
#408 = CIRCLE ( 'NONE', #1078, 0.06249999999999866773 ) ;
#409 = EDGE_CURVE ( 'NONE', #3358, #1107, #923, .T. ) ;
#410 = DIRECTION ( 'NONE',  ( 0.000000000000000000, 0.000000000000000000, 1.000000000000000000 ) ) ;
#412 = ORIENTED_EDGE ( 'NONE', *, *, #641, .T. ) ;
#411 = TOROIDAL_SURFACE ( 'NONE', #2338, 0.7100000000000000755, 0.06250000000000000000 ) ;
#413 = CYLINDRICAL_SURFACE ( 'NONE', #1397, 0.06250000000000005551 ) ;
#414 = DIRECTION ( 'NONE',  ( 0.000000000000000000, -1.000000000000000000, -1.004666105778072246E-16 ) ) ;
#415 = EDGE_LOOP ( 'NONE', ( #1205, #2764, #1822, #1178 ) ) ;
#416 = CYLINDRICAL_SURFACE ( 'NONE', #2586, 0.6475000000000001865 ) ;
#417 = DIRECTION ( 'NONE',  ( 1.734723475976805615E-16, -1.000000000000000000, 0.000000000000000000 ) ) ;
#418 = ORIENTED_EDGE ( 'NONE', *, *, #1064, .T. ) ;
#419 = CARTESIAN_POINT ( 'NONE',  ( -0.06308912621713919089, -13.50086084049082480, -2.393305826175840423 ) ) ;
#420 = DIRECTION ( 'NONE',  ( -0.000000000000000000, -0.000000000000000000, 1.000000000000000000 ) ) ;
#421 = CARTESIAN_POINT ( 'NONE',  ( -0.1255891262171394129, -12.99327831901834784, 0.06249999999999984041 ) ) ;
#422 = ORIENTED_EDGE ( 'NONE', *, *, #2026, .F. ) ;
#423 = EDGE_CURVE ( 'NONE', #1208, #203, #430, .T. ) ;
#424 = DIRECTION ( 'NONE',  ( 0.000000000000000000, 0.000000000000000000, 1.000000000000000000 ) ) ;
#425 = VERTEX_POINT ( 'NONE', #429 ) ;
#426 = DIRECTION ( 'NONE',  ( 1.000000000000000000, 1.257674520083186869E-16, 0.000000000000000000 ) ) ;
#427 = CARTESIAN_POINT ( 'NONE',  ( 3.428392816962751333, -13.45666666666666700, -0.3750000000000002220 ) ) ;
#428 = EDGE_CURVE ( 'NONE', #732, #1058, #363, .T. ) ;
#429 = CARTESIAN_POINT ( 'NONE',  ( 8.106910873782860349, -16.60416666666667140, 1.875000000000002442 ) ) ;
#430 =( BOUNDED_CURVE ( )  B_SPLINE_CURVE ( 3, ( #125, #3272, #1183, #1711 ),
 .UNSPECIFIED., .F., .T. ) 
 B_SPLINE_CURVE_WITH_KNOTS ( ( 4, 4 ),
 ( 4.712388980384689674, 6.283185307179586232 ),
 .UNSPECIFIED. ) 
 CURVE ( )  GEOMETRIC_REPRESENTATION_ITEM ( )  RATIONAL_B_SPLINE_CURVE ( ( 1.000000000000000000, 0.8047378541243649375, 0.8047378541243649375, 1.000000000000000000 ) ) 
 REPRESENTATION_ITEM ( '' )  );
#431 = CIRCLE ( 'NONE', #1809, 1.147500000000000187 ) ;
#432 = CARTESIAN_POINT ( 'NONE',  ( -0.06308912621713944069, -11.66666666666666607, 0.1249999999999999861 ) ) ;
#433 = VECTOR ( 'NONE', #184, 100.0000000000000000 ) ;
#434 = ORIENTED_EDGE ( 'NONE', *, *, #2391, .F. ) ;
#435 = VECTOR ( 'NONE', #556, 100.0000000000000000 ) ;
#436 = CARTESIAN_POINT ( 'NONE',  ( -0.06308912621713926028, -12.99327831901834784, -2.937500000000000000 ) ) ;
#437 = FACE_OUTER_BOUND ( 'NONE', #1456, .T. ) ;
#438 = AXIS2_PLACEMENT_3D ( 'NONE', #3124, #2399, #1095 ) ;
#439 = CARTESIAN_POINT ( 'NONE',  ( -0.06308912621713919089, -13.51916666666666522, -0.3750000000000002220 ) ) ;
#440 = ORIENTED_EDGE ( 'NONE', *, *, #3072, .F. ) ;
#441 = ORIENTED_EDGE ( 'NONE', *, *, #1045, .F. ) ;
#442 = EDGE_CURVE ( 'NONE', #1726, #2801, #1575, .T. ) ;
#443 = VERTEX_POINT ( 'NONE', #1760 ) ;
#444 = LINE ( 'NONE', #2849, #109 ) ;
#445 = VECTOR ( 'NONE', #1689, 100.0000000000000000 ) ;
#446 = ORIENTED_EDGE ( 'NONE', *, *, #2265, .F. ) ;
#447 = CARTESIAN_POINT ( 'NONE',  ( -0.06308912621713881619, -16.60416666666667140, -3.562499999999999556 ) ) ;
#448 = EDGE_CURVE ( 'NONE', #2920, #2317, #465, .T. ) ;
#449 = CARTESIAN_POINT ( 'NONE',  ( 5.785892816962751262, -13.58166666666666345, 1.349111652351680624 ) ) ;
#450 = EDGE_CURVE ( 'NONE', #1232, #3001, #224, .T. ) ;
#451 = DIRECTION ( 'NONE',  ( -1.257674520083186869E-16, 1.000000000000000000, 1.127570259384925597E-16 ) ) ;
#452 = CIRCLE ( 'NONE', #65, 0.06250000000000005551 ) ;
#453 = CIRCLE ( 'NONE', #2226, 0.7100000000000001865 ) ;
#454 = ORIENTED_EDGE ( 'NONE', *, *, #2886, .T. ) ;
#455 = DIRECTION ( 'NONE',  ( 0.000000000000000000, -0.7071067811865335839, -0.7071067811865613395 ) ) ;
#456 = CARTESIAN_POINT ( 'NONE',  ( -0.1255891262171392464, -13.06336084049082302, -2.919194173824157801 ) ) ;
#457 = DIRECTION ( 'NONE',  ( -1.000000000000000000, 5.551115123125901031E-15, 0.000000000000000000 ) ) ;
#458 = CIRCLE ( 'NONE', #731, 0.1250000000000001110 ) ;
#459 = ORIENTED_EDGE ( 'NONE', *, *, #1446, .T. ) ;
#460 = ORIENTED_EDGE ( 'NONE', *, *, #2321, .T. ) ;
#461 = VERTEX_POINT ( 'NONE', #1792 ) ;
#462 = CARTESIAN_POINT ( 'NONE',  ( 2.106910873782861238, -13.50086084049082480, -2.393305826175840423 ) ) ;
#463 = CARTESIAN_POINT ( 'NONE',  ( 2.106910873782861238, -13.51916666666666522, -2.349111652351681290 ) ) ;
#464 = CIRCLE ( 'NONE', #520, 0.06249999999999953509 ) ;
#465 = CIRCLE ( 'NONE', #2560, 1.085000000000000187 ) ;
#466 = CARTESIAN_POINT ( 'NONE',  ( 2.231910873782860794, -13.49327831901834607, -3.187499999999997780 ) ) ;
#467 = CIRCLE ( 'NONE', #22, 0.06250000000000051348 ) ;
#468 = CARTESIAN_POINT ( 'NONE',  ( 2.106910873782861682, -13.51916666666666522, -2.374999999999998668 ) ) ;
#469 = EDGE_CURVE ( 'NONE', #1851, #732, #2507, .T. ) ;
#470 = DIRECTION ( 'NONE',  ( -8.893101816763584792E-17, 0.7071067811865476838, 0.7071067811865473507 ) ) ;
#471 = EDGE_CURVE ( 'NONE', #943, #1634, #2036, .T. ) ;
#472 = ORIENTED_EDGE ( 'NONE', *, *, #2501, .F. ) ;
#473 = AXIS2_PLACEMENT_3D ( 'NONE', #918, #932, #3267 ) ;
#474 = CARTESIAN_POINT ( 'NONE',  ( -0.06308912621713919089, -13.51916666666666522, -0.3750000000000003331 ) ) ;
#475 = LINE ( 'NONE', #2577, #658 ) ;
#476 = ORIENTED_EDGE ( 'NONE', *, *, #1798, .T. ) ;
#477 = CARTESIAN_POINT ( 'NONE',  ( 2.294410873782861682, -15.20666666666666522, 1.000000000000002220 ) ) ;
#478 = ORIENTED_EDGE ( 'NONE', *, *, #661, .F. ) ;
#479 = CARTESIAN_POINT ( 'NONE',  ( 0.3119108737828606981, -11.66666666666666607, 0.8750000000000001110 ) ) ;
#480 = DIRECTION ( 'NONE',  ( 0.000000000000000000, -0.7071067811865494601, -0.7071067811865456854 ) ) ;
#481 = ORIENTED_EDGE ( 'NONE', *, *, #1213, .T. ) ;
#482 = CARTESIAN_POINT ( 'NONE',  ( 2.231910873782861238, -13.58166666666666345, 0.9375000000000000000 ) ) ;
#483 = FACE_OUTER_BOUND ( 'NONE', #1503, .T. ) ;
#484 = CARTESIAN_POINT ( 'NONE',  ( 2.177715460707221773, -13.51916666666666522, -2.490246599883330969 ) ) ;
#485 = ORIENTED_EDGE ( 'NONE', *, *, #2761, .F. ) ;
#486 = CIRCLE ( 'NONE', #765, 0.6475000000000008527 ) ;
#487 = SPHERICAL_SURFACE ( 'NONE', #2547, 0.06250000000000000000 ) ;
#488 = CARTESIAN_POINT ( 'NONE',  ( 8.106910873782860349, -6.116277507157528603, -6.116277507157494853 ) ) ;
#489 = CARTESIAN_POINT ( 'NONE',  ( 2.169410873782861238, -13.58166666666666345, 0.9375000000000000000 ) ) ;
#490 = AXIS2_PLACEMENT_3D ( 'NONE', #526, #3393, #2913 ) ;
#491 = EDGE_CURVE ( 'NONE', #1639, #1215, #3402, .T. ) ;
#492 = VERTEX_POINT ( 'NONE', #3368 ) ;
#493 = EDGE_CURVE ( 'NONE', #2019, #2791, #2344, .T. ) ;
#494 = AXIS2_PLACEMENT_3D ( 'NONE', #1955, #2992, #2194 ) ;
#495 = DIRECTION ( 'NONE',  ( 0.000000000000000000, 0.000000000000000000, -1.000000000000000000 ) ) ;
#496 = ORIENTED_EDGE ( 'NONE', *, *, #2307, .F. ) ;
#497 = ORIENTED_EDGE ( 'NONE', *, *, #1213, .F. ) ;
#498 = CARTESIAN_POINT ( 'NONE',  ( 1.669410873782861016, -11.66666666666666607, -3.562499999999999556 ) ) ;
#499 = DIRECTION ( 'NONE',  ( -0.000000000000000000, -0.000000000000000000, -1.000000000000000000 ) ) ;
#500 = DIRECTION ( 'NONE',  ( -0.000000000000000000, -1.000000000000000000, 0.000000000000000000 ) ) ;
#501 = CARTESIAN_POINT ( 'NONE',  ( 1.021910873782860829, -11.66666666666666607, -3.562499999999999556 ) ) ;
#502 = VERTEX_POINT ( 'NONE', #1061 ) ;
#503 = AXIS2_PLACEMENT_3D ( 'NONE', #3062, #665, #2271 ) ;
#504 = CARTESIAN_POINT ( 'NONE',  ( 5.785892816962751262, -13.45666666666666700, 1.875000000000002442 ) ) ;
#505 = DIRECTION ( 'NONE',  ( 0.000000000000000000, 0.000000000000000000, 1.000000000000000000 ) ) ;
#506 = VECTOR ( 'NONE', #24, 100.0000000000000000 ) ;
#507 = VERTEX_POINT ( 'NONE', #206 ) ;
#508 = AXIS2_PLACEMENT_3D ( 'NONE', #790, #3167, #564 ) ;
#509 = EDGE_CURVE ( 'NONE', #2647, #1299, #968, .T. ) ;
#510 = DIRECTION ( 'NONE',  ( 1.000000000000000000, 0.000000000000000000, 0.000000000000000000 ) ) ;
#511 = CARTESIAN_POINT ( 'NONE',  ( 5.809983646552885794, -13.97430016444866041, 1.847840615143439447 ) ) ;
#512 = ORIENTED_EDGE ( 'NONE', *, *, #1916, .T. ) ;
#513 = TOROIDAL_SURFACE ( 'NONE', #2607, 0.1249999999999993755, 0.06250000000000000000 ) ;
#514 = EDGE_CURVE ( 'NONE', #122, #1999, #2103, .T. ) ;
#515 = ORIENTED_EDGE ( 'NONE', *, *, #3151, .T. ) ;
#516 = DIRECTION ( 'NONE',  ( -0.000000000000000000, 1.000000000000000000, -0.000000000000000000 ) ) ;
#517 = AXIS2_PLACEMENT_3D ( 'NONE', #978, #1207, #3078 ) ;
#518 = CARTESIAN_POINT ( 'NONE',  ( 2.231910873782860794, -5.152889159509137507, 5.152889159509165040 ) ) ;
#519 = DIRECTION ( 'NONE',  ( -0.000000000000000000, -0.000000000000000000, -1.000000000000000000 ) ) ;
#520 = AXIS2_PLACEMENT_3D ( 'NONE', #2972, #116, #2187 ) ;
#521 = DIRECTION ( 'NONE',  ( 1.000000000000000000, -0.000000000000000000, -0.000000000000000000 ) ) ;
#522 = FACE_OUTER_BOUND ( 'NONE', #1353, .T. ) ;
#523 = VERTEX_POINT ( 'NONE', #3073 ) ;
#524 = CARTESIAN_POINT ( 'NONE',  ( 2.294410873782861238, -13.51916666666666522, 0.9375000000000000000 ) ) ;
#525 = PLANE ( 'NONE',  #1774 ) ;
#526 = CARTESIAN_POINT ( 'NONE',  ( 1.021910873782860829, -11.66666666666666607, 0.8750000000000001110 ) ) ;
#527 = ORIENTED_EDGE ( 'NONE', *, *, #1696, .T. ) ;
#528 = CARTESIAN_POINT ( 'NONE',  ( 1.021910873782860829, -12.37666666666666693, 0.1249999999999999861 ) ) ;
#529 = EDGE_LOOP ( 'NONE', ( #3189, #2017 ) ) ;
#530 = ORIENTED_EDGE ( 'NONE', *, *, #491, .F. ) ;
#531 = ADVANCED_FACE ( 'NONE', ( #1775, #2854 ), #1043, .F. ) ;
#532 = FACE_OUTER_BOUND ( 'NONE', #2068, .T. ) ;
#533 = DIRECTION ( 'NONE',  ( -0.000000000000000000, 0.000000000000000000, 1.000000000000000000 ) ) ;
#534 = EDGE_CURVE ( 'NONE', #252, #1769, #1735, .T. ) ;
#535 = CARTESIAN_POINT ( 'NONE',  ( 2.106910873782861238, -13.58166666666666345, 0.8750000000000001110 ) ) ;
#536 = LINE ( 'NONE', #2348, #2175 ) ;
#537 = ORIENTED_EDGE ( 'NONE', *, *, #493, .T. ) ;
#538 = CARTESIAN_POINT ( 'NONE',  ( 2.356910873782860349, -13.53747249284250564, 1.393305826175839535 ) ) ;
#539 = DIRECTION ( 'NONE',  ( 0.000000000000000000, -0.7071067811865493491, -0.7071067811865456854 ) ) ;
#540 = CARTESIAN_POINT ( 'NONE',  ( 8.106910873782860349, -13.53747249284250564, 1.393305826175839535 ) ) ;
#541 =( BOUNDED_CURVE ( )  B_SPLINE_CURVE ( 3, ( #131, #1188, #2462, #1977 ),
 .UNSPECIFIED., .F., .F. ) 
 B_SPLINE_CURVE_WITH_KNOTS ( ( 4, 4 ),
 ( 4.712388980384689674, 6.283185307179586232 ),
 .UNSPECIFIED. ) 
 CURVE ( )  GEOMETRIC_REPRESENTATION_ITEM ( )  RATIONAL_B_SPLINE_CURVE ( ( 1.000000000000000000, 0.8047378541243649375, 0.8047378541243649375, 1.000000000000000000 ) ) 
 REPRESENTATION_ITEM ( '' )  );
#542 = ORIENTED_EDGE ( 'NONE', *, *, #509, .T. ) ;
#543 = VECTOR ( 'NONE', #881, 100.0000000000000000 ) ;
#544 = AXIS2_PLACEMENT_3D ( 'NONE', #3311, #1019, #1767 ) ;
#545 = CARTESIAN_POINT ( 'NONE',  ( 5.836819898924660244, -14.01916666666394740, 1.875000000000001998 ) ) ;
#546 = ORIENTED_EDGE ( 'NONE', *, *, #3322, .T. ) ;
#547 = VERTEX_POINT ( 'NONE', #2069 ) ;
#548 = VECTOR ( 'NONE', #1682, 100.0000000000000000 ) ;
#549 = FACE_OUTER_BOUND ( 'NONE', #3373, .T. ) ;
#550 = DIRECTION ( 'NONE',  ( 1.000000000000000000, -0.000000000000000000, -0.000000000000000000 ) ) ;
#551 = AXIS2_PLACEMENT_3D ( 'NONE', #2218, #1647, #75 ) ;
#552 = DIRECTION ( 'NONE',  ( -4.111937128241320045E-16, 1.000000000000000000, -0.000000000000000000 ) ) ;
#553 = EDGE_CURVE ( 'NONE', #2499, #3397, #797, .T. ) ;
#554 = DIRECTION ( 'NONE',  ( 1.000000000000000000, 0.000000000000000000, 0.000000000000000000 ) ) ;
#555 = CARTESIAN_POINT ( 'NONE',  ( 2.193501703373069489, -13.97430016444888601, -3.597840615143561127 ) ) ;
#556 = DIRECTION ( 'NONE',  ( -1.000000000000000000, 0.000000000000000000, -0.000000000000000000 ) ) ;
#557 = EDGE_CURVE ( 'NONE', #1754, #1238, #1358, .T. ) ;
#558 = EDGE_LOOP ( 'NONE', ( #2464, #496, #2192, #2631 ) ) ;
#559 = DIRECTION ( 'NONE',  ( -4.440892098500621744E-14, 1.000000000000000000, 0.000000000000000000 ) ) ;
#560 = CARTESIAN_POINT ( 'NONE',  ( 1.021910873782860829, -11.66666666666666607, 0.8125000000000000000 ) ) ;
#561 = VERTEX_POINT ( 'NONE', #3332 ) ;
#562 = AXIS2_PLACEMENT_3D ( 'NONE', #2760, #1963, #682 ) ;
#563 = CARTESIAN_POINT ( 'NONE',  ( 2.169410873782861238, -15.33166666666666522, 1.812500000000002220 ) ) ;
#564 = DIRECTION ( 'NONE',  ( 1.000000000000000000, 0.000000000000000000, 0.000000000000000000 ) ) ;
#565 = CARTESIAN_POINT ( 'NONE',  ( 2.231910873782861238, -15.33166666666666522, 0.000000000000000000 ) ) ;
#566 = ORIENTED_EDGE ( 'NONE', *, *, #88, .T. ) ;
#567 = VERTEX_POINT ( 'NONE', #1269 ) ;
#568 = CARTESIAN_POINT ( 'NONE',  ( 3.550139401185973931, -13.91454924624633804, 1.875000000000002442 ) ) ;
#569 = LINE ( 'NONE', #66, #3155 ) ;
#570 = DIRECTION ( 'NONE',  ( 0.000000000000000000, 0.000000000000000000, 1.000000000000000000 ) ) ;
#571 = CARTESIAN_POINT ( 'NONE',  ( 4.638392816962751297, -9.821285196333107592, 1.875000000000002442 ) ) ;
#572 = CARTESIAN_POINT ( 'NONE',  ( 2.231910873782860794, -14.00086084049083013, -3.606694173824160465 ) ) ;
#573 = ORIENTED_EDGE ( 'NONE', *, *, #574, .T. ) ;
#574 = EDGE_CURVE ( 'NONE', #2814, #2015, #299, .T. ) ;
#575 = EDGE_CURVE ( 'NONE', #1639, #1726, #1187, .T. ) ;
#576 = CARTESIAN_POINT ( 'NONE',  ( 3.990892816962750889, -9.821285196333107592, 1.812500000000002220 ) ) ;
#577 = CARTESIAN_POINT ( 'NONE',  ( 4.638392816962751297, -9.821285196333107592, 1.812500000000002220 ) ) ;
#578 = DIRECTION ( 'NONE',  ( 1.257674520083186869E-16, -1.000000000000000000, 0.000000000000000000 ) ) ;
#579 = EDGE_CURVE ( 'NONE', #27, #703, #1321, .T. ) ;
#580 = CARTESIAN_POINT ( 'NONE',  ( 2.231910873782861238, -13.51916666666666522, 0.9375000000000000000 ) ) ;
#581 = CARTESIAN_POINT ( 'NONE',  ( 5.785892816962751262, -13.86827831901835140, 1.812500000000002220 ) ) ;
#582 = ORIENTED_EDGE ( 'NONE', *, *, #2206, .T. ) ;
#583 = ORIENTED_EDGE ( 'NONE', *, *, #1091, .T. ) ;
#584 = CARTESIAN_POINT ( 'NONE',  ( 3.439965735000846792, -14.01916666666394207, 1.875000000000002220 ) ) ;
#585 =( BOUNDED_CURVE ( )  B_SPLINE_CURVE ( 3, ( #463, #241, #3086, #3401 ),
 .UNSPECIFIED., .F., .F. ) 
 B_SPLINE_CURVE_WITH_KNOTS ( ( 4, 4 ),
 ( 0.000000000000000000, 1.570796326794892783 ),
 .UNSPECIFIED. ) 
 CURVE ( )  GEOMETRIC_REPRESENTATION_ITEM ( )  RATIONAL_B_SPLINE_CURVE ( ( 1.000000000000000000, 0.8047378541243658256, 0.8047378541243658256, 1.000000000000000000 ) ) 
 REPRESENTATION_ITEM ( '' )  );
#586 = FACE_OUTER_BOUND ( 'NONE', #2579, .T. ) ;
#587 = FACE_OUTER_BOUND ( 'NONE', #1020, .T. ) ;
#588 = CARTESIAN_POINT ( 'NONE',  ( 2.181931696544332944, -13.94975647358781856, -3.589659384856442426 ) ) ;
#589 = CARTESIAN_POINT ( 'NONE',  ( 3.553392816962751333, -9.821285196333107592, 1.812500000000002220 ) ) ;
#590 = DIRECTION ( 'NONE',  ( 0.000000000000000000, -0.7071067811865456854, 0.7071067811865494601 ) ) ;
#591 = DIRECTION ( 'NONE',  ( 0.000000000000000000, 0.000000000000000000, -1.000000000000000000 ) ) ;
#592 = SPHERICAL_SURFACE ( 'NONE', #180, 0.06250000000000000000 ) ;
#593 = EDGE_CURVE ( 'NONE', #2840, #122, #1026, .T. ) ;
#594 = CARTESIAN_POINT ( 'NONE',  ( 3.465004469314432622, -14.00086084049083190, 1.856694173824161798 ) ) ;
#595 = DIRECTION ( 'NONE',  ( 0.000000000000000000, 1.000000000000000000, 0.000000000000000000 ) ) ;
#596 = ORIENTED_EDGE ( 'NONE', *, *, #2784, .F. ) ;
#597 = CARTESIAN_POINT ( 'NONE',  ( 8.169410873782860349, -14.00086084049082835, -3.606694173824159577 ) ) ;
#598 = FACE_OUTER_BOUND ( 'NONE', #3298, .T. ) ;
#599 = EDGE_CURVE ( 'NONE', #2695, #1791, #1828, .T. ) ;
#600 = EDGE_LOOP ( 'NONE', ( #2603, #1016, #3036, #2261 ) ) ;
#601 = EDGE_LOOP ( 'NONE', ( #2008, #2736, #1520, #2986 ) ) ;
#602 = ADVANCED_FACE ( 'NONE', ( #2605 ), #244, .F. ) ;
#603 = CLOSED_SHELL ( 'NONE', ( #2556, #1930, #1050, #3198, #1549, #1320, #352, #2517, #830, #3127, #3327, #1375, #3031, #2435, #3263, #1636, #940, #3107, #1676, #1470, #531, #2580, #344, #1131, #1776, #2843, #1413, #2132, #979, #2414, #2932, #1823, #767, #2862, #1323, #2902, #1898, #2673, #2906, #2719, #2054, #1973, #3383, #3343, #3109, #2154, #2955, #621, #1151, #1566, #1392, #3176, #2327, #3244, #785, #240, #1468, #370, #1302, #1487, #3066, #959, #155, #386, #1327, #2738, #2757, #1715, #1318, #2156, #1859, #1474, #2656, #2976, #3052, #2600, #1918, #1660, #1698, #1114, #2681, #2951, #3386, #136, #3235, #2971, #300, #704, #3007, #854, #922, #2095, #602, #719, #1862, #3178, #1070, #91, #2454, #1759, #1088, #388, #3303, #2248, #2032, #1222, #3278, #1196, #2991, #1594, #1753, #1245, #792, #1450, #3369, #2246, #748 ) ) ;
#604 = FACE_OUTER_BOUND ( 'NONE', #749, .T. ) ;
#605 = TOROIDAL_SURFACE ( 'NONE', #3396, 1.085000000000000187, 0.06250000000000000000 ) ;
#606 = DIRECTION ( 'NONE',  ( -1.000000000000000000, 0.000000000000000000, 0.000000000000000000 ) ) ;
#607 = VECTOR ( 'NONE', #2506, 100.0000000000000000 ) ;
#608 = CARTESIAN_POINT ( 'NONE',  ( 8.169410873782860349, -13.58166666666666345, 1.374999999999999112 ) ) ;
#609 = CIRCLE ( 'NONE', #1109, 0.06249999999999948652 ) ;
#610 = CYLINDRICAL_SURFACE ( 'NONE', #901, 0.06250000000000005551 ) ;
#611 = DIRECTION ( 'NONE',  ( 0.000000000000000000, 0.000000000000000000, -1.000000000000000000 ) ) ;
#612 = CARTESIAN_POINT ( 'NONE',  ( -0.06308912621714089786, -4.378207200442640220E-16, 0.1875000000000015543 ) ) ;
#613 = VERTEX_POINT ( 'NONE', #2133 ) ;
#614 = CARTESIAN_POINT ( 'NONE',  ( 1.021910873782860829, -11.66666666666666607, -3.624999999999999556 ) ) ;
#615 = CARTESIAN_POINT ( 'NONE',  ( 2.169410873782861238, -13.86827831901834784, -3.562500000000000444 ) ) ;
#616 = DIRECTION ( 'NONE',  ( -0.000000000000000000, 0.000000000000000000, 1.000000000000000000 ) ) ;
#617 = ORIENTED_EDGE ( 'NONE', *, *, #618, .F. ) ;
#618 = EDGE_CURVE ( 'NONE', #2647, #1748, #303, .T. ) ;
#619 = CARTESIAN_POINT ( 'NONE',  ( 3.489266109074392386, -13.90298151443920460, 1.824067731806901183 ) ) ;
#620 = ORIENTED_EDGE ( 'NONE', *, *, #428, .T. ) ;
#621 = ADVANCED_FACE ( 'NONE', ( #3174 ), #2415, .T. ) ;
#622 = DIRECTION ( 'NONE',  ( 0.000000000000000000, 0.000000000000000000, 1.000000000000000000 ) ) ;
#623 = CIRCLE ( 'NONE', #1509, 0.06250000000000005551 ) ;
#624 = DIRECTION ( 'NONE',  ( 0.000000000000000000, -1.000000000000000000, -1.221636250687893219E-16 ) ) ;
#625 = CARTESIAN_POINT ( 'NONE',  ( 0.000000000000000000, -14.04505501431498260, 1.875000000000002442 ) ) ;
#626 = CIRCLE ( 'NONE', #1075, 0.06250000000000001388 ) ;
#627 = CARTESIAN_POINT ( 'NONE',  ( 2.169410873782861238, -16.66666666666666785, 1.812500000000002220 ) ) ;
#628 = DIRECTION ( 'NONE',  ( 0.000000000000000000, 0.000000000000000000, -1.000000000000000000 ) ) ;
#629 = EDGE_LOOP ( 'NONE', ( #1282, #2169, #1047 ) ) ;
#630 = LINE ( 'NONE', #2186, #119 ) ;
#631 = DIRECTION ( 'NONE',  ( 0.000000000000000000, 0.000000000000000000, 1.000000000000000000 ) ) ;
#632 = ORIENTED_EDGE ( 'NONE', *, *, #1307, .F. ) ;
#633 = AXIS2_PLACEMENT_3D ( 'NONE', #449, #1271, #3104 ) ;
#634 = ORIENTED_EDGE ( 'NONE', *, *, #2633, .T. ) ;
#635 = AXIS2_PLACEMENT_3D ( 'NONE', #1494, #2249, #2754 ) ;
#636 = PRODUCT_DEFINITION_CONTEXT ( 'detailed design', #2486, 'design' ) ;
#637 = FACE_OUTER_BOUND ( 'NONE', #2672, .T. ) ;
#638 = EDGE_LOOP ( 'NONE', ( #2593, #62, #1025, #2429 ) ) ;
#639 = VECTOR ( 'NONE', #550, 100.0000000000000000 ) ;
#640 = DIRECTION ( 'NONE',  ( -0.000000000000000000, 0.7071067811865456854, -0.7071067811865494601 ) ) ;
#641 = EDGE_CURVE ( 'NONE', #3054, #2751, #2082, .T. ) ;
#642 = VERTEX_POINT ( 'NONE', #2686 ) ;
#643 = PLANE ( 'NONE',  #888 ) ;
#644 = CARTESIAN_POINT ( 'NONE',  ( -0.06308912621713880231, -16.60416666666667140, -3.624999999999999556 ) ) ;
#645 = EDGE_CURVE ( 'NONE', #2269, #1638, #1523, .T. ) ;
#646 = CARTESIAN_POINT ( 'NONE',  ( -0.06308912621713880231, -16.60416666666667140, -3.562499999999999556 ) ) ;
#647 = VERTEX_POINT ( 'NONE', #1626 ) ;
#648 = CARTESIAN_POINT ( 'NONE',  ( 8.106910873782860349, -16.66666666666666785, -3.624999999999999556 ) ) ;
#649 = DIRECTION ( 'NONE',  ( -0.000000000000000000, -0.000000000000000000, -1.000000000000000000 ) ) ;
#650 = ORIENTED_EDGE ( 'NONE', *, *, #876, .F. ) ;
#651 = ORIENTED_EDGE ( 'NONE', *, *, #2637, .T. ) ;
#652 = DIRECTION ( 'NONE',  ( 0.000000000000000000, -0.000000000000000000, -1.000000000000000000 ) ) ;
#653 = EDGE_LOOP ( 'NONE', ( #2733, #2243, #708, #229 ) ) ;
#654 = DIRECTION ( 'NONE',  ( 0.000000000000000000, 1.000000000000000000, 1.653429842074794661E-16 ) ) ;
#655 = VERTEX_POINT ( 'NONE', #2153 ) ;
#656 = DIRECTION ( 'NONE',  ( 0.000000000000000000, -1.127570259384925597E-16, 1.000000000000000000 ) ) ;
#657 = AXIS2_PLACEMENT_3D ( 'NONE', #1438, #1982, #1998 ) ;
#658 = VECTOR ( 'NONE', #214, 100.0000000000000000 ) ;
#659 = CARTESIAN_POINT ( 'NONE',  ( 5.848392816962751262, -13.49327831901834784, 1.437499999999997558 ) ) ;
#660 = CIRCLE ( 'NONE', #994, 0.6475000000000001865 ) ;
#661 = EDGE_CURVE ( 'NONE', #2015, #2814, #744, .T. ) ;
#662 = CARTESIAN_POINT ( 'NONE',  ( 2.169410873782861238, -12.99327831901834784, 0.1874999999999998335 ) ) ;
#663 = EDGE_CURVE ( 'NONE', #1754, #1855, #1192, .T. ) ;
#664 = ORIENTED_EDGE ( 'NONE', *, *, #1176, .T. ) ;
#665 = DIRECTION ( 'NONE',  ( -0.000000000000000000, 0.000000000000000000, 1.000000000000000000 ) ) ;
#666 = FACE_OUTER_BOUND ( 'NONE', #34, .T. ) ;
#667 = DIRECTION ( 'NONE',  ( 1.000000000000000000, -0.000000000000000000, -0.000000000000000000 ) ) ;
#668 = ORIENTED_EDGE ( 'NONE', *, *, #1573, .F. ) ;
#669 = DIRECTION ( 'NONE',  ( 0.000000000000000000, 0.000000000000000000, 1.000000000000000000 ) ) ;
#670 = EDGE_LOOP ( 'NONE', ( #395, #2863, #3350, #3248, #1297 ) ) ;
#671 = FACE_OUTER_BOUND ( 'NONE', #2251, .T. ) ;
#672 = DIRECTION ( 'NONE',  ( -0.000000000000000000, 1.000000000000000000, -0.000000000000000000 ) ) ;
#673 = VERTEX_POINT ( 'NONE', #884 ) ;
#674 = LINE ( 'NONE', #1202, #111 ) ;
#675 = AXIS2_PLACEMENT_3D ( 'NONE', #3229, #2177, #889 ) ;
#676 = CARTESIAN_POINT ( 'NONE',  ( 2.294410873782861238, -13.51916666666666522, 1.875000000000002442 ) ) ;
#677 = DIRECTION ( 'NONE',  ( 1.000000000000000000, 0.000000000000000000, 0.000000000000000000 ) ) ;
#678 = CIRCLE ( 'NONE', #1014, 0.06250000000000005551 ) ;
#679 = CARTESIAN_POINT ( 'NONE',  ( -0.1255891262171394129, -13.45666666666666700, -2.349111652351681290 ) ) ;
#680 = EDGE_CURVE ( 'NONE', #1342, #703, #2724, .T. ) ;
#681 = ORIENTED_EDGE ( 'NONE', *, *, #661, .T. ) ;
#682 = DIRECTION ( 'NONE',  ( 0.000000000000000000, -0.7071067811865364705, -0.7071067811865586750 ) ) ;
#683 = CARTESIAN_POINT ( 'NONE',  ( -0.06308912621713944069, -11.66666666666667496, 0.1249999999999999861 ) ) ;
#684 = DIRECTION ( 'NONE',  ( 0.000000000000000000, 0.7071067811865309194, -0.7071067811865642261 ) ) ;
#685 = EDGE_CURVE ( 'NONE', #1304, #425, #1339, .T. ) ;
#686 = ORIENTED_EDGE ( 'NONE', *, *, #2765, .F. ) ;
#687 = CARTESIAN_POINT ( 'NONE',  ( 1.021910873782860829, -11.66666666666666607, -3.624999999999999556 ) ) ;
#689 = ORIENTED_EDGE ( 'NONE', *, *, #534, .T. ) ;
#688 = AXIS2_PLACEMENT_3D ( 'NONE', #501, #3387, #554 ) ;
#690 = CARTESIAN_POINT ( 'NONE',  ( 1.021910873782860829, -11.66666666666666607, 0.8125000000000000000 ) ) ;
#691 = DIRECTION ( 'NONE',  ( 0.000000000000000000, 0.000000000000000000, 1.000000000000000000 ) ) ;
#692 = CARTESIAN_POINT ( 'NONE',  ( -0.1255891262171394129, -13.51916666666666522, -0.3750000000000002220 ) ) ;
#693 = CARTESIAN_POINT ( 'NONE',  ( -0.1255891262171394129, -13.51916666666666522, -3.099111652351680402 ) ) ;
#694 = DIRECTION ( 'NONE',  ( 0.000000000000000000, -1.000000000000000000, -1.004666105778072246E-16 ) ) ;
#695 = VERTEX_POINT ( 'NONE', #2923 ) ;
#696 = DIRECTION ( 'NONE',  ( 3.925231146709376262E-15, -0.7071067811865586750, 0.7071067811865365815 ) ) ;
#697 = EDGE_CURVE ( 'NONE', #391, #2355, #569, .T. ) ;
#698 = FACE_OUTER_BOUND ( 'NONE', #2073, .T. ) ;
#699 =( GEOMETRIC_REPRESENTATION_CONTEXT ( 3 ) GLOBAL_UNCERTAINTY_ASSIGNED_CONTEXT ( ( #2701 ) ) GLOBAL_UNIT_ASSIGNED_CONTEXT ( ( #2570, #2857, #723 ) ) REPRESENTATION_CONTEXT ( 'NONE', 'WORKASPACE' ) );
#700 = ORIENTED_EDGE ( 'NONE', *, *, #641, .F. ) ;
#701 = EDGE_CURVE ( 'NONE', #203, #2859, #1661, .T. ) ;
#702 = DIRECTION ( 'NONE',  ( 1.000000000000000000, 0.000000000000000000, 0.000000000000000000 ) ) ;
#703 = VERTEX_POINT ( 'NONE', #1606 ) ;
#704 = ADVANCED_FACE ( 'NONE', ( #865 ), #348, .T. ) ;
#705 = ORIENTED_EDGE ( 'NONE', *, *, #213, .T. ) ;
#706 = DIRECTION ( 'NONE',  ( -0.000000000000000000, 1.127570259384925597E-16, -1.000000000000000000 ) ) ;
#707 = ORIENTED_EDGE ( 'NONE', *, *, #3194, .F. ) ;
#708 = ORIENTED_EDGE ( 'NONE', *, *, #2639, .F. ) ;
#709 = DIRECTION ( 'NONE',  ( 8.893101816763589723E-17, -0.7071067811865481278, 0.7071067811865470176 ) ) ;
#710 = CARTESIAN_POINT ( 'NONE',  ( 5.723392816962751262, -13.86827831901835140, 1.875000000000002442 ) ) ;
#711 = VERTEX_POINT ( 'NONE', #2667 ) ;
#712 = DIRECTION ( 'NONE',  ( 1.000000000000000000, -0.000000000000000000, 0.000000000000000000 ) ) ;
#713 = DIRECTION ( 'NONE',  ( 1.000000000000000000, 0.000000000000000000, -0.000000000000000000 ) ) ;
#714 = AXIS2_PLACEMENT_3D ( 'NONE', #952, #2278, #986 ) ;
#715 = DIRECTION ( 'NONE',  ( 1.000000000000000000, -0.000000000000000000, 0.000000000000000000 ) ) ;
#716 = VERTEX_POINT ( 'NONE', #2704 ) ;
#717 = ORIENTED_EDGE ( 'NONE', *, *, #737, .T. ) ;
#718 = ORIENTED_EDGE ( 'NONE', *, *, #177, .T. ) ;
#719 = ADVANCED_FACE ( 'NONE', ( #2450 ), #2979, .T. ) ;
#720 = CARTESIAN_POINT ( 'NONE',  ( 8.106910873782860349, -16.60416666666667140, -3.562499999999999556 ) ) ;
#721 = EDGE_CURVE ( 'NONE', #310, #2053, #1422, .T. ) ;
#722 = DIRECTION ( 'NONE',  ( -0.000000000000000000, -0.000000000000000000, -1.000000000000000000 ) ) ;
#723 =( NAMED_UNIT ( * ) SI_UNIT ( $, .STERADIAN. ) SOLID_ANGLE_UNIT ( ) );
#724 = DIRECTION ( 'NONE',  ( 0.000000000000000000, 0.000000000000000000, -1.000000000000000000 ) ) ;
#725 = VECTOR ( 'NONE', #2318, 100.0000000000000000 ) ;
#726 = CIRCLE ( 'NONE', #1831, 0.06250000000000001388 ) ;
#727 = EDGE_LOOP ( 'NONE', ( #1951, #2286, #1066, #1788 ) ) ;
#728 = DIRECTION ( 'NONE',  ( 0.000000000000000000, -1.127570259384925597E-16, 1.000000000000000000 ) ) ;
#729 = CARTESIAN_POINT ( 'NONE',  ( 1.021910873782860829, -11.66666666666666607, -3.624999999999999556 ) ) ;
#730 = DIRECTION ( 'NONE',  ( -1.000000000000000000, 0.000000000000000000, 0.000000000000000000 ) ) ;
#731 = AXIS2_PLACEMENT_3D ( 'NONE', #3305, #194, #417 ) ;
#732 = VERTEX_POINT ( 'NONE', #292 ) ;
#733 = EDGE_LOOP ( 'NONE', ( #1337, #3265, #651 ) ) ;
#734 = CIRCLE ( 'NONE', #3201, 0.06250000000000001388 ) ;
#735 = ORIENTED_EDGE ( 'NONE', *, *, #1710, .F. ) ;
#736 = DIRECTION ( 'NONE',  ( 0.000000000000000000, -0.000000000000000000, 1.000000000000000000 ) ) ;
#737 = EDGE_CURVE ( 'NONE', #1791, #1733, #2777, .T. ) ;
#738 = DIRECTION ( 'NONE',  ( -0.000000000000000000, -1.000000000000000000, 0.000000000000000000 ) ) ;
#739 = EDGE_CURVE ( 'NONE', #2425, #1844, #2293, .T. ) ;
#740 = AXIS2_PLACEMENT_3D ( 'NONE', #776, #533, #2297 ) ;
#741 = CARTESIAN_POINT ( 'NONE',  ( -0.06308912621713942681, -11.66666666666667496, 0.1875000000000001665 ) ) ;
#742 = COLOUR_RGB ( '',0.7921568627450980005, 0.8196078431372548767, 0.9333333333333333481 ) ;
#743 = SURFACE_SIDE_STYLE ('',( #3352 ) ) ;
#744 = CIRCLE ( 'NONE', #1362, 0.6475000000000001865 ) ;
#745 = EDGE_CURVE ( 'NONE', #1208, #1373, #1968, .T. ) ;
#746 = FACE_OUTER_BOUND ( 'NONE', #273, .T. ) ;
#747 = VECTOR ( 'NONE', #640, 99.99999999999998579 ) ;
#748 = ADVANCED_FACE ( 'NONE', ( #394 ), #253, .T. ) ;
#749 = EDGE_LOOP ( 'NONE', ( #1352, #2306, #1435, #2597 ) ) ;
#750 = FACE_OUTER_BOUND ( 'NONE', #976, .T. ) ;
#751 = DIRECTION ( 'NONE',  ( -0.000000000000000000, 0.000000000000000000, 1.000000000000000000 ) ) ;
#752 = LINE ( 'NONE', #1801, #433 ) ;
#753 = VERTEX_POINT ( 'NONE', #3280 ) ;
#754 = VERTEX_POINT ( 'NONE', #1212 ) ;
#755 = ORIENTED_EDGE ( 'NONE', *, *, #2183, .T. ) ;
#756 = CARTESIAN_POINT ( 'NONE',  ( 2.106910873782861238, -13.06336084049082302, 0.1691941738241590776 ) ) ;
#757 = CARTESIAN_POINT ( 'NONE',  ( 4.638392816962751297, -9.821285196333107592, 1.875000000000002442 ) ) ;
#758 = ORIENTED_EDGE ( 'NONE', *, *, #2927, .F. ) ;
#759 = DIRECTION ( 'NONE',  ( -5.551115123125777969E-15, 0.000000000000000000, 1.000000000000000000 ) ) ;
#760 = CARTESIAN_POINT ( 'NONE',  ( 8.106910873782860349, -16.66666666666666785, -3.624999999999999556 ) ) ;
#761 = CARTESIAN_POINT ( 'NONE',  ( 2.172407580084395384, -13.51916666666666522, -2.436590476830562846 ) ) ;
#762 = ORIENTED_EDGE ( 'NONE', *, *, #514, .F. ) ;
#763 = EDGE_CURVE ( 'NONE', #2931, #754, #121, .T. ) ;
#764 = CIRCLE ( 'NONE', #3339, 0.06250000000000005551 ) ;
#765 = AXIS2_PLACEMENT_3D ( 'NONE', #2887, #15, #1772 ) ;
#766 = CARTESIAN_POINT ( 'NONE',  ( 5.848392816962751262, -13.45666666666666700, 1.349111652351680624 ) ) ;
#767 = ADVANCED_FACE ( 'NONE', ( #2001 ), #1473, .F. ) ;
#768 = DIRECTION ( 'NONE',  ( -4.111937128241320045E-16, 1.000000000000000000, 0.000000000000000000 ) ) ;
#769 = AXIS2_PLACEMENT_3D ( 'NONE', #1896, #1427, #611 ) ;
#770 = ORIENTED_EDGE ( 'NONE', *, *, #1972, .F. ) ;
#771 = CIRCLE ( 'NONE', #2693, 0.06250000000000005551 ) ;
#772 = CARTESIAN_POINT ( 'NONE',  ( 2.169410873782861238, -11.66666666666666607, 0.8125000000000000000 ) ) ;
#773 = ORIENTED_EDGE ( 'NONE', *, *, #1007, .F. ) ;
#774 = ORIENTED_EDGE ( 'NONE', *, *, #2158, .T. ) ;
#775 = CYLINDRICAL_SURFACE ( 'NONE', #1329, 0.6475000000000001865 ) ;
#776 = CARTESIAN_POINT ( 'NONE',  ( 4.638392816962751297, -9.821285196333107592, 1.000000000000002220 ) ) ;
#777 = FACE_OUTER_BOUND ( 'NONE', #2589, .T. ) ;
#778 = CIRCLE ( 'NONE', #2375, 1.147500000000001297 ) ;
#779 = DIRECTION ( 'NONE',  ( -0.000000000000000000, -1.000000000000000000, 0.000000000000000000 ) ) ;
#780 = CIRCLE ( 'NONE', #1285, 0.06250000000000005551 ) ;
#781 = ORIENTED_EDGE ( 'NONE', *, *, #2621, .T. ) ;
#782 = DIRECTION ( 'NONE',  ( 1.000000000000000000, -0.000000000000000000, 0.000000000000000000 ) ) ;
#783 = CARTESIAN_POINT ( 'NONE',  ( 2.169410873782861238, -12.99327831901834784, -2.937500000000000000 ) ) ;
#784 = VECTOR ( 'NONE', #2611, 100.0000000000000000 ) ;
#785 = ADVANCED_FACE ( 'NONE', ( #671 ), #3005, .T. ) ;
#786 = APPLICATION_CONTEXT ( 'automotive_design' ) ;
#787 = VECTOR ( 'NONE', #2219, 100.0000000000000000 ) ;
#788 =( BOUNDED_CURVE ( )  B_SPLINE_CURVE ( 3, ( #1096, #2400, #1116, #369 ),
 .UNSPECIFIED., .F., .T. ) 
 B_SPLINE_CURVE_WITH_KNOTS ( ( 4, 4 ),
 ( 3.141592653589793116, 4.712388980384705661 ),
 .UNSPECIFIED. ) 
 CURVE ( )  GEOMETRIC_REPRESENTATION_ITEM ( )  RATIONAL_B_SPLINE_CURVE ( ( 1.000000000000000000, 0.8047378541243612737, 0.8047378541243612737, 1.000000000000000000 ) ) 
 REPRESENTATION_ITEM ( '' )  );
#789 = ORIENTED_EDGE ( 'NONE', *, *, #982, .T. ) ;
#790 = CARTESIAN_POINT ( 'NONE',  ( 4.638392816962751297, -9.821285196333107592, 1.812500000000002220 ) ) ;
#791 = CARTESIAN_POINT ( 'NONE',  ( 5.825150913818244014, -14.01486238830519326, 1.874999999999972244 ) ) ;
#792 = ADVANCED_FACE ( 'NONE', ( #3039 ), #413, .T. ) ;
#793 = ORIENTED_EDGE ( 'NONE', *, *, #2007, .F. ) ;
#794 = ORIENTED_EDGE ( 'NONE', *, *, #3105, .T. ) ;
#795 = CARTESIAN_POINT ( 'NONE',  ( 8.106910873782860349, -14.00086084049082480, 1.856694173824160909 ) ) ;
#796 = AXIS2_PLACEMENT_3D ( 'NONE', #199, #2561, #2044 ) ;
#797 = LINE ( 'NONE', #2569, #3150 ) ;
#798 = DIRECTION ( 'NONE',  ( 0.000000000000000000, -1.000000000000000000, -1.221636250687893219E-16 ) ) ;
#799 = CARTESIAN_POINT ( 'NONE',  ( 2.176235740241431404, -13.51916666666666700, -2.454069600764522185 ) ) ;
#800 = PRODUCT_DEFINITION_SHAPE ( 'NONE', 'NONE',  #90 ) ;
#801 = CARTESIAN_POINT ( 'NONE',  ( 8.106910873782860349, -13.58166666666666345, 0.000000000000000000 ) ) ;
#802 = ORIENTED_EDGE ( 'NONE', *, *, #1430, .T. ) ;
#803 = DIRECTION ( 'NONE',  ( 0.000000000000000000, 1.000000000000000000, 0.000000000000000000 ) ) ;
#804 = AXIS2_PLACEMENT_3D ( 'NONE', #1934, #2960, #813 ) ;
#805 = FACE_OUTER_BOUND ( 'NONE', #2031, .T. ) ;
#806 = ORIENTED_EDGE ( 'NONE', *, *, #645, .T. ) ;
#807 = CARTESIAN_POINT ( 'NONE',  ( 5.723392816963554175, -13.89142250547916113, 1.875000000000002442 ) ) ;
#808 = ORIENTED_EDGE ( 'NONE', *, *, #1567, .F. ) ;
#809 = VERTEX_POINT ( 'NONE', #1159 ) ;
#810 = EDGE_CURVE ( 'NONE', #1286, #3054, #380, .T. ) ;
#811 = CARTESIAN_POINT ( 'NONE',  ( -0.06308912621713926028, -12.99327831901834784, 0.06249999999999984041 ) ) ;
#812 = EDGE_CURVE ( 'NONE', #3069, #3398, #2646, .T. ) ;
#813 = DIRECTION ( 'NONE',  ( 0.000000000000000000, 0.000000000000000000, 1.000000000000000000 ) ) ;
#814 = FACE_OUTER_BOUND ( 'NONE', #95, .T. ) ;
#815 = CARTESIAN_POINT ( 'NONE',  ( 2.106910873782861238, -14.01916666666666522, -3.624999999999999556 ) ) ;
#816 = CARTESIAN_POINT ( 'NONE',  ( 2.294410873782860794, -13.56336084049082302, 1.330805826175841089 ) ) ;
#817 = ORIENTED_EDGE ( 'NONE', *, *, #2030, .T. ) ;
#818 = CARTESIAN_POINT ( 'NONE',  ( 8.169410873782860349, -5.197083333333296196, 5.197083333333324617 ) ) ;
#819 = DIRECTION ( 'NONE',  ( 0.000000000000000000, 0.000000000000000000, -1.000000000000000000 ) ) ;
#820 = ORIENTED_EDGE ( 'NONE', *, *, #1221, .F. ) ;
#821 = AXIS2_PLACEMENT_3D ( 'NONE', #1167, #1417, #595 ) ;
#822 = CARTESIAN_POINT ( 'NONE',  ( 3.553392816962751333, -9.821285196333107592, 1.875000000000002442 ) ) ;
#823 = CIRCLE ( 'NONE', #1048, 0.06250000000000005551 ) ;
#824 = CARTESIAN_POINT ( 'NONE',  ( 5.777588230038627870, -13.90392006678298920, 1.875000000000002220 ) ) ;
#825 = VERTEX_POINT ( 'NONE', #2467 ) ;
#826 = EDGE_LOOP ( 'NONE', ( #3146, #1781, #1966 ) ) ;
#827 = AXIS2_PLACEMENT_3D ( 'NONE', #921, #1970, #414 ) ;
#828 = CARTESIAN_POINT ( 'NONE',  ( 3.461111303914117698, -14.04045398928510657, 1.875000000000002442 ) ) ;
#829 = DIRECTION ( 'NONE',  ( -0.000000000000000000, 0.000000000000000000, 1.000000000000000000 ) ) ;
#830 = ADVANCED_FACE ( 'NONE', ( #1486 ), #902, .F. ) ;
#831 = LINE ( 'NONE', #312, #2745 ) ;
#832 = EDGE_CURVE ( 'NONE', #2834, #3398, #2990, .T. ) ;
#833 = CARTESIAN_POINT ( 'NONE',  ( 2.223728168388673598, -14.00086084048935398, -3.606694173822683869 ) ) ;
#834 = APPLICATION_PROTOCOL_DEFINITION ( 'draft international standard', 'automotive_design', 1998, #786 ) ;
#835 = VERTEX_POINT ( 'NONE', #2734 ) ;
#836 = CARTESIAN_POINT ( 'NONE',  ( 2.231910873782860794, -13.53747249284250387, -3.143305826175838646 ) ) ;
#837 = CARTESIAN_POINT ( 'NONE',  ( 8.106910873782860349, -16.60416666666667140, 1.812500000000002220 ) ) ;
#838 = DIRECTION ( 'NONE',  ( -1.000000000000000000, -1.257674520083187609E-16, 0.000000000000000000 ) ) ;
#839 = ORIENTED_EDGE ( 'NONE', *, *, #2476, .T. ) ;
#840 = LINE ( 'NONE', #2443, #226 ) ;
#841 = FACE_OUTER_BOUND ( 'NONE', #1719, .T. ) ;
#842 = ORIENTED_EDGE ( 'NONE', *, *, #2347, .F. ) ;
#843 = VECTOR ( 'NONE', #1563, 100.0000000000000000 ) ;
#844 = TOROIDAL_SURFACE ( 'NONE', #508, 1.084999999999999964, 0.06250000000000000000 ) ;
#845 = VERTEX_POINT ( 'NONE', #2485 ) ;
#846 = AXIS2_PLACEMENT_3D ( 'NONE', #1615, #1853, #8 ) ;
#847 = CARTESIAN_POINT ( 'NONE',  ( 3.451634720107258136, -14.01486238830518971, 1.875000000000002220 ) ) ;
#848 = VECTOR ( 'NONE', #2023, 100.0000000000000000 ) ;
#849 = AXIS2_PLACEMENT_3D ( 'NONE', #3142, #1848, #1357 ) ;
#850 = CARTESIAN_POINT ( 'NONE',  ( 1.021910873782860829, -11.66666666666666607, 0.8750000000000001110 ) ) ;
#851 = CARTESIAN_POINT ( 'NONE',  ( 3.428392816962751333, -14.00086084049082480, 1.856694173824160909 ) ) ;
#852 = AXIS2_PLACEMENT_3D ( 'NONE', #2697, #341, #2713 ) ;
#853 = LINE ( 'NONE', #2948, #274 ) ;
#854 = ADVANCED_FACE ( 'NONE', ( #2232 ), #2750, .T. ) ;
#855 = EDGE_CURVE ( 'NONE', #642, #1851, #840, .T. ) ;
#856 = FACE_OUTER_BOUND ( 'NONE', #1000, .T. ) ;
#857 = EDGE_CURVE ( 'NONE', #835, #2678, #2916, .T. ) ;
#858 = DIRECTION ( 'NONE',  ( 0.000000000000000000, 0.000000000000000000, -1.000000000000000000 ) ) ;
#859 = ORIENTED_EDGE ( 'NONE', *, *, #1064, .F. ) ;
#860 = DIRECTION ( 'NONE',  ( 1.000000000000000000, 0.000000000000000000, -0.000000000000000000 ) ) ;
#861 = DIRECTION ( 'NONE',  ( 0.000000000000000000, -0.7071067811865335839, -0.7071067811865613395 ) ) ;
#862 = ORIENTED_EDGE ( 'NONE', *, *, #1990, .F. ) ;
#863 = ORIENTED_EDGE ( 'NONE', *, *, #177, .F. ) ;
#864 = CARTESIAN_POINT ( 'NONE',  ( 3.428392816962751333, -14.04505501431498971, 1.875000000000002442 ) ) ;
#865 = FACE_OUTER_BOUND ( 'NONE', #2512, .T. ) ;
#866 = SPHERICAL_SURFACE ( 'NONE', #277, 0.06250000000000000000 ) ;
#867 = CARTESIAN_POINT ( 'NONE',  ( -0.06308912621713880231, -16.60416666666667140, -3.562499999999999556 ) ) ;
#868 = CARTESIAN_POINT ( 'NONE',  ( 2.169410873782860794, -13.51916666666666522, -0.3383883476483202091 ) ) ;
#869 = CARTESIAN_POINT ( 'NONE',  ( 3.490892816962751333, -6.965389159509213890, -5.090389159509173922 ) ) ;
#870 = CARTESIAN_POINT ( 'NONE',  ( 2.312716699958699884, -13.51916666666666522, 1.349111652351680624 ) ) ;
#871 = DIRECTION ( 'NONE',  ( 0.000000000000000000, 8.881784197001244750E-14, 1.000000000000000000 ) ) ;
#872 = EDGE_CURVE ( 'NONE', #655, #2390, #1923, .T. ) ;
#873 = DIRECTION ( 'NONE',  ( 1.000000000000000000, 0.000000000000000000, 0.000000000000000000 ) ) ;
#874 = ORIENTED_EDGE ( 'NONE', *, *, #855, .T. ) ;
#875 = CARTESIAN_POINT ( 'NONE',  ( -0.06308912621713881619, -16.60416666666667140, -3.562499999999999556 ) ) ;
#876 = EDGE_CURVE ( 'NONE', #1498, #203, #630, .T. ) ;
#877 = LINE ( 'NONE', #913, #1414 ) ;
#878 = ORIENTED_EDGE ( 'NONE', *, *, #1947, .F. ) ;
#879 = ORIENTED_EDGE ( 'NONE', *, *, #2806, .T. ) ;
#880 = VECTOR ( 'NONE', #1517, 100.0000000000000000 ) ;
#881 = DIRECTION ( 'NONE',  ( -1.000000000000000000, -0.000000000000000000, -0.000000000000000000 ) ) ;
#882 = TOROIDAL_SURFACE ( 'NONE', #3231, 0.7100000000000000755, 0.06250000000000000000 ) ;
#883 = ORIENTED_EDGE ( 'NONE', *, *, #2457, .F. ) ;
#884 = CARTESIAN_POINT ( 'NONE',  ( 2.356910873782861238, -14.04505501431498260, 1.875000000000002442 ) ) ;
#885 = CIRCLE ( 'NONE', #2798, 0.06249999999999904243 ) ;
#886 = CIRCLE ( 'NONE', #215, 0.06250000000000005551 ) ;
#887 = CARTESIAN_POINT ( 'NONE',  ( -0.06308912621713924640, -13.03747249284250564, 0.1066941738241590359 ) ) ;
#888 = AXIS2_PLACEMENT_3D ( 'NONE', #1695, #123, #367 ) ;
#889 = DIRECTION ( 'NONE',  ( 1.000000000000000000, 0.000000000000000000, 0.000000000000000000 ) ) ;
#890 = CARTESIAN_POINT ( 'NONE',  ( 2.188196233418071124, -13.99876981080217497, -3.625000000000000000 ) ) ;
#891 = DIRECTION ( 'NONE',  ( -0.000000000000000000, 0.000000000000000000, 1.000000000000000000 ) ) ;
#892 = ORIENTED_EDGE ( 'NONE', *, *, #1815, .T. ) ;
#893 = DIRECTION ( 'NONE',  ( -1.000000000000000000, 0.000000000000000000, 0.000000000000000000 ) ) ;
#894 = EDGE_CURVE ( 'NONE', #695, #1639, #778, .T. ) ;
#895 = DIRECTION ( 'NONE',  ( -1.000000000000000000, 0.000000000000000000, 0.000000000000000000 ) ) ;
#896 = LINE ( 'NONE', #1501, #1101 ) ;
#897 = EDGE_LOOP ( 'NONE', ( #390, #3004, #3065, #3128 ) ) ;
#898 = FACE_OUTER_BOUND ( 'NONE', #1675, .T. ) ;
#899 = EDGE_CURVE ( 'NONE', #1299, #3162, #339, .T. ) ;
#900 = ORIENTED_EDGE ( 'NONE', *, *, #2498, .F. ) ;
#901 = AXIS2_PLACEMENT_3D ( 'NONE', #2469, #2157, #1163 ) ;
#902 = PLANE ( 'NONE',  #6 ) ;
#903 = DIRECTION ( 'NONE',  ( 1.000000000000000000, 0.000000000000000000, 0.000000000000000000 ) ) ;
#904 =( BOUNDED_CURVE ( )  B_SPLINE_CURVE ( 3, ( #1718, #2762, #2985, #615 ),
 .UNSPECIFIED., .F., .F. ) 
 B_SPLINE_CURVE_WITH_KNOTS ( ( 4, 4 ),
 ( 3.141592653589793116, 4.712388980384708326 ),
 .UNSPECIFIED. ) 
 CURVE ( )  GEOMETRIC_REPRESENTATION_ITEM ( )  RATIONAL_B_SPLINE_CURVE ( ( 1.000000000000000000, 0.8047378541243604966, 0.8047378541243604966, 1.000000000000000000 ) ) 
 REPRESENTATION_ITEM ( '' )  );
#905 = VERTEX_POINT ( 'NONE', #822 ) ;
#906 = CYLINDRICAL_SURFACE ( 'NONE', #2438, 0.06250000000000000000 ) ;
#907 = CARTESIAN_POINT ( 'NONE',  ( 8.106910873782860349, -13.51916666666666522, 1.349111652351680624 ) ) ;
#908 = VECTOR ( 'NONE', #2933, 100.0000000000000000 ) ;
#909 = DIRECTION ( 'NONE',  ( 0.000000000000000000, 1.000000000000000000, -8.881784197001243488E-14 ) ) ;
#910 = DIRECTION ( 'NONE',  ( 0.000000000000000000, 0.000000000000000000, -1.000000000000000000 ) ) ;
#911 = EDGE_LOOP ( 'NONE', ( #2080, #2519, #664, #2213 ) ) ;
#912 = CARTESIAN_POINT ( 'NONE',  ( -0.06308912621713919089, -13.54505501431498260, -2.437499999999999556 ) ) ;
#913 = CARTESIAN_POINT ( 'NONE',  ( 0.000000000000000000, -16.66666666666666785, 0.8750000000000001110 ) ) ;
#914 = VERTEX_POINT ( 'NONE', #3166 ) ;
#915 = ORIENTED_EDGE ( 'NONE', *, *, #493, .F. ) ;
#916 = CARTESIAN_POINT ( 'NONE',  ( 8.106910873782860349, 0.000000000000000000, 1.812500000000002220 ) ) ;
#917 = VERTEX_POINT ( 'NONE', #1152 ) ;
#918 = CARTESIAN_POINT ( 'NONE',  ( 8.106910873782860349, -13.58166666666666345, -3.099111652351681734 ) ) ;
#919 = VERTEX_POINT ( 'NONE', #359 ) ;
#920 = EDGE_CURVE ( 'NONE', #1158, #642, #2661, .T. ) ;
#921 = CARTESIAN_POINT ( 'NONE',  ( 1.021910873782860829, -11.66666666666666607, 0.1875000000000001665 ) ) ;
#922 = ADVANCED_FACE ( 'NONE', ( #340 ), #1419, .F. ) ;
#923 = LINE ( 'NONE', #2281, #84 ) ;
#924 = CARTESIAN_POINT ( 'NONE',  ( 2.106910873782861238, -12.99327831901834784, -2.812499999999999556 ) ) ;
#925 = EDGE_LOOP ( 'NONE', ( #3136, #3157, #1504, #153 ) ) ;
#926 = DIRECTION ( 'NONE',  ( 0.000000000000000000, -0.7071067811865473507, 0.7071067811865476838 ) ) ;
#927 = DIRECTION ( 'NONE',  ( 1.000000000000000000, 4.440892098500622375E-14, 0.000000000000000000 ) ) ;
#928 = CARTESIAN_POINT ( 'NONE',  ( 2.356910873782860349, -13.53747249284250564, 1.393305826175839535 ) ) ;
#929 = ORIENTED_EDGE ( 'NONE', *, *, #899, .F. ) ;
#930 = CARTESIAN_POINT ( 'NONE',  ( 8.169410873782860349, 0.000000000000000000, 1.812500000000002220 ) ) ;
#931 = EDGE_LOOP ( 'NONE', ( #434, #2699, #2342, #1475 ) ) ;
#932 = DIRECTION ( 'NONE',  ( -0.000000000000000000, 0.7071067811865141550, 0.7071067811865808794 ) ) ;
#933 = CARTESIAN_POINT ( 'NONE',  ( 1.021910873782860829, -11.66666666666666607, -2.875000000000000000 ) ) ;
#934 = AXIS2_PLACEMENT_3D ( 'NONE', #100, #2702, #345 ) ;
#935 = EDGE_CURVE ( 'NONE', #2840, #703, #1942, .T. ) ;
#936 = DIRECTION ( 'NONE',  ( 0.000000000000000000, -1.000000000000000000, -0.000000000000000000 ) ) ;
#937 = TOROIDAL_SURFACE ( 'NONE', #1220, 0.7100000000000000755, 0.06250000000000000000 ) ;
#938 = EDGE_CURVE ( 'NONE', #2460, #3001, #231, .T. ) ;
#939 = AXIS2_PLACEMENT_3D ( 'NONE', #381, #1199, #1725 ) ;
#940 = ADVANCED_FACE ( 'NONE', ( #80 ), #2984, .F. ) ;
#941 =( BOUNDED_CURVE ( )  B_SPLINE_CURVE ( 3, ( #45, #85, #1932, #1157 ),
 .UNSPECIFIED., .F., .T. ) 
 B_SPLINE_CURVE_WITH_KNOTS ( ( 4, 4 ),
 ( 1.570796326794896558, 3.141592653589793116 ),
 .UNSPECIFIED. ) 
 CURVE ( )  GEOMETRIC_REPRESENTATION_ITEM ( )  RATIONAL_B_SPLINE_CURVE ( ( 1.000000000000000000, 0.8047378541243649375, 0.8047378541243649375, 1.000000000000000000 ) ) 
 REPRESENTATION_ITEM ( '' )  );
#942 = CARTESIAN_POINT ( 'NONE',  ( -0.06308912621713924640, -12.99327831901834784, -2.812499999999999556 ) ) ;
#943 = VERTEX_POINT ( 'NONE', #563 ) ;
#944 = CARTESIAN_POINT ( 'NONE',  ( 2.231910873782861238, -15.33166666666666877, 1.812500000000002220 ) ) ;
#945 = CARTESIAN_POINT ( 'NONE',  ( 4.638392816962751297, -9.821285196333107592, 1.812500000000002220 ) ) ;
#946 = DIRECTION ( 'NONE',  ( -1.000000000000000000, -0.000000000000000000, -0.000000000000000000 ) ) ;
#947 = EDGE_LOOP ( 'NONE', ( #393, #2584, #859, #3256 ) ) ;
#948 = AXIS2_PLACEMENT_3D ( 'NONE', #1197, #1457, #1724 ) ;
#949 = CARTESIAN_POINT ( 'NONE',  ( 5.785892816962751262, -9.821285196333107592, 1.875000000000002442 ) ) ;
#950 = ORIENTED_EDGE ( 'NONE', *, *, #3367, .T. ) ;
#951 = DIRECTION ( 'NONE',  ( -1.000000000000000000, 0.000000000000000000, 0.000000000000000000 ) ) ;
#952 = CARTESIAN_POINT ( 'NONE',  ( 2.106910873782861238, -13.08166666666666345, -2.900888347648318266 ) ) ;
#953 = DIRECTION ( 'NONE',  ( 0.000000000000000000, -1.000000000000000000, 0.000000000000000000 ) ) ;
#954 = CIRCLE ( 'NONE', #1883, 0.7100000000000000755 ) ;
#955 = FACE_OUTER_BOUND ( 'NONE', #2320, .T. ) ;
#956 = EDGE_CURVE ( 'NONE', #3117, #2837, #374, .T. ) ;
#957 = DIRECTION ( 'NONE',  ( -0.000000000000000000, 1.127570259384925597E-16, -1.000000000000000000 ) ) ;
#958 = ORIENTED_EDGE ( 'NONE', *, *, #2267, .F. ) ;
#959 = ADVANCED_FACE ( 'NONE', ( #59 ), #1087, .T. ) ;
#960 = CARTESIAN_POINT ( 'NONE',  ( -0.09970077856882035572, -16.66666666666666785, 0.8750000000000001110 ) ) ;
#961 = TOROIDAL_SURFACE ( 'NONE', #2873, 0.1250000000000000000, 0.06250000000000000000 ) ;
#962 = EDGE_CURVE ( 'NONE', #1074, #943, #2270, .T. ) ;
#963 = DIRECTION ( 'NONE',  ( 0.000000000000000000, 0.000000000000000000, -1.000000000000000000 ) ) ;
#964 = DIRECTION ( 'NONE',  ( -0.000000000000000000, 0.7071067811865476838, 0.7071067811865473507 ) ) ;
#965 = ORIENTED_EDGE ( 'NONE', *, *, #663, .T. ) ;
#967 = EDGE_LOOP ( 'NONE', ( #2957, #650, #2617, #2800 ) ) ;
#966 = AXIS2_PLACEMENT_3D ( 'NONE', #1288, #2282, #176 ) ;
#968 = CIRCLE ( 'NONE', #2396, 0.06250000000000005551 ) ;
#969 = VERTEX_POINT ( 'NONE', #580 ) ;
#970 = DIRECTION ( 'NONE',  ( -1.257674520083186869E-16, 1.000000000000000000, 0.000000000000000000 ) ) ;
#971 = VERTEX_POINT ( 'NONE', #2679 ) ;
#972 = ORIENTED_EDGE ( 'NONE', *, *, #1511, .T. ) ;
#973 = DIRECTION ( 'NONE',  ( 0.000000000000000000, -1.000000000000000000, 0.000000000000000000 ) ) ;
#974 = CARTESIAN_POINT ( 'NONE',  ( 2.106910873782861238, -13.50086084049082480, -2.393305826175839091 ) ) ;
#975 = CARTESIAN_POINT ( 'NONE',  ( 2.356910873782861238, -14.04505501431498260, 1.812500000000002220 ) ) ;
#976 = EDGE_LOOP ( 'NONE', ( #1834, #2731, #2982 ) ) ;
#977 = CARTESIAN_POINT ( 'NONE',  ( -0.000000000000000000, -14.04505501431498971, -3.624999999999999556 ) ) ;
#978 = CARTESIAN_POINT ( 'NONE',  ( 8.106910873782860349, -13.58166666666666345, 1.349111652351680624 ) ) ;
#979 = ADVANCED_FACE ( 'NONE', ( #2167 ), #319, .T. ) ;
#980 = DIRECTION ( 'NONE',  ( 0.000000000000000000, -0.7071067811865455743, 0.7071067811865494601 ) ) ;
#981 = ORIENTED_EDGE ( 'NONE', *, *, #579, .F. ) ;
#982 = EDGE_CURVE ( 'NONE', #396, #2405, #780, .T. ) ;
#983 = CARTESIAN_POINT ( 'NONE',  ( 5.848392816962751262, -13.51916666666666522, -0.3750000000000002220 ) ) ;
#984 = EDGE_LOOP ( 'NONE', ( #2210, #459, #1521, #2958, #1669, #3308 ) ) ;
#985 = ORIENTED_EDGE ( 'NONE', *, *, #2433, .F. ) ;
#986 = DIRECTION ( 'NONE',  ( 0.000000000000000000, 0.7071067811865335839, 0.7071067811865613395 ) ) ;
#987 = LINE ( 'NONE', #2773, #2039 ) ;
#988 = CARTESIAN_POINT ( 'NONE',  ( 2.169410873782861238, -13.51916666666666522, 0.000000000000000000 ) ) ;
#989 = CIRCLE ( 'NONE', #1049, 0.06250000000000005551 ) ;
#990 = DIRECTION ( 'NONE',  ( 1.000000000000000000, 0.000000000000000000, 0.000000000000000000 ) ) ;
#991 = AXIS2_PLACEMENT_3D ( 'NONE', #2690, #3145, #335 ) ;
#992 = LINE ( 'NONE', #1527, #848 ) ;
#993 = ORIENTED_EDGE ( 'NONE', *, *, #3009, .F. ) ;
#994 = AXIS2_PLACEMENT_3D ( 'NONE', #2752, #2247, #3282 ) ;
#995 = LINE ( 'NONE', #2559, #725 ) ;
#996 = CARTESIAN_POINT ( 'NONE',  ( 8.169410873782860349, -14.04505501431498260, -3.562499999999999556 ) ) ;
#997 = AXIS2_PLACEMENT_3D ( 'NONE', #3085, #736, #1381 ) ;
#998 = CARTESIAN_POINT ( 'NONE',  ( -0.1255891262171391909, -13.54505501431498260, -0.3642766952966344784 ) ) ;
#999 = ORIENTED_EDGE ( 'NONE', *, *, #2116, .T. ) ;
#1000 = EDGE_LOOP ( 'NONE', ( #527, #219, #808, #418 ) ) ;
#1001 = VECTOR ( 'NONE', #2214, 100.0000000000000000 ) ;
#1002 = ORIENTED_EDGE ( 'NONE', *, *, #2866, .F. ) ;
#1003 = DIRECTION ( 'NONE',  ( 2.907578627192167597E-16, -0.7071067811865455743, 0.7071067811865494601 ) ) ;
#1004 = EDGE_CURVE ( 'NONE', #1650, #2564, #3324, .T. ) ;
#1005 = CARTESIAN_POINT ( 'NONE',  ( 8.106910873782860349, -5.241277507157454885, 5.241277507157483306 ) ) ;
#1006 = ORIENTED_EDGE ( 'NONE', *, *, #2457, .T. ) ;
#1007 = EDGE_CURVE ( 'NONE', #443, #2931, #101, .T. ) ;
#1008 = CARTESIAN_POINT ( 'NONE',  ( 3.428392816962751333, -14.04505501431498260, 1.812500000000001998 ) ) ;
#1009 = LINE ( 'NONE', #193, #1507 ) ;
#1010 = AXIS2_PLACEMENT_3D ( 'NONE', #912, #696, #455 ) ;
#1011 = VECTOR ( 'NONE', #3129, 100.0000000000000000 ) ;
#1012 = AXIS2_PLACEMENT_3D ( 'NONE', #165, #3048, #1749 ) ;
#1013 = DIRECTION ( 'NONE',  ( 0.000000000000000000, -0.000000000000000000, -1.000000000000000000 ) ) ;
#1014 = AXIS2_PLACEMENT_3D ( 'NONE', #2615, #1039, #2629 ) ;
#1015 = AXIS2_PLACEMENT_3D ( 'NONE', #1331, #284, #1085 ) ;
#1016 = ORIENTED_EDGE ( 'NONE', *, *, #158, .F. ) ;
#1017 = DIRECTION ( 'NONE',  ( -2.775557561562888827E-14, 0.000000000000000000, -1.000000000000000000 ) ) ;
#1018 = CARTESIAN_POINT ( 'NONE',  ( 2.169410873782861238, -15.33166666666666522, 0.9374999999999996669 ) ) ;
#1019 = DIRECTION ( 'NONE',  ( -1.000000000000000000, -0.000000000000000000, -0.000000000000000000 ) ) ;
#1020 = EDGE_LOOP ( 'NONE', ( #2747, #817, #478, #862 ) ) ;
#1021 = ORIENTED_EDGE ( 'NONE', *, *, #1990, .T. ) ;
#1022 = ORIENTED_EDGE ( 'NONE', *, *, #1554, .T. ) ;
#1023 = FACE_OUTER_BOUND ( 'NONE', #1571, .T. ) ;
#1024 = FACE_OUTER_BOUND ( 'NONE', #267, .T. ) ;
#1025 = ORIENTED_EDGE ( 'NONE', *, *, #812, .T. ) ;
#1026 = CIRCLE ( 'NONE', #1464, 0.06250000000000005551 ) ;
#1027 = DIRECTION ( 'NONE',  ( 0.000000000000000000, -1.000000000000000000, 0.000000000000000000 ) ) ;
#1028 = EDGE_CURVE ( 'NONE', #1855, #461, #3188, .T. ) ;
#1029 = FILL_AREA_STYLE ('',( #2491 ) ) ;
#1030 = EDGE_CURVE ( 'NONE', #1074, #27, #2493, .T. ) ;
#1031 = CARTESIAN_POINT ( 'NONE',  ( 2.130152776927427549, -13.51916666666666345, -2.379304278361326297 ) ) ;
#1032 = ORIENTED_EDGE ( 'NONE', *, *, #1072, .F. ) ;
#1033 = DIRECTION ( 'NONE',  ( -0.000000000000000000, 1.000000000000000000, 1.127570259384925597E-16 ) ) ;
#1034 = CARTESIAN_POINT ( 'NONE',  ( 2.231910873782861682, -15.20666666666666877, 1.812500000000002220 ) ) ;
#1035 = CYLINDRICAL_SURFACE ( 'NONE', #2140, 0.06250000000000001388 ) ;
#1036 =( BOUNDED_CURVE ( )  B_SPLINE_CURVE ( 3, ( #2518, #156, #2263, #3316 ),
 .UNSPECIFIED., .F., .F. ) 
 B_SPLINE_CURVE_WITH_KNOTS ( ( 4, 4 ),
 ( 3.141592653589787787, 4.712388980384689674 ),
 .UNSPECIFIED. ) 
 CURVE ( )  GEOMETRIC_REPRESENTATION_ITEM ( )  RATIONAL_B_SPLINE_CURVE ( ( 1.000000000000000000, 0.8047378541243637162, 0.8047378541243637162, 1.000000000000000000 ) ) 
 REPRESENTATION_ITEM ( '' )  );
#1037 = ORIENTED_EDGE ( 'NONE', *, *, #1681, .T. ) ;
#1038 = CARTESIAN_POINT ( 'NONE',  ( 2.169410873782861238, -13.51916666666666522, 0.8125000000000000000 ) ) ;
#1039 = DIRECTION ( 'NONE',  ( 0.000000000000000000, 1.000000000000000000, 0.000000000000000000 ) ) ;
#1040 = VERTEX_POINT ( 'NONE', #1499 ) ;
#1041 = ORIENTED_EDGE ( 'NONE', *, *, #2655, .T. ) ;
#1042 = DIRECTION ( 'NONE',  ( -0.000000000000000000, 0.000000000000000000, -1.000000000000000000 ) ) ;
#1043 = PLANE ( 'NONE',  #2942 ) ;
#1044 = DIRECTION ( 'NONE',  ( 1.000000000000000000, 0.000000000000000000, 0.000000000000000000 ) ) ;
#1045 = EDGE_CURVE ( 'NONE', #310, #647, #1716, .T. ) ;
#1046 = CARTESIAN_POINT ( 'NONE',  ( 2.231910873782098292, -13.51916666666666522, -2.502744161187681726 ) ) ;
#1047 = ORIENTED_EDGE ( 'NONE', *, *, #2288, .F. ) ;
#1048 = AXIS2_PLACEMENT_3D ( 'NONE', #342, #946, #3018 ) ;
#1049 = AXIS2_PLACEMENT_3D ( 'NONE', #1303, #738, #3140 ) ;
#1050 = ADVANCED_FACE ( 'NONE', ( #2542 ), #2545, .T. ) ;
#1051 = DIRECTION ( 'NONE',  ( 1.000000000000000000, 0.000000000000000000, 0.000000000000000000 ) ) ;
#1052 = CARTESIAN_POINT ( 'NONE',  ( -0.1255891262171394129, -11.66666666666667496, -3.562499999999999556 ) ) ;
#1053 = AXIS2_PLACEMENT_3D ( 'NONE', #2062, #980, #2336 ) ;
#1054 = AXIS2_PLACEMENT_3D ( 'NONE', #2895, #3164, #2163 ) ;
#1055 = AXIS2_PLACEMENT_3D ( 'NONE', #2416, #2434, #798 ) ;
#1056 = LINE ( 'NONE', #1620, #2604 ) ;
#1057 = FACE_OUTER_BOUND ( 'NONE', #1250, .T. ) ;
#1058 = VERTEX_POINT ( 'NONE', #2510 ) ;
#1059 = ORIENTED_EDGE ( 'NONE', *, *, #279, .T. ) ;
#1060 = DIRECTION ( 'NONE',  ( 1.000000000000000000, -0.000000000000000000, 0.000000000000000000 ) ) ;
#1061 = CARTESIAN_POINT ( 'NONE',  ( 2.312716699958699884, -13.51916666666666522, 1.349111652351680624 ) ) ;
#1062 = CARTESIAN_POINT ( 'NONE',  ( 2.169410873782861238, -12.99327831901834784, -2.875000000000000000 ) ) ;
#1063 = CARTESIAN_POINT ( 'NONE',  ( 2.156890051021327359, -13.48382605152308145, -2.444410193078789817 ) ) ;
#1064 = EDGE_CURVE ( 'NONE', #1107, #547, #126, .T. ) ;
#1065 = CARTESIAN_POINT ( 'NONE',  ( 2.231910873782861238, -13.51916666666666522, -2.525888347648315602 ) ) ;
#1066 = ORIENTED_EDGE ( 'NONE', *, *, #1614, .F. ) ;
#1067 = CARTESIAN_POINT ( 'NONE',  ( 0.000000000000000000, -16.66666666666666785, 1.812500000000002220 ) ) ;
#1068 = CARTESIAN_POINT ( 'NONE',  ( -0.06308912621714012070, -6.178777507157481530, -9.803777507157491300 ) ) ;
#1069 = VECTOR ( 'NONE', #1382, 100.0000000000000000 ) ;
#1070 = ADVANCED_FACE ( 'NONE', ( #403 ), #1941, .T. ) ;
#1071 = ORIENTED_EDGE ( 'NONE', *, *, #1653, .F. ) ;
#1072 = EDGE_CURVE ( 'NONE', #1769, #3002, #1845, .T. ) ;
#1073 = CARTESIAN_POINT ( 'NONE',  ( 5.816916631392818005, -13.98412712223262488, 1.851116267738098120 ) ) ;
#1074 = VERTEX_POINT ( 'NONE', #2477 ) ;
#1075 = AXIS2_PLACEMENT_3D ( 'NONE', #3353, #2858, #1309 ) ;
#1076 = ORIENTED_EDGE ( 'NONE', *, *, #2389, .T. ) ;
#1077 = DIRECTION ( 'NONE',  ( -1.000000000000000000, 0.000000000000000000, 0.000000000000000000 ) ) ;
#1078 = AXIS2_PLACEMENT_3D ( 'NONE', #3259, #1690, #60 ) ;
#1079 = DIRECTION ( 'NONE',  ( 0.000000000000000000, -0.000000000000000000, -1.000000000000000000 ) ) ;
#1080 = LINE ( 'NONE', #1395, #1658 ) ;
#1081 = AXIS2_PLACEMENT_3D ( 'NONE', #1544, #1013, #2652 ) ;
#1082 = DIRECTION ( 'NONE',  ( 0.000000000000000000, 0.000000000000000000, 1.000000000000000000 ) ) ;
#1083 =( NAMED_UNIT ( * ) SI_UNIT ( $, .STERADIAN. ) SOLID_ANGLE_UNIT ( ) );
#1084 = VERTEX_POINT ( 'NONE', #3291 ) ;
#1085 = DIRECTION ( 'NONE',  ( 0.000000000000000000, 0.000000000000000000, -1.000000000000000000 ) ) ;
#1086 = ORIENTED_EDGE ( 'NONE', *, *, #2639, .T. ) ;
#1087 = CYLINDRICAL_SURFACE ( 'NONE', #2378, 0.06250000000000005551 ) ;
#1088 = ADVANCED_FACE ( 'NONE', ( #1765 ), #1734, .T. ) ;
#1089 = FACE_BOUND ( 'NONE', #3329, .T. ) ;
#1090 = ORIENTED_EDGE ( 'NONE', *, *, #1592, .F. ) ;
#1091 = EDGE_CURVE ( 'NONE', #2310, #1439, #1830, .T. ) ;
#1092 = ORIENTED_EDGE ( 'NONE', *, *, #1712, .F. ) ;
#1093 = CYLINDRICAL_SURFACE ( 'NONE', #934, 0.06249999999999997224 ) ;
#1094 = DIRECTION ( 'NONE',  ( 0.000000000000000000, -0.000000000000000000, -1.000000000000000000 ) ) ;
#1095 = DIRECTION ( 'NONE',  ( 0.000000000000000000, 4.440892098500628055E-14, -1.000000000000000000 ) ) ;
#1096 = CARTESIAN_POINT ( 'NONE',  ( 2.231910873782860794, -14.04505501431498971, -3.624999999999999556 ) ) ;
#1097 = DIRECTION ( 'NONE',  ( -2.907578627192168090E-16, 0.7071067811865456854, -0.7071067811865494601 ) ) ;
#1098 = ORIENTED_EDGE ( 'NONE', *, *, #2267, .T. ) ;
#1099 = CYLINDRICAL_SURFACE ( 'NONE', #846, 0.06250000000000005551 ) ;
#1100 = FACE_OUTER_BOUND ( 'NONE', #1108, .T. ) ;
#1101 = VECTOR ( 'NONE', #3079, 99.99999999999998579 ) ;
#1102 = ORIENTED_EDGE ( 'NONE', *, *, #3172, .T. ) ;
#1103 = AXIS2_PLACEMENT_3D ( 'NONE', #37, #3216, #858 ) ;
#1104 = DIRECTION ( 'NONE',  ( 0.000000000000000000, 0.7071067811865493491, 0.7071067811865456854 ) ) ;
#1105 = AXIS2_PLACEMENT_3D ( 'NONE', #3338, #457, #2045 ) ;
#1106 = DIRECTION ( 'NONE',  ( 1.079438565345166706E-14, -0.7071067811865572317, -0.7071067811865378028 ) ) ;
#1107 = VERTEX_POINT ( 'NONE', #419 ) ;
#1108 = EDGE_LOOP ( 'NONE', ( #3277, #1656, #3149, #530 ) ) ;
#1109 = AXIS2_PLACEMENT_3D ( 'NONE', #1987, #2215, #1182 ) ;
#1110 = DIRECTION ( 'NONE',  ( -1.000000000000000000, -1.257674520083186869E-16, 0.000000000000000000 ) ) ;
#1111 = DIRECTION ( 'NONE',  ( 1.000000000000000000, 0.000000000000000000, 0.000000000000000000 ) ) ;
#1112 = EDGE_CURVE ( 'NONE', #2390, #3019, #3309, .T. ) ;
#1113 = DIRECTION ( 'NONE',  ( 0.000000000000000000, 1.000000000000000000, 0.000000000000000000 ) ) ;
#1114 = ADVANCED_FACE ( 'NONE', ( #1701 ), #387, .T. ) ;
#1115 = PLANE ( 'NONE',  #675 ) ;
#1116 = CARTESIAN_POINT ( 'NONE',  ( 2.106910873782859461, -13.97183170961162268, -3.625000000000000444 ) ) ;
#1117 = CARTESIAN_POINT ( 'NONE',  ( 1.731910873782861016, -11.66666666666666607, -3.624999999999999556 ) ) ;
#1118 = CARTESIAN_POINT ( 'NONE',  ( 2.294410873782860794, -13.58166666666666345, 0.9375000000000000000 ) ) ;
#1119 = CARTESIAN_POINT ( 'NONE',  ( -0.06308912621713920477, -13.45666666666666700, -2.349111652351681290 ) ) ;
#1120 = PLANE ( 'NONE',  #1812 ) ;
#1121 = CARTESIAN_POINT ( 'NONE',  ( 0.000000000000000000, -14.04505501431498260, 1.812500000000002220 ) ) ;
#1122 = AXIS2_PLACEMENT_3D ( 'NONE', #1553, #1350, #1334 ) ;
#1123 = CARTESIAN_POINT ( 'NONE',  ( 2.231910873782861238, -13.45666666666666700, -2.525888347648315602 ) ) ;
#1124 = VERTEX_POINT ( 'NONE', #2494 ) ;
#1125 = ORIENTED_EDGE ( 'NONE', *, *, #428, .F. ) ;
#1126 = CARTESIAN_POINT ( 'NONE',  ( 3.490892816962751777, -13.86827831901835140, 1.875000000000002442 ) ) ;
#1127 = AXIS2_PLACEMENT_3D ( 'NONE', #1991, #1480, #1224 ) ;
#1128 = CARTESIAN_POINT ( 'NONE',  ( 0.000000000000000000, -14.00086084049082480, 1.856694173824160909 ) ) ;
#1129 = DIRECTION ( 'NONE',  ( 0.000000000000000000, -0.000000000000000000, -1.000000000000000000 ) ) ;
#1130 = CIRCLE ( 'NONE', #2822, 0.06250000000000001388 ) ;
#1131 = ADVANCED_FACE ( 'NONE', ( #129 ), #2239, .F. ) ;
#1132 = CARTESIAN_POINT ( 'NONE',  ( 2.356910873782861682, -15.20666666666666522, 1.875000000000002442 ) ) ;
#1133 = CYLINDRICAL_SURFACE ( 'NONE', #2363, 0.06250000000000005551 ) ;
#1134 = EDGE_CURVE ( 'NONE', #1286, #1791, #3193, .T. ) ;
#1135 = CIRCLE ( 'NONE', #966, 0.06249999999999866773 ) ;
#1136 = CARTESIAN_POINT ( 'NONE',  ( 2.312716699958699884, -13.51916666666666522, 1.349111652351680624 ) ) ;
#1137 = DIRECTION ( 'NONE',  ( 0.000000000000000000, -1.000000000000000000, 0.000000000000000000 ) ) ;
#1138 = EDGE_LOOP ( 'NONE', ( #2885, #1940, #440 ) ) ;
#1139 = CARTESIAN_POINT ( 'NONE',  ( 2.169410873782861238, -13.51916666666666522, 0.8125000000000000000 ) ) ;
#1140 = CARTESIAN_POINT ( 'NONE',  ( 2.356910873782860794, -14.04505501431498260, 1.812500000000002220 ) ) ;
#1141 = CARTESIAN_POINT ( 'NONE',  ( 5.848392816962751262, -14.04505501431498260, 1.812500000000002220 ) ) ;
#1142 = VERTEX_POINT ( 'NONE', #2074 ) ;
#1143 = CARTESIAN_POINT ( 'NONE',  ( 3.490892816962751333, -13.88563645886415543, 1.818286046614975948 ) ) ;
#1144 = DIRECTION ( 'NONE',  ( 1.000000000000000000, 0.000000000000000000, 0.000000000000000000 ) ) ;
#1145 = CARTESIAN_POINT ( 'NONE',  ( 2.231910873782861238, -15.33166666666666522, 1.812500000000002220 ) ) ;
#1146 = LINE ( 'NONE', #625, #3232 ) ;
#1147 = VECTOR ( 'NONE', #1777, 100.0000000000000000 ) ;
#1148 = EDGE_CURVE ( 'NONE', #1328, #1368, #2925, .T. ) ;
#1149 = DIRECTION ( 'NONE',  ( -0.000000000000000000, -0.000000000000000000, -1.000000000000000000 ) ) ;
#1150 = ORIENTED_EDGE ( 'NONE', *, *, #320, .T. ) ;
#1151 = ADVANCED_FACE ( 'NONE', ( #230 ), #2575, .T. ) ;
#1152 = CARTESIAN_POINT ( 'NONE',  ( 0.3744108737828606426, -11.66666666666666607, 0.1875000000000001665 ) ) ;
#1153 = DIRECTION ( 'NONE',  ( -1.000000000000000000, 0.000000000000000000, 0.000000000000000000 ) ) ;
#1154 = CARTESIAN_POINT ( 'NONE',  ( 2.106910873782861238, -11.66666666666666607, -2.937500000000000000 ) ) ;
#1155 = AXIS2_PLACEMENT_3D ( 'NONE', #2325, #2568, #2067 ) ;
#1156 = ORIENTED_EDGE ( 'NONE', *, *, #557, .T. ) ;
#1157 = CARTESIAN_POINT ( 'NONE',  ( 2.169410873782861238, -16.66666666666666785, 1.812500000000002220 ) ) ;
#1158 = VERTEX_POINT ( 'NONE', #211 ) ;
#1159 = CARTESIAN_POINT ( 'NONE',  ( 8.169410873782860349, -16.60416666666667140, 1.812500000000002220 ) ) ;
#1160 = AXIS2_PLACEMENT_3D ( 'NONE', #850, #1627, #1322 ) ;
#1161 = LINE ( 'NONE', #608, #218 ) ;
#1162 = AXIS2_PLACEMENT_3D ( 'NONE', #2343, #2102, #1538 ) ;
#1163 = DIRECTION ( 'NONE',  ( 0.000000000000000000, 0.000000000000000000, 1.000000000000000000 ) ) ;
#1164 = CARTESIAN_POINT ( 'NONE',  ( 2.110164289559676387, -13.91454924624633804, -3.625000000000000444 ) ) ;
#1165 =( BOUNDED_SURFACE ( )  B_SPLINE_SURFACE ( 3, 2, ( 
 ( #864, #2151, #2975 ),
 ( #364, #584, #2716 ),
 ( #828, #847, #326 ),
 ( #2131, #1354, #1659 ),
 ( #291, #1677, #1640 ),
 ( #2943, #1605, #1424 ),
 ( #2685, #1875, #63 ),
 ( #568, #2922, #619 ),
 ( #29, #2431, #1143 ),
 ( #3224, #1126, #1624 ) ),
 .UNSPECIFIED., .F., .F., .F. ) 
 B_SPLINE_SURFACE_WITH_KNOTS ( ( 4, 2, 2, 2, 4 ),
 ( 3, 3 ),
 ( 0.000000000000000000, 0.3926990816987241395, 0.7853981633974482790, 1.178097245096172418, 1.570796326794896558 ),
 ( 0.000000000000000000, 1.000000000000000000 ),
 .UNSPECIFIED. ) 
 GEOMETRIC_REPRESENTATION_ITEM ( )  RATIONAL_B_SPLINE_SURFACE ( (
 ( 1.000000000000000000, 0.9238795325112821866, 1.000000000000000000),
 ( 1.000000000000000000, 0.9238886111311650495, 1.000000000000000000),
 ( 1.000000000000000000, 0.9189375403122113095, 1.000000000000000000),
 ( 1.000000000000000000, 0.8994581715383167531, 1.000000000000000000),
 ( 1.000000000000000000, 0.8849191466018814234, 1.000000000000000000),
 ( 1.000000000000000000, 0.8471316609669857778, 1.000000000000000000),
 ( 1.000000000000000000, 0.8238783965763885053, 1.000000000000000000),
 ( 1.000000000000000000, 0.7702345542982356186, 1.000000000000000000),
 ( 1.000000000000000000, 0.7398497518608754264, 1.000000000000000000),
 ( 1.000000000000000000, 0.7071067811865475727, 1.000000000000000000) ) ) 
 REPRESENTATION_ITEM ( '' )  SURFACE ( )  );
#1166 = CARTESIAN_POINT ( 'NONE',  ( 2.294410873782861238, -13.51916666666666522, 1.286611652351681734 ) ) ;
#1167 = CARTESIAN_POINT ( 'NONE',  ( 1.021910873782861051, -10.95666666666666700, 0.1875000000000002498 ) ) ;
#1168 = ORIENTED_EDGE ( 'NONE', *, *, #876, .T. ) ;
#1169 = VECTOR ( 'NONE', #1984, 100.0000000000000000 ) ;
#1170 = DIRECTION ( 'NONE',  ( -0.000000000000000000, -1.000000000000000000, -0.000000000000000000 ) ) ;
#1171 = CARTESIAN_POINT ( 'NONE',  ( 8.106910873782860349, -16.60416666666667140, 0.000000000000000000 ) ) ;
#1172 = PRODUCT_RELATED_PRODUCT_CATEGORY ( 'part', '', ( #3210 ) ) ;
#1173 = EDGE_CURVE ( 'NONE', #809, #914, #3094, .T. ) ;
#1174 = ORIENTED_EDGE ( 'NONE', *, *, #2598, .T. ) ;
#1175 = ORIENTED_EDGE ( 'NONE', *, *, #721, .F. ) ;
#1176 = EDGE_CURVE ( 'NONE', #1803, #3295, #995, .T. ) ;
#1177 = CYLINDRICAL_SURFACE ( 'NONE', #382, 0.06250000000000026368 ) ;
#1178 = ORIENTED_EDGE ( 'NONE', *, *, #1916, .F. ) ;
#1179 = DIRECTION ( 'NONE',  ( 0.000000000000000000, 0.000000000000000000, -1.000000000000000000 ) ) ;
#1180 = AXIS2_PLACEMENT_3D ( 'NONE', #1118, #384, #3273 ) ;
#1181 = ORIENTED_EDGE ( 'NONE', *, *, #1221, .T. ) ;
#1182 = DIRECTION ( 'NONE',  ( 0.000000000000000000, -0.7071067811865341390, 0.7071067811865608954 ) ) ;
#1183 = CARTESIAN_POINT ( 'NONE',  ( 5.811781164611069528, -14.00086084049083190, 1.856694173824161798 ) ) ;
#1184 = CARTESIAN_POINT ( 'NONE',  ( 2.300839025096880874, -13.51916666666666522, 1.332314083472637689 ) ) ;
#1185 = ORIENTED_EDGE ( 'NONE', *, *, #2841, .F. ) ;
#1186 = CARTESIAN_POINT ( 'NONE',  ( 3.428392816962751333, -14.04505501431498260, 1.875000000000002442 ) ) ;
#1187 = CIRCLE ( 'NONE', #3092, 0.06250000000000001388 ) ;
#1188 = CARTESIAN_POINT ( 'NONE',  ( 5.723392816962751262, -13.97183170961162268, 1.875000000000002442 ) ) ;
#1189 = DIRECTION ( 'NONE',  ( 0.000000000000000000, 0.000000000000000000, 1.000000000000000000 ) ) ;
#1190 = STYLED_ITEM ( 'NONE', ( #1793 ), #2301 ) ;
#1191 = VERTEX_POINT ( 'NONE', #1582 ) ;
#1192 = CIRCLE ( 'NONE', #2944, 0.6475000000000001865 ) ;
#1193 = EDGE_CURVE ( 'NONE', #2049, #695, #2842, .T. ) ;
#1194 = DIRECTION ( 'NONE',  ( 1.000000000000000000, 0.000000000000000000, 0.000000000000000000 ) ) ;
#1195 = ORIENTED_EDGE ( 'NONE', *, *, #1905, .F. ) ;
#1196 = ADVANCED_FACE ( 'NONE', ( #3355 ), #1612, .T. ) ;
#1197 = CARTESIAN_POINT ( 'NONE',  ( -0.06308912621714089786, -7.934558653761030166E-18, -2.937500000000000000 ) ) ;
#1198 = ORIENTED_EDGE ( 'NONE', *, *, #1900, .F. ) ;
#1199 = DIRECTION ( 'NONE',  ( 0.000000000000000000, 0.000000000000000000, 1.000000000000000000 ) ) ;
#1200 = EDGE_LOOP ( 'NONE', ( #2277, #2463, #2227, #2583 ) ) ;
#1201 = EDGE_CURVE ( 'NONE', #3019, #1996, #1275, .T. ) ;
#1202 = CARTESIAN_POINT ( 'NONE',  ( 3.553392816962751333, -14.01916666666666522, 1.875000000000002442 ) ) ;
#1203 = CARTESIAN_POINT ( 'NONE',  ( 5.848392816962751262, -13.45666666666666700, 1.875000000000002442 ) ) ;
#1204 = FACE_OUTER_BOUND ( 'NONE', #361, .T. ) ;
#1205 = ORIENTED_EDGE ( 'NONE', *, *, #26, .T. ) ;
#1206 = DIRECTION ( 'NONE',  ( 0.000000000000000000, 0.000000000000000000, -1.000000000000000000 ) ) ;
#1207 = DIRECTION ( 'NONE',  ( 2.943923360032041426E-14, 0.7071067811865558994, -0.7071067811865392461 ) ) ;
#1208 = VERTEX_POINT ( 'NONE', #2350 ) ;
#1209 = ORIENTED_EDGE ( 'NONE', *, *, #1879, .F. ) ;
#1210 = DIRECTION ( 'NONE',  ( -0.000000000000000000, 0.000000000000000000, 1.000000000000000000 ) ) ;
#1211 = ORIENTED_EDGE ( 'NONE', *, *, #685, .F. ) ;
#1212 = CARTESIAN_POINT ( 'NONE',  ( -0.1255891262171394129, -11.66666666666667496, 0.8125000000000000000 ) ) ;
#1213 = EDGE_CURVE ( 'NONE', #2355, #2425, #2048, .T. ) ;
#1214 = DIRECTION ( 'NONE',  ( 0.000000000000000000, 0.000000000000000000, -1.000000000000000000 ) ) ;
#1215 = VERTEX_POINT ( 'NONE', #2094 ) ;
#1216 = TOROIDAL_SURFACE ( 'NONE', #106, 1.085000000000000187, 0.06250000000000000000 ) ;
#1217 = LINE ( 'NONE', #3283, #2641 ) ;
#1218 = CIRCLE ( 'NONE', #1105, 0.06249999999999866773 ) ;
#1219 = DIRECTION ( 'NONE',  ( 0.000000000000000000, -0.7071067811865392461, -0.7071067811865558994 ) ) ;
#1220 = AXIS2_PLACEMENT_3D ( 'NONE', #55, #1902, #1313 ) ;
#1221 = EDGE_CURVE ( 'NONE', #1074, #1304, #2828, .T. ) ;
#1222 = ADVANCED_FACE ( 'NONE', ( #3337 ), #3137, .T. ) ;
#1223 = VECTOR ( 'NONE', #1378, 100.0000000000000000 ) ;
#1224 = DIRECTION ( 'NONE',  ( 1.000000000000000000, 0.000000000000000000, 0.000000000000000000 ) ) ;
#1225 = VERTEX_POINT ( 'NONE', #2594 ) ;
#1226 = DIRECTION ( 'NONE',  ( 1.000000000000000000, -0.000000000000000000, 0.000000000000000000 ) ) ;
#1227 = CARTESIAN_POINT ( 'NONE',  ( -0.1255891262171394129, -11.66666666666667496, 0.1875000000000001665 ) ) ;
#1228 = LINE ( 'NONE', #1738, #3010 ) ;
#1229 = VERTEX_POINT ( 'NONE', #1330 ) ;
#1230 = VECTOR ( 'NONE', #1635, 100.0000000000000000 ) ;
#1231 = DIRECTION ( 'NONE',  ( -1.000000000000000000, -0.000000000000000000, 0.000000000000000000 ) ) ;
#1232 = VERTEX_POINT ( 'NONE', #249 ) ;
#1233 = AXIS2_PLACEMENT_3D ( 'NONE', #148, #1170, #2222 ) ;
#1234 = EDGE_LOOP ( 'NONE', ( #2241, #1743, #163, #2833 ) ) ;
#1235 = CYLINDRICAL_SURFACE ( 'NONE', #1274, 0.06249999999999918121 ) ;
#1236 = CIRCLE ( 'NONE', #1670, 0.7100000000000001865 ) ;
#1237 = DIRECTION ( 'NONE',  ( -1.000000000000000000, 0.000000000000000000, 0.000000000000000000 ) ) ;
#1238 = VERTEX_POINT ( 'NONE', #2042 ) ;
#1239 = AXIS2_PLACEMENT_3D ( 'NONE', #1586, #3394, #495 ) ;
#1240 = CIRCLE ( 'NONE', #1015, 0.06250000000000005551 ) ;
#1241 = DIRECTION ( 'NONE',  ( 1.000000000000000000, 0.000000000000000000, 0.000000000000000000 ) ) ;
#1242 = CARTESIAN_POINT ( 'NONE',  ( 3.428392816962751333, -13.45666666666666700, 1.000000000000002220 ) ) ;
#1243 = EDGE_CURVE ( 'NONE', #391, #3328, #2105, .T. ) ;
#1244 = PLANE ( 'NONE',  #1407 ) ;
#1245 = ADVANCED_FACE ( 'NONE', ( #750 ), #487, .T. ) ;
#1246 = ORIENTED_EDGE ( 'NONE', *, *, #3286, .F. ) ;
#1247 = CARTESIAN_POINT ( 'NONE',  ( -0.1255891262171388301, -16.60416666666667140, 0.8125000000000000000 ) ) ;
#1248 = DIRECTION ( 'NONE',  ( -1.000000000000000000, -0.000000000000000000, 0.000000000000000000 ) ) ;
#1249 = CARTESIAN_POINT ( 'NONE',  ( -0.09970077856882077205, -13.51916666666666522, -0.3749999999999976130 ) ) ;
#1250 = EDGE_LOOP ( 'NONE', ( #3261, #476, #2848, #2033 ) ) ;
#1251 = VERTEX_POINT ( 'NONE', #524 ) ;
#1252 = ORIENTED_EDGE ( 'NONE', *, *, #3088, .F. ) ;
#1253 = DIRECTION ( 'NONE',  ( 1.000000000000000000, 0.000000000000000000, 0.000000000000000000 ) ) ;
#1254 = VECTOR ( 'NONE', #1111, 100.0000000000000000 ) ;
#1255 = ORIENTED_EDGE ( 'NONE', *, *, #423, .F. ) ;
#1256 = FACE_OUTER_BOUND ( 'NONE', #147, .T. ) ;
#1257 = DIRECTION ( 'NONE',  ( -0.000000000000000000, 0.7071067811865781039, -0.7071067811865169306 ) ) ;
#1258 = FACE_OUTER_BOUND ( 'NONE', #1534, .T. ) ;
#1259 = EDGE_CURVE ( 'NONE', #1368, #523, #2334, .T. ) ;
#1260 = ORIENTED_EDGE ( 'NONE', *, *, #3266, .F. ) ;
#1261 = CARTESIAN_POINT ( 'NONE',  ( 8.106910873782860349, -13.58166666666666345, -3.099111652351680402 ) ) ;
#1262 = FACE_OUTER_BOUND ( 'NONE', #2601, .T. ) ;
#1263 = CARTESIAN_POINT ( 'NONE',  ( -0.1255891262171394129, -13.51916666666666522, -2.349111652351681290 ) ) ;
#1264 = EDGE_CURVE ( 'NONE', #1238, #461, #954, .T. ) ;
#1265 = ORIENTED_EDGE ( 'NONE', *, *, #1508, .F. ) ;
#1266 = ORIENTED_EDGE ( 'NONE', *, *, #2703, .F. ) ;
#1267 = VERTEX_POINT ( 'NONE', #5 ) ;
#1268 = CYLINDRICAL_SURFACE ( 'NONE', #1490, 0.06250000000000005551 ) ;
#1269 = CARTESIAN_POINT ( 'NONE',  ( 2.106910873782861238, -13.03747249284250564, 0.1066941738241588833 ) ) ;
#1270 = AXIS2_PLACEMENT_3D ( 'NONE', #811, #1110, #2648 ) ;
#1271 = DIRECTION ( 'NONE',  ( 1.000000000000000000, 0.000000000000000000, -0.000000000000000000 ) ) ;
#1272 = FACE_OUTER_BOUND ( 'NONE', #238, .T. ) ;
#1273 = ORIENTED_EDGE ( 'NONE', *, *, #3345, .T. ) ;
#1274 = AXIS2_PLACEMENT_3D ( 'NONE', #756, #1537, #1771 ) ;
#1275 = LINE ( 'NONE', #1067, #784 ) ;
#1276 = DIRECTION ( 'NONE',  ( 1.734723475976805615E-16, -1.000000000000000000, 0.000000000000000000 ) ) ;
#1277 = CARTESIAN_POINT ( 'NONE',  ( -0.06308912621713942681, -11.66666666666667496, -3.624999999999999556 ) ) ;
#1278 = ORIENTED_EDGE ( 'NONE', *, *, #1614, .T. ) ;
#1279 = EDGE_CURVE ( 'NONE', #502, #28, #2197, .T. ) ;
#1280 = ORIENTED_EDGE ( 'NONE', *, *, #2265, .T. ) ;
#1281 = EDGE_CURVE ( 'NONE', #2466, #2628, #452, .T. ) ;
#1282 = ORIENTED_EDGE ( 'NONE', *, *, #1796, .T. ) ;
#1283 = CARTESIAN_POINT ( 'NONE',  ( 2.169410873782861238, -11.66666666666666607, -2.937500000000000000 ) ) ;
#1284 = DIRECTION ( 'NONE',  ( -1.000000000000000000, 0.000000000000000000, 0.000000000000000000 ) ) ;
#1285 = AXIS2_PLACEMENT_3D ( 'NONE', #2954, #1652, #2525 ) ;
#1286 = VERTEX_POINT ( 'NONE', #2674 ) ;
#1287 = DIRECTION ( 'NONE',  ( 0.000000000000000000, 0.7071067811865309194, -0.7071067811865642261 ) ) ;
#1288 = CARTESIAN_POINT ( 'NONE',  ( 2.356910873782861238, -14.04505501431498260, 1.812500000000002220 ) ) ;
#1289 = VECTOR ( 'NONE', #1033, 100.0000000000000000 ) ;
#1290 = CARTESIAN_POINT ( 'NONE',  ( 2.145320044192713382, -13.49200728181025077, -2.419866502217843607 ) ) ;
#1291 = AXIS2_PLACEMENT_3D ( 'NONE', #336, #2439, #2949 ) ;
#1292 = ORIENTED_EDGE ( 'NONE', *, *, #1529, .T. ) ;
#1293 = DIRECTION ( 'NONE',  ( 1.000000000000000000, 0.000000000000000000, 0.000000000000000000 ) ) ;
#1294 = AXIS2_PLACEMENT_3D ( 'NONE', #1974, #957, #694 ) ;
#1295 = DIRECTION ( 'NONE',  ( 0.000000000000000000, -0.7071067811865455743, 0.7071067811865494601 ) ) ;
#1296 = CARTESIAN_POINT ( 'NONE',  ( -0.06308912621713942681, -11.66666666666667496, 0.8125000000000000000 ) ) ;
#1297 = ORIENTED_EDGE ( 'NONE', *, *, #2539, .F. ) ;
#1298 = TOROIDAL_SURFACE ( 'NONE', #2005, 1.085000000000000187, 0.06250000000000000000 ) ;
#1299 = VERTEX_POINT ( 'NONE', #1117 ) ;
#1300 = CIRCLE ( 'NONE', #1783, 0.6475000000000001865 ) ;
#1301 = ORIENTED_EDGE ( 'NONE', *, *, #857, .T. ) ;
#1302 = ADVANCED_FACE ( 'NONE', ( #1628 ), #610, .T. ) ;
#1303 = CARTESIAN_POINT ( 'NONE',  ( 2.356910873782861238, -14.04505501431498260, 1.812500000000002220 ) ) ;
#1304 = VERTEX_POINT ( 'NONE', #3179 ) ;
#1305 = VECTOR ( 'NONE', #276, 100.0000000000000000 ) ;
#1306 = DIRECTION ( 'NONE',  ( 0.000000000000000000, 0.7071067811865494601, 0.7071067811865456854 ) ) ;
#1307 = EDGE_CURVE ( 'NONE', #567, #1528, #2455, .T. ) ;
#1308 = DIRECTION ( 'NONE',  ( 1.000000000000000000, 0.000000000000000000, 0.000000000000000000 ) ) ;
#1309 = DIRECTION ( 'NONE',  ( -1.000000000000000000, 0.000000000000000000, 0.000000000000000000 ) ) ;
#1310 = ORIENTED_EDGE ( 'NONE', *, *, #1592, .T. ) ;
#1311 = CARTESIAN_POINT ( 'NONE',  ( 1.021910873782860829, -11.66666666666666607, -2.875000000000000000 ) ) ;
#1312 = DIRECTION ( 'NONE',  ( 1.000000000000000000, 0.000000000000000000, 0.000000000000000000 ) ) ;
#1313 = DIRECTION ( 'NONE',  ( -1.000000000000000000, 0.000000000000000000, 0.000000000000000000 ) ) ;
#1314 = ORIENTED_EDGE ( 'NONE', *, *, #1737, .F. ) ;
#1315 = CARTESIAN_POINT ( 'NONE',  ( -0.1255891262171394129, -13.01916666666666522, -2.875000000000000000 ) ) ;
#1316 = ORIENTED_EDGE ( 'NONE', *, *, #2993, .F. ) ;
#1317 = ORIENTED_EDGE ( 'NONE', *, *, #763, .T. ) ;
#1318 = ADVANCED_FACE ( 'NONE', ( #2216 ), #906, .T. ) ;
#1319 = DIRECTION ( 'NONE',  ( 1.000000000000000000, 0.000000000000000000, 0.000000000000000000 ) ) ;
#1320 = ADVANCED_FACE ( 'NONE', ( #587 ), #70, .F. ) ;
#1321 = LINE ( 'NONE', #2315, #140 ) ;
#1322 = DIRECTION ( 'NONE',  ( 1.000000000000000000, 0.000000000000000000, 0.000000000000000000 ) ) ;
#1323 = ADVANCED_FACE ( 'NONE', ( #2417, #52 ), #1115, .T. ) ;
#1324 = CARTESIAN_POINT ( 'NONE',  ( 1.021910873782860829, -12.31416666666666693, 0.1875000000000001110 ) ) ;
#1325 = CIRCLE ( 'NONE', #3228, 0.06250000000000005551 ) ;
#1326 = DIRECTION ( 'NONE',  ( -1.000000000000000000, -4.111937128241310678E-16, 0.000000000000000000 ) ) ;
#1327 = ADVANCED_FACE ( 'NONE', ( #3195 ), #1895, .T. ) ;
#1328 = VERTEX_POINT ( 'NONE', #1913 ) ;
#1329 = AXIS2_PLACEMENT_3D ( 'NONE', #757, #499, #1284 ) ;
#1330 = CARTESIAN_POINT ( 'NONE',  ( 5.785892816962751262, -9.821285196333107592, 1.000000000000002220 ) ) ;
#1331 = CARTESIAN_POINT ( 'NONE',  ( 8.106910873782860349, -14.04505501431498260, 1.812500000000001998 ) ) ;
#1332 = ORIENTED_EDGE ( 'NONE', *, *, #1608, .T. ) ;
#1333 = AXIS2_PLACEMENT_3D ( 'NONE', #1877, #2924, #570 ) ;
#1334 = DIRECTION ( 'NONE',  ( 1.000000000000000000, 0.000000000000000000, 0.000000000000000000 ) ) ;
#1335 = CARTESIAN_POINT ( 'NONE',  ( 5.787519524851110653, -13.90298151443921171, 1.824067731806903403 ) ) ;
#1336 = ORIENTED_EDGE ( 'NONE', *, *, #721, .T. ) ;
#1337 = ORIENTED_EDGE ( 'NONE', *, *, #962, .F. ) ;
#1338 = CARTESIAN_POINT ( 'NONE',  ( 5.723392816962751262, 0.000000000000000000, 1.875000000000002442 ) ) ;
#1339 = LINE ( 'NONE', #2193, #1254 ) ;
#1340 = DIRECTION ( 'NONE',  ( -1.000000000000000000, 0.000000000000000000, 0.000000000000000000 ) ) ;
#1341 = AXIS2_PLACEMENT_3D ( 'NONE', #2786, #1425, #426 ) ;
#1342 = VERTEX_POINT ( 'NONE', #477 ) ;
#1343 = EDGE_CURVE ( 'NONE', #2049, #2150, #347, .T. ) ;
#1344 = AXIS2_PLACEMENT_3D ( 'NONE', #3275, #926, #1976 ) ;
#1345 = EDGE_CURVE ( 'NONE', #1191, #3398, #2381, .T. ) ;
#1346 = DIRECTION ( 'NONE',  ( -0.000000000000000000, 1.000000000000000000, 0.000000000000000000 ) ) ;
#1347 = VECTOR ( 'NONE', #2669, 100.0000000000000142 ) ;
#1348 = PLANE ( 'NONE',  #1054 ) ;
#1349 = VECTOR ( 'NONE', #505, 100.0000000000000000 ) ;
#1350 = DIRECTION ( 'NONE',  ( -0.000000000000000000, 0.000000000000000000, 1.000000000000000000 ) ) ;
#1351 = CARTESIAN_POINT ( 'NONE',  ( -0.1255891262171392742, -12.99327831901834784, -2.937500000000000000 ) ) ;
#1352 = ORIENTED_EDGE ( 'NONE', *, *, #938, .F. ) ;
#1353 = EDGE_LOOP ( 'NONE', ( #2776, #1706, #497, #379 ) ) ;
#1354 = CARTESIAN_POINT ( 'NONE',  ( 3.472107457327601399, -13.99876981080217675, 1.875000000000002220 ) ) ;
#1355 = AXIS2_PLACEMENT_3D ( 'NONE', #3221, #1925, #360 ) ;
#1356 = CARTESIAN_POINT ( 'NONE',  ( 2.106910873782861238, -12.99327831901834784, -2.937500000000000000 ) ) ;
#1357 = DIRECTION ( 'NONE',  ( 1.000000000000000000, 0.000000000000000000, 0.000000000000000000 ) ) ;
#1358 = CIRCLE ( 'NONE', #3268, 0.06250000000000005551 ) ;
#1359 = DIRECTION ( 'NONE',  ( -0.000000000000000000, 0.000000000000000000, 1.000000000000000000 ) ) ;
#1360 = CARTESIAN_POINT ( 'NONE',  ( 2.215551630307150077, -13.99741007171841289, -3.605543917566696344 ) ) ;
#1361 = CARTESIAN_POINT ( 'NONE',  ( 1.669410873782861016, -11.66666666666666607, 0.8125000000000000000 ) ) ;
#1362 = AXIS2_PLACEMENT_3D ( 'NONE', #329, #829, #1144 ) ;
#1363 = ORIENTED_EDGE ( 'NONE', *, *, #557, .F. ) ;
#1364 = EDGE_CURVE ( 'NONE', #2801, #1084, #2918, .T. ) ;
#1365 = DIRECTION ( 'NONE',  ( 1.000000000000000000, 0.000000000000000000, 0.000000000000000000 ) ) ;
#1366 = CARTESIAN_POINT ( 'NONE',  ( -0.1255891262171388301, -16.60416666666667140, -3.624999999999999556 ) ) ;
#1367 = CARTESIAN_POINT ( 'NONE',  ( 1.021910873782860829, -11.66666666666666607, -2.937500000000000000 ) ) ;
#1368 = VERTEX_POINT ( 'NONE', #269 ) ;
#1369 = DIRECTION ( 'NONE',  ( 0.000000000000000000, 0.000000000000000000, 1.000000000000000000 ) ) ;
#1370 = CARTESIAN_POINT ( 'NONE',  ( 2.169410873782861238, 0.000000000000000000, 0.000000000000000000 ) ) ;
#1371 = CARTESIAN_POINT ( 'NONE',  ( 5.793781167510481112, -13.93504939237490348, 1.834757024452238872 ) ) ;
#1372 = EDGE_CURVE ( 'NONE', #1328, #391, #2114, .T. ) ;
#1373 = VERTEX_POINT ( 'NONE', #2882 ) ;
#1374 = ORIENTED_EDGE ( 'NONE', *, *, #305, .T. ) ;
#1375 = ADVANCED_FACE ( 'NONE', ( #3152 ), #2864, .T. ) ;
#1376 = CARTESIAN_POINT ( 'NONE',  ( 1.021910873782860829, -11.66666666666666607, -2.937500000000000000 ) ) ;
#1377 = DIRECTION ( 'NONE',  ( -1.000000000000000000, 0.000000000000000000, 0.000000000000000000 ) ) ;
#1378 = DIRECTION ( 'NONE',  ( 0.000000000000000000, -1.000000000000000000, 0.000000000000000000 ) ) ;
#1379 = DIRECTION ( 'NONE',  ( -1.000000000000000000, 0.000000000000000000, 0.000000000000000000 ) ) ;
#1380 = EDGE_LOOP ( 'NONE', ( #1374, #794, #1181, #1874, #3113, #2797, #2989, #1622, #2717, #1585, #1032, #248 ) ) ;
#1381 = DIRECTION ( 'NONE',  ( -4.440892098500720825E-14, 1.000000000000000000, 0.000000000000000000 ) ) ;
#1382 = DIRECTION ( 'NONE',  ( 0.000000000000000000, 0.7071067811865493491, 0.7071067811865456854 ) ) ;
#1383 = CYLINDRICAL_SURFACE ( 'NONE', #2204, 0.06250000000000005551 ) ;
#1384 = ORIENTED_EDGE ( 'NONE', *, *, #3388, .F. ) ;
#1385 = CIRCLE ( 'NONE', #1922, 0.1249999999999994171 ) ;
#1386 = DIRECTION ( 'NONE',  ( 0.000000000000000000, 0.000000000000000000, 1.000000000000000000 ) ) ;
#1387 = AXIS2_PLACEMENT_3D ( 'NONE', #644, #1989, #2489 ) ;
#1388 = CYLINDRICAL_SURFACE ( 'NONE', #3262, 0.06250000000000005551 ) ;
#1389 = ORIENTED_EDGE ( 'NONE', *, *, #2158, .F. ) ;
#1390 = ORIENTED_EDGE ( 'NONE', *, *, #283, .F. ) ;
#1391 = CIRCLE ( 'NONE', #2092, 0.7100000000000000755 ) ;
#1392 = ADVANCED_FACE ( 'NONE', ( #3378 ), #844, .T. ) ;
#1393 = EDGE_CURVE ( 'NONE', #3001, #561, #306, .T. ) ;
#1394 = CARTESIAN_POINT ( 'NONE',  ( 2.106910873782861238, -13.50086084049082480, -2.393305826175840423 ) ) ;
#1395 = CARTESIAN_POINT ( 'NONE',  ( 5.785892816962751262, -13.53747249284250564, 1.393305826175839535 ) ) ;
#1396 = CARTESIAN_POINT ( 'NONE',  ( 2.131952519305858829, -13.97691585844446571, -3.625000000000000444 ) ) ;
#1397 = AXIS2_PLACEMENT_3D ( 'NONE', #103, #154, #2503 ) ;
#1398 = LINE ( 'NONE', #2422, #1069 ) ;
#1399 = DIRECTION ( 'NONE',  ( -0.000000000000000000, 0.000000000000000000, 1.000000000000000000 ) ) ;
#1400 = ORIENTED_EDGE ( 'NONE', *, *, #1552, .T. ) ;
#1401 = DIRECTION ( 'NONE',  ( 0.000000000000000000, 0.000000000000000000, 1.000000000000000000 ) ) ;
#1402 = CARTESIAN_POINT ( 'NONE',  ( -0.06308912621713927416, -12.99327831901834784, 0.1875000000000000833 ) ) ;
#1403 = ORIENTED_EDGE ( 'NONE', *, *, #2784, .T. ) ;
#1404 = VECTOR ( 'NONE', #1602, 100.0000000000000000 ) ;
#1405 = ORIENTED_EDGE ( 'NONE', *, *, #196, .T. ) ;
#1406 = LINE ( 'NONE', #2448, #543 ) ;
#1407 = AXIS2_PLACEMENT_3D ( 'NONE', #208, #1512, #2285 ) ;
#1408 = CARTESIAN_POINT ( 'NONE',  ( 8.106910873782860349, -13.58166666666666345, -3.099111652351680402 ) ) ;
#1409 = EDGE_CURVE ( 'NONE', #396, #1208, #1056, .T. ) ;
#1410 = LINE ( 'NONE', #2961, #3067 ) ;
#1411 = VECTOR ( 'NONE', #149, 100.0000000000000000 ) ;
#1412 = CARTESIAN_POINT ( 'NONE',  ( 2.231910873782860349, -14.01916666666667055, -3.625000000000000888 ) ) ;
#1413 = ADVANCED_FACE ( 'NONE', ( #2662 ), #3133, .F. ) ;
#1414 = VECTOR ( 'NONE', #3016, 100.0000000000000000 ) ;
#1415 = CARTESIAN_POINT ( 'NONE',  ( 3.428392816962751333, -13.58166666666666345, 1.349111652351680624 ) ) ;
#1416 = AXIS2_PLACEMENT_3D ( 'NONE', #466, #1577, #1287 ) ;
#1417 = DIRECTION ( 'NONE',  ( 1.000000000000000000, -1.224646799147353207E-16, -1.380875308969500067E-32 ) ) ;
#1418 = ORIENTED_EDGE ( 'NONE', *, *, #857, .F. ) ;
#1419 = CYLINDRICAL_SURFACE ( 'NONE', #1556, 0.06250000000000005551 ) ;
#1420 = DIRECTION ( 'NONE',  ( 0.000000000000000000, -1.127570259384925597E-16, 1.000000000000000000 ) ) ;
#1421 = EDGE_LOOP ( 'NONE', ( #1301, #1629, #472, #3341 ) ) ;
#1422 = CIRCLE ( 'NONE', #309, 0.06250000000000005551 ) ;
#1423 = ORIENTED_EDGE ( 'NONE', *, *, #1798, .F. ) ;
#1424 = CARTESIAN_POINT ( 'NONE',  ( 3.478371994201203687, -13.94975647358804238, 1.839659384856564328 ) ) ;
#1425 = DIRECTION ( 'NONE',  ( 1.257674520083186869E-16, -1.000000000000000000, 0.000000000000000000 ) ) ;
#1426 = CARTESIAN_POINT ( 'NONE',  ( 1.021910873782860829, -11.66666666666666607, 0.8125000000000000000 ) ) ;
#1427 = DIRECTION ( 'NONE',  ( 1.000000000000000000, 0.000000000000000000, 0.000000000000000000 ) ) ;
#1428 = EDGE_CURVE ( 'NONE', #1040, #1328, #2147, .T. ) ;
#1429 = LINE ( 'NONE', #110, #2551 ) ;
#1430 = EDGE_CURVE ( 'NONE', #3223, #1466, #678, .T. ) ;
#1431 = DIRECTION ( 'NONE',  ( 1.000000000000000000, 0.000000000000000000, -0.000000000000000000 ) ) ;
#1432 = ORIENTED_EDGE ( 'NONE', *, *, #2514, .F. ) ;
#1433 = CARTESIAN_POINT ( 'NONE',  ( 3.490892816962751333, -13.45666666666666700, 1.374999999999999112 ) ) ;
#1434 = FACE_OUTER_BOUND ( 'NONE', #2910, .T. ) ;
#1435 = ORIENTED_EDGE ( 'NONE', *, *, #3151, .F. ) ;
#1436 = VECTOR ( 'NONE', #516, 100.0000000000000000 ) ;
#1437 = EDGE_LOOP ( 'NONE', ( #2264, #2078, #2149, #1535, #2549 ) ) ;
#1438 = CARTESIAN_POINT ( 'NONE',  ( 8.106910873782860349, -16.60416666666667140, -3.562499999999999556 ) ) ;
#1439 = VERTEX_POINT ( 'NONE', #1351 ) ;
#1440 = DIRECTION ( 'NONE',  ( 0.000000000000000000, -1.000000000000000000, 0.000000000000000000 ) ) ;
#1441 = VECTOR ( 'NONE', #672, 100.0000000000000000 ) ;
#1442 = LINE ( 'NONE', #350, #548 ) ;
#1443 = VECTOR ( 'NONE', #1479, 100.0000000000000000 ) ;
#1444 = DIRECTION ( 'NONE',  ( 1.000000000000000000, -0.000000000000000000, 0.000000000000000000 ) ) ;
#1445 = DIRECTION ( 'NONE',  ( -1.000000000000000000, 0.000000000000000000, 0.000000000000000000 ) ) ;
#1446 = EDGE_CURVE ( 'NONE', #1466, #3001, #2865, .T. ) ;
#1447 = CARTESIAN_POINT ( 'NONE',  ( 0.000000000000000000, -16.60416666666667140, 1.812500000000002220 ) ) ;
#1448 = VERTEX_POINT ( 'NONE', #528 ) ;
#1449 = DIRECTION ( 'NONE',  ( 0.000000000000000000, 0.000000000000000000, -1.000000000000000000 ) ) ;
#1450 = ADVANCED_FACE ( 'NONE', ( #1856 ), #270, .T. ) ;
#1451 = DIRECTION ( 'NONE',  ( 0.000000000000000000, -0.000000000000000000, -1.000000000000000000 ) ) ;
#1452 = EDGE_LOOP ( 'NONE', ( #79, #3138, #2253, #272 ) ) ;
#1453 = EDGE_LOOP ( 'NONE', ( #2401, #132, #1603, #2782, #999 ) ) ;
#1454 = CARTESIAN_POINT ( 'NONE',  ( 2.169410873782861238, -13.45666666666666700, -2.525888347648315602 ) ) ;
#1455 = AXIS2_PLACEMENT_3D ( 'NONE', #766, #3077, #2302 ) ;
#1456 = EDGE_LOOP ( 'NONE', ( #2291, #1557, #2610, #1755, #879, #1400 ) ) ;
#1457 = DIRECTION ( 'NONE',  ( 1.257674520083186869E-16, -1.000000000000000000, 0.000000000000000000 ) ) ;
#1458 = FACE_OUTER_BOUND ( 'NONE', #2643, .T. ) ;
#1459 = DIRECTION ( 'NONE',  ( 0.000000000000000000, 0.000000000000000000, -1.000000000000000000 ) ) ;
#1460 = CARTESIAN_POINT ( 'NONE',  ( 3.990892816962750889, -9.821285196333107592, 1.000000000000002220 ) ) ;
#1461 = VERTEX_POINT ( 'NONE', #2409 ) ;
#1462 = CARTESIAN_POINT ( 'NONE',  ( 3.501616121666114800, -14.04505501431498615, 1.875000000000002442 ) ) ;
#1463 = EDGE_CURVE ( 'NONE', #1124, #2509, #399, .T. ) ;
#1464 = AXIS2_PLACEMENT_3D ( 'NONE', #482, #258, #759 ) ;
#1465 = CARTESIAN_POINT ( 'NONE',  ( 8.169410873782860349, -13.51916666666666522, 1.000000000000000000 ) ) ;
#1466 = VERTEX_POINT ( 'NONE', #772 ) ;
#1467 = ORIENTED_EDGE ( 'NONE', *, *, #1952, .T. ) ;
#1468 = ADVANCED_FACE ( 'NONE', ( #841 ), #3391, .T. ) ;
#1469 = CARTESIAN_POINT ( 'NONE',  ( 2.169410873782861238, 0.000000000000000000, -3.624999999999999556 ) ) ;
#1470 = ADVANCED_FACE ( 'NONE', ( #1089, #1057 ), #2127, .F. ) ;
#1471 = ORIENTED_EDGE ( 'NONE', *, *, #2633, .F. ) ;
#1472 = AXIS2_PLACEMENT_3D ( 'NONE', #690, #2245, #2260 ) ;
#1473 = CYLINDRICAL_SURFACE ( 'NONE', #2242, 0.06249999999999936162 ) ;
#1474 = ADVANCED_FACE ( 'NONE', ( #41 ), #2680, .T. ) ;
#1475 = ORIENTED_EDGE ( 'NONE', *, *, #1430, .F. ) ;
#1476 = DIRECTION ( 'NONE',  ( -0.000000000000000000, -0.000000000000000000, -1.000000000000000000 ) ) ;
#1477 = CARTESIAN_POINT ( 'NONE',  ( 2.106910873782861238, -12.99327831901834784, 0.1874999999999998335 ) ) ;
#1478 = CARTESIAN_POINT ( 'NONE',  ( 2.169410873782861238, -13.58166666666666345, -3.099111652351680402 ) ) ;
#1479 = DIRECTION ( 'NONE',  ( -1.000000000000000000, 0.000000000000000000, 0.000000000000000000 ) ) ;
#1480 = DIRECTION ( 'NONE',  ( -0.000000000000000000, 0.000000000000000000, 1.000000000000000000 ) ) ;
#1481 = ORIENTED_EDGE ( 'NONE', *, *, #2703, .T. ) ;
#1482 = DIRECTION ( 'NONE',  ( -0.000000000000000000, -0.000000000000000000, 1.000000000000000000 ) ) ;
#1483 = DIRECTION ( 'NONE',  ( 1.000000000000000000, -0.000000000000000000, 0.000000000000000000 ) ) ;
#1484 = LINE ( 'NONE', #1550, #880 ) ;
#1485 = ORIENTED_EDGE ( 'NONE', *, *, #72, .T. ) ;
#1486 = FACE_OUTER_BOUND ( 'NONE', #3083, .T. ) ;
#1487 = ADVANCED_FACE ( 'NONE', ( #1841 ), #2883, .T. ) ;
#1488 = SPHERICAL_SURFACE ( 'NONE', #1986, 0.06250000000000000000 ) ;
#1489 = CIRCLE ( 'NONE', #1920, 0.06250000000000005551 ) ;
#1490 = AXIS2_PLACEMENT_3D ( 'NONE', #2836, #1077, #1590 ) ;
#1491 = DIRECTION ( 'NONE',  ( 0.000000000000000000, 0.000000000000000000, -1.000000000000000000 ) ) ;
#1492 = EDGE_CURVE ( 'NONE', #809, #3019, #1833, .T. ) ;
#1493 = AXIS2_PLACEMENT_3D ( 'NONE', #2195, #53, #1684 ) ;
#1494 = CARTESIAN_POINT ( 'NONE',  ( 1.021910873782860829, -11.66666666666666607, 0.1249999999999999861 ) ) ;
#1495 = AXIS2_PLACEMENT_3D ( 'NONE', #251, #3340, #281 ) ;
#1496 = AXIS2_PLACEMENT_3D ( 'NONE', #1805, #1003, #2051 ) ;
#1497 = FACE_BOUND ( 'NONE', #2484, .T. ) ;
#1498 = VERTEX_POINT ( 'NONE', #2240 ) ;
#1499 = CARTESIAN_POINT ( 'NONE',  ( 5.848392816962751262, -13.51916666666666522, 1.000000000000000000 ) ) ;
#1500 = LINE ( 'NONE', #2526, #77 ) ;
#1501 = CARTESIAN_POINT ( 'NONE',  ( 3.428392816962751333, -14.01916666666666522, 1.875000000000002442 ) ) ;
#1502 = EDGE_LOOP ( 'NONE', ( #2123, #2998 ) ) ;
#1503 = EDGE_LOOP ( 'NONE', ( #1933, #3084, #2500, #1211 ) ) ;
#1504 = ORIENTED_EDGE ( 'NONE', *, *, #2230, .T. ) ;
#1505 = DIRECTION ( 'NONE',  ( 1.000000000000000000, 0.000000000000000000, -0.000000000000000000 ) ) ;
#1506 = ORIENTED_EDGE ( 'NONE', *, *, #47, .F. ) ;
#1507 = VECTOR ( 'NONE', #2056, 100.0000000000000000 ) ;
#1508 = EDGE_CURVE ( 'NONE', #2296, #2053, #464, .T. ) ;
#1509 = AXIS2_PLACEMENT_3D ( 'NONE', #127, #909, #871 ) ;
#1510 = DIRECTION ( 'NONE',  ( 0.000000000000000000, -0.7071067811865462405, 0.7071067811865489050 ) ) ;
#1511 = EDGE_CURVE ( 'NONE', #2058, #711, #541, .T. ) ;
#1512 = DIRECTION ( 'NONE',  ( -0.000000000000000000, 0.000000000000000000, 1.000000000000000000 ) ) ;
#1513 = AXIS2_PLACEMENT_3D ( 'NONE', #1814, #3144, #3161 ) ;
#1514 = ORIENTED_EDGE ( 'NONE', *, *, #3125, .T. ) ;
#1515 = CARTESIAN_POINT ( 'NONE',  ( 2.106910873782861238, 0.000000000000000000, 0.8125000000000000000 ) ) ;
#1516 = CARTESIAN_POINT ( 'NONE',  ( 1.021910873782860829, -12.37666666666666693, 0.1875000000000000833 ) ) ;
#1517 = DIRECTION ( 'NONE',  ( -1.000000000000000000, 0.000000000000000000, -0.000000000000000000 ) ) ;
#1518 = ORIENTED_EDGE ( 'NONE', *, *, #2621, .F. ) ;
#1519 = CIRCLE ( 'NONE', #2940, 0.06250000000000005551 ) ;
#1520 = ORIENTED_EDGE ( 'NONE', *, *, #368, .F. ) ;
#1521 = ORIENTED_EDGE ( 'NONE', *, *, #450, .F. ) ;
#1522 = FACE_OUTER_BOUND ( 'NONE', #629, .T. ) ;
#1523 = CIRCLE ( 'NONE', #365, 0.06250000000000005551 ) ;
#1524 = EDGE_LOOP ( 'NONE', ( #3314, #806, #2294, #1600 ) ) ;
#1525 = DIRECTION ( 'NONE',  ( -0.000000000000000000, -0.000000000000000000, -1.000000000000000000 ) ) ;
#1526 = DIRECTION ( 'NONE',  ( -0.000000000000000000, 1.000000000000000000, -0.000000000000000000 ) ) ;
#1527 = CARTESIAN_POINT ( 'NONE',  ( 5.285892816962751262, -9.821285196333107592, 1.875000000000002442 ) ) ;
#1528 = VERTEX_POINT ( 'NONE', #389 ) ;
#1529 = EDGE_CURVE ( 'NONE', #402, #1921, #2449, .T. ) ;
#1530 = CARTESIAN_POINT ( 'NONE',  ( 2.231910873782861238, -13.58166666666666345, 0.9375000000000000000 ) ) ;
#1531 = EDGE_CURVE ( 'NONE', #2125, #1954, #1732, .T. ) ;
#1532 = CARTESIAN_POINT ( 'NONE',  ( -0.1255891262171392186, -13.45666666666666700, -2.349111652351681290 ) ) ;
#1533 = CARTESIAN_POINT ( 'NONE',  ( 2.169410873782861238, -13.50086084049082480, -2.393305826175840423 ) ) ;
#1534 = EDGE_LOOP ( 'NONE', ( #446, #1310, #3023 ) ) ;
#1535 = ORIENTED_EDGE ( 'NONE', *, *, #1345, .T. ) ;
#1536 = EDGE_LOOP ( 'NONE', ( #1481, #3323, #2128, #2065 ) ) ;
#1537 = DIRECTION ( 'NONE',  ( 0.000000000000000000, 0.7071067811865477948, 0.7071067811865473507 ) ) ;
#1538 = DIRECTION ( 'NONE',  ( 0.000000000000000000, 0.000000000000000000, -1.000000000000000000 ) ) ;
#1539 = CARTESIAN_POINT ( 'NONE',  ( 1.731910873782861016, -11.66666666666666607, -2.937500000000000000 ) ) ;
#1540 = AXIS2_PLACEMENT_3D ( 'NONE', #687, #410, #2483 ) ;
#1541 = CYLINDRICAL_SURFACE ( 'NONE', #3135, 0.06250000000000005551 ) ;
#1542 = CIRCLE ( 'NONE', #1981, 0.06250000000000005551 ) ;
#1543 = AXIS2_PLACEMENT_3D ( 'NONE', #612, #3184, #838 ) ;
#1544 = CARTESIAN_POINT ( 'NONE',  ( 1.021910873782860829, -11.66666666666666607, -3.624999999999999556 ) ) ;
#1545 = ORIENTED_EDGE ( 'NONE', *, *, #2321, .F. ) ;
#1546 = VECTOR ( 'NONE', #970, 100.0000000000000000 ) ;
#1547 = DIRECTION ( 'NONE',  ( -0.000000000000000000, 0.000000000000000000, 1.000000000000000000 ) ) ;
#1548 = CARTESIAN_POINT ( 'NONE',  ( 2.294410873782855464, 9.434473259348331721E-16, 1.875000000000002442 ) ) ;
#1549 = ADVANCED_FACE ( 'NONE', ( #666 ), #2172, .T. ) ;
#1550 = CARTESIAN_POINT ( 'NONE',  ( 0.000000000000000000, -14.04505501431498260, 1.875000000000002442 ) ) ;
#1551 = ORIENTED_EDGE ( 'NONE', *, *, #2934, .T. ) ;
#1552 = EDGE_CURVE ( 'NONE', #443, #825, #877, .T. ) ;
#1553 = CARTESIAN_POINT ( 'NONE',  ( 1.021910873782860829, -11.66666666666666607, 0.8125000000000000000 ) ) ;
#1554 = EDGE_CURVE ( 'NONE', #642, #1638, #904, .T. ) ;
#1555 = ORIENTED_EDGE ( 'NONE', *, *, #680, .F. ) ;
#1556 = AXIS2_PLACEMENT_3D ( 'NONE', #2937, #893, #1401 ) ;
#1557 = ORIENTED_EDGE ( 'NONE', *, *, #2304, .T. ) ;
#1558 = FACE_OUTER_BOUND ( 'NONE', #2323, .T. ) ;
#1559 = DIRECTION ( 'NONE',  ( 0.000000000000000000, 0.000000000000000000, -1.000000000000000000 ) ) ;
#1560 = CARTESIAN_POINT ( 'NONE',  ( 2.106910873782861238, -13.58166666666666345, 0.8750000000000001110 ) ) ;
#1561 = DIRECTION ( 'NONE',  ( -0.000000000000000000, 0.000000000000000000, 1.000000000000000000 ) ) ;
#1562 = ORIENTED_EDGE ( 'NONE', *, *, #2534, .T. ) ;
#1563 = DIRECTION ( 'NONE',  ( 0.000000000000000000, 0.000000000000000000, -1.000000000000000000 ) ) ;
#1564 = AXIS2_PLACEMENT_3D ( 'NONE', #942, #2508, #146 ) ;
#1565 = DIRECTION ( 'NONE',  ( 0.000000000000000000, -0.7071067811865475727, 0.7071067811865475727 ) ) ;
#1566 = ADVANCED_FACE ( 'NONE', ( #598 ), #1388, .T. ) ;
#1567 = EDGE_CURVE ( 'NONE', #1107, #1267, #408, .T. ) ;
#1568 = VECTOR ( 'NONE', #420, 100.0000000000000000 ) ;
#1569 = CARTESIAN_POINT ( 'NONE',  ( 2.106910873782861238, -13.01916666666666522, 0.1249999999999998335 ) ) ;
#1570 = CARTESIAN_POINT ( 'NONE',  ( 5.840210111568557849, -14.00086084048952095, 1.856694173822855065 ) ) ;
#1571 = EDGE_LOOP ( 'NONE', ( #2189, #2659, #118, #1975 ) ) ;
#1572 = ORIENTED_EDGE ( 'NONE', *, *, #1259, .F. ) ;
#1573 = EDGE_CURVE ( 'NONE', #3397, #3054, #1730, .T. ) ;
#1574 = CARTESIAN_POINT ( 'NONE',  ( 3.490892816962751333, -13.51916666666666522, 1.349111652351680624 ) ) ;
#1575 = CIRCLE ( 'NONE', #635, 1.084999999999999964 ) ;
#1576 = EDGE_CURVE ( 'NONE', #1844, #1158, #2729, .T. ) ;
#1577 = DIRECTION ( 'NONE',  ( 7.850462293418790390E-15, -0.7071067811865586750, -0.7071067811865364705 ) ) ;
#1578 = CARTESIAN_POINT ( 'NONE',  ( 8.106910873782860349, -16.66666666666666785, -3.562499999999999556 ) ) ;
#1579 = CARTESIAN_POINT ( 'NONE',  ( 2.174947471738485127, -13.51916666666666522, -2.509278552003618934 ) ) ;
#1580 = LINE ( 'NONE', #2, #435 ) ;
#1581 = ORIENTED_EDGE ( 'NONE', *, *, #2700, .F. ) ;
#1582 = CARTESIAN_POINT ( 'NONE',  ( 0.3744108737828606426, -11.66666666666666607, 0.8125000000000000000 ) ) ;
#1583 = CYLINDRICAL_SURFACE ( 'NONE', #3307, 0.06250000000000026368 ) ;
#1584 = CARTESIAN_POINT ( 'NONE',  ( 3.490892816962751333, -13.86827831901835140, 1.812500000000002220 ) ) ;
#1585 = ORIENTED_EDGE ( 'NONE', *, *, #2787, .T. ) ;
#1586 = CARTESIAN_POINT ( 'NONE',  ( 2.169410873782861238, -12.99327831901834784, 0.06249999999999984041 ) ) ;
#1587 = CARTESIAN_POINT ( 'NONE',  ( 5.785892816962751262, -13.88563645886415543, 1.818286046614975948 ) ) ;
#1588 = VERTEX_POINT ( 'NONE', #2744 ) ;
#1589 = ORIENTED_EDGE ( 'NONE', *, *, #47, .T. ) ;
#1590 = DIRECTION ( 'NONE',  ( 0.000000000000000000, 0.000000000000000000, 1.000000000000000000 ) ) ;
#1591 = DIRECTION ( 'NONE',  ( 0.000000000000000000, 0.000000000000000000, -1.000000000000000000 ) ) ;
#1592 = EDGE_CURVE ( 'NONE', #1688, #1142, #2609, .T. ) ;
#1593 = CARTESIAN_POINT ( 'NONE',  ( 1.021910873782860829, -11.66666666666666607, -2.937500000000000000 ) ) ;
#1594 = ADVANCED_FACE ( 'NONE', ( #1434 ), #2225, .T. ) ;
#1595 = CARTESIAN_POINT ( 'NONE',  ( 2.169410873782861238, -13.45666666666666700, -2.525888347648316046 ) ) ;
#1596 = ORIENTED_EDGE ( 'NONE', *, *, #320, .F. ) ;
#1597 = DIRECTION ( 'NONE',  ( 0.000000000000000000, -0.7071067811865456854, 0.7071067811865493491 ) ) ;
#1598 = DIRECTION ( 'NONE',  ( -1.000000000000000000, -1.257674520083186869E-16, 0.000000000000000000 ) ) ;
#1599 = AXIS2_PLACEMENT_3D ( 'NONE', #221, #2018, #3364 ) ;
#1600 = ORIENTED_EDGE ( 'NONE', *, *, #2368, .T. ) ;
#1601 = CIRCLE ( 'NONE', #551, 0.06250000000000000000 ) ;
#1602 = DIRECTION ( 'NONE',  ( -0.000000000000000000, -0.000000000000000000, 1.000000000000000000 ) ) ;
#1603 = ORIENTED_EDGE ( 'NONE', *, *, #2841, .T. ) ;
#1604 = ORIENTED_EDGE ( 'NONE', *, *, #935, .T. ) ;
#1605 = CARTESIAN_POINT ( 'NONE',  ( 3.493889523264313457, -13.95757618983633463, 1.875000000000002442 ) ) ;
#1606 = CARTESIAN_POINT ( 'NONE',  ( 2.231910873782861238, -15.26916666666666700, 1.000000000000002220 ) ) ;
#1607 = CYLINDRICAL_SURFACE ( 'NONE', #1931, 0.06250000000000000000 ) ;
#1608 = EDGE_CURVE ( 'NONE', #1215, #919, #1130, .T. ) ;
#1609 = CARTESIAN_POINT ( 'NONE',  ( 5.348392816962751262, -9.821285196333107592, 1.812500000000002220 ) ) ;
#1610 = CARTESIAN_POINT ( 'NONE',  ( 2.155092532963225782, -14.00964077959223530, -3.625000000000000444 ) ) ;
#1611 = CARTESIAN_POINT ( 'NONE',  ( 2.356910873782855464, 9.691469329863415641E-16, 1.812500000000002220 ) ) ;
#1612 = TOROIDAL_SURFACE ( 'NONE', #124, 0.7100000000000000755, 0.06250000000000000000 ) ;
#1613 = ORIENTED_EDGE ( 'NONE', *, *, #810, .F. ) ;
#1614 = EDGE_CURVE ( 'NONE', #919, #2509, #3371, .T. ) ;
#1615 = CARTESIAN_POINT ( 'NONE',  ( 8.169410873782860349, -13.58166666666666345, 0.9375000000000000000 ) ) ;
#1616 = AXIS2_PLACEMENT_3D ( 'NONE', #2182, #1885, #2725 ) ;
#1617 = FACE_OUTER_BOUND ( 'NONE', #1786, .T. ) ;
#1618 = VERTEX_POINT ( 'NONE', #996 ) ;
#1619 = CARTESIAN_POINT ( 'NONE',  ( 8.169410873782860349, -16.66666666666666785, -3.562499999999999556 ) ) ;
#1620 = CARTESIAN_POINT ( 'NONE',  ( 5.785892816962751262, 0.000000000000000000, 1.812500000000002220 ) ) ;
#1621 = CARTESIAN_POINT ( 'NONE',  ( -0.06308912621713924640, -13.08166666666666345, 0.1508883476483182662 ) ) ;
#1622 = ORIENTED_EDGE ( 'NONE', *, *, #2888, .T. ) ;
#1623 = EDGE_LOOP ( 'NONE', ( #57, #2566, #3300, #1485 ) ) ;
#1624 = CARTESIAN_POINT ( 'NONE',  ( 3.490892816962751333, -13.86827831901835140, 1.812500000000002220 ) ) ;
#1625 = TOROIDAL_SURFACE ( 'NONE', #134, 0.1250000000000000000, 0.06250000000000000000 ) ;
#1626 = CARTESIAN_POINT ( 'NONE',  ( 3.428392816962751333, -13.51916666666666522, 1.000000000000000000 ) ) ;
#1627 = DIRECTION ( 'NONE',  ( -0.000000000000000000, 0.000000000000000000, 1.000000000000000000 ) ) ;
#1628 = FACE_OUTER_BOUND ( 'NONE', #406, .T. ) ;
#1629 = ORIENTED_EDGE ( 'NONE', *, *, #1815, .F. ) ;
#1630 = DIRECTION ( 'NONE',  ( -0.000000000000000000, -0.000000000000000000, -1.000000000000000000 ) ) ;
#1631 = DIRECTION ( 'NONE',  ( 0.000000000000000000, 0.7071067811865481278, -0.7071067811865470176 ) ) ;
#1632 = EDGE_CURVE ( 'NONE', #716, #1954, #1300, .T. ) ;
#1633 = CARTESIAN_POINT ( 'NONE',  ( 8.106910873782860349, -14.01916666666666522, 1.875000000000002442 ) ) ;
#1634 = VERTEX_POINT ( 'NONE', #1018 ) ;
#1635 = DIRECTION ( 'NONE',  ( -1.000000000000000000, 0.000000000000000000, 0.000000000000000000 ) ) ;
#1636 = ADVANCED_FACE ( 'NONE', ( #1262 ), #2061, .T. ) ;
#1637 = CARTESIAN_POINT ( 'NONE',  ( 5.832033573487048983, -13.99741007171839691, 1.855543917566680134 ) ) ;
#1638 = VERTEX_POINT ( 'NONE', #2303 ) ;
#1639 = VERTEX_POINT ( 'NONE', #1227 ) ;
#1640 = CARTESIAN_POINT ( 'NONE',  ( 3.466801987372616356, -13.97430016444865508, 1.847840615143438781 ) ) ;
#1641 = DIRECTION ( 'NONE',  ( 0.000000000000000000, -1.000000000000000000, 0.000000000000000000 ) ) ;
#1642 = CARTESIAN_POINT ( 'NONE',  ( -0.06308912621713919089, -13.58166666666666345, -3.624999999999999556 ) ) ;
#1643 = CARTESIAN_POINT ( 'NONE',  ( 2.106910873782861238, -13.51916666666666522, -0.3750000000000002220 ) ) ;
#1644 = CARTESIAN_POINT ( 'NONE',  ( 2.179275851478430059, -13.98667885978806957, -3.625000000000067946 ) ) ;
#1645 =( BOUNDED_CURVE ( )  B_SPLINE_CURVE ( 3, ( #2968, #3202, #113, #357 ),
 .UNSPECIFIED., .F., .F. ) 
 B_SPLINE_CURVE_WITH_KNOTS ( ( 4, 4 ),
 ( 1.570796326794896558, 3.141592653589793116 ),
 .UNSPECIFIED. ) 
 CURVE ( )  GEOMETRIC_REPRESENTATION_ITEM ( )  RATIONAL_B_SPLINE_CURVE ( ( 1.000000000000000000, 0.8047378541243649375, 0.8047378541243649375, 1.000000000000000000 ) ) 
 REPRESENTATION_ITEM ( '' )  );
#1646 = SPHERICAL_SURFACE ( 'NONE', #991, 0.06250000000000000000 ) ;
#1647 = DIRECTION ( 'NONE',  ( 0.000000000000000000, 0.000000000000000000, -1.000000000000000000 ) ) ;
#1648 = CARTESIAN_POINT ( 'NONE',  ( 2.294410873782861238, -13.53747249284250564, 1.393305826175839535 ) ) ;
#1649 = DIRECTION ( 'NONE',  ( 1.000000000000000000, 0.000000000000000000, 0.000000000000000000 ) ) ;
#1650 = VERTEX_POINT ( 'NONE', #404 ) ;
#1651 = VECTOR ( 'NONE', #1919, 99.99999999999998579 ) ;
#1652 = DIRECTION ( 'NONE',  ( 0.000000000000000000, -1.000000000000000000, 0.000000000000000000 ) ) ;
#1653 = EDGE_CURVE ( 'NONE', #2231, #1448, #734, .T. ) ;
#1654 = CIRCLE ( 'NONE', #1493, 0.06250000000000005551 ) ;
#1655 = DIRECTION ( 'NONE',  ( 0.000000000000000000, 1.000000000000000000, 0.000000000000000000 ) ) ;
#1656 = ORIENTED_EDGE ( 'NONE', *, *, #2130, .F. ) ;
#1657 = ORIENTED_EDGE ( 'NONE', *, *, #442, .F. ) ;
#1658 = VECTOR ( 'NONE', #3404, 100.0000000000000000 ) ;
#1659 = CARTESIAN_POINT ( 'NONE',  ( 3.459869002532736548, -13.98412712223260890, 1.851116267738113441 ) ) ;
#1660 = ADVANCED_FACE ( 'NONE', ( #698 ), #1625, .T. ) ;
#1661 = LINE ( 'NONE', #1128, #639 ) ;
#1662 = CARTESIAN_POINT ( 'NONE',  ( 2.169410873782861238, -13.45666666666666700, -3.624999999999999556 ) ) ;
#1663 = DIRECTION ( 'NONE',  ( -1.000000000000000000, -1.257674520083186869E-16, 0.000000000000000000 ) ) ;
#1664 = CARTESIAN_POINT ( 'NONE',  ( 2.106910873783623739, -13.89142250547916113, -3.625000000000000444 ) ) ;
#1665 = VECTOR ( 'NONE', #23, 100.0000000000000000 ) ;
#1666 = SHAPE_DEFINITION_REPRESENTATION ( #800, #3028 ) ;
#1667 = DIRECTION ( 'NONE',  ( 4.440892098500622375E-14, 0.000000000000000000, -1.000000000000000000 ) ) ;
#1668 = CARTESIAN_POINT ( 'NONE',  ( -0.1255891262171409117, -1.579502440428094656E-17, -3.624999999999999556 ) ) ;
#1669 = ORIENTED_EDGE ( 'NONE', *, *, #1343, .F. ) ;
#1670 = AXIS2_PLACEMENT_3D ( 'NONE', #2346, #3385, #2997 ) ;
#1671 = CARTESIAN_POINT ( 'NONE',  ( 1.021910873782860829, -11.66666666666666607, 0.1875000000000001665 ) ) ;
#1672 = DIRECTION ( 'NONE',  ( 4.440892098500621744E-14, -1.000000000000000000, 0.000000000000000000 ) ) ;
#1673 = VECTOR ( 'NONE', #355, 100.0000000000000000 ) ;
#1674 = EDGE_LOOP ( 'NONE', ( #717, #2066, #1980, #2504 ) ) ;
#1675 = EDGE_LOOP ( 'NONE', ( #3225, #157, #2041, #582, #21, #2203, #1770 ) ) ;
#1676 = ADVANCED_FACE ( 'NONE', ( #2511, #437 ), #183, .T. ) ;
#1677 = CARTESIAN_POINT ( 'NONE',  ( 3.481027839267008872, -13.98667885978779779, 1.875000000000002887 ) ) ;
#1678 = CIRCLE ( 'NONE', #2110, 0.06250000000000001388 ) ;
#1679 = VERTEX_POINT ( 'NONE', #2576 ) ;
#1680 = DIRECTION ( 'NONE',  ( 1.000000000000000000, 0.000000000000000000, -0.000000000000000000 ) ) ;
#1681 = EDGE_CURVE ( 'NONE', #1267, #61, #2829, .T. ) ;
#1682 = DIRECTION ( 'NONE',  ( 0.000000000000000000, 0.000000000000000000, 1.000000000000000000 ) ) ;
#1683 = EDGE_CURVE ( 'NONE', #835, #133, #1500, .T. ) ;
#1684 = DIRECTION ( 'NONE',  ( 0.000000000000000000, 0.000000000000000000, -1.000000000000000000 ) ) ;
#1685 = CIRCLE ( 'NONE', #688, 1.147500000000000187 ) ;
#1686 = CARTESIAN_POINT ( 'NONE',  ( 0.000000000000000000, -14.00086084049082480, 1.856694173824160909 ) ) ;
#1687 = AXIS2_PLACEMENT_3D ( 'NONE', #1478, #1444, #2521 ) ;
#1688 = VERTEX_POINT ( 'NONE', #212 ) ;
#1689 = DIRECTION ( 'NONE',  ( 1.000000000000000000, 0.000000000000000000, -0.000000000000000000 ) ) ;
#1690 = DIRECTION ( 'NONE',  ( -1.000000000000000000, -1.257674520083186869E-16, 0.000000000000000000 ) ) ;
#1691 = ORIENTED_EDGE ( 'NONE', *, *, #2072, .F. ) ;
#1692 = ORIENTED_EDGE ( 'NONE', *, *, #3306, .T. ) ;
#1693 = CARTESIAN_POINT ( 'NONE',  ( 3.428392816962751333, -6.965389159509213890, -5.090389159509173922 ) ) ;
#1694 = CARTESIAN_POINT ( 'NONE',  ( 1.669410873782861016, -11.66666666666666607, -3.624999999999999556 ) ) ;
#1695 = CARTESIAN_POINT ( 'NONE',  ( -0.1255891262171394129, -13.51916666666666522, -2.375000000000000000 ) ) ;
#1696 = EDGE_CURVE ( 'NONE', #547, #971, #2660, .T. ) ;
#1697 = CARTESIAN_POINT ( 'NONE',  ( 2.231910873782861238, -13.45666666666666700, -0.3750000000000002220 ) ) ;
#1698 = ADVANCED_FACE ( 'NONE', ( #2289 ), #1298, .T. ) ;
#1699 = LINE ( 'NONE', #1648, #787 ) ;
#1700 = EDGE_LOOP ( 'NONE', ( #3051, #2809, #43, #202 ) ) ;
#1701 = FACE_OUTER_BOUND ( 'NONE', #373, .T. ) ;
#1702 = ORIENTED_EDGE ( 'NONE', *, *, #1508, .T. ) ;
#1703 = AXIS2_PLACEMENT_3D ( 'NONE', #2900, #3209, #2959 ) ;
#1704 = ORIENTED_EDGE ( 'NONE', *, *, #1529, .F. ) ;
#1705 = DIRECTION ( 'NONE',  ( -0.000000000000000000, 0.000000000000000000, 1.000000000000000000 ) ) ;
#1706 = ORIENTED_EDGE ( 'NONE', *, *, #2520, .F. ) ;
#1707 = CARTESIAN_POINT ( 'NONE',  ( 5.785892816962751262, -13.47497249284250742, 1.419194173824155802 ) ) ;
#1708 = CARTESIAN_POINT ( 'NONE',  ( 2.169410873782861238, -11.66666666666666607, -3.562499999999999556 ) ) ;
#1709 = ORIENTED_EDGE ( 'NONE', *, *, #1091, .F. ) ;
#1710 = EDGE_CURVE ( 'NONE', #1040, #647, #1800, .T. ) ;
#1711 = CARTESIAN_POINT ( 'NONE',  ( 5.848392816962751262, -14.00086084049082480, 1.856694173824160909 ) ) ;
#1712 = EDGE_CURVE ( 'NONE', #3328, #753, #3315, .T. ) ;
#1713 = DIRECTION ( 'NONE',  ( 2.907578627192168583E-16, -0.7071067811865456854, 0.7071067811865494601 ) ) ;
#1714 = EDGE_LOOP ( 'NONE', ( #2939, #1983, #1720, #1945 ) ) ;
#1715 = ADVANCED_FACE ( 'NONE', ( #2027 ), #961, .F. ) ;
#1716 = LINE ( 'NONE', #3258, #2380 ) ;
#1717 = EDGE_CURVE ( 'NONE', #547, #297, #2252, .T. ) ;
#1718 = CARTESIAN_POINT ( 'NONE',  ( 2.231910873782860794, -14.00086084049082835, -3.606694173824160465 ) ) ;
#1719 = EDGE_LOOP ( 'NONE', ( #2969, #972, #1969, #1255 ) ) ;
#1720 = ORIENTED_EDGE ( 'NONE', *, *, #3218, .F. ) ;
#1721 = DIRECTION ( 'NONE',  ( 1.000000000000000000, 0.000000000000000000, 0.000000000000000000 ) ) ;
#1722 = AXIS2_PLACEMENT_3D ( 'NONE', #3015, #782, #2860 ) ;
#1723 = EDGE_LOOP ( 'NONE', ( #3217, #2108, #2915, #3170 ) ) ;
#1724 = DIRECTION ( 'NONE',  ( 1.000000000000000000, 1.257674520083186869E-16, 0.000000000000000000 ) ) ;
#1725 = DIRECTION ( 'NONE',  ( 1.000000000000000000, 0.000000000000000000, 0.000000000000000000 ) ) ;
#1726 = VERTEX_POINT ( 'NONE', #683 ) ;
#1727 = CARTESIAN_POINT ( 'NONE',  ( 3.490892816962751333, -9.821285196333107592, 1.000000000000002220 ) ) ;
#1728 = FACE_OUTER_BOUND ( 'NONE', #2682, .T. ) ;
#1729 = CARTESIAN_POINT ( 'NONE',  ( 0.000000000000000000, 0.000000000000000000, 0.000000000000000000 ) ) ;
#1730 = CIRCLE ( 'NONE', #188, 0.06250000000000005551 ) ;
#1731 = LINE ( 'NONE', #3059, #1835 ) ;
#1732 = CIRCLE ( 'NONE', #246, 0.06250000000000005551 ) ;
#1733 = VERTEX_POINT ( 'NONE', #2780 ) ;
#1734 = CYLINDRICAL_SURFACE ( 'NONE', #562, 0.06249999999999928529 ) ;
#1735 = CIRCLE ( 'NONE', #2721, 0.06250000000000005551 ) ;
#1736 = DIRECTION ( 'NONE',  ( -8.893101816763589723E-17, 0.7071067811865481278, -0.7071067811865470176 ) ) ;
#1737 = EDGE_CURVE ( 'NONE', #2837, #310, #2284, .T. ) ;
#1738 = CARTESIAN_POINT ( 'NONE',  ( 2.169410873782861238, -6.965389159509135730, 3.340389159509173922 ) ) ;
#1739 = ORIENTED_EDGE ( 'NONE', *, *, #3363, .T. ) ;
#1740 = AXIS2_PLACEMENT_3D ( 'NONE', #518, #1306, #2870 ) ;
#1741 = EDGE_CURVE ( 'NONE', #1748, #1855, #166, .T. ) ;
#1742 = DIRECTION ( 'NONE',  ( -0.000000000000000000, -1.000000000000000000, -0.000000000000000000 ) ) ;
#1743 = ORIENTED_EDGE ( 'NONE', *, *, #1741, .T. ) ;
#1744 = DIRECTION ( 'NONE',  ( -1.257674520083186869E-16, 1.000000000000000000, -0.000000000000000000 ) ) ;
#1745 = CARTESIAN_POINT ( 'NONE',  ( -0.1255891262171394129, -11.66666666666666607, -2.937500000000000000 ) ) ;
#1746 = FACE_OUTER_BOUND ( 'NONE', #1437, .T. ) ;
#1747 = DIRECTION ( 'NONE',  ( 1.000000000000000000, 0.000000000000000000, 0.000000000000000000 ) ) ;
#1748 = VERTEX_POINT ( 'NONE', #35 ) ;
#1749 = DIRECTION ( 'NONE',  ( 0.000000000000000000, 0.000000000000000000, -1.000000000000000000 ) ) ;
#1750 = DIRECTION ( 'NONE',  ( 0.000000000000000000, 0.000000000000000000, 1.000000000000000000 ) ) ;
#1751 = DIRECTION ( 'NONE',  ( 0.000000000000000000, -1.000000000000000000, 3.885780586188130564E-14 ) ) ;
#1752 = ORIENTED_EDGE ( 'NONE', *, *, #1576, .T. ) ;
#1753 = ADVANCED_FACE ( 'NONE', ( #805 ), #1099, .T. ) ;
#1754 = VERTEX_POINT ( 'NONE', #3130 ) ;
#1755 = ORIENTED_EDGE ( 'NONE', *, *, #2430, .T. ) ;
#1756 = FACE_OUTER_BOUND ( 'NONE', #2665, .T. ) ;
#1757 = CIRCLE ( 'NONE', #2202, 0.06249999999999997224 ) ;
#1758 = CIRCLE ( 'NONE', #2965, 0.1250000000000001110 ) ;
#1759 = ADVANCED_FACE ( 'NONE', ( #2111 ), #2075, .T. ) ;
#1760 = CARTESIAN_POINT ( 'NONE',  ( -0.06308912621713880231, -16.66666666666666785, 0.8750000000000001110 ) ) ;
#1761 = CARTESIAN_POINT ( 'NONE',  ( 3.553392816962751333, -13.86827831901835140, 1.812500000000002220 ) ) ;
#1762 = CIRCLE ( 'NONE', #827, 0.6475000000000008527 ) ;
#1763 = DIRECTION ( 'NONE',  ( 1.000000000000000000, -0.000000000000000000, 0.000000000000000000 ) ) ;
#1764 = ORIENTED_EDGE ( 'NONE', *, *, #2324, .T. ) ;
#1765 = FACE_OUTER_BOUND ( 'NONE', #151, .T. ) ;
#1766 = DIRECTION ( 'NONE',  ( 1.000000000000000000, 0.000000000000000000, 0.000000000000000000 ) ) ;
#1767 = DIRECTION ( 'NONE',  ( 0.000000000000000000, -4.440892098500622375E-14, -1.000000000000000000 ) ) ;
#1768 = ORIENTED_EDGE ( 'NONE', *, *, #3345, .F. ) ;
#1769 = VERTEX_POINT ( 'NONE', #2141 ) ;
#1770 = ORIENTED_EDGE ( 'NONE', *, *, #2307, .T. ) ;
#1771 = DIRECTION ( 'NONE',  ( 0.000000000000000000, -0.7071067811865375807, 0.7071067811865573427 ) ) ;
#1772 = DIRECTION ( 'NONE',  ( 0.000000000000000000, -1.000000000000000000, -1.004666105778072246E-16 ) ) ;
#1773 = EDGE_LOOP ( 'NONE', ( #2309, #1867, #1709, #2831 ) ) ;
#1774 = AXIS2_PLACEMENT_3D ( 'NONE', #1548, #2370, #768 ) ;
#1775 = FACE_BOUND ( 'NONE', #1502, .T. ) ;
#1776 = ADVANCED_FACE ( 'NONE', ( #2877 ), #266, .F. ) ;
#1777 = DIRECTION ( 'NONE',  ( -1.000000000000000000, 0.000000000000000000, 0.000000000000000000 ) ) ;
#1778 = EDGE_CURVE ( 'NONE', #3162, #1299, #453, .T. ) ;
#1779 = DIRECTION ( 'NONE',  ( 0.000000000000000000, -1.000000000000000000, 0.000000000000000000 ) ) ;
#1780 = AXIS2_PLACEMENT_3D ( 'NONE', #1415, #2473, #2458 ) ;
#1781 = ORIENTED_EDGE ( 'NONE', *, *, #1712, .T. ) ;
#1782 = DIRECTION ( 'NONE',  ( 0.000000000000000000, 0.000000000000000000, -1.000000000000000000 ) ) ;
#1783 = AXIS2_PLACEMENT_3D ( 'NONE', #945, #3049, #3292 ) ;
#1784 = DIRECTION ( 'NONE',  ( 0.000000000000000000, 0.000000000000000000, 1.000000000000000000 ) ) ;
#1785 = DIRECTION ( 'NONE',  ( 1.000000000000000000, 0.000000000000000000, 0.000000000000000000 ) ) ;
#1786 = EDGE_LOOP ( 'NONE', ( #802, #289, #3380, #302 ) ) ;
#1787 = ORIENTED_EDGE ( 'NONE', *, *, #1947, .T. ) ;
#1788 = ORIENTED_EDGE ( 'NONE', *, *, #3090, .F. ) ;
#1789 = CARTESIAN_POINT ( 'NONE',  ( 5.848392816962751262, -13.58166666666666345, 1.349111652351680624 ) ) ;
#1790 = CARTESIAN_POINT ( 'NONE',  ( 2.169410873782861238, -11.66666666666666607, -3.624999999999999556 ) ) ;
#1791 = VERTEX_POINT ( 'NONE', #783 ) ;
#1792 = CARTESIAN_POINT ( 'NONE',  ( 0.3119108737828606981, -11.66666666666666607, -2.875000000000000000 ) ) ;
#1793 = PRESENTATION_STYLE_ASSIGNMENT (( #3333 ) ) ;
#1794 = EDGE_CURVE ( 'NONE', #914, #1618, #3147, .T. ) ;
#1795 = CARTESIAN_POINT ( 'NONE',  ( 1.021910873782860829, -11.66666666666666607, -3.562499999999999556 ) ) ;
#1796 = EDGE_CURVE ( 'NONE', #2859, #3361, #1240, .T. ) ;
#1797 = EDGE_LOOP ( 'NONE', ( #2376, #1884, #1209, #485 ) ) ;
#1798 = EDGE_CURVE ( 'NONE', #1733, #2920, #20, .T. ) ;
#1799 = CARTESIAN_POINT ( 'NONE',  ( 4.638392816962751297, -9.821285196333107592, 1.812500000000002220 ) ) ;
#1800 = LINE ( 'NONE', #1465, #1411 ) ;
#1801 = CARTESIAN_POINT ( 'NONE',  ( 2.169410873782861238, -11.66666666666666607, -3.562499999999999556 ) ) ;
#1802 = ORIENTED_EDGE ( 'NONE', *, *, #2803, .F. ) ;
#1803 = VERTEX_POINT ( 'NONE', #1052 ) ;
#1804 = EDGE_LOOP ( 'NONE', ( #789, #3270, #1891, #171 ) ) ;
#1805 = CARTESIAN_POINT ( 'NONE',  ( 2.356910873782858129, -7.053777507157528603, -5.178777507157488635 ) ) ;
#1806 = DIRECTION ( 'NONE',  ( -0.000000000000000000, -0.000000000000000000, -1.000000000000000000 ) ) ;
#1807 = CARTESIAN_POINT ( 'NONE',  ( 2.169410873782861238, -13.01916666666666522, -2.937500000000000000 ) ) ;
#1808 = TOROIDAL_SURFACE ( 'NONE', #2254, 0.1250000000000000000, 0.06250000000000000000 ) ;
#1809 = AXIS2_PLACEMENT_3D ( 'NONE', #2474, #2459, #873 ) ;
#1810 = CARTESIAN_POINT ( 'NONE',  ( 2.115093579177067973, -13.50086084048940727, -2.393305826177258400 ) ) ;
#1811 = AXIS2_PLACEMENT_3D ( 'NONE', #1203, #192, #2774 ) ;
#1812 = AXIS2_PLACEMENT_3D ( 'NONE', #1668, #2710, #36 ) ;
#1813 = VECTOR ( 'NONE', #1044, 100.0000000000000000 ) ;
#1814 = CARTESIAN_POINT ( 'NONE',  ( 1.021910873782860829, -11.66666666666666607, -2.937500000000000000 ) ) ;
#1815 = EDGE_CURVE ( 'NONE', #1803, #2678, #2388, .T. ) ;
#1816 = ORIENTED_EDGE ( 'NONE', *, *, #174, .F. ) ;
#1817 = VECTOR ( 'NONE', #552, 100.0000000000000000 ) ;
#1818 = DIRECTION ( 'NONE',  ( 0.000000000000000000, 0.000000000000000000, 1.000000000000000000 ) ) ;
#1819 = FACE_OUTER_BOUND ( 'NONE', #2410, .T. ) ;
#1820 = CARTESIAN_POINT ( 'NONE',  ( 2.166414167481470088, -13.95757618983604154, -3.624999999999929834 ) ) ;
#1821 = EDGE_CURVE ( 'NONE', #3361, #845, #3253, .T. ) ;
#1822 = ORIENTED_EDGE ( 'NONE', *, *, #739, .F. ) ;
#1823 = ADVANCED_FACE ( 'NONE', ( #3392 ), #525, .F. ) ;
#1824 = DIRECTION ( 'NONE',  ( -0.000000000000000000, -1.000000000000000000, -0.000000000000000000 ) ) ;
#1825 = ORIENTED_EDGE ( 'NONE', *, *, #1176, .F. ) ;
#1826 = EDGE_LOOP ( 'NONE', ( #2117, #1739, #1150, #1787, #705, #2654 ) ) ;
#1827 = LINE ( 'NONE', #1574, #160 ) ;
#1828 = LINE ( 'NONE', #1807, #1962 ) ;
#1829 = CARTESIAN_POINT ( 'NONE',  ( 2.106910873782861238, 0.000000000000000000, 0.8750000000000001110 ) ) ;
#1830 = CIRCLE ( 'NONE', #3252, 0.06250000000000005551 ) ;
#1831 = AXIS2_PLACEMENT_3D ( 'NONE', #646, #1630, #1445 ) ;
#1832 = DIRECTION ( 'NONE',  ( 0.000000000000000000, -1.000000000000000000, 0.000000000000000000 ) ) ;
#1833 = CIRCLE ( 'NONE', #3317, 0.06250000000000005551 ) ;
#1834 = ORIENTED_EDGE ( 'NONE', *, *, #217, .T. ) ;
#1835 = VECTOR ( 'NONE', #1713, 99.99999999999998579 ) ;
#1836 = CARTESIAN_POINT ( 'NONE',  ( 2.106910873782861238, -11.66666666666666607, -2.875000000000000000 ) ) ;
#1837 = DIRECTION ( 'NONE',  ( 1.257674520083186869E-16, -1.000000000000000000, 0.000000000000000000 ) ) ;
#1838 = ORIENTED_EDGE ( 'NONE', *, *, #956, .F. ) ;
#1839 = EDGE_CURVE ( 'NONE', #27, #1921, #2497, .T. ) ;
#1840 = CARTESIAN_POINT ( 'NONE',  ( 8.169410873782860349, -13.51916666666666522, 1.349111652351680624 ) ) ;
#1841 = FACE_OUTER_BOUND ( 'NONE', #1714, .T. ) ;
#1842 = EDGE_LOOP ( 'NONE', ( #460, #2847, #1768, #770 ) ) ;
#1843 = EDGE_CURVE ( 'NONE', #2113, #971, #2402, .T. ) ;
#1844 = VERTEX_POINT ( 'NONE', #3183 ) ;
#1845 =( BOUNDED_CURVE ( )  B_SPLINE_CURVE ( 3, ( #1186, #1462, #2810, #3032 ),
 .UNSPECIFIED., .F., .T. ) 
 B_SPLINE_CURVE_WITH_KNOTS ( ( 4, 4 ),
 ( 0.000000000000000000, 1.570796326794896558 ),
 .UNSPECIFIED. ) 
 CURVE ( )  GEOMETRIC_REPRESENTATION_ITEM ( )  RATIONAL_B_SPLINE_CURVE ( ( 1.000000000000000000, 0.8047378541243649375, 0.8047378541243649375, 1.000000000000000000 ) ) 
 REPRESENTATION_ITEM ( '' )  );
#1846 = CARTESIAN_POINT ( 'NONE',  ( 2.294410873782861682, -15.20666666666666522, 1.875000000000002442 ) ) ;
#1847 = DIRECTION ( 'NONE',  ( -0.000000000000000000, -1.000000000000000000, -0.000000000000000000 ) ) ;
#1848 = DIRECTION ( 'NONE',  ( 0.000000000000000000, -0.000000000000000000, 1.000000000000000000 ) ) ;
#1849 = CARTESIAN_POINT ( 'NONE',  ( 2.169863244922737078, -13.51916666666666522, -2.371423276695977300 ) ) ;
#1850 = CARTESIAN_POINT ( 'NONE',  ( -0.06308912621713924640, -13.03747249284250564, -2.856694173824158689 ) ) ;
#1851 = VERTEX_POINT ( 'NONE', #836 ) ;
#1852 = CARTESIAN_POINT ( 'NONE',  ( 8.106910873782860349, -13.58166666666666345, 1.349111652351680624 ) ) ;
#1853 = DIRECTION ( 'NONE',  ( -1.000000000000000000, 0.000000000000000000, 0.000000000000000000 ) ) ;
#1854 = CARTESIAN_POINT ( 'NONE',  ( 2.106910873782861238, -13.01916666666666522, -2.875000000000000000 ) ) ;
#1855 = VERTEX_POINT ( 'NONE', #232 ) ;
#1856 = FACE_OUTER_BOUND ( 'NONE', #1536, .T. ) ;
#1857 = ORIENTED_EDGE ( 'NONE', *, *, #196, .F. ) ;
#1858 = ORIENTED_EDGE ( 'NONE', *, *, #3033, .T. ) ;
#1859 = ADVANCED_FACE ( 'NONE', ( #2844 ), #1583, .T. ) ;
#1860 = CARTESIAN_POINT ( 'NONE',  ( 8.106910873782860349, -16.66666666666666785, 1.812500000000002220 ) ) ;
#1861 = CARTESIAN_POINT ( 'NONE',  ( 2.169410873782861238, -13.48255501431498615, -2.448223304703360359 ) ) ;
#1862 = ADVANCED_FACE ( 'NONE', ( #1819 ), #2335, .T. ) ;
#1863 = CARTESIAN_POINT ( 'NONE',  ( 2.294410873782861238, -14.01916666666666522, 1.812500000000002220 ) ) ;
#1864 = DIRECTION ( 'NONE',  ( 0.000000000000000000, -1.000000000000000000, 0.000000000000000000 ) ) ;
#1865 = AXIS2_PLACEMENT_3D ( 'NONE', #1005, #480, #3365 ) ;
#1866 = FACE_OUTER_BOUND ( 'NONE', #733, .T. ) ;
#1867 = ORIENTED_EDGE ( 'NONE', *, *, #2723, .F. ) ;
#1868 = DIRECTION ( 'NONE',  ( 1.257674520083186869E-16, -1.000000000000000000, 0.000000000000000000 ) ) ;
#1869 = CIRCLE ( 'NONE', #1160, 1.085000000000000187 ) ;
#1870 = EDGE_LOOP ( 'NONE', ( #1022, #2118, #1873, #2326 ) ) ;
#1871 = CARTESIAN_POINT ( 'NONE',  ( 2.169410873782861238, -13.51916666666666522, 0.8491116523516816228 ) ) ;
#1872 = CARTESIAN_POINT ( 'NONE',  ( 5.832027406174380424, -14.04505501431135528, 1.875000000000002442 ) ) ;
#1873 = ORIENTED_EDGE ( 'NONE', *, *, #469, .F. ) ;
#1874 = ORIENTED_EDGE ( 'NONE', *, *, #685, .T. ) ;
#1875 = CARTESIAN_POINT ( 'NONE',  ( 3.497717683421546653, -13.94009706590242459, 1.875000000000002220 ) ) ;
#1876 = CARTESIAN_POINT ( 'NONE',  ( 2.231910873782861682, -15.20666666666666877, 1.000000000000002220 ) ) ;
#1877 = CARTESIAN_POINT ( 'NONE',  ( -0.06308912621713944069, -11.66666666666667496, -3.562499999999999556 ) ) ;
#1878 = AXIS2_PLACEMENT_3D ( 'NONE', #2406, #39, #1889 ) ;
#1879 = EDGE_CURVE ( 'NONE', #2499, #1851, #2328, .T. ) ;
#1880 = CARTESIAN_POINT ( 'NONE',  ( 2.220337955744810632, -14.01916666666394562, -3.625000000000000444 ) ) ;
#1881 =( LENGTH_UNIT ( ) NAMED_UNIT ( * ) SI_UNIT ( .CENTI., .METRE. ) );
#1882 = EDGE_CURVE ( 'NONE', #1229, #523, #316, .T. ) ;
#1883 = AXIS2_PLACEMENT_3D ( 'NONE', #1311, #2625, #2369 ) ;
#1884 = ORIENTED_EDGE ( 'NONE', *, *, #2183, .F. ) ;
#1885 = DIRECTION ( 'NONE',  ( 0.000000000000000000, -0.000000000000000000, -1.000000000000000000 ) ) ;
#1886 = AXIS2_PLACEMENT_3D ( 'NONE', #3375, #2861, #1565 ) ;
#1887 = DIRECTION ( 'NONE',  ( 1.734723475976805615E-16, -1.000000000000000000, 0.000000000000000000 ) ) ;
#1888 = ORIENTED_EDGE ( 'NONE', *, *, #1972, .T. ) ;
#1889 = DIRECTION ( 'NONE',  ( 0.000000000000000000, 0.000000000000000000, 1.000000000000000000 ) ) ;
#1890 = ORIENTED_EDGE ( 'NONE', *, *, #3322, .F. ) ;
#1891 = ORIENTED_EDGE ( 'NONE', *, *, #3131, .F. ) ;
#1892 = CARTESIAN_POINT ( 'NONE',  ( 2.169410873782861238, -13.45666666666666700, -2.525888347648315602 ) ) ;
#1893 = LINE ( 'NONE', #1829, #3123 ) ;
#1894 = VECTOR ( 'NONE', #722, 100.0000000000000000 ) ;
#1895 = SPHERICAL_SURFACE ( 'NONE', #2707, 0.06250000000000000000 ) ;
#1896 = CARTESIAN_POINT ( 'NONE',  ( 8.106910873782860349, -16.60416666666667140, 1.812500000000002220 ) ) ;
#1897 = AXIS2_PLACEMENT_3D ( 'NONE', #1876, #1079, #2432 ) ;
#1898 = ADVANCED_FACE ( 'NONE', ( #2675 ), #2161, .T. ) ;
#1899 = CARTESIAN_POINT ( 'NONE',  ( 2.324594374820520226, -13.51916666666666522, 1.365909221230723558 ) ) ;
#1900 = EDGE_CURVE ( 'NONE', #655, #2678, #726, .T. ) ;
#1901 = CARTESIAN_POINT ( 'NONE',  ( 5.785892816962751262, 0.000000000000000000, 1.000000000000002220 ) ) ;
#1902 = DIRECTION ( 'NONE',  ( 0.000000000000000000, 0.000000000000000000, -1.000000000000000000 ) ) ;
#1903 = DIRECTION ( 'NONE',  ( -1.000000000000000000, -1.257674520083186869E-16, 0.000000000000000000 ) ) ;
#1904 = ORIENTED_EDGE ( 'NONE', *, *, #2765, .T. ) ;
#1905 = EDGE_CURVE ( 'NONE', #2053, #28, #1699, .T. ) ;
#1906 = DIRECTION ( 'NONE',  ( -0.000000000000000000, 0.000000000000000000, -1.000000000000000000 ) ) ;
#1907 = DIRECTION ( 'NONE',  ( 1.000000000000000000, 0.000000000000000000, 0.000000000000000000 ) ) ;
#1908 = ORIENTED_EDGE ( 'NONE', *, *, #1843, .T. ) ;
#1909 = EDGE_LOOP ( 'NONE', ( #3053, #1589, #1964, #1098, #3093, #2867 ) ) ;
#1910 = CYLINDRICAL_SURFACE ( 'NONE', #1703, 0.06250000000000001388 ) ;
#1911 = DIRECTION ( 'NONE',  ( -2.220446049250323494E-14, 0.000000000000000000, -1.000000000000000000 ) ) ;
#1912 = DIRECTION ( 'NONE',  ( -4.440892098500720825E-14, 1.000000000000000000, 0.000000000000000000 ) ) ;
#1913 = CARTESIAN_POINT ( 'NONE',  ( 5.848392816962751262, -13.51916666666666522, 1.349111652351680624 ) ) ;
#1914 = CARTESIAN_POINT ( 'NONE',  ( 3.428392816962751333, -13.51916666666666522, 1.349111652351680624 ) ) ;
#1915 = DIRECTION ( 'NONE',  ( -1.000000000000000000, 0.000000000000000000, 0.000000000000000000 ) ) ;
#1916 = EDGE_CURVE ( 'NONE', #1618, #2425, #1398, .T. ) ;
#1917 = LINE ( 'NONE', #76, #908 ) ;
#1918 = ADVANCED_FACE ( 'NONE', ( #3215 ), #592, .T. ) ;
#1919 = DIRECTION ( 'NONE',  ( -0.000000000000000000, 0.7071067811865456854, -0.7071067811865494601 ) ) ;
#1920 = AXIS2_PLACEMENT_3D ( 'NONE', #2973, #616, #2714 ) ;
#1921 = VERTEX_POINT ( 'NONE', #3254 ) ;
#1922 = AXIS2_PLACEMENT_3D ( 'NONE', #2276, #652, #3279 ) ;
#1923 = LINE ( 'NONE', #1619, #445 ) ;
#1924 = CIRCLE ( 'NONE', #3399, 0.06249999999999866773 ) ;
#1925 = DIRECTION ( 'NONE',  ( 1.000000000000000000, 1.257674520083186869E-16, -0.000000000000000000 ) ) ;
#1926 = CIRCLE ( 'NONE', #271, 0.06250000000000005551 ) ;
#1927 = EDGE_CURVE ( 'NONE', #1618, #2564, #623, .T. ) ;
#1928 = CARTESIAN_POINT ( 'NONE',  ( 2.169410873782861238, -11.66666666666666607, -3.624999999999999556 ) ) ;
#1929 = ORIENTED_EDGE ( 'NONE', *, *, #1364, .F. ) ;
#1930 = ADVANCED_FACE ( 'NONE', ( #2237 ), #14, .T. ) ;
#1931 = AXIS2_PLACEMENT_3D ( 'NONE', #1642, #2890, #2687 ) ;
#1932 = CARTESIAN_POINT ( 'NONE',  ( 2.169410873782861238, -16.66666666666666785, 1.849111652351684176 ) ) ;
#1933 = ORIENTED_EDGE ( 'NONE', *, *, #2993, .T. ) ;
#1934 = CARTESIAN_POINT ( 'NONE',  ( 3.553392816962751333, 0.000000000000000000, 1.812500000000002220 ) ) ;
#1935 = CYLINDRICAL_SURFACE ( 'NONE', #939, 0.6475000000000001865 ) ;
#1936 = FACE_OUTER_BOUND ( 'NONE', #3025, .T. ) ;
#1937 = CARTESIAN_POINT ( 'NONE',  ( 2.340113304903817415, -13.52559481798068575, 1.381428151314020747 ) ) ;
#1938 = DIRECTION ( 'NONE',  ( 1.000000000000000000, -0.000000000000000000, -0.000000000000000000 ) ) ;
#1939 = LINE ( 'NONE', #2914, #46 ) ;
#1940 = ORIENTED_EDGE ( 'NONE', *, *, #283, .T. ) ;
#1941 = TOROIDAL_SURFACE ( 'NONE', #3304, 0.1250000000000000000, 0.06250000000000000000 ) ;
#1942 = LINE ( 'NONE', #2126, #58 ) ;
#1943 = AXIS2_PLACEMENT_3D ( 'NONE', #1852, #2893, #1782 ) ;
#1944 = CARTESIAN_POINT ( 'NONE',  ( 1.021910873782860829, -11.66666666666666607, 0.1875000000000001665 ) ) ;
#1945 = ORIENTED_EDGE ( 'NONE', *, *, #1173, .F. ) ;
#1946 = ORIENTED_EDGE ( 'NONE', *, *, #1072, .T. ) ;
#1947 = EDGE_CURVE ( 'NONE', #1251, #1461, #2651, .T. ) ;
#1948 = UNCERTAINTY_MEASURE_WITH_UNIT (LENGTH_MEASURE( 1.000000000000000082E-05 ), #1881, 'distance_accuracy_value', 'NONE');
#1949 = PLANE ( 'NONE',  #2419 ) ;
#1950 = AXIS2_PLACEMENT_3D ( 'NONE', #975, #3046, #401 ) ;
#1951 = ORIENTED_EDGE ( 'NONE', *, *, #2072, .T. ) ;
#1952 = EDGE_CURVE ( 'NONE', #2145, #502, #2591, .T. ) ;
#1953 = CARTESIAN_POINT ( 'NONE',  ( 1.731910873782861016, -11.66666666666666607, 0.8125000000000000000 ) ) ;
#1954 = VERTEX_POINT ( 'NONE', #576 ) ;
#1955 = CARTESIAN_POINT ( 'NONE',  ( 0.3119108737828606981, -11.66666666666666607, 0.8125000000000000000 ) ) ;
#1956 = ORIENTED_EDGE ( 'NONE', *, *, #2761, .T. ) ;
#1957 = DIRECTION ( 'NONE',  ( -1.257674520083186869E-16, 1.000000000000000000, -0.000000000000000000 ) ) ;
#1958 = CARTESIAN_POINT ( 'NONE',  ( 5.785892816962751262, -9.821285196333107592, 1.812500000000002220 ) ) ;
#1959 = EDGE_CURVE ( 'NONE', #2125, #2275, #3082, .T. ) ;
#1960 = CARTESIAN_POINT ( 'NONE',  ( 2.106910873782861238, -13.86827831901834784, -3.624999999999999556 ) ) ;
#1961 = ORIENTED_EDGE ( 'NONE', *, *, #3132, .F. ) ;
#1962 = VECTOR ( 'NONE', #500, 100.0000000000000000 ) ;
#1963 = DIRECTION ( 'NONE',  ( 0.000000000000000000, -0.7071067811865481278, 0.7071067811865470176 ) ) ;
#1964 = ORIENTED_EDGE ( 'NONE', *, *, #1710, .T. ) ;
#1965 = AXIS2_PLACEMENT_3D ( 'NONE', #1356, #2398, #31 ) ;
#1966 = ORIENTED_EDGE ( 'NONE', *, *, #198, .F. ) ;
#1967 = DIRECTION ( 'NONE',  ( 0.000000000000000000, 1.000000000000000000, 0.000000000000000000 ) ) ;
#1968 = LINE ( 'NONE', #1707, #747 ) ;
#1969 = ORIENTED_EDGE ( 'NONE', *, *, #44, .F. ) ;
#1970 = DIRECTION ( 'NONE',  ( -0.000000000000000000, 1.127570259384925597E-16, -1.000000000000000000 ) ) ;
#1971 = CYLINDRICAL_SURFACE ( 'NONE', #1811, 0.06250000000000005551 ) ;
#1972 = EDGE_CURVE ( 'NONE', #613, #2019, #1917, .T. ) ;
#1973 = ADVANCED_FACE ( 'NONE', ( #2966 ), #2872, .F. ) ;
#1974 = CARTESIAN_POINT ( 'NONE',  ( 1.021910873782860829, -11.66666666666666607, 0.1875000000000001665 ) ) ;
#1975 = ORIENTED_EDGE ( 'NONE', *, *, #920, .F. ) ;
#1976 = DIRECTION ( 'NONE',  ( 0.000000000000000000, -0.7071067811865476838, -0.7071067811865473507 ) ) ;
#1977 = CARTESIAN_POINT ( 'NONE',  ( 5.848392816962751262, -14.04505501431498260, 1.875000000000002442 ) ) ;
#1978 = ORIENTED_EDGE ( 'NONE', *, *, #2538, .T. ) ;
#1979 = CIRCLE ( 'NONE', #821, 0.06250000000000005551 ) ;
#1980 = ORIENTED_EDGE ( 'NONE', *, *, #2655, .F. ) ;
#1981 = AXIS2_PLACEMENT_3D ( 'NONE', #2266, #973, #1459 ) ;
#1982 = DIRECTION ( 'NONE',  ( -0.000000000000000000, 1.000000000000000000, -0.000000000000000000 ) ) ;
#1983 = ORIENTED_EDGE ( 'NONE', *, *, #1112, .F. ) ;
#1984 = DIRECTION ( 'NONE',  ( 0.000000000000000000, 0.000000000000000000, 1.000000000000000000 ) ) ;
#1985 = EDGE_LOOP ( 'NONE', ( #2395, #2314, #128, #1252, #2139, #407 ) ) ;
#1986 = AXIS2_PLACEMENT_3D ( 'NONE', #720, #1253, #2816 ) ;
#1987 = CARTESIAN_POINT ( 'NONE',  ( 2.106910873782861238, -13.08166666666666345, 0.1508883476483179886 ) ) ;
#1988 = ORIENTED_EDGE ( 'NONE', *, *, #1173, .T. ) ;
#1989 = DIRECTION ( 'NONE',  ( 0.000000000000000000, 0.000000000000000000, 1.000000000000000000 ) ) ;
#1990 = EDGE_CURVE ( 'NONE', #1954, #2015, #2709, .T. ) ;
#1991 = CARTESIAN_POINT ( 'NONE',  ( 4.638392816962751297, -9.821285196333107592, 1.875000000000002442 ) ) ;
#1992 = EDGE_CURVE ( 'NONE', #1688, #252, #2199, .T. ) ;
#1993 = ORIENTED_EDGE ( 'NONE', *, *, #680, .T. ) ;
#1994 = DIRECTION ( 'NONE',  ( -1.000000000000000000, 0.000000000000000000, 0.000000000000000000 ) ) ;
#1995 = CARTESIAN_POINT ( 'NONE',  ( 5.848392816962751262, -13.58166666666666345, 1.349111652351680624 ) ) ;
#1996 = VERTEX_POINT ( 'NONE', #627 ) ;
#1997 = EDGE_LOOP ( 'NONE', ( #2366, #842, #2530, #993 ) ) ;
#1998 = DIRECTION ( 'NONE',  ( 0.000000000000000000, 0.000000000000000000, -1.000000000000000000 ) ) ;
#1999 = VERTEX_POINT ( 'NONE', #371 ) ;
#2000 = AXIS2_PLACEMENT_3D ( 'NONE', #1621, #1106, #2663 ) ;
#2001 = FACE_OUTER_BOUND ( 'NONE', #19, .T. ) ;
#2002 = LINE ( 'NONE', #2788, #2636 ) ;
#2003 = AXIS2_PLACEMENT_3D ( 'NONE', #2299, #1779, #2572 ) ;
#2004 = CYLINDRICAL_SURFACE ( 'NONE', #2453, 0.06250000000000005551 ) ;
#2005 = AXIS2_PLACEMENT_3D ( 'NONE', #3310, #3356, #3325 ) ;
#2006 = DIRECTION ( 'NONE',  ( 0.000000000000000000, 0.000000000000000000, -1.000000000000000000 ) ) ;
#2007 = EDGE_CURVE ( 'NONE', #61, #2509, #1429, .T. ) ;
#2008 = ORIENTED_EDGE ( 'NONE', *, *, #67, .F. ) ;
#2009 = AXIS2_PLACEMENT_3D ( 'NONE', #1242, #2330, #990 ) ;
#2010 = CARTESIAN_POINT ( 'NONE',  ( 2.106910873782861238, -12.99327831901834784, -2.812499999999999556 ) ) ;
#2011 = VECTOR ( 'NONE', #3103, 100.0000000000000000 ) ;
#2012 = CARTESIAN_POINT ( 'NONE',  ( 0.3744108737828606426, -11.66666666666666607, -3.624999999999999556 ) ) ;
#2013 = LINE ( 'NONE', #1533, #2088 ) ;
#2014 = EDGE_CURVE ( 'NONE', #2405, #905, #354, .T. ) ;
#2015 = VERTEX_POINT ( 'NONE', #1460 ) ;
#2016 = ORIENTED_EDGE ( 'NONE', *, *, #305, .F. ) ;
#2017 = ORIENTED_EDGE ( 'NONE', *, *, #3285, .T. ) ;
#2018 = DIRECTION ( 'NONE',  ( -1.000000000000000000, 0.000000000000000000, 0.000000000000000000 ) ) ;
#2019 = VERTEX_POINT ( 'NONE', #3029 ) ;
#2020 = ORIENTED_EDGE ( 'NONE', *, *, #2741, .F. ) ;
#2021 = FACE_OUTER_BOUND ( 'NONE', #3097, .T. ) ;
#2022 = CARTESIAN_POINT ( 'NONE',  ( 5.348392816962751262, -9.821285196333107592, 1.875000000000002442 ) ) ;
#2023 = DIRECTION ( 'NONE',  ( -0.000000000000000000, -0.000000000000000000, -1.000000000000000000 ) ) ;
#2024 = ORIENTED_EDGE ( 'NONE', *, *, #1696, .F. ) ;
#2025 = CARTESIAN_POINT ( 'NONE',  ( -0.06308912621713880231, -16.66666666666666785, 0.8750000000000001110 ) ) ;
#2026 = EDGE_CURVE ( 'NONE', #1439, #297, #458, .T. ) ;
#2027 = FACE_OUTER_BOUND ( 'NONE', #653, .T. ) ;
#2028 = DIRECTION ( 'NONE',  ( 4.111937128241319552E-16, -1.000000000000000000, 0.000000000000000000 ) ) ;
#2029 = ORIENTED_EDGE ( 'NONE', *, *, #1879, .T. ) ;
#2030 = EDGE_CURVE ( 'NONE', #716, #2814, #992, .T. ) ;
#2031 = EDGE_LOOP ( 'NONE', ( #878, #1581, #10, #596 ) ) ;
#2032 = ADVANCED_FACE ( 'NONE', ( #2040 ), #3012, .F. ) ;
#2033 = ORIENTED_EDGE ( 'NONE', *, *, #349, .T. ) ;
#2034 = FACE_OUTER_BOUND ( 'NONE', #3099, .T. ) ;
#2035 = AXIS2_PLACEMENT_3D ( 'NONE', #3035, #3276, #684 ) ;
#2036 = LINE ( 'NONE', #2590, #1305 ) ;
#2037 = CIRCLE ( 'NONE', #1055, 0.7099999999999995204 ) ;
#2038 = CARTESIAN_POINT ( 'NONE',  ( 3.490892816962751333, -13.49327831901834784, 1.437499999999997558 ) ) ;
#2039 = VECTOR ( 'NONE', #1237, 100.0000000000000000 ) ;
#2040 = FACE_OUTER_BOUND ( 'NONE', #600, .T. ) ;
#2041 = ORIENTED_EDGE ( 'NONE', *, *, #2224, .T. ) ;
#2042 = CARTESIAN_POINT ( 'NONE',  ( 1.731910873782861016, -11.66666666666666607, -2.875000000000000000 ) ) ;
#2043 = AXIS2_PLACEMENT_3D ( 'NONE', #614, #1386, #2728 ) ;
#2044 = DIRECTION ( 'NONE',  ( -1.000000000000000000, 0.000000000000000000, 0.000000000000000000 ) ) ;
#2045 = DIRECTION ( 'NONE',  ( -5.551115123125901031E-15, -1.000000000000000000, 0.000000000000000000 ) ) ;
#2046 = ORIENTED_EDGE ( 'NONE', *, *, #409, .T. ) ;
#2047 = ORIENTED_EDGE ( 'NONE', *, *, #982, .F. ) ;
#2048 = CIRCLE ( 'NONE', #3190, 0.06250000000000005551 ) ;
#2049 = VERTEX_POINT ( 'NONE', #662 ) ;
#2050 = EDGE_CURVE ( 'NONE', #28, #1688, #1731, .T. ) ;
#2051 = DIRECTION ( 'NONE',  ( 0.000000000000000000, -0.7071067811865475727, -0.7071067811865475727 ) ) ;
#2052 = DIRECTION ( 'NONE',  ( 1.000000000000000000, 0.000000000000000000, -0.000000000000000000 ) ) ;
#2053 = VERTEX_POINT ( 'NONE', #3289 ) ;
#2054 = ADVANCED_FACE ( 'NONE', ( #1258 ), #178, .T. ) ;
#2055 = CARTESIAN_POINT ( 'NONE',  ( -0.1255891262171394129, -10.51916666666666700, 0.1250000000000001110 ) ) ;
#2056 = DIRECTION ( 'NONE',  ( 0.000000000000000000, 0.000000000000000000, 1.000000000000000000 ) ) ;
#2057 = FACE_OUTER_BOUND ( 'NONE', #3243, .T. ) ;
#2058 = VERTEX_POINT ( 'NONE', #710 ) ;
#2059 = CARTESIAN_POINT ( 'NONE',  ( 1.021910873782860829, -11.66666666666666607, 0.1875000000000001665 ) ) ;
#2060 = AXIS2_PLACEMENT_3D ( 'NONE', #1532, #2793, #1276 ) ;
#2061 = CYLINDRICAL_SURFACE ( 'NONE', #2235, 1.147500000000000187 ) ;
#2062 = CARTESIAN_POINT ( 'NONE',  ( 5.848392816962751262, -6.965389159509213890, -5.090389159509173922 ) ) ;
#2063 = ORIENTED_EDGE ( 'NONE', *, *, #471, .T. ) ;
#2065 = ORIENTED_EDGE ( 'NONE', *, *, #579, .T. ) ;
#2064 = PRESENTATION_LAYER_ASSIGNMENT (  '', '', ( #1190 ) ) ;
#2066 = ORIENTED_EDGE ( 'NONE', *, *, #2070, .T. ) ;
#2067 = DIRECTION ( 'NONE',  ( 1.000000000000000000, 0.000000000000000000, 0.000000000000000000 ) ) ;
#2068 = EDGE_LOOP ( 'NONE', ( #282, #1195, #1175, #2081 ) ) ;
#2069 = CARTESIAN_POINT ( 'NONE',  ( -0.1255891262171391909, -13.54505501431498260, -2.437499999999999556 ) ) ;
#2070 = EDGE_CURVE ( 'NONE', #1733, #1225, #2331, .T. ) ;
#2071 = CARTESIAN_POINT ( 'NONE',  ( 2.206869228259897842, -13.51916666666666522, -2.417250808222236369 ) ) ;
#2072 = EDGE_CURVE ( 'NONE', #1084, #567, #2817, .T. ) ;
#2073 = EDGE_LOOP ( 'NONE', ( #3047, #3381, #1691, #2898 ) ) ;
#2074 = CARTESIAN_POINT ( 'NONE',  ( 2.294410873782861238, -14.04505501431498260, 1.812500000000002220 ) ) ;
#2075 = CYLINDRICAL_SURFACE ( 'NONE', #2928, 0.06250000000000026368 ) ;
#2076 = FACE_OUTER_BOUND ( 'NONE', #967, .T. ) ;
#2077 = FACE_OUTER_BOUND ( 'NONE', #2746, .T. ) ;
#2078 = ORIENTED_EDGE ( 'NONE', *, *, #2093, .T. ) ;
#2079 = CARTESIAN_POINT ( 'NONE',  ( 2.169410873782861238, 0.000000000000000000, 0.8125000000000000000 ) ) ;
#2080 = ORIENTED_EDGE ( 'NONE', *, *, #4, .F. ) ;
#2081 = ORIENTED_EDGE ( 'NONE', *, *, #2934, .F. ) ;
#2082 =( BOUNDED_CURVE ( )  B_SPLINE_CURVE ( 3, ( #1892, #1861, #2945, #1394 ),
 .UNSPECIFIED., .F., .T. ) 
 B_SPLINE_CURVE_WITH_KNOTS ( ( 4, 4 ),
 ( 4.712388980384694115, 6.283185307179586232 ),
 .UNSPECIFIED. ) 
 CURVE ( )  GEOMETRIC_REPRESENTATION_ITEM ( )  RATIONAL_B_SPLINE_CURVE ( ( 1.000000000000000000, 0.8047378541243661587, 0.8047378541243661587, 1.000000000000000000 ) ) 
 REPRESENTATION_ITEM ( '' )  );
#2083 = PLANE ( 'NONE',  #2739 ) ;
#2084 = ORIENTED_EDGE ( 'NONE', *, *, #739, .T. ) ;
#2085 = DIRECTION ( 'NONE',  ( 0.000000000000000000, 0.000000000000000000, -1.000000000000000000 ) ) ;
#2086 = VECTOR ( 'NONE', #1742, 100.0000000000000000 ) ;
#2087 = CARTESIAN_POINT ( 'NONE',  ( 3.490892816962751333, 0.000000000000000000, 1.000000000000002220 ) ) ;
#2088 = VECTOR ( 'NONE', #1785, 100.0000000000000000 ) ;
#2089 = VECTOR ( 'NONE', #1097, 99.99999999999998579 ) ;
#2090 = FACE_OUTER_BOUND ( 'NONE', #558, .T. ) ;
#2091 = ORIENTED_EDGE ( 'NONE', *, *, #1552, .F. ) ;
#2092 = AXIS2_PLACEMENT_3D ( 'NONE', #933, #2771, #68 ) ;
#2093 = EDGE_CURVE ( 'NONE', #2231, #917, #2766, .T. ) ;
#2094 = CARTESIAN_POINT ( 'NONE',  ( -0.1255891262171392742, -12.99327831901834784, 0.1875000000000000833 ) ) ;
#2095 = ADVANCED_FACE ( 'NONE', ( #1204 ), #161, .T. ) ;
#2096 = DIRECTION ( 'NONE',  ( 0.000000000000000000, 1.000000000000000000, -0.000000000000000000 ) ) ;
#2097 = EDGE_LOOP ( 'NONE', ( #1273, #2727, #2047, #1471 ) ) ;
#2098 = DIRECTION ( 'NONE',  ( 0.000000000000000000, -1.000000000000000000, 0.000000000000000000 ) ) ;
#2099 = DIRECTION ( 'NONE',  ( 0.000000000000000000, 0.000000000000000000, 1.000000000000000000 ) ) ;
#2100 = ORIENTED_EDGE ( 'NONE', *, *, #1428, .T. ) ;
#2101 = EDGE_LOOP ( 'NONE', ( #1059, #2758 ) ) ;
#2102 = DIRECTION ( 'NONE',  ( 1.000000000000000000, 0.000000000000000000, -0.000000000000000000 ) ) ;
#2103 = LINE ( 'NONE', #3384, #3208 ) ;
#2104 = DIRECTION ( 'NONE',  ( -1.000000000000000000, 0.000000000000000000, -0.000000000000000000 ) ) ;
#2105 = CIRCLE ( 'NONE', #1943, 0.06250000000000005551 ) ;
#2106 = VECTOR ( 'NONE', #250, 100.0000000000000000 ) ;
#2107 = DIRECTION ( 'NONE',  ( 0.000000000000000000, 0.000000000000000000, -1.000000000000000000 ) ) ;
#2108 = ORIENTED_EDGE ( 'NONE', *, *, #2578, .T. ) ;
#2109 = CARTESIAN_POINT ( 'NONE',  ( 2.231910873782861238, -16.66666666666666785, 1.875000000000002442 ) ) ;
#2110 = AXIS2_PLACEMENT_3D ( 'NONE', #247, #2638, #1082 ) ;
#2111 = FACE_OUTER_BOUND ( 'NONE', #947, .T. ) ;
#2112 = EDGE_CURVE ( 'NONE', #3358, #2310, #237, .T. ) ;
#2113 = VERTEX_POINT ( 'NONE', #2268 ) ;
#2114 = LINE ( 'NONE', #1840, #2495 ) ;
#2115 = CARTESIAN_POINT ( 'NONE',  ( 5.779067950503955942, -13.94009706590242281, 1.875000000000002442 ) ) ;
#2116 = EDGE_CURVE ( 'NONE', #3398, #1191, #2166, .T. ) ;
#2117 = ORIENTED_EDGE ( 'NONE', *, *, #2498, .T. ) ;
#2118 = ORIENTED_EDGE ( 'NONE', *, *, #88, .F. ) ;
#2119 = CARTESIAN_POINT ( 'NONE',  ( 3.490892816962751333, 0.000000000000000000, 1.875000000000002442 ) ) ;
#2120 = LINE ( 'NONE', #1863, #1817 ) ;
#2121 = AXIS2_PLACEMENT_3D ( 'NONE', #1408, #3226, #1911 ) ;
#2122 = LINE ( 'NONE', #815, #137 ) ;
#2123 = ORIENTED_EDGE ( 'NONE', *, *, #2433, .T. ) ;
#2124 = CARTESIAN_POINT ( 'NONE',  ( -0.1255891262171388023, -16.66666666666666785, -3.562499999999999556 ) ) ;
#2125 = VERTEX_POINT ( 'NONE', #2808 ) ;
#2126 = CARTESIAN_POINT ( 'NONE',  ( 2.231910873782860794, -1.653429842074798359E-16, 1.000000000000002220 ) ) ;
#2127 = PLANE ( 'NONE',  #2440 ) ;
#2128 = ORIENTED_EDGE ( 'NONE', *, *, #2637, .F. ) ;
#2129 = ORIENTED_EDGE ( 'NONE', *, *, #115, .T. ) ;
#2130 = EDGE_CURVE ( 'NONE', #919, #1726, #2790, .T. ) ;
#2131 = CARTESIAN_POINT ( 'NONE',  ( 3.491345188102656927, -14.02274338997068703, 1.875000000000002442 ) ) ;
#2132 = ADVANCED_FACE ( 'NONE', ( #1497, #2540 ), #1244, .F. ) ;
#2133 = CARTESIAN_POINT ( 'NONE',  ( 3.490892816962751333, -13.86827831901835140, 1.812500000000002220 ) ) ;
#2134 = CYLINDRICAL_SURFACE ( 'NONE', #333, 1.147499999999999964 ) ;
#2135 = CIRCLE ( 'NONE', #2581, 0.06250000000000005551 ) ;
#2136 = CARTESIAN_POINT ( 'NONE',  ( 2.208668970638292706, -14.01486238830519504, -3.625000000000000444 ) ) ;
#2137 = VECTOR ( 'NONE', #424, 100.0000000000000000 ) ;
#2138 = DIRECTION ( 'NONE',  ( 0.000000000000000000, 0.000000000000000000, -1.000000000000000000 ) ) ;
#2139 = ORIENTED_EDGE ( 'NONE', *, *, #1409, .T. ) ;
#2140 = AXIS2_PLACEMENT_3D ( 'NONE', #421, #730, #2812 ) ;
#2141 = CARTESIAN_POINT ( 'NONE',  ( 3.428392816962751333, -14.04505501431498260, 1.875000000000002442 ) ) ;
#2142 = CARTESIAN_POINT ( 'NONE',  ( -0.1255891262171394129, -11.66666666666667496, -2.937500000000000000 ) ) ;
#2143 = CIRCLE ( 'NONE', #2802, 1.147500000000000187 ) ;
#2144 = FACE_OUTER_BOUND ( 'NONE', #2769, .T. ) ;
#2145 = VERTEX_POINT ( 'NONE', #3321 ) ;
#2146 = DIRECTION ( 'NONE',  ( 0.000000000000000000, 1.000000000000000000, 0.000000000000000000 ) ) ;
#2147 = LINE ( 'NONE', #983, #1404 ) ;
#2148 = CARTESIAN_POINT ( 'NONE',  ( 5.804678176597902528, -13.99876981080217675, 1.875000000000033085 ) ) ;
#2149 = ORIENTED_EDGE ( 'NONE', *, *, #2554, .T. ) ;
#2150 = VERTEX_POINT ( 'NONE', #3334 ) ;
#2151 = CARTESIAN_POINT ( 'NONE',  ( 3.428392816962750889, -14.01916666666666700, 1.875000000000002220 ) ) ;
#2152 = AXIS2_PLACEMENT_3D ( 'NONE', #2696, #2712, #96 ) ;
#2153 = CARTESIAN_POINT ( 'NONE',  ( -0.06308912621713880231, -16.66666666666666785, -3.562499999999999556 ) ) ;
#2154 = ADVANCED_FACE ( 'NONE', ( #1272 ), #513, .T. ) ;
#2155 = PLANE ( 'NONE',  #167 ) ;
#2156 = ADVANCED_FACE ( 'NONE', ( #2090 ), #2908, .T. ) ;
#2157 = DIRECTION ( 'NONE',  ( -1.000000000000000000, 0.000000000000000000, 0.000000000000000000 ) ) ;
#2158 = EDGE_CURVE ( 'NONE', #695, #2801, #1678, .T. ) ;
#2159 = LINE ( 'NONE', #816, #2089 ) ;
#2160 = AXIS2_PLACEMENT_3D ( 'NONE', #571, #313, #1379 ) ;
#2161 = PLANE ( 'NONE',  #1291 ) ;
#2162 = AXIS2_PLACEMENT_3D ( 'NONE', #1370, #2408, #40 ) ;
#2163 = DIRECTION ( 'NONE',  ( 0.000000000000000000, 0.000000000000000000, -1.000000000000000000 ) ) ;
#2164 = AXIS2_PLACEMENT_3D ( 'NONE', #1034, #298, #1365 ) ;
#2165 = DIRECTION ( 'NONE',  ( -1.000000000000000000, 0.000000000000000000, 0.000000000000000000 ) ) ;
#2166 = CIRCLE ( 'NONE', #3143, 0.6475000000000001865 ) ;
#2167 = FACE_OUTER_BOUND ( 'NONE', #1985, .T. ) ;
#2168 = CARTESIAN_POINT ( 'NONE',  ( 8.106910873782860349, -14.01916666666666877, -3.625000000000000444 ) ) ;
#2169 = ORIENTED_EDGE ( 'NONE', *, *, #1821, .T. ) ;
#2170 = ORIENTED_EDGE ( 'NONE', *, *, #1372, .T. ) ;
#2171 = DIRECTION ( 'NONE',  ( -1.000000000000000000, 0.000000000000000000, 0.000000000000000000 ) ) ;
#2172 = TOROIDAL_SURFACE ( 'NONE', #2876, 0.7100000000000000755, 0.06250000000000000000 ) ;
#2173 = CARTESIAN_POINT ( 'NONE',  ( 1.021910873782860829, -11.66666666666666607, -2.937500000000000000 ) ) ;
#2174 = DIRECTION ( 'NONE',  ( -0.000000000000000000, 0.000000000000000000, 1.000000000000000000 ) ) ;
#2175 = VECTOR ( 'NONE', #521, 100.0000000000000000 ) ;
#2176 = EDGE_CURVE ( 'NONE', #1748, #3162, #626, .T. ) ;
#2177 = DIRECTION ( 'NONE',  ( -0.000000000000000000, 0.000000000000000000, 1.000000000000000000 ) ) ;
#2178 = CARTESIAN_POINT ( 'NONE',  ( 2.161106286858577974, -13.90392006678331605, -3.625000000000000000 ) ) ;
#2179 = CYLINDRICAL_SURFACE ( 'NONE', #3175, 0.06250000000000005551 ) ;
#2180 = EDGE_CURVE ( 'NONE', #1855, #1754, #2983, .T. ) ;
#2181 = VECTOR ( 'NONE', #1744, 100.0000000000000000 ) ;
#2182 = CARTESIAN_POINT ( 'NONE',  ( 4.638392816962751297, -9.821285196333107592, 1.875000000000002442 ) ) ;
#2183 = EDGE_CURVE ( 'NONE', #1851, #1844, #536, .T. ) ;
#2184 = CARTESIAN_POINT ( 'NONE',  ( -0.06308912621713944069, -11.66666666666667496, 0.8750000000000001110 ) ) ;
#2185 = ORIENTED_EDGE ( 'NONE', *, *, #553, .F. ) ;
#2186 = CARTESIAN_POINT ( 'NONE',  ( 5.848392816962751262, -14.01916666666666522, 1.875000000000001998 ) ) ;
#2187 = DIRECTION ( 'NONE',  ( 0.000000000000000000, -0.7071067811865335839, -0.7071067811865613395 ) ) ;
#2188 = ORIENTED_EDGE ( 'NONE', *, *, #1632, .F. ) ;
#2189 = ORIENTED_EDGE ( 'NONE', *, *, #7, .T. ) ;
#2190 = CARTESIAN_POINT ( 'NONE',  ( 2.169410873782861238, -13.51916666666666522, 0.8125000000000000000 ) ) ;
#2191 = AXIS2_PLACEMENT_3D ( 'NONE', #1761, #1526, #2553 ) ;
#2192 = ORIENTED_EDGE ( 'NONE', *, *, #1927, .F. ) ;
#2193 = CARTESIAN_POINT ( 'NONE',  ( 0.000000000000000000, -16.60416666666667140, 1.875000000000002442 ) ) ;
#2194 = DIRECTION ( 'NONE',  ( -1.000000000000000000, 0.000000000000000000, 0.000000000000000000 ) ) ;
#2195 = CARTESIAN_POINT ( 'NONE',  ( 8.106910873782860349, -16.60416666666667140, -3.562499999999999556 ) ) ;
#2196 = DIRECTION ( 'NONE',  ( 0.000000000000000000, 0.000000000000000000, 1.000000000000000000 ) ) ;
#2197 =( BOUNDED_CURVE ( )  B_SPLINE_CURVE ( 3, ( #870, #1899, #1937, #538 ),
 .UNSPECIFIED., .F., .F. ) 
 B_SPLINE_CURVE_WITH_KNOTS ( ( 4, 4 ),
 ( 0.7853981633974287391, 1.570796326794903885 ),
 .UNSPECIFIED. ) 
 CURVE ( )  GEOMETRIC_REPRESENTATION_ITEM ( )  RATIONAL_B_SPLINE_CURVE ( ( 1.000000000000000000, 0.9492530216741876803, 0.9492530216741876803, 1.000000000000000000 ) ) 
 REPRESENTATION_ITEM ( '' )  );
#2198 = AXIS2_PLACEMENT_3D ( 'NONE', #2726, #1903, #578 ) ;
#2199 = LINE ( 'NONE', #1686, #3257 ) ;
#2200 = EDGE_CURVE ( 'NONE', #2628, #1803, #1685, .T. ) ;
#2201 = CARTESIAN_POINT ( 'NONE',  ( 0.3119108737828606981, -11.66666666666666607, -3.624999999999999556 ) ) ;
#2202 = AXIS2_PLACEMENT_3D ( 'NONE', #1296, #2562, #3096 ) ;
#2203 = ORIENTED_EDGE ( 'NONE', *, *, #1004, .T. ) ;
#2204 = AXIS2_PLACEMENT_3D ( 'NONE', #2677, #1137, #2424 ) ;
#2205 = DIRECTION ( 'NONE',  ( 0.000000000000000000, -1.000000000000000000, -1.653429842074794661E-16 ) ) ;
#2206 = EDGE_CURVE ( 'NONE', #2466, #2269, #2122, .T. ) ;
#2207 = DIRECTION ( 'NONE',  ( 0.000000000000000000, 0.000000000000000000, -1.000000000000000000 ) ) ;
#2208 = CIRCLE ( 'NONE', #3293, 0.7099999999999995204 ) ;
#2209 = DIRECTION ( 'NONE',  ( 0.000000000000000000, -1.000000000000000000, 0.000000000000000000 ) ) ;
#2210 = ORIENTED_EDGE ( 'NONE', *, *, #2927, .T. ) ;
#2211 = AXIS2_PLACEMENT_3D ( 'NONE', #2505, #1129, #87 ) ;
#2212 = FACE_OUTER_BOUND ( 'NONE', #255, .T. ) ;
#2213 = ORIENTED_EDGE ( 'NONE', *, *, #2471, .T. ) ;
#2214 = DIRECTION ( 'NONE',  ( -0.000000000000000000, -0.7071067811865481278, 0.7071067811865470176 ) ) ;
#2215 = DIRECTION ( 'NONE',  ( -0.000000000000000000, 0.7071067811865550112, 0.7071067811865401342 ) ) ;
#2216 = FACE_OUTER_BOUND ( 'NONE', #1421, .T. ) ;
#2217 = DIRECTION ( 'NONE',  ( 0.000000000000000000, -0.000000000000000000, -1.000000000000000000 ) ) ;
#2218 = CARTESIAN_POINT ( 'NONE',  ( -0.06308912621713919089, -13.58166666666666345, -2.349111652351681290 ) ) ;
#2219 = DIRECTION ( 'NONE',  ( -1.000000000000000000, -0.000000000000000000, -0.000000000000000000 ) ) ;
#2220 = CARTESIAN_POINT ( 'NONE',  ( 2.106910873782861238, -13.45666666666666700, -2.349111652351680846 ) ) ;
#2221 = ORIENTED_EDGE ( 'NONE', *, *, #1843, .F. ) ;
#2222 = DIRECTION ( 'NONE',  ( 0.000000000000000000, 0.000000000000000000, -1.000000000000000000 ) ) ;
#2223 = AXIS2_PLACEMENT_3D ( 'NONE', #2059, #728, #2875 ) ;
#2224 = EDGE_CURVE ( 'NONE', #133, #2466, #2555, .T. ) ;
#2225 = CYLINDRICAL_SURFACE ( 'NONE', #852, 0.06250000000000005551 ) ;
#2226 = AXIS2_PLACEMENT_3D ( 'NONE', #2595, #2894, #1312 ) ;
#2227 = ORIENTED_EDGE ( 'NONE', *, *, #1796, .F. ) ;
#2228 = ORIENTED_EDGE ( 'NONE', *, *, #2880, .T. ) ;
#2229 = DIRECTION ( 'NONE',  ( 0.000000000000000000, -0.7071067811865455743, 0.7071067811865494601 ) ) ;
#2230 = EDGE_CURVE ( 'NONE', #2275, #716, #1519, .T. ) ;
#2231 = VERTEX_POINT ( 'NONE', #1324 ) ;
#2232 = FACE_OUTER_BOUND ( 'NONE', #1773, .T. ) ;
#2233 = LINE ( 'NONE', #3269, #3017 ) ;
#2234 = ORIENTED_EDGE ( 'NONE', *, *, #405, .F. ) ;
#2235 = AXIS2_PLACEMENT_3D ( 'NONE', #729, #1750, #3095 ) ;
#2236 = DIRECTION ( 'NONE',  ( 1.257674520083186869E-16, -1.000000000000000000, -0.000000000000000000 ) ) ;
#2237 = FACE_OUTER_BOUND ( 'NONE', #201, .T. ) ;
#2238 = ORIENTED_EDGE ( 'NONE', *, *, #1148, .F. ) ;
#2239 = PLANE ( 'NONE',  #1344 ) ;
#2240 = CARTESIAN_POINT ( 'NONE',  ( 5.848392816962751262, -13.53747249284250564, 1.393305826175839535 ) ) ;
#2241 = ORIENTED_EDGE ( 'NONE', *, *, #618, .T. ) ;
#2242 = AXIS2_PLACEMENT_3D ( 'NONE', #3299, #3022, #951 ) ;
#2243 = ORIENTED_EDGE ( 'NONE', *, *, #328, .T. ) ;
#2244 = CYLINDRICAL_SURFACE ( 'NONE', #210, 0.06250000000000005551 ) ;
#2245 = DIRECTION ( 'NONE',  ( -0.000000000000000000, 0.000000000000000000, 1.000000000000000000 ) ) ;
#2246 = ADVANCED_FACE ( 'NONE', ( #746 ), #411, .T. ) ;
#2247 = DIRECTION ( 'NONE',  ( 0.000000000000000000, -0.000000000000000000, -1.000000000000000000 ) ) ;
#2248 = ADVANCED_FACE ( 'NONE', ( #2057 ), #2936, .F. ) ;
#2249 = DIRECTION ( 'NONE',  ( -0.000000000000000000, 1.127570259384925597E-16, -1.000000000000000000 ) ) ;
#2250 = DIRECTION ( 'NONE',  ( -0.000000000000000000, 0.000000000000000000, 1.000000000000000000 ) ) ;
#2251 = EDGE_LOOP ( 'NONE', ( #2129, #2524, #773, #377 ) ) ;
#2252 = LINE ( 'NONE', #456, #356 ) ;
#2253 = ORIENTED_EDGE ( 'NONE', *, *, #1281, .F. ) ;
#2254 = AXIS2_PLACEMENT_3D ( 'NONE', #3063, #715, #3376 ) ;
#2255 = AXIS2_PLACEMENT_3D ( 'NONE', #2853, #1060, #3120 ) ;
#2256 = ORIENTED_EDGE ( 'NONE', *, *, #574, .F. ) ;
#2257 = CARTESIAN_POINT ( 'NONE',  ( 1.669410873782861016, -11.66666666666666607, -3.624999999999999556 ) ) ;
#2258 = VECTOR ( 'NONE', #9, 100.0000000000000000 ) ;
#2259 = EDGE_LOOP ( 'NONE', ( #1363, #2475, #2711, #3187 ) ) ;
#2260 = DIRECTION ( 'NONE',  ( 1.000000000000000000, 0.000000000000000000, 0.000000000000000000 ) ) ;
#2261 = ORIENTED_EDGE ( 'NONE', *, *, #141, .F. ) ;
#2262 = CIRCLE ( 'NONE', #2211, 1.147499999999999964 ) ;
#2263 = CARTESIAN_POINT ( 'NONE',  ( 2.169410873782860794, -15.29505501431498438, 0.9741116523516812897 ) ) ;
#2264 = ORIENTED_EDGE ( 'NONE', *, *, #2741, .T. ) ;
#2265 = EDGE_CURVE ( 'NONE', #1688, #673, #1135, .T. ) ;
#2266 = CARTESIAN_POINT ( 'NONE',  ( -0.06308912621713942681, -11.66666666666667496, -2.937500000000000000 ) ) ;
#2267 = EDGE_CURVE ( 'NONE', #647, #3117, #3045, .T. ) ;
#2268 = CARTESIAN_POINT ( 'NONE',  ( -0.1255891262171391909, -13.58166666666666345, -0.3491116523516780701 ) ) ;
#2269 = VERTEX_POINT ( 'NONE', #1960 ) ;
#2270 = CIRCLE ( 'NONE', #1878, 0.06250000000000005551 ) ;
#2271 = DIRECTION ( 'NONE',  ( 1.000000000000000000, 0.000000000000000000, 0.000000000000000000 ) ) ;
#2272 = CARTESIAN_POINT ( 'NONE',  ( 0.000000000000000000, 0.000000000000000000, 0.8750000000000001110 ) ) ;
#2273 = DIRECTION ( 'NONE',  ( 8.893101816763583560E-17, -0.7071067811865476838, -0.7071067811865473507 ) ) ;
#2274 = VECTOR ( 'NONE', #1482, 100.0000000000000000 ) ;
#2275 = VERTEX_POINT ( 'NONE', #2022 ) ;
#2276 = CARTESIAN_POINT ( 'NONE',  ( 2.231910873782861682, -15.20666666666666877, 1.875000000000002442 ) ) ;
#2277 = ORIENTED_EDGE ( 'NONE', *, *, #44, .T. ) ;
#2278 = DIRECTION ( 'NONE',  ( -3.925231146709372318E-15, -0.7071067811865586750, 0.7071067811865364705 ) ) ;
#2279 = AXIS2_PLACEMENT_3D ( 'NONE', #2775, #1763, #724 ) ;
#2280 = ORIENTED_EDGE ( 'NONE', *, *, #1573, .T. ) ;
#2281 = CARTESIAN_POINT ( 'NONE',  ( -0.06308912621713919089, -13.51916666666666522, -2.374999999999999556 ) ) ;
#2282 = DIRECTION ( 'NONE',  ( 1.000000000000000000, 7.850462293419088580E-15, -0.000000000000000000 ) ) ;
#2283 = EDGE_CURVE ( 'NONE', #1368, #1373, #2452, .T. ) ;
#2284 = CIRCLE ( 'NONE', #796, 0.06250000000000005551 ) ;
#2285 = DIRECTION ( 'NONE',  ( 1.000000000000000000, 0.000000000000000000, 0.000000000000000000 ) ) ;
#2286 = ORIENTED_EDGE ( 'NONE', *, *, #3156, .F. ) ;
#2287 = EDGE_CURVE ( 'NONE', #61, #1528, #2298, .T. ) ;
#2288 = EDGE_CURVE ( 'NONE', #2859, #845, #467, .T. ) ;
#2289 = FACE_OUTER_BOUND ( 'NONE', #102, .T. ) ;
#2290 = DIRECTION ( 'NONE',  ( 0.000000000000000000, -3.885780586188130564E-14, -1.000000000000000000 ) ) ;
#2291 = ORIENTED_EDGE ( 'NONE', *, *, #405, .T. ) ;
#2292 = ORIENTED_EDGE ( 'NONE', *, *, #1632, .T. ) ;
#2293 = CIRCLE ( 'NONE', #473, 0.06249999999999953509 ) ;
#2294 = ORIENTED_EDGE ( 'NONE', *, *, #1554, .F. ) ;
#2295 = DIRECTION ( 'NONE',  ( 0.000000000000000000, -1.000000000000000000, -1.004666105778072246E-16 ) ) ;
#2296 = VERTEX_POINT ( 'NONE', #2038 ) ;
#2297 = DIRECTION ( 'NONE',  ( 1.000000000000000000, 0.000000000000000000, 0.000000000000000000 ) ) ;
#2298 = LINE ( 'NONE', #3074, #2558 ) ;
#2299 = CARTESIAN_POINT ( 'NONE',  ( 2.106910873782861238, -13.01916666666666522, -2.937500000000000000 ) ) ;
#2300 = ORIENTED_EDGE ( 'NONE', *, *, #3286, .T. ) ;
#2301 = MANIFOLD_SOLID_BREP ( 'Fillet21', #603 ) ;
#2302 = DIRECTION ( 'NONE',  ( -1.000000000000000000, 0.000000000000000000, 0.000000000000000000 ) ) ;
#2303 = CARTESIAN_POINT ( 'NONE',  ( 2.169410873782861238, -13.86827831901834784, -3.562500000000000444 ) ) ;
#2304 = EDGE_CURVE ( 'NONE', #1999, #2460, #2742, .T. ) ;
#2305 = CARTESIAN_POINT ( 'NONE',  ( 8.106910873782860349, -13.58166666666666345, 1.349111652351683066 ) ) ;
#2306 = ORIENTED_EDGE ( 'NONE', *, *, #2304, .F. ) ;
#2307 = EDGE_CURVE ( 'NONE', #2564, #1588, #245, .T. ) ;
#2308 = AXIS2_PLACEMENT_3D ( 'NONE', #1469, #2515, #152 ) ;
#2309 = ORIENTED_EDGE ( 'NONE', *, *, #368, .T. ) ;
#2310 = VERTEX_POINT ( 'NONE', #2821 ) ;
#2311 = SPHERICAL_SURFACE ( 'NONE', #997, 0.06250000000000000000 ) ;
#2312 = AXIS2_PLACEMENT_3D ( 'NONE', #2379, #332, #50 ) ;
#2313 = CARTESIAN_POINT ( 'NONE',  ( -0.1255891262171388301, -16.60416666666667140, 0.8125000000000000000 ) ) ;
#2314 = ORIENTED_EDGE ( 'NONE', *, *, #1259, .T. ) ;
#2315 = CARTESIAN_POINT ( 'NONE',  ( 2.231910873782861238, -15.26916666666666700, 1.875000000000002442 ) ) ;
#2316 = CARTESIAN_POINT ( 'NONE',  ( 2.123276284571256944, -13.51916666666666522, -2.349111652354631818 ) ) ;
#2317 = VERTEX_POINT ( 'NONE', #207 ) ;
#2318 = DIRECTION ( 'NONE',  ( 0.000000000000000000, 0.000000000000000000, 1.000000000000000000 ) ) ;
#2319 = FACE_OUTER_BOUND ( 'NONE', #727, .T. ) ;
#2320 = EDGE_LOOP ( 'NONE', ( #2372, #1246, #1198, #3154 ) ) ;
#2321 = EDGE_CURVE ( 'NONE', #613, #3002, #3219, .T. ) ;
#2322 = ORIENTED_EDGE ( 'NONE', *, *, #663, .F. ) ;
#2323 = EDGE_LOOP ( 'NONE', ( #2743, #2292, #1021, #2256 ) ) ;
#2324 = EDGE_CURVE ( 'NONE', #1639, #754, #1009, .T. ) ;
#2325 = CARTESIAN_POINT ( 'NONE',  ( 0.000000000000000000, -14.01916666666666522, 1.875000000000002442 ) ) ;
#2326 = ORIENTED_EDGE ( 'NONE', *, *, #855, .F. ) ;
#2327 = ADVANCED_FACE ( 'NONE', ( #483 ), #1541, .T. ) ;
#2328 = CIRCLE ( 'NONE', #2763, 0.06249999999999970857 ) ;
#2329 = CARTESIAN_POINT ( 'NONE',  ( -0.1255891262171392464, -13.01916666666666522, 0.1875000000000000833 ) ) ;
#2330 = DIRECTION ( 'NONE',  ( -0.000000000000000000, 0.000000000000000000, 1.000000000000000000 ) ) ;
#2331 = CIRCLE ( 'NONE', #2387, 0.06250000000000005551 ) ;
#2332 = CARTESIAN_POINT ( 'NONE',  ( 2.139629360734257801, -13.51916666666666522, -2.353712677381561313 ) ) ;
#2333 = ORIENTED_EDGE ( 'NONE', *, *, #872, .F. ) ;
#2334 = LINE ( 'NONE', #504, #1011 ) ;
#2335 = CYLINDRICAL_SURFACE ( 'NONE', #1886, 0.06250000000000026368 ) ;
#2336 = DIRECTION ( 'NONE',  ( 0.000000000000000000, -0.7071067811865475727, -0.7071067811865475727 ) ) ;
#2337 = ORIENTED_EDGE ( 'NONE', *, *, #2538, .F. ) ;
#2338 = AXIS2_PLACEMENT_3D ( 'NONE', #1795, #1561, #2383 ) ;
#2339 = CARTESIAN_POINT ( 'NONE',  ( 1.021910873782860829, -11.66666666666666607, -3.624999999999999556 ) ) ;
#2340 = CARTESIAN_POINT ( 'NONE',  ( -0.1255891262171394129, -13.58166666666666345, 1.349111652351680624 ) ) ;
#2341 = ORIENTED_EDGE ( 'NONE', *, *, #7, .F. ) ;
#2342 = ORIENTED_EDGE ( 'NONE', *, *, #1446, .F. ) ;
#2343 = CARTESIAN_POINT ( 'NONE',  ( 8.106910873782860349, -16.60416666666667140, 1.812500000000002220 ) ) ;
#2344 = LINE ( 'NONE', #2634, #1894 ) ;
#2345 = EDGE_CURVE ( 'NONE', #3069, #2640, #1236, .T. ) ;
#2346 = CARTESIAN_POINT ( 'NONE',  ( 1.021910873782860829, -11.66666666666666607, 0.8750000000000001110 ) ) ;
#2347 = EDGE_CURVE ( 'NONE', #2310, #1733, #2871, .T. ) ;
#2348 = CARTESIAN_POINT ( 'NONE',  ( 8.169410873782860349, -13.53747249284250564, -3.143305826175839091 ) ) ;
#2349 = ORIENTED_EDGE ( 'NONE', *, *, #509, .F. ) ;
#2350 = CARTESIAN_POINT ( 'NONE',  ( 5.785892816962751262, -13.86827831901835140, 1.812500000000002220 ) ) ;
#2351 = CARTESIAN_POINT ( 'NONE',  ( 2.231910873782861238, -13.58166666666666345, -3.099111652351680402 ) ) ;
#2352 = ORIENTED_EDGE ( 'NONE', *, *, #599, .F. ) ;
#2353 = DIRECTION ( 'NONE',  ( 0.000000000000000000, 0.000000000000000000, 1.000000000000000000 ) ) ;
#2354 = DIRECTION ( 'NONE',  ( 0.000000000000000000, 0.000000000000000000, -1.000000000000000000 ) ) ;
#2355 = VERTEX_POINT ( 'NONE', #3192 ) ;
#2356 = ORIENTED_EDGE ( 'NONE', *, *, #2176, .T. ) ;
#2357 = FACE_OUTER_BOUND ( 'NONE', #2480, .T. ) ;
#2358 = DIRECTION ( 'NONE',  ( 0.000000000000000000, 0.000000000000000000, 1.000000000000000000 ) ) ;
#2359 = AXIS2_PLACEMENT_3D ( 'NONE', #560, #1399, #301 ) ;
#2360 = DIRECTION ( 'NONE',  ( 0.000000000000000000, -1.000000000000000000, 0.000000000000000000 ) ) ;
#2361 = EDGE_CURVE ( 'NONE', #3358, #297, #2587, .T. ) ;
#2362 = AXIS2_PLACEMENT_3D ( 'NONE', #447, #3044, #3302 ) ;
#2363 = AXIS2_PLACEMENT_3D ( 'NONE', #1611, #263, #1326 ) ;
#2364 = CARTESIAN_POINT ( 'NONE',  ( 2.216134172687501014, -13.51916666666666522, -2.436860249839992942 ) ) ;
#2365 = DIRECTION ( 'NONE',  ( -0.000000000000000000, -0.000000000000000000, -1.000000000000000000 ) ) ;
#2366 = ORIENTED_EDGE ( 'NONE', *, *, #2070, .F. ) ;
#2367 = TOROIDAL_SURFACE ( 'NONE', #3236, 0.7100000000000000755, 0.06250000000000000000 ) ;
#2368 = EDGE_CURVE ( 'NONE', #642, #1650, #2852, .T. ) ;
#2369 = DIRECTION ( 'NONE',  ( -1.000000000000000000, 0.000000000000000000, 0.000000000000000000 ) ) ;
#2370 = DIRECTION ( 'NONE',  ( 1.000000000000000000, 4.111937128241320045E-16, -0.000000000000000000 ) ) ;
#2371 = DIRECTION ( 'NONE',  ( -0.000000000000000000, 0.000000000000000000, 1.000000000000000000 ) ) ;
#2372 = ORIENTED_EDGE ( 'NONE', *, *, #1007, .T. ) ;
#2373 = CARTESIAN_POINT ( 'NONE',  ( 5.748434462485748853, -13.97691585844446571, 1.875000000000002442 ) ) ;
#2374 = ORIENTED_EDGE ( 'NONE', *, *, #1778, .T. ) ;
#2375 = AXIS2_PLACEMENT_3D ( 'NONE', #1671, #2461, #3220 ) ;
#2376 = ORIENTED_EDGE ( 'NONE', *, *, #112, .T. ) ;
#2377 = FACE_OUTER_BOUND ( 'NONE', #209, .T. ) ;
#2378 = AXIS2_PLACEMENT_3D ( 'NONE', #1121, #304, #1369 ) ;
#2379 = CARTESIAN_POINT ( 'NONE',  ( -0.06308912621713924640, -13.08166666666666345, -2.900888347648317822 ) ) ;
#2380 = VECTOR ( 'NONE', #2792, 100.0000000000000000 ) ;
#2381 = CIRCLE ( 'NONE', #1122, 0.6475000000000001865 ) ;
#2382 = VECTOR ( 'NONE', #1868, 100.0000000000000000 ) ;
#2383 = DIRECTION ( 'NONE',  ( 1.000000000000000000, 0.000000000000000000, 0.000000000000000000 ) ) ;
#2384 =( NAMED_UNIT ( * ) PLANE_ANGLE_UNIT ( ) SI_UNIT ( $, .RADIAN. ) );
#2385 = EDGE_LOOP ( 'NONE', ( #104, #142, #2188, #138 ) ) ;
#2386 = CARTESIAN_POINT ( 'NONE',  ( 2.106910873782861238, -11.66666666666666607, -3.562499999999999556 ) ) ;
#2387 = AXIS2_PLACEMENT_3D ( 'NONE', #924, #2756, #2006 ) ;
#2388 = LINE ( 'NONE', #2124, #2382 ) ;
#2389 = EDGE_CURVE ( 'NONE', #2791, #3117, #32, .T. ) ;
#2390 = VERTEX_POINT ( 'NONE', #1578 ) ;
#2391 = EDGE_CURVE ( 'NONE', #2460, #3223, #1893, .T. ) ;
#2392 = DIRECTION ( 'NONE',  ( 1.000000000000000000, 0.000000000000000000, 0.000000000000000000 ) ) ;
#2393 = CARTESIAN_POINT ( 'NONE',  ( 5.782896110661186917, -13.95757618983633286, 1.875000000000001776 ) ) ;
#2394 = ORIENTED_EDGE ( 'NONE', *, *, #1839, .T. ) ;
#2395 = ORIENTED_EDGE ( 'NONE', *, *, #2283, .F. ) ;
#2396 = AXIS2_PLACEMENT_3D ( 'NONE', #2838, #1027, #2085 ) ;
#2397 = FACE_OUTER_BOUND ( 'NONE', #38, .T. ) ;
#2398 = DIRECTION ( 'NONE',  ( 0.000000000000000000, -1.000000000000000000, 0.000000000000000000 ) ) ;
#2399 = DIRECTION ( 'NONE',  ( -1.000000000000000000, -0.000000000000000000, 0.000000000000000000 ) ) ;
#2400 = CARTESIAN_POINT ( 'NONE',  ( 2.158687569079496882, -14.04505501431498971, -3.625000000000000444 ) ) ;
#2401 = ORIENTED_EDGE ( 'NONE', *, *, #2554, .F. ) ;
#2402 = LINE ( 'NONE', #3111, #2106 ) ;
#2403 = CARTESIAN_POINT ( 'NONE',  ( 3.490892816962751777, -13.94594336196330531, 1.838388347648320931 ) ) ;
#2404 = CARTESIAN_POINT ( 'NONE',  ( 2.106910873782861238, -11.66666666666666607, 0.8750000000000001110 ) ) ;
#2405 = VERTEX_POINT ( 'NONE', #3160 ) ;
#2406 = CARTESIAN_POINT ( 'NONE',  ( 2.231910873782861238, -15.33166666666666522, 1.812500000000002220 ) ) ;
#2407 = EDGE_CURVE ( 'NONE', #969, #122, #2671, .T. ) ;
#2408 = DIRECTION ( 'NONE',  ( 1.000000000000000000, -0.000000000000000000, 0.000000000000000000 ) ) ;
#2409 = CARTESIAN_POINT ( 'NONE',  ( 2.294410873782860794, -13.58166666666666345, 1.000000000000002220 ) ) ;
#2410 = EDGE_LOOP ( 'NONE', ( #2487, #793, #1857, #1816 ) ) ;
#2411 = EDGE_CURVE ( 'NONE', #2296, #2837, #2479, .T. ) ;
#2412 = ORIENTED_EDGE ( 'NONE', *, *, #1900, .T. ) ;
#2413 = CARTESIAN_POINT ( 'NONE',  ( 3.553392816962751333, -13.86827831901835140, 1.875000000000002442 ) ) ;
#2414 = ADVANCED_FACE ( 'NONE', ( #814 ), #2134, .T. ) ;
#2415 = CYLINDRICAL_SURFACE ( 'NONE', #804, 0.06250000000000005551 ) ;
#2416 = CARTESIAN_POINT ( 'NONE',  ( 1.021910873782860829, -11.66666666666666607, 0.1249999999999999861 ) ) ;
#2417 = FACE_BOUND ( 'NONE', #2101, .T. ) ;
#2418 = LINE ( 'NONE', #1132, #162 ) ;
#2419 = AXIS2_PLACEMENT_3D ( 'NONE', #120, #1705, #2988 ) ;
#2420 = DIRECTION ( 'NONE',  ( 0.000000000000000000, 0.000000000000000000, 1.000000000000000000 ) ) ;
#2421 = ORIENTED_EDGE ( 'NONE', *, *, #935, .F. ) ;
#2422 = CARTESIAN_POINT ( 'NONE',  ( 8.169410873782860349, -13.56336084049082658, -3.080805826175843976 ) ) ;
#2423 = CIRCLE ( 'NONE', #2855, 0.6475000000000008527 ) ;
#2424 = DIRECTION ( 'NONE',  ( 0.000000000000000000, 0.000000000000000000, -1.000000000000000000 ) ) ;
#2425 = VERTEX_POINT ( 'NONE', #260 ) ;
#2426 = CARTESIAN_POINT ( 'NONE',  ( 2.143522526134542527, -13.54505501431498260, 0.8750000000000001110 ) ) ;
#2427 = DIRECTION ( 'NONE',  ( 0.000000000000000000, -1.000000000000000000, -1.127570259384925597E-16 ) ) ;
#2428 = ORIENTED_EDGE ( 'NONE', *, *, #2684, .F. ) ;
#2429 = ORIENTED_EDGE ( 'NONE', *, *, #1345, .F. ) ;
#2430 = EDGE_CURVE ( 'NONE', #3223, #3260, #1869, .T. ) ;
#2431 = CARTESIAN_POINT ( 'NONE',  ( 3.496429414918803769, -13.88488811466317863, 1.875000000000002442 ) ) ;
#2432 = DIRECTION ( 'NONE',  ( 1.000000000000000000, 0.000000000000000000, 0.000000000000000000 ) ) ;
#2433 = EDGE_CURVE ( 'NONE', #1448, #492, #2037, .T. ) ;
#2434 = DIRECTION ( 'NONE',  ( 0.000000000000000000, -1.127570259384925597E-16, 1.000000000000000000 ) ) ;
#2435 = ADVANCED_FACE ( 'NONE', ( #777 ), #2155, .T. ) ;
#2436 = CARTESIAN_POINT ( 'NONE',  ( 2.200434688212933754, -13.98412712223261423, -3.601116267738080357 ) ) ;
#2437 = DIRECTION ( 'NONE',  ( 0.000000000000000000, 1.000000000000000000, -0.000000000000000000 ) ) ;
#2438 = AXIS2_PLACEMENT_3D ( 'NONE', #2929, #1957, #1663 ) ;
#2439 = DIRECTION ( 'NONE',  ( -0.000000000000000000, 0.7071067811865494601, 0.7071067811865455743 ) ) ;
#2440 = AXIS2_PLACEMENT_3D ( 'NONE', #1315, #2354, #3169 ) ;
#2441 = CARTESIAN_POINT ( 'NONE',  ( 8.106910873782860349, -16.60416666666667140, -3.562499999999999556 ) ) ;
#2442 = EDGE_LOOP ( 'NONE', ( #2548, #874, #755, #1752 ) ) ;
#2443 = CARTESIAN_POINT ( 'NONE',  ( 2.231910873782860794, -5.197083333333296196, 5.197083333333324617 ) ) ;
#2444 = DIRECTION ( 'NONE',  ( -0.000000000000000000, -1.000000000000000000, -0.000000000000000000 ) ) ;
#2445 = ORIENTED_EDGE ( 'NONE', *, *, #491, .T. ) ;
#2446 = ORIENTED_EDGE ( 'NONE', *, *, #1717, .T. ) ;
#2447 = AXIS2_PLACEMENT_3D ( 'NONE', #1140, #375, #861 ) ;
#2448 = CARTESIAN_POINT ( 'NONE',  ( -0.1255891262171394129, -13.03747249284250564, -2.856694173824158689 ) ) ;
#2449 = CIRCLE ( 'NONE', #2825, 0.06250000000000005551 ) ;
#2450 = FACE_OUTER_BOUND ( 'NONE', #1797, .T. ) ;
#2451 = DIRECTION ( 'NONE',  ( -0.000000000000000000, -0.7071067811865456854, 0.7071067811865494601 ) ) ;
#2452 = CIRCLE ( 'NONE', #633, 0.1249999999999999445 ) ;
#2453 = AXIS2_PLACEMENT_3D ( 'NONE', #1697, #2737, #3008 ) ;
#2454 = ADVANCED_FACE ( 'NONE', ( #586 ), #1607, .T. ) ;
#2455 = LINE ( 'NONE', #1643, #1347 ) ;
#2456 = CARTESIAN_POINT ( 'NONE',  ( 4.638392816962751297, -9.821285196333107592, 1.875000000000002442 ) ) ;
#2457 = EDGE_CURVE ( 'NONE', #3328, #1498, #1080, .T. ) ;
#2458 = DIRECTION ( 'NONE',  ( 0.000000000000000000, 0.000000000000000000, -1.000000000000000000 ) ) ;
#2459 = DIRECTION ( 'NONE',  ( 0.000000000000000000, -0.000000000000000000, -1.000000000000000000 ) ) ;
#2460 = VERTEX_POINT ( 'NONE', #535 ) ;
#2461 = DIRECTION ( 'NONE',  ( 0.000000000000000000, -1.127570259384925597E-16, 1.000000000000000000 ) ) ;
#2462 = CARTESIAN_POINT ( 'NONE',  ( 5.775169512259386906, -14.04505501431498615, 1.875000000000002442 ) ) ;
#2463 = ORIENTED_EDGE ( 'NONE', *, *, #261, .F. ) ;
#2464 = ORIENTED_EDGE ( 'NONE', *, *, #3072, .T. ) ;
#2465 = DIRECTION ( 'NONE',  ( 0.000000000000000000, 0.000000000000000000, -1.000000000000000000 ) ) ;
#2466 = VERTEX_POINT ( 'NONE', #3177 ) ;
#2467 = CARTESIAN_POINT ( 'NONE',  ( 2.169410873782861238, -16.66666666666666785, 0.8750000000000001110 ) ) ;
#2468 = CARTESIAN_POINT ( 'NONE',  ( 8.106910873782860349, -14.04505501431498971, -3.624999999999999556 ) ) ;
#2469 = CARTESIAN_POINT ( 'NONE',  ( 0.000000000000000000, -16.60416666666667140, -3.562499999999999556 ) ) ;
#2470 = CARTESIAN_POINT ( 'NONE',  ( 2.106910873782861238, -13.51916666666666522, -0.3750000000000002220 ) ) ;
#2471 = EDGE_CURVE ( 'NONE', #3295, #2695, #2143, .T. ) ;
#2472 = VECTOR ( 'NONE', #3003, 100.0000000000000000 ) ;
#2473 = DIRECTION ( 'NONE',  ( 1.000000000000000000, 0.000000000000000000, -0.000000000000000000 ) ) ;
#2474 = CARTESIAN_POINT ( 'NONE',  ( 1.021910873782860829, -11.66666666666666607, 0.8125000000000000000 ) ) ;
#2475 = ORIENTED_EDGE ( 'NONE', *, *, #2180, .F. ) ;
#2476 = EDGE_CURVE ( 'NONE', #1634, #122, #831, .T. ) ;
#2477 = CARTESIAN_POINT ( 'NONE',  ( 2.231910873782861238, -15.33166666666666522, 1.875000000000002442 ) ) ;
#2478 = DIRECTION ( 'NONE',  ( 1.224646799147353207E-16, 1.000000000000000000, 0.000000000000000000 ) ) ;
#2479 = CIRCLE ( 'NONE', #438, 0.1249999999999999445 ) ;
#2480 = EDGE_LOOP ( 'NONE', ( #512, #2815, #781, #1858, #1988, #3038 ) ) ;
#2481 = ORIENTED_EDGE ( 'NONE', *, *, #1428, .F. ) ;
#2482 = CIRCLE ( 'NONE', #1162, 0.06250000000000005551 ) ;
#2483 = DIRECTION ( 'NONE',  ( 1.000000000000000000, 0.000000000000000000, 0.000000000000000000 ) ) ;
#2484 = EDGE_LOOP ( 'NONE', ( #681, #573 ) ) ;
#2485 = CARTESIAN_POINT ( 'NONE',  ( 8.169410873782860349, -14.04505501431498082, 1.812500000000002220 ) ) ;
#2486 = APPLICATION_CONTEXT ( 'automotive_design' ) ;
#2487 = ORIENTED_EDGE ( 'NONE', *, *, #1463, .T. ) ;
#2488 = CARTESIAN_POINT ( 'NONE',  ( 8.106910873782860349, -14.04505501431498615, -3.562499999999999556 ) ) ;
#2489 = DIRECTION ( 'NONE',  ( 1.000000000000000000, 0.000000000000000000, 0.000000000000000000 ) ) ;
#2490 = DIRECTION ( 'NONE',  ( 0.000000000000000000, 4.440892098500646988E-14, -1.000000000000000000 ) ) ;
#2491 = FILL_AREA_STYLE_COLOUR ( '', #742 ) ;
#2492 = ORIENTED_EDGE ( 'NONE', *, *, #1952, .F. ) ;
#2493 = CIRCLE ( 'NONE', #64, 0.06250000000000005551 ) ;
#2494 = CARTESIAN_POINT ( 'NONE',  ( -0.1255891262171392464, -13.08166666666666700, 0.1508883476483200980 ) ) ;
#2495 = VECTOR ( 'NONE', #2392, 100.0000000000000000 ) ;
#2496 = CARTESIAN_POINT ( 'NONE',  ( 8.106910873782860349, -16.60416666666667140, 1.812500000000002220 ) ) ;
#2497 = CIRCLE ( 'NONE', #2164, 0.06249999999999936162 ) ;
#2498 = EDGE_CURVE ( 'NONE', #1921, #1142, #2120, .T. ) ;
#2499 = VERTEX_POINT ( 'NONE', #2650 ) ;
#2500 = ORIENTED_EDGE ( 'NONE', *, *, #2823, .F. ) ;
#2501 = EDGE_CURVE ( 'NONE', #133, #1803, #3403, .T. ) ;
#2502 = LINE ( 'NONE', #949, #2472 ) ;
#2503 = DIRECTION ( 'NONE',  ( 0.000000000000000000, 1.653429842074792196E-16, -1.000000000000000000 ) ) ;
#2504 = ORIENTED_EDGE ( 'NONE', *, *, #1134, .T. ) ;
#2505 = CARTESIAN_POINT ( 'NONE',  ( 4.638392816962751297, -9.821285196333107592, 1.812500000000002220 ) ) ;
#2506 = DIRECTION ( 'NONE',  ( -0.000000000000000000, -0.000000000000000000, -1.000000000000000000 ) ) ;
#2507 = CIRCLE ( 'NONE', #1416, 0.06249999999999977796 ) ;
#2508 = DIRECTION ( 'NONE',  ( 1.000000000000000000, 1.257674520083186869E-16, -0.000000000000000000 ) ) ;
#2509 = VERTEX_POINT ( 'NONE', #887 ) ;
#2510 = CARTESIAN_POINT ( 'NONE',  ( 2.169410873782861238, -13.45666666666666700, -3.099111652351680402 ) ) ;
#2511 = FACE_BOUND ( 'NONE', #529, .T. ) ;
#2512 = EDGE_LOOP ( 'NONE', ( #481, #2084, #82 ) ) ;
#2513 = ORIENTED_EDGE ( 'NONE', *, *, #2287, .T. ) ;
#2514 = EDGE_CURVE ( 'NONE', #1996, #943, #2735, .T. ) ;
#2515 = DIRECTION ( 'NONE',  ( 1.000000000000000000, -0.000000000000000000, 0.000000000000000000 ) ) ;
#2516 = ORIENTED_EDGE ( 'NONE', *, *, #1281, .T. ) ;
#2517 = ADVANCED_FACE ( 'NONE', ( #3249 ), #1935, .F. ) ;
#2518 = CARTESIAN_POINT ( 'NONE',  ( 2.231910873782861238, -15.26916666666666700, 1.000000000000002220 ) ) ;
#2519 = ORIENTED_EDGE ( 'NONE', *, *, #2200, .T. ) ;
#2520 = EDGE_CURVE ( 'NONE', #2425, #753, #1161, .T. ) ;
#2521 = DIRECTION ( 'NONE',  ( 0.000000000000000000, 0.000000000000000000, -1.000000000000000000 ) ) ;
#2522 = LINE ( 'NONE', #869, #3347 ) ;
#2523 = CARTESIAN_POINT ( 'NONE',  ( 1.021910873782860829, -11.66666666666666607, 0.8125000000000000000 ) ) ;
#2524 = ORIENTED_EDGE ( 'NONE', *, *, #763, .F. ) ;
#2525 = DIRECTION ( 'NONE',  ( 0.000000000000000000, 0.000000000000000000, -1.000000000000000000 ) ) ;
#2526 = CARTESIAN_POINT ( 'NONE',  ( -0.06308912621713944069, -11.66666666666667496, -3.624999999999999556 ) ) ;
#2527 = DIRECTION ( 'NONE',  ( -1.000000000000000000, -0.000000000000000000, -0.000000000000000000 ) ) ;
#2528 = VECTOR ( 'NONE', #1189, 100.0000000000000000 ) ;
#2529 = VECTOR ( 'NONE', #1806, 100.0000000000000000 ) ;
#2530 = ORIENTED_EDGE ( 'NONE', *, *, #2112, .F. ) ;
#2531 = CIRCLE ( 'NONE', #2362, 0.06249999999999866773 ) ;
#2532 = CARTESIAN_POINT ( 'NONE',  ( 1.731910873782861016, -11.66666666666666607, 0.8750000000000001110 ) ) ;
#2533 = ORIENTED_EDGE ( 'NONE', *, *, #158, .T. ) ;
#2534 = EDGE_CURVE ( 'NONE', #1748, #2647, #660, .T. ) ;
#2535 = VECTOR ( 'NONE', #1476, 100.0000000000000000 ) ;
#2536 = CARTESIAN_POINT ( 'NONE',  ( 1.021910873782860829, -11.66666666666666607, 0.1875000000000001665 ) ) ;
#2537 = DIRECTION ( 'NONE',  ( 0.000000000000000000, 0.000000000000000000, -1.000000000000000000 ) ) ;
#2538 = EDGE_CURVE ( 'NONE', #461, #1238, #1391, .T. ) ;
#2539 = EDGE_CURVE ( 'NONE', #492, #1448, #2208, .T. ) ;
#2540 = FACE_OUTER_BOUND ( 'NONE', #1909, .T. ) ;
#2541 = ORIENTED_EDGE ( 'NONE', *, *, #259, .T. ) ;
#2542 = FACE_OUTER_BOUND ( 'NONE', #2385, .T. ) ;
#2543 = CARTESIAN_POINT ( 'NONE',  ( 2.106910873782861238, -12.99327831901834784, 0.06249999999999984041 ) ) ;
#2544 = DIRECTION ( 'NONE',  ( -0.000000000000000000, -0.7071067811865493491, -0.7071067811865456854 ) ) ;
#2545 = TOROIDAL_SURFACE ( 'NONE', #503, 0.7100000000000000755, 0.06250000000000000000 ) ;
#2546 = ORIENTED_EDGE ( 'NONE', *, *, #1028, .F. ) ;
#2547 = AXIS2_PLACEMENT_3D ( 'NONE', #1530, #1293, #1818 ) ;
#2548 = ORIENTED_EDGE ( 'NONE', *, *, #920, .T. ) ;
#2549 = ORIENTED_EDGE ( 'NONE', *, *, #832, .F. ) ;
#2550 = CYLINDRICAL_SURFACE ( 'NONE', #1599, 0.06250000000000005551 ) ;
#2551 = VECTOR ( 'NONE', #470, 100.0000000000000142 ) ;
#2552 = PLANE ( 'NONE',  #49 ) ;
#2553 = DIRECTION ( 'NONE',  ( 0.000000000000000000, 0.000000000000000000, -1.000000000000000000 ) ) ;
#2554 = EDGE_CURVE ( 'NONE', #917, #1191, #1442, .T. ) ;
#2555 = CIRCLE ( 'NONE', #1081, 1.085000000000000187 ) ;
#2556 = ADVANCED_FACE ( 'NONE', ( #105 ), #2367, .T. ) ;
#2557 = ORIENTED_EDGE ( 'NONE', *, *, #1737, .T. ) ;
#2558 = VECTOR ( 'NONE', #3320, 100.0000000000000000 ) ;
#2559 = CARTESIAN_POINT ( 'NONE',  ( -0.1255891262171394129, -11.66666666666667496, -3.624999999999999556 ) ) ;
#2560 = AXIS2_PLACEMENT_3D ( 'NONE', #3284, #3319, #397 ) ;
#2561 = DIRECTION ( 'NONE',  ( 0.000000000000000000, 0.000000000000000000, -1.000000000000000000 ) ) ;
#2562 = DIRECTION ( 'NONE',  ( 0.000000000000000000, -1.000000000000000000, 0.000000000000000000 ) ) ;
#2563 = CYLINDRICAL_SURFACE ( 'NONE', #1495, 0.06250000000000005551 ) ;
#2564 = VERTEX_POINT ( 'NONE', #2468 ) ;
#2565 = ORIENTED_EDGE ( 'NONE', *, *, #2176, .F. ) ;
#2566 = ORIENTED_EDGE ( 'NONE', *, *, #2050, .T. ) ;
#2567 =( BOUNDED_CURVE ( )  B_SPLINE_CURVE ( 3, ( #2470, #2706, #868, #353 ),
 .UNSPECIFIED., .F., .F. ) 
 B_SPLINE_CURVE_WITH_KNOTS ( ( 4, 4 ),
 ( 3.141592653589793116, 4.712388980384682569 ),
 .UNSPECIFIED. ) 
 CURVE ( )  GEOMETRIC_REPRESENTATION_ITEM ( )  RATIONAL_B_SPLINE_CURVE ( ( 1.000000000000000000, 0.8047378541243667138, 0.8047378541243667138, 1.000000000000000000 ) ) 
 REPRESENTATION_ITEM ( '' )  );
#2568 = DIRECTION ( 'NONE',  ( -0.000000000000000000, 0.7071067811865494601, 0.7071067811865455743 ) ) ;
#2569 = CARTESIAN_POINT ( 'NONE',  ( 2.231910873782861238, -13.51916666666666522, -0.3750000000000002220 ) ) ;
#2570 =( LENGTH_UNIT ( ) NAMED_UNIT ( * ) SI_UNIT ( .CENTI., .METRE. ) );
#2571 = EDGE_CURVE ( 'NONE', #917, #507, #1762, .T. ) ;
#2572 = DIRECTION ( 'NONE',  ( 0.000000000000000000, 0.000000000000000000, -1.000000000000000000 ) ) ;
#2573 = EDGE_CURVE ( 'NONE', #2150, #567, #609, .T. ) ;
#2574 = ORIENTED_EDGE ( 'NONE', *, *, #259, .F. ) ;
#2575 = CYLINDRICAL_SURFACE ( 'NONE', #2759, 0.06250000000000005551 ) ;
#2576 = CARTESIAN_POINT ( 'NONE',  ( 2.106910873782861238, -13.51916666666666522, -2.349111652351681290 ) ) ;
#2577 = CARTESIAN_POINT ( 'NONE',  ( 8.106910873782860349, 0.000000000000000000, 1.875000000000002442 ) ) ;
#2578 = EDGE_CURVE ( 'NONE', #2640, #1191, #3122, .T. ) ;
#2579 = EDGE_LOOP ( 'NONE', ( #1405, #318, #2616, #2221 ) ) ;
#2580 = ADVANCED_FACE ( 'NONE', ( #3024 ), #643, .F. ) ;
#2581 = AXIS2_PLACEMENT_3D ( 'NONE', #1141, #667, #3222 ) ;
#2582 = CIRCLE ( 'NONE', #1103, 0.06250000000000005551 ) ;
#2583 = ORIENTED_EDGE ( 'NONE', *, *, #701, .F. ) ;
#2584 = ORIENTED_EDGE ( 'NONE', *, *, #1717, .F. ) ;
#2585 = CARTESIAN_POINT ( 'NONE',  ( -0.1255891262171388301, -16.60416666666667140, -3.562499999999999556 ) ) ;
#2586 = AXIS2_PLACEMENT_3D ( 'NONE', #2789, #145, #1241 ) ;
#2587 = CIRCLE ( 'NONE', #2312, 0.06249999999999953509 ) ;
#2588 = CARTESIAN_POINT ( 'NONE',  ( 3.490892816962751333, -13.45666666666666700, 1.349111652351680624 ) ) ;
#2589 = EDGE_LOOP ( 'NONE', ( #2091, #950, #3030, #2987, #3366, #2813 ) ) ;
#2590 = CARTESIAN_POINT ( 'NONE',  ( 2.169410873782861238, -15.33166666666666522, 0.000000000000000000 ) ) ;
#2591 =( BOUNDED_CURVE ( )  B_SPLINE_CURVE ( 3, ( #1166, #3234, #1184, #1136 ),
 .UNSPECIFIED., .F., .T. ) 
 B_SPLINE_CURVE_WITH_KNOTS ( ( 4, 4 ),
 ( 4.712388980384657700, 5.497787143782087327 ),
 .UNSPECIFIED. ) 
 CURVE ( )  GEOMETRIC_REPRESENTATION_ITEM ( )  RATIONAL_B_SPLINE_CURVE ( ( 1.000000000000000000, 0.9492530216741934534, 0.9492530216741934534, 1.000000000000000000 ) ) 
 REPRESENTATION_ITEM ( '' )  );
#2592 = CARTESIAN_POINT ( 'NONE',  ( 2.183729214602461610, -13.51916666666666522, -2.384525887074397055 ) ) ;
#2593 = ORIENTED_EDGE ( 'NONE', *, *, #2578, .F. ) ;
#2594 = CARTESIAN_POINT ( 'NONE',  ( 2.106910873782861238, -13.03747249284250564, -2.856694173824158689 ) ) ;
#2595 = CARTESIAN_POINT ( 'NONE',  ( 1.021910873782860829, -11.66666666666666607, -3.624999999999999556 ) ) ;
#2596 = LINE ( 'NONE', #233, #2903 ) ;
#2597 = ORIENTED_EDGE ( 'NONE', *, *, #1393, .F. ) ;
#2598 = EDGE_CURVE ( 'NONE', #3054, #1058, #3006, .T. ) ;
#2599 = ORIENTED_EDGE ( 'NONE', *, *, #450, .T. ) ;
#2600 = ADVANCED_FACE ( 'NONE', ( #1458 ), #866, .T. ) ;
#2601 = EDGE_LOOP ( 'NONE', ( #1764, #1102, #758, #186 ) ) ;
#2602 = PLANE ( 'NONE',  #1155 ) ;
#2603 = ORIENTED_EDGE ( 'NONE', *, *, #1567, .T. ) ;
#2604 = VECTOR ( 'NONE', #2098, 100.0000000000000000 ) ;
#2605 = FACE_OUTER_BOUND ( 'NONE', #1870, .T. ) ;
#2606 = DIRECTION ( 'NONE',  ( -0.000000000000000000, -1.000000000000000000, 0.000000000000000000 ) ) ;
#2607 = AXIS2_PLACEMENT_3D ( 'NONE', #280, #1359, #3372 ) ;
#2608 = DIRECTION ( 'NONE',  ( 0.000000000000000000, 0.000000000000000000, -1.000000000000000000 ) ) ;
#2609 = CIRCLE ( 'NONE', #2447, 0.06249999999999953509 ) ;
#2610 = ORIENTED_EDGE ( 'NONE', *, *, #2391, .T. ) ;
#2611 = DIRECTION ( 'NONE',  ( -1.000000000000000000, -0.000000000000000000, -0.000000000000000000 ) ) ;
#2612 = DIRECTION ( 'NONE',  ( 0.000000000000000000, -0.7071067811865475727, -0.7071067811865475727 ) ) ;
#2613 = ORIENTED_EDGE ( 'NONE', *, *, #1741, .F. ) ;
#2614 = DIRECTION ( 'NONE',  ( 1.000000000000000000, -0.000000000000000000, -0.000000000000000000 ) ) ;
#2615 = CARTESIAN_POINT ( 'NONE',  ( 2.106910873782861238, -11.66666666666666607, 0.8125000000000000000 ) ) ;
#2616 = ORIENTED_EDGE ( 'NONE', *, *, #2779, .F. ) ;
#2617 = ORIENTED_EDGE ( 'NONE', *, *, #328, .F. ) ;
#2618 = EDGE_CURVE ( 'NONE', #561, #969, #2233, .T. ) ;
#2619 = PLANE ( 'NONE',  #2255 ) ;
#2620 = DIRECTION ( 'NONE',  ( -1.224646799147353207E-16, 1.000000000000000000, 0.000000000000000000 ) ) ;
#2621 = EDGE_CURVE ( 'NONE', #753, #845, #1410, .T. ) ;
#2622 = CARTESIAN_POINT ( 'NONE',  ( 4.638392816962751297, -9.821285196333107592, 1.875000000000002442 ) ) ;
#2623 = CARTESIAN_POINT ( 'NONE',  ( 2.228657458006042980, -13.51916666666666522, -2.479617420420091367 ) ) ;
#2624 = ORIENTED_EDGE ( 'NONE', *, *, #67, .T. ) ;
#2625 = DIRECTION ( 'NONE',  ( 0.000000000000000000, 0.000000000000000000, -1.000000000000000000 ) ) ;
#2626 = DIRECTION ( 'NONE',  ( 0.000000000000000000, -0.7071067811865475727, -0.7071067811865475727 ) ) ;
#2627 = FACE_OUTER_BOUND ( 'NONE', #3354, .T. ) ;
#2628 = VERTEX_POINT ( 'NONE', #1708 ) ;
#2629 = DIRECTION ( 'NONE',  ( 0.000000000000000000, 0.000000000000000000, 1.000000000000000000 ) ) ;
#2630 = ORIENTED_EDGE ( 'NONE', *, *, #3088, .T. ) ;
#2631 = ORIENTED_EDGE ( 'NONE', *, *, #1794, .F. ) ;
#2632 = CARTESIAN_POINT ( 'NONE',  ( 5.285892816962751262, -9.821285196333107592, 1.000000000000002220 ) ) ;
#2633 = EDGE_CURVE ( 'NONE', #2019, #396, #2262, .T. ) ;
#2634 = CARTESIAN_POINT ( 'NONE',  ( 3.490892816962751333, -9.821285196333107592, 1.875000000000002442 ) ) ;
#2635 = DIRECTION ( 'NONE',  ( -1.000000000000000000, 0.000000000000000000, 0.000000000000000000 ) ) ;
#2636 = VECTOR ( 'NONE', #1214, 100.0000000000000000 ) ;
#2637 = EDGE_CURVE ( 'NONE', #27, #943, #771, .T. ) ;
#2638 = DIRECTION ( 'NONE',  ( -0.000000000000000000, 1.000000000000000000, 0.000000000000000000 ) ) ;
#2639 = EDGE_CURVE ( 'NONE', #1328, #1498, #2907, .T. ) ;
#2640 = VERTEX_POINT ( 'NONE', #479 ) ;
#2641 = VECTOR ( 'NONE', #172, 100.0000000000000000 ) ;
#2642 = CARTESIAN_POINT ( 'NONE',  ( 8.169410873782860349, -14.01916666666666522, -3.562499999999999556 ) ) ;
#2643 = EDGE_LOOP ( 'NONE', ( #169, #2921, #2341 ) ) ;
#2644 = CARTESIAN_POINT ( 'NONE',  ( 5.848392816962749485, -14.01916666666666700, 1.875000000000002220 ) ) ;
#2645 = ORIENTED_EDGE ( 'NONE', *, *, #2411, .F. ) ;
#2646 = CIRCLE ( 'NONE', #3026, 0.06249999999999997224 ) ;
#2647 = VERTEX_POINT ( 'NONE', #498 ) ;
#2648 = DIRECTION ( 'NONE',  ( 1.257674520083186869E-16, -1.000000000000000000, 0.000000000000000000 ) ) ;
#2649 = CARTESIAN_POINT ( 'NONE',  ( 3.428392816962751333, -13.58166666666666345, 1.349111652351680624 ) ) ;
#2650 = CARTESIAN_POINT ( 'NONE',  ( 2.231910873782861238, -13.51916666666666522, -3.099111652351680402 ) ) ;
#2651 = CIRCLE ( 'NONE', #1180, 0.06249999999999866773 ) ;
#2652 = DIRECTION ( 'NONE',  ( 1.000000000000000000, 0.000000000000000000, 0.000000000000000000 ) ) ;
#2653 = CARTESIAN_POINT ( 'NONE',  ( 2.168958502642984953, -14.02274338997069059, -3.625000000000000444 ) ) ;
#2654 = ORIENTED_EDGE ( 'NONE', *, *, #2880, .F. ) ;
#2655 = EDGE_CURVE ( 'NONE', #1286, #1225, #3342, .T. ) ;
#2656 = ADVANCED_FACE ( 'NONE', ( #3331 ), #1235, .T. ) ;
#2657 = DIRECTION ( 'NONE',  ( -1.000000000000000000, -4.440892098500622375E-14, 0.000000000000000000 ) ) ;
#2658 = CARTESIAN_POINT ( 'NONE',  ( 2.231910873782861238, -13.45666666666666700, -3.099111652351680402 ) ) ;
#2659 = ORIENTED_EDGE ( 'NONE', *, *, #1004, .F. ) ;
#2660 = CIRCLE ( 'NONE', #2060, 0.1250000000000001110 ) ;
#2661 = LINE ( 'NONE', #597, #1230 ) ;
#2662 = FACE_OUTER_BOUND ( 'NONE', #99, .T. ) ;
#2663 = DIRECTION ( 'NONE',  ( 0.000000000000000000, -0.7071067811865331398, 0.7071067811865618946 ) ) ;
#2664 = ORIENTED_EDGE ( 'NONE', *, *, #3363, .F. ) ;
#2665 = EDGE_LOOP ( 'NONE', ( #958, #441, #1314, #1838 ) ) ;
#2666 = FACE_OUTER_BOUND ( 'NONE', #601, .T. ) ;
#2667 = CARTESIAN_POINT ( 'NONE',  ( 5.848392816962751262, -14.04505501431498260, 1.875000000000002442 ) ) ;
#2668 = DIRECTION ( 'NONE',  ( 0.000000000000000000, 0.000000000000000000, -1.000000000000000000 ) ) ;
#2669 = DIRECTION ( 'NONE',  ( 0.000000000000000000, -0.7071067811865476838, -0.7071067811865473507 ) ) ;
#2670 = CARTESIAN_POINT ( 'NONE',  ( 2.231910873782860794, -14.04505501431498971, -3.625000000000000444 ) ) ;
#2671 = CIRCLE ( 'NONE', #849, 0.06250000000000005551 ) ;
#2672 = EDGE_LOOP ( 'NONE', ( #1702, #220, #1890, #686 ) ) ;
#2673 = ADVANCED_FACE ( 'NONE', ( #2034 ), #2804, .T. ) ;
#2674 = CARTESIAN_POINT ( 'NONE',  ( 2.169410873782861238, -13.08166666666666345, -2.900888347648317822 ) ) ;
#2675 = FACE_OUTER_BOUND ( 'NONE', #1623, .T. ) ;
#2676 = LINE ( 'NONE', #1366, #2258 ) ;
#2677 = CARTESIAN_POINT ( 'NONE',  ( 5.723392816962751262, 0.000000000000000000, 1.812500000000002220 ) ) ;
#2678 = VERTEX_POINT ( 'NONE', #2585 ) ;
#2679 = CARTESIAN_POINT ( 'NONE',  ( -0.1255891262171391909, -13.58166666666666345, -2.349111652351681290 ) ) ;
#2680 = CYLINDRICAL_SURFACE ( 'NONE', #351, 0.06250000000000005551 ) ;
#2681 = ADVANCED_FACE ( 'NONE', ( #1023 ), #2550, .T. ) ;
#2682 = EDGE_LOOP ( 'NONE', ( #1506, #1572, #2238, #2481 ) ) ;
#2683 = ORIENTED_EDGE ( 'NONE', *, *, #2534, .F. ) ;
#2684 = EDGE_CURVE ( 'NONE', #1996, #825, #2002, .T. ) ;
#2685 = CARTESIAN_POINT ( 'NONE',  ( 3.537616115867349365, -13.95730641682691520, 1.875000000000002442 ) ) ;
#2686 = CARTESIAN_POINT ( 'NONE',  ( 2.231910873782860794, -14.00086084049082835, -3.606694173824160465 ) ) ;
#2687 = DIRECTION ( 'NONE',  ( 1.000000000000000000, 0.000000000000000000, 0.000000000000000000 ) ) ;
#2688 = CARTESIAN_POINT ( 'NONE',  ( 2.169410873782860794, -13.86827831901835140, -3.562500000000001776 ) ) ;
#2689 = TOROIDAL_SURFACE ( 'NONE', #2198, 0.1250000000000000000, 0.06250000000000000000 ) ;
#2690 = CARTESIAN_POINT ( 'NONE',  ( 2.231910873782861238, -15.33166666666666522, 1.812500000000002220 ) ) ;
#2691 = VECTOR ( 'NONE', #2273, 100.0000000000000142 ) ;
#2692 = DIRECTION ( 'NONE',  ( -1.000000000000000000, 0.000000000000000000, -0.000000000000000000 ) ) ;
#2693 = AXIS2_PLACEMENT_3D ( 'NONE', #1145, #3100, #3348 ) ;
#2694 = LINE ( 'NONE', #1633, #1651 ) ;
#2695 = VERTEX_POINT ( 'NONE', #1283 ) ;
#2696 = CARTESIAN_POINT ( 'NONE',  ( 1.021910873782860829, -11.66666666666666607, -3.624999999999999556 ) ) ;
#2697 = CARTESIAN_POINT ( 'NONE',  ( 2.231910873782861238, -13.58166666666666345, -0.3750000000000002220 ) ) ;
#2698 = CARTESIAN_POINT ( 'NONE',  ( 2.231910873782861238, -15.26916666666666700, 1.812500000000002220 ) ) ;
#2699 = ORIENTED_EDGE ( 'NONE', *, *, #938, .T. ) ;
#2700 = EDGE_CURVE ( 'NONE', #969, #1251, #444, .T. ) ;
#2701 = UNCERTAINTY_MEASURE_WITH_UNIT (LENGTH_MEASURE( 1.000000000000000082E-05 ), #2570, 'distance_accuracy_value', 'NONE');
#2702 = DIRECTION ( 'NONE',  ( 1.000000000000000000, 0.000000000000000000, 0.000000000000000000 ) ) ;
#2703 = EDGE_CURVE ( 'NONE', #703, #1634, #1036, .T. ) ;
#2704 = CARTESIAN_POINT ( 'NONE',  ( 5.285892816962751262, -9.821285196333107592, 1.812500000000002220 ) ) ;
#2705 = DIRECTION ( 'NONE',  ( -1.110223024625155594E-14, -4.930380657631425126E-28, 1.000000000000000000 ) ) ;
#2706 = CARTESIAN_POINT ( 'NONE',  ( 2.143522526134542527, -13.51916666666666522, -0.3750000000000013878 ) ) ;
#2707 = AXIS2_PLACEMENT_3D ( 'NONE', #867, #702, #3297 ) ;
#2708 = AXIS2_PLACEMENT_3D ( 'NONE', #818, #1597, #539 ) ;
#2709 = LINE ( 'NONE', #92, #73 ) ;
#2710 = DIRECTION ( 'NONE',  ( -1.000000000000000000, -1.257674520083186869E-16, 0.000000000000000000 ) ) ;
#2711 = ORIENTED_EDGE ( 'NONE', *, *, #1028, .T. ) ;
#2712 = DIRECTION ( 'NONE',  ( -0.000000000000000000, 0.000000000000000000, 1.000000000000000000 ) ) ;
#2713 = DIRECTION ( 'NONE',  ( 1.000000000000000000, 0.000000000000000000, 0.000000000000000000 ) ) ;
#2714 = DIRECTION ( 'NONE',  ( 1.000000000000000000, 0.000000000000000000, 0.000000000000000000 ) ) ;
#2715 = ORIENTED_EDGE ( 'NONE', *, *, #4, .T. ) ;
#2716 = CARTESIAN_POINT ( 'NONE',  ( 3.436575522356983381, -14.00086084048952095, 1.856694173822855065 ) ) ;
#2717 = ORIENTED_EDGE ( 'NONE', *, *, #2014, .T. ) ;
#2718 = DIRECTION ( 'NONE',  ( 0.000000000000000000, 0.000000000000000000, -1.000000000000000000 ) ) ;
#2719 = ADVANCED_FACE ( 'NONE', ( #1756 ), #3301, .F. ) ;
#2720 = ORIENTED_EDGE ( 'NONE', *, *, #324, .F. ) ;
#2721 = AXIS2_PLACEMENT_3D ( 'NONE', #1008, #3087, #1559 ) ;
#2722 = FACE_OUTER_BOUND ( 'NONE', #1524, .T. ) ;
#2723 = EDGE_CURVE ( 'NONE', #1439, #3295, #3041, .T. ) ;
#2724 = CIRCLE ( 'NONE', #1897, 0.06249999999999936162 ) ;
#2725 = DIRECTION ( 'NONE',  ( 1.000000000000000000, 0.000000000000000000, 0.000000000000000000 ) ) ;
#2726 = CARTESIAN_POINT ( 'NONE',  ( -0.06308912621713926028, -12.99327831901834784, -2.812499999999999556 ) ) ;
#2727 = ORIENTED_EDGE ( 'NONE', *, *, #2014, .F. ) ;
#2728 = DIRECTION ( 'NONE',  ( 1.000000000000000000, 0.000000000000000000, 0.000000000000000000 ) ) ;
#2729 = LINE ( 'NONE', #2168, #3040 ) ;
#2730 = ORIENTED_EDGE ( 'NONE', *, *, #2514, .T. ) ;
#2731 = ORIENTED_EDGE ( 'NONE', *, *, #2407, .T. ) ;
#2732 = DIRECTION ( 'NONE',  ( 0.000000000000000000, -0.7071067811865475727, -0.7071067811865475727 ) ) ;
#2733 = ORIENTED_EDGE ( 'NONE', *, *, #2283, .T. ) ;
#2734 = CARTESIAN_POINT ( 'NONE',  ( -0.06308912621713881619, -16.60416666666667140, -3.624999999999999556 ) ) ;
#2735 = LINE ( 'NONE', #143, #1441 ) ;
#2736 = ORIENTED_EDGE ( 'NONE', *, *, #2471, .F. ) ;
#2737 = DIRECTION ( 'NONE',  ( 0.000000000000000000, 0.000000000000000000, 1.000000000000000000 ) ) ;
#2738 = ADVANCED_FACE ( 'NONE', ( #3055 ), #1488, .T. ) ;
#2739 = AXIS2_PLACEMENT_3D ( 'NONE', #2119, #2052, #1042 ) ;
#2740 = DIRECTION ( 'NONE',  ( -0.000000000000000000, 1.000000000000000000, 0.000000000000000000 ) ) ;
#2741 = EDGE_CURVE ( 'NONE', #2834, #2231, #2423, .T. ) ;
#2742 = LINE ( 'NONE', #1560, #1147 ) ;
#2743 = ORIENTED_EDGE ( 'NONE', *, *, #2030, .F. ) ;
#2744 = CARTESIAN_POINT ( 'NONE',  ( 8.106910873782860349, -16.60416666666667140, -3.624999999999999556 ) ) ;
#2745 = VECTOR ( 'NONE', #16, 100.0000000000000000 ) ;
#2746 = EDGE_LOOP ( 'NONE', ( #1280, #2749, #2819, #3318 ) ) ;
#2747 = ORIENTED_EDGE ( 'NONE', *, *, #3281, .T. ) ;
#2748 = FACE_OUTER_BOUND ( 'NONE', #984, .T. ) ;
#2749 = ORIENTED_EDGE ( 'NONE', *, *, #93, .F. ) ;
#2750 = CYLINDRICAL_SURFACE ( 'NONE', #948, 0.06250000000000000000 ) ;
#2751 = VERTEX_POINT ( 'NONE', #462 ) ;
#2752 = CARTESIAN_POINT ( 'NONE',  ( 1.021910873782860829, -11.66666666666666607, -3.562499999999999556 ) ) ;
#2753 = ORIENTED_EDGE ( 'NONE', *, *, #697, .T. ) ;
#2754 = DIRECTION ( 'NONE',  ( 9.592940880977734594E-16, -1.000000000000000000, -1.199117610122216824E-16 ) ) ;
#2755 = AXIS2_PLACEMENT_3D ( 'NONE', #3204, #860, #1906 ) ;
#2756 = DIRECTION ( 'NONE',  ( -1.000000000000000000, 0.000000000000000000, -0.000000000000000000 ) ) ;
#2757 = ADVANCED_FACE ( 'NONE', ( #1522 ), #2311, .T. ) ;
#2758 = ORIENTED_EDGE ( 'NONE', *, *, #1959, .T. ) ;
#2759 = AXIS2_PLACEMENT_3D ( 'NONE', #1515, #803, #197 ) ;
#2760 = CARTESIAN_POINT ( 'NONE',  ( 2.106910873782861238, -13.56336084049082302, -2.419194173824159577 ) ) ;
#2761 = EDGE_CURVE ( 'NONE', #2355, #2499, #204, .T. ) ;
#2762 = CARTESIAN_POINT ( 'NONE',  ( 2.195299221431178616, -14.00086084049083190, -3.606694173824159133 ) ) ;
#2763 = AXIS2_PLACEMENT_3D ( 'NONE', #2351, #2692, #2490 ) ;
#2764 = ORIENTED_EDGE ( 'NONE', *, *, #1576, .F. ) ;
#2765 = EDGE_CURVE ( 'NONE', #2296, #613, #2522, .T. ) ;
#2766 = CIRCLE ( 'NONE', #1294, 0.6475000000000008527 ) ;
#2767 = ORIENTED_EDGE ( 'NONE', *, *, #2407, .F. ) ;
#2768 = PLANE ( 'NONE',  #2308 ) ;
#2769 = EDGE_LOOP ( 'NONE', ( #2322, #1156, #2337, #2546 ) ) ;
#2770 = CARTESIAN_POINT ( 'NONE',  ( -0.1255891262171409117, -1.579502440428094656E-17, 0.8125000000000000000 ) ) ;
#2771 = DIRECTION ( 'NONE',  ( 0.000000000000000000, 0.000000000000000000, -1.000000000000000000 ) ) ;
#2772 = ORIENTED_EDGE ( 'NONE', *, *, #2206, .F. ) ;
#2773 = CARTESIAN_POINT ( 'NONE',  ( 8.169410873782860349, -13.58166666666666345, 1.000000000000000000 ) ) ;
#2774 = DIRECTION ( 'NONE',  ( -1.000000000000000000, 0.000000000000000000, 0.000000000000000000 ) ) ;
#2775 = CARTESIAN_POINT ( 'NONE',  ( 2.106910873782861238, -12.99327831901834784, 0.06249999999999984041 ) ) ;
#2776 = ORIENTED_EDGE ( 'NONE', *, *, #198, .T. ) ;
#2777 = CIRCLE ( 'NONE', #1965, 0.06250000000000005551 ) ;
#2778 = CARTESIAN_POINT ( 'NONE',  ( -0.1255891262171388023, -16.64077831901835225, 0.8491116523516816228 ) ) ;
#2779 = EDGE_CURVE ( 'NONE', #971, #1267, #1601, .T. ) ;
#2780 = CARTESIAN_POINT ( 'NONE',  ( 2.106910873782861238, -12.99327831901834784, -2.875000000000000000 ) ) ;
#2781 = LINE ( 'NONE', #168, #2691 ) ;
#2782 = ORIENTED_EDGE ( 'NONE', *, *, #832, .T. ) ;
#2783 = LINE ( 'NONE', #2257, #2137 ) ;
#2784 = EDGE_CURVE ( 'NONE', #1461, #2840, #987, .T. ) ;
#2785 = ORIENTED_EDGE ( 'NONE', *, *, #1264, .T. ) ;
#2786 = CARTESIAN_POINT ( 'NONE',  ( -0.06308912621714089786, -7.934558653761028625E-18, 0.8125000000000000000 ) ) ;
#2787 = EDGE_CURVE ( 'NONE', #905, #3002, #674, .T. ) ;
#2788 = CARTESIAN_POINT ( 'NONE',  ( 2.169410873782861238, -16.66666666666666785, 0.000000000000000000 ) ) ;
#2789 = CARTESIAN_POINT ( 'NONE',  ( 1.021910873782860829, -11.66666666666666607, -3.624999999999999556 ) ) ;
#2790 = LINE ( 'NONE', #432, #17 ) ;
#2791 = VERTEX_POINT ( 'NONE', #1727 ) ;
#2792 = DIRECTION ( 'NONE',  ( 0.000000000000000000, 0.000000000000000000, -1.000000000000000000 ) ) ;
#2793 = DIRECTION ( 'NONE',  ( -1.000000000000000000, -1.257674520083186869E-16, 0.000000000000000000 ) ) ;
#2794 = CARTESIAN_POINT ( 'NONE',  ( -0.1255891262171391909, -13.58166666666666345, -0.3491116523516780701 ) ) ;
#2795 = CIRCLE ( 'NONE', #544, 0.06250000000000005551 ) ;
#2796 = AXIS2_PLACEMENT_3D ( 'NONE', #378, #1210, #1721 ) ;
#2797 = ORIENTED_EDGE ( 'NONE', *, *, #261, .T. ) ;
#2798 = AXIS2_PLACEMENT_3D ( 'NONE', #659, #1510, #1219 ) ;
#2799 = PRODUCT_DEFINITION_FORMATION_WITH_SPECIFIED_SOURCE ( 'ANY', '', #3210, .NOT_KNOWN. ) ;
#2800 = ORIENTED_EDGE ( 'NONE', *, *, #745, .F. ) ;
#2801 = VERTEX_POINT ( 'NONE', #3271 ) ;
#2802 = AXIS2_PLACEMENT_3D ( 'NONE', #1593, #2668, #1340 ) ;
#2803 = EDGE_CURVE ( 'NONE', #1084, #2049, #3070, .T. ) ;
#2804 = CYLINDRICAL_SURFACE ( 'NONE', #1496, 0.06250000000000026368 ) ;
#2805 = ORIENTED_EDGE ( 'NONE', *, *, #1778, .F. ) ;
#2806 = EDGE_CURVE ( 'NONE', #3260, #443, #1217, .T. ) ;
#2807 = CARTESIAN_POINT ( 'NONE',  ( 2.118483791820909623, -13.51916666666666700, -2.375000000003264056 ) ) ;
#2808 = CARTESIAN_POINT ( 'NONE',  ( 3.928392816962750889, -9.821285196333107592, 1.875000000000002442 ) ) ;
#2809 = ORIENTED_EDGE ( 'NONE', *, *, #3033, .F. ) ;
#2810 = CARTESIAN_POINT ( 'NONE',  ( 3.553392816962751333, -13.97183170961162268, 1.875000000000002442 ) ) ;
#2811 = DIRECTION ( 'NONE',  ( -1.257674520083186869E-16, 1.000000000000000000, -0.000000000000000000 ) ) ;
#2812 = DIRECTION ( 'NONE',  ( 0.000000000000000000, 0.000000000000000000, 1.000000000000000000 ) ) ;
#2813 = ORIENTED_EDGE ( 'NONE', *, *, #2684, .T. ) ;
#2814 = VERTEX_POINT ( 'NONE', #2632 ) ;
#2815 = ORIENTED_EDGE ( 'NONE', *, *, #2520, .T. ) ;
#2816 = DIRECTION ( 'NONE',  ( 0.000000000000000000, 0.000000000000000000, -1.000000000000000000 ) ) ;
#2817 = CIRCLE ( 'NONE', #2279, 0.06250000000000000000 ) ;
#2818 = LINE ( 'NONE', #1846, #2529 ) ;
#2819 = ORIENTED_EDGE ( 'NONE', *, *, #534, .F. ) ;
#2820 = DIRECTION ( 'NONE',  ( 0.000000000000000000, -1.127570259384925597E-16, 1.000000000000000000 ) ) ;
#2821 = CARTESIAN_POINT ( 'NONE',  ( -0.06308912621713926028, -12.99327831901834784, -2.875000000000000000 ) ) ;
#2822 = AXIS2_PLACEMENT_3D ( 'NONE', #1402, #2444, #81 ) ;
#2823 = EDGE_CURVE ( 'NONE', #425, #3019, #2482, .T. ) ;
#2824 = DIRECTION ( 'NONE',  ( -1.000000000000000000, 0.000000000000000000, 0.000000000000000000 ) ) ;
#2825 = AXIS2_PLACEMENT_3D ( 'NONE', #2956, #1672, #927 ) ;
#2826 = VECTOR ( 'NONE', #3057, 100.0000000000000000 ) ;
#2827 = ORIENTED_EDGE ( 'NONE', *, *, #213, .F. ) ;
#2828 = LINE ( 'NONE', #2109, #179 ) ;
#2829 = LINE ( 'NONE', #474, #1568 ) ;
#2830 = CARTESIAN_POINT ( 'NONE',  ( 5.848392816962751262, -14.00086084049082480, 1.856694173824160909 ) ) ;
#2831 = ORIENTED_EDGE ( 'NONE', *, *, #349, .F. ) ;
#2832 = AXIS2_PLACEMENT_3D ( 'NONE', #3159, #1094, #3191 ) ;
#2833 = ORIENTED_EDGE ( 'NONE', *, *, #3050, .F. ) ;
#2834 = VERTEX_POINT ( 'NONE', #205 ) ;
#2835 = DIRECTION ( 'NONE',  ( 0.000000000000000000, 0.000000000000000000, -1.000000000000000000 ) ) ;
#2836 = CARTESIAN_POINT ( 'NONE',  ( -0.1255891262171394129, -13.58166666666666345, 1.349111652351680624 ) ) ;
#2837 = VERTEX_POINT ( 'NONE', #2588 ) ;
#2838 = CARTESIAN_POINT ( 'NONE',  ( 1.731910873782861016, -11.66666666666666607, -3.562499999999999556 ) ) ;
#2839 = CARTESIAN_POINT ( 'NONE',  ( 2.169410873782861238, -13.46245271328150928, -2.508530207802750933 ) ) ;
#2840 = VERTEX_POINT ( 'NONE', #222 ) ;
#2841 = EDGE_CURVE ( 'NONE', #507, #2834, #486, .T. ) ;
#2842 = LINE ( 'NONE', #3374, #1289 ) ;
#2843 = ADVANCED_FACE ( 'NONE', ( #2357 ), #2619, .T. ) ;
#2844 = FACE_OUTER_BOUND ( 'NONE', #3116, .T. ) ;
#2845 = FACE_OUTER_BOUND ( 'NONE', #3, .T. ) ;
#2846 = ORIENTED_EDGE ( 'NONE', *, *, #514, .T. ) ;
#2847 = ORIENTED_EDGE ( 'NONE', *, *, #2787, .F. ) ;
#2848 = ORIENTED_EDGE ( 'NONE', *, *, #448, .T. ) ;
#2849 = CARTESIAN_POINT ( 'NONE',  ( -0.1255891262171394129, -13.51916666666666522, 0.9374999999999997780 ) ) ;
#2850 = VECTOR ( 'NONE', #2236, 100.0000000000000000 ) ;
#2851 = CIRCLE ( 'NONE', #490, 0.7100000000000001865 ) ;
#2852 = CIRCLE ( 'NONE', #2856, 0.06250000000000005551 ) ;
#2853 = CARTESIAN_POINT ( 'NONE',  ( 8.169410873782860349, 0.000000000000000000, 0.000000000000000000 ) ) ;
#2854 = FACE_OUTER_BOUND ( 'NONE', #897, .T. ) ;
#2855 = AXIS2_PLACEMENT_3D ( 'NONE', #2536, #706, #2295 ) ;
#2856 = AXIS2_PLACEMENT_3D ( 'NONE', #2905, #2104, #293 ) ;
#2857 =( NAMED_UNIT ( * ) PLANE_ANGLE_UNIT ( ) SI_UNIT ( $, .RADIAN. ) );
#2858 = DIRECTION ( 'NONE',  ( 1.224646799147353207E-16, 1.000000000000000000, 0.000000000000000000 ) ) ;
#2859 = VERTEX_POINT ( 'NONE', #795 ) ;
#2860 = DIRECTION ( 'NONE',  ( 0.000000000000000000, 0.000000000000000000, -1.000000000000000000 ) ) ;
#2861 = DIRECTION ( 'NONE',  ( -8.893101816763584792E-17, 0.7071067811865477948, 0.7071067811865473507 ) ) ;
#2862 = ADVANCED_FACE ( 'NONE', ( #1558 ), #775, .F. ) ;
#2863 = ORIENTED_EDGE ( 'NONE', *, *, #2571, .F. ) ;
#2864 = CYLINDRICAL_SURFACE ( 'NONE', #235, 1.147500000000000187 ) ;
#2865 = LINE ( 'NONE', #2079, #2926 ) ;
#2866 = EDGE_CURVE ( 'NONE', #1679, #3397, #585, .T. ) ;
#2867 = ORIENTED_EDGE ( 'NONE', *, *, #3125, .F. ) ;
#2868 = ORIENTED_EDGE ( 'NONE', *, *, #3050, .T. ) ;
#2869 = FACE_OUTER_BOUND ( 'NONE', #236, .T. ) ;
#2870 = DIRECTION ( 'NONE',  ( 0.000000000000000000, -0.7071067811865475727, 0.7071067811865475727 ) ) ;
#2871 = LINE ( 'NONE', #1062, #1813 ) ;
#2872 = TOROIDAL_SURFACE ( 'NONE', #1780, 0.1250000000000000000, 0.06250000000000000000 ) ;
#2873 = AXIS2_PLACEMENT_3D ( 'NONE', #1995, #713, #3034 ) ;
#2874 = ORIENTED_EDGE ( 'NONE', *, *, #1243, .F. ) ;
#2875 = DIRECTION ( 'NONE',  ( 0.000000000000000000, -1.000000000000000000, -1.127570259384925597E-16 ) ) ;
#2876 = AXIS2_PLACEMENT_3D ( 'NONE', #1944, #1420, #2427 ) ;
#2877 = FACE_OUTER_BOUND ( 'NONE', #2442, .T. ) ;
#2878 = DIRECTION ( 'NONE',  ( -0.000000000000000000, 1.000000000000000000, -0.000000000000000000 ) ) ;
#2879 = ORIENTED_EDGE ( 'NONE', *, *, #737, .F. ) ;
#2880 = EDGE_CURVE ( 'NONE', #1921, #1342, #2818, .T. ) ;
#2881 = VECTOR ( 'NONE', #2889, 100.0000000000000000 ) ;
#2882 = CARTESIAN_POINT ( 'NONE',  ( 5.785892816962751262, -13.49327831901834784, 1.437499999999997558 ) ) ;
#2883 = CYLINDRICAL_SURFACE ( 'NONE', #3081, 0.06250000000000005551 ) ;
#2884 = EDGE_LOOP ( 'NONE', ( #2892, #2374 ) ) ;
#2885 = ORIENTED_EDGE ( 'NONE', *, *, #3218, .T. ) ;
#2886 = EDGE_CURVE ( 'NONE', #673, #1142, #989, .T. ) ;
#2887 = CARTESIAN_POINT ( 'NONE',  ( 1.021910873782860829, -11.66666666666666607, 0.1875000000000001665 ) ) ;
#2888 = EDGE_CURVE ( 'NONE', #2058, #2405, #275, .T. ) ;
#2889 = DIRECTION ( 'NONE',  ( 1.257674520083186869E-16, -1.000000000000000000, -1.127570259384925597E-16 ) ) ;
#2890 = DIRECTION ( 'NONE',  ( 0.000000000000000000, 0.000000000000000000, 1.000000000000000000 ) ) ;
#2891 = CARTESIAN_POINT ( 'NONE',  ( 2.150625514147649575, -13.51916666666666700, -2.395396855864649677 ) ) ;
#2892 = ORIENTED_EDGE ( 'NONE', *, *, #899, .T. ) ;
#2893 = DIRECTION ( 'NONE',  ( 1.000000000000000000, 0.000000000000000000, 0.000000000000000000 ) ) ;
#2894 = DIRECTION ( 'NONE',  ( -0.000000000000000000, 0.000000000000000000, 1.000000000000000000 ) ) ;
#2895 = CARTESIAN_POINT ( 'NONE',  ( 2.169410873782861238, 0.000000000000000000, -3.624999999999999556 ) ) ;
#2896 = EDGE_LOOP ( 'NONE', ( #2046, #322, #1692, #286 ) ) ;
#2897 = CARTESIAN_POINT ( 'NONE',  ( 5.726646232739531328, -13.91454924624634693, 1.875000000000002442 ) ) ;
#2898 = ORIENTED_EDGE ( 'NONE', *, *, #2803, .T. ) ;
#2899 = ORIENTED_EDGE ( 'NONE', *, *, #2823, .T. ) ;
#2900 = CARTESIAN_POINT ( 'NONE',  ( 2.106910873782861238, -10.51916666666666700, 0.1875000000000001110 ) ) ;
#2901 = DIRECTION ( 'NONE',  ( -0.000000000000000000, -0.000000000000000000, -1.000000000000000000 ) ) ;
#2902 = ADVANCED_FACE ( 'NONE', ( #2377 ), #2602, .T. ) ;
#2903 = VECTOR ( 'NONE', #964, 100.0000000000000142 ) ;
#2904 = AXIS2_PLACEMENT_3D ( 'NONE', #1729, #2196, #677 ) ;
#2905 = CARTESIAN_POINT ( 'NONE',  ( 2.231910873782860794, -14.04505501431498615, -3.562500000000000888 ) ) ;
#2906 = ADVANCED_FACE ( 'NONE', ( #532 ), #1268, .T. ) ;
#2907 = CIRCLE ( 'NONE', #2967, 0.06250000000000005551 ) ;
#2908 = CYLINDRICAL_SURFACE ( 'NONE', #185, 0.06250000000000005551 ) ;
#2909 = CARTESIAN_POINT ( 'NONE',  ( 2.162586007324214687, -13.94009706590214037, -3.625000000000000444 ) ) ;
#2910 = EDGE_LOOP ( 'NONE', ( #515, #762, #2767, #3335 ) ) ;
#2911 = AXIS2_PLACEMENT_3D ( 'NONE', #1477, #3043, #1491 ) ;
#2912 = CARTESIAN_POINT ( 'NONE',  ( 8.106910873782860349, -14.04505501431498260, 1.812500000000002220 ) ) ;
#2913 = DIRECTION ( 'NONE',  ( 1.000000000000000000, 0.000000000000000000, 0.000000000000000000 ) ) ;
#2914 = CARTESIAN_POINT ( 'NONE',  ( 2.169410873782861238, -13.03747249284250564, 0.1066941738241588833 ) ) ;
#2915 = ORIENTED_EDGE ( 'NONE', *, *, #2116, .F. ) ;
#2916 = CIRCLE ( 'NONE', #2978, 0.06250000000000005551 ) ;
#2917 = DIRECTION ( 'NONE',  ( 0.000000000000000000, 0.000000000000000000, -1.000000000000000000 ) ) ;
#2918 = LINE ( 'NONE', #1569, #506 ) ;
#2919 = DIRECTION ( 'NONE',  ( -1.000000000000000000, 0.000000000000000000, 0.000000000000000000 ) ) ;
#2920 = VERTEX_POINT ( 'NONE', #3382 ) ;
#2921 = ORIENTED_EDGE ( 'NONE', *, *, #1927, .T. ) ;
#2922 = CARTESIAN_POINT ( 'NONE',  ( 3.499197403886874280, -13.90392006678298564, 1.875000000000002220 ) ) ;
#2923 = CARTESIAN_POINT ( 'NONE',  ( 2.169410873782861238, -11.66666666666666607, 0.1875000000000001665 ) ) ;
#2924 = DIRECTION ( 'NONE',  ( 0.000000000000000000, 1.000000000000000000, 0.000000000000000000 ) ) ;
#2925 = CIRCLE ( 'NONE', #1455, 0.06250000000000005551 ) ;
#2926 = VECTOR ( 'NONE', #1824, 100.0000000000000000 ) ;
#2927 = EDGE_CURVE ( 'NONE', #695, #1466, #3101, .T. ) ;
#2928 = AXIS2_PLACEMENT_3D ( 'NONE', #1068, #3163, #2612 ) ;
#2929 = CARTESIAN_POINT ( 'NONE',  ( -0.06308912621714089786, -7.934558653761030166E-18, -3.562499999999999556 ) ) ;
#2930 = CARTESIAN_POINT ( 'NONE',  ( 2.215545462994466419, -14.04505501431226300, -3.625000000000000444 ) ) ;
#2931 = VERTEX_POINT ( 'NONE', #2313 ) ;
#2932 = ADVANCED_FACE ( 'NONE', ( #2869 ), #2083, .F. ) ;
#2933 = DIRECTION ( 'NONE',  ( -0.000000000000000000, 1.000000000000000000, -0.000000000000000000 ) ) ;
#2934 = EDGE_CURVE ( 'NONE', #502, #310, #1827, .T. ) ;
#2935 = FACE_OUTER_BOUND ( 'NONE', #1804, .T. ) ;
#2936 =( BOUNDED_SURFACE ( )  B_SPLINE_SURFACE ( 3, 2, ( 
 ( #295, #3091, #1595 ),
 ( #1046, #1579, #2839 ),
 ( #2623, #484, #262 ),
 ( #2364, #799, #1 ),
 ( #2071, #761, #1063 ),
 ( #2592, #227, #1290 ),
 ( #1849, #2891, #18 ),
 ( #2332, #1031, #3106 ),
 ( #2316, #2807, #1810 ),
 ( #3058, #468, #974 ) ),
 .UNSPECIFIED., .F., .F., .T. ) 
 B_SPLINE_SURFACE_WITH_KNOTS ( ( 4, 2, 2, 2, 4 ),
 ( 3, 3 ),
 ( 4.712388980384689674, 5.105088062083414258, 5.497787143782137953, 5.890486225480861648, 6.283185307179586232 ),
 ( 0.000000000000000000, 1.000000000000000000 ),
 .UNSPECIFIED. ) 
 GEOMETRIC_REPRESENTATION_ITEM ( )  RATIONAL_B_SPLINE_SURFACE ( (
 ( 1.000000000000000000, 0.7071067811865475727, 1.000000000000000000),
 ( 1.000000000000000000, 0.7398497518600712919, 1.000000000000000000),
 ( 1.000000000000000000, 0.7702345542993077609, 1.000000000000000000),
 ( 1.000000000000000000, 0.8238783965753133653, 1.000000000000000000),
 ( 1.000000000000000000, 0.8471316609662397079, 1.000000000000000000),
 ( 1.000000000000000000, 0.8849191466026323782, 1.000000000000000000),
 ( 1.000000000000000000, 0.8994581715382247156, 1.000000000000000000),
 ( 1.000000000000000000, 0.9189375403122943542, 1.000000000000000000),
 ( 1.000000000000000000, 0.9238886111311032101, 1.000000000000000000),
 ( 1.000000000000000000, 0.9238795325112837409, 1.000000000000000000) ) ) 
 REPRESENTATION_ITEM ( '' )  SURFACE ( )  );
#2937 = CARTESIAN_POINT ( 'NONE',  ( -0.1255891262171394129, -12.99327831901834784, -2.812499999999999556 ) ) ;
#2938 = CARTESIAN_POINT ( 'NONE',  ( 5.723392816962751262, -13.86827831901835140, 1.875000000000002442 ) ) ;
#2939 = ORIENTED_EDGE ( 'NONE', *, *, #1492, .T. ) ;
#2940 = AXIS2_PLACEMENT_3D ( 'NONE', #1609, #1832, #2107 ) ;
#2941 = ORIENTED_EDGE ( 'NONE', *, *, #2723, .T. ) ;
#2942 = AXIS2_PLACEMENT_3D ( 'NONE', #2055, #2820, #3121 ) ;
#2943 = CARTESIAN_POINT ( 'NONE',  ( 3.528351171439751077, -13.97691585844446927, 1.875000000000002442 ) ) ;
#2944 = AXIS2_PLACEMENT_3D ( 'NONE', #2173, #48, #606 ) ;
#2945 = CARTESIAN_POINT ( 'NONE',  ( 2.143522526134542527, -13.50086084049082835, -2.393305826175838646 ) ) ;
#2946 = CARTESIAN_POINT ( 'NONE',  ( 0.000000000000000000, -16.66666666666666785, -3.624999999999999556 ) ) ;
#2947 = CARTESIAN_POINT ( 'NONE',  ( 2.177299224330533356, -13.93504939237461571, -3.584757024452146279 ) ) ;
#2948 = CARTESIAN_POINT ( 'NONE',  ( -0.06308912621713880231, -16.66666666666666785, -3.624999999999999556 ) ) ;
#2949 = DIRECTION ( 'NONE',  ( 1.000000000000000000, 0.000000000000000000, 0.000000000000000000 ) ) ;
#2950 = DIRECTION ( 'NONE',  ( 1.000000000000000000, 0.000000000000000000, 0.000000000000000000 ) ) ;
#2951 = ADVANCED_FACE ( 'NONE', ( #3158 ), #3349, .T. ) ;
#2952 = CARTESIAN_POINT ( 'NONE',  ( -0.1255891262171392464, -12.99327831901834784, 0.06249999999999984041 ) ) ;
#2953 = ORIENTED_EDGE ( 'NONE', *, *, #645, .F. ) ;
#2954 = CARTESIAN_POINT ( 'NONE',  ( 5.723392816962751262, -9.821285196333107592, 1.812500000000002220 ) ) ;
#2955 = ADVANCED_FACE ( 'NONE', ( #1024 ), #1165, .T. ) ;
#2956 = CARTESIAN_POINT ( 'NONE',  ( 2.356910873782861682, -15.20666666666666345, 1.812500000000002220 ) ) ;
#2957 = ORIENTED_EDGE ( 'NONE', *, *, #423, .T. ) ;
#2958 = ORIENTED_EDGE ( 'NONE', *, *, #130, .T. ) ;
#2959 = DIRECTION ( 'NONE',  ( 0.000000000000000000, 0.000000000000000000, 1.000000000000000000 ) ) ;
#2960 = DIRECTION ( 'NONE',  ( 0.000000000000000000, 1.000000000000000000, 0.000000000000000000 ) ) ;
#2961 = CARTESIAN_POINT ( 'NONE',  ( 8.169410873782860349, -6.116277507157528603, -6.116277507157494853 ) ) ;
#2962 = LINE ( 'NONE', #676, #607 ) ;
#2963 = TOROIDAL_SURFACE ( 'NONE', #1270, 0.1250000000000000000, 0.06250000000000000000 ) ;
#2964 = VECTOR ( 'NONE', #2028, 100.0000000000000000 ) ;
#2965 = AXIS2_PLACEMENT_3D ( 'NONE', #2952, #78, #1887 ) ;
#2966 = FACE_OUTER_BOUND ( 'NONE', #3246, .T. ) ;
#2967 = AXIS2_PLACEMENT_3D ( 'NONE', #1789, #1505, #2835 ) ;
#2968 = CARTESIAN_POINT ( 'NONE',  ( 2.231910873782861238, -13.51916666666666522, 0.8125000000000000000 ) ) ;
#2969 = ORIENTED_EDGE ( 'NONE', *, *, #3131, .T. ) ;
#2970 = DIRECTION ( 'NONE',  ( -0.000000000000000000, -0.7071067811865456854, 0.7071067811865494601 ) ) ;
#2971 = ADVANCED_FACE ( 'NONE', ( #2666 ), #1216, .T. ) ;
#2972 = CARTESIAN_POINT ( 'NONE',  ( 3.428392816962751333, -13.49327831901834784, 1.437499999999998668 ) ) ;
#2973 = CARTESIAN_POINT ( 'NONE',  ( 5.848392816962751262, -13.45666666666666700, 1.000000000000002220 ) ) ;
#2974 = ORIENTED_EDGE ( 'NONE', *, *, #174, .T. ) ;
#2975 = CARTESIAN_POINT ( 'NONE',  ( 3.428392816962751333, -14.00086084049082835, 1.856694173824160909 ) ) ;
#2976 = ADVANCED_FACE ( 'NONE', ( #2397 ), #1910, .T. ) ;
#2977 = ORIENTED_EDGE ( 'NONE', *, *, #3214, .F. ) ;
#2978 = AXIS2_PLACEMENT_3D ( 'NONE', #875, #2146, #2917 ) ;
#2979 = CYLINDRICAL_SURFACE ( 'NONE', #30, 0.06250000000000005551 ) ;
#2980 = CARTESIAN_POINT ( 'NONE',  ( 1.021910873782860829, -11.66666666666666607, 0.1249999999999999861 ) ) ;
#2981 = SPHERICAL_SURFACE ( 'NONE', #769, 0.06250000000000000000 ) ;
#2982 = ORIENTED_EDGE ( 'NONE', *, *, #593, .F. ) ;
#2983 = CIRCLE ( 'NONE', #1513, 0.6475000000000001865 ) ;
#2984 = CYLINDRICAL_SURFACE ( 'NONE', #2043, 0.6475000000000001865 ) ;
#2985 = CARTESIAN_POINT ( 'NONE',  ( 2.169410873782859905, -13.94594336196330531, -3.588388347648318266 ) ) ;
#2986 = ORIENTED_EDGE ( 'NONE', *, *, #448, .F. ) ;
#2987 = ORIENTED_EDGE ( 'NONE', *, *, #1112, .T. ) ;
#2988 = DIRECTION ( 'NONE',  ( 1.000000000000000000, 0.000000000000000000, 0.000000000000000000 ) ) ;
#2989 = ORIENTED_EDGE ( 'NONE', *, *, #1511, .F. ) ;
#2990 = LINE ( 'NONE', #1694, #1169 ) ;
#2991 = ADVANCED_FACE ( 'NONE', ( #604 ), #1093, .T. ) ;
#2992 = DIRECTION ( 'NONE',  ( 1.224646799147353207E-16, 1.000000000000000000, 0.000000000000000000 ) ) ;
#2993 = EDGE_CURVE ( 'NONE', #1304, #1996, #941, .T. ) ;
#2994 = CARTESIAN_POINT ( 'NONE',  ( 2.356910873782861682, -15.20666666666666345, 1.875000000000002442 ) ) ;
#2995 = PRODUCT_CONTEXT ( 'NONE', #786, 'mechanical' ) ;
#2996 = CARTESIAN_POINT ( 'NONE',  ( 1.021910873782860829, -11.66666666666666607, -3.562499999999999556 ) ) ;
#2997 = DIRECTION ( 'NONE',  ( 1.000000000000000000, 0.000000000000000000, 0.000000000000000000 ) ) ;
#2998 = ORIENTED_EDGE ( 'NONE', *, *, #2539, .T. ) ;
#2999 = DIRECTION ( 'NONE',  ( 0.000000000000000000, -1.000000000000000000, 0.000000000000000000 ) ) ;
#3000 = CARTESIAN_POINT ( 'NONE',  ( 2.231910873782861238, 0.000000000000000000, 1.812500000000002220 ) ) ;
#3001 = VERTEX_POINT ( 'NONE', #2190 ) ;
#3002 = VERTEX_POINT ( 'NONE', #2413 ) ;
#3003 = DIRECTION ( 'NONE',  ( -0.000000000000000000, -0.000000000000000000, -1.000000000000000000 ) ) ;
#3004 = ORIENTED_EDGE ( 'NONE', *, *, #3090, .T. ) ;
#3005 = CYLINDRICAL_SURFACE ( 'NONE', #1341, 0.06250000000000000000 ) ;
#3006 = LINE ( 'NONE', #1662, #2535 ) ;
#3007 = ADVANCED_FACE ( 'NONE', ( #2212 ), #2963, .T. ) ;
#3008 = DIRECTION ( 'NONE',  ( 1.000000000000000000, 0.000000000000000000, 0.000000000000000000 ) ) ;
#3009 = EDGE_CURVE ( 'NONE', #1225, #3358, #1406, .T. ) ;
#3010 = VECTOR ( 'NONE', #2544, 100.0000000000000000 ) ;
#3011 = AXIS2_PLACEMENT_3D ( 'NONE', #2658, #94, #1649 ) ;
#3012 = CYLINDRICAL_SURFACE ( 'NONE', #294, 0.06250000000000005551 ) ;
#3013 = CIRCLE ( 'NONE', #3118, 0.7100000000000001865 ) ;
#3014 = ORIENTED_EDGE ( 'NONE', *, *, #894, .F. ) ;
#3015 = CARTESIAN_POINT ( 'NONE',  ( 2.169410873782861238, -12.99327831901834784, -2.812499999999999556 ) ) ;
#3016 = DIRECTION ( 'NONE',  ( 1.000000000000000000, 0.000000000000000000, 0.000000000000000000 ) ) ;
#3017 = VECTOR ( 'NONE', #3227, 100.0000000000000000 ) ;
#3018 = DIRECTION ( 'NONE',  ( 0.000000000000000000, 1.776356839400248950E-13, -1.000000000000000000 ) ) ;
#3019 = VERTEX_POINT ( 'NONE', #1860 ) ;
#3020 = CARTESIAN_POINT ( 'NONE',  ( 3.490892816962751333, -13.45666666666666700, 1.000000000000002220 ) ) ;
#3021 = ORIENTED_EDGE ( 'NONE', *, *, #2700, .T. ) ;
#3022 = DIRECTION ( 'NONE',  ( -0.000000000000000000, -0.000000000000000000, -1.000000000000000000 ) ) ;
#3023 = ORIENTED_EDGE ( 'NONE', *, *, #2886, .F. ) ;
#3024 = FACE_OUTER_BOUND ( 'NONE', #2896, .T. ) ;
#3025 = EDGE_LOOP ( 'NONE', ( #1260, #2899, #242 ) ) ;
#3026 = AXIS2_PLACEMENT_3D ( 'NONE', #1953, #1440, #1179 ) ;
#3027 = CARTESIAN_POINT ( 'NONE',  ( -0.06308912621713926028, -13.01916666666666522, -2.875000000000000000 ) ) ;
#3028 = ADVANCED_BREP_SHAPE_REPRESENTATION ( 'robot base primitive', ( #2301, #2904 ), #3119 ) ;
#3029 = CARTESIAN_POINT ( 'NONE',  ( 3.490892816962751333, -9.821285196333107592, 1.812500000000002220 ) ) ;
#3030 = ORIENTED_EDGE ( 'NONE', *, *, #872, .T. ) ;
#3031 = ADVANCED_FACE ( 'NONE', ( #549 ), #3173, .F. ) ;
#3032 = CARTESIAN_POINT ( 'NONE',  ( 3.553392816962751333, -13.86827831901835140, 1.875000000000002442 ) ) ;
#3033 = EDGE_CURVE ( 'NONE', #845, #809, #3296, .T. ) ;
#3034 = DIRECTION ( 'NONE',  ( 0.000000000000000000, 0.000000000000000000, -1.000000000000000000 ) ) ;
#3035 = CARTESIAN_POINT ( 'NONE',  ( 8.106910873782860349, -14.04505501431498615, -3.562500000000000888 ) ) ;
#3036 = ORIENTED_EDGE ( 'NONE', *, *, #3214, .T. ) ;
#3037 = DIRECTION ( 'NONE',  ( -0.000000000000000000, 0.000000000000000000, 1.000000000000000000 ) ) ;
#3038 = ORIENTED_EDGE ( 'NONE', *, *, #1794, .T. ) ;
#3039 = FACE_OUTER_BOUND ( 'NONE', #358, .T. ) ;
#3040 = VECTOR ( 'NONE', #3205, 100.0000000000000000 ) ;
#3041 = LINE ( 'NONE', #1745, #1546 ) ;
#3042 =( BOUNDED_SURFACE ( )  B_SPLINE_SURFACE ( 3, 2, ( 
 ( #2688, #296, #334 ),
 ( #3196, #107, #1664 ),
 ( #89, #2178, #1164 ),
 ( #2947, #2909, #33 ),
 ( #588, #1820, #1396 ),
 ( #555, #1644, #1610 ),
 ( #2436, #890, #2653 ),
 ( #1360, #2136, #3180 ),
 ( #833, #1880, #2930 ),
 ( #572, #1412, #2670 ) ),
 .UNSPECIFIED., .F., .F., .T. ) 
 B_SPLINE_SURFACE_WITH_KNOTS ( ( 4, 2, 2, 2, 4 ),
 ( 3, 3 ),
 ( 1.570796326794896558, 1.963495408493620697, 2.356194490192344837, 2.748893571891068976, 3.141592653589793116 ),
 ( 0.000000000000000000, 1.000000000000000000 ),
 .UNSPECIFIED. ) 
 GEOMETRIC_REPRESENTATION_ITEM ( )  RATIONAL_B_SPLINE_SURFACE ( (
 ( 1.000000000000000000, 0.7071067811865553443, 1.000000000000000000),
 ( 1.000000000000000000, 0.7398497518604927325, 1.000000000000000000),
 ( 1.000000000000000000, 0.7702345542987614202, 1.000000000000000000),
 ( 1.000000000000000000, 0.8238783965758755823, 1.000000000000000000),
 ( 1.000000000000000000, 0.8471316609665597852, 1.000000000000000000),
 ( 1.000000000000000000, 0.8849191466023293984, 1.000000000000000000),
 ( 1.000000000000000000, 0.8994581715382131692, 1.000000000000000000),
 ( 1.000000000000000000, 0.9189375403123217767, 1.000000000000000000),
 ( 1.000000000000000000, 0.9238886111310821159, 1.000000000000000000),
 ( 1.000000000000000000, 0.9238795325112912904, 1.000000000000000000) ) ) 
 REPRESENTATION_ITEM ( '' )  SURFACE ( )  );
#3043 = DIRECTION ( 'NONE',  ( 0.000000000000000000, -1.000000000000000000, 0.000000000000000000 ) ) ;
#3044 = DIRECTION ( 'NONE',  ( -1.000000000000000000, -1.734723475976844072E-16, -0.000000000000000000 ) ) ;
#3045 = CIRCLE ( 'NONE', #2009, 0.06250000000000005551 ) ;
#3046 = DIRECTION ( 'NONE',  ( 0.000000000000000000, 1.000000000000000000, -0.000000000000000000 ) ) ;
#3047 = ORIENTED_EDGE ( 'NONE', *, *, #1343, .T. ) ;
#3048 = DIRECTION ( 'NONE',  ( 0.000000000000000000, -1.000000000000000000, 0.000000000000000000 ) ) ;
#3049 = DIRECTION ( 'NONE',  ( -0.000000000000000000, 0.000000000000000000, 1.000000000000000000 ) ) ;
#3050 = EDGE_CURVE ( 'NONE', #2647, #1754, #2783, .T. ) ;
#3051 = ORIENTED_EDGE ( 'NONE', *, *, #3266, .T. ) ;
#3052 = ADVANCED_FACE ( 'NONE', ( #392 ), #605, .T. ) ;
#3053 = ORIENTED_EDGE ( 'NONE', *, *, #1882, .T. ) ;
#3054 = VERTEX_POINT ( 'NONE', #1454 ) ;
#3055 = FACE_OUTER_BOUND ( 'NONE', #1138, .T. ) ;
#3056 = VECTOR ( 'NONE', #2606, 100.0000000000000000 ) ;
#3057 = DIRECTION ( 'NONE',  ( 0.000000000000000000, 1.000000000000000000, -0.000000000000000000 ) ) ;
#3058 = CARTESIAN_POINT ( 'NONE',  ( 2.106910873782860794, -13.51916666666666522, -2.349111652351679513 ) ) ;
#3059 = CARTESIAN_POINT ( 'NONE',  ( 2.356910873782860794, -14.01916666666666522, 1.875000000000002442 ) ) ;
#3060 = ORIENTED_EDGE ( 'NONE', *, *, #1279, .F. ) ;
#3061 = VECTOR ( 'NONE', #257, 100.0000000000000000 ) ;
#3062 = CARTESIAN_POINT ( 'NONE',  ( 4.638392816962751297, -9.821285196333107592, 1.812500000000002220 ) ) ;
#3063 = CARTESIAN_POINT ( 'NONE',  ( 2.231910873782861238, -13.58166666666666345, -3.099111652351680402 ) ) ;
#3064 = CIRCLE ( 'NONE', #164, 0.6475000000000001865 ) ;
#3065 = ORIENTED_EDGE ( 'NONE', *, *, #2130, .T. ) ;
#3066 = ADVANCED_FACE ( 'NONE', ( #3245 ), #2244, .T. ) ;
#3067 = VECTOR ( 'NONE', #2451, 99.99999999999998579 ) ;
#3068 = ORIENTED_EDGE ( 'NONE', *, *, #2866, .T. ) ;
#3069 = VERTEX_POINT ( 'NONE', #2532 ) ;
#3070 = CIRCLE ( 'NONE', #2911, 0.06250000000000001388 ) ;
#3071 = DIRECTION ( 'NONE',  ( 1.000000000000000000, -0.000000000000000000, -0.000000000000000000 ) ) ;
#3072 = EDGE_CURVE ( 'NONE', #914, #1588, #3115, .T. ) ;
#3073 = CARTESIAN_POINT ( 'NONE',  ( 5.785892816962751262, -13.45666666666666700, 1.000000000000002220 ) ) ;
#3074 = CARTESIAN_POINT ( 'NONE',  ( -0.1255891262171394129, -13.51916666666666522, -0.3750000000000002220 ) ) ;
#3075 = DIRECTION ( 'NONE',  ( 0.000000000000000000, 0.000000000000000000, 1.000000000000000000 ) ) ;
#3076 = EDGE_LOOP ( 'NONE', ( #3165, #362, #173, #343 ) ) ;
#3077 = DIRECTION ( 'NONE',  ( -0.000000000000000000, -0.000000000000000000, -1.000000000000000000 ) ) ;
#3078 = DIRECTION ( 'NONE',  ( 0.000000000000000000, 0.7071067811865335839, 0.7071067811865613395 ) ) ;
#3079 = DIRECTION ( 'NONE',  ( -0.000000000000000000, 0.7071067811865456854, -0.7071067811865494601 ) ) ;
#3080 = ORIENTED_EDGE ( 'NONE', *, *, #593, .T. ) ;
#3081 = AXIS2_PLACEMENT_3D ( 'NONE', #1171, #2207, #1153 ) ;
#3082 = CIRCLE ( 'NONE', #1616, 0.7100000000000001865 ) ;
#3083 = EDGE_LOOP ( 'NONE', ( #2827, #1403, #1604, #1555 ) ) ;
#3084 = ORIENTED_EDGE ( 'NONE', *, *, #1201, .F. ) ;
#3085 = CARTESIAN_POINT ( 'NONE',  ( 8.106910873782860349, -14.04505501431498260, 1.812500000000002220 ) ) ;
#3086 = CARTESIAN_POINT ( 'NONE',  ( 2.231910873782860794, -13.51916666666666522, -2.422334957055041649 ) ) ;
#3087 = DIRECTION ( 'NONE',  ( 1.000000000000000000, 0.000000000000000000, 0.000000000000000000 ) ) ;
#3088 = EDGE_CURVE ( 'NONE', #396, #1229, #2502, .T. ) ;
#3089 = CARTESIAN_POINT ( 'NONE',  ( 8.106910873782860349, -14.04505501431498082, 1.812500000000002220 ) ) ;
#3090 = EDGE_CURVE ( 'NONE', #1084, #919, #135, .T. ) ;
#3091 = CARTESIAN_POINT ( 'NONE',  ( 2.169410873782861238, -13.51916666666666522, -2.525888347648316490 ) ) ;
#3092 = AXIS2_PLACEMENT_3D ( 'NONE', #741, #1847, #1591 ) ;
#3093 = ORIENTED_EDGE ( 'NONE', *, *, #2389, .F. ) ;
#3094 = LINE ( 'NONE', #265, #843 ) ;
#3095 = DIRECTION ( 'NONE',  ( 1.000000000000000000, 0.000000000000000000, 0.000000000000000000 ) ) ;
#3096 = DIRECTION ( 'NONE',  ( 0.000000000000000000, 0.000000000000000000, -1.000000000000000000 ) ) ;
#3097 = EDGE_LOOP ( 'NONE', ( #308, #338, #668, #2185 ) ) ;
#3098 = ORIENTED_EDGE ( 'NONE', *, *, #3168, .T. ) ;
#3099 = EDGE_LOOP ( 'NONE', ( #1090, #114, #3060, #2492, #2664 ) ) ;
#3100 = DIRECTION ( 'NONE',  ( 0.000000000000000000, -0.000000000000000000, 1.000000000000000000 ) ) ;
#3101 = LINE ( 'NONE', #1790, #3061 ) ;
#3102 = ORIENTED_EDGE ( 'NONE', *, *, #1030, .F. ) ;
#3103 = DIRECTION ( 'NONE',  ( -0.000000000000000000, 0.000000000000000000, 1.000000000000000000 ) ) ;
#3104 = DIRECTION ( 'NONE',  ( 0.000000000000000000, 0.000000000000000000, -1.000000000000000000 ) ) ;
#3105 = EDGE_CURVE ( 'NONE', #402, #1074, #1385, .T. ) ;
#3106 = CARTESIAN_POINT ( 'NONE',  ( 2.123270117258544865, -13.49971058423335357, -2.396756594948248775 ) ) ;
#3107 = ADVANCED_FACE ( 'NONE', ( #3313, #898 ), #1949, .F. ) ;
#3108 = ORIENTED_EDGE ( 'NONE', *, *, #1463, .F. ) ;
#3109 = ADVANCED_FACE ( 'NONE', ( #637 ), #1177, .F. ) ;
#3110 = DIRECTION ( 'NONE',  ( -1.000000000000000000, 0.000000000000000000, 2.775557561562888827E-14 ) ) ;
#3111 = CARTESIAN_POINT ( 'NONE',  ( -0.1255891262171391909, -13.58166666666666345, -2.375000000000000000 ) ) ;
#3112 = LINE ( 'NONE', #1263, #330 ) ;
#3113 = ORIENTED_EDGE ( 'NONE', *, *, #239, .T. ) ;
#3114 = DIRECTION ( 'NONE',  ( 0.000000000000000000, 0.000000000000000000, -1.000000000000000000 ) ) ;
#3115 = CIRCLE ( 'NONE', #657, 0.06250000000000005551 ) ;
#3116 = EDGE_LOOP ( 'NONE', ( #3238, #1518, #1092, #707 ) ) ;
#3117 = VERTEX_POINT ( 'NONE', #3020 ) ;
#3118 = AXIS2_PLACEMENT_3D ( 'NONE', #2456, #2217, #314 ) ;
#3119 =( GEOMETRIC_REPRESENTATION_CONTEXT ( 3 ) GLOBAL_UNCERTAINTY_ASSIGNED_CONTEXT ( ( #1948 ) ) GLOBAL_UNIT_ASSIGNED_CONTEXT ( ( #1881, #2384, #1083 ) ) REPRESENTATION_CONTEXT ( 'NONE', 'WORKASPACE' ) );
#3120 = DIRECTION ( 'NONE',  ( 0.000000000000000000, 0.000000000000000000, -1.000000000000000000 ) ) ;
#3121 = DIRECTION ( 'NONE',  ( 0.000000000000000000, -1.000000000000000000, -1.127570259384925597E-16 ) ) ;
#3122 = CIRCLE ( 'NONE', #494, 0.06250000000000001388 ) ;
#3123 = VECTOR ( 'NONE', #1113, 100.0000000000000000 ) ;
#3124 = CARTESIAN_POINT ( 'NONE',  ( 3.490892816962751333, -13.58166666666666345, 1.349111652351680624 ) ) ;
#3125 = EDGE_CURVE ( 'NONE', #1229, #2791, #3288, .T. ) ;
#3126 = CARTESIAN_POINT ( 'NONE',  ( 8.106910873782860349, 0.000000000000000000, -3.562499999999999556 ) ) ;
#3127 = ADVANCED_FACE ( 'NONE', ( #2748 ), #2768, .T. ) ;
#3128 = ORIENTED_EDGE ( 'NONE', *, *, #442, .T. ) ;
#3129 = DIRECTION ( 'NONE',  ( 0.000000000000000000, 0.000000000000000000, -1.000000000000000000 ) ) ;
#3130 = CARTESIAN_POINT ( 'NONE',  ( 1.669410873782861016, -11.66666666666666607, -2.937500000000000000 ) ) ;
#3131 = EDGE_CURVE ( 'NONE', #1208, #2058, #2582, .T. ) ;
#3132 = EDGE_CURVE ( 'NONE', #2499, #1058, #268, .T. ) ;
#3133 = PLANE ( 'NONE',  #2162 ) ;
#3134 = CARTESIAN_POINT ( 'NONE',  ( 5.785440445822906064, -14.02274338997068703, 1.875000000000002442 ) ) ;
#3135 = AXIS2_PLACEMENT_3D ( 'NONE', #1447, #1308, #225 ) ;
#3136 = ORIENTED_EDGE ( 'NONE', *, *, #1531, .F. ) ;
#3137 = TOROIDAL_SURFACE ( 'NONE', #2223, 0.7100000000000000755, 0.06250000000000000000 ) ;
#3138 = ORIENTED_EDGE ( 'NONE', *, *, #2200, .F. ) ;
#3139 = AXIS2_PLACEMENT_3D ( 'NONE', #2912, #559, #2657 ) ;
#3140 = DIRECTION ( 'NONE',  ( 0.000000000000000000, 0.000000000000000000, 1.000000000000000000 ) ) ;
#3141 = DIRECTION ( 'NONE',  ( -1.000000000000000000, 0.000000000000000000, 0.000000000000000000 ) ) ;
#3142 = CARTESIAN_POINT ( 'NONE',  ( 2.231910873782861238, -13.58166666666666345, 0.9375000000000000000 ) ) ;
#3143 = AXIS2_PLACEMENT_3D ( 'NONE', #2523, #2250, #1747 ) ;
#3144 = DIRECTION ( 'NONE',  ( -0.000000000000000000, -0.000000000000000000, 1.000000000000000000 ) ) ;
#3145 = DIRECTION ( 'NONE',  ( 0.000000000000000000, 1.000000000000000000, 0.000000000000000000 ) ) ;
#3146 = ORIENTED_EDGE ( 'NONE', *, *, #1243, .T. ) ;
#3147 = LINE ( 'NONE', #2642, #400 ) ;
#3148 = FACE_OUTER_BOUND ( 'NONE', #2259, .T. ) ;
#3149 = ORIENTED_EDGE ( 'NONE', *, *, #1608, .F. ) ;
#3150 = VECTOR ( 'NONE', #2358, 100.0000000000000000 ) ;
#3151 = EDGE_CURVE ( 'NONE', #561, #1999, #1645, .T. ) ;
#3152 = FACE_OUTER_BOUND ( 'NONE', #911, .T. ) ;
#3153 = CARTESIAN_POINT ( 'NONE',  ( 5.780356219006979046, -13.88488811466325856, 1.875000000000231593 ) ) ;
#3154 = ORIENTED_EDGE ( 'NONE', *, *, #3367, .F. ) ;
#3155 = VECTOR ( 'NONE', #2901, 100.0000000000000000 ) ;
#3156 = EDGE_CURVE ( 'NONE', #2509, #567, #1939, .T. ) ;
#3157 = ORIENTED_EDGE ( 'NONE', *, *, #279, .F. ) ;
#3158 = FACE_OUTER_BOUND ( 'NONE', #415, .T. ) ;
#3159 = CARTESIAN_POINT ( 'NONE',  ( 1.021910873782860829, -11.66666666666666607, -3.562499999999999556 ) ) ;
#3160 = CARTESIAN_POINT ( 'NONE',  ( 5.723392816962751262, -9.821285196333107592, 1.875000000000002442 ) ) ;
#3161 = DIRECTION ( 'NONE',  ( -1.000000000000000000, 0.000000000000000000, 0.000000000000000000 ) ) ;
#3162 = VERTEX_POINT ( 'NONE', #2201 ) ;
#3163 = DIRECTION ( 'NONE',  ( 8.893101816763589723E-17, -0.7071067811865481278, 0.7071067811865470176 ) ) ;
#3164 = DIRECTION ( 'NONE',  ( 1.000000000000000000, -0.000000000000000000, 0.000000000000000000 ) ) ;
#3165 = ORIENTED_EDGE ( 'NONE', *, *, #3156, .T. ) ;
#3166 = CARTESIAN_POINT ( 'NONE',  ( 8.169410873782860349, -16.60416666666667140, -3.562499999999999556 ) ) ;
#3167 = DIRECTION ( 'NONE',  ( -0.000000000000000000, 0.000000000000000000, 1.000000000000000000 ) ) ;
#3168 = EDGE_CURVE ( 'NONE', #507, #492, #1979, .T. ) ;
#3169 = DIRECTION ( 'NONE',  ( -1.000000000000000000, 0.000000000000000000, -0.000000000000000000 ) ) ;
#3170 = ORIENTED_EDGE ( 'NONE', *, *, #812, .F. ) ;
#3171 = ORIENTED_EDGE ( 'NONE', *, *, #2324, .F. ) ;
#3172 = EDGE_CURVE ( 'NONE', #754, #1466, #431, .T. ) ;
#3173 = CYLINDRICAL_SURFACE ( 'NONE', #1540, 0.6475000000000001865 ) ;
#3174 = FACE_OUTER_BOUND ( 'NONE', #1842, .T. ) ;
#3175 = AXIS2_PLACEMENT_3D ( 'NONE', #801, #2138, #1915 ) ;
#3176 = ADVANCED_FACE ( 'NONE', ( #1617 ), #327, .T. ) ;
#3177 = CARTESIAN_POINT ( 'NONE',  ( 2.106910873782861238, -11.66666666666666607, -3.624999999999999556 ) ) ;
#3178 = ADVANCED_FACE ( 'NONE', ( #3237 ), #2689, .T. ) ;
#3179 = CARTESIAN_POINT ( 'NONE',  ( 2.231910873782861238, -16.60416666666667140, 1.875000000000002442 ) ) ;
#3180 = CARTESIAN_POINT ( 'NONE',  ( 2.199192386831463786, -14.04045398928511013, -3.625000000000000444 ) ) ;
#3181 = ORIENTED_EDGE ( 'NONE', *, *, #599, .T. ) ;
#3182 = DIRECTION ( 'NONE',  ( 0.000000000000000000, -1.000000000000000000, 0.000000000000000000 ) ) ;
#3183 = CARTESIAN_POINT ( 'NONE',  ( 8.106910873782860349, -13.53747249284250387, -3.143305826175838646 ) ) ;
#3184 = DIRECTION ( 'NONE',  ( -1.257674520083186869E-16, 1.000000000000000000, 1.127570259384925597E-16 ) ) ;
#3185 = ORIENTED_EDGE ( 'NONE', *, *, #1134, .F. ) ;
#3186 = CARTESIAN_POINT ( 'NONE',  ( 5.739169518058149677, -13.95730641682690631, 1.875000000000002442 ) ) ;
#3187 = ORIENTED_EDGE ( 'NONE', *, *, #1264, .F. ) ;
#3188 = CIRCLE ( 'NONE', #1233, 0.06250000000000005551 ) ;
#3189 = ORIENTED_EDGE ( 'NONE', *, *, #2345, .T. ) ;
#3190 = AXIS2_PLACEMENT_3D ( 'NONE', #1261, #1017, #3110 ) ;
#3191 = DIRECTION ( 'NONE',  ( 1.000000000000000000, 0.000000000000000000, 0.000000000000000000 ) ) ;
#3192 = CARTESIAN_POINT ( 'NONE',  ( 8.106910873782860349, -13.51916666666666522, -3.099111652351680402 ) ) ;
#3193 = CIRCLE ( 'NONE', #1722, 0.1250000000000001110 ) ;
#3194 = EDGE_CURVE ( 'NONE', #2859, #3328, #2694, .T. ) ;
#3195 = FACE_OUTER_BOUND ( 'NONE', #3346, .T. ) ;
#3196 = CARTESIAN_POINT ( 'NONE',  ( 2.169410873782860349, -13.88563645886388365, -3.568286046615098961 ) ) ;
#3197 = CARTESIAN_POINT ( 'NONE',  ( 8.106910873782860349, -14.04505501431498260, 1.875000000000002442 ) ) ;
#3198 = ADVANCED_FACE ( 'NONE', ( #2144 ), #882, .T. ) ;
#3199 = DIRECTION ( 'NONE',  ( 1.000000000000000000, 0.000000000000000000, 0.000000000000000000 ) ) ;
#3200 = LINE ( 'NONE', #1854, #108 ) ;
#3201 = AXIS2_PLACEMENT_3D ( 'NONE', #1516, #1248, #1784 ) ;
#3202 = CARTESIAN_POINT ( 'NONE',  ( 2.195299221431179504, -13.51916666666666522, 0.8491116523516816228 ) ) ;
#3203 = AXIS2_PLACEMENT_3D ( 'NONE', #2272, #751, #1766 ) ;
#3204 = CARTESIAN_POINT ( 'NONE',  ( 5.785892816962751262, 0.000000000000000000, 1.875000000000002442 ) ) ;
#3205 = DIRECTION ( 'NONE',  ( -0.000000000000000000, -0.7071067811865493491, -0.7071067811865456854 ) ) ;
#3206 = ORIENTED_EDGE ( 'NONE', *, *, #962, .T. ) ;
#3207 = ORIENTED_EDGE ( 'NONE', *, *, #810, .T. ) ;
#3208 = VECTOR ( 'NONE', #1525, 100.0000000000000000 ) ;
#3209 = DIRECTION ( 'NONE',  ( 0.000000000000000000, 1.000000000000000000, 1.127570259384925597E-16 ) ) ;
#3210 = PRODUCT ( 'robot base primitive', 'robot base primitive', '', ( #2995 ) ) ;
#3211 = CARTESIAN_POINT ( 'NONE',  ( 2.106910873782861238, -13.86827831901834784, -3.562499999999999556 ) ) ;
#3212 = DIRECTION ( 'NONE',  ( -0.000000000000000000, 0.000000000000000000, 1.000000000000000000 ) ) ;
#3213 = DIRECTION ( 'NONE',  ( 4.111937128241320045E-16, -1.000000000000000000, 0.000000000000000000 ) ) ;
#3214 = EDGE_CURVE ( 'NONE', #1679, #2751, #1325, .T. ) ;
#3215 = FACE_OUTER_BOUND ( 'NONE', #826, .T. ) ;
#3216 = DIRECTION ( 'NONE',  ( 0.000000000000000000, -1.000000000000000000, 0.000000000000000000 ) ) ;
#3217 = ORIENTED_EDGE ( 'NONE', *, *, #3285, .F. ) ;
#3218 = EDGE_CURVE ( 'NONE', #914, #2390, #886, .T. ) ;
#3219 = CIRCLE ( 'NONE', #2191, 0.06250000000000005551 ) ;
#3220 = DIRECTION ( 'NONE',  ( 0.000000000000000000, -1.000000000000000000, -1.133806193448892209E-16 ) ) ;
#3221 = CARTESIAN_POINT ( 'NONE',  ( -0.06308912621713926028, -12.99327831901834784, 0.06249999999999984041 ) ) ;
#3222 = DIRECTION ( 'NONE',  ( 0.000000000000000000, 8.881784197001244750E-14, 1.000000000000000000 ) ) ;
#3223 = VERTEX_POINT ( 'NONE', #2404 ) ;
#3224 = CARTESIAN_POINT ( 'NONE',  ( 3.553392816962751333, -13.86827831901835140, 1.875000000000002442 ) ) ;
#3225 = ORIENTED_EDGE ( 'NONE', *, *, #3388, .T. ) ;
#3226 = DIRECTION ( 'NONE',  ( 0.000000000000000000, 1.000000000000000000, 0.000000000000000000 ) ) ;
#3227 = DIRECTION ( 'NONE',  ( 0.000000000000000000, 0.000000000000000000, 1.000000000000000000 ) ) ;
#3228 = AXIS2_PLACEMENT_3D ( 'NONE', #2220, #337, #3255 ) ;
#3229 = CARTESIAN_POINT ( 'NONE',  ( 0.000000000000000000, 0.000000000000000000, 1.875000000000002442 ) ) ;
#3230 = DIRECTION ( 'NONE',  ( -1.000000000000000000, 0.000000000000000000, -0.000000000000000000 ) ) ;
#3231 = AXIS2_PLACEMENT_3D ( 'NONE', #1367, #628, #372 ) ;
#3232 = VECTOR ( 'NONE', #3230, 100.0000000000000000 ) ;
#3233 = AXIS2_PLACEMENT_3D ( 'NONE', #1119, #1598, #1837 ) ;
#3234 = CARTESIAN_POINT ( 'NONE',  ( 2.294410873782859905, -13.51916666666666522, 1.310367002075319975 ) ) ;
#3235 = ADVANCED_FACE ( 'NONE', ( #1100 ), #317, .T. ) ;
#3236 = AXIS2_PLACEMENT_3D ( 'NONE', #1426, #2174, #903 ) ;
#3237 = FACE_OUTER_BOUND ( 'NONE', #256, .T. ) ;
#3238 = ORIENTED_EDGE ( 'NONE', *, *, #2288, .T. ) ;
#3239 = CARTESIAN_POINT ( 'NONE',  ( 2.106910873782861238, -13.58166666666666345, 0.8750000000000001110 ) ) ;
#3240 = DIRECTION ( 'NONE',  ( -1.000000000000000000, 0.000000000000000000, 0.000000000000000000 ) ) ;
#3241 = EDGE_CURVE ( 'NONE', #1124, #1215, #1758, .T. ) ;
#3242 = DIRECTION ( 'NONE',  ( 0.000000000000000000, 0.000000000000000000, -1.000000000000000000 ) ) ;
#3243 = EDGE_LOOP ( 'NONE', ( #2280, #412, #2977, #3068 ) ) ;
#3244 = ADVANCED_FACE ( 'NONE', ( #2935 ), #1383, .T. ) ;
#3245 = FACE_OUTER_BOUND ( 'NONE', #1700, .T. ) ;
#3246 = EDGE_LOOP ( 'NONE', ( #2557, #1336, #1265, #3362 ) ) ;
#3247 = CARTESIAN_POINT ( 'NONE',  ( 2.169410873782861238, -13.56336084049082302, -2.419194173824158689 ) ) ;
#3248 = ORIENTED_EDGE ( 'NONE', *, *, #1653, .T. ) ;
#3249 = FACE_OUTER_BOUND ( 'NONE', #1234, .T. ) ;
#3250 = EDGE_LOOP ( 'NONE', ( #2574, #632, #216, #264 ) ) ;
#3251 = CYLINDRICAL_SURFACE ( 'NONE', #1387, 0.06250000000000000000 ) ;
#3252 = AXIS2_PLACEMENT_3D ( 'NONE', #436, #2999, #1449 ) ;
#3253 = CIRCLE ( 'NONE', #3139, 0.06250000000000005551 ) ;
#3254 = CARTESIAN_POINT ( 'NONE',  ( 2.294410873782861682, -15.20666666666666522, 1.812500000000002220 ) ) ;
#3255 = DIRECTION ( 'NONE',  ( 0.000000000000000000, 0.000000000000000000, 1.000000000000000000 ) ) ;
#3256 = ORIENTED_EDGE ( 'NONE', *, *, #409, .F. ) ;
#3257 = VECTOR ( 'NONE', #1938, 100.0000000000000000 ) ;
#3258 = CARTESIAN_POINT ( 'NONE',  ( 3.428392816962751333, -13.51916666666666522, 0.9999999999999998890 ) ) ;
#3259 = CARTESIAN_POINT ( 'NONE',  ( -0.06308912621713919089, -13.45666666666666700, -2.349111652351681290 ) ) ;
#3260 = VERTEX_POINT ( 'NONE', #2184 ) ;
#3261 = ORIENTED_EDGE ( 'NONE', *, *, #2347, .T. ) ;
#3262 = AXIS2_PLACEMENT_3D ( 'NONE', #3000, #1655, #631 ) ;
#3263 = ADVANCED_FACE ( 'NONE', ( #56 ), #1120, .T. ) ;
#3264 = CARTESIAN_POINT ( 'NONE',  ( 1.021910873782860829, -11.66666666666666607, -3.562499999999999556 ) ) ;
#3265 = ORIENTED_EDGE ( 'NONE', *, *, #1030, .T. ) ;
#3266 = EDGE_CURVE ( 'NONE', #425, #809, #3400, .T. ) ;
#3267 = DIRECTION ( 'NONE',  ( 0.000000000000000000, -0.7071067811865779928, 0.7071067811865169306 ) ) ;
#3268 = AXIS2_PLACEMENT_3D ( 'NONE', #1539, #2620, #3141 ) ;
#3269 = CARTESIAN_POINT ( 'NONE',  ( 2.231910873782861238, -13.51916666666666522, -0.3750000000000002220 ) ) ;
#3270 = ORIENTED_EDGE ( 'NONE', *, *, #2888, .F. ) ;
#3271 = CARTESIAN_POINT ( 'NONE',  ( 2.106910873782861238, -11.66666666666666607, 0.1249999999999999861 ) ) ;
#3272 = CARTESIAN_POINT ( 'NONE',  ( 5.785892816962750373, -13.94594336196330531, 1.838388347648320931 ) ) ;
#3273 = DIRECTION ( 'NONE',  ( 0.000000000000000000, 1.000000000000000000, 0.000000000000000000 ) ) ;
#3274 = ORIENTED_EDGE ( 'NONE', *, *, #2618, .T. ) ;
#3275 = CARTESIAN_POINT ( 'NONE',  ( -0.1255891262171394129, -13.01916666666666522, 0.1249999999999998335 ) ) ;
#3276 = DIRECTION ( 'NONE',  ( -5.495323605393220484E-14, 0.7071067811865586750, 0.7071067811865364705 ) ) ;
#3277 = ORIENTED_EDGE ( 'NONE', *, *, #575, .T. ) ;
#3278 = ADVANCED_FACE ( 'NONE', ( #3148 ), #937, .T. ) ;
#3279 = DIRECTION ( 'NONE',  ( 1.000000000000000000, 0.000000000000000000, 0.000000000000000000 ) ) ;
#3280 = CARTESIAN_POINT ( 'NONE',  ( 8.169410873782860349, -13.58166666666666345, 1.349111652351683066 ) ) ;
#3281 = EDGE_CURVE ( 'NONE', #1954, #716, #3064, .T. ) ;
#3282 = DIRECTION ( 'NONE',  ( 1.000000000000000000, 0.000000000000000000, 0.000000000000000000 ) ) ;
#3283 = CARTESIAN_POINT ( 'NONE',  ( -0.06308912621714089786, -7.934558653761028625E-18, 0.8750000000000001110 ) ) ;
#3284 = CARTESIAN_POINT ( 'NONE',  ( 1.021910873782860829, -11.66666666666666607, -2.875000000000000000 ) ) ;
#3285 = EDGE_CURVE ( 'NONE', #2640, #3069, #2851, .T. ) ;
#3286 = EDGE_CURVE ( 'NONE', #2678, #2931, #2676, .T. ) ;
#3287 = CIRCLE ( 'NONE', #2035, 0.06249999999999977796 ) ;
#3288 = CIRCLE ( 'NONE', #2796, 1.147499999999999964 ) ;
#3289 = CARTESIAN_POINT ( 'NONE',  ( 3.428392816962751333, -13.53747249284250564, 1.393305826175839535 ) ) ;
#3290 = TOROIDAL_SURFACE ( 'NONE', #3233, 0.1250000000000000000, 0.06250000000000000000 ) ;
#3291 = CARTESIAN_POINT ( 'NONE',  ( 2.106910873782861238, -12.99327831901834784, 0.1249999999999998335 ) ) ;
#3292 = DIRECTION ( 'NONE',  ( 1.000000000000000000, 0.000000000000000000, 0.000000000000000000 ) ) ;
#3293 = AXIS2_PLACEMENT_3D ( 'NONE', #2980, #656, #624 ) ;
#3294 = LINE ( 'NONE', #1928, #2528 ) ;
#3295 = VERTEX_POINT ( 'NONE', #2142 ) ;
#3296 = LINE ( 'NONE', #930, #2086 ) ;
#3297 = DIRECTION ( 'NONE',  ( 0.000000000000000000, 0.000000000000000000, -1.000000000000000000 ) ) ;
#3298 = EDGE_LOOP ( 'NONE', ( #820, #3206, #1432, #1316 ) ) ;
#3299 = CARTESIAN_POINT ( 'NONE',  ( 2.231910873782861682, -15.20666666666666877, 1.875000000000002442 ) ) ;
#3300 = ORIENTED_EDGE ( 'NONE', *, *, #1992, .T. ) ;
#3301 = CYLINDRICAL_SURFACE ( 'NONE', #51, 0.06250000000000005551 ) ;
#3302 = DIRECTION ( 'NONE',  ( 1.734723475976844072E-16, -1.000000000000000000, 0.000000000000000000 ) ) ;
#3303 = ADVANCED_FACE ( 'NONE', ( #856 ), #3290, .T. ) ;
#3304 = AXIS2_PLACEMENT_3D ( 'NONE', #2010, #712, #1206 ) ;
#3305 = CARTESIAN_POINT ( 'NONE',  ( -0.1255891262171392464, -12.99327831901834784, -2.812499999999999556 ) ) ;
#3306 = EDGE_CURVE ( 'NONE', #2751, #1225, #3200, .T. ) ;
#3307 = AXIS2_PLACEMENT_3D ( 'NONE', #488, #1295, #2626 ) ;
#3308 = ORIENTED_EDGE ( 'NONE', *, *, #1193, .T. ) ;
#3309 = LINE ( 'NONE', #648, #2274 ) ;
#3310 = CARTESIAN_POINT ( 'NONE',  ( 1.021910873782860829, -11.66666666666666607, 0.1875000000000001665 ) ) ;
#3311 = CARTESIAN_POINT ( 'NONE',  ( 8.106910873782860349, -13.58166666666666167, -3.099111652351679069 ) ) ;
#3312 = EDGE_LOOP ( 'NONE', ( #2300, #1317, #3171, #2445, #195, #2974, #1908, #2024, #2446, #422, #2941, #1825, #892 ) ) ;
#3313 = FACE_BOUND ( 'NONE', #2884, .T. ) ;
#3314 = ORIENTED_EDGE ( 'NONE', *, *, #243, .T. ) ;
#3315 = CIRCLE ( 'NONE', #517, 0.06249999999999953509 ) ;
#3316 = CARTESIAN_POINT ( 'NONE',  ( 2.169410873782861238, -15.33166666666666522, 0.9374999999999996669 ) ) ;
#3317 = AXIS2_PLACEMENT_3D ( 'NONE', #2496, #1451, #1907 ) ;
#3318 = ORIENTED_EDGE ( 'NONE', *, *, #1992, .F. ) ;
#3319 = DIRECTION ( 'NONE',  ( -0.000000000000000000, -0.000000000000000000, 1.000000000000000000 ) ) ;
#3320 = DIRECTION ( 'NONE',  ( 1.000000000000000000, -0.000000000000000000, -0.000000000000000000 ) ) ;
#3321 = CARTESIAN_POINT ( 'NONE',  ( 2.294410873782861238, -13.51916666666666522, 1.286611652351681734 ) ) ;
#3322 = EDGE_CURVE ( 'NONE', #613, #252, #346, .T. ) ;
#3323 = ORIENTED_EDGE ( 'NONE', *, *, #471, .F. ) ;
#3324 = LINE ( 'NONE', #977, #228 ) ;
#3325 = DIRECTION ( 'NONE',  ( 0.000000000000000000, -1.000000000000000000, -1.127570259384925597E-16 ) ) ;
#3326 = LINE ( 'NONE', #3357, #2964 ) ;
#3327 = ADVANCED_FACE ( 'NONE', ( #2627 ), #1348, .T. ) ;
#3328 = VERTEX_POINT ( 'NONE', #540 ) ;
#3329 = EDGE_LOOP ( 'NONE', ( #1978, #2785 ) ) ;
#3330 = ORIENTED_EDGE ( 'NONE', *, *, #3306, .F. ) ;
#3331 = FACE_OUTER_BOUND ( 'NONE', #3250, .T. ) ;
#3332 = CARTESIAN_POINT ( 'NONE',  ( 2.231910873782861238, -13.51916666666666522, 0.8125000000000000000 ) ) ;
#3333 = SURFACE_STYLE_USAGE ( .BOTH. , #743 ) ;
#3334 = CARTESIAN_POINT ( 'NONE',  ( 2.169410873782861238, -13.08166666666666345, 0.1508883476483179886 ) ) ;
#3335 = ORIENTED_EDGE ( 'NONE', *, *, #2618, .F. ) ;
#3336 = VECTOR ( 'NONE', #1231, 100.0000000000000000 ) ;
#3337 = FACE_OUTER_BOUND ( 'NONE', #670, .T. ) ;
#3338 = CARTESIAN_POINT ( 'NONE',  ( 2.231910873782860794, -13.58166666666666345, 0.9375000000000000000 ) ) ;
#3339 = AXIS2_PLACEMENT_3D ( 'NONE', #1154, #2209, #3242 ) ;
#3340 = DIRECTION ( 'NONE',  ( -1.000000000000000000, 0.000000000000000000, 0.000000000000000000 ) ) ;
#3341 = ORIENTED_EDGE ( 'NONE', *, *, #1683, .F. ) ;
#3342 = CIRCLE ( 'NONE', #714, 0.06249999999999953509 ) ;
#3343 = ADVANCED_FACE ( 'NONE', ( #2077 ), #2563, .T. ) ;
#3344 = ORIENTED_EDGE ( 'NONE', *, *, #2026, .T. ) ;
#3345 = EDGE_CURVE ( 'NONE', #2019, #905, #1926, .T. ) ;
#3346 = EDGE_LOOP ( 'NONE', ( #3389, #2412, #1418 ) ) ;
#3347 = VECTOR ( 'NONE', #590, 99.99999999999998579 ) ;
#3348 = DIRECTION ( 'NONE',  ( 1.000000000000000000, 0.000000000000000000, 0.000000000000000000 ) ) ;
#3349 = CYLINDRICAL_SURFACE ( 'NONE', #1865, 0.06250000000000026368 ) ;
#3350 = ORIENTED_EDGE ( 'NONE', *, *, #2093, .F. ) ;
#3351 = DIRECTION ( 'NONE',  ( -0.000000000000000000, -0.000000000000000000, -1.000000000000000000 ) ) ;
#3352 = SURFACE_STYLE_FILL_AREA ( #1029 ) ;
#3353 = CARTESIAN_POINT ( 'NONE',  ( 0.3119108737828606981, -11.66666666666666607, -3.562499999999999556 ) ) ;
#3354 = EDGE_LOOP ( 'NONE', ( #2715, #3181, #3185, #3207, #1174, #1125, #566, #718 ) ) ;
#3355 = FACE_OUTER_BOUND ( 'NONE', #925, .T. ) ;
#3356 = DIRECTION ( 'NONE',  ( 0.000000000000000000, -1.127570259384925597E-16, 1.000000000000000000 ) ) ;
#3357 = CARTESIAN_POINT ( 'NONE',  ( 2.294410873782855464, 9.434473259348331721E-16, 1.000000000000002220 ) ) ;
#3358 = VERTEX_POINT ( 'NONE', #1850 ) ;
#3359 = AXIS2_PLACEMENT_3D ( 'NONE', #565, #3114, #2919 ) ;
#3360 = VECTOR ( 'NONE', #1346, 100.0000000000000000 ) ;
#3361 = VERTEX_POINT ( 'NONE', #3197 ) ;
#3362 = ORIENTED_EDGE ( 'NONE', *, *, #2411, .T. ) ;
#3363 = EDGE_CURVE ( 'NONE', #1142, #2145, #2159, .T. ) ;
#3364 = DIRECTION ( 'NONE',  ( 0.000000000000000000, 0.000000000000000000, 1.000000000000000000 ) ) ;
#3365 = DIRECTION ( 'NONE',  ( 0.000000000000000000, 0.7071067811865475727, -0.7071067811865475727 ) ) ;
#3366 = ORIENTED_EDGE ( 'NONE', *, *, #1201, .T. ) ;
#3367 = EDGE_CURVE ( 'NONE', #443, #655, #853, .T. ) ;
#3368 = CARTESIAN_POINT ( 'NONE',  ( 1.021910873782861273, -10.95666666666666700, 0.1250000000000001665 ) ) ;
#3369 = ADVANCED_FACE ( 'NONE', ( #1866 ), #1646, .T. ) ;
#3370 = DIRECTION ( 'NONE',  ( 0.000000000000000000, -0.7071067811865225927, -0.7071067811865725528 ) ) ;
#3371 = CIRCLE ( 'NONE', #1355, 0.06249999999999866773 ) ;
#3372 = DIRECTION ( 'NONE',  ( 1.000000000000000000, 0.000000000000000000, 0.000000000000000000 ) ) ;
#3373 = EDGE_LOOP ( 'NONE', ( #2613, #1562, #2868, #965 ) ) ;
#3374 = CARTESIAN_POINT ( 'NONE',  ( 2.169410873782861238, -11.66666666666666607, 0.1875000000000000000 ) ) ;
#3375 = CARTESIAN_POINT ( 'NONE',  ( -0.06308912621713984314, -8.428777507157487747, 4.803777507157493964 ) ) ;
#3376 = DIRECTION ( 'NONE',  ( 0.000000000000000000, 0.000000000000000000, -1.000000000000000000 ) ) ;
#3377 = ORIENTED_EDGE ( 'NONE', *, *, #3241, .T. ) ;
#3378 = FACE_OUTER_BOUND ( 'NONE', #2097, .T. ) ;
#3379 = DIRECTION ( 'NONE',  ( -1.000000000000000000, 0.000000000000000000, 0.000000000000000000 ) ) ;
#3380 = ORIENTED_EDGE ( 'NONE', *, *, #115, .F. ) ;
#3381 = ORIENTED_EDGE ( 'NONE', *, *, #2573, .T. ) ;
#3382 = CARTESIAN_POINT ( 'NONE',  ( 2.106910873782861238, -11.66666666666666607, -2.875000000000000000 ) ) ;
#3383 = ADVANCED_FACE ( 'NONE', ( #74 ), #1133, .T. ) ;
#3384 = CARTESIAN_POINT ( 'NONE',  ( 2.169410873782861238, -13.58166666666666345, 0.000000000000000000 ) ) ;
#3385 = DIRECTION ( 'NONE',  ( 0.000000000000000000, -0.000000000000000000, -1.000000000000000000 ) ) ;
#3386 = ADVANCED_FACE ( 'NONE', ( #522 ), #2179, .T. ) ;
#3387 = DIRECTION ( 'NONE',  ( -0.000000000000000000, 0.000000000000000000, 1.000000000000000000 ) ) ;
#3388 = EDGE_CURVE ( 'NONE', #1588, #835, #1580, .T. ) ;
#3389 = ORIENTED_EDGE ( 'NONE', *, *, #324, .T. ) ;
#3390 = DIRECTION ( 'NONE',  ( 0.000000000000000000, -1.000000000000000000, 0.000000000000000000 ) ) ;
#3391 =( BOUNDED_SURFACE ( )  B_SPLINE_SURFACE ( 3, 2, ( 
 ( #2938, #321, #581 ),
 ( #807, #3153, #1587 ),
 ( #2897, #824, #1335 ),
 ( #3186, #2115, #1371 ),
 ( #2373, #2393, #11 ),
 ( #25, #254, #511 ),
 ( #3134, #2148, #1073 ),
 ( #287, #791, #1637 ),
 ( #1872, #545, #1570 ),
 ( #307, #2644, #3395 ) ),
 .UNSPECIFIED., .F., .F., .T. ) 
 B_SPLINE_SURFACE_WITH_KNOTS ( ( 4, 2, 2, 2, 4 ),
 ( 3, 3 ),
 ( 4.712388980384689674, 5.105088062083414258, 5.497787143782137953, 5.890486225480861648, 6.283185307179586232 ),
 ( 0.000000000000000000, 1.000000000000000000 ),
 .UNSPECIFIED. ) 
 GEOMETRIC_REPRESENTATION_ITEM ( )  RATIONAL_B_SPLINE_SURFACE ( (
 ( 1.000000000000000000, 0.7071067811865514585, 1.000000000000000000),
 ( 1.000000000000000000, 0.7398497518608646573, 1.000000000000000000),
 ( 1.000000000000000000, 0.7702345542982457216, 1.000000000000000000),
 ( 1.000000000000000000, 0.8238783965763782913, 1.000000000000000000),
 ( 1.000000000000000000, 0.8471316609669869990, 1.000000000000000000),
 ( 1.000000000000000000, 0.8849191466018888619, 1.000000000000000000),
 ( 1.000000000000000000, 0.8994581715382778953, 1.000000000000000000),
 ( 1.000000000000000000, 0.9189375403122502783, 1.000000000000000000),
 ( 1.000000000000000000, 0.9238886111311358507, 1.000000000000000000),
 ( 1.000000000000000000, 0.9238795325112821866, 1.000000000000000000) ) ) 
 REPRESENTATION_ITEM ( '' )  SURFACE ( )  );
#3392 = FACE_OUTER_BOUND ( 'NONE', #1826, .T. ) ;
#3393 = DIRECTION ( 'NONE',  ( 0.000000000000000000, -0.000000000000000000, -1.000000000000000000 ) ) ;
#3394 = DIRECTION ( 'NONE',  ( 1.000000000000000000, -0.000000000000000000, 0.000000000000000000 ) ) ;
#3395 = CARTESIAN_POINT ( 'NONE',  ( 5.848392816962751262, -14.00086084049082835, 1.856694173824160909 ) ) ;
#3396 = AXIS2_PLACEMENT_3D ( 'NONE', #3264, #3037, #1194 ) ;
#3397 = VERTEX_POINT ( 'NONE', #1065 ) ;
#3398 = VERTEX_POINT ( 'NONE', #1361 ) ;
#3399 = AXIS2_PLACEMENT_3D ( 'NONE', #2305, #2290, #1751 ) ;
#3400 = CIRCLE ( 'NONE', #331, 0.06250000000000005551 ) ;
#3401 = CARTESIAN_POINT ( 'NONE',  ( 2.231910873782861238, -13.51916666666666522, -2.525888347648315602 ) ) ;
#3402 = LINE ( 'NONE', #2329, #2881 ) ;
#3403 = CIRCLE ( 'NONE', #1333, 0.06250000000000005551 ) ;
#3404 = DIRECTION ( 'NONE',  ( -1.000000000000000000, -0.000000000000000000, -0.000000000000000000 ) ) ;
ENDSEC;
END-ISO-10303-21;
