ISO-10303-21;
HEADER;
FILE_DESCRIPTION (( 'STEP AP214' ),
    '1' );
FILE_NAME ('tool holer.STEP',
    '2026-08-28T18:55:10',
    ( '' ),
    ( '' ),
    'SwSTEP 2.0',
    'SolidWorks 2025',
    '' );
FILE_SCHEMA (( 'AUTOMOTIVE_DESIGN' ));
ENDSEC;

DATA;
#1 = DIRECTION ( 'NONE',  ( -0.9341530342453934210, -0.3568726784304524502, -9.905206611328449356E-16 ) ) ;
#2 = EDGE_LOOP ( 'NONE', ( #658, #836, #327, #3246, #2114 ) ) ;
#3 = CARTESIAN_POINT ( 'NONE',  ( -11.44783213199050742, 2.003709845880712770, 0.9257745012477015534 ) ) ;
#4 = EDGE_CURVE ( 'NONE', #3532, #882, #2182, .T. ) ;
#5 = ORIENTED_EDGE ( 'NONE', *, *, #4283, .F. ) ;
#6 = CARTESIAN_POINT ( 'NONE',  ( -11.64954727823941028, -1.099663420607619457, 0.7123861535993826211 ) ) ;
#7 = DIRECTION ( 'NONE',  ( 0.000000000000000000, 0.000000000000000000, -1.000000000000000000 ) ) ;
#8 =( BOUNDED_CURVE ( )  B_SPLINE_CURVE ( 3, ( #2761, #4511, #198, #471 ),
 .UNSPECIFIED., .F., .T. ) 
 B_SPLINE_CURVE_WITH_KNOTS ( ( 4, 4 ),
 ( 0.7853981633974550514, 1.570796326794848152 ),
 .UNSPECIFIED. ) 
 CURVE ( )  GEOMETRIC_REPRESENTATION_ITEM ( )  RATIONAL_B_SPLINE_CURVE ( ( 1.000000000000000000, 0.9492530216741981164, 0.9492530216741981164, 1.000000000000000000 ) ) 
 REPRESENTATION_ITEM ( '' )  );
#9 = AXIS2_PLACEMENT_3D ( 'NONE', #2192, #4050, #1106 ) ;
#10 = CARTESIAN_POINT ( 'NONE',  ( -12.00647244174907868, -1.230566734750538460, 0.3216719330474840377 ) ) ;
#11 = DIRECTION ( 'NONE',  ( 0.000000000000000000, 0.000000000000000000, 1.000000000000000000 ) ) ;
#12 = EDGE_CURVE ( 'NONE', #2241, #3996, #3484, .T. ) ;
#13 = DIRECTION ( 'NONE',  ( 1.000000000000000000, 0.000000000000000000, 0.000000000000000000 ) ) ;
#14 = ORIENTED_EDGE ( 'NONE', *, *, #642, .F. ) ;
#15 = DIRECTION ( 'NONE',  ( 0.000000000000000000, -0.7546413764697773585, -0.6561374801974046989 ) ) ;
#16 = VECTOR ( 'NONE', #3614, 100.0000000000000000 ) ;
#17 = AXIS2_PLACEMENT_3D ( 'NONE', #2958, #1457, #1126 ) ;
#18 = VECTOR ( 'NONE', #1265, 100.0000000000000000 ) ;
#19 = LINE ( 'NONE', #2849, #3090 ) ;
#20 = DIRECTION ( 'NONE',  ( 0.000000000000000000, -0.000000000000000000, -1.000000000000000000 ) ) ;
#21 = ORIENTED_EDGE ( 'NONE', *, *, #3847, .T. ) ;
#22 = EDGE_LOOP ( 'NONE', ( #1732, #3418, #423, #4067 ) ) ;
#23 = AXIS2_PLACEMENT_3D ( 'NONE', #2280, #3435, #831 ) ;
#24 = CARTESIAN_POINT ( 'NONE',  ( -11.45571987167013894, 2.010142954392780901, 0.3505948356956934964 ) ) ;
#25 = VECTOR ( 'NONE', #116, 100.0000000000000000 ) ;
#26 = CIRCLE ( 'NONE', #1173, 0.1250000000000000278 ) ;
#27 = DIRECTION ( 'NONE',  ( 1.000000000000000000, 0.000000000000000000, 0.000000000000000000 ) ) ;
#28 = FACE_OUTER_BOUND ( 'NONE', #519, .T. ) ;
#29 = ORIENTED_EDGE ( 'NONE', *, *, #2146, .F. ) ;
#30 = EDGE_CURVE ( 'NONE', #1388, #4249, #567, .T. ) ;
#31 = CIRCLE ( 'NONE', #640, 0.1250000000000002498 ) ;
#32 = CIRCLE ( 'NONE', #1869, 0.1249999999999997918 ) ;
#33 = CARTESIAN_POINT ( 'NONE',  ( -10.10360319528077611, 0.2754666966858480559, 0.3475602806958025814 ) ) ;
#34 = ORIENTED_EDGE ( 'NONE', *, *, #979, .F. ) ;
#35 = DIRECTION ( 'NONE',  ( -0.000000000000000000, -0.000000000000000000, -1.000000000000000000 ) ) ;
#36 = VECTOR ( 'NONE', #1908, 100.0000000000000142 ) ;
#37 = DIRECTION ( 'NONE',  ( 0.4939870479425909067, -0.8694692613686606508, 0.000000000000000000 ) ) ;
#38 = VECTOR ( 'NONE', #818, 100.0000000000000142 ) ;
#39 = EDGE_CURVE ( 'NONE', #2121, #4233, #1801, .T. ) ;
#40 = TOROIDAL_SURFACE ( 'NONE', #3263, 0.3750000000000000000, 0.1250000000000000000 ) ;
#41 = CARTESIAN_POINT ( 'NONE',  ( -7.563258757786581299, -2.916666666666666075, 0.1250000000000000000 ) ) ;
#42 = CARTESIAN_POINT ( 'NONE',  ( -12.10875897698517001, 1.736240089222062410, 1.125000000000000222 ) ) ;
#43 = DIRECTION ( 'NONE',  ( -0.000000000000000000, 0.000000000000000000, 1.000000000000000000 ) ) ;
#44 = CARTESIAN_POINT ( 'NONE',  ( -10.17250289965250154, -0.2394298831312756948, 0.7565803274235424203 ) ) ;
#45 = CIRCLE ( 'NONE', #2265, 0.2500000000000002220 ) ;
#46 =( BOUNDED_CURVE ( )  B_SPLINE_CURVE ( 3, ( #3685, #1129, #4076, #769 ),
 .UNSPECIFIED., .F., .F. ) 
 B_SPLINE_CURVE_WITH_KNOTS ( ( 4, 4 ),
 ( 2.087465748914480557, 2.248205930708662592 ),
 .UNSPECIFIED. ) 
 CURVE ( )  GEOMETRIC_REPRESENTATION_ITEM ( )  RATIONAL_B_SPLINE_CURVE ( ( 1.000000000000000000, 0.9978480415586054031, 0.9978480415586054031, 1.000000000000000000 ) ) 
 REPRESENTATION_ITEM ( '' )  );
#47 = AXIS2_PLACEMENT_3D ( 'NONE', #4375, #1490, #1773 ) ;
#48 = DIRECTION ( 'NONE',  ( -1.000000000000000000, 0.000000000000000000, 0.000000000000000000 ) ) ;
#49 = CARTESIAN_POINT ( 'NONE',  ( -7.146592091119913448, -0.5416666666666667407, 0.4375000000000000555 ) ) ;
#50 = VERTEX_POINT ( 'NONE', #4729 ) ;
#51 = EDGE_LOOP ( 'NONE', ( #2151, #1575, #2305, #680 ) ) ;
#52 = CARTESIAN_POINT ( 'NONE',  ( -9.254731733816658590, 0.2150538542697161826, 0.7123861535993823990 ) ) ;
#53 = CYLINDRICAL_SURFACE ( 'NONE', #2950, 0.1250000000000000555 ) ;
#54 = CARTESIAN_POINT ( 'NONE',  ( -2.182773152803163530, -2.916666666666666075, 4.160364203737556110 ) ) ;
#55 = EDGE_CURVE ( 'NONE', #2917, #3438, #4351, .T. ) ;
#56 = DIRECTION ( 'NONE',  ( -0.7749432854958506756, 0.6320307779411509230, -1.305935858537982472E-16 ) ) ;
#57 = ORIENTED_EDGE ( 'NONE', *, *, #1629, .T. ) ;
#58 = DIRECTION ( 'NONE',  ( 0.8694692613686837435, 0.4939870479425503280, -6.700788708272350838E-17 ) ) ;
#59 = EDGE_LOOP ( 'NONE', ( #1252, #784, #4136, #1969 ) ) ;
#60 = CARTESIAN_POINT ( 'NONE',  ( -13.86161535150948509, 2.250695823602320900, 1.250000000000000000 ) ) ;
#61 = EDGE_CURVE ( 'NONE', #4515, #3447, #3805, .T. ) ;
#62 = DIRECTION ( 'NONE',  ( -1.000000000000000000, 0.000000000000000000, 0.000000000000000000 ) ) ;
#63 = CARTESIAN_POINT ( 'NONE',  ( -8.391147595693485783, -0.5416666666666666297, 1.125000000000000222 ) ) ;
#64 = CARTESIAN_POINT ( 'NONE',  ( -9.883200675636496513, 1.114474338202338988, 0.1250000000000000000 ) ) ;
#65 = LINE ( 'NONE', #3376, #2249 ) ;
#66 = EDGE_CURVE ( 'NONE', #3128, #3391, #1765, .T. ) ;
#67 = DIRECTION ( 'NONE',  ( -0.8694692613686837435, -0.4939870479425503835, 6.938893903907225296E-18 ) ) ;
#68 = CARTESIAN_POINT ( 'NONE',  ( -9.287897071309865638, 0.2421029486342162196, 0.7123861535993827321 ) ) ;
#69 = DIRECTION ( 'NONE',  ( 1.000000000000000000, 0.000000000000000000, 0.000000000000000000 ) ) ;
#70 = ORIENTED_EDGE ( 'NONE', *, *, #4417, .F. ) ;
#71 = ORIENTED_EDGE ( 'NONE', *, *, #4460, .T. ) ;
#72 = FACE_OUTER_BOUND ( 'NONE', #1807, .T. ) ;
#73 = CARTESIAN_POINT ( 'NONE',  ( -7.096592091119912737, -0.5416666666666667407, 0.7750000000000001332 ) ) ;
#74 = FACE_OUTER_BOUND ( 'NONE', #1684, .T. ) ;
#75 = CARTESIAN_POINT ( 'NONE',  ( -7.563258757786579523, -0.5416666666666666297, 1.125000000000000222 ) ) ;
#76 = VERTEX_POINT ( 'NONE', #2523 ) ;
#77 = ORIENTED_EDGE ( 'NONE', *, *, #2942, .F. ) ;
#78 = CARTESIAN_POINT ( 'NONE',  ( -11.97559825125246569, -1.284908563585961616, 0.4984486283441203480 ) ) ;
#79 = CYLINDRICAL_SURFACE ( 'NONE', #3646, 0.06250000000000023592 ) ;
#80 = EDGE_CURVE ( 'NONE', #2062, #1100, #1745, .T. ) ;
#81 = CARTESIAN_POINT ( 'NONE',  ( -11.89038223192071442, -1.308376201925209203, 1.226479224199663244E-15 ) ) ;
#82 = CARTESIAN_POINT ( 'NONE',  ( -13.28111448532395755, 1.092294035186561985, 0.7597659087353652030 ) ) ;
#83 = DIRECTION ( 'NONE',  ( 0.000000000000000000, -1.000000000000000000, 0.000000000000000000 ) ) ;
#84 = LINE ( 'NONE', #4459, #2651 ) ;
#85 = EDGE_CURVE ( 'NONE', #2492, #3443, #4630, .T. ) ;
#86 = CARTESIAN_POINT ( 'NONE',  ( -13.19378908746932666, 0.9857572185291624267, 0.8007745012477016644 ) ) ;
#87 = DIRECTION ( 'NONE',  ( 0.000000000000000000, -1.000000000000000000, 0.000000000000000000 ) ) ;
#88 = CIRCLE ( 'NONE', #2542, 0.1249999999999999445 ) ;
#89 = ORIENTED_EDGE ( 'NONE', *, *, #296, .T. ) ;
#90 = ORIENTED_EDGE ( 'NONE', *, *, #4151, .T. ) ;
#91 = ADVANCED_FACE ( 'NONE', ( #2830 ), #3269, .T. ) ;
#92 = VECTOR ( 'NONE', #2113, 100.0000000000000142 ) ;
#93 = CARTESIAN_POINT ( 'NONE',  ( -9.287897071316063347, 0.2421029486378023232, 0.7333218300729765771 ) ) ;
#94 = FACE_OUTER_BOUND ( 'NONE', #2042, .T. ) ;
#95 = CARTESIAN_POINT ( 'NONE',  ( -11.62519584644442006, 2.148364723886541761, 0.7123861535993830651 ) ) ;
#96 = DIRECTION ( 'NONE',  ( 1.000000000000000000, 0.000000000000000000, 0.000000000000000000 ) ) ;
#97 = AXIS2_PLACEMENT_3D ( 'NONE', #3177, #2335, #534 ) ;
#98 = LINE ( 'NONE', #4430, #3158 ) ;
#99 = ORIENTED_EDGE ( 'NONE', *, *, #4496, .F. ) ;
#100 = TOROIDAL_SURFACE ( 'NONE', #2781, 0.3750000000000000000, 0.1250000000000000000 ) ;
#101 = EDGE_CURVE ( 'NONE', #3491, #2025, #1867, .T. ) ;
#102 = VECTOR ( 'NONE', #1307, 99.99999999999998579 ) ;
#103 = VECTOR ( 'NONE', #1142, 100.0000000000000000 ) ;
#104 = FILL_AREA_STYLE ('',( #796 ) ) ;
#105 = ORIENTED_EDGE ( 'NONE', *, *, #754, .T. ) ;
#106 = CYLINDRICAL_SURFACE ( 'NONE', #4564, 0.06249999999999979877 ) ;
#107 = CARTESIAN_POINT ( 'NONE',  ( -9.285162536271212019, 0.2398727076086650811, 0.8007745012477011093 ) ) ;
#108 = EDGE_LOOP ( 'NONE', ( #2506, #4727, #2193, #2409 ) ) ;
#109 = CIRCLE ( 'NONE', #1943, 0.1249999999999999722 ) ;
#110 = VECTOR ( 'NONE', #517, 100.0000000000000142 ) ;
#111 = VECTOR ( 'NONE', #618, 100.0000000000000142 ) ;
#112 = SPHERICAL_SURFACE ( 'NONE', #4465, 0.1250000000000000000 ) ;
#113 = CARTESIAN_POINT ( 'NONE',  ( -11.63382357956933078, 2.045588939707508658, 0.7123861535993830651 ) ) ;
#114 = DIRECTION ( 'NONE',  ( -0.3568726784304422361, 0.9341530342453971958, 0.000000000000000000 ) ) ;
#115 = AXIS2_PLACEMENT_3D ( 'NONE', #4671, #686, #4311 ) ;
#116 = DIRECTION ( 'NONE',  ( 0.000000000000000000, 0.000000000000000000, 1.000000000000000000 ) ) ;
#117 = AXIS2_PLACEMENT_3D ( 'NONE', #627, #7, #1465 ) ;
#118 = CARTESIAN_POINT ( 'NONE',  ( -13.04411535150948609, 2.250695823602320900, 0.000000000000000000 ) ) ;
#119 = EDGE_LOOP ( 'NONE', ( #3067, #4254, #3921, #558, #2757 ) ) ;
#120 = ORIENTED_EDGE ( 'NONE', *, *, #3903, .T. ) ;
#121 = VECTOR ( 'NONE', #4052, 100.0000000000000000 ) ;
#122 = DIRECTION ( 'NONE',  ( 0.8694692613686837435, 0.4939870479425503835, -5.887846720064159649E-17 ) ) ;
#123 = LINE ( 'NONE', #609, #3720 ) ;
#124 = CARTESIAN_POINT ( 'NONE',  ( -3.990350480855739956, -2.267108846598103966, 0.3475602806958032476 ) ) ;
#125 = VERTEX_POINT ( 'NONE', #286 ) ;
#126 = DIRECTION ( 'NONE',  ( 0.000000000000000000, -0.000000000000000000, 1.000000000000000000 ) ) ;
#127 = ORIENTED_EDGE ( 'NONE', *, *, #902, .T. ) ;
#128 = CARTESIAN_POINT ( 'NONE',  ( -11.72408416766313977, -0.9684706404287001247, 0.3475602806958025814 ) ) ;
#129 = ORIENTED_EDGE ( 'NONE', *, *, #981, .F. ) ;
#130 = DIRECTION ( 'NONE',  ( 0.8000000000000001554, -0.000000000000000000, -0.5999999999999998668 ) ) ;
#131 = CARTESIAN_POINT ( 'NONE',  ( -8.727499999999999147, -1.666666666666666297, 1.125000000000000222 ) ) ;
#132 = VERTEX_POINT ( 'NONE', #4371 ) ;
#133 = CARTESIAN_POINT ( 'NONE',  ( -10.16346005861974788, -0.2553462362951269271, 0.7123861535993827321 ) ) ;
#134 = DIRECTION ( 'NONE',  ( -0.000000000000000000, 0.000000000000000000, 1.000000000000000000 ) ) ;
#135 = CARTESIAN_POINT ( 'NONE',  ( -9.265806981364386630, 0.2240866408677738564, 0.4333471739202465756 ) ) ;
#136 = FACE_OUTER_BOUND ( 'NONE', #3105, .T. ) ;
#137 = CARTESIAN_POINT ( 'NONE',  ( -9.432095448270571225, 0.3597087322755448957, 0.9257745012477016644 ) ) ;
#138 = ORIENTED_EDGE ( 'NONE', *, *, #2191, .F. ) ;
#139 = ORIENTED_EDGE ( 'NONE', *, *, #3854, .F. ) ;
#140 = EDGE_CURVE ( 'NONE', #2134, #577, #1712, .T. ) ;
#141 = ADVANCED_FACE ( 'NONE', ( #1343 ), #3180, .T. ) ;
#142 = CARTESIAN_POINT ( 'NONE',  ( -9.285162536271212019, 0.2398727076086654697, 0.8007745012477012203 ) ) ;
#143 = DIRECTION ( 'NONE',  ( -0.000000000000000000, 0.000000000000000000, 1.000000000000000000 ) ) ;
#144 = CARTESIAN_POINT ( 'NONE',  ( -9.433543210359458087, 0.2954351570152314310, 0.8565925233492421853 ) ) ;
#145 = ORIENTED_EDGE ( 'NONE', *, *, #2019, .F. ) ;
#146 = CARTESIAN_POINT ( 'NONE',  ( -10.11501717385964128, 0.5940840122429771331, 1.125000000000000222 ) ) ;
#147 = ORIENTED_EDGE ( 'NONE', *, *, #3764, .T. ) ;
#148 = EDGE_CURVE ( 'NONE', #729, #3233, #1015, .T. ) ;
#149 = EDGE_CURVE ( 'NONE', #446, #3034, #3254, .T. ) ;
#150 = CARTESIAN_POINT ( 'NONE',  ( -13.19378908746932666, 0.9857572185291665345, 0.8632745012477016644 ) ) ;
#151 = VERTEX_POINT ( 'NONE', #427 ) ;
#152 = CARTESIAN_POINT ( 'NONE',  ( -4.917043905164746320, -3.403342827513964330, 0.2850602806958033031 ) ) ;
#153 = DIRECTION ( 'NONE',  ( -0.000000000000000000, 0.000000000000000000, 1.000000000000000000 ) ) ;
#154 = EDGE_LOOP ( 'NONE', ( #969, #3591, #3068, #4583 ) ) ;
#155 = EDGE_CURVE ( 'NONE', #1440, #2058, #723, .T. ) ;
#156 = EDGE_LOOP ( 'NONE', ( #1284, #3976, #4487, #4747, #1067, #1023, #2955, #1366, #2892, #2049, #1143, #3894, #1177, #1154, #2874, #991 ) ) ;
#157 = CYLINDRICAL_SURFACE ( 'NONE', #172, 0.1250000000000002776 ) ;
#158 = DIRECTION ( 'NONE',  ( 0.3493015914185311210, -0.6148076107470366036, 0.7071067811865487940 ) ) ;
#159 = CYLINDRICAL_SURFACE ( 'NONE', #1243, 0.06250000000000004163 ) ;
#160 = ADVANCED_FACE ( 'NONE', ( #2543 ), #2641, .T. ) ;
#161 = ADVANCED_FACE ( 'NONE', ( #4490 ), #53, .T. ) ;
#162 = LINE ( 'NONE', #2034, #186 ) ;
#163 = CARTESIAN_POINT ( 'NONE',  ( -11.62249167836217723, 2.146159249642567435, 0.7451046407220196510 ) ) ;
#164 = ORIENTED_EDGE ( 'NONE', *, *, #4417, .T. ) ;
#165 = ORIENTED_EDGE ( 'NONE', *, *, #3225, .T. ) ;
#166 = CYLINDRICAL_SURFACE ( 'NONE', #4697, 0.06250000000000005551 ) ;
#167 = DIRECTION ( 'NONE',  ( -0.4939870479425929606, 0.8694692613686595406, 0.000000000000000000 ) ) ;
#168 = CARTESIAN_POINT ( 'NONE',  ( -10.35202871558757209, 0.3034802801820321583, 0.000000000000000000 ) ) ;
#169 = EDGE_LOOP ( 'NONE', ( #34, #4664, #1981, #3309 ) ) ;
#170 = FACE_BOUND ( 'NONE', #2500, .T. ) ;
#171 = ORIENTED_EDGE ( 'NONE', *, *, #2882, .T. ) ;
#172 = AXIS2_PLACEMENT_3D ( 'NONE', #2052, #3448, #4265 ) ;
#173 = EDGE_CURVE ( 'NONE', #669, #1428, #2154, .T. ) ;
#174 = FACE_OUTER_BOUND ( 'NONE', #1363, .T. ) ;
#175 = ORIENTED_EDGE ( 'NONE', *, *, #3135, .T. ) ;
#176 = AXIS2_PLACEMENT_3D ( 'NONE', #2498, #1760, #2156 ) ;
#177 = ADVANCED_FACE ( 'NONE', ( #4070 ), #2610, .T. ) ;
#178 = CARTESIAN_POINT ( 'NONE',  ( -9.433839773493717829, 0.2955585981096814363, 0.3539884320098243831 ) ) ;
#179 = LINE ( 'NONE', #1220, #4324 ) ;
#180 = EDGE_LOOP ( 'NONE', ( #2760, #1797, #2278 ) ) ;
#181 = AXIS2_PLACEMENT_3D ( 'NONE', #691, #4675, #3676 ) ;
#182 = ORIENTED_EDGE ( 'NONE', *, *, #642, .T. ) ;
#183 = CARTESIAN_POINT ( 'NONE',  ( -3.828602759503051178, -4.694312531697667268, 0.8632745012477016644 ) ) ;
#184 = DIRECTION ( 'NONE',  ( 0.8694692613686597626, 0.4939870479425924055, 0.000000000000000000 ) ) ;
#185 = EDGE_CURVE ( 'NONE', #2232, #1110, #1479, .T. ) ;
#186 = VECTOR ( 'NONE', #2774, 100.0000000000000000 ) ;
#187 = DIRECTION ( 'NONE',  ( 1.000000000000000000, 0.000000000000000000, 0.000000000000000000 ) ) ;
#188 = AXIS2_PLACEMENT_3D ( 'NONE', #3891, #2438, #227 ) ;
#189 = EDGE_CURVE ( 'NONE', #921, #2164, #31, .T. ) ;
#190 = CIRCLE ( 'NONE', #722, 0.2500000000000002220 ) ;
#191 = CARTESIAN_POINT ( 'NONE',  ( -9.362499999999998934, -1.666666666666666297, 1.125000000000000222 ) ) ;
#192 = ORIENTED_EDGE ( 'NONE', *, *, #3139, .T. ) ;
#193 = VERTEX_POINT ( 'NONE', #3757 ) ;
#194 = AXIS2_PLACEMENT_3D ( 'NONE', #2315, #3160, #917 ) ;
#195 = DIRECTION ( 'NONE',  ( 1.000000000000000000, 0.000000000000000000, 0.000000000000000000 ) ) ;
#196 = LINE ( 'NONE', #2783, #92 ) ;
#197 = EDGE_LOOP ( 'NONE', ( #2845, #2287, #1584, #3806, #4020, #4127 ) ) ;
#198 = CARTESIAN_POINT ( 'NONE',  ( -11.79272190322982183, 1.801089792880057550, 0.8632745012477007762 ) ) ;
#199 = ORIENTED_EDGE ( 'NONE', *, *, #1525, .F. ) ;
#200 = AXIS2_PLACEMENT_3D ( 'NONE', #822, #2745, #3078 ) ;
#201 = CARTESIAN_POINT ( 'NONE',  ( -12.92106661151323799, 1.140703893231679755, 0.8632745012477016644 ) ) ;
#202 = ORIENTED_EDGE ( 'NONE', *, *, #3617, .F. ) ;
#203 = CARTESIAN_POINT ( 'NONE',  ( -11.42904884025659662, 1.988390507409017571, 0.9257745012477016644 ) ) ;
#204 = CIRCLE ( 'NONE', #2501, 0.06250000000000005551 ) ;
#205 = CYLINDRICAL_SURFACE ( 'NONE', #4706, 0.1249999999999998335 ) ;
#206 = VERTEX_POINT ( 'NONE', #2925 ) ;
#207 = ADVANCED_FACE ( 'NONE', ( #2234 ), #1104, .T. ) ;
#208 = ORIENTED_EDGE ( 'NONE', *, *, #148, .F. ) ;
#209 = CARTESIAN_POINT ( 'NONE',  ( -11.59476504398986663, 2.123545870547592695, 0.4100602806958011937 ) ) ;
#210 = LINE ( 'NONE', #984, #3574 ) ;
#211 = CARTESIAN_POINT ( 'NONE',  ( -7.488258757786579345, -2.916666666666666075, 1.224999999999999867 ) ) ;
#212 = DIRECTION ( 'NONE',  ( 1.000000000000000000, 0.000000000000000000, 0.000000000000000000 ) ) ;
#213 = ORIENTED_EDGE ( 'NONE', *, *, #1133, .T. ) ;
#214 = ORIENTED_EDGE ( 'NONE', *, *, #4435, .F. ) ;
#215 = CARTESIAN_POINT ( 'NONE',  ( -13.04411535150948609, 2.250695823602320900, 1.125000000000000222 ) ) ;
#216 = FACE_OUTER_BOUND ( 'NONE', #2447, .T. ) ;
#217 = ORIENTED_EDGE ( 'NONE', *, *, #506, .T. ) ;
#218 = FACE_OUTER_BOUND ( 'NONE', #3102, .T. ) ;
#219 = ORIENTED_EDGE ( 'NONE', *, *, #3358, .F. ) ;
#220 = VERTEX_POINT ( 'NONE', #1916 ) ;
#221 = FACE_BOUND ( 'NONE', #156, .T. ) ;
#222 = CARTESIAN_POINT ( 'NONE',  ( -8.628159137421414826, -0.4572703987276093285, 0.000000000000000000 ) ) ;
#223 = ORIENTED_EDGE ( 'NONE', *, *, #4206, .F. ) ;
#224 = ORIENTED_EDGE ( 'NONE', *, *, #2684, .F. ) ;
#225 = DIRECTION ( 'NONE',  ( -0.8694692613686595406, -0.4939870479425931826, 0.000000000000000000 ) ) ;
#226 = LINE ( 'NONE', #1324, #4259 ) ;
#227 = DIRECTION ( 'NONE',  ( -1.000000000000000000, 0.000000000000000000, 0.000000000000000000 ) ) ;
#228 = EDGE_CURVE ( 'NONE', #1428, #3789, #3385, .T. ) ;
#229 = ADVANCED_FACE ( 'NONE', ( #94 ), #2127, .T. ) ;
#230 = FACE_OUTER_BOUND ( 'NONE', #2614, .T. ) ;
#231 = ADVANCED_FACE ( 'NONE', ( #989 ), #3914, .F. ) ;
#232 = VERTEX_POINT ( 'NONE', #3577 ) ;
#233 = ORIENTED_EDGE ( 'NONE', *, *, #1333, .T. ) ;
#234 = CARTESIAN_POINT ( 'NONE',  ( -8.391147595693485783, -0.1666666666666670460, 1.125000000000000222 ) ) ;
#235 = DIRECTION ( 'NONE',  ( -0.000000000000000000, -0.000000000000000000, -1.000000000000000000 ) ) ;
#236 = EDGE_LOOP ( 'NONE', ( #3513, #2993, #4212, #1608 ) ) ;
#237 = CARTESIAN_POINT ( 'NONE',  ( -6.360797681408639548, 1.905128027146585357, 1.226479224199663244E-15 ) ) ;
#238 = EDGE_LOOP ( 'NONE', ( #4610, #4416, #2829, #4376 ) ) ;
#239 = EDGE_CURVE ( 'NONE', #4655, #3604, #123, .T. ) ;
#240 = CIRCLE ( 'NONE', #701, 0.6925000000000001155 ) ;
#241 = DIRECTION ( 'NONE',  ( -0.8694692613686595406, -0.4939870479425929606, 0.000000000000000000 ) ) ;
#242 = LINE ( 'NONE', #4195, #1007 ) ;
#243 = CARTESIAN_POINT ( 'NONE',  ( -13.32266780572859766, 1.086075808211673044, 0.7123861535993831762 ) ) ;
#244 = EDGE_LOOP ( 'NONE', ( #1768, #4099, #2575, #543 ) ) ;
#245 = VECTOR ( 'NONE', #345, 99.99999999999998579 ) ;
#246 = VECTOR ( 'NONE', #1802, 99.99999999999998579 ) ;
#247 = AXIS2_PLACEMENT_3D ( 'NONE', #4211, #953, #1722 ) ;
#248 = ORIENTED_EDGE ( 'NONE', *, *, #2200, .T. ) ;
#249 = CARTESIAN_POINT ( 'NONE',  ( -11.90417521761478348, 1.891989251347880208, 0.4984486283441197374 ) ) ;
#250 = CARTESIAN_POINT ( 'NONE',  ( -9.977028715587572094, 0.3034802801820321583, 1.250000000000000000 ) ) ;
#251 = CARTESIAN_POINT ( 'NONE',  ( -11.87174743525724097, 2.026843821283004665, 0.000000000000000000 ) ) ;
#252 = AXIS2_PLACEMENT_3D ( 'NONE', #4699, #304, #2207 ) ;
#253 = CIRCLE ( 'NONE', #3397, 0.1249999999999999584 ) ;
#254 = CIRCLE ( 'NONE', #2863, 0.1250000000000001110 ) ;
#255 = CARTESIAN_POINT ( 'NONE',  ( -13.01885275699648048, 1.057415449457808965, 1.250000000000000000 ) ) ;
#256 = CARTESIAN_POINT ( 'NONE',  ( -11.52410985780557695, 1.970583407649852736, 0.8553861508157842852 ) ) ;
#257 = ORIENTED_EDGE ( 'NONE', *, *, #3553, .F. ) ;
#258 = ORIENTED_EDGE ( 'NONE', *, *, #3592, .F. ) ;
#259 = DIRECTION ( 'NONE',  ( -5.892993154733278871E-33, 1.037228896351944443E-32, -1.000000000000000000 ) ) ;
#260 = ADVANCED_FACE ( 'NONE', ( #2075 ), #2740, .F. ) ;
#261 = CARTESIAN_POINT ( 'NONE',  ( -9.325107847934390293, 0.2209617277617692832, 0.4984486283441203480 ) ) ;
#262 = AXIS2_PLACEMENT_3D ( 'NONE', #4680, #3609, #602 ) ;
#263 = ORIENTED_EDGE ( 'NONE', *, *, #2693, .T. ) ;
#264 = ORIENTED_EDGE ( 'NONE', *, *, #1073, .T. ) ;
#265 = VECTOR ( 'NONE', #3037, 100.0000000000000000 ) ;
#266 = CARTESIAN_POINT ( 'NONE',  ( -13.04411535150948609, 2.250695823602320900, 0.000000000000000000 ) ) ;
#267 = DIRECTION ( 'NONE',  ( -1.000000000000000000, 0.000000000000000000, 0.000000000000000000 ) ) ;
#268 = DIRECTION ( 'NONE',  ( -0.4939870479425754746, 0.8694692613686694216, 0.000000000000000000 ) ) ;
#269 = ORIENTED_EDGE ( 'NONE', *, *, #3750, .F. ) ;
#270 = AXIS2_PLACEMENT_3D ( 'NONE', #4711, #3612, #312 ) ;
#271 = ORIENTED_EDGE ( 'NONE', *, *, #987, .F. ) ;
#272 = CARTESIAN_POINT ( 'NONE',  ( -1.020553302760442760, 2.671409222403203998, 1.125000000000000222 ) ) ;
#273 = DIRECTION ( 'NONE',  ( 0.4939870479426071159, -0.8694692613686514360, 0.000000000000000000 ) ) ;
#274 = DIRECTION ( 'NONE',  ( 0.8000000000000003775, -0.000000000000000000, 0.5999999999999994227 ) ) ;
#275 = CARTESIAN_POINT ( 'NONE',  ( -7.021592091119913448, -0.5416666666666667407, 0.4375000000000000555 ) ) ;
#276 = LINE ( 'NONE', #255, #644 ) ;
#277 = CARTESIAN_POINT ( 'NONE',  ( -11.52129858799018614, 2.063627858214154287, 0.8891628488960195975 ) ) ;
#278 = ORIENTED_EDGE ( 'NONE', *, *, #513, .F. ) ;
#279 = ORIENTED_EDGE ( 'NONE', *, *, #61, .T. ) ;
#280 = DIRECTION ( 'NONE',  ( -0.7749432854958503425, 0.6320307779411513671, -0.000000000000000000 ) ) ;
#281 = DIRECTION ( 'NONE',  ( 0.000000000000000000, -0.000000000000000000, -1.000000000000000000 ) ) ;
#282 = EDGE_CURVE ( 'NONE', #3773, #1672, #3019, .T. ) ;
#283 = ORIENTED_EDGE ( 'NONE', *, *, #4096, .F. ) ;
#284 = VERTEX_POINT ( 'NONE', #1580 ) ;
#285 = ADVANCED_FACE ( 'NONE', ( #4558 ), #3211, .T. ) ;
#286 = CARTESIAN_POINT ( 'NONE',  ( -11.72913114844205040, -1.212630494117891145, 1.250000000000000000 ) ) ;
#287 = EDGE_CURVE ( 'NONE', #4710, #2120, #1622, .T. ) ;
#288 = LINE ( 'NONE', #2503, #3866 ) ;
#289 = LINE ( 'NONE', #1767, #1405 ) ;
#290 = ORIENTED_EDGE ( 'NONE', *, *, #1280, .T. ) ;
#291 = EDGE_CURVE ( 'NONE', #2414, #4678, #3808, .T. ) ;
#292 = ORIENTED_EDGE ( 'NONE', *, *, #4561, .T. ) ;
#293 = CARTESIAN_POINT ( 'NONE',  ( -7.146592091119913448, -3.041666666666666075, 0.8125000000000002220 ) ) ;
#294 = DIRECTION ( 'NONE',  ( 1.000000000000000000, 0.000000000000000000, 0.000000000000000000 ) ) ;
#295 = LINE ( 'NONE', #2868, #946 ) ;
#296 = EDGE_CURVE ( 'NONE', #3266, #4515, #3777, .T. ) ;
#297 = CYLINDRICAL_SURFACE ( 'NONE', #333, 0.1250000000000000000 ) ;
#298 = DIRECTION ( 'NONE',  ( -0.8694692613686595406, -0.4939870479425931826, 0.000000000000000000 ) ) ;
#299 = DIRECTION ( 'NONE',  ( -0.3493015914185312321, 0.6148076107470368257, 0.7071067811865487940 ) ) ;
#300 = EDGE_CURVE ( 'NONE', #125, #1748, #276, .T. ) ;
#301 = ORIENTED_EDGE ( 'NONE', *, *, #3490, .F. ) ;
#302 = VERTEX_POINT ( 'NONE', #1715 ) ;
#303 = EDGE_CURVE ( 'NONE', #2492, #4678, #1235, .T. ) ;
#304 = DIRECTION ( 'NONE',  ( 0.000000000000000000, -0.000000000000000000, -1.000000000000000000 ) ) ;
#305 = DIRECTION ( 'NONE',  ( 0.000000000000000000, 0.000000000000000000, 1.000000000000000000 ) ) ;
#306 = ORIENTED_EDGE ( 'NONE', *, *, #2200, .F. ) ;
#307 = ORIENTED_EDGE ( 'NONE', *, *, #740, .F. ) ;
#308 = DIRECTION ( 'NONE',  ( 0.7749432854958506756, -0.6320307779411509230, -0.000000000000000000 ) ) ;
#309 = DIRECTION ( 'NONE',  ( 1.224646799147353207E-16, 1.000000000000000000, 0.000000000000000000 ) ) ;
#310 = EDGE_LOOP ( 'NONE', ( #1056, #2338, #1359, #2079 ) ) ;
#311 = EDGE_CURVE ( 'NONE', #3447, #220, #857, .T. ) ;
#312 = DIRECTION ( 'NONE',  ( 1.000000000000000000, 0.000000000000000000, 0.000000000000000000 ) ) ;
#313 = VERTEX_POINT ( 'NONE', #1356 ) ;
#314 = CIRCLE ( 'NONE', #3775, 0.1249999999999997918 ) ;
#315 = CARTESIAN_POINT ( 'NONE',  ( -9.471597371891892436, 0.3112747769320534097, 0.3475602806958026370 ) ) ;
#316 = SPHERICAL_SURFACE ( 'NONE', #951, 0.1250000000000000000 ) ;
#317 = CARTESIAN_POINT ( 'NONE',  ( -11.99579331184085440, -1.122841592910746034, 0.8632745012477016644 ) ) ;
#318 = ADVANCED_FACE ( 'NONE', ( #2460 ), #3456, .T. ) ;
#319 = CARTESIAN_POINT ( 'NONE',  ( -9.346495809356190065, 0.2298642279368667274, 0.4542544545199612704 ) ) ;
#320 = CARTESIAN_POINT ( 'NONE',  ( -12.93448082989525005, 1.306623384488033945, 1.250000000000000000 ) ) ;
#321 = EDGE_CURVE ( 'NONE', #4552, #3821, #2822, .T. ) ;
#322 = VECTOR ( 'NONE', #652, 100.0000000000000142 ) ;
#323 = FACE_OUTER_BOUND ( 'NONE', #1260, .T. ) ;
#324 = VECTOR ( 'NONE', #305, 100.0000000000000000 ) ;
#325 = ORIENTED_EDGE ( 'NONE', *, *, #2688, .T. ) ;
#326 = LINE ( 'NONE', #1789, #773 ) ;
#327 = ORIENTED_EDGE ( 'NONE', *, *, #12, .F. ) ;
#328 = CIRCLE ( 'NONE', #3794, 0.1250000000000000000 ) ;
#329 = AXIS2_PLACEMENT_3D ( 'NONE', #3753, #4485, #4461 ) ;
#330 = PLANE ( 'NONE',  #3946 ) ;
#331 = CARTESIAN_POINT ( 'NONE',  ( 0.000000000000000000, -0.5416666666666666297, 1.125000000000000222 ) ) ;
#332 = VERTEX_POINT ( 'NONE', #4289 ) ;
#333 = AXIS2_PLACEMENT_3D ( 'NONE', #4381, #1399, #4670 ) ;
#334 = ORIENTED_EDGE ( 'NONE', *, *, #2343, .T. ) ;
#335 = AXIS2_PLACEMENT_3D ( 'NONE', #4138, #1599, #1264 ) ;
#336 = CIRCLE ( 'NONE', #3801, 0.1250000000000001110 ) ;
#337 = DIRECTION ( 'NONE',  ( -0.000000000000000000, -0.000000000000000000, 1.000000000000000000 ) ) ;
#338 = CARTESIAN_POINT ( 'NONE',  ( 0.000000000000000000, -3.041666666666666075, 1.250000000000000000 ) ) ;
#339 = CARTESIAN_POINT ( 'NONE',  ( -13.19378908746932311, 0.9857572185291633149, 0.9257745012477016644 ) ) ;
#340 = ORIENTED_EDGE ( 'NONE', *, *, #877, .F. ) ;
#341 = TOROIDAL_SURFACE ( 'NONE', #2336, 0.1250000000000000000, 0.06250000000000000000 ) ;
#342 = CARTESIAN_POINT ( 'NONE',  ( -11.29284827036054750, -2.360098943167576291, -3.526487295065917849 ) ) ;
#343 = VERTEX_POINT ( 'NONE', #3935 ) ;
#344 = CIRCLE ( 'NONE', #2109, 0.7599999999999995648 ) ;
#345 = DIRECTION ( 'NONE',  ( 0.8694692613686838545, 0.4939870479425503835, -0.000000000000000000 ) ) ;
#346 = CARTESIAN_POINT ( 'NONE',  ( -9.432095448270569449, 0.3597087322755441186, 0.2850602806958025259 ) ) ;
#347 = CARTESIAN_POINT ( 'NONE',  ( -7.071592091119913270, -0.5416666666666667407, 0.3375000000000000222 ) ) ;
#348 = EDGE_CURVE ( 'NONE', #921, #4566, #3956, .T. ) ;
#349 = AXIS2_PLACEMENT_3D ( 'NONE', #1139, #417, #2250 ) ;
#350 = CARTESIAN_POINT ( 'NONE',  ( -9.332618301218339241, 0.2240878700974881788, 0.4661321293817810574 ) ) ;
#351 = LINE ( 'NONE', #4060, #3489 ) ;
#352 = CARTESIAN_POINT ( 'NONE',  ( -11.40308017542880314, -1.027385351139419090, 1.250000000000000000 ) ) ;
#353 = ORIENTED_EDGE ( 'NONE', *, *, #189, .T. ) ;
#354 = DIRECTION ( 'NONE',  ( 0.4939870479425931271, -0.8694692613686595406, 0.000000000000000000 ) ) ;
#355 = FACE_OUTER_BOUND ( 'NONE', #1740, .T. ) ;
#356 = DIRECTION ( 'NONE',  ( 0.000000000000000000, -0.000000000000000000, -1.000000000000000000 ) ) ;
#357 = ORIENTED_EDGE ( 'NONE', *, *, #1640, .F. ) ;
#358 = VERTEX_POINT ( 'NONE', #4186 ) ;
#359 = DIRECTION ( 'NONE',  ( 0.4939870479426071159, -0.8694692613686514360, 0.000000000000000000 ) ) ;
#360 = CARTESIAN_POINT ( 'NONE',  ( -6.435334570832360157, 2.036320807325509019, 0.4100602806958026370 ) ) ;
#361 = VERTEX_POINT ( 'NONE', #2355 ) ;
#362 = CARTESIAN_POINT ( 'NONE',  ( -10.35202871558757209, 0.3034802801820321583, 0.1249999999999999445 ) ) ;
#363 = EDGE_LOOP ( 'NONE', ( #199, #1144, #3100, #2890 ) ) ;
#364 = CARTESIAN_POINT ( 'NONE',  ( -9.417214977397891928, 0.3475724691993592463, 0.8689992854092839503 ) ) ;
#365 = DIRECTION ( 'NONE',  ( 1.000000000000000000, 0.000000000000000000, 0.000000000000000000 ) ) ;
#366 = CARTESIAN_POINT ( 'NONE',  ( -7.021592091119913448, -2.916666666666666075, 0.8125000000000000000 ) ) ;
#367 = DIRECTION ( 'NONE',  ( 0.4939870479425909067, -0.8694692613686606508, -2.151057110211244268E-14 ) ) ;
#368 = CARTESIAN_POINT ( 'NONE',  ( -9.254731733816658590, 0.2150538542697161826, 0.4984486283441203480 ) ) ;
#369 = ORIENTED_EDGE ( 'NONE', *, *, #1731, .T. ) ;
#370 = DIRECTION ( 'NONE',  ( 0.8694692613686837435, 0.4939870479425503835, -6.938893903907225296E-18 ) ) ;
#371 = EDGE_CURVE ( 'NONE', #1562, #1825, #2100, .T. ) ;
#372 = EDGE_CURVE ( 'NONE', #2232, #206, #2800, .T. ) ;
#373 = DIRECTION ( 'NONE',  ( 0.1120543339847352854, 0.9937020812271843972, 0.000000000000000000 ) ) ;
#374 = FACE_OUTER_BOUND ( 'NONE', #2027, .T. ) ;
#375 = ORIENTED_EDGE ( 'NONE', *, *, #1991, .F. ) ;
#376 = ORIENTED_EDGE ( 'NONE', *, *, #3408, .T. ) ;
#377 = CARTESIAN_POINT ( 'NONE',  ( -11.50015676216884586, 2.046384938801789399, 0.3008369815595976493 ) ) ;
#378 = DIRECTION ( 'NONE',  ( -0.8000000000000004885, 0.000000000000000000, -0.5999999999999995337 ) ) ;
#379 = EDGE_CURVE ( 'NONE', #4182, #1655, #3301, .T. ) ;
#380 = CARTESIAN_POINT ( 'NONE',  ( -12.91016909932539747, 1.119163830450632169, 0.1249999999999999445 ) ) ;
#381 = VERTEX_POINT ( 'NONE', #2897 ) ;
#382 = CARTESIAN_POINT ( 'NONE',  ( -13.23745178639664211, 1.062608169872539809, 0.8891628488960211518 ) ) ;
#383 = ORIENTED_EDGE ( 'NONE', *, *, #2077, .F. ) ;
#384 = CARTESIAN_POINT ( 'NONE',  ( -13.01885275699648048, 1.057415449457808299, 0.000000000000000000 ) ) ;
#385 = CARTESIAN_POINT ( 'NONE',  ( -12.00647244174907868, -1.230566734750538904, 0.8891628488960197085 ) ) ;
#386 = CARTESIAN_POINT ( 'NONE',  ( -9.254731733816658590, 0.2150538542697161826, 0.7123861535993827321 ) ) ;
#387 = LINE ( 'NONE', #2291, #2160 ) ;
#388 = CARTESIAN_POINT ( 'NONE',  ( -0.9759442179566372166, 2.554640093122529709, 1.250000000000000000 ) ) ;
#389 = CARTESIAN_POINT ( 'NONE',  ( -11.04937253636030547, -2.915163428652314703, 1.125000000000000222 ) ) ;
#390 = DIRECTION ( 'NONE',  ( -0.8694692613686595406, -0.4939870479425931826, 0.000000000000000000 ) ) ;
#391 = AXIS2_PLACEMENT_3D ( 'NONE', #81, #1889, #3355 ) ;
#392 = ADVANCED_FACE ( 'NONE', ( #2148 ), #2842, .T. ) ;
#393 = CARTESIAN_POINT ( 'NONE',  ( -12.52743019054259577, 2.884211959495178057, 1.250000000000000000 ) ) ;
#394 = CARTESIAN_POINT ( 'NONE',  ( -8.092499999999999361, -1.666666666666666297, 0.1249999999999999445 ) ) ;
#395 = ORIENTED_EDGE ( 'NONE', *, *, #2077, .T. ) ;
#396 = ORIENTED_EDGE ( 'NONE', *, *, #80, .T. ) ;
#397 = PRODUCT_DEFINITION ( 'UNKNOWN', '', #3504, #4091 ) ;
#398 = AXIS2_PLACEMENT_3D ( 'NONE', #3602, #3656, #3217 ) ;
#399 = AXIS2_PLACEMENT_3D ( 'NONE', #2105, #3968, #4313 ) ;
#400 = ADVANCED_FACE ( 'NONE', ( #1400 ), #3279, .T. ) ;
#401 = CARTESIAN_POINT ( 'NONE',  ( -9.310591852750103925, 0.2606124326665855140, 0.7655788567450051429 ) ) ;
#402 = DIRECTION ( 'NONE',  ( 0.8000000000000019318, 0.000000000000000000, 0.5999999999999974243 ) ) ;
#403 = VECTOR ( 'NONE', #2532, 100.0000000000000000 ) ;
#404 = FACE_OUTER_BOUND ( 'NONE', #4446, .T. ) ;
#405 = LINE ( 'NONE', #1877, #2464 ) ;
#406 = EDGE_LOOP ( 'NONE', ( #526, #942, #528, #693 ) ) ;
#407 = VECTOR ( 'NONE', #3736, 100.0000000000000000 ) ;
#408 = DIRECTION ( 'NONE',  ( 0.5668062099020156897, -0.4622776614640019544, 0.6819311432453324384 ) ) ;
#409 = ORIENTED_EDGE ( 'NONE', *, *, #2004, .F. ) ;
#410 = DIRECTION ( 'NONE',  ( 0.8694692613686837435, 0.4939870479425503280, -1.743152798421046211E-32 ) ) ;
#411 = AXIS2_PLACEMENT_3D ( 'NONE', #4362, #4739, #1118 ) ;
#412 = CARTESIAN_POINT ( 'NONE',  ( -7.146592091119913448, -0.4166666666666665741, 0.8125000000000000000 ) ) ;
#413 = CIRCLE ( 'NONE', #485, 0.06249999999999990979 ) ;
#414 = AXIS2_PLACEMENT_3D ( 'NONE', #4438, #3375, #3399 ) ;
#415 = DIRECTION ( 'NONE',  ( 0.9937020812271841752, -0.1120543339847356046, 0.000000000000000000 ) ) ;
#416 = DIRECTION ( 'NONE',  ( -1.000000000000000000, 0.000000000000000000, 0.000000000000000000 ) ) ;
#417 = DIRECTION ( 'NONE',  ( 5.892993154733278871E-33, -1.037228896351944580E-32, 1.000000000000000000 ) ) ;
#418 = CIRCLE ( 'NONE', #3963, 0.1250000000000000000 ) ;
#419 = COLOUR_RGB ( '',0.7921568627450980005, 0.8196078431372548767, 0.9333333333333333481 ) ;
#420 = DIRECTION ( 'NONE',  ( -0.8694692613686595406, -0.4939870479425931826, 0.000000000000000000 ) ) ;
#421 = FACE_OUTER_BOUND ( 'NONE', #2489, .T. ) ;
#422 = ORIENTED_EDGE ( 'NONE', *, *, #4309, .T. ) ;
#423 = ORIENTED_EDGE ( 'NONE', *, *, #1218, .F. ) ;
#424 = AXIS2_PLACEMENT_3D ( 'NONE', #2088, #4277, #3175 ) ;
#425 = EDGE_CURVE ( 'NONE', #2535, #1050, #2415, .T. ) ;
#426 = CARTESIAN_POINT ( 'NONE',  ( -9.471597371891892436, 0.3112747769320539648, 0.9257745012477016644 ) ) ;
#427 = CARTESIAN_POINT ( 'NONE',  ( -10.21311691150694578, -0.6957050899555480283, 1.125000000000000222 ) ) ;
#428 = DIRECTION ( 'NONE',  ( -0.8762120604443242033, 0.4819257464920420619, 0.000000000000000000 ) ) ;
#429 = CARTESIAN_POINT ( 'NONE',  ( -7.146592091119913448, -2.916666666666666075, 1.250000000000000000 ) ) ;
#430 = VERTEX_POINT ( 'NONE', #4721 ) ;
#431 = EDGE_CURVE ( 'NONE', #2499, #132, #1426, .T. ) ;
#432 = CARTESIAN_POINT ( 'NONE',  ( -12.60643403778524174, 2.787344048808197972, 1.250000000000000000 ) ) ;
#433 = ORIENTED_EDGE ( 'NONE', *, *, #2435, .F. ) ;
#434 = EDGE_CURVE ( 'NONE', #151, #2361, #351, .T. ) ;
#435 = DIRECTION ( 'NONE',  ( 0.000000000000000000, -0.000000000000000000, -1.000000000000000000 ) ) ;
#436 = CARTESIAN_POINT ( 'NONE',  ( -13.48661535150948687, 2.250695823602320900, -3.252606517456513302E-17 ) ) ;
#437 = DIRECTION ( 'NONE',  ( -0.3493015914185311765, 0.6148076107470367146, 0.7071067811865486830 ) ) ;
#438 = DIRECTION ( 'NONE',  ( -0.4939870479425931826, 0.8694692613686595406, -1.400702817444028443E-16 ) ) ;
#439 = DIRECTION ( 'NONE',  ( 0.9341530342453969737, 0.3568726784304427357, -9.875921740860518105E-15 ) ) ;
#440 = ADVANCED_FACE ( 'NONE', ( #1831 ), #341, .T. ) ;
#441 = CARTESIAN_POINT ( 'NONE',  ( -9.294233657437981577, 0.1666198989262254737, 0.4984486283441203480 ) ) ;
#442 = EDGE_CURVE ( 'NONE', #2238, #2747, #878, .T. ) ;
#443 = DIRECTION ( 'NONE',  ( 9.915496131590894273E-33, -8.086912747056017819E-33, 1.000000000000000000 ) ) ;
#444 = CARTESIAN_POINT ( 'NONE',  ( -11.52129858799018614, 2.063627858214155175, 0.8891628488960181542 ) ) ;
#445 = VERTEX_POINT ( 'NONE', #1046 ) ;
#446 = VERTEX_POINT ( 'NONE', #1470 ) ;
#447 = CARTESIAN_POINT ( 'NONE',  ( -11.99579331184085440, -1.122841592910747810, 0.8007745012477016644 ) ) ;
#448 = DIRECTION ( 'NONE',  ( -0.5999999999999999778, 0.000000000000000000, -0.8000000000000000444 ) ) ;
#449 = DIRECTION ( 'NONE',  ( -0.8000000000000004885, 0.000000000000000000, -0.5999999999999995337 ) ) ;
#450 = DIRECTION ( 'NONE',  ( -1.653079725772661310E-33, -1.465957366859634677E-32, 1.000000000000000000 ) ) ;
#451 = VERTEX_POINT ( 'NONE', #3691 ) ;
#452 = LINE ( 'NONE', #3462, #4196 ) ;
#453 = VERTEX_POINT ( 'NONE', #1447 ) ;
#454 = DIRECTION ( 'NONE',  ( 0.5668062099020121369, -0.4622776614639913517, 0.6819311432453423194 ) ) ;
#455 = FACE_OUTER_BOUND ( 'NONE', #4332, .T. ) ;
#456 = ORIENTED_EDGE ( 'NONE', *, *, #4442, .T. ) ;
#457 = EDGE_CURVE ( 'NONE', #3604, #520, #1642, .T. ) ;
#458 = LINE ( 'NONE', #1135, #2465 ) ;
#459 = CARTESIAN_POINT ( 'NONE',  ( -10.16256930106133005, -0.2474469645026721176, 0.4661321293817808353 ) ) ;
#460 = CARTESIAN_POINT ( 'NONE',  ( -12.60643403778524174, 2.787344048808197527, 1.125000000000000222 ) ) ;
#461 = DIRECTION ( 'NONE',  ( -0.7999999999999994893, 0.000000000000000000, 0.6000000000000006439 ) ) ;
#462 = CARTESIAN_POINT ( 'NONE',  ( -9.358628992270890734, 0.2997907199421051549, 0.8891628488960199306 ) ) ;
#463 = AXIS2_PLACEMENT_3D ( 'NONE', #3036, #1664, #1323 ) ;
#464 = EDGE_LOOP ( 'NONE', ( #3363, #798, #4274, #1590 ) ) ;
#465 = ORIENTED_EDGE ( 'NONE', *, *, #4745, .F. ) ;
#466 = TOROIDAL_SURFACE ( 'NONE', #1391, 0.1250000000000000000, 0.1250000000000000000 ) ;
#467 = DIRECTION ( 'NONE',  ( 0.6320307779411585836, 0.7749432854958443473, 0.000000000000000000 ) ) ;
#468 = CARTESIAN_POINT ( 'NONE',  ( -7.563258757786581299, 0.000000000000000000, 0.000000000000000000 ) ) ;
#469 = CARTESIAN_POINT ( 'NONE',  ( -13.35354199622500815, 1.140417637047212995, 0.7123861535993831762 ) ) ;
#470 = AXIS2_PLACEMENT_3D ( 'NONE', #2190, #2887, #697 ) ;
#471 = CARTESIAN_POINT ( 'NONE',  ( -11.77876013238799224, 1.789702806178248506, 0.8632745012477016644 ) ) ;
#472 = ORIENTED_EDGE ( 'NONE', *, *, #695, .T. ) ;
#473 = CIRCLE ( 'NONE', #2091, 0.2500000000000002220 ) ;
#474 = CIRCLE ( 'NONE', #1938, 0.06249999999999996531 ) ;
#475 = AXIS2_PLACEMENT_3D ( 'NONE', #1086, #1829, #2531 ) ;
#476 = PRESENTATION_STYLE_ASSIGNMENT (( #2333 ) ) ;
#477 = ORIENTED_EDGE ( 'NONE', *, *, #296, .F. ) ;
#478 = EDGE_CURVE ( 'NONE', #3755, #2414, #736, .T. ) ;
#479 = DIRECTION ( 'NONE',  ( -0.8694692613686838545, -0.4939870479425503835, 0.000000000000000000 ) ) ;
#480 = LINE ( 'NONE', #3033, #641 ) ;
#481 = ORIENTED_EDGE ( 'NONE', *, *, #3903, .F. ) ;
#482 = AXIS2_PLACEMENT_3D ( 'NONE', #3360, #1141, #4503 ) ;
#483 = AXIS2_PLACEMENT_3D ( 'NONE', #4410, #4477, #3765 ) ;
#484 = AXIS2_PLACEMENT_3D ( 'NONE', #3924, #1727, #4661 ) ;
#485 = AXIS2_PLACEMENT_3D ( 'NONE', #4300, #1004, #2475 ) ;
#486 = EDGE_CURVE ( 'NONE', #3929, #2062, #3103, .T. ) ;
#487 = LINE ( 'NONE', #4131, #265 ) ;
#488 = DIRECTION ( 'NONE',  ( 0.3493015914185021442, -0.6148076107470559215, 0.7071067811865463515 ) ) ;
#489 = EDGE_CURVE ( 'NONE', #50, #2755, #2260, .T. ) ;
#490 = AXIS2_PLACEMENT_3D ( 'NONE', #3070, #4527, #1210 ) ;
#491 = DIRECTION ( 'NONE',  ( -1.000000000000000000, 0.000000000000000000, 0.000000000000000000 ) ) ;
#492 = AXIS2_PLACEMENT_3D ( 'NONE', #1570, #2672, #1890 ) ;
#493 = DIRECTION ( 'NONE',  ( 0.6320307779411513671, 0.7749432854958503425, -0.000000000000000000 ) ) ;
#494 = EDGE_CURVE ( 'NONE', #2058, #2046, #1019, .T. ) ;
#495 = ORIENTED_EDGE ( 'NONE', *, *, #185, .T. ) ;
#496 = ORIENTED_EDGE ( 'NONE', *, *, #2926, .T. ) ;
#497 = ADVANCED_FACE ( 'NONE', ( #756 ), #1253, .T. ) ;
#498 =( BOUNDED_CURVE ( )  B_SPLINE_CURVE ( 3, ( #2195, #4331, #2576, #4733 ),
 .UNSPECIFIED., .F., .F. ) 
 B_SPLINE_CURVE_WITH_KNOTS ( ( 4, 4 ),
 ( 3.926990816987246280, 4.712388980384685233 ),
 .UNSPECIFIED. ) 
 CURVE ( )  GEOMETRIC_REPRESENTATION_ITEM ( )  RATIONAL_B_SPLINE_CURVE ( ( 1.000000000000000000, 0.9492530216741923432, 0.9492530216741923432, 1.000000000000000000 ) ) 
 REPRESENTATION_ITEM ( '' )  );
#499 = CIRCLE ( 'NONE', #3575, 0.8175000000000001155 ) ;
#500 = FACE_OUTER_BOUND ( 'NONE', #2979, .T. ) ;
#501 = DIRECTION ( 'NONE',  ( -0.4939870479425929606, 0.8694692613686595406, -0.000000000000000000 ) ) ;
#502 = DIRECTION ( 'NONE',  ( -0.000000000000000000, 0.000000000000000000, 1.000000000000000000 ) ) ;
#503 = VERTEX_POINT ( 'NONE', #710 ) ;
#504 = DIRECTION ( 'NONE',  ( 1.000000000000000000, 1.040834085586083271E-15, 0.000000000000000000 ) ) ;
#505 = ORIENTED_EDGE ( 'NONE', *, *, #801, .F. ) ;
#506 = EDGE_CURVE ( 'NONE', #1963, #4674, #3966, .T. ) ;
#507 = CARTESIAN_POINT ( 'NONE',  ( -12.60161535150948531, 2.250695823602320900, -3.252606517456513302E-17 ) ) ;
#508 = ORIENTED_EDGE ( 'NONE', *, *, #2647, .T. ) ;
#509 = EDGE_CURVE ( 'NONE', #3684, #4424, #2224, .T. ) ;
#510 = DIRECTION ( 'NONE',  ( -0.8694692613686586524, -0.4939870479425945149, 0.000000000000000000 ) ) ;
#511 = LINE ( 'NONE', #2385, #3021 ) ;
#512 = VERTEX_POINT ( 'NONE', #4081 ) ;
#513 = EDGE_CURVE ( 'NONE', #1562, #381, #487, .T. ) ;
#514 = ORIENTED_EDGE ( 'NONE', *, *, #2085, .T. ) ;
#515 = CARTESIAN_POINT ( 'NONE',  ( -11.31386200582119272, -1.260923609700768333, 0.1249999999999999445 ) ) ;
#516 = DIRECTION ( 'NONE',  ( -0.1120543339847372838, -0.9937020812271840642, 0.000000000000000000 ) ) ;
#517 = DIRECTION ( 'NONE',  ( 0.8694692613686837435, 0.4939870479425503835, -6.938893903907225296E-18 ) ) ;
#518 = CARTESIAN_POINT ( 'NONE',  ( -12.92106661151323799, 1.140703893231679533, 0.3475602806958022484 ) ) ;
#519 = EDGE_LOOP ( 'NONE', ( #4141, #2129, #821, #2161 ) ) ;
#520 = VERTEX_POINT ( 'NONE', #82 ) ;
#521 = EDGE_CURVE ( 'NONE', #614, #4220, #2292, .T. ) ;
#522 = EDGE_CURVE ( 'NONE', #4684, #4355, #4184, .T. ) ;
#523 = CYLINDRICAL_SURFACE ( 'NONE', #2701, 0.2500000000000002220 ) ;
#524 = DIRECTION ( 'NONE',  ( -0.000000000000000000, 0.000000000000000000, 1.000000000000000000 ) ) ;
#525 = FACE_OUTER_BOUND ( 'NONE', #3238, .T. ) ;
#526 = ORIENTED_EDGE ( 'NONE', *, *, #3119, .T. ) ;
#527 = DIRECTION ( 'NONE',  ( -0.000000000000000000, -1.000000000000000000, -0.000000000000000000 ) ) ;
#528 = ORIENTED_EDGE ( 'NONE', *, *, #3000, .T. ) ;
#529 =( BOUNDED_CURVE ( )  B_SPLINE_CURVE ( 3, ( #3578, #4741, #1738, #277 ),
 .UNSPECIFIED., .F., .T. ) 
 B_SPLINE_CURVE_WITH_KNOTS ( ( 4, 4 ),
 ( 4.712388980384689674, 5.497787143782144170 ),
 .UNSPECIFIED. ) 
 CURVE ( )  GEOMETRIC_REPRESENTATION_ITEM ( )  RATIONAL_B_SPLINE_CURVE ( ( 1.000000000000000000, 0.9492530216741903448, 0.9492530216741903448, 1.000000000000000000 ) ) 
 REPRESENTATION_ITEM ( '' )  );
#530 = ADVANCED_FACE ( 'NONE', ( #3061 ), #2640, .T. ) ;
#531 = DIRECTION ( 'NONE',  ( -0.4939870479425930716, 0.8694692613686594296, 0.000000000000000000 ) ) ;
#532 = ADVANCED_FACE ( 'NONE', ( #2697 ), #1224, .T. ) ;
#533 = ORIENTED_EDGE ( 'NONE', *, *, #3284, .T. ) ;
#534 = DIRECTION ( 'NONE',  ( 1.000000000000000000, 0.000000000000000000, 0.000000000000000000 ) ) ;
#535 = PLANE ( 'NONE',  #1250 ) ;
#536 = ORIENTED_EDGE ( 'NONE', *, *, #1629, .F. ) ;
#537 = ORIENTED_EDGE ( 'NONE', *, *, #3106, .T. ) ;
#538 = DIRECTION ( 'NONE',  ( 0.4939870479425929606, -0.8694692613686595406, -0.000000000000000000 ) ) ;
#539 = DIRECTION ( 'NONE',  ( 0.4939870479425925165, -0.8694692613686599847, 0.000000000000000000 ) ) ;
#540 = CARTESIAN_POINT ( 'NONE',  ( -13.29179361523218361, 1.031733979376131760, 0.3216719330474845928 ) ) ;
#541 = CARTESIAN_POINT ( 'NONE',  ( -11.53221037423331552, 1.973955157182248898, 0.8507534805649024090 ) ) ;
#542 = ORIENTED_EDGE ( 'NONE', *, *, #4660, .F. ) ;
#543 = ORIENTED_EDGE ( 'NONE', *, *, #3933, .F. ) ;
#544 = ADVANCED_FACE ( 'NONE', ( #845 ), #2968, .T. ) ;
#545 = AXIS2_PLACEMENT_3D ( 'NONE', #3487, #126, #4161 ) ;
#546 = FACE_OUTER_BOUND ( 'NONE', #1724, .T. ) ;
#547 = CARTESIAN_POINT ( 'NONE',  ( -13.64622281500728285, 1.908609792902075997, 0.1249999999999999445 ) ) ;
#548 = EDGE_LOOP ( 'NONE', ( #496, #257, #625, #2861 ) ) ;
#549 = CARTESIAN_POINT ( 'NONE',  ( -12.93448082989525005, 1.306623384488033945, 0.4984486283441197374 ) ) ;
#550 = ORIENTED_EDGE ( 'NONE', *, *, #1251, .F. ) ;
#551 = AXIS2_PLACEMENT_3D ( 'NONE', #2671, #3300, #3330 ) ;
#552 = EDGE_CURVE ( 'NONE', #4592, #3267, #1795, .T. ) ;
#553 = EDGE_LOOP ( 'NONE', ( #495, #3659, #2453, #4543 ) ) ;
#554 = AXIS2_PLACEMENT_3D ( 'NONE', #152, #4611, #2794 ) ;
#555 = TOROIDAL_SURFACE ( 'NONE', #1163, 0.1250000000000000000, 0.06250000000000000000 ) ;
#556 = FACE_OUTER_BOUND ( 'NONE', #770, .T. ) ;
#557 = FACE_OUTER_BOUND ( 'NONE', #1948, .T. ) ;
#558 = ORIENTED_EDGE ( 'NONE', *, *, #1577, .F. ) ;
#559 = VECTOR ( 'NONE', #122, 100.0000000000000000 ) ;
#560 = CIRCLE ( 'NONE', #4023, 0.06249999999999994449 ) ;
#561 = ADVANCED_FACE ( 'NONE', ( #3748 ), #875, .T. ) ;
#562 = ORIENTED_EDGE ( 'NONE', *, *, #39, .F. ) ;
#563 = CARTESIAN_POINT ( 'NONE',  ( -11.61919730585024446, 2.039500916554369603, 0.4600417419247542217 ) ) ;
#564 = CARTESIAN_POINT ( 'NONE',  ( -10.10202871558757209, 0.3034802801820321583, 1.125000000000000222 ) ) ;
#565 = DIRECTION ( 'NONE',  ( 0.000000000000000000, 0.000000000000000000, 1.000000000000000000 ) ) ;
#566 = AXIS2_PLACEMENT_3D ( 'NONE', #3962, #661, #2895 ) ;
#567 = CIRCLE ( 'NONE', #3098, 0.6925000000000001155 ) ;
#568 = AXIS2_PLACEMENT_3D ( 'NONE', #1854, #2966, #1496 ) ;
#569 = CARTESIAN_POINT ( 'NONE',  ( -12.69280178398323145, 1.242660592436279243, 0.1249999999999999445 ) ) ;
#570 = ORIENTED_EDGE ( 'NONE', *, *, #2688, .F. ) ;
#571 = AXIS2_PLACEMENT_3D ( 'NONE', #4210, #1942, #3047 ) ;
#572 = ORIENTED_EDGE ( 'NONE', *, *, #3225, .F. ) ;
#573 = CARTESIAN_POINT ( 'NONE',  ( -11.94472406075625592, -1.339250392421620139, 0.4984486283441203480 ) ) ;
#574 = DIRECTION ( 'NONE',  ( 1.000000000000000000, 0.000000000000000000, 0.000000000000000000 ) ) ;
#575 = ORIENTED_EDGE ( 'NONE', *, *, #1879, .T. ) ;
#576 = DIRECTION ( 'NONE',  ( 0.6320307779411509230, 0.7749432854958505645, 0.000000000000000000 ) ) ;
#577 = VERTEX_POINT ( 'NONE', #2345 ) ;
#578 = EDGE_CURVE ( 'NONE', #193, #4519, #4256, .T. ) ;
#579 = DIRECTION ( 'NONE',  ( 0.9937020812271841752, -0.1120543339847352576, 0.000000000000000000 ) ) ;
#580 = ORIENTED_EDGE ( 'NONE', *, *, #2600, .F. ) ;
#581 = DIRECTION ( 'NONE',  ( 0.000000000000000000, 0.000000000000000000, 1.000000000000000000 ) ) ;
#582 = CARTESIAN_POINT ( 'NONE',  ( -12.69280178398323145, 1.242660592436279243, 0.1249999999999999445 ) ) ;
#583 = ORIENTED_EDGE ( 'NONE', *, *, #4151, .F. ) ;
#584 = EDGE_CURVE ( 'NONE', #2046, #2768, #879, .T. ) ;
#585 = VERTEX_POINT ( 'NONE', #1136 ) ;
#586 = CARTESIAN_POINT ( 'NONE',  ( -11.62460707481064581, 2.041752672491158993, 0.4669724428597953891 ) ) ;
#587 = CARTESIAN_POINT ( 'NONE',  ( -11.52509165401000146, 1.970992069359594367, 0.3539884320098235504 ) ) ;
#588 = DIRECTION ( 'NONE',  ( -0.000000000000000000, -0.000000000000000000, -1.000000000000000000 ) ) ;
#589 = EDGE_CURVE ( 'NONE', #2735, #451, #4299, .T. ) ;
#590 = CARTESIAN_POINT ( 'NONE',  ( -13.04411535150948609, 2.250695823602320900, 0.1249999999999999445 ) ) ;
#591 = ORIENTED_EDGE ( 'NONE', *, *, #3918, .F. ) ;
#592 = ORIENTED_EDGE ( 'NONE', *, *, #3606, .F. ) ;
#593 = ADVANCED_FACE ( 'NONE', ( #3331 ), #1412, .T. ) ;
#594 = LINE ( 'NONE', #1721, #2319 ) ;
#595 = CARTESIAN_POINT ( 'NONE',  ( -9.325107847934390293, 0.2209617277617694220, 0.7123861535993827321 ) ) ;
#596 = ORIENTED_EDGE ( 'NONE', *, *, #584, .F. ) ;
#597 = CARTESIAN_POINT ( 'NONE',  ( -7.563258757786579523, -3.041666666666666075, 1.125000000000000222 ) ) ;
#598 = ORIENTED_EDGE ( 'NONE', *, *, #2140, .T. ) ;
#599 = CARTESIAN_POINT ( 'NONE',  ( -12.92789700631855254, 1.155996060439527184, 0.8632745012477016644 ) ) ;
#600 = ORIENTED_EDGE ( 'NONE', *, *, #638, .T. ) ;
#601 = DIRECTION ( 'NONE',  ( 0.8694692613686837435, 0.4939870479425503835, 0.000000000000000000 ) ) ;
#602 = DIRECTION ( 'NONE',  ( 0.6320307779411606930, 0.7749432854958427930, 0.000000000000000000 ) ) ;
#603 = EDGE_LOOP ( 'NONE', ( #830, #2334, #3525, #533, #3166, #1882, #870, #213 ) ) ;
#604 = ORIENTED_EDGE ( 'NONE', *, *, #2587, .T. ) ;
#605 = FACE_OUTER_BOUND ( 'NONE', #22, .T. ) ;
#606 = CARTESIAN_POINT ( 'NONE',  ( -11.52129858799018436, 2.063627858214152511, 0.3216719330474819283 ) ) ;
#607 = FACE_OUTER_BOUND ( 'NONE', #3559, .T. ) ;
#608 = EDGE_CURVE ( 'NONE', #446, #1976, #3729, .T. ) ;
#609 = CARTESIAN_POINT ( 'NONE',  ( -11.59191662009978785, -1.833707131419627601, 4.131904686037669805 ) ) ;
#610 = ORIENTED_EDGE ( 'NONE', *, *, #1348, .F. ) ;
#611 = EDGE_LOOP ( 'NONE', ( #4104, #1199, #4046, #3030, #2051 ) ) ;
#612 = LINE ( 'NONE', #3169, #1238 ) ;
#613 = CARTESIAN_POINT ( 'NONE',  ( -8.727499999999999147, -1.666666666666666297, 1.250000000000000000 ) ) ;
#614 = VERTEX_POINT ( 'NONE', #113 ) ;
#615 = ORIENTED_EDGE ( 'NONE', *, *, #2902, .F. ) ;
#616 = AXIS2_PLACEMENT_3D ( 'NONE', #429, #4400, #4469 ) ;
#617 = CARTESIAN_POINT ( 'NONE',  ( -9.285162536271212019, 0.2398727076086654142, 0.4100602806958020263 ) ) ;
#618 = DIRECTION ( 'NONE',  ( 0.4939870479425930716, -0.8694692613686594296, 0.000000000000000000 ) ) ;
#619 = CARTESIAN_POINT ( 'NONE',  ( -6.391671871905048263, 1.959469855982127973, 0.4984486283441203480 ) ) ;
#620 = CARTESIAN_POINT ( 'NONE',  ( -9.496467393028211745, -5.395397056338297581, 0.1250000000000000000 ) ) ;
#621 = ORIENTED_EDGE ( 'NONE', *, *, #1340, .F. ) ;
#622 = AXIS2_PLACEMENT_3D ( 'NONE', #1623, #502, #1944 ) ;
#623 = AXIS2_PLACEMENT_3D ( 'NONE', #1659, #2687, #3131 ) ;
#624 = AXIS2_PLACEMENT_3D ( 'NONE', #331, #3286, #4066 ) ;
#625 = ORIENTED_EDGE ( 'NONE', *, *, #1820, .F. ) ;
#626 = CARTESIAN_POINT ( 'NONE',  ( -9.419962265355870557, 0.2897822402703043032, 0.3658661068716437814 ) ) ;
#627 = CARTESIAN_POINT ( 'NONE',  ( -7.146592091119913448, -0.5416666666666667407, 0.3750000000000000000 ) ) ;
#628 = FACE_OUTER_BOUND ( 'NONE', #310, .T. ) ;
#629 = CIRCLE ( 'NONE', #4397, 0.8175000000000001155 ) ;
#630 = CIRCLE ( 'NONE', #3319, 0.3175000000000011147 ) ;
#631 = EDGE_CURVE ( 'NONE', #2037, #151, #649, .T. ) ;
#632 = AXIS2_PLACEMENT_3D ( 'NONE', #827, #1121, #3406 ) ;
#633 = AXIS2_PLACEMENT_3D ( 'NONE', #2031, #2730, #3542 ) ;
#634 = CYLINDRICAL_SURFACE ( 'NONE', #1782, 0.06249999999999979877 ) ;
#635 = CARTESIAN_POINT ( 'NONE',  ( -7.146592091119913448, -2.916666666666666075, 0.4375000000000000555 ) ) ;
#636 = FACE_OUTER_BOUND ( 'NONE', #108, .T. ) ;
#637 = ORIENTED_EDGE ( 'NONE', *, *, #39, .T. ) ;
#638 = EDGE_CURVE ( 'NONE', #3321, #3205, #802, .T. ) ;
#639 = ORIENTED_EDGE ( 'NONE', *, *, #734, .F. ) ;
#640 = AXIS2_PLACEMENT_3D ( 'NONE', #1532, #402, #2976 ) ;
#641 = VECTOR ( 'NONE', #1517, 100.0000000000000000 ) ;
#642 = EDGE_CURVE ( 'NONE', #3391, #4124, #3187, .T. ) ;
#643 = DIRECTION ( 'NONE',  ( 0.000000000000000000, -0.000000000000000000, -1.000000000000000000 ) ) ;
#644 = VECTOR ( 'NONE', #501, 100.0000000000000000 ) ;
#645 = LINE ( 'NONE', #1654, #2623 ) ;
#646 = TOROIDAL_SURFACE ( 'NONE', #3335, 0.3750000000000000000, 0.1250000000000000000 ) ;
#647 = ORIENTED_EDGE ( 'NONE', *, *, #589, .T. ) ;
#648 = ORIENTED_EDGE ( 'NONE', *, *, #3140, .F. ) ;
#649 = CIRCLE ( 'NONE', #1492, 0.1250000000000004718 ) ;
#650 = DIRECTION ( 'NONE',  ( 0.000000000000000000, 0.000000000000000000, 1.000000000000000000 ) ) ;
#651 = DIRECTION ( 'NONE',  ( 0.7749432854958506756, -0.6320307779411509230, 0.000000000000000000 ) ) ;
#652 = DIRECTION ( 'NONE',  ( -0.1120543339847372699, -0.9937020812271839532, 1.132664361218628977E-16 ) ) ;
#653 = EDGE_CURVE ( 'NONE', #909, #1130, #2750, .T. ) ;
#654 = CARTESIAN_POINT ( 'NONE',  ( -11.65859011927216393, -1.083747067443768364, 0.4542544545199610484 ) ) ;
#655 = ORIENTED_EDGE ( 'NONE', *, *, #282, .F. ) ;
#656 = AXIS2_PLACEMENT_3D ( 'NONE', #1826, #3295, #1461 ) ;
#657 = EDGE_CURVE ( 'NONE', #1100, #3508, #3930, .T. ) ;
#658 = ORIENTED_EDGE ( 'NONE', *, *, #3230, .T. ) ;
#659 = DIRECTION ( 'NONE',  ( 1.000000000000000000, 0.000000000000000000, 0.000000000000000000 ) ) ;
#660 = CARTESIAN_POINT ( 'NONE',  ( -10.08890415135354779, -0.7097118817036401905, 0.000000000000000000 ) ) ;
#661 = DIRECTION ( 'NONE',  ( -0.000000000000000000, 0.000000000000000000, -1.000000000000000000 ) ) ;
#662 = EDGE_CURVE ( 'NONE', #1050, #4235, #2802, .T. ) ;
#663 = CARTESIAN_POINT ( 'NONE',  ( -13.23745178639664211, 1.062608169872539809, 0.8891628488960211518 ) ) ;
#664 = CARTESIAN_POINT ( 'NONE',  ( -8.727499999999999147, -1.666666666666666297, 1.125000000000000222 ) ) ;
#665 = DIRECTION ( 'NONE',  ( 0.3493015914185151338, -0.6148076107470512586, -0.7071067811865440200 ) ) ;
#666 = ORIENTED_EDGE ( 'NONE', *, *, #1842, .F. ) ;
#667 = ORIENTED_EDGE ( 'NONE', *, *, #239, .F. ) ;
#668 = LINE ( 'NONE', #2466, #785 ) ;
#669 = VERTEX_POINT ( 'NONE', #606 ) ;
#670 = ORIENTED_EDGE ( 'NONE', *, *, #1493, .T. ) ;
#671 = EDGE_CURVE ( 'NONE', #1564, #1434, #2728, .T. ) ;
#672 = ADVANCED_FACE ( 'NONE', ( #2030 ), #3085, .F. ) ;
#673 = CARTESIAN_POINT ( 'NONE',  ( -9.487499999999998934, -1.666666666666666297, 1.125000000000000222 ) ) ;
#674 = DIRECTION ( 'NONE',  ( 0.000000000000000000, -0.000000000000000000, -1.000000000000000000 ) ) ;
#675 = DIRECTION ( 'NONE',  ( -0.8694692613686669791, -0.4939870479425798599, 0.000000000000000000 ) ) ;
#676 = EDGE_LOOP ( 'NONE', ( #703, #2644, #3845, #2070 ) ) ;
#677 = ADVANCED_FACE ( 'NONE', ( #3470 ), #40, .T. ) ;
#678 = EDGE_CURVE ( 'NONE', #4384, #3321, #4242, .T. ) ;
#679 = DIRECTION ( 'NONE',  ( -0.3568726784304458999, 0.9341530342453958635, 0.000000000000000000 ) ) ;
#680 = ORIENTED_EDGE ( 'NONE', *, *, #3556, .F. ) ;
#681 = CARTESIAN_POINT ( 'NONE',  ( 0.000000000000000000, -2.916666666666666075, 1.250000000000000000 ) ) ;
#682 = LINE ( 'NONE', #2511, #2339 ) ;
#683 = FACE_OUTER_BOUND ( 'NONE', #154, .T. ) ;
#684 =( BOUNDED_CURVE ( )  B_SPLINE_CURVE ( 3, ( #3427, #2368, #1977, #133 ),
 .UNSPECIFIED., .F., .F. ) 
 B_SPLINE_CURVE_WITH_KNOTS ( ( 4, 4 ),
 ( 2.356194490192337732, 3.141592653589793116 ),
 .UNSPECIFIED. ) 
 CURVE ( )  GEOMETRIC_REPRESENTATION_ITEM ( )  RATIONAL_B_SPLINE_CURVE ( ( 1.000000000000000000, 0.9492530216741902338, 0.9492530216741902338, 1.000000000000000000 ) ) 
 REPRESENTATION_ITEM ( '' )  );
#685 = CARTESIAN_POINT ( 'NONE',  ( -12.10875897698517001, 1.736240089222062410, 1.250000000000000000 ) ) ;
#686 = DIRECTION ( 'NONE',  ( -0.3493015914185442772, 0.6148076107470356044, -0.7071067811865433539 ) ) ;
#687 = CYLINDRICAL_SURFACE ( 'NONE', #4394, 0.06250000000000004163 ) ;
#688 = VERTEX_POINT ( 'NONE', #564 ) ;
#689 = DIRECTION ( 'NONE',  ( 0.000000000000000000, -0.000000000000000000, -1.000000000000000000 ) ) ;
#690 = VERTEX_POINT ( 'NONE', #965 ) ;
#691 = CARTESIAN_POINT ( 'NONE',  ( -9.294233657437981577, 0.1666198989262266394, 1.226479224199663244E-15 ) ) ;
#692 = CARTESIAN_POINT ( 'NONE',  ( -10.94068887868922246, -2.853415047659491055, 0.000000000000000000 ) ) ;
#693 = ORIENTED_EDGE ( 'NONE', *, *, #3482, .F. ) ;
#694 = EDGE_LOOP ( 'NONE', ( #3766, #1990, #4599, #1303, #3857, #2374, #182, #2521 ) ) ;
#695 = EDGE_CURVE ( 'NONE', #1268, #512, #3950, .T. ) ;
#696 = DIRECTION ( 'NONE',  ( 0.000000000000000000, -0.000000000000000000, -1.000000000000000000 ) ) ;
#697 = DIRECTION ( 'NONE',  ( 1.000000000000000000, 0.000000000000000000, 0.000000000000000000 ) ) ;
#698 = CARTESIAN_POINT ( 'NONE',  ( -8.727499999999999147, -1.666666666666666297, 0.1249999999999999445 ) ) ;
#699 = VERTEX_POINT ( 'NONE', #250 ) ;
#700 = EDGE_CURVE ( 'NONE', #3128, #2241, #3959, .T. ) ;
#701 = AXIS2_PLACEMENT_3D ( 'NONE', #1534, #3683, #2998 ) ;
#702 = DIRECTION ( 'NONE',  ( -0.8694692613686837435, -0.4939870479425503835, 6.938893903907225296E-18 ) ) ;
#703 = ORIENTED_EDGE ( 'NONE', *, *, #442, .F. ) ;
#704 = VECTOR ( 'NONE', #755, 99.99999999999998579 ) ;
#705 = DIRECTION ( 'NONE',  ( 0.000000000000000000, -1.000000000000000000, 0.000000000000000000 ) ) ;
#706 = CARTESIAN_POINT ( 'NONE',  ( -7.563258757786579523, -0.5416666666666667407, 1.124999999999999778 ) ) ;
#707 = DIRECTION ( 'NONE',  ( -0.8694692613686837435, -0.4939870479425503280, 4.357881996052630580E-33 ) ) ;
#708 = AXIS2_PLACEMENT_3D ( 'NONE', #1452, #20, #2880 ) ;
#709 = CARTESIAN_POINT ( 'NONE',  ( -9.605151050699294757, -5.457145437331123006, 1.125000000000000222 ) ) ;
#710 = CARTESIAN_POINT ( 'NONE',  ( -12.91016909932539747, 1.119163830450632169, 1.125000000000000222 ) ) ;
#711 = DIRECTION ( 'NONE',  ( 1.000000000000000000, -9.251858538542963939E-16, 0.000000000000000000 ) ) ;
#712 = AXIS2_PLACEMENT_3D ( 'NONE', #590, #948, #3524 ) ;
#713 = ORIENTED_EDGE ( 'NONE', *, *, #1887, .F. ) ;
#714 = CARTESIAN_POINT ( 'NONE',  ( -11.64954727823941205, -1.099663420607620345, 0.4984486283441203480 ) ) ;
#715 = VECTOR ( 'NONE', #4602, 100.0000000000000000 ) ;
#716 = AXIS2_PLACEMENT_3D ( 'NONE', #1138, #1861, #3332 ) ;
#717 = FACE_OUTER_BOUND ( 'NONE', #4270, .T. ) ;
#718 = CARTESIAN_POINT ( 'NONE',  ( -12.94280178398323145, 1.222618554691410342, 0.8072036750163888996 ) ) ;
#719 = ORIENTED_EDGE ( 'NONE', *, *, #509, .T. ) ;
#720 = AXIS2_PLACEMENT_3D ( 'NONE', #1505, #48, #4114 ) ;
#721 = ORIENTED_EDGE ( 'NONE', *, *, #3978, .T. ) ;
#722 = AXIS2_PLACEMENT_3D ( 'NONE', #582, #2337, #1607 ) ;
#723 = LINE ( 'NONE', #2189, #407 ) ;
#724 = DIRECTION ( 'NONE',  ( -0.8694692613686595406, -0.4939870479425931826, 0.000000000000000000 ) ) ;
#725 = FACE_OUTER_BOUND ( 'NONE', #1392, .T. ) ;
#726 = ORIENTED_EDGE ( 'NONE', *, *, #1640, .T. ) ;
#727 = VECTOR ( 'NONE', #2662, 100.0000000000000000 ) ;
#728 = CARTESIAN_POINT ( 'NONE',  ( -13.19378908746933199, 0.9857572185291596512, 0.8632745012477016644 ) ) ;
#729 = VERTEX_POINT ( 'NONE', #3116 ) ;
#730 = AXIS2_PLACEMENT_3D ( 'NONE', #2417, #2053, #3521 ) ;
#731 = DIRECTION ( 'NONE',  ( 0.3493015914185151338, -0.6148076107470512586, -0.7071067811865440200 ) ) ;
#732 = LINE ( 'NONE', #2512, #3639 ) ;
#733 = EDGE_CURVE ( 'NONE', #4533, #972, #4333, .T. ) ;
#734 = EDGE_CURVE ( 'NONE', #220, #3821, #3419, .T. ) ;
#735 = DIRECTION ( 'NONE',  ( -0.000000000000000000, 0.000000000000000000, 1.000000000000000000 ) ) ;
#736 = LINE ( 'NONE', #1377, #1180 ) ;
#737 = FACE_OUTER_BOUND ( 'NONE', #3044, .T. ) ;
#738 = ORIENTED_EDGE ( 'NONE', *, *, #2351, .F. ) ;
#739 = CARTESIAN_POINT ( 'NONE',  ( 0.000000000000000000, -0.4166666666666665741, 1.125000000000000222 ) ) ;
#740 = EDGE_CURVE ( 'NONE', #3321, #302, #210, .T. ) ;
#741 = CARTESIAN_POINT ( 'NONE',  ( -10.16092339570802849, -0.2328510134410866628, 0.7565803274235421982 ) ) ;
#742 = DIRECTION ( 'NONE',  ( 0.000000000000000000, -0.7546413764697773585, 0.6561374801974046989 ) ) ;
#743 = ORIENTED_EDGE ( 'NONE', *, *, #3933, .T. ) ;
#744 = EDGE_LOOP ( 'NONE', ( #4369, #2765, #4666, #283 ) ) ;
#745 = CARTESIAN_POINT ( 'NONE',  ( -11.50644768999394252, 1.963231727471800969, 0.3491869886999864336 ) ) ;
#746 = LINE ( 'NONE', #4467, #3631 ) ;
#747 = CARTESIAN_POINT ( 'NONE',  ( -9.346495809356190065, 0.2298642279368656727, 0.7565803274235424203 ) ) ;
#748 = VERTEX_POINT ( 'NONE', #3137 ) ;
#749 = CARTESIAN_POINT ( 'NONE',  ( -7.021592091119913448, -2.916666666666666075, 0.4375000000000000555 ) ) ;
#750 = ORIENTED_EDGE ( 'NONE', *, *, #1052, .F. ) ;
#751 = LINE ( 'NONE', #2220, #18 ) ;
#752 = DIRECTION ( 'NONE',  ( 0.000000000000000000, -0.000000000000000000, -1.000000000000000000 ) ) ;
#753 = CYLINDRICAL_SURFACE ( 'NONE', #4632, 0.2500000000000002220 ) ;
#754 = EDGE_CURVE ( 'NONE', #3261, #1513, #45, .T. ) ;
#755 = DIRECTION ( 'NONE',  ( 0.8694692613686838545, 0.4939870479425503835, -7.275625500845606557E-17 ) ) ;
#756 = FACE_OUTER_BOUND ( 'NONE', #842, .T. ) ;
#757 = CARTESIAN_POINT ( 'NONE',  ( -9.296865446892244478, 0.2494174057078650808, 0.4571281090444385131 ) ) ;
#758 = ORIENTED_EDGE ( 'NONE', *, *, #228, .F. ) ;
#759 = LINE ( 'NONE', #1429, #4462 ) ;
#760 = ADVANCED_FACE ( 'NONE', ( #4594 ), #2771, .T. ) ;
#761 = LINE ( 'NONE', #393, #1557 ) ;
#762 = DIRECTION ( 'NONE',  ( -0.8694692613686595406, -0.4939870479425931826, 0.000000000000000000 ) ) ;
#763 = ORIENTED_EDGE ( 'NONE', *, *, #923, .T. ) ;
#764 = ORIENTED_EDGE ( 'NONE', *, *, #3291, .T. ) ;
#765 = CARTESIAN_POINT ( 'NONE',  ( -11.48733405561182863, 1.955275890537223171, 0.3475602806958021929 ) ) ;
#766 = CARTESIAN_POINT ( 'NONE',  ( -3.749598912260407424, -4.597444621010686738, 0.1249999999999999445 ) ) ;
#767 = DIRECTION ( 'NONE',  ( -0.4819257464920420064, -0.8762120604443242033, -0.000000000000000000 ) ) ;
#768 = ORIENTED_EDGE ( 'NONE', *, *, #2703, .T. ) ;
#769 = CARTESIAN_POINT ( 'NONE',  ( -12.93957905611191705, 1.282672815077939177, 0.4542544545199601602 ) ) ;
#770 = EDGE_LOOP ( 'NONE', ( #721, #1878, #1291, #758 ) ) ;
#771 = CARTESIAN_POINT ( 'NONE',  ( -10.83200522101813945, -2.916666666666666075, 0.1249999999999999445 ) ) ;
#772 = DIRECTION ( 'NONE',  ( 0.000000000000000000, 0.000000000000000000, -1.000000000000000000 ) ) ;
#773 = VECTOR ( 'NONE', #2586, 100.0000000000000000 ) ;
#774 = DIRECTION ( 'NONE',  ( 0.000000000000000000, -0.000000000000000000, -1.000000000000000000 ) ) ;
#775 = CARTESIAN_POINT ( 'NONE',  ( -10.46154243181374177, -0.6676915064593638149, 1.125000000000000222 ) ) ;
#776 = FACE_OUTER_BOUND ( 'NONE', #1994, .T. ) ;
#777 = LINE ( 'NONE', #4440, #3423 ) ;
#778 = AXIS2_PLACEMENT_3D ( 'NONE', #2896, #735, #3188 ) ;
#779 = EDGE_CURVE ( 'NONE', #2233, #690, #2033, .T. ) ;
#780 = VECTOR ( 'NONE', #4492, 100.0000000000000000 ) ;
#781 = FACE_OUTER_BOUND ( 'NONE', #2609, .T. ) ;
#782 = EDGE_CURVE ( 'NONE', #3479, #1965, #226, .T. ) ;
#783 = ORIENTED_EDGE ( 'NONE', *, *, #2004, .T. ) ;
#784 = ORIENTED_EDGE ( 'NONE', *, *, #300, .F. ) ;
#785 = VECTOR ( 'NONE', #4318, 100.0000000000000000 ) ;
#786 = EDGE_CURVE ( 'NONE', #2414, #3126, #3884, .T. ) ;
#787 = ADVANCED_FACE ( 'NONE', ( #4306 ), #1800, .T. ) ;
#788 = CARTESIAN_POINT ( 'NONE',  ( -9.296939912342615742, 0.2580193017980687009, 0.4542544545199612704 ) ) ;
#789 = CARTESIAN_POINT ( 'NONE',  ( -11.52129858799018436, 2.063627858214153399, 0.3216719330474835381 ) ) ;
#790 = CIRCLE ( 'NONE', #4107, 0.06249999999999997224 ) ;
#791 = AXIS2_PLACEMENT_3D ( 'NONE', #1225, #1256, #187 ) ;
#792 = CARTESIAN_POINT ( 'NONE',  ( -12.43733849965179239, 1.916962244156579898, 1.125000000000000222 ) ) ;
#793 = CARTESIAN_POINT ( 'NONE',  ( -13.24813091630486817, 0.9548830280327507136, 0.8007745012477016644 ) ) ;
#794 = ORIENTED_EDGE ( 'NONE', *, *, #1313, .F. ) ;
#795 = TOROIDAL_SURFACE ( 'NONE', #947, 0.7599999999999995648, 0.1250000000000000000 ) ;
#796 = FILL_AREA_STYLE_COLOUR ( '', #419 ) ;
#797 = ADVANCED_FACE ( 'NONE', ( #1042 ), #3227, .T. ) ;
#798 = ORIENTED_EDGE ( 'NONE', *, *, #4580, .T. ) ;
#799 = CARTESIAN_POINT ( 'NONE',  ( -7.563258757786581299, -0.5416666666666667407, 0.1249999999999998890 ) ) ;
#800 = CARTESIAN_POINT ( 'NONE',  ( -9.265417610591951458, 0.2237690765804043191, 0.7770191515240619795 ) ) ;
#801 = EDGE_CURVE ( 'NONE', #1167, #3266, #2419, .T. ) ;
#802 = CIRCLE ( 'NONE', #492, 0.2500000000000002220 ) ;
#803 = FACE_BOUND ( 'NONE', #915, .T. ) ;
#804 = DIRECTION ( 'NONE',  ( 1.000000000000000000, 0.000000000000000000, 0.000000000000000000 ) ) ;
#805 = CARTESIAN_POINT ( 'NONE',  ( -9.310591852750102149, 0.2606124326665853475, 0.4452559251984978261 ) ) ;
#806 = DIRECTION ( 'NONE',  ( 0.000000000000000000, -0.000000000000000000, 1.000000000000000000 ) ) ;
#807 = VECTOR ( 'NONE', #479, 99.99999999999998579 ) ;
#808 = AXIS2_PLACEMENT_3D ( 'NONE', #362, #2508, #4356 ) ;
#809 = DIRECTION ( 'NONE',  ( -0.8694692613686838545, -0.4939870479425503835, 0.000000000000000000 ) ) ;
#810 = CIRCLE ( 'NONE', #1419, 0.1250000000000004718 ) ;
#811 = DIRECTION ( 'NONE',  ( -0.000000000000000000, -0.000000000000000000, -1.000000000000000000 ) ) ;
#812 = VERTEX_POINT ( 'NONE', #3276 ) ;
#813 = ORIENTED_EDGE ( 'NONE', *, *, #1017, .F. ) ;
#814 = DIRECTION ( 'NONE',  ( 1.000000000000000000, 0.000000000000000000, 0.000000000000000000 ) ) ;
#815 = DIRECTION ( 'NONE',  ( 0.8000000000000001554, 0.000000000000000000, -0.5999999999999998668 ) ) ;
#816 = EDGE_CURVE ( 'NONE', #3665, #4506, #344, .T. ) ;
#817 = LINE ( 'NONE', #1105, #3314 ) ;
#818 = DIRECTION ( 'NONE',  ( -0.4939870479425930716, 0.8694692613686594296, -0.000000000000000000 ) ) ;
#819 = ORIENTED_EDGE ( 'NONE', *, *, #4074, .T. ) ;
#820 = SURFACE_SIDE_STYLE ('',( #3369 ) ) ;
#821 = ORIENTED_EDGE ( 'NONE', *, *, #2085, .F. ) ;
#822 = CARTESIAN_POINT ( 'NONE',  ( -13.48661535150948687, 2.250695823602320900, 0.1249999999999999445 ) ) ;
#823 = DIRECTION ( 'NONE',  ( -0.8694692613686837435, -0.4939870479425502725, -3.925231146709445312E-17 ) ) ;
#824 = FACE_OUTER_BOUND ( 'NONE', #4591, .T. ) ;
#825 = DIRECTION ( 'NONE',  ( 1.000000000000000000, 0.000000000000000000, 0.000000000000000000 ) ) ;
#826 = CARTESIAN_POINT ( 'NONE',  ( -7.146592091119913448, -2.916666666666666075, 0.8125000000000000000 ) ) ;
#827 = CARTESIAN_POINT ( 'NONE',  ( -8.391147595693485783, -0.1666666666666670460, 1.125000000000000222 ) ) ;
#828 = DIRECTION ( 'NONE',  ( -0.000000000000000000, 0.000000000000000000, 1.000000000000000000 ) ) ;
#829 = VERTEX_POINT ( 'NONE', #4007 ) ;
#830 = ORIENTED_EDGE ( 'NONE', *, *, #3553, .T. ) ;
#831 = DIRECTION ( 'NONE',  ( 1.000000000000000000, 0.000000000000000000, 0.000000000000000000 ) ) ;
#832 = CARTESIAN_POINT ( 'NONE',  ( -6.391671871905050040, 1.959469855982126640, 0.7123861535993827321 ) ) ;
#833 = CARTESIAN_POINT ( 'NONE',  ( -10.35202871558757209, 0.3034802801820321583, 1.125000000000000222 ) ) ;
#834 = CARTESIAN_POINT ( 'NONE',  ( -10.35202871558757209, 0.3034802801820321583, 1.125000000000000222 ) ) ;
#835 = CARTESIAN_POINT ( 'NONE',  ( 0.000000000000000000, -0.4166666666666665741, 1.250000000000000000 ) ) ;
#836 = ORIENTED_EDGE ( 'NONE', *, *, #1639, .F. ) ;
#837 = CARTESIAN_POINT ( 'NONE',  ( -7.563258757786579523, -0.5416666666666666297, 1.250000000000000000 ) ) ;
#838 = ORIENTED_EDGE ( 'NONE', *, *, #2840, .T. ) ;
#839 = DIRECTION ( 'NONE',  ( 0.7690358092104137011, 0.000000000000000000, -0.6392056978407532064 ) ) ;
#840 = EDGE_CURVE ( 'NONE', #1130, #3003, #682, .T. ) ;
#841 = FACE_OUTER_BOUND ( 'NONE', #2130, .T. ) ;
#842 = EDGE_LOOP ( 'NONE', ( #891, #1072, #4633, #4518 ) ) ;
#843 = ADVANCED_FACE ( 'NONE', ( #2171 ), #3029, .T. ) ;
#844 = DIRECTION ( 'NONE',  ( 0.8000000000000002665, 0.000000000000000000, 0.5999999999999997558 ) ) ;
#845 = FACE_OUTER_BOUND ( 'NONE', #51, .T. ) ;
#846 = DIRECTION ( 'NONE',  ( 0.4939870479425931271, -0.8694692613686595406, 0.000000000000000000 ) ) ;
#847 = AXIS2_PLACEMENT_3D ( 'NONE', #3262, #1815, #15 ) ;
#848 = CYLINDRICAL_SURFACE ( 'NONE', #3247, 0.3175000000000011147 ) ;
#849 = ADVANCED_FACE ( 'NONE', ( #4035 ), #316, .T. ) ;
#850 = DIRECTION ( 'NONE',  ( -0.7749432854958503425, 0.6320307779411513671, 0.000000000000000000 ) ) ;
#851 = AXIS2_PLACEMENT_3D ( 'NONE', #4456, #3009, #1469 ) ;
#852 = ORIENTED_EDGE ( 'NONE', *, *, #923, .F. ) ;
#853 = VERTEX_POINT ( 'NONE', #1085 ) ;
#854 = AXIS2_PLACEMENT_3D ( 'NONE', #54, #378, #2263 ) ;
#855 = AXIS2_PLACEMENT_3D ( 'NONE', #4319, #2538, #1433 ) ;
#856 = EDGE_CURVE ( 'NONE', #3789, #2824, #1321, .T. ) ;
#857 = LINE ( 'NONE', #3189, #4036 ) ;
#858 = DIRECTION ( 'NONE',  ( -0.000000000000000000, 0.000000000000000000, 1.000000000000000000 ) ) ;
#859 = ORIENTED_EDGE ( 'NONE', *, *, #2715, .T. ) ;
#860 = CIRCLE ( 'NONE', #3010, 0.1250000000000004718 ) ;
#861 = EDGE_CURVE ( 'NONE', #343, #361, #1880, .T. ) ;
#862 = CARTESIAN_POINT ( 'NONE',  ( -13.29179361523218361, 1.031733979376130428, 0.8891628488960239274 ) ) ;
#863 = ORIENTED_EDGE ( 'NONE', *, *, #2708, .F. ) ;
#864 = CIRCLE ( 'NONE', #3475, 0.1249999999999999445 ) ;
#865 = CIRCLE ( 'NONE', #2326, 0.7599999999999995648 ) ;
#866 = VECTOR ( 'NONE', #1682, 100.0000000000000000 ) ;
#867 = ORIENTED_EDGE ( 'NONE', *, *, #3257, .F. ) ;
#868 = CARTESIAN_POINT ( 'NONE',  ( -9.387783735357132286, -5.333648675345473045, 0.1249999999999999445 ) ) ;
#869 = FACE_OUTER_BOUND ( 'NONE', #676, .T. ) ;
#870 = ORIENTED_EDGE ( 'NONE', *, *, #30, .T. ) ;
#871 = AXIS2_PLACEMENT_3D ( 'NONE', #2281, #2212, #4094 ) ;
#872 = ORIENTED_EDGE ( 'NONE', *, *, #4586, .T. ) ;
#873 = CIRCLE ( 'NONE', #2484, 0.2500000000000002220 ) ;
#874 = DIRECTION ( 'NONE',  ( 1.000000000000000000, 0.000000000000000000, 0.000000000000000000 ) ) ;
#875 = CYLINDRICAL_SURFACE ( 'NONE', #2184, 0.06249999999999996531 ) ;
#876 = CYLINDRICAL_SURFACE ( 'NONE', #4623, 0.06249999999999979877 ) ;
#877 = EDGE_CURVE ( 'NONE', #614, #2121, #1662, .T. ) ;
#878 = CIRCLE ( 'NONE', #411, 0.6349999999999994538 ) ;
#879 = CIRCLE ( 'NONE', #3108, 0.2500000000000002220 ) ;
#880 = CARTESIAN_POINT ( 'NONE',  ( -12.10875897698517001, 1.736240089222062410, 0.1249999999999999445 ) ) ;
#881 = VERTEX_POINT ( 'NONE', #4359 ) ;
#882 = VERTEX_POINT ( 'NONE', #660 ) ;
#883 = ADVANCED_FACE ( 'NONE', ( #3669 ), #3298, .T. ) ;
#884 = AXIS2_PLACEMENT_3D ( 'NONE', #3441, #2616, #4143 ) ;
#885 = DIRECTION ( 'NONE',  ( -0.000000000000000000, 0.000000000000000000, 1.000000000000000000 ) ) ;
#886 = CARTESIAN_POINT ( 'NONE',  ( -11.63426696761118784, 2.075111915204103319, 0.4100602806958013602 ) ) ;
#887 = DIRECTION ( 'NONE',  ( -1.000000000000000000, 0.000000000000000000, 0.000000000000000000 ) ) ;
#888 = ORIENTED_EDGE ( 'NONE', *, *, #30, .F. ) ;
#889 = FACE_BOUND ( 'NONE', #2617, .T. ) ;
#890 = ORIENTED_EDGE ( 'NONE', *, *, #3913, .T. ) ;
#891 = ORIENTED_EDGE ( 'NONE', *, *, #149, .F. ) ;
#892 = FACE_OUTER_BOUND ( 'NONE', #2, .T. ) ;
#893 = CARTESIAN_POINT ( 'NONE',  ( -7.071592091119913270, -0.5416666666666667407, 0.9125000000000000888 ) ) ;
#894 = ORIENTED_EDGE ( 'NONE', *, *, #2132, .F. ) ;
#895 = ORIENTED_EDGE ( 'NONE', *, *, #4113, .F. ) ;
#896 = DIRECTION ( 'NONE',  ( -0.1120543339847372699, -0.9937020812271839532, -0.000000000000000000 ) ) ;
#897 = CARTESIAN_POINT ( 'NONE',  ( -11.50695981583231742, 1.963444894134791063, 0.3475602806958025259 ) ) ;
#898 = CARTESIAN_POINT ( 'NONE',  ( -5.292293410150104016, 0.02444790937862692526, 2.635581104235296124 ) ) ;
#899 = EDGE_CURVE ( 'NONE', #4355, #2828, #1373, .T. ) ;
#900 = CARTESIAN_POINT ( 'NONE',  ( -11.55446392548339318, 2.090676952578652159, 0.7123861535993827321 ) ) ;
#901 = ORIENTED_EDGE ( 'NONE', *, *, #2055, .T. ) ;
#902 = EDGE_CURVE ( 'NONE', #4552, #4655, #2804, .T. ) ;
#903 = ORIENTED_EDGE ( 'NONE', *, *, #987, .T. ) ;
#904 = LINE ( 'NONE', #573, #3869 ) ;
#905 = DIRECTION ( 'NONE',  ( 0.8694692613686837435, 0.4939870479425503280, 2.775557561562891967E-17 ) ) ;
#906 = DIRECTION ( 'NONE',  ( -0.5668062099020038103, 0.4622776614639922954, 0.6819311432453485367 ) ) ;
#907 = ORIENTED_EDGE ( 'NONE', *, *, #3648, .T. ) ;
#908 = PLANE ( 'NONE',  #1540 ) ;
#909 = VERTEX_POINT ( 'NONE', #4668 ) ;
#910 = CARTESIAN_POINT ( 'NONE',  ( -11.63382357956933078, 2.045588939707508658, 0.4984486283441197374 ) ) ;
#911 = ORIENTED_EDGE ( 'NONE', *, *, #2288, .T. ) ;
#912 = CYLINDRICAL_SURFACE ( 'NONE', #3936, 0.1250000000000002776 ) ;
#913 = CARTESIAN_POINT ( 'NONE',  ( -12.05013514067639413, -1.153715783407158524, 0.8007745012477016644 ) ) ;
#914 = ORIENTED_EDGE ( 'NONE', *, *, #1340, .T. ) ;
#915 = EDGE_LOOP ( 'NONE', ( #3732, #1919, #1988, #2096, #1955, #4040, #1827, #4053, #4658, #1636, #1603, #2094, #3863, #2358, #1903, #4601 ) ) ;
#916 = DIRECTION ( 'NONE',  ( 0.000000000000000000, 0.000000000000000000, -1.000000000000000000 ) ) ;
#917 = DIRECTION ( 'NONE',  ( 1.000000000000000000, 0.000000000000000000, 0.000000000000000000 ) ) ;
#918 = CARTESIAN_POINT ( 'NONE',  ( -12.92789973002317438, 1.156002158380812883, 0.3475602806958021929 ) ) ;
#919 = DIRECTION ( 'NONE',  ( 0.4939870479425909067, -0.8694692613686606508, 9.020562075079412668E-15 ) ) ;
#920 = CARTESIAN_POINT ( 'NONE',  ( -11.63382357956933255, 2.045588939707508658, 0.7123861535993829541 ) ) ;
#921 = VERTEX_POINT ( 'NONE', #2838 ) ;
#922 = EDGE_LOOP ( 'NONE', ( #2551, #637, #2078, #1998 ) ) ;
#923 = EDGE_CURVE ( 'NONE', #132, #4249, #2956, .T. ) ;
#924 = ADVANCED_FACE ( 'NONE', ( #4146 ), #3688, .T. ) ;
#925 = AXIS2_PLACEMENT_3D ( 'NONE', #835, #4605, #3852 ) ;
#926 = DIRECTION ( 'NONE',  ( -0.000000000000000000, -0.000000000000000000, -1.000000000000000000 ) ) ;
#927 = DIRECTION ( 'NONE',  ( 0.000000000000000000, -0.000000000000000000, -1.000000000000000000 ) ) ;
#928 = VERTEX_POINT ( 'NONE', #2221 ) ;
#929 = CARTESIAN_POINT ( 'NONE',  ( -12.60643403778524174, 2.787344048808198860, 0.000000000000000000 ) ) ;
#930 = VERTEX_POINT ( 'NONE', #3422 ) ;
#931 = EDGE_CURVE ( 'NONE', #3443, #2083, #4055, .T. ) ;
#932 = CIRCLE ( 'NONE', #2692, 0.06250000000000005551 ) ;
#933 = EDGE_CURVE ( 'NONE', #2084, #4710, #1922, .T. ) ;
#934 = DIRECTION ( 'NONE',  ( 9.915496131590894273E-33, -8.086912747056017819E-33, 1.000000000000000000 ) ) ;
#935 = EDGE_LOOP ( 'NONE', ( #1314, #4445, #4321, #2963 ) ) ;
#936 = AXIS2_PLACEMENT_3D ( 'NONE', #4367, #356, #3697 ) ;
#937 = CARTESIAN_POINT ( 'NONE',  ( -8.391147595693485783, -0.4166666666666665741, 0.1250000000000001110 ) ) ;
#938 = DIRECTION ( 'NONE',  ( 0.8694692613686595406, 0.4939870479425931826, -0.000000000000000000 ) ) ;
#939 = EDGE_LOOP ( 'NONE', ( #375, #3626, #1287, #4524 ) ) ;
#940 = CIRCLE ( 'NONE', #1778, 0.3750000000000003331 ) ;
#941 = EDGE_CURVE ( 'NONE', #2083, #3755, #1494, .T. ) ;
#942 = ORIENTED_EDGE ( 'NONE', *, *, #3854, .T. ) ;
#943 = CARTESIAN_POINT ( 'NONE',  ( -7.563258757786579523, -2.916666666666666075, 1.125000000000000222 ) ) ;
#944 = DIRECTION ( 'NONE',  ( -0.000000000000000000, -0.000000000000000000, -1.000000000000000000 ) ) ;
#945 = DIRECTION ( 'NONE',  ( -0.000000000000000000, -0.000000000000000000, -1.000000000000000000 ) ) ;
#946 = VECTOR ( 'NONE', #3277, 100.0000000000000142 ) ;
#947 = AXIS2_PLACEMENT_3D ( 'NONE', #698, #4354, #3980 ) ;
#948 = DIRECTION ( 'NONE',  ( 0.000000000000000000, -0.000000000000000000, -1.000000000000000000 ) ) ;
#949 = VERTEX_POINT ( 'NONE', #2619 ) ;
#950 = ORIENTED_EDGE ( 'NONE', *, *, #2715, .F. ) ;
#951 = AXIS2_PLACEMENT_3D ( 'NONE', #1776, #294, #4378 ) ;
#952 = LINE ( 'NONE', #4293, #1396 ) ;
#953 = DIRECTION ( 'NONE',  ( -0.000000000000000000, 0.000000000000000000, 1.000000000000000000 ) ) ;
#954 = ORIENTED_EDGE ( 'NONE', *, *, #478, .T. ) ;
#955 = DIRECTION ( 'NONE',  ( 0.8694692613686837435, 0.4939870479425503280, 0.000000000000000000 ) ) ;
#956 = ORIENTED_EDGE ( 'NONE', *, *, #2959, .F. ) ;
#957 = AXIS2_PLACEMENT_3D ( 'NONE', #2240, #2891, #2218 ) ;
#958 = VERTEX_POINT ( 'NONE', #385 ) ;
#959 = DIRECTION ( 'NONE',  ( 0.4939870479425503835, -0.8694692613686837435, -1.192944871586615445E-32 ) ) ;
#960 = VECTOR ( 'NONE', #3836, 100.0000000000000000 ) ;
#961 = DIRECTION ( 'NONE',  ( -0.000000000000000000, -0.000000000000000000, -1.000000000000000000 ) ) ;
#962 = ORIENTED_EDGE ( 'NONE', *, *, #979, .T. ) ;
#963 = VERTEX_POINT ( 'NONE', #4516 ) ;
#964 = CARTESIAN_POINT ( 'NONE',  ( -11.55446392548339318, 2.090676952578652159, 0.4984486283441196819 ) ) ;
#965 = CARTESIAN_POINT ( 'NONE',  ( -11.62044749077096917, -1.150882113125067274, 0.1249999999999999445 ) ) ;
#966 = PLANE ( 'NONE',  #3405 ) ;
#967 = CARTESIAN_POINT ( 'NONE',  ( -11.63192298418719872, 2.044797838097145437, 0.7287453971606887571 ) ) ;
#968 = ORIENTED_EDGE ( 'NONE', *, *, #1171, .T. ) ;
#969 = ORIENTED_EDGE ( 'NONE', *, *, #2684, .T. ) ;
#970 = CARTESIAN_POINT ( 'NONE',  ( -13.29920016738946664, 1.108791827543623931, 1.250000000000000000 ) ) ;
#971 = DIRECTION ( 'NONE',  ( -9.915496131590894273E-33, 8.086912747056017819E-33, -1.000000000000000000 ) ) ;
#972 = VERTEX_POINT ( 'NONE', #1853 ) ;
#973 = EDGE_LOOP ( 'NONE', ( #192, #1788, #3827, #3232 ) ) ;
#974 = DIRECTION ( 'NONE',  ( 0.7749432854958503425, -0.6320307779411513671, 0.000000000000000000 ) ) ;
#975 = CARTESIAN_POINT ( 'NONE',  ( -10.19402102110228547, 0.4972161015559958819, 1.250000000000000000 ) ) ;
#976 = CARTESIAN_POINT ( 'NONE',  ( -9.398130915892211945, 0.2513567645986138910, 0.3216719330474845928 ) ) ;
#977 = CARTESIAN_POINT ( 'NONE',  ( -11.77876013238799224, 1.789702806178248506, 0.3475602806958023039 ) ) ;
#978 = VERTEX_POINT ( 'NONE', #1588 ) ;
#979 = EDGE_CURVE ( 'NONE', #3511, #1491, #2649, .T. ) ;
#980 =( BOUNDED_CURVE ( )  B_SPLINE_CURVE ( 3, ( #3832, #2553, #2302, #95 ),
 .UNSPECIFIED., .F., .F. ) 
 B_SPLINE_CURVE_WITH_KNOTS ( ( 4, 4 ),
 ( 2.356194490192347057, 3.141592653589792672 ),
 .UNSPECIFIED. ) 
 CURVE ( )  GEOMETRIC_REPRESENTATION_ITEM ( )  RATIONAL_B_SPLINE_CURVE ( ( 1.000000000000000000, 0.9492530216741915661, 0.9492530216741915661, 1.000000000000000000 ) ) 
 REPRESENTATION_ITEM ( '' )  );
#981 = EDGE_CURVE ( 'NONE', #3996, #2812, #3371, .T. ) ;
#982 = ORIENTED_EDGE ( 'NONE', *, *, #3611, .F. ) ;
#983 = FACE_OUTER_BOUND ( 'NONE', #2522, .T. ) ;
#984 = CARTESIAN_POINT ( 'NONE',  ( -10.83200522101813945, -3.041666666666666075, 1.250000000000000000 ) ) ;
#985 = CARTESIAN_POINT ( 'NONE',  ( -13.29920016738946664, 1.108791827543624597, 0.4984486283441197374 ) ) ;
#986 = EDGE_CURVE ( 'NONE', #2747, #3665, #418, .T. ) ;
#987 = EDGE_CURVE ( 'NONE', #2311, #3667, #3111, .T. ) ;
#988 = FACE_OUTER_BOUND ( 'NONE', #1309, .T. ) ;
#989 = FACE_OUTER_BOUND ( 'NONE', #2478, .T. ) ;
#990 = LINE ( 'NONE', #3142, #3791 ) ;
#991 = ORIENTED_EDGE ( 'NONE', *, *, #140, .T. ) ;
#992 = ORIENTED_EDGE ( 'NONE', *, *, #653, .T. ) ;
#993 = EDGE_CURVE ( 'NONE', #1743, #1694, #4118, .T. ) ;
#994 = DIRECTION ( 'NONE',  ( 0.000000000000000000, -0.000000000000000000, -1.000000000000000000 ) ) ;
#995 = FACE_OUTER_BOUND ( 'NONE', #1627, .T. ) ;
#996 = ORIENTED_EDGE ( 'NONE', *, *, #4682, .F. ) ;
#997 = ORIENTED_EDGE ( 'NONE', *, *, #1689, .T. ) ;
#998 = ADVANCED_FACE ( 'NONE', ( #4105 ), #106, .F. ) ;
#999 = AXIS2_PLACEMENT_3D ( 'NONE', #2283, #3315, #2978 ) ;
#1000 = CARTESIAN_POINT ( 'NONE',  ( -11.63382357956933078, 2.045588939707508658, 0.4984486283441197374 ) ) ;
#1001 = ORIENTED_EDGE ( 'NONE', *, *, #4488, .T. ) ;
#1002 = EDGE_CURVE ( 'NONE', #1896, #909, #1647, .T. ) ;
#1003 = CARTESIAN_POINT ( 'NONE',  ( -10.14255125769409993, -0.06992619713259759506, 0.8632745012477016644 ) ) ;
#1004 = DIRECTION ( 'NONE',  ( -0.3493015914185313986, 0.6148076107470382690, -0.7071067811865472397 ) ) ;
#1005 = ORIENTED_EDGE ( 'NONE', *, *, #2413, .T. ) ;
#1006 = TOROIDAL_SURFACE ( 'NONE', #3701, 0.3750000000000000000, 0.1250000000000000000 ) ;
#1007 = VECTOR ( 'NONE', #4589, 100.0000000000000000 ) ;
#1008 = AXIS2_PLACEMENT_3D ( 'NONE', #1228, #4179, #3826 ) ;
#1009 = ORIENTED_EDGE ( 'NONE', *, *, #1017, .T. ) ;
#1010 = DIRECTION ( 'NONE',  ( 0.000000000000000000, -0.000000000000000000, -1.000000000000000000 ) ) ;
#1011 = CARTESIAN_POINT ( 'NONE',  ( -11.63382357956933078, 2.045588939707508658, 0.7123861535993830651 ) ) ;
#1012 = DIRECTION ( 'NONE',  ( -0.000000000000000000, 0.000000000000000000, 1.000000000000000000 ) ) ;
#1013 = VECTOR ( 'NONE', #4366, 100.0000000000000142 ) ;
#1014 = VECTOR ( 'NONE', #1091, 100.0000000000000000 ) ;
#1015 =( BOUNDED_CURVE ( )  B_SPLINE_CURVE ( 3, ( #3607, #2996, #2262, #3365 ),
 .UNSPECIFIED., .F., .F. ) 
 B_SPLINE_CURVE_WITH_KNOTS ( ( 4, 4 ),
 ( 0.8933867228811158689, 1.054126904675312781 ),
 .UNSPECIFIED. ) 
 CURVE ( )  GEOMETRIC_REPRESENTATION_ITEM ( )  RATIONAL_B_SPLINE_CURVE ( ( 1.000000000000000000, 0.9978480415586050700, 0.9978480415586050700, 1.000000000000000000 ) ) 
 REPRESENTATION_ITEM ( '' )  );
#1016 = VECTOR ( 'NONE', #3041, 100.0000000000000000 ) ;
#1017 = EDGE_CURVE ( 'NONE', #2828, #4297, #1258, .T. ) ;
#1018 = DIRECTION ( 'NONE',  ( -0.3493015914185441662, 0.6148076107470443752, -0.7071067811865355823 ) ) ;
#1019 = LINE ( 'NONE', #4012, #3183 ) ;
#1020 = CARTESIAN_POINT ( 'NONE',  ( -13.23745178639664211, 1.015443083843180716, 0.8481542563836846904 ) ) ;
#1021 = EDGE_CURVE ( 'NONE', #4297, #1963, #2269, .T. ) ;
#1022 = ORIENTED_EDGE ( 'NONE', *, *, #662, .F. ) ;
#1023 = ORIENTED_EDGE ( 'NONE', *, *, #425, .T. ) ;
#1024 = AXIS2_PLACEMENT_3D ( 'NONE', #2957, #815, #448 ) ;
#1025 = AXIS2_PLACEMENT_3D ( 'NONE', #2652, #3394, #3689 ) ;
#1026 = LINE ( 'NONE', #3993, #1625 ) ;
#1027 = CARTESIAN_POINT ( 'NONE',  ( -11.88895981638750676, 1.879579824678406119, 0.4542544545199617145 ) ) ;
#1028 = ORIENTED_EDGE ( 'NONE', *, *, #3868, .F. ) ;
#1029 = EDGE_CURVE ( 'NONE', #302, #3873, #4337, .T. ) ;
#1030 = VERTEX_POINT ( 'NONE', #2243 ) ;
#1031 = ADVANCED_FACE ( 'NONE', ( #1200 ), #3031, .T. ) ;
#1032 = AXIS2_PLACEMENT_3D ( 'NONE', #775, #2655, #825 ) ;
#1033 = ORIENTED_EDGE ( 'NONE', *, *, #3209, .T. ) ;
#1034 = CARTESIAN_POINT ( 'NONE',  ( -11.50695981583231742, 1.963444894134791952, 0.8632745012477011093 ) ) ;
#1035 = AXIS2_PLACEMENT_3D ( 'NONE', #3393, #2668, #2598 ) ;
#1036 = CARTESIAN_POINT ( 'NONE',  ( -10.46154243181374177, -0.6676915064593638149, 1.125000000000000222 ) ) ;
#1037 = EDGE_LOOP ( 'NONE', ( #3819, #2462, #307, #600 ) ) ;
#1038 = PRESENTATION_LAYER_ASSIGNMENT (  '', '', ( #3113 ) ) ;
#1039 = CYLINDRICAL_SURFACE ( 'NONE', #47, 0.1249999999999998335 ) ;
#1040 = EDGE_LOOP ( 'NONE', ( #1658, #3958, #3076, #1059 ) ) ;
#1041 = CARTESIAN_POINT ( 'NONE',  ( -9.358628992270890734, 0.2997907199421039337, 0.3216719330474847038 ) ) ;
#1042 = FACE_OUTER_BOUND ( 'NONE', #4217, .T. ) ;
#1043 = CARTESIAN_POINT ( 'NONE',  ( -8.391147595693485783, -0.1666666666666670460, 0.000000000000000000 ) ) ;
#1044 = VECTOR ( 'NONE', #974, 100.0000000000000142 ) ;
#1045 = LINE ( 'NONE', #4310, #2862 ) ;
#1046 = CARTESIAN_POINT ( 'NONE',  ( -12.43733849965179061, 1.916962244156579231, 0.000000000000000000 ) ) ;
#1047 = CARTESIAN_POINT ( 'NONE',  ( -11.64954727823941205, -1.099663420607620345, 1.250000000000000000 ) ) ;
#1048 = ORIENTED_EDGE ( 'NONE', *, *, #1940, .T. ) ;
#1049 = FACE_OUTER_BOUND ( 'NONE', #4539, .T. ) ;
#1050 = VERTEX_POINT ( 'NONE', #4128 ) ;
#1051 = LINE ( 'NONE', #4043, #2940 ) ;
#1052 = EDGE_CURVE ( 'NONE', #853, #3620, #2035, .T. ) ;
#1053 = LINE ( 'NONE', #2920, #4166 ) ;
#1054 = ORIENTED_EDGE ( 'NONE', *, *, #1964, .F. ) ;
#1055 = ORIENTED_EDGE ( 'NONE', *, *, #2703, .F. ) ;
#1056 = ORIENTED_EDGE ( 'NONE', *, *, #2835, .F. ) ;
#1057 = DIRECTION ( 'NONE',  ( -0.000000000000000000, 0.000000000000000000, 1.000000000000000000 ) ) ;
#1058 = DIRECTION ( 'NONE',  ( -0.000000000000000000, 0.000000000000000000, 1.000000000000000000 ) ) ;
#1059 = ORIENTED_EDGE ( 'NONE', *, *, #2638, .T. ) ;
#1060 = CARTESIAN_POINT ( 'NONE',  ( -9.487499999999998934, -1.666666666666666297, -3.252606517456513302E-17 ) ) ;
#1061 = ORIENTED_EDGE ( 'NONE', *, *, #4421, .T. ) ;
#1062 = CARTESIAN_POINT ( 'NONE',  ( -9.398560415742744922, 0.3323581208262430531, 0.3443244776310605548 ) ) ;
#1063 = CARTESIAN_POINT ( 'NONE',  ( -10.83200522101813945, -2.791666666666666075, 1.250000000000000000 ) ) ;
#1064 = PLANE ( 'NONE',  #3480 ) ;
#1065 = DIRECTION ( 'NONE',  ( -0.6320307779411507010, -0.7749432854958508976, 0.000000000000000000 ) ) ;
#1066 = DIRECTION ( 'NONE',  ( 0.000000000000000000, -0.000000000000000000, -1.000000000000000000 ) ) ;
#1067 = ORIENTED_EDGE ( 'NONE', *, *, #3923, .T. ) ;
#1068 = DIRECTION ( 'NONE',  ( -0.8694692613686595406, -0.4939870479425931826, 0.000000000000000000 ) ) ;
#1069 = CARTESIAN_POINT ( 'NONE',  ( -7.021592091119913448, -3.041666666666666075, 0.8750000000000001110 ) ) ;
#1070 = FACE_OUTER_BOUND ( 'NONE', #3362, .T. ) ;
#1071 = ORIENTED_EDGE ( 'NONE', *, *, #521, .F. ) ;
#1072 = ORIENTED_EDGE ( 'NONE', *, *, #1666, .F. ) ;
#1073 = EDGE_CURVE ( 'NONE', #3604, #1743, #4717, .T. ) ;
#1074 = DIRECTION ( 'NONE',  ( 0.8694692613686595406, 0.4939870479425931826, -0.000000000000000000 ) ) ;
#1075 = EDGE_CURVE ( 'NONE', #1965, #2429, #2340, .T. ) ;
#1076 = PLANE ( 'NONE',  #1619 ) ;
#1077 = LINE ( 'NONE', #654, #2101 ) ;
#1078 = ORIENTED_EDGE ( 'NONE', *, *, #1519, .F. ) ;
#1079 = EDGE_CURVE ( 'NONE', #3198, #3755, #4022, .T. ) ;
#1080 = VECTOR ( 'NONE', #2536, 100.0000000000000000 ) ;
#1081 = CYLINDRICAL_SURFACE ( 'NONE', #1495, 0.06249999999999979877 ) ;
#1082 = ORIENTED_EDGE ( 'NONE', *, *, #589, .F. ) ;
#1083 = AXIS2_PLACEMENT_3D ( 'NONE', #3275, #2837, #4285 ) ;
#1084 = DIRECTION ( 'NONE',  ( 1.000000000000000000, 0.000000000000000000, 0.000000000000000000 ) ) ;
#1085 = CARTESIAN_POINT ( 'NONE',  ( -13.36161535150948687, 2.250695823602320900, 0.1249999999999999445 ) ) ;
#1086 = CARTESIAN_POINT ( 'NONE',  ( -0.000000000000000000, -0.5416666666666666297, 0.1250000000000000000 ) ) ;
#1087 = ADVANCED_FACE ( 'NONE', ( #1633 ), #912, .T. ) ;
#1088 = VECTOR ( 'NONE', #3944, 100.0000000000000000 ) ;
#1089 = CARTESIAN_POINT ( 'NONE',  ( -9.325107847934388516, 0.2209617277617683673, 0.4816510594650774135 ) ) ;
#1090 = CIRCLE ( 'NONE', #4534, 0.06249999999999981959 ) ;
#1091 = DIRECTION ( 'NONE',  ( 5.892993154733276818E-33, -1.037228896351944717E-32, 1.000000000000000000 ) ) ;
#1092 = AXIS2_PLACEMENT_3D ( 'NONE', #460, #1500, #3401 ) ;
#1093 = EDGE_LOOP ( 'NONE', ( #1274, #4401, #1676, #997 ) ) ;
#1094 = DIRECTION ( 'NONE',  ( -0.4939870479425472749, 0.8694692613686855198, 0.000000000000000000 ) ) ;
#1095 = CIRCLE ( 'NONE', #2785, 0.2500000000000002220 ) ;
#1096 = CIRCLE ( 'NONE', #3797, 0.1250000000000001110 ) ;
#1097 = CARTESIAN_POINT ( 'NONE',  ( -7.633330346460727611, 4.144919618765477765, 0.8007745012477016644 ) ) ;
#1098 = CARTESIAN_POINT ( 'NONE',  ( -12.94040323192175101, 1.202720559189975891, 0.8256892241199264015 ) ) ;
#1099 = ORIENTED_EDGE ( 'NONE', *, *, #981, .T. ) ;
#1100 = VERTEX_POINT ( 'NONE', #2363 ) ;
#1101 = CIRCLE ( 'NONE', #4549, 0.8175000000000001155 ) ;
#1102 = AXIS2_PLACEMENT_3D ( 'NONE', #2089, #3241, #1413 ) ;
#1103 = CIRCLE ( 'NONE', #262, 0.06250000000000008327 ) ;
#1104 = CYLINDRICAL_SURFACE ( 'NONE', #1024, 0.1250000000000001110 ) ;
#1105 = CARTESIAN_POINT ( 'NONE',  ( -7.633330346460728499, 4.144919618765477765, 0.3475602806958021929 ) ) ;
#1106 = DIRECTION ( 'NONE',  ( 1.000000000000000000, 0.000000000000000000, 0.000000000000000000 ) ) ;
#1107 = VERTEX_POINT ( 'NONE', #3107 ) ;
#1108 = VECTOR ( 'NONE', #1737, 100.0000000000000142 ) ;
#1109 = DIRECTION ( 'NONE',  ( -0.000000000000000000, 0.000000000000000000, -1.000000000000000000 ) ) ;
#1110 = VERTEX_POINT ( 'NONE', #2023 ) ;
#1111 = VECTOR ( 'NONE', #1978, 100.0000000000000142 ) ;
#1112 = DIRECTION ( 'NONE',  ( 0.8694692613686838545, 0.4939870479425503835, 2.775557561562892584E-17 ) ) ;
#1113 = CARTESIAN_POINT ( 'NONE',  ( -7.146592091119913448, -3.041666666666666075, 0.4375000000000000555 ) ) ;
#1114 = ADVANCED_FACE ( 'NONE', ( #2384 ), #2699, .T. ) ;
#1115 = CARTESIAN_POINT ( 'NONE',  ( -5.732389529352190927, 0.7990634570687836780, -3.526487295065761085 ) ) ;
#1116 = AXIS2_PLACEMENT_3D ( 'NONE', #4365, #1068, #354 ) ;
#1117 = FACE_OUTER_BOUND ( 'NONE', #3882, .T. ) ;
#1118 = DIRECTION ( 'NONE',  ( 1.000000000000000000, 0.000000000000000000, 0.000000000000000000 ) ) ;
#1119 = CARTESIAN_POINT ( 'NONE',  ( -9.496467393028211745, -5.395397056338298469, 1.125000000000000222 ) ) ;
#1120 = CARTESIAN_POINT ( 'NONE',  ( -11.94472406075625592, -1.339250392421620139, 0.4984486283441203480 ) ) ;
#1121 = DIRECTION ( 'NONE',  ( -0.000000000000000000, 0.000000000000000000, 1.000000000000000000 ) ) ;
#1122 = CARTESIAN_POINT ( 'NONE',  ( -13.04411535150948609, 2.250695823602320900, 1.125000000000000222 ) ) ;
#1123 = EDGE_LOOP ( 'NONE', ( #3660, #1617, #4301, #233 ) ) ;
#1124 = ORIENTED_EDGE ( 'NONE', *, *, #608, .F. ) ;
#1125 = CARTESIAN_POINT ( 'NONE',  ( -11.47637890098533298, 2.026992113052044520, 0.3747400702331681877 ) ) ;
#1126 = DIRECTION ( 'NONE',  ( 0.6320307779411606930, 0.7749432854958427930, 0.000000000000000000 ) ) ;
#1127 = DIRECTION ( 'NONE',  ( 1.000000000000000000, 0.000000000000000000, 0.000000000000000000 ) ) ;
#1128 = ORIENTED_EDGE ( 'NONE', *, *, #3403, .F. ) ;
#1129 = CARTESIAN_POINT ( 'NONE',  ( -12.94280178398322967, 1.256070048315654608, 0.4327161523802672827 ) ) ;
#1130 = VERTEX_POINT ( 'NONE', #937 ) ;
#1131 = DIRECTION ( 'NONE',  ( -0.6320307779411606930, -0.7749432854958427930, 0.000000000000000000 ) ) ;
#1132 = DIRECTION ( 'NONE',  ( -0.4939870479425925165, 0.8694692613686599847, 3.619892974407431348E-15 ) ) ;
#1133 = EDGE_CURVE ( 'NONE', #4249, #3731, #242, .T. ) ;
#1134 = ADVANCED_FACE ( 'NONE', ( #221, #3464 ), #1701, .T. ) ;
#1135 = CARTESIAN_POINT ( 'NONE',  ( -13.31362496469552248, 1.070159455048004027, 0.4542544545199600492 ) ) ;
#1136 = CARTESIAN_POINT ( 'NONE',  ( -12.81621404423835564, 1.596771329379853555, 0.000000000000000000 ) ) ;
#1137 = ADVANCED_FACE ( 'NONE', ( #892 ), #3628, .T. ) ;
#1138 = CARTESIAN_POINT ( 'NONE',  ( -13.04411535150948609, 2.250695823602320900, 1.250000000000000000 ) ) ;
#1139 = CARTESIAN_POINT ( 'NONE',  ( -13.29920016738946664, 1.171291827543623931, 1.250000000000000000 ) ) ;
#1140 = ADVANCED_FACE ( 'NONE', ( #556 ), #3154, .T. ) ;
#1141 = DIRECTION ( 'NONE',  ( -0.9442952985161996438, -0.3290993606803293559, -0.000000000000000000 ) ) ;
#1142 = DIRECTION ( 'NONE',  ( 0.3493015914185311210, -0.6148076107470366036, -0.7071067811865487940 ) ) ;
#1143 = ORIENTED_EDGE ( 'NONE', *, *, #2965, .T. ) ;
#1144 = ORIENTED_EDGE ( 'NONE', *, *, #1779, .F. ) ;
#1145 = EDGE_CURVE ( 'NONE', #829, #4505, #3816, .T. ) ;
#1146 = CARTESIAN_POINT ( 'NONE',  ( -12.93448082989525361, 1.306623384488034167, 0.4896377284806106012 ) ) ;
#1147 = DIRECTION ( 'NONE',  ( -0.6000000000000003109, 0.000000000000000000, -0.7999999999999997113 ) ) ;
#1148 = DIRECTION ( 'NONE',  ( -0.9937020812271840642, 0.1120543339847372838, 0.000000000000000000 ) ) ;
#1149 = DIRECTION ( 'NONE',  ( 0.3493015914185388371, -0.6148076107470513696, -0.7071067811865322517 ) ) ;
#1150 = ORIENTED_EDGE ( 'NONE', *, *, #4636, .T. ) ;
#1151 = EDGE_CURVE ( 'NONE', #50, #302, #1699, .T. ) ;
#1152 = ADVANCED_FACE ( 'NONE', ( #1294 ), #3535, .T. ) ;
#1153 = DIRECTION ( 'NONE',  ( 1.000000000000000000, 0.000000000000000000, 0.000000000000000000 ) ) ;
#1154 = ORIENTED_EDGE ( 'NONE', *, *, #3617, .T. ) ;
#1155 = DIRECTION ( 'NONE',  ( 0.000000000000000000, 1.000000000000000000, 0.000000000000000000 ) ) ;
#1156 = DIRECTION ( 'NONE',  ( -0.5668062099020123590, 0.4622776614639915183, 0.6819311432453419863 ) ) ;
#1157 = CIRCLE ( 'NONE', #4088, 0.1249999999999999445 ) ;
#1158 = CARTESIAN_POINT ( 'NONE',  ( -13.75490647267836586, 1.846861411909251460, 0.1249999999999999445 ) ) ;
#1159 = DIRECTION ( 'NONE',  ( 0.4939870479425903516, -0.8694692613686609839, 0.000000000000000000 ) ) ;
#1160 = DIRECTION ( 'NONE',  ( 1.000000000000000000, 0.000000000000000000, 0.000000000000000000 ) ) ;
#1161 = AXIS2_PLACEMENT_3D ( 'NONE', #2529, #2818, #1421 ) ;
#1162 = ADVANCED_FACE ( 'NONE', ( #2431 ), #4641, .F. ) ;
#1163 = AXIS2_PLACEMENT_3D ( 'NONE', #4746, #762, #2589 ) ;
#1164 = DIRECTION ( 'NONE',  ( -0.4939870479425472749, 0.8694692613686855198, 0.000000000000000000 ) ) ;
#1165 = CARTESIAN_POINT ( 'NONE',  ( -12.94280178398323145, 1.222618554691410342, 0.4036311069271160679 ) ) ;
#1166 = ORIENTED_EDGE ( 'NONE', *, *, #552, .T. ) ;
#1167 = VERTEX_POINT ( 'NONE', #4000 ) ;
#1168 = AXIS2_PLACEMENT_3D ( 'NONE', #1119, #2947, #4363 ) ;
#1169 =( BOUNDED_SURFACE ( )  B_SPLINE_SURFACE ( 3, 2, ( 
 ( #1041, #3642, #626 ),
 ( #1775, #1062, #2097 ),
 ( #4647, #4006, #3570 ),
 ( #2071, #1707, #315 ) ),
 .UNSPECIFIED., .F., .F., .F. ) 
 B_SPLINE_SURFACE_WITH_KNOTS ( ( 4, 4 ),
 ( 3, 3 ),
 ( 0.7853981633974427279, 1.570796326794896558 ),
 ( 0.000000000000000000, 1.000000000000000000 ),
 .UNSPECIFIED. ) 
 GEOMETRIC_REPRESENTATION_ITEM ( )  RATIONAL_B_SPLINE_SURFACE ( (
 ( 1.000000000000000000, 0.7923609257339289114, 1.000000000000000000),
 ( 1.000000000000000000, 0.7713308534497943514, 1.000000000000000000),
 ( 1.000000000000000000, 0.7406648312652874822, 1.000000000000000000),
 ( 1.000000000000000000, 0.7071067811865473507, 1.000000000000000000) ) ) 
 REPRESENTATION_ITEM ( '' )  SURFACE ( )  );
#1170 = LINE ( 'NONE', #788, #559 ) ;
#1171 = EDGE_CURVE ( 'NONE', #4674, #1110, #4620, .T. ) ;
#1172 = CARTESIAN_POINT ( 'NONE',  ( -11.50155366231092380, 2.047524227185892443, 0.2979165833238446859 ) ) ;
#1173 = AXIS2_PLACEMENT_3D ( 'NONE', #3502, #2346, #565 ) ;
#1174 = CARTESIAN_POINT ( 'NONE',  ( -13.36161535150948687, 2.250695823602320900, 1.125000000000000222 ) ) ;
#1175 = EDGE_CURVE ( 'NONE', #4233, #2917, #1292, .T. ) ;
#1176 = DIRECTION ( 'NONE',  ( 0.8762120604443242033, -0.4819257464920420619, 0.000000000000000000 ) ) ;
#1177 = ORIENTED_EDGE ( 'NONE', *, *, #1530, .T. ) ;
#1178 = ORIENTED_EDGE ( 'NONE', *, *, #2541, .T. ) ;
#1179 = CARTESIAN_POINT ( 'NONE',  ( -7.071592091119913270, -2.916666666666666075, 0.9125000000000000888 ) ) ;
#1180 = VECTOR ( 'NONE', #4382, 100.0000000000000000 ) ;
#1181 = CARTESIAN_POINT ( 'NONE',  ( -10.32771517740232348, -1.017998894301386459, 1.250000000000000000 ) ) ;
#1182 = CARTESIAN_POINT ( 'NONE',  ( -3.591591217775111922, -4.403708799636721238, 1.250000000000000000 ) ) ;
#1183 = DIRECTION ( 'NONE',  ( 0.000000000000000000, -0.000000000000000000, -1.000000000000000000 ) ) ;
#1184 = CARTESIAN_POINT ( 'NONE',  ( -12.32781199209625278, 1.856721525845074217, 0.1249999999999999445 ) ) ;
#1185 = CIRCLE ( 'NONE', #957, 0.2500000000000002220 ) ;
#1186 = EDGE_CURVE ( 'NONE', #699, #1107, #2548, .T. ) ;
#1187 = CARTESIAN_POINT ( 'NONE',  ( -9.254731733816660366, 0.2150538542697162936, 0.7123861535993827321 ) ) ;
#1188 = LINE ( 'NONE', #1506, #103 ) ;
#1189 = EDGE_LOOP ( 'NONE', ( #1420, #3440, #4374, #3990 ) ) ;
#1190 = VERTEX_POINT ( 'NONE', #2524 ) ;
#1191 = EDGE_CURVE ( 'NONE', #4475, #2411, #1728, .T. ) ;
#1192 = DIRECTION ( 'NONE',  ( 0.4939870479425903516, -0.8694692613686610949, 0.000000000000000000 ) ) ;
#1193 = CARTESIAN_POINT ( 'NONE',  ( -12.00647244174907868, -1.230566734750538682, 0.7123861535993826211 ) ) ;
#1194 = CARTESIAN_POINT ( 'NONE',  ( -9.419962265355870557, 0.2897822402703052469, 0.8449686750718606865 ) ) ;
#1195 = DIRECTION ( 'NONE',  ( -0.000000000000000000, 0.000000000000000000, 1.000000000000000000 ) ) ;
#1196 = CARTESIAN_POINT ( 'NONE',  ( -13.64622281500728285, 1.908609792902077995, 0.000000000000000000 ) ) ;
#1197 = ORIENTED_EDGE ( 'NONE', *, *, #4441, .F. ) ;
#1198 = CARTESIAN_POINT ( 'NONE',  ( -11.62519584644441828, 2.148364723886541316, 0.4984486283441197374 ) ) ;
#1199 = ORIENTED_EDGE ( 'NONE', *, *, #4683, .F. ) ;
#1200 = FACE_OUTER_BOUND ( 'NONE', #3897, .T. ) ;
#1201 = DIRECTION ( 'NONE',  ( 1.000000000000000000, 0.000000000000000000, 0.000000000000000000 ) ) ;
#1202 = ORIENTED_EDGE ( 'NONE', *, *, #4347, .F. ) ;
#1203 = CARTESIAN_POINT ( 'NONE',  ( -7.563258757786579523, -0.5416666666666666297, 1.125000000000000222 ) ) ;
#1204 = DIRECTION ( 'NONE',  ( -0.1120543339847362985, -0.9937020812271842862, 0.000000000000000000 ) ) ;
#1205 = CARTESIAN_POINT ( 'NONE',  ( -13.19378908746932666, 0.9857572185291624267, 0.4100602806958021929 ) ) ;
#1206 = FACE_OUTER_BOUND ( 'NONE', #3182, .T. ) ;
#1207 = ORIENTED_EDGE ( 'NONE', *, *, #1175, .F. ) ;
#1208 = ORIENTED_EDGE ( 'NONE', *, *, #4488, .F. ) ;
#1209 = CARTESIAN_POINT ( 'NONE',  ( -13.35354199622500815, 1.140417637047212995, 0.4984486283441197374 ) ) ;
#1210 = DIRECTION ( 'NONE',  ( 0.000000000000000000, 0.000000000000000000, -1.000000000000000000 ) ) ;
#1211 = LINE ( 'NONE', #6, #4238 ) ;
#1212 = ORIENTED_EDGE ( 'NONE', *, *, #4637, .T. ) ;
#1213 = DIRECTION ( 'NONE',  ( 0.8694692613686837435, 0.4939870479425503280, 0.000000000000000000 ) ) ;
#1214 = ORIENTED_EDGE ( 'NONE', *, *, #740, .T. ) ;
#1215 = EDGE_CURVE ( 'NONE', #4124, #3321, #3167, .T. ) ;
#1216 = DIRECTION ( 'NONE',  ( 0.8694692613686838545, 0.4939870479425503835, 6.842277657836022373E-49 ) ) ;
#1217 = ORIENTED_EDGE ( 'NONE', *, *, #2763, .T. ) ;
#1218 = EDGE_CURVE ( 'NONE', #2824, #1965, #1090, .T. ) ;
#1219 = CARTESIAN_POINT ( 'NONE',  ( -13.29920016738946842, 1.171291827543625041, 0.7123861535993831762 ) ) ;
#1220 = CARTESIAN_POINT ( 'NONE',  ( -7.146592091119913448, -0.4166666666666665741, 0.8125000000000000000 ) ) ;
#1221 = ORIENTED_EDGE ( 'NONE', *, *, #1002, .T. ) ;
#1222 = VERTEX_POINT ( 'NONE', #1344 ) ;
#1223 = CARTESIAN_POINT ( 'NONE',  ( -11.55400195034400213, 2.090300173384188387, 0.4761002832825768638 ) ) ;
#1224 = CYLINDRICAL_SURFACE ( 'NONE', #3334, 0.1250000000000004996 ) ;
#1225 = CARTESIAN_POINT ( 'NONE',  ( 0.000000000000000000, 0.000000000000000000, 1.250000000000000000 ) ) ;
#1226 = ADVANCED_FACE ( 'NONE', ( #3201 ), #1076, .T. ) ;
#1227 = VECTOR ( 'NONE', #1310, 100.0000000000000000 ) ;
#1228 = CARTESIAN_POINT ( 'NONE',  ( -8.391147595693485783, -0.5416666666666666297, 0.1250000000000000000 ) ) ;
#1229 = CIRCLE ( 'NONE', #4239, 0.1250000000000001110 ) ;
#1230 = EDGE_LOOP ( 'NONE', ( #1459, #743, #719, #3122, #2930, #3580, #2948, #4368, #1240, #3156, #2852 ) ) ;
#1231 = ORIENTED_EDGE ( 'NONE', *, *, #3648, .F. ) ;
#1232 = AXIS2_PLACEMENT_3D ( 'NONE', #3313, #1148, #2611 ) ;
#1233 = CIRCLE ( 'NONE', #176, 0.1250000000000001110 ) ;
#1234 = CARTESIAN_POINT ( 'NONE',  ( -10.19402102110228547, 0.4972161015559959929, 0.8632745012477016644 ) ) ;
#1235 = LINE ( 'NONE', #4508, #4329 ) ;
#1236 = CARTESIAN_POINT ( 'NONE',  ( -12.91016909932539747, 1.119163830450631947, 0.3475602806958022484 ) ) ;
#1237 = ORIENTED_EDGE ( 'NONE', *, *, #1928, .F. ) ;
#1238 = VECTOR ( 'NONE', #2081, 99.99999999999998579 ) ;
#1239 = LINE ( 'NONE', #2716, #2239 ) ;
#1240 = ORIENTED_EDGE ( 'NONE', *, *, #3257, .T. ) ;
#1241 = VECTOR ( 'NONE', #3260, 100.0000000000000000 ) ;
#1242 = AXIS2_PLACEMENT_3D ( 'NONE', #1836, #643, #2565 ) ;
#1243 = AXIS2_PLACEMENT_3D ( 'NONE', #3117, #1667, #4267 ) ;
#1244 = CARTESIAN_POINT ( 'NONE',  ( -11.61450996966912719, 2.139649501575853208, 0.4338156304194404345 ) ) ;
#1245 = EDGE_LOOP ( 'NONE', ( #3653, #3157, #3680, #3237 ) ) ;
#1246 = EDGE_CURVE ( 'NONE', #1901, #2353, #4312, .T. ) ;
#1247 = CARTESIAN_POINT ( 'NONE',  ( -13.04411535150948609, 2.250695823602320900, 0.1249999999999999445 ) ) ;
#1248 = DIRECTION ( 'NONE',  ( 0.000000000000000000, 0.000000000000000000, 1.000000000000000000 ) ) ;
#1249 = ORIENTED_EDGE ( 'NONE', *, *, #786, .F. ) ;
#1250 = AXIS2_PLACEMENT_3D ( 'NONE', #2410, #1677, #3132 ) ;
#1251 = EDGE_CURVE ( 'NONE', #358, #2590, #1547, .T. ) ;
#1252 = ORIENTED_EDGE ( 'NONE', *, *, #2217, .T. ) ;
#1253 = TOROIDAL_SURFACE ( 'NONE', #4112, 0.7599999999999995648, 0.1250000000000000000 ) ;
#1254 = AXIS2_PLACEMENT_3D ( 'NONE', #620, #4001, #4663 ) ;
#1255 = CARTESIAN_POINT ( 'NONE',  ( -8.391147595693485783, -0.4166666666666665741, 0.1250000000000000000 ) ) ;
#1256 = DIRECTION ( 'NONE',  ( -0.000000000000000000, 0.000000000000000000, 1.000000000000000000 ) ) ;
#1257 = AXIS2_PLACEMENT_3D ( 'NONE', #3763, #454, #839 ) ;
#1258 = CIRCLE ( 'NONE', #3497, 0.06249999999999996531 ) ;
#1259 = CARTESIAN_POINT ( 'NONE',  ( -11.44783213199050564, 2.003709845880714990, 0.8632745012477002211 ) ) ;
#1260 = EDGE_LOOP ( 'NONE', ( #1951, #409, #2044, #2468 ) ) ;
#1261 = VECTOR ( 'NONE', #1109, 100.0000000000000000 ) ;
#1262 = VERTEX_POINT ( 'NONE', #1003 ) ;
#1263 = CYLINDRICAL_SURFACE ( 'NONE', #4393, 0.06250000000000004163 ) ;
#1264 = DIRECTION ( 'NONE',  ( 0.000000000000000000, 1.000000000000000000, -1.217868044080093535E-16 ) ) ;
#1265 = DIRECTION ( 'NONE',  ( 0.5668062099020123590, -0.4622776614639915738, -0.6819311432453420974 ) ) ;
#1266 = ORIENTED_EDGE ( 'NONE', *, *, #1888, .F. ) ;
#1267 = CARTESIAN_POINT ( 'NONE',  ( -10.46154243181374177, -0.6676915064593638149, 0.1249999999999999445 ) ) ;
#1268 = VERTEX_POINT ( 'NONE', #2814 ) ;
#1269 = CIRCLE ( 'NONE', #424, 0.06250000000000030531 ) ;
#1270 = APPLICATION_PROTOCOL_DEFINITION ( 'draft international standard', 'automotive_design', 1998, #1612 ) ;
#1271 = VERTEX_POINT ( 'NONE', #4279 ) ;
#1272 = EDGE_CURVE ( 'NONE', #1262, #4198, #4662, .T. ) ;
#1273 = DIRECTION ( 'NONE',  ( 0.4939870479425930716, -0.8694692613686594296, 0.000000000000000000 ) ) ;
#1274 = ORIENTED_EDGE ( 'NONE', *, *, #4338, .F. ) ;
#1275 = ORIENTED_EDGE ( 'NONE', *, *, #3143, .F. ) ;
#1276 = EDGE_CURVE ( 'NONE', #3466, #2735, #4679, .T. ) ;
#1277 = FACE_OUTER_BOUND ( 'NONE', #4654, .T. ) ;
#1278 = DIRECTION ( 'NONE',  ( 1.000000000000000000, 0.000000000000000000, 0.000000000000000000 ) ) ;
#1279 = DIRECTION ( 'NONE',  ( 0.000000000000000000, 0.7546413764697664783, -0.6561374801974172444 ) ) ;
#1280 = EDGE_CURVE ( 'NONE', #1609, #125, #3790, .T. ) ;
#1281 = CARTESIAN_POINT ( 'NONE',  ( -11.49689447563533129, 1.959255308643086169, 0.8632745012477014424 ) ) ;
#1282 = EDGE_CURVE ( 'NONE', #3034, #2238, #288, .T. ) ;
#1283 = ORIENTED_EDGE ( 'NONE', *, *, #1502, .T. ) ;
#1284 = ORIENTED_EDGE ( 'NONE', *, *, #1524, .T. ) ;
#1285 = DIRECTION ( 'NONE',  ( 0.000000000000000000, -1.000000000000000000, 0.000000000000000000 ) ) ;
#1286 = CYLINDRICAL_SURFACE ( 'NONE', #4615, 0.6349999999999994538 ) ;
#1287 = ORIENTED_EDGE ( 'NONE', *, *, #4250, .F. ) ;
#1288 = CARTESIAN_POINT ( 'NONE',  ( -11.88895981638750854, 1.879579824678405453, 0.7565803274235421982 ) ) ;
#1289 = ORIENTED_EDGE ( 'NONE', *, *, #1029, .F. ) ;
#1290 = ADVANCED_FACE ( 'NONE', ( #3290 ), #3977, .F. ) ;
#1291 = ORIENTED_EDGE ( 'NONE', *, *, #2984, .F. ) ;
#1292 =( BOUNDED_CURVE ( )  B_SPLINE_CURVE ( 3, ( #4326, #4298, #1034, #2907 ),
 .UNSPECIFIED., .F., .F. ) 
 B_SPLINE_CURVE_WITH_KNOTS ( ( 4, 4 ),
 ( 0.7853981633974277399, 1.570796326794877018 ),
 .UNSPECIFIED. ) 
 CURVE ( )  GEOMETRIC_REPRESENTATION_ITEM ( )  RATIONAL_B_SPLINE_CURVE ( ( 1.000000000000000000, 0.9492530216741910110, 0.9492530216741910110, 1.000000000000000000 ) ) 
 REPRESENTATION_ITEM ( '' )  );
#1293 = EDGE_CURVE ( 'NONE', #520, #1050, #2853, .T. ) ;
#1294 = FACE_OUTER_BOUND ( 'NONE', #2545, .T. ) ;
#1295 = DIRECTION ( 'NONE',  ( -0.000000000000000000, 0.000000000000000000, 1.000000000000000000 ) ) ;
#1296 = ORIENTED_EDGE ( 'NONE', *, *, #1441, .T. ) ;
#1297 = ORIENTED_EDGE ( 'NONE', *, *, #1586, .F. ) ;
#1298 = CARTESIAN_POINT ( 'NONE',  ( -11.61243561814753278, 2.036686439532411352, 0.4542544545199604378 ) ) ;
#1299 = CARTESIAN_POINT ( 'NONE',  ( -12.69280178398323145, 1.242660592436279243, 0.8632745012477016644 ) ) ;
#1300 = CYLINDRICAL_SURFACE ( 'NONE', #188, 0.2500000000000002220 ) ;
#1301 = CARTESIAN_POINT ( 'NONE',  ( -11.51168074209265590, 2.055783704017962066, 0.9007341911510849952 ) ) ;
#1302 = EDGE_LOOP ( 'NONE', ( #859, #3080, #4570, #3093 ) ) ;
#1303 = ORIENTED_EDGE ( 'NONE', *, *, #1586, .T. ) ;
#1304 = AXIS2_PLACEMENT_3D ( 'NONE', #3780, #1213, #3811 ) ;
#1305 = EDGE_CURVE ( 'NONE', #4533, #1402, #2397, .T. ) ;
#1306 = VECTOR ( 'NONE', #1857, 100.0000000000000000 ) ;
#1307 = DIRECTION ( 'NONE',  ( -0.8694692613686838545, -0.4939870479425503835, 0.000000000000000000 ) ) ;
#1308 = FACE_OUTER_BOUND ( 'NONE', #4677, .T. ) ;
#1309 = EDGE_LOOP ( 'NONE', ( #4135, #4578, #3165, #2448 ) ) ;
#1310 = DIRECTION ( 'NONE',  ( -5.892993154733278871E-33, 1.037228896351944443E-32, -1.000000000000000000 ) ) ;
#1311 = ORIENTED_EDGE ( 'NONE', *, *, #3585, .T. ) ;
#1312 = AXIS2_PLACEMENT_3D ( 'NONE', #2350, #4444, #3730 ) ;
#1313 = EDGE_CURVE ( 'NONE', #1609, #2999, #3239, .T. ) ;
#1314 = ORIENTED_EDGE ( 'NONE', *, *, #2216, .T. ) ;
#1315 = AXIS2_PLACEMENT_3D ( 'NONE', #3386, #1195, #96 ) ;
#1316 = CIRCLE ( 'NONE', #1933, 0.2500000000000002220 ) ;
#1317 = FACE_OUTER_BOUND ( 'NONE', #2379, .T. ) ;
#1318 = ORIENTED_EDGE ( 'NONE', *, *, #282, .T. ) ;
#1319 = AXIS2_PLACEMENT_3D ( 'NONE', #215, #2782, #2354 ) ;
#1320 = AXIS2_PLACEMENT_3D ( 'NONE', #2839, #4307, #2481 ) ;
#1321 =( BOUNDED_CURVE ( )  B_SPLINE_CURVE ( 3, ( #346, #2554, #3615, #3643 ),
 .UNSPECIFIED., .F., .T. ) 
 B_SPLINE_CURVE_WITH_KNOTS ( ( 4, 4 ),
 ( 4.712388980384700332, 5.497787143782143282 ),
 .UNSPECIFIED. ) 
 CURVE ( )  GEOMETRIC_REPRESENTATION_ITEM ( )  RATIONAL_B_SPLINE_CURVE ( ( 1.000000000000000000, 0.9492530216741918991, 0.9492530216741918991, 1.000000000000000000 ) ) 
 REPRESENTATION_ITEM ( '' )  );
#1322 = ORIENTED_EDGE ( 'NONE', *, *, #1928, .T. ) ;
#1323 = DIRECTION ( 'NONE',  ( 0.000000000000000000, 0.000000000000000000, -1.000000000000000000 ) ) ;
#1324 = CARTESIAN_POINT ( 'NONE',  ( -9.412482885142907207, 0.2836821829074098189, 0.3748646361931076698 ) ) ;
#1325 = VECTOR ( 'NONE', #443, 100.0000000000000000 ) ;
#1326 = CARTESIAN_POINT ( 'NONE',  ( -11.70225281819948115, -1.006896116100389316, 0.8449686750718603534 ) ) ;
#1327 = VECTOR ( 'NONE', #274, 100.0000000000000000 ) ;
#1328 = VECTOR ( 'NONE', #3245, 100.0000000000000000 ) ;
#1329 = ADVANCED_FACE ( 'NONE', ( #404 ), #3779, .T. ) ;
#1330 = CARTESIAN_POINT ( 'NONE',  ( -11.55474550537194922, 2.090906604424623172, 0.7194971060413073438 ) ) ;
#1331 = ORIENTED_EDGE ( 'NONE', *, *, #4597, .F. ) ;
#1332 = ORIENTED_EDGE ( 'NONE', *, *, #348, .T. ) ;
#1333 = EDGE_CURVE ( 'NONE', #2777, #3446, #1876, .T. ) ;
#1334 = VECTOR ( 'NONE', #1611, 100.0000000000000000 ) ;
#1335 = CARTESIAN_POINT ( 'NONE',  ( -11.66469777006574127, 2.099930768543051052, 1.250000000000000000 ) ) ;
#1336 = DIRECTION ( 'NONE',  ( 0.4939870479425925165, -0.8694692613686599847, -2.413261982938287302E-15 ) ) ;
#1337 = ADVANCED_FACE ( 'NONE', ( #4095 ), #3472, .T. ) ;
#1338 = ORIENTED_EDGE ( 'NONE', *, *, #1430, .T. ) ;
#1339 = ORIENTED_EDGE ( 'NONE', *, *, #1899, .F. ) ;
#1340 = EDGE_CURVE ( 'NONE', #690, #4047, #4049, .T. ) ;
#1341 = CIRCLE ( 'NONE', #4718, 0.06249999999999947958 ) ;
#1342 = LINE ( 'NONE', #4609, #4125 ) ;
#1343 = FACE_OUTER_BOUND ( 'NONE', #3049, .T. ) ;
#1344 = CARTESIAN_POINT ( 'NONE',  ( -11.88895981638750854, 1.879579824678405453, 0.7565803274235421982 ) ) ;
#1345 = CARTESIAN_POINT ( 'NONE',  ( -13.35354199622500815, 1.140417637047212107, 1.250000000000000000 ) ) ;
#1346 = EDGE_LOOP ( 'NONE', ( #1071, #4659, #894, #583 ) ) ;
#1347 = ADVANCED_FACE ( 'NONE', ( #3345 ), #3546, .T. ) ;
#1348 = EDGE_CURVE ( 'NONE', #3499, #2046, #4165, .T. ) ;
#1349 = EDGE_LOOP ( 'NONE', ( #4144, #2169, #2923, #1669 ) ) ;
#1350 = CARTESIAN_POINT ( 'NONE',  ( -10.14255125769409993, -0.06992619713259898284, 0.3475602806958025259 ) ) ;
#1351 = CARTESIAN_POINT ( 'NONE',  ( -13.04411535150948609, 2.250695823602320900, 1.250000000000000000 ) ) ;
#1352 = CARTESIAN_POINT ( 'NONE',  ( -10.83092080169476290, -3.173139966529400890, 2.591386930411294642 ) ) ;
#1353 = ADVANCED_FACE ( 'NONE', ( #2927 ), #4071, .T. ) ;
#1354 =( BOUNDED_CURVE ( )  B_SPLINE_CURVE ( 3, ( #3529, #4273, #2041, #595 ),
 .UNSPECIFIED., .F., .T. ) 
 B_SPLINE_CURVE_WITH_KNOTS ( ( 4, 4 ),
 ( 5.497787143782129071, 6.283185307179586232 ),
 .UNSPECIFIED. ) 
 CURVE ( )  GEOMETRIC_REPRESENTATION_ITEM ( )  RATIONAL_B_SPLINE_CURVE ( ( 1.000000000000000000, 0.9492530216741901228, 0.9492530216741901228, 1.000000000000000000 ) ) 
 REPRESENTATION_ITEM ( '' )  );
#1355 = CARTESIAN_POINT ( 'NONE',  ( -11.61243561814753100, 2.036686439532412241, 0.7565803274235420872 ) ) ;
#1356 = CARTESIAN_POINT ( 'NONE',  ( -13.24813091630486817, 0.9548830280327510467, 0.9257745012477016644 ) ) ;
#1357 = CARTESIAN_POINT ( 'NONE',  ( -11.55446392548968682, 2.090676952584074488, 0.7158979221496526435 ) ) ;
#1358 = ADVANCED_FACE ( 'NONE', ( #2235 ), #2977, .T. ) ;
#1359 = ORIENTED_EDGE ( 'NONE', *, *, #1361, .F. ) ;
#1360 = ORIENTED_EDGE ( 'NONE', *, *, #2347, .F. ) ;
#1361 = EDGE_CURVE ( 'NONE', #2992, #332, #817, .T. ) ;
#1362 = DIRECTION ( 'NONE',  ( -1.000000000000000000, 0.000000000000000000, 0.000000000000000000 ) ) ;
#1363 = EDGE_LOOP ( 'NONE', ( #3928, #2585, #3339, #1380 ) ) ;
#1364 = ORIENTED_EDGE ( 'NONE', *, *, #4704, .F. ) ;
#1365 = CARTESIAN_POINT ( 'NONE',  ( -7.563258757786581299, -0.5416666666666666297, 0.000000000000000000 ) ) ;
#1366 = ORIENTED_EDGE ( 'NONE', *, *, #4003, .T. ) ;
#1367 = CARTESIAN_POINT ( 'NONE',  ( -8.628159137421416602, -0.4572703987276108828, 1.125000000000000222 ) ) ;
#1368 = CARTESIAN_POINT ( 'NONE',  ( -10.10360319528077433, 0.2754666966858480004, 1.250000000000000000 ) ) ;
#1369 = ORIENTED_EDGE ( 'NONE', *, *, #3135, .F. ) ;
#1370 = ADVANCED_FACE ( 'NONE', ( #74 ), #2573, .T. ) ;
#1371 = ORIENTED_EDGE ( 'NONE', *, *, #101, .T. ) ;
#1372 = LINE ( 'NONE', #272, #3467 ) ;
#1373 = LINE ( 'NONE', #2530, #1568 ) ;
#1374 = FACE_OUTER_BOUND ( 'NONE', #2833, .T. ) ;
#1375 = EDGE_CURVE ( 'NONE', #930, #2768, #1390, .T. ) ;
#1376 = DIRECTION ( 'NONE',  ( 0.000000000000000000, 0.000000000000000000, -1.000000000000000000 ) ) ;
#1377 = CARTESIAN_POINT ( 'NONE',  ( -7.488258757786579345, -0.5416666666666667407, 1.224999999999999867 ) ) ;
#1378 = ADVANCED_FACE ( 'NONE', ( #4429 ), #2009, .T. ) ;
#1379 = DIRECTION ( 'NONE',  ( 0.4939870479425472749, -0.8694692613686855198, 0.000000000000000000 ) ) ;
#1380 = ORIENTED_EDGE ( 'NONE', *, *, #779, .F. ) ;
#1381 = ORIENTED_EDGE ( 'NONE', *, *, #1293, .T. ) ;
#1382 = FACE_OUTER_BOUND ( 'NONE', #548, .T. ) ;
#1383 = EDGE_LOOP ( 'NONE', ( #2014, #2784, #570, #4164 ) ) ;
#1384 = ORIENTED_EDGE ( 'NONE', *, *, #321, .T. ) ;
#1385 = CARTESIAN_POINT ( 'NONE',  ( -10.46154243181374177, -0.6676915064593638149, 0.1249999999999999445 ) ) ;
#1386 = DIRECTION ( 'NONE',  ( 0.3493015914185021442, -0.6148076107470559215, 0.7071067811865463515 ) ) ;
#1387 = CARTESIAN_POINT ( 'NONE',  ( -9.471597371891892436, 0.3112747769320541313, 0.8632745012477016644 ) ) ;
#1388 = VERTEX_POINT ( 'NONE', #2997 ) ;
#1389 = VECTOR ( 'NONE', #774, 100.0000000000000000 ) ;
#1390 = CIRCLE ( 'NONE', #4097, 0.1250000000000002220 ) ;
#1391 = AXIS2_PLACEMENT_3D ( 'NONE', #3170, #1691, #4631 ) ;
#1392 = EDGE_LOOP ( 'NONE', ( #2694, #1551, #2905, #1078 ) ) ;
#1393 = DIRECTION ( 'NONE',  ( -0.000000000000000000, -0.000000000000000000, -1.000000000000000000 ) ) ;
#1394 = DIRECTION ( 'NONE',  ( 0.000000000000000000, 0.000000000000000000, 1.000000000000000000 ) ) ;
#1395 = CYLINDRICAL_SURFACE ( 'NONE', #4026, 0.06250000000000004163 ) ;
#1396 = VECTOR ( 'NONE', #2445, 99.99999999999998579 ) ;
#1397 = EDGE_CURVE ( 'NONE', #1825, #3233, #746, .T. ) ;
#1398 = VECTOR ( 'NONE', #2606, 99.99999999999998579 ) ;
#1399 = DIRECTION ( 'NONE',  ( 0.000000000000000000, 1.000000000000000000, 0.000000000000000000 ) ) ;
#1400 = FACE_OUTER_BOUND ( 'NONE', #922, .T. ) ;
#1401 = DIRECTION ( 'NONE',  ( 0.000000000000000000, -0.7546413764697773585, 0.6561374801974046989 ) ) ;
#1402 = VERTEX_POINT ( 'NONE', #1174 ) ;
#1403 = DIRECTION ( 'NONE',  ( -0.5668062099020189093, 0.4622776614639989567, 0.6819311432453315502 ) ) ;
#1404 = EDGE_LOOP ( 'NONE', ( #819, #1913, #1339, #2142 ) ) ;
#1405 = VECTOR ( 'NONE', #3564, 100.0000000000000000 ) ;
#1406 = ADVANCED_FACE ( 'NONE', ( #2213 ), #3682, .T. ) ;
#1407 = CARTESIAN_POINT ( 'NONE',  ( -11.62342152478826662, -1.825420265169934497, -2.904672876377851765 ) ) ;
#1408 = VECTOR ( 'NONE', #11, 100.0000000000000000 ) ;
#1409 = DIRECTION ( 'NONE',  ( 1.000000000000000000, 0.000000000000000000, 0.000000000000000000 ) ) ;
#1410 = ORIENTED_EDGE ( 'NONE', *, *, #3764, .F. ) ;
#1411 = ORIENTED_EDGE ( 'NONE', *, *, #1940, .F. ) ;
#1412 = TOROIDAL_SURFACE ( 'NONE', #1032, 0.3750000000000000000, 0.1250000000000000000 ) ;
#1413 = DIRECTION ( 'NONE',  ( 1.000000000000000000, 5.517163348672413448E-15, 0.000000000000000000 ) ) ;
#1414 = CARTESIAN_POINT ( 'NONE',  ( -11.40308017542880314, -1.027385351139419090, 1.125000000000000222 ) ) ;
#1415 = AXIS2_PLACEMENT_3D ( 'NONE', #3715, #4476, #2650 ) ;
#1416 = DIRECTION ( 'NONE',  ( 1.000000000000000000, 0.000000000000000000, 0.000000000000000000 ) ) ;
#1417 = ORIENTED_EDGE ( 'NONE', *, *, #3213, .F. ) ;
#1418 = FACE_OUTER_BOUND ( 'NONE', #973, .T. ) ;
#1419 = AXIS2_PLACEMENT_3D ( 'NONE', #3856, #2813, #579 ) ;
#1420 = ORIENTED_EDGE ( 'NONE', *, *, #1305, .F. ) ;
#1421 = DIRECTION ( 'NONE',  ( -8.881784197001249799E-14, 1.000000000000000000, -1.734723475976806601E-16 ) ) ;
#1422 = DIRECTION ( 'NONE',  ( -0.000000000000000000, 0.000000000000000000, 1.000000000000000000 ) ) ;
#1423 = DIRECTION ( 'NONE',  ( -0.3493015914185311210, 0.6148076107470366036, -0.7071067811865487940 ) ) ;
#1424 = ADVANCED_FACE ( 'NONE', ( #2303 ), #1471, .T. ) ;
#1425 = DIRECTION ( 'NONE',  ( -0.4939870479425472749, 0.8694692613686855198, 0.000000000000000000 ) ) ;
#1426 = LINE ( 'NONE', #3618, #3727 ) ;
#1427 = CARTESIAN_POINT ( 'NONE',  ( -7.146592091119913448, -3.041666666666666075, 0.8125000000000000000 ) ) ;
#1428 = VERTEX_POINT ( 'NONE', #4185 ) ;
#1429 = CARTESIAN_POINT ( 'NONE',  ( -9.382751488731344125, 0.3109234611427527106, 0.8449686750718606865 ) ) ;
#1430 = EDGE_CURVE ( 'NONE', #3438, #829, #1553, .T. ) ;
#1431 = EDGE_CURVE ( 'NONE', #4703, #1491, #2090, .T. ) ;
#1432 = CYLINDRICAL_SURFACE ( 'NONE', #4101, 0.06249999999999979877 ) ;
#1433 = DIRECTION ( 'NONE',  ( -0.8694692613686597626, -0.4939870479425924055, 0.000000000000000000 ) ) ;
#1434 = VERTEX_POINT ( 'NONE', #1941 ) ;
#1435 = ORIENTED_EDGE ( 'NONE', *, *, #3696, .T. ) ;
#1436 = CARTESIAN_POINT ( 'NONE',  ( -3.670595065017755676, -4.500576710323702656, 1.125000000000000222 ) ) ;
#1437 = CARTESIAN_POINT ( 'NONE',  ( -10.83200522101813945, -2.916666666666666519, 1.125000000000000222 ) ) ;
#1438 = EDGE_CURVE ( 'NONE', #4710, #1896, #3318, .T. ) ;
#1439 = FACE_OUTER_BOUND ( 'NONE', #2106, .T. ) ;
#1440 = VERTEX_POINT ( 'NONE', #1234 ) ;
#1441 = EDGE_CURVE ( 'NONE', #3416, #445, #940, .T. ) ;
#1442 = ORIENTED_EDGE ( 'NONE', *, *, #3847, .F. ) ;
#1443 = CARTESIAN_POINT ( 'NONE',  ( -11.90417521761478348, 1.891989251347880874, 0.4816510594650766364 ) ) ;
#1444 = CARTESIAN_POINT ( 'NONE',  ( -10.83200522101813945, -2.791666666666666075, 0.1249999999999999445 ) ) ;
#1445 = LINE ( 'NONE', #3645, #3948 ) ;
#1446 = DIRECTION ( 'NONE',  ( 0.000000000000000000, 0.7546413764697671445, 0.6561374801974165782 ) ) ;
#1447 = CARTESIAN_POINT ( 'NONE',  ( -12.72661535150948531, 2.250695823602320900, 0.1249999999999999445 ) ) ;
#1448 = DIRECTION ( 'NONE',  ( 0.000000000000000000, 0.7546413764697720294, 0.6561374801974110271 ) ) ;
#1449 = ORIENTED_EDGE ( 'NONE', *, *, #3861, .T. ) ;
#1450 = DIRECTION ( 'NONE',  ( 0.5668062099020123590, -0.4622776614639914627, -0.6819311432453420974 ) ) ;
#1451 = CARTESIAN_POINT ( 'NONE',  ( -13.29920016738946664, 1.108791827543624819, 0.7123861535993831762 ) ) ;
#1452 = CARTESIAN_POINT ( 'NONE',  ( -13.04411535150948609, 2.250695823602320900, 1.250000000000000000 ) ) ;
#1453 = ORIENTED_EDGE ( 'NONE', *, *, #3585, .F. ) ;
#1454 = ORIENTED_EDGE ( 'NONE', *, *, #489, .T. ) ;
#1455 = EDGE_CURVE ( 'NONE', #451, #3479, #1170, .T. ) ;
#1456 = DIRECTION ( 'NONE',  ( 0.7749432854958506756, -0.6320307779411509230, 1.305935858537982472E-16 ) ) ;
#1457 = DIRECTION ( 'NONE',  ( 0.7749432854958437922, -0.6320307779411593607, 0.000000000000000000 ) ) ;
#1458 = DIRECTION ( 'NONE',  ( -0.4939870479425472749, 0.8694692613686855198, 0.000000000000000000 ) ) ;
#1459 = ORIENTED_EDGE ( 'NONE', *, *, #2294, .T. ) ;
#1460 = AXIS2_PLACEMENT_3D ( 'NONE', #4724, #689, #4063 ) ;
#1461 = DIRECTION ( 'NONE',  ( -5.551115123125781124E-15, 1.000000000000000000, -1.734723475976806601E-16 ) ) ;
#1462 = ORIENTED_EDGE ( 'NONE', *, *, #311, .F. ) ;
#1463 = AXIS2_PLACEMENT_3D ( 'NONE', #4667, #4735, #1733 ) ;
#1464 = CARTESIAN_POINT ( 'NONE',  ( -7.563258757786581299, -0.5416666666666667407, 0.1250000000000000000 ) ) ;
#1465 = DIRECTION ( 'NONE',  ( -1.000000000000000000, 0.000000000000000000, 0.000000000000000000 ) ) ;
#1466 = LINE ( 'NONE', #3325, #4178 ) ;
#1467 = AXIS2_PLACEMENT_3D ( 'NONE', #834, #1533, #4122 ) ;
#1468 = AXIS2_PLACEMENT_3D ( 'NONE', #118, #3803, #3042 ) ;
#1469 = DIRECTION ( 'NONE',  ( 0.8694692613686609839, 0.4939870479425903516, 0.000000000000000000 ) ) ;
#1470 = CARTESIAN_POINT ( 'NONE',  ( -9.487499999999998934, -1.666666666666666297, 1.250000000000000000 ) ) ;
#1471 = TOROIDAL_SURFACE ( 'NONE', #3942, 0.1250000000000000000, 0.06250000000000000000 ) ;
#1472 = CARTESIAN_POINT ( 'NONE',  ( -13.23745178639664211, 1.062608169872543140, 0.3216719330474833716 ) ) ;
#1473 = EDGE_LOOP ( 'NONE', ( #2463, #3530, #536, #1595, #2443 ) ) ;
#1474 = CYLINDRICAL_SURFACE ( 'NONE', #3265, 0.2500000000000002220 ) ;
#1475 =( BOUNDED_CURVE ( )  B_SPLINE_CURVE ( 3, ( #1198, #4193, #1244, #2286 ),
 .UNSPECIFIED., .F., .T. ) 
 B_SPLINE_CURVE_WITH_KNOTS ( ( 4, 4 ),
 ( 3.141592653589793116, 3.926990816987240063 ),
 .UNSPECIFIED. ) 
 CURVE ( )  GEOMETRIC_REPRESENTATION_ITEM ( )  RATIONAL_B_SPLINE_CURVE ( ( 1.000000000000000000, 0.9492530216741912330, 0.9492530216741912330, 1.000000000000000000 ) ) 
 REPRESENTATION_ITEM ( '' )  );
#1476 = DIRECTION ( 'NONE',  ( -0.5999999999999998668, 0.000000000000000000, -0.8000000000000001554 ) ) ;
#1477 = DIRECTION ( 'NONE',  ( 0.8694692613686838545, 0.4939870479425503835, -0.000000000000000000 ) ) ;
#1478 = ORIENTED_EDGE ( 'NONE', *, *, #348, .F. ) ;
#1479 = CIRCLE ( 'NONE', #3876, 0.06250000000000000000 ) ;
#1480 = ORIENTED_EDGE ( 'NONE', *, *, #3967, .T. ) ;
#1481 = AXIS2_PLACEMENT_3D ( 'NONE', #1812, #3651, #2946 ) ;
#1482 = AXIS2_PLACEMENT_3D ( 'NONE', #3223, #2138, #2505 ) ;
#1483 = EDGE_CURVE ( 'NONE', #949, #3495, #474, .T. ) ;
#1484 = CARTESIAN_POINT ( 'NONE',  ( -11.46245585877364448, 2.015636712773063000, 0.3557107897709478883 ) ) ;
#1485 = CARTESIAN_POINT ( 'NONE',  ( -9.279100077686049275, -5.271900294352648508, 0.1249999999999999445 ) ) ;
#1486 = DIRECTION ( 'NONE',  ( -0.000000000000000000, 0.000000000000000000, 1.000000000000000000 ) ) ;
#1487 = VERTEX_POINT ( 'NONE', #4137 ) ;
#1488 = ADVANCED_FACE ( 'NONE', ( #500 ), #2402, .T. ) ;
#1489 = AXIS2_PLACEMENT_3D ( 'NONE', #635, #143, #2710 ) ;
#1490 = DIRECTION ( 'NONE',  ( -0.7749432854958506756, 0.6320307779411509230, 0.000000000000000000 ) ) ;
#1491 = VERTEX_POINT ( 'NONE', #1209 ) ;
#1492 = AXIS2_PLACEMENT_3D ( 'NONE', #4501, #1204, #415 ) ;
#1493 = EDGE_CURVE ( 'NONE', #3391, #3205, #2857, .T. ) ;
#1494 = LINE ( 'NONE', #1884, #2878 ) ;
#1495 = AXIS2_PLACEMENT_3D ( 'NONE', #2141, #58, #3350 ) ;
#1496 = DIRECTION ( 'NONE',  ( 0.8694692613686837435, 0.4939870479425503835, 0.000000000000000000 ) ) ;
#1497 = VECTOR ( 'NONE', #531, 100.0000000000000142 ) ;
#1498 = CARTESIAN_POINT ( 'NONE',  ( -12.52743019054259577, 2.884211959495178057, 1.125000000000000222 ) ) ;
#1499 = DIRECTION ( 'NONE',  ( -0.8694692613686595406, -0.4939870479425929606, 0.000000000000000000 ) ) ;
#1500 = DIRECTION ( 'NONE',  ( -0.7749432854958461236, 0.6320307779411566962, 0.000000000000000000 ) ) ;
#1501 = AXIS2_PLACEMENT_3D ( 'NONE', #1697, #650, #3129 ) ;
#1502 = EDGE_CURVE ( 'NONE', #4182, #3853, #2011, .T. ) ;
#1503 = CARTESIAN_POINT ( 'NONE',  ( -11.04937253636030547, -2.915163428652314259, 0.1250000000000000000 ) ) ;
#1504 = ADVANCED_FACE ( 'NONE', ( #72 ), #3242, .T. ) ;
#1505 = CARTESIAN_POINT ( 'NONE',  ( -7.021592091119913448, -3.041666666666666075, 0.3750000000000000000 ) ) ;
#1506 = CARTESIAN_POINT ( 'NONE',  ( -11.96280974282176324, -1.307417686093916398, 0.8007745012477033297 ) ) ;
#1507 = ORIENTED_EDGE ( 'NONE', *, *, #4581, .T. ) ;
#1508 = ORIENTED_EDGE ( 'NONE', *, *, #2490, .F. ) ;
#1509 = ADVANCED_FACE ( 'NONE', ( #3343 ), #3141, .T. ) ;
#1510 = CARTESIAN_POINT ( 'NONE',  ( -10.13709579975426855, -0.1176555995452382986, 0.3658661068716437259 ) ) ;
#1511 = DIRECTION ( 'NONE',  ( 0.8000000000000001554, 0.000000000000000000, -0.5999999999999998668 ) ) ;
#1512 = CARTESIAN_POINT ( 'NONE',  ( -10.83200522101813945, -2.916666666666666519, 1.250000000000000000 ) ) ;
#1513 = VERTEX_POINT ( 'NONE', #4489 ) ;
#1514 = FACE_OUTER_BOUND ( 'NONE', #2540, .T. ) ;
#1515 = ORIENTED_EDGE ( 'NONE', *, *, #4255, .F. ) ;
#1516 = CARTESIAN_POINT ( 'NONE',  ( -7.967499999999999361, -1.666666666666666297, 0.1249999999999999445 ) ) ;
#1517 = DIRECTION ( 'NONE',  ( 0.4939870479425929606, -0.8694692613686595406, 0.000000000000000000 ) ) ;
#1518 = EDGE_CURVE ( 'NONE', #1965, #3947, #3776, .T. ) ;
#1519 = EDGE_CURVE ( 'NONE', #453, #4604, #328, .T. ) ;
#1520 = DIRECTION ( 'NONE',  ( 0.000000000000000000, 0.000000000000000000, 1.000000000000000000 ) ) ;
#1521 = CARTESIAN_POINT ( 'NONE',  ( -9.550809221863865162, -5.426271246834513562, 0.2850602806958032476 ) ) ;
#1522 = CARTESIAN_POINT ( 'NONE',  ( -7.563258757786579523, 0.000000000000000000, 1.125000000000000222 ) ) ;
#1523 = DIRECTION ( 'NONE',  ( -0.000000000000000000, 0.000000000000000000, 1.000000000000000000 ) ) ;
#1524 = EDGE_CURVE ( 'NONE', #577, #284, #2012, .T. ) ;
#1525 = EDGE_CURVE ( 'NONE', #3511, #1694, #3096, .T. ) ;
#1526 = DIRECTION ( 'NONE',  ( 1.000000000000000000, 0.000000000000000000, -0.000000000000000000 ) ) ;
#1527 = DIRECTION ( 'NONE',  ( -0.000000000000000000, -0.000000000000000000, -1.000000000000000000 ) ) ;
#1528 = ORIENTED_EDGE ( 'NONE', *, *, #4704, .T. ) ;
#1529 = ORIENTED_EDGE ( 'NONE', *, *, #478, .F. ) ;
#1530 = EDGE_CURVE ( 'NONE', #206, #4284, #904, .T. ) ;
#1531 = UNCERTAINTY_MEASURE_WITH_UNIT (LENGTH_MEASURE( 1.000000000000000082E-05 ), #3533, 'distance_accuracy_value', 'NONE');
#1532 = CARTESIAN_POINT ( 'NONE',  ( -7.146592091119911672, -2.916666666666666075, 0.4374999999999988898 ) ) ;
#1533 = DIRECTION ( 'NONE',  ( -0.000000000000000000, 0.000000000000000000, 1.000000000000000000 ) ) ;
#1534 = CARTESIAN_POINT ( 'NONE',  ( -13.04411535150948609, 2.250695823602320900, 0.000000000000000000 ) ) ;
#1535 = EDGE_LOOP ( 'NONE', ( #4002, #1099, #120, #1750 ) ) ;
#1536 = ORIENTED_EDGE ( 'NONE', *, *, #4057, .T. ) ;
#1537 = DIRECTION ( 'NONE',  ( 1.000000000000000000, 0.000000000000000000, 0.000000000000000000 ) ) ;
#1538 = CARTESIAN_POINT ( 'NONE',  ( -6.031457879091405516, 1.325455268816746246, 4.131904686037512597 ) ) ;
#1539 = CIRCLE ( 'NONE', #4685, 0.2500000000000002220 ) ;
#1540 = AXIS2_PLACEMENT_3D ( 'NONE', #1947, #1583, #4562 ) ;
#1541 = SPHERICAL_SURFACE ( 'NONE', #463, 0.1250000000000000000 ) ;
#1542 = CARTESIAN_POINT ( 'NONE',  ( -9.883200675636496513, 1.114474338202339210, 1.125000000000000222 ) ) ;
#1543 = FACE_OUTER_BOUND ( 'NONE', #2954, .T. ) ;
#1544 = CARTESIAN_POINT ( 'NONE',  ( -7.146592091119913448, -2.916666666666666075, 0.8125000000000000000 ) ) ;
#1545 = TOROIDAL_SURFACE ( 'NONE', #622, 0.4424999999999999489, 0.1250000000000000000 ) ;
#1546 = EDGE_CURVE ( 'NONE', #2353, #3003, #1095, .T. ) ;
#1547 = CIRCLE ( 'NONE', #2245, 0.06250000000000065226 ) ;
#1548 = AXIS2_PLACEMENT_3D ( 'NONE', #2276, #4134, #1962 ) ;
#1549 = CARTESIAN_POINT ( 'NONE',  ( -7.563258757786579523, -2.916666666666666075, 1.125000000000000000 ) ) ;
#1550 = CARTESIAN_POINT ( 'NONE',  ( -12.93564060461440057, 1.183252619953938378, 0.8449686750718619077 ) ) ;
#1551 = ORIENTED_EDGE ( 'NONE', *, *, #1052, .T. ) ;
#1552 = VERTEX_POINT ( 'NONE', #1671 ) ;
#1553 = CIRCLE ( 'NONE', #4246, 0.06250000000000029143 ) ;
#1554 = CIRCLE ( 'NONE', #716, 0.6925000000000001155 ) ;
#1555 = CARTESIAN_POINT ( 'NONE',  ( -9.325107847936379812, 0.2209617277606378549, 0.7288562999560892486 ) ) ;
#1556 = DIRECTION ( 'NONE',  ( 0.3493015914185337856, -0.6148076107470424878, -0.7071067811865424657 ) ) ;
#1557 = VECTOR ( 'NONE', #1864, 100.0000000000000000 ) ;
#1558 = CARTESIAN_POINT ( 'NONE',  ( -11.89038223192071442, -1.308376201925208093, 0.4984486283441203480 ) ) ;
#1559 = AXIS2_PLACEMENT_3D ( 'NONE', #1593, #439, #114 ) ;
#1560 = DIRECTION ( 'NONE',  ( -0.4939870479425929606, 0.8694692613686595406, 0.000000000000000000 ) ) ;
#1561 = CARTESIAN_POINT ( 'NONE',  ( -8.727499999999999147, -1.666666666666666297, 1.125000000000000222 ) ) ;
#1562 = VERTEX_POINT ( 'NONE', #3830 ) ;
#1563 = CARTESIAN_POINT ( 'NONE',  ( -13.21562043693298349, 1.024182694200850730, 0.8449686750718607975 ) ) ;
#1564 = VERTEX_POINT ( 'NONE', #3528 ) ;
#1565 = CARTESIAN_POINT ( 'NONE',  ( -11.68042146873582432, -1.045321591772079062, 0.4984486283441203480 ) ) ;
#1566 = CARTESIAN_POINT ( 'NONE',  ( -7.655161695924384446, 4.183345094437169287, 0.8449686750718603534 ) ) ;
#1567 = ORIENTED_EDGE ( 'NONE', *, *, #3995, .T. ) ;
#1568 = VECTOR ( 'NONE', #2938, 100.0000000000000142 ) ;
#1569 = CARTESIAN_POINT ( 'NONE',  ( -7.071592091119913270, -2.916666666666666075, 0.3375000000000000222 ) ) ;
#1570 = CARTESIAN_POINT ( 'NONE',  ( -10.83200522101813945, -2.791666666666666075, 1.125000000000000222 ) ) ;
#1571 = DIRECTION ( 'NONE',  ( 0.000000000000000000, 0.000000000000000000, -1.000000000000000000 ) ) ;
#1572 = VECTOR ( 'NONE', #1450, 100.0000000000000000 ) ;
#1573 = LINE ( 'NONE', #2254, #1016 ) ;
#1574 = CARTESIAN_POINT ( 'NONE',  ( -11.97396196237719579, -1.161267068582433559, 0.8449686750718632400 ) ) ;
#1575 = ORIENTED_EDGE ( 'NONE', *, *, #4645, .F. ) ;
#1576 = ORIENTED_EDGE ( 'NONE', *, *, #4085, .F. ) ;
#1577 = EDGE_CURVE ( 'NONE', #2502, #4684, #594, .T. ) ;
#1578 = ADVANCED_FACE ( 'NONE', ( #4272 ), #523, .F. ) ;
#1579 = CARTESIAN_POINT ( 'NONE',  ( -13.29179361523218361, 1.031733979376130428, 0.4984486283441197374 ) ) ;
#1580 = CARTESIAN_POINT ( 'NONE',  ( -13.24813091630486817, 0.9548830280327509357, 0.2850602806958022484 ) ) ;
#1581 = FACE_OUTER_BOUND ( 'NONE', #3347, .T. ) ;
#1582 = VERTEX_POINT ( 'NONE', #1653 ) ;
#1583 = DIRECTION ( 'NONE',  ( -0.000000000000000000, 0.000000000000000000, 1.000000000000000000 ) ) ;
#1584 = ORIENTED_EDGE ( 'NONE', *, *, #3378, .T. ) ;
#1585 = LINE ( 'NONE', #3054, #2885 ) ;
#1586 = EDGE_CURVE ( 'NONE', #1901, #4673, #2739, .T. ) ;
#1587 = ORIENTED_EDGE ( 'NONE', *, *, #321, .F. ) ;
#1588 = CARTESIAN_POINT ( 'NONE',  ( -12.72661535150948531, 2.250695823602320900, 1.125000000000000222 ) ) ;
#1589 = DIRECTION ( 'NONE',  ( -1.000000000000000000, 0.000000000000000000, 0.000000000000000000 ) ) ;
#1590 = ORIENTED_EDGE ( 'NONE', *, *, #3358, .T. ) ;
#1591 = CARTESIAN_POINT ( 'NONE',  ( -11.55446392548968682, 2.090676952584074488, 0.4949368597938624270 ) ) ;
#1592 = CARTESIAN_POINT ( 'NONE',  ( -10.16092339570802849, -0.2328510134410863297, 0.4542544545199613815 ) ) ;
#1593 = CARTESIAN_POINT ( 'NONE',  ( -10.32771517740232525, -1.017998894301386237, 1.125000000000000222 ) ) ;
#1594 = CARTESIAN_POINT ( 'NONE',  ( -3.990350480855739956, -2.267108846598103966, 0.8632745012477016644 ) ) ;
#1595 = ORIENTED_EDGE ( 'NONE', *, *, #2111, .T. ) ;
#1596 = VERTEX_POINT ( 'NONE', #4251 ) ;
#1597 = EDGE_CURVE ( 'NONE', #2430, #2083, #3400, .T. ) ;
#1598 = CARTESIAN_POINT ( 'NONE',  ( -9.346495809356190065, 0.2298642279368656172, 0.7565803274235419762 ) ) ;
#1599 = DIRECTION ( 'NONE',  ( 6.919290498339884455E-17, -1.217868044080093535E-16, -1.000000000000000000 ) ) ;
#1600 = CARTESIAN_POINT ( 'NONE',  ( -7.563258757786579523, -2.916666666666666075, 1.250000000000000000 ) ) ;
#1601 = ORIENTED_EDGE ( 'NONE', *, *, #4119, .T. ) ;
#1602 = FACE_BOUND ( 'NONE', #2039, .T. ) ;
#1603 = ORIENTED_EDGE ( 'NONE', *, *, #228, .T. ) ;
#1604 = EDGE_CURVE ( 'NONE', #2768, #1562, #3551, .T. ) ;
#1605 = ORIENTED_EDGE ( 'NONE', *, *, #2855, .F. ) ;
#1606 = CARTESIAN_POINT ( 'NONE',  ( -4.993225060410889427, -0.5019439023693381685, -2.030163713263545056 ) ) ;
#1607 = DIRECTION ( 'NONE',  ( 1.000000000000000000, -5.551115123125777969E-15, 0.000000000000000000 ) ) ;
#1608 = ORIENTED_EDGE ( 'NONE', *, *, #3637, .T. ) ;
#1609 = VERTEX_POINT ( 'NONE', #2377 ) ;
#1610 = CARTESIAN_POINT ( 'NONE',  ( -11.55453760790720708, 2.090737046730720916, 0.4818482528667631937 ) ) ;
#1611 = DIRECTION ( 'NONE',  ( -1.000000000000000000, 0.000000000000000000, -0.000000000000000000 ) ) ;
#1612 = APPLICATION_CONTEXT ( 'automotive_design' ) ;
#1613 = FACE_BOUND ( 'NONE', #1230, .T. ) ;
#1614 = TOROIDAL_SURFACE ( 'NONE', #999, 0.1250000000000000000, 0.06250000000000000000 ) ;
#1615 = CARTESIAN_POINT ( 'NONE',  ( -11.60438413771421118, 2.131391042450459405, 0.7892016577124584265 ) ) ;
#1616 = AXIS2_PLACEMENT_3D ( 'NONE', #168, #3297, #4034 ) ;
#1617 = ORIENTED_EDGE ( 'NONE', *, *, #3143, .T. ) ;
#1618 = ORIENTED_EDGE ( 'NONE', *, *, #2175, .F. ) ;
#1619 = AXIS2_PLACEMENT_3D ( 'NONE', #338, #4708, #674 ) ;
#1620 = AXIS2_PLACEMENT_3D ( 'NONE', #3338, #1527, #2255 ) ;
#1621 = DIRECTION ( 'NONE',  ( -1.000000000000000000, 0.000000000000000000, 0.000000000000000000 ) ) ;
#1622 = LINE ( 'NONE', #468, #727 ) ;
#1623 = CARTESIAN_POINT ( 'NONE',  ( -13.04411535150948609, 2.250695823602320900, 0.1249999999999999445 ) ) ;
#1624 = EDGE_LOOP ( 'NONE', ( #4579, #171, #1996, #4696 ) ) ;
#1625 = VECTOR ( 'NONE', #2183, 100.0000000000000000 ) ;
#1626 = CARTESIAN_POINT ( 'NONE',  ( -10.10360319528077433, 0.2754666966858480004, 0.1249999999999999445 ) ) ;
#1627 = EDGE_LOOP ( 'NONE', ( #4169, #217, #3144, #648 ) ) ;
#1628 = AXIS2_PLACEMENT_3D ( 'NONE', #1832, #3652, #4383 ) ;
#1629 = EDGE_CURVE ( 'NONE', #2361, #4198, #2758, .T. ) ;
#1630 = AXIS2_PLACEMENT_3D ( 'NONE', #1063, #3596, #4336 ) ;
#1631 = ORIENTED_EDGE ( 'NONE', *, *, #189, .F. ) ;
#1632 =( BOUNDED_CURVE ( )  B_SPLINE_CURVE ( 3, ( #1754, #1089, #350, #319 ),
 .UNSPECIFIED., .F., .F. ) 
 B_SPLINE_CURVE_WITH_KNOTS ( ( 4, 4 ),
 ( 0.000000000000000000, 0.7853981633974360665 ),
 .UNSPECIFIED. ) 
 CURVE ( )  GEOMETRIC_REPRESENTATION_ITEM ( )  RATIONAL_B_SPLINE_CURVE ( ( 1.000000000000000000, 0.9492530216741927873, 0.9492530216741927873, 1.000000000000000000 ) ) 
 REPRESENTATION_ITEM ( '' )  );
#1633 = FACE_OUTER_BOUND ( 'NONE', #2307, .T. ) ;
#1634 = ADVANCED_FACE ( 'NONE', ( #546 ), #166, .T. ) ;
#1635 = LINE ( 'NONE', #2024, #2258 ) ;
#1636 = ORIENTED_EDGE ( 'NONE', *, *, #173, .T. ) ;
#1637 = VECTOR ( 'NONE', #3952, 100.0000000000000142 ) ;
#1638 = VECTOR ( 'NONE', #1660, 100.0000000000000000 ) ;
#1639 = EDGE_CURVE ( 'NONE', #3996, #2209, #629, .T. ) ;
#1640 = EDGE_CURVE ( 'NONE', #358, #4182, #952, .T. ) ;
#1641 = EDGE_LOOP ( 'NONE', ( #2433, #911, #950, #4646 ) ) ;
#1642 = CIRCLE ( 'NONE', #115, 0.06249999999999990979 ) ;
#1643 = CARTESIAN_POINT ( 'NONE',  ( -11.62519584644442006, 2.148364723886541761, 0.4984486283441197374 ) ) ;
#1644 = DIRECTION ( 'NONE',  ( 0.4939870479425472749, -0.8694692613686855198, 0.000000000000000000 ) ) ;
#1645 = AXIS2_PLACEMENT_3D ( 'NONE', #2072, #3449, #4266 ) ;
#1646 = ADVANCED_FACE ( 'NONE', ( #4557 ), #1263, .T. ) ;
#1647 = CIRCLE ( 'NONE', #2724, 0.1250000000000000555 ) ;
#1648 = CARTESIAN_POINT ( 'NONE',  ( -11.45571987167054218, 2.010142954392680981, 0.8602399462478996783 ) ) ;
#1649 = EDGE_LOOP ( 'NONE', ( #4068, #4425, #1723, #3760 ) ) ;
#1650 = EDGE_LOOP ( 'NONE', ( #4261, #2388, #2115, #1297 ) ) ;
#1651 = EDGE_CURVE ( 'NONE', #3447, #3495, #612, .T. ) ;
#1652 =( GEOMETRIC_REPRESENTATION_CONTEXT ( 3 ) GLOBAL_UNCERTAINTY_ASSIGNED_CONTEXT ( ( #1870 ) ) GLOBAL_UNIT_ASSIGNED_CONTEXT ( ( #2360, #2685, #3002 ) ) REPRESENTATION_CONTEXT ( 'NONE', 'WORKASPACE' ) );
#1653 = CARTESIAN_POINT ( 'NONE',  ( -12.93564060461440057, 1.183252619953938378, 0.3658661068716428932 ) ) ;
#1654 = CARTESIAN_POINT ( 'NONE',  ( -7.563258757786581299, -0.4166666666666665741, 0.1249999999999995837 ) ) ;
#1655 = VERTEX_POINT ( 'NONE', #3554 ) ;
#1656 = DIRECTION ( 'NONE',  ( 0.000000000000000000, -0.000000000000000000, -1.000000000000000000 ) ) ;
#1657 = VERTEX_POINT ( 'NONE', #3235 ) ;
#1658 = ORIENTED_EDGE ( 'NONE', *, *, #4441, .T. ) ;
#1659 = CARTESIAN_POINT ( 'NONE',  ( -10.83200522101813945, -2.791666666666666075, 0.1249999999999999445 ) ) ;
#1660 = DIRECTION ( 'NONE',  ( -0.8000000000000003775, 0.000000000000000000, -0.5999999999999994227 ) ) ;
#1661 = VERTEX_POINT ( 'NONE', #741 ) ;
#1662 =( BOUNDED_CURVE ( )  B_SPLINE_CURVE ( 3, ( #1011, #3961, #3253, #2894 ),
 .UNSPECIFIED., .F., .F. ) 
 B_SPLINE_CURVE_WITH_KNOTS ( ( 4, 4 ),
 ( 3.141592653589794448, 3.926990816987236510 ),
 .UNSPECIFIED. ) 
 CURVE ( )  GEOMETRIC_REPRESENTATION_ITEM ( )  RATIONAL_B_SPLINE_CURVE ( ( 1.000000000000000000, 0.9492530216741918991, 0.9492530216741918991, 1.000000000000000000 ) ) 
 REPRESENTATION_ITEM ( '' )  );
#1663 = ORIENTED_EDGE ( 'NONE', *, *, #993, .F. ) ;
#1664 = DIRECTION ( 'NONE',  ( 1.000000000000000000, 0.000000000000000000, 0.000000000000000000 ) ) ;
#1665 = DIRECTION ( 'NONE',  ( 0.000000000000000000, 0.000000000000000000, -1.000000000000000000 ) ) ;
#1666 = EDGE_CURVE ( 'NONE', #1976, #446, #4540, .T. ) ;
#1667 = DIRECTION ( 'NONE',  ( 0.3493015914185311765, -0.6148076107470367146, -0.7071067811865487940 ) ) ;
#1668 = DIRECTION ( 'NONE',  ( 1.000000000000000000, -2.081668171172166541E-15, 0.000000000000000000 ) ) ;
#1669 = ORIENTED_EDGE ( 'NONE', *, *, #140, .F. ) ;
#1670 = ORIENTED_EDGE ( 'NONE', *, *, #3795, .T. ) ;
#1671 = CARTESIAN_POINT ( 'NONE',  ( -12.05013514067639591, -1.153715783407157858, 0.9257745012477016644 ) ) ;
#1672 = VERTEX_POINT ( 'NONE', #3264 ) ;
#1673 = CARTESIAN_POINT ( 'NONE',  ( -11.90417521761478348, 1.891989251347880208, 1.250000000000000000 ) ) ;
#1674 = EDGE_LOOP ( 'NONE', ( #3565, #3518, #667, #4328 ) ) ;
#1675 = CARTESIAN_POINT ( 'NONE',  ( -11.81549336038782805, 1.819661812344965712, 0.8449686750718610195 ) ) ;
#1676 = ORIENTED_EDGE ( 'NONE', *, *, #4600, .F. ) ;
#1677 = DIRECTION ( 'NONE',  ( -0.8694692613686595406, -0.4939870479425929606, 0.000000000000000000 ) ) ;
#1678 = ORIENTED_EDGE ( 'NONE', *, *, #941, .F. ) ;
#1679 = ORIENTED_EDGE ( 'NONE', *, *, #3140, .T. ) ;
#1680 = LINE ( 'NONE', #4617, #3234 ) ;
#1681 = CARTESIAN_POINT ( 'NONE',  ( -12.10875897698517001, 1.736240089222062410, 0.1249999999999999445 ) ) ;
#1682 = DIRECTION ( 'NONE',  ( 0.000000000000000000, -0.000000000000000000, 1.000000000000000000 ) ) ;
#1683 = CARTESIAN_POINT ( 'NONE',  ( -11.63382357956838753, 2.045588939708045562, 0.7205688589292860158 ) ) ;
#1684 = EDGE_LOOP ( 'NONE', ( #4221, #2469, #3538, #3955, #1576, #647, #3219, #2811, #3636, #2356, #2690, #3916, #2676, #57 ) ) ;
#1685 = EDGE_CURVE ( 'NONE', #4678, #2509, #668, .T. ) ;
#1686 = ORIENTED_EDGE ( 'NONE', *, *, #4346, .F. ) ;
#1687 = AXIS2_PLACEMENT_3D ( 'NONE', #2574, #767, #1176 ) ;
#1688 = VECTOR ( 'NONE', #4080, 100.0000000000000000 ) ;
#1689 = EDGE_CURVE ( 'NONE', #3074, #4180, #860, .T. ) ;
#1690 = CARTESIAN_POINT ( 'NONE',  ( -13.04411535150948609, 2.250695823602320900, 1.125000000000000222 ) ) ;
#1691 = DIRECTION ( 'NONE',  ( -0.000000000000000000, 0.000000000000000000, 1.000000000000000000 ) ) ;
#1692 = ORIENTED_EDGE ( 'NONE', *, *, #1282, .F. ) ;
#1693 = CARTESIAN_POINT ( 'NONE',  ( -10.35202871558757209, 0.3034802801820321583, 1.250000000000000000 ) ) ;
#1694 = VERTEX_POINT ( 'NONE', #1451 ) ;
#1695 = AXIS2_PLACEMENT_3D ( 'NONE', #1367, #4730, #4352 ) ;
#1696 = CIRCLE ( 'NONE', #708, 0.4425000000000012257 ) ;
#1697 = CARTESIAN_POINT ( 'NONE',  ( 0.000000000000000000, 0.000000000000000000, 0.000000000000000000 ) ) ;
#1698 = CARTESIAN_POINT ( 'NONE',  ( -9.496467393028211745, -5.395397056338297581, 1.250000000000000000 ) ) ;
#1699 = CIRCLE ( 'NONE', #623, 0.2500000000000002220 ) ;
#1700 = CIRCLE ( 'NONE', #2174, 0.1250000000000000555 ) ;
#1701 = PLANE ( 'NONE',  #4468 ) ;
#1702 = ADVANCED_FACE ( 'NONE', ( #717 ), #2473, .T. ) ;
#1703 = CARTESIAN_POINT ( 'NONE',  ( -9.419962265355870557, 0.2897822402703050249, 0.8449686750718606865 ) ) ;
#1704 = ORIENTED_EDGE ( 'NONE', *, *, #442, .T. ) ;
#1705 = VECTOR ( 'NONE', #1886, 100.0000000000000000 ) ;
#1706 = ORIENTED_EDGE ( 'NONE', *, *, #2847, .F. ) ;
#1707 = CARTESIAN_POINT ( 'NONE',  ( -9.432095448270569449, 0.3597087322755441186, 0.3475602806958025814 ) ) ;
#1708 = DIRECTION ( 'NONE',  ( -0.000000000000000000, 0.000000000000000000, -1.000000000000000000 ) ) ;
#1709 = CIRCLE ( 'NONE', #482, 0.1250000000000000278 ) ;
#1710 = FACE_OUTER_BOUND ( 'NONE', #197, .T. ) ;
#1711 = EDGE_CURVE ( 'NONE', #2824, #2215, #19, .T. ) ;
#1712 = CIRCLE ( 'NONE', #2635, 0.1249999999999997918 ) ;
#1713 = AXIS2_PLACEMENT_3D ( 'NONE', #2525, #1803, #2889 ) ;
#1714 = CARTESIAN_POINT ( 'NONE',  ( -5.732389529352190927, 0.7990634570687836780, -3.526487295065761085 ) ) ;
#1715 = CARTESIAN_POINT ( 'NONE',  ( -10.83200522101813945, -3.041666666666666075, 0.1249999999999999445 ) ) ;
#1716 = CARTESIAN_POINT ( 'NONE',  ( -11.62519584644259396, 2.148364723885052285, 0.7287515642591689824 ) ) ;
#1717 = ORIENTED_EDGE ( 'NONE', *, *, #779, .T. ) ;
#1718 = AXIS2_PLACEMENT_3D ( 'NONE', #2325, #2301, #3810 ) ;
#1719 = ORIENTED_EDGE ( 'NONE', *, *, #371, .T. ) ;
#1720 = AXIS2_PLACEMENT_3D ( 'NONE', #1927, #1183, #2248 ) ;
#1721 = CARTESIAN_POINT ( 'NONE',  ( -9.279100077686049275, -5.271900294352648508, 0.3475602806958033031 ) ) ;
#1722 = DIRECTION ( 'NONE',  ( 1.000000000000000000, 0.000000000000000000, 0.000000000000000000 ) ) ;
#1723 = ORIENTED_EDGE ( 'NONE', *, *, #3063, .F. ) ;
#1724 = EDGE_LOOP ( 'NONE', ( #907, #666, #996, #1364 ) ) ;
#1725 = EDGE_CURVE ( 'NONE', #361, #2817, #3581, .T. ) ;
#1726 = AXIS2_PLACEMENT_3D ( 'NONE', #441, #806, #1160 ) ;
#1727 = DIRECTION ( 'NONE',  ( -0.000000000000000000, 1.000000000000000000, -0.000000000000000000 ) ) ;
#1728 = LINE ( 'NONE', #4372, #322 ) ;
#1729 = CARTESIAN_POINT ( 'NONE',  ( -11.80562089754819688, 1.811609996830836344, 0.3539884320098238835 ) ) ;
#1730 = ORIENTED_EDGE ( 'NONE', *, *, #1835, .F. ) ;
#1731 = EDGE_CURVE ( 'NONE', #2353, #2499, #1026, .T. ) ;
#1732 = ORIENTED_EDGE ( 'NONE', *, *, #2984, .T. ) ;
#1733 = DIRECTION ( 'NONE',  ( 0.000000000000000000, 0.7546413764697664783, -0.6561374801974172444 ) ) ;
#1734 = CARTESIAN_POINT ( 'NONE',  ( -13.23745178639664211, 1.062608169872543140, 0.3216719330474833716 ) ) ;
#1735 = CARTESIAN_POINT ( 'NONE',  ( -7.633330346460728499, 4.144919618765477765, 0.4100602806958021929 ) ) ;
#1736 = DIRECTION ( 'NONE',  ( 1.000000000000000000, 0.000000000000000000, 0.000000000000000000 ) ) ;
#1737 = DIRECTION ( 'NONE',  ( 0.8694692613686837435, 0.4939870479425502725, -0.000000000000000000 ) ) ;
#1738 = CARTESIAN_POINT ( 'NONE',  ( -11.50155366231092380, 2.047524227185893331, 0.9129181986196589493 ) ) ;
#1739 = ORIENTED_EDGE ( 'NONE', *, *, #4411, .F. ) ;
#1740 = EDGE_LOOP ( 'NONE', ( #2298, #3114, #271, #1730 ) ) ;
#1741 = CARTESIAN_POINT ( 'NONE',  ( -10.14867530369874338, -0.1242344692354270530, 0.8449686750718606865 ) ) ;
#1742 = CARTESIAN_POINT ( 'NONE',  ( -11.63426696761118784, 2.075111915204101098, 0.8007745012477027746 ) ) ;
#1743 = VERTEX_POINT ( 'NONE', #2919 ) ;
#1744 = ORIENTED_EDGE ( 'NONE', *, *, #4556, .F. ) ;
#1745 = LINE ( 'NONE', #975, #2563 ) ;
#1746 = DIRECTION ( 'NONE',  ( 0.4939870479425903516, -0.8694692613686609839, 0.000000000000000000 ) ) ;
#1747 = DIRECTION ( 'NONE',  ( -0.000000000000000000, 0.000000000000000000, 1.000000000000000000 ) ) ;
#1748 = VERTEX_POINT ( 'NONE', #4389 ) ;
#1749 = ADVANCED_FACE ( 'NONE', ( #355 ), #3971, .T. ) ;
#1750 = ORIENTED_EDGE ( 'NONE', *, *, #3348, .F. ) ;
#1751 = FACE_OUTER_BOUND ( 'NONE', #3123, .T. ) ;
#1752 = DIRECTION ( 'NONE',  ( -0.8000000000000001554, 0.000000000000000000, 0.6000000000000000888 ) ) ;
#1753 = CYLINDRICAL_SURFACE ( 'NONE', #4322, 0.06249999999999979877 ) ;
#1754 = CARTESIAN_POINT ( 'NONE',  ( -9.325107847934390293, 0.2209617277617695330, 0.4984486283441203480 ) ) ;
#1755 = DIRECTION ( 'NONE',  ( -0.000000000000000000, 0.000000000000000000, 1.000000000000000000 ) ) ;
#1756 = CYLINDRICAL_SURFACE ( 'NONE', #3168, 0.06249999999999979877 ) ;
#1757 = ORIENTED_EDGE ( 'NONE', *, *, #2581, .T. ) ;
#1758 = ORIENTED_EDGE ( 'NONE', *, *, #1651, .T. ) ;
#1759 = DIRECTION ( 'NONE',  ( -0.9937020812271841752, 0.1120543339847349107, 0.000000000000000000 ) ) ;
#1760 = DIRECTION ( 'NONE',  ( -0.8000000000000000444, 0.000000000000000000, 0.5999999999999999778 ) ) ;
#1761 = ORIENTED_EDGE ( 'NONE', *, *, #3549, .T. ) ;
#1762 = ADVANCED_FACE ( 'NONE', ( #2131 ), #1432, .F. ) ;
#1763 = ADVANCED_BREP_SHAPE_REPRESENTATION ( 'tool holer', ( #4595, #1501 ), #2733 ) ;
#1764 = VECTOR ( 'NONE', #3512, 100.0000000000000000 ) ;
#1765 = LINE ( 'NONE', #1698, #111 ) ;
#1766 = DIRECTION ( 'NONE',  ( 0.7690358092104188081, 0.000000000000000000, -0.6392056978407471002 ) ) ;
#1767 = CARTESIAN_POINT ( 'NONE',  ( -7.563258757786579523, -3.041666666666666075, 1.125000000000000000 ) ) ;
#1768 = ORIENTED_EDGE ( 'NONE', *, *, #631, .T. ) ;
#1769 = VECTOR ( 'NONE', #3960, 100.0000000000000142 ) ;
#1770 = EDGE_CURVE ( 'NONE', #1487, #699, #3474, .T. ) ;
#1771 = AXIS2_PLACEMENT_3D ( 'NONE', #4399, #27, #3705 ) ;
#1772 = CIRCLE ( 'NONE', #2546, 0.06250000000000044409 ) ;
#1773 = DIRECTION ( 'NONE',  ( -0.6320307779411513671, -0.7749432854958503425, 0.000000000000000000 ) ) ;
#1774 = VERTEX_POINT ( 'NONE', #4348 ) ;
#1775 = CARTESIAN_POINT ( 'NONE',  ( -9.377970401924406119, 0.3155652500510625069, 0.2984020581525437810 ) ) ;
#1776 = CARTESIAN_POINT ( 'NONE',  ( -7.146592091119913448, -0.5416666666666667407, 0.4375000000000000555 ) ) ;
#1777 = CARTESIAN_POINT ( 'NONE',  ( -11.87174743525723741, 2.026843821283005553, 1.250000000000000000 ) ) ;
#1778 = AXIS2_PLACEMENT_3D ( 'NONE', #3703, #2678, #3069 ) ;
#1779 = EDGE_CURVE ( 'NONE', #358, #3511, #2626, .T. ) ;
#1780 = CIRCLE ( 'NONE', #1628, 0.06249999999999990286 ) ;
#1781 = EDGE_CURVE ( 'NONE', #3929, #3416, #1051, .T. ) ;
#1782 = AXIS2_PLACEMENT_3D ( 'NONE', #3987, #4720, #1425 ) ;
#1783 = CIRCLE ( 'NONE', #566, 0.06250000000000005551 ) ;
#1784 = CARTESIAN_POINT ( 'NONE',  ( -7.563258757786581299, -2.916666666666666075, 0.1250000000000000000 ) ) ;
#1785 = DIRECTION ( 'NONE',  ( -0.7749432854958506756, 0.6320307779411509230, -0.000000000000000000 ) ) ;
#1786 =( BOUNDED_SURFACE ( )  B_SPLINE_SURFACE ( 3, 2, ( 
 ( #2680, #3071, #1968 ),
 ( #4159, #364, #1852 ),
 ( #4054, #3437, #144 ),
 ( #2663, #3668, #1194 ) ),
 .UNSPECIFIED., .F., .F., .T. ) 
 B_SPLINE_SURFACE_WITH_KNOTS ( ( 4, 4 ),
 ( 3, 3 ),
 ( 4.712388980384689674, 5.497787143782140618 ),
 ( 0.000000000000000000, 1.000000000000000000 ),
 .UNSPECIFIED. ) 
 GEOMETRIC_REPRESENTATION_ITEM ( )  RATIONAL_B_SPLINE_SURFACE ( (
 ( 1.000000000000000000, 0.7071067811865475727, 1.000000000000000000),
 ( 1.000000000000000000, 0.7406648312652855948, 1.000000000000000000),
 ( 1.000000000000000000, 0.7713308534497979041, 1.000000000000000000),
 ( 1.000000000000000000, 0.7923609257339283563, 1.000000000000000000) ) ) 
 REPRESENTATION_ITEM ( '' )  SURFACE ( )  );
#1787 = CYLINDRICAL_SURFACE ( 'NONE', #1168, 0.1250000000000002776 ) ;
#1788 = ORIENTED_EDGE ( 'NONE', *, *, #509, .F. ) ;
#1789 = CARTESIAN_POINT ( 'NONE',  ( -11.30500606459927049, -2.385865030132807707, 4.760090267349607274 ) ) ;
#1790 = ORIENTED_EDGE ( 'NONE', *, *, #1276, .F. ) ;
#1791 = AXIS2_PLACEMENT_3D ( 'NONE', #832, #905, #2440 ) ;
#1792 = CIRCLE ( 'NONE', #3951, 0.06250000000000034694 ) ;
#1793 = EDGE_CURVE ( 'NONE', #729, #1655, #3161, .T. ) ;
#1794 = CARTESIAN_POINT ( 'NONE',  ( -8.628159137421416602, -0.4572703987276107163, 0.1249999999999998751 ) ) ;
#1795 = CIRCLE ( 'NONE', #4553, 0.3750000000000003331 ) ;
#1796 = CYLINDRICAL_SURFACE ( 'NONE', #3786, 0.06250000000000004163 ) ;
#1797 = ORIENTED_EDGE ( 'NONE', *, *, #2942, .T. ) ;
#1798 = ORIENTED_EDGE ( 'NONE', *, *, #2847, .T. ) ;
#1799 = ADVANCED_FACE ( 'NONE', ( #3624 ), #330, .F. ) ;
#1800 = TOROIDAL_SURFACE ( 'NONE', #4042, 0.3750000000000000000, 0.1250000000000000000 ) ;
#1801 = LINE ( 'NONE', #2066, #1637 ) ;
#1802 = DIRECTION ( 'NONE',  ( -0.8694692613686838545, -0.4939870479425503835, 0.000000000000000000 ) ) ;
#1803 = DIRECTION ( 'NONE',  ( 0.000000000000000000, -0.000000000000000000, -1.000000000000000000 ) ) ;
#1804 = ORIENTED_EDGE ( 'NONE', *, *, #1293, .F. ) ;
#1805 = VECTOR ( 'NONE', #67, 100.0000000000000142 ) ;
#1806 = DIRECTION ( 'NONE',  ( 0.7690358092104109256, 0.000000000000000000, -0.6392056978407565371 ) ) ;
#1807 = EDGE_LOOP ( 'NONE', ( #2423, #3058, #3094, #2421, #306 ) ) ;
#1808 = CYLINDRICAL_SURFACE ( 'NONE', #1083, 0.06249999999999979877 ) ;
#1809 = DIRECTION ( 'NONE',  ( -0.000000000000000000, 0.000000000000000000, 1.000000000000000000 ) ) ;
#1810 = CARTESIAN_POINT ( 'NONE',  ( -8.727499999999999147, -1.666666666666666297, 0.1249999999999999445 ) ) ;
#1811 = CARTESIAN_POINT ( 'NONE',  ( -10.21311691150694578, -0.6957050899555480283, 1.250000000000000000 ) ) ;
#1812 = CARTESIAN_POINT ( 'NONE',  ( -6.031457879091405516, 1.325455268816746246, 4.131904686037512597 ) ) ;
#1813 = DIRECTION ( 'NONE',  ( -0.8694692613686837435, -0.4939870479425503280, 4.357881996052630580E-33 ) ) ;
#1814 = VERTEX_POINT ( 'NONE', #1741 ) ;
#1815 = DIRECTION ( 'NONE',  ( 0.3493015914185311765, -0.6148076107470367146, 0.7071067811865487940 ) ) ;
#1816 =( BOUNDED_CURVE ( )  B_SPLINE_CURVE ( 3, ( #4714, #3184, #1443, #249 ),
 .UNSPECIFIED., .F., .F. ) 
 B_SPLINE_CURVE_WITH_KNOTS ( ( 4, 4 ),
 ( 2.356194490192347057, 3.141592653589793116 ),
 .UNSPECIFIED. ) 
 CURVE ( )  GEOMETRIC_REPRESENTATION_ITEM ( )  RATIONAL_B_SPLINE_CURVE ( ( 1.000000000000000000, 0.9492530216741914550, 0.9492530216741914550, 1.000000000000000000 ) ) 
 REPRESENTATION_ITEM ( '' )  );
#1817 = CARTESIAN_POINT ( 'NONE',  ( -10.35202871558757209, 0.3034802801820321583, 1.250000000000000000 ) ) ;
#1818 = CARTESIAN_POINT ( 'NONE',  ( -13.28111448532395755, 1.092294035186559764, 0.4510688732081385433 ) ) ;
#1819 = ORIENTED_EDGE ( 'NONE', *, *, #4749, .F. ) ;
#1820 = EDGE_CURVE ( 'NONE', #2499, #3731, #3800, .T. ) ;
#1821 = ORIENTED_EDGE ( 'NONE', *, *, #4283, .T. ) ;
#1822 = CARTESIAN_POINT ( 'NONE',  ( -11.52129858799018436, 2.063627858214152511, 0.3216719330474819283 ) ) ;
#1823 = DIRECTION ( 'NONE',  ( -0.8694692613686595406, -0.4939870479425931826, 0.000000000000000000 ) ) ;
#1824 = CARTESIAN_POINT ( 'NONE',  ( -13.86161535150948509, 2.250695823602320900, 1.125000000000000222 ) ) ;
#1825 = VERTEX_POINT ( 'NONE', #3771 ) ;
#1826 = CARTESIAN_POINT ( 'NONE',  ( -10.35202871558757209, 0.3034802801820321583, 0.3475602806958025814 ) ) ;
#1827 = ORIENTED_EDGE ( 'NONE', *, *, #1842, .T. ) ;
#1828 = CARTESIAN_POINT ( 'NONE',  ( -9.487499999999998934, -1.666666666666666297, 0.1249999999999999445 ) ) ;
#1829 = DIRECTION ( 'NONE',  ( -1.000000000000000000, 0.000000000000000000, -0.000000000000000000 ) ) ;
#1830 = CARTESIAN_POINT ( 'NONE',  ( -7.146592091119913448, -0.4166666666666665741, 0.4375000000000000555 ) ) ;
#1831 = FACE_OUTER_BOUND ( 'NONE', #553, .T. ) ;
#1832 = CARTESIAN_POINT ( 'NONE',  ( -11.56080051161150912, 2.015193902870663578, 0.8891628488960193755 ) ) ;
#1833 = ORIENTED_EDGE ( 'NONE', *, *, #786, .T. ) ;
#1834 = DIRECTION ( 'NONE',  ( 0.000000000000000000, 0.000000000000000000, -1.000000000000000000 ) ) ;
#1835 = EDGE_CURVE ( 'NONE', #3215, #2311, #3728, .T. ) ;
#1836 = CARTESIAN_POINT ( 'NONE',  ( -13.29920016738946664, 1.171291827543624597, 0.4984486283441197374 ) ) ;
#1837 = ADVANCED_FACE ( 'NONE', ( #1961 ), #3752, .F. ) ;
#1838 = FACE_OUTER_BOUND ( 'NONE', #3395, .T. ) ;
#1839 = VERTEX_POINT ( 'NONE', #3379 ) ;
#1840 = ORIENTED_EDGE ( 'NONE', *, *, #2441, .T. ) ;
#1841 =( BOUNDED_CURVE ( )  B_SPLINE_CURVE ( 3, ( #386, #2983, #800, #107 ),
 .UNSPECIFIED., .F., .F. ) 
 B_SPLINE_CURVE_WITH_KNOTS ( ( 4, 4 ),
 ( 0.000000000000000000, 0.7853981633974472798 ),
 .UNSPECIFIED. ) 
 CURVE ( )  GEOMETRIC_REPRESENTATION_ITEM ( )  RATIONAL_B_SPLINE_CURVE ( ( 1.000000000000000000, 0.9492530216741912330, 0.9492530216741912330, 1.000000000000000000 ) ) 
 REPRESENTATION_ITEM ( '' )  );
#1842 = EDGE_CURVE ( 'NONE', #1030, #3941, #2990, .T. ) ;
#1843 = ADVANCED_FACE ( 'NONE', ( #3695 ), #3717, .T. ) ;
#1844 = CARTESIAN_POINT ( 'NONE',  ( -11.47288048603294719, 2.024138864349301237, 0.3677766035388158050 ) ) ;
#1845 = LINE ( 'NONE', #3759, #2921 ) ;
#1846 = ORIENTED_EDGE ( 'NONE', *, *, #1313, .T. ) ;
#1847 = TOROIDAL_SURFACE ( 'NONE', #9, 0.4424999999999999489, 0.1250000000000000000 ) ;
#1848 = CARTESIAN_POINT ( 'NONE',  ( -0.9759442179566371056, 2.554640093122529265, 1.125000000000000222 ) ) ;
#1849 = ADVANCED_FACE ( 'NONE', ( #3016 ), #2251, .T. ) ;
#1850 = ORIENTED_EDGE ( 'NONE', *, *, #521, .T. ) ;
#1851 = AXIS2_PLACEMENT_3D ( 'NONE', #3099, #858, #1987 ) ;
#1852 = CARTESIAN_POINT ( 'NONE',  ( -9.452379036106680843, 0.3032753592071993354, 0.8632745012477014424 ) ) ;
#1853 = CARTESIAN_POINT ( 'NONE',  ( -12.60161535150948531, 2.250695823602320900, 1.250000000000000000 ) ) ;
#1854 = CARTESIAN_POINT ( 'NONE',  ( -7.707867235884449997, 4.276112398944402315, 1.226479224199663047E-15 ) ) ;
#1855 = AXIS2_PLACEMENT_3D ( 'NONE', #4027, #724, #1746 ) ;
#1856 = EDGE_CURVE ( 'NONE', #4384, #3443, #109, .T. ) ;
#1857 = DIRECTION ( 'NONE',  ( -0.5668062099020123590, 0.4622776614639915738, 0.6819311432453420974 ) ) ;
#1858 = DIRECTION ( 'NONE',  ( 0.1120543339847372699, 0.9937020812271839532, 0.000000000000000000 ) ) ;
#1859 = AXIS2_PLACEMENT_3D ( 'NONE', #4120, #3046, #2324 ) ;
#1860 = ADVANCED_FACE ( 'NONE', ( #781 ), #2632, .F. ) ;
#1861 = DIRECTION ( 'NONE',  ( -0.000000000000000000, 0.000000000000000000, 1.000000000000000000 ) ) ;
#1862 = CARTESIAN_POINT ( 'NONE',  ( -11.95213061291353362, -1.199692544254124638, 0.4984486283441203480 ) ) ;
#1863 = AXIS2_PLACEMENT_3D ( 'NONE', #3476, #3120, #3065 ) ;
#1864 = DIRECTION ( 'NONE',  ( -0.000000000000000000, -0.000000000000000000, -1.000000000000000000 ) ) ;
#1865 = DIRECTION ( 'NONE',  ( 0.000000000000000000, 0.000000000000000000, -1.000000000000000000 ) ) ;
#1866 = ORIENTED_EDGE ( 'NONE', *, *, #4426, .F. ) ;
#1867 = CIRCLE ( 'NONE', #3644, 0.1250000000000000278 ) ;
#1868 = EDGE_LOOP ( 'NONE', ( #1454, #580, #1289, #3288 ) ) ;
#1869 = AXIS2_PLACEMENT_3D ( 'NONE', #2310, #3745, #37 ) ;
#1870 = UNCERTAINTY_MEASURE_WITH_UNIT (LENGTH_MEASURE( 1.000000000000000082E-05 ), #2360, 'distance_accuracy_value', 'NONE');
#1871 = AXIS2_PLACEMENT_3D ( 'NONE', #1958, #4521, #804 ) ;
#1872 = AXIS2_PLACEMENT_3D ( 'NONE', #339, #268, #675 ) ;
#1873 = CARTESIAN_POINT ( 'NONE',  ( -9.296865446892102369, 0.2494174057077990225, 0.7537066728991000941 ) ) ;
#1874 = CARTESIAN_POINT ( 'NONE',  ( -11.53221037423318229, 1.973955157182425868, 0.3600813013786888228 ) ) ;
#1875 = EDGE_CURVE ( 'NONE', #3773, #2777, #2657, .T. ) ;
#1876 = LINE ( 'NONE', #2593, #780 ) ;
#1877 = CARTESIAN_POINT ( 'NONE',  ( -11.46855076387791961, 1.939956552065526862, 0.3475602806958021929 ) ) ;
#1878 = ORIENTED_EDGE ( 'NONE', *, *, #4119, .F. ) ;
#1879 = EDGE_CURVE ( 'NONE', #4506, #3665, #865, .T. ) ;
#1880 = CIRCLE ( 'NONE', #4642, 0.06249999999999994449 ) ;
#1881 = CARTESIAN_POINT ( 'NONE',  ( -11.77876013238799224, 1.789702806178248506, 0.8632745012477016644 ) ) ;
#1882 = ORIENTED_EDGE ( 'NONE', *, *, #3999, .T. ) ;
#1883 = AXIS2_PLACEMENT_3D ( 'NONE', #3744, #752, #4433 ) ;
#1884 = CARTESIAN_POINT ( 'NONE',  ( -7.071592091119913270, -3.041666666666666075, 0.9125000000000000888 ) ) ;
#1885 = AXIS2_PLACEMENT_3D ( 'NONE', #382, #4126, #3761 ) ;
#1886 = DIRECTION ( 'NONE',  ( 0.000000000000000000, 1.000000000000000000, 0.000000000000000000 ) ) ;
#1887 = EDGE_CURVE ( 'NONE', #220, #503, #4133, .T. ) ;
#1888 = EDGE_CURVE ( 'NONE', #4117, #2134, #1573, .T. ) ;
#1889 = DIRECTION ( 'NONE',  ( -5.892993154733278871E-33, 1.037228896351944580E-32, -1.000000000000000000 ) ) ;
#1890 = DIRECTION ( 'NONE',  ( 1.000000000000000000, -1.387778780781444492E-15, 0.000000000000000000 ) ) ;
#1891 = DIRECTION ( 'NONE',  ( 1.000000000000000000, 0.000000000000000000, 0.000000000000000000 ) ) ;
#1892 = DIRECTION ( 'NONE',  ( 0.000000000000000000, 0.000000000000000000, 1.000000000000000000 ) ) ;
#1893 = DIRECTION ( 'NONE',  ( 0.8694692613686837435, 0.4939870479425503280, 2.775557561562891967E-17 ) ) ;
#1894 = LINE ( 'NONE', #3407, #3392 ) ;
#1895 = ORIENTED_EDGE ( 'NONE', *, *, #457, .T. ) ;
#1896 = VERTEX_POINT ( 'NONE', #4443 ) ;
#1897 = DIRECTION ( 'NONE',  ( 0.7749432854958475669, -0.6320307779411550309, 0.000000000000000000 ) ) ;
#1898 = DIRECTION ( 'NONE',  ( -0.3568726784304465105, 0.9341530342453955305, 0.000000000000000000 ) ) ;
#1899 = EDGE_CURVE ( 'NONE', #585, #381, #1709, .T. ) ;
#1900 = CARTESIAN_POINT ( 'NONE',  ( -7.967499999999999361, -1.666666666666666297, 1.125000000000000222 ) ) ;
#1901 = VERTEX_POINT ( 'NONE', #2674 ) ;
#1902 = DIRECTION ( 'NONE',  ( -0.8694692613686595406, -0.4939870479425931826, 0.000000000000000000 ) ) ;
#1903 = ORIENTED_EDGE ( 'NONE', *, *, #1835, .T. ) ;
#1904 = CARTESIAN_POINT ( 'NONE',  ( -6.435334570832360157, 2.036320807325509019, 0.4100602806958026370 ) ) ;
#1905 = ADVANCED_FACE ( 'NONE', ( #4152 ), #848, .F. ) ;
#1906 = FACE_OUTER_BOUND ( 'NONE', #3815, .T. ) ;
#1907 = DIRECTION ( 'NONE',  ( 1.000000000000000000, 0.000000000000000000, 0.000000000000000000 ) ) ;
#1908 = DIRECTION ( 'NONE',  ( -0.9341530342453954194, -0.3568726784304464550, -0.000000000000000000 ) ) ;
#1909 = LINE ( 'NONE', #4482, #3481 ) ;
#1910 = FACE_OUTER_BOUND ( 'NONE', #363, .T. ) ;
#1911 = DIRECTION ( 'NONE',  ( 0.4939870479425931271, -0.8694692613686595406, 0.000000000000000000 ) ) ;
#1912 = FACE_OUTER_BOUND ( 'NONE', #4226, .T. ) ;
#1913 = ORIENTED_EDGE ( 'NONE', *, *, #4460, .F. ) ;
#1914 = ORIENTED_EDGE ( 'NONE', *, *, #2552, .F. ) ;
#1915 = DIRECTION ( 'NONE',  ( 0.4939870479425903516, -0.8694692613686609839, 0.000000000000000000 ) ) ;
#1916 = CARTESIAN_POINT ( 'NONE',  ( -12.91016909932539747, 1.119163830450631947, 0.8632745012477016644 ) ) ;
#1917 = DIRECTION ( 'NONE',  ( -0.6000000000000000888, 0.000000000000000000, 0.7999999999999998224 ) ) ;
#1918 = CARTESIAN_POINT ( 'NONE',  ( -10.35202871558757209, 0.3034802801820321583, 1.125000000000000222 ) ) ;
#1919 = ORIENTED_EDGE ( 'NONE', *, *, #2902, .T. ) ;
#1920 = CARTESIAN_POINT ( 'NONE',  ( -11.92125642241712491, -1.254034373089666365, 0.7123861535993826211 ) ) ;
#1921 = ORIENTED_EDGE ( 'NONE', *, *, #55, .F. ) ;
#1922 = LINE ( 'NONE', #2982, #2491 ) ;
#1923 = DIRECTION ( 'NONE',  ( -0.8694692613686597626, -0.4939870479425924055, 0.000000000000000000 ) ) ;
#1924 = ORIENTED_EDGE ( 'NONE', *, *, #3408, .F. ) ;
#1925 = CIRCLE ( 'NONE', #4525, 0.1250000000000001388 ) ;
#1926 = DIRECTION ( 'NONE',  ( -1.000000000000000000, 0.000000000000000000, 0.000000000000000000 ) ) ;
#1927 = CARTESIAN_POINT ( 'NONE',  ( -8.727499999999999147, -1.666666666666666297, 1.250000000000000000 ) ) ;
#1928 = EDGE_CURVE ( 'NONE', #2569, #3667, #3430, .T. ) ;
#1929 = CARTESIAN_POINT ( 'NONE',  ( -9.346495809356190065, 0.2298642279368659225, 0.4542544545199611039 ) ) ;
#1930 = CIRCLE ( 'NONE', #1008, 0.1250000000000000000 ) ;
#1931 = ADVANCED_FACE ( 'NONE', ( #136 ), #4086, .F. ) ;
#1932 = AXIS2_PLACEMENT_3D ( 'NONE', #2047, #3492, #4536 ) ;
#1933 = AXIS2_PLACEMENT_3D ( 'NONE', #3769, #43, #2627 ) ;
#1934 = CARTESIAN_POINT ( 'NONE',  ( -8.727499999999999147, -1.666666666666666297, 0.000000000000000000 ) ) ;
#1935 = CARTESIAN_POINT ( 'NONE',  ( -12.60161535150948531, 2.250695823602320900, 1.125000000000000222 ) ) ;
#1936 = ORIENTED_EDGE ( 'NONE', *, *, #1793, .F. ) ;
#1937 = ORIENTED_EDGE ( 'NONE', *, *, #4600, .T. ) ;
#1938 = AXIS2_PLACEMENT_3D ( 'NONE', #447, #3364, #1915 ) ;
#1939 = TOROIDAL_SURFACE ( 'NONE', #2020, 0.7599999999999995648, 0.1250000000000000000 ) ;
#1940 = EDGE_CURVE ( 'NONE', #2209, #132, #761, .T. ) ;
#1941 = CARTESIAN_POINT ( 'NONE',  ( -11.93029926344987501, -1.238118019925814384, 0.4542544545199610484 ) ) ;
#1942 = DIRECTION ( 'NONE',  ( -0.000000000000000000, -0.000000000000000000, -1.000000000000000000 ) ) ;
#1943 = AXIS2_PLACEMENT_3D ( 'NONE', #1549, #461, #4484 ) ;
#1944 = DIRECTION ( 'NONE',  ( 1.000000000000000000, 0.000000000000000000, 0.000000000000000000 ) ) ;
#1945 = CIRCLE ( 'NONE', #2412, 0.1249999999999997918 ) ;
#1946 = DIRECTION ( 'NONE',  ( 1.000000000000000000, 0.000000000000000000, 0.000000000000000000 ) ) ;
#1947 = CARTESIAN_POINT ( 'NONE',  ( 0.000000000000000000, 0.000000000000000000, 0.000000000000000000 ) ) ;
#1948 = EDGE_LOOP ( 'NONE', ( #1124, #2210, #3601, #2591 ) ) ;
#1949 = AXIS2_PLACEMENT_3D ( 'NONE', #3354, #3372, #1201 ) ;
#1950 = CARTESIAN_POINT ( 'NONE',  ( -11.95213061291353718, -1.199692544254126858, 0.8891628488960197085 ) ) ;
#1951 = ORIENTED_EDGE ( 'NONE', *, *, #700, .T. ) ;
#1952 = CARTESIAN_POINT ( 'NONE',  ( -12.60643403778524174, 2.787344048808197083, 0.1250000000000000000 ) ) ;
#1953 = AXIS2_PLACEMENT_3D ( 'NONE', #2179, #2915, #1065 ) ;
#1954 = CARTESIAN_POINT ( 'NONE',  ( -7.633330346460728499, 4.144919618765477765, 0.8632745012477016644 ) ) ;
#1955 = ORIENTED_EDGE ( 'NONE', *, *, #1964, .T. ) ;
#1956 = AXIS2_PLACEMENT_3D ( 'NONE', #1444, #1422, #365 ) ;
#1957 = SPHERICAL_SURFACE ( 'NONE', #3389, 0.1250000000000000000 ) ;
#1958 = CARTESIAN_POINT ( 'NONE',  ( -13.04411535150948609, 2.250695823602320900, 1.125000000000000222 ) ) ;
#1959 = CARTESIAN_POINT ( 'NONE',  ( -10.83200522101813945, -2.916666666666666075, 0.000000000000000000 ) ) ;
#1960 = AXIS2_PLACEMENT_3D ( 'NONE', #237, #2918, #4634 ) ;
#1961 = FACE_OUTER_BOUND ( 'NONE', #464, .T. ) ;
#1962 = DIRECTION ( 'NONE',  ( 1.000000000000000000, -2.775557561562888984E-15, 0.000000000000000000 ) ) ;
#1963 = VERTEX_POINT ( 'NONE', #2056 ) ;
#1964 = EDGE_CURVE ( 'NONE', #748, #1774, #162, .T. ) ;
#1965 = VERTEX_POINT ( 'NONE', #2439 ) ;
#1966 = CARTESIAN_POINT ( 'NONE',  ( -12.93448082989525005, 1.306623384488033945, 0.4984486283441197374 ) ) ;
#1967 = CARTESIAN_POINT ( 'NONE',  ( -10.59071656220553415, -2.963317061768291794, -1.405163713263805958 ) ) ;
#1968 = CARTESIAN_POINT ( 'NONE',  ( -9.471597371891892436, 0.3112747769320544089, 0.8632745012477014424 ) ) ;
#1969 = ORIENTED_EDGE ( 'NONE', *, *, #2343, .F. ) ;
#1970 = DIRECTION ( 'NONE',  ( 0.000000000000000000, 0.000000000000000000, 1.000000000000000000 ) ) ;
#1971 = ORIENTED_EDGE ( 'NONE', *, *, #431, .T. ) ;
#1972 = EDGE_LOOP ( 'NONE', ( #3055, #2677, #4062, #2450 ) ) ;
#1973 =( BOUNDED_CURVE ( )  B_SPLINE_CURVE ( 3, ( #617, #4234, #2408, #3881 ),
 .UNSPECIFIED., .F., .F. ) 
 B_SPLINE_CURVE_WITH_KNOTS ( ( 4, 4 ),
 ( 5.497787143782138841, 6.283185307179586232 ),
 .UNSPECIFIED. ) 
 CURVE ( )  GEOMETRIC_REPRESENTATION_ITEM ( )  RATIONAL_B_SPLINE_CURVE ( ( 1.000000000000000000, 0.9492530216741912330, 0.9492530216741912330, 1.000000000000000000 ) ) 
 REPRESENTATION_ITEM ( '' )  );
#1974 = CARTESIAN_POINT ( 'NONE',  ( -9.432095448270569449, 0.3597087322755441186, 0.2850602806958025259 ) ) ;
#1975 = ORIENTED_EDGE ( 'NONE', *, *, #173, .F. ) ;
#1976 = VERTEX_POINT ( 'NONE', #3503 ) ;
#1977 = CARTESIAN_POINT ( 'NONE',  ( -10.16346005861974788, -0.2553462362951275377, 0.7291837224784259996 ) ) ;
#1978 = DIRECTION ( 'NONE',  ( -0.7749432854958503425, 0.6320307779411513671, -1.305935858537982965E-16 ) ) ;
#1979 = CARTESIAN_POINT ( 'NONE',  ( -9.471597371891892436, 0.3112747769320541313, 0.8632745012477016644 ) ) ;
#1980 = CARTESIAN_POINT ( 'NONE',  ( -11.47637890098564561, 2.026992113052069389, 0.8360947117106547477 ) ) ;
#1981 = ORIENTED_EDGE ( 'NONE', *, *, #4347, .T. ) ;
#1982 = ORIENTED_EDGE ( 'NONE', *, *, #4749, .T. ) ;
#1983 = EDGE_CURVE ( 'NONE', #1271, #812, #3326, .T. ) ;
#1984 = EDGE_CURVE ( 'NONE', #284, #3425, #2176, .T. ) ;
#1985 = CARTESIAN_POINT ( 'NONE',  ( -3.670595065017756564, -4.500576710323702656, 1.250000000000000000 ) ) ;
#1986 = DIRECTION ( 'NONE',  ( -0.5668062099020114708, 0.4622776614639918513, 0.6819311432453424304 ) ) ;
#1987 = DIRECTION ( 'NONE',  ( 1.000000000000000000, 0.000000000000000000, 0.000000000000000000 ) ) ;
#1988 = ORIENTED_EDGE ( 'NONE', *, *, #1145, .T. ) ;
#1989 = CYLINDRICAL_SURFACE ( 'NONE', #545, 0.2500000000000002220 ) ;
#1990 = ORIENTED_EDGE ( 'NONE', *, *, #1685, .T. ) ;
#1991 = EDGE_CURVE ( 'NONE', #3532, #151, #2371, .T. ) ;
#1992 = ADVANCED_FACE ( 'NONE', ( #4011 ), #1064, .T. ) ;
#1993 = DIRECTION ( 'NONE',  ( -0.8694692613686838545, -0.4939870479425503835, 1.232595164407831220E-32 ) ) ;
#1994 = EDGE_LOOP ( 'NONE', ( #1001, #4585, #2723 ) ) ;
#1995 = DIRECTION ( 'NONE',  ( 0.6320307779411580285, 0.7749432854958450134, 0.000000000000000000 ) ) ;
#1996 = ORIENTED_EDGE ( 'NONE', *, *, #2111, .F. ) ;
#1997 = EDGE_CURVE ( 'NONE', #4701, #1222, #1045, .T. ) ;
#1998 = ORIENTED_EDGE ( 'NONE', *, *, #1997, .T. ) ;
#1999 = CARTESIAN_POINT ( 'NONE',  ( -11.61208259875798277, 2.137669778473484161, 0.4354962573754838084 ) ) ;
#2000 = CARTESIAN_POINT ( 'NONE',  ( -3.828602759503051178, -4.694312531697667268, 0.3475602806958036362 ) ) ;
#2001 = LINE ( 'NONE', #2698, #866 ) ;
#2002 = EDGE_CURVE ( 'NONE', #3034, #1596, #2791, .T. ) ;
#2003 = CIRCLE ( 'NONE', #1687, 0.1250000000000002220 ) ;
#2004 = EDGE_CURVE ( 'NONE', #3205, #2241, #2147, .T. ) ;
#2005 = DIRECTION ( 'NONE',  ( 1.000000000000000000, 0.000000000000000000, 0.000000000000000000 ) ) ;
#2006 = VECTOR ( 'NONE', #4593, 99.99999999999998579 ) ;
#2007 = ORIENTED_EDGE ( 'NONE', *, *, #1375, .F. ) ;
#2008 = ORIENTED_EDGE ( 'NONE', *, *, #2630, .T. ) ;
#2009 = TOROIDAL_SURFACE ( 'NONE', #4693, 0.1250000000000000000, 0.06250000000000000000 ) ;
#2010 = AXIS2_PLACEMENT_3D ( 'NONE', #2061, #4559, #4603 ) ;
#2011 = B_SPLINE_CURVE_WITH_KNOTS ( 'NONE', 3,
 ( #1966, #1146, #2709, #3756, #3735, #2661 ),
 .UNSPECIFIED., .F., .F.,
 ( 4, 2, 4 ),
 ( 8.673617379884035472E-19, 0.0002596059582407948103, 0.0005192119164815887531 ),
 .UNSPECIFIED. ) ;
#2012 = LINE ( 'NONE', #3895, #2173 ) ;
#2013 = DIRECTION ( 'NONE',  ( 0.5668062099020492184, -0.4622776614639729220, 0.6819311432453241117 ) ) ;
#2014 = ORIENTED_EDGE ( 'NONE', *, *, #733, .F. ) ;
#2015 = AXIS2_PLACEMENT_3D ( 'NONE', #1817, #994, #2879 ) ;
#2016 = FACE_OUTER_BOUND ( 'NONE', #1972, .T. ) ;
#2017 = ORIENTED_EDGE ( 'NONE', *, *, #816, .T. ) ;
#2018 = CIRCLE ( 'NONE', #2631, 0.1250000000000000000 ) ;
#2019 = EDGE_CURVE ( 'NONE', #930, #3499, #3404, .T. ) ;
#2020 = AXIS2_PLACEMENT_3D ( 'NONE', #1810, #2555, #4360 ) ;
#2021 = LINE ( 'NONE', #4565, #2888 ) ;
#2022 = ORIENTED_EDGE ( 'NONE', *, *, #3967, .F. ) ;
#2023 = CARTESIAN_POINT ( 'NONE',  ( -11.93029926344987857, -1.238118019925815938, 0.7565803274235419762 ) ) ;
#2024 = CARTESIAN_POINT ( 'NONE',  ( -12.72661535150948531, 2.250695823602320900, 1.250000000000000000 ) ) ;
#2025 = VERTEX_POINT ( 'NONE', #275 ) ;
#2026 = AXIS2_PLACEMENT_3D ( 'NONE', #4260, #1589, #3838 ) ;
#2027 = EDGE_LOOP ( 'NONE', ( #604, #147, #1311, #2454 ) ) ;
#2028 = VECTOR ( 'NONE', #4149, 99.99999999999998579 ) ;
#2029 = CARTESIAN_POINT ( 'NONE',  ( -11.63382357956933255, 2.045588939707508658, 0.4984486283441197374 ) ) ;
#2030 = FACE_OUTER_BOUND ( 'NONE', #2561, .T. ) ;
#2031 = CARTESIAN_POINT ( 'NONE',  ( -12.81621404423835564, 1.596771329379853555, 1.125000000000000222 ) ) ;
#2032 = EDGE_CURVE ( 'NONE', #4655, #3134, #790, .T. ) ;
#2033 = CIRCLE ( 'NONE', #730, 0.2500000000000002220 ) ;
#2034 = CARTESIAN_POINT ( 'NONE',  ( -7.139671914843360057, -1.509953546655653067, 6.160748858883190238 ) ) ;
#2035 = CIRCLE ( 'NONE', #200, 0.1250000000000001110 ) ;
#2036 = DIRECTION ( 'NONE',  ( 0.000000000000000000, -0.000000000000000000, -1.000000000000000000 ) ) ;
#2037 = VERTEX_POINT ( 'NONE', #3278 ) ;
#2038 = AXIS2_PLACEMENT_3D ( 'NONE', #3654, #2562, #2152 ) ;
#2039 = EDGE_LOOP ( 'NONE', ( #3975, #2069 ) ) ;
#2040 = DIRECTION ( 'NONE',  ( 0.5999999999999999778, 0.000000000000000000, 0.8000000000000000444 ) ) ;
#2041 = CARTESIAN_POINT ( 'NONE',  ( -9.325107847934392069, 0.2209617277617682840, 0.7291837224784259996 ) ) ;
#2042 = EDGE_LOOP ( 'NONE', ( #4450, #3519, #4530, #1975 ) ) ;
#2043 = DIRECTION ( 'NONE',  ( 0.000000000000000000, 1.000000000000000000, 0.000000000000000000 ) ) ;
#2044 = ORIENTED_EDGE ( 'NONE', *, *, #1493, .F. ) ;
#2045 = CARTESIAN_POINT ( 'NONE',  ( -12.93564060461440057, 1.183252619953938378, 0.8449686750718619077 ) ) ;
#2046 = VERTEX_POINT ( 'NONE', #2513 ) ;
#2047 = CARTESIAN_POINT ( 'NONE',  ( -13.23745178639664744, 1.062608169872540032, 0.7123861535993831762 ) ) ;
#2048 = DIRECTION ( 'NONE',  ( 0.3493015914185388371, -0.6148076107470513696, -0.7071067811865322517 ) ) ;
#2049 = ORIENTED_EDGE ( 'NONE', *, *, #3750, .T. ) ;
#2050 = ADVANCED_FACE ( 'NONE', ( #988 ), #2841, .T. ) ;
#2051 = ORIENTED_EDGE ( 'NONE', *, *, #1984, .F. ) ;
#2052 = CARTESIAN_POINT ( 'NONE',  ( -9.387783735357132286, -5.333648675345473045, 1.125000000000000222 ) ) ;
#2053 = DIRECTION ( 'NONE',  ( 0.000000000000000000, -0.000000000000000000, -1.000000000000000000 ) ) ;
#2054 = FACE_OUTER_BOUND ( 'NONE', #2681, .T. ) ;
#2055 = EDGE_CURVE ( 'NONE', #928, #2120, #2018, .T. ) ;
#2056 = CARTESIAN_POINT ( 'NONE',  ( -11.92125642241712491, -1.254034373089666587, 0.4984486283441203480 ) ) ;
#2057 = CARTESIAN_POINT ( 'NONE',  ( -11.47502702076941361, 2.025889542166433799, 0.9225210852393165295 ) ) ;
#2058 = VERTEX_POINT ( 'NONE', #4691 ) ;
#2059 = ORIENTED_EDGE ( 'NONE', *, *, #1519, .T. ) ;
#2060 = CARTESIAN_POINT ( 'NONE',  ( -11.30500606459927049, -2.338699944103446615, 4.801098859861944845 ) ) ;
#2061 = CARTESIAN_POINT ( 'NONE',  ( -7.676993045388040393, 4.221770570108859921, 0.7123861535993827321 ) ) ;
#2062 = VERTEX_POINT ( 'NONE', #3597 ) ;
#2063 = DIRECTION ( 'NONE',  ( 0.4939870479425903516, -0.8694692613686609839, 0.000000000000000000 ) ) ;
#2064 = ORIENTED_EDGE ( 'NONE', *, *, #4637, .F. ) ;
#2065 = CARTESIAN_POINT ( 'NONE',  ( -11.61243561814753100, 2.036686439532412241, 0.4542544545199610484 ) ) ;
#2066 = CARTESIAN_POINT ( 'NONE',  ( -8.328440969306120323, -0.6416846509838977086, 4.707592483206308742 ) ) ;
#2067 = CARTESIAN_POINT ( 'NONE',  ( -9.605151050699294757, -5.457145437331123006, 1.250000000000000000 ) ) ;
#2068 = CARTESIAN_POINT ( 'NONE',  ( -13.04411535150948609, 2.250695823602320900, 0.1249999999999999445 ) ) ;
#2069 = ORIENTED_EDGE ( 'NONE', *, *, #2858, .T. ) ;
#2070 = ORIENTED_EDGE ( 'NONE', *, *, #986, .F. ) ;
#2071 = CARTESIAN_POINT ( 'NONE',  ( -9.432095448270571225, 0.3597087322755440630, 0.2850602806958026370 ) ) ;
#2072 = CARTESIAN_POINT ( 'NONE',  ( -6.435334570832361045, 2.036320807325509019, 0.8007745012477016644 ) ) ;
#2073 = CYLINDRICAL_SURFACE ( 'NONE', #4177, 0.2500000000000002220 ) ;
#2074 = ADVANCED_FACE ( 'NONE', ( #3650 ), #297, .T. ) ;
#2075 = FACE_OUTER_BOUND ( 'NONE', #119, .T. ) ;
#2076 = CARTESIAN_POINT ( 'NONE',  ( -7.563258757786581299, -3.041666666666666075, 0.1250000000000000000 ) ) ;
#2077 = EDGE_CURVE ( 'NONE', #3466, #3479, #1632, .T. ) ;
#2078 = ORIENTED_EDGE ( 'NONE', *, *, #3611, .T. ) ;
#2079 = ORIENTED_EDGE ( 'NONE', *, *, #3378, .F. ) ;
#2080 = CIRCLE ( 'NONE', #2394, 0.3175000000000011147 ) ;
#2081 = DIRECTION ( 'NONE',  ( -0.8694692613686838545, -0.4939870479425503835, 0.000000000000000000 ) ) ;
#2082 = DIRECTION ( 'NONE',  ( -1.000000000000000000, 0.000000000000000000, 0.000000000000000000 ) ) ;
#2083 = VERTEX_POINT ( 'NONE', #4339 ) ;
#2084 = VERTEX_POINT ( 'NONE', #2558 ) ;
#2085 = EDGE_CURVE ( 'NONE', #2411, #2429, #3934, .T. ) ;
#2086 = AXIS2_PLACEMENT_3D ( 'NONE', #4167, #959, #601 ) ;
#2087 = AXIS2_PLACEMENT_3D ( 'NONE', #547, #1336, #3147 ) ;
#2088 = CARTESIAN_POINT ( 'NONE',  ( -11.99579331184085618, -1.122841592910746034, 0.9257745012477016644 ) ) ;
#2089 = CARTESIAN_POINT ( 'NONE',  ( -13.04411535150948609, 2.250695823602320900, 1.125000000000000222 ) ) ;
#2090 = CIRCLE ( 'NONE', #4622, 0.1249999999999997918 ) ;
#2091 = AXIS2_PLACEMENT_3D ( 'NONE', #569, #2036, #1668 ) ;
#2092 = DIRECTION ( 'NONE',  ( 0.8694692613686836324, 0.4939870479425503280, 0.000000000000000000 ) ) ;
#2093 = CARTESIAN_POINT ( 'NONE',  ( -10.83200522101813945, -2.916666666666666075, 0.000000000000000000 ) ) ;
#2094 = ORIENTED_EDGE ( 'NONE', *, *, #856, .T. ) ;
#2095 = VECTOR ( 'NONE', #945, 100.0000000000000000 ) ;
#2096 = ORIENTED_EDGE ( 'NONE', *, *, #3077, .T. ) ;
#2097 = CARTESIAN_POINT ( 'NONE',  ( -9.433543210359575326, 0.2954351570151287909, 0.3542422585942918145 ) ) ;
#2098 = DIRECTION ( 'NONE',  ( 0.000000000000000000, 0.7546413764697674775, -0.6561374801974161342 ) ) ;
#2099 = CYLINDRICAL_SURFACE ( 'NONE', #1630, 0.2500000000000002220 ) ;
#2100 = CIRCLE ( 'NONE', #4638, 0.2500000000000002220 ) ;
#2101 = VECTOR ( 'NONE', #3271, 100.0000000000000000 ) ;
#2102 = CARTESIAN_POINT ( 'NONE',  ( -8.727499999999999147, -1.666666666666666297, 1.125000000000000222 ) ) ;
#2103 = DIRECTION ( 'NONE',  ( 1.000000000000000000, 0.000000000000000000, 0.000000000000000000 ) ) ;
#2104 = ADVANCED_FACE ( 'NONE', ( #3258 ), #634, .F. ) ;
#2105 = CARTESIAN_POINT ( 'NONE',  ( -11.87174743525724097, 2.026843821283004665, 0.1250000000000000000 ) ) ;
#2106 = EDGE_LOOP ( 'NONE', ( #508, #3272, #2796, #70 ) ) ;
#2107 = VECTOR ( 'NONE', #130, 100.0000000000000000 ) ;
#2108 = EDGE_LOOP ( 'NONE', ( #903, #3458, #2608, #592 ) ) ;
#2109 = AXIS2_PLACEMENT_3D ( 'NONE', #2480, #4736, #2123 ) ;
#2110 = DIRECTION ( 'NONE',  ( -0.8000000000000001554, 0.000000000000000000, 0.5999999999999998668 ) ) ;
#2111 = EDGE_CURVE ( 'NONE', #2361, #688, #3874, .T. ) ;
#2112 = AXIS2_PLACEMENT_3D ( 'NONE', #2596, #408, #1806 ) ;
#2113 = DIRECTION ( 'NONE',  ( -0.9341530342453954194, -0.3568726784304464550, -0.000000000000000000 ) ) ;
#2114 = ORIENTED_EDGE ( 'NONE', *, *, #3461, .F. ) ;
#2115 = ORIENTED_EDGE ( 'NONE', *, *, #3230, .F. ) ;
#2116 = DIRECTION ( 'NONE',  ( 0.8694692613686838545, 0.4939870479425503835, -7.275625500845606557E-17 ) ) ;
#2117 = DIRECTION ( 'NONE',  ( 0.6320307779411513671, 0.7749432854958503425, 0.000000000000000000 ) ) ;
#2118 = DIRECTION ( 'NONE',  ( 0.000000000000000000, 0.7546413764697762483, 0.6561374801974061421 ) ) ;
#2119 = FACE_OUTER_BOUND ( 'NONE', #4626, .T. ) ;
#2120 = VERTEX_POINT ( 'NONE', #2201 ) ;
#2121 = VERTEX_POINT ( 'NONE', #1355 ) ;
#2122 = CARTESIAN_POINT ( 'NONE',  ( -7.488258757786579345, -0.5416666666666667407, 1.224999999999999867 ) ) ;
#2123 = DIRECTION ( 'NONE',  ( 1.000000000000000000, 0.000000000000000000, 0.000000000000000000 ) ) ;
#2124 = DIRECTION ( 'NONE',  ( 1.000000000000000000, 0.000000000000000000, 0.000000000000000000 ) ) ;
#2125 = CARTESIAN_POINT ( 'NONE',  ( 0.000000000000000000, -2.916666666666666075, 0.1250000000000000000 ) ) ;
#2126 = DIRECTION ( 'NONE',  ( 1.000000000000000000, 0.000000000000000000, 0.000000000000000000 ) ) ;
#2127 =( BOUNDED_SURFACE ( )  B_SPLINE_SURFACE ( 3, 2, ( 
 ( #4396, #4048, #765 ),
 ( #2572, #24, #3704 ),
 ( #3681, #1484, #745 ),
 ( #377, #1844, #3312 ),
 ( #4428, #1125, #1874 ),
 ( #789, #2679, #4158 ) ),
 .UNSPECIFIED., .F., .F., .F. ) 
 B_SPLINE_SURFACE_WITH_KNOTS ( ( 4, 2, 4 ),
 ( 3, 3 ),
 ( 4.712388980384689674, 5.105088062083414258, 5.497787143782137953 ),
 ( 0.000000000000000000, 1.000000000000000000 ),
 .UNSPECIFIED. ) 
 GEOMETRIC_REPRESENTATION_ITEM ( )  RATIONAL_B_SPLINE_SURFACE ( (
 ( 1.000000000000000000, 0.7071067811865425767, 1.000000000000000000),
 ( 1.000000000000000000, 0.6903822020977148366, 1.000000000000000000),
 ( 1.000000000000000000, 0.6730205998663431055, 1.000000000000000000),
 ( 1.000000000000000000, 0.6397105131296969560, 1.000000000000000000),
 ( 1.000000000000000000, 0.6237695402395314614, 1.000000000000000000),
 ( 1.000000000000000000, 0.6100525906592618730, 1.000000000000000000) ) ) 
 REPRESENTATION_ITEM ( '' )  SURFACE ( )  );
#2128 = CARTESIAN_POINT ( 'NONE',  ( -7.563258757786579523, -0.4166666666666665741, 1.125000000000000222 ) ) ;
#2129 = ORIENTED_EDGE ( 'NONE', *, *, #1075, .T. ) ;
#2130 = EDGE_LOOP ( 'NONE', ( #1028, #2762, #4349, #4291, #2256 ) ) ;
#2131 = FACE_OUTER_BOUND ( 'NONE', #3028, .T. ) ;
#2132 = EDGE_CURVE ( 'NONE', #1222, #2121, #2821, .T. ) ;
#2133 = ORIENTED_EDGE ( 'NONE', *, *, #3799, .F. ) ;
#2134 = VERTEX_POINT ( 'NONE', #10 ) ;
#2135 = DIRECTION ( 'NONE',  ( 0.9937020812271841752, -0.1120543339847362985, 0.000000000000000000 ) ) ;
#2136 = ADVANCED_FACE ( 'NONE', ( #2247 ), #112, .T. ) ;
#2137 = DIRECTION ( 'NONE',  ( 0.4939870479425925165, -0.8694692613686599847, -1.206630991469143651E-15 ) ) ;
#2138 = DIRECTION ( 'NONE',  ( -0.000000000000000000, 0.000000000000000000, -1.000000000000000000 ) ) ;
#2139 = ORIENTED_EDGE ( 'NONE', *, *, #1276, .T. ) ;
#2140 = EDGE_CURVE ( 'NONE', #3853, #2590, #458, .T. ) ;
#2141 = CARTESIAN_POINT ( 'NONE',  ( -7.676993045388040393, 4.221770570108859921, 0.7123861535993827321 ) ) ;
#2142 = ORIENTED_EDGE ( 'NONE', *, *, #4075, .F. ) ;
#2143 = LINE ( 'NONE', #4377, #245 ) ;
#2144 = CARTESIAN_POINT ( 'NONE',  ( -11.68042146873582432, -1.045321591772079950, 0.7123861535993826211 ) ) ;
#2145 = CYLINDRICAL_SURFACE ( 'NONE', #475, 0.1250000000000000000 ) ;
#2146 = EDGE_CURVE ( 'NONE', #4566, #2025, #3722, .T. ) ;
#2147 = LINE ( 'NONE', #709, #4403 ) ;
#2148 = FACE_OUTER_BOUND ( 'NONE', #4240, .T. ) ;
#2149 = DIRECTION ( 'NONE',  ( 0.000000000000000000, 0.7546413764697674775, -0.6561374801974161342 ) ) ;
#2150 = ADVANCED_FACE ( 'NONE', ( #803, #1117 ), #2223, .T. ) ;
#2151 = ORIENTED_EDGE ( 'NONE', *, *, #4, .F. ) ;
#2152 = DIRECTION ( 'NONE',  ( -0.7690358092104163656, 0.000000000000000000, -0.6392056978407499868 ) ) ;
#2153 = ORIENTED_EDGE ( 'NONE', *, *, #55, .T. ) ;
#2154 =( BOUNDED_CURVE ( )  B_SPLINE_CURVE ( 3, ( #1822, #1172, #4121, #3289 ),
 .UNSPECIFIED., .F., .F. ) 
 B_SPLINE_CURVE_WITH_KNOTS ( ( 4, 4 ),
 ( 0.7853981633974633780, 1.570796326794885234 ),
 .UNSPECIFIED. ) 
 CURVE ( )  GEOMETRIC_REPRESENTATION_ITEM ( )  RATIONAL_B_SPLINE_CURVE ( ( 1.000000000000000000, 0.9492530216741945637, 0.9492530216741945637, 1.000000000000000000 ) ) 
 REPRESENTATION_ITEM ( '' )  );
#2155 = CARTESIAN_POINT ( 'NONE',  ( -12.93519465027653048, 1.304023203997309865, 0.7297573604738636366 ) ) ;
#2156 = DIRECTION ( 'NONE',  ( 0.5999999999999999778, 0.000000000000000000, 0.8000000000000000444 ) ) ;
#2157 = AXIS2_PLACEMENT_3D ( 'NONE', #360, #2214, #1458 ) ;
#2158 = ORIENTED_EDGE ( 'NONE', *, *, #1430, .F. ) ;
#2159 = VERTEX_POINT ( 'NONE', #1158 ) ;
#2160 = VECTOR ( 'NONE', #2945, 100.0000000000000142 ) ;
#2161 = ORIENTED_EDGE ( 'NONE', *, *, #4513, .F. ) ;
#2162 = DIRECTION ( 'NONE',  ( 0.000000000000000000, 0.000000000000000000, -1.000000000000000000 ) ) ;
#2163 = CARTESIAN_POINT ( 'NONE',  ( -7.488258757786581121, -2.916666666666666075, 0.02499999999999950873 ) ) ;
#2164 = VERTEX_POINT ( 'NONE', #1569 ) ;
#2165 = CIRCLE ( 'NONE', #1616, 0.3750000000000003331 ) ;
#2166 = AXIS2_PLACEMENT_3D ( 'NONE', #1414, #1057, #1946 ) ;
#2167 = VECTOR ( 'NONE', #2231, 100.0000000000000142 ) ;
#2168 = CARTESIAN_POINT ( 'NONE',  ( -9.419962265355870557, 0.2897822402703050249, 0.8449686750718606865 ) ) ;
#2169 = ORIENTED_EDGE ( 'NONE', *, *, #2288, .F. ) ;
#2170 = FACE_OUTER_BOUND ( 'NONE', #3922, .T. ) ;
#2171 = FACE_OUTER_BOUND ( 'NONE', #1868, .T. ) ;
#2172 = CARTESIAN_POINT ( 'NONE',  ( -13.01885275699648048, 1.057415449457807854, 0.1249999999999999445 ) ) ;
#2173 = VECTOR ( 'NONE', #2399, 100.0000000000000142 ) ;
#2174 = AXIS2_PLACEMENT_3D ( 'NONE', #49, #2607, #3017 ) ;
#2175 = EDGE_CURVE ( 'NONE', #3526, #193, #4148, .T. ) ;
#2176 = CIRCLE ( 'NONE', #2477, 0.1249999999999997918 ) ;
#2177 = CIRCLE ( 'NONE', #3174, 0.06250000000000005551 ) ;
#2178 = DIRECTION ( 'NONE',  ( 0.000000000000000000, 0.000000000000000000, -1.000000000000000000 ) ) ;
#2179 = CARTESIAN_POINT ( 'NONE',  ( -10.11501717385964128, 0.5940840122429773551, 0.1250000000000000000 ) ) ;
#2180 = CARTESIAN_POINT ( 'NONE',  ( -9.287897071309863861, 0.2421029486342153314, 0.4984486283441204035 ) ) ;
#2181 = EDGE_LOOP ( 'NONE', ( #4695, #4464, #2158, #1921 ) ) ;
#2182 = CIRCLE ( 'NONE', #2867, 0.1250000000000004718 ) ;
#2183 = DIRECTION ( 'NONE',  ( 0.000000000000000000, 0.000000000000000000, -1.000000000000000000 ) ) ;
#2184 = AXIS2_PLACEMENT_3D ( 'NONE', #1521, #438, #3768 ) ;
#2185 = CARTESIAN_POINT ( 'NONE',  ( -7.521592091119913448, -3.041666666666666075, 1.734723475976807094E-16 ) ) ;
#2186 = EDGE_LOOP ( 'NONE', ( #670, #2899, #4190, #14 ) ) ;
#2187 = EDGE_LOOP ( 'NONE', ( #1221, #1055, #77, #301 ) ) ;
#2188 = AXIS2_PLACEMENT_3D ( 'NONE', #4286, #2390, #3864 ) ;
#2189 = CARTESIAN_POINT ( 'NONE',  ( -10.19402102110228547, 0.4972161015559958819, 1.250000000000000000 ) ) ;
#2190 = CARTESIAN_POINT ( 'NONE',  ( -10.35202871558757209, 0.3034802801820321583, 1.250000000000000000 ) ) ;
#2191 = EDGE_CURVE ( 'NONE', #928, #3940, #3862, .T. ) ;
#2192 = CARTESIAN_POINT ( 'NONE',  ( -13.04411535150948609, 2.250695823602320900, 0.1249999999999999445 ) ) ;
#2193 = ORIENTED_EDGE ( 'NONE', *, *, #4142, .T. ) ;
#2194 = AXIS2_PLACEMENT_3D ( 'NONE', #1848, #4004, #679 ) ;
#2195 = CARTESIAN_POINT ( 'NONE',  ( -10.14867530369874338, -0.1242344692354277885, 0.3658661068716437259 ) ) ;
#2196 = ORIENTED_EDGE ( 'NONE', *, *, #4057, .F. ) ;
#2197 = DIRECTION ( 'NONE',  ( 1.224646799147353207E-16, 1.000000000000000000, 0.000000000000000000 ) ) ;
#2198 = DIRECTION ( 'NONE',  ( 0.4939870479425472749, -0.8694692613686855198, 0.000000000000000000 ) ) ;
#2199 = EDGE_CURVE ( 'NONE', #2936, #4655, #387, .T. ) ;
#2200 = EDGE_CURVE ( 'NONE', #585, #2472, #4092, .T. ) ;
#2201 = CARTESIAN_POINT ( 'NONE',  ( -7.563258757786581299, -2.916666666666666075, 0.000000000000000000 ) ) ;
#2202 = CARTESIAN_POINT ( 'NONE',  ( -10.94068887868922246, -2.853415047659490611, 0.1250000000000000000 ) ) ;
#2203 = ORIENTED_EDGE ( 'NONE', *, *, #1483, .T. ) ;
#2204 = CYLINDRICAL_SURFACE ( 'NONE', #2846, 0.1250000000000001388 ) ;
#2205 = EDGE_CURVE ( 'NONE', #1262, #1814, #2612, .T. ) ;
#2206 = EDGE_CURVE ( 'NONE', #3600, #2904, #4059, .T. ) ;
#2207 = DIRECTION ( 'NONE',  ( 1.000000000000000000, 0.000000000000000000, 0.000000000000000000 ) ) ;
#2208 = CARTESIAN_POINT ( 'NONE',  ( -12.32781199209625278, 1.856721525845074217, 1.125000000000000222 ) ) ;
#2209 = VERTEX_POINT ( 'NONE', #1498 ) ;
#2210 = ORIENTED_EDGE ( 'NONE', *, *, #149, .T. ) ;
#2211 = ADVANCED_FACE ( 'NONE', ( #824 ), #2967, .T. ) ;
#2212 = DIRECTION ( 'NONE',  ( -0.7749432854958506756, 0.6320307779411509230, 0.000000000000000000 ) ) ;
#2213 = FACE_OUTER_BOUND ( 'NONE', #2187, .T. ) ;
#2214 = DIRECTION ( 'NONE',  ( 0.8694692613686837435, 0.4939870479425503280, -1.743152798421046211E-32 ) ) ;
#2215 = VERTEX_POINT ( 'NONE', #4437 ) ;
#2216 = EDGE_CURVE ( 'NONE', #2509, #3003, #88, .T. ) ;
#2217 = EDGE_CURVE ( 'NONE', #503, #1748, #2773, .T. ) ;
#2218 = DIRECTION ( 'NONE',  ( 1.000000000000000000, 5.290906601729256905E-15, 0.000000000000000000 ) ) ;
#2219 = ORIENTED_EDGE ( 'NONE', *, *, #379, .F. ) ;
#2220 = CARTESIAN_POINT ( 'NONE',  ( -9.339016429143230269, 0.2237641705739696896, 0.7475817981020780323 ) ) ;
#2221 = CARTESIAN_POINT ( 'NONE',  ( -7.563258757786579523, -3.041666666666666075, 0.1249999999999984179 ) ) ;
#2222 = FACE_OUTER_BOUND ( 'NONE', #2342, .T. ) ;
#2223 = PLANE ( 'NONE',  #2313 ) ;
#2224 = LINE ( 'NONE', #388, #36 ) ;
#2225 = FACE_OUTER_BOUND ( 'NONE', #3294, .T. ) ;
#2226 = ORIENTED_EDGE ( 'NONE', *, *, #2638, .F. ) ;
#2227 = CARTESIAN_POINT ( 'NONE',  ( -13.29920016738946842, 1.171291827543625041, 0.7123861535993831762 ) ) ;
#2228 = EDGE_CURVE ( 'NONE', #3425, #4703, #2624, .T. ) ;
#2229 = ADVANCED_FACE ( 'NONE', ( #2271 ), #1541, .T. ) ;
#2230 = DIRECTION ( 'NONE',  ( -0.000000000000000000, 0.000000000000000000, 1.000000000000000000 ) ) ;
#2231 = DIRECTION ( 'NONE',  ( 0.4939870479425930716, -0.8694692613686594296, 1.400702817444028196E-16 ) ) ;
#2232 = VERTEX_POINT ( 'NONE', #3398 ) ;
#2233 = VERTEX_POINT ( 'NONE', #515 ) ;
#2234 = FACE_OUTER_BOUND ( 'NONE', #2264, .T. ) ;
#2235 = FACE_OUTER_BOUND ( 'NONE', #4051, .T. ) ;
#2236 = EDGE_CURVE ( 'NONE', #690, #4592, #4689, .T. ) ;
#2237 = DIRECTION ( 'NONE',  ( 1.000000000000000000, 0.000000000000000000, 0.000000000000000000 ) ) ;
#2238 = VERTEX_POINT ( 'NONE', #3060 ) ;
#2239 = VECTOR ( 'NONE', #4189, 100.0000000000000000 ) ;
#2240 = CARTESIAN_POINT ( 'NONE',  ( -8.391147595693485783, -0.1666666666666670460, 0.1250000000000001110 ) ) ;
#2241 = VERTEX_POINT ( 'NONE', #2727 ) ;
#2242 = AXIS2_PLACEMENT_3D ( 'NONE', #4572, #2749, #3136 ) ;
#2243 = CARTESIAN_POINT ( 'NONE',  ( -11.62519584644442006, 2.148364723886541761, 0.7123861535993830651 ) ) ;
#2244 = DIRECTION ( 'NONE',  ( 0.7690358092104137011, 0.000000000000000000, 0.6392056978407532064 ) ) ;
#2245 = AXIS2_PLACEMENT_3D ( 'NONE', #2474, #1823, #359 ) ;
#2246 = AXIS2_PLACEMENT_3D ( 'NONE', #2378, #3510, #2467 ) ;
#2247 = FACE_OUTER_BOUND ( 'NONE', #4116, .T. ) ;
#2248 = DIRECTION ( 'NONE',  ( 1.000000000000000000, 0.000000000000000000, 0.000000000000000000 ) ) ;
#2249 = VECTOR ( 'NONE', #2656, 100.0000000000000000 ) ;
#2250 = DIRECTION ( 'NONE',  ( 0.000000000000000000, -1.000000000000000000, 0.000000000000000000 ) ) ;
#2251 = TOROIDAL_SURFACE ( 'NONE', #2707, 0.1250000000000000000, 0.06250000000000000000 ) ;
#2252 = AXIS2_PLACEMENT_3D ( 'NONE', #1205, #4150, #846 ) ;
#2253 = ADVANCED_FACE ( 'NONE', ( #1277 ), #4544, .T. ) ;
#2254 = CARTESIAN_POINT ( 'NONE',  ( -12.00647244174907868, -1.230566734750537794, 0.3216719330474831495 ) ) ;
#2255 = DIRECTION ( 'NONE',  ( -1.000000000000000000, 0.000000000000000000, 0.000000000000000000 ) ) ;
#2256 = ORIENTED_EDGE ( 'NONE', *, *, #4338, .T. ) ;
#2257 = ORIENTED_EDGE ( 'NONE', *, *, #1604, .F. ) ;
#2258 = VECTOR ( 'NONE', #3109, 100.0000000000000000 ) ;
#2259 = EDGE_CURVE ( 'NONE', #3438, #1262, #3889, .T. ) ;
#2260 = CIRCLE ( 'NONE', #2566, 0.1250000000000001110 ) ;
#2261 = CARTESIAN_POINT ( 'NONE',  ( -10.94068887868922246, -2.853415047659490611, 1.125000000000000222 ) ) ;
#2262 = CARTESIAN_POINT ( 'NONE',  ( -12.94280178398323145, 1.256070048315656162, 0.7781186295632362970 ) ) ;
#2263 = DIRECTION ( 'NONE',  ( -0.5999999999999999778, 0.000000000000000000, 0.8000000000000000444 ) ) ;
#2264 = EDGE_LOOP ( 'NONE', ( #2648, #3839, #2516, #4554 ) ) ;
#2265 = AXIS2_PLACEMENT_3D ( 'NONE', #1681, #3185, #4648 ) ;
#2266 = ADVANCED_FACE ( 'NONE', ( #4201 ), #3634, .T. ) ;
#2267 = LINE ( 'NONE', #150, #1497 ) ;
#2268 = ORIENTED_EDGE ( 'NONE', *, *, #1651, .F. ) ;
#2269 = LINE ( 'NONE', #78, #807 ) ;
#2270 = CARTESIAN_POINT ( 'NONE',  ( -13.25928313586030249, 1.101033645544231110, 0.7565803274235427534 ) ) ;
#2271 = FACE_OUTER_BOUND ( 'NONE', #2807, .T. ) ;
#2272 = DIRECTION ( 'NONE',  ( -0.000000000000000000, 0.000000000000000000, 1.000000000000000000 ) ) ;
#2273 = CARTESIAN_POINT ( 'NONE',  ( -9.254731733816660366, 0.2150538542697161548, 0.4984486283441203480 ) ) ;
#2274 = DIRECTION ( 'NONE',  ( 0.4939870479425930716, -0.8694692613686594296, -0.000000000000000000 ) ) ;
#2275 = CARTESIAN_POINT ( 'NONE',  ( -11.89513237658203160, 1.876072898184029336, 0.4542544545199610484 ) ) ;
#2276 = CARTESIAN_POINT ( 'NONE',  ( -12.69280178398323145, 1.242660592436279243, 1.250000000000000000 ) ) ;
#2277 = ORIENTED_EDGE ( 'NONE', *, *, #4586, .F. ) ;
#2278 = ORIENTED_EDGE ( 'NONE', *, *, #3807, .F. ) ;
#2279 = ADVANCED_FACE ( 'NONE', ( #4241 ), #1957, .T. ) ;
#2280 = CARTESIAN_POINT ( 'NONE',  ( -12.69280178398323145, 1.242660592436279243, 0.1249999999999999445 ) ) ;
#2281 = CARTESIAN_POINT ( 'NONE',  ( -4.917043905164746320, -3.403342827513964330, 0.9257745012477016644 ) ) ;
#2282 = DIRECTION ( 'NONE',  ( -0.000000000000000000, -0.000000000000000000, -1.000000000000000000 ) ) ;
#2283 = CARTESIAN_POINT ( 'NONE',  ( -11.99579331184085440, -1.122841592910746922, 0.8007745012477016644 ) ) ;
#2284 = EDGE_LOOP ( 'NONE', ( #2961, #3203, #1331, #269 ) ) ;
#2285 = ADVANCED_FACE ( 'NONE', ( #2416 ), #157, .T. ) ;
#2286 = CARTESIAN_POINT ( 'NONE',  ( -11.59476504398986663, 2.123545870547592695, 0.4100602806958014157 ) ) ;
#2287 = ORIENTED_EDGE ( 'NONE', *, *, #2986, .F. ) ;
#2288 = EDGE_CURVE ( 'NONE', #430, #1564, #2618, .T. ) ;
#2289 = DIRECTION ( 'NONE',  ( 0.4939870479425903516, -0.8694692613686609839, 0.000000000000000000 ) ) ;
#2290 = CARTESIAN_POINT ( 'NONE',  ( -7.488258757786581121, -3.041666666666666075, 0.02499999999999950873 ) ) ;
#2291 = CARTESIAN_POINT ( 'NONE',  ( -7.655161695924384446, 4.183345094437168399, 0.8449686750718610195 ) ) ;
#2292 = LINE ( 'NONE', #3356, #2028 ) ;
#2293 = LINE ( 'NONE', #2969, #4473 ) ;
#2294 = EDGE_CURVE ( 'NONE', #1107, #2037, #1680, .T. ) ;
#2295 = EDGE_CURVE ( 'NONE', #1661, #2569, #684, .T. ) ;
#2296 = CARTESIAN_POINT ( 'NONE',  ( -12.91016909932539747, 1.119163830450632169, 1.250000000000000000 ) ) ;
#2297 = DIRECTION ( 'NONE',  ( 0.6320307779411598048, 0.7749432854958436812, 0.000000000000000000 ) ) ;
#2298 = ORIENTED_EDGE ( 'NONE', *, *, #4435, .T. ) ;
#2299 = ORIENTED_EDGE ( 'NONE', *, *, #303, .F. ) ;
#2300 = CARTESIAN_POINT ( 'NONE',  ( -9.265806981364296036, 0.2240866408677001653, 0.7774876080232201447 ) ) ;
#2301 = DIRECTION ( 'NONE',  ( -0.5668062099020123590, 0.4622776614639915183, -0.6819311432453420974 ) ) ;
#2302 = CARTESIAN_POINT ( 'NONE',  ( -11.62519584644442006, 2.148364723886541761, 0.7459812913574692672 ) ) ;
#2303 = FACE_OUTER_BOUND ( 'NONE', #4295, .T. ) ;
#2304 = FACE_OUTER_BOUND ( 'NONE', #238, .T. ) ;
#2305 = ORIENTED_EDGE ( 'NONE', *, *, #1689, .F. ) ;
#2306 = CARTESIAN_POINT ( 'NONE',  ( -11.66469777006574127, 2.099930768543051052, 0.7123861535993830651 ) ) ;
#2307 = EDGE_LOOP ( 'NONE', ( #4162, #258, #3171, #621 ) ) ;
#2308 =( BOUNDED_CURVE ( )  B_SPLINE_CURVE ( 3, ( #4019, #718, #1098, #4676 ),
 .UNSPECIFIED., .F., .F. ) 
 B_SPLINE_CURVE_WITH_KNOTS ( ( 4, 4 ),
 ( 1.054126904675312781, 1.294054081549508961 ),
 .UNSPECIFIED. ) 
 CURVE ( )  GEOMETRIC_REPRESENTATION_ITEM ( )  RATIONAL_B_SPLINE_CURVE ( ( 1.000000000000000000, 0.9952086627361982352, 0.9952086627361982352, 1.000000000000000000 ) ) 
 REPRESENTATION_ITEM ( '' )  );
#2309 = DIRECTION ( 'NONE',  ( -0.4939870479425472749, 0.8694692613686855198, 0.000000000000000000 ) ) ;
#2310 = CARTESIAN_POINT ( 'NONE',  ( -12.00647244174907868, -1.230566734750538682, 0.4984486283441203480 ) ) ;
#2311 = VERTEX_POINT ( 'NONE', #2344 ) ;
#2312 = AXIS2_PLACEMENT_3D ( 'NONE', #2665, #955, #1094 ) ;
#2313 = AXIS2_PLACEMENT_3D ( 'NONE', #1182, #2985, #2314 ) ;
#2314 = DIRECTION ( 'NONE',  ( -0.7749432854958506756, 0.6320307779411509230, 0.000000000000000000 ) ) ;
#2315 = CARTESIAN_POINT ( 'NONE',  ( -10.83200522101813945, -2.791666666666666075, 1.250000000000000000 ) ) ;
#2316 = CARTESIAN_POINT ( 'NONE',  ( -10.83200522101813945, -3.041666666666666075, 1.125000000000000222 ) ) ;
#2317 = AXIS2_PLACEMENT_3D ( 'NONE', #3953, #3562, #2118 ) ;
#2318 = AXIS2_PLACEMENT_3D ( 'NONE', #3877, #1362, #4230 ) ;
#2319 = VECTOR ( 'NONE', #3146, 100.0000000000000000 ) ;
#2320 = CARTESIAN_POINT ( 'NONE',  ( -13.04411535150948609, 2.250695823602320900, 1.250000000000000000 ) ) ;
#2321 = CARTESIAN_POINT ( 'NONE',  ( -7.146592091119913448, -0.4166666666666665741, 0.4375000000000000555 ) ) ;
#2322 = ORIENTED_EDGE ( 'NONE', *, *, #1375, .T. ) ;
#2323 = ORIENTED_EDGE ( 'NONE', *, *, #2788, .F. ) ;
#2324 = DIRECTION ( 'NONE',  ( -1.110223024625156540E-14, 0.000000000000000000, 1.000000000000000000 ) ) ;
#2325 = CARTESIAN_POINT ( 'NONE',  ( -7.179173838464682156, -1.558387501999143332, 6.160748858883192014 ) ) ;
#2326 = AXIS2_PLACEMENT_3D ( 'NONE', #1934, #2230, #3336 ) ;
#2327 = CIRCLE ( 'NONE', #2557, 0.06250000000000006939 ) ;
#2328 = ORIENTED_EDGE ( 'NONE', *, *, #3112, .F. ) ;
#2329 = LINE ( 'NONE', #2403, #1764 ) ;
#2330 = ORIENTED_EDGE ( 'NONE', *, *, #1133, .F. ) ;
#2331 = AXIS2_PLACEMENT_3D ( 'NONE', #673, #3662, #4466 ) ;
#2332 = CIRCLE ( 'NONE', #1482, 0.2500000000000002220 ) ;
#2333 = SURFACE_STYLE_USAGE ( .BOTH. , #820 ) ;
#2334 = ORIENTED_EDGE ( 'NONE', *, *, #933, .T. ) ;
#2335 = DIRECTION ( 'NONE',  ( -0.000000000000000000, 0.000000000000000000, 1.000000000000000000 ) ) ;
#2336 = AXIS2_PLACEMENT_3D ( 'NONE', #4414, #298, #4340 ) ;
#2337 = DIRECTION ( 'NONE',  ( 0.000000000000000000, -0.000000000000000000, -1.000000000000000000 ) ) ;
#2338 = ORIENTED_EDGE ( 'NONE', *, *, #4683, .T. ) ;
#2339 = VECTOR ( 'NONE', #3595, 100.0000000000000000 ) ;
#2340 =( BOUNDED_CURVE ( )  B_SPLINE_CURVE ( 3, ( #3904, #178, #4218, #2766 ),
 .UNSPECIFIED., .F., .F. ) 
 B_SPLINE_CURVE_WITH_KNOTS ( ( 4, 4 ),
 ( 0.7853981633974358445, 1.570796326794878128 ),
 .UNSPECIFIED. ) 
 CURVE ( )  GEOMETRIC_REPRESENTATION_ITEM ( )  RATIONAL_B_SPLINE_CURVE ( ( 1.000000000000000000, 0.9492530216741918991, 0.9492530216741918991, 1.000000000000000000 ) ) 
 REPRESENTATION_ITEM ( '' )  );
#2341 = VECTOR ( 'NONE', #3751, 100.0000000000000000 ) ;
#2342 = EDGE_LOOP ( 'NONE', ( #2373, #3860, #3382, #2367, #2909 ) ) ;
#2343 = EDGE_CURVE ( 'NONE', #503, #1609, #3792, .T. ) ;
#2344 = CARTESIAN_POINT ( 'NONE',  ( -9.254731733816658590, 0.2150538542697161826, 0.7123861535993827321 ) ) ;
#2345 = CARTESIAN_POINT ( 'NONE',  ( -12.05013514067639413, -1.153715783407159412, 0.2850602806958026370 ) ) ;
#2346 = DIRECTION ( 'NONE',  ( 0.000000000000000000, 1.000000000000000000, 0.000000000000000000 ) ) ;
#2347 = EDGE_CURVE ( 'NONE', #4486, #1440, #3469, .T. ) ;
#2348 = DIRECTION ( 'NONE',  ( 0.8694692613686595406, 0.4939870479425931826, -0.000000000000000000 ) ) ;
#2349 = TOROIDAL_SURFACE ( 'NONE', #884, 0.3750000000000000000, 0.1250000000000000000 ) ;
#2350 = CARTESIAN_POINT ( 'NONE',  ( -9.977028715587572094, 0.3034802801820321583, 1.125000000000000222 ) ) ;
#2351 = EDGE_CURVE ( 'NONE', #3446, #512, #2143, .T. ) ;
#2352 = ORIENTED_EDGE ( 'NONE', *, *, #1079, .F. ) ;
#2353 = VERTEX_POINT ( 'NONE', #3252 ) ;
#2354 = DIRECTION ( 'NONE',  ( 1.000000000000000000, 0.000000000000000000, 0.000000000000000000 ) ) ;
#2355 = CARTESIAN_POINT ( 'NONE',  ( -13.23745178639664211, 1.015443083843182270, 0.3626805255598226085 ) ) ;
#2356 = ORIENTED_EDGE ( 'NONE', *, *, #3868, .T. ) ;
#2357 = CARTESIAN_POINT ( 'NONE',  ( -11.90417521761478525, 1.891989251347880874, 0.7291837224784263327 ) ) ;
#2358 = ORIENTED_EDGE ( 'NONE', *, *, #4740, .T. ) ;
#2359 = ADVANCED_FACE ( 'NONE', ( #983 ), #1808, .F. ) ;
#2360 =( LENGTH_UNIT ( ) NAMED_UNIT ( * ) SI_UNIT ( .CENTI., .METRE. ) );
#2361 = VERTEX_POINT ( 'NONE', #2437 ) ;
#2362 = EDGE_CURVE ( 'NONE', #430, #4684, #3909, .T. ) ;
#2363 = CARTESIAN_POINT ( 'NONE',  ( -10.19402102110228547, 0.4972161015559958819, 0.3475602806958025814 ) ) ;
#2364 = DIRECTION ( 'NONE',  ( -0.7749432854958504535, 0.6320307779411514781, 0.000000000000000000 ) ) ;
#2365 = ORIENTED_EDGE ( 'NONE', *, *, #1438, .T. ) ;
#2366 = EDGE_CURVE ( 'NONE', #2777, #881, #1816, .T. ) ;
#2367 = ORIENTED_EDGE ( 'NONE', *, *, #148, .T. ) ;
#2368 = CARTESIAN_POINT ( 'NONE',  ( -10.16256930106133005, -0.2474469645026724784, 0.7447026525617226334 ) ) ;
#2369 = DIRECTION ( 'NONE',  ( 0.3493015914185310655, -0.6148076107470364926, 0.7071067811865489050 ) ) ;
#2370 = CARTESIAN_POINT ( 'NONE',  ( -3.990350480855739956, -2.267108846598103966, 0.8632745012477016644 ) ) ;
#2371 = LINE ( 'NONE', #1811, #403 ) ;
#2372 = FACE_OUTER_BOUND ( 'NONE', #1383, .T. ) ;
#2373 = ORIENTED_EDGE ( 'NONE', *, *, #2199, .T. ) ;
#2374 = ORIENTED_EDGE ( 'NONE', *, *, #66, .T. ) ;
#2375 = EDGE_CURVE ( 'NONE', #2992, #2502, #3782, .T. ) ;
#2376 = ADVANCED_FACE ( 'NONE', ( #2170 ), #4358, .F. ) ;
#2377 = CARTESIAN_POINT ( 'NONE',  ( -11.62044749077096917, -1.150882113125067274, 1.125000000000000222 ) ) ;
#2378 = CARTESIAN_POINT ( 'NONE',  ( -6.360797681408639548, 1.905128027146585357, 1.226479224199663244E-15 ) ) ;
#2379 = EDGE_LOOP ( 'NONE', ( #1679, #2660, #89, #279, #2736, #3072, #334, #3605, #914, #3226, #4392, #2981, #4296, #1009 ) ) ;
#2380 = FACE_OUTER_BOUND ( 'NONE', #2634, .T. ) ;
#2381 = EDGE_LOOP ( 'NONE', ( #1322, #2597, #2139, #4405 ) ) ;
#2382 = ADVANCED_FACE ( 'NONE', ( #4305 ), #2912, .T. ) ;
#2383 = ORIENTED_EDGE ( 'NONE', *, *, #3741, .F. ) ;
#2384 = FACE_OUTER_BOUND ( 'NONE', #1404, .T. ) ;
#2385 = CARTESIAN_POINT ( 'NONE',  ( -8.092499999999999361, -1.666666666666666297, 1.250000000000000000 ) ) ;
#2386 = ORIENTED_EDGE ( 'NONE', *, *, #506, .F. ) ;
#2387 = ADVANCED_FACE ( 'NONE', ( #605 ), #1169, .T. ) ;
#2388 = ORIENTED_EDGE ( 'NONE', *, *, #3209, .F. ) ;
#2389 = CARTESIAN_POINT ( 'NONE',  ( -11.62249167836219144, 2.146159249642578537, 0.4657301412214826519 ) ) ;
#2390 = DIRECTION ( 'NONE',  ( 0.000000000000000000, -0.000000000000000000, -1.000000000000000000 ) ) ;
#2391 = PLANE ( 'NONE',  #3560 ) ;
#2392 = CIRCLE ( 'NONE', #3383, 0.2500000000000002220 ) ;
#2393 = CARTESIAN_POINT ( 'NONE',  ( -11.61208259875799520, 2.137669778473495708, 0.7753385245680184390 ) ) ;
#2394 = AXIS2_PLACEMENT_3D ( 'NONE', #3540, #1010, #659 ) ;
#2395 = ORIENTED_EDGE ( 'NONE', *, *, #4205, .T. ) ;
#2396 = ORIENTED_EDGE ( 'NONE', *, *, #3434, .T. ) ;
#2397 = CIRCLE ( 'NONE', #2928, 0.1250000000000001110 ) ;
#2398 = AXIS2_PLACEMENT_3D ( 'NONE', #2185, #3994, #2567 ) ;
#2399 = DIRECTION ( 'NONE',  ( -0.4939870479425930716, 0.8694692613686594296, -1.400702817444028196E-16 ) ) ;
#2400 = CYLINDRICAL_SURFACE ( 'NONE', #2010, 0.06249999999999979877 ) ;
#2401 = ORIENTED_EDGE ( 'NONE', *, *, #1397, .T. ) ;
#2402 = TOROIDAL_SURFACE ( 'NONE', #4472, 0.6924999999999997824, 0.1250000000000000000 ) ;
#2403 = CARTESIAN_POINT ( 'NONE',  ( -10.37232426220612957, -0.9012297650207119482, 0.000000000000000000 ) ) ;
#2404 = ORIENTED_EDGE ( 'NONE', *, *, #4665, .F. ) ;
#2405 = EDGE_CURVE ( 'NONE', #2999, #1190, #1372, .T. ) ;
#2406 = AXIS2_PLACEMENT_3D ( 'NONE', #2588, #1893, #1164 ) ;
#2407 = CIRCLE ( 'NONE', #3015, 0.3750000000000003331 ) ;
#2408 = CARTESIAN_POINT ( 'NONE',  ( -9.254731733816658590, 0.2150538542697161826, 0.4648534905860339794 ) ) ;
#2409 = ORIENTED_EDGE ( 'NONE', *, *, #2228, .F. ) ;
#2410 = CARTESIAN_POINT ( 'NONE',  ( -9.279100077686049275, -5.271900294352648508, 1.250000000000000000 ) ) ;
#2411 = VERTEX_POINT ( 'NONE', #1350 ) ;
#2412 = AXIS2_PLACEMENT_3D ( 'NONE', #913, #938, #3079 ) ;
#2413 = EDGE_CURVE ( 'NONE', #853, #453, #2080, .T. ) ;
#2414 = VERTEX_POINT ( 'NONE', #2122 ) ;
#2415 = CIRCLE ( 'NONE', #3649, 0.1249999999999997918 ) ;
#2416 = FACE_OUTER_BOUND ( 'NONE', #59, .T. ) ;
#2417 = CARTESIAN_POINT ( 'NONE',  ( -11.40308017542880314, -1.027385351139419090, 0.1249999999999999445 ) ) ;
#2418 = FACE_OUTER_BOUND ( 'NONE', #694, .T. ) ;
#2419 = CIRCLE ( 'NONE', #3813, 0.06249999999999996531 ) ;
#2420 = CARTESIAN_POINT ( 'NONE',  ( -11.47839968004085875, 2.028640226639681909, 0.8297882795877247197 ) ) ;
#2421 = ORIENTED_EDGE ( 'NONE', *, *, #3573, .T. ) ;
#2422 = CIRCLE ( 'NONE', #3887, 0.06249999999999996531 ) ;
#2423 = ORIENTED_EDGE ( 'NONE', *, *, #1899, .T. ) ;
#2424 = APPLICATION_CONTEXT ( 'automotive_design' ) ;
#2425 = DIRECTION ( 'NONE',  ( 0.000000000000000000, -0.7546413764697773585, -0.6561374801974046989 ) ) ;
#2426 = PLANE ( 'NONE',  #2246 ) ;
#2427 = EDGE_LOOP ( 'NONE', ( #4278, #4500, #21 ) ) ;
#2428 = CYLINDRICAL_SURFACE ( 'NONE', #847, 0.06250000000000004163 ) ;
#2429 = VERTEX_POINT ( 'NONE', #3594 ) ;
#2430 = VERTEX_POINT ( 'NONE', #293 ) ;
#2431 = FACE_OUTER_BOUND ( 'NONE', #236, .T. ) ;
#2432 = FACE_OUTER_BOUND ( 'NONE', #2526, .T. ) ;
#2433 = ORIENTED_EDGE ( 'NONE', *, *, #2362, .F. ) ;
#2434 = ADVANCED_FACE ( 'NONE', ( #1751 ), #2510, .F. ) ;
#2435 = EDGE_CURVE ( 'NONE', #4124, #2492, #2865, .T. ) ;
#2436 = ORIENTED_EDGE ( 'NONE', *, *, #1779, .T. ) ;
#2437 = CARTESIAN_POINT ( 'NONE',  ( -10.10360319528077433, 0.2754666966858480004, 1.125000000000000222 ) ) ;
#2438 = DIRECTION ( 'NONE',  ( 0.000000000000000000, 0.000000000000000000, -1.000000000000000000 ) ) ;
#2439 = CARTESIAN_POINT ( 'NONE',  ( -9.419962265355868780, 0.2897822402703054689, 0.3658661068716437259 ) ) ;
#2440 = DIRECTION ( 'NONE',  ( -0.4939870479425472749, 0.8694692613686855198, 0.000000000000000000 ) ) ;
#2441 = EDGE_CURVE ( 'NONE', #4284, #1963, #932, .T. ) ;
#2442 = CARTESIAN_POINT ( 'NONE',  ( -11.31386200582119272, -1.260923609700768333, 1.125000000000000222 ) ) ;
#2443 = ORIENTED_EDGE ( 'NONE', *, *, #4096, .T. ) ;
#2444 = ORIENTED_EDGE ( 'NONE', *, *, #4014, .T. ) ;
#2445 = DIRECTION ( 'NONE',  ( 0.8694692613686838545, 0.4939870479425503835, 6.842277657836022373E-49 ) ) ;
#2446 = FACE_OUTER_BOUND ( 'NONE', #2186, .T. ) ;
#2447 = EDGE_LOOP ( 'NONE', ( #1840, #2743, #2022, #202 ) ) ;
#2448 = ORIENTED_EDGE ( 'NONE', *, *, #3039, .F. ) ;
#2449 = CARTESIAN_POINT ( 'NONE',  ( -12.93277407254139177, 1.171535248718654110, 0.8565725989015708919 ) ) ;
#2450 = ORIENTED_EDGE ( 'NONE', *, *, #1546, .T. ) ;
#2451 = DIRECTION ( 'NONE',  ( 1.000000000000000000, 0.000000000000000000, -0.000000000000000000 ) ) ;
#2452 = CARTESIAN_POINT ( 'NONE',  ( -9.451971611671403650, 0.3031057733344867389, 0.8632745012477016644 ) ) ;
#2453 = ORIENTED_EDGE ( 'NONE', *, *, #3549, .F. ) ;
#2454 = ORIENTED_EDGE ( 'NONE', *, *, #3490, .T. ) ;
#2455 = DIRECTION ( 'NONE',  ( 0.8694692613686838545, 0.4939870479425503835, -1.232595164407831220E-32 ) ) ;
#2456 = DIRECTION ( 'NONE',  ( -0.5668062099020121369, 0.4622776614639913517, -0.6819311432453422084 ) ) ;
#2457 = DIRECTION ( 'NONE',  ( 0.000000000000000000, 0.7546413764697773585, 0.6561374801974046989 ) ) ;
#2458 = ADVANCED_FACE ( 'NONE', ( #3687 ), #1545, .T. ) ;
#2459 = DIRECTION ( 'NONE',  ( -0.5668062099020120259, 0.4622776614639916848, -0.6819311432453420974 ) ) ;
#2460 = FACE_OUTER_BOUND ( 'NONE', #1535, .T. ) ;
#2461 = CARTESIAN_POINT ( 'NONE',  ( -11.50644768999394074, 1.963231727471769661, 0.8616477932435291365 ) ) ;
#2462 = ORIENTED_EDGE ( 'NONE', *, *, #1151, .T. ) ;
#2463 = ORIENTED_EDGE ( 'NONE', *, *, #155, .F. ) ;
#2464 = VECTOR ( 'NONE', #56, 100.0000000000000000 ) ;
#2465 = VECTOR ( 'NONE', #3747, 99.99999999999998579 ) ;
#2466 = CARTESIAN_POINT ( 'NONE',  ( 0.000000000000000000, -0.5416666666666666297, 1.250000000000000000 ) ) ;
#2467 = DIRECTION ( 'NONE',  ( 0.8694692613686837435, 0.4939870479425503835, 0.000000000000000000 ) ) ;
#2468 = ORIENTED_EDGE ( 'NONE', *, *, #66, .F. ) ;
#2469 = ORIENTED_EDGE ( 'NONE', *, *, #2205, .T. ) ;
#2470 = AXIS2_PLACEMENT_3D ( 'NONE', #3883, #3444, #581 ) ;
#2471 = CARTESIAN_POINT ( 'NONE',  ( -11.63382357956933255, 2.045588939707508214, 0.4816510594650767474 ) ) ;
#2472 = VERTEX_POINT ( 'NONE', #384 ) ;
#2473 = TOROIDAL_SURFACE ( 'NONE', #398, 0.3750000000000000000, 0.1250000000000000000 ) ;
#2474 = CARTESIAN_POINT ( 'NONE',  ( -13.23745178639664744, 1.062608169872540032, 0.4984486283441197374 ) ) ;
#2475 = DIRECTION ( 'NONE',  ( 0.000000000000000000, 0.7546413764697762483, 0.6561374801974061421 ) ) ;
#2476 = ORIENTED_EDGE ( 'NONE', *, *, #3848, .T. ) ;
#2477 = AXIS2_PLACEMENT_3D ( 'NONE', #2702, #2348, #919 ) ;
#2478 = EDGE_LOOP ( 'NONE', ( #1914, #968, #2667, #505 ) ) ;
#2479 = CARTESIAN_POINT ( 'NONE',  ( -13.29920016738946664, 1.171291827543623931, 1.250000000000000000 ) ) ;
#2480 = CARTESIAN_POINT ( 'NONE',  ( -8.727499999999999147, -1.666666666666666297, 0.000000000000000000 ) ) ;
#2481 = DIRECTION ( 'NONE',  ( -1.000000000000000000, 0.000000000000000000, 0.000000000000000000 ) ) ;
#2482 = CIRCLE ( 'NONE', #3721, 0.1249999999999999445 ) ;
#2483 = AXIS2_PLACEMENT_3D ( 'NONE', #64, #516, #2625 ) ;
#2484 = AXIS2_PLACEMENT_3D ( 'NONE', #1036, #2860, #4373 ) ;
#2485 = ADVANCED_FACE ( 'NONE', ( #525 ), #1786, .T. ) ;
#2486 = DIRECTION ( 'NONE',  ( 0.000000000000000000, -0.000000000000000000, -1.000000000000000000 ) ) ;
#2487 = DIRECTION ( 'NONE',  ( 0.4939870479425931826, -0.8694692613686595406, -0.000000000000000000 ) ) ;
#2488 = LINE ( 'NONE', #1047, #1014 ) ;
#2489 = EDGE_LOOP ( 'NONE', ( #537, #3340, #3148, #1207 ) ) ;
#2490 = EDGE_CURVE ( 'NONE', #1774, #1030, #980, .T. ) ;
#2491 = VECTOR ( 'NONE', #3353, 100.0000000000000000 ) ;
#2492 = VERTEX_POINT ( 'NONE', #1600 ) ;
#2493 = EDGE_CURVE ( 'NONE', #2238, #4506, #1229, .T. ) ;
#2494 = VECTOR ( 'NONE', #35, 100.0000000000000000 ) ;
#2495 = EDGE_CURVE ( 'NONE', #4604, #3620, #3932, .T. ) ;
#2496 = DIRECTION ( 'NONE',  ( 0.5668062099020121369, -0.4622776614639912407, 0.6819311432453423194 ) ) ;
#2497 = CIRCLE ( 'NONE', #1726, 0.06250000000000005551 ) ;
#2498 = CARTESIAN_POINT ( 'NONE',  ( -7.146592091119913448, -0.5416666666666667407, 0.8125000000000000000 ) ) ;
#2499 = VERTEX_POINT ( 'NONE', #3025 ) ;
#2500 = EDGE_LOOP ( 'NONE', ( #248, #2836, #1166, #2877, #1435, #2568, #1937, #1178, #4345, #1296, #3537 ) ) ;
#2501 = AXIS2_PLACEMENT_3D ( 'NONE', #2306, #3420, #1153 ) ;
#2502 = VERTEX_POINT ( 'NONE', #1236 ) ;
#2503 = CARTESIAN_POINT ( 'NONE',  ( -9.362499999999998934, -1.666666666666666297, 1.250000000000000000 ) ) ;
#2504 = ADVANCED_FACE ( 'NONE', ( #2712 ), #4139, .F. ) ;
#2505 = DIRECTION ( 'NONE',  ( 1.000000000000000000, -5.377642775528097260E-15, 0.000000000000000000 ) ) ;
#2506 = ORIENTED_EDGE ( 'NONE', *, *, #3059, .F. ) ;
#2507 = ADVANCED_FACE ( 'NONE', ( #4187 ), #1006, .T. ) ;
#2508 = DIRECTION ( 'NONE',  ( 0.000000000000000000, -0.000000000000000000, -1.000000000000000000 ) ) ;
#2509 = VERTEX_POINT ( 'NONE', #3778 ) ;
#2510 = CYLINDRICAL_SURFACE ( 'NONE', #3004, 0.6349999999999994538 ) ;
#2511 = CARTESIAN_POINT ( 'NONE',  ( -8.391147595693485783, -0.4166666666666665741, 1.250000000000000000 ) ) ;
#2512 = CARTESIAN_POINT ( 'NONE',  ( -9.979390435127378112, 0.2614599049377552831, 0.000000000000000000 ) ) ;
#2513 = CARTESIAN_POINT ( 'NONE',  ( -11.95075128249988339, 1.929975910596024136, 1.125000000000000222 ) ) ;
#2514 = DIRECTION ( 'NONE',  ( 0.8694692613686595406, 0.4939870479425931826, -0.000000000000000000 ) ) ;
#2515 = CARTESIAN_POINT ( 'NONE',  ( -7.860425710918706343, -1.023390065280967098, -4.059832301774976671 ) ) ;
#2516 = ORIENTED_EDGE ( 'NONE', *, *, #1856, .F. ) ;
#2517 = LINE ( 'NONE', #3674, #1227 ) ;
#2518 = ORIENTED_EDGE ( 'NONE', *, *, #3900, .T. ) ;
#2519 = CARTESIAN_POINT ( 'NONE',  ( -12.93957905611191350, 1.282672815077941841, 0.7565803274235424203 ) ) ;
#2520 = CARTESIAN_POINT ( 'NONE',  ( -8.391147595693485783, -0.1666666666666670460, 0.1249999999999999445 ) ) ;
#2521 = ORIENTED_EDGE ( 'NONE', *, *, #2435, .T. ) ;
#2522 = EDGE_LOOP ( 'NONE', ( #1924, #2203, #2268, #3679 ) ) ;
#2523 = CARTESIAN_POINT ( 'NONE',  ( -12.94280178398323145, 1.242660592436279243, 0.1249999999999999445 ) ) ;
#2524 = CARTESIAN_POINT ( 'NONE',  ( -10.37232426220612957, -0.9012297650207119482, 1.125000000000000222 ) ) ;
#2525 = CARTESIAN_POINT ( 'NONE',  ( -10.46154243181374177, -0.6676915064593638149, 1.250000000000000000 ) ) ;
#2526 = EDGE_LOOP ( 'NONE', ( #2974, #3274, #3303, #867 ) ) ;
#2527 = FACE_OUTER_BOUND ( 'NONE', #4644, .T. ) ;
#2528 = ORIENTED_EDGE ( 'NONE', *, *, #2587, .F. ) ;
#2529 = CARTESIAN_POINT ( 'NONE',  ( -12.69280178398323145, 1.242660592436279243, 0.3475602806958022484 ) ) ;
#2530 = CARTESIAN_POINT ( 'NONE',  ( -10.27230110201653623, -3.523761826731165669, 3.260581104235560357 ) ) ;
#2531 = DIRECTION ( 'NONE',  ( 0.000000000000000000, 0.000000000000000000, 1.000000000000000000 ) ) ;
#2532 = DIRECTION ( 'NONE',  ( -0.000000000000000000, -0.000000000000000000, 1.000000000000000000 ) ) ;
#2533 = DIRECTION ( 'NONE',  ( 0.8694692613686597626, 0.4939870479425924055, 0.000000000000000000 ) ) ;
#2534 = DIRECTION ( 'NONE',  ( 0.000000000000000000, 0.000000000000000000, 1.000000000000000000 ) ) ;
#2535 = VERTEX_POINT ( 'NONE', #469 ) ;
#2536 = DIRECTION ( 'NONE',  ( 1.000000000000000000, -0.000000000000000000, 0.000000000000000000 ) ) ;
#2537 = DIRECTION ( 'NONE',  ( -0.7749432854958508976, 0.6320307779411508120, 0.000000000000000000 ) ) ;
#2538 = DIRECTION ( 'NONE',  ( -0.4939870479425925165, 0.8694692613686598737, -2.413261982938285330E-15 ) ) ;
#2539 = ORIENTED_EDGE ( 'NONE', *, *, #3045, .T. ) ;
#2540 = EDGE_LOOP ( 'NONE', ( #4432, #2330, #852, #3051 ) ) ;
#2541 = EDGE_CURVE ( 'NONE', #812, #3929, #2165, .T. ) ;
#2542 = AXIS2_PLACEMENT_3D ( 'NONE', #63, #1926, #1520 ) ;
#2543 = FACE_OUTER_BOUND ( 'NONE', #1040, .T. ) ;
#2544 = CARTESIAN_POINT ( 'NONE',  ( -10.16346005861974788, -0.2553462362951269826, 0.4984486283441203480 ) ) ;
#2545 = EDGE_LOOP ( 'NONE', ( #4257, #1528, #1850, #3774 ) ) ;
#2546 = AXIS2_PLACEMENT_3D ( 'NONE', #1742, #2013, #3485 ) ;
#2547 = ADVANCED_FACE ( 'NONE', ( #1581 ), #3048, .T. ) ;
#2548 = CIRCLE ( 'NONE', #470, 0.3750000000000003331 ) ;
#2549 = TOROIDAL_SURFACE ( 'NONE', #2628, 0.4424999999999999489, 0.1250000000000000000 ) ;
#2550 = CYLINDRICAL_SURFACE ( 'NONE', #3192, 0.2500000000000002220 ) ;
#2551 = ORIENTED_EDGE ( 'NONE', *, *, #2132, .T. ) ;
#2552 = EDGE_CURVE ( 'NONE', #4674, #1167, #1211, .T. ) ;
#2553 = CARTESIAN_POINT ( 'NONE',  ( -11.61450996966912541, 2.139649501575854096, 0.7770191515240623126 ) ) ;
#2554 = CARTESIAN_POINT ( 'NONE',  ( -9.404171906586910268, 0.3369347588719244224, 0.2850602806958029700 ) ) ;
#2555 = DIRECTION ( 'NONE',  ( -0.000000000000000000, 0.000000000000000000, 1.000000000000000000 ) ) ;
#2556 = VECTOR ( 'NONE', #3875, 100.0000000000000000 ) ;
#2557 = AXIS2_PLACEMENT_3D ( 'NONE', #4219, #2048, #2795 ) ;
#2558 = CARTESIAN_POINT ( 'NONE',  ( -8.391147595693485783, -0.5416666666666670737, 0.000000000000000000 ) ) ;
#2559 = DIRECTION ( 'NONE',  ( 0.8694692613686595406, 0.4939870479425931826, -0.000000000000000000 ) ) ;
#2560 = DIRECTION ( 'NONE',  ( -0.3568726784304422361, 0.9341530342453971958, 0.000000000000000000 ) ) ;
#2561 = EDGE_LOOP ( 'NONE', ( #2670, #4635, #1686, #3622 ) ) ;
#2562 = DIRECTION ( 'NONE',  ( 0.5668062099020123590, -0.4622776614639914627, -0.6819311432453422084 ) ) ;
#2563 = VECTOR ( 'NONE', #337, 100.0000000000000000 ) ;
#2564 = VECTOR ( 'NONE', #3954, 100.0000000000000000 ) ;
#2565 = DIRECTION ( 'NONE',  ( -1.000000000000000000, 0.000000000000000000, 0.000000000000000000 ) ) ;
#2566 = AXIS2_PLACEMENT_3D ( 'NONE', #2202, #2583, #2533 ) ;
#2567 = DIRECTION ( 'NONE',  ( 0.8000000000000004885, 0.000000000000000000, 0.5999999999999994227 ) ) ;
#2568 = ORIENTED_EDGE ( 'NONE', *, *, #3556, .T. ) ;
#2569 = VERTEX_POINT ( 'NONE', #2578 ) ;
#2570 = EDGE_CURVE ( 'NONE', #4519, #4015, #751, .T. ) ;
#2571 = AXIS2_PLACEMENT_3D ( 'NONE', #2579, #3571, #273 ) ;
#2572 = CARTESIAN_POINT ( 'NONE',  ( -11.46143470249161389, 2.014803874794473870, 0.2850602806975073844 ) ) ;
#2573 = PLANE ( 'NONE',  #1232 ) ;
#2574 = CARTESIAN_POINT ( 'NONE',  ( -12.43733849965179061, 1.916962244156579231, 0.1250000000000000000 ) ) ;
#2575 = ORIENTED_EDGE ( 'NONE', *, *, #3249, .T. ) ;
#2576 = CARTESIAN_POINT ( 'NONE',  ( -10.14487891936712494, -0.09056798907962698708, 0.3475602806958027480 ) ) ;
#2577 = ORIENTED_EDGE ( 'NONE', *, *, #1518, .T. ) ;
#2578 = CARTESIAN_POINT ( 'NONE',  ( -10.16346005861974788, -0.2553462362951269271, 0.7123861535993827321 ) ) ;
#2579 = CARTESIAN_POINT ( 'NONE',  ( -13.19378908746933199, 0.9857572185291596512, 0.8007745012477016644 ) ) ;
#2580 = DIRECTION ( 'NONE',  ( 0.3493015914185021997, -0.6148076107470561436, 0.7071067811865462405 ) ) ;
#2581 = EDGE_CURVE ( 'NONE', #2747, #2238, #3709, .T. ) ;
#2582 = CARTESIAN_POINT ( 'NONE',  ( -10.14255125769409993, -0.06992619713259759506, 0.8632745012477016644 ) ) ;
#2583 = DIRECTION ( 'NONE',  ( 0.4939870479425925165, -0.8694692613686599847, 3.071095961986486739E-15 ) ) ;
#2584 = FACE_OUTER_BOUND ( 'NONE', #1302, .T. ) ;
#2585 = ORIENTED_EDGE ( 'NONE', *, *, #552, .F. ) ;
#2586 = DIRECTION ( 'NONE',  ( 0.3493015914185311765, -0.6148076107470367146, 0.7071067811865487940 ) ) ;
#2587 = EDGE_CURVE ( 'NONE', #3491, #2164, #2741, .T. ) ;
#2588 = CARTESIAN_POINT ( 'NONE',  ( -6.391671871905050040, 1.959469855982126640, 0.7123861535993827321 ) ) ;
#2589 = DIRECTION ( 'NONE',  ( 0.4939870479425930716, -0.8694692613686593186, 0.000000000000000000 ) ) ;
#2590 = VERTEX_POINT ( 'NONE', #3195 ) ;
#2591 = ORIENTED_EDGE ( 'NONE', *, *, #4069, .F. ) ;
#2592 = DIRECTION ( 'NONE',  ( 0.000000000000000000, 0.7546413764697723625, -0.6561374801974106941 ) ) ;
#2593 = CARTESIAN_POINT ( 'NONE',  ( -7.884485081438461940, -1.386402769591176032, -4.363575672240611603 ) ) ;
#2594 = DIRECTION ( 'NONE',  ( 0.4939870479425930716, -0.8694692613686594296, -0.000000000000000000 ) ) ;
#2595 = ORIENTED_EDGE ( 'NONE', *, *, #3482, .T. ) ;
#2596 = CARTESIAN_POINT ( 'NONE',  ( -9.324664459892535007, 0.1914387522651747331, 0.4100602806958020263 ) ) ;
#2597 = ORIENTED_EDGE ( 'NONE', *, *, #2653, .T. ) ;
#2598 = DIRECTION ( 'NONE',  ( 1.000000000000000000, 0.000000000000000000, 0.000000000000000000 ) ) ;
#2599 = FACE_OUTER_BOUND ( 'NONE', #4512, .T. ) ;
#2600 = EDGE_CURVE ( 'NONE', #3873, #2755, #3473, .T. ) ;
#2601 = CARTESIAN_POINT ( 'NONE',  ( -7.021592091119913448, -3.041666666666666075, 0.4375000000000000555 ) ) ;
#2602 = CARTESIAN_POINT ( 'NONE',  ( -10.16346005861974788, -0.2553462362951269271, 0.4984486283441203480 ) ) ;
#2603 = PLANE ( 'NONE',  #3402 ) ;
#2604 = CYLINDRICAL_SURFACE ( 'NONE', #349, 0.06250000000000005551 ) ;
#2605 = ADVANCED_FACE ( 'NONE', ( #2827 ), #2400, .F. ) ;
#2606 = DIRECTION ( 'NONE',  ( 0.8694692613686838545, 0.4939870479425503835, 2.775557561562892584E-17 ) ) ;
#2607 = DIRECTION ( 'NONE',  ( 0.7999999999999998224, -0.000000000000000000, 0.6000000000000001998 ) ) ;
#2608 = ORIENTED_EDGE ( 'NONE', *, *, #2693, .F. ) ;
#2609 = EDGE_LOOP ( 'NONE', ( #3974, #2008, #1237, #4494 ) ) ;
#2610 = CYLINDRICAL_SURFACE ( 'NONE', #871, 0.06250000000000018041 ) ;
#2611 = DIRECTION ( 'NONE',  ( -0.1120543339847372699, -0.9937020812271839532, 0.000000000000000000 ) ) ;
#2612 =( BOUNDED_CURVE ( )  B_SPLINE_CURVE ( 3, ( #2582, #4130, #3374, #3767 ),
 .UNSPECIFIED., .F., .T. ) 
 B_SPLINE_CURVE_WITH_KNOTS ( ( 4, 4 ),
 ( 1.570796326794892339, 2.356194490192338620 ),
 .UNSPECIFIED. ) 
 CURVE ( )  GEOMETRIC_REPRESENTATION_ITEM ( )  RATIONAL_B_SPLINE_CURVE ( ( 1.000000000000000000, 0.9492530216741914550, 0.9492530216741914550, 1.000000000000000000 ) ) 
 REPRESENTATION_ITEM ( '' )  );
#2613 = DIRECTION ( 'NONE',  ( -1.000000000000000000, 0.000000000000000000, 0.000000000000000000 ) ) ;
#2614 = EDGE_LOOP ( 'NONE', ( #3878, #1508, #863, #340 ) ) ;
#2615 = CIRCLE ( 'NONE', #3001, 0.1249999999999999445 ) ;
#2616 = DIRECTION ( 'NONE',  ( -0.000000000000000000, 0.000000000000000000, 1.000000000000000000 ) ) ;
#2617 = EDGE_LOOP ( 'NONE', ( #2017, #575 ) ) ;
#2618 = CIRCLE ( 'NONE', #4614, 0.06249999999999996531 ) ;
#2619 = CARTESIAN_POINT ( 'NONE',  ( -11.97396196237719757, -1.161267068582437778, 0.8449686750718603534 ) ) ;
#2620 = PLANE ( 'NONE',  #3256 ) ;
#2621 = VECTOR ( 'NONE', #3926, 100.0000000000000142 ) ;
#2622 = ADVANCED_FACE ( 'NONE', ( #1308 ), #1286, .F. ) ;
#2623 = VECTOR ( 'NONE', #3582, 100.0000000000000000 ) ;
#2624 = LINE ( 'NONE', #4109, #2924 ) ;
#2625 = DIRECTION ( 'NONE',  ( 0.9937020812271839532, -0.1120543339847369646, 0.000000000000000000 ) ) ;
#2626 = CIRCLE ( 'NONE', #1242, 0.06249999999999866773 ) ;
#2627 = DIRECTION ( 'NONE',  ( 1.000000000000000000, 0.000000000000000000, 0.000000000000000000 ) ) ;
#2628 = AXIS2_PLACEMENT_3D ( 'NONE', #3163, #2823, #2005 ) ;
#2629 = DIRECTION ( 'NONE',  ( -0.000000000000000000, -0.000000000000000000, 1.000000000000000000 ) ) ;
#2630 = EDGE_CURVE ( 'NONE', #4015, #3667, #1354, .T. ) ;
#2631 = AXIS2_PLACEMENT_3D ( 'NONE', #1784, #2914, #1376 ) ;
#2632 = CYLINDRICAL_SURFACE ( 'NONE', #2406, 0.06249999999999979877 ) ;
#2633 = CARTESIAN_POINT ( 'NONE',  ( -12.94280178398323145, 1.242660592436279243, 0.4210570426814705391 ) ) ;
#2634 = EDGE_LOOP ( 'NONE', ( #768, #992, #4089, #1821, #2476, #3486 ) ) ;
#2635 = AXIS2_PLACEMENT_3D ( 'NONE', #3221, #1074, #3902 ) ;
#2636 = ORIENTED_EDGE ( 'NONE', *, *, #3291, .F. ) ;
#2637 = CIRCLE ( 'NONE', #1872, 0.06249999999999953509 ) ;
#2638 = EDGE_CURVE ( 'NONE', #1657, #2233, #196, .T. ) ;
#2639 = ADVANCED_FACE ( 'NONE', ( #2446 ), #466, .T. ) ;
#2640 = TOROIDAL_SURFACE ( 'NONE', #1871, 0.4424999999999999489, 0.1250000000000000000 ) ;
#2641 = PLANE ( 'NONE',  #3329 ) ;
#2642 = CARTESIAN_POINT ( 'NONE',  ( -11.99579331184085440, -1.122841592910747810, 0.4100602806958026370 ) ) ;
#2643 = FACE_OUTER_BOUND ( 'NONE', #2284, .T. ) ;
#2644 = ORIENTED_EDGE ( 'NONE', *, *, #2493, .T. ) ;
#2645 = VECTOR ( 'NONE', #2369, 100.0000000000000142 ) ;
#2646 = DIRECTION ( 'NONE',  ( -0.1120543339847372699, -0.9937020812271839532, -0.000000000000000000 ) ) ;
#2647 = EDGE_CURVE ( 'NONE', #2159, #1388, #4100, .T. ) ;
#2648 = ORIENTED_EDGE ( 'NONE', *, *, #1597, .T. ) ;
#2649 = CIRCLE ( 'NONE', #1883, 0.06249999999999866773 ) ;
#2650 = DIRECTION ( 'NONE',  ( -1.000000000000000000, 0.000000000000000000, 0.000000000000000000 ) ) ;
#2651 = VECTOR ( 'NONE', #4083, 100.0000000000000000 ) ;
#2652 = CARTESIAN_POINT ( 'NONE',  ( -12.10875897698517001, 1.736240089222062410, 1.250000000000000000 ) ) ;
#2653 = EDGE_CURVE ( 'NONE', #3667, #3466, #2810, .T. ) ;
#2654 = DIRECTION ( 'NONE',  ( 0.6000000000000000888, 0.000000000000000000, -0.7999999999999998224 ) ) ;
#2655 = DIRECTION ( 'NONE',  ( -0.000000000000000000, 0.000000000000000000, 1.000000000000000000 ) ) ;
#2656 = DIRECTION ( 'NONE',  ( -0.000000000000000000, -0.000000000000000000, 1.000000000000000000 ) ) ;
#2657 = LINE ( 'NONE', #2275, #2943 ) ;
#2658 = CYLINDRICAL_SURFACE ( 'NONE', #1620, 0.2500000000000002220 ) ;
#2659 = ORIENTED_EDGE ( 'NONE', *, *, #4581, .F. ) ;
#2660 = ORIENTED_EDGE ( 'NONE', *, *, #801, .T. ) ;
#2661 = CARTESIAN_POINT ( 'NONE',  ( -12.93957905611191705, 1.282672815077939177, 0.4542544545199601602 ) ) ;
#2662 = DIRECTION ( 'NONE',  ( -0.000000000000000000, -1.000000000000000000, -0.000000000000000000 ) ) ;
#2663 = CARTESIAN_POINT ( 'NONE',  ( -9.358628992270890734, 0.2997907199421050439, 0.8891628488960197085 ) ) ;
#2664 = DIRECTION ( 'NONE',  ( 0.6320307779411513671, 0.7749432854958503425, 0.000000000000000000 ) ) ;
#2665 = CARTESIAN_POINT ( 'NONE',  ( -7.676993045388040393, 4.221770570108859921, 0.4984486283441197374 ) ) ;
#2666 = ORIENTED_EDGE ( 'NONE', *, *, #3848, .F. ) ;
#2667 = ORIENTED_EDGE ( 'NONE', *, *, #4550, .F. ) ;
#2668 = DIRECTION ( 'NONE',  ( 0.000000000000000000, -0.000000000000000000, 1.000000000000000000 ) ) ;
#2669 = CARTESIAN_POINT ( 'NONE',  ( -10.35202871558757209, 0.3034802801820321583, 1.250000000000000000 ) ) ;
#2670 = ORIENTED_EDGE ( 'NONE', *, *, #2259, .F. ) ;
#2671 = CARTESIAN_POINT ( 'NONE',  ( -12.69280178398323145, 1.242660592436279243, 0.000000000000000000 ) ) ;
#2672 = DIRECTION ( 'NONE',  ( 0.000000000000000000, -0.000000000000000000, -1.000000000000000000 ) ) ;
#2673 = DIRECTION ( 'NONE',  ( 0.000000000000000000, 0.000000000000000000, -1.000000000000000000 ) ) ;
#2674 = CARTESIAN_POINT ( 'NONE',  ( -8.628159137421416602, -0.4572703987276104387, 1.250000000000000000 ) ) ;
#2675 = CARTESIAN_POINT ( 'NONE',  ( -3.828602759503051178, -4.694312531697667268, 1.250000000000000000 ) ) ;
#2676 = ORIENTED_EDGE ( 'NONE', *, *, #434, .T. ) ;
#2677 = ORIENTED_EDGE ( 'NONE', *, *, #4542, .T. ) ;
#2678 = DIRECTION ( 'NONE',  ( -0.000000000000000000, 0.000000000000000000, 1.000000000000000000 ) ) ;
#2679 = CARTESIAN_POINT ( 'NONE',  ( -11.47839968004085698, 2.028640226639681465, 0.3810465023557770836 ) ) ;
#2680 = CARTESIAN_POINT ( 'NONE',  ( -9.432095448270571225, 0.3597087322755450622, 0.9257745012477015534 ) ) ;
#2681 = EDGE_LOOP ( 'NONE', ( #982, #4563, #2133, #3886 ) ) ;
#2682 = CYLINDRICAL_SURFACE ( 'NONE', #1304, 0.06249999999999979877 ) ;
#2683 = ORIENTED_EDGE ( 'NONE', *, *, #657, .T. ) ;
#2684 = EDGE_CURVE ( 'NONE', #909, #4710, #4535, .T. ) ;
#2685 =( NAMED_UNIT ( * ) PLANE_ANGLE_UNIT ( ) SI_UNIT ( $, .RADIAN. ) );
#2686 = EDGE_LOOP ( 'NONE', ( #1318, #542, #1231, #465 ) ) ;
#2687 = DIRECTION ( 'NONE',  ( -0.000000000000000000, 0.000000000000000000, 1.000000000000000000 ) ) ;
#2688 = EDGE_CURVE ( 'NONE', #978, #1402, #3240, .T. ) ;
#2689 = CARTESIAN_POINT ( 'NONE',  ( -11.48733405561182863, 1.955275890537223171, 0.9257745012477016644 ) ) ;
#2690 = ORIENTED_EDGE ( 'NONE', *, *, #4645, .T. ) ;
#2691 = VECTOR ( 'NONE', #4213, 100.0000000000000000 ) ;
#2692 = AXIS2_PLACEMENT_3D ( 'NONE', #1558, #4491, #887 ) ;
#2693 = EDGE_CURVE ( 'NONE', #3526, #4015, #3164, .T. ) ;
#2694 = ORIENTED_EDGE ( 'NONE', *, *, #2413, .F. ) ;
#2695 = ADVANCED_FACE ( 'NONE', ( #995 ), #2426, .F. ) ;
#2696 = DIRECTION ( 'NONE',  ( 0.4939870479425903516, -0.8694692613686609839, 0.000000000000000000 ) ) ;
#2697 = FACE_OUTER_BOUND ( 'NONE', #1245, .T. ) ;
#2698 = CARTESIAN_POINT ( 'NONE',  ( -7.021592091119913448, -0.5416666666666667407, 0.8125000000000000000 ) ) ;
#2699 = TOROIDAL_SURFACE ( 'NONE', #3088, 0.6925000000000000044, 0.1250000000000000000 ) ;
#2700 = TOROIDAL_SURFACE ( 'NONE', #4314, 0.6925000000000000044, 0.1250000000000000000 ) ;
#2701 = AXIS2_PLACEMENT_3D ( 'NONE', #3124, #926, #2809 ) ;
#2702 = CARTESIAN_POINT ( 'NONE',  ( -13.24813091630486817, 0.9548830280327507136, 0.4100602806958021929 ) ) ;
#2703 = EDGE_CURVE ( 'NONE', #2904, #909, #645, .T. ) ;
#2704 = DIRECTION ( 'NONE',  ( -0.3493015914185311765, 0.6148076107470367146, 0.7071067811865486830 ) ) ;
#2705 = ORIENTED_EDGE ( 'NONE', *, *, #608, .T. ) ;
#2706 = ORIENTED_EDGE ( 'NONE', *, *, #2541, .F. ) ;
#2707 = AXIS2_PLACEMENT_3D ( 'NONE', #86, #420, #1911 ) ;
#2708 = EDGE_CURVE ( 'NONE', #2121, #1774, #1772, .T. ) ;
#2709 = CARTESIAN_POINT ( 'NONE',  ( -12.93519181505489790, 1.304032991077348935, 0.4811118765626528626 ) ) ;
#2710 = DIRECTION ( 'NONE',  ( 1.000000000000000000, 0.000000000000000000, 0.000000000000000000 ) ) ;
#2711 = AXIS2_PLACEMENT_3D ( 'NONE', #1436, #651, #2117 ) ;
#2712 = FACE_OUTER_BOUND ( 'NONE', #4497, .T. ) ;
#2713 = CIRCLE ( 'NONE', #483, 0.3750000000000003331 ) ;
#2714 = ORIENTED_EDGE ( 'NONE', *, *, #3746, .F. ) ;
#2715 = EDGE_CURVE ( 'NONE', #4355, #1564, #3125, .T. ) ;
#2716 = CARTESIAN_POINT ( 'NONE',  ( -11.62044749077096917, -1.150882113125067274, 1.250000000000000000 ) ) ;
#2717 = EDGE_LOOP ( 'NONE', ( #3983, #4155, #3969, #813 ) ) ;
#2718 = AXIS2_PLACEMENT_3D ( 'NONE', #4457, #1499, #1159 ) ;
#2719 = CARTESIAN_POINT ( 'NONE',  ( -11.72913114844205040, -1.212630494117891145, 0.000000000000000000 ) ) ;
#2720 = ORIENTED_EDGE ( 'NONE', *, *, #4740, .F. ) ;
#2721 = DIRECTION ( 'NONE',  ( -0.000000000000000000, 0.000000000000000000, 1.000000000000000000 ) ) ;
#2722 = VECTOR ( 'NONE', #158, 100.0000000000000000 ) ;
#2723 = ORIENTED_EDGE ( 'NONE', *, *, #1597, .F. ) ;
#2724 = AXIS2_PLACEMENT_3D ( 'NONE', #799, #4498, #3787 ) ;
#2725 = CIRCLE ( 'NONE', #656, 0.2500000000000000555 ) ;
#2726 = ORIENTED_EDGE ( 'NONE', *, *, #1455, .T. ) ;
#2727 = CARTESIAN_POINT ( 'NONE',  ( -13.75490647267836586, 1.846861411909251460, 1.125000000000000222 ) ) ;
#2728 = LINE ( 'NONE', #4223, #2645 ) ;
#2729 = ADVANCED_FACE ( 'NONE', ( #216 ), #555, .T. ) ;
#2730 = DIRECTION ( 'NONE',  ( -0.9442952985161997548, -0.3290993606803294114, 0.000000000000000000 ) ) ;
#2731 = EDGE_CURVE ( 'NONE', #3233, #2936, #2308, .T. ) ;
#2732 = CIRCLE ( 'NONE', #4343, 0.06250000000000065226 ) ;
#2733 =( GEOMETRIC_REPRESENTATION_CONTEXT ( 3 ) GLOBAL_UNCERTAINTY_ASSIGNED_CONTEXT ( ( #1531 ) ) GLOBAL_UNIT_ASSIGNED_CONTEXT ( ( #3533, #3104, #4639 ) ) REPRESENTATION_CONTEXT ( 'NONE', 'WORKASPACE' ) );
#2734 = DIRECTION ( 'NONE',  ( 1.000000000000000000, -0.000000000000000000, -0.000000000000000000 ) ) ;
#2735 = VERTEX_POINT ( 'NONE', #3973 ) ;
#2736 = ORIENTED_EDGE ( 'NONE', *, *, #311, .T. ) ;
#2737 = ADVANCED_FACE ( 'NONE', ( #1382 ), #3867, .T. ) ;
#2738 = ADVANCED_FACE ( 'NONE', ( #374 ), #4045, .F. ) ;
#2739 = LINE ( 'NONE', #1985, #715 ) ;
#2740 = PLANE ( 'NONE',  #335 ) ;
#2741 = LINE ( 'NONE', #3896, #1088 ) ;
#2742 = ORIENTED_EDGE ( 'NONE', *, *, #3795, .F. ) ;
#2743 = ORIENTED_EDGE ( 'NONE', *, *, #4387, .F. ) ;
#2744 = EDGE_LOOP ( 'NONE', ( #4303, #1605, #4470, #572, #3584 ) ) ;
#2745 = DIRECTION ( 'NONE',  ( 1.224646799147353207E-16, 1.000000000000000000, 0.000000000000000000 ) ) ;
#2746 = FACE_OUTER_BOUND ( 'NONE', #4723, .T. ) ;
#2747 = VERTEX_POINT ( 'NONE', #394 ) ;
#2748 = ORIENTED_EDGE ( 'NONE', *, *, #1685, .F. ) ;
#2749 = DIRECTION ( 'NONE',  ( 0.000000000000000000, 1.000000000000000000, 0.000000000000000000 ) ) ;
#2750 = LINE ( 'NONE', #1255, #1334 ) ;
#2751 = PLANE ( 'NONE',  #791 ) ;
#2752 = ADVANCED_FACE ( 'NONE', ( #1070 ), #1796, .T. ) ;
#2753 = CARTESIAN_POINT ( 'NONE',  ( -8.391147595693485783, -0.4166666666666665741, 1.125000000000000222 ) ) ;
#2754 = B_SPLINE_CURVE_WITH_KNOTS ( 'NONE', 3,
 ( #3162, #4176, #918, #4619 ),
 .UNSPECIFIED., .F., .F.,
 ( 4, 4 ),
 ( 2.168404344971008868E-18, 0.0004953653394755216932 ),
 .UNSPECIFIED. ) ;
#2755 = VERTEX_POINT ( 'NONE', #692 ) ;
#2756 = EDGE_CURVE ( 'NONE', #4047, #2502, #3625, .T. ) ;
#2757 = ORIENTED_EDGE ( 'NONE', *, *, #2375, .F. ) ;
#2758 = LINE ( 'NONE', #3455, #4025 ) ;
#2759 = DIRECTION ( 'NONE',  ( -0.8694692613686838545, -0.4939870479425503835, 0.000000000000000000 ) ) ;
#2760 = ORIENTED_EDGE ( 'NONE', *, *, #101, .F. ) ;
#2761 = CARTESIAN_POINT ( 'NONE',  ( -11.81549336038782805, 1.819661812344965712, 0.8449686750718610195 ) ) ;
#2762 = ORIENTED_EDGE ( 'NONE', *, *, #4576, .T. ) ;
#2763 = EDGE_CURVE ( 'NONE', #577, #430, #3008, .T. ) ;
#2764 = CARTESIAN_POINT ( 'NONE',  ( -13.33545631415949906, 1.108584930719507922, 0.4100602806958008051 ) ) ;
#2765 = ORIENTED_EDGE ( 'NONE', *, *, #1770, .F. ) ;
#2766 = CARTESIAN_POINT ( 'NONE',  ( -9.471597371891892436, 0.3112747769320534652, 0.3475602806958025259 ) ) ;
#2767 = CARTESIAN_POINT ( 'NONE',  ( -11.61243561814753100, 2.036686439532412241, 0.4542544545199610484 ) ) ;
#2768 = VERTEX_POINT ( 'NONE', #2208 ) ;
#2769 = ORIENTED_EDGE ( 'NONE', *, *, #3807, .T. ) ;
#2770 = CARTESIAN_POINT ( 'NONE',  ( -11.63192298418719695, 2.044797838097143217, 0.4820893847828076617 ) ) ;
#2771 = CYLINDRICAL_SURFACE ( 'NONE', #4115, 0.8174999999999987832 ) ;
#2772 = CARTESIAN_POINT ( 'NONE',  ( -7.633330346460727611, 4.144919618765477765, 0.8007745012477016644 ) ) ;
#2773 = CIRCLE ( 'NONE', #851, 0.1249999999999999306 ) ;
#2774 = DIRECTION ( 'NONE',  ( -0.5668062099020123590, 0.4622776614639914627, -0.6819311432453420974 ) ) ;
#2775 = CARTESIAN_POINT ( 'NONE',  ( -11.55453760790720708, 2.090737046730693827, 0.7289865290767539863 ) ) ;
#2776 = CIRCLE ( 'NONE', #936, 0.3750000000000003331 ) ;
#2777 = VERTEX_POINT ( 'NONE', #1027 ) ;
#2778 = ORIENTED_EDGE ( 'NONE', *, *, #2140, .F. ) ;
#2779 = ADVANCED_FACE ( 'NONE', ( #1838 ), #2700, .T. ) ;
#2780 = VECTOR ( 'NONE', #1560, 100.0000000000000000 ) ;
#2781 = AXIS2_PLACEMENT_3D ( 'NONE', #880, #828, #69 ) ;
#2782 = DIRECTION ( 'NONE',  ( 0.000000000000000000, -0.000000000000000000, -1.000000000000000000 ) ) ;
#2783 = CARTESIAN_POINT ( 'NONE',  ( -11.31386200582119628, -1.260923609700769221, 0.1250000000000000000 ) ) ;
#2784 = ORIENTED_EDGE ( 'NONE', *, *, #1305, .T. ) ;
#2785 = AXIS2_PLACEMENT_3D ( 'NONE', #234, #3509, #195 ) ;
#2786 = CARTESIAN_POINT ( 'NONE',  ( -11.70225281819948293, -1.006896116100389094, 0.3658661068716435594 ) ) ;
#2787 = ORIENTED_EDGE ( 'NONE', *, *, #1002, .F. ) ;
#2788 = EDGE_CURVE ( 'NONE', #3755, #3600, #1233, .T. ) ;
#2789 = VECTOR ( 'NONE', #2734, 100.0000000000000000 ) ;
#2790 = ADVANCED_FACE ( 'NONE', ( #4423 ), #3603, .T. ) ;
#2791 = CIRCLE ( 'NONE', #3095, 0.6349999999999994538 ) ;
#2792 = APPLICATION_PROTOCOL_DEFINITION ( 'draft international standard', 'automotive_design', 1998, #2424 ) ;
#2793 = ORIENTED_EDGE ( 'NONE', *, *, #1997, .F. ) ;
#2794 = DIRECTION ( 'NONE',  ( 0.6320307779411487026, 0.7749432854958526740, 0.000000000000000000 ) ) ;
#2795 = DIRECTION ( 'NONE',  ( 0.000000000000000000, 0.7546413764697631477, -0.6561374801974210191 ) ) ;
#2796 = ORIENTED_EDGE ( 'NONE', *, *, #489, .F. ) ;
#2797 = CLOSED_SHELL ( 'NONE', ( #3053, #2382, #1646, #2507, #3828, #2994, #1337, #3855, #4058, #2873, #1578, #2434, #1905, #318, #2150, #1134, #4370, #1031, #1226, #3713, #760, #2884, #1370, #3544, #2622, #160, #4145, #3349, #4200, #1799, #1837, #2738, #3204, #2253, #797, #2074, #3454, #3586, #3426, #3655, #4574, #4228, #3498, #2547, #3563, #1406, #2737, #849, #4483, #883, #1488, #3040, #3939, #161, #843, #2136, #2050, #2790, #1358, #1843, #1329, #91, #2229, #1137, #4009, #3151, #3283, #2639, #207, #3724, #2279, #2458, #3527, #544, #787, #141, #1353, #4290, #2870, #4607, #1114, #1087, #1504, #530, #497, #2779, #3925, #677, #3770, #2285, #1347, #1702, #532, #4537, #593, #2504, #2376, #4395, #1931, #1162, #1152, #1992, #400, #3216, #2695, #3342, #3694, #3702, #3647, #3373, #260, #4172, #3064, #2605, #3352, #672, #1860, #2104, #4064, #2359, #231, #1290, #998, #3505, #4282, #4532, #1762, #229, #1140, #4353, #2387, #2266, #924, #1634, #3196, #3014, #1749, #285, #1509, #2989, #3675, #177, #2485, #4084, #3442, #392, #440, #1849, #2211, #4330, #2729, #1424, #3522, #4436, #1378, #4406, #561, #2752, #3311 ) ) ;
#2798 = EDGE_CURVE ( 'NONE', #332, #430, #4726, .T. ) ;
#2799 = EDGE_LOOP ( 'NONE', ( #3568, #105, #4090, #3970 ) ) ;
#2800 = CIRCLE ( 'NONE', #3022, 0.1249999999999997918 ) ;
#2801 = CARTESIAN_POINT ( 'NONE',  ( -11.62519584644259396, 2.148364723885052285, 0.4820832176843337646 ) ) ;
#2802 = LINE ( 'NONE', #3910, #2722 ) ;
#2803 = DIRECTION ( 'NONE',  ( 0.000000000000000000, -0.000000000000000000, 1.000000000000000000 ) ) ;
#2804 = CIRCLE ( 'NONE', #2571, 0.06250000000000065226 ) ;
#2805 =( BOUNDED_CURVE ( )  B_SPLINE_CURVE ( 3, ( #3772, #2991, #1165, #2633 ),
 .UNSPECIFIED., .F., .F. ) 
 B_SPLINE_CURVE_WITH_KNOTS ( ( 4, 4 ),
 ( 1.847538572040284599, 2.087465748914480557 ),
 .UNSPECIFIED. ) 
 CURVE ( )  GEOMETRIC_REPRESENTATION_ITEM ( )  RATIONAL_B_SPLINE_CURVE ( ( 1.000000000000000000, 0.9952086627361982352, 0.9952086627361982352, 1.000000000000000000 ) ) 
 REPRESENTATION_ITEM ( '' )  );
#2806 = CARTESIAN_POINT ( 'NONE',  ( -11.62460707481064404, 2.041752672491157217, 0.7438623390837131311 ) ) ;
#2807 = EDGE_LOOP ( 'NONE', ( #353, #3460, #1478 ) ) ;
#2808 = ORIENTED_EDGE ( 'NONE', *, *, #2032, .F. ) ;
#2809 = DIRECTION ( 'NONE',  ( -1.000000000000000000, 0.000000000000000000, 0.000000000000000000 ) ) ;
#2810 = LINE ( 'NONE', #261, #2854 ) ;
#2811 = ORIENTED_EDGE ( 'NONE', *, *, #4513, .T. ) ;
#2812 = VERTEX_POINT ( 'NONE', #3658 ) ;
#2813 = DIRECTION ( 'NONE',  ( -0.1120543339847356046, -0.9937020812271841752, 0.000000000000000000 ) ) ;
#2814 = CARTESIAN_POINT ( 'NONE',  ( -11.48733405561182863, 1.955275890537222949, 0.3475602806958021929 ) ) ;
#2815 = ORIENTED_EDGE ( 'NONE', *, *, #291, .F. ) ;
#2816 = EDGE_CURVE ( 'NONE', #2509, #1901, #2776, .T. ) ;
#2817 = VERTEX_POINT ( 'NONE', #1818 ) ;
#2818 = DIRECTION ( 'NONE',  ( -6.919290498339884455E-17, 1.217868044080093535E-16, 1.000000000000000000 ) ) ;
#2819 = DIRECTION ( 'NONE',  ( -1.000000000000000000, 0.000000000000000000, 0.000000000000000000 ) ) ;
#2820 = CARTESIAN_POINT ( 'NONE',  ( -11.77876013238799224, 1.789702806178248506, 0.3475602806958023039 ) ) ;
#2821 = LINE ( 'NONE', #4413, #704 ) ;
#2822 = LINE ( 'NONE', #3436, #1108 ) ;
#2823 = DIRECTION ( 'NONE',  ( -0.000000000000000000, 0.000000000000000000, 1.000000000000000000 ) ) ;
#2824 = VERTEX_POINT ( 'NONE', #4700 ) ;
#2825 = EDGE_LOOP ( 'NONE', ( #2769, #3550, #2636, #219 ) ) ;
#2826 = DIRECTION ( 'NONE',  ( 0.000000000000000000, -0.000000000000000000, -1.000000000000000000 ) ) ;
#2827 = FACE_OUTER_BOUND ( 'NONE', #1346, .T. ) ;
#2828 = VERTEX_POINT ( 'NONE', #3306 ) ;
#2829 = ORIENTED_EDGE ( 'NONE', *, *, #4688, .F. ) ;
#2830 = FACE_OUTER_BOUND ( 'NONE', #1650, .T. ) ;
#2831 = DIRECTION ( 'NONE',  ( 0.8694692613686597626, 0.4939870479425924055, 0.000000000000000000 ) ) ;
#2832 = CARTESIAN_POINT ( 'NONE',  ( -10.14867530369874338, -0.1242344692354277885, 0.3658661068716437259 ) ) ;
#2833 = EDGE_LOOP ( 'NONE', ( #139, #325, #2595, #1005 ) ) ;
#2834 = EDGE_CURVE ( 'NONE', #972, #4533, #1696, .T. ) ;
#2835 = EDGE_CURVE ( 'NONE', #343, #1582, #1053, .T. ) ;
#2836 = ORIENTED_EDGE ( 'NONE', *, *, #3592, .T. ) ;
#2837 = DIRECTION ( 'NONE',  ( 0.8694692613686837435, 0.4939870479425503280, 0.000000000000000000 ) ) ;
#2838 = CARTESIAN_POINT ( 'NONE',  ( -7.146592091119913448, -3.041666666666666075, 0.4375000000000000555 ) ) ;
#2839 = CARTESIAN_POINT ( 'NONE',  ( -13.04411535150948609, 2.250695823602320900, 1.250000000000000000 ) ) ;
#2840 = EDGE_CURVE ( 'NONE', #963, #76, #1894, .T. ) ;
#2841 = CYLINDRICAL_SURFACE ( 'NONE', #4702, 0.1250000000000000000 ) ;
#2842 = CYLINDRICAL_SURFACE ( 'NONE', #3569, 0.06249999999999996531 ) ;
#2843 = DIRECTION ( 'NONE',  ( -0.3493015914185337856, 0.6148076107470425988, -0.7071067811865424657 ) ) ;
#2844 = ORIENTED_EDGE ( 'NONE', *, *, #1639, .T. ) ;
#2845 = ORIENTED_EDGE ( 'NONE', *, *, #2840, .F. ) ;
#2846 = AXIS2_PLACEMENT_3D ( 'NONE', #4016, #3333, #4385 ) ;
#2847 = EDGE_CURVE ( 'NONE', #1110, #949, #3361, .T. ) ;
#2848 = VECTOR ( 'NONE', #538, 100.0000000000000000 ) ;
#2849 = CARTESIAN_POINT ( 'NONE',  ( -9.277683156058252223, 0.2337726502457705136, 0.4190588100172646380 ) ) ;
#2850 = CARTESIAN_POINT ( 'NONE',  ( -12.91016909932539747, 1.119163830450632169, 1.250000000000000000 ) ) ;
#2851 = ORIENTED_EDGE ( 'NONE', *, *, #4014, .F. ) ;
#2852 = ORIENTED_EDGE ( 'NONE', *, *, #1186, .T. ) ;
#2853 = CIRCLE ( 'NONE', #2317, 0.06249999999999990979 ) ;
#2854 = VECTOR ( 'NONE', #971, 100.0000000000000000 ) ;
#2855 = EDGE_CURVE ( 'NONE', #1748, #232, #3089, .T. ) ;
#2856 = DIRECTION ( 'NONE',  ( -0.000000000000000000, 0.000000000000000000, 1.000000000000000000 ) ) ;
#2857 = CIRCLE ( 'NONE', #3710, 0.1249999999999999306 ) ;
#2858 = EDGE_CURVE ( 'NONE', #3620, #4604, #4245, .T. ) ;
#2859 = CIRCLE ( 'NONE', #712, 0.3175000000000011147 ) ;
#2860 = DIRECTION ( 'NONE',  ( -0.000000000000000000, 0.000000000000000000, 1.000000000000000000 ) ) ;
#2861 = ORIENTED_EDGE ( 'NONE', *, *, #4542, .F. ) ;
#2862 = VECTOR ( 'NONE', #2459, 100.0000000000000142 ) ;
#2863 = AXIS2_PLACEMENT_3D ( 'NONE', #4502, #3062, #1891 ) ;
#2864 = ORIENTED_EDGE ( 'NONE', *, *, #513, .T. ) ;
#2865 = LINE ( 'NONE', #681, #16 ) ;
#2866 = DIRECTION ( 'NONE',  ( 0.5999999999999999778, 0.000000000000000000, 0.8000000000000000444 ) ) ;
#2867 = AXIS2_PLACEMENT_3D ( 'NONE', #4707, #3200, #2135 ) ;
#2868 = CARTESIAN_POINT ( 'NONE',  ( -10.32771517740232525, -1.017998894301387347, 0.000000000000000000 ) ) ;
#2869 = TOROIDAL_SURFACE ( 'NONE', #3411, 0.7599999999999995648, 0.1250000000000000000 ) ;
#2870 = ADVANCED_FACE ( 'NONE', ( #1912 ), #100, .T. ) ;
#2871 = DIRECTION ( 'NONE',  ( 5.892993154733278871E-33, -1.037228896351944443E-32, 1.000000000000000000 ) ) ;
#2872 = CARTESIAN_POINT ( 'NONE',  ( -13.04411535150948609, 2.250695823602320900, 1.125000000000000222 ) ) ;
#2873 = ADVANCED_FACE ( 'NONE', ( #4504 ), #2658, .F. ) ;
#2874 = ORIENTED_EDGE ( 'NONE', *, *, #1888, .T. ) ;
#2875 = CARTESIAN_POINT ( 'NONE',  ( -11.56080051161150735, 2.015193902870662246, 0.3216719330474816507 ) ) ;
#2876 = VECTOR ( 'NONE', #3541, 100.0000000000000000 ) ;
#2877 = ORIENTED_EDGE ( 'NONE', *, *, #3496, .T. ) ;
#2878 = VECTOR ( 'NONE', #1155, 100.0000000000000000 ) ;
#2879 = DIRECTION ( 'NONE',  ( 1.000000000000000000, -9.251858538542963939E-16, 0.000000000000000000 ) ) ;
#2880 = DIRECTION ( 'NONE',  ( 1.000000000000000000, 0.000000000000000000, 0.000000000000000000 ) ) ;
#2881 = ORIENTED_EDGE ( 'NONE', *, *, #3496, .F. ) ;
#2882 = EDGE_CURVE ( 'NONE', #699, #688, #4388, .T. ) ;
#2883 = EDGE_LOOP ( 'NONE', ( #1217, #4748, #3432, #3281 ) ) ;
#2884 = ADVANCED_FACE ( 'NONE', ( #1206 ), #4153, .F. ) ;
#2885 = VECTOR ( 'NONE', #1216, 99.99999999999998579 ) ;
#2886 = DIRECTION ( 'NONE',  ( 0.4939870479425903516, -0.8694692613686609839, 0.000000000000000000 ) ) ;
#2887 = DIRECTION ( 'NONE',  ( 0.000000000000000000, -0.000000000000000000, -1.000000000000000000 ) ) ;
#2888 = VECTOR ( 'NONE', #934, 100.0000000000000000 ) ;
#2889 = DIRECTION ( 'NONE',  ( 1.000000000000000000, 0.000000000000000000, 0.000000000000000000 ) ) ;
#2890 = ORIENTED_EDGE ( 'NONE', *, *, #993, .T. ) ;
#2891 = DIRECTION ( 'NONE',  ( 0.000000000000000000, -0.000000000000000000, -1.000000000000000000 ) ) ;
#2892 = ORIENTED_EDGE ( 'NONE', *, *, #4113, .T. ) ;
#2893 = CARTESIAN_POINT ( 'NONE',  ( -11.72408416766313799, -0.9684706404286993475, 0.3475602806958025259 ) ) ;
#2894 = CARTESIAN_POINT ( 'NONE',  ( -11.61243561814753100, 2.036686439532412241, 0.7565803274235420872 ) ) ;
#2895 = DIRECTION ( 'NONE',  ( -1.000000000000000000, 0.000000000000000000, 0.000000000000000000 ) ) ;
#2896 = CARTESIAN_POINT ( 'NONE',  ( -10.35202871558757209, 0.3034802801820321583, 1.125000000000000222 ) ) ;
#2897 = CARTESIAN_POINT ( 'NONE',  ( -12.77507662415331424, 1.478734417065328488, 0.1249999999999999445 ) ) ;
#2898 = DIRECTION ( 'NONE',  ( 0.9341530342453973068, 0.3568726784304422917, -0.000000000000000000 ) ) ;
#2899 = ORIENTED_EDGE ( 'NONE', *, *, #638, .F. ) ;
#2900 = DIRECTION ( 'NONE',  ( 0.7690358092104008225, 0.000000000000000000, 0.6392056978407686385 ) ) ;
#2901 = CARTESIAN_POINT ( 'NONE',  ( -12.93448082989525361, 1.306623384488034390, 0.7211957243559146136 ) ) ;
#2902 = EDGE_CURVE ( 'NONE', #193, #829, #3322, .T. ) ;
#2903 = DIRECTION ( 'NONE',  ( -0.000000000000000000, 0.000000000000000000, 1.000000000000000000 ) ) ;
#2904 = VERTEX_POINT ( 'NONE', #2321 ) ;
#2905 = ORIENTED_EDGE ( 'NONE', *, *, #2495, .F. ) ;
#2906 = CARTESIAN_POINT ( 'NONE',  ( -7.146592091119913448, -0.5416666666666667407, 0.4375000000000000555 ) ) ;
#2907 = CARTESIAN_POINT ( 'NONE',  ( -11.48733405561183041, 1.955275890537222505, 0.8632745012477016644 ) ) ;
#2908 = CARTESIAN_POINT ( 'NONE',  ( -9.433839773493717829, 0.2955585981096828796, 0.8568463499336804734 ) ) ;
#2909 = ORIENTED_EDGE ( 'NONE', *, *, #2731, .T. ) ;
#2910 = CARTESIAN_POINT ( 'NONE',  ( -10.46154243181374177, -0.6676915064593638149, 1.250000000000000000 ) ) ;
#2911 = ORIENTED_EDGE ( 'NONE', *, *, #3746, .T. ) ;
#2912 = CYLINDRICAL_SURFACE ( 'NONE', #4163, 0.06250000000000005551 ) ;
#2913 = DIRECTION ( 'NONE',  ( 1.000000000000000000, 0.000000000000000000, 0.000000000000000000 ) ) ;
#2914 = DIRECTION ( 'NONE',  ( 1.000000000000000000, 0.000000000000000000, 0.000000000000000000 ) ) ;
#2915 = DIRECTION ( 'NONE',  ( -0.7749432854958510086, 0.6320307779411505900, 0.000000000000000000 ) ) ;
#2916 = LINE ( 'NONE', #4722, #1241 ) ;
#2917 = VERTEX_POINT ( 'NONE', #3066 ) ;
#2918 = DIRECTION ( 'NONE',  ( 0.4939870479425503835, -0.8694692613686837435, -1.192944871586615445E-32 ) ) ;
#2919 = CARTESIAN_POINT ( 'NONE',  ( -13.26832597689305615, 1.116949998708081759, 0.7123861535993831762 ) ) ;
#2920 = CARTESIAN_POINT ( 'NONE',  ( -7.655161695924385334, 4.183345094437170175, 0.3658661068716422271 ) ) ;
#2921 = VECTOR ( 'NONE', #450, 100.0000000000000000 ) ;
#2922 = ORIENTED_EDGE ( 'NONE', *, *, #287, .F. ) ;
#2923 = ORIENTED_EDGE ( 'NONE', *, *, #2763, .F. ) ;
#2924 = VECTOR ( 'NONE', #437, 100.0000000000000142 ) ;
#2925 = CARTESIAN_POINT ( 'NONE',  ( -11.94472406075625592, -1.339250392421621028, 0.7123861535993826211 ) ) ;
#2926 = EDGE_CURVE ( 'NONE', #1130, #2084, #1930, .T. ) ;
#2927 = FACE_OUTER_BOUND ( 'NONE', #1649, .T. ) ;
#2928 = AXIS2_PLACEMENT_3D ( 'NONE', #3589, #309, #267 ) ;
#2929 = DIRECTION ( 'NONE',  ( 0.000000000000000000, -1.000000000000000000, 0.000000000000000000 ) ) ;
#2930 = ORIENTED_EDGE ( 'NONE', *, *, #300, .T. ) ;
#2931 = VECTOR ( 'NONE', #2759, 99.99999999999998579 ) ;
#2932 = EDGE_CURVE ( 'NONE', #972, #978, #864, .T. ) ;
#2933 = AXIS2_PLACEMENT_3D ( 'NONE', #4656, #3849, #2040 ) ;
#2934 = VECTOR ( 'NONE', #3989, 100.0000000000000142 ) ;
#2935 = LINE ( 'NONE', #749, #1261 ) ;
#2936 = VERTEX_POINT ( 'NONE', #1550 ) ;
#2937 = DIRECTION ( 'NONE',  ( -0.000000000000000000, 0.000000000000000000, 1.000000000000000000 ) ) ;
#2938 = DIRECTION ( 'NONE',  ( 0.3493015914185310100, -0.6148076107470366036, 0.7071067811865489050 ) ) ;
#2939 = DIRECTION ( 'NONE',  ( 0.08713130266402953350, 0.7726836947607493844, 0.6287829863688636500 ) ) ;
#2940 = VECTOR ( 'NONE', #280, 100.0000000000000142 ) ;
#2941 = VECTOR ( 'NONE', #416, 100.0000000000000000 ) ;
#2942 = EDGE_CURVE ( 'NONE', #3491, #2904, #1700, .T. ) ;
#2943 = VECTOR ( 'NONE', #809, 99.99999999999998579 ) ;
#2944 = VECTOR ( 'NONE', #823, 100.0000000000000142 ) ;
#2945 = DIRECTION ( 'NONE',  ( -0.8694692613686837435, -0.4939870479425502725, -3.925231146709445312E-17 ) ) ;
#2946 = DIRECTION ( 'NONE',  ( 0.000000000000000000, 0.7546413764697665894, -0.6561374801974171334 ) ) ;
#2947 = DIRECTION ( 'NONE',  ( -0.4939870479425931826, 0.8694692613686595406, -0.000000000000000000 ) ) ;
#2948 = ORIENTED_EDGE ( 'NONE', *, *, #3213, .T. ) ;
#2949 = FACE_OUTER_BOUND ( 'NONE', #2381, .T. ) ;
#2950 = AXIS2_PLACEMENT_3D ( 'NONE', #73, #1511, #1147 ) ;
#2951 = AXIS2_PLACEMENT_3D ( 'NONE', #2068, #1058, #4731 ) ;
#2952 = DIRECTION ( 'NONE',  ( 0.4939870479425472749, -0.8694692613686855198, 0.000000000000000000 ) ) ;
#2953 = DIRECTION ( 'NONE',  ( -0.3493015914185312321, 0.6148076107470368257, 0.7071067811865487940 ) ) ;
#2954 = EDGE_LOOP ( 'NONE', ( #3287, #1798, #376, #477 ) ) ;
#2955 = ORIENTED_EDGE ( 'NONE', *, *, #662, .T. ) ;
#2956 = CIRCLE ( 'NONE', #3337, 0.1250000000000001665 ) ;
#2957 = CARTESIAN_POINT ( 'NONE',  ( -2.782773152803167171, -2.916666666666666075, -2.460364203737558153 ) ) ;
#2958 = CARTESIAN_POINT ( 'NONE',  ( -11.87174743525723741, 2.026843821283005553, 1.125000000000000222 ) ) ;
#2959 = EDGE_CURVE ( 'NONE', #2233, #3267, #4102, .T. ) ;
#2960 =( BOUNDED_CURVE ( )  B_SPLINE_CURVE ( 3, ( #2065, #3901, #2471, #910 ),
 .UNSPECIFIED., .F., .F. ) 
 B_SPLINE_CURVE_WITH_KNOTS ( ( 4, 4 ),
 ( 2.356194490192351942, 3.141592653589793116 ),
 .UNSPECIFIED. ) 
 CURVE ( )  GEOMETRIC_REPRESENTATION_ITEM ( )  RATIONAL_B_SPLINE_CURVE ( ( 1.000000000000000000, 0.9492530216741920102, 0.9492530216741920102, 1.000000000000000000 ) ) 
 REPRESENTATION_ITEM ( '' )  );
#2961 = ORIENTED_EDGE ( 'NONE', *, *, #4738, .F. ) ;
#2962 = CARTESIAN_POINT ( 'NONE',  ( -7.021592091119913448, -2.916666666666666075, 0.4375000000000000555 ) ) ;
#2963 = ORIENTED_EDGE ( 'NONE', *, *, #2816, .F. ) ;
#2964 = DIRECTION ( 'NONE',  ( -1.000000000000000000, 0.000000000000000000, 0.000000000000000000 ) ) ;
#2965 = EDGE_CURVE ( 'NONE', #958, #2232, #1188, .T. ) ;
#2966 = DIRECTION ( 'NONE',  ( 0.4939870479425503835, -0.8694692613686837435, -1.192944871586615445E-32 ) ) ;
#2967 = CYLINDRICAL_SURFACE ( 'NONE', #391, 0.06250000000000005551 ) ;
#2968 = CYLINDRICAL_SURFACE ( 'NONE', #2483, 0.1250000000000004996 ) ;
#2969 = CARTESIAN_POINT ( 'NONE',  ( -3.591591217775111922, -4.403708799636721238, 1.125000000000000222 ) ) ;
#2970 = LINE ( 'NONE', #3377, #2341 ) ;
#2971 = CARTESIAN_POINT ( 'NONE',  ( -11.62519584644441650, 2.148364723886540872, 1.250000000000000000 ) ) ;
#2972 = CARTESIAN_POINT ( 'NONE',  ( -9.471597371891892436, 0.3112747769320534652, 0.2850602806958025259 ) ) ;
#2973 = ORIENTED_EDGE ( 'NONE', *, *, #2647, .F. ) ;
#2974 = ORIENTED_EDGE ( 'NONE', *, *, #1348, .T. ) ;
#2975 = CARTESIAN_POINT ( 'NONE',  ( -9.325107847934390293, 0.2209617277617682840, 0.7123861535993825100 ) ) ;
#2976 = DIRECTION ( 'NONE',  ( 0.5999999999999993117, 0.000000000000000000, -0.8000000000000004885 ) ) ;
#2977 = SPHERICAL_SURFACE ( 'NONE', #1771, 0.1250000000000000000 ) ;
#2978 = DIRECTION ( 'NONE',  ( 0.4939870479425930716, -0.8694692613686593186, 0.000000000000000000 ) ) ;
#2979 = EDGE_LOOP ( 'NONE', ( #763, #888, #2973, #481, #2742 ) ) ;
#2980 = DIRECTION ( 'NONE',  ( 0.3493015914185317872, -0.6148076107470389351, -0.7071067811865464625 ) ) ;
#2981 = ORIENTED_EDGE ( 'NONE', *, *, #522, .T. ) ;
#2982 = CARTESIAN_POINT ( 'NONE',  ( -7.563258757786581299, -0.5416666666666666297, 0.000000000000000000 ) ) ;
#2983 = CARTESIAN_POINT ( 'NONE',  ( -9.254731733816658590, 0.2150538542697161826, 0.7459812913574688231 ) ) ;
#2984 = EDGE_CURVE ( 'NONE', #3789, #2429, #4171, .T. ) ;
#2985 = DIRECTION ( 'NONE',  ( 0.6320307779411509230, 0.7749432854958506756, -0.000000000000000000 ) ) ;
#2986 = EDGE_CURVE ( 'NONE', #1582, #963, #2805, .T. ) ;
#2987 = CARTESIAN_POINT ( 'NONE',  ( -4.993225060410889427, -0.5019439023693381685, -2.030163713263545056 ) ) ;
#2988 = DIRECTION ( 'NONE',  ( 1.000000000000000000, 0.000000000000000000, 0.000000000000000000 ) ) ;
#2989 = ADVANCED_FACE ( 'NONE', ( #421 ), #3292, .T. ) ;
#2990 = LINE ( 'NONE', #2971, #4478 ) ;
#2991 = CARTESIAN_POINT ( 'NONE',  ( -12.94040323192175101, 1.202720559189975891, 0.3851455578235785104 ) ) ;
#2992 = VERTEX_POINT ( 'NONE', #518 ) ;
#2993 = ORIENTED_EDGE ( 'NONE', *, *, #2570, .T. ) ;
#2994 = ADVANCED_FACE ( 'NONE', ( #2372 ), #2549, .T. ) ;
#2995 = DIRECTION ( 'NONE',  ( 0.8694692613686609839, 0.4939870479425903516, 0.000000000000000000 ) ) ;
#2996 = CARTESIAN_POINT ( 'NONE',  ( -12.94172522464850950, 1.269436219307372271, 0.7670289611114350370 ) ) ;
#2997 = CARTESIAN_POINT ( 'NONE',  ( -13.64622281500728285, 1.908609792902076663, 0.000000000000000000 ) ) ;
#2998 = DIRECTION ( 'NONE',  ( 1.000000000000000000, 1.002006339914401052E-15, 0.000000000000000000 ) ) ;
#2999 = VERTEX_POINT ( 'NONE', #2442 ) ;
#3000 = EDGE_CURVE ( 'NONE', #453, #853, #2859, .T. ) ;
#3001 = AXIS2_PLACEMENT_3D ( 'NONE', #75, #2613, #4493 ) ;
#3002 =( NAMED_UNIT ( * ) SI_UNIT ( $, .STERADIAN. ) SOLID_ANGLE_UNIT ( ) );
#3003 = VERTEX_POINT ( 'NONE', #2753 ) ;
#3004 = AXIS2_PLACEMENT_3D ( 'NONE', #4686, #1393, #3984 ) ;
#3005 = DIRECTION ( 'NONE',  ( 0.000000000000000000, 0.000000000000000000, -1.000000000000000000 ) ) ;
#3006 = DIRECTION ( 'NONE',  ( 0.3493015914185020887, -0.6148076107470561436, -0.7071067811865463515 ) ) ;
#3007 = VECTOR ( 'NONE', #4258, 100.0000000000000000 ) ;
#3008 = CIRCLE ( 'NONE', #855, 0.06250000000000005551 ) ;
#3009 = DIRECTION ( 'NONE',  ( 0.4939870479425903516, -0.8694692613686610949, 1.206630991469145229E-15 ) ) ;
#3010 = AXIS2_PLACEMENT_3D ( 'NONE', #4744, #373, #1759 ) ;
#3011 = CARTESIAN_POINT ( 'NONE',  ( -12.94280178398323145, 1.242660592436279243, 0.7897777392620340953 ) ) ;
#3012 = CIRCLE ( 'NONE', #3870, 0.3750000000000003331 ) ;
#3013 = CARTESIAN_POINT ( 'NONE',  ( -11.26925292101738840, -1.377692738981443288, 1.250000000000000000 ) ) ;
#3014 = ADVANCED_FACE ( 'NONE', ( #230 ), #3798, .T. ) ;
#3015 = AXIS2_PLACEMENT_3D ( 'NONE', #1043, #3228, #2913 ) ;
#3016 = FACE_OUTER_BOUND ( 'NONE', #4227, .T. ) ;
#3017 = DIRECTION ( 'NONE',  ( 0.6000000000000003109, 0.000000000000000000, -0.7999999999999997113 ) ) ;
#3018 = ORIENTED_EDGE ( 'NONE', *, *, #782, .T. ) ;
#3019 = CIRCLE ( 'NONE', #4181, 0.06250000000000012490 ) ;
#3020 = EDGE_LOOP ( 'NONE', ( #750, #4732, #2059, #3846 ) ) ;
#3021 = VECTOR ( 'NONE', #961, 100.0000000000000000 ) ;
#3022 = AXIS2_PLACEMENT_3D ( 'NONE', #1193, #2559, #367 ) ;
#3023 = CARTESIAN_POINT ( 'NONE',  ( -9.287897071309862085, 0.2421029486342152204, 0.7123861535993825100 ) ) ;
#3024 = CARTESIAN_POINT ( 'NONE',  ( -1.020553302760442760, 2.671409222403203998, 1.250000000000000000 ) ) ;
#3025 = CARTESIAN_POINT ( 'NONE',  ( -8.549155290178772404, -0.3604024880406287989, 0.1250000000000000000 ) ) ;
#3026 = DIRECTION ( 'NONE',  ( 0.7749432854958504535, -0.6320307779411514781, 0.000000000000000000 ) ) ;
#3027 = CYLINDRICAL_SURFACE ( 'NONE', #2157, 0.06249999999999979877 ) ;
#3028 = EDGE_LOOP ( 'NONE', ( #1587, #127, #3197, #1819 ) ) ;
#3029 = TOROIDAL_SURFACE ( 'NONE', #1956, 0.1250000000000000000, 0.1250000000000000000 ) ;
#3030 = ORIENTED_EDGE ( 'NONE', *, *, #3059, .T. ) ;
#3031 = CYLINDRICAL_SURFACE ( 'NONE', #1415, 0.8174999999999987832 ) ;
#3032 = CIRCLE ( 'NONE', #808, 0.2500000000000002220 ) ;
#3033 = CARTESIAN_POINT ( 'NONE',  ( -9.387783735357132286, -5.333648675345473933, 0.000000000000000000 ) ) ;
#3034 = VERTEX_POINT ( 'NONE', #191 ) ;
#3035 = B_SPLINE_CURVE_WITH_KNOTS ( 'NONE', 3,
 ( #201, #599, #2449, #2045 ),
 .UNSPECIFIED., .F., .F.,
 ( 4, 4 ),
 ( 5.204170427930421283E-18, 0.0004950762840089054789 ),
 .UNSPECIFIED. ) ;
#3036 = CARTESIAN_POINT ( 'NONE',  ( -7.146592091119913448, -2.916666666666666075, 0.4375000000000000555 ) ) ;
#3037 = DIRECTION ( 'NONE',  ( -0.000000000000000000, -0.000000000000000000, -1.000000000000000000 ) ) ;
#3038 = LINE ( 'NONE', #1959, #2941 ) ;
#3039 = EDGE_CURVE ( 'NONE', #302, #928, #3506, .T. ) ;
#3040 = ADVANCED_FACE ( 'NONE', ( #3547 ), #3121, .T. ) ;
#3041 = DIRECTION ( 'NONE',  ( -0.3493015914185311210, 0.6148076107470366036, -0.7071067811865487940 ) ) ;
#3042 = DIRECTION ( 'NONE',  ( 1.000000000000000000, 0.000000000000000000, 0.000000000000000000 ) ) ;
#3043 = EDGE_LOOP ( 'NONE', ( #4154, #1706, #3220, #3368 ) ) ;
#3044 = EDGE_LOOP ( 'NONE', ( #292, #383, #214, #2720 ) ) ;
#3045 = EDGE_CURVE ( 'NONE', #76, #381, #473, .T. ) ;
#3046 = DIRECTION ( 'NONE',  ( -0.000000000000000000, -1.000000000000000000, -0.000000000000000000 ) ) ;
#3047 = DIRECTION ( 'NONE',  ( -1.000000000000000000, 0.000000000000000000, 0.000000000000000000 ) ) ;
#3048 = SPHERICAL_SURFACE ( 'NONE', #4308, 0.1250000000000000000 ) ;
#3049 = EDGE_LOOP ( 'NONE', ( #3700, #4616, #2851, #3762 ) ) ;
#3050 = CARTESIAN_POINT ( 'NONE',  ( -11.90417521761478348, 1.891989251347880208, 0.7123861535993830651 ) ) ;
#3051 = ORIENTED_EDGE ( 'NONE', *, *, #431, .F. ) ;
#3052 = EDGE_CURVE ( 'NONE', #928, #921, #990, .T. ) ;
#3053 = ADVANCED_FACE ( 'NONE', ( #636 ), #687, .T. ) ;
#3054 = CARTESIAN_POINT ( 'NONE',  ( -11.55446392548339141, 2.090676952578652603, 0.4984486283441197374 ) ) ;
#3055 = ORIENTED_EDGE ( 'NONE', *, *, #840, .F. ) ;
#3056 = DIRECTION ( 'NONE',  ( 0.000000000000000000, -1.000000000000000000, 0.000000000000000000 ) ) ;
#3057 = DIRECTION ( 'NONE',  ( 0.8694692613686837435, 0.4939870479425502725, -0.000000000000000000 ) ) ;
#3058 = ORIENTED_EDGE ( 'NONE', *, *, #3045, .F. ) ;
#3059 = EDGE_CURVE ( 'NONE', #361, #3425, #560, .T. ) ;
#3060 = CARTESIAN_POINT ( 'NONE',  ( -9.362499999999998934, -1.666666666666666297, 0.1249999999999999445 ) ) ;
#3061 = FACE_OUTER_BOUND ( 'NONE', #1189, .T. ) ;
#3062 = DIRECTION ( 'NONE',  ( 0.000000000000000000, 0.000000000000000000, 1.000000000000000000 ) ) ;
#3063 = EDGE_CURVE ( 'NONE', #3416, #1513, #3711, .T. ) ;
#3064 = ADVANCED_FACE ( 'NONE', ( #3212 ), #1756, .F. ) ;
#3065 = DIRECTION ( 'NONE',  ( 0.000000000000000000, 0.000000000000000000, -1.000000000000000000 ) ) ;
#3066 = CARTESIAN_POINT ( 'NONE',  ( -11.48733405561183041, 1.955275890537222505, 0.8632745012477016644 ) ) ;
#3067 = ORIENTED_EDGE ( 'NONE', *, *, #1361, .T. ) ;
#3068 = ORIENTED_EDGE ( 'NONE', *, *, #2926, .F. ) ;
#3069 = DIRECTION ( 'NONE',  ( 1.000000000000000000, 0.000000000000000000, 0.000000000000000000 ) ) ;
#3070 = CARTESIAN_POINT ( 'NONE',  ( -7.563258757786579523, -0.5416666666666666297, 1.125000000000000222 ) ) ;
#3071 = CARTESIAN_POINT ( 'NONE',  ( -9.432095448270571225, 0.3597087322755450067, 0.8632745012477015534 ) ) ;
#3072 = ORIENTED_EDGE ( 'NONE', *, *, #1887, .T. ) ;
#3073 = LINE ( 'NONE', #1673, #2691 ) ;
#3074 = VERTEX_POINT ( 'NONE', #3280 ) ;
#3075 = DIRECTION ( 'NONE',  ( 1.000000000000000000, 0.000000000000000000, 0.000000000000000000 ) ) ;
#3076 = ORIENTED_EDGE ( 'NONE', *, *, #4250, .T. ) ;
#3077 = EDGE_CURVE ( 'NONE', #4505, #748, #529, .T. ) ;
#3078 = DIRECTION ( 'NONE',  ( -1.000000000000000000, 0.000000000000000000, 0.000000000000000000 ) ) ;
#3079 = DIRECTION ( 'NONE',  ( 0.4939870479425909067, -0.8694692613686606508, 9.714451465470135506E-15 ) ) ;
#3080 = ORIENTED_EDGE ( 'NONE', *, *, #671, .T. ) ;
#3081 = VECTOR ( 'NONE', #527, 100.0000000000000000 ) ;
#3082 = AXIS2_PLACEMENT_3D ( 'NONE', #3159, #3084, #3822 ) ;
#3083 = EDGE_LOOP ( 'NONE', ( #4364, #2705 ) ) ;
#3084 = DIRECTION ( 'NONE',  ( -0.4939870479425914063, 0.8694692613686604288, -1.206630991469144243E-15 ) ) ;
#3085 = CYLINDRICAL_SURFACE ( 'NONE', #1645, 0.06249999999999979877 ) ;
#3086 = LINE ( 'NONE', #4224, #2095 ) ;
#3087 = EDGE_CURVE ( 'NONE', #3947, #451, #2916, .T. ) ;
#3088 = AXIS2_PLACEMENT_3D ( 'NONE', #1247, #2721, #3858 ) ;
#3089 = CIRCLE ( 'NONE', #1548, 0.3750000000000003331 ) ;
#3090 = VECTOR ( 'NONE', #2496, 100.0000000000000000 ) ;
#3091 = VECTOR ( 'NONE', #2534, 100.0000000000000000 ) ;
#3092 = CARTESIAN_POINT ( 'NONE',  ( -11.61919730585026400, 2.039500916554357612, 0.7507930400187495801 ) ) ;
#3093 = ORIENTED_EDGE ( 'NONE', *, *, #899, .F. ) ;
#3094 = ORIENTED_EDGE ( 'NONE', *, *, #3719, .F. ) ;
#3095 = AXIS2_PLACEMENT_3D ( 'NONE', #2102, #3229, #4288 ) ;
#3096 = LINE ( 'NONE', #970, #2556 ) ;
#3097 = DIRECTION ( 'NONE',  ( -0.3493015914185311765, 0.6148076107470366036, -0.7071067811865487940 ) ) ;
#3098 = AXIS2_PLACEMENT_3D ( 'NONE', #266, #696, #3561 ) ;
#3099 = CARTESIAN_POINT ( 'NONE',  ( -13.04411535150948609, 2.250695823602320900, 0.000000000000000000 ) ) ;
#3100 = ORIENTED_EDGE ( 'NONE', *, *, #4309, .F. ) ;
#3101 = FACE_OUTER_BOUND ( 'NONE', #603, .T. ) ;
#3102 = EDGE_LOOP ( 'NONE', ( #357, #3743, #2778, #3812 ) ) ;
#3103 = CIRCLE ( 'NONE', #1953, 0.1249999999999999584 ) ;
#3104 =( NAMED_UNIT ( * ) PLANE_ANGLE_UNIT ( ) SI_UNIT ( $, .RADIAN. ) );
#3105 = EDGE_LOOP ( 'NONE', ( #4315, #2153, #3488, #3152, #4734, #1360 ) ) ;
#3106 = EDGE_CURVE ( 'NONE', #4233, #748, #1780, .T. ) ;
#3107 = CARTESIAN_POINT ( 'NONE',  ( -9.979390435127378112, 0.2614599049377561713, 1.250000000000000000 ) ) ;
#3108 = AXIS2_PLACEMENT_3D ( 'NONE', #42, #134, #3823 ) ;
#3109 = DIRECTION ( 'NONE',  ( -0.000000000000000000, -0.000000000000000000, -1.000000000000000000 ) ) ;
#3110 = ORIENTED_EDGE ( 'NONE', *, *, #671, .F. ) ;
#3111 = CIRCLE ( 'NONE', #1035, 0.06250000000000005551 ) ;
#3112 = EDGE_CURVE ( 'NONE', #2134, #1564, #3243, .T. ) ;
#3113 = STYLED_ITEM ( 'NONE', ( #476 ), #4595 ) ;
#3114 = ORIENTED_EDGE ( 'NONE', *, *, #2653, .F. ) ;
#3115 = CARTESIAN_POINT ( 'NONE',  ( -11.55474550537194744, 2.090906604424594306, 0.4913376759021813589 ) ) ;
#3116 = CARTESIAN_POINT ( 'NONE',  ( -12.93957905611191350, 1.282672815077941841, 0.7565803274235424203 ) ) ;
#3117 = CARTESIAN_POINT ( 'NONE',  ( -10.53185245195552078, -3.699531778277349137, -1.985969539439543352 ) ) ;
#3118 = CIRCLE ( 'NONE', #4650, 0.06250000000000001388 ) ;
#3119 = EDGE_CURVE ( 'NONE', #1402, #978, #630, .T. ) ;
#3120 = DIRECTION ( 'NONE',  ( 0.000000000000000000, -1.000000000000000000, 0.000000000000000000 ) ) ;
#3121 = SPHERICAL_SURFACE ( 'NONE', #3552, 0.1250000000000000000 ) ;
#3122 = ORIENTED_EDGE ( 'NONE', *, *, #3153, .T. ) ;
#3123 = EDGE_LOOP ( 'NONE', ( #3708, #2911, #1757, #1692 ) ) ;
#3124 = CARTESIAN_POINT ( 'NONE',  ( -12.69280178398323145, 1.242660592436279243, 1.250000000000000000 ) ) ;
#3125 = LINE ( 'NONE', #4582, #2931 ) ;
#3126 = VERTEX_POINT ( 'NONE', #2128 ) ;
#3127 = CARTESIAN_POINT ( 'NONE',  ( -11.53896916214785406, 1.976768427198971612, 0.8449686750718601314 ) ) ;
#3128 = VERTEX_POINT ( 'NONE', #3599 ) ;
#3129 = DIRECTION ( 'NONE',  ( 1.000000000000000000, 0.000000000000000000, 0.000000000000000000 ) ) ;
#3130 = ORIENTED_EDGE ( 'NONE', *, *, #578, .T. ) ;
#3131 = DIRECTION ( 'NONE',  ( 1.000000000000000000, 0.000000000000000000, 0.000000000000000000 ) ) ;
#3132 = DIRECTION ( 'NONE',  ( 0.4939870479425929606, -0.8694692613686595406, 0.000000000000000000 ) ) ;
#3133 = ORIENTED_EDGE ( 'NONE', *, *, #4580, .F. ) ;
#3134 = VERTEX_POINT ( 'NONE', #1020 ) ;
#3135 = EDGE_CURVE ( 'NONE', #921, #2430, #4341, .T. ) ;
#3136 = DIRECTION ( 'NONE',  ( 0.000000000000000000, 0.000000000000000000, 1.000000000000000000 ) ) ;
#3137 = CARTESIAN_POINT ( 'NONE',  ( -11.52129858799018614, 2.063627858214154287, 0.8891628488960195975 ) ) ;
#3138 = FACE_OUTER_BOUND ( 'NONE', #4292, .T. ) ;
#3139 = EDGE_CURVE ( 'NONE', #2999, #4424, #253, .T. ) ;
#3140 = EDGE_CURVE ( 'NONE', #4297, #1167, #2488, .T. ) ;
#3141 =( BOUNDED_SURFACE ( )  B_SPLINE_SURFACE ( 3, 2, ( 
 ( #142, #401, #1598 ),
 ( #2300, #1873, #3384 ),
 ( #4526, #93, #1555 ),
 ( #52, #3023, #2975 ) ),
 .UNSPECIFIED., .F., .F., .F. ) 
 B_SPLINE_SURFACE_WITH_KNOTS ( ( 4, 4 ),
 ( 3, 3 ),
 ( 5.497787143782136177, 6.283185307179586232 ),
 ( 0.000000000000000000, 1.000000000000000000 ),
 .UNSPECIFIED. ) 
 GEOMETRIC_REPRESENTATION_ITEM ( )  RATIONAL_B_SPLINE_SURFACE ( (
 ( 1.000000000000000000, 0.7923609257339266909, 1.000000000000000000),
 ( 1.000000000000000000, 0.8135571454879698683, 1.000000000000000000),
 ( 1.000000000000000000, 0.8251745600570734585, 1.000000000000000000),
 ( 1.000000000000000000, 0.8250982813697753659, 1.000000000000000000) ) ) 
 REPRESENTATION_ITEM ( '' )  SURFACE ( )  );
#3142 = CARTESIAN_POINT ( 'NONE',  ( -7.146592091119913448, -3.041666666666666075, 0.4374999999999983347 ) ) ;
#3143 = EDGE_CURVE ( 'NONE', #512, #3773, #4039, .T. ) ;
#3144 = ORIENTED_EDGE ( 'NONE', *, *, #2552, .T. ) ;
#3145 = ORIENTED_EDGE ( 'NONE', *, *, #1455, .F. ) ;
#3146 = DIRECTION ( 'NONE',  ( 0.4939870479425929606, -0.8694692613686595406, 1.400702817444028196E-16 ) ) ;
#3147 = DIRECTION ( 'NONE',  ( 0.8694692613686597626, 0.4939870479425924055, 0.000000000000000000 ) ) ;
#3148 = ORIENTED_EDGE ( 'NONE', *, *, #3737, .F. ) ;
#3149 = CYLINDRICAL_SURFACE ( 'NONE', #2312, 0.06249999999999979877 ) ;
#3150 = ORIENTED_EDGE ( 'NONE', *, *, #986, .T. ) ;
#3151 = ADVANCED_FACE ( 'NONE', ( #323 ), #1787, .T. ) ;
#3152 = ORIENTED_EDGE ( 'NONE', *, *, #1272, .T. ) ;
#3153 = EDGE_CURVE ( 'NONE', #4424, #125, #3012, .T. ) ;
#3154 = CYLINDRICAL_SURFACE ( 'NONE', #554, 0.06250000000000018041 ) ;
#3155 = CARTESIAN_POINT ( 'NONE',  ( -7.146592091119913448, -0.5416666666666674068, 0.4375000000000000555 ) ) ;
#3156 = ORIENTED_EDGE ( 'NONE', *, *, #1770, .T. ) ;
#3157 = ORIENTED_EDGE ( 'NONE', *, *, #434, .F. ) ;
#3158 = VECTOR ( 'NONE', #2594, 100.0000000000000142 ) ;
#3159 = CARTESIAN_POINT ( 'NONE',  ( -11.72913114844205040, -1.212630494117890922, 0.1249999999999999445 ) ) ;
#3160 = DIRECTION ( 'NONE',  ( -0.000000000000000000, 0.000000000000000000, 1.000000000000000000 ) ) ;
#3161 = B_SPLINE_CURVE_WITH_KNOTS ( 'NONE', 3,
 ( #2519, #4725, #3305, #2155, #2901, #3285 ),
 .UNSPECIFIED., .F., .F.,
 ( 4, 2, 4 ),
 ( 2.453269466693398698E-18, 0.0002600403038997943376, 0.0005200806077995862899 ),
 .UNSPECIFIED. ) ;
#3162 = CARTESIAN_POINT ( 'NONE',  ( -12.93564060461440057, 1.183252619953938378, 0.3658661068716428932 ) ) ;
#3163 = CARTESIAN_POINT ( 'NONE',  ( -13.04411535150948609, 2.250695823602320900, 1.125000000000000222 ) ) ;
#3164 = CIRCLE ( 'NONE', #4694, 0.06249999999999979183 ) ;
#3165 = ORIENTED_EDGE ( 'NONE', *, *, #2055, .F. ) ;
#3166 = ORIENTED_EDGE ( 'NONE', *, *, #2600, .T. ) ;
#3167 = CIRCLE ( 'NONE', #3706, 0.1249999999999999445 ) ;
#3168 = AXIS2_PLACEMENT_3D ( 'NONE', #3231, #1813, #1379 ) ;
#3169 = CARTESIAN_POINT ( 'NONE',  ( -12.05013514067618985, -1.153715783407038176, 0.8632745012477016644 ) ) ;
#3170 = CARTESIAN_POINT ( 'NONE',  ( -10.83200522101813945, -2.791666666666666075, 1.125000000000000222 ) ) ;
#3171 = ORIENTED_EDGE ( 'NONE', *, *, #3573, .F. ) ;
#3172 = CYLINDRICAL_SURFACE ( 'NONE', #2038, 0.06250000000000001388 ) ;
#3173 = ORIENTED_EDGE ( 'NONE', *, *, #3052, .F. ) ;
#3174 = AXIS2_PLACEMENT_3D ( 'NONE', #3616, #4649, #4008 ) ;
#3175 = DIRECTION ( 'NONE',  ( -0.8694692613686563210, -0.4939870479425987893, 0.000000000000000000 ) ) ;
#3176 = EDGE_LOOP ( 'NONE', ( #1480, #3110, #2328, #1266 ) ) ;
#3177 = CARTESIAN_POINT ( 'NONE',  ( -13.04411535150948609, 2.250695823602320900, 1.125000000000000222 ) ) ;
#3178 = LINE ( 'NONE', #1345, #2564 ) ;
#3179 = ORIENTED_EDGE ( 'NONE', *, *, #85, .T. ) ;
#3180 = TOROIDAL_SURFACE ( 'NONE', #4409, 0.3750000000000000000, 0.1250000000000000000 ) ;
#3181 = VECTOR ( 'NONE', #4709, 99.99999999999998579 ) ;
#3182 = EDGE_LOOP ( 'NONE', ( #2793, #2395, #4194, #4681, #3804, #1150, #3888, #396, #2683, #4588, #3583, #4252, #223, #90 ) ) ;
#3183 = VECTOR ( 'NONE', #3671, 100.0000000000000142 ) ;
#3184 = CARTESIAN_POINT ( 'NONE',  ( -11.89883227922713793, 1.887631640192536597, 0.4661321293817801137 ) ) ;
#3185 = DIRECTION ( 'NONE',  ( 0.000000000000000000, -0.000000000000000000, -1.000000000000000000 ) ) ;
#3186 = DIRECTION ( 'NONE',  ( -1.000000000000000000, 0.000000000000000000, 0.000000000000000000 ) ) ;
#3187 = CIRCLE ( 'NONE', #194, 0.1250000000000001110 ) ;
#3188 = DIRECTION ( 'NONE',  ( 1.000000000000000000, 0.000000000000000000, 0.000000000000000000 ) ) ;
#3189 = CARTESIAN_POINT ( 'NONE',  ( -9.279100077686049275, -5.271900294352648508, 0.8632745012477016644 ) ) ;
#3190 = CARTESIAN_POINT ( 'NONE',  ( -11.55186613604053747, 2.088558238973119874, 0.7413999319394077858 ) ) ;
#3191 = EDGE_LOOP ( 'NONE', ( #4606, #164, #4357, #783 ) ) ;
#3192 = AXIS2_PLACEMENT_3D ( 'NONE', #2910, #4032, #3320 ) ;
#3193 = ORIENTED_EDGE ( 'NONE', *, *, #1073, .F. ) ;
#3194 = DIRECTION ( 'NONE',  ( -9.915496131590894273E-33, 8.086912747056016450E-33, -1.000000000000000000 ) ) ;
#3195 = CARTESIAN_POINT ( 'NONE',  ( -13.25928313586030249, 1.101033645544230000, 0.4542544545199600492 ) ) ;
#3196 = ADVANCED_FACE ( 'NONE', ( #737 ), #3268, .T. ) ;
#3197 = ORIENTED_EDGE ( 'NONE', *, *, #2199, .F. ) ;
#3198 = VERTEX_POINT ( 'NONE', #4522 ) ;
#3199 = EDGE_CURVE ( 'NONE', #50, #3205, #65, .T. ) ;
#3200 = DIRECTION ( 'NONE',  ( -0.1120543339847369646, -0.9937020812271840642, -6.895193313727233204E-16 ) ) ;
#3201 = FACE_OUTER_BOUND ( 'NONE', #3515, .T. ) ;
#3202 = CARTESIAN_POINT ( 'NONE',  ( -11.81549336038782627, 1.819661812344965712, 0.3658661068716428932 ) ) ;
#3203 = ORIENTED_EDGE ( 'NONE', *, *, #1483, .F. ) ;
#3204 = ADVANCED_FACE ( 'NONE', ( #2225 ), #3749, .T. ) ;
#3205 = VERTEX_POINT ( 'NONE', #389 ) ;
#3206 = DIRECTION ( 'NONE',  ( 0.9341530342453954194, 0.3568726784304464550, 0.000000000000000000 ) ) ;
#3207 = DIRECTION ( 'NONE',  ( -0.8694692613686595406, -0.4939870479425929606, 0.000000000000000000 ) ) ;
#3208 = FACE_OUTER_BOUND ( 'NONE', #3478, .T. ) ;
#3209 = EDGE_CURVE ( 'NONE', #2209, #2353, #2293, .T. ) ;
#3210 = CARTESIAN_POINT ( 'NONE',  ( -9.404582838194999184, 0.3493489368144430673, 0.3475602806958025259 ) ) ;
#3211 = CYLINDRICAL_SURFACE ( 'NONE', #1718, 0.06250000000000001388 ) ;
#3212 = FACE_OUTER_BOUND ( 'NONE', #3308, .T. ) ;
#3213 = EDGE_CURVE ( 'NONE', #232, #930, #1554, .T. ) ;
#3214 = ORIENTED_EDGE ( 'NONE', *, *, #2708, .T. ) ;
#3215 = VERTEX_POINT ( 'NONE', #2273 ) ;
#3216 = ADVANCED_FACE ( 'NONE', ( #1543 ), #2603, .F. ) ;
#3217 = DIRECTION ( 'NONE',  ( 1.000000000000000000, 0.000000000000000000, 0.000000000000000000 ) ) ;
#3218 = DIRECTION ( 'NONE',  ( 1.000000000000000000, 0.000000000000000000, 0.000000000000000000 ) ) ;
#3219 = ORIENTED_EDGE ( 'NONE', *, *, #3087, .F. ) ;
#3220 = ORIENTED_EDGE ( 'NONE', *, *, #185, .F. ) ;
#3221 = CARTESIAN_POINT ( 'NONE',  ( -12.05013514067639413, -1.153715783407158968, 0.4100602806958026370 ) ) ;
#3222 = DIRECTION ( 'NONE',  ( 0.5668062099020046984, -0.4622776614639929060, 0.6819311432453475375 ) ) ;
#3223 = CARTESIAN_POINT ( 'NONE',  ( -10.35202871558757209, 0.3034802801820321583, 0.8632745012477016644 ) ) ;
#3224 = EDGE_LOOP ( 'NONE', ( #4391, #99, #3630, #2706 ) ) ;
#3225 = EDGE_CURVE ( 'NONE', #1825, #503, #1316, .T. ) ;
#3226 = ORIENTED_EDGE ( 'NONE', *, *, #2756, .T. ) ;
#3227 = CYLINDRICAL_SURFACE ( 'NONE', #4419, 0.1250000000000000278 ) ;
#3228 = DIRECTION ( 'NONE',  ( -0.000000000000000000, 0.000000000000000000, 1.000000000000000000 ) ) ;
#3229 = DIRECTION ( 'NONE',  ( -0.000000000000000000, 0.000000000000000000, 1.000000000000000000 ) ) ;
#3230 = EDGE_CURVE ( 'NONE', #4673, #2209, #4621, .T. ) ;
#3231 = CARTESIAN_POINT ( 'NONE',  ( -7.633330346460728499, 4.144919618765477765, 0.4100602806958021929 ) ) ;
#3232 = ORIENTED_EDGE ( 'NONE', *, *, #2405, .F. ) ;
#3233 = VERTEX_POINT ( 'NONE', #3011 ) ;
#3234 = VECTOR ( 'NONE', #896, 100.0000000000000142 ) ;
#3235 = CARTESIAN_POINT ( 'NONE',  ( -10.37232426220612957, -0.9012297650207119482, 0.1250000000000000000 ) ) ;
#3236 = CARTESIAN_POINT ( 'NONE',  ( -11.99579331184085618, -1.122841592910742925, 0.3475602806958025259 ) ) ;
#3237 = ORIENTED_EDGE ( 'NONE', *, *, #2294, .F. ) ;
#3238 = EDGE_LOOP ( 'NONE', ( #3130, #591, #1338, #615 ) ) ;
#3239 = CIRCLE ( 'NONE', #2166, 0.2500000000000002220 ) ;
#3240 = CIRCLE ( 'NONE', #247, 0.3175000000000011147 ) ;
#3241 = DIRECTION ( 'NONE',  ( 0.000000000000000000, -0.000000000000000000, -1.000000000000000000 ) ) ;
#3242 = TOROIDAL_SURFACE ( 'NONE', #23, 0.3750000000000000000, 0.1250000000000000000 ) ;
#3243 = CIRCLE ( 'NONE', #4317, 0.06250000000000002776 ) ;
#3244 = DIRECTION ( 'NONE',  ( 0.000000000000000000, -0.7546413764697667004, -0.6561374801974170223 ) ) ;
#3245 = DIRECTION ( 'NONE',  ( 0.000000000000000000, 0.000000000000000000, -1.000000000000000000 ) ) ;
#3246 = ORIENTED_EDGE ( 'NONE', *, *, #700, .F. ) ;
#3247 = AXIS2_PLACEMENT_3D ( 'NONE', #2320, #3802, #491 ) ;
#3248 = CIRCLE ( 'NONE', #633, 0.1250000000000000278 ) ;
#3249 = EDGE_CURVE ( 'NONE', #1190, #3684, #4031, .T. ) ;
#3250 = CARTESIAN_POINT ( 'NONE',  ( -13.48661535150948687, 2.250695823602320900, 1.250000000000000000 ) ) ;
#3251 = ORIENTED_EDGE ( 'NONE', *, *, #2441, .F. ) ;
#3252 = CARTESIAN_POINT ( 'NONE',  ( -8.549155290178772404, -0.3604024880406287989, 1.125000000000000222 ) ) ;
#3253 = CARTESIAN_POINT ( 'NONE',  ( -11.62631312628538005, 2.042462797371788596, 0.7447026525617224113 ) ) ;
#3254 = CIRCLE ( 'NONE', #2331, 0.1250000000000001110 ) ;
#3255 = CARTESIAN_POINT ( 'NONE',  ( -9.346495809356190065, 0.2298642279368667274, 0.4542544545199612704 ) ) ;
#3256 = AXIS2_PLACEMENT_3D ( 'NONE', #1538, #3006, #3788 ) ;
#3257 = EDGE_CURVE ( 'NONE', #3499, #1487, #1909, .T. ) ;
#3258 = FACE_OUTER_BOUND ( 'NONE', #3699, .T. ) ;
#3259 = CARTESIAN_POINT ( 'NONE',  ( -13.29179361523218361, 1.031733979376130428, 0.7123861535993831762 ) ) ;
#3260 = DIRECTION ( 'NONE',  ( -0.08713130266402949187, -0.7726836947607492734, 0.6287829863688637611 ) ) ;
#3261 = VERTEX_POINT ( 'NONE', #1184 ) ;
#3262 = CARTESIAN_POINT ( 'NONE',  ( -11.30500606459927049, -2.338699944103446615, 4.801098859861944845 ) ) ;
#3263 = AXIS2_PLACEMENT_3D ( 'NONE', #3842, #4545, #1278 ) ;
#3264 = CARTESIAN_POINT ( 'NONE',  ( -11.59476504398986663, 2.123545870547592695, 0.4100602806958014157 ) ) ;
#3265 = AXIS2_PLACEMENT_3D ( 'NONE', #1693, #1834, #4253 ) ;
#3266 = VERTEX_POINT ( 'NONE', #3796 ) ;
#3267 = VERTEX_POINT ( 'NONE', #4132 ) ;
#3268 =( BOUNDED_SURFACE ( )  B_SPLINE_SURFACE ( 3, 2, ( 
 ( #368, #2180, #3302 ),
 ( #4415, #3937, #4439 ),
 ( #135, #757, #4082 ),
 ( #3429, #805, #1929 ) ),
 .UNSPECIFIED., .F., .F., .F. ) 
 B_SPLINE_SURFACE_WITH_KNOTS ( ( 4, 4 ),
 ( 3, 3 ),
 ( 0.000000000000000000, 0.7853981633974460586 ),
 ( 0.000000000000000000, 1.000000000000000000 ),
 .UNSPECIFIED. ) 
 GEOMETRIC_REPRESENTATION_ITEM ( )  RATIONAL_B_SPLINE_SURFACE ( (
 ( 1.000000000000000000, 0.8250982813697758100, 1.000000000000000000),
 ( 1.000000000000000000, 0.8251745600570792316, 1.000000000000000000),
 ( 1.000000000000000000, 0.8135571454879668707, 1.000000000000000000),
 ( 1.000000000000000000, 0.7923609257339284673, 1.000000000000000000) ) ) 
 REPRESENTATION_ITEM ( '' )  SURFACE ( )  );
#3269 = CYLINDRICAL_SURFACE ( 'NONE', #2711, 0.1249999999999998335 ) ;
#3270 = CARTESIAN_POINT ( 'NONE',  ( -11.72913114844205040, -1.212630494117891145, 1.125000000000000222 ) ) ;
#3271 = DIRECTION ( 'NONE',  ( 0.8694692613686837435, 0.4939870479425503835, -5.887846720064159649E-17 ) ) ;
#3272 = ORIENTED_EDGE ( 'NONE', *, *, #3999, .F. ) ;
#3273 = FACE_OUTER_BOUND ( 'NONE', #939, .T. ) ;
#3274 = ORIENTED_EDGE ( 'NONE', *, *, #494, .F. ) ;
#3275 = CARTESIAN_POINT ( 'NONE',  ( -6.435334570832361045, 2.036320807325509019, 0.8007745012477016644 ) ) ;
#3276 = CARTESIAN_POINT ( 'NONE',  ( -9.977028715587572094, 0.3034802801820321583, -3.252606517456513302E-17 ) ) ;
#3277 = DIRECTION ( 'NONE',  ( 0.9341530342453954194, 0.3568726784304464550, 0.000000000000000000 ) ) ;
#3278 = CARTESIAN_POINT ( 'NONE',  ( -10.08890415135354779, -0.7097118817036401905, 1.250000000000000000 ) ) ;
#3279 = PLANE ( 'NONE',  #1481 ) ;
#3280 = CARTESIAN_POINT ( 'NONE',  ( -9.979390435127378112, 0.2614599049377561157, 0.000000000000000000 ) ) ;
#3281 = ORIENTED_EDGE ( 'NONE', *, *, #1524, .F. ) ;
#3282 = LINE ( 'NONE', #4743, #1572 ) ;
#3283 = ADVANCED_FACE ( 'NONE', ( #776 ), #3725, .T. ) ;
#3284 = EDGE_CURVE ( 'NONE', #2120, #3873, #3038, .T. ) ;
#3285 = CARTESIAN_POINT ( 'NONE',  ( -12.93448082989525005, 1.306623384488033945, 0.7123861535993831762 ) ) ;
#3286 = DIRECTION ( 'NONE',  ( 1.000000000000000000, -0.000000000000000000, 0.000000000000000000 ) ) ;
#3287 = ORIENTED_EDGE ( 'NONE', *, *, #4550, .T. ) ;
#3288 = ORIENTED_EDGE ( 'NONE', *, *, #1151, .F. ) ;
#3289 = CARTESIAN_POINT ( 'NONE',  ( -11.44783213199050742, 2.003709845880713658, 0.2850602806958021929 ) ) ;
#3290 = FACE_OUTER_BOUND ( 'NONE', #2717, .T. ) ;
#3291 = EDGE_CURVE ( 'NONE', #3198, #3600, #254, .T. ) ;
#3292 =( BOUNDED_SURFACE ( )  B_SPLINE_SURFACE ( 3, 2, ( 
 ( #444, #2420, #4247 ),
 ( #1301, #1980, #541 ),
 ( #4225, #4577, #256 ),
 ( #2057, #4624, #2461 ),
 ( #4268, #1648, #1281 ),
 ( #3892, #1259, #3451 ) ),
 .UNSPECIFIED., .F., .F., .F. ) 
 B_SPLINE_SURFACE_WITH_KNOTS ( ( 4, 2, 4 ),
 ( 3, 3 ),
 ( 0.7853981633974265186, 1.178097245096161538, 1.570796326794896558 ),
 ( 0.000000000000000000, 1.000000000000000000 ),
 .UNSPECIFIED. ) 
 GEOMETRIC_REPRESENTATION_ITEM ( )  RATIONAL_B_SPLINE_SURFACE ( (
 ( 1.000000000000000000, 0.6100525906592551006, 1.000000000000000000),
 ( 1.000000000000000000, 0.6237695402403075073, 1.000000000000000000),
 ( 1.000000000000000000, 0.6397105131286539015, 1.000000000000000000),
 ( 1.000000000000000000, 0.6730205998673756129, 1.000000000000000000),
 ( 1.000000000000000000, 0.6903822020969372364, 1.000000000000000000),
 ( 1.000000000000000000, 0.7071067811865410224, 1.000000000000000000) ) ) 
 REPRESENTATION_ITEM ( '' )  SURFACE ( )  );
#3293 = CARTESIAN_POINT ( 'NONE',  ( -10.32771517740232348, -1.017998894301386903, 0.1249999999999999445 ) ) ;
#3294 = EDGE_LOOP ( 'NONE', ( #2299, #3179, #1866, #3593 ) ) ;
#3295 = DIRECTION ( 'NONE',  ( -6.919290498339884455E-17, 1.217868044080093535E-16, 1.000000000000000000 ) ) ;
#3296 = EDGE_LOOP ( 'NONE', ( #1719, #2401, #208, #4237, #2219, #1283, #2659, #838, #2539, #278 ) ) ;
#3297 = DIRECTION ( 'NONE',  ( -0.000000000000000000, 0.000000000000000000, 1.000000000000000000 ) ) ;
#3298 = CYLINDRICAL_SURFACE ( 'NONE', #117, 0.1250000000000001110 ) ;
#3299 = PLANE ( 'NONE',  #4628 ) ;
#3300 = DIRECTION ( 'NONE',  ( -0.000000000000000000, 0.000000000000000000, 1.000000000000000000 ) ) ;
#3301 = LINE ( 'NONE', #320, #1408 ) ;
#3302 = CARTESIAN_POINT ( 'NONE',  ( -9.325107847934390293, 0.2209617277617685061, 0.4984486283441203480 ) ) ;
#3303 = ORIENTED_EDGE ( 'NONE', *, *, #4262, .F. ) ;
#3304 = FACE_OUTER_BOUND ( 'NONE', #1674, .T. ) ;
#3305 = CARTESIAN_POINT ( 'NONE',  ( -12.93721871199059770, 1.295386648906636795, 0.7447623046150840809 ) ) ;
#3306 = CARTESIAN_POINT ( 'NONE',  ( -11.65859011927216571, -1.083747067443768142, 0.4542544545199610484 ) ) ;
#3307 = AXIS2_PLACEMENT_3D ( 'NONE', #2227, #3693, #3898 ) ;
#3308 = EDGE_LOOP ( 'NONE', ( #2404, #472, #738, #3370 ) ) ;
#3309 = ORIENTED_EDGE ( 'NONE', *, *, #3923, .F. ) ;
#3310 = AXIS2_PLACEMENT_3D ( 'NONE', #41, #844, #2654 ) ;
#3311 = ADVANCED_FACE ( 'NONE', ( #3357 ), #4398, .T. ) ;
#3312 = CARTESIAN_POINT ( 'NONE',  ( -11.52410985780557340, 1.970583407649820984, 0.3554486311277071375 ) ) ;
#3313 = CARTESIAN_POINT ( 'NONE',  ( -10.00741343578989451, 1.128481129950431372, 1.250000000000000000 ) ) ;
#3314 = VECTOR ( 'NONE', #4448, 99.99999999999998579 ) ;
#3315 = DIRECTION ( 'NONE',  ( -0.8694692613686595406, -0.4939870479425931826, 0.000000000000000000 ) ) ;
#3316 = EDGE_LOOP ( 'NONE', ( #2864, #71, #1061, #4188 ) ) ;
#3317 = AXIS2_PLACEMENT_3D ( 'NONE', #2675, #493, #850 ) ;
#3318 = CIRCLE ( 'NONE', #1859, 0.1250000000000000000 ) ;
#3319 = AXIS2_PLACEMENT_3D ( 'NONE', #2872, #3672, #13 ) ;
#3320 = DIRECTION ( 'NONE',  ( 1.000000000000000000, 0.000000000000000000, 0.000000000000000000 ) ) ;
#3321 = VERTEX_POINT ( 'NONE', #2316 ) ;
#3322 =( BOUNDED_CURVE ( )  B_SPLINE_CURVE ( 3, ( #462, #3380, #3431, #137 ),
 .UNSPECIFIED., .F., .T. ) 
 B_SPLINE_CURVE_WITH_KNOTS ( ( 4, 4 ),
 ( 0.7853981633974468357, 1.570796326794896558 ),
 .UNSPECIFIED. ) 
 CURVE ( )  GEOMETRIC_REPRESENTATION_ITEM ( )  RATIONAL_B_SPLINE_CURVE ( ( 1.000000000000000000, 0.9492530216741910110, 0.9492530216741910110, 1.000000000000000000 ) ) 
 REPRESENTATION_ITEM ( '' )  );
#3323 = DIRECTION ( 'NONE',  ( 6.919290498339884455E-17, -1.217868044080093535E-16, -1.000000000000000000 ) ) ;
#3324 = DIRECTION ( 'NONE',  ( 0.000000000000000000, 0.000000000000000000, -1.000000000000000000 ) ) ;
#3325 = CARTESIAN_POINT ( 'NONE',  ( -10.04107354231887683, 0.8299820293557673700, 1.621476712830301814 ) ) ;
#3326 = CIRCLE ( 'NONE', #1863, 0.1250000000000000000 ) ;
#3327 = AXIS2_PLACEMENT_3D ( 'NONE', #3523, #1012, #2124 ) ;
#3328 = PRODUCT_DEFINITION_SHAPE ( 'NONE', 'NONE',  #397 ) ;
#3329 = AXIS2_PLACEMENT_3D ( 'NONE', #3024, #1898, #3344 ) ;
#3330 = DIRECTION ( 'NONE',  ( 1.000000000000000000, 0.000000000000000000, 0.000000000000000000 ) ) ;
#3331 = FACE_OUTER_BOUND ( 'NONE', #244, .T. ) ;
#3332 = DIRECTION ( 'NONE',  ( 1.000000000000000000, 0.000000000000000000, 0.000000000000000000 ) ) ;
#3333 = DIRECTION ( 'NONE',  ( -0.9341530342453956415, -0.3568726784304465105, 0.000000000000000000 ) ) ;
#3334 = AXIS2_PLACEMENT_3D ( 'NONE', #1542, #3428, #3723 ) ;
#3335 = AXIS2_PLACEMENT_3D ( 'NONE', #4280, #1747, #1416 ) ;
#3336 = DIRECTION ( 'NONE',  ( 1.000000000000000000, 0.000000000000000000, 0.000000000000000000 ) ) ;
#3337 = AXIS2_PLACEMENT_3D ( 'NONE', #1952, #4453, #1131 ) ;
#3338 = CARTESIAN_POINT ( 'NONE',  ( -12.69280178398323145, 1.242660592436279243, 1.250000000000000000 ) ) ;
#3339 = ORIENTED_EDGE ( 'NONE', *, *, #2236, .F. ) ;
#3340 = ORIENTED_EDGE ( 'NONE', *, *, #3077, .F. ) ;
#3341 = AXIS2_PLACEMENT_3D ( 'NONE', #771, #1537, #3005 ) ;
#3342 = ADVANCED_FACE ( 'NONE', ( #2584 ), #966, .F. ) ;
#3343 = FACE_OUTER_BOUND ( 'NONE', #2108, .T. ) ;
#3344 = DIRECTION ( 'NONE',  ( -0.9341530342453954194, -0.3568726784304464550, 0.000000000000000000 ) ) ;
#3345 = FACE_OUTER_BOUND ( 'NONE', #744, .T. ) ;
#3346 = DIRECTION ( 'NONE',  ( 0.000000000000000000, 0.000000000000000000, -1.000000000000000000 ) ) ;
#3347 = EDGE_LOOP ( 'NONE', ( #2787, #3740, #224 ) ) ;
#3348 = EDGE_CURVE ( 'NONE', #2241, #2159, #3086, .T. ) ;
#3349 = ADVANCED_FACE ( 'NONE', ( #4546, #3911, #1613, #2418 ), #2751, .T. ) ;
#3350 = DIRECTION ( 'NONE',  ( -0.4939870479425472749, 0.8694692613686855198, 0.000000000000000000 ) ) ;
#3351 = ORIENTED_EDGE ( 'NONE', *, *, #3741, .T. ) ;
#3352 = ADVANCED_FACE ( 'NONE', ( #2054 ), #876, .F. ) ;
#3353 = DIRECTION ( 'NONE',  ( 1.000000000000000000, -0.000000000000000000, 0.000000000000000000 ) ) ;
#3354 = CARTESIAN_POINT ( 'NONE',  ( -11.66469777006574127, 2.099930768543051052, 0.4984486283441197374 ) ) ;
#3355 = DIRECTION ( 'NONE',  ( 0.000000000000000000, 1.000000000000000000, 0.000000000000000000 ) ) ;
#3356 = CARTESIAN_POINT ( 'NONE',  ( -11.90417521761478348, 1.891989251347880430, 0.7123861535993830651 ) ) ;
#3357 = FACE_OUTER_BOUND ( 'NONE', #611, .T. ) ;
#3358 = EDGE_CURVE ( 'NONE', #2025, #3198, #2001, .T. ) ;
#3359 = LINE ( 'NONE', #44, #1805 ) ;
#3360 = CARTESIAN_POINT ( 'NONE',  ( -12.81621404423835564, 1.596771329379853555, 0.1250000000000000000 ) ) ;
#3361 = LINE ( 'NONE', #1574, #3629 ) ;
#3362 = EDGE_LOOP ( 'NONE', ( #4625, #3579, #1744, #3351 ) ) ;
#3363 = ORIENTED_EDGE ( 'NONE', *, *, #4215, .T. ) ;
#3364 = DIRECTION ( 'NONE',  ( -0.8694692613686595406, -0.4939870479425931826, 0.000000000000000000 ) ) ;
#3365 = CARTESIAN_POINT ( 'NONE',  ( -12.94280178398323145, 1.242660592436279243, 0.7897777392620340953 ) ) ;
#3366 = DIRECTION ( 'NONE',  ( 0.4939870479425930716, -0.8694692613686593186, 0.000000000000000000 ) ) ;
#3367 = DIRECTION ( 'NONE',  ( 0.8694692613686595406, 0.4939870479425931826, -0.000000000000000000 ) ) ;
#3368 = ORIENTED_EDGE ( 'NONE', *, *, #2965, .F. ) ;
#3369 = SURFACE_STYLE_FILL_AREA ( #104 ) ;
#3370 = ORIENTED_EDGE ( 'NONE', *, *, #3912, .F. ) ;
#3371 = LINE ( 'NONE', #60, #2494 ) ;
#3372 = DIRECTION ( 'NONE',  ( -0.000000000000000000, 0.000000000000000000, 1.000000000000000000 ) ) ;
#3373 = ADVANCED_FACE ( 'NONE', ( #607 ), #2391, .F. ) ;
#3374 = CARTESIAN_POINT ( 'NONE',  ( -10.14702939834544182, -0.1096385181738416537, 0.8568463499336806954 ) ) ;
#3375 = DIRECTION ( 'NONE',  ( -0.5668062099020140243, 0.4622776614640005666, 0.6819311432453345478 ) ) ;
#3376 = CARTESIAN_POINT ( 'NONE',  ( -11.04937253636030547, -2.915163428652314703, 1.250000000000000000 ) ) ;
#3377 = CARTESIAN_POINT ( 'NONE',  ( -12.32781199209625278, 1.856721525845074217, 1.250000000000000000 ) ) ;
#3378 = EDGE_CURVE ( 'NONE', #1582, #2992, #2754, .T. ) ;
#3379 = CARTESIAN_POINT ( 'NONE',  ( -10.32771517740232348, -1.017998894301386237, 0.000000000000000000 ) ) ;
#3380 = CARTESIAN_POINT ( 'NONE',  ( -9.378373917950149519, 0.3158943509703661667, 0.9129181986196590604 ) ) ;
#3381 = ORIENTED_EDGE ( 'NONE', *, *, #379, .T. ) ;
#3382 = ORIENTED_EDGE ( 'NONE', *, *, #4698, .T. ) ;
#3383 = AXIS2_PLACEMENT_3D ( 'NONE', #1918, #1486, #2237 ) ;
#3384 = CARTESIAN_POINT ( 'NONE',  ( -9.332881745380314342, 0.2241975257880201300, 0.7449281328178443129 ) ) ;
#3385 = LINE ( 'NONE', #4024, #4548 ) ;
#3386 = CARTESIAN_POINT ( 'NONE',  ( -10.35202871558757209, 0.3034802801820321583, 0.1249999999999999445 ) ) ;
#3387 = CYLINDRICAL_SURFACE ( 'NONE', #616, 0.1250000000000001110 ) ;
#3388 = ORIENTED_EDGE ( 'NONE', *, *, #3087, .T. ) ;
#3389 = AXIS2_PLACEMENT_3D ( 'NONE', #943, #874, #916 ) ;
#3390 = CARTESIAN_POINT ( 'NONE',  ( -10.35202871558757209, 0.3034802801820321583, 0.000000000000000000 ) ) ;
#3391 = VERTEX_POINT ( 'NONE', #4203 ) ;
#3392 = VECTOR ( 'NONE', #811, 100.0000000000000000 ) ;
#3393 = CARTESIAN_POINT ( 'NONE',  ( -9.294233657437981577, 0.1666198989262255292, 0.7123861535993827321 ) ) ;
#3394 = DIRECTION ( 'NONE',  ( -0.000000000000000000, -0.000000000000000000, -1.000000000000000000 ) ) ;
#3395 = EDGE_LOOP ( 'NONE', ( #1128, #2257, #2007, #1417 ) ) ;
#3396 = AXIS2_PLACEMENT_3D ( 'NONE', #766, #3026, #2664 ) ;
#3397 = AXIS2_PLACEMENT_3D ( 'NONE', #3619, #2898, #2560 ) ;
#3398 = CARTESIAN_POINT ( 'NONE',  ( -11.96280974282176324, -1.307417686093918174, 0.8007745012477014424 ) ) ;
#3399 = DIRECTION ( 'NONE',  ( 0.7690358092104123688, 0.000000000000000000, 0.6392056978407548717 ) ) ;
#3400 = CIRCLE ( 'NONE', #2933, 0.1250000000000001110 ) ;
#3401 = DIRECTION ( 'NONE',  ( -0.6320307779411593607, -0.7749432854958437922, 0.000000000000000000 ) ) ;
#3402 = AXIS2_PLACEMENT_3D ( 'NONE', #2987, #488, #4110 ) ;
#3403 = EDGE_CURVE ( 'NONE', #1562, #232, #3248, .T. ) ;
#3404 = CIRCLE ( 'NONE', #4030, 0.3750000000000003331 ) ;
#3405 = AXIS2_PLACEMENT_3D ( 'NONE', #898, #4596, #1279 ) ;
#3406 = DIRECTION ( 'NONE',  ( 1.000000000000000000, 0.000000000000000000, 0.000000000000000000 ) ) ;
#3407 = CARTESIAN_POINT ( 'NONE',  ( -12.94280178398323145, 1.242660592436279243, 1.250000000000000000 ) ) ;
#3408 = EDGE_CURVE ( 'NONE', #949, #4515, #3865, .T. ) ;
#3409 = ORIENTED_EDGE ( 'NONE', *, *, #1079, .T. ) ;
#3410 = ORIENTED_EDGE ( 'NONE', *, *, #1431, .F. ) ;
#3411 = AXIS2_PLACEMENT_3D ( 'NONE', #131, #153, #4538 ) ;
#3412 = VECTOR ( 'NONE', #3545, 100.0000000000000000 ) ;
#3413 = DIRECTION ( 'NONE',  ( 0.4939870479425909067, -0.8694692613686606508, 2.081668171172172063E-15 ) ) ;
#3414 = DIRECTION ( 'NONE',  ( 0.000000000000000000, 1.000000000000000000, -0.000000000000000000 ) ) ;
#3415 = DIRECTION ( 'NONE',  ( 0.000000000000000000, 1.000000000000000000, -1.217868044080093535E-16 ) ) ;
#3416 = VERTEX_POINT ( 'NONE', #251 ) ;
#3417 = LINE ( 'NONE', #3439, #3081 ) ;
#3418 = ORIENTED_EDGE ( 'NONE', *, *, #1075, .F. ) ;
#3419 = CIRCLE ( 'NONE', #3493, 0.2500000000000002220 ) ;
#3420 = DIRECTION ( 'NONE',  ( -0.000000000000000000, 0.000000000000000000, 1.000000000000000000 ) ) ;
#3421 = EDGE_LOOP ( 'NONE', ( #4160, #2666, #1249, #1529 ) ) ;
#3422 = CARTESIAN_POINT ( 'NONE',  ( -12.43733849965179239, 1.916962244156579898, 1.250000000000000000 ) ) ;
#3423 = VECTOR ( 'NONE', #2629, 100.0000000000000000 ) ;
#3424 = CARTESIAN_POINT ( 'NONE',  ( -7.488258757786582898, -2.916666666666666075, 0.02499999999999834299 ) ) ;
#3425 = VERTEX_POINT ( 'NONE', #540 ) ;
#3426 = ADVANCED_FACE ( 'NONE', ( #1710 ), #2073, .F. ) ;
#3427 = CARTESIAN_POINT ( 'NONE',  ( -10.16092339570802849, -0.2328510134410866628, 0.7565803274235421982 ) ) ;
#3428 = DIRECTION ( 'NONE',  ( 0.1120543339847372838, 0.9937020812271840642, 0.000000000000000000 ) ) ;
#3429 = CARTESIAN_POINT ( 'NONE',  ( -9.285162536271212019, 0.2398727076086651921, 0.4100602806958021374 ) ) ;
#3430 = LINE ( 'NONE', #68, #1398 ) ;
#3431 = CARTESIAN_POINT ( 'NONE',  ( -9.404171906586910268, 0.3369347588719260322, 0.9257745012477015534 ) ) ;
#3432 = ORIENTED_EDGE ( 'NONE', *, *, #3567, .F. ) ;
#3433 = ORIENTED_EDGE ( 'NONE', *, *, #3139, .F. ) ;
#3434 = EDGE_CURVE ( 'NONE', #4566, #2164, #26, .T. ) ;
#3435 = DIRECTION ( 'NONE',  ( -0.000000000000000000, 0.000000000000000000, 1.000000000000000000 ) ) ;
#3436 = CARTESIAN_POINT ( 'NONE',  ( -7.633330346460728499, 4.144919618765477765, 0.8632745012477016644 ) ) ;
#3437 = CARTESIAN_POINT ( 'NONE',  ( -9.398560415742736041, 0.3323581208264246301, 0.8665103043125980120 ) ) ;
#3438 = VERTEX_POINT ( 'NONE', #1979 ) ;
#3439 = CARTESIAN_POINT ( 'NONE',  ( -7.021592091119913448, -3.041666666666666075, 0.8125000000000000000 ) ) ;
#3440 = ORIENTED_EDGE ( 'NONE', *, *, #2834, .F. ) ;
#3441 = CARTESIAN_POINT ( 'NONE',  ( -11.40308017542880314, -1.027385351139419090, 0.1249999999999999445 ) ) ;
#3442 = ADVANCED_FACE ( 'NONE', ( #3450 ), #159, .T. ) ;
#3443 = VERTEX_POINT ( 'NONE', #211 ) ;
#3444 = DIRECTION ( 'NONE',  ( -0.000000000000000000, -1.000000000000000000, -0.000000000000000000 ) ) ;
#3445 = CARTESIAN_POINT ( 'NONE',  ( -13.04411535150948609, 2.250695823602320900, 0.1249999999999999445 ) ) ;
#3446 = VERTEX_POINT ( 'NONE', #3471 ) ;
#3447 = VERTEX_POINT ( 'NONE', #4575 ) ;
#3448 = DIRECTION ( 'NONE',  ( 0.4939870479425929606, -0.8694692613686595406, 0.000000000000000000 ) ) ;
#3449 = DIRECTION ( 'NONE',  ( 0.8694692613686837435, 0.4939870479425503280, 0.000000000000000000 ) ) ;
#3450 = FACE_OUTER_BOUND ( 'NONE', #3043, .T. ) ;
#3451 = CARTESIAN_POINT ( 'NONE',  ( -11.48733405561182863, 1.955275890537223171, 0.8632745012477014424 ) ) ;
#3452 = EDGE_LOOP ( 'NONE', ( #3781, #3981, #4231, #3673 ) ) ;
#3453 = EDGE_LOOP ( 'NONE', ( #3214, #1054, #3641, #562 ) ) ;
#3454 = ADVANCED_FACE ( 'NONE', ( #3138 ), #1300, .F. ) ;
#3455 = CARTESIAN_POINT ( 'NONE',  ( -10.10360319528077433, 0.2754666966858480004, 1.250000000000000000 ) ) ;
#3456 = CYLINDRICAL_SURFACE ( 'NONE', #571, 0.8174999999999987832 ) ;
#3457 = PRODUCT_RELATED_PRODUCT_CATEGORY ( 'part', '', ( #3677 ) ) ;
#3458 = ORIENTED_EDGE ( 'NONE', *, *, #2630, .F. ) ;
#3459 = CARTESIAN_POINT ( 'NONE',  ( -11.89883227922713793, 1.887631640192536597, 0.7447026525617229664 ) ) ;
#3460 = ORIENTED_EDGE ( 'NONE', *, *, #3434, .F. ) ;
#3461 = EDGE_CURVE ( 'NONE', #4673, #3128, #3718, .T. ) ;
#3462 = CARTESIAN_POINT ( 'NONE',  ( -7.633330346460728499, 4.144919618765477765, 0.3475602806958021929 ) ) ;
#3463 = ORIENTED_EDGE ( 'NONE', *, *, #2835, .T. ) ;
#3464 = FACE_OUTER_BOUND ( 'NONE', #3191, .T. ) ;
#3465 = DIRECTION ( 'NONE',  ( 0.000000000000000000, 0.000000000000000000, -1.000000000000000000 ) ) ;
#3466 = VERTEX_POINT ( 'NONE', #4669 ) ;
#3467 = VECTOR ( 'NONE', #3206, 100.0000000000000142 ) ;
#3468 = ORIENTED_EDGE ( 'NONE', *, *, #678, .T. ) ;
#3469 = LINE ( 'NONE', #183, #1769 ) ;
#3470 = FACE_OUTER_BOUND ( 'NONE', #2744, .T. ) ;
#3471 = CARTESIAN_POINT ( 'NONE',  ( -11.81549336038782627, 1.819661812344965712, 0.3658661068716428932 ) ) ;
#3472 = TOROIDAL_SURFACE ( 'NONE', #1315, 0.3750000000000000000, 0.1250000000000000000 ) ;
#3473 = CIRCLE ( 'NONE', #3938, 0.1250000000000001110 ) ;
#3474 = CIRCLE ( 'NONE', #2015, 0.3750000000000003331 ) ;
#3475 = AXIS2_PLACEMENT_3D ( 'NONE', #1935, #87, #1865 ) ;
#3476 = CARTESIAN_POINT ( 'NONE',  ( -9.977028715587572094, 0.3034802801820321583, 0.1249999999999999445 ) ) ;
#3477 = CARTESIAN_POINT ( 'NONE',  ( -11.62519584644442006, 2.148364723886541761, 0.7123861535993829541 ) ) ;
#3478 = EDGE_LOOP ( 'NONE', ( #4342, #3833, #3150, #4463 ) ) ;
#3479 = VERTEX_POINT ( 'NONE', #3255 ) ;
#3480 = AXIS2_PLACEMENT_3D ( 'NONE', #1714, #3965, #3576 ) ;
#3481 = VECTOR ( 'NONE', #3692, 100.0000000000000142 ) ;
#3482 = EDGE_CURVE ( 'NONE', #1402, #853, #1445, .T. ) ;
#3483 = CARTESIAN_POINT ( 'NONE',  ( -12.60161535150948531, 2.250695823602320900, 0.1249999999999999445 ) ) ;
#3484 = CIRCLE ( 'NONE', #1102, 0.8175000000000001155 ) ;
#3485 = DIRECTION ( 'NONE',  ( 0.7690358092103889431, 0.000000000000000000, -0.6392056978407830714 ) ) ;
#3486 = ORIENTED_EDGE ( 'NONE', *, *, #2206, .T. ) ;
#3487 = CARTESIAN_POINT ( 'NONE',  ( -8.391147595693485783, -0.1666666666666670460, 1.250000000000000000 ) ) ;
#3488 = ORIENTED_EDGE ( 'NONE', *, *, #2259, .T. ) ;
#3489 = VECTOR ( 'NONE', #1858, 100.0000000000000142 ) ;
#3490 = EDGE_CURVE ( 'NONE', #1896, #3491, #3986, .T. ) ;
#3491 = VERTEX_POINT ( 'NONE', #3931 ) ;
#3492 = DIRECTION ( 'NONE',  ( -0.8694692613686595406, -0.4939870479425931826, 0.000000000000000000 ) ) ;
#3493 = AXIS2_PLACEMENT_3D ( 'NONE', #1299, #1708, #3501 ) ;
#3494 = DIRECTION ( 'NONE',  ( 0.7749432854958492323, -0.6320307779411529214, 0.000000000000000000 ) ) ;
#3495 = VERTEX_POINT ( 'NONE', #317 ) ;
#3496 = EDGE_CURVE ( 'NONE', #3267, #1839, #295, .T. ) ;
#3497 = AXIS2_PLACEMENT_3D ( 'NONE', #1565, #4078, #2289 ) ;
#3498 = ADVANCED_FACE ( 'NONE', ( #4379 ), #2099, .T. ) ;
#3499 = VERTEX_POINT ( 'NONE', #1777 ) ;
#3500 = CARTESIAN_POINT ( 'NONE',  ( -11.60438413771419341, 2.131391042450444751, 0.4216331242310819016 ) ) ;
#3501 = DIRECTION ( 'NONE',  ( 1.000000000000000000, -1.103284130721248302E-13, 0.000000000000000000 ) ) ;
#3502 = CARTESIAN_POINT ( 'NONE',  ( -7.146592091119913448, -2.916666666666666075, 0.4375000000000000555 ) ) ;
#3503 = CARTESIAN_POINT ( 'NONE',  ( -7.967499999999999361, -1.666666666666666297, 1.250000000000000000 ) ) ;
#3504 = PRODUCT_DEFINITION_FORMATION_WITH_SPECIFIED_SOURCE ( 'ANY', '', #3677, .NOT_KNOWN. ) ;
#3505 = ADVANCED_FACE ( 'NONE', ( #628 ), #1753, .F. ) ;
#3506 = LINE ( 'NONE', #2076, #2789 ) ;
#3507 = ORIENTED_EDGE ( 'NONE', *, *, #3900, .F. ) ;
#3508 = VERTEX_POINT ( 'NONE', #2820 ) ;
#3509 = DIRECTION ( 'NONE',  ( -0.000000000000000000, 0.000000000000000000, 1.000000000000000000 ) ) ;
#3510 = DIRECTION ( 'NONE',  ( 0.4939870479425503835, -0.8694692613686837435, -1.192944871586615445E-32 ) ) ;
#3511 = VERTEX_POINT ( 'NONE', #985 ) ;
#3512 = DIRECTION ( 'NONE',  ( 0.000000000000000000, 0.000000000000000000, -1.000000000000000000 ) ) ;
#3513 = ORIENTED_EDGE ( 'NONE', *, *, #4346, .T. ) ;
#3514 = CARTESIAN_POINT ( 'NONE',  ( -3.828602759503051178, -4.694312531697667268, 0.1249999999999999445 ) ) ;
#3515 = EDGE_LOOP ( 'NONE', ( #1214, #4029, #4021, #175, #1449, #3468 ) ) ;
#3516 = DIRECTION ( 'NONE',  ( -0.4939870479425929606, 0.8694692613686595406, -0.000000000000000000 ) ) ;
#3517 = DIRECTION ( 'NONE',  ( 0.8000000000000001554, -0.000000000000000000, -0.5999999999999998668 ) ) ;
#3518 = ORIENTED_EDGE ( 'NONE', *, *, #457, .F. ) ;
#3519 = ORIENTED_EDGE ( 'NONE', *, *, #695, .F. ) ;
#3520 = CARTESIAN_POINT ( 'NONE',  ( -11.99579331184085440, -1.122841592910747810, 0.4100602806958026370 ) ) ;
#3521 = DIRECTION ( 'NONE',  ( 1.000000000000000000, 0.000000000000000000, 0.000000000000000000 ) ) ;
#3522 = ADVANCED_FACE ( 'NONE', ( #4716 ), #1395, .T. ) ;
#3523 = CARTESIAN_POINT ( 'NONE',  ( -13.04411535150948609, 2.250695823602320900, 1.250000000000000000 ) ) ;
#3524 = DIRECTION ( 'NONE',  ( 1.000000000000000000, 0.000000000000000000, 0.000000000000000000 ) ) ;
#3525 = ORIENTED_EDGE ( 'NONE', *, *, #287, .T. ) ;
#3526 = VERTEX_POINT ( 'NONE', #3572 ) ;
#3527 = ADVANCED_FACE ( 'NONE', ( #3208 ), #1939, .T. ) ;
#3528 = CARTESIAN_POINT ( 'NONE',  ( -11.97396196237719401, -1.161267068582436668, 0.3658661068716432263 ) ) ;
#3529 = CARTESIAN_POINT ( 'NONE',  ( -9.346495809356190065, 0.2298642279368656727, 0.7565803274235424203 ) ) ;
#3530 = ORIENTED_EDGE ( 'NONE', *, *, #3972, .T. ) ;
#3531 = PLANE ( 'NONE',  #1960 ) ;
#3532 = VERTEX_POINT ( 'NONE', #3670 ) ;
#3533 =( LENGTH_UNIT ( ) NAMED_UNIT ( * ) SI_UNIT ( .CENTI., .METRE. ) );
#3534 = CARTESIAN_POINT ( 'NONE',  ( -9.452814080157983412, 0.2959554384603588217, 0.8632745012477016644 ) ) ;
#3535 = PLANE ( 'NONE',  #2086 ) ;
#3536 = LINE ( 'NONE', #1368, #1328 ) ;
#3537 = ORIENTED_EDGE ( 'NONE', *, *, #4075, .T. ) ;
#3538 = ORIENTED_EDGE ( 'NONE', *, *, #3637, .F. ) ;
#3539 = CIRCLE ( 'NONE', #1460, 0.2500000000000002220 ) ;
#3540 = CARTESIAN_POINT ( 'NONE',  ( -13.04411535150948609, 2.250695823602320900, 0.1249999999999999445 ) ) ;
#3541 = DIRECTION ( 'NONE',  ( -1.000000000000000000, 0.000000000000000000, 0.000000000000000000 ) ) ;
#3542 = DIRECTION ( 'NONE',  ( 0.3290993606803293559, -0.9442952985161996438, 0.000000000000000000 ) ) ;
#3543 = VECTOR ( 'NONE', #2455, 99.99999999999998579 ) ;
#3544 = ADVANCED_FACE ( 'NONE', ( #1374 ), #4737, .F. ) ;
#3545 = DIRECTION ( 'NONE',  ( -0.3493015914185310100, 0.6148076107470368257, 0.7071067811865487940 ) ) ;
#3546 = TOROIDAL_SURFACE ( 'NONE', #1467, 0.3750000000000000000, 0.1250000000000000000 ) ;
#3547 = FACE_OUTER_BOUND ( 'NONE', #4214, .T. ) ;
#3548 = VERTEX_POINT ( 'NONE', #366 ) ;
#3549 = EDGE_CURVE ( 'NONE', #206, #4674, #1783, .T. ) ;
#3550 = ORIENTED_EDGE ( 'NONE', *, *, #2206, .F. ) ;
#3551 = CIRCLE ( 'NONE', #1319, 0.8175000000000001155 ) ;
#3552 = AXIS2_PLACEMENT_3D ( 'NONE', #4653, #212, #3871 ) ;
#3553 = EDGE_CURVE ( 'NONE', #3731, #2084, #2407, .T. ) ;
#3554 = CARTESIAN_POINT ( 'NONE',  ( -12.93448082989525005, 1.306623384488033945, 0.7123861535993831762 ) ) ;
#3555 = CARTESIAN_POINT ( 'NONE',  ( -8.727499999999999147, -1.666666666666666297, 0.1249999999999999445 ) ) ;
#3556 = EDGE_CURVE ( 'NONE', #882, #3074, #732, .T. ) ;
#3557 = ORIENTED_EDGE ( 'NONE', *, *, #4698, .F. ) ;
#3558 = AXIS2_PLACEMENT_3D ( 'NONE', #1594, #4065, #1526 ) ;
#3559 = EDGE_LOOP ( 'NONE', ( #1758, #1212, #1384, #639, #1462 ) ) ;
#3560 = AXIS2_PLACEMENT_3D ( 'NONE', #2370, #2803, #3843 ) ;
#3561 = DIRECTION ( 'NONE',  ( 1.000000000000000000, 2.004012679828802105E-15, 0.000000000000000000 ) ) ;
#3562 = DIRECTION ( 'NONE',  ( -0.3493015914185442772, 0.6148076107470356044, -0.7071067811865433539 ) ) ;
#3563 = ADVANCED_FACE ( 'NONE', ( #683 ), #2145, .T. ) ;
#3564 = DIRECTION ( 'NONE',  ( -0.8000000000000001554, 0.000000000000000000, 0.5999999999999998668 ) ) ;
#3565 = ORIENTED_EDGE ( 'NONE', *, *, #4302, .F. ) ;
#3566 = CIRCLE ( 'NONE', #1713, 0.3750000000000003331 ) ;
#3567 = EDGE_CURVE ( 'NONE', #284, #332, #2177, .T. ) ;
#3568 = ORIENTED_EDGE ( 'NONE', *, *, #4421, .F. ) ;
#3569 = AXIS2_PLACEMENT_3D ( 'NONE', #4038, #2487, #3598 ) ;
#3570 = CARTESIAN_POINT ( 'NONE',  ( -9.452379036106449917, 0.3032753592076100624, 0.3475602806958026370 ) ) ;
#3571 = DIRECTION ( 'NONE',  ( -0.8694692613686595406, -0.4939870479425931826, 0.000000000000000000 ) ) ;
#3572 = CARTESIAN_POINT ( 'NONE',  ( -9.285162536271212019, 0.2398727076086650811, 0.8007745012477011093 ) ) ;
#3573 = EDGE_CURVE ( 'NONE', #4047, #2472, #1096, .T. ) ;
#3574 = VECTOR ( 'NONE', #1665, 100.0000000000000000 ) ;
#3575 = AXIS2_PLACEMENT_3D ( 'NONE', #4111, #1523, #2988 ) ;
#3576 = DIRECTION ( 'NONE',  ( 0.000000000000000000, -0.7546413764697665894, -0.6561374801974171334 ) ) ;
#3577 = CARTESIAN_POINT ( 'NONE',  ( -12.81621404423835564, 1.596771329379853999, 1.250000000000000000 ) ) ;
#3578 = CARTESIAN_POINT ( 'NONE',  ( -11.44783213199050742, 2.003709845880712770, 0.9257745012477015534 ) ) ;
#3579 = ORIENTED_EDGE ( 'NONE', *, *, #861, .F. ) ;
#3580 = ORIENTED_EDGE ( 'NONE', *, *, #2855, .T. ) ;
#3581 = LINE ( 'NONE', #1407, #1013 ) ;
#3582 = DIRECTION ( 'NONE',  ( -0.8000000000000003775, 0.000000000000000000, -0.5999999999999994227 ) ) ;
#3583 = ORIENTED_EDGE ( 'NONE', *, *, #1333, .F. ) ;
#3584 = ORIENTED_EDGE ( 'NONE', *, *, #371, .F. ) ;
#3585 = EDGE_CURVE ( 'NONE', #3940, #1896, #4079, .T. ) ;
#3586 = ADVANCED_FACE ( 'NONE', ( #4106 ), #3716, .F. ) ;
#3587 = SHAPE_DEFINITION_REPRESENTATION ( #3328, #1763 ) ;
#3588 = DIRECTION ( 'NONE',  ( 0.000000000000000000, 0.000000000000000000, 1.000000000000000000 ) ) ;
#3589 = CARTESIAN_POINT ( 'NONE',  ( -13.48661535150948687, 2.250695823602320900, 1.125000000000000222 ) ) ;
#3590 = CARTESIAN_POINT ( 'NONE',  ( -10.11501717385964128, 0.5940840122429773551, 0.000000000000000000 ) ) ;
#3591 = ORIENTED_EDGE ( 'NONE', *, *, #933, .F. ) ;
#3592 = EDGE_CURVE ( 'NONE', #2472, #4592, #480, .T. ) ;
#3593 = ORIENTED_EDGE ( 'NONE', *, *, #291, .T. ) ;
#3594 = CARTESIAN_POINT ( 'NONE',  ( -9.471597371891892436, 0.3112747769320534652, 0.3475602806958025259 ) ) ;
#3595 = DIRECTION ( 'NONE',  ( -0.000000000000000000, -0.000000000000000000, 1.000000000000000000 ) ) ;
#3596 = DIRECTION ( 'NONE',  ( 0.000000000000000000, 0.000000000000000000, -1.000000000000000000 ) ) ;
#3597 = CARTESIAN_POINT ( 'NONE',  ( -10.19402102110228547, 0.4972161015559958819, 0.1249999999999999445 ) ) ;
#3598 = DIRECTION ( 'NONE',  ( 0.8694692613686609839, 0.4939870479425903516, 0.000000000000000000 ) ) ;
#3599 = CARTESIAN_POINT ( 'NONE',  ( -13.64622281500728285, 1.908609792902075997, 1.250000000000000000 ) ) ;
#3600 = VERTEX_POINT ( 'NONE', #412 ) ;
#3601 = ORIENTED_EDGE ( 'NONE', *, *, #3995, .F. ) ;
#3602 = CARTESIAN_POINT ( 'NONE',  ( -11.40308017542880314, -1.027385351139419090, 1.125000000000000222 ) ) ;
#3603 = CYLINDRICAL_SURFACE ( 'NONE', #624, 0.1249999999999999445 ) ;
#3604 = VERTEX_POINT ( 'NONE', #2270 ) ;
#3605 = ORIENTED_EDGE ( 'NONE', *, *, #4271, .T. ) ;
#3606 = EDGE_CURVE ( 'NONE', #2311, #3526, #1841, .T. ) ;
#3607 = CARTESIAN_POINT ( 'NONE',  ( -12.93957905611191350, 1.282672815077941841, 0.7565803274235424203 ) ) ;
#3608 = DIRECTION ( 'NONE',  ( -0.4939870479425472749, 0.8694692613686855198, 0.000000000000000000 ) ) ;
#3609 = DIRECTION ( 'NONE',  ( 0.7749432854958449024, -0.6320307779411580285, 0.000000000000000000 ) ) ;
#3610 = ORIENTED_EDGE ( 'NONE', *, *, #425, .F. ) ;
#3611 = EDGE_CURVE ( 'NONE', #4233, #4701, #4129, .T. ) ;
#3612 = DIRECTION ( 'NONE',  ( -0.000000000000000000, 0.000000000000000000, 1.000000000000000000 ) ) ;
#3613 = ORIENTED_EDGE ( 'NONE', *, *, #4074, .F. ) ;
#3614 = DIRECTION ( 'NONE',  ( 1.000000000000000000, -0.000000000000000000, 0.000000000000000000 ) ) ;
#3615 = CARTESIAN_POINT ( 'NONE',  ( -9.378373917950151295, 0.3158943509703647234, 0.2979165833238456296 ) ) ;
#3616 = CARTESIAN_POINT ( 'NONE',  ( -13.19378908746932666, 0.9857572185291629818, 0.2850602806958022484 ) ) ;
#3617 = EDGE_CURVE ( 'NONE', #4284, #4117, #32, .T. ) ;
#3618 = CARTESIAN_POINT ( 'NONE',  ( -12.52743019054259577, 2.884211959495178057, 0.1250000000000000000 ) ) ;
#3619 = CARTESIAN_POINT ( 'NONE',  ( -11.26925292101738840, -1.377692738981442844, 1.125000000000000222 ) ) ;
#3620 = VERTEX_POINT ( 'NONE', #436 ) ;
#3621 = FACE_OUTER_BOUND ( 'NONE', #1473, .T. ) ;
#3622 = ORIENTED_EDGE ( 'NONE', *, *, #2205, .F. ) ;
#3623 = AXIS2_PLACEMENT_3D ( 'NONE', #4449, #1149, #4098 ) ;
#3624 = FACE_OUTER_BOUND ( 'NONE', #4077, .T. ) ;
#3625 = LINE ( 'NONE', #2850, #324 ) ;
#3626 = ORIENTED_EDGE ( 'NONE', *, *, #4204, .T. ) ;
#3627 = EDGE_LOOP ( 'NONE', ( #1332, #3133, #1208, #1369 ) ) ;
#3628 = TOROIDAL_SURFACE ( 'NONE', #97, 0.6924999999999997824, 0.1250000000000000000 ) ;
#3629 = VECTOR ( 'NONE', #2704, 100.0000000000000142 ) ;
#3630 = ORIENTED_EDGE ( 'NONE', *, *, #486, .F. ) ;
#3631 = VECTOR ( 'NONE', #2282, 100.0000000000000000 ) ;
#3632 = AXIS2_PLACEMENT_3D ( 'NONE', #1522, #83, #2673 ) ;
#3633 = CARTESIAN_POINT ( 'NONE',  ( -10.00741343578989451, 1.128481129950431372, 0.8632745012477016644 ) ) ;
#3634 =( BOUNDED_SURFACE ( )  B_SPLINE_SURFACE ( 3, 2, ( 
 ( #209, #4520, #1298 ),
 ( #3500, #1223, #563 ),
 ( #1999, #1610, #586 ),
 ( #2389, #3115, #2770 ),
 ( #2801, #1591, #4174 ),
 ( #1643, #964, #2029 ) ),
 .UNSPECIFIED., .F., .F., .T. ) 
 B_SPLINE_SURFACE_WITH_KNOTS ( ( 4, 2, 4 ),
 ( 3, 3 ),
 ( 2.356194490192343949, 2.748893571891068532, 3.141592653589793116 ),
 ( 0.000000000000000000, 1.000000000000000000 ),
 .UNSPECIFIED. ) 
 GEOMETRIC_REPRESENTATION_ITEM ( )  RATIONAL_B_SPLINE_SURFACE ( (
 ( 1.000000000000000000, 0.6100525906592604297, 1.000000000000000000),
 ( 1.000000000000000000, 0.5963233189974291859, 1.000000000000000000),
 ( 1.000000000000000000, 0.5848864880767619123, 1.000000000000000000),
 ( 1.000000000000000000, 0.5691922445500134931, 1.000000000000000000),
 ( 1.000000000000000000, 0.5649560188417058759, 1.000000000000000000),
 ( 1.000000000000000000, 0.5649892265173246386, 1.000000000000000000) ) ) 
 REPRESENTATION_ITEM ( '' )  SURFACE ( )  );
#3635 = CARTESIAN_POINT ( 'NONE',  ( -11.62519584644441828, 2.148364723886541316, 0.4984486283441197374 ) ) ;
#3636 = ORIENTED_EDGE ( 'NONE', *, *, #1191, .F. ) ;
#3637 = EDGE_CURVE ( 'NONE', #1661, #1814, #1466, .T. ) ;
#3638 = AXIS2_PLACEMENT_3D ( 'NONE', #1794, #2537, #4018 ) ;
#3639 = VECTOR ( 'NONE', #4687, 100.0000000000000142 ) ;
#3640 = LINE ( 'NONE', #4404, #3734 ) ;
#3641 = ORIENTED_EDGE ( 'NONE', *, *, #3106, .F. ) ;
#3642 = CARTESIAN_POINT ( 'NONE',  ( -9.384058308749782640, 0.3205304450000238670, 0.3568675775501801151 ) ) ;
#3643 = CARTESIAN_POINT ( 'NONE',  ( -9.358628992270890734, 0.2997907199421045443, 0.3216719330474845928 ) ) ;
#3644 = AXIS2_PLACEMENT_3D ( 'NONE', #2906, #4640, #3588 ) ;
#3645 = CARTESIAN_POINT ( 'NONE',  ( -13.36161535150948687, 2.250695823602320900, 1.250000000000000000 ) ) ;
#3646 = AXIS2_PLACEMENT_3D ( 'NONE', #4454, #1156, #2244 ) ;
#3647 = ADVANCED_FACE ( 'NONE', ( #1906 ), #4499, .T. ) ;
#3648 = EDGE_CURVE ( 'NONE', #4728, #3941, #4108, .T. ) ;
#3649 = AXIS2_PLACEMENT_3D ( 'NONE', #3259, #2514, #3988 ) ;
#3650 = FACE_OUTER_BOUND ( 'NONE', #4005, .T. ) ;
#3651 = DIRECTION ( 'NONE',  ( 0.3493015914185020887, -0.6148076107470561436, -0.7071067811865463515 ) ) ;
#3652 = DIRECTION ( 'NONE',  ( 0.5668062099020036992, -0.4622776614639994563, 0.6819311432453438737 ) ) ;
#3653 = ORIENTED_EDGE ( 'NONE', *, *, #4690, .T. ) ;
#3654 = CARTESIAN_POINT ( 'NONE',  ( -7.677465596869861741, -1.151989080848907276, -4.350413467132113965 ) ) ;
#3655 = ADVANCED_FACE ( 'NONE', ( #841 ), #753, .F. ) ;
#3656 = DIRECTION ( 'NONE',  ( -0.000000000000000000, 0.000000000000000000, 1.000000000000000000 ) ) ;
#3657 = VECTOR ( 'NONE', #2274, 100.0000000000000142 ) ;
#3658 = CARTESIAN_POINT ( 'NONE',  ( -13.86161535150948509, 2.250695823602320900, 0.1249999999999999445 ) ) ;
#3659 = ORIENTED_EDGE ( 'NONE', *, *, #1171, .F. ) ;
#3660 = ORIENTED_EDGE ( 'NONE', *, *, #2351, .T. ) ;
#3661 = VECTOR ( 'NONE', #2646, 100.0000000000000142 ) ;
#3662 = DIRECTION ( 'NONE',  ( 1.224646799147353207E-16, 1.000000000000000000, 0.000000000000000000 ) ) ;
#3663 = DIRECTION ( 'NONE',  ( -0.000000000000000000, -0.000000000000000000, -1.000000000000000000 ) ) ;
#3664 = DIRECTION ( 'NONE',  ( -0.000000000000000000, 0.000000000000000000, 1.000000000000000000 ) ) ;
#3665 = VERTEX_POINT ( 'NONE', #4434 ) ;
#3666 = LINE ( 'NONE', #342, #121 ) ;
#3667 = VERTEX_POINT ( 'NONE', #4147 ) ;
#3668 = CARTESIAN_POINT ( 'NONE',  ( -9.384058308749780863, 0.3205304450000248662, 0.8539672043933241863 ) ) ;
#3669 = FACE_OUTER_BOUND ( 'NONE', #2825, .T. ) ;
#3670 = CARTESIAN_POINT ( 'NONE',  ( -10.21311691150694578, -0.6957050899555480283, 0.1249999999999999445 ) ) ;
#3671 = DIRECTION ( 'NONE',  ( -0.7749432854958503425, 0.6320307779411513671, -0.000000000000000000 ) ) ;
#3672 = DIRECTION ( 'NONE',  ( -0.000000000000000000, 0.000000000000000000, 1.000000000000000000 ) ) ;
#3673 = ORIENTED_EDGE ( 'NONE', *, *, #1711, .F. ) ;
#3674 = CARTESIAN_POINT ( 'NONE',  ( -13.26832597689305615, 1.116949998708081981, 1.226479224199663047E-15 ) ) ;
#3675 = ADVANCED_FACE ( 'NONE', ( #2599 ), #79, .T. ) ;
#3676 = DIRECTION ( 'NONE',  ( 1.000000000000000000, 0.000000000000000000, 0.000000000000000000 ) ) ;
#3677 = PRODUCT ( 'tool holer', 'tool holer', '', ( #4587 ) ) ;
#3678 = CARTESIAN_POINT ( 'NONE',  ( -11.62342152478826662, -1.778255179140573405, -2.945681468890189336 ) ) ;
#3679 = ORIENTED_EDGE ( 'NONE', *, *, #61, .F. ) ;
#3680 = ORIENTED_EDGE ( 'NONE', *, *, #631, .F. ) ;
#3681 = CARTESIAN_POINT ( 'NONE',  ( -11.47502702076934256, 2.025889542166376511, 0.2883136967041848853 ) ) ;
#3682 = CYLINDRICAL_SURFACE ( 'NONE', #4170, 0.1250000000000000833 ) ;
#3683 = DIRECTION ( 'NONE',  ( 0.000000000000000000, -0.000000000000000000, -1.000000000000000000 ) ) ;
#3684 = VERTEX_POINT ( 'NONE', #1181 ) ;
#3685 = CARTESIAN_POINT ( 'NONE',  ( -12.94280178398323145, 1.242660592436279243, 0.4210570426814705391 ) ) ;
#3686 = ORIENTED_EDGE ( 'NONE', *, *, #4556, .T. ) ;
#3687 = FACE_OUTER_BOUND ( 'NONE', #3020, .T. ) ;
#3688 = CYLINDRICAL_SURFACE ( 'NONE', #1257, 0.06250000000000023592 ) ;
#3689 = DIRECTION ( 'NONE',  ( -1.000000000000000000, 0.000000000000000000, 0.000000000000000000 ) ) ;
#3690 = CARTESIAN_POINT ( 'NONE',  ( -9.351149612057929161, 0.2936906625792097825, 0.8801643195745546544 ) ) ;
#3691 = CARTESIAN_POINT ( 'NONE',  ( -10.16092339570802849, -0.2328510134410863297, 0.4542544545199613815 ) ) ;
#3692 = DIRECTION ( 'NONE',  ( 0.7749432854958503425, -0.6320307779411513671, 0.000000000000000000 ) ) ;
#3693 = DIRECTION ( 'NONE',  ( 0.000000000000000000, -0.000000000000000000, -1.000000000000000000 ) ) ;
#3694 = ADVANCED_FACE ( 'NONE', ( #2222 ), #2620, .T. ) ;
#3695 = FACE_OUTER_BOUND ( 'NONE', #935, .T. ) ;
#3696 = EDGE_CURVE ( 'NONE', #1839, #882, #2713, .T. ) ;
#3697 = DIRECTION ( 'NONE',  ( 1.000000000000000000, 8.673617379884027583E-16, 0.000000000000000000 ) ) ;
#3698 = AXIS2_PLACEMENT_3D ( 'NONE', #3879, #2043, #1970 ) ;
#3699 = EDGE_LOOP ( 'NONE', ( #1790, #395, #3145, #1082 ) ) ;
#3700 = ORIENTED_EDGE ( 'NONE', *, *, #4, .T. ) ;
#3701 = AXIS2_PLACEMENT_3D ( 'NONE', #833, #2937, #1084 ) ;
#3702 = ADVANCED_FACE ( 'NONE', ( #455 ), #3299, .T. ) ;
#3703 = CARTESIAN_POINT ( 'NONE',  ( -12.10875897698517001, 1.736240089222062410, 0.000000000000000000 ) ) ;
#3704 = CARTESIAN_POINT ( 'NONE',  ( -11.49689447563532063, 1.959255308643081506, 0.3475602806958021374 ) ) ;
#3705 = DIRECTION ( 'NONE',  ( 0.000000000000000000, 0.000000000000000000, -1.000000000000000000 ) ) ;
#3706 = AXIS2_PLACEMENT_3D ( 'NONE', #1437, #2451, #2162 ) ;
#3707 = CARTESIAN_POINT ( 'NONE',  ( -11.96280974282176146, -1.307417686093918174, 0.4100602806958018043 ) ) ;
#3708 = ORIENTED_EDGE ( 'NONE', *, *, #2002, .T. ) ;
#3709 = CIRCLE ( 'NONE', #4471, 0.6349999999999994538 ) ;
#3710 = AXIS2_PLACEMENT_3D ( 'NONE', #2261, #1192, #2995 ) ;
#3711 = CIRCLE ( 'NONE', #399, 0.1249999999999998335 ) ;
#3712 = CARTESIAN_POINT ( 'NONE',  ( -11.70225281819948293, -1.006896116100389094, 0.8449686750718603534 ) ) ;
#3713 = ADVANCED_FACE ( 'NONE', ( #1317 ), #535, .F. ) ;
#3714 = ORIENTED_EDGE ( 'NONE', *, *, #733, .T. ) ;
#3715 = CARTESIAN_POINT ( 'NONE',  ( -13.04411535150948609, 2.250695823602320900, 1.250000000000000000 ) ) ;
#3716 = CYLINDRICAL_SURFACE ( 'NONE', #1025, 0.2500000000000002220 ) ;
#3717 = TOROIDAL_SURFACE ( 'NONE', #632, 0.3750000000000000000, 0.1250000000000000000 ) ;
#3718 = CIRCLE ( 'NONE', #3327, 0.6925000000000001155 ) ;
#3719 = EDGE_CURVE ( 'NONE', #4047, #76, #190, .T. ) ;
#3720 = VECTOR ( 'NONE', #3097, 100.0000000000000000 ) ;
#3721 = AXIS2_PLACEMENT_3D ( 'NONE', #4517, #4197, #3465 ) ;
#3722 = LINE ( 'NONE', #2601, #1688 ) ;
#3723 = DIRECTION ( 'NONE',  ( -0.9937020812271839532, 0.1120543339847369646, 0.000000000000000000 ) ) ;
#3724 = ADVANCED_FACE ( 'NONE', ( #2746 ), #3818, .T. ) ;
#3725 = SPHERICAL_SURFACE ( 'NONE', #4547, 0.1250000000000000000 ) ;
#3726 = DIRECTION ( 'NONE',  ( 0.000000000000000000, 1.000000000000000000, 0.000000000000000000 ) ) ;
#3727 = VECTOR ( 'NONE', #1785, 100.0000000000000000 ) ;
#3728 = LINE ( 'NONE', #1187, #1325 ) ;
#3729 = CIRCLE ( 'NONE', #1720, 0.7599999999999995648 ) ;
#3730 = DIRECTION ( 'NONE',  ( 0.000000000000000000, 0.000000000000000000, -1.000000000000000000 ) ) ;
#3731 = VERTEX_POINT ( 'NONE', #222 ) ;
#3732 = ORIENTED_EDGE ( 'NONE', *, *, #2175, .T. ) ;
#3733 = AXIS2_PLACEMENT_3D ( 'NONE', #1219, #435, #2964 ) ;
#3734 = VECTOR ( 'NONE', #702, 100.0000000000000142 ) ;
#3735 = CARTESIAN_POINT ( 'NONE',  ( -12.93847165360996243, 1.289502772289461863, 0.4596458498790173541 ) ) ;
#3736 = DIRECTION ( 'NONE',  ( -0.000000000000000000, -0.000000000000000000, 1.000000000000000000 ) ) ;
#3737 = EDGE_CURVE ( 'NONE', #2917, #4505, #1792, .T. ) ;
#3738 = DIRECTION ( 'NONE',  ( 0.4819257464920421730, 0.8762120604443243144, -0.000000000000000000 ) ) ;
#3739 = FACE_OUTER_BOUND ( 'NONE', #3627, .T. ) ;
#3740 = ORIENTED_EDGE ( 'NONE', *, *, #1438, .F. ) ;
#3741 = EDGE_CURVE ( 'NONE', #2590, #2817, #2327, .T. ) ;
#3742 = CARTESIAN_POINT ( 'NONE',  ( -13.19378908746932311, 0.9857572185291630928, 0.4100602806958021929 ) ) ;
#3743 = ORIENTED_EDGE ( 'NONE', *, *, #1251, .T. ) ;
#3744 = CARTESIAN_POINT ( 'NONE',  ( -13.29920016738946664, 1.171291827543624597, 0.4984486283441197374 ) ) ;
#3745 = DIRECTION ( 'NONE',  ( 0.8694692613686595406, 0.4939870479425931826, -0.000000000000000000 ) ) ;
#3746 = EDGE_CURVE ( 'NONE', #1596, #2747, #511, .T. ) ;
#3747 = DIRECTION ( 'NONE',  ( -0.8694692613686838545, -0.4939870479425503835, 0.000000000000000000 ) ) ;
#3748 = FACE_OUTER_BOUND ( 'NONE', #2883, .T. ) ;
#3749 = CYLINDRICAL_SURFACE ( 'NONE', #3632, 0.1249999999999999445 ) ;
#3750 = EDGE_CURVE ( 'NONE', #1552, #958, #1945, .T. ) ;
#3751 = DIRECTION ( 'NONE',  ( 0.000000000000000000, 0.000000000000000000, 1.000000000000000000 ) ) ;
#3752 = PLANE ( 'NONE',  #720 ) ;
#3753 = CARTESIAN_POINT ( 'NONE',  ( -11.26925292101738840, -1.377692738981442622, 0.1250000000000000000 ) ) ;
#3754 = ORIENTED_EDGE ( 'NONE', *, *, #1530, .F. ) ;
#3755 = VERTEX_POINT ( 'NONE', #893 ) ;
#3756 = CARTESIAN_POINT ( 'NONE',  ( -12.93720796726578115, 1.295434791161977017, 0.4661387843403344000 ) ) ;
#3757 = CARTESIAN_POINT ( 'NONE',  ( -9.358628992270890734, 0.2997907199421051549, 0.8891628488960199306 ) ) ;
#3758 = CARTESIAN_POINT ( 'NONE',  ( -7.596592091119913626, -0.5416666666666667407, 0.1000000000000002137 ) ) ;
#3759 = CARTESIAN_POINT ( 'NONE',  ( -10.16346005861974788, -0.2553462362951269271, 1.250000000000000000 ) ) ;
#3760 = ORIENTED_EDGE ( 'NONE', *, *, #1781, .F. ) ;
#3761 = DIRECTION ( 'NONE',  ( 0.000000000000000000, 0.7546413764697671445, 0.6561374801974165782 ) ) ;
#3762 = ORIENTED_EDGE ( 'NONE', *, *, #4204, .F. ) ;
#3763 = CARTESIAN_POINT ( 'NONE',  ( -7.125217713151385190, -1.602393215055464282, 3.056240241871127417 ) ) ;
#3764 = EDGE_CURVE ( 'NONE', #2164, #3940, #4590, .T. ) ;
#3765 = DIRECTION ( 'NONE',  ( 1.000000000000000000, 0.000000000000000000, 0.000000000000000000 ) ) ;
#3766 = ORIENTED_EDGE ( 'NONE', *, *, #303, .T. ) ;
#3767 = CARTESIAN_POINT ( 'NONE',  ( -10.14867530369874338, -0.1242344692354270530, 0.8449686750718606865 ) ) ;
#3768 = DIRECTION ( 'NONE',  ( -0.8694692613686609839, -0.4939870479425903516, 0.000000000000000000 ) ) ;
#3769 = CARTESIAN_POINT ( 'NONE',  ( -12.69280178398323145, 1.242660592436279243, 1.125000000000000222 ) ) ;
#3770 = ADVANCED_FACE ( 'NONE', ( #2432 ), #205, .T. ) ;
#3771 = CARTESIAN_POINT ( 'NONE',  ( -12.94280178398323145, 1.242660592436279243, 1.125000000000000222 ) ) ;
#3772 = CARTESIAN_POINT ( 'NONE',  ( -12.93564060461440057, 1.183252619953938378, 0.3658661068716428932 ) ) ;
#3773 = VERTEX_POINT ( 'NONE', #2767 ) ;
#3774 = ORIENTED_EDGE ( 'NONE', *, *, #4206, .T. ) ;
#3775 = AXIS2_PLACEMENT_3D ( 'NONE', #793, #3367, #4028 ) ;
#3776 = LINE ( 'NONE', #1510, #102 ) ;
#3777 = LINE ( 'NONE', #1967, #3412 ) ;
#3778 = CARTESIAN_POINT ( 'NONE',  ( -8.391147595693485783, -0.5416666666666670737, 1.250000000000000000 ) ) ;
#3779 = CYLINDRICAL_SURFACE ( 'NONE', #854, 0.1250000000000001110 ) ;
#3780 = CARTESIAN_POINT ( 'NONE',  ( -7.676993045388040393, 4.221770570108859921, 0.4984486283441197374 ) ) ;
#3781 = ORIENTED_EDGE ( 'NONE', *, *, #1218, .T. ) ;
#3782 = CIRCLE ( 'NONE', #1161, 0.2500000000000000555 ) ;
#3783 = DIRECTION ( 'NONE',  ( 0.4939870479426071159, -0.8694692613686514360, 0.000000000000000000 ) ) ;
#3784 = ORIENTED_EDGE ( 'NONE', *, *, #754, .F. ) ;
#3785 = AXIS2_PLACEMENT_3D ( 'NONE', #1606, #1386, #3244 ) ;
#3786 = AXIS2_PLACEMENT_3D ( 'NONE', #3678, #2953, #742 ) ;
#3787 = DIRECTION ( 'NONE',  ( 0.6000000000000003109, 0.000000000000000000, -0.7999999999999997113 ) ) ;
#3788 = DIRECTION ( 'NONE',  ( 0.000000000000000000, 0.7546413764697665894, -0.6561374801974171334 ) ) ;
#3789 = VERTEX_POINT ( 'NONE', #1974 ) ;
#3790 = CIRCLE ( 'NONE', #4386, 0.1250000000000001110 ) ;
#3791 = VECTOR ( 'NONE', #4598, 100.0000000000000000 ) ;
#3792 = LINE ( 'NONE', #3841, #2848 ) ;
#3793 = CARTESIAN_POINT ( 'NONE',  ( -11.40308017542880314, -1.027385351139419090, 0.000000000000000000 ) ) ;
#3794 = AXIS2_PLACEMENT_3D ( 'NONE', #3483, #1285, #4209 ) ;
#3795 = EDGE_CURVE ( 'NONE', #132, #2812, #1101, .T. ) ;
#3796 = CARTESIAN_POINT ( 'NONE',  ( -11.65859011927216571, -1.083747067443768808, 0.7565803274235415321 ) ) ;
#3797 = AXIS2_PLACEMENT_3D ( 'NONE', #2172, #1132, #1923 ) ;
#3798 =( BOUNDED_SURFACE ( )  B_SPLINE_SURFACE ( 3, 2, ( 
 ( #3477, #900, #920 ),
 ( #1716, #1357, #1683 ),
 ( #163, #1330, #967 ),
 ( #2393, #2775, #2806 ),
 ( #1615, #3844, #3092 ),
 ( #3915, #3190, #4551 ) ),
 .UNSPECIFIED., .F., .F., .F. ) 
 B_SPLINE_SURFACE_WITH_KNOTS ( ( 4, 2, 4 ),
 ( 3, 3 ),
 ( 3.141592653589793116, 3.534291735288517700, 3.926990816987242283 ),
 ( 0.000000000000000000, 1.000000000000000000 ),
 .UNSPECIFIED. ) 
 GEOMETRIC_REPRESENTATION_ITEM ( )  RATIONAL_B_SPLINE_SURFACE ( (
 ( 1.000000000000000000, 0.5649892265173246386, 1.000000000000000000),
 ( 1.000000000000000000, 0.5649560188416368200, 1.000000000000000000),
 ( 1.000000000000000000, 0.5691922445501053085, 1.000000000000000000),
 ( 1.000000000000000000, 0.5848864880766700969, 1.000000000000000000),
 ( 1.000000000000000000, 0.5963233189975046811, 1.000000000000000000),
 ( 1.000000000000000000, 0.6100525906592604297, 1.000000000000000000) ) ) 
 REPRESENTATION_ITEM ( '' )  SURFACE ( )  );
#3799 = EDGE_CURVE ( 'NONE', #4486, #2917, #3859, .T. ) ;
#3800 = CIRCLE ( 'NONE', #3638, 0.1249999999999999584 ) ;
#3801 = AXIS2_PLACEMENT_3D ( 'NONE', #3155, #1248, #4236 ) ;
#3802 = DIRECTION ( 'NONE',  ( -0.000000000000000000, -0.000000000000000000, -1.000000000000000000 ) ) ;
#3803 = DIRECTION ( 'NONE',  ( -0.000000000000000000, 0.000000000000000000, 1.000000000000000000 ) ) ;
#3804 = ORIENTED_EDGE ( 'NONE', *, *, #494, .T. ) ;
#3805 = CIRCLE ( 'NONE', #4705, 0.06249999999999996531 ) ;
#3806 = ORIENTED_EDGE ( 'NONE', *, *, #2375, .T. ) ;
#3807 = EDGE_CURVE ( 'NONE', #2025, #2904, #336, .T. ) ;
#3808 = CIRCLE ( 'NONE', #490, 0.1249999999999999445 ) ;
#3809 = DIRECTION ( 'NONE',  ( -0.8694692613686595406, -0.4939870479425931826, 0.000000000000000000 ) ) ;
#3810 = DIRECTION ( 'NONE',  ( -0.7690358092104163656, 0.000000000000000000, 0.6392056978407499868 ) ) ;
#3811 = DIRECTION ( 'NONE',  ( -0.4939870479425472749, 0.8694692613686855198, 0.000000000000000000 ) ) ;
#3812 = ORIENTED_EDGE ( 'NONE', *, *, #1502, .F. ) ;
#3813 = AXIS2_PLACEMENT_3D ( 'NONE', #2144, #3207, #3985 ) ;
#3814 = DIRECTION ( 'NONE',  ( -0.000000000000000000, 0.000000000000000000, 1.000000000000000000 ) ) ;
#3815 = EDGE_LOOP ( 'NONE', ( #890, #422, #726, #3381 ) ) ;
#3816 = LINE ( 'NONE', #203, #3007 ) ;
#3817 = CIRCLE ( 'NONE', #4263, 0.1249999999999999445 ) ;
#3818 = CYLINDRICAL_SURFACE ( 'NONE', #2026, 0.1249999999999999445 ) ;
#3819 = ORIENTED_EDGE ( 'NONE', *, *, #3199, .F. ) ;
#3820 = MECHANICAL_DESIGN_GEOMETRIC_PRESENTATION_REPRESENTATION (  '', ( #3113 ), #1652 ) ;
#3821 = VERTEX_POINT ( 'NONE', #3885 ) ;
#3822 = DIRECTION ( 'NONE',  ( -0.8694692613686603178, -0.4939870479425913508, 0.000000000000000000 ) ) ;
#3823 = DIRECTION ( 'NONE',  ( 1.000000000000000000, 0.000000000000000000, 0.000000000000000000 ) ) ;
#3824 = DIRECTION ( 'NONE',  ( -0.8694692613686838545, -0.4939870479425503280, 0.000000000000000000 ) ) ;
#3825 =( BOUNDED_CURVE ( )  B_SPLINE_CURVE ( 3, ( #1387, #2452, #2908, #1703 ),
 .UNSPECIFIED., .F., .T. ) 
 B_SPLINE_CURVE_WITH_KNOTS ( ( 4, 4 ),
 ( 4.712388980384689674, 5.497787143782139729 ),
 .UNSPECIFIED. ) 
 CURVE ( )  GEOMETRIC_REPRESENTATION_ITEM ( )  RATIONAL_B_SPLINE_CURVE ( ( 1.000000000000000000, 0.9492530216741910110, 0.9492530216741910110, 1.000000000000000000 ) ) 
 REPRESENTATION_ITEM ( '' )  );
#3826 = DIRECTION ( 'NONE',  ( 0.000000000000000000, 0.000000000000000000, 1.000000000000000000 ) ) ;
#3827 = ORIENTED_EDGE ( 'NONE', *, *, #3249, .F. ) ;
#3828 = ADVANCED_FACE ( 'NONE', ( #557 ), #2869, .T. ) ;
#3829 = EDGE_LOOP ( 'NONE', ( #2436, #962, #3410, #3837, #2383, #550 ) ) ;
#3830 = CARTESIAN_POINT ( 'NONE',  ( -12.77507662415331424, 1.478734417065328488, 1.125000000000000222 ) ) ;
#3831 = CARTESIAN_POINT ( 'NONE',  ( -12.69280178398323145, 1.242660592436279243, 1.125000000000000222 ) ) ;
#3832 = CARTESIAN_POINT ( 'NONE',  ( -11.59476504398986663, 2.123545870547593584, 0.8007745012477016644 ) ) ;
#3833 = ORIENTED_EDGE ( 'NONE', *, *, #2581, .F. ) ;
#3834 = CARTESIAN_POINT ( 'NONE',  ( -10.10360319528077611, 0.2754666966858480559, 0.8632745012477016644 ) ) ;
#3835 = ORIENTED_EDGE ( 'NONE', *, *, #931, .T. ) ;
#3836 = DIRECTION ( 'NONE',  ( -0.000000000000000000, -0.000000000000000000, -1.000000000000000000 ) ) ;
#3837 = ORIENTED_EDGE ( 'NONE', *, *, #4142, .F. ) ;
#3838 = DIRECTION ( 'NONE',  ( 0.000000000000000000, 0.000000000000000000, 1.000000000000000000 ) ) ;
#3839 = ORIENTED_EDGE ( 'NONE', *, *, #931, .F. ) ;
#3840 = ORIENTED_EDGE ( 'NONE', *, *, #578, .F. ) ;
#3841 = CARTESIAN_POINT ( 'NONE',  ( -11.62044749077096917, -1.150882113125067052, 1.125000000000000222 ) ) ;
#3842 = CARTESIAN_POINT ( 'NONE',  ( -12.69280178398323145, 1.242660592436279243, 1.125000000000000222 ) ) ;
#3843 = DIRECTION ( 'NONE',  ( 1.000000000000000000, 0.000000000000000000, -0.000000000000000000 ) ) ;
#3844 = CARTESIAN_POINT ( 'NONE',  ( -11.55400195034402522, 2.090300173384205262, 0.7347344986609238848 ) ) ;
#3845 = ORIENTED_EDGE ( 'NONE', *, *, #816, .F. ) ;
#3846 = ORIENTED_EDGE ( 'NONE', *, *, #2858, .F. ) ;
#3847 = EDGE_CURVE ( 'NONE', #2492, #4384, #2482, .T. ) ;
#3848 = EDGE_CURVE ( 'NONE', #3126, #3600, #179, .T. ) ;
#3849 = DIRECTION ( 'NONE',  ( -0.8000000000000001554, 0.000000000000000000, 0.6000000000000000888 ) ) ;
#3850 = DIRECTION ( 'NONE',  ( 0.7690358092104191412, 0.000000000000000000, 0.6392056978407466561 ) ) ;
#3851 = ORIENTED_EDGE ( 'NONE', *, *, #4665, .T. ) ;
#3852 = DIRECTION ( 'NONE',  ( 0.000000000000000000, -0.000000000000000000, 1.000000000000000000 ) ) ;
#3853 = VERTEX_POINT ( 'NONE', #4168 ) ;
#3854 = EDGE_CURVE ( 'NONE', #978, #453, #1635, .T. ) ;
#3855 = ADVANCED_FACE ( 'NONE', ( #869 ), #795, .T. ) ;
#3856 = CARTESIAN_POINT ( 'NONE',  ( -9.979390435127378112, 0.2614599049377561713, 1.125000000000000222 ) ) ;
#3857 = ORIENTED_EDGE ( 'NONE', *, *, #3461, .T. ) ;
#3858 = DIRECTION ( 'NONE',  ( 1.000000000000000000, 0.000000000000000000, 0.000000000000000000 ) ) ;
#3859 = LINE ( 'NONE', #1954, #4479 ) ;
#3860 = ORIENTED_EDGE ( 'NONE', *, *, #239, .T. ) ;
#3861 = EDGE_CURVE ( 'NONE', #2430, #4384, #289, .T. ) ;
#3862 = CIRCLE ( 'NONE', #3310, 0.1250000000000000833 ) ;
#3863 = ORIENTED_EDGE ( 'NONE', *, *, #1711, .T. ) ;
#3864 = DIRECTION ( 'NONE',  ( 1.000000000000000000, 0.000000000000000000, 0.000000000000000000 ) ) ;
#3865 = LINE ( 'NONE', #1326, #110 ) ;
#3866 = VECTOR ( 'NONE', #3663, 100.0000000000000000 ) ;
#3867 = TOROIDAL_SURFACE ( 'NONE', #4017, 0.3750000000000000000, 0.1250000000000000000 ) ;
#3868 = EDGE_CURVE ( 'NONE', #4475, #4180, #3536, .T. ) ;
#3869 = VECTOR ( 'NONE', #259, 100.0000000000000000 ) ;
#3870 = AXIS2_PLACEMENT_3D ( 'NONE', #352, #1066, #711 ) ;
#3871 = DIRECTION ( 'NONE',  ( 0.000000000000000000, 0.000000000000000000, 1.000000000000000000 ) ) ;
#3872 = ORIENTED_EDGE ( 'NONE', *, *, #3153, .F. ) ;
#3873 = VERTEX_POINT ( 'NONE', #2093 ) ;
#3874 = CIRCLE ( 'NONE', #778, 0.2500000000000002220 ) ;
#3875 = DIRECTION ( 'NONE',  ( 5.892993154733278871E-33, -1.037228896351944443E-32, 1.000000000000000000 ) ) ;
#3876 = AXIS2_PLACEMENT_3D ( 'NONE', #4750, #1556, #2592 ) ;
#3877 = CARTESIAN_POINT ( 'NONE',  ( -7.563258757786581299, -0.5416666666666667407, 0.1250000000000000000 ) ) ;
#3878 = ORIENTED_EDGE ( 'NONE', *, *, #4682, .T. ) ;
#3879 = CARTESIAN_POINT ( 'NONE',  ( -7.563258757786581299, -2.916666666666666075, 0.1250000000000000000 ) ) ;
#3880 = ORIENTED_EDGE ( 'NONE', *, *, #4271, .F. ) ;
#3881 = CARTESIAN_POINT ( 'NONE',  ( -9.254731733816660366, 0.2150538542697161548, 0.4984486283441203480 ) ) ;
#3882 = EDGE_LOOP ( 'NONE', ( #369, #1971, #1411, #1033 ) ) ;
#3883 = CARTESIAN_POINT ( 'NONE',  ( -7.146592091119913448, -0.5416666666666667407, 0.8125000000000000000 ) ) ;
#3884 = CIRCLE ( 'NONE', #4713, 0.1250000000000001110 ) ;
#3885 = CARTESIAN_POINT ( 'NONE',  ( -12.92106661151323799, 1.140703893231679755, 0.8632745012477016644 ) ) ;
#3886 = ORIENTED_EDGE ( 'NONE', *, *, #4205, .F. ) ;
#3887 = AXIS2_PLACEMENT_3D ( 'NONE', #1862, #390, #2063 ) ;
#3888 = ORIENTED_EDGE ( 'NONE', *, *, #4719, .T. ) ;
#3889 = LINE ( 'NONE', #4222, #2006 ) ;
#3890 = CARTESIAN_POINT ( 'NONE',  ( -11.53896916214785229, 1.976768427198971612, 0.3658661068716422271 ) ) ;
#3891 = CARTESIAN_POINT ( 'NONE',  ( -11.40308017542880314, -1.027385351139419090, 1.250000000000000000 ) ) ;
#3892 = CARTESIAN_POINT ( 'NONE',  ( -11.44783213199050564, 2.003709845880714102, 0.9257745012477015534 ) ) ;
#3893 = ORIENTED_EDGE ( 'NONE', *, *, #734, .T. ) ;
#3894 = ORIENTED_EDGE ( 'NONE', *, *, #372, .T. ) ;
#3895 = CARTESIAN_POINT ( 'NONE',  ( -13.24813091630486817, 0.9548830280327538222, 0.2850602806958021929 ) ) ;
#3896 = CARTESIAN_POINT ( 'NONE',  ( -7.071592091119913270, -3.041666666666666075, 0.3375000000000000222 ) ) ;
#3897 = EDGE_LOOP ( 'NONE', ( #129, #2844, #1048, #1670 ) ) ;
#3898 = DIRECTION ( 'NONE',  ( -1.000000000000000000, 0.000000000000000000, 0.000000000000000000 ) ) ;
#3899 = ORIENTED_EDGE ( 'NONE', *, *, #2834, .T. ) ;
#3900 = EDGE_CURVE ( 'NONE', #4552, #313, #2637, .T. ) ;
#3901 = CARTESIAN_POINT ( 'NONE',  ( -11.62631312628538005, 2.042462797371788596, 0.4661321293817803912 ) ) ;
#3902 = DIRECTION ( 'NONE',  ( 0.4939870479425909067, -0.8694692613686606508, 3.469446951953620105E-15 ) ) ;
#3903 = EDGE_CURVE ( 'NONE', #2812, #2159, #4555, .T. ) ;
#3904 = CARTESIAN_POINT ( 'NONE',  ( -9.419962265355868780, 0.2897822402703054689, 0.3658661068716437259 ) ) ;
#3905 = CARTESIAN_POINT ( 'NONE',  ( -3.749598912260407424, -4.597444621010686738, 1.125000000000000222 ) ) ;
#3906 = ORIENTED_EDGE ( 'NONE', *, *, #4215, .F. ) ;
#3907 = EDGE_CURVE ( 'NONE', #1434, #2828, #1077, .T. ) ;
#3908 = ORIENTED_EDGE ( 'NONE', *, *, #2986, .T. ) ;
#3909 = LINE ( 'NONE', #2893, #3543 ) ;
#3910 = CARTESIAN_POINT ( 'NONE',  ( -11.35934789343481022, -2.369574134599857107, 4.801098859861944845 ) ) ;
#3911 = FACE_BOUND ( 'NONE', #3083, .T. ) ;
#3912 = EDGE_CURVE ( 'NONE', #3508, #3446, #3979, .T. ) ;
#3913 = EDGE_CURVE ( 'NONE', #1655, #1743, #4327, .T. ) ;
#3914 = CYLINDRICAL_SURFACE ( 'NONE', #1791, 0.06249999999999979877 ) ;
#3915 = CARTESIAN_POINT ( 'NONE',  ( -11.59476504398986663, 2.123545870547592695, 0.8007745012477014424 ) ) ;
#3916 = ORIENTED_EDGE ( 'NONE', *, *, #1991, .T. ) ;
#3917 = ORIENTED_EDGE ( 'NONE', *, *, #2191, .T. ) ;
#3918 = EDGE_CURVE ( 'NONE', #3438, #4519, #3825, .T. ) ;
#3919 = DIRECTION ( 'NONE',  ( 0.3493015914185311765, -0.6148076107470367146, 0.7071067811865487940 ) ) ;
#3920 = DIRECTION ( 'NONE',  ( 1.000000000000000000, -2.775557561562888984E-15, 0.000000000000000000 ) ) ;
#3921 = ORIENTED_EDGE ( 'NONE', *, *, #2362, .T. ) ;
#3922 = EDGE_LOOP ( 'NONE', ( #2726, #3018, #2577, #3388 ) ) ;
#3923 = EDGE_CURVE ( 'NONE', #1491, #2535, #3178, .T. ) ;
#3924 = CARTESIAN_POINT ( 'NONE',  ( -7.563258757786579523, -2.916666666666666075, 1.125000000000000222 ) ) ;
#3925 = ADVANCED_FACE ( 'NONE', ( #2119 ), #646, .T. ) ;
#3926 = DIRECTION ( 'NONE',  ( 0.1120543339847372699, 0.9937020812271839532, 0.000000000000000000 ) ) ;
#3927 = CARTESIAN_POINT ( 'NONE',  ( -11.79272190322982006, 1.801089792880057550, 0.3475602806958029145 ) ) ;
#3928 = ORIENTED_EDGE ( 'NONE', *, *, #2959, .T. ) ;
#3929 = VERTEX_POINT ( 'NONE', #3590 ) ;
#3930 = LINE ( 'NONE', #2000, #1111 ) ;
#3931 = CARTESIAN_POINT ( 'NONE',  ( -7.071592091119913270, -0.5416666666666667407, 0.3375000000000000222 ) ) ;
#3932 = CIRCLE ( 'NONE', #1851, 0.4425000000000012257 ) ;
#3933 = EDGE_CURVE ( 'NONE', #2037, #3684, #3566, .T. ) ;
#3934 = LINE ( 'NONE', #3210, #4627 ) ;
#3935 = CARTESIAN_POINT ( 'NONE',  ( -13.21562043693299060, 1.024182694200850730, 0.3658661068716422271 ) ) ;
#3936 = AXIS2_PLACEMENT_3D ( 'NONE', #868, #3516, #510 ) ;
#3937 = CARTESIAN_POINT ( 'NONE',  ( -9.287897071315830644, 0.2421029486377737627, 0.4775129518704981368 ) ) ;
#3938 = AXIS2_PLACEMENT_3D ( 'NONE', #4657, #281, #3920 ) ;
#3939 = ADVANCED_FACE ( 'NONE', ( #1439 ), #4643, .T. ) ;
#3940 = VERTEX_POINT ( 'NONE', #2163 ) ;
#3941 = VERTEX_POINT ( 'NONE', #3635 ) ;
#3942 = AXIS2_PLACEMENT_3D ( 'NONE', #4447, #3809, #4093 ) ;
#3943 = DIRECTION ( 'NONE',  ( -0.8694692613686838545, -0.4939870479425503280, 0.000000000000000000 ) ) ;
#3944 = DIRECTION ( 'NONE',  ( -0.000000000000000000, -1.000000000000000000, -0.000000000000000000 ) ) ;
#3945 = EDGE_LOOP ( 'NONE', ( #1536, #5, #3992, #2748 ) ) ;
#3946 = AXIS2_PLACEMENT_3D ( 'NONE', #1069, #1476, #2110 ) ;
#3947 = VERTEX_POINT ( 'NONE', #2832 ) ;
#3948 = VECTOR ( 'NONE', #4287, 100.0000000000000000 ) ;
#3949 = EDGE_CURVE ( 'NONE', #1190, #151, #873, .T. ) ;
#3950 =( BOUNDED_CURVE ( )  B_SPLINE_CURVE ( 3, ( #4202, #897, #587, #3890 ),
 .UNSPECIFIED., .F., .F. ) 
 B_SPLINE_CURVE_WITH_KNOTS ( ( 4, 4 ),
 ( 4.712388980384707438, 5.497787143782130848 ),
 .UNSPECIFIED. ) 
 CURVE ( )  GEOMETRIC_REPRESENTATION_ITEM ( )  RATIONAL_B_SPLINE_CURVE ( ( 1.000000000000000000, 0.9492530216741942306, 0.9492530216741942306, 1.000000000000000000 ) ) 
 REPRESENTATION_ITEM ( '' )  );
#3951 = AXIS2_PLACEMENT_3D ( 'NONE', #2689, #3494, #1995 ) ;
#3952 = DIRECTION ( 'NONE',  ( 0.5668062099020123590, -0.4622776614639914627, 0.6819311432453419863 ) ) ;
#3953 = CARTESIAN_POINT ( 'NONE',  ( -13.28111448532395755, 1.139459121215922410, 0.8007745012477023305 ) ) ;
#3954 = DIRECTION ( 'NONE',  ( 5.892993154733278871E-33, -1.037228896351944443E-32, 1.000000000000000000 ) ) ;
#3955 = ORIENTED_EDGE ( 'NONE', *, *, #2295, .T. ) ;
#3956 = CIRCLE ( 'NONE', #1489, 0.1250000000000001110 ) ;
#3957 = CIRCLE ( 'NONE', #4183, 0.6349999999999994538 ) ;
#3958 = ORIENTED_EDGE ( 'NONE', *, *, #2405, .T. ) ;
#3959 = CIRCLE ( 'NONE', #4191, 0.1250000000000001110 ) ;
#3960 = DIRECTION ( 'NONE',  ( 0.7749432854958503425, -0.6320307779411513671, 0.000000000000000000 ) ) ;
#3961 = CARTESIAN_POINT ( 'NONE',  ( -11.63382357956933078, 2.045588939707508658, 0.7291837224784259996 ) ) ;
#3962 = CARTESIAN_POINT ( 'NONE',  ( -11.89038223192071442, -1.308376201925208981, 0.7123861535993826211 ) ) ;
#3963 = AXIS2_PLACEMENT_3D ( 'NONE', #1516, #3056, #3324 ) ;
#3964 = CIRCLE ( 'NONE', #1885, 0.06249999999999997224 ) ;
#3965 = DIRECTION ( 'NONE',  ( 0.3493015914185021997, -0.6148076107470561436, 0.7071067811865462405 ) ) ;
#3966 = LINE ( 'NONE', #4692, #4412 ) ;
#3967 = EDGE_CURVE ( 'NONE', #4117, #1434, #413, .T. ) ;
#3968 = DIRECTION ( 'NONE',  ( -0.7749432854958505645, 0.6320307779411513671, 0.000000000000000000 ) ) ;
#3969 = ORIENTED_EDGE ( 'NONE', *, *, #1021, .F. ) ;
#3970 = ORIENTED_EDGE ( 'NONE', *, *, #584, .T. ) ;
#3971 = CYLINDRICAL_SURFACE ( 'NONE', #181, 0.06250000000000005551 ) ;
#3972 = EDGE_CURVE ( 'NONE', #1440, #4198, #2332, .T. ) ;
#3973 = CARTESIAN_POINT ( 'NONE',  ( -10.16346005861974788, -0.2553462362951269271, 0.4984486283441203480 ) ) ;
#3974 = ORIENTED_EDGE ( 'NONE', *, *, #4455, .F. ) ;
#3975 = ORIENTED_EDGE ( 'NONE', *, *, #2495, .T. ) ;
#3976 = ORIENTED_EDGE ( 'NONE', *, *, #1984, .T. ) ;
#3977 = CYLINDRICAL_SURFACE ( 'NONE', #4244, 0.06249999999999979877 ) ;
#3978 = EDGE_CURVE ( 'NONE', #1428, #1268, #1103, .T. ) ;
#3979 =( BOUNDED_CURVE ( )  B_SPLINE_CURVE ( 3, ( #977, #3927, #1729, #3202 ),
 .UNSPECIFIED., .F., .F. ) 
 B_SPLINE_CURVE_WITH_KNOTS ( ( 4, 4 ),
 ( 4.712388980384734971, 5.497787143782118413 ),
 .UNSPECIFIED. ) 
 CURVE ( )  GEOMETRIC_REPRESENTATION_ITEM ( )  RATIONAL_B_SPLINE_CURVE ( ( 1.000000000000000000, 0.9492530216741994487, 0.9492530216741994487, 1.000000000000000000 ) ) 
 REPRESENTATION_ITEM ( '' )  );
#3980 = DIRECTION ( 'NONE',  ( 1.000000000000000000, 0.000000000000000000, 0.000000000000000000 ) ) ;
#3981 = ORIENTED_EDGE ( 'NONE', *, *, #782, .F. ) ;
#3982 = CYLINDRICAL_SURFACE ( 'NONE', #2194, 0.1250000000000001388 ) ;
#3983 = ORIENTED_EDGE ( 'NONE', *, *, #3907, .F. ) ;
#3984 = DIRECTION ( 'NONE',  ( -1.000000000000000000, 0.000000000000000000, 0.000000000000000000 ) ) ;
#3985 = DIRECTION ( 'NONE',  ( 0.4939870479425903516, -0.8694692613686609839, 0.000000000000000000 ) ) ;
#3986 = LINE ( 'NONE', #347, #1327 ) ;
#3987 = CARTESIAN_POINT ( 'NONE',  ( -6.391671871905048263, 1.959469855982127973, 0.4984486283441203480 ) ) ;
#3988 = DIRECTION ( 'NONE',  ( 0.4939870479425909067, -0.8694692613686606508, -3.469446951953620105E-15 ) ) ;
#3989 = DIRECTION ( 'NONE',  ( -0.5668062099020122480, 0.4622776614639914072, 0.6819311432453420974 ) ) ;
#3990 = ORIENTED_EDGE ( 'NONE', *, *, #3119, .F. ) ;
#3991 = FACE_OUTER_BOUND ( 'NONE', #4269, .T. ) ;
#3992 = ORIENTED_EDGE ( 'NONE', *, *, #2216, .F. ) ;
#3993 = CARTESIAN_POINT ( 'NONE',  ( -8.549155290178772404, -0.3604024880406287989, 3.469446951953614189E-16 ) ) ;
#3994 = DIRECTION ( 'NONE',  ( -0.5999999999999994227, 0.000000000000000000, 0.8000000000000004885 ) ) ;
#3995 = EDGE_CURVE ( 'NONE', #1596, #3034, #3957, .T. ) ;
#3996 = VERTEX_POINT ( 'NONE', #1824 ) ;
#3997 = ORIENTED_EDGE ( 'NONE', *, *, #4576, .F. ) ;
#3998 = CARTESIAN_POINT ( 'NONE',  ( -11.72408416766313977, -0.9684706404287001247, 0.8007745012477016644 ) ) ;
#3999 = EDGE_CURVE ( 'NONE', #2755, #1388, #4072, .T. ) ;
#4000 = CARTESIAN_POINT ( 'NONE',  ( -11.64954727823941205, -1.099663420607620345, 0.7123861535993826211 ) ) ;
#4001 = DIRECTION ( 'NONE',  ( 0.4939870479425931826, -0.8694692613686595406, 0.000000000000000000 ) ) ;
#4002 = ORIENTED_EDGE ( 'NONE', *, *, #12, .T. ) ;
#4003 = EDGE_CURVE ( 'NONE', #4235, #313, #314, .T. ) ;
#4004 = DIRECTION ( 'NONE',  ( 0.9341530342453956415, 0.3568726784304465105, 0.000000000000000000 ) ) ;
#4005 = EDGE_LOOP ( 'NONE', ( #1453, #4452, #2922, #2365 ) ) ;
#4006 = CARTESIAN_POINT ( 'NONE',  ( -9.417214977397826203, 0.3475724691996169291, 0.3418354965340053009 ) ) ;
#4007 = CARTESIAN_POINT ( 'NONE',  ( -9.432095448270571225, 0.3597087322755448957, 0.9257745012477016644 ) ) ;
#4008 = DIRECTION ( 'NONE',  ( -0.8694692613686597626, -0.4939870479425924055, 0.000000000000000000 ) ) ;
#4009 = ADVANCED_FACE ( 'NONE', ( #3739 ), #3387, .T. ) ;
#4010 = CIRCLE ( 'NONE', #3698, 0.1250000000000000000 ) ;
#4011 = FACE_OUTER_BOUND ( 'NONE', #1123, .T. ) ;
#4012 = CARTESIAN_POINT ( 'NONE',  ( -11.95075128249988872, 1.929975910596027244, 1.125000000000000222 ) ) ;
#4013 = CARTESIAN_POINT ( 'NONE',  ( -11.62342152478826662, -1.778255179140573405, -2.945681468890189336 ) ) ;
#4014 = EDGE_CURVE ( 'NONE', #1657, #1839, #1925, .T. ) ;
#4015 = VERTEX_POINT ( 'NONE', #747 ) ;
#4016 = CARTESIAN_POINT ( 'NONE',  ( -0.9759442179566371056, 2.554640093122529265, 0.1250000000000000000 ) ) ;
#4017 = AXIS2_PLACEMENT_3D ( 'NONE', #2520, #4390, #3218 ) ;
#4018 = DIRECTION ( 'NONE',  ( -0.6320307779411507010, -0.7749432854958508976, 0.000000000000000000 ) ) ;
#4019 = CARTESIAN_POINT ( 'NONE',  ( -12.94280178398323145, 1.242660592436279243, 0.7897777392620340953 ) ) ;
#4020 = ORIENTED_EDGE ( 'NONE', *, *, #2756, .F. ) ;
#4021 = ORIENTED_EDGE ( 'NONE', *, *, #3052, .T. ) ;
#4022 = CIRCLE ( 'NONE', #2470, 0.1249999999999999445 ) ;
#4023 = AXIS2_PLACEMENT_3D ( 'NONE', #1472, #665, #2149 ) ;
#4024 = CARTESIAN_POINT ( 'NONE',  ( -9.413312156536660424, 0.3443893938038482538, 0.2850602806958025259 ) ) ;
#4025 = VECTOR ( 'NONE', #4629, 100.0000000000000000 ) ;
#4026 = AXIS2_PLACEMENT_3D ( 'NONE', #1352, #1423, #2457 ) ;
#4027 = CARTESIAN_POINT ( 'NONE',  ( -11.95213061291353540, -1.199692544254125970, 0.7123861535993826211 ) ) ;
#4028 = DIRECTION ( 'NONE',  ( 0.4939870479425909067, -0.8694692613686606508, -1.249000902703303159E-14 ) ) ;
#4029 = ORIENTED_EDGE ( 'NONE', *, *, #3039, .T. ) ;
#4030 = AXIS2_PLACEMENT_3D ( 'NONE', #685, #2486, #4361 ) ;
#4031 = CIRCLE ( 'NONE', #1559, 0.1249999999999999584 ) ;
#4032 = DIRECTION ( 'NONE',  ( 0.000000000000000000, 0.000000000000000000, 1.000000000000000000 ) ) ;
#4033 = ORIENTED_EDGE ( 'NONE', *, *, #1441, .F. ) ;
#4034 = DIRECTION ( 'NONE',  ( 1.000000000000000000, 0.000000000000000000, 0.000000000000000000 ) ) ;
#4035 = FACE_OUTER_BOUND ( 'NONE', #180, .T. ) ;
#4036 = VECTOR ( 'NONE', #167, 100.0000000000000000 ) ;
#4037 = DIRECTION ( 'NONE',  ( 0.8694692613686838545, 0.4939870479425503835, -1.232595164407831220E-32 ) ) ;
#4038 = CARTESIAN_POINT ( 'NONE',  ( -9.550809221863865162, -5.426271246834513562, 0.9257745012477016644 ) ) ;
#4039 = LINE ( 'NONE', #2515, #2934 ) ;
#4040 = ORIENTED_EDGE ( 'NONE', *, *, #2490, .T. ) ;
#4041 = LINE ( 'NONE', #1503, #3657 ) ;
#4042 = AXIS2_PLACEMENT_3D ( 'NONE', #4335, #1809, #4715 ) ;
#4043 = CARTESIAN_POINT ( 'NONE',  ( -3.749598912260407424, -4.597444621010686738, 0.000000000000000000 ) ) ;
#4044 = CIRCLE ( 'NONE', #270, 0.1250000000000001110 ) ;
#4045 = PLANE ( 'NONE',  #2398 ) ;
#4046 = ORIENTED_EDGE ( 'NONE', *, *, #861, .T. ) ;
#4047 = VERTEX_POINT ( 'NONE', #380 ) ;
#4048 = CARTESIAN_POINT ( 'NONE',  ( -11.44783213199050920, 2.003709845880714102, 0.3475602806958030810 ) ) ;
#4049 = LINE ( 'NONE', #1485, #2780 ) ;
#4050 = DIRECTION ( 'NONE',  ( -0.000000000000000000, 0.000000000000000000, 1.000000000000000000 ) ) ;
#4051 = EDGE_LOOP ( 'NONE', ( #901, #1515, #138 ) ) ;
#4052 = DIRECTION ( 'NONE',  ( 0.3493015914185311210, -0.6148076107470367146, -0.7071067811865487940 ) ) ;
#4053 = ORIENTED_EDGE ( 'NONE', *, *, #4660, .T. ) ;
#4054 = CARTESIAN_POINT ( 'NONE',  ( -9.377970401924319077, 0.3155652500509916747, 0.9124327237909681809 ) ) ;
#4055 = LINE ( 'NONE', #1179, #2107 ) ;
#4056 = DIRECTION ( 'NONE',  ( 0.000000000000000000, -0.7546413764697665894, -0.6561374801974171334 ) ) ;
#4057 = EDGE_CURVE ( 'NONE', #4678, #3126, #2615, .T. ) ;
#4058 = ADVANCED_FACE ( 'NONE', ( #725 ), #1847, .T. ) ;
#4059 = LINE ( 'NONE', #1830, #1389 ) ;
#4060 = CARTESIAN_POINT ( 'NONE',  ( -10.00741343578989451, 1.128481129950431372, 1.125000000000000222 ) ) ;
#4061 = DIRECTION ( 'NONE',  ( 0.7749432854958506756, -0.6320307779411509230, 0.000000000000000000 ) ) ;
#4062 = ORIENTED_EDGE ( 'NONE', *, *, #1731, .F. ) ;
#4063 = DIRECTION ( 'NONE',  ( 1.000000000000000000, 0.000000000000000000, 0.000000000000000000 ) ) ;
#4064 = ADVANCED_FACE ( 'NONE', ( #28 ), #3027, .F. ) ;
#4065 = DIRECTION ( 'NONE',  ( 0.000000000000000000, -0.000000000000000000, 1.000000000000000000 ) ) ;
#4066 = DIRECTION ( 'NONE',  ( 0.000000000000000000, 0.000000000000000000, -1.000000000000000000 ) ) ;
#4067 = ORIENTED_EDGE ( 'NONE', *, *, #856, .F. ) ;
#4068 = ORIENTED_EDGE ( 'NONE', *, *, #486, .T. ) ;
#4069 = EDGE_CURVE ( 'NONE', #1976, #1596, #1157, .T. ) ;
#4070 = FACE_OUTER_BOUND ( 'NONE', #2181, .T. ) ;
#4071 = CYLINDRICAL_SURFACE ( 'NONE', #3396, 0.1249999999999998335 ) ;
#4072 = LINE ( 'NONE', #1196, #38 ) ;
#4073 = ORIENTED_EDGE ( 'NONE', *, *, #1397, .F. ) ;
#4074 = EDGE_CURVE ( 'NONE', #445, #3261, #2003, .T. ) ;
#4075 = EDGE_CURVE ( 'NONE', #445, #585, #240, .T. ) ;
#4076 = CARTESIAN_POINT ( 'NONE',  ( -12.94172522464850950, 1.269436219307369385, 0.4438058208320675990 ) ) ;
#4077 = EDGE_LOOP ( 'NONE', ( #4275, #3835, #4173, #954 ) ) ;
#4078 = DIRECTION ( 'NONE',  ( -0.8694692613686595406, -0.4939870479425929606, 0.000000000000000000 ) ) ;
#4079 = LINE ( 'NONE', #2290, #1705 ) ;
#4080 = DIRECTION ( 'NONE',  ( 0.000000000000000000, 1.000000000000000000, 0.000000000000000000 ) ) ;
#4081 = CARTESIAN_POINT ( 'NONE',  ( -11.53896916214785229, 1.976768427198971612, 0.3658661068716422271 ) ) ;
#4082 = CARTESIAN_POINT ( 'NONE',  ( -9.332881745380440464, 0.2241975257879389449, 0.4659066491256667053 ) ) ;
#4083 = DIRECTION ( 'NONE',  ( -0.000000000000000000, -1.000000000000000000, -0.000000000000000000 ) ) ;
#4084 = ADVANCED_FACE ( 'NONE', ( #2643 ), #1614, .T. ) ;
#4085 = EDGE_CURVE ( 'NONE', #2735, #2569, #1845, .T. ) ;
#4086 = PLANE ( 'NONE',  #3558 ) ;
#4087 = DIRECTION ( 'NONE',  ( 0.7749432854958456796, -0.6320307779411573623, -3.069916158496347395E-15 ) ) ;
#4088 = AXIS2_PLACEMENT_3D ( 'NONE', #1900, #2929, #3346 ) ;
#4089 = ORIENTED_EDGE ( 'NONE', *, *, #840, .T. ) ;
#4090 = ORIENTED_EDGE ( 'NONE', *, *, #4636, .F. ) ;
#4091 = PRODUCT_DEFINITION_CONTEXT ( 'detailed design', #2424, 'design' ) ;
#4092 = CIRCLE ( 'NONE', #551, 0.3750000000000003331 ) ;
#4093 = DIRECTION ( 'NONE',  ( 0.4939870479425931271, -0.8694692613686595406, 0.000000000000000000 ) ) ;
#4094 = DIRECTION ( 'NONE',  ( -0.6320307779411487026, -0.7749432854958526740, 0.000000000000000000 ) ) ;
#4095 = FACE_OUTER_BOUND ( 'NONE', #1093, .T. ) ;
#4096 = EDGE_CURVE ( 'NONE', #688, #2058, #2392, .T. ) ;
#4097 = AXIS2_PLACEMENT_3D ( 'NONE', #792, #3738, #428 ) ;
#4098 = DIRECTION ( 'NONE',  ( 0.000000000000000000, 0.7546413764697631477, -0.6561374801974210191 ) ) ;
#4099 = ORIENTED_EDGE ( 'NONE', *, *, #3949, .F. ) ;
#4100 = CIRCLE ( 'NONE', #2087, 0.1250000000000001110 ) ;
#4101 = AXIS2_PLACEMENT_3D ( 'NONE', #1097, #3943, #2952 ) ;
#4102 = CIRCLE ( 'NONE', #329, 0.1249999999999999584 ) ;
#4103 = CARTESIAN_POINT ( 'NONE',  ( -10.21311691150694578, -0.6957050899555488055, 0.1250000000000000000 ) ) ;
#4104 = ORIENTED_EDGE ( 'NONE', *, *, #3567, .T. ) ;
#4105 = FACE_OUTER_BOUND ( 'NONE', #1641, .T. ) ;
#4106 = FACE_OUTER_BOUND ( 'NONE', #2799, .T. ) ;
#4107 = AXIS2_PLACEMENT_3D ( 'NONE', #663, #1018, #1446 ) ;
#4108 = CIRCLE ( 'NONE', #1949, 0.06250000000000005551 ) ;
#4109 = CARTESIAN_POINT ( 'NONE',  ( -11.67776335362380813, -1.809129369636985896, -2.945681468890188004 ) ) ;
#4110 = DIRECTION ( 'NONE',  ( 0.000000000000000000, -0.7546413764697667004, -0.6561374801974170223 ) ) ;
#4111 = CARTESIAN_POINT ( 'NONE',  ( -13.04411535150948609, 2.250695823602320900, 0.1249999999999999445 ) ) ;
#4112 = AXIS2_PLACEMENT_3D ( 'NONE', #664, #1755, #2126 ) ;
#4113 = EDGE_CURVE ( 'NONE', #313, #1552, #98, .T. ) ;
#4114 = DIRECTION ( 'NONE',  ( 0.000000000000000000, 0.000000000000000000, 1.000000000000000000 ) ) ;
#4115 = AXIS2_PLACEMENT_3D ( 'NONE', #1351, #944, #2819 ) ;
#4116 = EDGE_LOOP ( 'NONE', ( #2815, #1833, #2196 ) ) ;
#4117 = VERTEX_POINT ( 'NONE', #3707 ) ;
#4118 = CIRCLE ( 'NONE', #3733, 0.06249999999999866773 ) ;
#4119 = EDGE_CURVE ( 'NONE', #2429, #1268, #405, .T. ) ;
#4120 = CARTESIAN_POINT ( 'NONE',  ( -7.563258757786581299, -0.5416666666666667407, 0.1250000000000000000 ) ) ;
#4121 = CARTESIAN_POINT ( 'NONE',  ( -11.47575567367416660, 2.026483819284333077, 0.2850602806958026370 ) ) ;
#4122 = DIRECTION ( 'NONE',  ( 1.000000000000000000, 0.000000000000000000, 0.000000000000000000 ) ) ;
#4123 = DIRECTION ( 'NONE',  ( 0.3568726784304528388, -0.9341530342453930880, 0.000000000000000000 ) ) ;
#4124 = VERTEX_POINT ( 'NONE', #1512 ) ;
#4125 = VECTOR ( 'NONE', #2116, 99.99999999999998579 ) ;
#4126 = DIRECTION ( 'NONE',  ( -0.3493015914185441662, 0.6148076107470443752, -0.7071067811865355823 ) ) ;
#4127 = ORIENTED_EDGE ( 'NONE', *, *, #3719, .T. ) ;
#4128 = CARTESIAN_POINT ( 'NONE',  ( -13.33545631415949906, 1.108584930719509254, 0.8007745012477023305 ) ) ;
#4129 = LINE ( 'NONE', #1566, #2944 ) ;
#4130 = CARTESIAN_POINT ( 'NONE',  ( -10.14487891936712494, -0.09056798907962579359, 0.8632745012477016644 ) ) ;
#4131 = CARTESIAN_POINT ( 'NONE',  ( -12.77507662415331424, 1.478734417065328488, 1.250000000000000000 ) ) ;
#4132 = CARTESIAN_POINT ( 'NONE',  ( -11.26925292101738840, -1.377692738981443066, 0.000000000000000000 ) ) ;
#4133 = LINE ( 'NONE', #2296, #25 ) ;
#4134 = DIRECTION ( 'NONE',  ( 0.000000000000000000, -0.000000000000000000, -1.000000000000000000 ) ) ;
#4135 = ORIENTED_EDGE ( 'NONE', *, *, #1029, .T. ) ;
#4136 = ORIENTED_EDGE ( 'NONE', *, *, #1280, .F. ) ;
#4137 = CARTESIAN_POINT ( 'NONE',  ( -10.11501717385964128, 0.5940840122429771331, 1.250000000000000000 ) ) ;
#4138 = CARTESIAN_POINT ( 'NONE',  ( -3.990350480855739956, -2.267108846598103966, 0.3475602806958032476 ) ) ;
#4139 = PLANE ( 'NONE',  #4531 ) ;
#4140 = DIRECTION ( 'NONE',  ( -0.8694692613686595406, -0.4939870479425931826, 0.000000000000000000 ) ) ;
#4141 = ORIENTED_EDGE ( 'NONE', *, *, #1518, .F. ) ;
#4142 = EDGE_CURVE ( 'NONE', #2817, #4703, #4380, .T. ) ;
#4143 = DIRECTION ( 'NONE',  ( 1.000000000000000000, 0.000000000000000000, 0.000000000000000000 ) ) ;
#4144 = ORIENTED_EDGE ( 'NONE', *, *, #3112, .T. ) ;
#4145 = ADVANCED_FACE ( 'NONE', ( #2380 ), #4584, .T. ) ;
#4146 = FACE_OUTER_BOUND ( 'NONE', #3452, .T. ) ;
#4147 = CARTESIAN_POINT ( 'NONE',  ( -9.325107847934390293, 0.2209617277617694220, 0.7123861535993827321 ) ) ;
#4148 = LINE ( 'NONE', #3690, #1306 ) ;
#4149 = DIRECTION ( 'NONE',  ( -0.8694692613686838545, -0.4939870479425503835, 6.700788708272352071E-17 ) ) ;
#4150 = DIRECTION ( 'NONE',  ( -0.8694692613686595406, -0.4939870479425931826, 0.000000000000000000 ) ) ;
#4151 = EDGE_CURVE ( 'NONE', #4220, #1222, #4276, .T. ) ;
#4152 = FACE_OUTER_BOUND ( 'NONE', #406, .T. ) ;
#4153 = PLANE ( 'NONE',  #3317 ) ;
#4154 = ORIENTED_EDGE ( 'NONE', *, *, #4597, .T. ) ;
#4155 = ORIENTED_EDGE ( 'NONE', *, *, #4387, .T. ) ;
#4156 = CIRCLE ( 'NONE', #3307, 0.06249999999999866773 ) ;
#4157 = DIRECTION ( 'NONE',  ( 0.8694692613686595406, 0.4939870479425931826, -0.000000000000000000 ) ) ;
#4158 = CARTESIAN_POINT ( 'NONE',  ( -11.53896916214785051, 1.976768427198972278, 0.3658661068716428932 ) ) ;
#4159 = CARTESIAN_POINT ( 'NONE',  ( -9.404737745268091587, 0.3373962474331520522, 0.9257745012443332477 ) ) ;
#4160 = ORIENTED_EDGE ( 'NONE', *, *, #2788, .T. ) ;
#4161 = DIRECTION ( 'NONE',  ( 1.000000000000000000, 0.000000000000000000, 0.000000000000000000 ) ) ;
#4162 = ORIENTED_EDGE ( 'NONE', *, *, #2236, .T. ) ;
#4163 = AXIS2_PLACEMENT_3D ( 'NONE', #2479, #4334, #705 ) ;
#4164 = ORIENTED_EDGE ( 'NONE', *, *, #2932, .F. ) ;
#4165 = CIRCLE ( 'NONE', #17, 0.1250000000000001665 ) ;
#4166 = VECTOR ( 'NONE', #1477, 99.99999999999998579 ) ;
#4167 = CARTESIAN_POINT ( 'NONE',  ( -7.707867235884449997, 4.276112398944402315, 1.226479224199663047E-15 ) ) ;
#4168 = CARTESIAN_POINT ( 'NONE',  ( -12.93957905611191705, 1.282672815077939177, 0.4542544545199601602 ) ) ;
#4169 = ORIENTED_EDGE ( 'NONE', *, *, #1021, .T. ) ;
#4170 = AXIS2_PLACEMENT_3D ( 'NONE', #3758, #449, #1917 ) ;
#4171 = CIRCLE ( 'NONE', #4541, 0.06250000000000018041 ) ;
#4172 = ADVANCED_FACE ( 'NONE', ( #2304 ), #2682, .F. ) ;
#4173 = ORIENTED_EDGE ( 'NONE', *, *, #941, .T. ) ;
#4174 = CARTESIAN_POINT ( 'NONE',  ( -11.63382357956838753, 2.045588939708045562, 0.4902659230142214497 ) ) ;
#4175 = DIRECTION ( 'NONE',  ( 1.000000000000000000, 0.000000000000000000, 0.000000000000000000 ) ) ;
#4176 = CARTESIAN_POINT ( 'NONE',  ( -12.93277272425074109, 1.171529737382413394, 0.3542567250663689049 ) ) ;
#4177 = AXIS2_PLACEMENT_3D ( 'NONE', #4243, #588, #3186 ) ;
#4178 = VECTOR ( 'NONE', #2939, 99.99999999999998579 ) ;
#4179 = DIRECTION ( 'NONE',  ( -1.000000000000000000, 0.000000000000000000, 0.000000000000000000 ) ) ;
#4180 = VERTEX_POINT ( 'NONE', #1626 ) ;
#4181 = AXIS2_PLACEMENT_3D ( 'NONE', #886, #1986, #4652 ) ;
#4182 = VERTEX_POINT ( 'NONE', #549 ) ;
#4183 = AXIS2_PLACEMENT_3D ( 'NONE', #1561, #3664, #1127 ) ;
#4184 = CIRCLE ( 'NONE', #2718, 0.06249999999999996531 ) ;
#4185 = CARTESIAN_POINT ( 'NONE',  ( -11.44783213199050742, 2.003709845880713658, 0.2850602806958021929 ) ) ;
#4186 = CARTESIAN_POINT ( 'NONE',  ( -13.26832597689305793, 1.116949998708080871, 0.4984486283441197374 ) ) ;
#4187 = FACE_OUTER_BOUND ( 'NONE', #1624, .T. ) ;
#4188 = ORIENTED_EDGE ( 'NONE', *, *, #1604, .T. ) ;
#4189 = DIRECTION ( 'NONE',  ( 0.000000000000000000, 0.000000000000000000, -1.000000000000000000 ) ) ;
#4190 = ORIENTED_EDGE ( 'NONE', *, *, #1215, .F. ) ;
#4191 = AXIS2_PLACEMENT_3D ( 'NONE', #4573, #539, #184 ) ;
#4192 = CIRCLE ( 'NONE', #2112, 0.06250000000000045797 ) ;
#4193 = CARTESIAN_POINT ( 'NONE',  ( -11.62519584644441828, 2.148364723886541761, 0.4648534905860334798 ) ) ;
#4194 = ORIENTED_EDGE ( 'NONE', *, *, #2347, .T. ) ;
#4195 = CARTESIAN_POINT ( 'NONE',  ( -8.628159137421416602, -0.4572703987276084403, 0.000000000000000000 ) ) ;
#4196 = VECTOR ( 'NONE', #1993, 99.99999999999998579 ) ;
#4197 = DIRECTION ( 'NONE',  ( 1.000000000000000000, 0.000000000000000000, -0.000000000000000000 ) ) ;
#4198 = VERTEX_POINT ( 'NONE', #3834 ) ;
#4199 = EDGE_LOOP ( 'NONE', ( #3899, #3714 ) ) ;
#4200 = ADVANCED_FACE ( 'NONE', ( #1602, #889, #170, #3101 ), #908, .F. ) ;
#4201 = FACE_OUTER_BOUND ( 'NONE', #2686, .T. ) ;
#4202 = CARTESIAN_POINT ( 'NONE',  ( -11.48733405561182863, 1.955275890537222949, 0.3475602806958021929 ) ) ;
#4203 = CARTESIAN_POINT ( 'NONE',  ( -10.94068887868922246, -2.853415047659490611, 1.250000000000000000 ) ) ;
#4204 = EDGE_CURVE ( 'NONE', #3532, #1657, #1539, .T. ) ;
#4205 = EDGE_CURVE ( 'NONE', #4701, #4486, #8, .T. ) ;
#4206 = EDGE_CURVE ( 'NONE', #4220, #881, #3073, .T. ) ;
#4207 = ORIENTED_EDGE ( 'NONE', *, *, #1282, .T. ) ;
#4208 = EDGE_LOOP ( 'NONE', ( #4073, #165, #713, #3893, #1982, #4571 ) ) ;
#4209 = DIRECTION ( 'NONE',  ( 0.000000000000000000, 0.000000000000000000, -1.000000000000000000 ) ) ;
#4210 = CARTESIAN_POINT ( 'NONE',  ( -13.04411535150948609, 2.250695823602320900, 1.250000000000000000 ) ) ;
#4211 = CARTESIAN_POINT ( 'NONE',  ( -13.04411535150948609, 2.250695823602320900, 1.125000000000000222 ) ) ;
#4212 = ORIENTED_EDGE ( 'NONE', *, *, #4455, .T. ) ;
#4213 = DIRECTION ( 'NONE',  ( -9.915496131590888799E-33, 8.086912747056019187E-33, -1.000000000000000000 ) ) ;
#4214 = EDGE_LOOP ( 'NONE', ( #2352, #764, #2323 ) ) ;
#4215 = EDGE_CURVE ( 'NONE', #3198, #3548, #3417, .T. ) ;
#4216 = LINE ( 'NONE', #3514, #1044 ) ;
#4217 = EDGE_LOOP ( 'NONE', ( #29, #2396, #2528, #1371 ) ) ;
#4218 = CARTESIAN_POINT ( 'NONE',  ( -9.451971611671403650, 0.3031057733344851846, 0.3475602806958029145 ) ) ;
#4219 = CARTESIAN_POINT ( 'NONE',  ( -13.28111448532395755, 1.139459121215920634, 0.4100602806958000279 ) ) ;
#4220 = VERTEX_POINT ( 'NONE', #4232 ) ;
#4221 = ORIENTED_EDGE ( 'NONE', *, *, #1272, .F. ) ;
#4222 = CARTESIAN_POINT ( 'NONE',  ( -10.15892714921792717, -0.07923012387354745611, 0.8632745012477016644 ) ) ;
#4223 = CARTESIAN_POINT ( 'NONE',  ( -11.93029926344987857, -1.238118019925814384, 0.4542544545199601602 ) ) ;
#4224 = CARTESIAN_POINT ( 'NONE',  ( -13.75490647267836586, 1.846861411909251460, 1.250000000000000000 ) ) ;
#4225 = CARTESIAN_POINT ( 'NONE',  ( -11.50015676216877836, 2.046384938801735220, 0.9099978003839070961 ) ) ;
#4226 = EDGE_LOOP ( 'NONE', ( #4350, #3784, #3613, #4033 ) ) ;
#4227 = EDGE_LOOP ( 'NONE', ( #2518, #4320, #2277, #2808, #4510 ) ) ;
#4228 = ADVANCED_FACE ( 'NONE', ( #2016 ), #1989, .F. ) ;
#4229 = DIRECTION ( 'NONE',  ( 1.000000000000000000, 1.697588722668434892E-15, 0.000000000000000000 ) ) ;
#4230 = DIRECTION ( 'NONE',  ( 0.000000000000000000, 0.000000000000000000, 1.000000000000000000 ) ) ;
#4231 = ORIENTED_EDGE ( 'NONE', *, *, #4561, .F. ) ;
#4232 = CARTESIAN_POINT ( 'NONE',  ( -11.90417521761478348, 1.891989251347880208, 0.7123861535993830651 ) ) ;
#4233 = VERTEX_POINT ( 'NONE', #3127 ) ;
#4234 = CARTESIAN_POINT ( 'NONE',  ( -9.265417610591951458, 0.2237690765804043191, 0.4338156304194410451 ) ) ;
#4235 = VERTEX_POINT ( 'NONE', #862 ) ;
#4236 = DIRECTION ( 'NONE',  ( 1.000000000000000000, 0.000000000000000000, 0.000000000000000000 ) ) ;
#4237 = ORIENTED_EDGE ( 'NONE', *, *, #1793, .T. ) ;
#4238 = VECTOR ( 'NONE', #1112, 99.99999999999998579 ) ;
#4239 = AXIS2_PLACEMENT_3D ( 'NONE', #1828, #2197, #4528 ) ;
#4240 = EDGE_LOOP ( 'NONE', ( #4560, #895, #3507, #2064 ) ) ;
#4241 = FACE_OUTER_BOUND ( 'NONE', #2427, .T. ) ;
#4242 = LINE ( 'NONE', #4618, #2876 ) ;
#4243 = CARTESIAN_POINT ( 'NONE',  ( -12.69280178398323145, 1.242660592436279243, 1.250000000000000000 ) ) ;
#4244 = AXIS2_PLACEMENT_3D ( 'NONE', #619, #2092, #3608 ) ;
#4245 = CIRCLE ( 'NONE', #1468, 0.4425000000000012257 ) ;
#4246 = AXIS2_PLACEMENT_3D ( 'NONE', #426, #1897, #467 ) ;
#4247 = CARTESIAN_POINT ( 'NONE',  ( -11.53896916214785229, 1.976768427198972722, 0.8449686750718597983 ) ) ;
#4248 = ORIENTED_EDGE ( 'NONE', *, *, #4302, .T. ) ;
#4249 = VERTEX_POINT ( 'NONE', #929 ) ;
#4250 = EDGE_CURVE ( 'NONE', #1190, #1657, #2329, .T. ) ;
#4251 = CARTESIAN_POINT ( 'NONE',  ( -8.092499999999999361, -1.666666666666666297, 1.125000000000000222 ) ) ;
#4252 = ORIENTED_EDGE ( 'NONE', *, *, #2366, .T. ) ;
#4253 = DIRECTION ( 'NONE',  ( -1.000000000000000000, 0.000000000000000000, 0.000000000000000000 ) ) ;
#4254 = ORIENTED_EDGE ( 'NONE', *, *, #2798, .T. ) ;
#4255 = EDGE_CURVE ( 'NONE', #3940, #2120, #4010, .T. ) ;
#4256 = CIRCLE ( 'NONE', #414, 0.06250000000000034694 ) ;
#4257 = ORIENTED_EDGE ( 'NONE', *, *, #4688, .T. ) ;
#4258 = DIRECTION ( 'NONE',  ( -0.7749432854958506756, 0.6320307779411509230, -0.000000000000000000 ) ) ;
#4259 = VECTOR ( 'NONE', #2456, 100.0000000000000142 ) ;
#4260 = CARTESIAN_POINT ( 'NONE',  ( 0.000000000000000000, -2.916666666666666075, 1.125000000000000222 ) ) ;
#4261 = ORIENTED_EDGE ( 'NONE', *, *, #1246, .T. ) ;
#4262 = EDGE_CURVE ( 'NONE', #1487, #2058, #4608, .T. ) ;
#4263 = AXIS2_PLACEMENT_3D ( 'NONE', #1544, #3726, #1892 ) ;
#4264 = ORIENTED_EDGE ( 'NONE', *, *, #678, .F. ) ;
#4265 = DIRECTION ( 'NONE',  ( 0.8694692613686586524, 0.4939870479425945149, 0.000000000000000000 ) ) ;
#4266 = DIRECTION ( 'NONE',  ( -0.4939870479425472749, 0.8694692613686855198, 0.000000000000000000 ) ) ;
#4267 = DIRECTION ( 'NONE',  ( 0.000000000000000000, 0.7546413764697773585, -0.6561374801974046989 ) ) ;
#4268 = CARTESIAN_POINT ( 'NONE',  ( -11.46143470249156238, 2.014803874794432126, 0.9257745012460268930 ) ) ;
#4269 = EDGE_LOOP ( 'NONE', ( #4431, #1739, #655, #1275 ) ) ;
#4270 = EDGE_LOOP ( 'NONE', ( #290, #3872, #3433, #794 ) ) ;
#4271 = EDGE_CURVE ( 'NONE', #1609, #690, #1239, .T. ) ;
#4272 = FACE_OUTER_BOUND ( 'NONE', #4208, .T. ) ;
#4273 = CARTESIAN_POINT ( 'NONE',  ( -9.332618301218342793, 0.2240878700974883175, 0.7447026525617228554 ) ) ;
#4274 = ORIENTED_EDGE ( 'NONE', *, *, #2146, .T. ) ;
#4275 = ORIENTED_EDGE ( 'NONE', *, *, #4426, .T. ) ;
#4276 =( BOUNDED_CURVE ( )  B_SPLINE_CURVE ( 3, ( #3050, #2357, #3459, #1288 ),
 .UNSPECIFIED., .F., .F. ) 
 B_SPLINE_CURVE_WITH_KNOTS ( ( 4, 4 ),
 ( 3.141592653589793116, 3.926990816987244948 ),
 .UNSPECIFIED. ) 
 CURVE ( )  GEOMETRIC_REPRESENTATION_ITEM ( )  RATIONAL_B_SPLINE_CURVE ( ( 1.000000000000000000, 0.9492530216741906779, 0.9492530216741906779, 1.000000000000000000 ) ) 
 REPRESENTATION_ITEM ( '' )  );
#4277 = DIRECTION ( 'NONE',  ( -0.4939870479425998440, 0.8694692613686555438, -1.447957189762963073E-14 ) ) ;
#4278 = ORIENTED_EDGE ( 'NONE', *, *, #1856, .T. ) ;
#4279 = CARTESIAN_POINT ( 'NONE',  ( -10.10202871558757209, 0.3034802801820321583, 0.1249999999999999445 ) ) ;
#4280 = CARTESIAN_POINT ( 'NONE',  ( -12.10875897698517001, 1.736240089222062410, 1.125000000000000222 ) ) ;
#4281 = ORIENTED_EDGE ( 'NONE', *, *, #657, .F. ) ;
#4282 = ADVANCED_FACE ( 'NONE', ( #218 ), #3149, .F. ) ;
#4283 = EDGE_CURVE ( 'NONE', #3003, #3126, #4418, .T. ) ;
#4284 = VERTEX_POINT ( 'NONE', #1120 ) ;
#4285 = DIRECTION ( 'NONE',  ( -0.4939870479425472749, 0.8694692613686855198, 0.000000000000000000 ) ) ;
#4286 = CARTESIAN_POINT ( 'NONE',  ( -13.04411535150948609, 2.250695823602320900, 1.250000000000000000 ) ) ;
#4287 = DIRECTION ( 'NONE',  ( -0.000000000000000000, -0.000000000000000000, -1.000000000000000000 ) ) ;
#4288 = DIRECTION ( 'NONE',  ( 1.000000000000000000, 0.000000000000000000, 0.000000000000000000 ) ) ;
#4289 = CARTESIAN_POINT ( 'NONE',  ( -13.19378908746932666, 0.9857572185291617606, 0.3475602806958021929 ) ) ;
#4290 = ADVANCED_FACE ( 'NONE', ( #1049 ), #2204, .T. ) ;
#4291 = ORIENTED_EDGE ( 'NONE', *, *, #4496, .T. ) ;
#4292 = EDGE_LOOP ( 'NONE', ( #1197, #1717, #3880, #1846 ) ) ;
#4293 = CARTESIAN_POINT ( 'NONE',  ( -12.93448082989525005, 1.306623384488034390, 0.4984486283441197374 ) ) ;
#4294 = CARTESIAN_POINT ( 'NONE',  ( -9.324664459892535007, 0.1914387522651744000, 0.8007745012477011093 ) ) ;
#4295 = EDGE_LOOP ( 'NONE', ( #1895, #1381, #3610, #1202, #1663, #3193 ) ) ;
#4296 = ORIENTED_EDGE ( 'NONE', *, *, #899, .T. ) ;
#4297 = VERTEX_POINT ( 'NONE', #714 ) ;
#4298 = CARTESIAN_POINT ( 'NONE',  ( -11.52509165401000324, 1.970992069359595700, 0.8568463499336798073 ) ) ;
#4299 =( BOUNDED_CURVE ( )  B_SPLINE_CURVE ( 3, ( #2602, #4481, #459, #1592 ),
 .UNSPECIFIED., .F., .T. ) 
 B_SPLINE_CURVE_WITH_KNOTS ( ( 4, 4 ),
 ( 3.141592653589793116, 3.926990816987238286 ),
 .UNSPECIFIED. ) 
 CURVE ( )  GEOMETRIC_REPRESENTATION_ITEM ( )  RATIONAL_B_SPLINE_CURVE ( ( 1.000000000000000000, 0.9492530216741915661, 0.9492530216741915661, 1.000000000000000000 ) ) 
 REPRESENTATION_ITEM ( '' )  );
#4300 = CARTESIAN_POINT ( 'NONE',  ( -11.90846791398621995, -1.276543495597506128, 0.4100602806958018043 ) ) ;
#4301 = ORIENTED_EDGE ( 'NONE', *, *, #1875, .T. ) ;
#4302 = EDGE_CURVE ( 'NONE', #520, #3134, #326, .T. ) ;
#4303 = ORIENTED_EDGE ( 'NONE', *, *, #3403, .T. ) ;
#4304 = AXIS2_PLACEMENT_3D ( 'NONE', #146, #4529, #576 ) ;
#4305 = FACE_OUTER_BOUND ( 'NONE', #169, .T. ) ;
#4306 = FACE_OUTER_BOUND ( 'NONE', #3224, .T. ) ;
#4307 = DIRECTION ( 'NONE',  ( -0.000000000000000000, -0.000000000000000000, -1.000000000000000000 ) ) ;
#4308 = AXIS2_PLACEMENT_3D ( 'NONE', #1464, #4407, #4509 ) ;
#4309 = EDGE_CURVE ( 'NONE', #1743, #358, #2517, .T. ) ;
#4310 = CARTESIAN_POINT ( 'NONE',  ( -7.386193323033282354, -1.792801190741412309, 6.173911063991689652 ) ) ;
#4311 = DIRECTION ( 'NONE',  ( 0.000000000000000000, 0.7546413764697762483, 0.6561374801974061421 ) ) ;
#4312 = CIRCLE ( 'NONE', #1695, 0.1250000000000000278 ) ;
#4313 = DIRECTION ( 'NONE',  ( -0.6320307779411513671, -0.7749432854958503425, 0.000000000000000000 ) ) ;
#4314 = AXIS2_PLACEMENT_3D ( 'NONE', #1122, #2903, #1409 ) ;
#4315 = ORIENTED_EDGE ( 'NONE', *, *, #3799, .T. ) ;
#4316 = ORIENTED_EDGE ( 'NONE', *, *, #1215, .T. ) ;
#4317 = AXIS2_PLACEMENT_3D ( 'NONE', #4672, #2843, #1448 ) ;
#4318 = DIRECTION ( 'NONE',  ( -1.000000000000000000, -0.000000000000000000, -0.000000000000000000 ) ) ;
#4319 = CARTESIAN_POINT ( 'NONE',  ( -11.99579331184085440, -1.122841592910747366, 0.2850602806958026370 ) ) ;
#4320 = ORIENTED_EDGE ( 'NONE', *, *, #4003, .F. ) ;
#4321 = ORIENTED_EDGE ( 'NONE', *, *, #1246, .F. ) ;
#4322 = AXIS2_PLACEMENT_3D ( 'NONE', #1735, #707, #2198 ) ;
#4323 = VECTOR ( 'NONE', #308, 100.0000000000000000 ) ;
#4324 = VECTOR ( 'NONE', #3517, 100.0000000000000000 ) ;
#4325 = DIRECTION ( 'NONE',  ( 1.000000000000000000, 0.000000000000000000, 0.000000000000000000 ) ) ;
#4326 = CARTESIAN_POINT ( 'NONE',  ( -11.53896916214785406, 1.976768427198971612, 0.8449686750718601314 ) ) ;
#4327 = LINE ( 'NONE', #243, #3181 ) ;
#4328 = ORIENTED_EDGE ( 'NONE', *, *, #2032, .T. ) ;
#4329 = VECTOR ( 'NONE', #3414, 100.0000000000000000 ) ;
#4330 = ADVANCED_FACE ( 'NONE', ( #3304 ), #2428, .T. ) ;
#4331 = CARTESIAN_POINT ( 'NONE',  ( -10.14702939834544182, -0.1096385181738425835, 0.3539884320098238835 ) ) ;
#4332 = EDGE_LOOP ( 'NONE', ( #598, #3686, #3463, #3908, #1507 ) ) ;
#4333 = CIRCLE ( 'NONE', #2188, 0.4425000000000012257 ) ;
#4334 = DIRECTION ( 'NONE',  ( 5.892993154733278871E-33, -1.037228896351944580E-32, 1.000000000000000000 ) ) ;
#4335 = CARTESIAN_POINT ( 'NONE',  ( -10.35202871558757209, 0.3034802801820321583, 0.1249999999999999445 ) ) ;
#4336 = DIRECTION ( 'NONE',  ( -1.000000000000000000, 0.000000000000000000, 0.000000000000000000 ) ) ;
#4337 = CIRCLE ( 'NONE', #3341, 0.1250000000000000000 ) ;
#4338 = EDGE_CURVE ( 'NONE', #1271, #4180, #3539, .T. ) ;
#4339 = CARTESIAN_POINT ( 'NONE',  ( -7.071592091119913270, -2.916666666666666075, 0.9125000000000000888 ) ) ;
#4340 = DIRECTION ( 'NONE',  ( 0.4939870479425930716, -0.8694692613686593186, 0.000000000000000000 ) ) ;
#4341 = LINE ( 'NONE', #1427, #3091 ) ;
#4342 = ORIENTED_EDGE ( 'NONE', *, *, #2493, .F. ) ;
#4343 = AXIS2_PLACEMENT_3D ( 'NONE', #3742, #1902, #3783 ) ;
#4344 = FACE_OUTER_BOUND ( 'NONE', #3829, .T. ) ;
#4345 = ORIENTED_EDGE ( 'NONE', *, *, #1781, .T. ) ;
#4346 = EDGE_CURVE ( 'NONE', #1814, #4519, #759, .T. ) ;
#4347 = EDGE_CURVE ( 'NONE', #1694, #2535, #4156, .T. ) ;
#4348 = CARTESIAN_POINT ( 'NONE',  ( -11.59476504398986663, 2.123545870547593584, 0.8007745012477016644 ) ) ;
#4349 = ORIENTED_EDGE ( 'NONE', *, *, #80, .F. ) ;
#4350 = ORIENTED_EDGE ( 'NONE', *, *, #3063, .T. ) ;
#4351 = LINE ( 'NONE', #3534, #4323 ) ;
#4352 = DIRECTION ( 'NONE',  ( -0.6320307779411503679, -0.7749432854958512307, 0.000000000000000000 ) ) ;
#4353 = ADVANCED_FACE ( 'NONE', ( #3991 ), #3172, .T. ) ;
#4354 = DIRECTION ( 'NONE',  ( -0.000000000000000000, 0.000000000000000000, 1.000000000000000000 ) ) ;
#4355 = VERTEX_POINT ( 'NONE', #2786 ) ;
#4356 = DIRECTION ( 'NONE',  ( 1.000000000000000000, -3.469446951953611033E-15, 0.000000000000000000 ) ) ;
#4357 = ORIENTED_EDGE ( 'NONE', *, *, #3199, .T. ) ;
#4358 = PLANE ( 'NONE',  #1463 ) ;
#4359 = CARTESIAN_POINT ( 'NONE',  ( -11.90417521761478348, 1.891989251347880208, 0.4984486283441197374 ) ) ;
#4360 = DIRECTION ( 'NONE',  ( 1.000000000000000000, 0.000000000000000000, 0.000000000000000000 ) ) ;
#4361 = DIRECTION ( 'NONE',  ( 1.000000000000000000, 0.000000000000000000, 0.000000000000000000 ) ) ;
#4362 = CARTESIAN_POINT ( 'NONE',  ( -8.727499999999999147, -1.666666666666666297, 0.1249999999999999445 ) ) ;
#4363 = DIRECTION ( 'NONE',  ( -0.8694692613686586524, -0.4939870479425945149, 0.000000000000000000 ) ) ;
#4364 = ORIENTED_EDGE ( 'NONE', *, *, #1666, .T. ) ;
#4365 = CARTESIAN_POINT ( 'NONE',  ( -13.23745178639664211, 1.062608169872542030, 0.4984486283441197374 ) ) ;
#4366 = DIRECTION ( 'NONE',  ( -0.3493015914185311765, 0.6148076107470367146, 0.7071067811865486830 ) ) ;
#4367 = CARTESIAN_POINT ( 'NONE',  ( -8.391147595693485783, -0.1666666666666670460, 1.250000000000000000 ) ) ;
#4368 = ORIENTED_EDGE ( 'NONE', *, *, #2019, .T. ) ;
#4369 = ORIENTED_EDGE ( 'NONE', *, *, #2882, .F. ) ;
#4370 = ADVANCED_FACE ( 'NONE', ( #3621 ), #1474, .F. ) ;
#4371 = CARTESIAN_POINT ( 'NONE',  ( -12.52743019054259577, 2.884211959495178057, 0.1249999999999999445 ) ) ;
#4372 = CARTESIAN_POINT ( 'NONE',  ( -10.00741343578989451, 1.128481129950431150, 0.3475602806958024149 ) ) ;
#4373 = DIRECTION ( 'NONE',  ( 1.000000000000000000, 0.000000000000000000, 0.000000000000000000 ) ) ;
#4374 = ORIENTED_EDGE ( 'NONE', *, *, #2932, .T. ) ;
#4375 = CARTESIAN_POINT ( 'NONE',  ( -3.670595065017755232, -4.500576710323701768, 0.1250000000000000000 ) ) ;
#4376 = ORIENTED_EDGE ( 'NONE', *, *, #2366, .F. ) ;
#4377 = CARTESIAN_POINT ( 'NONE',  ( -7.655161695924385334, 4.183345094437168399, 0.3658661068716422271 ) ) ;
#4378 = DIRECTION ( 'NONE',  ( 0.000000000000000000, 0.000000000000000000, 1.000000000000000000 ) ) ;
#4379 = FACE_OUTER_BOUND ( 'NONE', #1037, .T. ) ;
#4380 = CIRCLE ( 'NONE', #3623, 0.06250000000000006939 ) ;
#4381 = CARTESIAN_POINT ( 'NONE',  ( -7.563258757786581299, -3.041666666666666075, 0.1250000000000000000 ) ) ;
#4382 = DIRECTION ( 'NONE',  ( -0.8000000000000001554, 0.000000000000000000, 0.5999999999999998668 ) ) ;
#4383 = DIRECTION ( 'NONE',  ( 0.7690358092104178089, 0.000000000000000000, -0.6392056978407483214 ) ) ;
#4384 = VERTEX_POINT ( 'NONE', #597 ) ;
#4385 = DIRECTION ( 'NONE',  ( 0.3568726784304458999, -0.9341530342453958635, 0.000000000000000000 ) ) ;
#4386 = AXIS2_PLACEMENT_3D ( 'NONE', #3270, #2137, #2831 ) ;
#4387 = EDGE_CURVE ( 'NONE', #1434, #1963, #2422, .T. ) ;
#4388 = CIRCLE ( 'NONE', #1312, 0.1249999999999999445 ) ;
#4389 = CARTESIAN_POINT ( 'NONE',  ( -13.01885275699648048, 1.057415449457808521, 1.250000000000000000 ) ) ;
#4390 = DIRECTION ( 'NONE',  ( -0.000000000000000000, 0.000000000000000000, 1.000000000000000000 ) ) ;
#4391 = ORIENTED_EDGE ( 'NONE', *, *, #1983, .F. ) ;
#4392 = ORIENTED_EDGE ( 'NONE', *, *, #1577, .T. ) ;
#4393 = AXIS2_PLACEMENT_3D ( 'NONE', #2060, #3919, #2425 ) ;
#4394 = AXIS2_PLACEMENT_3D ( 'NONE', #4013, #299, #1401 ) ;
#4395 = ADVANCED_FACE ( 'NONE', ( #2949 ), #3531, .F. ) ;
#4396 = CARTESIAN_POINT ( 'NONE',  ( -11.44783213199050564, 2.003709845880713658, 0.2850602806958021929 ) ) ;
#4397 = AXIS2_PLACEMENT_3D ( 'NONE', #1690, #2826, #4229 ) ;
#4398 = TOROIDAL_SURFACE ( 'NONE', #2252, 0.1250000000000000000, 0.06250000000000000000 ) ;
#4399 = CARTESIAN_POINT ( 'NONE',  ( -7.563258757786581299, -2.916666666666666075, 0.1250000000000000000 ) ) ;
#4400 = DIRECTION ( 'NONE',  ( 0.000000000000000000, 0.000000000000000000, -1.000000000000000000 ) ) ;
#4401 = ORIENTED_EDGE ( 'NONE', *, *, #1983, .T. ) ;
#4402 = EDGE_CURVE ( 'NONE', #512, #669, #1341, .T. ) ;
#4403 = VECTOR ( 'NONE', #4651, 100.0000000000000142 ) ;
#4404 = CARTESIAN_POINT ( 'NONE',  ( -11.98464109228521934, -1.268992210422110967, 0.7565803274235419762 ) ) ;
#4405 = ORIENTED_EDGE ( 'NONE', *, *, #4085, .T. ) ;
#4406 = ADVANCED_FACE ( 'NONE', ( #4344 ), #4420, .T. ) ;
#4407 = DIRECTION ( 'NONE',  ( 1.000000000000000000, 0.000000000000000000, 0.000000000000000000 ) ) ;
#4408 = DIRECTION ( 'NONE',  ( 0.000000000000000000, 1.000000000000000000, 0.000000000000000000 ) ) ;
#4409 = AXIS2_PLACEMENT_3D ( 'NONE', #1385, #2856, #4325 ) ;
#4410 = CARTESIAN_POINT ( 'NONE',  ( -10.46154243181374177, -0.6676915064593638149, 0.000000000000000000 ) ) ;
#4411 = EDGE_CURVE ( 'NONE', #1672, #669, #3282, .T. ) ;
#4412 = VECTOR ( 'NONE', #2871, 100.0000000000000000 ) ;
#4413 = CARTESIAN_POINT ( 'NONE',  ( -11.54542108445063775, 2.074760599414802176, 0.7565803274235420872 ) ) ;
#4414 = CARTESIAN_POINT ( 'NONE',  ( -11.95213061291353718, -1.199692544254126636, 0.7123861535993826211 ) ) ;
#4415 = CARTESIAN_POINT ( 'NONE',  ( -9.254731733820396045, 0.2150538542727651325, 0.4655214760322189393 ) ) ;
#4416 = ORIENTED_EDGE ( 'NONE', *, *, #4745, .T. ) ;
#4417 = EDGE_CURVE ( 'NONE', #2159, #50, #4041, .T. ) ;
#4418 = LINE ( 'NONE', #739, #1080 ) ;
#4419 = AXIS2_PLACEMENT_3D ( 'NONE', #1113, #4408, #1394 ) ;
#4420 = TOROIDAL_SURFACE ( 'NONE', #1116, 0.1250000000000000000, 0.06250000000000000000 ) ;
#4421 = EDGE_CURVE ( 'NONE', #3261, #2768, #2970, .T. ) ;
#4422 = DIRECTION ( 'NONE',  ( -9.915496131590894273E-33, 8.086912747056017819E-33, -1.000000000000000000 ) ) ;
#4423 = FACE_OUTER_BOUND ( 'NONE', #3945, .T. ) ;
#4424 = VERTEX_POINT ( 'NONE', #3013 ) ;
#4425 = ORIENTED_EDGE ( 'NONE', *, *, #4719, .F. ) ;
#4426 = EDGE_CURVE ( 'NONE', #2414, #3443, #84, .T. ) ;
#4427 = AXIS2_PLACEMENT_3D ( 'NONE', #3390, #3814, #3075 ) ;
#4428 = CARTESIAN_POINT ( 'NONE',  ( -11.51168074209248005, 2.055783704017817737, 0.3101005907925829530 ) ) ;
#4429 = FACE_OUTER_BOUND ( 'NONE', #1349, .T. ) ;
#4430 = CARTESIAN_POINT ( 'NONE',  ( -12.05013514067639768, -1.153715783407154305, 0.9257745012477016644 ) ) ;
#4431 = ORIENTED_EDGE ( 'NONE', *, *, #4402, .T. ) ;
#4432 = ORIENTED_EDGE ( 'NONE', *, *, #1820, .T. ) ;
#4433 = DIRECTION ( 'NONE',  ( -1.000000000000000000, 0.000000000000000000, 0.000000000000000000 ) ) ;
#4434 = CARTESIAN_POINT ( 'NONE',  ( -7.967499999999999361, -1.666666666666666297, -3.252606517456513302E-17 ) ) ;
#4435 = EDGE_CURVE ( 'NONE', #3215, #3466, #2497, .T. ) ;
#4436 = ADVANCED_FACE ( 'NONE', ( #1910 ), #2604, .T. ) ;
#4437 = CARTESIAN_POINT ( 'NONE',  ( -9.285162536271212019, 0.2398727076086654142, 0.4100602806958020263 ) ) ;
#4438 = CARTESIAN_POINT ( 'NONE',  ( -9.398130915892213721, 0.2513567645986145016, 0.8891628488960199306 ) ) ;
#4439 = CARTESIAN_POINT ( 'NONE',  ( -9.325107847936230598, 0.2209617277607223429, 0.4819784819874076143 ) ) ;
#4440 = CARTESIAN_POINT ( 'NONE',  ( -11.31386200582119272, -1.260923609700768333, 1.250000000000000000 ) ) ;
#4441 = EDGE_CURVE ( 'NONE', #2233, #2999, #777, .T. ) ;
#4442 = EDGE_CURVE ( 'NONE', #2083, #3548, #3817, .T. ) ;
#4443 = CARTESIAN_POINT ( 'NONE',  ( -7.488258757786581121, -0.5416666666666667407, 0.02499999999999950873 ) ) ;
#4444 = DIRECTION ( 'NONE',  ( 0.000000000000000000, -1.000000000000000000, 0.000000000000000000 ) ) ;
#4445 = ORIENTED_EDGE ( 'NONE', *, *, #1546, .F. ) ;
#4446 = EDGE_LOOP ( 'NONE', ( #3917, #1410, #1631, #3173 ) ) ;
#4447 = CARTESIAN_POINT ( 'NONE',  ( -13.23745178639664211, 1.062608169872542030, 0.7123861535993831762 ) ) ;
#4448 = DIRECTION ( 'NONE',  ( -0.8694692613686838545, -0.4939870479425503835, 1.232595164407831220E-32 ) ) ;
#4449 = CARTESIAN_POINT ( 'NONE',  ( -13.28111448532395755, 1.139459121215920634, 0.4100602806958000279 ) ) ;
#4450 = ORIENTED_EDGE ( 'NONE', *, *, #4402, .F. ) ;
#4451 = CARTESIAN_POINT ( 'NONE',  ( -11.95075128249988339, 1.929975910596024136, 0.000000000000000000 ) ) ;
#4452 = ORIENTED_EDGE ( 'NONE', *, *, #4255, .T. ) ;
#4453 = DIRECTION ( 'NONE',  ( -0.7749432854958449024, 0.6320307779411580285, 5.262713414565173611E-15 ) ) ;
#4454 = CARTESIAN_POINT ( 'NONE',  ( -6.657202454763970323, -1.984098629352535559, -2.408480060439796233 ) ) ;
#4455 = EDGE_CURVE ( 'NONE', #4015, #1661, #3359, .T. ) ;
#4456 = CARTESIAN_POINT ( 'NONE',  ( -13.01885275699648048, 1.057415449457808299, 1.125000000000000222 ) ) ;
#4457 = CARTESIAN_POINT ( 'NONE',  ( -11.72408416766313977, -0.9684706404287004577, 0.4100602806958026370 ) ) ;
#4458 = DIRECTION ( 'NONE',  ( 1.000000000000000000, 0.000000000000000000, 0.000000000000000000 ) ) ;
#4459 = CARTESIAN_POINT ( 'NONE',  ( -7.488258757786579345, -3.041666666666666075, 1.224999999999999867 ) ) ;
#4460 = EDGE_CURVE ( 'NONE', #381, #3261, #499, .T. ) ;
#4461 = DIRECTION ( 'NONE',  ( 0.3568726784304422361, -0.9341530342453971958, 0.000000000000000000 ) ) ;
#4462 = VECTOR ( 'NONE', #370, 100.0000000000000142 ) ;
#4463 = ORIENTED_EDGE ( 'NONE', *, *, #1879, .F. ) ;
#4464 = ORIENTED_EDGE ( 'NONE', *, *, #1145, .F. ) ;
#4465 = AXIS2_PLACEMENT_3D ( 'NONE', #1203, #1907, #4480 ) ;
#4466 = DIRECTION ( 'NONE',  ( -1.000000000000000000, 0.000000000000000000, 0.000000000000000000 ) ) ;
#4467 = CARTESIAN_POINT ( 'NONE',  ( -12.94280178398323145, 1.242660592436279243, 1.250000000000000000 ) ) ;
#4468 = AXIS2_PLACEMENT_3D ( 'NONE', #2067, #4567, #1273 ) ;
#4469 = DIRECTION ( 'NONE',  ( -1.000000000000000000, 0.000000000000000000, 0.000000000000000000 ) ) ;
#4470 = ORIENTED_EDGE ( 'NONE', *, *, #2217, .F. ) ;
#4471 = AXIS2_PLACEMENT_3D ( 'NONE', #3555, #927, #574 ) ;
#4472 = AXIS2_PLACEMENT_3D ( 'NONE', #4507, #885, #814 ) ;
#4473 = VECTOR ( 'NONE', #4061, 100.0000000000000000 ) ;
#4474 = LINE ( 'NONE', #4103, #3661 ) ;
#4475 = VERTEX_POINT ( 'NONE', #33 ) ;
#4476 = DIRECTION ( 'NONE',  ( -0.000000000000000000, -0.000000000000000000, -1.000000000000000000 ) ) ;
#4477 = DIRECTION ( 'NONE',  ( -0.000000000000000000, 0.000000000000000000, 1.000000000000000000 ) ) ;
#4478 = VECTOR ( 'NONE', #4422, 100.0000000000000000 ) ;
#4479 = VECTOR ( 'NONE', #3057, 100.0000000000000142 ) ;
#4480 = DIRECTION ( 'NONE',  ( 0.000000000000000000, 0.000000000000000000, 1.000000000000000000 ) ) ;
#4481 = CARTESIAN_POINT ( 'NONE',  ( -10.16346005861974966, -0.2553462362951269271, 0.4816510594650773580 ) ) ;
#4482 = CARTESIAN_POINT ( 'NONE',  ( -10.11501717385964483, 0.5940840122429791315, 1.250000000000000000 ) ) ;
#4483 = ADVANCED_FACE ( 'NONE', ( #1514 ), #1039, .T. ) ;
#4484 = DIRECTION ( 'NONE',  ( 0.6000000000000006439, 0.000000000000000000, 0.7999999999999996003 ) ) ;
#4485 = DIRECTION ( 'NONE',  ( -0.9341530342453969737, -0.3568726784304426802, 9.905206611328173255E-16 ) ) ;
#4486 = VERTEX_POINT ( 'NONE', #1881 ) ;
#4487 = ORIENTED_EDGE ( 'NONE', *, *, #2228, .T. ) ;
#4488 = EDGE_CURVE ( 'NONE', #2430, #3548, #4044, .T. ) ;
#4489 = CARTESIAN_POINT ( 'NONE',  ( -11.95075128249988339, 1.929975910596024136, 0.1249999999999999445 ) ) ;
#4490 = FACE_OUTER_BOUND ( 'NONE', #3421, .T. ) ;
#4491 = DIRECTION ( 'NONE',  ( -0.000000000000000000, 0.000000000000000000, -1.000000000000000000 ) ) ;
#4492 = DIRECTION ( 'NONE',  ( 0.5668062099020120259, -0.4622776614639916848, -0.6819311432453422084 ) ) ;
#4493 = DIRECTION ( 'NONE',  ( 0.000000000000000000, 0.000000000000000000, 1.000000000000000000 ) ) ;
#4494 = ORIENTED_EDGE ( 'NONE', *, *, #2295, .F. ) ;
#4495 = DIRECTION ( 'NONE',  ( 0.000000000000000000, 0.7546413764697749160, -0.6561374801974078075 ) ) ;
#4496 = EDGE_CURVE ( 'NONE', #2062, #1271, #3032, .T. ) ;
#4497 = EDGE_LOOP ( 'NONE', ( #514, #1601, #3851, #4281, #3997, #4712 ) ) ;
#4498 = DIRECTION ( 'NONE',  ( 0.7999999999999999334, -5.204170427930422269E-16, 0.6000000000000001998 ) ) ;
#4499 = PLANE ( 'NONE',  #568 ) ;
#4500 = ORIENTED_EDGE ( 'NONE', *, *, #85, .F. ) ;
#4501 = CARTESIAN_POINT ( 'NONE',  ( -10.08890415135354779, -0.7097118817036401905, 1.125000000000000222 ) ) ;
#4502 = CARTESIAN_POINT ( 'NONE',  ( -7.146592091119913448, -0.5416666666666667407, 0.8125000000000000000 ) ) ;
#4503 = DIRECTION ( 'NONE',  ( 0.3290993606803293559, -0.9442952985161996438, 0.000000000000000000 ) ) ;
#4504 = FACE_OUTER_BOUND ( 'NONE', #3296, .T. ) ;
#4505 = VERTEX_POINT ( 'NONE', #3 ) ;
#4506 = VERTEX_POINT ( 'NONE', #1060 ) ;
#4507 = CARTESIAN_POINT ( 'NONE',  ( -13.04411535150948609, 2.250695823602320900, 0.1249999999999999445 ) ) ;
#4508 = CARTESIAN_POINT ( 'NONE',  ( -7.563258757786579523, -0.4166666666666665741, 1.250000000000000000 ) ) ;
#4509 = DIRECTION ( 'NONE',  ( 0.000000000000000000, 0.000000000000000000, 1.000000000000000000 ) ) ;
#4510 = ORIENTED_EDGE ( 'NONE', *, *, #902, .F. ) ;
#4511 = CARTESIAN_POINT ( 'NONE',  ( -11.80562089754820043, 1.811609996830836344, 0.8568463499336798073 ) ) ;
#4512 = EDGE_LOOP ( 'NONE', ( #263, #4742, #3840, #1618 ) ) ;
#4513 = EDGE_CURVE ( 'NONE', #3947, #2411, #498, .T. ) ;
#4514 = LINE ( 'NONE', #4451, #960 ) ;
#4515 = VERTEX_POINT ( 'NONE', #3712 ) ;
#4516 = CARTESIAN_POINT ( 'NONE',  ( -12.94280178398323145, 1.242660592436279243, 0.4210570426814705391 ) ) ;
#4517 = CARTESIAN_POINT ( 'NONE',  ( -7.563258757786579523, -2.916666666666666075, 1.125000000000000222 ) ) ;
#4518 = ORIENTED_EDGE ( 'NONE', *, *, #2002, .F. ) ;
#4519 = VERTEX_POINT ( 'NONE', #2168 ) ;
#4520 = CARTESIAN_POINT ( 'NONE',  ( -11.55186613604053747, 2.088558238973119874, 0.4694348500040948502 ) ) ;
#4521 = DIRECTION ( 'NONE',  ( -0.000000000000000000, 0.000000000000000000, 1.000000000000000000 ) ) ;
#4522 = CARTESIAN_POINT ( 'NONE',  ( -7.021592091119913448, -0.5416666666666667407, 0.8125000000000000000 ) ) ;
#4523 = EDGE_LOOP ( 'NONE', ( #1804, #4248, #872, #1022 ) ) ;
#4524 = ORIENTED_EDGE ( 'NONE', *, *, #3949, .T. ) ;
#4525 = AXIS2_PLACEMENT_3D ( 'NONE', #3293, #1, #4123 ) ;
#4526 = CARTESIAN_POINT ( 'NONE',  ( -9.254731733820534600, 0.2150538542728770708, 0.7453133059113110637 ) ) ;
#4527 = DIRECTION ( 'NONE',  ( 0.000000000000000000, -1.000000000000000000, 0.000000000000000000 ) ) ;
#4528 = DIRECTION ( 'NONE',  ( -1.000000000000000000, 0.000000000000000000, 0.000000000000000000 ) ) ;
#4529 = DIRECTION ( 'NONE',  ( 0.7749432854958503425, -0.6320307779411513671, 0.000000000000000000 ) ) ;
#4530 = ORIENTED_EDGE ( 'NONE', *, *, #3978, .F. ) ;
#4531 = AXIS2_PLACEMENT_3D ( 'NONE', #124, #3323, #3415 ) ;
#4532 = ADVANCED_FACE ( 'NONE', ( #2527 ), #1081, .F. ) ;
#4533 = VERTEX_POINT ( 'NONE', #3250 ) ;
#4534 = AXIS2_PLACEMENT_3D ( 'NONE', #976, #3222, #1766 ) ;
#4535 = CIRCLE ( 'NONE', #2318, 0.1250000000000000000 ) ;
#4536 = DIRECTION ( 'NONE',  ( 0.4939870479426071159, -0.8694692613686514360, 0.000000000000000000 ) ) ;
#4537 = ADVANCED_FACE ( 'NONE', ( #1418 ), #3982, .T. ) ;
#4538 = DIRECTION ( 'NONE',  ( 1.000000000000000000, 0.000000000000000000, 0.000000000000000000 ) ) ;
#4539 = EDGE_LOOP ( 'NONE', ( #2444, #2881, #956, #2226 ) ) ;
#4540 = CIRCLE ( 'NONE', #252, 0.7599999999999995648 ) ;
#4541 = AXIS2_PLACEMENT_3D ( 'NONE', #2972, #4087, #2297 ) ;
#4542 = EDGE_CURVE ( 'NONE', #1130, #2499, #1185, .T. ) ;
#4543 = ORIENTED_EDGE ( 'NONE', *, *, #372, .F. ) ;
#4544 = CYLINDRICAL_SURFACE ( 'NONE', #2242, 0.1249999999999999445 ) ;
#4545 = DIRECTION ( 'NONE',  ( -0.000000000000000000, 0.000000000000000000, 1.000000000000000000 ) ) ;
#4546 = FACE_BOUND ( 'NONE', #4199, .T. ) ;
#4547 = AXIS2_PLACEMENT_3D ( 'NONE', #826, #4458, #1571 ) ;
#4548 = VECTOR ( 'NONE', #1456, 100.0000000000000000 ) ;
#4549 = AXIS2_PLACEMENT_3D ( 'NONE', #3445, #1295, #4569 ) ;
#4550 = EDGE_CURVE ( 'NONE', #3266, #1110, #3640, .T. ) ;
#4551 = CARTESIAN_POINT ( 'NONE',  ( -11.61243561814753278, 2.036686439532411352, 0.7565803274235421982 ) ) ;
#4552 = VERTEX_POINT ( 'NONE', #728 ) ;
#4553 = AXIS2_PLACEMENT_3D ( 'NONE', #3793, #2272, #4175 ) ;
#4554 = ORIENTED_EDGE ( 'NONE', *, *, #3861, .F. ) ;
#4555 = CIRCLE ( 'NONE', #2951, 0.8175000000000001155 ) ;
#4556 = EDGE_CURVE ( 'NONE', #2590, #343, #3666, .T. ) ;
#4557 = FACE_OUTER_BOUND ( 'NONE', #4523, .T. ) ;
#4558 = FACE_OUTER_BOUND ( 'NONE', #3453, .T. ) ;
#4559 = DIRECTION ( 'NONE',  ( 0.8694692613686837435, 0.4939870479425503280, -6.700788708272350838E-17 ) ) ;
#4560 = ORIENTED_EDGE ( 'NONE', *, *, #4738, .T. ) ;
#4561 = EDGE_CURVE ( 'NONE', #2215, #3479, #4192, .T. ) ;
#4562 = DIRECTION ( 'NONE',  ( 1.000000000000000000, 0.000000000000000000, 0.000000000000000000 ) ) ;
#4563 = ORIENTED_EDGE ( 'NONE', *, *, #1175, .T. ) ;
#4564 = AXIS2_PLACEMENT_3D ( 'NONE', #1904, #410, #2309 ) ;
#4565 = CARTESIAN_POINT ( 'NONE',  ( -11.63382357956933078, 2.045588939707508214, 1.226479224199663047E-15 ) ) ;
#4566 = VERTEX_POINT ( 'NONE', #2962 ) ;
#4567 = DIRECTION ( 'NONE',  ( -0.8694692613686594296, -0.4939870479425930716, 0.000000000000000000 ) ) ;
#4568 = CIRCLE ( 'NONE', #4427, 0.3750000000000003331 ) ;
#4569 = DIRECTION ( 'NONE',  ( 1.000000000000000000, 0.000000000000000000, 0.000000000000000000 ) ) ;
#4570 = ORIENTED_EDGE ( 'NONE', *, *, #3907, .T. ) ;
#4571 = ORIENTED_EDGE ( 'NONE', *, *, #2731, .F. ) ;
#4572 = CARTESIAN_POINT ( 'NONE',  ( -7.146592091119913448, -3.041666666666666075, 0.8125000000000000000 ) ) ;
#4573 = CARTESIAN_POINT ( 'NONE',  ( -13.64622281500728285, 1.908609792902075997, 1.125000000000000222 ) ) ;
#4574 = ADVANCED_FACE ( 'NONE', ( #3273 ), #2550, .F. ) ;
#4575 = CARTESIAN_POINT ( 'NONE',  ( -11.72408416766313977, -0.9684706404287001247, 0.8632745012477016644 ) ) ;
#4576 = EDGE_CURVE ( 'NONE', #4475, #1100, #2725, .T. ) ;
#4577 = CARTESIAN_POINT ( 'NONE',  ( -11.47288048603308219, 2.024138864349495748, 0.8430581784044582916 ) ) ;
#4578 = ORIENTED_EDGE ( 'NONE', *, *, #3284, .F. ) ;
#4579 = ORIENTED_EDGE ( 'NONE', *, *, #1186, .F. ) ;
#4580 = EDGE_CURVE ( 'NONE', #3548, #4566, #2935, .T. ) ;
#4581 = EDGE_CURVE ( 'NONE', #963, #3853, #46, .T. ) ;
#4582 = CARTESIAN_POINT ( 'NONE',  ( -12.02830379121253301, -1.192141259078729920, 0.3658661068716432263 ) ) ;
#4583 = ORIENTED_EDGE ( 'NONE', *, *, #653, .F. ) ;
#4584 = PLANE ( 'NONE',  #925 ) ;
#4585 = ORIENTED_EDGE ( 'NONE', *, *, #4442, .F. ) ;
#4586 = EDGE_CURVE ( 'NONE', #3134, #4235, #3964, .T. ) ;
#4587 = PRODUCT_CONTEXT ( 'NONE', #1612, 'mechanical' ) ;
#4588 = ORIENTED_EDGE ( 'NONE', *, *, #3912, .T. ) ;
#4589 = DIRECTION ( 'NONE',  ( 0.7749432854958506756, -0.6320307779411509230, 0.000000000000000000 ) ) ;
#4590 = LINE ( 'NONE', #3424, #1638 ) ;
#4591 = EDGE_LOOP ( 'NONE', ( #1761, #2386, #3251, #3754 ) ) ;
#4592 = VERTEX_POINT ( 'NONE', #2719 ) ;
#4593 = DIRECTION ( 'NONE',  ( -0.8694692613686838545, -0.4939870479425503835, 0.000000000000000000 ) ) ;
#4594 = FACE_OUTER_BOUND ( 'NONE', #3316, .T. ) ;
#4595 = MANIFOLD_SOLID_BREP ( 'Fillet7', #2797 ) ;
#4596 = DIRECTION ( 'NONE',  ( 0.3493015914185021997, -0.6148076107470562546, -0.7071067811865461294 ) ) ;
#4597 = EDGE_CURVE ( 'NONE', #958, #949, #3118, .T. ) ;
#4598 = DIRECTION ( 'NONE',  ( 0.8000000000000003775, 0.000000000000000000, 0.5999999999999994227 ) ) ;
#4599 = ORIENTED_EDGE ( 'NONE', *, *, #2816, .T. ) ;
#4600 = EDGE_CURVE ( 'NONE', #3074, #812, #4568, .T. ) ;
#4601 = ORIENTED_EDGE ( 'NONE', *, *, #3606, .T. ) ;
#4602 = DIRECTION ( 'NONE',  ( -0.7749432854958506756, 0.6320307779411509230, -0.000000000000000000 ) ) ;
#4603 = DIRECTION ( 'NONE',  ( -0.4939870479425472749, 0.8694692613686855198, 0.000000000000000000 ) ) ;
#4604 = VERTEX_POINT ( 'NONE', #507 ) ;
#4605 = DIRECTION ( 'NONE',  ( 0.000000000000000000, 1.000000000000000000, 0.000000000000000000 ) ) ;
#4606 = ORIENTED_EDGE ( 'NONE', *, *, #3348, .T. ) ;
#4607 = ADVANCED_FACE ( 'NONE', ( #174 ), #2349, .T. ) ;
#4608 = CIRCLE ( 'NONE', #4304, 0.1249999999999999029 ) ;
#4609 = CARTESIAN_POINT ( 'NONE',  ( -12.92543798886249817, 1.290707031324183518, 0.7565803274235427534 ) ) ;
#4610 = ORIENTED_EDGE ( 'NONE', *, *, #1875, .F. ) ;
#4611 = DIRECTION ( 'NONE',  ( 0.7749432854958506756, -0.6320307779411509230, 1.305935858537982472E-16 ) ) ;
#4612 = DIRECTION ( 'NONE',  ( -0.6320307779411513671, -0.7749432854958503425, 0.000000000000000000 ) ) ;
#4613 = ORIENTED_EDGE ( 'NONE', *, *, #3913, .F. ) ;
#4614 = AXIS2_PLACEMENT_3D ( 'NONE', #3520, #225, #2696 ) ;
#4615 = AXIS2_PLACEMENT_3D ( 'NONE', #613, #235, #2082 ) ;
#4616 = ORIENTED_EDGE ( 'NONE', *, *, #3696, .F. ) ;
#4617 = CARTESIAN_POINT ( 'NONE',  ( -9.883200675636496513, 1.114474338202338988, 1.250000000000000000 ) ) ;
#4618 = CARTESIAN_POINT ( 'NONE',  ( 0.000000000000000000, -3.041666666666666075, 1.125000000000000222 ) ) ;
#4619 = CARTESIAN_POINT ( 'NONE',  ( -12.92106661151323799, 1.140703893231679533, 0.3475602806958022484 ) ) ;
#4620 = CIRCLE ( 'NONE', #1855, 0.06249999999999996531 ) ;
#4621 = CIRCLE ( 'NONE', #1092, 0.1250000000000004441 ) ;
#4622 = AXIS2_PLACEMENT_3D ( 'NONE', #1579, #4157, #3413 ) ;
#4623 = AXIS2_PLACEMENT_3D ( 'NONE', #2772, #3824, #1644 ) ;
#4624 = CARTESIAN_POINT ( 'NONE',  ( -11.46245585877353612, 2.015636712772892469, 0.8551239921727533666 ) ) ;
#4625 = ORIENTED_EDGE ( 'NONE', *, *, #1725, .F. ) ;
#4626 = EDGE_LOOP ( 'NONE', ( #2322, #596, #610, #145 ) ) ;
#4627 = VECTOR ( 'NONE', #4037, 99.99999999999998579 ) ;
#4628 = AXIS2_PLACEMENT_3D ( 'NONE', #1115, #2580, #4056 ) ;
#4629 = DIRECTION ( 'NONE',  ( 0.000000000000000000, 0.000000000000000000, -1.000000000000000000 ) ) ;
#4630 = CIRCLE ( 'NONE', #484, 0.1249999999999999445 ) ;
#4631 = DIRECTION ( 'NONE',  ( 1.000000000000000000, 0.000000000000000000, 0.000000000000000000 ) ) ;
#4632 = AXIS2_PLACEMENT_3D ( 'NONE', #2669, #772, #62 ) ;
#4633 = ORIENTED_EDGE ( 'NONE', *, *, #4069, .T. ) ;
#4634 = DIRECTION ( 'NONE',  ( 0.8694692613686837435, 0.4939870479425503835, 0.000000000000000000 ) ) ;
#4635 = ORIENTED_EDGE ( 'NONE', *, *, #3918, .T. ) ;
#4636 = EDGE_CURVE ( 'NONE', #2046, #1513, #4514, .T. ) ;
#4637 = EDGE_CURVE ( 'NONE', #3495, #4552, #2267, .T. ) ;
#4638 = AXIS2_PLACEMENT_3D ( 'NONE', #3831, #524, #2103 ) ;
#4639 =( NAMED_UNIT ( * ) SI_UNIT ( $, .STERADIAN. ) SOLID_ANGLE_UNIT ( ) );
#4640 = DIRECTION ( 'NONE',  ( -0.000000000000000000, -1.000000000000000000, -0.000000000000000000 ) ) ;
#4641 = PLANE ( 'NONE',  #3785 ) ;
#4642 = AXIS2_PLACEMENT_3D ( 'NONE', #1734, #731, #2098 ) ;
#4643 = CYLINDRICAL_SURFACE ( 'NONE', #1254, 0.1250000000000002776 ) ;
#4644 = EDGE_LOOP ( 'NONE', ( #3557, #264, #4613, #1936 ) ) ;
#4645 = EDGE_CURVE ( 'NONE', #4180, #3532, #4474, .T. ) ;
#4646 = ORIENTED_EDGE ( 'NONE', *, *, #522, .F. ) ;
#4647 = CARTESIAN_POINT ( 'NONE',  ( -9.404737745268025861, 0.3373962474330980399, 0.2850602806992320604 ) ) ;
#4648 = DIRECTION ( 'NONE',  ( 1.000000000000000000, 1.387778780781444413E-14, 0.000000000000000000 ) ) ;
#4649 = DIRECTION ( 'NONE',  ( -0.4939870479425925165, 0.8694692613686599847, 7.239785948814862696E-15 ) ) ;
#4650 = AXIS2_PLACEMENT_3D ( 'NONE', #1950, #2980, #4495 ) ;
#4651 = DIRECTION ( 'NONE',  ( -0.4939870479425930716, 0.8694692613686594296, 0.000000000000000000 ) ) ;
#4652 = DIRECTION ( 'NONE',  ( 0.7690358092104150334, 0.000000000000000000, 0.6392056978407515411 ) ) ;
#4653 = CARTESIAN_POINT ( 'NONE',  ( -7.146592091119913448, -0.5416666666666667407, 0.8125000000000000000 ) ) ;
#4654 = EDGE_LOOP ( 'NONE', ( #1678, #456, #3906, #3409 ) ) ;
#4655 = VERTEX_POINT ( 'NONE', #1563 ) ;
#4656 = CARTESIAN_POINT ( 'NONE',  ( -7.146592091119913448, -2.916666666666666075, 0.8125000000000000000 ) ) ;
#4657 = CARTESIAN_POINT ( 'NONE',  ( -10.83200522101813945, -2.791666666666666075, 0.000000000000000000 ) ) ;
#4658 = ORIENTED_EDGE ( 'NONE', *, *, #4411, .T. ) ;
#4659 = ORIENTED_EDGE ( 'NONE', *, *, #877, .T. ) ;
#4660 = EDGE_CURVE ( 'NONE', #3941, #1672, #1475, .T. ) ;
#4661 = DIRECTION ( 'NONE',  ( 0.000000000000000000, 0.000000000000000000, -1.000000000000000000 ) ) ;
#4662 = LINE ( 'NONE', #3633, #2621 ) ;
#4663 = DIRECTION ( 'NONE',  ( 0.8694692613686586524, 0.4939870479425945149, 0.000000000000000000 ) ) ;
#4664 = ORIENTED_EDGE ( 'NONE', *, *, #1525, .T. ) ;
#4665 = EDGE_CURVE ( 'NONE', #1268, #3508, #452, .T. ) ;
#4666 = ORIENTED_EDGE ( 'NONE', *, *, #4262, .T. ) ;
#4667 = CARTESIAN_POINT ( 'NONE',  ( -5.292293410150104016, 0.02444790937862692526, 2.635581104235296124 ) ) ;
#4668 = CARTESIAN_POINT ( 'NONE',  ( -7.563258757786581299, -0.4166666666666665741, 0.1249999999999997363 ) ) ;
#4669 = CARTESIAN_POINT ( 'NONE',  ( -9.325107847934390293, 0.2209617277617695330, 0.4984486283441203480 ) ) ;
#4670 = DIRECTION ( 'NONE',  ( 0.000000000000000000, 0.000000000000000000, 1.000000000000000000 ) ) ;
#4671 = CARTESIAN_POINT ( 'NONE',  ( -13.28111448532395755, 1.139459121215922410, 0.8007745012477023305 ) ) ;
#4672 = CARTESIAN_POINT ( 'NONE',  ( -11.95213061291353718, -1.199692544254126414, 0.3216719330474840377 ) ) ;
#4673 = VERTEX_POINT ( 'NONE', #432 ) ;
#4674 = VERTEX_POINT ( 'NONE', #1920 ) ;
#4675 = DIRECTION ( 'NONE',  ( 9.915496131590894273E-33, -8.086912747056016450E-33, 1.000000000000000000 ) ) ;
#4676 = CARTESIAN_POINT ( 'NONE',  ( -12.93564060461440057, 1.183252619953938378, 0.8449686750718619077 ) ) ;
#4677 = EDGE_LOOP ( 'NONE', ( #2714, #1567, #4207, #1704 ) ) ;
#4678 = VERTEX_POINT ( 'NONE', #837 ) ;
#4679 = LINE ( 'NONE', #2544, #246 ) ;
#4680 = CARTESIAN_POINT ( 'NONE',  ( -11.48733405561182863, 1.955275890537223171, 0.2850602806958021929 ) ) ;
#4681 = ORIENTED_EDGE ( 'NONE', *, *, #155, .T. ) ;
#4682 = EDGE_CURVE ( 'NONE', #614, #1030, #204, .T. ) ;
#4683 = EDGE_CURVE ( 'NONE', #343, #332, #2732, .T. ) ;
#4684 = VERTEX_POINT ( 'NONE', #128 ) ;
#4685 = AXIS2_PLACEMENT_3D ( 'NONE', #1267, #1656, #504 ) ;
#4686 = CARTESIAN_POINT ( 'NONE',  ( -8.727499999999999147, -1.666666666666666297, 1.250000000000000000 ) ) ;
#4687 = DIRECTION ( 'NONE',  ( 0.1120543339847372699, 0.9937020812271839532, 0.000000000000000000 ) ) ;
#4688 = EDGE_CURVE ( 'NONE', #881, #4728, #1585, .T. ) ;
#4689 = CIRCLE ( 'NONE', #3082, 0.1250000000000000278 ) ;
#4690 = EDGE_CURVE ( 'NONE', #1107, #2361, #810, .T. ) ;
#4691 = CARTESIAN_POINT ( 'NONE',  ( -10.19402102110228547, 0.4972161015559958819, 1.125000000000000222 ) ) ;
#4692 = CARTESIAN_POINT ( 'NONE',  ( -11.92125642241712491, -1.254034373089666365, 0.7123861535993826211 ) ) ;
#4693 = AXIS2_PLACEMENT_3D ( 'NONE', #2642, #4140, #3366 ) ;
#4694 = AXIS2_PLACEMENT_3D ( 'NONE', #4294, #906, #3850 ) ;
#4695 = ORIENTED_EDGE ( 'NONE', *, *, #3737, .T. ) ;
#4696 = ORIENTED_EDGE ( 'NONE', *, *, #4690, .F. ) ;
#4697 = AXIS2_PLACEMENT_3D ( 'NONE', #1335, #3194, #1621 ) ;
#4698 = EDGE_CURVE ( 'NONE', #3604, #729, #1342, .T. ) ;
#4699 = CARTESIAN_POINT ( 'NONE',  ( -8.727499999999999147, -1.666666666666666297, 1.250000000000000000 ) ) ;
#4700 = CARTESIAN_POINT ( 'NONE',  ( -9.358628992270890734, 0.2997907199421045443, 0.3216719330474845928 ) ) ;
#4701 = VERTEX_POINT ( 'NONE', #1675 ) ;
#4702 = AXIS2_PLACEMENT_3D ( 'NONE', #2125, #1736, #2178 ) ;
#4703 = VERTEX_POINT ( 'NONE', #2764 ) ;
#4704 = EDGE_CURVE ( 'NONE', #4728, #614, #2021, .T. ) ;
#4705 = AXIS2_PLACEMENT_3D ( 'NONE', #3998, #241, #2886 ) ;
#4706 = AXIS2_PLACEMENT_3D ( 'NONE', #3905, #2364, #4612 ) ;
#4707 = CARTESIAN_POINT ( 'NONE',  ( -10.08890415135354779, -0.7097118817036401905, 0.1250000000000000000 ) ) ;
#4708 = DIRECTION ( 'NONE',  ( 0.000000000000000000, -1.000000000000000000, 0.000000000000000000 ) ) ;
#4709 = DIRECTION ( 'NONE',  ( -0.8694692613686838545, -0.4939870479425503835, 6.700788708272352071E-17 ) ) ;
#4710 = VERTEX_POINT ( 'NONE', #1365 ) ;
#4711 = CARTESIAN_POINT ( 'NONE',  ( -7.146592091119913448, -2.916666666666666075, 0.8125000000000000000 ) ) ;
#4712 = ORIENTED_EDGE ( 'NONE', *, *, #1191, .T. ) ;
#4713 = AXIS2_PLACEMENT_3D ( 'NONE', #706, #1752, #2866 ) ;
#4714 = CARTESIAN_POINT ( 'NONE',  ( -11.88895981638750676, 1.879579824678406119, 0.4542544545199617145 ) ) ;
#4715 = DIRECTION ( 'NONE',  ( 1.000000000000000000, 0.000000000000000000, 0.000000000000000000 ) ) ;
#4716 = FACE_OUTER_BOUND ( 'NONE', #3176, .T. ) ;
#4717 = CIRCLE ( 'NONE', #1932, 0.06250000000000065226 ) ;
#4718 = AXIS2_PLACEMENT_3D ( 'NONE', #2875, #1403, #2900 ) ;
#4719 = EDGE_CURVE ( 'NONE', #1513, #2062, #4216, .T. ) ;
#4720 = DIRECTION ( 'NONE',  ( 0.8694692613686836324, 0.4939870479425503280, 0.000000000000000000 ) ) ;
#4721 = CARTESIAN_POINT ( 'NONE',  ( -11.99579331184085440, -1.122841592910747810, 0.3475602806958025259 ) ) ;
#4722 = CARTESIAN_POINT ( 'NONE',  ( -10.11170262548402121, 0.2036406426323196517, 0.09905279970063782247 ) ) ;
#4723 = EDGE_LOOP ( 'NONE', ( #4316, #4264, #1442, #433 ) ) ;
#4724 = CARTESIAN_POINT ( 'NONE',  ( -10.35202871558757209, 0.3034802801820321583, 0.1249999999999999445 ) ) ;
#4725 = CARTESIAN_POINT ( 'NONE',  ( -12.93847232412560189, 1.289498636852610902, 0.7511921964736698598 ) ) ;
#4726 = LINE ( 'NONE', #3236, #2167 ) ;
#4727 = ORIENTED_EDGE ( 'NONE', *, *, #1725, .T. ) ;
#4728 = VERTEX_POINT ( 'NONE', #1000 ) ;
#4729 = CARTESIAN_POINT ( 'NONE',  ( -11.04937253636030547, -2.915163428652314703, 0.1249999999999999445 ) ) ;
#4730 = DIRECTION ( 'NONE',  ( -0.7749432854958513417, 0.6320307779411501459, 0.000000000000000000 ) ) ;
#4731 = DIRECTION ( 'NONE',  ( 1.000000000000000000, 0.000000000000000000, 0.000000000000000000 ) ) ;
#4732 = ORIENTED_EDGE ( 'NONE', *, *, #3000, .F. ) ;
#4733 = CARTESIAN_POINT ( 'NONE',  ( -10.14255125769409993, -0.06992619713259898284, 0.3475602806958025259 ) ) ;
#4734 = ORIENTED_EDGE ( 'NONE', *, *, #3972, .F. ) ;
#4735 = DIRECTION ( 'NONE',  ( 0.3493015914185021997, -0.6148076107470562546, -0.7071067811865461294 ) ) ;
#4736 = DIRECTION ( 'NONE',  ( -0.000000000000000000, 0.000000000000000000, 1.000000000000000000 ) ) ;
#4737 = CYLINDRICAL_SURFACE ( 'NONE', #1320, 0.3175000000000011147 ) ;
#4738 = EDGE_CURVE ( 'NONE', #3495, #1552, #1269, .T. ) ;
#4739 = DIRECTION ( 'NONE',  ( 0.000000000000000000, -0.000000000000000000, -1.000000000000000000 ) ) ;
#4740 = EDGE_CURVE ( 'NONE', #2215, #3215, #1973, .T. ) ;
#4741 = CARTESIAN_POINT ( 'NONE',  ( -11.47575567367416660, 2.026483819284333077, 0.9257745012477015534 ) ) ;
#4742 = ORIENTED_EDGE ( 'NONE', *, *, #2570, .F. ) ;
#4743 = CARTESIAN_POINT ( 'NONE',  ( -7.637963673248540530, -1.103555125505417012, -4.350413467132113965 ) ) ;
#4744 = CARTESIAN_POINT ( 'NONE',  ( -9.979390435127378112, 0.2614599049377561157, 0.1250000000000000000 ) ) ;
#4745 = EDGE_CURVE ( 'NONE', #3773, #4728, #2960, .T. ) ;
#4746 = CARTESIAN_POINT ( 'NONE',  ( -11.95213061291353718, -1.199692544254126636, 0.4984486283441203480 ) ) ;
#4747 = ORIENTED_EDGE ( 'NONE', *, *, #1431, .T. ) ;
#4748 = ORIENTED_EDGE ( 'NONE', *, *, #2798, .F. ) ;
#4749 = EDGE_CURVE ( 'NONE', #3821, #2936, #3035, .T. ) ;
#4750 = CARTESIAN_POINT ( 'NONE',  ( -11.90846791398622173, -1.276543495597506128, 0.8007745012477014424 ) ) ;
ENDSEC;
END-ISO-10303-21;
