ISO-10303-21;
HEADER;
FILE_DESCRIPTION (( 'STEP AP214' ),
    '1' );
FILE_NAME ('top bar linkage.STEP',
    '2026-08-28T18:47:38',
    ( '' ),
    ( '' ),
    'SwSTEP 2.0',
    'SolidWorks 2025',
    '' );
FILE_SCHEMA (( 'AUTOMOTIVE_DESIGN' ));
ENDSEC;

DATA;
#1 = DIRECTION ( 'NONE',  ( -0.000000000000000000, 0.000000000000000000, 1.000000000000000000 ) ) ;
#2 = FACE_OUTER_BOUND ( 'NONE', #6481, .T. ) ;
#3 = ORIENTED_EDGE ( 'NONE', *, *, #374, .T. ) ;
#4 = AXIS2_PLACEMENT_3D ( 'NONE', #1744, #3739, #3196 ) ;
#5 = CARTESIAN_POINT ( 'NONE',  ( -3.005379291100030770, -0.3400015541606994374, 2.500000000000000000 ) ) ;
#6 = AXIS2_PLACEMENT_3D ( 'NONE', #3954, #6476, #3918 ) ;
#7 = CARTESIAN_POINT ( 'NONE',  ( -0.1958629230997752102, 1.270833333333334147, 2.437500000000000000 ) ) ;
#8 = CARTESIAN_POINT ( 'NONE',  ( 7.021836163994535696, -1.733804712518619340, 0.9893191748234602123 ) ) ;
#9 = CARTESIAN_POINT ( 'NONE',  ( -8.739999999999998437, -0.4066666666666663987, 2.375000000000000000 ) ) ;
#10 = DIRECTION ( 'NONE',  ( -0.000000000000000000, 0.000000000000000000, 1.000000000000000000 ) ) ;
#11 = CYLINDRICAL_SURFACE ( 'NONE', #1081, 0.1250000000000001110 ) ;
#12 = ORIENTED_EDGE ( 'NONE', *, *, #6798, .F. ) ;
#13 = EDGE_CURVE ( 'NONE', #5028, #1101, #2142, .T. ) ;
#14 = ORIENTED_EDGE ( 'NONE', *, *, #232, .T. ) ;
#15 = VERTEX_POINT ( 'NONE', #5846 ) ;
#16 =( BOUNDED_CURVE ( )  B_SPLINE_CURVE ( 3, ( #4486, #4350, #6594, #1881 ),
 .UNSPECIFIED., .F., .F. ) 
 B_SPLINE_CURVE_WITH_KNOTS ( ( 4, 4 ),
 ( 1.570796326794897002, 3.141592653589793116 ),
 .UNSPECIFIED. ) 
 CURVE ( )  GEOMETRIC_REPRESENTATION_ITEM ( )  RATIONAL_B_SPLINE_CURVE ( ( 1.000000000000000000, 0.8047378541243650485, 0.8047378541243650485, 1.000000000000000000 ) ) 
 REPRESENTATION_ITEM ( '' )  );
#17 = LINE ( 'NONE', #3751, #3554 ) ;
#18 = CARTESIAN_POINT ( 'NONE',  ( -7.124999999999999112, -2.281666666666665844, 1.062500000000000000 ) ) ;
#19 = VERTEX_POINT ( 'NONE', #3771 ) ;
#20 = FACE_OUTER_BOUND ( 'NONE', #4912, .T. ) ;
#21 = DIRECTION ( 'NONE',  ( 0.000000000000000000, 1.000000000000000000, 0.000000000000000000 ) ) ;
#22 = CARTESIAN_POINT ( 'NONE',  ( -4.905087559109038153, -1.095486795418325832, 0.06250000000000000000 ) ) ;
#23 = CARTESIAN_POINT ( 'NONE',  ( -1.494853308428508498, -0.7124252704789461044, 0.1250000000000001110 ) ) ;
#24 = ORIENTED_EDGE ( 'NONE', *, *, #5134, .T. ) ;
#25 = VERTEX_POINT ( 'NONE', #5 ) ;
#26 = VERTEX_POINT ( 'NONE', #2646 ) ;
#27 = CARTESIAN_POINT ( 'NONE',  ( 0.6199143156245150443, 2.313551722249974851, 2.500000000000000000 ) ) ;
#28 = ADVANCED_FACE ( 'NONE', ( #4155 ), #516, .F. ) ;
#29 = DIRECTION ( 'NONE',  ( -1.387778780781445922E-16, -0.000000000000000000, -1.000000000000000000 ) ) ;
#30 = DIRECTION ( 'NONE',  ( 1.224646799147353207E-16, 1.000000000000000000, 0.000000000000000000 ) ) ;
#31 = LINE ( 'NONE', #6419, #6146 ) ;
#32 = ORIENTED_EDGE ( 'NONE', *, *, #2503, .F. ) ;
#33 = EDGE_LOOP ( 'NONE', ( #1789, #5249, #5144, #6709, #3452 ) ) ;
#34 = DIRECTION ( 'NONE',  ( -0.5539977161136322437, -0.8325181863123949366, 0.000000000000000000 ) ) ;
#35 = DIRECTION ( 'NONE',  ( 1.000000000000000000, 0.000000000000000000, 0.000000000000000000 ) ) ;
#36 = DIRECTION ( 'NONE',  ( 0.000000000000000000, -0.000000000000000000, -1.000000000000000000 ) ) ;
#37 = DIRECTION ( 'NONE',  ( -0.5999999999999992006, 0.000000000000000000, -0.8000000000000007105 ) ) ;
#38 = ORIENTED_EDGE ( 'NONE', *, *, #5197, .F. ) ;
#39 = EDGE_CURVE ( 'NONE', #6622, #4739, #6326, .T. ) ;
#40 = ORIENTED_EDGE ( 'NONE', *, *, #1771, .F. ) ;
#41 = ORIENTED_EDGE ( 'NONE', *, *, #970, .F. ) ;
#42 = EDGE_CURVE ( 'NONE', #3795, #5772, #2908, .T. ) ;
#43 = VECTOR ( 'NONE', #3574, 100.0000000000000000 ) ;
#44 = CYLINDRICAL_SURFACE ( 'NONE', #6641, 0.1250000000000000000 ) ;
#45 = EDGE_CURVE ( 'NONE', #4330, #1213, #3742, .T. ) ;
#46 = DIRECTION ( 'NONE',  ( 0.000000000000000000, -1.000000000000000000, 0.000000000000000000 ) ) ;
#47 = CYLINDRICAL_SURFACE ( 'NONE', #3381, 0.6349999999999994538 ) ;
#48 = CIRCLE ( 'NONE', #3332, 0.1250000000000001665 ) ;
#49 = VECTOR ( 'NONE', #4856, 100.0000000000000000 ) ;
#50 = VERTEX_POINT ( 'NONE', #1096 ) ;
#51 = DIRECTION ( 'NONE',  ( 0.000000000000000000, 0.000000000000000000, -1.000000000000000000 ) ) ;
#52 = CIRCLE ( 'NONE', #4774, 0.1250000000000000000 ) ;
#53 = CYLINDRICAL_SURFACE ( 'NONE', #6767, 0.06250000000000005551 ) ;
#54 = CARTESIAN_POINT ( 'NONE',  ( -5.025299892960463310, -1.061223188048501687, 0.000000000000000000 ) ) ;
#55 = CARTESIAN_POINT ( 'NONE',  ( -6.908742675414803358, 0.5933333333333337123, 2.500000000000000000 ) ) ;
#56 = EDGE_LOOP ( 'NONE', ( #2470, #3188, #2704, #1131 ) ) ;
#57 = ORIENTED_EDGE ( 'NONE', *, *, #2877, .T. ) ;
#58 = AXIS2_PLACEMENT_3D ( 'NONE', #4740, #1056, #2125 ) ;
#59 = VERTEX_POINT ( 'NONE', #2168 ) ;
#60 = AXIS2_PLACEMENT_3D ( 'NONE', #5526, #808, #5462 ) ;
#61 = CARTESIAN_POINT ( 'NONE',  ( -0.1333629230997752102, 1.333333333333334147, 0.000000000000000000 ) ) ;
#62 = AXIS2_PLACEMENT_3D ( 'NONE', #6209, #1503, #3654 ) ;
#63 = FACE_OUTER_BOUND ( 'NONE', #6150, .T. ) ;
#64 = PLANE ( 'NONE',  #3509 ) ;
#65 = EDGE_CURVE ( 'NONE', #1212, #3036, #6786, .T. ) ;
#66 = ORIENTED_EDGE ( 'NONE', *, *, #635, .T. ) ;
#67 = ORIENTED_EDGE ( 'NONE', *, *, #5911, .T. ) ;
#68 = DIRECTION ( 'NONE',  ( -0.8000000000000000444, 0.000000000000000000, 0.5999999999999999778 ) ) ;
#69 = AXIS2_PLACEMENT_3D ( 'NONE', #601, #2701, #1048 ) ;
#70 = CARTESIAN_POINT ( 'NONE',  ( -6.908742675414803358, -0.4066666666666662877, 0.9370696625084149467 ) ) ;
#71 = LINE ( 'NONE', #4687, #3834 ) ;
#72 = DIRECTION ( 'NONE',  ( 0.000000000000000000, -0.000000000000000000, -1.000000000000000000 ) ) ;
#73 = CARTESIAN_POINT ( 'NONE',  ( 7.485387256939805667, -2.063711275252316124, 1.870504660978545175 ) ) ;
#74 = ORIENTED_EDGE ( 'NONE', *, *, #4945, .F. ) ;
#75 = AXIS2_PLACEMENT_3D ( 'NONE', #5916, #2677, #4222 ) ;
#76 = EDGE_CURVE ( 'NONE', #6067, #3303, #6262, .T. ) ;
#77 = VERTEX_POINT ( 'NONE', #6013 ) ;
#78 = EDGE_LOOP ( 'NONE', ( #3443, #6753, #3715, #3287 ) ) ;
#79 = ORIENTED_EDGE ( 'NONE', *, *, #4951, .T. ) ;
#80 = B_SPLINE_CURVE_WITH_KNOTS ( 'NONE', 3,
 ( #6516, #2733, #1706, #3858, #192, #1805 ),
 .UNSPECIFIED., .F., .F.,
 ( 4, 2, 4 ),
 ( 0.000000000000000000, 0.0004178694741782459508, 0.0008357389483564919017 ),
 .UNSPECIFIED. ) ;
#81 = EDGE_CURVE ( 'NONE', #5702, #6700, #2686, .T. ) ;
#82 = FACE_OUTER_BOUND ( 'NONE', #2951, .T. ) ;
#83 = CARTESIAN_POINT ( 'NONE',  ( -4.905087559109038153, -1.095486795418325832, 0.06250000000000000000 ) ) ;
#84 = CARTESIAN_POINT ( 'NONE',  ( 7.593424118920733434, 0.5209467378937673310, 0.5000000000000003331 ) ) ;
#85 = DIRECTION ( 'NONE',  ( 0.7706021531734796870, -0.2685968212430487334, 0.5779516148801097097 ) ) ;
#86 = CIRCLE ( 'NONE', #5359, 0.1250000000000001110 ) ;
#87 = ORIENTED_EDGE ( 'NONE', *, *, #5789, .F. ) ;
#88 = CARTESIAN_POINT ( 'NONE',  ( -5.843787586927575717, -2.281666666666665844, 2.375000000000000000 ) ) ;
#89 = DIRECTION ( 'NONE',  ( 0.000000000000000000, 0.000000000000000000, 1.000000000000000000 ) ) ;
#90 = CARTESIAN_POINT ( 'NONE',  ( -0.2583629230997752102, 1.270833333333334147, 0.000000000000000000 ) ) ;
#91 = CIRCLE ( 'NONE', #4040, 0.1250000000000001110 ) ;
#92 = CARTESIAN_POINT ( 'NONE',  ( -7.297779489814402609, -3.406666666666666288, 0.000000000000000000 ) ) ;
#93 = ORIENTED_EDGE ( 'NONE', *, *, #947, .F. ) ;
#94 = CARTESIAN_POINT ( 'NONE',  ( -7.124999999999999112, -2.281666666666665844, 1.437500000000000000 ) ) ;
#95 = AXIS2_PLACEMENT_3D ( 'NONE', #4406, #4477, #186 ) ;
#96 = CARTESIAN_POINT ( 'NONE',  ( 7.449285549914441695, -2.051127864073856166, 0.6540510049661347747 ) ) ;
#97 = DIRECTION ( 'NONE',  ( 1.000000000000000000, -9.251858538542971828E-16, 0.000000000000000000 ) ) ;
#98 = CARTESIAN_POINT ( 'NONE',  ( 7.350524901674631018, -2.016704399161601824, 1.950000000000000622 ) ) ;
#99 = TOROIDAL_SURFACE ( 'NONE', #6360, 0.7600000000000002309, 0.1250000000000000000 ) ;
#100 = EDGE_LOOP ( 'NONE', ( #3648, #5040, #4549, #4694, #3679, #4518, #6123, #2935 ) ) ;
#101 = EDGE_LOOP ( 'NONE', ( #214, #5021, #3197, #1433 ) ) ;
#102 = CARTESIAN_POINT ( 'NONE',  ( -7.500000000000000000, -0.5316666666666663987, 0.6250000000000003331 ) ) ;
#103 = PRODUCT_CONTEXT ( 'NONE', #5122, 'mechanical' ) ;
#104 = DIRECTION ( 'NONE',  ( 0.000000000000000000, 0.000000000000000000, -1.000000000000000000 ) ) ;
#105 = DIRECTION ( 'NONE',  ( -1.000000000000000000, 0.000000000000000000, 0.000000000000000000 ) ) ;
#106 = CARTESIAN_POINT ( 'NONE',  ( 7.350524901674631018, -2.016704399161601380, 1.950000000000000400 ) ) ;
#107 = AXIS2_PLACEMENT_3D ( 'NONE', #3360, #3322, #5465 ) ;
#108 = ORIENTED_EDGE ( 'NONE', *, *, #6501, .F. ) ;
#109 = CIRCLE ( 'NONE', #6374, 0.06250000000000000000 ) ;
#110 = ORIENTED_EDGE ( 'NONE', *, *, #287, .F. ) ;
#111 = ORIENTED_EDGE ( 'NONE', *, *, #1322, .F. ) ;
#112 = ORIENTED_EDGE ( 'NONE', *, *, #4211, .F. ) ;
#113 = EDGE_CURVE ( 'NONE', #3526, #2543, #1038, .T. ) ;
#114 = AXIS2_PLACEMENT_3D ( 'NONE', #6365, #3168, #5236 ) ;
#115 = CARTESIAN_POINT ( 'NONE',  ( 0.1622911731368573973, -0.8878649505766370575, 2.375000000000000000 ) ) ;
#116 = FACE_OUTER_BOUND ( 'NONE', #2594, .T. ) ;
#117 = LINE ( 'NONE', #4269, #5695 ) ;
#118 = EDGE_CURVE ( 'NONE', #6249, #1526, #6572, .T. ) ;
#119 = ORIENTED_EDGE ( 'NONE', *, *, #4021, .T. ) ;
#120 = CARTESIAN_POINT ( 'NONE',  ( 8.325291008880260080, -2.356463478178802529, 2.375000000000000000 ) ) ;
#121 = CARTESIAN_POINT ( 'NONE',  ( 7.539803791602654570, 0.5453378590213469046, 1.995649695907976140 ) ) ;
#122 = LINE ( 'NONE', #1083, #6334 ) ;
#123 = DIRECTION ( 'NONE',  ( -1.224646799147353207E-16, 1.000000000000000000, 1.699538841808614161E-32 ) ) ;
#124 = ADVANCED_FACE ( 'NONE', ( #4323 ), #818, .T. ) ;
#125 = ORIENTED_EDGE ( 'NONE', *, *, #5508, .T. ) ;
#126 = DIRECTION ( 'NONE',  ( 1.000000000000000000, 0.000000000000000000, 0.000000000000000000 ) ) ;
#127 = EDGE_CURVE ( 'NONE', #6399, #1392, #6422, .T. ) ;
#128 = CARTESIAN_POINT ( 'NONE',  ( 7.489419888841365669, -1.914530475559316658, 0.6356540234347521912 ) ) ;
#129 = FACE_OUTER_BOUND ( 'NONE', #6406, .T. ) ;
#130 = CARTESIAN_POINT ( 'NONE',  ( -7.404120774953945272, -2.281666666666666288, 0.6969094187845410460 ) ) ;
#131 = EDGE_CURVE ( 'NONE', #1526, #5952, #4214, .T. ) ;
#132 = EDGE_CURVE ( 'NONE', #4094, #3034, #1330, .T. ) ;
#133 = EDGE_LOOP ( 'NONE', ( #237, #1479, #2624, #3491 ) ) ;
#134 = EDGE_LOOP ( 'NONE', ( #1113, #4959, #4897, #6597 ) ) ;
#135 = CARTESIAN_POINT ( 'NONE',  ( 8.740000000000001990, -1.166666666666666519, 2.000000000000000444 ) ) ;
#136 = APPLICATION_PROTOCOL_DEFINITION ( 'draft international standard', 'automotive_design', 1998, #6169 ) ;
#137 = PLANE ( 'NONE',  #1545 ) ;
#138 = DIRECTION ( 'NONE',  ( 1.000000000000000000, 0.000000000000000000, 0.000000000000000000 ) ) ;
#139 = DIRECTION ( 'NONE',  ( 1.000000000000000000, 0.000000000000000000, 0.000000000000000000 ) ) ;
#140 = ORIENTED_EDGE ( 'NONE', *, *, #3615, .T. ) ;
#141 = ORIENTED_EDGE ( 'NONE', *, *, #6570, .T. ) ;
#142 = ORIENTED_EDGE ( 'NONE', *, *, #6759, .T. ) ;
#143 = ORIENTED_EDGE ( 'NONE', *, *, #127, .F. ) ;
#144 = CARTESIAN_POINT ( 'NONE',  ( -0.2583629230997752102, 1.270833333333334147, 0.06250000000000000000 ) ) ;
#145 = CARTESIAN_POINT ( 'NONE',  ( 7.541666666666668739, -1.950952170947207076, 0.6250000000000003331 ) ) ;
#146 = CARTESIAN_POINT ( 'NONE',  ( 2.143309522007199597, -1.895723400882491916, 2.474909938418821120 ) ) ;
#147 = PRODUCT_DEFINITION_SHAPE ( 'NONE', 'NONE',  #1432 ) ;
#148 = EDGE_CURVE ( 'NONE', #5647, #5876, #3456, .T. ) ;
#149 = VECTOR ( 'NONE', #5093, 100.0000000000000000 ) ;
#150 = VERTEX_POINT ( 'NONE', #4874 ) ;
#151 = DIRECTION ( 'NONE',  ( 0.000000000000000000, 0.000000000000000000, -1.000000000000000000 ) ) ;
#152 = EDGE_CURVE ( 'NONE', #5836, #1898, #496, .T. ) ;
#153 = FACE_OUTER_BOUND ( 'NONE', #4332, .T. ) ;
#154 = CARTESIAN_POINT ( 'NONE',  ( 7.394182168441271408, -2.031921334423705705, 0.5172570499250196407 ) ) ;
#155 = AXIS2_PLACEMENT_3D ( 'NONE', #4452, #2253, #4415 ) ;
#156 = CIRCLE ( 'NONE', #4872, 0.06250000000000000000 ) ;
#157 = DIRECTION ( 'NONE',  ( 0.9699099091877009249, 0.2434641001451878228, 1.369214253452975509E-18 ) ) ;
#158 = EDGE_CURVE ( 'NONE', #2380, #2174, #4361, .T. ) ;
#159 = VERTEX_POINT ( 'NONE', #750 ) ;
#160 = ADVANCED_FACE ( 'NONE', ( #239 ), #3236, .T. ) ;
#161 = CARTESIAN_POINT ( 'NONE',  ( -9.499999999999998224, -1.666666666666666297, 2.500000000000000000 ) ) ;
#162 = CIRCLE ( 'NONE', #6198, 0.1250000000000000000 ) ;
#163 = VECTOR ( 'NONE', #896, 100.0000000000000000 ) ;
#164 = DIRECTION ( 'NONE',  ( -0.000000000000000000, 0.000000000000000000, 1.000000000000000000 ) ) ;
#165 = EDGE_CURVE ( 'NONE', #5082, #1820, #4334, .T. ) ;
#166 = FACE_OUTER_BOUND ( 'NONE', #3271, .T. ) ;
#167 = CARTESIAN_POINT ( 'NONE',  ( -8.739999999999998437, -1.666666666666666297, 0.1250000000000001110 ) ) ;
#168 = VECTOR ( 'NONE', #2403, 100.0000000000000000 ) ;
#169 = DIRECTION ( 'NONE',  ( 0.9442831837397906991, -0.3291341199363030934, -1.310456165442828646E-16 ) ) ;
#170 = DIRECTION ( 'NONE',  ( -0.8325181863123949366, 0.5539977161136321326, 0.000000000000000000 ) ) ;
#171 = AXIS2_PLACEMENT_3D ( 'NONE', #2440, #3563, #2952 ) ;
#172 = ADVANCED_FACE ( 'NONE', ( #205 ), #5440, .T. ) ;
#173 = CIRCLE ( 'NONE', #3009, 0.6349999999999994538 ) ;
#174 = CARTESIAN_POINT ( 'NONE',  ( 8.740000000000001990, -1.166666666666666519, 2.375000000000000000 ) ) ;
#175 = CARTESIAN_POINT ( 'NONE',  ( -9.499999999999998224, -1.666666666666666297, 0.6250000000000005551 ) ) ;
#176 = CARTESIAN_POINT ( 'NONE',  ( 3.333333333333335258, -1.666666666666666963, 2.375000000000000000 ) ) ;
#177 = ORIENTED_EDGE ( 'NONE', *, *, #1068, .F. ) ;
#178 = AXIS2_PLACEMENT_3D ( 'NONE', #2792, #1242, #4379 ) ;
#179 = ORIENTED_EDGE ( 'NONE', *, *, #6330, .T. ) ;
#180 = EDGE_LOOP ( 'NONE', ( #188, #3338, #1186, #1114 ) ) ;
#181 = EDGE_LOOP ( 'NONE', ( #335, #5002, #6626, #5306 ) ) ;
#182 = FACE_OUTER_BOUND ( 'NONE', #382, .T. ) ;
#183 = AXIS2_PLACEMENT_3D ( 'NONE', #1585, #5685, #5716 ) ;
#184 = DIRECTION ( 'NONE',  ( 0.000000000000000000, 0.000000000000000000, -1.000000000000000000 ) ) ;
#185 = FACE_OUTER_BOUND ( 'NONE', #861, .T. ) ;
#186 = DIRECTION ( 'NONE',  ( 0.2434641001451878228, -0.9699099091877008139, 0.000000000000000000 ) ) ;
#187 = ORIENTED_EDGE ( 'NONE', *, *, #5124, .F. ) ;
#188 = ORIENTED_EDGE ( 'NONE', *, *, #152, .T. ) ;
#189 = ORIENTED_EDGE ( 'NONE', *, *, #1954, .T. ) ;
#190 = CARTESIAN_POINT ( 'NONE',  ( 6.833858235007964410, -1.836617925567662901, 1.062500000000000000 ) ) ;
#191 = CARTESIAN_POINT ( 'NONE',  ( 7.000000000000001776, -1.718582527600188925, 1.477589364147732010 ) ) ;
#192 = CARTESIAN_POINT ( 'NONE',  ( -7.528773209840164071, -2.302694278954124485, 1.875000000000000000 ) ) ;
#193 = CARTESIAN_POINT ( 'NONE',  ( -3.130379291100030770, -0.3400015541606994374, 0.06250000000000000000 ) ) ;
#194 = EDGE_LOOP ( 'NONE', ( #793, #2759, #3252, #1667, #6445 ) ) ;
#195 = FACE_OUTER_BOUND ( 'NONE', #3116, .T. ) ;
#196 = AXIS2_PLACEMENT_3D ( 'NONE', #2540, #955, #5535 ) ;
#197 = EDGE_CURVE ( 'NONE', #770, #5068, #3886, .T. ) ;
#198 = FACE_OUTER_BOUND ( 'NONE', #301, .T. ) ;
#199 = CARTESIAN_POINT ( 'NONE',  ( -5.843787586927575717, -2.281666666666665844, 0.1250000000000000000 ) ) ;
#200 = LINE ( 'NONE', #4285, #1179 ) ;
#201 = CARTESIAN_POINT ( 'NONE',  ( -2.478553173307071589, -1.464080485396389575, 2.375000000000000000 ) ) ;
#202 = CIRCLE ( 'NONE', #6465, 0.7599999999999995648 ) ;
#203 = EDGE_CURVE ( 'NONE', #2249, #1846, #2251, .T. ) ;
#204 = ORIENTED_EDGE ( 'NONE', *, *, #131, .T. ) ;
#205 = FACE_OUTER_BOUND ( 'NONE', #5201, .T. ) ;
#206 = AXIS2_PLACEMENT_3D ( 'NONE', #4161, #1001, #2587 ) ;
#207 = CARTESIAN_POINT ( 'NONE',  ( -7.435443773282013780, -2.282976365017503895, 1.826582829961510113 ) ) ;
#208 = DIRECTION ( 'NONE',  ( 0.000000000000000000, -1.000000000000000000, 0.000000000000000000 ) ) ;
#209 = CARTESIAN_POINT ( 'NONE',  ( 8.740000000000001990, -1.166666666666666519, 2.375000000000000000 ) ) ;
#210 = VERTEX_POINT ( 'NONE', #714 ) ;
#211 = ORIENTED_EDGE ( 'NONE', *, *, #5421, .T. ) ;
#212 = ORIENTED_EDGE ( 'NONE', *, *, #5285, .F. ) ;
#213 = AXIS2_PLACEMENT_3D ( 'NONE', #3524, #4098, #6699 ) ;
#214 = ORIENTED_EDGE ( 'NONE', *, *, #2399, .T. ) ;
#215 = AXIS2_PLACEMENT_3D ( 'NONE', #1678, #2228, #4843 ) ;
#216 = DIRECTION ( 'NONE',  ( -0.8325181863123949366, 0.5539977161136321326, 0.000000000000000000 ) ) ;
#217 = DIRECTION ( 'NONE',  ( 0.9435497843495181947, 0.3312307420122378998, 0.000000000000000000 ) ) ;
#218 = EDGE_CURVE ( 'NONE', #3517, #5630, #4885, .T. ) ;
#219 = CIRCLE ( 'NONE', #6036, 0.7599999999999995648 ) ;
#220 = DIRECTION ( 'NONE',  ( 1.387778780781445922E-16, 0.000000000000000000, 1.000000000000000000 ) ) ;
#221 = ORIENTED_EDGE ( 'NONE', *, *, #718, .F. ) ;
#222 = EDGE_CURVE ( 'NONE', #2286, #987, #5000, .T. ) ;
#223 = EDGE_CURVE ( 'NONE', #1680, #4923, #1781, .T. ) ;
#224 = ORIENTED_EDGE ( 'NONE', *, *, #5500, .F. ) ;
#225 = VERTEX_POINT ( 'NONE', #786 ) ;
#226 = DIRECTION ( 'NONE',  ( -1.000000000000000000, 0.000000000000000000, 0.000000000000000000 ) ) ;
#227 = VECTOR ( 'NONE', #1098, 100.0000000000000000 ) ;
#228 = PLANE ( 'NONE',  #1740 ) ;
#229 = DIRECTION ( 'NONE',  ( -1.000000000000000000, 0.000000000000000000, 0.000000000000000000 ) ) ;
#230 = DIRECTION ( 'NONE',  ( -0.000000000000000000, 0.000000000000000000, 1.000000000000000000 ) ) ;
#231 = LINE ( 'NONE', #6490, #1709 ) ;
#232 = EDGE_CURVE ( 'NONE', #4956, #655, #3532, .T. ) ;
#233 = DIRECTION ( 'NONE',  ( -0.9616986708114012572, 0.2741088589585974344, 0.000000000000000000 ) ) ;
#234 = CYLINDRICAL_SURFACE ( 'NONE', #2736, 0.06250000000000001388 ) ;
#235 = DIRECTION ( 'NONE',  ( 0.000000000000000000, -0.000000000000000000, -1.000000000000000000 ) ) ;
#236 = CARTESIAN_POINT ( 'NONE',  ( -7.467542313843283708, -2.420911832376147821, 1.995829523982120213 ) ) ;
#237 = ORIENTED_EDGE ( 'NONE', *, *, #240, .F. ) ;
#238 = EDGE_CURVE ( 'NONE', #4788, #26, #3427, .T. ) ;
#239 = FACE_OUTER_BOUND ( 'NONE', #4509, .T. ) ;
#240 = EDGE_CURVE ( 'NONE', #6714, #357, #4571, .T. ) ;
#241 = DIRECTION ( 'NONE',  ( -0.9435497843495235237, -0.3312307420122229673, -1.185453194057059198E-14 ) ) ;
#242 = DIRECTION ( 'NONE',  ( -0.000000000000000000, 0.000000000000000000, 1.000000000000000000 ) ) ;
#243 = CARTESIAN_POINT ( 'NONE',  ( 8.105000000000002203, -1.166666666666666519, 0.5000000000000005551 ) ) ;
#244 = EDGE_LOOP ( 'NONE', ( #589, #2895, #6023, #2521, #6802, #1008, #1758, #4819, #4144 ) ) ;
#245 = EDGE_LOOP ( 'NONE', ( #2455, #3432, #5176, #1067, #3070, #4304, #119 ) ) ;
#246 = VERTEX_POINT ( 'NONE', #2026 ) ;
#247 = DIRECTION ( 'NONE',  ( 0.000000000000000000, 0.000000000000000000, 1.000000000000000000 ) ) ;
#248 = EDGE_CURVE ( 'NONE', #4839, #6433, #599, .T. ) ;
#249 = DIRECTION ( 'NONE',  ( -1.000000000000000000, 0.000000000000000000, 0.000000000000000000 ) ) ;
#250 = CARTESIAN_POINT ( 'NONE',  ( -7.325638409938441065, -2.406666666666665844, 0.5969094187845405131 ) ) ;
#251 = DIRECTION ( 'NONE',  ( -0.000000000000000000, -0.000000000000000000, -1.000000000000000000 ) ) ;
#252 = EDGE_CURVE ( 'NONE', #2523, #2855, #1963, .T. ) ;
#253 = EDGE_LOOP ( 'NONE', ( #1828, #4462, #3059, #4850, #2025, #1908, #5961, #2326, #3435, #5311, #2592, #4624, #14, #1463, #891, #2606, #2720, #5887, #5770, #1594, #2818, #5803, #2514 ) ) ;
#254 = ORIENTED_EDGE ( 'NONE', *, *, #4283, .F. ) ;
#255 = EDGE_CURVE ( 'NONE', #3110, #1150, #1926, .T. ) ;
#256 = VERTEX_POINT ( 'NONE', #6710 ) ;
#257 = CARTESIAN_POINT ( 'NONE',  ( -8.739999999999998437, -1.666666666666666297, 2.375000000000000000 ) ) ;
#258 = EDGE_CURVE ( 'NONE', #686, #3172, #4112, .T. ) ;
#259 = CARTESIAN_POINT ( 'NONE',  ( 7.050000000000002487, -1.753437974102241670, 1.537500000000000089 ) ) ;
#260 = CARTESIAN_POINT ( 'NONE',  ( 7.488930563230393744, 0.5684793640706929940, 1.978691953117281077 ) ) ;
#261 = DIRECTION ( 'NONE',  ( 1.000000000000000000, -2.775557561562888984E-15, 0.000000000000000000 ) ) ;
#262 = ORIENTED_EDGE ( 'NONE', *, *, #3989, .T. ) ;
#263 = CARTESIAN_POINT ( 'NONE',  ( -0.1333629230997752102, 1.395833333333334147, 0.000000000000000000 ) ) ;
#264 = CIRCLE ( 'NONE', #2131, 0.1250000000000001110 ) ;
#265 = DIRECTION ( 'NONE',  ( 1.000000000000000000, 0.000000000000000000, 0.000000000000000000 ) ) ;
#266 = LINE ( 'NONE', #2263, #1865 ) ;
#267 = DIRECTION ( 'NONE',  ( 0.000000000000000000, 1.000000000000000000, 0.000000000000000000 ) ) ;
#268 = DIRECTION ( 'NONE',  ( -0.9616986708114012572, 0.2741088589585974344, 0.000000000000000000 ) ) ;
#269 = MECHANICAL_DESIGN_GEOMETRIC_PRESENTATION_REPRESENTATION (  '', ( #4990 ), #3559 ) ;
#270 = EDGE_LOOP ( 'NONE', ( #4321, #2577 ) ) ;
#271 = TOROIDAL_SURFACE ( 'NONE', #5975, 0.7599999999999995648, 0.1250000000000000000 ) ;
#272 = EDGE_CURVE ( 'NONE', #414, #59, #1044, .T. ) ;
#273 = TOROIDAL_SURFACE ( 'NONE', #2035, 1.125000000000000000, 0.1250000000000000000 ) ;
#274 = VECTOR ( 'NONE', #5127, 100.0000000000000000 ) ;
#275 = FACE_OUTER_BOUND ( 'NONE', #4860, .T. ) ;
#276 = DIRECTION ( 'NONE',  ( -0.000000000000000000, 0.000000000000000000, 1.000000000000000000 ) ) ;
#277 = AXIS2_PLACEMENT_3D ( 'NONE', #1941, #2857, #4473 ) ;
#278 = FACE_OUTER_BOUND ( 'NONE', #2176, .T. ) ;
#279 = ORIENTED_EDGE ( 'NONE', *, *, #1175, .F. ) ;
#280 = ORIENTED_EDGE ( 'NONE', *, *, #879, .F. ) ;
#281 = VECTOR ( 'NONE', #2330, 100.0000000000000000 ) ;
#282 = AXIS2_PLACEMENT_3D ( 'NONE', #2532, #2119, #5864 ) ;
#283 = ORIENTED_EDGE ( 'NONE', *, *, #3738, .F. ) ;
#284 = CARTESIAN_POINT ( 'NONE',  ( -1.724999999999993205, -0.4066666666666662877, 4.799999999999996270 ) ) ;
#285 = CARTESIAN_POINT ( 'NONE',  ( -5.843787586927575717, -1.406666666666666066, 2.500000000000000000 ) ) ;
#286 = FACE_OUTER_BOUND ( 'NONE', #134, .T. ) ;
#287 = EDGE_CURVE ( 'NONE', #6067, #2855, #3958, .T. ) ;
#288 = CYLINDRICAL_SURFACE ( 'NONE', #2812, 0.06250000000000005551 ) ;
#289 = FACE_OUTER_BOUND ( 'NONE', #4162, .T. ) ;
#290 = DIRECTION ( 'NONE',  ( 0.000000000000000000, -0.000000000000000000, -1.000000000000000000 ) ) ;
#291 = VERTEX_POINT ( 'NONE', #6634 ) ;
#292 = CIRCLE ( 'NONE', #3143, 0.6349999999999994538 ) ;
#293 = ORIENTED_EDGE ( 'NONE', *, *, #701, .T. ) ;
#294 = EDGE_CURVE ( 'NONE', #1150, #3517, #1766, .T. ) ;
#295 = VERTEX_POINT ( 'NONE', #5642 ) ;
#296 = CIRCLE ( 'NONE', #5241, 0.8750000000000001110 ) ;
#297 = CARTESIAN_POINT ( 'NONE',  ( -0.000000000000000000, 1.020833333333333925, 0.000000000000000000 ) ) ;
#298 = DIRECTION ( 'NONE',  ( -0.000000000000000000, 0.000000000000000000, 1.000000000000000000 ) ) ;
#299 = CARTESIAN_POINT ( 'NONE',  ( -7.297779489814402609, -3.406666666666666288, 2.375000000000000000 ) ) ;
#300 = AXIS2_PLACEMENT_3D ( 'NONE', #554, #2648, #653 ) ;
#301 = EDGE_LOOP ( 'NONE', ( #279, #2284, #5627, #6483 ) ) ;
#302 = DIRECTION ( 'NONE',  ( -0.9102497639190951784, 0.4140596180325143427, -1.149246303767986781E-15 ) ) ;
#303 = CYLINDRICAL_SURFACE ( 'NONE', #6423, 1.000000000000000222 ) ;
#304 = DIRECTION ( 'NONE',  ( 0.9699099091877008139, 0.2434641001451877396, 0.000000000000000000 ) ) ;
#305 = DIRECTION ( 'NONE',  ( -0.000000000000000000, 0.000000000000000000, 1.000000000000000000 ) ) ;
#306 = DIRECTION ( 'NONE',  ( 1.000000000000000000, 0.000000000000000000, -8.673617379884039170E-17 ) ) ;
#307 = VERTEX_POINT ( 'NONE', #4013 ) ;
#308 = CARTESIAN_POINT ( 'NONE',  ( 7.957322568362881654, 0.2180895838400100650, 1.875000000000000222 ) ) ;
#309 = VECTOR ( 'NONE', #711, 100.0000000000000000 ) ;
#310 = CARTESIAN_POINT ( 'NONE',  ( 0.000000000000000000, 1.833333333333333925, 2.375000000000000000 ) ) ;
#311 = CARTESIAN_POINT ( 'NONE',  ( 7.000000000000001776, -2.926666666666667194, 1.062500000000000000 ) ) ;
#312 = DIRECTION ( 'NONE',  ( -0.9699099091877008139, -0.2434641001451877396, -0.000000000000000000 ) ) ;
#313 = VECTOR ( 'NONE', #6304, 100.0000000000000142 ) ;
#314 = ORIENTED_EDGE ( 'NONE', *, *, #328, .F. ) ;
#315 = ORIENTED_EDGE ( 'NONE', *, *, #238, .T. ) ;
#316 = ORIENTED_EDGE ( 'NONE', *, *, #5644, .F. ) ;
#317 = VECTOR ( 'NONE', #802, 100.0000000000000000 ) ;
#318 = DIRECTION ( 'NONE',  ( 0.000000000000000000, -0.000000000000000000, -1.000000000000000000 ) ) ;
#319 = DIRECTION ( 'NONE',  ( -0.3312307420122379553, 0.9435497843495181947, 0.000000000000000000 ) ) ;
#320 = CARTESIAN_POINT ( 'NONE',  ( 8.740000000000001990, -1.166666666666666519, 2.000000000000000444 ) ) ;
#321 = CARTESIAN_POINT ( 'NONE',  ( -6.908742675414803358, 0.5933333333333337123, 2.500000000000000000 ) ) ;
#322 = DIRECTION ( 'NONE',  ( 0.000000000000000000, -0.000000000000000000, -1.000000000000000000 ) ) ;
#323 = CYLINDRICAL_SURFACE ( 'NONE', #95, 0.1250000000000000000 ) ;
#324 = EDGE_LOOP ( 'NONE', ( #6451, #1933, #3684, #2609 ) ) ;
#325 = AXIS2_PLACEMENT_3D ( 'NONE', #4865, #157, #4762 ) ;
#326 = EDGE_CURVE ( 'NONE', #3268, #2744, #6221, .T. ) ;
#327 = ORIENTED_EDGE ( 'NONE', *, *, #4920, .F. ) ;
#328 = EDGE_CURVE ( 'NONE', #6226, #3660, #5333, .T. ) ;
#329 = VERTEX_POINT ( 'NONE', #915 ) ;
#330 = CIRCLE ( 'NONE', #4163, 0.6349999999999994538 ) ;
#331 = CARTESIAN_POINT ( 'NONE',  ( 7.500524901674630485, -2.068987568914681052, 0.5000000000000003331 ) ) ;
#332 = CARTESIAN_POINT ( 'NONE',  ( -8.739999999999998437, -0.5316666666666662877, 1.875000000000000000 ) ) ;
#333 = FACE_OUTER_BOUND ( 'NONE', #1002, .T. ) ;
#334 = CIRCLE ( 'NONE', #2966, 0.1250000000000000555 ) ;
#335 = ORIENTED_EDGE ( 'NONE', *, *, #2222, .T. ) ;
#336 = PLANE ( 'NONE',  #5128 ) ;
#337 = FACE_OUTER_BOUND ( 'NONE', #658, .T. ) ;
#338 = CIRCLE ( 'NONE', #1877, 0.06250000000000005551 ) ;
#339 = LINE ( 'NONE', #6048, #3052 ) ;
#340 = FACE_OUTER_BOUND ( 'NONE', #620, .T. ) ;
#341 = EDGE_LOOP ( 'NONE', ( #4398, #1102, #5785, #5520 ) ) ;
#342 = DIRECTION ( 'NONE',  ( -0.000000000000000000, 0.000000000000000000, 1.000000000000000000 ) ) ;
#343 = EDGE_CURVE ( 'NONE', #6438, #6784, #6675, .T. ) ;
#344 = EDGE_CURVE ( 'NONE', #3907, #4788, #2371, .T. ) ;
#345 = CARTESIAN_POINT ( 'NONE',  ( 0.2315408876510614555, -0.7838001772875876627, 2.375000000000000000 ) ) ;
#346 = DIRECTION ( 'NONE',  ( 0.000000000000000000, 1.000000000000000000, -0.000000000000000000 ) ) ;
#347 = CARTESIAN_POINT ( 'NONE',  ( 6.926757452254066472, 0.8242038836759504328, 1.062500000000000000 ) ) ;
#348 = ORIENTED_EDGE ( 'NONE', *, *, #1859, .T. ) ;
#349 = ORIENTED_EDGE ( 'NONE', *, *, #2100, .F. ) ;
#350 = VERTEX_POINT ( 'NONE', #3465 ) ;
#351 = CARTESIAN_POINT ( 'NONE',  ( 4.491576537518830570, 0.8333333333333340365, 2.375000000000000000 ) ) ;
#352 = CARTESIAN_POINT ( 'NONE',  ( 8.105000000000002203, -1.166666666666666519, 2.500000000000000000 ) ) ;
#353 = LINE ( 'NONE', #6295, #6263 ) ;
#354 = CARTESIAN_POINT ( 'NONE',  ( 7.350524901674631018, -2.016704399161601824, 0.5500000000000002665 ) ) ;
#355 = SURFACE_STYLE_FILL_AREA ( #5073 ) ;
#356 = DIRECTION ( 'NONE',  ( -0.000000000000000000, 0.000000000000000000, 1.000000000000000000 ) ) ;
#357 = VERTEX_POINT ( 'NONE', #5675 ) ;
#358 = ORIENTED_EDGE ( 'NONE', *, *, #5830, .T. ) ;
#359 = VERTEX_POINT ( 'NONE', #5575 ) ;
#360 = CYLINDRICAL_SURFACE ( 'NONE', #1293, 0.1250000000000001110 ) ;
#361 = EDGE_CURVE ( 'NONE', #4830, #5218, #3022, .T. ) ;
#362 = CYLINDRICAL_SURFACE ( 'NONE', #3506, 0.1249999999999999029 ) ;
#363 = ADVANCED_FACE ( 'NONE', ( #373 ), #5704, .T. ) ;
#364 = ORIENTED_EDGE ( 'NONE', *, *, #4393, .T. ) ;
#365 = DIRECTION ( 'NONE',  ( -1.000000000000000000, 0.000000000000000000, 0.000000000000000000 ) ) ;
#366 = CARTESIAN_POINT ( 'NONE',  ( 3.621318091057666777, 2.327801043024705141, -0.9165795208973009922 ) ) ;
#367 = CARTESIAN_POINT ( 'NONE',  ( 7.957322568362881654, 0.2180895838400100650, 1.875000000000000222 ) ) ;
#368 = DIRECTION ( 'NONE',  ( -1.000000000000000000, 0.000000000000000000, 1.365923996832132842E-16 ) ) ;
#369 = EDGE_CURVE ( 'NONE', #5082, #4330, #716, .T. ) ;
#370 = CARTESIAN_POINT ( 'NONE',  ( 4.991637076900224734, 1.020833333333334147, 0.000000000000000000 ) ) ;
#371 = EDGE_CURVE ( 'NONE', #3050, #3234, #4206, .T. ) ;
#372 = ORIENTED_EDGE ( 'NONE', *, *, #3296, .T. ) ;
#373 = FACE_OUTER_BOUND ( 'NONE', #5177, .T. ) ;
#374 = EDGE_CURVE ( 'NONE', #2113, #4693, #1260, .T. ) ;
#375 = VECTOR ( 'NONE', #1830, 100.0000000000000000 ) ;
#376 = DIRECTION ( 'NONE',  ( -0.5539977161136324657, -0.8325181863123948256, 0.000000000000000000 ) ) ;
#377 = CARTESIAN_POINT ( 'NONE',  ( 7.026757452254066116, 0.7787153118086229675, 0.8625000000000000444 ) ) ;
#378 = EDGE_LOOP ( 'NONE', ( #5094, #1541, #5187, #4290 ) ) ;
#379 = CIRCLE ( 'NONE', #4569, 0.1250000000000001110 ) ;
#380 = AXIS2_PLACEMENT_3D ( 'NONE', #5382, #626, #4300 ) ;
#381 = ORIENTED_EDGE ( 'NONE', *, *, #272, .T. ) ;
#382 = EDGE_LOOP ( 'NONE', ( #4184, #5386, #5723, #6273 ) ) ;
#383 = VECTOR ( 'NONE', #1309, 100.0000000000000000 ) ;
#384 = AXIS2_PLACEMENT_3D ( 'NONE', #4845, #5431, #2772 ) ;
#385 = DIRECTION ( 'NONE',  ( 1.000000000000000000, 1.734723475976807094E-16, 0.000000000000000000 ) ) ;
#386 = CARTESIAN_POINT ( 'NONE',  ( -6.908742675414803358, -0.4066666666666662877, 1.562930337491585275 ) ) ;
#387 = DIRECTION ( 'NONE',  ( 1.000000000000000000, 3.469446951953615767E-15, 0.000000000000000000 ) ) ;
#388 = DIRECTION ( 'NONE',  ( 0.000000000000000000, -0.000000000000000000, -1.000000000000000000 ) ) ;
#389 = ORIENTED_EDGE ( 'NONE', *, *, #2274, .T. ) ;
#390 = AXIS2_PLACEMENT_3D ( 'NONE', #1295, #4950, #2845 ) ;
#391 = CIRCLE ( 'NONE', #6656, 0.2500000000000002220 ) ;
#392 = ORIENTED_EDGE ( 'NONE', *, *, #6782, .F. ) ;
#393 = ORIENTED_EDGE ( 'NONE', *, *, #344, .T. ) ;
#394 = AXIS2_PLACEMENT_3D ( 'NONE', #1248, #4974, #640 ) ;
#395 = DIRECTION ( 'NONE',  ( 1.000000000000000000, 0.000000000000000000, 0.000000000000000000 ) ) ;
#396 = DIRECTION ( 'NONE',  ( 1.000000000000000000, 0.000000000000000000, 0.000000000000000000 ) ) ;
#397 = DIRECTION ( 'NONE',  ( 1.000000000000000000, -7.159176250063013806E-15, 0.000000000000000000 ) ) ;
#398 = AXIS2_PLACEMENT_3D ( 'NONE', #6075, #2461, #1915 ) ;
#399 = ORIENTED_EDGE ( 'NONE', *, *, #1787, .F. ) ;
#400 = DIRECTION ( 'NONE',  ( -0.000000000000000000, 0.000000000000000000, 1.000000000000000000 ) ) ;
#401 = DIRECTION ( 'NONE',  ( -1.000000000000000000, 0.000000000000000000, 0.000000000000000000 ) ) ;
#402 = LINE ( 'NONE', #6732, #3619 ) ;
#403 = AXIS2_PLACEMENT_3D ( 'NONE', #5902, #6281, #4240 ) ;
#404 = LINE ( 'NONE', #6147, #3707 ) ;
#405 = EDGE_LOOP ( 'NONE', ( #1167, #4765, #4958, #2088 ) ) ;
#406 = CARTESIAN_POINT ( 'NONE',  ( 0.000000000000000000, 1.708333333333333925, 2.500000000000000000 ) ) ;
#407 = EDGE_CURVE ( 'NONE', #2238, #2343, #3461, .T. ) ;
#408 = CARTESIAN_POINT ( 'NONE',  ( 7.487081385687371693, 0.5693205285263039928, 1.982742950074980026 ) ) ;
#409 = LINE ( 'NONE', #3024, #6429 ) ;
#410 = FACE_OUTER_BOUND ( 'NONE', #2393, .T. ) ;
#411 = ORIENTED_EDGE ( 'NONE', *, *, #3862, .F. ) ;
#412 = EDGE_CURVE ( 'NONE', #359, #4261, #1149, .T. ) ;
#413 = AXIS2_PLACEMENT_3D ( 'NONE', #5396, #5464, #1677 ) ;
#414 = VERTEX_POINT ( 'NONE', #3219 ) ;
#415 = CARTESIAN_POINT ( 'NONE',  ( -8.739999999999998437, -1.666666666666666297, 0.5000000000000004441 ) ) ;
#416 = AXIS2_PLACEMENT_3D ( 'NONE', #6341, #5310, #1598 ) ;
#417 = DIRECTION ( 'NONE',  ( 1.000000000000000000, 0.000000000000000000, 0.000000000000000000 ) ) ;
#418 = DIRECTION ( 'NONE',  ( -0.3281418111986834640, 0.9446284728628751015, 0.000000000000000000 ) ) ;
#419 = CARTESIAN_POINT ( 'NONE',  ( 0.000000000000000000, 1.083333333333334147, 0.06250000000000000000 ) ) ;
#420 = ORIENTED_EDGE ( 'NONE', *, *, #1288, .T. ) ;
#421 = EDGE_CURVE ( 'NONE', #1875, #1264, #5290, .T. ) ;
#422 = ORIENTED_EDGE ( 'NONE', *, *, #4437, .F. ) ;
#423 = AXIS2_PLACEMENT_3D ( 'NONE', #1006, #493, #1952 ) ;
#424 = EDGE_LOOP ( 'NONE', ( #5701, #1229, #2489, #3199 ) ) ;
#425 = ADVANCED_FACE ( 'NONE', ( #4281 ), #989, .F. ) ;
#426 = FACE_BOUND ( 'NONE', #2652, .T. ) ;
#427 = EDGE_CURVE ( 'NONE', #50, #771, #4245, .T. ) ;
#428 = CARTESIAN_POINT ( 'NONE',  ( 6.926757452254066472, 0.8242038836759507658, 1.062500000000000000 ) ) ;
#429 = CIRCLE ( 'NONE', #1296, 0.1250000000000000833 ) ;
#430 = ADVANCED_FACE ( 'NONE', ( #6286 ), #5883, .T. ) ;
#431 = FACE_OUTER_BOUND ( 'NONE', #1659, .T. ) ;
#432 = ORIENTED_EDGE ( 'NONE', *, *, #4437, .T. ) ;
#433 = CARTESIAN_POINT ( 'NONE',  ( -7.466666666666665897, -2.285591201756871804, 1.849999999999999645 ) ) ;
#434 = CIRCLE ( 'NONE', #5163, 1.260000000000000009 ) ;
#435 = FACE_OUTER_BOUND ( 'NONE', #2340, .T. ) ;
#436 = CARTESIAN_POINT ( 'NONE',  ( -7.124999999999999112, -0.5316666666666663987, 1.062500000000000000 ) ) ;
#437 = DIRECTION ( 'NONE',  ( 0.2741088589585976010, 0.9616986708114011462, 0.000000000000000000 ) ) ;
#438 = AXIS2_PLACEMENT_3D ( 'NONE', #2244, #2320, #2888 ) ;
#439 = VERTEX_POINT ( 'NONE', #6777 ) ;
#440 = ORIENTED_EDGE ( 'NONE', *, *, #2564, .F. ) ;
#441 = CARTESIAN_POINT ( 'NONE',  ( 4.481633776318465046, -2.177379293285223394, 0.09228605902190865906 ) ) ;
#442 = CIRCLE ( 'NONE', #6602, 0.06249999999999999306 ) ;
#443 = DIRECTION ( 'NONE',  ( -0.000000000000000000, -1.000000000000000000, -0.000000000000000000 ) ) ;
#444 = CARTESIAN_POINT ( 'NONE',  ( 0.000000000000000000, 1.395833333333334147, 2.500000000000000000 ) ) ;
#445 = ORIENTED_EDGE ( 'NONE', *, *, #4179, .F. ) ;
#446 = EDGE_CURVE ( 'NONE', #1101, #6085, #4568, .T. ) ;
#447 = ORIENTED_EDGE ( 'NONE', *, *, #2843, .F. ) ;
#448 = EDGE_CURVE ( 'NONE', #1412, #2335, #826, .T. ) ;
#449 = CARTESIAN_POINT ( 'NONE',  ( -7.016871337707401679, -0.5316666666666667318, 1.500215168745793193 ) ) ;
#450 =( BOUNDED_CURVE ( )  B_SPLINE_CURVE ( 3, ( #2548, #1029, #3064, #6791 ),
 .UNSPECIFIED., .F., .F. ) 
 B_SPLINE_CURVE_WITH_KNOTS ( ( 4, 4 ),
 ( 5.355890089177972158, 6.283185307179586232 ),
 .UNSPECIFIED. ) 
 CURVE ( )  GEOMETRIC_REPRESENTATION_ITEM ( )  RATIONAL_B_SPLINE_CURVE ( ( 1.000000000000000000, 0.9296181273332769779, 0.9296181273332769779, 1.000000000000000000 ) ) 
 REPRESENTATION_ITEM ( '' )  );
#451 = CARTESIAN_POINT ( 'NONE',  ( 4.484645310706724786, -2.178604876567602489, 2.375000000000000000 ) ) ;
#452 = CARTESIAN_POINT ( 'NONE',  ( 7.528259301331237552, 0.4193631554361118563, 0.6250000000000000000 ) ) ;
#453 = CARTESIAN_POINT ( 'NONE',  ( -3.067879291100030770, -0.3400015541606994374, 0.06250000000000000000 ) ) ;
#454 = FACE_OUTER_BOUND ( 'NONE', #4674, .T. ) ;
#455 = ORIENTED_EDGE ( 'NONE', *, *, #6272, .T. ) ;
#456 = ORIENTED_EDGE ( 'NONE', *, *, #1367, .F. ) ;
#457 = TOROIDAL_SURFACE ( 'NONE', #892, 1.134999999999999787, 0.1250000000000000000 ) ;
#458 = ORIENTED_EDGE ( 'NONE', *, *, #2308, .T. ) ;
#459 = EDGE_CURVE ( 'NONE', #2202, #6022, #1016, .T. ) ;
#460 = FACE_OUTER_BOUND ( 'NONE', #3329, .T. ) ;
#461 = FACE_OUTER_BOUND ( 'NONE', #194, .T. ) ;
#462 = DIRECTION ( 'NONE',  ( -0.000000000000000000, -0.000000000000000000, -1.000000000000000000 ) ) ;
#463 = EDGE_CURVE ( 'NONE', #6337, #5592, #5005, .T. ) ;
#464 = ORIENTED_EDGE ( 'NONE', *, *, #252, .F. ) ;
#465 = CARTESIAN_POINT ( 'NONE',  ( 4.093333333333335489, -1.666666666666666963, 2.500000000000000000 ) ) ;
#466 = LINE ( 'NONE', #6805, #5225 ) ;
#467 = CARTESIAN_POINT ( 'NONE',  ( -7.297779489814402609, -2.281666666666666288, 0.6204153826391974880 ) ) ;
#468 = CARTESIAN_POINT ( 'NONE',  ( 7.541666666666668739, -1.950952170947207742, 0.4999999999999999445 ) ) ;
#469 = ORIENTED_EDGE ( 'NONE', *, *, #2051, .F. ) ;
#470 = VERTEX_POINT ( 'NONE', #4767 ) ;
#471 = ORIENTED_EDGE ( 'NONE', *, *, #2091, .T. ) ;
#472 = CARTESIAN_POINT ( 'NONE',  ( 0.000000000000000000, 1.833333333333333925, 2.500000000000000000 ) ) ;
#473 = DIRECTION ( 'NONE',  ( -0.000000000000000000, -0.000000000000000000, -1.000000000000000000 ) ) ;
#474 = CARTESIAN_POINT ( 'NONE',  ( -7.016871337707400791, -0.5316666666666663987, 0.9997848312542079174 ) ) ;
#475 = DIRECTION ( 'NONE',  ( 0.000000000000000000, 0.000000000000000000, 1.000000000000000000 ) ) ;
#476 = ORIENTED_EDGE ( 'NONE', *, *, #3553, .T. ) ;
#477 = AXIS2_PLACEMENT_3D ( 'NONE', #830, #1304, #2991 ) ;
#478 = ORIENTED_EDGE ( 'NONE', *, *, #6737, .T. ) ;
#479 = DIRECTION ( 'NONE',  ( 1.000000000000000000, 0.000000000000000000, -1.365923996832132842E-16 ) ) ;
#480 = AXIS2_PLACEMENT_3D ( 'NONE', #6408, #6556, #4307 ) ;
#481 = AXIS2_PLACEMENT_3D ( 'NONE', #6225, #992, #3091 ) ;
#482 = CARTESIAN_POINT ( 'NONE',  ( 6.999699173675634434, -1.894422525223497633, 1.042751995530152520 ) ) ;
#483 = CARTESIAN_POINT ( 'NONE',  ( 9.500000000000001776, -1.166666666666666519, 0.1250000000000001110 ) ) ;
#484 = CARTESIAN_POINT ( 'NONE',  ( -6.908742675414803358, -0.5316666666666662877, 2.375000000000000000 ) ) ;
#485 = CARTESIAN_POINT ( 'NONE',  ( -1.494853308428508498, -0.7124252704789461044, 2.375000000000000000 ) ) ;
#486 = ORIENTED_EDGE ( 'NONE', *, *, #6519, .T. ) ;
#487 = ORIENTED_EDGE ( 'NONE', *, *, #5458, .F. ) ;
#488 = AXIS2_PLACEMENT_3D ( 'NONE', #2860, #3275, #4890 ) ;
#489 = VECTOR ( 'NONE', #1270, 100.0000000000000000 ) ;
#490 = ORIENTED_EDGE ( 'NONE', *, *, #6814, .F. ) ;
#491 =( BOUNDED_CURVE ( )  B_SPLINE_CURVE ( 3, ( #5565, #2457, #6663, #1953 ),
 .UNSPECIFIED., .F., .F. ) 
 B_SPLINE_CURVE_WITH_KNOTS ( ( 4, 4 ),
 ( 5.355890089177975710, 6.283185307179586232 ),
 .UNSPECIFIED. ) 
 CURVE ( )  GEOMETRIC_REPRESENTATION_ITEM ( )  RATIONAL_B_SPLINE_CURVE ( ( 1.000000000000000000, 0.9296181273332774220, 0.9296181273332774220, 1.000000000000000000 ) ) 
 REPRESENTATION_ITEM ( '' )  );
#492 = EDGE_CURVE ( 'NONE', #5702, #2278, #4147, .T. ) ;
#493 = DIRECTION ( 'NONE',  ( 0.000000000000000000, -0.000000000000000000, 1.000000000000000000 ) ) ;
#494 = DIRECTION ( 'NONE',  ( 1.000000000000000000, 0.000000000000000000, 0.000000000000000000 ) ) ;
#495 = VECTOR ( 'NONE', #1687, 100.0000000000000000 ) ;
#496 = CIRCLE ( 'NONE', #2794, 0.1250000000000001110 ) ;
#497 = DIRECTION ( 'NONE',  ( -0.9659258262890680902, 0.2588190451025211836, 0.000000000000000000 ) ) ;
#498 = CIRCLE ( 'NONE', #3244, 0.7599999999999995648 ) ;
#499 = ADVANCED_FACE ( 'NONE', ( #3598 ), #5190, .T. ) ;
#500 = ORIENTED_EDGE ( 'NONE', *, *, #4109, .F. ) ;
#501 = DIRECTION ( 'NONE',  ( -0.9616986708114010352, 0.2741088589585981006, 0.000000000000000000 ) ) ;
#502 = AXIS2_PLACEMENT_3D ( 'NONE', #6520, #6415, #2294 ) ;
#503 = VECTOR ( 'NONE', #4267, 100.0000000000000000 ) ;
#504 = VECTOR ( 'NONE', #3911, 100.0000000000000000 ) ;
#505 = CARTESIAN_POINT ( 'NONE',  ( -0.2583629230997752102, 0.000000000000000000, 2.437500000000000000 ) ) ;
#506 = DIRECTION ( 'NONE',  ( -0.9616986708114024784, 0.2741088589585927715, 0.000000000000000000 ) ) ;
#507 = DIRECTION ( 'NONE',  ( 1.000000000000000000, 0.000000000000000000, 0.000000000000000000 ) ) ;
#508 = ORIENTED_EDGE ( 'NONE', *, *, #5833, .F. ) ;
#509 = EDGE_LOOP ( 'NONE', ( #3211, #476, #3519, #556 ) ) ;
#510 = ORIENTED_EDGE ( 'NONE', *, *, #791, .F. ) ;
#511 = DIRECTION ( 'NONE',  ( 0.3312307420122337365, -0.9435497843495196379, 0.000000000000000000 ) ) ;
#512 = VECTOR ( 'NONE', #1870, 100.0000000000000000 ) ;
#513 = CARTESIAN_POINT ( 'NONE',  ( 7.500524901674632261, -2.068987568914681052, 0.6250000000000000000 ) ) ;
#514 = CARTESIAN_POINT ( 'NONE',  ( -2.924999999999995826, -2.281666666666665400, -1.399999999999998579 ) ) ;
#515 = ORIENTED_EDGE ( 'NONE', *, *, #1852, .T. ) ;
#516 = CYLINDRICAL_SURFACE ( 'NONE', #6204, 0.06250000000000001388 ) ;
#517 = CARTESIAN_POINT ( 'NONE',  ( -7.459638313333699422, -2.416721237702664116, 0.6552712649997253225 ) ) ;
#518 = CARTESIAN_POINT ( 'NONE',  ( 6.877530562997079322, -1.851840110486109969, 0.9161383496470152377 ) ) ;
#519 = CARTESIAN_POINT ( 'NONE',  ( 7.526443615444050828, 0.5514152123547628737, 0.6184942153831083367 ) ) ;
#520 = CARTESIAN_POINT ( 'NONE',  ( -4.904533427573507964, -0.8303353963618763656, 0.000000000000000000 ) ) ;
#521 = CARTESIAN_POINT ( 'NONE',  ( -7.049999999999998934, -0.5316666666666662877, 0.9624999999999998002 ) ) ;
#522 = ORIENTED_EDGE ( 'NONE', *, *, #4611, .F. ) ;
#523 = ORIENTED_EDGE ( 'NONE', *, *, #2607, .F. ) ;
#524 = EDGE_LOOP ( 'NONE', ( #1180, #3922, #5043, #187 ) ) ;
#525 = AXIS2_PLACEMENT_3D ( 'NONE', #2575, #1, #4182 ) ;
#526 = DIRECTION ( 'NONE',  ( -0.7706021531734803531, 0.2685968212430489555, 0.5779516148801089326 ) ) ;
#527 = DIRECTION ( 'NONE',  ( -0.000000000000000000, 0.000000000000000000, 1.000000000000000000 ) ) ;
#528 = AXIS2_PLACEMENT_3D ( 'NONE', #2437, #3013, #1437 ) ;
#529 = EDGE_CURVE ( 'NONE', #4693, #5373, #1543, .T. ) ;
#530 = ORIENTED_EDGE ( 'NONE', *, *, #2314, .F. ) ;
#531 = FACE_OUTER_BOUND ( 'NONE', #2927, .T. ) ;
#532 = CIRCLE ( 'NONE', #2950, 0.1250000000000000833 ) ;
#533 = DIRECTION ( 'NONE',  ( -0.9616986708114019233, 0.2741088589585953805, 0.000000000000000000 ) ) ;
#534 = CARTESIAN_POINT ( 'NONE',  ( 2.573333333333335027, -1.666666666666666963, 2.375000000000000000 ) ) ;
#535 = DIRECTION ( 'NONE',  ( -0.000000000000000000, -0.000000000000000000, -1.000000000000000000 ) ) ;
#536 = ORIENTED_EDGE ( 'NONE', *, *, #2480, .F. ) ;
#537 = AXIS2_PLACEMENT_3D ( 'NONE', #4938, #6517, #4972 ) ;
#538 = ORIENTED_EDGE ( 'NONE', *, *, #6605, .T. ) ;
#539 = VERTEX_POINT ( 'NONE', #4707 ) ;
#540 = DIRECTION ( 'NONE',  ( -0.2588190451025212391, -0.9659258262890682012, 0.000000000000000000 ) ) ;
#541 = CARTESIAN_POINT ( 'NONE',  ( -7.466666666666665897, -0.4066666666666662877, 1.849999999999999645 ) ) ;
#542 = AXIS2_PLACEMENT_3D ( 'NONE', #2808, #4909, #2873 ) ;
#543 = EDGE_CURVE ( 'NONE', #6606, #1642, #6210, .T. ) ;
#544 = CARTESIAN_POINT ( 'NONE',  ( 2.573333333333335027, -1.666666666666666963, 0.1250000000000001110 ) ) ;
#545 = DIRECTION ( 'NONE',  ( 0.2741088589585976010, 0.9616986708114011462, 0.000000000000000000 ) ) ;
#546 = VERTEX_POINT ( 'NONE', #263 ) ;
#547 = CIRCLE ( 'NONE', #4053, 1.000000000000000222 ) ;
#548 = EDGE_CURVE ( 'NONE', #4580, #3110, #6446, .T. ) ;
#549 = ORIENTED_EDGE ( 'NONE', *, *, #952, .T. ) ;
#550 = CIRCLE ( 'NONE', #4620, 0.1250000000000000000 ) ;
#551 = EDGE_CURVE ( 'NONE', #3846, #3872, #4008, .T. ) ;
#552 = DIRECTION ( 'NONE',  ( 0.9442831837397912542, -0.3291341199363018721, 0.000000000000000000 ) ) ;
#553 = DIRECTION ( 'NONE',  ( -1.000000000000000000, 0.000000000000000000, 0.000000000000000000 ) ) ;
#554 = CARTESIAN_POINT ( 'NONE',  ( 9.033759616191366248, -0.07034085382857491187, 0.1250000000000001110 ) ) ;
#555 = DIRECTION ( 'NONE',  ( -0.000000000000000000, 0.000000000000000000, 1.000000000000000000 ) ) ;
#556 = ORIENTED_EDGE ( 'NONE', *, *, #845, .T. ) ;
#557 = ORIENTED_EDGE ( 'NONE', *, *, #4524, .F. ) ;
#558 = ORIENTED_EDGE ( 'NONE', *, *, #2170, .F. ) ;
#559 = FACE_OUTER_BOUND ( 'NONE', #253, .T. ) ;
#560 = FACE_OUTER_BOUND ( 'NONE', #3027, .T. ) ;
#561 = DIRECTION ( 'NONE',  ( -0.000000000000000000, -1.000000000000000000, -0.000000000000000000 ) ) ;
#562 = CIRCLE ( 'NONE', #4402, 0.06250000000000005551 ) ;
#563 = ORIENTED_EDGE ( 'NONE', *, *, #2148, .F. ) ;
#564 = DIRECTION ( 'NONE',  ( 0.9442831837397906991, -0.3291341199363030934, -0.000000000000000000 ) ) ;
#565 = ADVANCED_FACE ( 'NONE', ( #705 ), #4226, .T. ) ;
#566 = CARTESIAN_POINT ( 'NONE',  ( -8.015698991566083009, -2.540516224188789529, 2.000000000000000000 ) ) ;
#567 = DIRECTION ( 'NONE',  ( 1.224646799147353207E-16, 1.000000000000000000, 0.000000000000000000 ) ) ;
#568 = CARTESIAN_POINT ( 'NONE',  ( -2.478553173307071589, -1.464080485396389575, 0.1250000000000000000 ) ) ;
#569 = VERTEX_POINT ( 'NONE', #2738 ) ;
#570 = ADVANCED_FACE ( 'NONE', ( #195 ), #4840, .T. ) ;
#571 = ORIENTED_EDGE ( 'NONE', *, *, #1077, .T. ) ;
#572 = ORIENTED_EDGE ( 'NONE', *, *, #1156, .F. ) ;
#573 = DIRECTION ( 'NONE',  ( 0.9446284728628752125, 0.3281418111986835195, -0.000000000000000000 ) ) ;
#574 = EDGE_CURVE ( 'NONE', #1755, #1070, #1493, .T. ) ;
#575 = CARTESIAN_POINT ( 'NONE',  ( 9.875000000000001776, -1.166666666666666519, 1.875000000000000222 ) ) ;
#576 = CARTESIAN_POINT ( 'NONE',  ( 9.375000000000001776, -1.166666666666666519, 2.500000000000000000 ) ) ;
#577 = CARTESIAN_POINT ( 'NONE',  ( 4.093333333333335489, -1.666666666666666963, 2.375000000000000000 ) ) ;
#578 = ADVANCED_FACE ( 'NONE', ( #1674 ), #4386, .F. ) ;
#579 = ORIENTED_EDGE ( 'NONE', *, *, #2568, .F. ) ;
#580 = EDGE_CURVE ( 'NONE', #3118, #3469, #3288, .T. ) ;
#581 = ORIENTED_EDGE ( 'NONE', *, *, #369, .T. ) ;
#582 = ORIENTED_EDGE ( 'NONE', *, *, #427, .T. ) ;
#583 = CARTESIAN_POINT ( 'NONE',  ( 0.000000000000000000, 1.395833333333334147, 0.06250000000000000000 ) ) ;
#584 = CYLINDRICAL_SURFACE ( 'NONE', #4390, 0.1250000000000001110 ) ;
#585 = DIRECTION ( 'NONE',  ( 0.9616986708114011462, -0.2741088589585974900, 0.000000000000000000 ) ) ;
#586 = DIRECTION ( 'NONE',  ( 1.000000000000000000, 0.000000000000000000, 0.000000000000000000 ) ) ;
#587 = ORIENTED_EDGE ( 'NONE', *, *, #4076, .F. ) ;
#588 = EDGE_LOOP ( 'NONE', ( #5648, #5813, #6764, #3843 ) ) ;
#589 = ORIENTED_EDGE ( 'NONE', *, *, #4014, .T. ) ;
#590 = AXIS2_PLACEMENT_3D ( 'NONE', #3474, #5545, #863 ) ;
#591 = DIRECTION ( 'NONE',  ( 1.000000000000000000, 0.000000000000000000, 0.000000000000000000 ) ) ;
#592 = CARTESIAN_POINT ( 'NONE',  ( -7.541666666666666075, -0.4066666666666662877, 0.6250000000000003331 ) ) ;
#593 = CARTESIAN_POINT ( 'NONE',  ( -8.739999999999998437, -1.666666666666666297, 0.5000000000000004441 ) ) ;
#594 = AXIS2_PLACEMENT_3D ( 'NONE', #6128, #4515, #1871 ) ;
#595 = AXIS2_PLACEMENT_3D ( 'NONE', #1135, #1234, #3207 ) ;
#596 = ORIENTED_EDGE ( 'NONE', *, *, #3738, .T. ) ;
#597 = CYLINDRICAL_SURFACE ( 'NONE', #178, 0.6349999999999994538 ) ;
#598 = AXIS2_PLACEMENT_3D ( 'NONE', #4476, #3986, #3513 ) ;
#599 = CIRCLE ( 'NONE', #5329, 1.134999999999999787 ) ;
#600 = DIRECTION ( 'NONE',  ( -1.000000000000000000, 0.000000000000000000, 0.000000000000000000 ) ) ;
#601 = CARTESIAN_POINT ( 'NONE',  ( -0.1333629230997752102, 1.145833333333334147, 2.437500000000000000 ) ) ;
#602 = DIRECTION ( 'NONE',  ( 0.3291341199363027048, 0.9442831837397906991, 0.000000000000000000 ) ) ;
#603 = ORIENTED_EDGE ( 'NONE', *, *, #463, .F. ) ;
#604 = ORIENTED_EDGE ( 'NONE', *, *, #4660, .T. ) ;
#605 = AXIS2_PLACEMENT_3D ( 'NONE', #709, #2296, #6491 ) ;
#606 = DIRECTION ( 'NONE',  ( -0.000000000000000000, 0.000000000000000000, 1.000000000000000000 ) ) ;
#607 = CIRCLE ( 'NONE', #2809, 0.1250000000000001110 ) ;
#608 = DIRECTION ( 'NONE',  ( 0.000000000000000000, -0.000000000000000000, -1.000000000000000000 ) ) ;
#609 = DIRECTION ( 'NONE',  ( 1.000000000000000000, 0.000000000000000000, 0.000000000000000000 ) ) ;
#610 = ORIENTED_EDGE ( 'NONE', *, *, #5752, .T. ) ;
#611 = ORIENTED_EDGE ( 'NONE', *, *, #2298, .F. ) ;
#612 = EDGE_CURVE ( 'NONE', #1411, #2750, #3803, .T. ) ;
#613 = ORIENTED_EDGE ( 'NONE', *, *, #6650, .T. ) ;
#614 = AXIS2_PLACEMENT_3D ( 'NONE', #534, #567, #3249 ) ;
#615 = CARTESIAN_POINT ( 'NONE',  ( -6.999999999999999112, -0.5311605225423254861, 1.040379339409478021 ) ) ;
#616 = EDGE_CURVE ( 'NONE', #6242, #307, #231, .T. ) ;
#617 = CARTESIAN_POINT ( 'NONE',  ( 7.350524901674631018, -2.016704399161601824, 1.950000000000000622 ) ) ;
#618 = CARTESIAN_POINT ( 'NONE',  ( -4.863129584821977325, -0.9482791194055660844, 0.06250000000000000000 ) ) ;
#619 = CARTESIAN_POINT ( 'NONE',  ( 7.477391578435739206, -1.906145432962215391, 1.858043683826803072 ) ) ;
#620 = EDGE_LOOP ( 'NONE', ( #1404, #4538, #2230, #6100 ) ) ;
#621 = VECTOR ( 'NONE', #2207, 100.0000000000000000 ) ;
#622 = ORIENTED_EDGE ( 'NONE', *, *, #81, .F. ) ;
#623 = ORIENTED_EDGE ( 'NONE', *, *, #1800, .T. ) ;
#624 = ORIENTED_EDGE ( 'NONE', *, *, #1927, .F. ) ;
#625 = CARTESIAN_POINT ( 'NONE',  ( 3.968333333333335489, -1.666666666666666963, 0.1250000000000001110 ) ) ;
#626 = DIRECTION ( 'NONE',  ( -0.000000000000000000, -0.000000000000000000, -1.000000000000000000 ) ) ;
#627 = CARTESIAN_POINT ( 'NONE',  ( 0.1622911731368573973, -0.8878649505766370575, 0.1250000000000001110 ) ) ;
#628 = FACE_OUTER_BOUND ( 'NONE', #6469, .T. ) ;
#629 = ADVANCED_FACE ( 'NONE', ( #5938 ), #1220, .T. ) ;
#630 = AXIS2_PLACEMENT_3D ( 'NONE', #4642, #6742, #3566 ) ;
#631 = ADVANCED_FACE ( 'NONE', ( #780 ), #3253, .T. ) ;
#632 = VERTEX_POINT ( 'NONE', #2871 ) ;
#633 = DIRECTION ( 'NONE',  ( 0.000000000000000000, 0.000000000000000000, -1.000000000000000000 ) ) ;
#634 = EDGE_CURVE ( 'NONE', #6183, #2866, #3761, .T. ) ;
#635 = EDGE_CURVE ( 'NONE', #2202, #15, #5775, .T. ) ;
#636 = DIRECTION ( 'NONE',  ( -0.000000000000000000, 0.000000000000000000, 1.000000000000000000 ) ) ;
#637 = AXIS2_PLACEMENT_3D ( 'NONE', #4929, #290, #4891 ) ;
#638 = DIRECTION ( 'NONE',  ( 0.000000000000000000, -0.000000000000000000, 1.000000000000000000 ) ) ;
#639 = VERTEX_POINT ( 'NONE', #4867 ) ;
#640 = DIRECTION ( 'NONE',  ( 1.000000000000000000, 0.000000000000000000, 0.000000000000000000 ) ) ;
#641 = AXIS2_PLACEMENT_3D ( 'NONE', #4062, #1388, #3479 ) ;
#642 = CARTESIAN_POINT ( 'NONE',  ( 4.991637076900224734, 1.333333333333334147, 0.06250000000000000000 ) ) ;
#643 = CARTESIAN_POINT ( 'NONE',  ( 7.050000000000002487, 0.6649340913187362645, 1.537500000000000089 ) ) ;
#644 = CARTESIAN_POINT ( 'NONE',  ( -7.435434714836723913, -2.282975606396272727, 0.6734239638724561772 ) ) ;
#645 = CIRCLE ( 'NONE', #1194, 0.1250000000000001110 ) ;
#646 = ORIENTED_EDGE ( 'NONE', *, *, #1278, .T. ) ;
#647 = VERTEX_POINT ( 'NONE', #161 ) ;
#648 = DIRECTION ( 'NONE',  ( -0.000000000000000000, 0.000000000000000000, 1.000000000000000000 ) ) ;
#649 = AXIS2_PLACEMENT_3D ( 'NONE', #5637, #6215, #5185 ) ;
#650 = DIRECTION ( 'NONE',  ( -1.000000000000000000, 0.000000000000000000, 0.000000000000000000 ) ) ;
#651 = CARTESIAN_POINT ( 'NONE',  ( -7.431125843089662730, -2.412153575989474330, 1.823344382317515722 ) ) ;
#652 = EDGE_CURVE ( 'NONE', #3140, #1390, #6659, .T. ) ;
#653 = DIRECTION ( 'NONE',  ( -0.2588190451025207950, -0.9659258262890683122, 0.000000000000000000 ) ) ;
#654 = CARTESIAN_POINT ( 'NONE',  ( 5.116637076900224734, 1.145833333333334147, 0.06250000000000000000 ) ) ;
#655 = VERTEX_POINT ( 'NONE', #1434 ) ;
#656 = EDGE_CURVE ( 'NONE', #6642, #987, #1604, .T. ) ;
#657 = AXIS2_PLACEMENT_3D ( 'NONE', #436, #4105, #1920 ) ;
#658 = EDGE_LOOP ( 'NONE', ( #4797, #3434, #5831, #4070 ) ) ;
#659 = ORIENTED_EDGE ( 'NONE', *, *, #3075, .F. ) ;
#660 = VERTEX_POINT ( 'NONE', #1464 ) ;
#661 = CIRCLE ( 'NONE', #4278, 0.06250000000000000000 ) ;
#662 = DIRECTION ( 'NONE',  ( -0.5539977161136325767, -0.8325181863123947146, 0.000000000000000000 ) ) ;
#663 = CARTESIAN_POINT ( 'NONE',  ( -3.070273124174317747, -0.3571333578456117319, 0.06250000000000000000 ) ) ;
#664 = ADVANCED_FACE ( 'NONE', ( #882 ), #6322, .T. ) ;
#665 = CARTESIAN_POINT ( 'NONE',  ( -0.1333629230997752102, 1.145833333333334147, 2.500000000000000000 ) ) ;
#666 = LINE ( 'NONE', #5280, #5910 ) ;
#667 = ORIENTED_EDGE ( 'NONE', *, *, #4590, .T. ) ;
#668 = DIRECTION ( 'NONE',  ( -1.000000000000000000, 0.000000000000000000, 0.000000000000000000 ) ) ;
#669 = EDGE_CURVE ( 'NONE', #6372, #6758, #5015, .T. ) ;
#670 =( BOUNDED_SURFACE ( )  B_SPLINE_SURFACE ( 3, 2, ( 
 ( #2679, #4783, #683 ),
 ( #2776, #73, #5372 ),
 ( #2749, #2172, #4881 ),
 ( #1753, #4258, #6367 ),
 ( #721, #1657, #619 ),
 ( #106, #3326, #6468 ) ),
 .UNSPECIFIED., .F., .F., .F. ) 
 B_SPLINE_SURFACE_WITH_KNOTS ( ( 4, 2, 4 ),
 ( 3, 3 ),
 ( 1.570796326794896558, 1.892546881191538910, 2.214297435588181262 ),
 ( 0.000000000000000000, 1.000000000000000000 ),
 .UNSPECIFIED. ) 
 GEOMETRIC_REPRESENTATION_ITEM ( )  RATIONAL_B_SPLINE_SURFACE ( (
 ( 1.000000000000000000, 0.7071067811865475727, 1.000000000000000000),
 ( 1.000000000000000000, 0.6946298751054807985, 1.000000000000000000),
 ( 1.000000000000000000, 0.6818063578200342922, 1.000000000000000000),
 ( 1.000000000000000000, 0.6567889152424580823, 1.000000000000000000),
 ( 1.000000000000000000, 0.6445972216084369100, 1.000000000000000000),
 ( 1.000000000000000000, 0.6334506800210331079, 1.000000000000000000) ) ) 
 REPRESENTATION_ITEM ( '' )  SURFACE ( )  );
#671 = CARTESIAN_POINT ( 'NONE',  ( 7.541666666666668739, 0.4071655174038797398, 1.875000000000000000 ) ) ;
#672 = CYLINDRICAL_SURFACE ( 'NONE', #3251, 0.1250000000000001110 ) ;
#673 = CARTESIAN_POINT ( 'NONE',  ( 7.541666666666668739, -1.950952170947207076, 1.875000000000000222 ) ) ;
#674 = ADVANCED_FACE ( 'NONE', ( #2497 ), #2147, .T. ) ;
#675 = ORIENTED_EDGE ( 'NONE', *, *, #580, .F. ) ;
#676 = CARTESIAN_POINT ( 'NONE',  ( -0.2583629230997752102, 1.145833333333334147, 0.06250000000000000000 ) ) ;
#677 = CARTESIAN_POINT ( 'NONE',  ( 5.532877376020794991, -2.566981288130124383, 0.000000000000000000 ) ) ;
#678 = DIRECTION ( 'NONE',  ( -0.2741088589585974900, -0.9616986708114011462, -0.000000000000000000 ) ) ;
#679 = DIRECTION ( 'NONE',  ( -0.000000000000000000, -0.000000000000000000, -1.000000000000000000 ) ) ;
#680 = DIRECTION ( 'NONE',  ( -1.387778780781445922E-16, -0.000000000000000000, -1.000000000000000000 ) ) ;
#681 = CARTESIAN_POINT ( 'NONE',  ( -8.739999999999998437, -1.666666666666666297, 2.500000000000000000 ) ) ;
#682 = DIRECTION ( 'NONE',  ( 0.9442831837397908101, -0.3291341199363031489, 0.000000000000000000 ) ) ;
#683 = CARTESIAN_POINT ( 'NONE',  ( 7.541666666666668739, -1.950952170947206632, 1.875000000000000222 ) ) ;
#684 = ORIENTED_EDGE ( 'NONE', *, *, #6383, .T. ) ;
#685 = VERTEX_POINT ( 'NONE', #3044 ) ;
#686 = VERTEX_POINT ( 'NONE', #433 ) ;
#687 = ORIENTED_EDGE ( 'NONE', *, *, #3490, .T. ) ;
#688 = DIRECTION ( 'NONE',  ( -1.000000000000000000, 0.000000000000000000, 1.387778780781445922E-16 ) ) ;
#689 = DIRECTION ( 'NONE',  ( -0.8325181863123948256, 0.5539977161136321326, -0.000000000000000000 ) ) ;
#690 = CARTESIAN_POINT ( 'NONE',  ( -7.420916454120823680, -2.414007436648543337, 0.5216642486774699661 ) ) ;
#691 = FACE_OUTER_BOUND ( 'NONE', #4375, .T. ) ;
#692 = ORIENTED_EDGE ( 'NONE', *, *, #4027, .F. ) ;
#693 = EDGE_CURVE ( 'NONE', #1898, #2997, #1399, .T. ) ;
#694 = CIRCLE ( 'NONE', #1021, 0.1250000000000000278 ) ;
#695 = ORIENTED_EDGE ( 'NONE', *, *, #463, .T. ) ;
#696 = CARTESIAN_POINT ( 'NONE',  ( 9.375000000000001776, -1.166666666666666519, 2.500000000000000000 ) ) ;
#697 = CARTESIAN_POINT ( 'NONE',  ( -6.891217909776189643, -0.4065255346424846428, 1.522893847519659616 ) ) ;
#698 = CARTESIAN_POINT ( 'NONE',  ( 5.116637076900224734, 1.270833333333334147, 0.000000000000000000 ) ) ;
#699 = AXIS2_PLACEMENT_3D ( 'NONE', #2660, #5313, #89 ) ;
#700 = AXIS2_PLACEMENT_3D ( 'NONE', #4879, #6467, #5947 ) ;
#701 = EDGE_CURVE ( 'NONE', #6372, #3734, #6327, .T. ) ;
#702 = DIRECTION ( 'NONE',  ( 0.000000000000000000, 1.000000000000000000, -0.000000000000000000 ) ) ;
#703 = AXIS2_PLACEMENT_3D ( 'NONE', #3620, #5725, #5204 ) ;
#704 = ORIENTED_EDGE ( 'NONE', *, *, #1468, .T. ) ;
#705 = FACE_OUTER_BOUND ( 'NONE', #4368, .T. ) ;
#706 = CIRCLE ( 'NONE', #3340, 0.8750000000000001110 ) ;
#707 = CIRCLE ( 'NONE', #5214, 0.06250000000000000000 ) ;
#708 =( BOUNDED_CURVE ( )  B_SPLINE_CURVE ( 3, ( #3880, #1271, #3377, #5479 ),
 .UNSPECIFIED., .F., .F. ) 
 B_SPLINE_CURVE_WITH_KNOTS ( ( 4, 4 ),
 ( 0.000000000000000000, 0.9272952180016141854 ),
 .UNSPECIFIED. ) 
 CURVE ( )  GEOMETRIC_REPRESENTATION_ITEM ( )  RATIONAL_B_SPLINE_CURVE ( ( 1.000000000000000000, 0.9296181273332768669, 0.9296181273332768669, 1.000000000000000000 ) ) 
 REPRESENTATION_ITEM ( '' )  );
#709 = CARTESIAN_POINT ( 'NONE',  ( -8.739999999999998437, -1.666666666666666297, 0.1250000000000001110 ) ) ;
#710 = DIRECTION ( 'NONE',  ( 0.000000000000000000, 0.000000000000000000, -1.000000000000000000 ) ) ;
#711 = DIRECTION ( 'NONE',  ( -0.7517689932648531359, 0.3419689787775670453, 0.5638267449486386029 ) ) ;
#712 = DIRECTION ( 'NONE',  ( 0.000000000000000000, 0.000000000000000000, -1.000000000000000000 ) ) ;
#713 = CIRCLE ( 'NONE', #4563, 0.06250000000000000000 ) ;
#714 = CARTESIAN_POINT ( 'NONE',  ( 4.491576537518830570, 1.833333333333333925, 0.1250000000000000000 ) ) ;
#715 = EDGE_CURVE ( 'NONE', #5142, #724, #6435, .T. ) ;
#716 = CIRCLE ( 'NONE', #4893, 0.1250000000000002498 ) ;
#717 = CIRCLE ( 'NONE', #6639, 0.06250000000000000000 ) ;
#718 = EDGE_CURVE ( 'NONE', #3303, #2523, #1947, .T. ) ;
#719 = B_SPLINE_CURVE_WITH_KNOTS ( 'NONE', 3,
 ( #449, #6265, #3029, #4582, #4157, #4616 ),
 .UNSPECIFIED., .F., .F.,
 ( 4, 2, 4 ),
 ( 0.000000000000000000, 0.0003294077820959082038, 0.0006588155641918164076 ),
 .UNSPECIFIED. ) ;
#720 = DIRECTION ( 'NONE',  ( -1.734723475976807094E-16, 1.000000000000000000, -0.000000000000000000 ) ) ;
#721 = CARTESIAN_POINT ( 'NONE',  ( 7.371976089839325397, -2.024181306576401607, 1.966088391122718049 ) ) ;
#722 = ORIENTED_EDGE ( 'NONE', *, *, #4315, .T. ) ;
#723 = AXIS2_PLACEMENT_3D ( 'NONE', #1565, #5697, #6803 ) ;
#724 = VERTEX_POINT ( 'NONE', #4561 ) ;
#725 = ORIENTED_EDGE ( 'NONE', *, *, #6351, .F. ) ;
#726 = ORIENTED_EDGE ( 'NONE', *, *, #1627, .T. ) ;
#727 = DIRECTION ( 'NONE',  ( 0.9446284728628753236, 0.3281418111986830199, 0.000000000000000000 ) ) ;
#728 = CIRCLE ( 'NONE', #6222, 0.7599999999999995648 ) ;
#729 = CYLINDRICAL_SURFACE ( 'NONE', #6, 0.1250000000000000278 ) ;
#730 = DIRECTION ( 'NONE',  ( 0.000000000000000000, 0.000000000000000000, 1.000000000000000000 ) ) ;
#731 = CARTESIAN_POINT ( 'NONE',  ( 5.900805557594625661, -1.511398248755885909, 0.1250000000000001110 ) ) ;
#732 = ORIENTED_EDGE ( 'NONE', *, *, #3058, .T. ) ;
#733 = VERTEX_POINT ( 'NONE', #1993 ) ;
#734 = ORIENTED_EDGE ( 'NONE', *, *, #165, .F. ) ;
#735 = CARTESIAN_POINT ( 'NONE',  ( -3.130933422635561403, -0.6051529532171495696, 2.500000000000000000 ) ) ;
#736 = FACE_OUTER_BOUND ( 'NONE', #2557, .T. ) ;
#737 = CARTESIAN_POINT ( 'NONE',  ( -6.539583137816284975, -0.4693736986374010822, 0.1250000000000000000 ) ) ;
#738 = ADVANCED_FACE ( 'NONE', ( #6562 ), #6665, .T. ) ;
#739 = CARTESIAN_POINT ( 'NONE',  ( 6.875000000000001776, -1.718582527600188925, 1.062500000000000000 ) ) ;
#740 = CIRCLE ( 'NONE', #1406, 1.125000000000000000 ) ;
#741 = EDGE_CURVE ( 'NONE', #2174, #4164, #4573, .T. ) ;
#742 = DIRECTION ( 'NONE',  ( 0.7292219231207931474, 0.6842772733622035641, 0.000000000000000000 ) ) ;
#743 = CIRCLE ( 'NONE', #2506, 1.134999999999999787 ) ;
#744 = CARTESIAN_POINT ( 'NONE',  ( -6.999999999999999112, -0.5311605225217577164, 1.062500000000000000 ) ) ;
#745 = CARTESIAN_POINT ( 'NONE',  ( -8.739999999999998437, -1.666666666666666297, 2.000000000000000444 ) ) ;
#746 = DIRECTION ( 'NONE',  ( -1.000000000000000000, 0.000000000000000000, 0.000000000000000000 ) ) ;
#747 = CARTESIAN_POINT ( 'NONE',  ( -7.494028258160812861, -2.425792680031645165, 1.867974904510928846 ) ) ;
#748 = AXIS2_PLACEMENT_3D ( 'NONE', #4936, #1878, #3313 ) ;
#749 = EDGE_LOOP ( 'NONE', ( #4385, #1837, #3596, #5664 ) ) ;
#750 = CARTESIAN_POINT ( 'NONE',  ( -6.874999999999999112, -2.406666666666665844, 1.062500000000000000 ) ) ;
#751 = EDGE_CURVE ( 'NONE', #1820, #4216, #6044, .T. ) ;
#752 = VECTOR ( 'NONE', #3857, 100.0000000000000000 ) ;
#753 = DIRECTION ( 'NONE',  ( 1.000000000000000000, 0.000000000000000000, 0.000000000000000000 ) ) ;
#754 = DIRECTION ( 'NONE',  ( 0.000000000000000000, -1.000000000000000000, 0.000000000000000000 ) ) ;
#755 = DIRECTION ( 'NONE',  ( 1.000000000000000000, 0.000000000000000000, 0.000000000000000000 ) ) ;
#756 = ORIENTED_EDGE ( 'NONE', *, *, #4522, .F. ) ;
#757 = EDGE_CURVE ( 'NONE', #6089, #6576, #5234, .T. ) ;
#758 = ORIENTED_EDGE ( 'NONE', *, *, #2854, .T. ) ;
#759 = EDGE_CURVE ( 'NONE', #4054, #3612, #806, .T. ) ;
#760 = VERTEX_POINT ( 'NONE', #4489 ) ;
#761 = CIRCLE ( 'NONE', #1087, 1.124999999999999556 ) ;
#762 = ORIENTED_EDGE ( 'NONE', *, *, #3638, .F. ) ;
#763 = CARTESIAN_POINT ( 'NONE',  ( -0.1873286044384685767, -0.5050642339982946982, 0.000000000000000000 ) ) ;
#764 = CIRCLE ( 'NONE', #4387, 1.134999999999999787 ) ;
#765 = CARTESIAN_POINT ( 'NONE',  ( 2.698333333333335027, -1.666666666666666963, 2.375000000000000000 ) ) ;
#766 = FACE_OUTER_BOUND ( 'NONE', #978, .T. ) ;
#767 = CARTESIAN_POINT ( 'NONE',  ( -3.130379291100030770, -0.3400015541606994374, 2.437500000000000000 ) ) ;
#768 = AXIS2_PLACEMENT_3D ( 'NONE', #6492, #4389, #6455 ) ;
#769 = CARTESIAN_POINT ( 'NONE',  ( 7.488495300049987868, 0.4555393080364170677, 1.866371475037489791 ) ) ;
#770 = VERTEX_POINT ( 'NONE', #5115 ) ;
#771 = VERTEX_POINT ( 'NONE', #2944 ) ;
#772 = ORIENTED_EDGE ( 'NONE', *, *, #2345, .T. ) ;
#773 = DIRECTION ( 'NONE',  ( 0.9442831837397908101, -0.3291341199363031489, 0.000000000000000000 ) ) ;
#774 = AXIS2_PLACEMENT_3D ( 'NONE', #5099, #6231, #6617 ) ;
#775 = DIRECTION ( 'NONE',  ( -0.000000000000000000, -0.000000000000000000, -1.000000000000000000 ) ) ;
#776 = DIRECTION ( 'NONE',  ( -1.000000000000000000, 0.000000000000000000, 1.387778780781445922E-16 ) ) ;
#777 = CARTESIAN_POINT ( 'NONE',  ( 7.021836163994516156, -1.733804712518625335, 1.510680825176502262 ) ) ;
#778 = VERTEX_POINT ( 'NONE', #6667 ) ;
#779 = ADVANCED_FACE ( 'NONE', ( #5051 ), #336, .F. ) ;
#780 = FACE_OUTER_BOUND ( 'NONE', #1840, .T. ) ;
#781 = DIRECTION ( 'NONE',  ( 1.000000000000000000, 0.000000000000000000, 0.000000000000000000 ) ) ;
#782 = CARTESIAN_POINT ( 'NONE',  ( -8.739999999999998437, -0.5316666666666662877, 0.6250000000000003331 ) ) ;
#783 = DIRECTION ( 'NONE',  ( 1.000000000000000000, 8.374460495936770269E-16, 0.000000000000000000 ) ) ;
#784 = CARTESIAN_POINT ( 'NONE',  ( -6.908742675414803358, 0.5933333333333337123, 0.1250000000000001110 ) ) ;
#785 = ORIENTED_EDGE ( 'NONE', *, *, #5220, .T. ) ;
#786 = CARTESIAN_POINT ( 'NONE',  ( -10.00000000000000000, -1.666666666666666297, 2.375000000000000000 ) ) ;
#787 = EDGE_CURVE ( 'NONE', #6050, #733, #4125, .T. ) ;
#788 = CARTESIAN_POINT ( 'NONE',  ( 2.156857607674993460, -1.892348968427114420, 0.01577616413567675333 ) ) ;
#789 = CARTESIAN_POINT ( 'NONE',  ( -8.739999999999998437, -1.666666666666666297, 0.1250000000000001110 ) ) ;
#790 = ORIENTED_EDGE ( 'NONE', *, *, #4590, .F. ) ;
#791 = EDGE_CURVE ( 'NONE', #246, #6012, #836, .T. ) ;
#792 = ORIENTED_EDGE ( 'NONE', *, *, #3878, .F. ) ;
#793 = ORIENTED_EDGE ( 'NONE', *, *, #113, .T. ) ;
#794 = DIRECTION ( 'NONE',  ( -0.000000000000000000, -0.000000000000000000, -1.000000000000000000 ) ) ;
#795 = CYLINDRICAL_SURFACE ( 'NONE', #3342, 1.000000000000000222 ) ;
#796 = FACE_OUTER_BOUND ( 'NONE', #4824, .T. ) ;
#797 = DIRECTION ( 'NONE',  ( 0.000000000000000000, 0.000000000000000000, 1.000000000000000000 ) ) ;
#798 = DIRECTION ( 'NONE',  ( -1.040834085586084503E-16, -0.000000000000000000, -1.000000000000000000 ) ) ;
#799 = EDGE_LOOP ( 'NONE', ( #6122, #4063, #1949, #5506 ) ) ;
#800 = VERTEX_POINT ( 'NONE', #1633 ) ;
#801 = ORIENTED_EDGE ( 'NONE', *, *, #2269, .T. ) ;
#802 = DIRECTION ( 'NONE',  ( 0.000000000000000000, 0.000000000000000000, -1.000000000000000000 ) ) ;
#803 = FACE_OUTER_BOUND ( 'NONE', #6447, .T. ) ;
#804 = CARTESIAN_POINT ( 'NONE',  ( -3.171783133851561409, -0.2220578311170099683, 0.000000000000000000 ) ) ;
#805 = ORIENTED_EDGE ( 'NONE', *, *, #6003, .T. ) ;
#806 = LINE ( 'NONE', #2905, #1265 ) ;
#807 = CIRCLE ( 'NONE', #829, 0.1250000000000001110 ) ;
#808 = DIRECTION ( 'NONE',  ( -0.000000000000000000, -0.000000000000000000, -1.000000000000000000 ) ) ;
#809 = DIRECTION ( 'NONE',  ( -1.000000000000000000, 0.000000000000000000, 1.387778780781445922E-16 ) ) ;
#810 = CARTESIAN_POINT ( 'NONE',  ( 5.941947322586664804, -1.393362850788412821, 0.000000000000000000 ) ) ;
#811 = CARTESIAN_POINT ( 'NONE',  ( -7.514568091460859023, -2.430448093704558499, 1.999999999999999778 ) ) ;
#812 = CIRCLE ( 'NONE', #4664, 0.1250000000000000278 ) ;
#813 = ORIENTED_EDGE ( 'NONE', *, *, #223, .T. ) ;
#814 = AXIS2_PLACEMENT_3D ( 'NONE', #83, #6339, #3686 ) ;
#815 = DIRECTION ( 'NONE',  ( 0.5999999999999999778, 0.000000000000000000, 0.8000000000000000444 ) ) ;
#816 =( GEOMETRIC_REPRESENTATION_CONTEXT ( 3 ) GLOBAL_UNCERTAINTY_ASSIGNED_CONTEXT ( ( #5839 ) ) GLOBAL_UNIT_ASSIGNED_CONTEXT ( ( #4846, #2714, #1682 ) ) REPRESENTATION_CONTEXT ( 'NONE', 'WORKASPACE' ) );
#817 = TOROIDAL_SURFACE ( 'NONE', #4672, 0.1250000000000000000, 0.06250000000000000000 ) ;
#818 = TOROIDAL_SURFACE ( 'NONE', #4562, 0.7600000000000002309, 0.1250000000000000000 ) ;
#819 = LINE ( 'NONE', #3533, #4365 ) ;
#820 = LINE ( 'NONE', #311, #504 ) ;
#821 = TOROIDAL_SURFACE ( 'NONE', #3671, 0.7599999999999995648, 0.1250000000000000000 ) ;
#822 = CARTESIAN_POINT ( 'NONE',  ( 6.995832716465089085, 0.7927825324727730827, 0.8856935518424998710 ) ) ;
#823 = ORIENTED_EDGE ( 'NONE', *, *, #5493, .T. ) ;
#824 = ADVANCED_FACE ( 'NONE', ( #2150, #6765 ), #2558, .F. ) ;
#825 = ORIENTED_EDGE ( 'NONE', *, *, #152, .F. ) ;
#826 = CIRCLE ( 'NONE', #1818, 0.1250000000000001110 ) ;
#827 = VECTOR ( 'NONE', #5283, 100.0000000000000000 ) ;
#828 = EDGE_LOOP ( 'NONE', ( #189, #1518, #3235, #2697 ) ) ;
#829 = AXIS2_PLACEMENT_3D ( 'NONE', #3534, #4643, #4711 ) ;
#830 = CARTESIAN_POINT ( 'NONE',  ( 6.975000000000002309, 0.6649340913187363755, 0.8624999999999997113 ) ) ;
#831 = LINE ( 'NONE', #2574, #5766 ) ;
#832 = CARTESIAN_POINT ( 'NONE',  ( -8.739999999999998437, -1.666666666666666297, 2.375000000000000000 ) ) ;
#833 = DIRECTION ( 'NONE',  ( 0.000000000000000000, -0.000000000000000000, -1.000000000000000000 ) ) ;
#834 = DIRECTION ( 'NONE',  ( 0.000000000000000000, 0.000000000000000000, 1.000000000000000000 ) ) ;
#835 = EDGE_LOOP ( 'NONE', ( #2722, #2068, #2177, #5696 ) ) ;
#836 = CIRCLE ( 'NONE', #3797, 0.1250000000000000000 ) ;
#837 = ORIENTED_EDGE ( 'NONE', *, *, #1787, .T. ) ;
#838 = ORIENTED_EDGE ( 'NONE', *, *, #5960, .F. ) ;
#839 = AXIS2_PLACEMENT_3D ( 'NONE', #5100, #4863, #2486 ) ;
#840 = EDGE_CURVE ( 'NONE', #1032, #2424, #2158, .T. ) ;
#841 = DIRECTION ( 'NONE',  ( 1.000000000000000000, 0.000000000000000000, 0.000000000000000000 ) ) ;
#842 = CARTESIAN_POINT ( 'NONE',  ( 1.446443546245209877, 3.179795467010757548, 0.000000000000000000 ) ) ;
#843 = CARTESIAN_POINT ( 'NONE',  ( 7.003313221087930529, -1.895682217585896945, 1.482503187623281482 ) ) ;
#844 = EDGE_CURVE ( 'NONE', #2002, #685, #292, .T. ) ;
#845 = EDGE_CURVE ( 'NONE', #2157, #1875, #2151, .T. ) ;
#846 = ORIENTED_EDGE ( 'NONE', *, *, #616, .F. ) ;
#847 = DIRECTION ( 'NONE',  ( -0.4140596180325140652, -0.9102497639190952894, 0.000000000000000000 ) ) ;
#848 = CARTESIAN_POINT ( 'NONE',  ( -7.541666666666666075, -2.926666666666667194, 1.749999999999999778 ) ) ;
#849 = DIRECTION ( 'NONE',  ( -0.000000000000000000, 0.000000000000000000, 1.000000000000000000 ) ) ;
#850 = DIRECTION ( 'NONE',  ( -0.9699099091877008139, -0.2434641001451877396, 0.000000000000000000 ) ) ;
#851 = CARTESIAN_POINT ( 'NONE',  ( -8.105000000000000426, -1.666666666666666297, 0.5000000000000003331 ) ) ;
#852 = ORIENTED_EDGE ( 'NONE', *, *, #3589, .F. ) ;
#853 = CARTESIAN_POINT ( 'NONE',  ( -7.391666666666665719, -2.285591201756871804, 1.949999999999999734 ) ) ;
#854 = VECTOR ( 'NONE', #6054, 100.0000000000000000 ) ;
#855 = LINE ( 'NONE', #4607, #6796 ) ;
#856 = CARTESIAN_POINT ( 'NONE',  ( -8.739999999999998437, -1.666666666666666297, 2.000000000000000444 ) ) ;
#857 = PLANE ( 'NONE',  #2565 ) ;
#858 = CIRCLE ( 'NONE', #1848, 0.2499999999999998890 ) ;
#859 = VERTEX_POINT ( 'NONE', #979 ) ;
#860 = ORIENTED_EDGE ( 'NONE', *, *, #5044, .T. ) ;
#861 = EDGE_LOOP ( 'NONE', ( #3914, #399, #5450, #6120 ) ) ;
#862 = AXIS2_PLACEMENT_3D ( 'NONE', #1910, #775, #5934 ) ;
#863 = DIRECTION ( 'NONE',  ( 0.2588190451025212946, 0.9659258262890680902, 0.000000000000000000 ) ) ;
#864 = ADVANCED_FACE ( 'NONE', ( #2659 ), #5250, .T. ) ;
#865 = CARTESIAN_POINT ( 'NONE',  ( -4.965193726034750732, -1.078354991733413648, 0.000000000000000000 ) ) ;
#866 = DIRECTION ( 'NONE',  ( 1.000000000000000000, 0.000000000000000000, 0.000000000000000000 ) ) ;
#867 = CARTESIAN_POINT ( 'NONE',  ( 8.366432773872297446, -2.238428080211328552, 0.1250000000000000000 ) ) ;
#868 = ADVANCED_FACE ( 'NONE', ( #20 ), #4632, .T. ) ;
#869 = ORIENTED_EDGE ( 'NONE', *, *, #1452, .F. ) ;
#870 = VECTOR ( 'NONE', #2902, 100.0000000000000142 ) ;
#871 = EDGE_LOOP ( 'NONE', ( #458, #4038, #603, #5343 ) ) ;
#872 = ORIENTED_EDGE ( 'NONE', *, *, #1347, .F. ) ;
#873 = EDGE_CURVE ( 'NONE', #4229, #2543, #5995, .T. ) ;
#874 = CIRCLE ( 'NONE', #4615, 0.1250000000000001110 ) ;
#875 = CARTESIAN_POINT ( 'NONE',  ( 6.975000000000002309, -1.753437974102241892, 0.8624999999999999334 ) ) ;
#876 = ADVANCED_FACE ( 'NONE', ( #4139 ), #6729, .F. ) ;
#877 = DIRECTION ( 'NONE',  ( -0.000000000000000000, -0.000000000000000000, -1.000000000000000000 ) ) ;
#878 = CARTESIAN_POINT ( 'NONE',  ( -8.739999999999998437, -1.666666666666666297, 2.375000000000000000 ) ) ;
#879 = EDGE_CURVE ( 'NONE', #2524, #159, #2376, .T. ) ;
#880 = AXIS2_PLACEMENT_3D ( 'NONE', #320, #6095, #866 ) ;
#881 = EDGE_LOOP ( 'NONE', ( #1602, #2712, #5222, #2342 ) ) ;
#882 = FACE_OUTER_BOUND ( 'NONE', #1558, .T. ) ;
#883 = CARTESIAN_POINT ( 'NONE',  ( 8.366432773872297446, -2.238428080211328997, 0.000000000000000000 ) ) ;
#884 = CARTESIAN_POINT ( 'NONE',  ( -8.739999999999998437, -1.666666666666666297, 2.000000000000000444 ) ) ;
#885 = DIRECTION ( 'NONE',  ( 0.9659258262890680902, -0.2588190451025211836, -0.000000000000000000 ) ) ;
#886 = CYLINDRICAL_SURFACE ( 'NONE', #6032, 0.1250000000000001110 ) ;
#887 = VERTEX_POINT ( 'NONE', #5183 ) ;
#888 = CARTESIAN_POINT ( 'NONE',  ( 4.484645310706724786, -2.178604876567602933, 0.1084882644419008779 ) ) ;
#889 = DIRECTION ( 'NONE',  ( -0.5539977161136322437, -0.8325181863123948256, 0.000000000000000000 ) ) ;
#890 = DIRECTION ( 'NONE',  ( 0.000000000000000000, -1.000000000000000000, 0.000000000000000000 ) ) ;
#891 = ORIENTED_EDGE ( 'NONE', *, *, #2932, .T. ) ;
#892 = AXIS2_PLACEMENT_3D ( 'NONE', #4392, #4421, #1361 ) ;
#893 = VERTEX_POINT ( 'NONE', #5796 ) ;
#894 = ORIENTED_EDGE ( 'NONE', *, *, #4012, .F. ) ;
#895 = FACE_OUTER_BOUND ( 'NONE', #6436, .T. ) ;
#896 = DIRECTION ( 'NONE',  ( -0.000000000000000000, -0.000000000000000000, -1.000000000000000000 ) ) ;
#897 = DIRECTION ( 'NONE',  ( 0.000000000000000000, -0.000000000000000000, -1.000000000000000000 ) ) ;
#898 = CYLINDRICAL_SURFACE ( 'NONE', #839, 0.06250000000000005551 ) ;
#899 = CARTESIAN_POINT ( 'NONE',  ( 4.991637076900224734, 1.145833333333334147, 2.437500000000000000 ) ) ;
#900 = ORIENTED_EDGE ( 'NONE', *, *, #3213, .F. ) ;
#901 = VERTEX_POINT ( 'NONE', #2531 ) ;
#902 = ORIENTED_EDGE ( 'NONE', *, *, #4093, .F. ) ;
#903 = DIRECTION ( 'NONE',  ( 1.000000000000000000, 0.000000000000000000, 0.000000000000000000 ) ) ;
#904 = DIRECTION ( 'NONE',  ( -0.2434641001451878228, 0.9699099091877008139, 0.000000000000000000 ) ) ;
#905 = CARTESIAN_POINT ( 'NONE',  ( -6.974999999999999645, -2.406666666666665844, 1.637500000000000400 ) ) ;
#906 = EDGE_CURVE ( 'NONE', #2362, #6784, #5888, .T. ) ;
#907 = ORIENTED_EDGE ( 'NONE', *, *, #5842, .T. ) ;
#908 = CARTESIAN_POINT ( 'NONE',  ( -6.908742675414803358, -0.4066666666666662877, 0.000000000000000000 ) ) ;
#909 = ADVANCED_FACE ( 'NONE', ( #531 ), #3898, .T. ) ;
#910 = DIRECTION ( 'NONE',  ( 0.000000000000000000, 0.000000000000000000, -1.000000000000000000 ) ) ;
#911 = CARTESIAN_POINT ( 'NONE',  ( -0.1333629230997752102, 1.145833333333334147, 0.06250000000000000000 ) ) ;
#912 = DIRECTION ( 'NONE',  ( 0.000000000000000000, -0.000000000000000000, -1.000000000000000000 ) ) ;
#913 = DIRECTION ( 'NONE',  ( 0.4140596180325146758, 0.9102497639190948453, 0.000000000000000000 ) ) ;
#914 = ORIENTED_EDGE ( 'NONE', *, *, #6351, .T. ) ;
#915 = CARTESIAN_POINT ( 'NONE',  ( -7.372779489814402787, -2.281666666666666288, 0.7204153826391975768 ) ) ;
#916 = AXIS2_PLACEMENT_3D ( 'NONE', #415, #2517, #479 ) ;
#917 = CARTESIAN_POINT ( 'NONE',  ( -3.010166957248605613, -0.3742651615305239710, 0.000000000000000000 ) ) ;
#918 = DIRECTION ( 'NONE',  ( 1.000000000000000000, 0.000000000000000000, 0.000000000000000000 ) ) ;
#919 = CARTESIAN_POINT ( 'NONE',  ( 0.000000000000000000, 0.000000000000000000, 0.000000000000000000 ) ) ;
#920 = ORIENTED_EDGE ( 'NONE', *, *, #715, .T. ) ;
#921 = CIRCLE ( 'NONE', #4768, 0.06250000000000005551 ) ;
#922 = AXIS2_PLACEMENT_3D ( 'NONE', #3334, #5381, #5892 ) ;
#923 = EDGE_CURVE ( 'NONE', #2492, #2989, #5673, .T. ) ;
#924 = EDGE_LOOP ( 'NONE', ( #1447, #522, #2779, #3924 ) ) ;
#925 = EDGE_CURVE ( 'NONE', #655, #5592, #1716, .T. ) ;
#927 = FACE_OUTER_BOUND ( 'NONE', #1725, .T. ) ;
#926 = AXIS2_PLACEMENT_3D ( 'NONE', #6426, #1750, #2205 ) ;
#928 = AXIS2_PLACEMENT_3D ( 'NONE', #4748, #680, #3908 ) ;
#929 = AXIS2_PLACEMENT_3D ( 'NONE', #1117, #1155, #1017 ) ;
#930 =( BOUNDED_SURFACE ( )  B_SPLINE_SURFACE ( 3, 2, ( 
 ( #2398, #3859, #4903 ),
 ( #5523, #5490, #6450 ),
 ( #2869, #843, #777 ),
 ( #5566, #5967, #3353 ),
 ( #3930, #1844, #3830 ),
 ( #5936, #2941, #5456 ) ),
 .UNSPECIFIED., .F., .F., .F. ) 
 B_SPLINE_SURFACE_WITH_KNOTS ( ( 4, 2, 4 ),
 ( 3, 3 ),
 ( 5.355890089177973934, 5.819537698178780083, 6.283185307179586232 ),
 ( 0.000000000000000000, 1.000000000000000000 ),
 .UNSPECIFIED. ) 
 GEOMETRIC_REPRESENTATION_ITEM ( )  RATIONAL_B_SPLINE_SURFACE ( (
 ( 1.000000000000000000, 0.6334506800210331079, 1.000000000000000000),
 ( 1.000000000000000000, 0.6173726711634711650, 1.000000000000000000),
 ( 1.000000000000000000, 0.6035500987120079319, 1.000000000000000000),
 ( 1.000000000000000000, 0.5844006524920504209, 1.000000000000000000),
 ( 1.000000000000000000, 0.5791132057607378814, 1.000000000000000000),
 ( 1.000000000000000000, 0.5791657276046715541, 1.000000000000000000) ) ) 
 REPRESENTATION_ITEM ( '' )  SURFACE ( )  );
#931 = PLANE ( 'NONE',  #3405 ) ;
#932 = DIRECTION ( 'NONE',  ( -0.000000000000000000, 0.000000000000000000, 1.000000000000000000 ) ) ;
#933 = SURFACE_STYLE_USAGE ( .BOTH. , #6690 ) ;
#934 = FACE_OUTER_BOUND ( 'NONE', #4367, .T. ) ;
#935 = ORIENTED_EDGE ( 'NONE', *, *, #3262, .T. ) ;
#936 = AXIS2_PLACEMENT_3D ( 'NONE', #3192, #2099, #2706 ) ;
#937 = TOROIDAL_SURFACE ( 'NONE', #4121, 1.242867031364097929, 0.1250000000000000000 ) ;
#938 = ORIENTED_EDGE ( 'NONE', *, *, #1794, .T. ) ;
#939 = ORIENTED_EDGE ( 'NONE', *, *, #3815, .F. ) ;
#940 = AXIS2_PLACEMENT_3D ( 'NONE', #1603, #3150, #5282 ) ;
#941 = DIRECTION ( 'NONE',  ( 0.6000000000000006439, 0.000000000000000000, 0.7999999999999996003 ) ) ;
#942 = DIRECTION ( 'NONE',  ( 0.9102497639190944012, -0.4140596180325159525, -1.263225307578239989E-16 ) ) ;
#943 = DIRECTION ( 'NONE',  ( 0.000000000000000000, 0.000000000000000000, 1.000000000000000000 ) ) ;
#944 = AXIS2_PLACEMENT_3D ( 'NONE', #4029, #4514, #6545 ) ;
#945 = VERTEX_POINT ( 'NONE', #465 ) ;
#946 = DIRECTION ( 'NONE',  ( -0.000000000000000000, -0.000000000000000000, -1.000000000000000000 ) ) ;
#947 = EDGE_CURVE ( 'NONE', #3280, #6226, #4732, .T. ) ;
#948 = CARTESIAN_POINT ( 'NONE',  ( 4.853878703297282549, 1.629801876762541513, 0.000000000000000000 ) ) ;
#949 = CARTESIAN_POINT ( 'NONE',  ( 7.466666666666668561, -1.898669001194127848, 1.850000000000000311 ) ) ;
#950 = DIRECTION ( 'NONE',  ( -0.8000000000000005995, -1.387778780781446662E-16, -0.5999999999999992006 ) ) ;
#951 = DIRECTION ( 'NONE',  ( -1.000000000000000000, 0.000000000000000000, 0.000000000000000000 ) ) ;
#952 = EDGE_CURVE ( 'NONE', #414, #4261, #4760, .T. ) ;
#953 = VERTEX_POINT ( 'NONE', #3755 ) ;
#954 = CARTESIAN_POINT ( 'NONE',  ( 0.1988097293451667469, -0.7920162620271776754, 0.000000000000000000 ) ) ;
#955 = DIRECTION ( 'NONE',  ( 0.000000000000000000, -1.000000000000000000, 0.000000000000000000 ) ) ;
#956 = LINE ( 'NONE', #444, #5564 ) ;
#957 = ORIENTED_EDGE ( 'NONE', *, *, #5756, .F. ) ;
#958 = CIRCLE ( 'NONE', #3164, 0.7599999999999995648 ) ;
#959 = ORIENTED_EDGE ( 'NONE', *, *, #5911, .F. ) ;
#960 = ADVANCED_FACE ( 'NONE', ( #5931 ), #4346, .T. ) ;
#961 = FACE_OUTER_BOUND ( 'NONE', #5077, .T. ) ;
#962 = VECTOR ( 'NONE', #4006, 100.0000000000000142 ) ;
#963 = CARTESIAN_POINT ( 'NONE',  ( 9.066111996829180342, 0.05039987445755889778, 2.000000000000000444 ) ) ;
#964 = FACE_OUTER_BOUND ( 'NONE', #2236, .T. ) ;
#965 = EDGE_CURVE ( 'NONE', #6116, #1013, #1822, .T. ) ;
#966 = CARTESIAN_POINT ( 'NONE',  ( -0.2583629230997752102, 0.000000000000000000, 2.500000000000000000 ) ) ;
#967 = DIRECTION ( 'NONE',  ( -0.9435497843495183057, -0.3312307420122379553, 0.000000000000000000 ) ) ;
#968 = VERTEX_POINT ( 'NONE', #4861 ) ;
#969 = ADVANCED_FACE ( 'NONE', ( #3383 ), #597, .F. ) ;
#970 = EDGE_CURVE ( 'NONE', #3000, #2362, #4798, .T. ) ;
#971 = VERTEX_POINT ( 'NONE', #5353 ) ;
#972 = AXIS2_PLACEMENT_3D ( 'NONE', #2356, #4381, #2795 ) ;
#973 = ORIENTED_EDGE ( 'NONE', *, *, #1676, .F. ) ;
#974 = DIRECTION ( 'NONE',  ( 0.9442831837397912542, -0.3291341199363019276, 0.000000000000000000 ) ) ;
#975 = DIRECTION ( 'NONE',  ( 0.000000000000000000, -1.000000000000000000, 0.000000000000000000 ) ) ;
#976 = CIRCLE ( 'NONE', #3500, 0.1250000000000001110 ) ;
#977 = CYLINDRICAL_SURFACE ( 'NONE', #4827, 1.260000000000000009 ) ;
#978 = EDGE_LOOP ( 'NONE', ( #5530, #4644, #6513, #3205 ) ) ;
#979 = CARTESIAN_POINT ( 'NONE',  ( -0.1873286044384686322, -0.5050642339982948092, 2.500000000000000000 ) ) ;
#980 = VECTOR ( 'NONE', #304, 100.0000000000000000 ) ;
#981 = DIRECTION ( 'NONE',  ( 1.000000000000000000, 0.000000000000000000, 0.000000000000000000 ) ) ;
#982 = CYLINDRICAL_SURFACE ( 'NONE', #1204, 0.6349999999999994538 ) ;
#983 = DIRECTION ( 'NONE',  ( 1.224646799147353207E-16, 1.000000000000000000, 0.000000000000000000 ) ) ;
#984 = EDGE_LOOP ( 'NONE', ( #3932, #4252, #6315, #2209 ) ) ;
#985 = VECTOR ( 'NONE', #5444, 100.0000000000000000 ) ;
#986 = ADVANCED_FACE ( 'NONE', ( #5964 ), #3346, .F. ) ;
#987 = VERTEX_POINT ( 'NONE', #5999 ) ;
#988 = ORIENTED_EDGE ( 'NONE', *, *, #5059, .T. ) ;
#989 = PLANE ( 'NONE',  #3891 ) ;
#990 = TOROIDAL_SURFACE ( 'NONE', #4837, 0.7599999999999995648, 0.1250000000000000000 ) ;
#991 = CARTESIAN_POINT ( 'NONE',  ( -7.541666666666666075, -0.5316666666666663987, 1.749999999999999778 ) ) ;
#992 = DIRECTION ( 'NONE',  ( 1.040834085586084503E-16, 0.000000000000000000, 1.000000000000000000 ) ) ;
#993 = ORIENTED_EDGE ( 'NONE', *, *, #3366, .F. ) ;
#994 = EDGE_CURVE ( 'NONE', #4669, #6578, #3572, .T. ) ;
#995 = ORIENTED_EDGE ( 'NONE', *, *, #5594, .F. ) ;
#996 = CARTESIAN_POINT ( 'NONE',  ( -7.404111689667644214, -2.281666666666734233, 0.6969162327492665066 ) ) ;
#997 = EDGE_CURVE ( 'NONE', #1458, #685, #607, .T. ) ;
#998 = CARTESIAN_POINT ( 'NONE',  ( 0.1694937020281834517, 0.4862760889268811226, 2.375000000000000000 ) ) ;
#999 = LINE ( 'NONE', #5651, #6670 ) ;
#1000 = DIRECTION ( 'NONE',  ( -1.000000000000000000, 0.000000000000000000, 0.000000000000000000 ) ) ;
#1001 = DIRECTION ( 'NONE',  ( 0.8325181863123949366, -0.5539977161136321326, 0.000000000000000000 ) ) ;
#1002 = EDGE_LOOP ( 'NONE', ( #3258, #5145, #6500, #5376 ) ) ;
#1003 = ORIENTED_EDGE ( 'NONE', *, *, #371, .F. ) ;
#1004 = AXIS2_PLACEMENT_3D ( 'NONE', #6604, #2334, #6049 ) ;
#1005 = ORIENTED_EDGE ( 'NONE', *, *, #1068, .T. ) ;
#1006 = CARTESIAN_POINT ( 'NONE',  ( -6.874999999999999112, -0.5311605225217577164, 2.500000000000000000 ) ) ;
#1007 = CARTESIAN_POINT ( 'NONE',  ( -7.372779489814402787, -2.281666666666666288, 1.779584617360802534 ) ) ;
#1008 = ORIENTED_EDGE ( 'NONE', *, *, #3730, .T. ) ;
#1009 = CARTESIAN_POINT ( 'NONE',  ( 8.325291008880263632, -2.356463478178802973, 2.000000000000000444 ) ) ;
#1010 = DIRECTION ( 'NONE',  ( 0.000000000000000000, 0.000000000000000000, -1.000000000000000000 ) ) ;
#1011 = DIRECTION ( 'NONE',  ( -0.000000000000000000, 0.000000000000000000, 1.000000000000000000 ) ) ;
#1012 = LINE ( 'NONE', #6181, #2325 ) ;
#1013 = VERTEX_POINT ( 'NONE', #1277 ) ;
#1014 = ORIENTED_EDGE ( 'NONE', *, *, #5960, .T. ) ;
#1015 = ORIENTED_EDGE ( 'NONE', *, *, #5927, .F. ) ;
#1016 = LINE ( 'NONE', #1512, #6539 ) ;
#1017 = DIRECTION ( 'NONE',  ( 0.000000000000000000, 0.000000000000000000, -1.000000000000000000 ) ) ;
#1018 = CARTESIAN_POINT ( 'NONE',  ( 0.2292427418633152247, -0.9132550006756403604, 2.500000000000000000 ) ) ;
#1019 = DIRECTION ( 'NONE',  ( 0.9435497843495181947, 0.3312307420122379553, -0.000000000000000000 ) ) ;
#1020 = EDGE_LOOP ( 'NONE', ( #1086, #6260, #684, #5485 ) ) ;
#1021 = AXIS2_PLACEMENT_3D ( 'NONE', #5646, #2001, #4609 ) ;
#1022 = ORIENTED_EDGE ( 'NONE', *, *, #4149, .F. ) ;
#1023 = LINE ( 'NONE', #1519, #6750 ) ;
#1024 = CIRCLE ( 'NONE', #5106, 0.2499999999999998890 ) ;
#1025 = CIRCLE ( 'NONE', #4320, 0.1250000000000001110 ) ;
#1026 = EDGE_CURVE ( 'NONE', #5276, #953, #4453, .T. ) ;
#1027 = CARTESIAN_POINT ( 'NONE',  ( 7.566609388250007839, 0.5331443759259496540, 0.5000000000003321787 ) ) ;
#1028 = AXIS2_PLACEMENT_3D ( 'NONE', #4591, #1498, #2596 ) ;
#1029 = CARTESIAN_POINT ( 'NONE',  ( 7.017928508681814392, 0.6941118180731291609, 0.9865536184886389837 ) ) ;
#1030 = DIRECTION ( 'NONE',  ( -0.7706021531734802421, 0.2685968212430488999, 0.5779516148801088216 ) ) ;
#1031 = ORIENTED_EDGE ( 'NONE', *, *, #2431, .F. ) ;
#1032 = VERTEX_POINT ( 'NONE', #735 ) ;
#1033 = CIRCLE ( 'NONE', #3997, 0.1250000000000000833 ) ;
#1034 = AXIS2_PLACEMENT_3D ( 'NONE', #3410, #4961, #5511 ) ;
#1035 = EDGE_LOOP ( 'NONE', ( #801, #2166, #314, #93 ) ) ;
#1036 = DIRECTION ( 'NONE',  ( 0.000000000000000000, -1.000000000000000000, 0.000000000000000000 ) ) ;
#1037 = DIRECTION ( 'NONE',  ( -1.000000000000000000, 0.000000000000000000, 0.000000000000000000 ) ) ;
#1038 = CIRCLE ( 'NONE', #6655, 0.1250000000000000833 ) ;
#1039 = FACE_OUTER_BOUND ( 'NONE', #3057, .T. ) ;
#1040 = AXIS2_PLACEMENT_3D ( 'NONE', #2631, #4140, #533 ) ;
#1041 = ORIENTED_EDGE ( 'NONE', *, *, #1852, .F. ) ;
#1042 = DIRECTION ( 'NONE',  ( 1.000000000000000000, 0.000000000000000000, -1.365923996832132842E-16 ) ) ;
#1043 = ADVANCED_FACE ( 'NONE', ( #1770 ), #2219, .T. ) ;
#1044 = CIRCLE ( 'NONE', #5560, 0.06250000000000005551 ) ;
#1045 = CIRCLE ( 'NONE', #480, 0.1250000000000001110 ) ;
#1046 = AXIS2_PLACEMENT_3D ( 'NONE', #4364, #4848, #138 ) ;
#1047 = DIRECTION ( 'NONE',  ( -0.7699115044247801798, -0.6381506682237133576, -0.000000000000000000 ) ) ;
#1048 = DIRECTION ( 'NONE',  ( 1.000000000000000000, 0.000000000000000000, 0.000000000000000000 ) ) ;
#1049 = DIRECTION ( 'NONE',  ( 0.9442831837397909212, -0.3291341199363028158, 9.135306953575545076E-16 ) ) ;
#1050 = ORIENTED_EDGE ( 'NONE', *, *, #3058, .F. ) ;
#1051 = EDGE_CURVE ( 'NONE', #4896, #4052, #728, .T. ) ;
#1052 = AXIS2_PLACEMENT_3D ( 'NONE', #2117, #2018, #4198 ) ;
#1053 = EDGE_CURVE ( 'NONE', #2238, #1625, #1057, .T. ) ;
#1054 = EDGE_LOOP ( 'NONE', ( #1710, #1799, #6188, #3136 ) ) ;
#1055 = ORIENTED_EDGE ( 'NONE', *, *, #3406, .T. ) ;
#1056 = DIRECTION ( 'NONE',  ( -0.000000000000000000, -0.000000000000000000, -1.000000000000000000 ) ) ;
#1057 = CIRCLE ( 'NONE', #5571, 0.1250000000000001110 ) ;
#1058 = CARTESIAN_POINT ( 'NONE',  ( 7.528259301346156285, -1.941605776854103294, 0.6249999999999998890 ) ) ;
#1059 = CARTESIAN_POINT ( 'NONE',  ( -6.974999999999999645, -2.281666666666666288, 0.8624999999999997113 ) ) ;
#1060 = CARTESIAN_POINT ( 'NONE',  ( -7.391666666666668384, -2.285591201756871804, 0.5499999999999979350 ) ) ;
#1061 = ORIENTED_EDGE ( 'NONE', *, *, #2653, .T. ) ;
#1062 = EDGE_LOOP ( 'NONE', ( #2638, #3382, #5558, #4883 ) ) ;
#1063 = CARTESIAN_POINT ( 'NONE',  ( 0.6635635517212482570, -2.350768383770468262, 0.000000000000000000 ) ) ;
#1064 = DIRECTION ( 'NONE',  ( -0.000000000000000000, 0.000000000000000000, 1.000000000000000000 ) ) ;
#1065 = CARTESIAN_POINT ( 'NONE',  ( 7.560850817158526027, 0.5357638676755251961, 0.6168451853793345263 ) ) ;
#1066 = CARTESIAN_POINT ( 'NONE',  ( 0.2679343889853184058, -0.7746647813404545779, 2.375000000000000000 ) ) ;
#1067 = ORIENTED_EDGE ( 'NONE', *, *, #5500, .T. ) ;
#1068 = EDGE_CURVE ( 'NONE', #2737, #4132, #3259, .T. ) ;
#1069 = ORIENTED_EDGE ( 'NONE', *, *, #5833, .T. ) ;
#1070 = VERTEX_POINT ( 'NONE', #120 ) ;
#1071 = AXIS2_PLACEMENT_3D ( 'NONE', #3667, #2612, #4209 ) ;
#1072 = EDGE_CURVE ( 'NONE', #5104, #3960, #3363, .T. ) ;
#1073 = CARTESIAN_POINT ( 'NONE',  ( 0.000000000000000000, 0.000000000000000000, 2.500000000000000000 ) ) ;
#1074 = DIRECTION ( 'NONE',  ( -0.000000000000000000, 0.000000000000000000, 1.000000000000000000 ) ) ;
#1075 = CARTESIAN_POINT ( 'NONE',  ( 7.980000000000002203, -1.166666666666666297, 0.1250000000000001110 ) ) ;
#1076 = VECTOR ( 'NONE', #6457, 100.0000000000000000 ) ;
#1077 = EDGE_CURVE ( 'NONE', #1625, #159, #6407, .T. ) ;
#1078 = EDGE_LOOP ( 'NONE', ( #5281, #5344, #4469, #4965 ) ) ;
#1079 = DIRECTION ( 'NONE',  ( 0.000000000000000000, 0.000000000000000000, 1.000000000000000000 ) ) ;
#1080 = ADVANCED_FACE ( 'NONE', ( #2287 ), #5900, .T. ) ;
#1081 = AXIS2_PLACEMENT_3D ( 'NONE', #5749, #1030, #2396 ) ;
#1082 = FACE_OUTER_BOUND ( 'NONE', #1688, .T. ) ;
#1083 = CARTESIAN_POINT ( 'NONE',  ( -0.1229239912518637901, 1.833333333333333925, 0.1250000000000000000 ) ) ;
#1084 = ADVANCED_FACE ( 'NONE', ( #4969 ), #6553, .T. ) ;
#1085 = CYLINDRICAL_SURFACE ( 'NONE', #5816, 1.000000000000000222 ) ;
#1086 = ORIENTED_EDGE ( 'NONE', *, *, #2651, .T. ) ;
#1087 = AXIS2_PLACEMENT_3D ( 'NONE', #6808, #5733, #5217 ) ;
#1088 = EDGE_LOOP ( 'NONE', ( #920, #224, #5634, #3875 ) ) ;
#1089 = ORIENTED_EDGE ( 'NONE', *, *, #3804, .F. ) ;
#1090 = CARTESIAN_POINT ( 'NONE',  ( 0.2983674015034668558, -0.8959035199889171519, 2.500000000000000000 ) ) ;
#1091 = LINE ( 'NONE', #541, #1145 ) ;
#1092 = FACE_OUTER_BOUND ( 'NONE', #1020, .T. ) ;
#1093 = EDGE_CURVE ( 'NONE', #2989, #77, #2386, .T. ) ;
#1094 = DIRECTION ( 'NONE',  ( 1.000000000000000000, 0.000000000000000000, -1.040834085586084626E-16 ) ) ;
#1095 = VERTEX_POINT ( 'NONE', #90 ) ;
#1096 = CARTESIAN_POINT ( 'NONE',  ( -7.297779489814402609, -2.406666666666666288, 0.6204153826391972659 ) ) ;
#1097 = AXIS2_PLACEMENT_3D ( 'NONE', #1584, #2676, #4292 ) ;
#1098 = DIRECTION ( 'NONE',  ( -0.000000000000000000, -0.000000000000000000, -1.000000000000000000 ) ) ;
#1099 = LINE ( 'NONE', #5337, #621 ) ;
#1100 = DIRECTION ( 'NONE',  ( 0.9699099091877015910, 0.2434641001451852138, -0.000000000000000000 ) ) ;
#1101 = VERTEX_POINT ( 'NONE', #2734 ) ;
#1102 = ORIENTED_EDGE ( 'NONE', *, *, #616, .T. ) ;
#1103 = ORIENTED_EDGE ( 'NONE', *, *, #1631, .T. ) ;
#1104 = DIRECTION ( 'NONE',  ( 0.2588190451025212946, 0.9659258262890680902, 0.000000000000000000 ) ) ;
#1105 = CARTESIAN_POINT ( 'NONE',  ( -7.049999999999998934, -0.5316666666666667318, 1.537500000000000089 ) ) ;
#1106 = CARTESIAN_POINT ( 'NONE',  ( 10.00000000000000178, -1.166666666666666519, 2.000000000000000444 ) ) ;
#1107 = ORIENTED_EDGE ( 'NONE', *, *, #1857, .F. ) ;
#1108 = CARTESIAN_POINT ( 'NONE',  ( -0.1229239912518637901, 1.708333333333333925, 0.1250000000000000000 ) ) ;
#1109 = DIRECTION ( 'NONE',  ( 1.000000000000000000, 0.000000000000000000, 0.000000000000000000 ) ) ;
#1110 = CARTESIAN_POINT ( 'NONE',  ( -7.459638313333696757, -2.416721237702664560, 0.6552712649997290972 ) ) ;
#1111 = EDGE_CURVE ( 'NONE', #3447, #5891, #1707, .T. ) ;
#1112 = CARTESIAN_POINT ( 'NONE',  ( 7.000000000000001776, 0.7104226631857954999, 1.456825394688626041 ) ) ;
#1113 = ORIENTED_EDGE ( 'NONE', *, *, #5553, .T. ) ;
#1114 = ORIENTED_EDGE ( 'NONE', *, *, #4407, .F. ) ;
#1115 = DIRECTION ( 'NONE',  ( 0.000000000000000000, 1.000000000000000000, -0.000000000000000000 ) ) ;
#1116 = EDGE_CURVE ( 'NONE', #1826, #4822, #5216, .T. ) ;
#1117 = CARTESIAN_POINT ( 'NONE',  ( 0.000000000000000000, 1.395833333333334147, 2.437500000000000000 ) ) ;
#1118 = FACE_OUTER_BOUND ( 'NONE', #1797, .T. ) ;
#1119 = DIRECTION ( 'NONE',  ( 1.040834085586084626E-16, 0.000000000000000000, 1.000000000000000000 ) ) ;
#1120 = VERTEX_POINT ( 'NONE', #6382 ) ;
#1121 = ORIENTED_EDGE ( 'NONE', *, *, #4065, .T. ) ;
#1122 = DIRECTION ( 'NONE',  ( 1.000000000000000000, 0.000000000000000000, 0.000000000000000000 ) ) ;
#1123 = EDGE_CURVE ( 'NONE', #4525, #3837, #6005, .T. ) ;
#1124 = LINE ( 'NONE', #3229, #4508 ) ;
#1125 = DIRECTION ( 'NONE',  ( 0.2741088589585974900, 0.9616986708114011462, 0.000000000000000000 ) ) ;
#1126 = CARTESIAN_POINT ( 'NONE',  ( -7.049999999999998934, -2.281666666666665844, 0.9624999999999998002 ) ) ;
#1127 = ORIENTED_EDGE ( 'NONE', *, *, #1684, .F. ) ;
#1128 = EDGE_CURVE ( 'NONE', #350, #5507, #6778, .T. ) ;
#1129 = ORIENTED_EDGE ( 'NONE', *, *, #148, .T. ) ;
#1130 = EDGE_CURVE ( 'NONE', #1935, #4229, #2188, .T. ) ;
#1131 = ORIENTED_EDGE ( 'NONE', *, *, #6452, .F. ) ;
#1132 = ADVANCED_FACE ( 'NONE', ( #2632 ), #3471, .T. ) ;
#1133 = ORIENTED_EDGE ( 'NONE', *, *, #4629, .T. ) ;
#1134 = VECTOR ( 'NONE', #2235, 100.0000000000000000 ) ;
#1135 = CARTESIAN_POINT ( 'NONE',  ( 6.875000000000001776, -1.718582527600188925, 2.500000000000000000 ) ) ;
#1136 = CARTESIAN_POINT ( 'NONE',  ( 7.999665410412173827, 0.3361533760589240916, 0.1250000000000001110 ) ) ;
#1137 = DIRECTION ( 'NONE',  ( 1.000000000000000000, 0.000000000000000000, 0.000000000000000000 ) ) ;
#1138 = DIRECTION ( 'NONE',  ( 0.2741088589585974900, 0.9616986708114011462, 0.000000000000000000 ) ) ;
#1139 = AXIS2_PLACEMENT_3D ( 'NONE', #3822, #1210, #3307 ) ;
#1140 = AXIS2_PLACEMENT_3D ( 'NONE', #1792, #6401, #3879 ) ;
#1141 = EDGE_LOOP ( 'NONE', ( #6613, #5852, #813, #5041 ) ) ;
#1142 = CARTESIAN_POINT ( 'NONE',  ( 6.869715252371593195, -1.849116049072074164, 0.9106072369772783004 ) ) ;
#1143 = AXIS2_PLACEMENT_3D ( 'NONE', #654, #4917, #1200 ) ;
#1144 = AXIS2_PLACEMENT_3D ( 'NONE', #853, #4534, #815 ) ;
#1145 = VECTOR ( 'NONE', #2642, 100.0000000000000000 ) ;
#1146 = DIRECTION ( 'NONE',  ( 1.000000000000000000, 0.000000000000000000, 0.000000000000000000 ) ) ;
#1147 = CARTESIAN_POINT ( 'NONE',  ( -7.503437967689212229, -2.427976430311017619, 0.6279255066285651665 ) ) ;
#1148 = DIRECTION ( 'NONE',  ( 0.9446284728628765448, 0.3281418111986793007, -0.000000000000000000 ) ) ;
#1149 = CIRCLE ( 'NONE', #5666, 0.06250000000000005551 ) ;
#1150 = VERTEX_POINT ( 'NONE', #5768 ) ;
#1151 = CIRCLE ( 'NONE', #2915, 0.7599999999999995648 ) ;
#1152 = AXIS2_PLACEMENT_3D ( 'NONE', #3161, #475, #3601 ) ;
#1153 = CARTESIAN_POINT ( 'NONE',  ( -4.923235751747690792, -0.9311473157206540119, 0.06250000000000000000 ) ) ;
#1154 = EDGE_CURVE ( 'NONE', #2335, #5772, #2093, .T. ) ;
#1155 = DIRECTION ( 'NONE',  ( 1.000000000000000000, 0.000000000000000000, 0.000000000000000000 ) ) ;
#1156 = EDGE_CURVE ( 'NONE', #210, #6012, #122, .T. ) ;
#1157 = AXIS2_PLACEMENT_3D ( 'NONE', #2602, #2055, #5832 ) ;
#1158 = FACE_OUTER_BOUND ( 'NONE', #1913, .T. ) ;
#1159 = FACE_OUTER_BOUND ( 'NONE', #181, .T. ) ;
#1160 = EDGE_LOOP ( 'NONE', ( #5963, #1767, #5475, #5224 ) ) ;
#1161 = DIRECTION ( 'NONE',  ( 0.000000000000000000, 0.000000000000000000, -1.000000000000000000 ) ) ;
#1162 = CIRCLE ( 'NONE', #5893, 0.6349999999999994538 ) ;
#1163 = FACE_OUTER_BOUND ( 'NONE', #5949, .T. ) ;
#1164 = CARTESIAN_POINT ( 'NONE',  ( -7.381234758127525275, -2.410155142302404574, 1.949999999999999289 ) ) ;
#1165 = DIRECTION ( 'NONE',  ( -0.000000000000000000, -0.000000000000000000, -1.000000000000000000 ) ) ;
#1166 = DIRECTION ( 'NONE',  ( -0.000000000000000000, 0.000000000000000000, 1.000000000000000000 ) ) ;
#1167 = ORIENTED_EDGE ( 'NONE', *, *, #1764, .F. ) ;
#1168 = AXIS2_PLACEMENT_3D ( 'NONE', #5139, #2620, #6266 ) ;
#1169 = ADVANCED_FACE ( 'NONE', ( #5355 ), #1901, .T. ) ;
#1170 = ORIENTED_EDGE ( 'NONE', *, *, #2298, .T. ) ;
#1171 = EDGE_LOOP ( 'NONE', ( #5780, #2408, #254, #5741 ) ) ;
#1172 = ORIENTED_EDGE ( 'NONE', *, *, #543, .F. ) ;
#1173 = CARTESIAN_POINT ( 'NONE',  ( -0.5996879853991810005, 1.726333940111183685, 2.375000000000000000 ) ) ;
#1174 = LINE ( 'NONE', #6302, #1918 ) ;
#1175 = EDGE_CURVE ( 'NONE', #3976, #4921, #2381, .T. ) ;
#1176 = DIRECTION ( 'NONE',  ( 1.000000000000000000, 0.000000000000000000, -1.040834085586084503E-16 ) ) ;
#1177 = DIRECTION ( 'NONE',  ( 1.000000000000000000, 0.000000000000000000, 0.000000000000000000 ) ) ;
#1178 = ADVANCED_FACE ( 'NONE', ( #2661 ), #4459, .T. ) ;
#1179 = VECTOR ( 'NONE', #678, 100.0000000000000000 ) ;
#1180 = ORIENTED_EDGE ( 'NONE', *, *, #3306, .T. ) ;
#1181 = CARTESIAN_POINT ( 'NONE',  ( 1.120231217898365550, 0.2872678265620792759, 2.000000000000000444 ) ) ;
#1182 = CARTESIAN_POINT ( 'NONE',  ( 7.509176381417637991, 0.5592698305143695148, 1.877371516335382795 ) ) ;
#1183 = CARTESIAN_POINT ( 'NONE',  ( -5.843787586927575717, -1.406666666666666066, 2.375000000000000000 ) ) ;
#1184 = CIRCLE ( 'NONE', #1626, 0.7600000000000002309 ) ;
#1185 = CARTESIAN_POINT ( 'NONE',  ( 6.935871528757737714, 0.8200580204355342184, 1.514745147382186241 ) ) ;
#1186 = ORIENTED_EDGE ( 'NONE', *, *, #3387, .F. ) ;
#1187 = DIRECTION ( 'NONE',  ( -0.3291341199363030934, -0.9442831837397906991, 0.000000000000000000 ) ) ;
#1188 = AXIS2_PLACEMENT_3D ( 'NONE', #2452, #5653, #6691 ) ;
#1189 =( BOUNDED_CURVE ( )  B_SPLINE_CURVE ( 3, ( #3881, #250, #1272, #2215 ),
 .UNSPECIFIED., .F., .F. ) 
 B_SPLINE_CURVE_WITH_KNOTS ( ( 4, 4 ),
 ( 4.712388980384689674, 4.795941428204740120 ),
 .UNSPECIFIED. ) 
 CURVE ( )  GEOMETRIC_REPRESENTATION_ITEM ( )  RATIONAL_B_SPLINE_CURVE ( ( 1.000000000000000000, 0.9994183336422297614, 0.9994183336422297614, 1.000000000000000000 ) ) 
 REPRESENTATION_ITEM ( '' )  );
#1190 = DIRECTION ( 'NONE',  ( -1.387778780781445922E-16, -0.000000000000000000, -1.000000000000000000 ) ) ;
#1191 = CARTESIAN_POINT ( 'NONE',  ( 3.569560638803602526, 2.214019822534817994, -0.9165795208973003261 ) ) ;
#1192 = DIRECTION ( 'NONE',  ( -0.2588190451025207950, -0.9659258262890683122, 0.000000000000000000 ) ) ;
#1193 = EDGE_CURVE ( 'NONE', #6012, #639, #3148, .T. ) ;
#1194 = AXIS2_PLACEMENT_3D ( 'NONE', #2662, #123, #2223 ) ;
#1195 = DIRECTION ( 'NONE',  ( -1.000000000000000000, -0.000000000000000000, -0.000000000000000000 ) ) ;
#1196 = AXIS2_PLACEMENT_3D ( 'NONE', #5112, #1429, #397 ) ;
#1197 = CARTESIAN_POINT ( 'NONE',  ( -6.889217589629661020, -0.4066666666666662877, 0.9749412696424032410 ) ) ;
#1198 = CARTESIAN_POINT ( 'NONE',  ( -7.372779489814405451, -2.406666666666665844, 1.779584617360803867 ) ) ;
#1199 = DIRECTION ( 'NONE',  ( -0.5017213499663358833, 0.000000000000000000, 0.8650292983407890102 ) ) ;
#1200 = DIRECTION ( 'NONE',  ( 0.000000000000000000, 0.000000000000000000, 1.000000000000000000 ) ) ;
#1201 = CIRCLE ( 'NONE', #2633, 0.1249999999999999861 ) ;
#1202 = ORIENTED_EDGE ( 'NONE', *, *, #3194, .F. ) ;
#1203 = EDGE_CURVE ( 'NONE', #2781, #4933, #5798, .T. ) ;
#1204 = AXIS2_PLACEMENT_3D ( 'NONE', #3084, #1959, #1401 ) ;
#1205 = ORIENTED_EDGE ( 'NONE', *, *, #3935, .F. ) ;
#1206 = ORIENTED_EDGE ( 'NONE', *, *, #492, .F. ) ;
#1207 = ORIENTED_EDGE ( 'NONE', *, *, #1457, .T. ) ;
#1208 = EDGE_CURVE ( 'NONE', #4497, #5114, #3741, .T. ) ;
#1209 = CARTESIAN_POINT ( 'NONE',  ( -0.8105760350663047120, -1.441647193599739030, 0.1250000000000000000 ) ) ;
#1210 = DIRECTION ( 'NONE',  ( -1.040834085586084503E-16, -0.000000000000000000, -1.000000000000000000 ) ) ;
#1211 = CARTESIAN_POINT ( 'NONE',  ( 5.116637076900224734, 1.270833333333334147, 2.500000000000000000 ) ) ;
#1212 = VERTEX_POINT ( 'NONE', #3955 ) ;
#1213 = VERTEX_POINT ( 'NONE', #1419 ) ;
#1214 = DIRECTION ( 'NONE',  ( -0.000000000000000000, -0.000000000000000000, -1.000000000000000000 ) ) ;
#1215 = CARTESIAN_POINT ( 'NONE',  ( 7.017928508681817057, -1.731080651104600188, 1.513446381511360572 ) ) ;
#1216 = DIRECTION ( 'NONE',  ( -0.000000000000000000, -0.000000000000000000, -1.000000000000000000 ) ) ;
#1217 = CARTESIAN_POINT ( 'NONE',  ( 7.541666666666668739, -1.950952170947207076, 0.6250000000000003331 ) ) ;
#1218 = EDGE_CURVE ( 'NONE', #1820, #3587, #6000, .T. ) ;
#1219 = VERTEX_POINT ( 'NONE', #386 ) ;
#1220 = PLANE ( 'NONE',  #2589 ) ;
#1221 = DIRECTION ( 'NONE',  ( 0.5999999999999999778, 0.000000000000000000, -0.8000000000000000444 ) ) ;
#1222 = DIRECTION ( 'NONE',  ( -0.5999999999999996447, 0.000000000000000000, -0.8000000000000003775 ) ) ;
#1223 = LINE ( 'NONE', #5264, #2846 ) ;
#1224 = DIRECTION ( 'NONE',  ( 0.000000000000000000, -0.000000000000000000, -1.000000000000000000 ) ) ;
#1225 = CARTESIAN_POINT ( 'NONE',  ( 9.875000000000001776, -1.166666666666666519, 2.375000000000000000 ) ) ;
#1226 = FACE_BOUND ( 'NONE', #5985, .T. ) ;
#1227 = CARTESIAN_POINT ( 'NONE',  ( -7.124999999999999112, -2.406666666666666288, 1.062500000000000000 ) ) ;
#1228 = FACE_OUTER_BOUND ( 'NONE', #4019, .T. ) ;
#1229 = ORIENTED_EDGE ( 'NONE', *, *, #448, .T. ) ;
#1230 = ORIENTED_EDGE ( 'NONE', *, *, #5721, .F. ) ;
#1231 = ORIENTED_EDGE ( 'NONE', *, *, #2016, .F. ) ;
#1232 = EDGE_LOOP ( 'NONE', ( #1381, #2672, #6724, #6528 ) ) ;
#1233 = ADVANCED_FACE ( 'NONE', ( #3512 ), #3919, .T. ) ;
#1234 = DIRECTION ( 'NONE',  ( 0.000000000000000000, 0.000000000000000000, 1.000000000000000000 ) ) ;
#1235 = CARTESIAN_POINT ( 'NONE',  ( 9.375000000000001776, -1.166666666666666519, 0.5000000000000003331 ) ) ;
#1236 = DIRECTION ( 'NONE',  ( 1.000000000000000000, 0.000000000000000000, 0.000000000000000000 ) ) ;
#1237 = LINE ( 'NONE', #5039, #6025 ) ;
#1238 = ORIENTED_EDGE ( 'NONE', *, *, #6245, .T. ) ;
#1239 = ORIENTED_EDGE ( 'NONE', *, *, #2385, .T. ) ;
#1240 = AXIS2_PLACEMENT_3D ( 'NONE', #6432, #3842, #1333 ) ;
#1241 = ORIENTED_EDGE ( 'NONE', *, *, #6437, .T. ) ;
#1242 = DIRECTION ( 'NONE',  ( -0.000000000000000000, -0.000000000000000000, -1.000000000000000000 ) ) ;
#1243 = FACE_OUTER_BOUND ( 'NONE', #4654, .T. ) ;
#1244 = CARTESIAN_POINT ( 'NONE',  ( 7.526443615444062374, 0.5514152123547706452, 1.881505784616917198 ) ) ;
#1245 = TOROIDAL_SURFACE ( 'NONE', #3877, 1.134999999999999787, 0.1250000000000000000 ) ;
#1246 = CARTESIAN_POINT ( 'NONE',  ( -7.979999999999999538, -1.666666666666666297, 2.500000000000000000 ) ) ;
#1247 = EDGE_CURVE ( 'NONE', #953, #5028, #5036, .T. ) ;
#1248 = CARTESIAN_POINT ( 'NONE',  ( 8.740000000000001990, -1.166666666666666519, 0.1250000000000001110 ) ) ;
#1249 = TOROIDAL_SURFACE ( 'NONE', #598, 0.1250000000000000000, 0.06250000000000000000 ) ;
#1250 = EDGE_CURVE ( 'NONE', #5287, #307, #3801, .T. ) ;
#1251 = DIRECTION ( 'NONE',  ( -1.000000000000000000, 0.000000000000000000, 1.141265444721584251E-16 ) ) ;
#1252 = DIRECTION ( 'NONE',  ( -0.9435497843495183057, -0.3312307420122380108, 0.000000000000000000 ) ) ;
#1253 = CARTESIAN_POINT ( 'NONE',  ( -8.739999999999998437, -1.666666666666666297, 2.500000000000000000 ) ) ;
#1254 = CARTESIAN_POINT ( 'NONE',  ( 3.333333333333335258, -1.666666666666666963, 2.500000000000000000 ) ) ;
#1255 = EDGE_CURVE ( 'NONE', #5771, #569, #5347, .T. ) ;
#1256 = VECTOR ( 'NONE', #946, 100.0000000000000000 ) ;
#1257 = AXIS2_PLACEMENT_3D ( 'NONE', #5085, #4004, #2976 ) ;
#1258 = ORIENTED_EDGE ( 'NONE', *, *, #4991, .F. ) ;
#1259 = CARTESIAN_POINT ( 'NONE',  ( 0.2619739001692098501, -0.9050389159360503477, 0.1250000000000001110 ) ) ;
#1260 = CIRCLE ( 'NONE', #5116, 1.260000000000000009 ) ;
#1261 = CARTESIAN_POINT ( 'NONE',  ( 4.991637076900224734, 1.145833333333334147, 0.06250000000000000000 ) ) ;
#1262 = DIRECTION ( 'NONE',  ( 1.000000000000000000, 1.734723475976807094E-16, -0.000000000000000000 ) ) ;
#1263 = DIRECTION ( 'NONE',  ( 0.000000000000000000, 1.000000000000000000, -0.000000000000000000 ) ) ;
#1264 = VERTEX_POINT ( 'NONE', #6127 ) ;
#1265 = VECTOR ( 'NONE', #2401, 100.0000000000000000 ) ;
#1266 = EDGE_LOOP ( 'NONE', ( #860, #1320, #3696, #4191 ) ) ;
#1267 = VERTEX_POINT ( 'NONE', #4475 ) ;
#1268 = ORIENTED_EDGE ( 'NONE', *, *, #6782, .T. ) ;
#1269 = CARTESIAN_POINT ( 'NONE',  ( -4.905087559109038153, -1.095486795418325832, 0.000000000000000000 ) ) ;
#1270 = DIRECTION ( 'NONE',  ( -0.000000000000000000, -0.000000000000000000, -1.000000000000000000 ) ) ;
#1271 = CARTESIAN_POINT ( 'NONE',  ( 7.000000000000001776, -1.718582527600188925, 1.022410635852267768 ) ) ;
#1272 = CARTESIAN_POINT ( 'NONE',  ( -7.353473023167580003, -2.407830168648538827, 0.5734239638724552002 ) ) ;
#1273 = ORIENTED_EDGE ( 'NONE', *, *, #2764, .T. ) ;
#1274 = EDGE_CURVE ( 'NONE', #2097, #4896, #1950, .T. ) ;
#1275 = ORIENTED_EDGE ( 'NONE', *, *, #6164, .T. ) ;
#1276 = ORIENTED_EDGE ( 'NONE', *, *, #5305, .F. ) ;
#1277 = CARTESIAN_POINT ( 'NONE',  ( 7.593424118920733434, 0.5209467378937673310, 0.5000000000000003331 ) ) ;
#1278 = EDGE_CURVE ( 'NONE', #3724, #2303, #6064, .T. ) ;
#1279 = DIRECTION ( 'NONE',  ( -0.9446284728628753236, -0.3281418111986830199, 0.000000000000000000 ) ) ;
#1280 = DIRECTION ( 'NONE',  ( -0.9659258262890682012, 0.2588190451025212391, 0.000000000000000000 ) ) ;
#1281 = CARTESIAN_POINT ( 'NONE',  ( -5.843787586927575717, -2.406666666666665844, 2.500000000000000000 ) ) ;
#1282 = TOROIDAL_SURFACE ( 'NONE', #5468, 1.134999999999999787, 0.1250000000000000000 ) ;
#1283 = ADVANCED_FACE ( 'NONE', ( #4059 ), #898, .F. ) ;
#1284 =( BOUNDED_SURFACE ( )  B_SPLINE_SURFACE ( 3, 2, ( 
 ( #4779, #6328, #70 ),
 ( #2232, #5368, #1197 ),
 ( #615, #5332, #6463 ),
 ( #2773, #3772, #4325 ) ),
 .UNSPECIFIED., .F., .F., .F. ) 
 B_SPLINE_SURFACE_WITH_KNOTS ( ( 4, 4 ),
 ( 3, 3 ),
 ( 0.000000000000000000, 0.001304684007854721830 ),
 ( 0.000000000000000000, 1.000000000000000000 ),
 .UNSPECIFIED. ) 
 GEOMETRIC_REPRESENTATION_ITEM ( )  RATIONAL_B_SPLINE_SURFACE ( (
 ( 1.000000000000000000, 0.7071067811865475727, 1.000000000000000000),
 ( 1.000000000000000000, 0.7131703449059572097, 1.000000000000000000),
 ( 1.000000000000000000, 0.7177185251379212261, 1.000000000000000000),
 ( 1.000000000000000000, 0.7176327365921955082, 1.000000000000000000) ) ) 
 REPRESENTATION_ITEM ( '' )  SURFACE ( )  );
#1285 = ADVANCED_FACE ( 'NONE', ( #2389 ), #4692, .T. ) ;
#1286 = DIRECTION ( 'NONE',  ( 0.9442831837397906991, -0.3291341199363030934, 0.000000000000000000 ) ) ;
#1287 = AXIS2_PLACEMENT_3D ( 'NONE', #593, #798, #6585 ) ;
#1288 = EDGE_CURVE ( 'NONE', #1349, #2718, #2964, .T. ) ;
#1289 = CARTESIAN_POINT ( 'NONE',  ( -7.541666666666666075, -2.427326651523673551, 1.875000000000000000 ) ) ;
#1290 = DIRECTION ( 'NONE',  ( -0.000000000000000000, -0.000000000000000000, -1.000000000000000000 ) ) ;
#1291 = CARTESIAN_POINT ( 'NONE',  ( -6.999999999999999112, -2.926666666666667194, 1.500000000000000000 ) ) ;
#1292 = CARTESIAN_POINT ( 'NONE',  ( -7.503418179598900117, -2.427972035974797382, 1.872069292137389818 ) ) ;
#1293 = AXIS2_PLACEMENT_3D ( 'NONE', #1460, #1529, #3545 ) ;
#1294 = ORIENTED_EDGE ( 'NONE', *, *, #3112, .F. ) ;
#1295 = CARTESIAN_POINT ( 'NONE',  ( -7.297779489814402609, -3.406666666666666288, 0.6250000000000003331 ) ) ;
#1296 = AXIS2_PLACEMENT_3D ( 'NONE', #468, #5672, #5607 ) ;
#1297 = LINE ( 'NONE', #1721, #1316 ) ;
#1298 = CARTESIAN_POINT ( 'NONE',  ( 2.120919747349572226, -1.901314327974249263, 0.04813372607175869788 ) ) ;
#1299 = CARTESIAN_POINT ( 'NONE',  ( 6.970429780250432472, 0.8043379653691883346, 0.9161383496322226261 ) ) ;
#1300 = ORIENTED_EDGE ( 'NONE', *, *, #1897, .T. ) ;
#1301 = EDGE_LOOP ( 'NONE', ( #1055, #2023, #1896, #2730 ) ) ;
#1302 = CIRCLE ( 'NONE', #2522, 0.1250000000000001110 ) ;
#1303 = ORIENTED_EDGE ( 'NONE', *, *, #1857, .T. ) ;
#1304 = DIRECTION ( 'NONE',  ( -0.7517689932648529139, 0.3419689787775653245, 0.5638267449486397132 ) ) ;
#1305 = CIRCLE ( 'NONE', #5277, 1.260000000000000009 ) ;
#1306 = FACE_OUTER_BOUND ( 'NONE', #3597, .T. ) ;
#1307 = CARTESIAN_POINT ( 'NONE',  ( 4.991637076900224734, 1.270833333333334147, -0.007045904514871997870 ) ) ;
#1308 = DIRECTION ( 'NONE',  ( 0.000000000000000000, -0.000000000000000000, -1.000000000000000000 ) ) ;
#1309 = DIRECTION ( 'NONE',  ( -0.000000000000000000, -1.000000000000000000, 0.000000000000000000 ) ) ;
#1310 = TOROIDAL_SURFACE ( 'NONE', #1431, 0.8750000000000001110, 0.1250000000000000000 ) ;
#1311 = DIRECTION ( 'NONE',  ( 0.000000000000000000, 0.000000000000000000, -1.000000000000000000 ) ) ;
#1312 = ORIENTED_EDGE ( 'NONE', *, *, #2148, .T. ) ;
#1313 = ORIENTED_EDGE ( 'NONE', *, *, #6737, .F. ) ;
#1314 = ORIENTED_EDGE ( 'NONE', *, *, #1683, .T. ) ;
#1315 = CARTESIAN_POINT ( 'NONE',  ( 6.962614469617695256, 0.8078930385630160860, 0.9106072369772783004 ) ) ;
#1316 = VECTOR ( 'NONE', #1751, 100.0000000000000000 ) ;
#1317 = CARTESIAN_POINT ( 'NONE',  ( 7.967313029774358846, 0.2154126477727905109, 2.500000000000000000 ) ) ;
#1318 = DIRECTION ( 'NONE',  ( -1.000000000000000000, 0.000000000000000000, 0.000000000000000000 ) ) ;
#1319 = DIRECTION ( 'NONE',  ( -0.9699099091877008139, -0.2434641001451877396, -0.000000000000000000 ) ) ;
#1320 = ORIENTED_EDGE ( 'NONE', *, *, #459, .T. ) ;
#1321 = CARTESIAN_POINT ( 'NONE',  ( -0.8105760350663047120, -1.441647193599739030, 2.375000000000000000 ) ) ;
#1322 = EDGE_CURVE ( 'NONE', #733, #3191, #3284, .T. ) ;
#1323 = ADVANCED_FACE ( 'NONE', ( #4995 ), #288, .F. ) ;
#1324 = CARTESIAN_POINT ( 'NONE',  ( -0.1543765338149420130, 0.4397597406110719254, 0.06250000000000000000 ) ) ;
#1325 = DIRECTION ( 'NONE',  ( 0.8000000000000005995, 1.387778780781446415E-16, 0.5999999999999992006 ) ) ;
#1326 = DIRECTION ( 'NONE',  ( -0.000000000000000000, 0.000000000000000000, 1.000000000000000000 ) ) ;
#1327 = CARTESIAN_POINT ( 'NONE',  ( -7.490843678296355002, -2.425179619515207552, 1.999999999520316818 ) ) ;
#1328 = ADVANCED_FACE ( 'NONE', ( #3477 ), #672, .T. ) ;
#1329 = ORIENTED_EDGE ( 'NONE', *, *, #5514, .T. ) ;
#1330 = LINE ( 'NONE', #2878, #6763 ) ;
#1331 = CARTESIAN_POINT ( 'NONE',  ( 7.593424118920733434, 0.5209467378937672200, 2.000000000000000000 ) ) ;
#1332 = CYLINDRICAL_SURFACE ( 'NONE', #5778, 0.06250000000000000000 ) ;
#1333 = DIRECTION ( 'NONE',  ( 0.000000000000000000, 0.000000000000000000, 1.000000000000000000 ) ) ;
#1334 = ORIENTED_EDGE ( 'NONE', *, *, #5363, .T. ) ;
#1335 = ORIENTED_EDGE ( 'NONE', *, *, #2153, .F. ) ;
#1336 = EDGE_CURVE ( 'NONE', #2827, #246, #296, .T. ) ;
#1337 = EDGE_LOOP ( 'NONE', ( #1496, #1241, #4260, #4085 ) ) ;
#1338 = CARTESIAN_POINT ( 'NONE',  ( 9.375000000000001776, -1.166666666666666519, 2.375000000000000000 ) ) ;
#1339 = LINE ( 'NONE', #865, #163 ) ;
#1340 = CARTESIAN_POINT ( 'NONE',  ( -7.404120774953945272, -2.281666666666665844, 1.803090581215458954 ) ) ;
#1341 = DIRECTION ( 'NONE',  ( -1.000000000000000000, 0.000000000000000000, 1.387778780781445922E-16 ) ) ;
#1342 = EDGE_CURVE ( 'NONE', #6219, #2781, #1720, .T. ) ;
#1343 =( NAMED_UNIT ( * ) SI_UNIT ( $, .STERADIAN. ) SOLID_ANGLE_UNIT ( ) );
#1344 = DIRECTION ( 'NONE',  ( -0.000000000000000000, 0.000000000000000000, 1.000000000000000000 ) ) ;
#1345 = ORIENTED_EDGE ( 'NONE', *, *, #1477, .F. ) ;
#1346 = EDGE_CURVE ( 'NONE', #6784, #2362, #1162, .T. ) ;
#1347 = EDGE_CURVE ( 'NONE', #2362, #2885, #2599, .T. ) ;
#1348 = ORIENTED_EDGE ( 'NONE', *, *, #4021, .F. ) ;
#1349 = VERTEX_POINT ( 'NONE', #9 ) ;
#1350 = CARTESIAN_POINT ( 'NONE',  ( 0.2315408876510614555, -0.7838001772875876627, 2.375000000000000000 ) ) ;
#1351 = DIRECTION ( 'NONE',  ( -1.000000000000000000, 0.000000000000000000, 0.000000000000000000 ) ) ;
#1352 = AXIS2_PLACEMENT_3D ( 'NONE', #2886, #1940, #247 ) ;
#1353 = ORIENTED_EDGE ( 'NONE', *, *, #2072, .T. ) ;
#1354 = DIRECTION ( 'NONE',  ( -0.5539977161136320216, -0.8325181863123950476, 0.000000000000000000 ) ) ;
#1355 = AXIS2_PLACEMENT_3D ( 'NONE', #5279, #4136, #6761 ) ;
#1356 = CIRCLE ( 'NONE', #4122, 1.260000000000000009 ) ;
#1357 = TOROIDAL_SURFACE ( 'NONE', #5663, 0.2500000000000000000, 0.1250000000000000000 ) ;
#1358 = LINE ( 'NONE', #5604, #168 ) ;
#1359 = CARTESIAN_POINT ( 'NONE',  ( 3.333333333333335258, -1.666666666666666963, 0.1250000000000001110 ) ) ;
#1360 = CARTESIAN_POINT ( 'NONE',  ( -6.974999999999999645, -0.4066666666666662877, 1.637500000000000400 ) ) ;
#1361 = DIRECTION ( 'NONE',  ( 1.000000000000000000, 0.000000000000000000, -1.040834085586084503E-16 ) ) ;
#1362 = AXIS2_PLACEMENT_3D ( 'NONE', #2138, #1100, #3203 ) ;
#1363 = VERTEX_POINT ( 'NONE', #1489 ) ;
#1364 = EDGE_CURVE ( 'NONE', #2316, #4110, #999, .T. ) ;
#1365 = AXIS2_PLACEMENT_3D ( 'NONE', #5807, #1546, #3124 ) ;
#1366 = DIRECTION ( 'NONE',  ( -1.000000000000000000, -0.000000000000000000, -0.000000000000000000 ) ) ;
#1367 = EDGE_CURVE ( 'NONE', #1032, #359, #6296, .T. ) ;
#1368 = AXIS2_PLACEMENT_3D ( 'NONE', #681, #5913, #1654 ) ;
#1369 = TOROIDAL_SURFACE ( 'NONE', #6762, 0.7599999999999995648, 0.1250000000000000000 ) ;
#1370 = AXIS2_PLACEMENT_3D ( 'NONE', #5912, #3292, #5398 ) ;
#1371 = CARTESIAN_POINT ( 'NONE',  ( 5.900805557594625661, -1.511398248755885909, 2.500000000000000000 ) ) ;
#1372 = CARTESIAN_POINT ( 'NONE',  ( 9.875000000000001776, -1.166666666666666519, 2.500000000000000000 ) ) ;
#1373 = CIRCLE ( 'NONE', #5987, 0.1249999999999999445 ) ;
#1374 =( BOUNDED_SURFACE ( )  B_SPLINE_SURFACE ( 3, 2, ( 
 ( #3947, #6574, #347 ),
 ( #2339, #3431, #5537 ),
 ( #1967, #4051, #6611 ),
 ( #6156, #6536, #1299 ),
 ( #5027, #1932, #822 ),
 ( #3402, #1375, #377 ) ),
 .UNSPECIFIED., .F., .F., .F. ) 
 B_SPLINE_SURFACE_WITH_KNOTS ( ( 4, 2, 4 ),
 ( 3, 3 ),
 ( 0.000000000000000000, 0.4636476090008057049, 0.9272952180016114099 ),
 ( 0.000000000000000000, 1.000000000000000000 ),
 .UNSPECIFIED. ) 
 GEOMETRIC_REPRESENTATION_ITEM ( )  RATIONAL_B_SPLINE_SURFACE ( (
 ( 1.000000000000000000, 0.8408506460818457873, 1.000000000000000000),
 ( 1.000000000000000000, 0.8408674898254736574, 1.000000000000000000),
 ( 1.000000000000000000, 0.8363952268051980665, 1.000000000000000000),
 ( 1.000000000000000000, 0.8191084313383411031, 1.000000000000000000),
 ( 1.000000000000000000, 0.8062921734400029239, 1.000000000000000000),
 ( 1.000000000000000000, 0.7900746074958708842, 1.000000000000000000) ) ) 
 REPRESENTATION_ITEM ( '' )  SURFACE ( )  );
#1375 = CARTESIAN_POINT ( 'NONE',  ( 7.076533018531550034, 0.7560731175701208562, 0.9426002361013391395 ) ) ;
#1376 = ORIENTED_EDGE ( 'NONE', *, *, #701, .F. ) ;
#1377 = EDGE_CURVE ( 'NONE', #3416, #6085, #3689, .T. ) ;
#1378 = ORIENTED_EDGE ( 'NONE', *, *, #4572, .T. ) ;
#1379 = AXIS2_PLACEMENT_3D ( 'NONE', #3355, #5394, #4942 ) ;
#1380 = CIRCLE ( 'NONE', #4551, 0.06250000000000000000 ) ;
#1381 = ORIENTED_EDGE ( 'NONE', *, *, #4698, .T. ) ;
#1382 = AXIS2_PLACEMENT_3D ( 'NONE', #856, #2442, #4536 ) ;
#1383 = DIRECTION ( 'NONE',  ( -1.000000000000000000, 0.000000000000000000, 0.000000000000000000 ) ) ;
#1384 = DIRECTION ( 'NONE',  ( -0.9435497843495181947, -0.3312307420122378998, -0.000000000000000000 ) ) ;
#1385 = CARTESIAN_POINT ( 'NONE',  ( -2.416666666666664742, -1.577423855031341970, -0.007045904514871997870 ) ) ;
#1386 = DIRECTION ( 'NONE',  ( -1.000000000000000000, 0.000000000000000000, 0.000000000000000000 ) ) ;
#1387 = DIRECTION ( 'NONE',  ( 0.2434641001451878228, -0.9699099091877008139, 0.000000000000000000 ) ) ;
#1388 = DIRECTION ( 'NONE',  ( -0.000000000000000000, 0.000000000000000000, 1.000000000000000000 ) ) ;
#1389 = ADVANCED_FACE ( 'NONE', ( #964 ), #4128, .T. ) ;
#1390 = VERTEX_POINT ( 'NONE', #3031 ) ;
#1391 = AXIS2_PLACEMENT_3D ( 'NONE', #6484, #3312, #226 ) ;
#1392 = VERTEX_POINT ( 'NONE', #1522 ) ;
#1393 = ORIENTED_EDGE ( 'NONE', *, *, #693, .F. ) ;
#1394 = ADVANCED_FACE ( 'NONE', ( #2585 ), #1451, .T. ) ;
#1395 = DIRECTION ( 'NONE',  ( 0.000000000000000000, 1.000000000000000000, 0.000000000000000000 ) ) ;
#1396 = CARTESIAN_POINT ( 'NONE',  ( 0.1988097293451667469, -0.7920162620271777865, 0.1250000000000001110 ) ) ;
#1397 = DIRECTION ( 'NONE',  ( -1.000000000000000000, 0.000000000000000000, 0.000000000000000000 ) ) ;
#1398 = ORIENTED_EDGE ( 'NONE', *, *, #4655, .F. ) ;
#1399 = LINE ( 'NONE', #4455, #2699 ) ;
#1400 = DIRECTION ( 'NONE',  ( 0.000000000000000000, -1.000000000000000000, 0.000000000000000000 ) ) ;
#1401 = DIRECTION ( 'NONE',  ( -1.000000000000000000, 0.000000000000000000, 0.000000000000000000 ) ) ;
#1402 = CARTESIAN_POINT ( 'NONE',  ( -7.541666666666666075, -0.4066666666666662877, 2.000000000000000000 ) ) ;
#1403 = CARTESIAN_POINT ( 'NONE',  ( 7.026757452254066116, 0.7787153118086229675, 1.637499999999999734 ) ) ;
#1404 = ORIENTED_EDGE ( 'NONE', *, *, #258, .T. ) ;
#1405 = DIRECTION ( 'NONE',  ( -0.000000000000000000, 0.000000000000000000, 1.000000000000000000 ) ) ;
#1406 = AXIS2_PLACEMENT_3D ( 'NONE', #6288, #4680, #6258 ) ;
#1407 = DIRECTION ( 'NONE',  ( -0.000000000000000000, 0.000000000000000000, 1.000000000000000000 ) ) ;
#1408 = DIRECTION ( 'NONE',  ( 0.000000000000000000, -1.000000000000000000, 0.000000000000000000 ) ) ;
#1409 = FACE_BOUND ( 'NONE', #6307, .T. ) ;
#1410 = CIRCLE ( 'NONE', #5261, 0.1250000000000001110 ) ;
#1411 = VERTEX_POINT ( 'NONE', #3540 ) ;
#1412 = VERTEX_POINT ( 'NONE', #2077 ) ;
#1413 = ORIENTED_EDGE ( 'NONE', *, *, #3815, .T. ) ;
#1414 = VECTOR ( 'NONE', #1772, 100.0000000000000142 ) ;
#1415 = CARTESIAN_POINT ( 'NONE',  ( -4.967587559109038153, -1.095486795418325832, 2.437500000000000000 ) ) ;
#1416 = CARTESIAN_POINT ( 'NONE',  ( 1.446443546245209433, 3.179795467010756216, 2.000000000000000444 ) ) ;
#1417 = CARTESIAN_POINT ( 'NONE',  ( -6.889012907567192201, -0.4066666666666661212, 1.524661722229130989 ) ) ;
#1418 = EDGE_CURVE ( 'NONE', #1526, #1264, #3609, .T. ) ;
#1419 = CARTESIAN_POINT ( 'NONE',  ( -7.466666666666665897, -0.5316666666666663987, 0.6500000000000005773 ) ) ;
#1420 = LINE ( 'NONE', #4438, #383 ) ;
#1421 = DIRECTION ( 'NONE',  ( 0.3291341199363027048, 0.9442831837397906991, 0.000000000000000000 ) ) ;
#1422 = VERTEX_POINT ( 'NONE', #4088 ) ;
#1423 = ORIENTED_EDGE ( 'NONE', *, *, #6684, .F. ) ;
#1424 = ADVANCED_FACE ( 'NONE', ( #4720 ), #3098, .T. ) ;
#1425 = ORIENTED_EDGE ( 'NONE', *, *, #741, .T. ) ;
#1426 = AXIS2_PLACEMENT_3D ( 'NONE', #878, #4036, #1500 ) ;
#1427 = DIRECTION ( 'NONE',  ( 0.000000000000000000, 0.000000000000000000, -1.000000000000000000 ) ) ;
#1428 = CARTESIAN_POINT ( 'NONE',  ( -7.400100874371021042, -2.411735130847075581, 1.965918285580449121 ) ) ;
#1429 = DIRECTION ( 'NONE',  ( 0.000000000000000000, -0.000000000000000000, -1.000000000000000000 ) ) ;
#1430 = CIRCLE ( 'NONE', #1754, 0.1249999999999998196 ) ;
#1431 = AXIS2_PLACEMENT_3D ( 'NONE', #4158, #4750, #35 ) ;
#1432 = PRODUCT_DEFINITION ( 'UNKNOWN', '', #6554, #2196 ) ;
#1433 = ORIENTED_EDGE ( 'NONE', *, *, #2487, .F. ) ;
#1434 = CARTESIAN_POINT ( 'NONE',  ( -0.1229239912518637901, 1.708333333333333925, 2.500000000000000000 ) ) ;
#1435 = DIRECTION ( 'NONE',  ( 0.000000000000000000, -0.000000000000000000, -1.000000000000000000 ) ) ;
#1436 = CARTESIAN_POINT ( 'NONE',  ( -0.4299847982685861547, 0.4582270283001975697, 2.500000000000000000 ) ) ;
#1437 = DIRECTION ( 'NONE',  ( 0.000000000000000000, 0.000000000000000000, 1.000000000000000000 ) ) ;
#1438 = DIRECTION ( 'NONE',  ( -1.000000000000000000, 0.000000000000000000, 0.000000000000000000 ) ) ;
#1439 = ADVANCED_FACE ( 'NONE', ( #6192 ), #5603, .T. ) ;
#1440 = EDGE_CURVE ( 'NONE', #3872, #6503, #6558, .T. ) ;
#1441 = ORIENTED_EDGE ( 'NONE', *, *, #1128, .F. ) ;
#1442 = CARTESIAN_POINT ( 'NONE',  ( 4.427163186553408458, -2.155151400260489236, 0.01578827151591521982 ) ) ;
#1443 = AXIS2_PLACEMENT_3D ( 'NONE', #201, #2022, #3558 ) ;
#1444 = CARTESIAN_POINT ( 'NONE',  ( 3.333333333333335258, -1.666666666666666963, 0.1250000000000001110 ) ) ;
#1445 = DIRECTION ( 'NONE',  ( 0.000000000000000000, -0.000000000000000000, -1.000000000000000000 ) ) ;
#1446 = CARTESIAN_POINT ( 'NONE',  ( -9.874999999999998224, -1.666666666666666297, 1.875000000000000222 ) ) ;
#1447 = ORIENTED_EDGE ( 'NONE', *, *, #2074, .T. ) ;
#1448 = ORIENTED_EDGE ( 'NONE', *, *, #1595, .T. ) ;
#1449 = CARTESIAN_POINT ( 'NONE',  ( -7.011337539200668267, -0.5316666666666662877, 1.009325780308418796 ) ) ;
#1450 = CARTESIAN_POINT ( 'NONE',  ( -6.878749186157199880, -0.4062167607600810082, 1.437500000000000000 ) ) ;
#1451 = CYLINDRICAL_SURFACE ( 'NONE', #1168, 0.1250000000000000000 ) ;
#1452 = EDGE_CURVE ( 'NONE', #2866, #3034, #1506, .T. ) ;
#1453 =( NAMED_UNIT ( * ) PLANE_ANGLE_UNIT ( ) SI_UNIT ( $, .RADIAN. ) );
#1454 = CARTESIAN_POINT ( 'NONE',  ( -8.105000000000000426, -1.666666666666666297, 2.500000000000000000 ) ) ;
#1455 = ORIENTED_EDGE ( 'NONE', *, *, #3260, .T. ) ;
#1456 = ORIENTED_EDGE ( 'NONE', *, *, #3484, .F. ) ;
#1457 = EDGE_CURVE ( 'NONE', #6576, #26, #4134, .T. ) ;
#1458 = VERTEX_POINT ( 'NONE', #175 ) ;
#1459 = ADVANCED_FACE ( 'NONE', ( #2748 ), #4916, .T. ) ;
#1460 = CARTESIAN_POINT ( 'NONE',  ( 3.958060731020411731E-16, -2.281666666666664955, 2.375000000000000000 ) ) ;
#1461 = CARTESIAN_POINT ( 'NONE',  ( -7.381234758127525275, -2.410155142302404130, 1.949999999999999734 ) ) ;
#1462 = CARTESIAN_POINT ( 'NONE',  ( -6.999999999999999112, -2.281666666666665844, 1.062500000000000000 ) ) ;
#1463 = ORIENTED_EDGE ( 'NONE', *, *, #925, .T. ) ;
#1464 = CARTESIAN_POINT ( 'NONE',  ( 9.033759616191366248, -0.07034085382857446778, 1.875000000000000222 ) ) ;
#1465 = DIRECTION ( 'NONE',  ( -0.000000000000000000, 0.000000000000000000, 1.000000000000000000 ) ) ;
#1466 = CARTESIAN_POINT ( 'NONE',  ( -6.999999999999999112, -0.5311605225217577164, 1.062500000000000000 ) ) ;
#1467 = CARTESIAN_POINT ( 'NONE',  ( -2.314701325836939994, -1.310327434552292836, 0.000000000000000000 ) ) ;
#1468 = EDGE_CURVE ( 'NONE', #3872, #4705, #4257, .T. ) ;
#1469 = CARTESIAN_POINT ( 'NONE',  ( 6.970429780250435137, 0.8043379653691870024, 1.583861650367791141 ) ) ;
#1470 = ADVANCED_FACE ( 'NONE', ( #3841 ), #6431, .T. ) ;
#1471 = VERTEX_POINT ( 'NONE', #2234 ) ;
#1472 = CARTESIAN_POINT ( 'NONE',  ( 0.2679343889853183502, -0.7746647813404545779, 2.500000000000000000 ) ) ;
#1473 = ADVANCED_FACE ( 'NONE', ( #4817 ), #2814, .T. ) ;
#1474 = AXIS2_PLACEMENT_3D ( 'NONE', #351, #2448, #5989 ) ;
#1475 = EDGE_CURVE ( 'NONE', #159, #3951, #4795, .T. ) ;
#1476 = CARTESIAN_POINT ( 'NONE',  ( 7.050000000000002487, 0.6649340913187362645, 1.537500000000000089 ) ) ;
#1477 = EDGE_CURVE ( 'NONE', #2439, #5507, #1099, .T. ) ;
#1478 = DIRECTION ( 'NONE',  ( 0.000000000000000000, 0.000000000000000000, -1.000000000000000000 ) ) ;
#1479 = ORIENTED_EDGE ( 'NONE', *, *, #4310, .T. ) ;
#1480 = VECTOR ( 'NONE', #5820, 100.0000000000000000 ) ;
#1481 = AXIS2_PLACEMENT_3D ( 'NONE', #4299, #216, #662 ) ;
#1482 = B_SPLINE_CURVE_WITH_KNOTS ( 'NONE', 3,
 ( #5046, #2494, #2527, #4556, #1428, #3523 ),
 .UNSPECIFIED., .F., .F.,
 ( 4, 2, 4 ),
 ( 0.000000000000000000, 0.0007299121850104475957, 0.001459824370020895191 ),
 .UNSPECIFIED. ) ;
#1483 = ORIENTED_EDGE ( 'NONE', *, *, #2222, .F. ) ;
#1485 = CARTESIAN_POINT ( 'NONE',  ( 4.491576537518830570, 0.8333333333333340365, 2.500000000000000000 ) ) ;
#1484 = CIRCLE ( 'NONE', #6202, 0.1250000000000001110 ) ;
#1486 = VECTOR ( 'NONE', #5338, 100.0000000000000000 ) ;
#1487 = VECTOR ( 'NONE', #4604, 100.0000000000000000 ) ;
#1488 = LINE ( 'NONE', #4583, #1653 ) ;
#1489 = CARTESIAN_POINT ( 'NONE',  ( -3.171783133851561409, -0.2220578311170101349, 2.500000000000000000 ) ) ;
#1490 = CARTESIAN_POINT ( 'NONE',  ( 0.000000000000000000, 1.333333333333334147, -0.007045904514871997870 ) ) ;
#1491 = CARTESIAN_POINT ( 'NONE',  ( 8.740000000000001990, -1.166666666666666519, 0.5000000000000004441 ) ) ;
#1492 = ORIENTED_EDGE ( 'NONE', *, *, #4530, .T. ) ;
#1493 = CIRCLE ( 'NONE', #502, 1.260000000000000009 ) ;
#1494 = AXIS2_PLACEMENT_3D ( 'NONE', #4041, #910, #401 ) ;
#1495 = EDGE_LOOP ( 'NONE', ( #4731, #5076, #3163, #2149, #2124, #2639 ) ) ;
#1496 = ORIENTED_EDGE ( 'NONE', *, *, #5659, .T. ) ;
#1497 = AXIS2_PLACEMENT_3D ( 'NONE', #88, #1668, #5451 ) ;
#1498 = DIRECTION ( 'NONE',  ( 0.000000000000000000, -0.000000000000000000, -1.000000000000000000 ) ) ;
#1499 = DIRECTION ( 'NONE',  ( 0.000000000000000000, 0.000000000000000000, -1.000000000000000000 ) ) ;
#1500 = DIRECTION ( 'NONE',  ( 1.000000000000000000, 0.000000000000000000, 0.000000000000000000 ) ) ;
#1501 = AXIS2_PLACEMENT_3D ( 'NONE', #1606, #3694, #4308 ) ;
#1502 = EDGE_LOOP ( 'NONE', ( #6131, #3873, #1640, #3154 ) ) ;
#1503 = DIRECTION ( 'NONE',  ( -0.000000000000000000, 0.000000000000000000, 1.000000000000000000 ) ) ;
#1504 = CARTESIAN_POINT ( 'NONE',  ( -0.8105760350663047120, -1.441647193599739030, 2.375000000000000000 ) ) ;
#1505 = DIRECTION ( 'NONE',  ( 1.000000000000000000, 0.000000000000000000, 0.000000000000000000 ) ) ;
#1506 = CIRCLE ( 'NONE', #6785, 0.06250000000000005551 ) ;
#1507 = ADVANCED_FACE ( 'NONE', ( #1656 ), #4464, .T. ) ;
#1508 = CARTESIAN_POINT ( 'NONE',  ( -9.499999999999998224, -1.666666666666666297, 2.375000000000000000 ) ) ;
#1509 = ORIENTED_EDGE ( 'NONE', *, *, #5245, .F. ) ;
#1510 = ORIENTED_EDGE ( 'NONE', *, *, #5248, .T. ) ;
#1511 = EDGE_LOOP ( 'NONE', ( #4967, #993, #6228, #2680 ) ) ;
#1512 = CARTESIAN_POINT ( 'NONE',  ( -0.1958629230997752102, 1.270833333333334147, 0.06250000000000000000 ) ) ;
#1513 = EDGE_CURVE ( 'NONE', #733, #6344, #5008, .T. ) ;
#1514 = DIRECTION ( 'NONE',  ( -1.000000000000000000, 0.000000000000000000, 0.000000000000000000 ) ) ;
#1515 = SPHERICAL_SURFACE ( 'NONE', #4659, 0.1250000000000000000 ) ;
#1516 = EDGE_LOOP ( 'NONE', ( #4746, #3311, #995, #852 ) ) ;
#1517 = AXIS2_PLACEMENT_3D ( 'NONE', #5808, #6224, #4743 ) ;
#1518 = ORIENTED_EDGE ( 'NONE', *, *, #3923, .F. ) ;
#1519 = CARTESIAN_POINT ( 'NONE',  ( 0.06770833333333496629, -0.8249249714912662013, 0.1250000000000000000 ) ) ;
#1520 = VECTOR ( 'NONE', #885, 100.0000000000000142 ) ;
#1521 = LINE ( 'NONE', #5035, #3515 ) ;
#1522 = CARTESIAN_POINT ( 'NONE',  ( -7.541666666666666075, -2.308420772084294637, 0.6250000000000003331 ) ) ;
#1523 = DIRECTION ( 'NONE',  ( 0.000000000000000000, -1.000000000000000000, 0.000000000000000000 ) ) ;
#1524 = CARTESIAN_POINT ( 'NONE',  ( -0.2785880620695311838, 0.7935909097421410818, 0.06250000000000000000 ) ) ;
#1525 = ORIENTED_EDGE ( 'NONE', *, *, #2692, .T. ) ;
#1526 = VERTEX_POINT ( 'NONE', #4293 ) ;
#1527 = CIRCLE ( 'NONE', #4153, 0.06250000000000005551 ) ;
#1528 = ORIENTED_EDGE ( 'NONE', *, *, #1342, .T. ) ;
#1529 = DIRECTION ( 'NONE',  ( -1.000000000000000000, -1.734723475976807094E-16, 0.000000000000000000 ) ) ;
#1530 = CARTESIAN_POINT ( 'NONE',  ( -6.999999999999999112, -2.281666666666665844, 1.500000000000000000 ) ) ;
#1531 = VECTOR ( 'NONE', #1807, 100.0000000000000000 ) ;
#1532 = DIRECTION ( 'NONE',  ( 0.000000000000000000, -0.000000000000000000, -1.000000000000000000 ) ) ;
#1533 = EDGE_LOOP ( 'NONE', ( #722, #6024, #3464, #5466 ) ) ;
#1534 = DIRECTION ( 'NONE',  ( -1.000000000000000000, 0.000000000000000000, 0.000000000000000000 ) ) ;
#1535 = CARTESIAN_POINT ( 'NONE',  ( -7.124999999999999112, -2.406666666666666288, 1.437500000000000000 ) ) ;
#1536 = DIRECTION ( 'NONE',  ( -0.000000000000000000, 0.000000000000000000, 1.000000000000000000 ) ) ;
#1537 = DIRECTION ( 'NONE',  ( 0.000000000000000000, 0.000000000000000000, 1.000000000000000000 ) ) ;
#1538 = ORIENTED_EDGE ( 'NONE', *, *, #4535, .F. ) ;
#1539 = CIRCLE ( 'NONE', #880, 1.260000000000000009 ) ;
#1540 = ORIENTED_EDGE ( 'NONE', *, *, #2600, .F. ) ;
#1541 = ORIENTED_EDGE ( 'NONE', *, *, #2653, .F. ) ;
#1542 = ADVANCED_FACE ( 'NONE', ( #3745 ), #5299, .F. ) ;
#1543 = LINE ( 'NONE', #5737, #3565 ) ;
#1544 = ADVANCED_FACE ( 'NONE', ( #4327 ), #4552, .T. ) ;
#1545 = AXIS2_PLACEMENT_3D ( 'NONE', #3910, #4363, #2880 ) ;
#1546 = DIRECTION ( 'NONE',  ( 1.000000000000000000, 0.000000000000000000, 0.000000000000000000 ) ) ;
#1547 = LINE ( 'NONE', #5325, #2615 ) ;
#1548 = DIRECTION ( 'NONE',  ( -0.9435497843495157522, -0.3312307420122448942, -0.000000000000000000 ) ) ;
#1549 = ORIENTED_EDGE ( 'NONE', *, *, #1250, .T. ) ;
#1550 = DIRECTION ( 'NONE',  ( -0.9102497639190944012, 0.4140596180325159525, 0.000000000000000000 ) ) ;
#1551 = CARTESIAN_POINT ( 'NONE',  ( -7.001475243911892576, -0.5312595996606614968, 1.040457617541570290 ) ) ;
#1552 = CARTESIAN_POINT ( 'NONE',  ( -3.112231098461378132, -0.5043410338583717012, 2.437500000000000000 ) ) ;
#1553 = CARTESIAN_POINT ( 'NONE',  ( 7.466666666666668561, 0.4753983752048711597, 0.6500000000000001332 ) ) ;
#1554 = DIRECTION ( 'NONE',  ( 1.734723475976807094E-16, -1.000000000000000000, 0.000000000000000000 ) ) ;
#1555 = DIRECTION ( 'NONE',  ( -0.4140596180325159525, -0.9102497639190944012, 0.000000000000000000 ) ) ;
#1556 = ORIENTED_EDGE ( 'NONE', *, *, #4024, .F. ) ;
#1557 = ORIENTED_EDGE ( 'NONE', *, *, #148, .F. ) ;
#1558 = EDGE_LOOP ( 'NONE', ( #6495, #4924, #108, #6735 ) ) ;
#1559 = EDGE_CURVE ( 'NONE', #4092, #1935, #5208, .T. ) ;
#1560 = CYLINDRICAL_SURFACE ( 'NONE', #6413, 0.1250000000000002220 ) ;
#1561 = EDGE_CURVE ( 'NONE', #1219, #539, #5429, .T. ) ;
#1562 = CARTESIAN_POINT ( 'NONE',  ( 6.833858235007964410, -1.836617925567662901, 1.437500000000000000 ) ) ;
#1563 = DIRECTION ( 'NONE',  ( 1.000000000000000000, 0.000000000000000000, 0.000000000000000000 ) ) ;
#1564 = ORIENTED_EDGE ( 'NONE', *, *, #3727, .F. ) ;
#1565 = CARTESIAN_POINT ( 'NONE',  ( 8.673617379884056426E-17, -2.926666666666667194, 0.6250000000000014433 ) ) ;
#1566 = DIRECTION ( 'NONE',  ( 1.000000000000000000, 0.000000000000000000, 0.000000000000000000 ) ) ;
#1567 = CARTESIAN_POINT ( 'NONE',  ( -7.381234758127526163, -2.410155142302404574, 0.5499999999999998224 ) ) ;
#1568 = DIRECTION ( 'NONE',  ( -0.2434641001451851583, 0.9699099091877013690, 0.000000000000000000 ) ) ;
#1569 = ORIENTED_EDGE ( 'NONE', *, *, #2515, .F. ) ;
#1570 = EDGE_LOOP ( 'NONE', ( #5682, #4297, #2752, #4892 ) ) ;
#1571 = ORIENTED_EDGE ( 'NONE', *, *, #248, .F. ) ;
#1572 = CARTESIAN_POINT ( 'NONE',  ( -0.4100480760507114741, 1.659883247088350000, 2.375000000000000000 ) ) ;
#1573 = DIRECTION ( 'NONE',  ( 0.000000000000000000, 1.000000000000000000, 0.000000000000000000 ) ) ;
#1574 = FACE_OUTER_BOUND ( 'NONE', #3569, .T. ) ;
#1575 = DIRECTION ( 'NONE',  ( 0.2167886016464562471, -0.9762185729621077890, 0.000000000000000000 ) ) ;
#1576 = ORIENTED_EDGE ( 'NONE', *, *, #3573, .F. ) ;
#1577 = ADVANCED_FACE ( 'NONE', ( #5401 ), #6768, .T. ) ;
#1578 = VECTOR ( 'NONE', #4467, 100.0000000000000000 ) ;
#1579 = VERTEX_POINT ( 'NONE', #2775 ) ;
#1580 = ADVANCED_FACE ( 'NONE', ( #1894 ), #2373, .T. ) ;
#1581 = LINE ( 'NONE', #3673, #43 ) ;
#1582 = VECTOR ( 'NONE', #5632, 100.0000000000000142 ) ;
#1583 = TOROIDAL_SURFACE ( 'NONE', #2803, 1.242867031364097929, 0.1250000000000000000 ) ;
#1584 = CARTESIAN_POINT ( 'NONE',  ( 8.740000000000001990, -1.166666666666666519, 2.000000000000000444 ) ) ;
#1585 = CARTESIAN_POINT ( 'NONE',  ( -8.739999999999998437, -1.666666666666666297, 2.500000000000000000 ) ) ;
#1586 = AXIS2_PLACEMENT_3D ( 'NONE', #3175, #3274, #3719 ) ;
#1587 = CARTESIAN_POINT ( 'NONE',  ( -0.4100480760507113076, 1.659883247088350000, 0.000000000000000000 ) ) ;
#1588 = EDGE_LOOP ( 'NONE', ( #4652, #1334 ) ) ;
#1589 = ADVANCED_FACE ( 'NONE', ( #4466 ), #4343, .T. ) ;
#1590 = ADVANCED_FACE ( 'NONE', ( #6118 ), #1583, .T. ) ;
#1591 = ORIENTED_EDGE ( 'NONE', *, *, #2194, .T. ) ;
#1592 = AXIS2_PLACEMENT_3D ( 'NONE', #4030, #4060, #6029 ) ;
#1593 = AXIS2_PLACEMENT_3D ( 'NONE', #6062, #3953, #5191 ) ;
#1594 = ORIENTED_EDGE ( 'NONE', *, *, #6306, .T. ) ;
#1595 = EDGE_CURVE ( 'NONE', #5373, #3846, #1356, .T. ) ;
#1596 = CARTESIAN_POINT ( 'NONE',  ( 8.740000000000001990, -1.166666666666666519, 0.5000000000000004441 ) ) ;
#1597 = CARTESIAN_POINT ( 'NONE',  ( 7.538852535462432947, 0.5457705718543344187, 0.5000000000000000000 ) ) ;
#1598 = DIRECTION ( 'NONE',  ( 0.000000000000000000, 0.000000000000000000, -1.000000000000000000 ) ) ;
#1599 = VECTOR ( 'NONE', #169, 100.0000000000000142 ) ;
#1600 = CIRCLE ( 'NONE', #5117, 0.7600000000000002309 ) ;
#1601 =( BOUNDED_CURVE ( )  B_SPLINE_CURVE ( 3, ( #98, #6389, #4809, #2201 ),
 .UNSPECIFIED., .F., .F. ) 
 B_SPLINE_CURVE_WITH_KNOTS ( ( 4, 4 ),
 ( 4.068887871591405414, 4.712388980384689674 ),
 .UNSPECIFIED. ) 
 CURVE ( )  GEOMETRIC_REPRESENTATION_ITEM ( )  RATIONAL_B_SPLINE_CURVE ( ( 1.000000000000000000, 0.9657888653670091417, 0.9657888653670091417, 1.000000000000000000 ) ) 
 REPRESENTATION_ITEM ( '' )  );
#1602 = ORIENTED_EDGE ( 'NONE', *, *, #5305, .T. ) ;
#1603 = CARTESIAN_POINT ( 'NONE',  ( 0.2106354670202213453, 0.6043114868943549878, 2.375000000000000000 ) ) ;
#1604 = CIRCLE ( 'NONE', #5448, 0.1249999999999999722 ) ;
#1605 = CARTESIAN_POINT ( 'NONE',  ( -3.171783133851561409, -0.2220578311170099961, 2.437500000000000000 ) ) ;
#1606 = CARTESIAN_POINT ( 'NONE',  ( -0.1229239912518637901, 0.8333333333333340365, 0.1250000000000001110 ) ) ;
#1607 = DIRECTION ( 'NONE',  ( 0.3312307420122378998, -0.9435497843495181947, 0.000000000000000000 ) ) ;
#1608 = ORIENTED_EDGE ( 'NONE', *, *, #6730, .F. ) ;
#1609 = AXIS2_PLACEMENT_3D ( 'NONE', #3081, #4700, #4237 ) ;
#1610 = ORIENTED_EDGE ( 'NONE', *, *, #5324, .T. ) ;
#1611 = ORIENTED_EDGE ( 'NONE', *, *, #3548, .T. ) ;
#1612 = CARTESIAN_POINT ( 'NONE',  ( 8.740000000000001990, -1.166666666666666519, 0.5000000000000004441 ) ) ;
#1613 = AXIS2_PLACEMENT_3D ( 'NONE', #321, #1308, #5550 ) ;
#1614 = DIRECTION ( 'NONE',  ( 0.7999999999999999334, -8.326672684688688844E-16, 0.5999999999999999778 ) ) ;
#1615 = CARTESIAN_POINT ( 'NONE',  ( 4.491576537518830570, 0.8333333333333340365, 2.375000000000000000 ) ) ;
#1616 = VERTEX_POINT ( 'NONE', #2411 ) ;
#1617 = ORIENTED_EDGE ( 'NONE', *, *, #1970, .F. ) ;
#1618 = DIRECTION ( 'NONE',  ( 0.000000000000000000, 0.000000000000000000, 1.000000000000000000 ) ) ;
#1619 = FACE_OUTER_BOUND ( 'NONE', #924, .T. ) ;
#1620 = DIRECTION ( 'NONE',  ( 0.000000000000000000, 0.000000000000000000, -1.000000000000000000 ) ) ;
#1621 = CARTESIAN_POINT ( 'NONE',  ( -3.151081212475796089, -0.2810296926388545780, 0.06250000000000000000 ) ) ;
#1622 = CIRCLE ( 'NONE', #1071, 0.1249999999999999722 ) ;
#1623 = ORIENTED_EDGE ( 'NONE', *, *, #1951, .T. ) ;
#1624 = ORIENTED_EDGE ( 'NONE', *, *, #3470, .T. ) ;
#1625 = VERTEX_POINT ( 'NONE', #2310 ) ;
#1626 = AXIS2_PLACEMENT_3D ( 'NONE', #3529, #912, #1665 ) ;
#1627 = EDGE_CURVE ( 'NONE', #2286, #4280, #5092, .T. ) ;
#1628 = CARTESIAN_POINT ( 'NONE',  ( 8.325291008880260080, -2.356463478178802529, 0.5000000000000004441 ) ) ;
#1629 = LINE ( 'NONE', #1530, #5760 ) ;
#1630 = CARTESIAN_POINT ( 'NONE',  ( 8.740000000000001990, -1.166666666666666519, 0.000000000000000000 ) ) ;
#1631 = EDGE_CURVE ( 'NONE', #295, #3724, #6498, .T. ) ;
#1632 = ORIENTED_EDGE ( 'NONE', *, *, #2767, .T. ) ;
#1633 = CARTESIAN_POINT ( 'NONE',  ( -7.514568091460859023, -2.430448093704558499, 2.000000000000000000 ) ) ;
#1634 = AXIS2_PLACEMENT_3D ( 'NONE', #1508, #983, #1438 ) ;
#1635 =( BOUNDED_SURFACE ( )  B_SPLINE_SURFACE ( 3, 2, ( 
 ( #3642, #2076, #1655 ),
 ( #2715, #1685, #3775 ),
 ( #4221, #482, #5196 ),
 ( #518, #2206, #8 ),
 ( #2584, #6329, #2647 ),
 ( #5270, #3097, #5884 ) ),
 .UNSPECIFIED., .F., .F., .F. ) 
 B_SPLINE_SURFACE_WITH_KNOTS ( ( 4, 2, 4 ),
 ( 3, 3 ),
 ( 0.000000000000000000, 0.4636476090008060935, 0.9272952180016121870 ),
 ( 0.000000000000000000, 1.000000000000000000 ),
 .UNSPECIFIED. ) 
 GEOMETRIC_REPRESENTATION_ITEM ( )  RATIONAL_B_SPLINE_SURFACE ( (
 ( 1.000000000000000000, 0.5791657276046715541, 1.000000000000000000),
 ( 1.000000000000000000, 0.5791132057607468742, 1.000000000000000000),
 ( 1.000000000000000000, 0.5844006524920383194, 1.000000000000000000),
 ( 1.000000000000000000, 0.6035500987120202554, 1.000000000000000000),
 ( 1.000000000000000000, 0.6173726711634622832, 1.000000000000000000),
 ( 1.000000000000000000, 0.6334506800210329969, 1.000000000000000000) ) ) 
 REPRESENTATION_ITEM ( '' )  SURFACE ( )  );
#1636 = LINE ( 'NONE', #4666, #3674 ) ;
#1637 = DIRECTION ( 'NONE',  ( -0.000000000000000000, -0.000000000000000000, -1.000000000000000000 ) ) ;
#1638 = CARTESIAN_POINT ( 'NONE',  ( -5.630756499300535900, -2.255337837205904084, 0.1250000000000000833 ) ) ;
#1639 = AXIS2_PLACEMENT_3D ( 'NONE', #5123, #6771, #507 ) ;
#1640 = ORIENTED_EDGE ( 'NONE', *, *, #2104, .T. ) ;
#1641 = ADVANCED_FACE ( 'NONE', ( #1930 ), #1332, .T. ) ;
#1642 = VERTEX_POINT ( 'NONE', #1372 ) ;
#1643 = DIRECTION ( 'NONE',  ( -0.000000000000000000, -1.000000000000000000, -0.000000000000000000 ) ) ;
#1644 = EDGE_CURVE ( 'NONE', #5028, #19, #3467, .T. ) ;
#1645 = CARTESIAN_POINT ( 'NONE',  ( -0.1333629230997752102, 1.145833333333334147, -0.007045904514871997870 ) ) ;
#1646 = VECTOR ( 'NONE', #3004, 100.0000000000000000 ) ;
#1647 = DIRECTION ( 'NONE',  ( -0.7706021531734796870, 0.2685968212430486779, -0.5779516148801097097 ) ) ;
#1648 = CARTESIAN_POINT ( 'NONE',  ( -8.015698991566083009, -2.540516224188789973, 0.5000000000000002220 ) ) ;
#1649 = EDGE_CURVE ( 'NONE', #19, #2482, #5980, .T. ) ;
#1650 = EDGE_CURVE ( 'NONE', #3782, #2062, #5540, .T. ) ;
#1651 = ORIENTED_EDGE ( 'NONE', *, *, #2767, .F. ) ;
#1652 = ORIENTED_EDGE ( 'NONE', *, *, #5324, .F. ) ;
#1653 = VECTOR ( 'NONE', #3511, 100.0000000000000000 ) ;
#1654 = DIRECTION ( 'NONE',  ( 1.000000000000000000, 0.000000000000000000, 0.000000000000000000 ) ) ;
#1655 = CARTESIAN_POINT ( 'NONE',  ( 7.000000000000001776, -1.718582527600188925, 1.062500000000000000 ) ) ;
#1656 = FACE_OUTER_BOUND ( 'NONE', #4662, .T. ) ;
#1657 = CARTESIAN_POINT ( 'NONE',  ( 7.440335761605883391, -2.048008375397861958, 1.835648416113137005 ) ) ;
#1658 = ORIENTED_EDGE ( 'NONE', *, *, #5671, .T. ) ;
#1659 = EDGE_LOOP ( 'NONE', ( #6197, #1617, #2853, #5151 ) ) ;
#1660 = ORIENTED_EDGE ( 'NONE', *, *, #248, .T. ) ;
#1661 = VERTEX_POINT ( 'NONE', #5026 ) ;
#1662 = DIRECTION ( 'NONE',  ( 1.000000000000000000, 0.000000000000000000, 0.000000000000000000 ) ) ;
#1663 = DIRECTION ( 'NONE',  ( 1.387778780781445922E-16, 0.000000000000000000, 1.000000000000000000 ) ) ;
#1664 = CARTESIAN_POINT ( 'NONE',  ( 8.740000000000001990, -1.166666666666666519, 2.500000000000000000 ) ) ;
#1665 = DIRECTION ( 'NONE',  ( 1.000000000000000000, 0.000000000000000000, 0.000000000000000000 ) ) ;
#1666 = EDGE_CURVE ( 'NONE', #5068, #5891, #6662, .T. ) ;
#1667 = ORIENTED_EDGE ( 'NONE', *, *, #715, .F. ) ;
#1668 = DIRECTION ( 'NONE',  ( 1.000000000000000000, 0.000000000000000000, -0.000000000000000000 ) ) ;
#1669 = EDGE_CURVE ( 'NONE', #2997, #2492, #820, .T. ) ;
#1670 = DIRECTION ( 'NONE',  ( -0.9762185729621080110, -0.2167886016464556920, -0.000000000000000000 ) ) ;
#1671 = CARTESIAN_POINT ( 'NONE',  ( -7.421798620961022941, -2.414118705914341856, 0.5212220860557905677 ) ) ;
#1672 = FACE_OUTER_BOUND ( 'NONE', #6740, .T. ) ;
#1673 = ORIENTED_EDGE ( 'NONE', *, *, #5789, .T. ) ;
#1674 = FACE_OUTER_BOUND ( 'NONE', #5861, .T. ) ;
#1675 = CYLINDRICAL_SURFACE ( 'NONE', #929, 0.06250000000000005551 ) ;
#1676 = EDGE_CURVE ( 'NONE', #2718, #6392, #3682, .T. ) ;
#1677 = DIRECTION ( 'NONE',  ( 0.000000000000000000, 0.000000000000000000, -1.000000000000000000 ) ) ;
#1678 = CARTESIAN_POINT ( 'NONE',  ( 0.6635635517212482570, -2.350768383770468262, 0.1250000000000001110 ) ) ;
#1679 = ORIENTED_EDGE ( 'NONE', *, *, #1278, .F. ) ;
#1680 = VERTEX_POINT ( 'NONE', #3502 ) ;
#1681 = EDGE_CURVE ( 'NONE', #771, #5647, #5616, .T. ) ;
#1682 =( NAMED_UNIT ( * ) SI_UNIT ( $, .STERADIAN. ) SOLID_ANGLE_UNIT ( ) );
#1683 = EDGE_CURVE ( 'NONE', #4554, #5630, #5024, .T. ) ;
#1684 = EDGE_CURVE ( 'NONE', #2960, #4052, #807, .T. ) ;
#1685 = CARTESIAN_POINT ( 'NONE',  ( 6.999999999998680167, -1.894527379581234516, 1.052780086510478386 ) ) ;
#1686 = CARTESIAN_POINT ( 'NONE',  ( 0.6199143156245150443, 2.313551722249974851, 0.1250000000000001110 ) ) ;
#1687 = DIRECTION ( 'NONE',  ( -0.000000000000000000, -1.000000000000000000, -0.000000000000000000 ) ) ;
#1688 = EDGE_LOOP ( 'NONE', ( #2938, #5108, #6620, #2884 ) ) ;
#1689 = CIRCLE ( 'NONE', #2890, 0.9999999999999998890 ) ;
#1690 = ORIENTED_EDGE ( 'NONE', *, *, #5710, .T. ) ;
#1691 = ORIENTED_EDGE ( 'NONE', *, *, #4359, .F. ) ;
#1692 = ORIENTED_EDGE ( 'NONE', *, *, #1839, .F. ) ;
#1693 = AXIS2_PLACEMENT_3D ( 'NONE', #3974, #754, #1784 ) ;
#1694 = AXIS2_PLACEMENT_3D ( 'NONE', #144, #1695, #5954 ) ;
#1695 = DIRECTION ( 'NONE',  ( -0.000000000000000000, 1.000000000000000000, 0.000000000000000000 ) ) ;
#1696 = CARTESIAN_POINT ( 'NONE',  ( -0.1333629230997752102, 1.395833333333334147, 0.000000000000000000 ) ) ;
#1697 = FACE_OUTER_BOUND ( 'NONE', #3926, .T. ) ;
#1698 = CARTESIAN_POINT ( 'NONE',  ( -0.2583629230997752102, 1.270833333333334147, 2.437500000000000000 ) ) ;
#1699 = TOROIDAL_SURFACE ( 'NONE', #3885, 1.134999999999999787, 0.1250000000000000000 ) ;
#1700 = CIRCLE ( 'NONE', #1034, 0.1250000000000001110 ) ;
#1701 = ORIENTED_EDGE ( 'NONE', *, *, #3224, .T. ) ;
#1702 = CARTESIAN_POINT ( 'NONE',  ( -6.874999999999999112, -2.406666666666665844, 2.500000000000000000 ) ) ;
#1703 = ADVANCED_FACE ( 'NONE', ( #2 ), #5130, .F. ) ;
#1704 = AXIS2_PLACEMENT_3D ( 'NONE', #2311, #1263, #4397 ) ;
#1705 = CIRCLE ( 'NONE', #4443, 0.06250000000000005551 ) ;
#1706 = CARTESIAN_POINT ( 'NONE',  ( -7.490094324374610757, -2.290201196994154031, 1.864668250838607433 ) ) ;
#1707 = LINE ( 'NONE', #4200, #3035 ) ;
#1708 = DIRECTION ( 'NONE',  ( 1.000000000000000000, 0.000000000000000000, -0.000000000000000000 ) ) ;
#1709 = VECTOR ( 'NONE', #1775, 100.0000000000000000 ) ;
#1710 = ORIENTED_EDGE ( 'NONE', *, *, #294, .T. ) ;
#1711 = CIRCLE ( 'NONE', #5007, 1.260000000000000009 ) ;
#1712 = AXIS2_PLACEMENT_3D ( 'NONE', #1722, #3230, #6395 ) ;
#1713 = DIRECTION ( 'NONE',  ( -0.000000000000000000, 0.000000000000000000, 1.000000000000000000 ) ) ;
#1714 = ADVANCED_FACE ( 'NONE', ( #4183 ), #6259, .F. ) ;
#1715 = DIRECTION ( 'NONE',  ( 0.9435497843495183057, 0.3312307420122380108, 0.000000000000000000 ) ) ;
#1716 = CIRCLE ( 'NONE', #4785, 0.8750000000000001110 ) ;
#1717 = CARTESIAN_POINT ( 'NONE',  ( -5.843787586927575717, -1.406666666666666066, 0.000000000000000000 ) ) ;
#1718 = DIRECTION ( 'NONE',  ( -0.000000000000000000, 0.000000000000000000, 1.000000000000000000 ) ) ;
#1719 = ADVANCED_FACE ( 'NONE', ( #2029 ), #1515, .T. ) ;
#1720 = CIRCLE ( 'NONE', #4131, 0.1250000000000001110 ) ;
#1721 = CARTESIAN_POINT ( 'NONE',  ( -0.1958629230997752102, 1.270833333333334147, 2.500000000000000000 ) ) ;
#1722 = CARTESIAN_POINT ( 'NONE',  ( -8.739999999999998437, -1.666666666666666297, 0.5000000000000004441 ) ) ;
#1723 = DIRECTION ( 'NONE',  ( 1.000000000000000000, 0.000000000000000000, 0.000000000000000000 ) ) ;
#1724 = EDGE_LOOP ( 'NONE', ( #5014, #3617, #1205, #6512 ) ) ;
#1725 = EDGE_LOOP ( 'NONE', ( #2567, #1015, #2060, #1041 ) ) ;
#1726 = EDGE_LOOP ( 'NONE', ( #5327, #2132, #2777, #3653 ) ) ;
#1727 = ORIENTED_EDGE ( 'NONE', *, *, #5219, .T. ) ;
#1728 = CYLINDRICAL_SURFACE ( 'NONE', #3231, 1.260000000000000009 ) ;
#1729 = FACE_OUTER_BOUND ( 'NONE', #588, .T. ) ;
#1730 = DIRECTION ( 'NONE',  ( 0.000000000000000000, -0.000000000000000000, -1.000000000000000000 ) ) ;
#1731 = CARTESIAN_POINT ( 'NONE',  ( 2.096549453265687202, -1.907427199156551012, 2.375000000000000000 ) ) ;
#1732 = EDGE_LOOP ( 'NONE', ( #4291, #464, #221, #2664 ) ) ;
#1733 = ORIENTED_EDGE ( 'NONE', *, *, #2293, .F. ) ;
#1734 = DIRECTION ( 'NONE',  ( 0.000000000000000000, -1.000000000000000000, 0.000000000000000000 ) ) ;
#1735 = CARTESIAN_POINT ( 'NONE',  ( 7.477391127732058607, 0.4656415668468914526, 1.858043345799042401 ) ) ;
#1736 = TOROIDAL_SURFACE ( 'NONE', #4596, 0.8750000000000001110, 0.1250000000000000000 ) ;
#1737 = LINE ( 'NONE', #3315, #870 ) ;
#1738 = ORIENTED_EDGE ( 'NONE', *, *, #5004, .F. ) ;
#1739 = CARTESIAN_POINT ( 'NONE',  ( -10.00000000000000000, -0.5316666666666663987, 0.6250000000000005551 ) ) ;
#1740 = AXIS2_PLACEMENT_3D ( 'NONE', #2867, #841, #3348 ) ;
#1741 = DIRECTION ( 'NONE',  ( -0.9435497843495181947, -0.3312307420122379553, 0.000000000000000000 ) ) ;
#1742 = DIRECTION ( 'NONE',  ( 0.7706021531734796870, -0.2685968212430486779, 0.5779516148801097097 ) ) ;
#1743 = PLANE ( 'NONE',  #4925 ) ;
#1744 = CARTESIAN_POINT ( 'NONE',  ( 8.740000000000001990, -1.166666666666666519, 2.375000000000000000 ) ) ;
#1745 = CIRCLE ( 'NONE', #5268, 0.06250000000000005551 ) ;
#1746 = ORIENTED_EDGE ( 'NONE', *, *, #6271, .T. ) ;
#1747 = EDGE_CURVE ( 'NONE', #1616, #1392, #1917, .T. ) ;
#1748 = DIRECTION ( 'NONE',  ( -0.000000000000000000, 0.000000000000000000, -1.000000000000000000 ) ) ;
#1749 = AXIS2_PLACEMENT_3D ( 'NONE', #745, #4356, #809 ) ;
#1750 = DIRECTION ( 'NONE',  ( -0.9659258262890682012, 0.2588190451025212391, -0.000000000000000000 ) ) ;
#1751 = DIRECTION ( 'NONE',  ( -0.000000000000000000, 0.000000000000000000, 1.000000000000000000 ) ) ;
#1752 = DIRECTION ( 'NONE',  ( -0.9659258262890680902, 0.2588190451025211836, 0.000000000000000000 ) ) ;
#1753 = CARTESIAN_POINT ( 'NONE',  ( 7.396031346024008357, -2.032565873526785083, 1.978691953130446546 ) ) ;
#1754 = AXIS2_PLACEMENT_3D ( 'NONE', #1648, #5843, #2743 ) ;
#1755 = VERTEX_POINT ( 'NONE', #6712 ) ;
#1756 = CIRCLE ( 'NONE', #6369, 0.06250000000000027756 ) ;
#1757 = ORIENTED_EDGE ( 'NONE', *, *, #3220, .F. ) ;
#1758 = ORIENTED_EDGE ( 'NONE', *, *, #3763, .T. ) ;
#1759 = EDGE_LOOP ( 'NONE', ( #6621, #3845, #4638, #1883 ) ) ;
#1760 = FACE_OUTER_BOUND ( 'NONE', #1874, .T. ) ;
#1761 = CARTESIAN_POINT ( 'NONE',  ( 7.999665410412173827, 0.3361533760589240916, 2.500000000000000000 ) ) ;
#1762 = CARTESIAN_POINT ( 'NONE',  ( 4.491576537518830570, 0.8333333333333340365, 0.000000000000000000 ) ) ;
#1763 = CARTESIAN_POINT ( 'NONE',  ( -8.739999999999998437, -1.666666666666666297, 1.875000000000000222 ) ) ;
#1764 = EDGE_CURVE ( 'NONE', #4773, #3531, #2572, .T. ) ;
#1765 = ORIENTED_EDGE ( 'NONE', *, *, #5493, .F. ) ;
#1766 = B_SPLINE_CURVE_WITH_KNOTS ( 'NONE', 3,
 ( #6608, #888, #441, #5090, #6184, #6741, #1442, #6081, #6117, #4115 ),
 .UNSPECIFIED., .F., .F.,
 ( 4, 2, 2, 2, 4 ),
 ( 0.000000000000000000, 0.0004883198387198516791, 0.0009766396774397033582, 0.001464959516159555037, 0.001953279354879406716 ),
 .UNSPECIFIED. ) ;
#1767 = ORIENTED_EDGE ( 'NONE', *, *, #2564, .T. ) ;
#1768 = EDGE_CURVE ( 'NONE', #1120, #859, #6410, .T. ) ;
#1769 = ORIENTED_EDGE ( 'NONE', *, *, #4966, .F. ) ;
#1770 = FACE_OUTER_BOUND ( 'NONE', #1956, .T. ) ;
#1771 = EDGE_CURVE ( 'NONE', #6085, #256, #3446, .T. ) ;
#1772 = DIRECTION ( 'NONE',  ( -0.9659258262890680902, 0.2588190451025211836, -0.000000000000000000 ) ) ;
#1773 = CARTESIAN_POINT ( 'NONE',  ( -7.500000000000000000, -2.926666666666667194, 1.875000000000000000 ) ) ;
#1774 = ORIENTED_EDGE ( 'NONE', *, *, #459, .F. ) ;
#1775 = DIRECTION ( 'NONE',  ( 0.000000000000000000, 0.000000000000000000, 1.000000000000000000 ) ) ;
#1776 = DIRECTION ( 'NONE',  ( -0.000000000000000000, 0.000000000000000000, 1.000000000000000000 ) ) ;
#1777 = CARTESIAN_POINT ( 'NONE',  ( -0.1229239912518637901, 1.833333333333333925, 2.500000000000000000 ) ) ;
#1778 = DIRECTION ( 'NONE',  ( -0.5999999999999999778, 0.000000000000000000, 0.8000000000000000444 ) ) ;
#1779 = CARTESIAN_POINT ( 'NONE',  ( -7.489547853912731590, -2.290066322866994852, 1.864417552498454533 ) ) ;
#1780 = ORIENTED_EDGE ( 'NONE', *, *, #5245, .T. ) ;
#1781 = LINE ( 'NONE', #5976, #5661 ) ;
#1782 = ADVANCED_FACE ( 'NONE', ( #4120 ), #4010, .T. ) ;
#1783 = DIRECTION ( 'NONE',  ( 1.000000000000000000, 0.000000000000000000, 0.000000000000000000 ) ) ;
#1784 = DIRECTION ( 'NONE',  ( 0.000000000000000000, 0.000000000000000000, -1.000000000000000000 ) ) ;
#1785 = CARTESIAN_POINT ( 'NONE',  ( 4.491576537518830570, 0.8333333333333340365, 0.1250000000000001110 ) ) ;
#1786 = ORIENTED_EDGE ( 'NONE', *, *, #5726, .T. ) ;
#1787 = EDGE_CURVE ( 'NONE', #3837, #4054, #1025, .T. ) ;
#1788 = ORIENTED_EDGE ( 'NONE', *, *, #3978, .T. ) ;
#1789 = ORIENTED_EDGE ( 'NONE', *, *, #5340, .F. ) ;
#1790 = ORIENTED_EDGE ( 'NONE', *, *, #6245, .F. ) ;
#1791 = DIRECTION ( 'NONE',  ( 1.000000000000000000, 0.000000000000000000, 0.000000000000000000 ) ) ;
#1792 = CARTESIAN_POINT ( 'NONE',  ( -0.2785880620695311838, 0.7935909097421410818, 2.437500000000000000 ) ) ;
#1793 = CARTESIAN_POINT ( 'NONE',  ( 6.926757452254066472, 0.8242038836759507658, 1.062500000000000000 ) ) ;
#1794 = EDGE_CURVE ( 'NONE', #2394, #6157, #156, .T. ) ;
#1795 = CARTESIAN_POINT ( 'NONE',  ( -7.400098510656802020, -2.411734932892109384, 0.5340837088034243729 ) ) ;
#1796 = DIRECTION ( 'NONE',  ( 1.000000000000000000, 0.000000000000000000, 0.000000000000000000 ) ) ;
#1797 = EDGE_LOOP ( 'NONE', ( #581, #5202, #5484, #734 ) ) ;
#1798 = EDGE_CURVE ( 'NONE', #4261, #2424, #4575, .T. ) ;
#1799 = ORIENTED_EDGE ( 'NONE', *, *, #5140, .F. ) ;
#1800 = EDGE_CURVE ( 'NONE', #3299, #3837, #956, .T. ) ;
#1801 = CIRCLE ( 'NONE', #4313, 0.06250000000000005551 ) ;
#1802 = EDGE_LOOP ( 'NONE', ( #1268, #4853 ) ) ;
#1803 = DIRECTION ( 'NONE',  ( 1.000000000000000000, -0.000000000000000000, 0.000000000000000000 ) ) ;
#1804 = CARTESIAN_POINT ( 'NONE',  ( -6.878749186157198992, -0.4062167607600810082, 1.459320570504481607 ) ) ;
#1805 = CARTESIAN_POINT ( 'NONE',  ( -7.541666666666666075, -2.308420772084294637, 1.875000000000000000 ) ) ;
#1806 = AXIS2_PLACEMENT_3D ( 'NONE', #2115, #1499, #1037 ) ;
#1807 = DIRECTION ( 'NONE',  ( -0.000000000000000000, -0.000000000000000000, 1.000000000000000000 ) ) ;
#1808 = AXIS2_PLACEMENT_3D ( 'NONE', #3074, #4135, #1427 ) ;
#1809 = ADVANCED_FACE ( 'NONE', ( #3126 ), #5229, .T. ) ;
#1810 = CARTESIAN_POINT ( 'NONE',  ( 7.125000000000001776, -2.926666666666667194, 1.062500000000000000 ) ) ;
#1811 = AXIS2_PLACEMENT_3D ( 'NONE', #5589, #5102, #387 ) ;
#1812 = AXIS2_PLACEMENT_3D ( 'NONE', #2811, #4913, #6496 ) ;
#1813 = AXIS2_PLACEMENT_3D ( 'NONE', #677, #1776, #1849 ) ;
#1814 = DIRECTION ( 'NONE',  ( -1.387778780781445922E-16, -0.000000000000000000, -1.000000000000000000 ) ) ;
#1815 = CYLINDRICAL_SURFACE ( 'NONE', #4055, 0.1250000000000001110 ) ;
#1816 = DIRECTION ( 'NONE',  ( -1.000000000000000000, 0.000000000000000000, 0.000000000000000000 ) ) ;
#1817 = DIRECTION ( 'NONE',  ( -1.000000000000000000, 0.000000000000000000, 0.000000000000000000 ) ) ;
#1818 = AXIS2_PLACEMENT_3D ( 'NONE', #4178, #4677, #3089 ) ;
#1819 = CIRCLE ( 'NONE', #2696, 0.7599999999999995648 ) ;
#1820 = VERTEX_POINT ( 'NONE', #1966 ) ;
#1821 = CARTESIAN_POINT ( 'NONE',  ( 4.991637076900224734, 1.395833333333333925, 0.06250000000000000000 ) ) ;
#1822 = CIRCLE ( 'NONE', #6549, 0.1250000000000000555 ) ;
#1823 = DIRECTION ( 'NONE',  ( -0.000000000000000000, -1.000000000000000000, -0.000000000000000000 ) ) ;
#1824 = DIRECTION ( 'NONE',  ( -0.000000000000000000, 0.000000000000000000, 1.000000000000000000 ) ) ;
#1825 = LINE ( 'NONE', #6020, #149 ) ;
#1826 = VERTEX_POINT ( 'NONE', #4050 ) ;
#1827 = AXIS2_PLACEMENT_3D ( 'NONE', #1183, #3983, #6649 ) ;
#1828 = ORIENTED_EDGE ( 'NONE', *, *, #3605, .T. ) ;
#1829 = EDGE_LOOP ( 'NONE', ( #6489, #1061, #726, #538 ) ) ;
#1830 = DIRECTION ( 'NONE',  ( 0.9699099091877008139, 0.2434641001451877396, 0.000000000000000000 ) ) ;
#1831 = DIRECTION ( 'NONE',  ( 0.000000000000000000, 0.000000000000000000, 1.000000000000000000 ) ) ;
#1832 = AXIS2_PLACEMENT_3D ( 'NONE', #2271, #6331, #1620 ) ;
#1833 = CARTESIAN_POINT ( 'NONE',  ( -0.2785880620695311838, 0.7935909097421410818, 2.500000000000000000 ) ) ;
#1834 = CARTESIAN_POINT ( 'NONE',  ( 7.445953318216330885, -2.049966399837049646, 0.4999999999999998335 ) ) ;
#1835 = CARTESIAN_POINT ( 'NONE',  ( 7.999665410412173827, 0.3361533760589240916, 2.000000000000000444 ) ) ;
#1836 = DIRECTION ( 'NONE',  ( -1.000000000000000000, 0.000000000000000000, 1.387778780781445922E-16 ) ) ;
#1837 = ORIENTED_EDGE ( 'NONE', *, *, #1175, .T. ) ;
#1838 = ORIENTED_EDGE ( 'NONE', *, *, #5793, .T. ) ;
#1839 = EDGE_CURVE ( 'NONE', #3480, #3782, #2916, .T. ) ;
#1840 = EDGE_LOOP ( 'NONE', ( #3855, #2862, #4185, #348 ) ) ;
#1841 = CARTESIAN_POINT ( 'NONE',  ( 2.096549453265687202, -1.907427199156551012, 2.500000000000000000 ) ) ;
#1842 = DIRECTION ( 'NONE',  ( 0.9446284728628766558, 0.3281418111986793007, 0.000000000000000000 ) ) ;
#1843 = EDGE_CURVE ( 'NONE', #59, #6034, #409, .T. ) ;
#1844 = CARTESIAN_POINT ( 'NONE',  ( 6.999999999998678391, -1.894527379581234516, 1.447219913489580456 ) ) ;
#1845 = AXIS2_PLACEMENT_3D ( 'NONE', #1717, #5972, #3766 ) ;
#1846 = VERTEX_POINT ( 'NONE', #4082 ) ;
#1847 = DIRECTION ( 'NONE',  ( 1.387778780781445922E-16, 0.000000000000000000, 1.000000000000000000 ) ) ;
#1848 = AXIS2_PLACEMENT_3D ( 'NONE', #3791, #561, #5926 ) ;
#1849 = DIRECTION ( 'NONE',  ( 1.000000000000000000, 0.000000000000000000, 0.000000000000000000 ) ) ;
#1850 = CARTESIAN_POINT ( 'NONE',  ( -0.1543765338149420407, 0.4397597406110720364, 2.437500000000000000 ) ) ;
#1851 = CARTESIAN_POINT ( 'NONE',  ( -0.4510658024505467822, 1.777961806196209249, 2.500000000000000000 ) ) ;
#1852 = EDGE_CURVE ( 'NONE', #4773, #329, #4676, .T. ) ;
#1853 = VECTOR ( 'NONE', #5411, 100.0000000000000142 ) ;
#1854 = ORIENTED_EDGE ( 'NONE', *, *, #446, .T. ) ;
#1855 = CARTESIAN_POINT ( 'NONE',  ( -8.015698991566083009, -2.540516224188789529, 0.1250000000000000000 ) ) ;
#1856 = EDGE_CURVE ( 'NONE', #945, #1826, #3463, .T. ) ;
#1857 = EDGE_CURVE ( 'NONE', #3854, #2851, #4727, .T. ) ;
#1858 = AXIS2_PLACEMENT_3D ( 'NONE', #5866, #535, #3153 ) ;
#1859 = EDGE_CURVE ( 'NONE', #5273, #2316, #2739, .T. ) ;
#1860 = CARTESIAN_POINT ( 'NONE',  ( 7.500524901674630485, -2.068987568914681052, 2.000000000000000000 ) ) ;
#1861 = DIRECTION ( 'NONE',  ( 1.000000000000000000, 0.000000000000000000, 0.000000000000000000 ) ) ;
#1862 = CARTESIAN_POINT ( 'NONE',  ( 4.991637076900224734, 1.270833333333334147, 2.437500000000000000 ) ) ;
#1863 = ORIENTED_EDGE ( 'NONE', *, *, #3613, .T. ) ;
#1864 = ORIENTED_EDGE ( 'NONE', *, *, #1093, .T. ) ;
#1865 = VECTOR ( 'NONE', #5463, 100.0000000000000000 ) ;
#1866 = ORIENTED_EDGE ( 'NONE', *, *, #1274, .F. ) ;
#1867 = CARTESIAN_POINT ( 'NONE',  ( 7.957322568362884319, 0.2180895838400092046, 2.500000000000000000 ) ) ;
#1868 = CARTESIAN_POINT ( 'NONE',  ( -0.1333629230997752102, 1.083333333333334147, 2.437500000000000000 ) ) ;
#1869 = CARTESIAN_POINT ( 'NONE',  ( 8.740000000000001990, -1.166666666666666519, 1.875000000000000222 ) ) ;
#1870 = DIRECTION ( 'NONE',  ( -0.000000000000000000, -0.000000000000000000, -1.000000000000000000 ) ) ;
#1871 = DIRECTION ( 'NONE',  ( 0.000000000000000000, 0.000000000000000000, -1.000000000000000000 ) ) ;
#1872 = AXIS2_PLACEMENT_3D ( 'NONE', #1869, #3821, #6508 ) ;
#1873 = LINE ( 'NONE', #4964, #3825 ) ;
#1874 = EDGE_LOOP ( 'NONE', ( #3101, #3223, #5075, #3174 ) ) ;
#1875 = VERTEX_POINT ( 'NONE', #2644 ) ;
#1876 = ORIENTED_EDGE ( 'NONE', *, *, #132, .T. ) ;
#1877 = AXIS2_PLACEMENT_3D ( 'NONE', #1261, #6497, #6466 ) ;
#1878 = DIRECTION ( 'NONE',  ( 1.000000000000000000, 0.000000000000000000, 0.000000000000000000 ) ) ;
#1879 = LINE ( 'NONE', #2973, #2675 ) ;
#1880 = ADVANCED_FACE ( 'NONE', ( #6458, #5362 ), #64, .T. ) ;
#1881 = CARTESIAN_POINT ( 'NONE',  ( 7.999665410412173827, 0.3361533760589240916, 0.5000000000000004441 ) ) ;
#1882 = EDGE_CURVE ( 'NONE', #724, #4229, #1305, .T. ) ;
#1883 = ORIENTED_EDGE ( 'NONE', *, *, #5872, .F. ) ;
#1884 = CARTESIAN_POINT ( 'NONE',  ( -0.1873286044384685767, -0.5050642339982946982, 0.1250000000000000000 ) ) ;
#1885 = DIRECTION ( 'NONE',  ( -1.040834085586084503E-16, -0.000000000000000000, -1.000000000000000000 ) ) ;
#1886 = CARTESIAN_POINT ( 'NONE',  ( -7.500000000000000000, -2.281666666666666288, 0.6250000000000002220 ) ) ;
#1887 = CARTESIAN_POINT ( 'NONE',  ( 10.00000000000000178, -1.166666666666666519, 0.1250000000000001110 ) ) ;
#1888 = EDGE_CURVE ( 'NONE', #6578, #439, #5613, .T. ) ;
#1889 = FACE_OUTER_BOUND ( 'NONE', #6236, .T. ) ;
#1890 = ORIENTED_EDGE ( 'NONE', *, *, #2682, .T. ) ;
#1891 = CARTESIAN_POINT ( 'NONE',  ( 2.549497392498208281, 2.678032025422642182, 1.875000000000000222 ) ) ;
#1892 = ADVANCED_FACE ( 'NONE', ( #1159 ), #3618, .T. ) ;
#1893 = CARTESIAN_POINT ( 'NONE',  ( 4.368892065788240409, -2.131255852546395158, 0.000000000000000000 ) ) ;
#1894 = FACE_OUTER_BOUND ( 'NONE', #2536, .T. ) ;
#1895 = CARTESIAN_POINT ( 'NONE',  ( -10.00000000000000000, -1.666666666666666297, 2.000000000000000888 ) ) ;
#1896 = ORIENTED_EDGE ( 'NONE', *, *, #1768, .F. ) ;
#1897 = EDGE_CURVE ( 'NONE', #6022, #2278, #4939, .T. ) ;
#1898 = VERTEX_POINT ( 'NONE', #3767 ) ;
#1899 = EDGE_CURVE ( 'NONE', #2113, #3872, #1223, .T. ) ;
#1900 = ORIENTED_EDGE ( 'NONE', *, *, #5929, .T. ) ;
#1901 =( BOUNDED_SURFACE ( )  B_SPLINE_SURFACE ( 3, 2, ( 
 ( #6409, #1110, #1567 ),
 ( #4172, #6348, #2120 ),
 ( #6313, #3656, #1671 ),
 ( #4734, #5284, #2221 ),
 ( #3187, #1147, #4801 ),
 ( #3729, #3757, #5865 ) ),
 .UNSPECIFIED., .F., .F., .F. ) 
 B_SPLINE_SURFACE_WITH_KNOTS ( ( 4, 2, 4 ),
 ( 3, 3 ),
 ( 0.000000000000000000, 0.0008089180111317234145, 0.001617836022263446829 ),
 ( 0.000000000000000000, 1.000000000000000000 ),
 .UNSPECIFIED. ) 
 GEOMETRIC_REPRESENTATION_ITEM ( )  RATIONAL_B_SPLINE_SURFACE ( (
 ( 1.000000000000000000, 0.6891758988139835562, 1.000000000000000000),
 ( 1.000000000000000000, 0.6875947484483773131, 1.000000000000000000),
 ( 1.000000000000000000, 0.6877135043860426178, 1.000000000000000000),
 ( 1.000000000000000000, 0.6934301151626468540, 1.000000000000000000),
 ( 1.000000000000000000, 0.6989219777702495584, 1.000000000000000000),
 ( 1.000000000000000000, 0.7071067811865475727, 1.000000000000000000) ) ) 
 REPRESENTATION_ITEM ( '' )  SURFACE ( )  );
#1902 = FACE_OUTER_BOUND ( 'NONE', #341, .T. ) ;
#1903 = CARTESIAN_POINT ( 'NONE',  ( 5.054137076900224734, 1.145833333333334147, 0.06250000000000005551 ) ) ;
#1904 = DIRECTION ( 'NONE',  ( 0.000000000000000000, 0.000000000000000000, -1.000000000000000000 ) ) ;
#1905 = CARTESIAN_POINT ( 'NONE',  ( -8.015698991566083009, -2.540516224188789529, 2.500000000000000000 ) ) ;
#1906 = LINE ( 'NONE', #3308, #1853 ) ;
#1907 = ORIENTED_EDGE ( 'NONE', *, *, #906, .T. ) ;
#1908 = ORIENTED_EDGE ( 'NONE', *, *, #3698, .T. ) ;
#1909 = VERTEX_POINT ( 'NONE', #4744 ) ;
#1910 = CARTESIAN_POINT ( 'NONE',  ( 8.740000000000001990, -1.166666666666666519, 1.875000000000000222 ) ) ;
#1911 = DIRECTION ( 'NONE',  ( -0.000000000000000000, -0.000000000000000000, -1.000000000000000000 ) ) ;
#1912 = AXIS2_PLACEMENT_3D ( 'NONE', #2384, #794, #1383 ) ;
#1913 = EDGE_LOOP ( 'NONE', ( #389, #3632, #1231, #1679 ) ) ;
#1914 = EDGE_CURVE ( 'NONE', #4092, #6399, #1430, .T. ) ;
#1915 = DIRECTION ( 'NONE',  ( 1.000000000000000000, 0.000000000000000000, 0.000000000000000000 ) ) ;
#1916 = CIRCLE ( 'NONE', #1937, 0.1250000000000001110 ) ;
#1917 = CIRCLE ( 'NONE', #2242, 0.1249999999999998335 ) ;
#1918 = VECTOR ( 'NONE', #5858, 100.0000000000000000 ) ;
#1919 = DIRECTION ( 'NONE',  ( 0.000000000000000000, -0.000000000000000000, -1.000000000000000000 ) ) ;
#1920 = DIRECTION ( 'NONE',  ( 0.000000000000000000, 0.000000000000000000, 1.000000000000000000 ) ) ;
#1921 = CARTESIAN_POINT ( 'NONE',  ( -8.739999999999998437, -1.666666666666666297, 2.000000000000000444 ) ) ;
#1922 = CARTESIAN_POINT ( 'NONE',  ( -7.459638313333692317, -2.416721237702664560, 1.844728735000270792 ) ) ;
#1923 = CIRCLE ( 'NONE', #5660, 0.06250000000000005551 ) ;
#1924 = ORIENTED_EDGE ( 'NONE', *, *, #6462, .T. ) ;
#1925 = CIRCLE ( 'NONE', #1365, 0.1250000000000001110 ) ;
#1926 = LINE ( 'NONE', #2539, #274 ) ;
#1927 = EDGE_CURVE ( 'NONE', #3149, #3280, #1601, .T. ) ;
#1928 = VECTOR ( 'NONE', #2616, 100.0000000000000000 ) ;
#1929 = CARTESIAN_POINT ( 'NONE',  ( 5.941947322586663027, -1.393362850788411933, 2.500000000000000000 ) ) ;
#1930 = FACE_OUTER_BOUND ( 'NONE', #3754, .T. ) ;
#1931 = VECTOR ( 'NONE', #5215, 100.0000000000000000 ) ;
#1932 = CARTESIAN_POINT ( 'NONE',  ( 7.054268515210670110, 0.7662009221643232282, 0.9530125800980852047 ) ) ;
#1933 = ORIENTED_EDGE ( 'NONE', *, *, #4195, .F. ) ;
#1934 = ADVANCED_FACE ( 'NONE', ( #5326 ), #4286, .T. ) ;
#1935 = VERTEX_POINT ( 'NONE', #4317 ) ;
#1936 = VECTOR ( 'NONE', #1643, 100.0000000000000000 ) ;
#1937 = AXIS2_PLACEMENT_3D ( 'NONE', #18, #3585, #5205 ) ;
#1938 = ORIENTED_EDGE ( 'NONE', *, *, #1347, .T. ) ;
#1939 = VECTOR ( 'NONE', #346, 100.0000000000000000 ) ;
#1940 = DIRECTION ( 'NONE',  ( -1.000000000000000000, 0.000000000000000000, 0.000000000000000000 ) ) ;
#1941 = CARTESIAN_POINT ( 'NONE',  ( -3.130379291100030770, -0.3400015541606994374, -0.007045904514871997870 ) ) ;
#1942 = CARTESIAN_POINT ( 'NONE',  ( -7.005772964486271626, -0.5316666659469787559, 1.481080208671160303 ) ) ;
#1943 = DIRECTION ( 'NONE',  ( 1.000000000000000000, 0.000000000000000000, 0.000000000000000000 ) ) ;
#1944 = CARTESIAN_POINT ( 'NONE',  ( 4.905636155551347244, 1.743583097252428216, 2.500000000000000000 ) ) ;
#1945 = DIRECTION ( 'NONE',  ( -0.2434641001451881559, 0.9699099091877008139, 8.673617379884035472E-16 ) ) ;
#1946 = ORIENTED_EDGE ( 'NONE', *, *, #4078, .F. ) ;
#1947 = CIRCLE ( 'NONE', #5453, 0.1249999999999999861 ) ;
#1948 = ORIENTED_EDGE ( 'NONE', *, *, #1513, .T. ) ;
#1949 = ORIENTED_EDGE ( 'NONE', *, *, #787, .F. ) ;
#1950 = CIRCLE ( 'NONE', #5786, 0.1250000000000001110 ) ;
#1951 = EDGE_CURVE ( 'NONE', #5068, #4525, #31, .T. ) ;
#1952 = DIRECTION ( 'NONE',  ( 1.000000000000000000, 0.000000000000000000, 0.000000000000000000 ) ) ;
#1953 = CARTESIAN_POINT ( 'NONE',  ( 6.926757452254066472, 0.8242038836759507658, 1.437500000000000000 ) ) ;
#1954 = EDGE_CURVE ( 'NONE', #4400, #1212, #1201, .T. ) ;
#1955 = CARTESIAN_POINT ( 'NONE',  ( 7.000000000000001776, 0.7104226631860638408, 1.062500000000000000 ) ) ;
#1956 = EDGE_LOOP ( 'NONE', ( #4242, #2273, #283, #6398 ) ) ;
#1957 = DIRECTION ( 'NONE',  ( -0.7292219231207925922, -0.6842772733622044523, 0.000000000000000000 ) ) ;
#1958 = CYLINDRICAL_SURFACE ( 'NONE', #1494, 0.9999999999999998890 ) ;
#1959 = DIRECTION ( 'NONE',  ( -0.000000000000000000, -0.000000000000000000, -1.000000000000000000 ) ) ;
#1960 = DIRECTION ( 'NONE',  ( 1.387778780781445922E-16, 0.000000000000000000, 1.000000000000000000 ) ) ;
#1961 = CARTESIAN_POINT ( 'NONE',  ( 6.995832716464960299, 0.7927825324728317025, 1.614306448157688534 ) ) ;
#1962 = ORIENTED_EDGE ( 'NONE', *, *, #2274, .F. ) ;
#1963 = LINE ( 'NONE', #1891, #2365 ) ;
#1964 = CIRCLE ( 'NONE', #3916, 0.1250000000000000555 ) ;
#1965 = CARTESIAN_POINT ( 'NONE',  ( 5.054137076900224734, 1.145833333333334147, 2.437500000000000000 ) ) ;
#1966 = CARTESIAN_POINT ( 'NONE',  ( -6.908742675414803358, -0.4066666666666662877, 0.9370696625084149467 ) ) ;
#1967 = CARTESIAN_POINT ( 'NONE',  ( 7.004557038251799206, 0.7062767999456694978, 1.023877426308929861 ) ) ;
#1968 = TOROIDAL_SURFACE ( 'NONE', #2618, 0.1250000000000000000, 0.06250000000000000000 ) ;
#1969 = EDGE_LOOP ( 'NONE', ( #3190, #1345, #1765, #3874 ) ) ;
#1970 = EDGE_CURVE ( 'NONE', #4705, #3225, #2128, .T. ) ;
#1971 = ORIENTED_EDGE ( 'NONE', *, *, #6519, .F. ) ;
#1972 = EDGE_CURVE ( 'NONE', #1616, #4092, #6482, .T. ) ;
#1973 = CIRCLE ( 'NONE', #2511, 0.1249999999999999445 ) ;
#1974 = DIRECTION ( 'NONE',  ( -0.000000000000000000, 0.000000000000000000, 1.000000000000000000 ) ) ;
#1975 = CARTESIAN_POINT ( 'NONE',  ( -6.999999999999999112, -0.5311605225217581605, 1.437500000000000000 ) ) ;
#1976 = DIRECTION ( 'NONE',  ( 0.7517689932648525808, -0.3419689787775666567, 0.5638267449486393801 ) ) ;
#1977 = DIRECTION ( 'NONE',  ( -0.000000000000000000, -0.000000000000000000, 1.000000000000000000 ) ) ;
#1978 = CARTESIAN_POINT ( 'NONE',  ( -3.130379291100030770, -0.3400015541606994374, 0.06250000000000000000 ) ) ;
#1979 = ORIENTED_EDGE ( 'NONE', *, *, #3077, .T. ) ;
#1980 = AXIS2_PLACEMENT_3D ( 'NONE', #2458, #2430, #1397 ) ;
#1981 = EDGE_LOOP ( 'NONE', ( #5582, #4713, #4613, #6292 ) ) ;
#1982 = ORIENTED_EDGE ( 'NONE', *, *, #5380, .T. ) ;
#1983 = EDGE_CURVE ( 'NONE', #3959, #439, #2305, .T. ) ;
#1984 = VECTOR ( 'NONE', #4523, 100.0000000000000142 ) ;
#1985 = EDGE_CURVE ( 'NONE', #4723, #4216, #547, .T. ) ;
#1986 = CYLINDRICAL_SURFACE ( 'NONE', #1808, 0.1249999999999999445 ) ;
#1987 = CARTESIAN_POINT ( 'NONE',  ( -7.979999999999999538, -1.666666666666666297, 0.6250000000000003331 ) ) ;
#1988 = LINE ( 'NONE', #4069, #1984 ) ;
#1989 = ADVANCED_FACE ( 'NONE', ( #340 ), #6563, .T. ) ;
#1990 = AXIS2_PLACEMENT_3D ( 'NONE', #3528, #1011, #5086 ) ;
#1991 = EDGE_CURVE ( 'NONE', #2129, #4580, #764, .T. ) ;
#1992 = ORIENTED_EDGE ( 'NONE', *, *, #6017, .T. ) ;
#1993 = CARTESIAN_POINT ( 'NONE',  ( -3.112231098461378132, -0.5043410338583717012, 0.06250000000000000000 ) ) ;
#1994 = CARTESIAN_POINT ( 'NONE',  ( -8.739999999999998437, -1.666666666666666297, 2.375000000000000000 ) ) ;
#1995 = DIRECTION ( 'NONE',  ( 1.000000000000000000, 0.000000000000000000, 0.000000000000000000 ) ) ;
#1996 = CARTESIAN_POINT ( 'NONE',  ( 7.034359763170806801, 0.7752571291437001522, 1.529829163342939946 ) ) ;
#1997 = ORIENTED_EDGE ( 'NONE', *, *, #2091, .F. ) ;
#1998 = DIRECTION ( 'NONE',  ( -0.9435497843495195269, -0.3312307420122346246, -0.000000000000000000 ) ) ;
#1999 = CARTESIAN_POINT ( 'NONE',  ( -9.374999999999998224, -1.666666666666666297, 0.1250000000000001110 ) ) ;
#2000 = DIRECTION ( 'NONE',  ( 0.000000000000000000, -0.000000000000000000, -1.000000000000000000 ) ) ;
#2001 = DIRECTION ( 'NONE',  ( -0.7292219231207925922, -0.6842772733622044523, -4.748127400715256416E-16 ) ) ;
#2002 = VERTEX_POINT ( 'NONE', #851 ) ;
#2003 = ORIENTED_EDGE ( 'NONE', *, *, #6682, .T. ) ;
#2004 = EDGE_CURVE ( 'NONE', #3976, #945, #6152, .T. ) ;
#2005 = CARTESIAN_POINT ( 'NONE',  ( -7.372779489814402787, -2.281666666666666288, 0.7204153826391979099 ) ) ;
#2006 = CARTESIAN_POINT ( 'NONE',  ( -7.006460890798002161, -0.4087864304058597131, 1.482266279731362824 ) ) ;
#2007 = CARTESIAN_POINT ( 'NONE',  ( 7.509176381417355550, 0.5592698305140825221, 0.6226284836642606013 ) ) ;
#2008 = DIRECTION ( 'NONE',  ( 0.000000000000000000, 1.000000000000000000, -0.000000000000000000 ) ) ;
#2009 = DIRECTION ( 'NONE',  ( 1.000000000000000000, 0.000000000000000000, 0.000000000000000000 ) ) ;
#2010 = VERTEX_POINT ( 'NONE', #2841 ) ;
#2011 = EDGE_LOOP ( 'NONE', ( #6674, #6166, #4401, #3043 ) ) ;
#2012 = VERTEX_POINT ( 'NONE', #2300 ) ;
#2013 = EDGE_CURVE ( 'NONE', #3444, #4653, #4499, .T. ) ;
#2014 = DIRECTION ( 'NONE',  ( 0.3291341199363027048, 0.9442831837397906991, 0.000000000000000000 ) ) ;
#2015 = DIRECTION ( 'NONE',  ( -0.4140596180325157305, -0.9102497639190944012, 0.000000000000000000 ) ) ;
#2016 = EDGE_CURVE ( 'NONE', #2303, #4336, #3071, .T. ) ;
#2017 = ORIENTED_EDGE ( 'NONE', *, *, #6272, .F. ) ;
#2018 = DIRECTION ( 'NONE',  ( 0.000000000000000000, -0.000000000000000000, -1.000000000000000000 ) ) ;
#2019 = DIRECTION ( 'NONE',  ( -1.000000000000000000, 0.000000000000000000, 0.000000000000000000 ) ) ;
#2020 = DIRECTION ( 'NONE',  ( -0.9442831837397906991, 0.3291341199363030934, 0.000000000000000000 ) ) ;
#2021 = CARTESIAN_POINT ( 'NONE',  ( 2.096549453265687646, -1.907427199156551456, 2.391517950315024787 ) ) ;
#2022 = DIRECTION ( 'NONE',  ( 0.000000000000000000, 0.000000000000000000, -1.000000000000000000 ) ) ;
#2023 = ORIENTED_EDGE ( 'NONE', *, *, #3162, .F. ) ;
#2024 = ORIENTED_EDGE ( 'NONE', *, *, #344, .F. ) ;
#2025 = ORIENTED_EDGE ( 'NONE', *, *, #1991, .T. ) ;
#2026 = CARTESIAN_POINT ( 'NONE',  ( -0.1229239912518637901, 1.708333333333333925, 0.000000000000000000 ) ) ;
#2027 = AXIS2_PLACEMENT_3D ( 'NONE', #2850, #2379, #2443 ) ;
#2028 = CARTESIAN_POINT ( 'NONE',  ( 5.532877376020794991, -2.566981288130124383, 2.375000000000000000 ) ) ;
#2029 = FACE_OUTER_BOUND ( 'NONE', #4296, .T. ) ;
#2030 = EDGE_LOOP ( 'NONE', ( #140, #487, #4736, #1348 ) ) ;
#2031 = AXIS2_PLACEMENT_3D ( 'NONE', #3170, #1554, #2621 ) ;
#2032 = VECTOR ( 'NONE', #3039, 100.0000000000000000 ) ;
#2033 = ORIENTED_EDGE ( 'NONE', *, *, #3773, .F. ) ;
#2034 = CARTESIAN_POINT ( 'NONE',  ( -7.007168012772840626, -0.5315136810190776995, 1.019373966364046202 ) ) ;
#2035 = AXIS2_PLACEMENT_3D ( 'NONE', #5272, #555, #1723 ) ;
#2036 = VECTOR ( 'NONE', #5267, 100.0000000000000142 ) ;
#2037 = CIRCLE ( 'NONE', #4665, 0.1250000000000001110 ) ;
#2038 = CARTESIAN_POINT ( 'NONE',  ( 2.561649429993067884, 2.809829183468622205, 4.211331016695741170 ) ) ;
#2039 = CARTESIAN_POINT ( 'NONE',  ( 7.593424118920733434, 0.5209467378937664428, 0.6250000000000000000 ) ) ;
#2040 = DIRECTION ( 'NONE',  ( 1.000000000000000000, 0.000000000000000000, -7.641953638664349275E-17 ) ) ;
#2041 = FACE_OUTER_BOUND ( 'NONE', #6577, .T. ) ;
#2042 = ORIENTED_EDGE ( 'NONE', *, *, #6559, .F. ) ;
#2043 = VECTOR ( 'NONE', #2161, 100.0000000000000000 ) ;
#2044 = AXIS2_PLACEMENT_3D ( 'NONE', #3668, #4152, #376 ) ;
#2045 = ORIENTED_EDGE ( 'NONE', *, *, #1559, .F. ) ;
#2046 = ORIENTED_EDGE ( 'NONE', *, *, #4211, .T. ) ;
#2047 = AXIS2_PLACEMENT_3D ( 'NONE', #6243, #2089, #3111 ) ;
#2048 = CARTESIAN_POINT ( 'NONE',  ( 8.366432773872297446, -2.238428080211328108, 0.5000000000000002220 ) ) ;
#2049 = DIRECTION ( 'NONE',  ( -0.8000000000000002665, -1.387778780781446169E-16, 0.5999999999999995337 ) ) ;
#2050 = CARTESIAN_POINT ( 'NONE',  ( -4.923235751747690792, -0.9311473157206536788, 2.437500000000000000 ) ) ;
#2051 = EDGE_CURVE ( 'NONE', #6337, #639, #5499, .T. ) ;
#2052 = EDGE_CURVE ( 'NONE', #3480, #1909, #4612, .T. ) ;
#2053 = AXIS2_PLACEMENT_3D ( 'NONE', #2830, #1803, #151 ) ;
#2054 = EDGE_LOOP ( 'NONE', ( #2116, #4759, #1907, #3624 ) ) ;
#2055 = DIRECTION ( 'NONE',  ( -0.000000000000000000, 0.000000000000000000, 1.000000000000000000 ) ) ;
#2056 = CARTESIAN_POINT ( 'NONE',  ( -7.935930158038118520, -2.636755162241886996, 2.000000000000000444 ) ) ;
#2057 = CARTESIAN_POINT ( 'NONE',  ( 7.466666666666668561, -1.898669001194128292, 0.6500000000000003553 ) ) ;
#2058 = AXIS2_PLACEMENT_3D ( 'NONE', #2171, #1165, #105 ) ;
#2059 = CARTESIAN_POINT ( 'NONE',  ( 3.958060731020411731E-16, -2.281666666666664955, 0.1250000000000000000 ) ) ;
#2060 = ORIENTED_EDGE ( 'NONE', *, *, #2764, .F. ) ;
#2061 = ORIENTED_EDGE ( 'NONE', *, *, #5644, .T. ) ;
#2062 = VERTEX_POINT ( 'NONE', #3939 ) ;
#2063 = CARTESIAN_POINT ( 'NONE',  ( -4.863129584821977325, -0.9482791194055660844, 0.06250000000000000000 ) ) ;
#2064 = CARTESIAN_POINT ( 'NONE',  ( -10.00000000000000000, -1.666666666666666297, 2.500000000000000000 ) ) ;
#2065 = ADVANCED_FACE ( 'NONE', ( #2370 ), #4911, .F. ) ;
#2066 = DIRECTION ( 'NONE',  ( 0.000000000000000000, -1.000000000000000000, 0.000000000000000000 ) ) ;
#2067 = DIRECTION ( 'NONE',  ( -1.000000000000000000, 0.000000000000000000, 0.000000000000000000 ) ) ;
#2068 = ORIENTED_EDGE ( 'NONE', *, *, #1247, .F. ) ;
#2069 = AXIS2_PLACEMENT_3D ( 'NONE', #4016, #5063, #5129 ) ;
#2070 = ADVANCED_FACE ( 'NONE', ( #1889 ), #457, .T. ) ;
#2071 = DIRECTION ( 'NONE',  ( -0.000000000000000000, -0.000000000000000000, -1.000000000000000000 ) ) ;
#2072 = EDGE_CURVE ( 'NONE', #4739, #6183, #562, .T. ) ;
#2073 = CARTESIAN_POINT ( 'NONE',  ( 7.541666666666674068, -2.083327714801483044, 0.5000000000000003331 ) ) ;
#2074 = EDGE_CURVE ( 'NONE', #6372, #778, #4180, .T. ) ;
#2075 = AXIS2_PLACEMENT_3D ( 'NONE', #3904, #3394, #4910 ) ;
#2076 = CARTESIAN_POINT ( 'NONE',  ( 7.000000000000001776, -1.894527379582028992, 1.062499999999999778 ) ) ;
#2077 = CARTESIAN_POINT ( 'NONE',  ( -7.541666666666666075, -0.5316666666666663987, 1.875000000000000000 ) ) ;
#2078 = FACE_OUTER_BOUND ( 'NONE', #4259, .T. ) ;
#2079 = CYLINDRICAL_SURFACE ( 'NONE', #206, 0.1249999999999999861 ) ;
#2080 = EDGE_LOOP ( 'NONE', ( #2897, #1300, #1206, #3403 ) ) ;
#2081 = ORIENTED_EDGE ( 'NONE', *, *, #5044, .F. ) ;
#2082 = AXIS2_PLACEMENT_3D ( 'NONE', #1524, #967, #3100 ) ;
#2083 = ORIENTED_EDGE ( 'NONE', *, *, #529, .T. ) ;
#2084 = CYLINDRICAL_SURFACE ( 'NONE', #4553, 0.1250000000000000555 ) ;
#2085 = CARTESIAN_POINT ( 'NONE',  ( -0.4299847982685861547, 0.4582270283001975697, 2.375000000000000000 ) ) ;
#2086 = TOROIDAL_SURFACE ( 'NONE', #2953, 1.125000000000000000, 0.1250000000000000000 ) ;
#2087 = CARTESIAN_POINT ( 'NONE',  ( -3.130379291100030770, -0.3400015541606994374, 0.06250000000000000000 ) ) ;
#2088 = ORIENTED_EDGE ( 'NONE', *, *, #5879, .F. ) ;
#2089 = DIRECTION ( 'NONE',  ( -1.000000000000000000, 0.000000000000000000, -0.000000000000000000 ) ) ;
#2090 = CIRCLE ( 'NONE', #5058, 0.1250000000000000000 ) ;
#2091 = EDGE_CURVE ( 'NONE', #3616, #4094, #1012, .T. ) ;
#2092 = PLANE ( 'NONE',  #4220 ) ;
#2093 = LINE ( 'NONE', #4276, #4351 ) ;
#2094 = CARTESIAN_POINT ( 'NONE',  ( 9.066111996829180342, 0.05039987445755889778, 0.5000000000000004441 ) ) ;
#2095 = ORIENTED_EDGE ( 'NONE', *, *, #4407, .T. ) ;
#2096 = ADVANCED_FACE ( 'NONE', ( #4143 ), #3497, .T. ) ;
#2097 = VERTEX_POINT ( 'NONE', #4637 ) ;
#2098 = EDGE_LOOP ( 'NONE', ( #2765, #3505, #1540, #40 ) ) ;
#2099 = DIRECTION ( 'NONE',  ( -0.7699115044247790696, -0.6381506682237148009, 1.771223912604741895E-15 ) ) ;
#2100 = EDGE_CURVE ( 'NONE', #2380, #4497, #429, .T. ) ;
#2101 = DIRECTION ( 'NONE',  ( -0.5999999999999999778, 0.000000000000000000, 0.8000000000000000444 ) ) ;
#2102 = CARTESIAN_POINT ( 'NONE',  ( -7.124999999999999112, -2.926666666666667194, 1.437500000000000000 ) ) ;
#2103 = DIRECTION ( 'NONE',  ( 1.000000000000000000, 3.700743415417190309E-15, 0.000000000000000000 ) ) ;
#2104 = EDGE_CURVE ( 'NONE', #4884, #26, #4262, .T. ) ;
#2105 = VERTEX_POINT ( 'NONE', #6148 ) ;
#2106 = EDGE_LOOP ( 'NONE', ( #2844, #2479, #6479, #5258, #3269, #4175, #5517 ) ) ;
#2107 = DIRECTION ( 'NONE',  ( 0.5999999999999999778, 0.000000000000000000, 0.8000000000000000444 ) ) ;
#2108 = CARTESIAN_POINT ( 'NONE',  ( -2.478553173307071589, -1.464080485396389575, 2.500000000000000000 ) ) ;
#2109 = DIRECTION ( 'NONE',  ( 0.000000000000000000, -0.000000000000000000, -1.000000000000000000 ) ) ;
#2110 = DIRECTION ( 'NONE',  ( 0.9102497639190944012, -0.4140596180325159525, 0.000000000000000000 ) ) ;
#2111 = EDGE_LOOP ( 'NONE', ( #2112, #2454, #2460 ) ) ;
#2112 = ORIENTED_EDGE ( 'NONE', *, *, #3406, .F. ) ;
#2113 = VERTEX_POINT ( 'NONE', #2094 ) ;
#2114 = CARTESIAN_POINT ( 'NONE',  ( 7.466666666666668561, 0.4753983752048718259, 0.6500000000000003553 ) ) ;
#2115 = CARTESIAN_POINT ( 'NONE',  ( -4.863129584821977325, -0.9482791194055660844, -0.007045904514871997870 ) ) ;
#2116 = ORIENTED_EDGE ( 'NONE', *, *, #3804, .T. ) ;
#2117 = CARTESIAN_POINT ( 'NONE',  ( 8.740000000000001990, -1.166666666666666519, 0.1250000000000001110 ) ) ;
#2118 =( BOUNDED_CURVE ( )  B_SPLINE_CURVE ( 3, ( #3501, #6677, #4049, #1476 ),
 .UNSPECIFIED., .F., .F. ) 
 B_SPLINE_CURVE_WITH_KNOTS ( ( 4, 4 ),
 ( 0.000000000000000000, 0.9272952180016125201 ),
 .UNSPECIFIED. ) 
 CURVE ( )  GEOMETRIC_REPRESENTATION_ITEM ( )  RATIONAL_B_SPLINE_CURVE ( ( 1.000000000000000000, 0.9296181273332770889, 0.9296181273332770889, 1.000000000000000000 ) ) 
 REPRESENTATION_ITEM ( '' )  );
#2119 = DIRECTION ( 'NONE',  ( -0.000000000000000000, 0.000000000000000000, 1.000000000000000000 ) ) ;
#2120 = CARTESIAN_POINT ( 'NONE',  ( -7.400635865864161111, -2.411779935003889097, 0.5336303163374737091 ) ) ;
#2121 = DIRECTION ( 'NONE',  ( 1.000000000000000000, 0.000000000000000000, 0.000000000000000000 ) ) ;
#2122 = ORIENTED_EDGE ( 'NONE', *, *, #3389, .F. ) ;
#2123 = ORIENTED_EDGE ( 'NONE', *, *, #1475, .T. ) ;
#2124 = ORIENTED_EDGE ( 'NONE', *, *, #427, .F. ) ;
#2125 = DIRECTION ( 'NONE',  ( -1.000000000000000000, 0.000000000000000000, 0.000000000000000000 ) ) ;
#2126 = CARTESIAN_POINT ( 'NONE',  ( -7.297779489814402609, -2.406666666666666288, 2.375000000000000000 ) ) ;
#2127 = DIRECTION ( 'NONE',  ( 0.000000000000000000, 0.000000000000000000, 1.000000000000000000 ) ) ;
#2128 = LINE ( 'NONE', #3291, #2197 ) ;
#2129 = VERTEX_POINT ( 'NONE', #3049 ) ;
#2130 = EDGE_CURVE ( 'NONE', #647, #4788, #5052, .T. ) ;
#2131 = AXIS2_PLACEMENT_3D ( 'NONE', #1269, #3952, #1791 ) ;
#2132 = ORIENTED_EDGE ( 'NONE', *, *, #844, .T. ) ;
#2133 = AXIS2_PLACEMENT_3D ( 'NONE', #3486, #4521, #4068 ) ;
#2134 = ADVANCED_FACE ( 'NONE', ( #5639 ), #2301, .T. ) ;
#2135 = DIRECTION ( 'NONE',  ( -0.000000000000000000, 0.000000000000000000, 1.000000000000000000 ) ) ;
#2136 = DIRECTION ( 'NONE',  ( -0.8000000000000003775, 0.000000000000000000, 0.5999999999999996447 ) ) ;
#2137 = AXIS2_PLACEMENT_3D ( 'NONE', #4791, #2214, #2726 ) ;
#2138 = CARTESIAN_POINT ( 'NONE',  ( -5.630756499300535900, -2.255337837205904084, 2.375000000000000000 ) ) ;
#2139 = ORIENTED_EDGE ( 'NONE', *, *, #3878, .T. ) ;
#2140 = ORIENTED_EDGE ( 'NONE', *, *, #3220, .T. ) ;
#2141 = AXIS2_PLACEMENT_3D ( 'NONE', #3956, #2995, #3441 ) ;
#2142 = CIRCLE ( 'NONE', #4673, 0.9999999999999995559 ) ;
#2143 = CIRCLE ( 'NONE', #5981, 1.134999999999999787 ) ;
#2144 = EDGE_LOOP ( 'NONE', ( #988, #3507, #2683, #3814 ) ) ;
#2145 = CARTESIAN_POINT ( 'NONE',  ( 7.443424118920733079, 0.5891795956947590840, 0.5500000000000001554 ) ) ;
#2146 = CARTESIAN_POINT ( 'NONE',  ( 2.202079828074157142, -1.881149904148724072, 2.500000000000000000 ) ) ;
#2147 = TOROIDAL_SURFACE ( 'NONE', #4685, 0.1250000000000000000, 0.06250000000000000000 ) ;
#2148 = EDGE_CURVE ( 'NONE', #2010, #1471, #2842, .T. ) ;
#2149 = ORIENTED_EDGE ( 'NONE', *, *, #6139, .T. ) ;
#2150 = FACE_BOUND ( 'NONE', #5339, .T. ) ;
#2151 = CIRCLE ( 'NONE', #1157, 1.500000000000000000 ) ;
#2152 = ADVANCED_FACE ( 'NONE', ( #3115 ), #4490, .T. ) ;
#2153 = EDGE_CURVE ( 'NONE', #1363, #25, #2186, .T. ) ;
#2154 = CARTESIAN_POINT ( 'NONE',  ( -8.739999999999998437, -0.4066666666666663987, 0.5000000000000004441 ) ) ;
#2155 = DIRECTION ( 'NONE',  ( 1.000000000000000000, 0.000000000000000000, 0.000000000000000000 ) ) ;
#2156 = CARTESIAN_POINT ( 'NONE',  ( -0.1958629230997752102, 1.145833333333334147, 0.06250000000000000000 ) ) ;
#2157 = VERTEX_POINT ( 'NONE', #2605 ) ;
#2158 = CIRCLE ( 'NONE', #5012, 0.06249999999999997224 ) ;
#2159 = VERTEX_POINT ( 'NONE', #370 ) ;
#2160 = ORIENTED_EDGE ( 'NONE', *, *, #879, .T. ) ;
#2161 = DIRECTION ( 'NONE',  ( 0.000000000000000000, 0.000000000000000000, -1.000000000000000000 ) ) ;
#2162 = AXIS2_PLACEMENT_3D ( 'NONE', #4273, #1734, #4305 ) ;
#2163 = CARTESIAN_POINT ( 'NONE',  ( 7.350524901674631018, -2.016704399161601824, 0.5500000000000002665 ) ) ;
#2164 = CYLINDRICAL_SURFACE ( 'NONE', #4589, 0.1250000000000001110 ) ;
#2165 = CARTESIAN_POINT ( 'NONE',  ( -10.00000000000000000, -2.926666666666667194, 0.6250000000000005551 ) ) ;
#2166 = ORIENTED_EDGE ( 'NONE', *, *, #2793, .F. ) ;
#2167 = ORIENTED_EDGE ( 'NONE', *, *, #6172, .T. ) ;
#2168 = CARTESIAN_POINT ( 'NONE',  ( -4.863683716357508402, -1.213430518462015995, 0.000000000000000000 ) ) ;
#2169 = DIRECTION ( 'NONE',  ( -0.000000000000000000, 0.000000000000000000, 1.000000000000000000 ) ) ;
#2170 = EDGE_CURVE ( 'NONE', #6812, #4839, #761, .T. ) ;
#2171 = CARTESIAN_POINT ( 'NONE',  ( 8.740000000000001990, -1.166666666666666519, 2.500000000000000000 ) ) ;
#2172 = CARTESIAN_POINT ( 'NONE',  ( 7.471909641220510601, -2.059013592115740643, 1.863343939145211792 ) ) ;
#2173 = AXIS2_PLACEMENT_3D ( 'NONE', #1191, #5425, #1778 ) ;
#2174 = VERTEX_POINT ( 'NONE', #4703 ) ;
#2175 = ADVANCED_FACE ( 'NONE', ( #2535 ), #886, .T. ) ;
#2176 = EDGE_LOOP ( 'NONE', ( #1103, #646, #455, #4631 ) ) ;
#2177 = ORIENTED_EDGE ( 'NONE', *, *, #1026, .F. ) ;
#2178 = ORIENTED_EDGE ( 'NONE', *, *, #6462, .F. ) ;
#2179 = DIRECTION ( 'NONE',  ( 0.4140596180325146758, 0.9102497639190948453, 0.000000000000000000 ) ) ;
#2180 = CYLINDRICAL_SURFACE ( 'NONE', #1806, 0.06250000000000005551 ) ;
#2181 = CARTESIAN_POINT ( 'NONE',  ( -2.685335970326830690, 0.7653898264471215018, 0.06250000000000000000 ) ) ;
#2182 = AXIS2_PLACEMENT_3D ( 'NONE', #6066, #1344, #5446 ) ;
#2183 = EDGE_LOOP ( 'NONE', ( #823, #3749, #3302, #536 ) ) ;
#2184 = DIRECTION ( 'NONE',  ( 1.000000000000000000, 0.000000000000000000, 0.000000000000000000 ) ) ;
#2185 = EDGE_CURVE ( 'NONE', #2002, #3782, #2468, .T. ) ;
#2186 = CIRCLE ( 'NONE', #1639, 0.1250000000000001110 ) ;
#2187 = CARTESIAN_POINT ( 'NONE',  ( -7.541666666666666075, -2.308420772084294637, 2.000000000000000000 ) ) ;
#2188 = LINE ( 'NONE', #3152, #6441 ) ;
#2189 = LINE ( 'NONE', #4201, #2732 ) ;
#2190 = ADVANCED_FACE ( 'NONE', ( #3628 ), #6338, .T. ) ;
#2191 = ADVANCED_FACE ( 'NONE', ( #4802 ), #1085, .F. ) ;
#2192 = CIRCLE ( 'NONE', #5274, 0.1250000000000000000 ) ;
#2193 = ORIENTED_EDGE ( 'NONE', *, *, #5084, .T. ) ;
#2194 = EDGE_CURVE ( 'NONE', #6714, #6758, #6702, .T. ) ;
#2195 = CARTESIAN_POINT ( 'NONE',  ( -4.863683716357508402, -1.213430518462015995, 2.437500000000000000 ) ) ;
#2196 = PRODUCT_DEFINITION_CONTEXT ( 'detailed design', #6169, 'design' ) ;
#2197 = VECTOR ( 'NONE', #4210, 100.0000000000000142 ) ;
#2198 = CARTESIAN_POINT ( 'NONE',  ( 7.396031346024023456, -2.032565873526790412, 0.5213080468695043823 ) ) ;
#2199 = VECTOR ( 'NONE', #3335, 100.0000000000000000 ) ;
#2200 = CARTESIAN_POINT ( 'NONE',  ( 5.532877376020794991, -2.566981288130124383, 2.500000000000000000 ) ) ;
#2201 = CARTESIAN_POINT ( 'NONE',  ( 7.500524901674630485, -2.068987568914681052, 2.000000000000000000 ) ) ;
#2202 = VERTEX_POINT ( 'NONE', #2156 ) ;
#2203 = ORIENTED_EDGE ( 'NONE', *, *, #1650, .F. ) ;
#2204 = VECTOR ( 'NONE', #1823, 100.0000000000000000 ) ;
#2205 = DIRECTION ( 'NONE',  ( -0.2588190451025212946, -0.9659258262890680902, 0.000000000000000000 ) ) ;
#2206 = CARTESIAN_POINT ( 'NONE',  ( 7.003313221088196094, -1.895682217585896057, 1.017496812376797566 ) ) ;
#2207 = DIRECTION ( 'NONE',  ( -0.2741088589585976010, -0.9616986708114011462, -0.000000000000000000 ) ) ;
#2208 = DIRECTION ( 'NONE',  ( 1.000000000000000000, 0.000000000000000000, 0.000000000000000000 ) ) ;
#2209 = ORIENTED_EDGE ( 'NONE', *, *, #1364, .F. ) ;
#2210 = VERTEX_POINT ( 'NONE', #673 ) ;
#2211 = EDGE_LOOP ( 'NONE', ( #1692, #6285, #4810, #2203 ) ) ;
#2212 = ORIENTED_EDGE ( 'NONE', *, *, #5929, .F. ) ;
#2213 = CARTESIAN_POINT ( 'NONE',  ( -9.374999999999998224, -1.666666666666666297, 2.375000000000000000 ) ) ;
#2214 = DIRECTION ( 'NONE',  ( -0.000000000000000000, 0.000000000000000000, 1.000000000000000000 ) ) ;
#2215 = CARTESIAN_POINT ( 'NONE',  ( -7.381234758127526163, -2.410155142302404574, 0.5499999999999997113 ) ) ;
#2216 = CARTESIAN_POINT ( 'NONE',  ( 7.980000000000002203, -1.166666666666666297, 1.875000000000000222 ) ) ;
#2217 = EDGE_CURVE ( 'NONE', #5876, #357, #4935, .T. ) ;
#2218 = EDGE_LOOP ( 'NONE', ( #3104, #5554, #3787, #2426 ) ) ;
#2219 = CYLINDRICAL_SURFACE ( 'NONE', #2053, 0.1250000000000001110 ) ;
#2220 = CARTESIAN_POINT ( 'NONE',  ( 7.466666666666668561, 0.4753983752048711597, 1.849999999999999867 ) ) ;
#2221 = CARTESIAN_POINT ( 'NONE',  ( -7.467437387065567478, -2.420893671913678880, 0.5041948201560724208 ) ) ;
#2222 = EDGE_CURVE ( 'NONE', #1264, #2323, #2516, .T. ) ;
#2223 = DIRECTION ( 'NONE',  ( -1.000000000000000000, 0.000000000000000000, 0.000000000000000000 ) ) ;
#2224 = ORIENTED_EDGE ( 'NONE', *, *, #1346, .F. ) ;
#2225 = CARTESIAN_POINT ( 'NONE',  ( 4.384087411533105438, -2.137500512566805622, 2.500000000000000444 ) ) ;
#2226 = CARTESIAN_POINT ( 'NONE',  ( 7.541666666666670515, -1.950952170947207076, 0.6250000000000000000 ) ) ;
#2227 = FACE_OUTER_BOUND ( 'NONE', #2971, .T. ) ;
#2228 = DIRECTION ( 'NONE',  ( -0.000000000000000000, 0.000000000000000000, 1.000000000000000000 ) ) ;
#2229 = EDGE_LOOP ( 'NONE', ( #2139, #2751, #6391, #508 ) ) ;
#2230 = ORIENTED_EDGE ( 'NONE', *, *, #5542, .F. ) ;
#2231 = DIRECTION ( 'NONE',  ( 0.000000000000000000, 0.000000000000000000, 1.000000000000000000 ) ) ;
#2232 = CARTESIAN_POINT ( 'NONE',  ( -7.005887563286304243, -0.5316666659249019711, 1.018722208906668980 ) ) ;
#2233 = CARTESIAN_POINT ( 'NONE',  ( -6.891332870116408493, -0.4065276890392522935, 0.9767482816103034704 ) ) ;
#2234 = CARTESIAN_POINT ( 'NONE',  ( 6.926757452254066472, 0.8242038836759507658, 1.437500000000000000 ) ) ;
#2235 = DIRECTION ( 'NONE',  ( 0.000000000000000000, 0.000000000000000000, -1.000000000000000000 ) ) ;
#2236 = EDGE_LOOP ( 'NONE', ( #3713, #6502, #1691, #6370 ) ) ;
#2237 = VECTOR ( 'NONE', #3409, 100.0000000000000142 ) ;
#2238 = VERTEX_POINT ( 'NONE', #5835 ) ;
#2239 = ORIENTED_EDGE ( 'NONE', *, *, #5752, .F. ) ;
#2240 = ORIENTED_EDGE ( 'NONE', *, *, #3095, .T. ) ;
#2241 = CIRCLE ( 'NONE', #6086, 0.1250000000000001110 ) ;
#2242 = AXIS2_PLACEMENT_3D ( 'NONE', #6743, #6289, #1575 ) ;
#2243 = CARTESIAN_POINT ( 'NONE',  ( -7.541666666666666075, -2.926666666666667194, 0.7500000000000003331 ) ) ;
#2244 = CARTESIAN_POINT ( 'NONE',  ( -7.297779489814402609, -3.406666666666666288, 2.500000000000000000 ) ) ;
#2245 = DIRECTION ( 'NONE',  ( -0.000000000000000000, 0.000000000000000000, 1.000000000000000000 ) ) ;
#2246 = CARTESIAN_POINT ( 'NONE',  ( -4.367971458249118477, 1.244984222941897034, 2.500000000000000000 ) ) ;
#2247 = AXIS2_PLACEMENT_3D ( 'NONE', #4721, #10, #6719 ) ;
#2248 = AXIS2_PLACEMENT_3D ( 'NONE', #6523, #1814, #5907 ) ;
#2249 = VERTEX_POINT ( 'NONE', #3216 ) ;
#2250 = CARTESIAN_POINT ( 'NONE',  ( -9.499999999999998224, -1.666666666666666297, 0.5000000000000005551 ) ) ;
#2251 = CIRCLE ( 'NONE', #928, 0.7599999999999995648 ) ;
#2252 = CIRCLE ( 'NONE', #3132, 0.1250000000000000000 ) ;
#2253 = DIRECTION ( 'NONE',  ( 0.2741088589585981006, 0.9616986708114009241, -0.000000000000000000 ) ) ;
#2254 = CARTESIAN_POINT ( 'NONE',  ( -6.938893903907245634E-17, -0.5316666666666662877, 1.999999999999999112 ) ) ;
#2255 = ADVANCED_FACE ( 'NONE', ( #4241 ), #99, .T. ) ;
#2256 = CARTESIAN_POINT ( 'NONE',  ( 3.333333333333335258, -1.666666666666666963, 2.375000000000000000 ) ) ;
#2257 = VECTOR ( 'NONE', #4641, 100.0000000000000000 ) ;
#2258 = ORIENTED_EDGE ( 'NONE', *, *, #6411, .F. ) ;
#2259 = CIRCLE ( 'NONE', #1355, 0.1249999999999999861 ) ;
#2260 = AXIS2_PLACEMENT_3D ( 'NONE', #5850, #585, #1125 ) ;
#2261 = CARTESIAN_POINT ( 'NONE',  ( -2.478553173307071589, -1.464080485396389575, 0.1250000000000001110 ) ) ;
#2262 = LINE ( 'NONE', #1289, #6093 ) ;
#2263 = CARTESIAN_POINT ( 'NONE',  ( -1.494853308428508942, -0.7124252704789464374, 0.1250000000000000000 ) ) ;
#2264 = AXIS2_PLACEMENT_3D ( 'NONE', #4170, #5312, #3625 ) ;
#2265 = CARTESIAN_POINT ( 'NONE',  ( -6.580600864216119561, -0.3512951395295418888, 0.1250000000000000000 ) ) ;
#2266 = DIRECTION ( 'NONE',  ( -0.000000000000000000, -1.000000000000000000, -0.000000000000000000 ) ) ;
#2267 = AXIS2_PLACEMENT_3D ( 'NONE', #483, #5173, #3577 ) ;
#2268 = DIRECTION ( 'NONE',  ( -0.9435497843495195269, -0.3312307420122346246, -1.047550695464936736E-14 ) ) ;
#2269 = EDGE_CURVE ( 'NONE', #3280, #2210, #3934, .T. ) ;
#2270 = CARTESIAN_POINT ( 'NONE',  ( -3.130933422635562291, -0.6051529532171497916, 0.06250000000000000000 ) ) ;
#2271 = CARTESIAN_POINT ( 'NONE',  ( 5.116637076900224734, 0.000000000000000000, 2.437500000000000000 ) ) ;
#2272 = DIRECTION ( 'NONE',  ( -0.000000000000000000, -0.000000000000000000, -1.000000000000000000 ) ) ;
#2273 = ORIENTED_EDGE ( 'NONE', *, *, #232, .F. ) ;
#2274 = EDGE_CURVE ( 'NONE', #3724, #1579, #976, .T. ) ;
#2275 = ORIENTED_EDGE ( 'NONE', *, *, #218, .F. ) ;
#2276 = ADVANCED_FACE ( 'NONE', ( #5769 ), #5356, .F. ) ;
#2277 = ORIENTED_EDGE ( 'NONE', *, *, #3365, .F. ) ;
#2278 = VERTEX_POINT ( 'NONE', #4735 ) ;
#2279 = DIRECTION ( 'NONE',  ( 1.000000000000000000, 0.000000000000000000, -1.040834085586084626E-16 ) ) ;
#2280 = DIRECTION ( 'NONE',  ( 1.000000000000000000, 0.000000000000000000, 0.000000000000000000 ) ) ;
#2281 = CARTESIAN_POINT ( 'NONE',  ( -0.1229239912518637901, 1.833333333333333925, 0.1250000000000001110 ) ) ;
#2282 = DIRECTION ( 'NONE',  ( -1.387778780781445922E-16, -0.000000000000000000, -1.000000000000000000 ) ) ;
#2283 = ORIENTED_EDGE ( 'NONE', *, *, #5124, .T. ) ;
#2284 = ORIENTED_EDGE ( 'NONE', *, *, #3931, .F. ) ;
#2285 = AXIS2_PLACEMENT_3D ( 'NONE', #5263, #2066, #2670 ) ;
#2286 = VERTEX_POINT ( 'NONE', #23 ) ;
#2287 = FACE_OUTER_BOUND ( 'NONE', #1035, .T. ) ;
#2288 = DIRECTION ( 'NONE',  ( -0.000000000000000000, -0.000000000000000000, -1.000000000000000000 ) ) ;
#2289 = FACE_OUTER_BOUND ( 'NONE', #3087, .T. ) ;
#2290 = AXIS2_PLACEMENT_3D ( 'NONE', #5896, #3210, #1177 ) ;
#2291 = CARTESIAN_POINT ( 'NONE',  ( 0.2679343889853182947, -0.7746647813404543559, 0.000000000000000000 ) ) ;
#2292 = ORIENTED_EDGE ( 'NONE', *, *, #3102, .T. ) ;
#2293 = EDGE_CURVE ( 'NONE', #2012, #3526, #5377, .T. ) ;
#2294 = DIRECTION ( 'NONE',  ( 1.000000000000000000, 0.000000000000000000, 0.000000000000000000 ) ) ;
#2295 = CIRCLE ( 'NONE', #862, 1.134999999999999787 ) ;
#2296 = DIRECTION ( 'NONE',  ( 0.000000000000000000, -0.000000000000000000, -1.000000000000000000 ) ) ;
#2297 = DIRECTION ( 'NONE',  ( 1.000000000000000000, 0.000000000000000000, 0.000000000000000000 ) ) ;
#2298 = EDGE_CURVE ( 'NONE', #2278, #5068, #2189, .T. ) ;
#2299 = DIRECTION ( 'NONE',  ( 0.000000000000000000, -0.000000000000000000, -1.000000000000000000 ) ) ;
#2300 = CARTESIAN_POINT ( 'NONE',  ( -7.297779489814402609, -2.281666666666666288, 0.000000000000000000 ) ) ;
#2301 = TOROIDAL_SURFACE ( 'NONE', #4156, 0.7600000000000002309, 0.1250000000000000000 ) ;
#2302 =( BOUNDED_SURFACE ( )  B_SPLINE_SURFACE ( 3, 2, ( 
 ( #5945, #3945, #1164 ),
 ( #207, #651, #4326 ),
 ( #6430, #3840, #3810 ),
 ( #5915, #1198, #2309 ) ),
 .UNSPECIFIED., .F., .F., .F. ) 
 B_SPLINE_SURFACE_WITH_KNOTS ( ( 4, 4 ),
 ( 3, 3 ),
 ( 4.628836532564641004, 4.712388980384689674 ),
 ( 0.000000000000000000, 1.000000000000000000 ),
 .UNSPECIFIED. ) 
 GEOMETRIC_REPRESENTATION_ITEM ( )  RATIONAL_B_SPLINE_SURFACE ( (
 ( 1.000000000000000000, 0.6891758988139835562, 1.000000000000000000),
 ( 1.000000000000000000, 0.6952165433476421574, 1.000000000000000000),
 ( 1.000000000000000000, 0.7011987563662221978, 1.000000000000000000),
 ( 1.000000000000000000, 0.7071067811865465735, 1.000000000000000000) ) ) 
 REPRESENTATION_ITEM ( '' )  SURFACE ( )  );
#2303 = VERTEX_POINT ( 'NONE', #4277 ) ;
#2304 = CARTESIAN_POINT ( 'NONE',  ( -5.843787586927575717, -1.406666666666666066, 0.1250000000000001110 ) ) ;
#2305 = CIRCLE ( 'NONE', #3943, 0.1250000000000001110 ) ;
#2306 = ADVANCED_FACE ( 'NONE', ( #1672 ), #6314, .T. ) ;
#2307 = CIRCLE ( 'NONE', #1196, 1.260000000000000009 ) ;
#2308 = EDGE_CURVE ( 'NONE', #1390, #5771, #4380, .T. ) ;
#2309 = CARTESIAN_POINT ( 'NONE',  ( -7.297779489814406162, -2.406666666666665844, 1.879584617360804177 ) ) ;
#2310 = CARTESIAN_POINT ( 'NONE',  ( -6.874999999999999112, -2.406666666666665844, 1.437500000000000000 ) ) ;
#2311 = CARTESIAN_POINT ( 'NONE',  ( 5.116637076900224734, 1.145833333333334147, 2.437500000000000000 ) ) ;
#2312 = AXIS2_PLACEMENT_3D ( 'NONE', #4249, #3836, #6359 ) ;
#2313 = ORIENTED_EDGE ( 'NONE', *, *, #4072, .T. ) ;
#2314 = EDGE_CURVE ( 'NONE', #3000, #2249, #645, .T. ) ;
#2315 = TOROIDAL_SURFACE ( 'NONE', #3189, 1.134999999999999787, 0.1250000000000000000 ) ;
#2316 = VERTEX_POINT ( 'NONE', #4309 ) ;
#2317 = ORIENTED_EDGE ( 'NONE', *, *, #947, .T. ) ;
#2318 = ORIENTED_EDGE ( 'NONE', *, *, #492, .T. ) ;
#2319 = DIRECTION ( 'NONE',  ( -1.000000000000000000, 0.000000000000000000, 0.000000000000000000 ) ) ;
#2320 = DIRECTION ( 'NONE',  ( -0.000000000000000000, -0.000000000000000000, -1.000000000000000000 ) ) ;
#2321 = DIRECTION ( 'NONE',  ( -0.000000000000000000, 0.000000000000000000, 1.000000000000000000 ) ) ;
#2322 = CARTESIAN_POINT ( 'NONE',  ( 7.999665410412173827, 0.3361533760589240916, 2.375000000000000000 ) ) ;
#2323 = VERTEX_POINT ( 'NONE', #2291 ) ;
#2324 = VERTEX_POINT ( 'NONE', #1246 ) ;
#2325 = VECTOR ( 'NONE', #5088, 100.0000000000000142 ) ;
#2326 = ORIENTED_EDGE ( 'NONE', *, *, #543, .T. ) ;
#2327 = DIRECTION ( 'NONE',  ( 1.000000000000000000, 0.000000000000000000, 0.000000000000000000 ) ) ;
#2328 = CARTESIAN_POINT ( 'NONE',  ( 7.560850817158516257, 0.5357638676755169804, 1.883154814620638939 ) ) ;
#2329 = LINE ( 'NONE', #1281, #1531 ) ;
#2330 = DIRECTION ( 'NONE',  ( -0.000000000000000000, 0.000000000000000000, 1.000000000000000000 ) ) ;
#2331 = DIRECTION ( 'NONE',  ( 1.000000000000000000, 0.000000000000000000, -1.040834085586084503E-16 ) ) ;
#2332 = DIRECTION ( 'NONE',  ( -0.000000000000000000, 0.000000000000000000, 1.000000000000000000 ) ) ;
#2333 = DIRECTION ( 'NONE',  ( -1.000000000000000000, 0.000000000000000000, 0.000000000000000000 ) ) ;
#2334 = DIRECTION ( 'NONE',  ( 0.000000000000000000, 0.000000000000000000, -1.000000000000000000 ) ) ;
#2335 = VERTEX_POINT ( 'NONE', #5010 ) ;
#2336 = LINE ( 'NONE', #4425, #3623 ) ;
#2337 = DIRECTION ( 'NONE',  ( 1.000000000000000000, 0.000000000000000000, 0.000000000000000000 ) ) ;
#2338 =( BOUNDED_SURFACE ( )  B_SPLINE_SURFACE ( 3, 2, ( 
 ( #5738, #5262, #4807 ),
 ( #2740, #4841, #5227 ),
 ( #2198, #96, #128 ),
 ( #3736, #5360, #4284 ),
 ( #4770, #3255, #1058 ),
 ( #3703, #513, #2226 ) ),
 .UNSPECIFIED., .F., .F., .F. ) 
 B_SPLINE_SURFACE_WITH_KNOTS ( ( 4, 2, 4 ),
 ( 3, 3 ),
 ( 4.068887871591405414, 4.390638425988047544, 4.712388980384689674 ),
 ( 0.000000000000000000, 1.000000000000000000 ),
 .UNSPECIFIED. ) 
 GEOMETRIC_REPRESENTATION_ITEM ( )  RATIONAL_B_SPLINE_SURFACE ( (
 ( 1.000000000000000000, 0.6334506800210327748, 1.000000000000000000),
 ( 1.000000000000000000, 0.6445972216083082351, 1.000000000000000000),
 ( 1.000000000000000000, 0.6567889152426304999, 1.000000000000000000),
 ( 1.000000000000000000, 0.6818063578198618746, 1.000000000000000000),
 ( 1.000000000000000000, 0.6946298751056110277, 1.000000000000000000),
 ( 1.000000000000000000, 0.7071067811865475727, 1.000000000000000000) ) ) 
 REPRESENTATION_ITEM ( '' )  SURFACE ( )  );
#2339 = CARTESIAN_POINT ( 'NONE',  ( 7.000000000000001776, 0.7104226631857954999, 1.043174605311408154 ) ) ;
#2340 = EDGE_LOOP ( 'NONE', ( #3816, #3141, #510, #5067 ) ) ;
#2341 = ADVANCED_FACE ( 'NONE', ( #2798 ), #2086, .T. ) ;
#2342 = ORIENTED_EDGE ( 'NONE', *, *, #4230, .F. ) ;
#2343 = VERTEX_POINT ( 'NONE', #6004 ) ;
#2344 = CARTESIAN_POINT ( 'NONE',  ( -7.297779489814402609, -2.281666666666665844, 1.879584617360802623 ) ) ;
#2345 = EDGE_CURVE ( 'NONE', #5647, #953, #2329, .T. ) ;
#2346 = FACE_OUTER_BOUND ( 'NONE', #5474, .T. ) ;
#2347 = CARTESIAN_POINT ( 'NONE',  ( 8.105000000000002203, -1.166666666666666519, 2.000000000000000444 ) ) ;
#2348 = CARTESIAN_POINT ( 'NONE',  ( 7.488495300049987868, -1.913885936456232173, 0.6336285249625098759 ) ) ;
#2349 = FACE_OUTER_BOUND ( 'NONE', #2144, .T. ) ;
#2350 = ORIENTED_EDGE ( 'NONE', *, *, #4324, .F. ) ;
#2351 = ORIENTED_EDGE ( 'NONE', *, *, #5059, .F. ) ;
#2352 = CIRCLE ( 'NONE', #6405, 0.1250000000000001110 ) ;
#2353 = ORIENTED_EDGE ( 'NONE', *, *, #3490, .F. ) ;
#2354 = FACE_OUTER_BOUND ( 'NONE', #3747, .T. ) ;
#2355 = EDGE_CURVE ( 'NONE', #6278, #4330, #5048, .T. ) ;
#2356 = CARTESIAN_POINT ( 'NONE',  ( -7.391666666666665719, -0.5316666666666662877, 1.949999999999999956 ) ) ;
#2357 = CYLINDRICAL_SURFACE ( 'NONE', #3462, 0.6349999999999994538 ) ;
#2358 = CIRCLE ( 'NONE', #2141, 0.1250000000000000000 ) ;
#2359 = CARTESIAN_POINT ( 'NONE',  ( 9.375000000000001776, -1.166666666666666519, 0.1250000000000001110 ) ) ;
#2360 = EDGE_CURVE ( 'NONE', #6157, #6242, #2410, .T. ) ;
#2361 = ADVANCED_FACE ( 'NONE', ( #4416 ), #930, .T. ) ;
#2362 = VERTEX_POINT ( 'NONE', #2359 ) ;
#2363 = EDGE_CURVE ( 'NONE', #1875, #6249, #6557, .T. ) ;
#2364 = AXIS2_PLACEMENT_3D ( 'NONE', #1785, #1166, #586 ) ;
#2365 = VECTOR ( 'NONE', #6151, 100.0000000000000142 ) ;
#2366 = AXIS2_PLACEMENT_3D ( 'NONE', #1324, #1715, #4943 ) ;
#2367 = CARTESIAN_POINT ( 'NONE',  ( -3.172337265387090266, -0.4872092301734593511, 2.437500000000000000 ) ) ;
#2368 = DIRECTION ( 'NONE',  ( 0.000000000000000000, 0.000000000000000000, -1.000000000000000000 ) ) ;
#2369 = CARTESIAN_POINT ( 'NONE',  ( -0.1873286044384685212, -0.5050642339982948092, 0.000000000000000000 ) ) ;
#2370 = FACE_OUTER_BOUND ( 'NONE', #2453, .T. ) ;
#2371 = CIRCLE ( 'NONE', #4780, 0.6349999999999994538 ) ;
#2372 = CIRCLE ( 'NONE', #1257, 0.1250000000000001110 ) ;
#2373 = TOROIDAL_SURFACE ( 'NONE', #5335, 0.1250000000000000000, 0.06250000000000000000 ) ;
#2374 = EDGE_LOOP ( 'NONE', ( #846, #4979, #5953, #1549 ) ) ;
#2375 = DIRECTION ( 'NONE',  ( -0.000000000000000000, -0.000000000000000000, -1.000000000000000000 ) ) ;
#2376 = CIRCLE ( 'NONE', #2264, 0.1250000000000001110 ) ;
#2377 = CARTESIAN_POINT ( 'NONE',  ( -6.898736530513990495, -0.4066666666666662877, 0.9564779646787949785 ) ) ;
#2378 = CARTESIAN_POINT ( 'NONE',  ( -1.494853308428508498, -0.7124252704789461044, 2.500000000000000000 ) ) ;
#2379 = DIRECTION ( 'NONE',  ( 0.000000000000000000, -0.000000000000000000, -1.000000000000000000 ) ) ;
#2380 = VERTEX_POINT ( 'NONE', #1217 ) ;
#2381 = CIRCLE ( 'NONE', #614, 0.1250000000000001110 ) ;
#2382 = ORIENTED_EDGE ( 'NONE', *, *, #343, .T. ) ;
#2383 = ORIENTED_EDGE ( 'NONE', *, *, #2013, .F. ) ;
#2384 = CARTESIAN_POINT ( 'NONE',  ( -8.739999999999998437, -1.666666666666666297, 2.500000000000000000 ) ) ;
#2385 = EDGE_CURVE ( 'NONE', #4132, #2997, #6251, .T. ) ;
#2386 =( BOUNDED_CURVE ( )  B_SPLINE_CURVE ( 3, ( #4448, #3927, #1315, #5314 ),
 .UNSPECIFIED., .F., .F. ) 
 B_SPLINE_CURVE_WITH_KNOTS ( ( 4, 4 ),
 ( 0.000000000000000000, 0.9272952180016119650 ),
 .UNSPECIFIED. ) 
 CURVE ( )  GEOMETRIC_REPRESENTATION_ITEM ( )  RATIONAL_B_SPLINE_CURVE ( ( 1.000000000000000000, 0.9296181273332773110, 0.9296181273332773110, 1.000000000000000000 ) ) 
 REPRESENTATION_ITEM ( '' )  );
#2387 = CYLINDRICAL_SURFACE ( 'NONE', #277, 0.06250000000000005551 ) ;
#2388 = CARTESIAN_POINT ( 'NONE',  ( -0.9166666666666650753, -0.1698744143197473688, 2.375000000000000000 ) ) ;
#2389 = FACE_OUTER_BOUND ( 'NONE', #2542, .T. ) ;
#2390 = CARTESIAN_POINT ( 'NONE',  ( -7.979999999999999538, -1.666666666666666297, 1.875000000000000222 ) ) ;
#2391 = ADVANCED_FACE ( 'NONE', ( #333 ), #4717, .T. ) ;
#2392 = DIRECTION ( 'NONE',  ( -1.000000000000000000, 0.000000000000000000, 0.000000000000000000 ) ) ;
#2393 = EDGE_LOOP ( 'NONE', ( #3261, #3086, #3826, #3408, #5166, #3778, #5788, #4352, #2625, #1275, #4480, #732, #1992, #1786, #6633, #3683, #6336, #5654, #3343, #4683, #6299, #2414, #1413 ) ) ;
#2394 = VERTEX_POINT ( 'NONE', #804 ) ;
#2395 = ORIENTED_EDGE ( 'NONE', *, *, #2355, .T. ) ;
#2396 = DIRECTION ( 'NONE',  ( 0.5999999999999999778, 0.000000000000000000, 0.8000000000000000444 ) ) ;
#2397 = CARTESIAN_POINT ( 'NONE',  ( -6.580600864216119561, -0.3512951395295419998, 2.500000000000000000 ) ) ;
#2398 = CARTESIAN_POINT ( 'NONE',  ( 6.933858235007964055, -1.871473372069715646, 1.637500000000000178 ) ) ;
#2399 = EDGE_CURVE ( 'NONE', #3504, #5404, #16, .T. ) ;
#2400 = ORIENTED_EDGE ( 'NONE', *, *, #2681, .F. ) ;
#2401 = DIRECTION ( 'NONE',  ( -0.000000000000000000, -1.000000000000000000, 0.000000000000000000 ) ) ;
#2402 = AXIS2_PLACEMENT_3D ( 'NONE', #2694, #4340, #4793 ) ;
#2403 = DIRECTION ( 'NONE',  ( -0.000000000000000000, -1.000000000000000000, -0.000000000000000000 ) ) ;
#2404 = CARTESIAN_POINT ( 'NONE',  ( -6.999999999999999112, -0.5311605225217577164, 1.437500000000000000 ) ) ;
#2405 = FACE_OUTER_BOUND ( 'NONE', #3330, .T. ) ;
#2406 = DIRECTION ( 'NONE',  ( 1.000000000000000000, -1.734723475976806700E-15, 0.000000000000000000 ) ) ;
#2407 = EDGE_CURVE ( 'NONE', #3396, #6606, #1737, .T. ) ;
#2408 = ORIENTED_EDGE ( 'NONE', *, *, #374, .F. ) ;
#2409 = CARTESIAN_POINT ( 'NONE',  ( 8.105000000000002203, -1.166666666666666519, 2.500000000000000000 ) ) ;
#2410 = CIRCLE ( 'NONE', #6473, 0.06250000000000005551 ) ;
#2411 = CARTESIAN_POINT ( 'NONE',  ( -7.514568091460859023, -2.430448093704558499, 0.5000000000000002220 ) ) ;
#2412 = DIRECTION ( 'NONE',  ( -0.000000000000000000, 0.000000000000000000, 1.000000000000000000 ) ) ;
#2413 = ORIENTED_EDGE ( 'NONE', *, *, #6164, .F. ) ;
#2414 = ORIENTED_EDGE ( 'NONE', *, *, #3068, .T. ) ;
#2415 = CIRCLE ( 'NONE', #6591, 0.1250000000000000555 ) ;
#2416 = ORIENTED_EDGE ( 'NONE', *, *, #3714, .F. ) ;
#2417 = CARTESIAN_POINT ( 'NONE',  ( -9.499999999999998224, -1.666666666666666297, 1.875000000000000222 ) ) ;
#2418 = DIRECTION ( 'NONE',  ( -1.000000000000000000, -1.734723475976807094E-16, 0.000000000000000000 ) ) ;
#2419 = CARTESIAN_POINT ( 'NONE',  ( 2.698333333333335027, -1.666666666666666963, 0.1250000000000001110 ) ) ;
#2420 = DIRECTION ( 'NONE',  ( 0.5017213499663458753, -0.000000000000000000, 0.8650292983407832370 ) ) ;
#2421 = DIRECTION ( 'NONE',  ( 1.000000000000000000, 2.577303450022684544E-15, 0.000000000000000000 ) ) ;
#2422 = CIRCLE ( 'NONE', #774, 0.06249999999999995837 ) ;
#2423 = DIRECTION ( 'NONE',  ( 0.000000000000000000, 0.000000000000000000, 1.000000000000000000 ) ) ;
#2424 = VERTEX_POINT ( 'NONE', #3963 ) ;
#2425 = VERTEX_POINT ( 'NONE', #6072 ) ;
#2426 = ORIENTED_EDGE ( 'NONE', *, *, #3763, .F. ) ;
#2427 = CIRCLE ( 'NONE', #5175, 0.1250000000000000000 ) ;
#2428 = LINE ( 'NONE', #297, #752 ) ;
#2429 = LINE ( 'NONE', #428, #3681 ) ;
#2430 = DIRECTION ( 'NONE',  ( -1.387778780781445922E-16, -0.000000000000000000, -1.000000000000000000 ) ) ;
#2431 = EDGE_CURVE ( 'NONE', #3447, #4054, #1745, .T. ) ;
#2432 = VERTEX_POINT ( 'NONE', #6664 ) ;
#2433 = CARTESIAN_POINT ( 'NONE',  ( 0.6199143156245150443, 2.313551722249974851, 2.500000000000000000 ) ) ;
#2434 = ADVANCED_FACE ( 'NONE', ( #5206 ), #4595, .T. ) ;
#2435 = DIRECTION ( 'NONE',  ( -0.5999999999999999778, 0.000000000000000000, -0.8000000000000000444 ) ) ;
#2436 = CARTESIAN_POINT ( 'NONE',  ( -0.1333629230997752102, 1.270833333333334147, 0.000000000000000000 ) ) ;
#2437 = CARTESIAN_POINT ( 'NONE',  ( -0.2583629230997752102, 1.145833333333334147, 2.437500000000000000 ) ) ;
#2438 = CARTESIAN_POINT ( 'NONE',  ( -7.528321754685862288, -2.302493770063181344, 1.874999999999999556 ) ) ;
#2439 = VERTEX_POINT ( 'NONE', #2050 ) ;
#2440 = CARTESIAN_POINT ( 'NONE',  ( 8.366432773872297446, -2.238428080211328552, 2.000000000000000444 ) ) ;
#2441 = CARTESIAN_POINT ( 'NONE',  ( 7.538852535462431170, 0.5457705718543341966, 1.999999999999999778 ) ) ;
#2442 = DIRECTION ( 'NONE',  ( 1.387778780781445922E-16, 0.000000000000000000, 1.000000000000000000 ) ) ;
#2443 = DIRECTION ( 'NONE',  ( 1.000000000000000000, 0.000000000000000000, 0.000000000000000000 ) ) ;
#2444 = ORIENTED_EDGE ( 'NONE', *, *, #1250, .F. ) ;
#2445 = ADVANCED_FACE ( 'NONE', ( #5729 ), #3177, .T. ) ;
#2446 = ORIENTED_EDGE ( 'NONE', *, *, #873, .T. ) ;
#2447 = VERTEX_POINT ( 'NONE', #4137 ) ;
#2448 = DIRECTION ( 'NONE',  ( -0.000000000000000000, 0.000000000000000000, 1.000000000000000000 ) ) ;
#2449 = CYLINDRICAL_SURFACE ( 'NONE', #3129, 0.1249999999999999029 ) ;
#2450 = LINE ( 'NONE', #2485, #4728 ) ;
#2451 = CARTESIAN_POINT ( 'NONE',  ( -3.112231098461378132, -0.5043410338583717012, -0.007045904514871997870 ) ) ;
#2452 = CARTESIAN_POINT ( 'NONE',  ( 8.740000000000001990, -1.166666666666666519, 2.375000000000000000 ) ) ;
#2453 = EDGE_LOOP ( 'NONE', ( #1673, #5959, #1353, #6099 ) ) ;
#2454 = ORIENTED_EDGE ( 'NONE', *, *, #5553, .F. ) ;
#2455 = ORIENTED_EDGE ( 'NONE', *, *, #6543, .T. ) ;
#2456 = DIRECTION ( 'NONE',  ( -0.000000000000000000, 0.000000000000000000, 1.000000000000000000 ) ) ;
#2457 = CARTESIAN_POINT ( 'NONE',  ( 6.962614469617695256, 0.8078930385630160860, 1.589392763022721367 ) ) ;
#2458 = CARTESIAN_POINT ( 'NONE',  ( -7.297779489814402609, -3.406666666666666288, 2.000000000000000000 ) ) ;
#2459 = CIRCLE ( 'NONE', #6301, 0.1250000000000000000 ) ;
#2460 = ORIENTED_EDGE ( 'NONE', *, *, #6134, .F. ) ;
#2461 = DIRECTION ( 'NONE',  ( -0.000000000000000000, 0.000000000000000000, 1.000000000000000000 ) ) ;
#2462 = CIRCLE ( 'NONE', #2133, 1.134999999999999787 ) ;
#2463 = EDGE_CURVE ( 'NONE', #5473, #800, #4048, .T. ) ;
#2464 = AXIS2_PLACEMENT_3D ( 'NONE', #6275, #3649, #5757 ) ;
#2465 = DIRECTION ( 'NONE',  ( 1.000000000000000000, 0.000000000000000000, 0.000000000000000000 ) ) ;
#2466 = FACE_OUTER_BOUND ( 'NONE', #1502, .T. ) ;
#2467 = DIRECTION ( 'NONE',  ( 1.000000000000000000, 0.000000000000000000, 0.000000000000000000 ) ) ;
#2468 = LINE ( 'NONE', #4567, #5483 ) ;
#2469 = AXIS2_PLACEMENT_3D ( 'NONE', #767, #3851, #2824 ) ;
#2470 = ORIENTED_EDGE ( 'NONE', *, *, #1123, .T. ) ;
#2471 = VECTOR ( 'NONE', #2418, 100.0000000000000000 ) ;
#2472 = CARTESIAN_POINT ( 'NONE',  ( 3.333333333333335258, -1.666666666666666963, 0.000000000000000000 ) ) ;
#2473 = AXIS2_PLACEMENT_3D ( 'NONE', #5815, #68, #3227 ) ;
#2474 = FACE_OUTER_BOUND ( 'NONE', #3092, .T. ) ;
#2475 = DIRECTION ( 'NONE',  ( 0.000000000000000000, -0.000000000000000000, -1.000000000000000000 ) ) ;
#2476 = CIRCLE ( 'NONE', #6319, 0.06250000000000000000 ) ;
#2477 = LINE ( 'NONE', #2882, #3985 ) ;
#2478 = VERTEX_POINT ( 'NONE', #1007 ) ;
#2479 = ORIENTED_EDGE ( 'NONE', *, *, #5825, .T. ) ;
#2480 = EDGE_CURVE ( 'NONE', #4204, #1661, #6708, .T. ) ;
#2481 = AXIS2_PLACEMENT_3D ( 'NONE', #472, #2570, #6254 ) ;
#2482 = VERTEX_POINT ( 'NONE', #905 ) ;
#2483 =( BOUNDED_SURFACE ( )  B_SPLINE_SURFACE ( 3, 2, ( 
 ( #2005, #5714, #4086 ),
 ( #996, #3096, #5195 ),
 ( #2581, #4686, #6787 ),
 ( #5235, #517, #4718 ) ),
 .UNSPECIFIED., .F., .F., .F. ) 
 B_SPLINE_SURFACE_WITH_KNOTS ( ( 4, 4 ),
 ( 3, 3 ),
 ( 4.712388980384689674, 4.795941428204740120 ),
 ( 0.000000000000000000, 1.000000000000000000 ),
 .UNSPECIFIED. ) 
 GEOMETRIC_REPRESENTATION_ITEM ( )  RATIONAL_B_SPLINE_SURFACE ( (
 ( 1.000000000000000000, 0.7071067811865476838, 1.000000000000000000),
 ( 1.000000000000000000, 0.7011987563662214207, 1.000000000000000000),
 ( 1.000000000000000000, 0.6952165433476413803, 1.000000000000000000),
 ( 1.000000000000000000, 0.6891758988139845554, 1.000000000000000000) ) ) 
 REPRESENTATION_ITEM ( '' )  SURFACE ( )  );
#2484 = DIRECTION ( 'NONE',  ( -0.7292219231207930363, -0.6842772733622038972, -0.000000000000000000 ) ) ;
#2485 = CARTESIAN_POINT ( 'NONE',  ( 0.1988097293451667469, -0.7920162620271776754, 0.000000000000000000 ) ) ;
#2486 = DIRECTION ( 'NONE',  ( 1.000000000000000000, 0.000000000000000000, 0.000000000000000000 ) ) ;
#2487 = EDGE_CURVE ( 'NONE', #3504, #6116, #1988, .T. ) ;
#2488 = DIRECTION ( 'NONE',  ( -0.000000000000000000, 0.000000000000000000, 1.000000000000000000 ) ) ;
#2489 = ORIENTED_EDGE ( 'NONE', *, *, #5084, .F. ) ;
#2490 = EDGE_CURVE ( 'NONE', #4923, #2425, #5149, .T. ) ;
#2491 = ORIENTED_EDGE ( 'NONE', *, *, #1649, .T. ) ;
#2492 = VERTEX_POINT ( 'NONE', #1955 ) ;
#2493 = CARTESIAN_POINT ( 'NONE',  ( -6.908742675414803358, -0.4066666666666662877, 1.562930337491585275 ) ) ;
#2494 = CARTESIAN_POINT ( 'NONE',  ( -7.490398276693261082, -2.425080709298397252, 1.999999999999999334 ) ) ;
#2495 = LINE ( 'NONE', #2528, #3726 ) ;
#2496 = ORIENTED_EDGE ( 'NONE', *, *, #656, .T. ) ;
#2497 = FACE_OUTER_BOUND ( 'NONE', #799, .T. ) ;
#2498 = FACE_OUTER_BOUND ( 'NONE', #2011, .T. ) ;
#2499 = DIRECTION ( 'NONE',  ( 0.8000000000000000444, -0.000000000000000000, 0.5999999999999999778 ) ) ;
#2500 = VECTOR ( 'NONE', #6609, 100.0000000000000000 ) ;
#2501 = CARTESIAN_POINT ( 'NONE',  ( -6.974999999999999645, -2.281666666666665400, 1.637499999999999734 ) ) ;
#2502 = CARTESIAN_POINT ( 'NONE',  ( 7.021836163998246505, 0.6905567448792825358, 1.510680825183964293 ) ) ;
#2503 = EDGE_CURVE ( 'NONE', #1101, #225, #4940, .T. ) ;
#2504 = ORIENTED_EDGE ( 'NONE', *, *, #6506, .F. ) ;
#2505 = CARTESIAN_POINT ( 'NONE',  ( -9.374999999999998224, -1.666666666666666297, 2.500000000000000000 ) ) ;
#2506 = AXIS2_PLACEMENT_3D ( 'NONE', #1630, #4758, #6444 ) ;
#2507 = EDGE_CURVE ( 'NONE', #1422, #3299, #2090, .T. ) ;
#2508 = LINE ( 'NONE', #4504, #3047 ) ;
#2509 = DIRECTION ( 'NONE',  ( 0.9435497843495181947, 0.3312307420122379553, -0.000000000000000000 ) ) ;
#2510 = FACE_BOUND ( 'NONE', #5855, .T. ) ;
#2511 = AXIS2_PLACEMENT_3D ( 'NONE', #3442, #5552, #834 ) ;
#2512 = ORIENTED_EDGE ( 'NONE', *, *, #1970, .T. ) ;
#2513 = EDGE_CURVE ( 'NONE', #2447, #655, #2525, .T. ) ;
#2514 = ORIENTED_EDGE ( 'NONE', *, *, #2754, .T. ) ;
#2515 = EDGE_CURVE ( 'NONE', #1212, #1755, #2307, .T. ) ;
#2516 = CIRCLE ( 'NONE', #325, 0.1250000000000000000 ) ;
#2517 = DIRECTION ( 'NONE',  ( 1.040834085586084503E-16, 0.000000000000000000, 1.000000000000000000 ) ) ;
#2518 = EDGE_CURVE ( 'NONE', #3234, #2780, #2495, .T. ) ;
#2519 = DIRECTION ( 'NONE',  ( 1.000000000000000000, 0.000000000000000000, 0.000000000000000000 ) ) ;
#2520 = CARTESIAN_POINT ( 'NONE',  ( 7.000000000000001776, -2.926666666666667194, 0.000000000000000000 ) ) ;
#2521 = ORIENTED_EDGE ( 'NONE', *, *, #2153, .T. ) ;
#2522 = AXIS2_PLACEMENT_3D ( 'NONE', #3864, #4976, #6601 ) ;
#2523 = VERTEX_POINT ( 'NONE', #6174 ) ;
#2524 = VERTEX_POINT ( 'NONE', #1462 ) ;
#2525 = CIRCLE ( 'NONE', #5487, 0.1250000000000001110 ) ;
#2526 = FACE_OUTER_BOUND ( 'NONE', #4519, .T. ) ;
#2527 = CARTESIAN_POINT ( 'NONE',  ( -7.466842799561216104, -2.420789396799972959, 1.995675245132634279 ) ) ;
#2528 = CARTESIAN_POINT ( 'NONE',  ( 7.499476746265940186, -1.910105100936133171, 0.6253924403005470811 ) ) ;
#2529 = CIRCLE ( 'NONE', #114, 0.1249999999999999722 ) ;
#2530 = ORIENTED_EDGE ( 'NONE', *, *, #5081, .F. ) ;
#2531 = CARTESIAN_POINT ( 'NONE',  ( 0.1622911731368574251, -0.8878649505766370575, 2.375000000000000000 ) ) ;
#2532 = CARTESIAN_POINT ( 'NONE',  ( -0.1229239912518637901, 0.8333333333333340365, 0.1250000000000001110 ) ) ;
#2533 = DIRECTION ( 'NONE',  ( -1.387778780781445922E-16, -0.000000000000000000, -1.000000000000000000 ) ) ;
#2534 = DIRECTION ( 'NONE',  ( -1.000000000000000000, 0.000000000000000000, 0.000000000000000000 ) ) ;
#2535 = FACE_OUTER_BOUND ( 'NONE', #1232, .T. ) ;
#2536 = EDGE_LOOP ( 'NONE', ( #3594, #622, #5996, #3171 ) ) ;
#2537 = EDGE_LOOP ( 'NONE', ( #5301, #2791, #4272, #5050 ) ) ;
#2538 = ORIENTED_EDGE ( 'NONE', *, *, #6102, .T. ) ;
#2539 = CARTESIAN_POINT ( 'NONE',  ( 4.484645310706724786, -2.178604876567602489, 2.500000000000000000 ) ) ;
#2540 = CARTESIAN_POINT ( 'NONE',  ( -7.979999999999999538, -1.666666666666666297, 2.375000000000000000 ) ) ;
#2541 = DIRECTION ( 'NONE',  ( 1.000000000000000000, 0.000000000000000000, 0.000000000000000000 ) ) ;
#2542 = EDGE_LOOP ( 'NONE', ( #4205, #838, #6653, #1258 ) ) ;
#2543 = VERTEX_POINT ( 'NONE', #3547 ) ;
#2544 = CARTESIAN_POINT ( 'NONE',  ( -7.016871337707400791, -0.5316666666666663987, 0.9997848312542079174 ) ) ;
#2545 = DIRECTION ( 'NONE',  ( 0.7292219231207930363, 0.6842772733622038972, 0.000000000000000000 ) ) ;
#2546 = ADVANCED_FACE ( 'NONE', ( #3487 ), #5822, .T. ) ;
#2547 = CARTESIAN_POINT ( 'NONE',  ( -0.1543765338149420407, 0.4397597406110720364, 2.500000000000000000 ) ) ;
#2548 = CARTESIAN_POINT ( 'NONE',  ( 7.050000000000002487, 0.6649340913187362645, 0.9624999999999994671 ) ) ;
#2549 = FACE_OUTER_BOUND ( 'NONE', #2988, .T. ) ;
#2550 = VERTEX_POINT ( 'NONE', #5599 ) ;
#2551 = ORIENTED_EDGE ( 'NONE', *, *, #1669, .F. ) ;
#2552 = ADVANCED_FACE ( 'NONE', ( #431 ), #362, .T. ) ;
#2553 = EDGE_LOOP ( 'NONE', ( #5405, #5097, #3426, #1133 ) ) ;
#2554 = DIRECTION ( 'NONE',  ( 0.000000000000000000, 0.000000000000000000, -1.000000000000000000 ) ) ;
#2555 = CARTESIAN_POINT ( 'NONE',  ( -6.539583137816284975, -0.4693736986374016928, 2.500000000000000000 ) ) ;
#2556 = DIRECTION ( 'NONE',  ( -1.000000000000000000, 0.000000000000000000, 0.000000000000000000 ) ) ;
#2557 = EDGE_LOOP ( 'NONE', ( #2350, #393, #315, #2688 ) ) ;
#2558 = PLANE ( 'NONE',  #723 ) ;
#2559 = ADVANCED_FACE ( 'NONE', ( #5694 ), #977, .T. ) ;
#2560 = DIRECTION ( 'NONE',  ( 0.000000000000000000, 1.000000000000000000, -0.000000000000000000 ) ) ;
#2561 = DIRECTION ( 'NONE',  ( 0.9102497639190949563, -0.4140596180325146203, -1.149246303767987373E-15 ) ) ;
#2562 = CARTESIAN_POINT ( 'NONE',  ( 1.446443546245209433, 3.179795467010756216, 0.5000000000000011102 ) ) ;
#2563 = EDGE_LOOP ( 'NONE', ( #667, #5795, #5904, #177 ) ) ;
#2564 = EDGE_CURVE ( 'NONE', #3036, #6067, #4658, .T. ) ;
#2565 = AXIS2_PLACEMENT_3D ( 'NONE', #4427, #890, #2956 ) ;
#2566 = ADVANCED_FACE ( 'NONE', ( #6800 ), #4268, .T. ) ;
#2567 = ORIENTED_EDGE ( 'NONE', *, *, #1764, .T. ) ;
#2568 = EDGE_CURVE ( 'NONE', #1909, #2062, #6149, .T. ) ;
#2569 = ORIENTED_EDGE ( 'NONE', *, *, #548, .F. ) ;
#2570 = DIRECTION ( 'NONE',  ( 0.000000000000000000, 1.000000000000000000, 0.000000000000000000 ) ) ;
#2571 = CIRCLE ( 'NONE', #5230, 0.1250000000000000000 ) ;
#2572 = CIRCLE ( 'NONE', #6087, 0.1250000000000000555 ) ;
#2573 = CIRCLE ( 'NONE', #5107, 0.1249999999999999722 ) ;
#2574 = CARTESIAN_POINT ( 'NONE',  ( -4.904533427573509741, -0.8303353963618769207, 0.000000000000000000 ) ) ;
#2575 = CARTESIAN_POINT ( 'NONE',  ( -6.908742675414803358, 0.5933333333333337123, 0.000000000000000000 ) ) ;
#2576 = CARTESIAN_POINT ( 'NONE',  ( 4.991637076900224734, 1.270833333333334147, 2.500000000000000000 ) ) ;
#2577 = ORIENTED_EDGE ( 'NONE', *, *, #6379, .T. ) ;
#2578 = VECTOR ( 'NONE', #2891, 100.0000000000000142 ) ;
#2579 = CIRCLE ( 'NONE', #6311, 0.1250000000000000278 ) ;
#2580 = ORIENTED_EDGE ( 'NONE', *, *, #5676, .T. ) ;
#2581 = CARTESIAN_POINT ( 'NONE',  ( -7.435443773282026214, -2.282976365017507447, 0.6734171700384805614 ) ) ;
#2582 = CIRCLE ( 'NONE', #6421, 0.6349999999999994538 ) ;
#2583 = AXIS2_PLACEMENT_3D ( 'NONE', #2603, #4800, #1146 ) ;
#2584 = CARTESIAN_POINT ( 'NONE',  ( 6.902935071501105746, -1.860694965356840092, 0.8856923726306972222 ) ) ;
#2585 = FACE_OUTER_BOUND ( 'NONE', #1088, .T. ) ;
#2586 = DIRECTION ( 'NONE',  ( 1.000000000000000000, 0.000000000000000000, 0.000000000000000000 ) ) ;
#2587 = DIRECTION ( 'NONE',  ( 0.5539977161136322437, 0.8325181863123949366, 0.000000000000000000 ) ) ;
#2588 = ORIENTED_EDGE ( 'NONE', *, *, #5710, .F. ) ;
#2589 = AXIS2_PLACEMENT_3D ( 'NONE', #3861, #1187, #1286 ) ;
#2590 = AXIS2_PLACEMENT_3D ( 'NONE', #3113, #3214, #6347 ) ;
#2591 = AXIS2_PLACEMENT_3D ( 'NONE', #6155, #1445, #918 ) ;
#2592 = ORIENTED_EDGE ( 'NONE', *, *, #3805, .T. ) ;
#2593 = ADVANCED_FACE ( 'NONE', ( #1039 ), #3146, .T. ) ;
#2594 = EDGE_LOOP ( 'NONE', ( #6380, #5318, #6754, #6270 ) ) ;
#2595 = ADVANCED_FACE ( 'NONE', ( #4458 ), #6078, .T. ) ;
#2596 = DIRECTION ( 'NONE',  ( 1.000000000000000000, 0.000000000000000000, 0.000000000000000000 ) ) ;
#2597 = DIRECTION ( 'NONE',  ( 0.000000000000000000, 0.000000000000000000, -1.000000000000000000 ) ) ;
#2598 = CARTESIAN_POINT ( 'NONE',  ( -8.739999999999998437, -1.666666666666666297, 0.000000000000000000 ) ) ;
#2599 = CIRCLE ( 'NONE', #2267, 0.1250000000000000000 ) ;
#2600 = EDGE_CURVE ( 'NONE', #256, #5028, #874, .T. ) ;
#2601 = ORIENTED_EDGE ( 'NONE', *, *, #5848, .F. ) ;
#2602 = CARTESIAN_POINT ( 'NONE',  ( 0.6635635517212482570, -2.350768383770468262, 2.375000000000000000 ) ) ;
#2603 = CARTESIAN_POINT ( 'NONE',  ( 3.333333333333335258, -1.666666666666666963, 0.1250000000000001110 ) ) ;
#2604 = DIRECTION ( 'NONE',  ( 0.8000000000000002665, -0.000000000000000000, -0.5999999999999995337 ) ) ;
#2605 = CARTESIAN_POINT ( 'NONE',  ( 2.096549453265687202, -1.907427199156551012, 2.375000000000000000 ) ) ;
#2606 = ORIENTED_EDGE ( 'NONE', *, *, #1255, .T. ) ;
#2607 = EDGE_CURVE ( 'NONE', #6012, #2447, #2911, .T. ) ;
#2608 = ORIENTED_EDGE ( 'NONE', *, *, #1477, .T. ) ;
#2609 = ORIENTED_EDGE ( 'NONE', *, *, #5825, .F. ) ;
#2610 = DIRECTION ( 'NONE',  ( -0.000000000000000000, -0.000000000000000000, -1.000000000000000000 ) ) ;
#2611 = CARTESIAN_POINT ( 'NONE',  ( 5.116637076900224734, 1.270833333333334147, 0.06250000000000000000 ) ) ;
#2612 = DIRECTION ( 'NONE',  ( -0.7517689932648528028, 0.3419689787775647694, 0.5638267449486406013 ) ) ;
#2613 = DIRECTION ( 'NONE',  ( -0.5999999999999999778, 0.000000000000000000, -0.8000000000000000444 ) ) ;
#2614 = EDGE_LOOP ( 'NONE', ( #5689, #758, #5567, #3156, #364, #6504, #6059, #2663 ) ) ;
#2615 = VECTOR ( 'NONE', #1647, 100.0000000000000000 ) ;
#2616 = DIRECTION ( 'NONE',  ( 0.000000000000000000, 0.000000000000000000, -1.000000000000000000 ) ) ;
#2617 = CARTESIAN_POINT ( 'NONE',  ( 8.366432773872297446, -2.238428080211328108, 2.375000000000000000 ) ) ;
#2618 = AXIS2_PLACEMENT_3D ( 'NONE', #5019, #305, #2467 ) ;
#2619 = FACE_OUTER_BOUND ( 'NONE', #2563, .T. ) ;
#2620 = DIRECTION ( 'NONE',  ( -1.000000000000000000, 0.000000000000000000, -0.000000000000000000 ) ) ;
#2621 = DIRECTION ( 'NONE',  ( 1.000000000000000000, 1.734723475976807094E-16, 0.000000000000000000 ) ) ;
#2622 = FACE_OUTER_BOUND ( 'NONE', #4064, .T. ) ;
#2623 = ORIENTED_EDGE ( 'NONE', *, *, #4578, .F. ) ;
#2624 = ORIENTED_EDGE ( 'NONE', *, *, #2651, .F. ) ;
#2625 = ORIENTED_EDGE ( 'NONE', *, *, #3589, .T. ) ;
#2626 = DIRECTION ( 'NONE',  ( 0.000000000000000000, 0.000000000000000000, -1.000000000000000000 ) ) ;
#2627 = CARTESIAN_POINT ( 'NONE',  ( 5.116637076900224734, 0.000000000000000000, 0.000000000000000000 ) ) ;
#2628 = ORIENTED_EDGE ( 'NONE', *, *, #6696, .F. ) ;
#2629 = DIRECTION ( 'NONE',  ( -0.000000000000000000, 0.000000000000000000, 1.000000000000000000 ) ) ;
#2630 = CIRCLE ( 'NONE', #2852, 0.1249999999999998335 ) ;
#2631 = CARTESIAN_POINT ( 'NONE',  ( -4.983341918673403370, -0.9140155120357413843, 2.437500000000000000 ) ) ;
#2632 = FACE_OUTER_BOUND ( 'NONE', #5823, .T. ) ;
#2633 = AXIS2_PLACEMENT_3D ( 'NONE', #5942, #3807, #1192 ) ;
#2634 = EDGE_CURVE ( 'NONE', #3149, #760, #1302, .T. ) ;
#2635 = DIRECTION ( 'NONE',  ( -0.000000000000000000, 0.000000000000000000, 1.000000000000000000 ) ) ;
#2636 = ORIENTED_EDGE ( 'NONE', *, *, #6227, .F. ) ;
#2637 = CIRCLE ( 'NONE', #1872, 0.7599999999999995648 ) ;
#2638 = ORIENTED_EDGE ( 'NONE', *, *, #4660, .F. ) ;
#2639 = ORIENTED_EDGE ( 'NONE', *, *, #5927, .T. ) ;
#2640 = DIRECTION ( 'NONE',  ( -0.9435497843495195269, -0.3312307420122346246, 0.000000000000000000 ) ) ;
#2641 = EDGE_CURVE ( 'NONE', #968, #210, #4724, .T. ) ;
#2642 = DIRECTION ( 'NONE',  ( 0.000000000000000000, 1.000000000000000000, 0.000000000000000000 ) ) ;
#2643 = CARTESIAN_POINT ( 'NONE',  ( -8.015698991566083009, -2.540516224188789529, 0.000000000000000000 ) ) ;
#2644 = CARTESIAN_POINT ( 'NONE',  ( 0.2983674015034668558, -0.8959035199889171519, 2.375000000000000000 ) ) ;
#2645 = ORIENTED_EDGE ( 'NONE', *, *, #6570, .F. ) ;
#2646 = CARTESIAN_POINT ( 'NONE',  ( -9.374999999999998224, -1.666666666666666297, 2.000000000000000444 ) ) ;
#2647 = CARTESIAN_POINT ( 'NONE',  ( 7.034535521237921252, -1.742657547859067124, 0.9740983590715608376 ) ) ;
#2648 = DIRECTION ( 'NONE',  ( -0.9659258262890683122, 0.2588190451025208505, 2.469387104630834501E-16 ) ) ;
#2649 = LINE ( 'NONE', #1587, #1480 ) ;
#2650 = ORIENTED_EDGE ( 'NONE', *, *, #2607, .T. ) ;
#2651 = EDGE_CURVE ( 'NONE', #5876, #5688, #4944, .T. ) ;
#2652 = EDGE_LOOP ( 'NONE', ( #2167, #4851, #623, #837, #3583, #2061, #2538, #805 ) ) ;
#2653 = EDGE_CURVE ( 'NONE', #6758, #2286, #266, .T. ) ;
#2654 = ORIENTED_EDGE ( 'NONE', *, *, #1859, .F. ) ;
#2655 = CARTESIAN_POINT ( 'NONE',  ( 1.446443546245209433, 3.179795467010756216, 2.375000000000000000 ) ) ;
#2656 = CARTESIAN_POINT ( 'NONE',  ( -7.124999999999999112, -0.4066666666666662877, 1.437500000000000000 ) ) ;
#2657 = CARTESIAN_POINT ( 'NONE',  ( 2.218035122561218042, -1.877225212084594475, 2.500000000000000000 ) ) ;
#2658 = ORIENTED_EDGE ( 'NONE', *, *, #6595, .T. ) ;
#2659 = FACE_OUTER_BOUND ( 'NONE', #3669, .T. ) ;
#2660 = CARTESIAN_POINT ( 'NONE',  ( 7.125000000000001776, -2.926666666666667194, 1.437500000000000000 ) ) ;
#2661 = FACE_OUTER_BOUND ( 'NONE', #2721, .T. ) ;
#2662 = CARTESIAN_POINT ( 'NONE',  ( 9.500000000000001776, -1.166666666666666297, 0.5000000000000003331 ) ) ;
#2663 = ORIENTED_EDGE ( 'NONE', *, *, #4945, .T. ) ;
#2664 = ORIENTED_EDGE ( 'NONE', *, *, #76, .F. ) ;
#2665 = ORIENTED_EDGE ( 'NONE', *, *, #6207, .T. ) ;
#2666 = DIRECTION ( 'NONE',  ( -1.000000000000000000, 0.000000000000000000, 1.376764663473656463E-16 ) ) ;
#2667 = EDGE_CURVE ( 'NONE', #329, #6278, #5527, .T. ) ;
#2668 = FACE_OUTER_BOUND ( 'NONE', #1759, .T. ) ;
#2669 = ADVANCED_FACE ( 'NONE', ( #5971 ), #234, .T. ) ;
#2670 = DIRECTION ( 'NONE',  ( 0.000000000000000000, 0.000000000000000000, -1.000000000000000000 ) ) ;
#2671 = DIRECTION ( 'NONE',  ( 0.000000000000000000, 0.000000000000000000, -1.000000000000000000 ) ) ;
#2672 = ORIENTED_EDGE ( 'NONE', *, *, #4875, .F. ) ;
#2673 = AXIS2_PLACEMENT_3D ( 'NONE', #6056, #2923, #6119 ) ;
#2674 = VERTEX_POINT ( 'NONE', #2404 ) ;
#2675 = VECTOR ( 'NONE', #942, 100.0000000000000142 ) ;
#2676 = DIRECTION ( 'NONE',  ( 0.000000000000000000, 0.000000000000000000, 1.000000000000000000 ) ) ;
#2677 = DIRECTION ( 'NONE',  ( 0.000000000000000000, 0.000000000000000000, -1.000000000000000000 ) ) ;
#2678 = CIRCLE ( 'NONE', #814, 0.06250000000000005551 ) ;
#2679 = CARTESIAN_POINT ( 'NONE',  ( 7.500524901674630485, -2.068987568914680608, 2.000000000000000444 ) ) ;
#2680 = ORIENTED_EDGE ( 'NONE', *, *, #3698, .F. ) ;
#2681 = EDGE_CURVE ( 'NONE', #4554, #1150, #434, .T. ) ;
#2682 = EDGE_CURVE ( 'NONE', #5647, #4079, #2192, .T. ) ;
#2683 = ORIENTED_EDGE ( 'NONE', *, *, #6175, .F. ) ;
#2684 = AXIS2_PLACEMENT_3D ( 'NONE', #3294, #2268, #5817 ) ;
#2685 = AXIS2_PLACEMENT_3D ( 'NONE', #1664, #4339, #3336 ) ;
#2686 = CIRCLE ( 'NONE', #3785, 0.06250000000000000000 ) ;
#2687 = VECTOR ( 'NONE', #1741, 100.0000000000000142 ) ;
#2688 = ORIENTED_EDGE ( 'NONE', *, *, #2799, .T. ) ;
#2689 = ADVANCED_FACE ( 'NONE', ( #5570 ), #4384, .T. ) ;
#2690 = FACE_OUTER_BOUND ( 'NONE', #3817, .T. ) ;
#2691 = FACE_OUTER_BOUND ( 'NONE', #984, .T. ) ;
#2692 = EDGE_CURVE ( 'NONE', #2062, #1909, #219, .T. ) ;
#2693 = DIRECTION ( 'NONE',  ( 1.110223024625157014E-14, 0.000000000000000000, 1.000000000000000000 ) ) ;
#2694 = CARTESIAN_POINT ( 'NONE',  ( -7.541666666666666075, -0.4066666666666662877, 0.7500000000000003331 ) ) ;
#2695 = VECTOR ( 'NONE', #4804, 100.0000000000000000 ) ;
#2696 = AXIS2_PLACEMENT_3D ( 'NONE', #2946, #1885, #5569 ) ;
#2697 = ORIENTED_EDGE ( 'NONE', *, *, #4424, .F. ) ;
#2698 = CARTESIAN_POINT ( 'NONE',  ( 7.541666666666668739, 0.4071655174038801284, 0.5000000000000003331 ) ) ;
#2699 = VECTOR ( 'NONE', #5635, 100.0000000000000000 ) ;
#2700 = CARTESIAN_POINT ( 'NONE',  ( -4.965193726034750732, -1.078354991733413648, 2.437500000000000000 ) ) ;
#2701 = DIRECTION ( 'NONE',  ( -0.000000000000000000, 0.000000000000000000, 1.000000000000000000 ) ) ;
#2702 = CARTESIAN_POINT ( 'NONE',  ( 7.000000000000001776, 0.7104226631860636187, 1.437500000000000000 ) ) ;
#2703 = AXIS2_PLACEMENT_3D ( 'NONE', #5624, #5513, #1943 ) ;
#2704 = ORIENTED_EDGE ( 'NONE', *, *, #6587, .F. ) ;
#2705 = ORIENTED_EDGE ( 'NONE', *, *, #4572, .F. ) ;
#2706 = DIRECTION ( 'NONE',  ( 0.6381506682237145789, -0.7699115044247789585, 0.000000000000000000 ) ) ;
#2707 = B_SPLINE_CURVE_WITH_KNOTS ( 'NONE', 3,
 ( #4627, #3996, #6201, #2940, #4593, #4484 ),
 .UNSPECIFIED., .F., .F.,
 ( 4, 2, 4 ),
 ( 0.000000000000000000, 0.0004179824339518508096, 0.0008359648679037016191 ),
 .UNSPECIFIED. ) ;
#2708 = CARTESIAN_POINT ( 'NONE',  ( -0.1958629230997752102, 1.145833333333334147, -0.007045904514871997870 ) ) ;
#2709 = DIRECTION ( 'NONE',  ( -0.2434641001451877396, 0.9699099091877008139, 0.000000000000000000 ) ) ;
#2710 = DIRECTION ( 'NONE',  ( 0.000000000000000000, -0.000000000000000000, -1.000000000000000000 ) ) ;
#2711 = ADVANCED_FACE ( 'NONE', ( #6524 ), #1815, .T. ) ;
#2712 = ORIENTED_EDGE ( 'NONE', *, *, #4393, .F. ) ;
#2713 = CARTESIAN_POINT ( 'NONE',  ( 1.498200998499273906, 3.293576687500643363, 2.000000000000000444 ) ) ;
#2714 =( NAMED_UNIT ( * ) PLANE_ANGLE_UNIT ( ) SI_UNIT ( $, .RADIAN. ) );
#2715 = CARTESIAN_POINT ( 'NONE',  ( 6.833858235008941406, -1.836617925568003518, 1.023849210633973383 ) ) ;
#2716 = CARTESIAN_POINT ( 'NONE',  ( -9.499999999999998224, -1.666666666666666297, 2.000000000000000444 ) ) ;
#2717 = CIRCLE ( 'NONE', #5799, 1.242867031364097707 ) ;
#2718 = VERTEX_POINT ( 'NONE', #3902 ) ;
#2719 = EDGE_CURVE ( 'NONE', #3526, #5142, #3940, .T. ) ;
#2720 = ORIENTED_EDGE ( 'NONE', *, *, #5038, .T. ) ;
#2721 = EDGE_LOOP ( 'NONE', ( #381, #2645, #4165, #3888, #3580 ) ) ;
#2722 = ORIENTED_EDGE ( 'NONE', *, *, #2600, .T. ) ;
#2723 = CIRCLE ( 'NONE', #2290, 1.134999999999999787 ) ;
#2724 = EDGE_CURVE ( 'NONE', #2424, #6344, #5018, .T. ) ;
#2725 = DIRECTION ( 'NONE',  ( 0.000000000000000000, 0.000000000000000000, -1.000000000000000000 ) ) ;
#2726 = DIRECTION ( 'NONE',  ( 1.000000000000000000, 0.000000000000000000, 0.000000000000000000 ) ) ;
#2727 = CARTESIAN_POINT ( 'NONE',  ( -5.600323486782388116, -2.376576575854366880, 0.1250000000000000000 ) ) ;
#2728 = CARTESIAN_POINT ( 'NONE',  ( 2.156846844137801256, -1.892351645960478557, 2.484217217718277304 ) ) ;
#2729 = CIRCLE ( 'NONE', #6579, 0.1250000000000000000 ) ;
#2730 = ORIENTED_EDGE ( 'NONE', *, *, #3006, .F. ) ;
#2731 = CARTESIAN_POINT ( 'NONE',  ( 6.833858235007964410, -1.836617925567662901, 0.9823212717045358700 ) ) ;
#2732 = VECTOR ( 'NONE', #1708, 100.0000000000000000 ) ;
#2733 = CARTESIAN_POINT ( 'NONE',  ( -7.477869019878358614, -2.287467538096516595, 1.858401764908766074 ) ) ;
#2734 = CARTESIAN_POINT ( 'NONE',  ( -7.935930158038118520, -2.636755162241886996, 2.375000000000000000 ) ) ;
#2735 = CARTESIAN_POINT ( 'NONE',  ( 6.975000000000002309, 0.6649340913187361535, 1.637500000000000178 ) ) ;
#2736 = AXIS2_PLACEMENT_3D ( 'NONE', #1850, #1252, #3937 ) ;
#2737 = VERTEX_POINT ( 'NONE', #5424 ) ;
#2738 = CARTESIAN_POINT ( 'NONE',  ( -6.908742675414803358, -0.5316666666666662877, 2.500000000000000000 ) ) ;
#2739 = CIRCLE ( 'NONE', #4271, 1.000000000000000222 ) ;
#2740 = CARTESIAN_POINT ( 'NONE',  ( 7.371976089839024304, -2.024181306576296357, 0.5339116088768947055 ) ) ;
#2741 = VECTOR ( 'NONE', #6748, 100.0000000000000142 ) ;
#2742 = CYLINDRICAL_SURFACE ( 'NONE', #5794, 0.06250000000000005551 ) ;
#2743 = DIRECTION ( 'NONE',  ( 0.6381506682237145789, -0.7699115044247789585, 0.000000000000000000 ) ) ;
#2744 = VERTEX_POINT ( 'NONE', #5496 ) ;
#2745 = CARTESIAN_POINT ( 'NONE',  ( 3.333333333333335258, -1.666666666666666963, 0.1250000000000001110 ) ) ;
#2746 = TOROIDAL_SURFACE ( 'NONE', #6268, 1.125000000000000000, 0.1250000000000000000 ) ;
#2747 = FACE_OUTER_BOUND ( 'NONE', #1516, .T. ) ;
#2748 = FACE_OUTER_BOUND ( 'NONE', #4253, .T. ) ;
#2749 = CARTESIAN_POINT ( 'NONE',  ( 7.446904574316835834, -2.050297964398258621, 1.995649695894810449 ) ) ;
#2750 = VERTEX_POINT ( 'NONE', #782 ) ;
#2751 = ORIENTED_EDGE ( 'NONE', *, *, #1649, .F. ) ;
#2752 = ORIENTED_EDGE ( 'NONE', *, *, #3613, .F. ) ;
#2753 = ORIENTED_EDGE ( 'NONE', *, *, #1897, .F. ) ;
#2754 = EDGE_CURVE ( 'NONE', #3734, #470, #4005, .T. ) ;
#2755 = FACE_OUTER_BOUND ( 'NONE', #5317, .T. ) ;
#2756 = DIRECTION ( 'NONE',  ( 0.9442831837397908101, -0.3291341199363031489, 0.000000000000000000 ) ) ;
#2757 = CARTESIAN_POINT ( 'NONE',  ( 4.991637076900224734, 1.270833333333334147, 2.437500000000000000 ) ) ;
#2758 = CARTESIAN_POINT ( 'NONE',  ( 7.383334981273901754, -2.028140498903606925, 1.974607559699454340 ) ) ;
#2759 = ORIENTED_EDGE ( 'NONE', *, *, #873, .F. ) ;
#2760 = DIRECTION ( 'NONE',  ( 1.224646799147353207E-16, 1.000000000000000000, -1.274654131356460758E-32 ) ) ;
#2761 = CARTESIAN_POINT ( 'NONE',  ( 7.489419888821330140, 0.4546981435807770366, 1.864345976558569262 ) ) ;
#2762 = CARTESIAN_POINT ( 'NONE',  ( -4.905087559109038153, -1.095486795418325832, -0.007045904514871997870 ) ) ;
#2763 = DIRECTION ( 'NONE',  ( 0.9699099091877015910, 0.2434641001451852138, 0.000000000000000000 ) ) ;
#2764 = EDGE_CURVE ( 'NONE', #329, #50, #2415, .T. ) ;
#2765 = ORIENTED_EDGE ( 'NONE', *, *, #446, .F. ) ;
#2766 = DIRECTION ( 'NONE',  ( 0.000000000000000000, 0.000000000000000000, 1.000000000000000000 ) ) ;
#2767 = EDGE_CURVE ( 'NONE', #2885, #4581, #3614, .T. ) ;
#2768 = CARTESIAN_POINT ( 'NONE',  ( 2.698333333333335027, -1.666666666666666963, 2.500000000000000000 ) ) ;
#2769 = CARTESIAN_POINT ( 'NONE',  ( -2.478553173307071589, -1.464080485396389575, 0.1250000000000001110 ) ) ;
#2770 = DIRECTION ( 'NONE',  ( 1.000000000000000000, 0.000000000000000000, 0.000000000000000000 ) ) ;
#2771 = ADVANCED_FACE ( 'NONE', ( #2977 ), #5609, .T. ) ;
#2772 = DIRECTION ( 'NONE',  ( -1.000000000000000000, 0.000000000000000000, 0.000000000000000000 ) ) ;
#2773 = CARTESIAN_POINT ( 'NONE',  ( -6.999999999999999112, -0.5311605225217574944, 1.062500000000000000 ) ) ;
#2774 = CARTESIAN_POINT ( 'NONE',  ( -6.908742675414803358, 0.5933333333333337123, 0.1250000000000001110 ) ) ;
#2775 = CARTESIAN_POINT ( 'NONE',  ( 7.026757452254066116, 0.7787153118086234116, 1.637499999999999734 ) ) ;
#2776 = CARTESIAN_POINT ( 'NONE',  ( 7.473710171033745908, -2.059641174821477350, 1.999999999999557021 ) ) ;
#2777 = ORIENTED_EDGE ( 'NONE', *, *, #4179, .T. ) ;
#2778 = AXIS2_PLACEMENT_3D ( 'NONE', #1485, #1974, #3640 ) ;
#2779 = ORIENTED_EDGE ( 'NONE', *, *, #3758, .F. ) ;
#2780 = VERTEX_POINT ( 'NONE', #2057 ) ;
#2781 = VERTEX_POINT ( 'NONE', #4635 ) ;
#2782 = VECTOR ( 'NONE', #1262, 100.0000000000000000 ) ;
#2783 = TOROIDAL_SURFACE ( 'NONE', #2903, 0.1250000000000000000, 0.06250000000000000000 ) ;
#2784 = CYLINDRICAL_SURFACE ( 'NONE', #1481, 0.1250000000000000555 ) ;
#2785 = CARTESIAN_POINT ( 'NONE',  ( -3.130379291100030770, -0.3400015541606994374, 0.000000000000000000 ) ) ;
#2786 = CARTESIAN_POINT ( 'NONE',  ( 8.740000000000001990, -1.166666666666666519, 0.5000000000000004441 ) ) ;
#2787 = ORIENTED_EDGE ( 'NONE', *, *, #223, .F. ) ;
#2788 = AXIS2_PLACEMENT_3D ( 'NONE', #3752, #1730, #1137 ) ;
#2789 = EDGE_CURVE ( 'NONE', #1349, #3140, #3046, .T. ) ;
#2790 = CIRCLE ( 'NONE', #3562, 0.8750000000000001110 ) ;
#2791 = ORIENTED_EDGE ( 'NONE', *, *, #45, .F. ) ;
#2792 = CARTESIAN_POINT ( 'NONE',  ( -8.739999999999998437, -1.666666666666666297, 2.500000000000000000 ) ) ;
#2793 = EDGE_CURVE ( 'NONE', #3660, #2210, #5605, .T. ) ;
#2794 = AXIS2_PLACEMENT_3D ( 'NONE', #5367, #5467, #5943 ) ;
#2795 = DIRECTION ( 'NONE',  ( 0.5999999999999999778, 0.000000000000000000, 0.8000000000000000444 ) ) ;
#2796 = CIRCLE ( 'NONE', #3349, 0.1250000000000000833 ) ;
#2797 = FACE_BOUND ( 'NONE', #6353, .T. ) ;
#2798 = FACE_OUTER_BOUND ( 'NONE', #2098, .T. ) ;
#2799 = EDGE_CURVE ( 'NONE', #26, #4884, #330, .T. ) ;
#2800 = AXIS2_PLACEMENT_3D ( 'NONE', #676, #3832, #2766 ) ;
#2801 = ORIENTED_EDGE ( 'NONE', *, *, #634, .F. ) ;
#2802 = AXIS2_PLACEMENT_3D ( 'NONE', #3829, #6449, #229 ) ;
#2803 = AXIS2_PLACEMENT_3D ( 'NONE', #3368, #242, #6610 ) ;
#2804 = EDGE_CURVE ( 'NONE', #2316, #5242, #2630, .T. ) ;
#2805 = DIRECTION ( 'NONE',  ( 1.000000000000000000, 0.000000000000000000, 0.000000000000000000 ) ) ;
#2806 = EDGE_CURVE ( 'NONE', #2543, #4092, #402, .T. ) ;
#2807 = DIRECTION ( 'NONE',  ( -0.000000000000000000, -0.000000000000000000, -1.000000000000000000 ) ) ;
#2808 = CARTESIAN_POINT ( 'NONE',  ( -7.500000000000000000, -2.926666666666667194, 0.6250000000000003331 ) ) ;
#2809 = AXIS2_PLACEMENT_3D ( 'NONE', #2250, #2760, #668 ) ;
#2810 = PLANE ( 'NONE',  #2075 ) ;
#2811 = CARTESIAN_POINT ( 'NONE',  ( -0.8105760350663047120, -1.441647193599739030, 0.1250000000000000000 ) ) ;
#2812 = AXIS2_PLACEMENT_3D ( 'NONE', #2762, #6096, #1386 ) ;
#2813 = FACE_OUTER_BOUND ( 'NONE', #4428, .T. ) ;
#2814 = CYLINDRICAL_SURFACE ( 'NONE', #1832, 0.06250000000000005551 ) ;
#2815 =( BOUNDED_CURVE ( )  B_SPLINE_CURVE ( 3, ( #2145, #4730, #1597, #84 ),
 .UNSPECIFIED., .F., .F. ) 
 B_SPLINE_CURVE_WITH_KNOTS ( ( 4, 4 ),
 ( 4.068887871591403638, 4.712388980384687898 ),
 .UNSPECIFIED. ) 
 CURVE ( )  GEOMETRIC_REPRESENTATION_ITEM ( )  RATIONAL_B_SPLINE_CURVE ( ( 1.000000000000000000, 0.9657888653670091417, 0.9657888653670091417, 1.000000000000000000 ) ) 
 REPRESENTATION_ITEM ( '' )  );
#2816 = CARTESIAN_POINT ( 'NONE',  ( 8.740000000000001990, -1.166666666666666519, 2.000000000000000444 ) ) ;
#2817 = ORIENTED_EDGE ( 'NONE', *, *, #3882, .F. ) ;
#2818 = ORIENTED_EDGE ( 'NONE', *, *, #4991, .T. ) ;
#2819 = ORIENTED_EDGE ( 'NONE', *, *, #6379, .F. ) ;
#2820 = EDGE_LOOP ( 'NONE', ( #6471, #6158, #2212, #4422 ) ) ;
#2821 = AXIS2_PLACEMENT_3D ( 'NONE', #2200, #6525, #1816 ) ;
#2822 = CARTESIAN_POINT ( 'NONE',  ( -7.466666666666665897, -2.285591201756871804, 0.6500000000000005773 ) ) ;
#2823 = CARTESIAN_POINT ( 'NONE',  ( -4.307865291323405010, 1.227852419256984629, -0.007045904514871997870 ) ) ;
#2824 = DIRECTION ( 'NONE',  ( 1.000000000000000000, 0.000000000000000000, 0.000000000000000000 ) ) ;
#2825 = CARTESIAN_POINT ( 'NONE',  ( 4.991637076900224734, 1.145833333333334147, 0.000000000000000000 ) ) ;
#2826 = ORIENTED_EDGE ( 'NONE', *, *, #6559, .T. ) ;
#2827 = VERTEX_POINT ( 'NONE', #6770 ) ;
#2828 = AXIS2_PLACEMENT_3D ( 'NONE', #4947, #235, #4842 ) ;
#2829 = EDGE_LOOP ( 'NONE', ( #5899, #3979, #2444, #3977 ) ) ;
#2830 = CARTESIAN_POINT ( 'NONE',  ( 0.000000000000000000, 1.708333333333333925, 2.375000000000000000 ) ) ;
#2831 = SPHERICAL_SURFACE ( 'NONE', #5265, 0.1250000000000000000 ) ;
#2832 = FACE_OUTER_BOUND ( 'NONE', #4192, .T. ) ;
#2833 = AXIS2_PLACEMENT_3D ( 'NONE', #1921, #1960, #6567 ) ;
#2834 = DIRECTION ( 'NONE',  ( 1.000000000000000000, 0.000000000000000000, 0.000000000000000000 ) ) ;
#2835 = CARTESIAN_POINT ( 'NONE',  ( 5.054137076900224734, 1.145833333333334147, 2.500000000000000000 ) ) ;
#2836 = CIRCLE ( 'NONE', #3716, 0.1249999999999999861 ) ;
#2837 = ADVANCED_FACE ( 'NONE', ( #3012 ), #5614, .T. ) ;
#2838 = DIRECTION ( 'NONE',  ( 1.040834085586084503E-16, 0.000000000000000000, 1.000000000000000000 ) ) ;
#2839 = DIRECTION ( 'NONE',  ( 1.000000000000000000, 0.000000000000000000, 0.000000000000000000 ) ) ;
#2840 = DIRECTION ( 'NONE',  ( 0.000000000000000000, 0.000000000000000000, -1.000000000000000000 ) ) ;
#2841 = CARTESIAN_POINT ( 'NONE',  ( 7.000000000000001776, 0.7104226631860631747, 1.437500000000000000 ) ) ;
#2842 = CIRCLE ( 'NONE', #5159, 0.1250000000000001110 ) ;
#2843 = EDGE_CURVE ( 'NONE', #2210, #760, #5379, .T. ) ;
#2844 = ORIENTED_EDGE ( 'NONE', *, *, #5518, .T. ) ;
#2845 = DIRECTION ( 'NONE',  ( 1.000000000000000000, 1.048543967701537188E-14, -7.709882115452479399E-17 ) ) ;
#2846 = VECTOR ( 'NONE', #679, 100.0000000000000000 ) ;
#2847 = AXIS2_PLACEMENT_3D ( 'NONE', #2598, #3651, #5759 ) ;
#2848 = CARTESIAN_POINT ( 'NONE',  ( 4.905636155551347244, 1.743583097252428216, 0.1250000000000001110 ) ) ;
#2849 = CARTESIAN_POINT ( 'NONE',  ( -5.843787586927575717, -2.406666666666665844, 0.1250000000000000000 ) ) ;
#2850 = CARTESIAN_POINT ( 'NONE',  ( 8.740000000000001990, -1.166666666666666519, 2.500000000000000000 ) ) ;
#2851 = VERTEX_POINT ( 'NONE', #1466 ) ;
#2852 = AXIS2_PLACEMENT_3D ( 'NONE', #3627, #2561, #4667 ) ;
#2853 = ORIENTED_EDGE ( 'NONE', *, *, #3652, .F. ) ;
#2854 = EDGE_CURVE ( 'NONE', #546, #1095, #550, .T. ) ;
#2855 = VERTEX_POINT ( 'NONE', #367 ) ;
#2856 = LINE ( 'NONE', #284, #2237 ) ;
#2857 = DIRECTION ( 'NONE',  ( 0.000000000000000000, 0.000000000000000000, 1.000000000000000000 ) ) ;
#2858 = LINE ( 'NONE', #1761, #2199 ) ;
#2859 = EDGE_CURVE ( 'NONE', #3587, #4330, #5062, .T. ) ;
#2860 = CARTESIAN_POINT ( 'NONE',  ( -0.000000000000000000, 1.020833333333333925, 0.06250000000000000000 ) ) ;
#2861 = CARTESIAN_POINT ( 'NONE',  ( 7.957322568362886983, 0.2180895838400085940, 0.000000000000000000 ) ) ;
#2862 = ORIENTED_EDGE ( 'NONE', *, *, #6335, .T. ) ;
#2863 = EDGE_CURVE ( 'NONE', #6424, #1213, #334, .T. ) ;
#2864 = ADVANCED_FACE ( 'NONE', ( #2466 ), #982, .F. ) ;
#2865 = VERTEX_POINT ( 'NONE', #4565 ) ;
#2866 = VERTEX_POINT ( 'NONE', #4042 ) ;
#2867 = CARTESIAN_POINT ( 'NONE',  ( 5.054137076900224734, 0.000000000000000000, -0.007045904514871997870 ) ) ;
#2868 = CARTESIAN_POINT ( 'NONE',  ( 7.528259301331334363, 0.4193631554362096669, 1.875000000000000000 ) ) ;
#2869 = CARTESIAN_POINT ( 'NONE',  ( 6.877530562996852836, -1.851840110486031588, 1.583861650352984318 ) ) ;
#2870 = VERTEX_POINT ( 'NONE', #6145 ) ;
#2871 = CARTESIAN_POINT ( 'NONE',  ( -3.052124931535665553, -0.5214728375432839957, 2.500000000000000000 ) ) ;
#2872 = CARTESIAN_POINT ( 'NONE',  ( 4.853878703297282549, 1.629801876762541291, 2.500000000000000000 ) ) ;
#2873 = DIRECTION ( 'NONE',  ( 0.8000000000000005995, 0.000000000000000000, 0.5999999999999992006 ) ) ;
#2874 = CYLINDRICAL_SURFACE ( 'NONE', #2821, 1.117867031364097485 ) ;
#2875 = CARTESIAN_POINT ( 'NONE',  ( -3.010166957248605613, -0.3742651615305239710, 0.06250000000000000000 ) ) ;
#2876 = ORIENTED_EDGE ( 'NONE', *, *, #2634, .F. ) ;
#2877 = EDGE_CURVE ( 'NONE', #1680, #2202, #109, .T. ) ;
#2878 = CARTESIAN_POINT ( 'NONE',  ( -4.883831506197743089, -0.8893072578837212250, 0.000000000000000000 ) ) ;
#2879 = ADVANCED_FACE ( 'NONE', ( #2354 ), #729, .F. ) ;
#2880 = DIRECTION ( 'NONE',  ( 1.000000000000000000, 0.000000000000000000, -0.000000000000000000 ) ) ;
#2881 = CARTESIAN_POINT ( 'NONE',  ( 2.186063211469403189, -1.885106198942051670, 0.003310058903316715102 ) ) ;
#2882 = CARTESIAN_POINT ( 'NONE',  ( -3.151081212475796534, -0.2810296926388550220, 0.06250000000000000000 ) ) ;
#2883 = VERTEX_POINT ( 'NONE', #6063 ) ;
#2884 = ORIENTED_EDGE ( 'NONE', *, *, #4479, .T. ) ;
#2885 = VERTEX_POINT ( 'NONE', #4962 ) ;
#2886 = CARTESIAN_POINT ( 'NONE',  ( -0.1333629230997752102, 1.395833333333334147, 2.437500000000000000 ) ) ;
#2887 = FACE_OUTER_BOUND ( 'NONE', #1732, .T. ) ;
#2888 = DIRECTION ( 'NONE',  ( -1.000000000000000000, 0.000000000000000000, 0.000000000000000000 ) ) ;
#2889 = DIRECTION ( 'NONE',  ( -0.2741088589585976010, -0.9616986708114011462, -0.000000000000000000 ) ) ;
#2890 = AXIS2_PLACEMENT_3D ( 'NONE', #3915, #318, #6091 ) ;
#2891 = DIRECTION ( 'NONE',  ( -0.8000000000000002665, 0.000000000000000000, 0.5999999999999995337 ) ) ;
#2892 = DIRECTION ( 'NONE',  ( -0.3281418111986830199, 0.9446284728628753236, 0.000000000000000000 ) ) ;
#2893 = ADVANCED_FACE ( 'NONE', ( #286 ), #3438, .T. ) ;
#2894 = ORIENTED_EDGE ( 'NONE', *, *, #4781, .T. ) ;
#2895 = ORIENTED_EDGE ( 'NONE', *, *, #2480, .T. ) ;
#2896 = VECTOR ( 'NONE', #6230, 100.0000000000000142 ) ;
#2897 = ORIENTED_EDGE ( 'NONE', *, *, #3279, .F. ) ;
#2898 = EDGE_CURVE ( 'NONE', #2478, #686, #5856, .T. ) ;
#2899 = CARTESIAN_POINT ( 'NONE',  ( 6.833858235007967075, -1.836617925567663567, 1.517678728295464019 ) ) ;
#2900 = CARTESIAN_POINT ( 'NONE',  ( 8.740000000000001990, -1.166666666666666519, 2.375000000000000000 ) ) ;
#2901 = VECTOR ( 'NONE', #2008, 100.0000000000000000 ) ;
#2902 = DIRECTION ( 'NONE',  ( 0.9442831837397906991, -0.3291341199363030934, 0.000000000000000000 ) ) ;
#2903 = AXIS2_PLACEMENT_3D ( 'NONE', #5631, #6760, #903 ) ;
#2904 = ORIENTED_EDGE ( 'NONE', *, *, #2804, .F. ) ;
#2905 = CARTESIAN_POINT ( 'NONE',  ( 5.116637076900224734, 1.145833333333334147, 2.500000000000000000 ) ) ;
#2906 = CIRCLE ( 'NONE', #1368, 0.7599999999999995648 ) ;
#2907 = AXIS2_PLACEMENT_3D ( 'NONE', #4650, #6751, #2040 ) ;
#2908 = CIRCLE ( 'NONE', #2473, 0.1250000000000001110 ) ;
#2909 = VECTOR ( 'NONE', #473, 100.0000000000000000 ) ;
#2910 = CARTESIAN_POINT ( 'NONE',  ( 2.573333333333335027, -1.666666666666666963, 5.421010862427522170E-17 ) ) ;
#2911 = LINE ( 'NONE', #1777, #5491 ) ;
#2912 = DIRECTION ( 'NONE',  ( -0.8325181863123948256, 0.5539977161136321326, -0.000000000000000000 ) ) ;
#2913 = CARTESIAN_POINT ( 'NONE',  ( -7.466666666666664121, -2.285591201756871804, 1.849999999999999645 ) ) ;
#2914 = AXIS2_PLACEMENT_3D ( 'NONE', #2472, #342, #5612 ) ;
#2915 = AXIS2_PLACEMENT_3D ( 'NONE', #5495, #4975, #781 ) ;
#2916 = CIRCLE ( 'NONE', #2591, 0.6349999999999994538 ) ;
#2917 = EDGE_LOOP ( 'NONE', ( #938, #2258, #1294, #1769 ) ) ;
#2918 = CARTESIAN_POINT ( 'NONE',  ( -4.863683716357508402, -1.213430518462015995, 0.06250000000000000000 ) ) ;
#2919 = AXIS2_PLACEMENT_3D ( 'NONE', #4101, #1079, #4663 ) ;
#2920 = EDGE_CURVE ( 'NONE', #4110, #6067, #2858, .T. ) ;
#2921 = CARTESIAN_POINT ( 'NONE',  ( 7.957322568362881654, 0.2180895838400100928, 0.6250000000000003331 ) ) ;
#2922 = CARTESIAN_POINT ( 'NONE',  ( 2.096549453265686758, -1.907427199156551456, 0.1084804296401112172 ) ) ;
#2923 = DIRECTION ( 'NONE',  ( -0.5999999999999999778, 0.000000000000000000, 0.8000000000000000444 ) ) ;
#2924 = ORIENTED_EDGE ( 'NONE', *, *, #3520, .F. ) ;
#2925 = AXIS2_PLACEMENT_3D ( 'NONE', #22, #636, #2155 ) ;
#2926 = ORIENTED_EDGE ( 'NONE', *, *, #4149, .T. ) ;
#2927 = EDGE_LOOP ( 'NONE', ( #1276, #6130, #6220, #902 ) ) ;
#2928 = DIRECTION ( 'NONE',  ( 1.000000000000000000, 0.000000000000000000, 0.000000000000000000 ) ) ;
#2929 = PLANE ( 'NONE',  #4328 ) ;
#2930 = VECTOR ( 'NONE', #1752, 100.0000000000000142 ) ;
#2931 = DIRECTION ( 'NONE',  ( -0.000000000000000000, 0.000000000000000000, 1.000000000000000000 ) ) ;
#2932 = EDGE_CURVE ( 'NONE', #5592, #5771, #3850, .T. ) ;
#2933 = CARTESIAN_POINT ( 'NONE',  ( 0.2315408876510614555, -0.7838001772875876627, 2.375000000000000000 ) ) ;
#2934 = CARTESIAN_POINT ( 'NONE',  ( -4.983341918673403370, -0.9140155120357413843, 2.500000000000000000 ) ) ;
#2935 = ORIENTED_EDGE ( 'NONE', *, *, #3344, .T. ) ;
#2936 = EDGE_LOOP ( 'NONE', ( #3913, #5821, #1376, #3780 ) ) ;
#2937 = ADVANCED_FACE ( 'NONE', ( #4474 ), #5409, .T. ) ;
#2938 = ORIENTED_EDGE ( 'NONE', *, *, #3470, .F. ) ;
#2939 = DIRECTION ( 'NONE',  ( 0.8325181863123952697, -0.5539977161136316886, 0.000000000000000000 ) ) ;
#2940 = CARTESIAN_POINT ( 'NONE',  ( -7.490001129020945392, -2.290176512526825636, 0.6353702123638758081 ) ) ;
#2941 = CARTESIAN_POINT ( 'NONE',  ( 7.000000000000001776, -1.894527379582028992, 1.437500000000000222 ) ) ;
#2942 = CIRCLE ( 'NONE', #6573, 0.1250000000000000000 ) ;
#2943 = ORIENTED_EDGE ( 'NONE', *, *, #1130, .T. ) ;
#2944 = CARTESIAN_POINT ( 'NONE',  ( -7.297779489814402609, -2.406666666666666288, 0.1250000000000001110 ) ) ;
#2945 = CIRCLE ( 'NONE', #4481, 0.1250000000000001110 ) ;
#2946 = CARTESIAN_POINT ( 'NONE',  ( -8.739999999999998437, -1.666666666666666297, 0.6250000000000003331 ) ) ;
#2947 = DIRECTION ( 'NONE',  ( 1.000000000000000000, -0.000000000000000000, 0.000000000000000000 ) ) ;
#2948 = DIRECTION ( 'NONE',  ( 1.387778780781445922E-16, 0.000000000000000000, 1.000000000000000000 ) ) ;
#2949 = CARTESIAN_POINT ( 'NONE',  ( -9.499999999999998224, -1.666666666666666297, 0.1250000000000001110 ) ) ;
#2950 = AXIS2_PLACEMENT_3D ( 'NONE', #4031, #6129, #1421 ) ;
#2951 = EDGE_LOOP ( 'NONE', ( #3884, #4778, #12, #1997 ) ) ;
#2952 = DIRECTION ( 'NONE',  ( 0.3291341199363027048, 0.9442831837397906991, 0.000000000000000000 ) ) ;
#2953 = AXIS2_PLACEMENT_3D ( 'NONE', #299, #3450, #6488 ) ;
#2954 = DIRECTION ( 'NONE',  ( -0.000000000000000000, -0.000000000000000000, -1.000000000000000000 ) ) ;
#2955 = CARTESIAN_POINT ( 'NONE',  ( -0.2583629230997752102, 0.000000000000000000, 0.06250000000000000000 ) ) ;
#2956 = DIRECTION ( 'NONE',  ( 0.000000000000000000, -0.000000000000000000, -1.000000000000000000 ) ) ;
#2957 = VERTEX_POINT ( 'NONE', #6442 ) ;
#2958 = EDGE_LOOP ( 'NONE', ( #2819, #5160, #3847, #4949 ) ) ;
#2959 = VECTOR ( 'NONE', #1290, 100.0000000000000000 ) ;
#2960 = VERTEX_POINT ( 'NONE', #2347 ) ;
#2961 = CARTESIAN_POINT ( 'NONE',  ( -3.130379291100030770, -0.3400015541606994374, 2.437500000000000000 ) ) ;
#2962 = CARTESIAN_POINT ( 'NONE',  ( 9.500000000000001776, -1.166666666666666519, 1.875000000000000222 ) ) ;
#2963 = CARTESIAN_POINT ( 'NONE',  ( -6.999999999999999112, -0.4098551326675625717, 1.437500000000000000 ) ) ;
#2964 = LINE ( 'NONE', #6583, #512 ) ;
#2965 = FILL_AREA_STYLE_COLOUR ( '', #6531 ) ;
#2966 = AXIS2_PLACEMENT_3D ( 'NONE', #5699, #2499, #6112 ) ;
#2967 = PLANE ( 'NONE',  #5914 ) ;
#2968 = ORIENTED_EDGE ( 'NONE', *, *, #1452, .T. ) ;
#2969 = ORIENTED_EDGE ( 'NONE', *, *, #4655, .T. ) ;
#2970 = EDGE_CURVE ( 'NONE', #1661, #1363, #4436, .T. ) ;
#2971 = EDGE_LOOP ( 'NONE', ( #6586, #5449, #6057, #2665 ) ) ;
#2972 = DIRECTION ( 'NONE',  ( -0.7706021531734791319, 0.2685968212430482338, 0.5779516148801104869 ) ) ;
#2973 = CARTESIAN_POINT ( 'NONE',  ( 1.498200998499273684, 3.293576687500643363, 0.5000000000000014433 ) ) ;
#2974 = DIRECTION ( 'NONE',  ( -1.387778780781445922E-16, -0.000000000000000000, -1.000000000000000000 ) ) ;
#2975 = ORIENTED_EDGE ( 'NONE', *, *, #1203, .F. ) ;
#2976 = DIRECTION ( 'NONE',  ( 0.000000000000000000, 0.000000000000000000, -1.000000000000000000 ) ) ;
#2977 = FACE_OUTER_BOUND ( 'NONE', #3746, .T. ) ;
#2978 = CARTESIAN_POINT ( 'NONE',  ( -6.878749186157199880, -0.4062167607600810082, 1.062500000000000000 ) ) ;
#2979 = DIRECTION ( 'NONE',  ( -1.734723475976805615E-16, 1.000000000000000000, 0.000000000000000000 ) ) ;
#2980 = ADVANCED_FACE ( 'NONE', ( #1729 ), #5991, .F. ) ;
#2981 = ORIENTED_EDGE ( 'NONE', *, *, #1676, .T. ) ;
#2982 = DIRECTION ( 'NONE',  ( -1.000000000000000000, 0.000000000000000000, 0.000000000000000000 ) ) ;
#2983 = ADVANCED_FACE ( 'NONE', ( #796 ), #6582, .F. ) ;
#2984 = EDGE_CURVE ( 'NONE', #4052, #4896, #2637, .T. ) ;
#2985 = CARTESIAN_POINT ( 'NONE',  ( -8.739999999999998437, -0.5316666666666662877, 2.500000000000000000 ) ) ;
#2986 = CARTESIAN_POINT ( 'NONE',  ( -2.924999999999995826, -2.406666666666665400, -1.399999999999998579 ) ) ;
#2987 = LINE ( 'NONE', #4955, #1578 ) ;
#2988 = EDGE_LOOP ( 'NONE', ( #530, #1089, #1121, #4488 ) ) ;
#2989 = VERTEX_POINT ( 'NONE', #1793 ) ;
#2990 = ORIENTED_EDGE ( 'NONE', *, *, #3387, .T. ) ;
#2991 = DIRECTION ( 'NONE',  ( 0.5999999999999999778, 0.000000000000000000, 0.8000000000000000444 ) ) ;
#2992 = DIRECTION ( 'NONE',  ( 0.000000000000000000, 0.000000000000000000, 1.000000000000000000 ) ) ;
#2993 = CARTESIAN_POINT ( 'NONE',  ( -6.999999999999999112, -0.5311605225576655487, 1.459392265946453104 ) ) ;
#2994 = CARTESIAN_POINT ( 'NONE',  ( 3.337284346289687065, 2.353795419686270041, -1.247036740282735812 ) ) ;
#2995 = DIRECTION ( 'NONE',  ( 0.000000000000000000, -1.000000000000000000, 0.000000000000000000 ) ) ;
#2996 = CARTESIAN_POINT ( 'NONE',  ( -10.00000000000000000, -1.666666666666666297, 0.1250000000000001110 ) ) ;
#2997 = VERTEX_POINT ( 'NONE', #5955 ) ;
#2998 =( BOUNDED_CURVE ( )  B_SPLINE_CURVE ( 3, ( #3208, #4232, #4826, #2114 ),
 .UNSPECIFIED., .F., .F. ) 
 B_SPLINE_CURVE_WITH_KNOTS ( ( 4, 4 ),
 ( 1.570796326794897890, 2.214297435588184815 ),
 .UNSPECIFIED. ) 
 CURVE ( )  GEOMETRIC_REPRESENTATION_ITEM ( )  RATIONAL_B_SPLINE_CURVE ( ( 1.000000000000000000, 0.9657888653670090306, 0.9657888653670090306, 1.000000000000000000 ) ) 
 REPRESENTATION_ITEM ( '' )  );
#2999 = ORIENTED_EDGE ( 'NONE', *, *, #6011, .F. ) ;
#3000 = VERTEX_POINT ( 'NONE', #1235 ) ;
#3001 = CARTESIAN_POINT ( 'NONE',  ( -2.448120160788922917, -1.585319224044852371, 2.375000000000000000 ) ) ;
#3002 = EDGE_CURVE ( 'NONE', #2997, #3234, #708, .T. ) ;
#3003 = DIRECTION ( 'NONE',  ( -0.2588190451025212946, -0.9659258262890680902, 0.000000000000000000 ) ) ;
#3004 = DIRECTION ( 'NONE',  ( 1.000000000000000000, 0.000000000000000000, -0.000000000000000000 ) ) ;
#3005 = VECTOR ( 'NONE', #6293, 100.0000000000000000 ) ;
#3006 = EDGE_CURVE ( 'NONE', #901, #1120, #4994, .T. ) ;
#3007 = ORIENTED_EDGE ( 'NONE', *, *, #2185, .T. ) ;
#3008 = DIRECTION ( 'NONE',  ( 0.000000000000000000, 0.000000000000000000, -1.000000000000000000 ) ) ;
#3009 = AXIS2_PLACEMENT_3D ( 'NONE', #2900, #298, #6726 ) ;
#3010 = CIRCLE ( 'NONE', #4322, 0.06250000000000005551 ) ;
#3011 = DIRECTION ( 'NONE',  ( -0.3291341199363029268, -0.9442831837397908101, 0.000000000000000000 ) ) ;
#3012 = FACE_OUTER_BOUND ( 'NONE', #5619, .T. ) ;
#3013 = DIRECTION ( 'NONE',  ( 0.000000000000000000, 1.000000000000000000, 0.000000000000000000 ) ) ;
#3014 = ADVANCED_FACE ( 'NONE', ( #5549 ), #4274, .T. ) ;
#3015 = CARTESIAN_POINT ( 'NONE',  ( 6.875000000000001776, 0.7104226631860631747, 1.437500000000000000 ) ) ;
#3016 = ADVANCED_FACE ( 'NONE', ( #3305 ), #4166, .T. ) ;
#3017 = PRESENTATION_LAYER_ASSIGNMENT (  '', '', ( #4990 ) ) ;
#3018 = AXIS2_PLACEMENT_3D ( 'NONE', #4423, #2266, #6461 ) ;
#3019 = ORIENTED_EDGE ( 'NONE', *, *, #1843, .T. ) ;
#3020 = DIRECTION ( 'NONE',  ( -0.000000000000000000, -0.000000000000000000, -1.000000000000000000 ) ) ;
#3021 = ADVANCED_FACE ( 'NONE', ( #766 ), #6076, .T. ) ;
#3022 = CIRCLE ( 'NONE', #2914, 0.7600000000000002309 ) ;
#3023 = CARTESIAN_POINT ( 'NONE',  ( 5.054137076900224734, 1.270833333333334147, 2.437500000000000000 ) ) ;
#3024 = CARTESIAN_POINT ( 'NONE',  ( -3.130933422635563179, -0.6051529532171499026, 0.000000000000000000 ) ) ;
#3025 = FACE_BOUND ( 'NONE', #2614, .T. ) ;
#3026 = VERTEX_POINT ( 'NONE', #2419 ) ;
#3027 = EDGE_LOOP ( 'NONE', ( #1652, #2968, #5779, #3499 ) ) ;
#3028 = AXIS2_PLACEMENT_3D ( 'NONE', #3691, #6308, #1534 ) ;
#3029 = CARTESIAN_POINT ( 'NONE',  ( -7.007088439697926496, -0.5315107272673146310, 1.480407993024022151 ) ) ;
#3030 = CARTESIAN_POINT ( 'NONE',  ( 4.174901165517512618E-16, -2.406666666666664955, 2.500000000000000000 ) ) ;
#3031 = CARTESIAN_POINT ( 'NONE',  ( -6.580600864216119561, -0.3512951395295419998, 2.375000000000000000 ) ) ;
#3032 = CARTESIAN_POINT ( 'NONE',  ( -3.052124931535665553, -0.5214728375432839957, 0.000000000000000000 ) ) ;
#3033 = CARTESIAN_POINT ( 'NONE',  ( -2.685335970326830690, 0.7653898264471213908, 2.437500000000000000 ) ) ;
#3034 = VERTEX_POINT ( 'NONE', #6688 ) ;
#3035 = VECTOR ( 'NONE', #3799, 100.0000000000000000 ) ;
#3036 = VERTEX_POINT ( 'NONE', #963 ) ;
#3037 = ORIENTED_EDGE ( 'NONE', *, *, #6643, .T. ) ;
#3038 = AXIS2_PLACEMENT_3D ( 'NONE', #257, #6552, #6035 ) ;
#3039 = DIRECTION ( 'NONE',  ( 0.000000000000000000, -0.000000000000000000, 1.000000000000000000 ) ) ;
#3040 = LINE ( 'NONE', #5522, #6661 ) ;
#3041 = DIRECTION ( 'NONE',  ( 0.000000000000000000, -0.000000000000000000, -1.000000000000000000 ) ) ;
#3042 =( BOUNDED_CURVE ( )  B_SPLINE_CURVE ( 3, ( #3961, #2899, #3928, #3384 ),
 .UNSPECIFIED., .F., .F. ) 
 B_SPLINE_CURVE_WITH_KNOTS ( ( 4, 4 ),
 ( 0.000000000000000000, 0.9272952180016120760 ),
 .UNSPECIFIED. ) 
 CURVE ( )  GEOMETRIC_REPRESENTATION_ITEM ( )  RATIONAL_B_SPLINE_CURVE ( ( 1.000000000000000000, 0.9296181273332770889, 0.9296181273332770889, 1.000000000000000000 ) ) 
 REPRESENTATION_ITEM ( '' )  );
#3043 = ORIENTED_EDGE ( 'NONE', *, *, #158, .F. ) ;
#3044 = CARTESIAN_POINT ( 'NONE',  ( -9.374999999999998224, -1.666666666666666297, 0.5000000000000005551 ) ) ;
#3045 = DIRECTION ( 'NONE',  ( 1.000000000000000000, 0.000000000000000000, 0.000000000000000000 ) ) ;
#3046 = LINE ( 'NONE', #4600, #3184 ) ;
#3047 = VECTOR ( 'NONE', #5091, 100.0000000000000142 ) ;
#3048 = CARTESIAN_POINT ( 'NONE',  ( -0.4100480760507114186, 1.659883247088350000, 0.1250000000000000000 ) ) ;
#3049 = CARTESIAN_POINT ( 'NONE',  ( 2.218035122561218042, -1.877225212084594475, 2.500000000000000000 ) ) ;
#3050 = VERTEX_POINT ( 'NONE', #6126 ) ;
#3051 = CARTESIAN_POINT ( 'NONE',  ( -8.739999999999998437, -1.666666666666666297, 1.875000000000000222 ) ) ;
#3052 = VECTOR ( 'NONE', #950, 100.0000000000000142 ) ;
#3053 = EDGE_CURVE ( 'NONE', #1070, #5854, #4544, .T. ) ;
#3054 = DIRECTION ( 'NONE',  ( -0.8325181863123950476, 0.5539977161136322437, 0.000000000000000000 ) ) ;
#3055 = DIRECTION ( 'NONE',  ( 0.5999999999999892086, 0.000000000000000000, -0.8000000000000080380 ) ) ;
#3056 = AXIS2_PLACEMENT_3D ( 'NONE', #4722, #1555, #2110 ) ;
#3057 = EDGE_LOOP ( 'NONE', ( #2395, #6589, #604, #515, #5581 ) ) ;
#3058 = EDGE_CURVE ( 'NONE', #246, #968, #1488, .T. ) ;
#3059 = ORIENTED_EDGE ( 'NONE', *, *, #326, .T. ) ;
#3060 = AXIS2_PLACEMENT_3D ( 'NONE', #1638, #2763, #1568 ) ;
#3061 = CARTESIAN_POINT ( 'NONE',  ( -6.999999999999999112, -0.5311605225217577164, 1.062500000000000000 ) ) ;
#3062 = CARTESIAN_POINT ( 'NONE',  ( -3.130379291100030770, -0.3400015541606994374, 0.000000000000000000 ) ) ;
#3063 = CARTESIAN_POINT ( 'NONE',  ( 7.489419888821310600, 0.4546981435807713745, 0.6356540234414369550 ) ) ;
#3064 = CARTESIAN_POINT ( 'NONE',  ( 6.999999999999999112, 0.7104226631860637298, 1.022410635852267768 ) ) ;
#3065 = FACE_OUTER_BOUND ( 'NONE', #2958, .T. ) ;
#3066 = ORIENTED_EDGE ( 'NONE', *, *, #1208, .F. ) ;
#3067 = AXIS2_PLACEMENT_3D ( 'NONE', #6240, #2974, #5080 ) ;
#3068 = EDGE_CURVE ( 'NONE', #2323, #2432, #2450, .T. ) ;
#3069 = ORIENTED_EDGE ( 'NONE', *, *, #1899, .T. ) ;
#3070 = ORIENTED_EDGE ( 'NONE', *, *, #3077, .F. ) ;
#3071 = CIRCLE ( 'NONE', #107, 0.1250000000000001110 ) ;
#3072 = ADVANCED_FACE ( 'NONE', ( #4057 ), #6161, .T. ) ;
#3073 = CIRCLE ( 'NONE', #5388, 1.117867031364097485 ) ;
#3074 = CARTESIAN_POINT ( 'NONE',  ( -7.124999999999999112, -2.926666666666667194, 1.062500000000000000 ) ) ;
#3075 = EDGE_CURVE ( 'NONE', #77, #6043, #5623, .T. ) ;
#3076 = DIRECTION ( 'NONE',  ( -0.000000000000000000, -1.000000000000000000, -0.000000000000000000 ) ) ;
#3077 = EDGE_CURVE ( 'NONE', #5447, #724, #1521, .T. ) ;
#3078 = CARTESIAN_POINT ( 'NONE',  ( -0.1333629230997752102, 1.270833333333334147, 2.500000000000000000 ) ) ;
#3079 = AXIS2_PLACEMENT_3D ( 'NONE', #174, #5469, #753 ) ;
#3080 = ORIENTED_EDGE ( 'NONE', *, *, #1972, .F. ) ;
#3081 = CARTESIAN_POINT ( 'NONE',  ( -8.739999999999998437, -1.666666666666666297, 0.1250000000000001110 ) ) ;
#3082 =( BOUNDED_CURVE ( )  B_SPLINE_CURVE ( 3, ( #5874, #5498, #4977, #4357 ),
 .UNSPECIFIED., .F., .F. ) 
 B_SPLINE_CURVE_WITH_KNOTS ( ( 4, 4 ),
 ( 1.570796326794901443, 3.141592653589793116 ),
 .UNSPECIFIED. ) 
 CURVE ( )  GEOMETRIC_REPRESENTATION_ITEM ( )  RATIONAL_B_SPLINE_CURVE ( ( 1.000000000000000000, 0.8047378541243661587, 0.8047378541243661587, 1.000000000000000000 ) ) 
 REPRESENTATION_ITEM ( '' )  );
#3083 = CARTESIAN_POINT ( 'NONE',  ( 4.491576537518830570, 1.833333333333333925, 2.375000000000000000 ) ) ;
#3084 = CARTESIAN_POINT ( 'NONE',  ( -8.739999999999998437, -1.666666666666666297, 2.500000000000000000 ) ) ;
#3085 = DIRECTION ( 'NONE',  ( 0.000000000000000000, 0.000000000000000000, 1.000000000000000000 ) ) ;
#3086 = ORIENTED_EDGE ( 'NONE', *, *, #3848, .T. ) ;
#3087 = EDGE_LOOP ( 'NONE', ( #1727, #3181, #1660, #6133, #5476 ) ) ;
#3088 = EDGE_LOOP ( 'NONE', ( #4854, #5275, #4610, #1378 ) ) ;
#3089 = DIRECTION ( 'NONE',  ( 0.000000000000000000, 0.000000000000000000, 1.000000000000000000 ) ) ;
#3090 = CARTESIAN_POINT ( 'NONE',  ( 0.6635635517212482570, -2.350768383770468262, 0.1250000000000001110 ) ) ;
#3091 = DIRECTION ( 'NONE',  ( 1.000000000000000000, 0.000000000000000000, -1.040834085586084503E-16 ) ) ;
#3092 = EDGE_LOOP ( 'NONE', ( #6744, #2999, #4189, #5403 ) ) ;
#3093 = ADVANCED_FACE ( 'NONE', ( #3982 ), #931, .T. ) ;
#3094 = ORIENTED_EDGE ( 'NONE', *, *, #5136, .F. ) ;
#3095 = EDGE_CURVE ( 'NONE', #3960, #3036, #1539, .T. ) ;
#3096 = CARTESIAN_POINT ( 'NONE',  ( -7.402128843385137991, -2.408773079604947132, 0.6984033674604612774 ) ) ;
#3097 = CARTESIAN_POINT ( 'NONE',  ( 7.017189920400729086, -1.900519003091049930, 0.9871075596994540735 ) ) ;
#3098 = CYLINDRICAL_SURFACE ( 'NONE', #3909, 0.1249999999999998473 ) ;
#3099 = FACE_OUTER_BOUND ( 'NONE', #5126, .T. ) ;
#3100 = DIRECTION ( 'NONE',  ( 0.3312307420122382884, -0.9435497843495180836, 0.000000000000000000 ) ) ;
#3101 = ORIENTED_EDGE ( 'NONE', *, *, #2363, .T. ) ;
#3102 = EDGE_CURVE ( 'NONE', #1150, #4108, #3073, .T. ) ;
#3103 = ORIENTED_EDGE ( 'NONE', *, *, #2920, .T. ) ;
#3104 = ORIENTED_EDGE ( 'NONE', *, *, #5587, .F. ) ;
#3105 = EDGE_CURVE ( 'NONE', #6183, #4933, #1756, .T. ) ;
#3106 = CYLINDRICAL_SURFACE ( 'NONE', #423, 0.1250000000000001110 ) ;
#3107 = DIRECTION ( 'NONE',  ( 0.000000000000000000, 1.000000000000000000, -0.000000000000000000 ) ) ;
#3108 = DIRECTION ( 'NONE',  ( 0.000000000000000000, 1.000000000000000000, 0.000000000000000000 ) ) ;
#3109 = EDGE_CURVE ( 'NONE', #4250, #2394, #5497, .T. ) ;
#3110 = VERTEX_POINT ( 'NONE', #451 ) ;
#3111 = DIRECTION ( 'NONE',  ( 0.000000000000000000, 0.000000000000000000, 1.000000000000000000 ) ) ;
#3112 = EDGE_CURVE ( 'NONE', #6219, #3034, #2422, .T. ) ;
#3113 = CARTESIAN_POINT ( 'NONE',  ( -4.367971458249118477, 1.244984222941896812, 0.06250000000000000000 ) ) ;
#3114 = DIRECTION ( 'NONE',  ( 0.2741088589585931601, 0.9616986708114023674, -0.000000000000000000 ) ) ;
#3115 = FACE_OUTER_BOUND ( 'NONE', #4023, .T. ) ;
#3116 = EDGE_LOOP ( 'NONE', ( #5868, #1591, #5928 ) ) ;
#3117 = CIRCLE ( 'NONE', #477, 0.1250000000000001110 ) ;
#3118 = VERTEX_POINT ( 'NONE', #1903 ) ;
#3119 = EDGE_LOOP ( 'NONE', ( #5722, #4754, #790, #1398 ) ) ;
#3120 = DIRECTION ( 'NONE',  ( -0.000000000000000000, -0.000000000000000000, -1.000000000000000000 ) ) ;
#3121 = TOROIDAL_SURFACE ( 'NONE', #2469, 0.1250000000000000000, 0.06250000000000000000 ) ;
#3122 = AXIS2_PLACEMENT_3D ( 'NONE', #5708, #2000, #2103 ) ;
#3123 = AXIS2_PLACEMENT_3D ( 'NONE', #1596, #1663, #6376 ) ;
#3124 = DIRECTION ( 'NONE',  ( 0.000000000000000000, 0.000000000000000000, -1.000000000000000000 ) ) ;
#3125 = DIRECTION ( 'NONE',  ( 0.000000000000000000, -1.000000000000000000, 0.000000000000000000 ) ) ;
#3126 = FACE_OUTER_BOUND ( 'NONE', #2229, .T. ) ;
#3127 = ORIENTED_EDGE ( 'NONE', *, *, #6134, .T. ) ;
#3128 = AXIS2_PLACEMENT_3D ( 'NONE', #1490, #1523, #2109 ) ;
#3129 = AXIS2_PLACEMENT_3D ( 'NONE', #1416, #3475, #5070 ) ;
#3130 = DIRECTION ( 'NONE',  ( -0.000000000000000000, 0.000000000000000000, 1.000000000000000000 ) ) ;
#3131 = CARTESIAN_POINT ( 'NONE',  ( 6.833858235007964410, -1.836617925567662901, 2.500000000000000000 ) ) ;
#3132 = AXIS2_PLACEMENT_3D ( 'NONE', #5252, #6769, #1566 ) ;
#3133 = DIRECTION ( 'NONE',  ( 0.9699099091877008139, 0.2434641001451877396, 0.000000000000000000 ) ) ;
#3134 = PLANE ( 'NONE',  #4433 ) ;
#3135 = PLANE ( 'NONE',  #3056 ) ;
#3136 = ORIENTED_EDGE ( 'NONE', *, *, #3102, .F. ) ;
#3137 = VECTOR ( 'NONE', #5869, 100.0000000000000000 ) ;
#3138 = AXIS2_PLACEMENT_3D ( 'NONE', #737, #1842, #5416 ) ;
#3139 = AXIS2_PLACEMENT_3D ( 'NONE', #5371, #5819, #3202 ) ;
#3140 = VERTEX_POINT ( 'NONE', #5071 ) ;
#3141 = ORIENTED_EDGE ( 'NONE', *, *, #1193, .F. ) ;
#3142 = EDGE_CURVE ( 'NONE', #2780, #4408, #353, .T. ) ;
#3143 = AXIS2_PLACEMENT_3D ( 'NONE', #6345, #5764, #1042 ) ;
#3144 = DIRECTION ( 'NONE',  ( 0.3291341199363032599, 0.9442831837397906991, 0.000000000000000000 ) ) ;
#3145 = FACE_OUTER_BOUND ( 'NONE', #2936, .T. ) ;
#3146 = PLANE ( 'NONE',  #542 ) ;
#3147 = ADVANCED_FACE ( 'NONE', ( #2619 ), #1635, .T. ) ;
#3148 = CIRCLE ( 'NONE', #1501, 0.9999999999999998890 ) ;
#3149 = VERTEX_POINT ( 'NONE', #617 ) ;
#3150 = DIRECTION ( 'NONE',  ( -0.9442831837397908101, 0.3291341199363031489, -0.000000000000000000 ) ) ;
#3151 = DIRECTION ( 'NONE',  ( 0.6381506682237132466, -0.7699115044247800688, 0.000000000000000000 ) ) ;
#3152 = CARTESIAN_POINT ( 'NONE',  ( -10.00000000000000000, -1.666666666666666297, 2.500000000000000000 ) ) ;
#3153 = DIRECTION ( 'NONE',  ( -1.000000000000000000, 0.000000000000000000, 0.000000000000000000 ) ) ;
#3154 = ORIENTED_EDGE ( 'NONE', *, *, #238, .F. ) ;
#3155 = ORIENTED_EDGE ( 'NONE', *, *, #1440, .F. ) ;
#3156 = ORIENTED_EDGE ( 'NONE', *, *, #5461, .T. ) ;
#3157 = DIRECTION ( 'NONE',  ( 0.8000000000000017097, -0.000000000000000000, 0.5999999999999979794 ) ) ;
#3158 = ADVANCED_FACE ( 'NONE', ( #1619 ), #584, .T. ) ;
#3159 = CYLINDRICAL_SURFACE ( 'NONE', #6535, 0.1250000000000001110 ) ;
#3160 = CARTESIAN_POINT ( 'NONE',  ( -3.151081212475796089, -0.2810296926388545780, 2.437500000000000000 ) ) ;
#3161 = CARTESIAN_POINT ( 'NONE',  ( -3.172337265387090266, -0.4872092301734593511, -0.007045904514871997870 ) ) ;
#3162 = EDGE_CURVE ( 'NONE', #859, #3268, #71, .T. ) ;
#3163 = ORIENTED_EDGE ( 'NONE', *, *, #2806, .F. ) ;
#3164 = AXIS2_PLACEMENT_3D ( 'NONE', #1253, #6388, #5908 ) ;
#3165 = CARTESIAN_POINT ( 'NONE',  ( -0.1333629230997752102, 1.270833333333334147, -0.007045904514871997870 ) ) ;
#3166 = DIRECTION ( 'NONE',  ( -0.000000000000000000, 0.000000000000000000, 1.000000000000000000 ) ) ;
#3167 = AXIS2_PLACEMENT_3D ( 'NONE', #6603, #2948, #368 ) ;
#3168 = DIRECTION ( 'NONE',  ( -0.7706021531734789098, 0.2685968212430481228, 0.5779516148801111530 ) ) ;
#3169 = DIRECTION ( 'NONE',  ( 0.9102497639190944012, -0.4140596180325159525, -0.000000000000000000 ) ) ;
#3170 = CARTESIAN_POINT ( 'NONE',  ( -7.124999999999999112, -2.281666666666665844, 1.437500000000000000 ) ) ;
#3171 = ORIENTED_EDGE ( 'NONE', *, *, #2507, .F. ) ;
#3172 = VERTEX_POINT ( 'NONE', #3201 ) ;
#3173 = TOROIDAL_SURFACE ( 'NONE', #2182, 0.1250000000000000000, 0.06250000000000000000 ) ;
#3174 = ORIENTED_EDGE ( 'NONE', *, *, #421, .F. ) ;
#3175 = CARTESIAN_POINT ( 'NONE',  ( -7.297779489814402609, -2.281666666666665844, 0.1250000000000001110 ) ) ;
#3176 = CARTESIAN_POINT ( 'NONE',  ( -3.172337265387090266, -0.4872092301734593511, 0.000000000000000000 ) ) ;
#3177 = TOROIDAL_SURFACE ( 'NONE', #213, 1.625000000000000000, 0.1250000000000000000 ) ;
#3178 = DIRECTION ( 'NONE',  ( 0.000000000000000000, 1.000000000000000000, 0.000000000000000000 ) ) ;
#3179 = ADVANCED_FACE ( 'NONE', ( #6394 ), #1310, .T. ) ;
#3180 = AXIS2_PLACEMENT_3D ( 'NONE', #2875, #3395, #268 ) ;
#3181 = ORIENTED_EDGE ( 'NONE', *, *, #2170, .T. ) ;
#3182 = DIRECTION ( 'NONE',  ( -0.9435497843495194159, -0.3312307420122341806, 0.000000000000000000 ) ) ;
#3183 = ADVANCED_FACE ( 'NONE', ( #4719 ), #2315, .T. ) ;
#3184 = VECTOR ( 'NONE', #5054, 100.0000000000000000 ) ;
#3185 = ADVANCED_BREP_SHAPE_REPRESENTATION ( 'top bar linkage', ( #6053, #4670 ), #816 ) ;
#3186 = CYLINDRICAL_SURFACE ( 'NONE', #699, 0.1249999999999999445 ) ;
#3187 = CARTESIAN_POINT ( 'NONE',  ( -7.528346818641522553, -2.302504901945435112, 0.6250000000000002220 ) ) ;
#3188 = ORIENTED_EDGE ( 'NONE', *, *, #1800, .F. ) ;
#3189 = AXIS2_PLACEMENT_3D ( 'NONE', #5783, #1064, #4256 ) ;
#3190 = ORIENTED_EDGE ( 'NONE', *, *, #1128, .T. ) ;
#3191 = VERTEX_POINT ( 'NONE', #1552 ) ;
#3192 = CARTESIAN_POINT ( 'NONE',  ( -8.015698991566083009, -2.540516224188789973, 2.375000000000000000 ) ) ;
#3193 = DIRECTION ( 'NONE',  ( -1.000000000000000000, 0.000000000000000000, 0.000000000000000000 ) ) ;
#3194 = EDGE_CURVE ( 'NONE', #2425, #2957, #5818, .T. ) ;
#3195 = DIRECTION ( 'NONE',  ( 0.000000000000000000, 0.000000000000000000, -1.000000000000000000 ) ) ;
#3196 = DIRECTION ( 'NONE',  ( 1.000000000000000000, 0.000000000000000000, 0.000000000000000000 ) ) ;
#3197 = ORIENTED_EDGE ( 'NONE', *, *, #965, .F. ) ;
#3198 = ADVANCED_FACE ( 'NONE', ( #5298 ), #4061, .T. ) ;
#3199 = ORIENTED_EDGE ( 'NONE', *, *, #5610, .T. ) ;
#3200 = ADVANCED_FACE ( 'NONE', ( #4815 ), #4946, .T. ) ;
#3201 = CARTESIAN_POINT ( 'NONE',  ( -7.381234758127525275, -2.410155142302404130, 1.949999999999999734 ) ) ;
#3202 = DIRECTION ( 'NONE',  ( 1.000000000000000000, 0.000000000000000000, 0.000000000000000000 ) ) ;
#3203 = DIRECTION ( 'NONE',  ( -0.2434641001451851583, 0.9699099091877013690, 0.000000000000000000 ) ) ;
#3204 = ORIENTED_EDGE ( 'NONE', *, *, #1644, .F. ) ;
#3205 = ORIENTED_EDGE ( 'NONE', *, *, #4500, .F. ) ;
#3206 = EDGE_LOOP ( 'NONE', ( #3990, #1509, #3971, #579 ) ) ;
#3207 = DIRECTION ( 'NONE',  ( 1.000000000000000000, 0.000000000000000000, 0.000000000000000000 ) ) ;
#3208 = CARTESIAN_POINT ( 'NONE',  ( 7.541666666666668739, 0.4071655174038801284, 0.6250000000000003331 ) ) ;
#3209 = DIRECTION ( 'NONE',  ( -0.6842772733622041192, 0.7292219231207929253, 0.000000000000000000 ) ) ;
#3210 = DIRECTION ( 'NONE',  ( -0.000000000000000000, 0.000000000000000000, 1.000000000000000000 ) ) ;
#3211 = ORIENTED_EDGE ( 'NONE', *, *, #421, .T. ) ;
#3212 = DIRECTION ( 'NONE',  ( 1.000000000000000000, -0.000000000000000000, 0.000000000000000000 ) ) ;
#3213 = EDGE_CURVE ( 'NONE', #5114, #2780, #2529, .T. ) ;
#3214 = DIRECTION ( 'NONE',  ( -0.2741088589585976010, -0.9616986708114011462, 0.000000000000000000 ) ) ;
#3215 = CARTESIAN_POINT ( 'NONE',  ( 3.968333333333335489, -1.666666666666666963, 2.500000000000000000 ) ) ;
#3216 = CARTESIAN_POINT ( 'NONE',  ( 9.500000000000001776, -1.166666666666666297, 0.6250000000000002220 ) ) ;
#3217 = ORIENTED_EDGE ( 'NONE', *, *, #4072, .F. ) ;
#3218 = EDGE_LOOP ( 'NONE', ( #1314, #2275, #4984, #2400 ) ) ;
#3219 = CARTESIAN_POINT ( 'NONE',  ( -4.884385637733273278, -1.154458656940171135, 0.06250000000000005551 ) ) ;
#3220 = EDGE_CURVE ( 'NONE', #2550, #4923, #661, .T. ) ;
#3221 = DIRECTION ( 'NONE',  ( -0.8000000000000007105, -1.387778780781446662E-16, -0.5999999999999993117 ) ) ;
#3222 = DIRECTION ( 'NONE',  ( -0.000000000000000000, -0.000000000000000000, -1.000000000000000000 ) ) ;
#3223 = ORIENTED_EDGE ( 'NONE', *, *, #118, .T. ) ;
#3224 = EDGE_CURVE ( 'NONE', #4164, #3504, #1124, .T. ) ;
#3225 = VERTEX_POINT ( 'NONE', #2848 ) ;
#3226 = AXIS2_PLACEMENT_3D ( 'NONE', #1063, #3166, #3538 ) ;
#3227 = DIRECTION ( 'NONE',  ( 0.5999999999999999778, 0.000000000000000000, 0.8000000000000000444 ) ) ;
#3228 = TOROIDAL_SURFACE ( 'NONE', #6310, 0.1250000000000000000, 0.06250000000000000000 ) ;
#3229 = CARTESIAN_POINT ( 'NONE',  ( 1.319228601653368083, 1.996761501501736369, 0.6250000000000012212 ) ) ;
#3230 = DIRECTION ( 'NONE',  ( -1.040834085586084503E-16, -0.000000000000000000, -1.000000000000000000 ) ) ;
#3231 = AXIS2_PLACEMENT_3D ( 'NONE', #5443, #4825, #2319 ) ;
#3232 = DIRECTION ( 'NONE',  ( 1.000000000000000000, 0.000000000000000000, 0.000000000000000000 ) ) ;
#3233 = ORIENTED_EDGE ( 'NONE', *, *, #1914, .F. ) ;
#3234 = VERTEX_POINT ( 'NONE', #4395 ) ;
#3235 = ORIENTED_EDGE ( 'NONE', *, *, #6569, .T. ) ;
#3236 = TOROIDAL_SURFACE ( 'NONE', #4442, 0.7599999999999995648, 0.1250000000000000000 ) ;
#3237 = AXIS2_PLACEMENT_3D ( 'NONE', #3289, #164, #265 ) ;
#3238 = ORIENTED_EDGE ( 'NONE', *, *, #5168, .F. ) ;
#3239 = DIRECTION ( 'NONE',  ( 0.000000000000000000, 0.000000000000000000, 1.000000000000000000 ) ) ;
#3240 = CYLINDRICAL_SURFACE ( 'NONE', #380, 0.6350000000000001199 ) ;
#3241 = CARTESIAN_POINT ( 'NONE',  ( 4.991637076900224734, 1.020833333333334147, 2.500000000000000000 ) ) ;
#3242 = CARTESIAN_POINT ( 'NONE',  ( 2.120915065907331698, -1.901315500175714268, 2.451859686354156409 ) ) ;
#3243 = AXIS2_PLACEMENT_3D ( 'NONE', #4417, #1713, #126 ) ;
#3244 = AXIS2_PLACEMENT_3D ( 'NONE', #3863, #1190, #1251 ) ;
#3245 = AXIS2_PLACEMENT_3D ( 'NONE', #4505, #5578, #2337 ) ;
#3246 = ORIENTED_EDGE ( 'NONE', *, *, #3931, .T. ) ;
#3247 = DIRECTION ( 'NONE',  ( 0.000000000000000000, -0.000000000000000000, 1.000000000000000000 ) ) ;
#3248 = DIRECTION ( 'NONE',  ( 0.000000000000000000, 0.000000000000000000, 1.000000000000000000 ) ) ;
#3249 = DIRECTION ( 'NONE',  ( -1.000000000000000000, 0.000000000000000000, 0.000000000000000000 ) ) ;
#3250 = CARTESIAN_POINT ( 'NONE',  ( 7.000000000000001776, 0.7908868947070790689, 1.437500000000000000 ) ) ;
#3251 = AXIS2_PLACEMENT_3D ( 'NONE', #2254, #1341, #3439 ) ;
#3252 = ORIENTED_EDGE ( 'NONE', *, *, #1882, .F. ) ;
#3253 = CYLINDRICAL_SURFACE ( 'NONE', #1379, 1.000000000000000222 ) ;
#3254 = VECTOR ( 'NONE', #3133, 100.0000000000000000 ) ;
#3255 = CARTESIAN_POINT ( 'NONE',  ( 7.485387256939707967, -2.063711275252211319, 0.6294953390214946820 ) ) ;
#3256 = CARTESIAN_POINT ( 'NONE',  ( 0.000000000000000000, 1.020833333333333925, 2.437500000000000000 ) ) ;
#3257 = DIRECTION ( 'NONE',  ( -0.9616986708114019233, 0.2741088589585953805, 0.000000000000000000 ) ) ;
#3258 = ORIENTED_EDGE ( 'NONE', *, *, #4625, .F. ) ;
#3259 =( BOUNDED_CURVE ( )  B_SPLINE_CURVE ( 3, ( #6448, #1142, #2731, #190 ),
 .UNSPECIFIED., .F., .F. ) 
 B_SPLINE_CURVE_WITH_KNOTS ( ( 4, 4 ),
 ( 5.355890089177974822, 6.283185307179586232 ),
 .UNSPECIFIED. ) 
 CURVE ( )  GEOMETRIC_REPRESENTATION_ITEM ( )  RATIONAL_B_SPLINE_CURVE ( ( 1.000000000000000000, 0.9296181273332774220, 0.9296181273332774220, 1.000000000000000000 ) ) 
 REPRESENTATION_ITEM ( '' )  );
#3260 = EDGE_CURVE ( 'NONE', #1526, #2432, #2427, .T. ) ;
#3261 = ORIENTED_EDGE ( 'NONE', *, *, #6521, .T. ) ;
#3262 = EDGE_CURVE ( 'NONE', #3396, #5854, #3949, .T. ) ;
#3263 = CARTESIAN_POINT ( 'NONE',  ( -4.967587559109038153, -1.095486795418325832, -0.007045904514871997870 ) ) ;
#3264 = DIRECTION ( 'NONE',  ( -0.2434641001451878228, 0.9699099091877008139, 0.000000000000000000 ) ) ;
#3265 = DIRECTION ( 'NONE',  ( 0.8650292983407895653, 0.000000000000000000, 0.5017213499663347731 ) ) ;
#3266 = LINE ( 'NONE', #6499, #1486 ) ;
#3267 = AXIS2_PLACEMENT_3D ( 'NONE', #3600, #4119, #5707 ) ;
#3268 = VERTEX_POINT ( 'NONE', #5400 ) ;
#3269 = ORIENTED_EDGE ( 'NONE', *, *, #6730, .T. ) ;
#3270 = ORIENTED_EDGE ( 'NONE', *, *, #6346, .T. ) ;
#3271 = EDGE_LOOP ( 'NONE', ( #4715, #2292, #2924, #5029 ) ) ;
#3272 = VECTOR ( 'NONE', #85, 100.0000000000000000 ) ;
#3273 = LINE ( 'NONE', #4888, #5322 ) ;
#3274 = DIRECTION ( 'NONE',  ( 1.000000000000000000, 0.000000000000000000, 0.000000000000000000 ) ) ;
#3275 = DIRECTION ( 'NONE',  ( 1.000000000000000000, 0.000000000000000000, 0.000000000000000000 ) ) ;
#3276 = DIRECTION ( 'NONE',  ( 0.000000000000000000, 0.000000000000000000, 1.000000000000000000 ) ) ;
#3277 = EDGE_CURVE ( 'NONE', #3118, #2957, #338, .T. ) ;
#3278 = VECTOR ( 'NONE', #6001, 100.0000000000000000 ) ;
#3279 = EDGE_CURVE ( 'NONE', #6022, #6700, #1297, .T. ) ;
#3280 = VERTEX_POINT ( 'NONE', #1860 ) ;
#3281 = ADVANCED_FACE ( 'NONE', ( #2747 ), #2746, .T. ) ;
#3282 = AXIS2_PLACEMENT_3D ( 'NONE', #739, #230, #2834 ) ;
#3283 = CARTESIAN_POINT ( 'NONE',  ( -1.580387967598784194, -0.6212725300888470858, 0.000000000000000000 ) ) ;
#3284 = LINE ( 'NONE', #2451, #5457 ) ;
#3285 = CARTESIAN_POINT ( 'NONE',  ( 6.926757452255055902, 0.8242038836755000153, 1.476150789377149497 ) ) ;
#3286 = VECTOR ( 'NONE', #2020, 100.0000000000000142 ) ;
#3287 = ORIENTED_EDGE ( 'NONE', *, *, #6039, .F. ) ;
#3288 = LINE ( 'NONE', #2835, #281 ) ;
#3289 = CARTESIAN_POINT ( 'NONE',  ( 3.333333333333335258, -1.666666666666666963, 2.375000000000000000 ) ) ;
#3290 = DIRECTION ( 'NONE',  ( 0.000000000000000000, 0.000000000000000000, 1.000000000000000000 ) ) ;
#3291 = CARTESIAN_POINT ( 'NONE',  ( 1.498200998499273906, 3.293576687500643363, 0.1250000000000001110 ) ) ;
#3292 = DIRECTION ( 'NONE',  ( -0.000000000000000000, 0.000000000000000000, 1.000000000000000000 ) ) ;
#3293 = AXIS2_PLACEMENT_3D ( 'NONE', #2028, #1407, #5164 ) ;
#3294 = CARTESIAN_POINT ( 'NONE',  ( -4.904533427573507964, -0.8303353963618765876, 2.437500000000000000 ) ) ;
#3295 = CARTESIAN_POINT ( 'NONE',  ( -6.878749186157199880, -0.4062167607600810082, 1.062500000000000000 ) ) ;
#3296 = EDGE_CURVE ( 'NONE', #6116, #2380, #5979, .T. ) ;
#3297 = DIRECTION ( 'NONE',  ( -0.000000000000000000, 0.000000000000000000, 1.000000000000000000 ) ) ;
#3298 = CARTESIAN_POINT ( 'NONE',  ( -0.1333629230997752102, 1.145833333333334147, 0.06250000000000000000 ) ) ;
#3299 = VERTEX_POINT ( 'NONE', #4847 ) ;
#3300 = ADVANCED_FACE ( 'NONE', ( #2813 ), #6047, .T. ) ;
#3301 = ORIENTED_EDGE ( 'NONE', *, *, #6723, .F. ) ;
#3302 = ORIENTED_EDGE ( 'NONE', *, *, #6798, .T. ) ;
#3303 = VERTEX_POINT ( 'NONE', #3400 ) ;
#3304 = DIRECTION ( 'NONE',  ( -0.000000000000000000, 0.000000000000000000, 1.000000000000000000 ) ) ;
#3305 = FACE_OUTER_BOUND ( 'NONE', #6666, .T. ) ;
#3306 = EDGE_CURVE ( 'NONE', #6344, #6034, #442, .T. ) ;
#3307 = DIRECTION ( 'NONE',  ( 1.000000000000000000, 0.000000000000000000, -1.141265444721584251E-16 ) ) ;
#3308 = CARTESIAN_POINT ( 'NONE',  ( 0.6199143156245148223, 2.313551722249974851, 0.5000000000000014433 ) ) ;
#3309 = ORIENTED_EDGE ( 'NONE', *, *, #3344, .F. ) ;
#3310 = EDGE_CURVE ( 'NONE', #6700, #2550, #2336, .T. ) ;
#3311 = ORIENTED_EDGE ( 'NONE', *, *, #1985, .F. ) ;
#3312 = DIRECTION ( 'NONE',  ( -0.000000000000000000, -0.000000000000000000, -1.000000000000000000 ) ) ;
#3313 = DIRECTION ( 'NONE',  ( 0.000000000000000000, 0.000000000000000000, -1.000000000000000000 ) ) ;
#3314 = DIRECTION ( 'NONE',  ( -1.000000000000000000, 0.000000000000000000, 0.000000000000000000 ) ) ;
#3315 = CARTESIAN_POINT ( 'NONE',  ( 0.2106354670202214563, 0.6043114868943553208, 2.500000000000000000 ) ) ;
#3316 = EDGE_LOOP ( 'NONE', ( #5259, #5437, #5951, #2046 ) ) ;
#3317 = ADVANCED_FACE ( 'NONE', ( #1226, #275 ), #137, .F. ) ;
#3318 = CARTESIAN_POINT ( 'NONE',  ( 4.461422257089280308, -2.169143561477446802, 2.451833529082652952 ) ) ;
#3319 = DIRECTION ( 'NONE',  ( 1.000000000000000000, 0.000000000000000000, 0.000000000000000000 ) ) ;
#3320 = CARTESIAN_POINT ( 'NONE',  ( -3.151635344011326278, -0.5461810916953043771, -0.007045904514871997870 ) ) ;
#3321 = DIRECTION ( 'NONE',  ( -0.8000000000000002665, 0.000000000000000000, 0.5999999999999995337 ) ) ;
#3322 = DIRECTION ( 'NONE',  ( 0.7517689932648550233, -0.3419689787775591627, 0.5638267449486411564 ) ) ;
#3323 = DIRECTION ( 'NONE',  ( 1.000000000000000000, 0.000000000000000000, 0.000000000000000000 ) ) ;
#3324 = CARTESIAN_POINT ( 'NONE',  ( -7.541666666666666075, -2.308420772084294637, 1.875000000000000000 ) ) ;
#3325 = CARTESIAN_POINT ( 'NONE',  ( 0.2315408876510614278, -0.7838001772875876627, 0.1250000000000001110 ) ) ;
#3326 = CARTESIAN_POINT ( 'NONE',  ( 7.433856587067396049, -2.045750030182936108, 1.825392440300545926 ) ) ;
#3327 = ORIENTED_EDGE ( 'NONE', *, *, #4592, .F. ) ;
#3328 = AXIS2_PLACEMENT_3D ( 'NONE', #789, #2412, #755 ) ;
#3329 = EDGE_LOOP ( 'NONE', ( #2160, #3964, #5753, #1313 ) ) ;
#3330 = EDGE_LOOP ( 'NONE', ( #3415, #4622, #1564, #4507 ) ) ;
#3331 = ORIENTED_EDGE ( 'NONE', *, *, #3428, .T. ) ;
#3332 = AXIS2_PLACEMENT_3D ( 'NONE', #2187, #1670, #3756 ) ;
#3333 = VECTOR ( 'NONE', #727, 100.0000000000000000 ) ;
#3334 = CARTESIAN_POINT ( 'NONE',  ( 0.2292427418633152247, -0.9132550006756403604, 2.500000000000000000 ) ) ;
#3335 = DIRECTION ( 'NONE',  ( -0.000000000000000000, -0.000000000000000000, -1.000000000000000000 ) ) ;
#3336 = DIRECTION ( 'NONE',  ( 1.000000000000000000, 0.000000000000000000, 0.000000000000000000 ) ) ;
#3337 = CYLINDRICAL_SURFACE ( 'NONE', #6137, 0.1250000000000001110 ) ;
#3338 = ORIENTED_EDGE ( 'NONE', *, *, #4479, .F. ) ;
#3339 = AXIS2_PLACEMENT_3D ( 'NONE', #6393, #170, #34 ) ;
#3340 = AXIS2_PLACEMENT_3D ( 'NONE', #1762, #322, #2421 ) ;
#3341 = AXIS2_PLACEMENT_3D ( 'NONE', #2304, #6530, #4463 ) ;
#3342 = AXIS2_PLACEMENT_3D ( 'NONE', #285, #2992, #6647 ) ;
#3343 = ORIENTED_EDGE ( 'NONE', *, *, #5140, .T. ) ;
#3344 = EDGE_CURVE ( 'NONE', #1820, #3854, #4907, .T. ) ;
#3345 = ORIENTED_EDGE ( 'NONE', *, *, #4741, .F. ) ;
#3346 = CYLINDRICAL_SURFACE ( 'NONE', #1391, 0.6349999999999994538 ) ;
#3347 = VECTOR ( 'NONE', #1748, 100.0000000000000000 ) ;
#3348 = DIRECTION ( 'NONE',  ( 0.000000000000000000, 0.000000000000000000, -1.000000000000000000 ) ) ;
#3349 = AXIS2_PLACEMENT_3D ( 'NONE', #566, #1047, #3151 ) ;
#3350 = CYLINDRICAL_SURFACE ( 'NONE', #4871, 0.1250000000000000555 ) ;
#3351 = B_SPLINE_CURVE_WITH_KNOTS ( 'NONE', 3,
 ( #3061, #5683, #1551, #2034, #1449, #2544 ),
 .UNSPECIFIED., .F., .F.,
 ( 4, 2, 4 ),
 ( 0.000000000000000000, 0.0003294067816355501993, 0.0006588135632711003987 ),
 .UNSPECIFIED. ) ;
#3352 = ADVANCED_FACE ( 'NONE', ( #4465 ), #2302, .T. ) ;
#3353 = CARTESIAN_POINT ( 'NONE',  ( 7.004557038255507351, -1.721759279662621989, 1.476122573698486651 ) ) ;
#3354 = AXIS2_PLACEMENT_3D ( 'NONE', #1321, #6177, #4071 ) ;
#3355 = CARTESIAN_POINT ( 'NONE',  ( 4.491576537518830570, 0.8333333333333340365, 2.500000000000000000 ) ) ;
#3356 = CYLINDRICAL_SURFACE ( 'NONE', #60, 1.500000000000000000 ) ;
#3357 = CARTESIAN_POINT ( 'NONE',  ( 4.491576537518830570, 1.708333333333333925, 0.1250000000000000000 ) ) ;
#3358 = AXIS2_PLACEMENT_3D ( 'NONE', #3421, #1957, #3965 ) ;
#3359 = FACE_OUTER_BOUND ( 'NONE', #5030, .T. ) ;
#3360 = CARTESIAN_POINT ( 'NONE',  ( 7.391666666666668384, 0.4753983752048712152, 1.950000000000000400 ) ) ;
#3361 = ORIENTED_EDGE ( 'NONE', *, *, #3053, .F. ) ;
#3362 = DIRECTION ( 'NONE',  ( -0.7699115044247802908, -0.6381506682237132466, -0.000000000000000000 ) ) ;
#3363 = CIRCLE ( 'NONE', #2162, 0.1250000000000001110 ) ;
#3364 = ADVANCED_FACE ( 'NONE', ( #2474 ), #990, .T. ) ;
#3365 = EDGE_CURVE ( 'NONE', #2010, #3724, #2118, .T. ) ;
#3366 = EDGE_CURVE ( 'NONE', #5854, #3110, #5392, .T. ) ;
#3367 = CARTESIAN_POINT ( 'NONE',  ( 7.541666666666668739, -2.068804612092294715, 0.6250000000000003331 ) ) ;
#3368 = CARTESIAN_POINT ( 'NONE',  ( 5.532877376020794991, -2.566981288130124383, 2.375000000000000000 ) ) ;
#3369 = DIRECTION ( 'NONE',  ( -0.000000000000000000, 0.000000000000000000, 1.000000000000000000 ) ) ;
#3370 = ORIENTED_EDGE ( 'NONE', *, *, #1247, .T. ) ;
#3371 = ORIENTED_EDGE ( 'NONE', *, *, #3630, .F. ) ;
#3372 = ORIENTED_EDGE ( 'NONE', *, *, #5297, .F. ) ;
#3373 = ORIENTED_EDGE ( 'NONE', *, *, #326, .F. ) ;
#3374 = DIRECTION ( 'NONE',  ( -0.9699099091877008139, -0.2434641001451877396, 0.000000000000000000 ) ) ;
#3375 = CIRCLE ( 'NONE', #413, 0.1250000000000001110 ) ;
#3376 = FACE_OUTER_BOUND ( 'NONE', #324, .T. ) ;
#3377 = CARTESIAN_POINT ( 'NONE',  ( 7.017928508681817057, -1.731080651104600632, 0.9865536184886389837 ) ) ;
#3378 = PLANE ( 'NONE',  #4712 ) ;
#3379 = ORIENTED_EDGE ( 'NONE', *, *, #2130, .T. ) ;
#3380 = EDGE_LOOP ( 'NONE', ( #358, #6069, #110, #440 ) ) ;
#3381 = AXIS2_PLACEMENT_3D ( 'NONE', #5829, #6404, #2534 ) ;
#3382 = ORIENTED_EDGE ( 'NONE', *, *, #5458, .T. ) ;
#3383 = FACE_OUTER_BOUND ( 'NONE', #1726, .T. ) ;
#3384 = CARTESIAN_POINT ( 'NONE',  ( 6.933858235007964055, -1.871473372069715868, 1.637500000000000178 ) ) ;
#3385 = DIRECTION ( 'NONE',  ( 0.000000000000000000, -0.000000000000000000, -1.000000000000000000 ) ) ;
#3386 = AXIS2_PLACEMENT_3D ( 'NONE', #5488, #2288, #6515 ) ;
#3387 = EDGE_CURVE ( 'NONE', #4378, #295, #6014, .T. ) ;
#3388 = DIRECTION ( 'NONE',  ( 0.000000000000000000, 1.000000000000000000, 0.000000000000000000 ) ) ;
#3389 = EDGE_CURVE ( 'NONE', #3303, #4336, #3481, .T. ) ;
#3390 = CARTESIAN_POINT ( 'NONE',  ( 4.440078048062408911, -2.160429918513505410, 2.474890096394357641 ) ) ;
#3391 = AXIS2_PLACEMENT_3D ( 'NONE', #568, #6350, #5391 ) ;
#3392 = LINE ( 'NONE', #2768, #4559 ) ;
#3393 = DIRECTION ( 'NONE',  ( -0.000000000000000000, -0.000000000000000000, 1.000000000000000000 ) ) ;
#3394 = DIRECTION ( 'NONE',  ( -0.5539977161136322437, -0.8325181863123949366, 0.000000000000000000 ) ) ;
#3395 = DIRECTION ( 'NONE',  ( 0.2741088589585976565, 0.9616986708114011462, 0.000000000000000000 ) ) ;
#3396 = VERTEX_POINT ( 'NONE', #1929 ) ;
#3397 = DIRECTION ( 'NONE',  ( 1.000000000000000000, 0.000000000000000000, 0.000000000000000000 ) ) ;
#3398 = AXIS2_PLACEMENT_3D ( 'NONE', #1307, #5512, #2280 ) ;
#3399 = EDGE_CURVE ( 'NONE', #2855, #660, #819, .T. ) ;
#3400 = CARTESIAN_POINT ( 'NONE',  ( 7.593424118920733434, 0.5209467378937672200, 2.000000000000000000 ) ) ;
#3401 = CARTESIAN_POINT ( 'NONE',  ( 2.143318019440552558, -1.895721282200784064, 0.02508308539264071310 ) ) ;
#3402 = CARTESIAN_POINT ( 'NONE',  ( 7.050000000000002487, 0.6649340913187361535, 0.9625000000000000222 ) ) ;
#3403 = ORIENTED_EDGE ( 'NONE', *, *, #81, .T. ) ;
#3404 = EDGE_CURVE ( 'NONE', #5142, #2870, #6154, .T. ) ;
#3405 = AXIS2_PLACEMENT_3D ( 'NONE', #3030, #5138, #385 ) ;
#3406 = EDGE_CURVE ( 'NONE', #901, #3268, #2942, .T. ) ;
#3407 = ORIENTED_EDGE ( 'NONE', *, *, #4941, .T. ) ;
#3408 = ORIENTED_EDGE ( 'NONE', *, *, #3697, .T. ) ;
#3409 = DIRECTION ( 'NONE',  ( 0.8000000000000005995, -0.000000000000000000, 0.5999999999999992006 ) ) ;
#3410 = CARTESIAN_POINT ( 'NONE',  ( 4.991637076900224734, 1.270833333333334147, 0.000000000000000000 ) ) ;
#3411 = CARTESIAN_POINT ( 'NONE',  ( -7.466666666666665897, -2.285591201756871804, 1.849999999999999645 ) ) ;
#3412 = CARTESIAN_POINT ( 'NONE',  ( 7.500524901674630485, -2.068987568914681052, 0.5000000000000003331 ) ) ;
#3413 = LINE ( 'NONE', #5515, #2578 ) ;
#3414 = FACE_OUTER_BOUND ( 'NONE', #5763, .T. ) ;
#3415 = ORIENTED_EDGE ( 'NONE', *, *, #2641, .T. ) ;
#3416 = VERTEX_POINT ( 'NONE', #2985 ) ;
#3417 = ORIENTED_EDGE ( 'NONE', *, *, #5374, .F. ) ;
#3418 = LINE ( 'NONE', #5045, #317 ) ;
#3419 = LINE ( 'NONE', #842, #1582 ) ;
#3420 = ORIENTED_EDGE ( 'NONE', *, *, #574, .T. ) ;
#3421 = CARTESIAN_POINT ( 'NONE',  ( -2.478553173307071589, -1.464080485396389575, 2.375000000000000000 ) ) ;
#3422 = FACE_OUTER_BOUND ( 'NONE', #509, .T. ) ;
#3423 = DIRECTION ( 'NONE',  ( 0.000000000000000000, 0.000000000000000000, -1.000000000000000000 ) ) ;
#3424 = LINE ( 'NONE', #810, #962 ) ;
#3425 = DIRECTION ( 'NONE',  ( -0.000000000000000000, 0.000000000000000000, 1.000000000000000000 ) ) ;
#3426 = ORIENTED_EDGE ( 'NONE', *, *, #952, .F. ) ;
#3427 = LINE ( 'NONE', #2505, #1487 ) ;
#3428 = EDGE_CURVE ( 'NONE', #4108, #5373, #2508, .T. ) ;
#3429 = DIRECTION ( 'NONE',  ( 1.000000000000000000, 0.000000000000000000, 0.000000000000000000 ) ) ;
#3430 = DIRECTION ( 'NONE',  ( 1.000000000000000000, 0.000000000000000000, 0.000000000000000000 ) ) ;
#3431 = CARTESIAN_POINT ( 'NONE',  ( 7.000000000000806466, 0.7908868947066094446, 1.037507422504030608 ) ) ;
#3432 = ORIENTED_EDGE ( 'NONE', *, *, #165, .T. ) ;
#3433 = ADVANCED_FACE ( 'NONE', ( #3466 ), #1282, .T. ) ;
#3434 = ORIENTED_EDGE ( 'NONE', *, *, #222, .T. ) ;
#3435 = ORIENTED_EDGE ( 'NONE', *, *, #4077, .T. ) ;
#3436 = FACE_OUTER_BOUND ( 'NONE', #828, .T. ) ;
#3437 = CARTESIAN_POINT ( 'NONE',  ( -3.151081212475796089, -0.2810296926388545780, -0.007045904514871997870 ) ) ;
#3438 = CYLINDRICAL_SURFACE ( 'NONE', #6153, 0.1250000000000000000 ) ;
#3439 = DIRECTION ( 'NONE',  ( 1.387778780781444936E-16, 0.000000000000000000, 1.000000000000000000 ) ) ;
#3440 = AXIS2_PLACEMENT_3D ( 'NONE', #5782, #5137, #3607 ) ;
#3441 = DIRECTION ( 'NONE',  ( 0.000000000000000000, 0.000000000000000000, -1.000000000000000000 ) ) ;
#3442 = CARTESIAN_POINT ( 'NONE',  ( -7.124999999999999112, -0.5316666666666667318, 1.437500000000000000 ) ) ;
#3443 = ORIENTED_EDGE ( 'NONE', *, *, #5452, .F. ) ;
#3444 = VERTEX_POINT ( 'NONE', #917 ) ;
#3445 = CIRCLE ( 'NONE', #155, 0.06249999999999997224 ) ;
#3446 = CIRCLE ( 'NONE', #3122, 1.124999999999999556 ) ;
#3447 = VERTEX_POINT ( 'NONE', #3023 ) ;
#3448 = LINE ( 'NONE', #1841, #3278 ) ;
#3449 = CARTESIAN_POINT ( 'NONE',  ( -0.1333629230997752102, 1.333333333333334147, 2.437500000000000000 ) ) ;
#3450 = DIRECTION ( 'NONE',  ( -0.000000000000000000, 0.000000000000000000, 1.000000000000000000 ) ) ;
#3451 = VECTOR ( 'NONE', #3917, 100.0000000000000000 ) ;
#3452 = ORIENTED_EDGE ( 'NONE', *, *, #5845, .T. ) ;
#3453 = DIRECTION ( 'NONE',  ( 1.000000000000000000, -0.000000000000000000, 0.000000000000000000 ) ) ;
#3454 = CIRCLE ( 'NONE', #5677, 1.625000000000000000 ) ;
#3455 = CIRCLE ( 'NONE', #4111, 0.1249999999999999861 ) ;
#3456 = CIRCLE ( 'NONE', #3341, 1.000000000000000222 ) ;
#3457 = FACE_OUTER_BOUND ( 'NONE', #5801, .T. ) ;
#3458 = DIRECTION ( 'NONE',  ( 1.000000000000000000, 0.000000000000000000, 0.000000000000000000 ) ) ;
#3459 = FACE_OUTER_BOUND ( 'NONE', #2218, .T. ) ;
#3460 = DIRECTION ( 'NONE',  ( 0.000000000000000000, -0.000000000000000000, -1.000000000000000000 ) ) ;
#3461 = CIRCLE ( 'NONE', #3792, 0.1250000000000001110 ) ;
#3462 = AXIS2_PLACEMENT_3D ( 'NONE', #5901, #1216, #3314 ) ;
#3463 = CIRCLE ( 'NONE', #6106, 0.1250000000000001110 ) ;
#3464 = ORIENTED_EDGE ( 'NONE', *, *, #6082, .F. ) ;
#3465 = CARTESIAN_POINT ( 'NONE',  ( -5.025299892960463310, -1.061223188048501687, 2.500000000000000000 ) ) ;
#3466 = FACE_OUTER_BOUND ( 'NONE', #3218, .T. ) ;
#3467 = LINE ( 'NONE', #3870, #3664 ) ;
#3468 = CARTESIAN_POINT ( 'NONE',  ( 0.000000000000000000, 1.333333333333334147, 2.437500000000000000 ) ) ;
#3469 = VERTEX_POINT ( 'NONE', #1965 ) ;
#3470 = EDGE_CURVE ( 'NONE', #2010, #1898, #855, .T. ) ;
#3471 = TOROIDAL_SURFACE ( 'NONE', #69, 0.1250000000000000000, 0.06250000000000000000 ) ;
#3472 = ORIENTED_EDGE ( 'NONE', *, *, #6264, .T. ) ;
#3473 = ORIENTED_EDGE ( 'NONE', *, *, #222, .F. ) ;
#3474 = CARTESIAN_POINT ( 'NONE',  ( 0.5875619349866999519, 2.192810993963841160, 2.375000000000000000 ) ) ;
#3475 = DIRECTION ( 'NONE',  ( -0.9102497639190945122, 0.4140596180325160081, 0.000000000000000000 ) ) ;
#3476 = CARTESIAN_POINT ( 'NONE',  ( -7.016871337707400791, -0.5316666666666665098, 1.500215168745792527 ) ) ;
#3477 = FACE_OUTER_BOUND ( 'NONE', #4603, .T. ) ;
#3478 = DIRECTION ( 'NONE',  ( 0.9699099091877008139, 0.2434641001451877396, -0.000000000000000000 ) ) ;
#3479 = DIRECTION ( 'NONE',  ( 0.7292219231207931474, 0.6842772733622035641, 0.000000000000000000 ) ) ;
#3480 = VERTEX_POINT ( 'NONE', #1999 ) ;
#3481 =( BOUNDED_CURVE ( )  B_SPLINE_CURVE ( 3, ( #1331, #2441, #408, #6636 ),
 .UNSPECIFIED., .F., .F. ) 
 B_SPLINE_CURVE_WITH_KNOTS ( ( 4, 4 ),
 ( 1.570796326794897446, 2.214297435588184371 ),
 .UNSPECIFIED. ) 
 CURVE ( )  GEOMETRIC_REPRESENTATION_ITEM ( )  RATIONAL_B_SPLINE_CURVE ( ( 1.000000000000000000, 0.9657888653670090306, 0.9657888653670090306, 1.000000000000000000 ) ) 
 REPRESENTATION_ITEM ( '' )  );
#3482 = ORIENTED_EDGE ( 'NONE', *, *, #3053, .T. ) ;
#3483 = ORIENTED_EDGE ( 'NONE', *, *, #3638, .T. ) ;
#3484 = EDGE_CURVE ( 'NONE', #893, #5295, #4472, .T. ) ;
#3485 = CARTESIAN_POINT ( 'NONE',  ( 7.980000000000002203, -1.166666666666666297, 5.421010862427522170E-17 ) ) ;
#3486 = CARTESIAN_POINT ( 'NONE',  ( 8.740000000000001990, -1.166666666666666519, 1.875000000000000222 ) ) ;
#3487 = FACE_OUTER_BOUND ( 'NONE', #5853, .T. ) ;
#3488 = AXIS2_PLACEMENT_3D ( 'NONE', #1018, #2709, #6781 ) ;
#3489 = EDGE_CURVE ( 'NONE', #6050, #3444, #5577, .T. ) ;
#3490 = EDGE_CURVE ( 'NONE', #2324, #3907, #3813, .T. ) ;
#3491 = ORIENTED_EDGE ( 'NONE', *, *, #2217, .T. ) ;
#3492 = CARTESIAN_POINT ( 'NONE',  ( -3.052124931535665109, -0.5214728375432841068, 0.06250000000000000000 ) ) ;
#3493 = AXIS2_PLACEMENT_3D ( 'NONE', #6706, #850, #4074 ) ;
#3494 = LINE ( 'NONE', #366, #4335 ) ;
#3495 = DIRECTION ( 'NONE',  ( 0.8000000000000001554, 4.163336342344334068E-16, 0.6000000000000000888 ) ) ;
#3496 = DIRECTION ( 'NONE',  ( -0.7292219231207930363, -0.6842772733622038972, -0.000000000000000000 ) ) ;
#3497 = CYLINDRICAL_SURFACE ( 'NONE', #4606, 0.1250000000000002220 ) ;
#3498 = AXIS2_PLACEMENT_3D ( 'NONE', #5590, #356, #6652 ) ;
#3499 = ORIENTED_EDGE ( 'NONE', *, *, #5950, .T. ) ;
#3500 = AXIS2_PLACEMENT_3D ( 'NONE', #2735, #6384, #3657 ) ;
#3501 = CARTESIAN_POINT ( 'NONE',  ( 7.000000000000001776, 0.7104226631860631747, 1.437500000000000000 ) ) ;
#3502 = CARTESIAN_POINT ( 'NONE',  ( -0.1333629230997752102, 1.083333333333334147, 0.06250000000000000000 ) ) ;
#3503 = FACE_OUTER_BOUND ( 'NONE', #4411, .T. ) ;
#3504 = VERTEX_POINT ( 'NONE', #2921 ) ;
#3505 = ORIENTED_EDGE ( 'NONE', *, *, #13, .F. ) ;
#3506 = AXIS2_PLACEMENT_3D ( 'NONE', #4628, #6727, #2015 ) ;
#3507 = ORIENTED_EDGE ( 'NONE', *, *, #5038, .F. ) ;
#3508 = CARTESIAN_POINT ( 'NONE',  ( -2.478553173307072033, -1.464080485396389797, 2.375000000000000000 ) ) ;
#3509 = AXIS2_PLACEMENT_3D ( 'NONE', #2165, #1119, #1094 ) ;
#3510 = CYLINDRICAL_SURFACE ( 'NONE', #1593, 0.1250000000000000000 ) ;
#3511 = DIRECTION ( 'NONE',  ( 1.000000000000000000, -0.000000000000000000, 0.000000000000000000 ) ) ;
#3512 = FACE_OUTER_BOUND ( 'NONE', #2537, .T. ) ;
#3513 = DIRECTION ( 'NONE',  ( 1.000000000000000000, 0.000000000000000000, 0.000000000000000000 ) ) ;
#3514 = EDGE_CURVE ( 'NONE', #2447, #5273, #5025, .T. ) ;
#3515 = VECTOR ( 'NONE', #3576, 100.0000000000000000 ) ;
#3516 = DIRECTION ( 'NONE',  ( 1.000000000000000000, 0.000000000000000000, 0.000000000000000000 ) ) ;
#3517 = VERTEX_POINT ( 'NONE', #1893 ) ;
#3518 = ORIENTED_EDGE ( 'NONE', *, *, #6779, .T. ) ;
#3519 = ORIENTED_EDGE ( 'NONE', *, *, #4372, .F. ) ;
#3520 = EDGE_CURVE ( 'NONE', #5854, #4108, #6083, .T. ) ;
#3521 = CARTESIAN_POINT ( 'NONE',  ( 8.740000000000001990, -1.166666666666666519, 2.000000000000000444 ) ) ;
#3522 = ADVANCED_FACE ( 'NONE', ( #1574 ), #5146, .T. ) ;
#3523 = CARTESIAN_POINT ( 'NONE',  ( -7.381234758127525275, -2.410155142302404130, 1.949999999999999734 ) ) ;
#3524 = CARTESIAN_POINT ( 'NONE',  ( 0.6635635517212482570, -2.350768383770468262, 2.375000000000000000 ) ) ;
#3525 = EDGE_CURVE ( 'NONE', #546, #2278, #4702, .T. ) ;
#3526 = VERTEX_POINT ( 'NONE', #2643 ) ;
#3527 = CARTESIAN_POINT ( 'NONE',  ( -8.739999999999998437, -0.5316666666666663987, 0.1250000000000000000 ) ) ;
#3528 = CARTESIAN_POINT ( 'NONE',  ( 8.740000000000001990, -1.166666666666666519, 0.1250000000000001110 ) ) ;
#3529 = CARTESIAN_POINT ( 'NONE',  ( 3.333333333333335258, -1.666666666666666963, 2.500000000000000000 ) ) ;
#3530 = CARTESIAN_POINT ( 'NONE',  ( 3.333333333333335258, -1.666666666666666963, 0.1250000000000001110 ) ) ;
#3531 = VERTEX_POINT ( 'NONE', #4710 ) ;
#3532 = LINE ( 'NONE', #406, #6532 ) ;
#3533 = CARTESIAN_POINT ( 'NONE',  ( 1.319228601653368083, 1.996761501501736369, 1.875000000000000222 ) ) ;
#3534 = CARTESIAN_POINT ( 'NONE',  ( 7.980000000000002203, -1.166666666666666297, 2.000000000000000444 ) ) ;
#3535 = PLANE ( 'NONE',  #5101 ) ;
#3536 = ORIENTED_EDGE ( 'NONE', *, *, #3989, .F. ) ;
#3537 = ORIENTED_EDGE ( 'NONE', *, *, #2360, .F. ) ;
#3538 = DIRECTION ( 'NONE',  ( 1.000000000000000000, 0.000000000000000000, 0.000000000000000000 ) ) ;
#3539 = DIRECTION ( 'NONE',  ( 0.6842772733622038972, -0.7292219231207930363, 0.000000000000000000 ) ) ;
#3540 = CARTESIAN_POINT ( 'NONE',  ( -7.541666666666666075, -0.5316666666666662877, 0.6250000000000003331 ) ) ;
#3541 = DIRECTION ( 'NONE',  ( -0.9699099091877008139, -0.2434641001451877396, -0.000000000000000000 ) ) ;
#3542 = ORIENTED_EDGE ( 'NONE', *, *, #1346, .T. ) ;
#3543 = ORIENTED_EDGE ( 'NONE', *, *, #3652, .T. ) ;
#3544 = ORIENTED_EDGE ( 'NONE', *, *, #6628, .F. ) ;
#3545 = DIRECTION ( 'NONE',  ( 1.734723475976805615E-16, -1.000000000000000000, 0.000000000000000000 ) ) ;
#3546 = CARTESIAN_POINT ( 'NONE',  ( 4.991637076900224734, 1.145833333333334147, 2.500000000000000000 ) ) ;
#3547 = CARTESIAN_POINT ( 'NONE',  ( -7.935930158038118520, -2.636755162241886996, 0.1250000000000001110 ) ) ;
#3548 = EDGE_CURVE ( 'NONE', #6578, #2097, #3737, .T. ) ;
#3549 = AXIS2_PLACEMENT_3D ( 'NONE', #6026, #5031, #6580 ) ;
#3550 = ORIENTED_EDGE ( 'NONE', *, *, #4376, .F. ) ;
#3551 = DIRECTION ( 'NONE',  ( -0.8325181863123951587, 0.5539977161136320216, 0.000000000000000000 ) ) ;
#3552 = AXIS2_PLACEMENT_3D ( 'NONE', #4035, #3962, #5148 ) ;
#3553 = EDGE_CURVE ( 'NONE', #1264, #4554, #6681, .T. ) ;
#3554 = VECTOR ( 'NONE', #526, 99.99999999999998579 ) ;
#3555 = DIRECTION ( 'NONE',  ( 0.000000000000000000, 0.000000000000000000, -1.000000000000000000 ) ) ;
#3556 = CARTESIAN_POINT ( 'NONE',  ( 7.541666666666668739, -1.950952170947207076, 1.875000000000000222 ) ) ;
#3557 = DIRECTION ( 'NONE',  ( -0.9102497639190944012, 0.4140596180325159525, -0.000000000000000000 ) ) ;
#3558 = DIRECTION ( 'NONE',  ( -1.000000000000000000, 0.000000000000000000, 0.000000000000000000 ) ) ;
#3559 =( GEOMETRIC_REPRESENTATION_CONTEXT ( 3 ) GLOBAL_UNCERTAINTY_ASSIGNED_CONTEXT ( ( #4805 ) ) GLOBAL_UNIT_ASSIGNED_CONTEXT ( ( #5037, #1453, #1343 ) ) REPRESENTATION_CONTEXT ( 'NONE', 'WORKASPACE' ) );
#3560 = VECTOR ( 'NONE', #5532, 100.0000000000000000 ) ;
#3561 = ORIENTED_EDGE ( 'NONE', *, *, #6676, .F. ) ;
#3562 = AXIS2_PLACEMENT_3D ( 'NONE', #6094, #5585, #6780 ) ;
#3563 = DIRECTION ( 'NONE',  ( 0.9442831837397908101, -0.3291341199363027048, -9.135306953575519438E-16 ) ) ;
#3564 = ADVANCED_FACE ( 'NONE', ( #5192 ), #5739, .F. ) ;
#3565 = VECTOR ( 'NONE', #3120, 100.0000000000000000 ) ;
#3566 = DIRECTION ( 'NONE',  ( 1.000000000000000000, 0.000000000000000000, 0.000000000000000000 ) ) ;
#3567 = DIRECTION ( 'NONE',  ( 0.8325181863123952697, -0.5539977161136314665, 0.000000000000000000 ) ) ;
#3568 = AXIS2_PLACEMENT_3D ( 'NONE', #1994, #1919, #2465 ) ;
#3569 = EDGE_LOOP ( 'NONE', ( #4289, #6400, #5089, #692 ) ) ;
#3570 = ADVANCED_FACE ( 'NONE', ( #1092 ), #5776, .F. ) ;
#3571 = ORIENTED_EDGE ( 'NONE', *, *, #1991, .F. ) ;
#3572 = CIRCLE ( 'NONE', #3685, 0.1250000000000001110 ) ;
#3573 = EDGE_CURVE ( 'NONE', #760, #295, #1547, .T. ) ;
#3574 = DIRECTION ( 'NONE',  ( -1.000000000000000000, 0.000000000000000000, 1.387778780781445922E-16 ) ) ;
#3575 = ADVANCED_FACE ( 'NONE', ( #1118 ), #4037, .T. ) ;
#3576 = DIRECTION ( 'NONE',  ( -0.000000000000000000, -0.000000000000000000, -1.000000000000000000 ) ) ;
#3577 = DIRECTION ( 'NONE',  ( 0.000000000000000000, 0.000000000000000000, -1.000000000000000000 ) ) ;
#3578 = FACE_OUTER_BOUND ( 'NONE', #4821, .T. ) ;
#3579 = DIRECTION ( 'NONE',  ( -1.387778780781445922E-16, -0.000000000000000000, -1.000000000000000000 ) ) ;
#3580 = ORIENTED_EDGE ( 'NONE', *, *, #4629, .F. ) ;
#3581 = AXIS2_PLACEMENT_3D ( 'NONE', #1181, #773, #5486 ) ;
#3582 = ORIENTED_EDGE ( 'NONE', *, *, #5608, .F. ) ;
#3583 = ORIENTED_EDGE ( 'NONE', *, *, #759, .T. ) ;
#3584 = CARTESIAN_POINT ( 'NONE',  ( -7.049999999999998934, -2.406666666666665844, 1.537500000000000089 ) ) ;
#3585 = DIRECTION ( 'NONE',  ( 1.734723475976807094E-16, -1.000000000000000000, 0.000000000000000000 ) ) ;
#3586 = DIRECTION ( 'NONE',  ( 1.000000000000000000, 0.000000000000000000, 0.000000000000000000 ) ) ;
#3587 = VERTEX_POINT ( 'NONE', #474 ) ;
#3588 = DIRECTION ( 'NONE',  ( 1.000000000000000000, 0.000000000000000000, 0.000000000000000000 ) ) ;
#3589 = EDGE_CURVE ( 'NONE', #2870, #5657, #6453, .T. ) ;
#3590 = CARTESIAN_POINT ( 'NONE',  ( 4.991637076900224734, 1.020833333333333925, 0.06250000000000000000 ) ) ;
#3591 = CARTESIAN_POINT ( 'NONE',  ( 4.991637076900224734, 1.270833333333334147, 0.06250000000000000000 ) ) ;
#3592 = VECTOR ( 'NONE', #2954, 100.0000000000000000 ) ;
#3593 = DIRECTION ( 'NONE',  ( 1.000000000000000000, 0.000000000000000000, 0.000000000000000000 ) ) ;
#3594 = ORIENTED_EDGE ( 'NONE', *, *, #3935, .T. ) ;
#3595 = EDGE_CURVE ( 'NONE', #3026, #5218, #86, .T. ) ;
#3596 = ORIENTED_EDGE ( 'NONE', *, *, #6346, .F. ) ;
#3597 = EDGE_LOOP ( 'NONE', ( #1273, #2817, #3371, #6738 ) ) ;
#3598 = FACE_OUTER_BOUND ( 'NONE', #5200, .T. ) ;
#3599 = VECTOR ( 'NONE', #3496, 100.0000000000000000 ) ;
#3600 = CARTESIAN_POINT ( 'NONE',  ( -0.1333629230997752102, 1.395833333333334147, 0.06250000000000000000 ) ) ;
#3601 = DIRECTION ( 'NONE',  ( 1.000000000000000000, 0.000000000000000000, 0.000000000000000000 ) ) ;
#3602 = ORIENTED_EDGE ( 'NONE', *, *, #4076, .T. ) ;
#3603 = B_SPLINE_CURVE_WITH_KNOTS ( 'NONE', 3,
 ( #6377, #1795, #690, #5992, #5924, #5480 ),
 .UNSPECIFIED., .F., .F.,
 ( 4, 2, 4 ),
 ( 8.673617379884035472E-19, 0.0007303593808564032503, 0.001460718761712805633 ),
 .UNSPECIFIED. ) ;
#3604 = ORIENTED_EDGE ( 'NONE', *, *, #1051, .F. ) ;
#3605 = EDGE_CURVE ( 'NONE', #470, #859, #740, .T. ) ;
#3606 = AXIS2_PLACEMENT_3D ( 'NONE', #5286, #1148, #4836 ) ;
#3607 = DIRECTION ( 'NONE',  ( -1.000000000000000000, 0.000000000000000000, 0.000000000000000000 ) ) ;
#3608 = DIRECTION ( 'NONE',  ( -0.000000000000000000, 0.000000000000000000, 1.000000000000000000 ) ) ;
#3609 = LINE ( 'NONE', #4688, #3254 ) ;
#3610 = CARTESIAN_POINT ( 'NONE',  ( -7.297779489814402609, -3.406666666666666288, 2.500000000000000000 ) ) ;
#3611 = CARTESIAN_POINT ( 'NONE',  ( 9.033759616191366248, -0.07034085382857482860, 0.5000000000000002220 ) ) ;
#3612 = VERTEX_POINT ( 'NONE', #3704 ) ;
#3613 = EDGE_CURVE ( 'NONE', #4408, #6043, #1622, .T. ) ;
#3614 = CIRCLE ( 'NONE', #649, 0.7599999999999995648 ) ;
#3615 = EDGE_CURVE ( 'NONE', #2105, #1411, #5033, .T. ) ;
#3616 = VERTEX_POINT ( 'NONE', #3160 ) ;
#3617 = ORIENTED_EDGE ( 'NONE', *, *, #3310, .F. ) ;
#3618 = TOROIDAL_SURFACE ( 'NONE', #215, 1.625000000000000000, 0.1250000000000000000 ) ;
#3619 = VECTOR ( 'NONE', #4528, 100.0000000000000000 ) ;
#3620 = CARTESIAN_POINT ( 'NONE',  ( -7.979999999999999538, -1.666666666666666297, 2.000000000000000444 ) ) ;
#3621 = DIRECTION ( 'NONE',  ( 0.7292219231207930363, 0.6842772733622038972, 0.000000000000000000 ) ) ;
#3622 = DIRECTION ( 'NONE',  ( 0.7706021531734802421, -0.2685968212430488999, -0.5779516148801088216 ) ) ;
#3623 = VECTOR ( 'NONE', #6533, 100.0000000000000000 ) ;
#3624 = ORIENTED_EDGE ( 'NONE', *, *, #343, .F. ) ;
#3625 = DIRECTION ( 'NONE',  ( 1.000000000000000000, 0.000000000000000000, 0.000000000000000000 ) ) ;
#3626 = DIRECTION ( 'NONE',  ( 0.000000000000000000, 0.000000000000000000, 1.000000000000000000 ) ) ;
#3627 = CARTESIAN_POINT ( 'NONE',  ( 4.853878703297282549, 1.629801876762541513, 2.375000000000000000 ) ) ;
#3628 = FACE_OUTER_BOUND ( 'NONE', #4539, .T. ) ;
#3629 = ORIENTED_EDGE ( 'NONE', *, *, #2568, .T. ) ;
#3630 = EDGE_CURVE ( 'NONE', #6278, #3951, #1964, .T. ) ;
#3631 = ORIENTED_EDGE ( 'NONE', *, *, #1681, .T. ) ;
#3632 = ORIENTED_EDGE ( 'NONE', *, *, #5349, .F. ) ;
#3633 = DIRECTION ( 'NONE',  ( 1.000000000000000000, 0.000000000000000000, 0.000000000000000000 ) ) ;
#3634 = CARTESIAN_POINT ( 'NONE',  ( -1.724999999999993205, -2.281666666666665400, 4.799999999999996270 ) ) ;
#3635 = DIRECTION ( 'NONE',  ( 0.000000000000000000, 1.000000000000000000, 0.000000000000000000 ) ) ;
#3636 = DIRECTION ( 'NONE',  ( 0.3312307420122451163, -0.9435497843495156411, 0.000000000000000000 ) ) ;
#3637 = ORIENTED_EDGE ( 'NONE', *, *, #3520, .T. ) ;
#3638 = EDGE_CURVE ( 'NONE', #6392, #6433, #4246, .T. ) ;
#3639 = ORIENTED_EDGE ( 'NONE', *, *, #6654, .T. ) ;
#3640 = DIRECTION ( 'NONE',  ( 1.000000000000000000, 0.000000000000000000, 0.000000000000000000 ) ) ;
#3641 = ADVANCED_FACE ( 'NONE', ( #63 ), #2164, .F. ) ;
#3642 = CARTESIAN_POINT ( 'NONE',  ( 6.833858235007964410, -1.836617925567662901, 1.062500000000000000 ) ) ;
#3643 = CARTESIAN_POINT ( 'NONE',  ( 7.488930563230382198, 0.5684793640706978790, 0.5213080468827243630 ) ) ;
#3644 = DIRECTION ( 'NONE',  ( 1.000000000000000000, 0.000000000000000000, 0.000000000000000000 ) ) ;
#3645 = CARTESIAN_POINT ( 'NONE',  ( 7.443424118920733079, 0.5891795956947586399, 1.949999999999999289 ) ) ;
#3646 = ORIENTED_EDGE ( 'NONE', *, *, #6352, .T. ) ;
#3647 = ORIENTED_EDGE ( 'NONE', *, *, #2806, .T. ) ;
#3648 = ORIENTED_EDGE ( 'NONE', *, *, #6227, .T. ) ;
#3649 = DIRECTION ( 'NONE',  ( -1.000000000000000000, 0.000000000000000000, 0.000000000000000000 ) ) ;
#3650 = CARTESIAN_POINT ( 'NONE',  ( -7.500000000000000000, -0.5316666666666663987, 1.875000000000000000 ) ) ;
#3651 = DIRECTION ( 'NONE',  ( -0.000000000000000000, 0.000000000000000000, 1.000000000000000000 ) ) ;
#3652 = EDGE_CURVE ( 'NONE', #4145, #4705, #3082, .T. ) ;
#3653 = ORIENTED_EDGE ( 'NONE', *, *, #1839, .T. ) ;
#3654 = DIRECTION ( 'NONE',  ( 1.000000000000000000, 0.000000000000000000, 0.000000000000000000 ) ) ;
#3655 = CARTESIAN_POINT ( 'NONE',  ( -6.999999999999999112, -2.926666666666667194, 0.9999999999999998890 ) ) ;
#3656 = CARTESIAN_POINT ( 'NONE',  ( -7.475903640026382746, -2.421194811109824485, 0.6422053261760507503 ) ) ;
#3657 = DIRECTION ( 'NONE',  ( 0.5999999999999999778, 0.000000000000000000, -0.8000000000000000444 ) ) ;
#3658 = EDGE_LOOP ( 'NONE', ( #1701, #5501, #372, #3948, #1425 ) ) ;
#3659 = AXIS2_PLACEMENT_3D ( 'NONE', #2961, #5510, #2928 ) ;
#3660 = VERTEX_POINT ( 'NONE', #6493 ) ;
#3661 = ORIENTED_EDGE ( 'NONE', *, *, #5728, .T. ) ;
#3662 = CARTESIAN_POINT ( 'NONE',  ( 8.740000000000001990, -1.166666666666666519, 2.500000000000000000 ) ) ;
#3663 = AXIS2_PLACEMENT_3D ( 'NONE', #5247, #46, #4233 ) ;
#3664 = VECTOR ( 'NONE', #5470, 100.0000000000000000 ) ;
#3665 = CIRCLE ( 'NONE', #5430, 0.06250000000000005551 ) ;
#3666 = DIRECTION ( 'NONE',  ( 0.000000000000000000, 0.000000000000000000, 1.000000000000000000 ) ) ;
#3667 = CARTESIAN_POINT ( 'NONE',  ( 7.391666666666668384, 0.4753983752048718259, 0.5500000000000002665 ) ) ;
#3668 = CARTESIAN_POINT ( 'NONE',  ( -0.1873286044384685767, -0.5050642339982946982, 2.375000000000000000 ) ) ;
#3669 = EDGE_LOOP ( 'NONE', ( #6550, #572, #6414, #1050 ) ) ;
#3670 = CIRCLE ( 'NONE', #1139, 0.7599999999999995648 ) ;
#3671 = AXIS2_PLACEMENT_3D ( 'NONE', #6357, #2838, #2331 ) ;
#3672 = ORIENTED_EDGE ( 'NONE', *, *, #3615, .F. ) ;
#3673 = CARTESIAN_POINT ( 'NONE',  ( -6.938893903907248099E-17, -0.4066666666666662877, 1.999999999999999112 ) ) ;
#3674 = VECTOR ( 'NONE', #1010, 100.0000000000000000 ) ;
#3675 = DIRECTION ( 'NONE',  ( 1.000000000000000000, 0.000000000000000000, 0.000000000000000000 ) ) ;
#3676 = EDGE_CURVE ( 'NONE', #647, #2324, #958, .T. ) ;
#3677 = DIRECTION ( 'NONE',  ( -0.9435497843495181947, -0.3312307420122379553, 0.000000000000000000 ) ) ;
#3678 = DIRECTION ( 'NONE',  ( -0.000000000000000000, -0.000000000000000000, -1.000000000000000000 ) ) ;
#3679 = ORIENTED_EDGE ( 'NONE', *, *, #5728, .F. ) ;
#3680 = AXIS2_PLACEMENT_3D ( 'NONE', #5420, #400, #4039 ) ;
#3681 = VECTOR ( 'NONE', #877, 100.0000000000000000 ) ;
#3682 = CIRCLE ( 'NONE', #1382, 1.260000000000000009 ) ;
#3683 = ORIENTED_EDGE ( 'NONE', *, *, #4024, .T. ) ;
#3684 = ORIENTED_EDGE ( 'NONE', *, *, #42, .F. ) ;
#3685 = AXIS2_PLACEMENT_3D ( 'NONE', #6514, #4345, #633 ) ;
#3686 = DIRECTION ( 'NONE',  ( 1.000000000000000000, -2.775557561562888984E-15, 0.000000000000000000 ) ) ;
#3687 = DIRECTION ( 'NONE',  ( -0.7292219231207930363, -0.6842772733622038972, 0.000000000000000000 ) ) ;
#3688 = DIRECTION ( 'NONE',  ( -0.000000000000000000, -0.000000000000000000, -1.000000000000000000 ) ) ;
#3689 = CIRCLE ( 'NONE', #183, 1.134999999999999787 ) ;
#3690 = EDGE_LOOP ( 'NONE', ( #5674, #4483, #280, #4454 ) ) ;
#3691 = CARTESIAN_POINT ( 'NONE',  ( 8.740000000000001990, -1.166666666666666519, 2.500000000000000000 ) ) ;
#3692 = ADVANCED_FACE ( 'NONE', ( #1158 ), #6418, .T. ) ;
#3693 = CARTESIAN_POINT ( 'NONE',  ( 3.333333333333335258, -1.666666666666666963, 0.000000000000000000 ) ) ;
#3694 = DIRECTION ( 'NONE',  ( -0.000000000000000000, 0.000000000000000000, 1.000000000000000000 ) ) ;
#3695 = DIRECTION ( 'NONE',  ( 0.9435497843495181947, 0.3312307420122378998, 0.000000000000000000 ) ) ;
#3696 = ORIENTED_EDGE ( 'NONE', *, *, #3279, .T. ) ;
#3697 = EDGE_CURVE ( 'NONE', #357, #4079, #4918, .T. ) ;
#3698 = EDGE_CURVE ( 'NONE', #4580, #3396, #2717, .T. ) ;
#3699 = ORIENTED_EDGE ( 'NONE', *, *, #3676, .F. ) ;
#3700 = ORIENTED_EDGE ( 'NONE', *, *, #6564, .F. ) ;
#3701 = DIRECTION ( 'NONE',  ( 0.9659258262890680902, -0.2588190451025211836, 0.000000000000000000 ) ) ;
#3702 = AXIS2_PLACEMENT_3D ( 'NONE', #3090, #608, #97 ) ;
#3703 = CARTESIAN_POINT ( 'NONE',  ( 7.500524901674632261, -2.068987568914681052, 0.4999999999999999445 ) ) ;
#3704 = CARTESIAN_POINT ( 'NONE',  ( 5.116637076900224734, 1.145833333333334147, 2.500000000000000000 ) ) ;
#3705 = CARTESIAN_POINT ( 'NONE',  ( -7.372779489814402787, -2.281666666666666288, 0.7204153826391975768 ) ) ;
#3706 = EDGE_LOOP ( 'NONE', ( #4032, #2975, #4377, #2801 ) ) ;
#3707 = VECTOR ( 'NONE', #3557, 100.0000000000000142 ) ;
#3708 = DIRECTION ( 'NONE',  ( -1.000000000000000000, 0.000000000000000000, 0.000000000000000000 ) ) ;
#3709 = DIRECTION ( 'NONE',  ( 0.000000000000000000, -1.000000000000000000, 0.000000000000000000 ) ) ;
#3710 = DIRECTION ( 'NONE',  ( 0.000000000000000000, 1.000000000000000000, 0.000000000000000000 ) ) ;
#3711 = DIRECTION ( 'NONE',  ( 1.000000000000000000, 0.000000000000000000, 0.000000000000000000 ) ) ;
#3712 = DIRECTION ( 'NONE',  ( 0.000000000000000000, 0.000000000000000000, -1.000000000000000000 ) ) ;
#3713 = ORIENTED_EDGE ( 'NONE', *, *, #42, .T. ) ;
#3714 = EDGE_CURVE ( 'NONE', #4408, #3050, #3865, .T. ) ;
#3715 = ORIENTED_EDGE ( 'NONE', *, *, #361, .F. ) ;
#3716 = AXIS2_PLACEMENT_3D ( 'NONE', #3611, #5687, #4651 ) ;
#3717 = ORIENTED_EDGE ( 'NONE', *, *, #3095, .F. ) ;
#3718 = ADVANCED_FACE ( 'NONE', ( #3359 ), #2742, .T. ) ;
#3719 = DIRECTION ( 'NONE',  ( 0.000000000000000000, 0.000000000000000000, -1.000000000000000000 ) ) ;
#3720 = LINE ( 'NONE', #3650, #6105 ) ;
#3721 = AXIS2_PLACEMENT_3D ( 'NONE', #4668, #1537, #3593 ) ;
#3722 = DIRECTION ( 'NONE',  ( -1.000000000000000000, 0.000000000000000000, 0.000000000000000000 ) ) ;
#3723 = ADVANCED_FACE ( 'NONE', ( #166 ), #2874, .F. ) ;
#3724 = VERTEX_POINT ( 'NONE', #643 ) ;
#3725 = DIRECTION ( 'NONE',  ( 0.3312307420122341806, -0.9435497843495195269, 0.000000000000000000 ) ) ;
#3726 = VECTOR ( 'NONE', #3622, 100.0000000000000142 ) ;
#3727 = EDGE_CURVE ( 'NONE', #5366, #3225, #6342, .T. ) ;
#3728 = DIRECTION ( 'NONE',  ( 1.000000000000000000, 0.000000000000000000, 5.551115123125777969E-15 ) ) ;
#3729 = CARTESIAN_POINT ( 'NONE',  ( -7.541666666666666075, -2.308420772084295081, 0.6250000000000002220 ) ) ;
#3730 = EDGE_CURVE ( 'NONE', #887, #632, #200, .T. ) ;
#3731 = CARTESIAN_POINT ( 'NONE',  ( -0.2578861406937663081, 0.7346190482202962224, -0.007045904514871997870 ) ) ;
#3732 = AXIS2_PLACEMENT_3D ( 'NONE', #4648, #3608, #5715 ) ;
#3733 = ORIENTED_EDGE ( 'NONE', *, *, #5587, .T. ) ;
#3734 = VERTEX_POINT ( 'NONE', #5941 ) ;
#3735 = DIRECTION ( 'NONE',  ( -0.3281418111986841302, 0.9446284728628749905, 0.000000000000000000 ) ) ;
#3736 = CARTESIAN_POINT ( 'NONE',  ( 7.446904574316820735, -2.050297964398253292, 0.5043503041052384006 ) ) ;
#3737 = LINE ( 'NONE', #576, #5691 ) ;
#3738 = EDGE_CURVE ( 'NONE', #5273, #4956, #3375, .T. ) ;
#3739 = DIRECTION ( 'NONE',  ( -0.000000000000000000, 0.000000000000000000, 1.000000000000000000 ) ) ;
#3740 = ORIENTED_EDGE ( 'NONE', *, *, #787, .T. ) ;
#3741 =( BOUNDED_CURVE ( )  B_SPLINE_CURVE ( 3, ( #3412, #1834, #154, #354 ),
 .UNSPECIFIED., .F., .F. ) 
 B_SPLINE_CURVE_WITH_KNOTS ( ( 4, 4 ),
 ( 1.570796326794896558, 2.214297435588181706 ),
 .UNSPECIFIED. ) 
 CURVE ( )  GEOMETRIC_REPRESENTATION_ITEM ( )  RATIONAL_B_SPLINE_CURVE ( ( 1.000000000000000000, 0.9657888653670090306, 0.9657888653670090306, 1.000000000000000000 ) ) 
 REPRESENTATION_ITEM ( '' )  );
#3742 = LINE ( 'NONE', #102, #2036 ) ;
#3743 = DIRECTION ( 'NONE',  ( 0.000000000000000000, -0.000000000000000000, -1.000000000000000000 ) ) ;
#3744 = CARTESIAN_POINT ( 'NONE',  ( -0.1333629230997752102, 1.145833333333334147, 2.437500000000000000 ) ) ;
#3745 = FACE_OUTER_BOUND ( 'NONE', #1337, .T. ) ;
#3746 = EDGE_LOOP ( 'NONE', ( #6638, #5881, #3831, #74 ) ) ;
#3747 = EDGE_LOOP ( 'NONE', ( #6811, #5641, #4905, #67 ) ) ;
#3748 = ORIENTED_EDGE ( 'NONE', *, *, #1193, .T. ) ;
#3749 = ORIENTED_EDGE ( 'NONE', *, *, #5950, .F. ) ;
#3750 = LINE ( 'NONE', #4265, #2471 ) ;
#3751 = CARTESIAN_POINT ( 'NONE',  ( 6.966668314607235679, -1.882909471811720525, 0.8378924403005465482 ) ) ;
#3752 = CARTESIAN_POINT ( 'NONE',  ( -5.843787586927575717, -1.406666666666666066, 2.375000000000000000 ) ) ;
#3753 = CARTESIAN_POINT ( 'NONE',  ( 2.186048198343792937, -1.885109913833950213, 2.496685554959286346 ) ) ;
#3754 = EDGE_LOOP ( 'NONE', ( #66, #6728, #6722, #1774 ) ) ;
#3755 = CARTESIAN_POINT ( 'NONE',  ( -5.843787586927575717, -2.406666666666665844, 2.375000000000000000 ) ) ;
#3756 = DIRECTION ( 'NONE',  ( 0.2167886016464556920, -0.9762185729621079000, 0.000000000000000000 ) ) ;
#3757 = CARTESIAN_POINT ( 'NONE',  ( -7.514568091460858135, -2.430448093704558499, 0.6250000000000002220 ) ) ;
#3758 = EDGE_CURVE ( 'NONE', #6758, #5688, #91, .T. ) ;
#3759 = CARTESIAN_POINT ( 'NONE',  ( 6.926757452254066472, 0.8242038836759504328, 1.437500000000000000 ) ) ;
#3760 = ORIENTED_EDGE ( 'NONE', *, *, #551, .F. ) ;
#3761 = LINE ( 'NONE', #1153, #3137 ) ;
#3762 = PRODUCT ( 'top bar linkage', 'top bar linkage', '', ( #103 ) ) ;
#3763 = EDGE_CURVE ( 'NONE', #632, #1032, #4148, .T. ) ;
#3764 = CIRCLE ( 'NONE', #5755, 0.1250000000000000833 ) ;
#3765 = FACE_OUTER_BOUND ( 'NONE', #4133, .T. ) ;
#3766 = DIRECTION ( 'NONE',  ( 1.000000000000000000, 2.577303450022684544E-15, 0.000000000000000000 ) ) ;
#3767 = CARTESIAN_POINT ( 'NONE',  ( 7.000000000000001776, -1.718582527600188925, 1.437500000000000000 ) ) ;
#3768 = ORIENTED_EDGE ( 'NONE', *, *, #2843, .T. ) ;
#3769 = ORIENTED_EDGE ( 'NONE', *, *, #255, .F. ) ;
#3770 = CIRCLE ( 'NONE', #2137, 0.6349999999999994538 ) ;
#3771 = CARTESIAN_POINT ( 'NONE',  ( -7.297779489814402609, -2.406666666666666288, 1.879584617360802623 ) ) ;
#3772 = CARTESIAN_POINT ( 'NONE',  ( -6.999999999999999112, -0.4098551326675622941, 1.062500000000000222 ) ) ;
#3773 = EDGE_CURVE ( 'NONE', #639, #4723, #4420, .T. ) ;
#3774 = AXIS2_PLACEMENT_3D ( 'NONE', #484, #2586, #4160 ) ;
#3775 = CARTESIAN_POINT ( 'NONE',  ( 7.000000000000001776, -1.718582527600255982, 1.043174605316950387 ) ) ;
#3776 = CIRCLE ( 'NONE', #1028, 0.6350000000000001199 ) ;
#3777 = LINE ( 'NONE', #5886, #1134 ) ;
#3778 = ORIENTED_EDGE ( 'NONE', *, *, #2293, .T. ) ;
#3779 = ADVANCED_FACE ( 'NONE', ( #6009 ), #1743, .T. ) ;
#3780 = ORIENTED_EDGE ( 'NONE', *, *, #6605, .F. ) ;
#3781 = ADVANCED_FACE ( 'NONE', ( #129 ), #2810, .T. ) ;
#3782 = VERTEX_POINT ( 'NONE', #4391 ) ;
#3783 = ADVANCED_FACE ( 'NONE', ( #2227 ), #4601, .T. ) ;
#3784 = CIRCLE ( 'NONE', #1143, 0.06250000000000000000 ) ;
#3785 = AXIS2_PLACEMENT_3D ( 'NONE', #4980, #3942, #6051 ) ;
#3786 = AXIS2_PLACEMENT_3D ( 'NONE', #2243, #4789, #2725 ) ;
#3787 = ORIENTED_EDGE ( 'NONE', *, *, #840, .F. ) ;
#3788 = FACE_OUTER_BOUND ( 'NONE', #1062, .T. ) ;
#3789 = CARTESIAN_POINT ( 'NONE',  ( -4.967587559109038153, -1.095486795418325832, 0.06250000000000000000 ) ) ;
#3790 = FACE_OUTER_BOUND ( 'NONE', #4803, .T. ) ;
#3791 = CARTESIAN_POINT ( 'NONE',  ( -7.541666666666666075, -0.4066666666666662877, 1.749999999999999778 ) ) ;
#3792 = AXIS2_PLACEMENT_3D ( 'NONE', #94, #6355, #3633 ) ;
#3793 = AXIS2_PLACEMENT_3D ( 'NONE', #1504, #1465, #981 ) ;
#3794 = AXIS2_PLACEMENT_3D ( 'NONE', #514, #6678, #2613 ) ;
#3795 = VERTEX_POINT ( 'NONE', #1360 ) ;
#3796 = DIRECTION ( 'NONE',  ( 0.000000000000000000, 0.000000000000000000, -1.000000000000000000 ) ) ;
#3797 = AXIS2_PLACEMENT_3D ( 'NONE', #1108, #3212, #51 ) ;
#3798 = CYLINDRICAL_SURFACE ( 'NONE', #2802, 0.6350000000000001199 ) ;
#3799 = DIRECTION ( 'NONE',  ( 0.000000000000000000, -0.000000000000000000, -1.000000000000000000 ) ) ;
#3800 = CARTESIAN_POINT ( 'NONE',  ( 7.004557038251777001, 0.7062767999456651680, 1.476122573691024842 ) ) ;
#3801 = CIRCLE ( 'NONE', #2703, 0.06250000000000005551 ) ;
#3802 = ORIENTED_EDGE ( 'NONE', *, *, #4646, .F. ) ;
#3803 = LINE ( 'NONE', #1739, #4679 ) ;
#3804 = EDGE_CURVE ( 'NONE', #6438, #3000, #5042, .T. ) ;
#3805 = EDGE_CURVE ( 'NONE', #971, #5242, #404, .T. ) ;
#3806 = DIRECTION ( 'NONE',  ( 0.4140596180325145648, 0.9102497639190949563, 0.000000000000000000 ) ) ;
#3807 = DIRECTION ( 'NONE',  ( -0.9659258262890683122, 0.2588190451025209615, 0.000000000000000000 ) ) ;
#3808 = DIRECTION ( 'NONE',  ( 0.6381506682237132466, -0.7699115044247800688, 0.000000000000000000 ) ) ;
#3809 = ADVANCED_FACE ( 'NONE', ( #2405 ), #1736, .T. ) ;
#3810 = CARTESIAN_POINT ( 'NONE',  ( -7.325630332116661592, -2.406666666666665844, 1.903083765553893469 ) ) ;
#3811 = CARTESIAN_POINT ( 'NONE',  ( -6.908742675414803358, -0.5316666666666662877, 1.562930337491585275 ) ) ;
#3812 = DIRECTION ( 'NONE',  ( 0.9699099091877009249, 0.2434641001451874343, -0.000000000000000000 ) ) ;
#3813 = CIRCLE ( 'NONE', #196, 0.1250000000000001110 ) ;
#3814 = ORIENTED_EDGE ( 'NONE', *, *, #2789, .F. ) ;
#3815 = EDGE_CURVE ( 'NONE', #2432, #6642, #5638, .T. ) ;
#3816 = ORIENTED_EDGE ( 'NONE', *, *, #3897, .T. ) ;
#3817 = EDGE_LOOP ( 'NONE', ( #1239, #1393, #825, #2628 ) ) ;
#3818 = ORIENTED_EDGE ( 'NONE', *, *, #2634, .T. ) ;
#3819 = CIRCLE ( 'NONE', #4811, 0.06250000000000005551 ) ;
#3820 = DIRECTION ( 'NONE',  ( 1.000000000000000000, 1.734723475976807094E-16, 0.000000000000000000 ) ) ;
#3821 = DIRECTION ( 'NONE',  ( 0.000000000000000000, 0.000000000000000000, 1.000000000000000000 ) ) ;
#3822 = CARTESIAN_POINT ( 'NONE',  ( -8.739999999999998437, -1.666666666666666297, 0.6250000000000003331 ) ) ;
#3823 = DIRECTION ( 'NONE',  ( -0.9616986708114013682, 0.2741088589585968238, 0.000000000000000000 ) ) ;
#3824 = VERTEX_POINT ( 'NONE', #1402 ) ;
#3825 = VECTOR ( 'NONE', #251, 100.0000000000000000 ) ;
#3826 = ORIENTED_EDGE ( 'NONE', *, *, #240, .T. ) ;
#3827 = CARTESIAN_POINT ( 'NONE',  ( 8.740000000000001990, -1.166666666666666519, 1.875000000000000222 ) ) ;
#3828 = VECTOR ( 'NONE', #1319, 100.0000000000000000 ) ;
#3829 = CARTESIAN_POINT ( 'NONE',  ( 3.333333333333335258, -1.666666666666666963, 2.500000000000000000 ) ) ;
#3830 = CARTESIAN_POINT ( 'NONE',  ( 7.000000000000001776, -1.718582527600255982, 1.456825394683021191 ) ) ;
#3831 = ORIENTED_EDGE ( 'NONE', *, *, #197, .F. ) ;
#3832 = DIRECTION ( 'NONE',  ( -0.000000000000000000, 1.000000000000000000, 0.000000000000000000 ) ) ;
#3833 = CARTESIAN_POINT ( 'NONE',  ( -8.739999999999998437, -1.666666666666666297, 0.000000000000000000 ) ) ;
#3834 = VECTOR ( 'NONE', #6789, 100.0000000000000000 ) ;
#3835 = CARTESIAN_POINT ( 'NONE',  ( 4.396953007354277077, 1.871767279242358306, 2.952285244484288640 ) ) ;
#3836 = DIRECTION ( 'NONE',  ( 0.000000000000000000, -0.000000000000000000, -1.000000000000000000 ) ) ;
#3837 = VERTEX_POINT ( 'NONE', #5528 ) ;
#3838 = CARTESIAN_POINT ( 'NONE',  ( 3.333333333333335258, -1.666666666666666963, 0.000000000000000000 ) ) ;
#3839 = CARTESIAN_POINT ( 'NONE',  ( 8.105000000000002203, -1.166666666666666519, 0.1250000000000001110 ) ) ;
#3840 = CARTESIAN_POINT ( 'NONE',  ( -7.402128843385241019, -2.408773079605091016, 1.801596632539479215 ) ) ;
#3841 = FACE_OUTER_BOUND ( 'NONE', #5524, .T. ) ;
#3842 = DIRECTION ( 'NONE',  ( 0.000000000000000000, 1.000000000000000000, -0.000000000000000000 ) ) ;
#3843 = ORIENTED_EDGE ( 'NONE', *, *, #6464, .T. ) ;
#3844 = ADVANCED_FACE ( 'NONE', ( #6114 ), #4493, .T. ) ;
#3845 = ORIENTED_EDGE ( 'NONE', *, *, #997, .T. ) ;
#3846 = VERTEX_POINT ( 'NONE', #1887 ) ;
#3847 = ORIENTED_EDGE ( 'NONE', *, *, #1888, .F. ) ;
#3848 = EDGE_CURVE ( 'NONE', #5543, #6714, #3969, .T. ) ;
#3849 = PLANE ( 'NONE',  #922 ) ;
#3850 = LINE ( 'NONE', #5923, #985 ) ;
#3851 = DIRECTION ( 'NONE',  ( -0.000000000000000000, 0.000000000000000000, 1.000000000000000000 ) ) ;
#3852 = DIRECTION ( 'NONE',  ( -0.9446284728628753236, -0.3281418111986830199, 0.000000000000000000 ) ) ;
#3853 = ORIENTED_EDGE ( 'NONE', *, *, #757, .T. ) ;
#3854 = VERTEX_POINT ( 'NONE', #2978 ) ;
#3855 = ORIENTED_EDGE ( 'NONE', *, *, #6042, .F. ) ;
#3856 = DIRECTION ( 'NONE',  ( -1.000000000000000000, 0.000000000000000000, 1.387778780781445922E-16 ) ) ;
#3857 = DIRECTION ( 'NONE',  ( 1.000000000000000000, 0.000000000000000000, 0.000000000000000000 ) ) ;
#3858 = CARTESIAN_POINT ( 'NONE',  ( -7.515857266857205232, -2.297912200963383000, 1.873054415285880792 ) ) ;
#3859 = CARTESIAN_POINT ( 'NONE',  ( 7.017189920400729086, -1.900519003091050152, 1.512892440300545704 ) ) ;
#3860 = ADVANCED_FACE ( 'NONE', ( #3459 ), #1968, .T. ) ;
#3861 = CARTESIAN_POINT ( 'NONE',  ( 0.1694937020281834517, 0.4862760889268811226, 2.500000000000000000 ) ) ;
#3862 = EDGE_CURVE ( 'NONE', #1412, #3824, #2945, .T. ) ;
#3863 = CARTESIAN_POINT ( 'NONE',  ( 8.740000000000001990, -1.166666666666666519, 0.6250000000000002220 ) ) ;
#3864 = CARTESIAN_POINT ( 'NONE',  ( 7.391666666666668384, -1.898669001194127848, 1.950000000000000622 ) ) ;
#3865 = LINE ( 'NONE', #3835, #309 ) ;
#3866 = DIRECTION ( 'NONE',  ( 1.000000000000000000, 0.000000000000000000, 0.000000000000000000 ) ) ;
#3867 = EDGE_LOOP ( 'NONE', ( #4311, #4344 ) ) ;
#3868 = DIRECTION ( 'NONE',  ( 0.000000000000000000, 0.000000000000000000, 1.000000000000000000 ) ) ;
#3869 = DIRECTION ( 'NONE',  ( -0.9659258262890680902, 0.2588190451025211836, 1.340491365532753432E-16 ) ) ;
#3870 = CARTESIAN_POINT ( 'NONE',  ( -7.297779489814402609, -2.406666666666666288, 2.500000000000000000 ) ) ;
#3871 = FACE_OUTER_BOUND ( 'NONE', #1981, .T. ) ;
#3872 = VERTEX_POINT ( 'NONE', #6079 ) ;
#3873 = ORIENTED_EDGE ( 'NONE', *, *, #4324, .T. ) ;
#3874 = ORIENTED_EDGE ( 'NONE', *, *, #4014, .F. ) ;
#3875 = ORIENTED_EDGE ( 'NONE', *, *, #3404, .F. ) ;
#3876 = CYLINDRICAL_SURFACE ( 'NONE', #590, 0.1250000000000000555 ) ;
#3877 = AXIS2_PLACEMENT_3D ( 'NONE', #4792, #527, #5727 ) ;
#3878 = EDGE_CURVE ( 'NONE', #2343, #2482, #6459, .T. ) ;
#3879 = DIRECTION ( 'NONE',  ( -0.3312307420122382884, 0.9435497843495180836, 0.000000000000000000 ) ) ;
#3880 = CARTESIAN_POINT ( 'NONE',  ( 7.000000000000001776, -1.718582527600188925, 1.062500000000000000 ) ) ;
#3881 = CARTESIAN_POINT ( 'NONE',  ( -7.297779489814402609, -2.406666666666666288, 0.6204153826391972659 ) ) ;
#3882 = EDGE_CURVE ( 'NONE', #3951, #50, #339, .T. ) ;
#3883 = FACE_OUTER_BOUND ( 'NONE', #1171, .T. ) ;
#3884 = ORIENTED_EDGE ( 'NONE', *, *, #5519, .T. ) ;
#3885 = AXIS2_PLACEMENT_3D ( 'NONE', #5957, #730, #6546 ) ;
#3886 = CIRCLE ( 'NONE', #5223, 0.06250000000000000000 ) ;
#3887 = VECTOR ( 'NONE', #5395, 100.0000000000000000 ) ;
#3888 = ORIENTED_EDGE ( 'NONE', *, *, #2072, .F. ) ;
#3889 = ORIENTED_EDGE ( 'NONE', *, *, #551, .T. ) ;
#3890 = CARTESIAN_POINT ( 'NONE',  ( -6.874999999999999112, -2.281666666666665844, 1.437500000000000000 ) ) ;
#3891 = AXIS2_PLACEMENT_3D ( 'NONE', #27, #540, #3701 ) ;
#3892 = CYLINDRICAL_SURFACE ( 'NONE', #3386, 0.6349999999999994538 ) ;
#3893 = AXIS2_PLACEMENT_3D ( 'NONE', #3967, #5053, #2435 ) ;
#3894 = DIRECTION ( 'NONE',  ( -1.387778780781445922E-16, 0.000000000000000000, -1.000000000000000000 ) ) ;
#3895 = CARTESIAN_POINT ( 'NONE',  ( -7.049999999999998934, -0.4066666666666662877, 0.9624999999999998002 ) ) ;
#3896 = EDGE_CURVE ( 'NONE', #2865, #2550, #5472, .T. ) ;
#3897 = EDGE_CURVE ( 'NONE', #2827, #639, #5805, .T. ) ;
#3898 = TOROIDAL_SURFACE ( 'NONE', #62, 0.1250000000000000000, 0.06250000000000000000 ) ;
#3899 = CARTESIAN_POINT ( 'NONE',  ( 4.484645310706724786, -2.178604876567602489, 2.391509536478771292 ) ) ;
#3900 = EDGE_CURVE ( 'NONE', #6392, #5473, #3925, .T. ) ;
#3901 = CYLINDRICAL_SURFACE ( 'NONE', #2366, 0.06249999999999997918 ) ;
#3902 = CARTESIAN_POINT ( 'NONE',  ( -8.739999999999998437, -0.4066666666666663987, 2.000000000000000000 ) ) ;
#3903 = AXIS2_PLACEMENT_3D ( 'NONE', #4349, #2420, #5390 ) ;
#3904 = CARTESIAN_POINT ( 'NONE',  ( -0.9166666666666650753, -0.1698744143197473688, -0.007045904514871997870 ) ) ;
#3905 = DIRECTION ( 'NONE',  ( 1.000000000000000000, 0.000000000000000000, 0.000000000000000000 ) ) ;
#3906 = EDGE_CURVE ( 'NONE', #5295, #5439, #3424, .T. ) ;
#3907 = VERTEX_POINT ( 'NONE', #5087 ) ;
#3908 = DIRECTION ( 'NONE',  ( -1.000000000000000000, 0.000000000000000000, 1.141265444721584251E-16 ) ) ;
#3909 = AXIS2_PLACEMENT_3D ( 'NONE', #6790, #4159, #418 ) ;
#3910 = CARTESIAN_POINT ( 'NONE',  ( 0.000000000000000000, -2.926666666666667194, 1.875000000000000222 ) ) ;
#3911 = DIRECTION ( 'NONE',  ( -0.000000000000000000, 1.000000000000000000, 0.000000000000000000 ) ) ;
#3912 = ORIENTED_EDGE ( 'NONE', *, *, #4217, .T. ) ;
#3913 = ORIENTED_EDGE ( 'NONE', *, *, #6501, .T. ) ;
#3914 = ORIENTED_EDGE ( 'NONE', *, *, #2431, .T. ) ;
#3915 = CARTESIAN_POINT ( 'NONE',  ( -0.1229239912518637901, 0.8333333333333340365, 2.375000000000000000 ) ) ;
#3916 = AXIS2_PLACEMENT_3D ( 'NONE', #1059, #1614, #4808 ) ;
#3917 = DIRECTION ( 'NONE',  ( 0.000000000000000000, 0.000000000000000000, 1.000000000000000000 ) ) ;
#3918 = DIRECTION ( 'NONE',  ( 0.000000000000000000, 0.000000000000000000, -1.000000000000000000 ) ) ;
#3919 = CYLINDRICAL_SURFACE ( 'NONE', #944, 0.1250000000000001110 ) ;
#3920 = CARTESIAN_POINT ( 'NONE',  ( -0.1958629230997752102, 1.270833333333334147, 0.06250000000000005551 ) ) ;
#3921 = CARTESIAN_POINT ( 'NONE',  ( 9.033759616191366248, -0.07034085382857482860, 0.6250000000000002220 ) ) ;
#3922 = ORIENTED_EDGE ( 'NONE', *, *, #1843, .F. ) ;
#3923 = EDGE_CURVE ( 'NONE', #4110, #1212, #5606, .T. ) ;
#3924 = ORIENTED_EDGE ( 'NONE', *, *, #669, .F. ) ;
#3925 = CIRCLE ( 'NONE', #2833, 1.260000000000000009 ) ;
#3926 = EDGE_LOOP ( 'NONE', ( #4113, #6373, #3672, #5983 ) ) ;
#3927 = CARTESIAN_POINT ( 'NONE',  ( 6.926757452254064695, 0.8242038836759502107, 0.9823212717045356479 ) ) ;
#3928 = CARTESIAN_POINT ( 'NONE',  ( 6.869715252371593195, -1.849116049072074164, 1.589392763022721589 ) ) ;
#3929 = CARTESIAN_POINT ( 'NONE',  ( 7.593424118920733434, 0.5209467378937665538, 2.000000000000000000 ) ) ;
#3930 = CARTESIAN_POINT ( 'NONE',  ( 6.833858235008941406, -1.836617925568003518, 1.476150789366027283 ) ) ;
#3931 = EDGE_CURVE ( 'NONE', #945, #3976, #1184, .T. ) ;
#3932 = ORIENTED_EDGE ( 'NONE', *, *, #2804, .T. ) ;
#3933 = DIRECTION ( 'NONE',  ( -1.000000000000000000, 0.000000000000000000, 1.528390727732869855E-16 ) ) ;
#3934 = CIRCLE ( 'NONE', #5921, 0.1250000000000000833 ) ;
#3935 = EDGE_CURVE ( 'NONE', #1422, #6700, #3819, .T. ) ;
#3936 = FACE_OUTER_BOUND ( 'NONE', #1054, .T. ) ;
#3937 = DIRECTION ( 'NONE',  ( 0.3312307420122377888, -0.9435497843495181947, 0.000000000000000000 ) ) ;
#3938 = DIRECTION ( 'NONE',  ( 1.000000000000000000, -0.000000000000000000, 0.000000000000000000 ) ) ;
#3939 = CARTESIAN_POINT ( 'NONE',  ( -7.979999999999999538, -1.666666666666666297, 5.421010862427522170E-17 ) ) ;
#3940 = CIRCLE ( 'NONE', #4495, 1.134999999999999787 ) ;
#3941 = ORIENTED_EDGE ( 'NONE', *, *, #2793, .T. ) ;
#3942 = DIRECTION ( 'NONE',  ( -0.000000000000000000, 0.000000000000000000, 1.000000000000000000 ) ) ;
#3943 = AXIS2_PLACEMENT_3D ( 'NONE', #5973, #4978, #4461 ) ;
#3944 = AXIS2_PLACEMENT_3D ( 'NONE', #2823, #4927, #6027 ) ;
#3945 = CARTESIAN_POINT ( 'NONE',  ( -7.459638313333694093, -2.416721237702664560, 1.844728735000270792 ) ) ;
#3946 = DIRECTION ( 'NONE',  ( 0.000000000000000000, 0.000000000000000000, 1.000000000000000000 ) ) ;
#3947 = CARTESIAN_POINT ( 'NONE',  ( 7.000000000000001776, 0.7104226631860636187, 1.062500000000000000 ) ) ;
#3948 = ORIENTED_EDGE ( 'NONE', *, *, #158, .T. ) ;
#3949 = CIRCLE ( 'NONE', #5718, 0.1250000000000000833 ) ;
#3950 = ORIENTED_EDGE ( 'NONE', *, *, #2104, .F. ) ;
#3951 = VERTEX_POINT ( 'NONE', #6378 ) ;
#3952 = DIRECTION ( 'NONE',  ( -0.000000000000000000, 0.000000000000000000, 1.000000000000000000 ) ) ;
#3953 = DIRECTION ( 'NONE',  ( 0.9699099091877008139, 0.2434641001451877396, 0.000000000000000000 ) ) ;
#3954 = CARTESIAN_POINT ( 'NONE',  ( 7.541666666666668739, -2.926666666666667194, 0.7500000000000000000 ) ) ;
#3955 = CARTESIAN_POINT ( 'NONE',  ( 9.066111996829180342, 0.05039987445755889778, 2.375000000000000000 ) ) ;
#3956 = CARTESIAN_POINT ( 'NONE',  ( 9.875000000000001776, -1.166666666666666519, 0.1250000000000001110 ) ) ;
#3957 = ORIENTED_EDGE ( 'NONE', *, *, #1440, .T. ) ;
#3958 =( BOUNDED_CURVE ( )  B_SPLINE_CURVE ( 3, ( #5022, #4080, #3972, #308 ),
 .UNSPECIFIED., .F., .F. ) 
 B_SPLINE_CURVE_WITH_KNOTS ( ( 4, 4 ),
 ( 3.141592653589793116, 4.712388980384687898 ),
 .UNSPECIFIED. ) 
 CURVE ( )  GEOMETRIC_REPRESENTATION_ITEM ( )  RATIONAL_B_SPLINE_CURVE ( ( 1.000000000000000000, 0.8047378541243654926, 0.8047378541243654926, 1.000000000000000000 ) ) 
 REPRESENTATION_ITEM ( '' )  );
#3959 = VERTEX_POINT ( 'NONE', #5385 ) ;
#3960 = VERTEX_POINT ( 'NONE', #1106 ) ;
#3961 = CARTESIAN_POINT ( 'NONE',  ( 6.833858235007964410, -1.836617925567662901, 1.437500000000000000 ) ) ;
#3962 = DIRECTION ( 'NONE',  ( 0.000000000000000000, 1.000000000000000000, 0.000000000000000000 ) ) ;
#3963 = CARTESIAN_POINT ( 'NONE',  ( -3.151635344011326278, -0.5461810916953043771, 2.437500000000000000 ) ) ;
#3964 = ORIENTED_EDGE ( 'NONE', *, *, #1077, .F. ) ;
#3965 = DIRECTION ( 'NONE',  ( 0.6842772733622044523, -0.7292219231207925922, 0.000000000000000000 ) ) ;
#3966 = EDGE_CURVE ( 'NONE', #1070, #6226, #666, .T. ) ;
#3967 = CARTESIAN_POINT ( 'NONE',  ( 2.509891977739003188, 2.696047962978735502, 4.211331016695741170 ) ) ;
#3968 = DIRECTION ( 'NONE',  ( 1.000000000000000000, 0.000000000000000000, -0.000000000000000000 ) ) ;
#3969 = LINE ( 'NONE', #1467, #3599 ) ;
#3970 = DIRECTION ( 'NONE',  ( 1.040834085586084503E-16, 0.000000000000000000, 1.000000000000000000 ) ) ;
#3971 = ORIENTED_EDGE ( 'NONE', *, *, #1650, .T. ) ;
#3972 = CARTESIAN_POINT ( 'NONE',  ( 7.982126430965924335, 0.2872497520966532103, 1.875000000000000000 ) ) ;
#3973 = DIRECTION ( 'NONE',  ( 0.9659258262890680902, -0.2588190451025211836, -0.000000000000000000 ) ) ;
#3974 = CARTESIAN_POINT ( 'NONE',  ( -7.979999999999999538, -1.666666666666666297, 0.1250000000000001110 ) ) ;
#3975 = CARTESIAN_POINT ( 'NONE',  ( -8.015698991566083009, -2.540516224188789529, 0.6250000000000003331 ) ) ;
#3976 = VERTEX_POINT ( 'NONE', #5860 ) ;
#3977 = ORIENTED_EDGE ( 'NONE', *, *, #5168, .T. ) ;
#3978 = EDGE_CURVE ( 'NONE', #4378, #3149, #5156, .T. ) ;
#3979 = ORIENTED_EDGE ( 'NONE', *, *, #4745, .T. ) ;
#3980 = CARTESIAN_POINT ( 'NONE',  ( 7.999665410412173827, 0.3361533760589240916, 2.375000000000000000 ) ) ;
#3981 = DIRECTION ( 'NONE',  ( -0.9435497843495181947, -0.3312307420122379553, 0.000000000000000000 ) ) ;
#3982 = FACE_OUTER_BOUND ( 'NONE', #6590, .T. ) ;
#3983 = DIRECTION ( 'NONE',  ( -0.000000000000000000, 0.000000000000000000, 1.000000000000000000 ) ) ;
#3984 = ADVANCED_FACE ( 'NONE', ( #4858 ), #6733, .T. ) ;
#3985 = VECTOR ( 'NONE', #4537, 100.0000000000000142 ) ;
#3986 = DIRECTION ( 'NONE',  ( -0.000000000000000000, 0.000000000000000000, 1.000000000000000000 ) ) ;
#3987 = CARTESIAN_POINT ( 'NONE',  ( -7.935930158038118520, -2.636755162241886996, 0.5000000000000004441 ) ) ;
#3988 = ORIENTED_EDGE ( 'NONE', *, *, #6170, .F. ) ;
#3989 = EDGE_CURVE ( 'NONE', #2129, #2157, #4456, .T. ) ;
#3990 = ORIENTED_EDGE ( 'NONE', *, *, #2052, .F. ) ;
#3991 = CIRCLE ( 'NONE', #3138, 0.1250000000000000000 ) ;
#3992 = VECTOR ( 'NONE', #3946, 100.0000000000000000 ) ;
#3993 = CIRCLE ( 'NONE', #2464, 0.06250000000000005551 ) ;
#3994 = EDGE_LOOP ( 'NONE', ( #5611, #557, #5919, #4597 ) ) ;
#3995 = CARTESIAN_POINT ( 'NONE',  ( 2.096549453265687202, -1.907427199156551012, 0.1250000000000001110 ) ) ;
#3996 = CARTESIAN_POINT ( 'NONE',  ( -7.528771650017033856, -2.302693586175098339, 0.6250000000000002220 ) ) ;
#3997 = AXIS2_PLACEMENT_3D ( 'NONE', #867, #4547, #4996 ) ;
#3998 = DIRECTION ( 'NONE',  ( 0.000000000000000000, -0.000000000000000000, 1.000000000000000000 ) ) ;
#3999 = AXIS2_PLACEMENT_3D ( 'NONE', #1209, #3304, #1662 ) ;
#4000 = ORIENTED_EDGE ( 'NONE', *, *, #1116, .F. ) ;
#4001 = DIRECTION ( 'NONE',  ( 0.9659258262890680902, -0.2588190451025211836, 0.000000000000000000 ) ) ;
#4002 = VECTOR ( 'NONE', #2071, 100.0000000000000000 ) ;
#4003 = CIRCLE ( 'NONE', #1040, 0.06250000000000027756 ) ;
#4004 = DIRECTION ( 'NONE',  ( 1.000000000000000000, -0.000000000000000000, 0.000000000000000000 ) ) ;
#4005 = LINE ( 'NONE', #1436, #5706 ) ;
#4006 = DIRECTION ( 'NONE',  ( -0.9442831837397906991, 0.3291341199363030934, -0.000000000000000000 ) ) ;
#4007 = CARTESIAN_POINT ( 'NONE',  ( -7.400590148948814395, -2.411776106330218106, 1.966331110073822330 ) ) ;
#4008 = CIRCLE ( 'NONE', #394, 1.260000000000000009 ) ;
#4009 = CIRCLE ( 'NONE', #4207, 0.1250000000000001110 ) ;
#4010 = TOROIDAL_SURFACE ( 'NONE', #481, 1.125000000000000000, 0.1250000000000000000 ) ;
#4011 = ORIENTED_EDGE ( 'NONE', *, *, #6121, .T. ) ;
#4012 = EDGE_CURVE ( 'NONE', #4145, #6503, #4106, .T. ) ;
#4013 = CARTESIAN_POINT ( 'NONE',  ( -3.067879291100030770, -0.3400015541606994374, 2.437500000000000000 ) ) ;
#4014 = EDGE_CURVE ( 'NONE', #350, #4204, #5351, .T. ) ;
#4015 = VECTOR ( 'NONE', #3008, 100.0000000000000000 ) ;
#4016 = CARTESIAN_POINT ( 'NONE',  ( 6.975000000000002309, -1.753437974102241892, 1.637500000000000178 ) ) ;
#4017 = DIRECTION ( 'NONE',  ( 0.8000000000000002665, 1.387778780781446169E-16, -0.5999999999999995337 ) ) ;
#4018 = FACE_OUTER_BOUND ( 'NONE', #1141, .T. ) ;
#4019 = EDGE_LOOP ( 'NONE', ( #3818, #447, #5918, #624 ) ) ;
#4020 = VECTOR ( 'NONE', #1637, 100.0000000000000000 ) ;
#4021 = EDGE_CURVE ( 'NONE', #2105, #6424, #6349, .T. ) ;
#4022 = ORIENTED_EDGE ( 'NONE', *, *, #5594, .T. ) ;
#4023 = EDGE_LOOP ( 'NONE', ( #2705, #6217, #3604, #1866 ) ) ;
#4024 = EDGE_CURVE ( 'NONE', #6503, #893, #743, .T. ) ;
#4025 = FACE_OUTER_BOUND ( 'NONE', #5169, .T. ) ;
#4026 = FACE_OUTER_BOUND ( 'NONE', #6561, .T. ) ;
#4027 = EDGE_CURVE ( 'NONE', #150, #3824, #858, .T. ) ;
#4028 = CARTESIAN_POINT ( 'NONE',  ( -7.000000000634277519, -0.4098551325570141679, 1.460145912110965005 ) ) ;
#4029 = CARTESIAN_POINT ( 'NONE',  ( -1.724999999999993650, -0.5316666666666662877, 4.799999999999996270 ) ) ;
#4030 = CARTESIAN_POINT ( 'NONE',  ( -6.908742675414803358, -0.5316666666666662877, 0.1250000000000000000 ) ) ;
#4031 = CARTESIAN_POINT ( 'NONE',  ( 5.941947322586663027, -1.393362850788411711, 0.1250000000000001110 ) ) ;
#4032 = ORIENTED_EDGE ( 'NONE', *, *, #3105, .T. ) ;
#4033 = ORIENTED_EDGE ( 'NONE', *, *, #2984, .T. ) ;
#4034 = ORIENTED_EDGE ( 'NONE', *, *, #1927, .T. ) ;
#4035 = CARTESIAN_POINT ( 'NONE',  ( -7.541666666666666075, -0.5316666666666663987, 0.7500000000000003331 ) ) ;
#4036 = DIRECTION ( 'NONE',  ( 0.000000000000000000, -0.000000000000000000, -1.000000000000000000 ) ) ;
#4037 = TOROIDAL_SURFACE ( 'NONE', #1517, 0.2500000000000000000, 0.1250000000000000000 ) ;
#4038 = ORIENTED_EDGE ( 'NONE', *, *, #2932, .F. ) ;
#4039 = DIRECTION ( 'NONE',  ( 1.000000000000000000, 0.000000000000000000, 0.000000000000000000 ) ) ;
#4040 = AXIS2_PLACEMENT_3D ( 'NONE', #2769, #2840, #2333 ) ;
#4041 = CARTESIAN_POINT ( 'NONE',  ( -0.8105760350663047120, -1.441647193599739030, -0.007045904514871997870 ) ) ;
#4042 = CARTESIAN_POINT ( 'NONE',  ( -4.923235751747690792, -0.9311473157206536788, 0.06250000000000005551 ) ) ;
#4043 = CARTESIAN_POINT ( 'NONE',  ( 9.066111996829182118, 0.05039987445755880063, 2.375000000000000000 ) ) ;
#4044 = CARTESIAN_POINT ( 'NONE',  ( -8.739999999999998437, -1.666666666666666297, 2.000000000000000444 ) ) ;
#4045 = TOROIDAL_SURFACE ( 'NONE', #3498, 1.134999999999999787, 0.1250000000000000000 ) ;
#4046 = EDGE_LOOP ( 'NONE', ( #4034, #2317, #4169, #3482, #3637, #3331, #5690, #5352, #5920, #2969, #1005, #6283, #2095, #1788 ) ) ;
#4047 = DIRECTION ( 'NONE',  ( 0.3312307420122337365, -0.9435497843495196379, 0.000000000000000000 ) ) ;
#4048 = CIRCLE ( 'NONE', #1980, 0.9999999999999995559 ) ;
#4049 = CARTESIAN_POINT ( 'NONE',  ( 7.017928508681817057, 0.6941118180731293830, 1.513446381511360572 ) ) ;
#4050 = CARTESIAN_POINT ( 'NONE',  ( 3.968333333333335489, -1.666666666666666963, 2.375000000000000000 ) ) ;
#4051 = CARTESIAN_POINT ( 'NONE',  ( 7.007422565065720477, 0.7875104758627443635, 1.012369431399032127 ) ) ;
#4052 = VERTEX_POINT ( 'NONE', #2216 ) ;
#4053 = AXIS2_PLACEMENT_3D ( 'NONE', #784, #5426, #2406 ) ;
#4054 = VERTEX_POINT ( 'NONE', #1211 ) ;
#4055 = AXIS2_PLACEMENT_3D ( 'NONE', #4419, #1742, #1221 ) ;
#4056 = LINE ( 'NONE', #6160, #5203 ) ;
#4057 = FACE_OUTER_BOUND ( 'NONE', #1829, .T. ) ;
#4058 = ADVANCED_FACE ( 'NONE', ( #628 ), #47, .F. ) ;
#4059 = FACE_OUTER_BOUND ( 'NONE', #2374, .T. ) ;
#4060 = DIRECTION ( 'NONE',  ( 1.000000000000000000, -0.000000000000000000, 0.000000000000000000 ) ) ;
#4061 = TOROIDAL_SURFACE ( 'NONE', #1097, 1.134999999999999787, 0.1250000000000000000 ) ;
#4062 = CARTESIAN_POINT ( 'NONE',  ( -2.478553173307071589, -1.464080485396389575, 2.375000000000000000 ) ) ;
#4063 = ORIENTED_EDGE ( 'NONE', *, *, #1513, .F. ) ;
#4064 = EDGE_LOOP ( 'NONE', ( #3103, #5984, #5412, #4123, #1690, #5544, #1864, #6237, #907, #1658, #5294, #2512, #4243, #4409 ) ) ;
#4065 = EDGE_CURVE ( 'NONE', #6438, #1846, #6694, .T. ) ;
#4066 = ORIENTED_EDGE ( 'NONE', *, *, #925, .F. ) ;
#4067 = DIRECTION ( 'NONE',  ( -0.000000000000000000, -0.000000000000000000, -1.000000000000000000 ) ) ;
#4068 = DIRECTION ( 'NONE',  ( 1.000000000000000000, 0.000000000000000000, 0.000000000000000000 ) ) ;
#4069 = CARTESIAN_POINT ( 'NONE',  ( 2.549497392498208281, 2.678032025422641293, 0.6250000000000011102 ) ) ;
#4070 = ORIENTED_EDGE ( 'NONE', *, *, #5321, .T. ) ;
#4071 = DIRECTION ( 'NONE',  ( 1.000000000000000000, 0.000000000000000000, 0.000000000000000000 ) ) ;
#4072 = EDGE_CURVE ( 'NONE', #6784, #4581, #1410, .T. ) ;
#4073 = LINE ( 'NONE', #6600, #4451 ) ;
#4074 = DIRECTION ( 'NONE',  ( 0.2434641001451878228, -0.9699099091877008139, 0.000000000000000000 ) ) ;
#4075 = DIRECTION ( 'NONE',  ( -0.000000000000000000, 0.000000000000000000, 1.000000000000000000 ) ) ;
#4076 = EDGE_CURVE ( 'NONE', #3469, #3447, #117, .T. ) ;
#4077 = EDGE_CURVE ( 'NONE', #1642, #4400, #2723, .T. ) ;
#4078 = EDGE_CURVE ( 'NONE', #1935, #5447, #4251, .T. ) ;
#4079 = VERTEX_POINT ( 'NONE', #4439 ) ;
#4080 = CARTESIAN_POINT ( 'NONE',  ( 7.999665410412165834, 0.3361533760589267006, 1.926776695296637198 ) ) ;
#4081 = CARTESIAN_POINT ( 'NONE',  ( -2.685335970326830690, 0.7653898264471215018, 0.000000000000000000 ) ) ;
#4082 = CARTESIAN_POINT ( 'NONE',  ( 7.980000000000002203, -1.166666666666666519, 0.6250000000000003331 ) ) ;
#4083 = FACE_BOUND ( 'NONE', #6683, .T. ) ;
#4084 = ORIENTED_EDGE ( 'NONE', *, *, #3109, .T. ) ;
#4085 = ORIENTED_EDGE ( 'NONE', *, *, #6506, .T. ) ;
#4086 = CARTESIAN_POINT ( 'NONE',  ( -7.297779489814402609, -2.406666666666666288, 0.6204153826391978210 ) ) ;
#4087 = CARTESIAN_POINT ( 'NONE',  ( -6.878749187215977834, -0.4062167607918517609, 1.481283551854337910 ) ) ;
#4088 = CARTESIAN_POINT ( 'NONE',  ( -0.2583629230997752102, 1.270833333333334147, 2.500000000000000000 ) ) ;
#4089 = CARTESIAN_POINT ( 'NONE',  ( 8.325291008880260080, -2.356463478178802529, 2.000000000000000444 ) ) ;
#4090 = FACE_OUTER_BOUND ( 'NONE', #5720, .T. ) ;
#4091 = ORIENTED_EDGE ( 'NONE', *, *, #412, .F. ) ;
#4092 = VERTEX_POINT ( 'NONE', #3987 ) ;
#4093 = EDGE_CURVE ( 'NONE', #2159, #1267, #6241, .T. ) ;
#4094 = VERTEX_POINT ( 'NONE', #5993 ) ;
#4095 = EDGE_CURVE ( 'NONE', #25, #887, #6575, .T. ) ;
#4096 = DIRECTION ( 'NONE',  ( 1.000000000000000000, 0.000000000000000000, 0.000000000000000000 ) ) ;
#4097 = DIRECTION ( 'NONE',  ( -0.000000000000000000, -0.000000000000000000, 1.000000000000000000 ) ) ;
#4098 = DIRECTION ( 'NONE',  ( -0.000000000000000000, 0.000000000000000000, 1.000000000000000000 ) ) ;
#4099 = AXIS2_PLACEMENT_3D ( 'NONE', #5621, #4511, #6615 ) ;
#4100 = ORIENTED_EDGE ( 'NONE', *, *, #2681, .T. ) ;
#4101 = CARTESIAN_POINT ( 'NONE',  ( 6.875000000000001776, 0.7104226631860636187, 1.062500000000000000 ) ) ;
#4102 = AXIS2_PLACEMENT_3D ( 'NONE', #4619, #4752, #3644 ) ;
#4103 = AXIS2_PLACEMENT_3D ( 'NONE', #3521, #4067, #4096 ) ;
#4104 = DIRECTION ( 'NONE',  ( 0.000000000000000000, 0.000000000000000000, 1.000000000000000000 ) ) ;
#4105 = DIRECTION ( 'NONE',  ( 0.000000000000000000, 1.000000000000000000, 0.000000000000000000 ) ) ;
#4106 = LINE ( 'NONE', #4828, #313 ) ;
#4107 = DIRECTION ( 'NONE',  ( -0.000000000000000000, -0.000000000000000000, -1.000000000000000000 ) ) ;
#4108 = VERTEX_POINT ( 'NONE', #731 ) ;
#4109 = EDGE_CURVE ( 'NONE', #6576, #6089, #202, .T. ) ;
#4110 = VERTEX_POINT ( 'NONE', #2322 ) ;
#4111 = AXIS2_PLACEMENT_3D ( 'NONE', #1066, #3812, #5917 ) ;
#4112 = CIRCLE ( 'NONE', #1144, 0.1250000000000001110 ) ;
#4113 = ORIENTED_EDGE ( 'NONE', *, *, #6182, .T. ) ;
#4114 = VECTOR ( 'NONE', #5323, 100.0000000000000000 ) ;
#4115 = CARTESIAN_POINT ( 'NONE',  ( 4.368892065788240409, -2.131255852546395158, 0.000000000000000000 ) ) ;
#4116 = ADVANCED_FACE ( 'NONE', ( #691 ), #323, .T. ) ;
#4117 = ADVANCED_FACE ( 'NONE', ( #3414 ), #3378, .T. ) ;
#4118 = VECTOR ( 'NONE', #2610, 100.0000000000000000 ) ;
#4119 = DIRECTION ( 'NONE',  ( -1.000000000000000000, -0.000000000000000000, -0.000000000000000000 ) ) ;
#4120 = FACE_OUTER_BOUND ( 'NONE', #5750, .T. ) ;
#4121 = AXIS2_PLACEMENT_3D ( 'NONE', #5939, #6045, #3319 ) ;
#4122 = AXIS2_PLACEMENT_3D ( 'NONE', #6084, #1824, #1861 ) ;
#4123 = ORIENTED_EDGE ( 'NONE', *, *, #5349, .T. ) ;
#4124 = ORIENTED_EDGE ( 'NONE', *, *, #5095, .F. ) ;
#4125 = CIRCLE ( 'NONE', #5341, 0.06249999999999997224 ) ;
#4126 = CARTESIAN_POINT ( 'NONE',  ( -2.478553173307072033, -1.464080485396389575, 0.000000000000000000 ) ) ;
#4127 = DIRECTION ( 'NONE',  ( 1.000000000000000000, 9.310893481812301318E-16, 0.000000000000000000 ) ) ;
#4128 = CYLINDRICAL_SURFACE ( 'NONE', #5898, 0.1250000000000001110 ) ;
#4129 = LINE ( 'NONE', #4223, #6092 ) ;
#4130 = ORIENTED_EDGE ( 'NONE', *, *, #1072, .T. ) ;
#4131 = AXIS2_PLACEMENT_3D ( 'NONE', #4545, #932, #5198 ) ;
#4132 = VERTEX_POINT ( 'NONE', #4516 ) ;
#4133 = EDGE_LOOP ( 'NONE', ( #2787, #57, #2081, #2140 ) ) ;
#4134 = CIRCLE ( 'NONE', #5023, 0.1250000000000001110 ) ;
#4135 = DIRECTION ( 'NONE',  ( 0.000000000000000000, -1.000000000000000000, 0.000000000000000000 ) ) ;
#4136 = DIRECTION ( 'NONE',  ( -0.9659258262890683122, 0.2588190451025208505, 0.000000000000000000 ) ) ;
#4137 = CARTESIAN_POINT ( 'NONE',  ( -0.1229239912518637901, 1.833333333333333925, 2.375000000000000000 ) ) ;
#4138 = ORIENTED_EDGE ( 'NONE', *, *, #5158, .T. ) ;
#4139 = FACE_OUTER_BOUND ( 'NONE', #2054, .T. ) ;
#4140 = DIRECTION ( 'NONE',  ( 0.2741088589585953805, 0.9616986708114019233, -0.000000000000000000 ) ) ;
#4141 = AXIS2_PLACEMENT_3D ( 'NONE', #4316, #5361, #3806 ) ;
#4142 = ADVANCED_FACE ( 'NONE', ( #3883 ), #4814, .T. ) ;
#4143 = FACE_OUTER_BOUND ( 'NONE', #101, .T. ) ;
#4144 = ORIENTED_EDGE ( 'NONE', *, *, #5608, .T. ) ;
#4145 = VERTEX_POINT ( 'NONE', #2861 ) ;
#4146 = ORIENTED_EDGE ( 'NONE', *, *, #6759, .F. ) ;
#4147 = LINE ( 'NONE', #61, #4118 ) ;
#4148 = CIRCLE ( 'NONE', #2828, 0.1250000000000001110 ) ;
#4149 = EDGE_CURVE ( 'NONE', #2303, #2523, #6607, .T. ) ;
#4150 = CARTESIAN_POINT ( 'NONE',  ( 4.491576537518830570, 1.708333333333333925, 2.500000000000000000 ) ) ;
#4151 = DIRECTION ( 'NONE',  ( 0.000000000000000000, -1.000000000000000000, 0.000000000000000000 ) ) ;
#4152 = DIRECTION ( 'NONE',  ( -0.8325181863123950476, 0.5539977161136322437, -4.884351508018245182E-17 ) ) ;
#4153 = AXIS2_PLACEMENT_3D ( 'NONE', #1978, #388, #3516 ) ;
#4154 = ORIENTED_EDGE ( 'NONE', *, *, #2217, .F. ) ;
#4155 = FACE_OUTER_BOUND ( 'NONE', #2080, .T. ) ;
#4156 = AXIS2_PLACEMENT_3D ( 'NONE', #3530, #4075, #6734 ) ;
#4157 = CARTESIAN_POINT ( 'NONE',  ( -6.999999999999999112, -0.5311605225217586046, 1.448529470387548201 ) ) ;
#4158 = CARTESIAN_POINT ( 'NONE',  ( -5.843787586927575717, -1.406666666666666066, 0.1250000000000001110 ) ) ;
#4159 = DIRECTION ( 'NONE',  ( 0.9446284728628753236, 0.3281418111986830199, 0.000000000000000000 ) ) ;
#4160 = DIRECTION ( 'NONE',  ( 0.000000000000000000, 0.000000000000000000, -1.000000000000000000 ) ) ;
#4161 = CARTESIAN_POINT ( 'NONE',  ( -0.2904359502726333031, -0.4364516378462734991, 2.375000000000000000 ) ) ;
#4162 = EDGE_LOOP ( 'NONE', ( #5709, #6538, #3345, #316 ) ) ;
#4163 = AXIS2_PLACEMENT_3D ( 'NONE', #884, #2533, #6704 ) ;
#4164 = VERTEX_POINT ( 'NONE', #3921 ) ;
#4165 = ORIENTED_EDGE ( 'NONE', *, *, #3105, .F. ) ;
#4166 = TOROIDAL_SURFACE ( 'NONE', #3732, 0.1250000000000000000, 0.06250000000000000000 ) ;
#4167 = CARTESIAN_POINT ( 'NONE',  ( 0.5875619349866996188, 2.192810993963841160, 0.5000000000000014433 ) ) ;
#4168 = DIRECTION ( 'NONE',  ( 0.6842772733622044523, -0.7292219231207925922, 0.000000000000000000 ) ) ;
#4169 = ORIENTED_EDGE ( 'NONE', *, *, #3966, .F. ) ;
#4170 = CARTESIAN_POINT ( 'NONE',  ( -6.874999999999999112, -2.281666666666665844, 1.062500000000000000 ) ) ;
#4171 = CARTESIAN_POINT ( 'NONE',  ( 5.054137076900224734, 0.000000000000000000, 0.06250000000000000000 ) ) ;
#4172 = CARTESIAN_POINT ( 'NONE',  ( -7.477582059971749295, -2.287419473472865672, 0.6418134550211892497 ) ) ;
#4173 = CARTESIAN_POINT ( 'NONE',  ( 7.076533018531550034, 0.7560731175701208562, 1.557399763898660749 ) ) ;
#4174 = ORIENTED_EDGE ( 'NONE', *, *, #3002, .T. ) ;
#4175 = ORIENTED_EDGE ( 'NONE', *, *, #1288, .F. ) ;
#4176 = ORIENTED_EDGE ( 'NONE', *, *, #4747, .T. ) ;
#4177 =( BOUNDED_CURVE ( )  B_SPLINE_CURVE ( 3, ( #3980, #6061, #5069, #1867 ),
 .UNSPECIFIED., .F., .F. ) 
 B_SPLINE_CURVE_WITH_KNOTS ( ( 4, 4 ),
 ( 0.000000000000000000, 1.570796326794894338 ),
 .UNSPECIFIED. ) 
 CURVE ( )  GEOMETRIC_REPRESENTATION_ITEM ( )  RATIONAL_B_SPLINE_CURVE ( ( 1.000000000000000000, 0.8047378541243654926, 0.8047378541243654926, 1.000000000000000000 ) ) 
 REPRESENTATION_ITEM ( '' )  );
#4178 = CARTESIAN_POINT ( 'NONE',  ( -7.541666666666666075, -0.5316666666666663987, 1.749999999999999778 ) ) ;
#4179 = EDGE_CURVE ( 'NONE', #685, #3480, #1873, .T. ) ;
#4180 = CIRCLE ( 'NONE', #1443, 0.1250000000000001110 ) ;
#4181 = LINE ( 'NONE', #6287, #4215 ) ;
#4182 = DIRECTION ( 'NONE',  ( 1.000000000000000000, 0.000000000000000000, 0.000000000000000000 ) ) ;
#4183 = FACE_OUTER_BOUND ( 'NONE', #5364, .T. ) ;
#4184 = ORIENTED_EDGE ( 'NONE', *, *, #757, .F. ) ;
#4185 = ORIENTED_EDGE ( 'NONE', *, *, #6352, .F. ) ;
#4186 = CARTESIAN_POINT ( 'NONE',  ( -0.2565783189526725794, -0.6091290072873440931, 0.000000000000000000 ) ) ;
#4187 = CARTESIAN_POINT ( 'NONE',  ( 7.443424118920733079, 0.5891795956947579738, 0.5500000000000002665 ) ) ;
#4188 = CARTESIAN_POINT ( 'NONE',  ( 0.2619739001692107383, -0.9050389159360503477, 2.375000000000000000 ) ) ;
#4189 = ORIENTED_EDGE ( 'NONE', *, *, #5872, .T. ) ;
#4190 = ADVANCED_FACE ( 'NONE', ( #2349 ), #3337, .T. ) ;
#4191 = ORIENTED_EDGE ( 'NONE', *, *, #3310, .T. ) ;
#4192 = EDGE_LOOP ( 'NONE', ( #4318, #1022, #4360, #2122 ) ) ;
#4193 = ADVANCED_FACE ( 'NONE', ( #5516 ), #3173, .T. ) ;
#4194 = DIRECTION ( 'NONE',  ( 0.9659258262890682012, -0.2588190451025212391, -1.340491365532753679E-16 ) ) ;
#4195 = EDGE_CURVE ( 'NONE', #5772, #539, #1973, .T. ) ;
#4196 = CARTESIAN_POINT ( 'NONE',  ( -3.005379291100030770, -0.3400015541606994374, 0.06250000000000000000 ) ) ;
#4197 = ORIENTED_EDGE ( 'NONE', *, *, #3006, .T. ) ;
#4198 = DIRECTION ( 'NONE',  ( 1.000000000000000000, 0.000000000000000000, 0.000000000000000000 ) ) ;
#4199 = DIRECTION ( 'NONE',  ( -1.734723475976807094E-16, 1.000000000000000000, -0.000000000000000000 ) ) ;
#4200 = CARTESIAN_POINT ( 'NONE',  ( 5.054137076900224734, 1.270833333333334147, -0.007045904514871997870 ) ) ;
#4201 = CARTESIAN_POINT ( 'NONE',  ( 4.991637076900224734, 1.333333333333334147, 0.06250000000000000000 ) ) ;
#4202 = ORIENTED_EDGE ( 'NONE', *, *, #635, .F. ) ;
#4203 = VECTOR ( 'NONE', #6637, 100.0000000000000000 ) ;
#4204 = VERTEX_POINT ( 'NONE', #2934 ) ;
#4205 = ORIENTED_EDGE ( 'NONE', *, *, #1026, .T. ) ;
#4206 = LINE ( 'NONE', #6813, #1936 ) ;
#4207 = AXIS2_PLACEMENT_3D ( 'NONE', #3546, #6593, #396 ) ;
#4208 = LINE ( 'NONE', #2708, #4114 ) ;
#4209 = DIRECTION ( 'NONE',  ( 0.6000000000000006439, 0.000000000000000000, 0.7999999999999996003 ) ) ;
#4210 = DIRECTION ( 'NONE',  ( -0.9102497639190944012, 0.4140596180325159525, 0.000000000000000000 ) ) ;
#4211 = EDGE_CURVE ( 'NONE', #5473, #1101, #1237, .T. ) ;
#4212 = ORIENTED_EDGE ( 'NONE', *, *, #1747, .T. ) ;
#4213 = CIRCLE ( 'NONE', #1592, 0.1250000000000000000 ) ;
#4214 = CIRCLE ( 'NONE', #384, 0.1250000000000000000 ) ;
#4215 = VECTOR ( 'NONE', #6256, 100.0000000000000000 ) ;
#4216 = VERTEX_POINT ( 'NONE', #6619 ) ;
#4217 = EDGE_CURVE ( 'NONE', #5404, #2113, #1906, .T. ) ;
#4218 = CARTESIAN_POINT ( 'NONE',  ( 0.000000000000000000, 0.000000000000000000, 0.000000000000000000 ) ) ;
#4219 = AXIS2_PLACEMENT_3D ( 'NONE', #1572, #573, #3735 ) ;
#4220 = AXIS2_PLACEMENT_3D ( 'NONE', #3655, #600, #4239 ) ;
#4221 = CARTESIAN_POINT ( 'NONE',  ( 6.842972311518892958, -1.839794677630085085, 0.9852548526030056042 ) ) ;
#4222 = DIRECTION ( 'NONE',  ( -1.000000000000000000, 0.000000000000000000, 0.000000000000000000 ) ) ;
#4223 = CARTESIAN_POINT ( 'NONE',  ( -6.878749186157199880, -0.4062167607600810082, 2.500000000000000000 ) ) ;
#4224 = ORIENTED_EDGE ( 'NONE', *, *, #5461, .F. ) ;
#4225 = ADVANCED_FACE ( 'NONE', ( #4374 ), #5103, .T. ) ;
#4226 = TOROIDAL_SURFACE ( 'NONE', #3243, 0.8750000000000001110, 0.1250000000000000000 ) ;
#4227 = ADVANCED_FACE ( 'NONE', ( #3065 ), #5153, .T. ) ;
#4228 = EDGE_LOOP ( 'NONE', ( #1746, #6176, #2530, #957 ) ) ;
#4229 = VERTEX_POINT ( 'NONE', #2996 ) ;
#4230 = EDGE_CURVE ( 'NONE', #2957, #1680, #6195, .T. ) ;
#4231 = AXIS2_PLACEMENT_3D ( 'NONE', #4934, #4412, #3856 ) ;
#4232 = CARTESIAN_POINT ( 'NONE',  ( 7.514380874937518051, 0.4319893513644476601, 0.6249999999999998890 ) ) ;
#4233 = DIRECTION ( 'NONE',  ( 0.000000000000000000, 0.000000000000000000, -1.000000000000000000 ) ) ;
#4234 = DIRECTION ( 'NONE',  ( 1.224646799147353207E-16, 1.000000000000000000, 0.000000000000000000 ) ) ;
#4235 = AXIS2_PLACEMENT_3D ( 'NONE', #4835, #3114, #506 ) ;
#4236 = ORIENTED_EDGE ( 'NONE', *, *, #3068, .F. ) ;
#4237 = DIRECTION ( 'NONE',  ( 1.000000000000000000, 0.000000000000000000, 0.000000000000000000 ) ) ;
#4238 = ADVANCED_FACE ( 'NONE', ( #934 ), #4548, .T. ) ;
#4239 = DIRECTION ( 'NONE',  ( 0.000000000000000000, 0.000000000000000000, 1.000000000000000000 ) ) ;
#4240 = DIRECTION ( 'NONE',  ( 0.000000000000000000, 0.000000000000000000, 1.000000000000000000 ) ) ;
#4241 = FACE_OUTER_BOUND ( 'NONE', #749, .T. ) ;
#4242 = ORIENTED_EDGE ( 'NONE', *, *, #2513, .T. ) ;
#4243 = ORIENTED_EDGE ( 'NONE', *, *, #6042, .T. ) ;
#4244 = ORIENTED_EDGE ( 'NONE', *, *, #6437, .F. ) ;
#4245 = LINE ( 'NONE', #5319, #2043 ) ;
#4246 = CIRCLE ( 'NONE', #2285, 0.1250000000000001110 ) ;
#4247 = LINE ( 'NONE', #4457, #2687 ) ;
#4248 = CARTESIAN_POINT ( 'NONE',  ( -7.541666666666666075, -0.5316666666666662877, 0.5000000000000002220 ) ) ;
#4249 = CARTESIAN_POINT ( 'NONE',  ( -0.1333629230997752102, 1.270833333333334147, 0.06250000000000000000 ) ) ;
#4250 = VERTEX_POINT ( 'NONE', #5199 ) ;
#4251 = CIRCLE ( 'NONE', #1287, 1.260000000000000009 ) ;
#4252 = ORIENTED_EDGE ( 'NONE', *, *, #3805, .F. ) ;
#4253 = EDGE_LOOP ( 'NONE', ( #6397, #4704, #2240, #6644, #4812, #3420 ) ) ;
#4254 = CYLINDRICAL_SURFACE ( 'NONE', #926, 0.1250000000000000555 ) ;
#4255 = CIRCLE ( 'NONE', #703, 0.1250000000000001110 ) ;
#4256 = DIRECTION ( 'NONE',  ( 1.000000000000000000, 0.000000000000000000, 0.000000000000000000 ) ) ;
#4257 = LINE ( 'NONE', #1686, #2930 ) ;
#4258 = CARTESIAN_POINT ( 'NONE',  ( 7.449285549914636206, -2.051127864073905016, 1.845948995033812601 ) ) ;
#4259 = EDGE_LOOP ( 'NONE', ( #2318, #1170, #1623, #5754 ) ) ;
#4260 = ORIENTED_EDGE ( 'NONE', *, *, #1322, .T. ) ;
#4261 = VERTEX_POINT ( 'NONE', #5074 ) ;
#4262 = CIRCLE ( 'NONE', #4602, 0.6349999999999994538 ) ;
#4263 = ORIENTED_EDGE ( 'NONE', *, *, #4078, .T. ) ;
#4264 = EDGE_CURVE ( 'NONE', #6242, #4653, #1527, .T. ) ;
#4265 = CARTESIAN_POINT ( 'NONE',  ( -7.297779489814402609, -2.281666666666666288, 0.000000000000000000 ) ) ;
#4266 = PLANE ( 'NONE',  #5762 ) ;
#4267 = DIRECTION ( 'NONE',  ( 0.000000000000000000, 1.000000000000000000, -0.000000000000000000 ) ) ;
#4268 = TOROIDAL_SURFACE ( 'NONE', #6816, 0.1250000000000000000, 0.06250000000000000000 ) ;
#4269 = CARTESIAN_POINT ( 'NONE',  ( 5.054137076900224734, 1.270833333333334147, 2.437500000000000000 ) ) ;
#4270 = ADVANCED_FACE ( 'NONE', ( #454 ), #2967, .T. ) ;
#4271 = AXIS2_PLACEMENT_3D ( 'NONE', #1615, #2710, #2770 ) ;
#4272 = ORIENTED_EDGE ( 'NONE', *, *, #369, .F. ) ;
#4273 = CARTESIAN_POINT ( 'NONE',  ( 9.875000000000001776, -1.166666666666666519, 2.000000000000000444 ) ) ;
#4274 = TOROIDAL_SURFACE ( 'NONE', #6485, 0.7599999999999995648, 0.1250000000000000000 ) ;
#4275 = FACE_OUTER_BOUND ( 'NONE', #3706, .T. ) ;
#4276 = CARTESIAN_POINT ( 'NONE',  ( -6.999999999999999112, -0.5316666666666663987, 1.500000000000000000 ) ) ;
#4277 = CARTESIAN_POINT ( 'NONE',  ( 7.466666666666668561, 0.4753983752048711597, 1.850000000000000311 ) ) ;
#4278 = AXIS2_PLACEMENT_3D ( 'NONE', #3744, #2135, #5849 ) ;
#4279 = EDGE_CURVE ( 'NONE', #2425, #3469, #5047, .T. ) ;
#4280 = VERTEX_POINT ( 'NONE', #485 ) ;
#4281 = FACE_OUTER_BOUND ( 'NONE', #1160, .T. ) ;
#4282 = B_SPLINE_CURVE_WITH_KNOTS ( 'NONE', 3,
 ( #6037, #1804, #5415, #697, #4900, #2493 ),
 .UNSPECIFIED., .F., .F.,
 ( 4, 2, 4 ),
 ( 0.000000000000000000, 0.0006472404195511640909, 0.001294480839102328182 ),
 .UNSPECIFIED. ) ;
#4283 = EDGE_CURVE ( 'NONE', #4164, #2113, #2836, .T. ) ;
#4284 = CARTESIAN_POINT ( 'NONE',  ( 7.514856502987764308, -1.932262566430779316, 0.6271751520526193113 ) ) ;
#4285 = CARTESIAN_POINT ( 'NONE',  ( -3.052124931535665553, -0.5214728375432843288, 2.500000000000000000 ) ) ;
#4286 = CYLINDRICAL_SURFACE ( 'NONE', #5167, 0.06250000000000027756 ) ;
#4287 = ADVANCED_FACE ( 'NONE', ( #6720 ), #2079, .T. ) ;
#4288 = ADVANCED_FACE ( 'NONE', ( #4090 ), #4690, .T. ) ;
#4289 = ORIENTED_EDGE ( 'NONE', *, *, #4359, .T. ) ;
#4290 = ORIENTED_EDGE ( 'NONE', *, *, #3848, .F. ) ;
#4291 = ORIENTED_EDGE ( 'NONE', *, *, #287, .T. ) ;
#4292 = DIRECTION ( 'NONE',  ( 1.000000000000000000, 0.000000000000000000, 0.000000000000000000 ) ) ;
#4293 = CARTESIAN_POINT ( 'NONE',  ( 0.2619739001692098501, -0.9050389159360503477, 0.1250000000000001110 ) ) ;
#4294 = DIRECTION ( 'NONE',  ( -0.000000000000000000, 0.000000000000000000, 1.000000000000000000 ) ) ;
#4295 = ORIENTED_EDGE ( 'NONE', *, *, #6687, .T. ) ;
#4296 = EDGE_LOOP ( 'NONE', ( #5244, #204, #4146 ) ) ;
#4297 = ORIENTED_EDGE ( 'NONE', *, *, #5842, .F. ) ;
#4298 = ORIENTED_EDGE ( 'NONE', *, *, #1794, .F. ) ;
#4299 = CARTESIAN_POINT ( 'NONE',  ( -0.8474169521524611559, -0.06580964103069800175, 0.1250000000000000000 ) ) ;
#4300 = DIRECTION ( 'NONE',  ( -1.000000000000000000, 0.000000000000000000, 0.000000000000000000 ) ) ;
#4301 = DIRECTION ( 'NONE',  ( -0.000000000000000000, 0.000000000000000000, 1.000000000000000000 ) ) ;
#4302 = DIRECTION ( 'NONE',  ( 0.000000000000000000, 1.000000000000000000, -0.000000000000000000 ) ) ;
#4303 = ADVANCED_FACE ( 'NONE', ( #2549 ), #4598, .T. ) ;
#4304 = ORIENTED_EDGE ( 'NONE', *, *, #4799, .T. ) ;
#4305 = DIRECTION ( 'NONE',  ( 0.000000000000000000, 0.000000000000000000, -1.000000000000000000 ) ) ;
#4306 = ADVANCED_FACE ( 'NONE', ( #2041 ), #4045, .T. ) ;
#4307 = DIRECTION ( 'NONE',  ( 1.000000000000000000, -1.387778780781444492E-15, 0.000000000000000000 ) ) ;
#4308 = DIRECTION ( 'NONE',  ( 1.000000000000000000, 0.000000000000000000, 0.000000000000000000 ) ) ;
#4309 = CARTESIAN_POINT ( 'NONE',  ( 4.905636155551347244, 1.743583097252428216, 2.375000000000000000 ) ) ;
#4310 = EDGE_CURVE ( 'NONE', #6714, #5688, #2729, .T. ) ;
#4311 = ORIENTED_EDGE ( 'NONE', *, *, #361, .T. ) ;
#4312 = CARTESIAN_POINT ( 'NONE',  ( 4.470018074878315595, -2.172647068468733789, 2.437972839268585989 ) ) ;
#4313 = AXIS2_PLACEMENT_3D ( 'NONE', #1862, #5505, #4983 ) ;
#4314 = DIRECTION ( 'NONE',  ( 1.000000000000000000, 0.000000000000000000, 0.000000000000000000 ) ) ;
#4315 = EDGE_CURVE ( 'NONE', #4108, #5439, #532, .T. ) ;
#4316 = CARTESIAN_POINT ( 'NONE',  ( 4.853878703297282549, 1.629801876762541513, 0.1250000000000000000 ) ) ;
#4317 = CARTESIAN_POINT ( 'NONE',  ( -10.00000000000000000, -1.666666666666666297, 0.5000000000000006661 ) ) ;
#4318 = ORIENTED_EDGE ( 'NONE', *, *, #718, .T. ) ;
#4319 = CIRCLE ( 'NONE', #3663, 0.1250000000000000278 ) ;
#4320 = AXIS2_PLACEMENT_3D ( 'NONE', #2576, #2475, #4681 ) ;
#4321 = ORIENTED_EDGE ( 'NONE', *, *, #5956, .T. ) ;
#4322 = AXIS2_PLACEMENT_3D ( 'NONE', #5078, #2456, #395 ) ;
#4323 = FACE_OUTER_BOUND ( 'NONE', #3994, .T. ) ;
#4324 = EDGE_CURVE ( 'NONE', #3907, #4884, #6165, .T. ) ;
#4325 = CARTESIAN_POINT ( 'NONE',  ( -6.878749186157199880, -0.4062167607600806751, 1.062500000000000000 ) ) ;
#4326 = CARTESIAN_POINT ( 'NONE',  ( -7.353481077797033194, -2.407830843202968474, 1.926582832221352293 ) ) ;
#4327 = FACE_OUTER_BOUND ( 'NONE', #2829, .T. ) ;
#4328 = AXIS2_PLACEMENT_3D ( 'NONE', #5034, #319, #3981 ) ;
#4329 = CYLINDRICAL_SURFACE ( 'NONE', #1240, 0.06250000000000000000 ) ;
#4330 = VERTEX_POINT ( 'NONE', #521 ) ;
#4331 = ORIENTED_EDGE ( 'NONE', *, *, #4745, .F. ) ;
#4332 = EDGE_LOOP ( 'NONE', ( #2580, #1611, #914, #6325 ) ) ;
#4333 = AXIS2_PLACEMENT_3D ( 'NONE', #3610, #3678, #1000 ) ;
#4334 = CIRCLE ( 'NONE', #3018, 0.2500000000000000555 ) ;
#4335 = VECTOR ( 'NONE', #6668, 100.0000000000000142 ) ;
#4336 = VERTEX_POINT ( 'NONE', #3645 ) ;
#4337 = FACE_OUTER_BOUND ( 'NONE', #3690, .T. ) ;
#4338 = DIRECTION ( 'NONE',  ( 1.000000000000000000, 0.000000000000000000, 0.000000000000000000 ) ) ;
#4339 = DIRECTION ( 'NONE',  ( 0.000000000000000000, -0.000000000000000000, -1.000000000000000000 ) ) ;
#4340 = DIRECTION ( 'NONE',  ( -0.000000000000000000, -1.000000000000000000, -0.000000000000000000 ) ) ;
#4341 = AXIS2_PLACEMENT_3D ( 'NONE', #1810, #5905, #6006 ) ;
#4342 = VECTOR ( 'NONE', #3107, 100.0000000000000000 ) ;
#4343 = TOROIDAL_SURFACE ( 'NONE', #5231, 1.134999999999999787, 0.1250000000000000000 ) ;
#4344 = ORIENTED_EDGE ( 'NONE', *, *, #5531, .T. ) ;
#4345 = DIRECTION ( 'NONE',  ( 0.000000000000000000, -1.000000000000000000, 0.000000000000000000 ) ) ;
#4346 = TOROIDAL_SURFACE ( 'NONE', #4231, 0.7599999999999995648, 0.1250000000000000000 ) ;
#4347 = ADVANCED_FACE ( 'NONE', ( #2622 ), #3135, .F. ) ;
#4348 = CARTESIAN_POINT ( 'NONE',  ( 7.443424118920733079, 0.5891795956947579738, 1.949999999999999956 ) ) ;
#4349 = CARTESIAN_POINT ( 'NONE',  ( -6.908742675414803358, -0.5316666666666662877, 0.9370696625084149467 ) ) ;
#4350 = CARTESIAN_POINT ( 'NONE',  ( 7.982126430965933217, 0.2872497520966513229, 0.6250000000000003331 ) ) ;
#4351 = VECTOR ( 'NONE', #2604, 100.0000000000000142 ) ;
#4352 = ORIENTED_EDGE ( 'NONE', *, *, #3404, .T. ) ;
#4353 = DIRECTION ( 'NONE',  ( -0.000000000000000000, 0.000000000000000000, 1.000000000000000000 ) ) ;
#4354 = ADVANCED_FACE ( 'NONE', ( #5239 ), #11, .T. ) ;
#4355 = DIRECTION ( 'NONE',  ( -0.000000000000000000, -1.000000000000000000, -0.000000000000000000 ) ) ;
#4356 = DIRECTION ( 'NONE',  ( -1.387778780781445922E-16, -0.000000000000000000, -1.000000000000000000 ) ) ;
#4357 = CARTESIAN_POINT ( 'NONE',  ( 7.999665410412173827, 0.3361533760589240916, 0.1250000000000001110 ) ) ;
#4358 = DIRECTION ( 'NONE',  ( 0.000000000000000000, -1.000000000000000000, 0.000000000000000000 ) ) ;
#4359 = EDGE_CURVE ( 'NONE', #150, #2335, #5811, .T. ) ;
#4360 = ORIENTED_EDGE ( 'NONE', *, *, #2016, .T. ) ;
#4361 = LINE ( 'NONE', #6425, #1599 ) ;
#4362 = DIRECTION ( 'NONE',  ( 0.000000000000000000, 0.000000000000000000, 1.000000000000000000 ) ) ;
#4363 = DIRECTION ( 'NONE',  ( 0.000000000000000000, 0.000000000000000000, 1.000000000000000000 ) ) ;
#4364 = CARTESIAN_POINT ( 'NONE',  ( -3.130379291100030770, -0.3400015541606994374, 2.437500000000000000 ) ) ;
#4365 = VECTOR ( 'NONE', #3973, 100.0000000000000142 ) ;
#4366 = ORIENTED_EDGE ( 'NONE', *, *, #5136, .T. ) ;
#4367 = EDGE_LOOP ( 'NONE', ( #3733, #5743, #3238, #2504 ) ) ;
#4368 = EDGE_LOOP ( 'NONE', ( #695, #4066, #6318, #1971 ) ) ;
#4369 = ORIENTED_EDGE ( 'NONE', *, *, #1595, .F. ) ;
#4370 = CARTESIAN_POINT ( 'NONE',  ( -8.739999999999998437, -1.666666666666666297, 2.000000000000000444 ) ) ;
#4371 = CARTESIAN_POINT ( 'NONE',  ( -7.435434714836723913, -2.282975606396272727, 1.826576036127544267 ) ) ;
#4372 = EDGE_CURVE ( 'NONE', #2157, #4554, #3448, .T. ) ;
#4373 = FACE_OUTER_BOUND ( 'NONE', #5105, .T. ) ;
#4374 = FACE_OUTER_BOUND ( 'NONE', #2917, .T. ) ;
#4375 = EDGE_LOOP ( 'NONE', ( #3373, #3127, #5922, #4645 ) ) ;
#4376 = EDGE_CURVE ( 'NONE', #6235, #5876, #3418, .T. ) ;
#4377 = ORIENTED_EDGE ( 'NONE', *, *, #6595, .F. ) ;
#4378 = VERTEX_POINT ( 'NONE', #6623 ) ;
#4379 = DIRECTION ( 'NONE',  ( -1.000000000000000000, 0.000000000000000000, 0.000000000000000000 ) ) ;
#4380 = CIRCLE ( 'NONE', #3606, 0.1250000000000000000 ) ;
#4381 = DIRECTION ( 'NONE',  ( -0.8000000000000011546, 0.000000000000000000, 0.5999999999999987566 ) ) ;
#4382 = PLANE ( 'NONE',  #5428 ) ;
#4383 = DIRECTION ( 'NONE',  ( 0.000000000000000000, -0.000000000000000000, -1.000000000000000000 ) ) ;
#4384 = TOROIDAL_SURFACE ( 'NONE', #1749, 1.134999999999999787, 0.1250000000000000000 ) ;
#4385 = ORIENTED_EDGE ( 'NONE', *, *, #2004, .F. ) ;
#4386 = CYLINDRICAL_SURFACE ( 'NONE', #4341, 0.1249999999999999445 ) ;
#4387 = AXIS2_PLACEMENT_3D ( 'NONE', #1254, #3425, #3866 ) ;
#4388 = FACE_OUTER_BOUND ( 'NONE', #524, .T. ) ;
#4389 = DIRECTION ( 'NONE',  ( -0.000000000000000000, -0.000000000000000000, -1.000000000000000000 ) ) ;
#4390 = AXIS2_PLACEMENT_3D ( 'NONE', #2108, #104, #553 ) ;
#4391 = CARTESIAN_POINT ( 'NONE',  ( -8.105000000000000426, -1.666666666666666297, 0.1250000000000001110 ) ) ;
#4392 = CARTESIAN_POINT ( 'NONE',  ( -8.739999999999998437, -1.666666666666666297, 0.5000000000000004441 ) ) ;
#4393 = EDGE_CURVE ( 'NONE', #5557, #2159, #2428, .T. ) ;
#4394 = DIRECTION ( 'NONE',  ( 1.000000000000000000, 0.000000000000000000, 0.000000000000000000 ) ) ;
#4395 = CARTESIAN_POINT ( 'NONE',  ( 7.050000000000002487, -1.753437974102241892, 0.9624999999999994671 ) ) ;
#4396 = CARTESIAN_POINT ( 'NONE',  ( -0.1333629230997752102, 1.270833333333334147, 2.437500000000000000 ) ) ;
#4397 = DIRECTION ( 'NONE',  ( 0.000000000000000000, 0.000000000000000000, 1.000000000000000000 ) ) ;
#4398 = ORIENTED_EDGE ( 'NONE', *, *, #2360, .T. ) ;
#4399 = ORIENTED_EDGE ( 'NONE', *, *, #4195, .T. ) ;
#4400 = VERTEX_POINT ( 'NONE', #6070 ) ;
#4401 = ORIENTED_EDGE ( 'NONE', *, *, #4532, .F. ) ;
#4402 = AXIS2_PLACEMENT_3D ( 'NONE', #6526, #3460, #5573 ) ;
#4403 = CYLINDRICAL_SURFACE ( 'NONE', #1140, 0.06249999999999997918 ) ;
#4404 = CARTESIAN_POINT ( 'NONE',  ( -7.372779489814402787, -2.281666666666666288, 1.779584617360802534 ) ) ;
#4405 = CARTESIAN_POINT ( 'NONE',  ( 7.514380874937518051, -1.931931001869575670, 0.6250000000000000000 ) ) ;
#4406 = CARTESIAN_POINT ( 'NONE',  ( 0.1988097293451667746, -0.7920162620271777865, 2.375000000000000000 ) ) ;
#4407 = EDGE_CURVE ( 'NONE', #5836, #4378, #3042, .T. ) ;
#4408 = VERTEX_POINT ( 'NONE', #4520 ) ;
#4409 = ORIENTED_EDGE ( 'NONE', *, *, #1364, .T. ) ;
#4410 = ADVANCED_FACE ( 'NONE', ( #6486 ), #5562, .T. ) ;
#4411 = EDGE_LOOP ( 'NONE', ( #2826, #5288, #6274, #6571 ) ) ;
#4412 = DIRECTION ( 'NONE',  ( -1.387778780781445922E-16, -0.000000000000000000, -1.000000000000000000 ) ) ;
#4413 = ADVANCED_FACE ( 'NONE', ( #736 ), #3892, .F. ) ;
#4414 = DIRECTION ( 'NONE',  ( 0.3281418111986830755, -0.9446284728628753236, 0.000000000000000000 ) ) ;
#4415 = DIRECTION ( 'NONE',  ( -0.9616986708114010352, 0.2741088589585981006, 0.000000000000000000 ) ) ;
#4416 = FACE_OUTER_BOUND ( 'NONE', #180, .T. ) ;
#4417 = CARTESIAN_POINT ( 'NONE',  ( -0.1229239912518637901, 0.8333333333333340365, 2.375000000000000000 ) ) ;
#4418 = CARTESIAN_POINT ( 'NONE',  ( -3.010166957248605168, -0.3742651615305240820, 2.437500000000000000 ) ) ;
#4419 = CARTESIAN_POINT ( 'NONE',  ( 2.346593711831867157, -0.1401862964321525795, -1.833804716126100409 ) ) ;
#4420 = LINE ( 'NONE', #2265, #1076 ) ;
#4421 = DIRECTION ( 'NONE',  ( 1.040834085586084503E-16, 0.000000000000000000, 1.000000000000000000 ) ) ;
#4422 = ORIENTED_EDGE ( 'NONE', *, *, #2013, .T. ) ;
#4423 = CARTESIAN_POINT ( 'NONE',  ( -7.124999999999999112, -0.4066666666666662877, 1.062500000000000000 ) ) ;
#4424 = EDGE_CURVE ( 'NONE', #4400, #971, #5965, .T. ) ;
#4425 = CARTESIAN_POINT ( 'NONE',  ( -0.1958629230997752102, 0.000000000000000000, 2.437500000000000000 ) ) ;
#4426 = DIRECTION ( 'NONE',  ( 0.000000000000000000, 0.000000000000000000, -1.000000000000000000 ) ) ;
#4427 = CARTESIAN_POINT ( 'NONE',  ( 0.000000000000000000, 1.083333333333334147, -0.007045904514871997870 ) ) ;
#4428 = EDGE_LOOP ( 'NONE', ( #4447, #3518, #1172, #3639 ) ) ;
#4429 = CIRCLE ( 'NONE', #1352, 0.06250000000000005551 ) ;
#4430 = ORIENTED_EDGE ( 'NONE', *, *, #840, .T. ) ;
#4431 = ORIENTED_EDGE ( 'NONE', *, *, #258, .F. ) ;
#4432 = DIRECTION ( 'NONE',  ( -0.8000000000000001554, 1.665334536937729091E-15, 0.6000000000000000888 ) ) ;
#4433 = AXIS2_PLACEMENT_3D ( 'NONE', #5686, #37, #6233 ) ;
#4434 = VECTOR ( 'NONE', #3239, 100.0000000000000000 ) ;
#4435 = CARTESIAN_POINT ( 'NONE',  ( -7.124999999999999112, -0.5316666666666663987, 1.437500000000000000 ) ) ;
#4436 = LINE ( 'NONE', #1833, #4832 ) ;
#4437 = EDGE_CURVE ( 'NONE', #660, #5104, #2295, .T. ) ;
#4438 = CARTESIAN_POINT ( 'NONE',  ( -0.2583629230997752102, 1.145833333333334147, 0.000000000000000000 ) ) ;
#4439 = CARTESIAN_POINT ( 'NONE',  ( -5.843787586927575717, -2.281666666666665844, 0.000000000000000000 ) ) ;
#4440 = EDGE_LOOP ( 'NONE', ( #3472, #4786, #3536, #490 ) ) ;
#4441 = CIRCLE ( 'NONE', #1811, 0.9999999999999995559 ) ;
#4442 = AXIS2_PLACEMENT_3D ( 'NONE', #135, #2231, #4394 ) ;
#4443 = AXIS2_PLACEMENT_3D ( 'NONE', #2367, #4908, #6454 ) ;
#4444 =( BOUNDED_CURVE ( )  B_SPLINE_CURVE ( 3, ( #1461, #5791, #4757, #6239 ),
 .UNSPECIFIED., .F., .F. ) 
 B_SPLINE_CURVE_WITH_KNOTS ( ( 4, 4 ),
 ( 4.628836532564641004, 4.712388980384689674 ),
 .UNSPECIFIED. ) 
 CURVE ( )  GEOMETRIC_REPRESENTATION_ITEM ( )  RATIONAL_B_SPLINE_CURVE ( ( 1.000000000000000000, 0.9994183336422297614, 0.9994183336422297614, 1.000000000000000000 ) ) 
 REPRESENTATION_ITEM ( '' )  );
#4445 = ORIENTED_EDGE ( 'NONE', *, *, #5380, .F. ) ;
#4446 = ADVANCED_FACE ( 'NONE', ( #1243 ), #228, .F. ) ;
#4447 = ORIENTED_EDGE ( 'NONE', *, *, #574, .F. ) ;
#4448 = CARTESIAN_POINT ( 'NONE',  ( 6.926757452254066472, 0.8242038836759507658, 1.062500000000000000 ) ) ;
#4449 = AXIS2_PLACEMENT_3D ( 'NONE', #2261, #4353, #742 ) ;
#4450 = PLANE ( 'NONE',  #748 ) ;
#4451 = VECTOR ( 'NONE', #6077, 100.0000000000000000 ) ;
#4452 = CARTESIAN_POINT ( 'NONE',  ( -3.052124931535665109, -0.5214728375432841068, 2.437500000000000000 ) ) ;
#4453 = CIRCLE ( 'NONE', #1497, 0.1250000000000001110 ) ;
#4454 = ORIENTED_EDGE ( 'NONE', *, *, #5845, .F. ) ;
#4455 = CARTESIAN_POINT ( 'NONE',  ( 7.000000000000001776, -1.718582527600188925, 0.000000000000000000 ) ) ;
#4456 = B_SPLINE_CURVE_WITH_KNOTS ( 'NONE', 3,
 ( #2657, #2146, #3753, #2728, #146, #3242, #5792, #4636, #2021, #1731 ),
 .UNSPECIFIED., .F., .F.,
 ( 4, 2, 2, 2, 4 ),
 ( -2.142921346912276748E-05, 0.0004714799267140931216, 0.0009643890668973089395, 0.001457298207080524920, 0.001950207347263740792 ),
 .UNSPECIFIED. ) ;
#4457 = CARTESIAN_POINT ( 'NONE',  ( -4.884385637733275054, -1.154458656940171801, 0.06250000000000000000 ) ) ;
#4458 = FACE_OUTER_BOUND ( 'NONE', #6368, .T. ) ;
#4459 = TOROIDAL_SURFACE ( 'NONE', #2925, 0.1250000000000000000, 0.06250000000000000000 ) ;
#4460 = DIRECTION ( 'NONE',  ( 0.9446284728628749905, 0.3281418111986841302, 0.000000000000000000 ) ) ;
#4461 = DIRECTION ( 'NONE',  ( -1.000000000000000000, 0.000000000000000000, 0.000000000000000000 ) ) ;
#4462 = ORIENTED_EDGE ( 'NONE', *, *, #3162, .T. ) ;
#4463 = DIRECTION ( 'NONE',  ( 1.000000000000000000, 0.000000000000000000, 0.000000000000000000 ) ) ;
#4464 = TOROIDAL_SURFACE ( 'NONE', #6640, 0.7599999999999995648, 0.1250000000000000000 ) ;
#4465 = FACE_OUTER_BOUND ( 'NONE', #6776, .T. ) ;
#4466 = FACE_OUTER_BOUND ( 'NONE', #4998, .T. ) ;
#4467 = DIRECTION ( 'NONE',  ( -0.2741088589585974900, -0.9616986708114011462, -0.000000000000000000 ) ) ;
#4468 = ORIENTED_EDGE ( 'NONE', *, *, #4524, .T. ) ;
#4469 = ORIENTED_EDGE ( 'NONE', *, *, #371, .T. ) ;
#4470 = ORIENTED_EDGE ( 'NONE', *, *, #1255, .F. ) ;
#4471 = CARTESIAN_POINT ( 'NONE',  ( -3.070273124174318191, -0.3571333578456120650, 2.437500000000000000 ) ) ;
#4472 = CIRCLE ( 'NONE', #630, 1.134999999999999787 ) ;
#4473 = DIRECTION ( 'NONE',  ( 1.000000000000000000, 0.000000000000000000, 0.000000000000000000 ) ) ;
#4474 = FACE_OUTER_BOUND ( 'NONE', #4706, .T. ) ;
#4475 = CARTESIAN_POINT ( 'NONE',  ( 5.116637076900224734, 1.145833333333334147, 0.000000000000000000 ) ) ;
#4476 = CARTESIAN_POINT ( 'NONE',  ( 4.991637076900224734, 1.145833333333334147, 2.437500000000000000 ) ) ;
#4477 = DIRECTION ( 'NONE',  ( -0.9699099091877008139, -0.2434641001451877396, 0.000000000000000000 ) ) ;
#4478 = ORIENTED_EDGE ( 'NONE', *, *, #5134, .F. ) ;
#4479 = EDGE_CURVE ( 'NONE', #295, #1898, #5897, .T. ) ;
#4480 = ORIENTED_EDGE ( 'NONE', *, *, #1336, .T. ) ;
#4481 = AXIS2_PLACEMENT_3D ( 'NONE', #5670, #3938, #6671 ) ;
#4482 = ADVANCED_FACE ( 'NONE', ( #5006 ), #2831, .T. ) ;
#4483 = ORIENTED_EDGE ( 'NONE', *, *, #1475, .F. ) ;
#4484 = CARTESIAN_POINT ( 'NONE',  ( -7.466666666666665897, -2.285591201756871804, 0.6500000000000005773 ) ) ;
#4485 = VECTOR ( 'NONE', #5626, 100.0000000000000000 ) ;
#4486 = CARTESIAN_POINT ( 'NONE',  ( 7.957322568362881654, 0.2180895838400100928, 0.6250000000000003331 ) ) ;
#4487 =( BOUNDED_SURFACE ( )  B_SPLINE_SURFACE ( 3, 2, ( 
 ( #671, #4901, #3929 ),
 ( #2868, #4971, #5935 ),
 ( #4862, #2328, #121 ),
 ( #2761, #1244, #260 ),
 ( #1735, #1182, #5455 ),
 ( #2220, #4937, #4348 ) ),
 .UNSPECIFIED., .F., .F., .F. ) 
 B_SPLINE_SURFACE_WITH_KNOTS ( ( 4, 2, 4 ),
 ( 3, 3 ),
 ( 1.570796326794896558, 1.892546881191539354, 2.214297435588182150 ),
 ( 0.000000000000000000, 1.000000000000000000 ),
 .UNSPECIFIED. ) 
 GEOMETRIC_REPRESENTATION_ITEM ( )  RATIONAL_B_SPLINE_SURFACE ( (
 ( 1.000000000000000000, 0.7071067811865475727, 1.000000000000000000),
 ( 1.000000000000000000, 0.7228128513275207112, 1.000000000000000000),
 ( 1.000000000000000000, 0.7379703218026862910, 1.000000000000000000),
 ( 1.000000000000000000, 0.7659825684224086384, 1.000000000000000000),
 ( 1.000000000000000000, 0.7788380182334676549, 1.000000000000000000),
 ( 1.000000000000000000, 0.7900746074958708842, 1.000000000000000000) ) ) 
 REPRESENTATION_ITEM ( '' )  SURFACE ( )  );
#4488 = ORIENTED_EDGE ( 'NONE', *, *, #203, .F. ) ;
#4489 = CARTESIAN_POINT ( 'NONE',  ( 7.466666666666668561, -1.898669001194127848, 1.850000000000000311 ) ) ;
#4490 = TOROIDAL_SURFACE ( 'NONE', #3721, 0.7599999999999995648, 0.1250000000000000000 ) ;
#4491 = CYLINDRICAL_SURFACE ( 'NONE', #5334, 0.1250000000000001110 ) ;
#4492 = CARTESIAN_POINT ( 'NONE',  ( -7.297779489814402609, -2.281666666666666288, 2.375000000000000000 ) ) ;
#4493 = PLANE ( 'NONE',  #6021 ) ;
#4494 = CARTESIAN_POINT ( 'NONE',  ( -7.514568091460858135, -2.430448093704558499, 1.874999999999999556 ) ) ;
#4495 = AXIS2_PLACEMENT_3D ( 'NONE', #3833, #5940, #6008 ) ;
#4496 = ADVANCED_FACE ( 'NONE', ( #6555 ), #4450, .T. ) ;
#4497 = VERTEX_POINT ( 'NONE', #331 ) ;
#4498 = DIRECTION ( 'NONE',  ( 1.000000000000000000, 0.000000000000000000, 0.000000000000000000 ) ) ;
#4499 = CIRCLE ( 'NONE', #3180, 0.06249999999999995837 ) ;
#4500 = EDGE_CURVE ( 'NONE', #2883, #1219, #4282, .T. ) ;
#4501 = VECTOR ( 'NONE', #5650, 100.0000000000000142 ) ;
#4502 = ADVANCED_FACE ( 'NONE', ( #2526 ), #3106, .T. ) ;
#4503 = ADVANCED_FACE ( 'NONE', ( #6135 ), #360, .T. ) ;
#4504 = CARTESIAN_POINT ( 'NONE',  ( 8.325291008880263632, -2.356463478178802973, 0.1250000000000000000 ) ) ;
#4505 = CARTESIAN_POINT ( 'NONE',  ( 4.991637076900224734, 1.270833333333334147, 0.06250000000000000000 ) ) ;
#4506 = CARTESIAN_POINT ( 'NONE',  ( -2.393018514136795893, -1.555233225786488704, 2.375000000000000000 ) ) ;
#4507 = ORIENTED_EDGE ( 'NONE', *, *, #6017, .F. ) ;
#4508 = VECTOR ( 'NONE', #3869, 100.0000000000000142 ) ;
#4509 = EDGE_LOOP ( 'NONE', ( #1127, #725, #5003, #6612 ) ) ;
#4510 = ORIENTED_EDGE ( 'NONE', *, *, #1218, .T. ) ;
#4511 = DIRECTION ( 'NONE',  ( 0.2741088589585953805, 0.9616986708114018123, 0.000000000000000000 ) ) ;
#4512 = CARTESIAN_POINT ( 'NONE',  ( -8.105000000000000426, -1.666666666666666297, 2.000000000000000444 ) ) ;
#4513 = DIRECTION ( 'NONE',  ( -0.000000000000000000, 0.000000000000000000, 1.000000000000000000 ) ) ;
#4514 = DIRECTION ( 'NONE',  ( 0.8000000000000007105, -0.000000000000000000, 0.5999999999999993117 ) ) ;
#4515 = DIRECTION ( 'NONE',  ( 0.000000000000000000, -1.000000000000000000, 0.000000000000000000 ) ) ;
#4516 = CARTESIAN_POINT ( 'NONE',  ( 6.833858235007964410, -1.836617925567662901, 1.062500000000000000 ) ) ;
#4517 = ORIENTED_EDGE ( 'NONE', *, *, #3112, .T. ) ;
#4518 = ORIENTED_EDGE ( 'NONE', *, *, #1985, .T. ) ;
#4519 = EDGE_LOOP ( 'NONE', ( #1303, #3094, #38, #2636 ) ) ;
#4520 = CARTESIAN_POINT ( 'NONE',  ( 7.466666666666668561, 0.4753983752048718259, 0.6500000000000003553 ) ) ;
#4521 = DIRECTION ( 'NONE',  ( -0.000000000000000000, -0.000000000000000000, -1.000000000000000000 ) ) ;
#4522 = EDGE_CURVE ( 'NONE', #6089, #4884, #4255, .T. ) ;
#4523 = DIRECTION ( 'NONE',  ( -0.9102497639190944012, 0.4140596180325159525, 1.263225307578239743E-16 ) ) ;
#4524 = EDGE_CURVE ( 'NONE', #4822, #3026, #3776, .T. ) ;
#4525 = VERTEX_POINT ( 'NONE', #5109 ) ;
#4526 = CARTESIAN_POINT ( 'NONE',  ( 7.541666666666668739, 0.4071655174038803504, 2.000000000000000444 ) ) ;
#4527 = DIRECTION ( 'NONE',  ( 0.000000000000000000, 0.000000000000000000, 1.000000000000000000 ) ) ;
#4528 = DIRECTION ( 'NONE',  ( 0.000000000000000000, 0.000000000000000000, 1.000000000000000000 ) ) ;
#4529 = DIRECTION ( 'NONE',  ( -0.3281418111986847408, 0.9446284728628747684, 0.000000000000000000 ) ) ;
#4530 = EDGE_CURVE ( 'NONE', #5772, #2343, #6238, .T. ) ;
#4531 = CARTESIAN_POINT ( 'NONE',  ( -7.515214666817210620, -2.297692478160997087, 1.872914761792799920 ) ) ;
#4532 = EDGE_CURVE ( 'NONE', #2174, #4693, #6529, .T. ) ;
#4533 = ORIENTED_EDGE ( 'NONE', *, *, #2074, .F. ) ;
#4534 = DIRECTION ( 'NONE',  ( -0.7982105327345756507, -0.06684807205037132660, 0.5986578995509317380 ) ) ;
#4535 = EDGE_CURVE ( 'NONE', #291, #4923, #6757, .T. ) ;
#4536 = DIRECTION ( 'NONE',  ( -1.000000000000000000, 0.000000000000000000, 2.753529326947312927E-16 ) ) ;
#4537 = DIRECTION ( 'NONE',  ( 0.9435497843495181947, 0.3312307420122378998, -0.000000000000000000 ) ) ;
#4538 = ORIENTED_EDGE ( 'NONE', *, *, #5724, .F. ) ;
#4539 = EDGE_LOOP ( 'NONE', ( #1312, #2588, #1962, #2277 ) ) ;
#4540 = ADVANCED_FACE ( 'NONE', ( #5596 ), #1986, .F. ) ;
#4541 = ORIENTED_EDGE ( 'NONE', *, *, #4279, .T. ) ;
#4542 = LINE ( 'NONE', #6645, #5969 ) ;
#4543 = DIRECTION ( 'NONE',  ( -0.7292219231207921482, -0.6842772733622047854, -0.000000000000000000 ) ) ;
#4544 = LINE ( 'NONE', #998, #2741 ) ;
#4545 = CARTESIAN_POINT ( 'NONE',  ( -4.863129584821977325, -0.9482791194055660844, 0.000000000000000000 ) ) ;
#4546 = CIRCLE ( 'NONE', #4099, 0.06250000000000027756 ) ;
#4547 = DIRECTION ( 'NONE',  ( 0.9442831837397909212, -0.3291341199363027603, 9.135306953575527327E-16 ) ) ;
#4548 = CYLINDRICAL_SURFACE ( 'NONE', #6244, 0.06249999999999997224 ) ;
#4549 = ORIENTED_EDGE ( 'NONE', *, *, #5518, .F. ) ;
#4550 = ORIENTED_EDGE ( 'NONE', *, *, #5459, .F. ) ;
#4551 = AXIS2_PLACEMENT_3D ( 'NONE', #6071, #1351, #6136 ) ;
#4552 = TOROIDAL_SURFACE ( 'NONE', #1046, 0.1250000000000000000, 0.06250000000000000000 ) ;
#4553 = AXIS2_PLACEMENT_3D ( 'NONE', #4167, #4194, #1104 ) ;
#4554 = VERTEX_POINT ( 'NONE', #3995 ) ;
#4555 = DIRECTION ( 'NONE',  ( -1.000000000000000000, 0.000000000000000000, 0.000000000000000000 ) ) ;
#4556 = CARTESIAN_POINT ( 'NONE',  ( -7.421019819402823181, -2.414019591868533432, 1.978392659257496966 ) ) ;
#4557 = CIRCLE ( 'NONE', #594, 0.1250000000000000000 ) ;
#4558 = DIRECTION ( 'NONE',  ( 1.000000000000000000, 0.000000000000000000, 0.000000000000000000 ) ) ;
#4559 = VECTOR ( 'NONE', #2807, 100.0000000000000000 ) ;
#4560 = ORIENTED_EDGE ( 'NONE', *, *, #2463, .F. ) ;
#4561 = CARTESIAN_POINT ( 'NONE',  ( -8.739999999999998437, -0.4066666666666663987, 0.1250000000000001110 ) ) ;
#4562 = AXIS2_PLACEMENT_3D ( 'NONE', #2745, #648, #3323 ) ;
#4563 = AXIS2_PLACEMENT_3D ( 'NONE', #1605, #5834, #6381 ) ;
#4564 = DIRECTION ( 'NONE',  ( 0.000000000000000000, 0.000000000000000000, -1.000000000000000000 ) ) ;
#4565 = CARTESIAN_POINT ( 'NONE',  ( -0.2583629230997752102, 1.145833333333334147, 2.500000000000000000 ) ) ;
#4566 = CARTESIAN_POINT ( 'NONE',  ( 4.491576537518830570, 0.8333333333333340365, 0.1250000000000001110 ) ) ;
#4567 = CARTESIAN_POINT ( 'NONE',  ( -8.105000000000000426, -1.666666666666666297, 2.500000000000000000 ) ) ;
#4568 = CIRCLE ( 'NONE', #936, 0.1249999999999998196 ) ;
#4569 = AXIS2_PLACEMENT_3D ( 'NONE', #3176, #5309, #5693 ) ;
#4570 = ORIENTED_EDGE ( 'NONE', *, *, #4698, .F. ) ;
#4571 = LINE ( 'NONE', #954, #3560 ) ;
#4572 = EDGE_CURVE ( 'NONE', #2960, #2097, #4992, .T. ) ;
#4573 = CIRCLE ( 'NONE', #6109, 1.134999999999999787 ) ;
#4574 = CARTESIAN_POINT ( 'NONE',  ( -8.739999999999998437, -1.666666666666666297, 0.5000000000000004441 ) ) ;
#4575 = LINE ( 'NONE', #5740, #5761 ) ;
#4576 = LINE ( 'NONE', #6679, #4764 ) ;
#4577 = EDGE_LOOP ( 'NONE', ( #6746, #4366, #6361, #478 ) ) ;
#4578 = EDGE_CURVE ( 'NONE', #2238, #2674, #6104, .T. ) ;
#4579 = VECTOR ( 'NONE', #6028, 100.0000000000000000 ) ;
#4580 = VERTEX_POINT ( 'NONE', #5658 ) ;
#4581 = VERTEX_POINT ( 'NONE', #3485 ) ;
#4582 = CARTESIAN_POINT ( 'NONE',  ( -7.001434682483352212, -0.5312571786951048036, 1.459313853974696373 ) ) ;
#4583 = CARTESIAN_POINT ( 'NONE',  ( 4.491576537518830570, 1.708333333333333925, 0.000000000000000000 ) ) ;
#4584 = DIRECTION ( 'NONE',  ( 0.000000000000000000, -1.000000000000000000, 0.000000000000000000 ) ) ;
#4585 = CARTESIAN_POINT ( 'NONE',  ( 7.443424118920733079, 0.5891795956947590840, 0.5500000000000001554 ) ) ;
#4586 = ORIENTED_EDGE ( 'NONE', *, *, #4625, .T. ) ;
#4587 = ORIENTED_EDGE ( 'NONE', *, *, #2345, .F. ) ;
#4588 = ORIENTED_EDGE ( 'NONE', *, *, #5840, .F. ) ;
#4589 = AXIS2_PLACEMENT_3D ( 'NONE', #6358, #4151, #5228 ) ;
#4590 = EDGE_CURVE ( 'NONE', #2737, #3234, #2573, .T. ) ;
#4591 = CARTESIAN_POINT ( 'NONE',  ( 3.333333333333335258, -1.666666666666666963, 0.1250000000000001110 ) ) ;
#4592 = EDGE_CURVE ( 'NONE', #6622, #4261, #3010, .T. ) ;
#4593 = CARTESIAN_POINT ( 'NONE',  ( -7.477868991302748292, -2.287467533310250101, 0.6415982565229381152 ) ) ;
#4594 = ADVANCED_FACE ( 'NONE', ( #460 ), #6171, .T. ) ;
#4595 = PLANE ( 'NONE',  #6143 ) ;
#4596 = AXIS2_PLACEMENT_3D ( 'NONE', #4566, #1326, #6180 ) ;
#4597 = ORIENTED_EDGE ( 'NONE', *, *, #5531, .F. ) ;
#4598 = TOROIDAL_SURFACE ( 'NONE', #6356, 0.7599999999999995648, 0.1250000000000000000 ) ;
#4599 = CARTESIAN_POINT ( 'NONE',  ( -4.923235751747690792, -0.9311473157206536788, 2.500000000000000000 ) ) ;
#4600 = CARTESIAN_POINT ( 'NONE',  ( 0.000000000000000000, -0.4066666666666662877, 2.375000000000000000 ) ) ;
#4601 = CYLINDRICAL_SURFACE ( 'NONE', #3493, 0.1250000000000000000 ) ;
#4602 = AXIS2_PLACEMENT_3D ( 'NONE', #4044, #5700, #951 ) ;
#4603 = EDGE_LOOP ( 'NONE', ( #6253, #1608, #411, #4588 ) ) ;
#4604 = DIRECTION ( 'NONE',  ( -0.000000000000000000, -0.000000000000000000, -1.000000000000000000 ) ) ;
#4605 = ADVANCED_FACE ( 'NONE', ( #4657 ), #2783, .T. ) ;
#4606 = AXIS2_PLACEMENT_3D ( 'NONE', #2562, #5186, #913 ) ;
#4607 = CARTESIAN_POINT ( 'NONE',  ( 7.000000000000001776, -2.926666666666667194, 1.437500000000000000 ) ) ;
#4608 = DIRECTION ( 'NONE',  ( -0.000000000000000000, 0.000000000000000000, 1.000000000000000000 ) ) ;
#4609 = DIRECTION ( 'NONE',  ( 0.6842772733622047854, -0.7292219231207922592, 0.000000000000000000 ) ) ;
#4610 = ORIENTED_EDGE ( 'NONE', *, *, #4922, .T. ) ;
#4611 = EDGE_CURVE ( 'NONE', #5688, #778, #6660, .T. ) ;
#4612 = CIRCLE ( 'NONE', #6261, 0.1250000000000001110 ) ;
#4613 = ORIENTED_EDGE ( 'NONE', *, *, #994, .T. ) ;
#4614 = ADVANCED_FACE ( 'NONE', ( #5147, #426, #4626, #6725, #5278, #559 ), #4266, .T. ) ;
#4615 = AXIS2_PLACEMENT_3D ( 'NONE', #4492, #3968, #3423 ) ;
#4616 = CARTESIAN_POINT ( 'NONE',  ( -6.999999999999999112, -0.5311605225217577164, 1.437500000000000000 ) ) ;
#4617 = CARTESIAN_POINT ( 'NONE',  ( 5.532877376020794991, -2.566981288130124383, 0.1250000000000001110 ) ) ;
#4618 = CARTESIAN_POINT ( 'NONE',  ( 7.493199685198216109, 0.5665374014562557514, 0.6301002361013393616 ) ) ;
#4619 = CARTESIAN_POINT ( 'NONE',  ( 8.740000000000001990, -1.166666666666666519, 2.000000000000000444 ) ) ;
#4620 = AXIS2_PLACEMENT_3D ( 'NONE', #2436, #6179, #6630 ) ;
#4621 = DIRECTION ( 'NONE',  ( 1.000000000000000000, 0.000000000000000000, 0.000000000000000000 ) ) ;
#4622 = ORIENTED_EDGE ( 'NONE', *, *, #6335, .F. ) ;
#4623 = ORIENTED_EDGE ( 'NONE', *, *, #1072, .F. ) ;
#4624 = ORIENTED_EDGE ( 'NONE', *, *, #6684, .T. ) ;
#4625 = EDGE_CURVE ( 'NONE', #3000, #6438, #5656, .T. ) ;
#4626 = FACE_BOUND ( 'NONE', #270, .T. ) ;
#4627 = CARTESIAN_POINT ( 'NONE',  ( -7.541666666666666075, -2.308420772084294637, 0.6250000000000003331 ) ) ;
#4628 = CARTESIAN_POINT ( 'NONE',  ( 1.446443546245209433, 3.179795467010756216, 0.1250000000000001110 ) ) ;
#4629 = EDGE_CURVE ( 'NONE', #414, #4739, #2678, .T. ) ;
#4630 = ADVANCED_FACE ( 'NONE', ( #2691 ), #1560, .T. ) ;
#4631 = ORIENTED_EDGE ( 'NONE', *, *, #3573, .T. ) ;
#4632 = CYLINDRICAL_SURFACE ( 'NONE', #940, 0.1250000000000000000 ) ;
#4633 = EDGE_CURVE ( 'NONE', #770, #546, #5894, .T. ) ;
#4634 = CARTESIAN_POINT ( 'NONE',  ( -0.1229239912518637901, 0.8333333333333340365, 2.500000000000000000 ) ) ;
#4635 = CARTESIAN_POINT ( 'NONE',  ( -4.983341918673403370, -0.9140155120357413843, 0.000000000000000000 ) ) ;
#4636 = CARTESIAN_POINT ( 'NONE',  ( 2.099708581527633289, -1.906632890333926245, 2.407726675979164455 ) ) ;
#4637 = CARTESIAN_POINT ( 'NONE',  ( 9.375000000000001776, -1.166666666666666519, 2.000000000000000444 ) ) ;
#4638 = ORIENTED_EDGE ( 'NONE', *, *, #844, .F. ) ;
#4639 = ORIENTED_EDGE ( 'NONE', *, *, #1342, .F. ) ;
#4640 = ORIENTED_EDGE ( 'NONE', *, *, #13, .T. ) ;
#4641 = DIRECTION ( 'NONE',  ( 0.9699099091877008139, 0.2434641001451877396, 0.000000000000000000 ) ) ;
#4642 = CARTESIAN_POINT ( 'NONE',  ( 8.740000000000001990, -1.166666666666666519, 0.000000000000000000 ) ) ;
#4643 = DIRECTION ( 'NONE',  ( 1.224646799147353207E-16, 1.000000000000000000, -0.000000000000000000 ) ) ;
#4644 = ORIENTED_EDGE ( 'NONE', *, *, #6650, .F. ) ;
#4645 = ORIENTED_EDGE ( 'NONE', *, *, #6264, .F. ) ;
#4646 = EDGE_CURVE ( 'NONE', #4788, #3907, #3770, .T. ) ;
#4647 = DIRECTION ( 'NONE',  ( 0.000000000000000000, 0.000000000000000000, 1.000000000000000000 ) ) ;
#4648 = CARTESIAN_POINT ( 'NONE',  ( -4.905087559109038153, -1.095486795418325832, 2.437500000000000000 ) ) ;
#4649 = CARTESIAN_POINT ( 'NONE',  ( 7.578056742969261350, 0.5279371377477797278, 0.6195682399339473845 ) ) ;
#4650 = CARTESIAN_POINT ( 'NONE',  ( -8.739999999999998437, -1.666666666666666297, 0.6250000000000003331 ) ) ;
#4651 = DIRECTION ( 'NONE',  ( -0.2588190451025207950, -0.9659258262890683122, 0.000000000000000000 ) ) ;
#4652 = ORIENTED_EDGE ( 'NONE', *, *, #6011, .T. ) ;
#4653 = VERTEX_POINT ( 'NONE', #663 ) ;
#4654 = EDGE_LOOP ( 'NONE', ( #6284, #211, #5509, #3602 ) ) ;
#4655 = EDGE_CURVE ( 'NONE', #5114, #2737, #17, .T. ) ;
#4656 = CIRCLE ( 'NONE', #916, 0.6349999999999994538 ) ;
#4657 = FACE_OUTER_BOUND ( 'NONE', #2183, .T. ) ;
#4658 = LINE ( 'NONE', #4697, #5925 ) ;
#4659 = AXIS2_PLACEMENT_3D ( 'NONE', #6186, #4608, #3567 ) ;
#4660 = EDGE_CURVE ( 'NONE', #1213, #4773, #1174, .T. ) ;
#4661 = VECTOR ( 'NONE', #1395, 100.0000000000000000 ) ;
#4662 = EDGE_LOOP ( 'NONE', ( #3217, #6772, #1938, #5620 ) ) ;
#4663 = DIRECTION ( 'NONE',  ( 1.000000000000000000, 0.000000000000000000, 0.000000000000000000 ) ) ;
#4664 = AXIS2_PLACEMENT_3D ( 'NONE', #5300, #4689, #3712 ) ;
#4665 = AXIS2_PLACEMENT_3D ( 'NONE', #6007, #4868, #4314 ) ;
#4666 = CARTESIAN_POINT ( 'NONE',  ( -6.908742675414803358, -0.4066666666666662877, 0.000000000000000000 ) ) ;
#4667 = DIRECTION ( 'NONE',  ( 0.4140596180325145648, 0.9102497639190949563, 0.000000000000000000 ) ) ;
#4668 = CARTESIAN_POINT ( 'NONE',  ( 8.740000000000001990, -1.166666666666666519, 2.000000000000000444 ) ) ;
#4669 = VERTEX_POINT ( 'NONE', #4756 ) ;
#4670 = AXIS2_PLACEMENT_3D ( 'NONE', #4218, #1618, #1122 ) ;
#4671 = ORIENTED_EDGE ( 'NONE', *, *, #634, .T. ) ;
#4672 = AXIS2_PLACEMENT_3D ( 'NONE', #3298, #3369, #3232 ) ;
#4673 = AXIS2_PLACEMENT_3D ( 'NONE', #4684, #3130, #6362 ) ;
#4674 = EDGE_LOOP ( 'NONE', ( #4726, #1924, #1624, #5601 ) ) ;
#4675 = TOROIDAL_SURFACE ( 'NONE', #3237, 0.7600000000000002309, 0.1250000000000000000 ) ;
#4676 =( BOUNDED_CURVE ( )  B_SPLINE_CURVE ( 3, ( #5397, #644, #130, #3705 ),
 .UNSPECIFIED., .F., .F. ) 
 B_SPLINE_CURVE_WITH_KNOTS ( ( 4, 4 ),
 ( 1.487243878974847666, 1.570796326794896780 ),
 .UNSPECIFIED. ) 
 CURVE ( )  GEOMETRIC_REPRESENTATION_ITEM ( )  RATIONAL_B_SPLINE_CURVE ( ( 1.000000000000000000, 0.9994183336422297614, 0.9994183336422297614, 1.000000000000000000 ) ) 
 REPRESENTATION_ITEM ( '' )  );
#4677 = DIRECTION ( 'NONE',  ( 0.000000000000000000, 1.000000000000000000, 0.000000000000000000 ) ) ;
#4678 = FACE_OUTER_BOUND ( 'NONE', #133, .T. ) ;
#4679 = VECTOR ( 'NONE', #5968, 100.0000000000000000 ) ;
#4680 = DIRECTION ( 'NONE',  ( 0.000000000000000000, -0.000000000000000000, -1.000000000000000000 ) ) ;
#4681 = DIRECTION ( 'NONE',  ( 1.000000000000000000, 0.000000000000000000, 0.000000000000000000 ) ) ;
#4682 = AXIS2_PLACEMENT_3D ( 'NONE', #5679, #1478, #2067 ) ;
#4683 = ORIENTED_EDGE ( 'NONE', *, *, #218, .T. ) ;
#4684 = CARTESIAN_POINT ( 'NONE',  ( -7.297779489814402609, -3.406666666666666288, 2.375000000000000000 ) ) ;
#4685 = AXIS2_PLACEMENT_3D ( 'NONE', #5152, #6701, #6598 ) ;
#4686 = CARTESIAN_POINT ( 'NONE',  ( -7.431125843089759542, -2.412153575989177234, 0.6766556176824619628 ) ) ;
#4687 = CARTESIAN_POINT ( 'NONE',  ( -0.2904359502726333031, -0.4364516378462734991, 2.500000000000000000 ) ) ;
#4688 = CARTESIAN_POINT ( 'NONE',  ( 0.2292427418633152247, -0.9132550006756403604, 0.1250000000000001110 ) ) ;
#4689 = DIRECTION ( 'NONE',  ( 1.000000000000000000, 0.000000000000000000, 0.000000000000000000 ) ) ;
#4690 = SPHERICAL_SURFACE ( 'NONE', #641, 0.1250000000000000000 ) ;
#4691 = ORIENTED_EDGE ( 'NONE', *, *, #5542, .T. ) ;
#4692 = TOROIDAL_SURFACE ( 'NONE', #1827, 0.8750000000000001110, 0.1250000000000000000 ) ;
#4693 = VERTEX_POINT ( 'NONE', #1628 ) ;
#4694 = ORIENTED_EDGE ( 'NONE', *, *, #652, .T. ) ;
#4695 = CARTESIAN_POINT ( 'NONE',  ( -0.1333629230997752102, 1.020833333333333925, 2.437500000000000000 ) ) ;
#4696 = CARTESIAN_POINT ( 'NONE',  ( 5.900805557594625661, -1.511398248755885909, 2.375000000000000000 ) ) ;
#4697 = CARTESIAN_POINT ( 'NONE',  ( 0.6199143156245150443, 2.313551722249974851, 2.000000000000000444 ) ) ;
#4698 = EDGE_CURVE ( 'NONE', #771, #2012, #4769, .T. ) ;
#4699 = EDGE_LOOP ( 'NONE', ( #3957, #894, #3543, #4919 ) ) ;
#4700 = DIRECTION ( 'NONE',  ( -0.000000000000000000, 0.000000000000000000, 1.000000000000000000 ) ) ;
#4701 = CARTESIAN_POINT ( 'NONE',  ( -7.541666666666666075, -0.5316666666666663987, 0.7500000000000003331 ) ) ;
#4702 = CIRCLE ( 'NONE', #3267, 0.06250000000000000000 ) ;
#4703 = CARTESIAN_POINT ( 'NONE',  ( 8.366432773872297446, -2.238428080211328108, 0.6250000000000003331 ) ) ;
#4704 = ORIENTED_EDGE ( 'NONE', *, *, #6170, .T. ) ;
#4705 = VERTEX_POINT ( 'NONE', #1136 ) ;
#4706 = EDGE_LOOP ( 'NONE', ( #3407, #4671, #1610, #2608 ) ) ;
#4707 = CARTESIAN_POINT ( 'NONE',  ( -7.016871337707401679, -0.5316666666666667318, 1.500215168745793193 ) ) ;
#4708 = DIRECTION ( 'NONE',  ( 1.000000000000000000, 0.000000000000000000, 0.000000000000000000 ) ) ;
#4709 = ADVANCED_FACE ( 'NONE', ( #5348 ), #3240, .F. ) ;
#4710 = CARTESIAN_POINT ( 'NONE',  ( -7.381234758127526163, -2.410155142302404574, 0.5499999999999997113 ) ) ;
#4711 = DIRECTION ( 'NONE',  ( -1.000000000000000000, 0.000000000000000000, 0.000000000000000000 ) ) ;
#4712 = AXIS2_PLACEMENT_3D ( 'NONE', #6510, #2892, #3852 ) ;
#4713 = ORIENTED_EDGE ( 'NONE', *, *, #5956, .F. ) ;
#4714 = ADVANCED_FACE ( 'NONE', ( #5790 ), #44, .T. ) ;
#4715 = ORIENTED_EDGE ( 'NONE', *, *, #255, .T. ) ;
#4716 = EDGE_CURVE ( 'NONE', #6116, #4408, #2998, .T. ) ;
#4717 = TOROIDAL_SURFACE ( 'NONE', #537, 0.7599999999999995648, 0.1250000000000000000 ) ;
#4718 = CARTESIAN_POINT ( 'NONE',  ( -7.381234758127530604, -2.410155142302405018, 0.5499999999999967137 ) ) ;
#4719 = FACE_OUTER_BOUND ( 'NONE', #6809, .T. ) ;
#4720 = FACE_OUTER_BOUND ( 'NONE', #871, .T. ) ;
#4721 = CARTESIAN_POINT ( 'NONE',  ( 3.333333333333335258, -1.666666666666666963, 2.375000000000000000 ) ) ;
#4722 = CARTESIAN_POINT ( 'NONE',  ( 1.498200998499273906, 3.293576687500643363, 2.500000000000000000 ) ) ;
#4723 = VERTEX_POINT ( 'NONE', #6402 ) ;
#4724 = CIRCLE ( 'NONE', #6363, 0.1250000000000000000 ) ;
#4725 = ORIENTED_EDGE ( 'NONE', *, *, #2854, .F. ) ;
#4726 = ORIENTED_EDGE ( 'NONE', *, *, #1669, .T. ) ;
#4727 = CIRCLE ( 'NONE', #4829, 0.1250000000000001110 ) ;
#4728 = VECTOR ( 'NONE', #5172, 100.0000000000000000 ) ;
#4729 = DIRECTION ( 'NONE',  ( 0.9102497639190945122, -0.4140596180325160081, 0.000000000000000000 ) ) ;
#4730 = CARTESIAN_POINT ( 'NONE',  ( 7.487081385687373469, 0.5693205285263038817, 0.5172570499250198628 ) ) ;
#4731 = ORIENTED_EDGE ( 'NONE', *, *, #5879, .T. ) ;
#4732 = LINE ( 'NONE', #1009, #6218 ) ;
#4733 = LINE ( 'NONE', #4171, #827 ) ;
#4734 = CARTESIAN_POINT ( 'NONE',  ( -7.515155645385199534, -2.297672047781316174, 0.6270974099471993135 ) ) ;
#4735 = CARTESIAN_POINT ( 'NONE',  ( -0.1333629230997752102, 1.333333333333334147, 0.06250000000000000000 ) ) ;
#4736 = ORIENTED_EDGE ( 'NONE', *, *, #2863, .F. ) ;
#4737 = ADVANCED_FACE ( 'NONE', ( #116 ), #2084, .T. ) ;
#4738 = ORIENTED_EDGE ( 'NONE', *, *, #203, .T. ) ;
#4739 = VERTEX_POINT ( 'NONE', #3789 ) ;
#4740 = CARTESIAN_POINT ( 'NONE',  ( -8.739999999999998437, -1.666666666666666297, 2.500000000000000000 ) ) ;
#4741 = EDGE_CURVE ( 'NONE', #5930, #2425, #3993, .T. ) ;
#4742 = CARTESIAN_POINT ( 'NONE',  ( -8.739999999999998437, -1.666666666666666297, 1.875000000000000222 ) ) ;
#4743 = DIRECTION ( 'NONE',  ( 0.000000000000000000, 0.000000000000000000, 1.000000000000000000 ) ) ;
#4744 = CARTESIAN_POINT ( 'NONE',  ( -9.499999999999998224, -1.666666666666666297, 5.421010862427522170E-17 ) ) ;
#4745 = EDGE_CURVE ( 'NONE', #25, #307, #3665, .T. ) ;
#4746 = ORIENTED_EDGE ( 'NONE', *, *, #6052, .T. ) ;
#4747 = EDGE_CURVE ( 'NONE', #1390, #6337, #5857, .T. ) ;
#4748 = CARTESIAN_POINT ( 'NONE',  ( 8.740000000000001990, -1.166666666666666519, 0.6250000000000002220 ) ) ;
#4749 = APPLICATION_PROTOCOL_DEFINITION ( 'draft international standard', 'automotive_design', 1998, #5122 ) ;
#4750 = DIRECTION ( 'NONE',  ( -0.000000000000000000, 0.000000000000000000, 1.000000000000000000 ) ) ;
#4751 = CARTESIAN_POINT ( 'NONE',  ( 8.740000000000001990, -1.166666666666666519, 0.1250000000000001110 ) ) ;
#4752 = DIRECTION ( 'NONE',  ( 0.000000000000000000, 0.000000000000000000, 1.000000000000000000 ) ) ;
#4753 = ORIENTED_EDGE ( 'NONE', *, *, #2407, .F. ) ;
#4754 = ORIENTED_EDGE ( 'NONE', *, *, #2518, .F. ) ;
#4755 = ORIENTED_EDGE ( 'NONE', *, *, #3277, .T. ) ;
#4756 = CARTESIAN_POINT ( 'NONE',  ( 9.500000000000001776, -1.166666666666666519, 2.500000000000000000 ) ) ;
#4757 = CARTESIAN_POINT ( 'NONE',  ( -7.325638409938441065, -2.406666666666665844, 1.903090581215459043 ) ) ;
#4758 = DIRECTION ( 'NONE',  ( 0.000000000000000000, -0.000000000000000000, -1.000000000000000000 ) ) ;
#4759 = ORIENTED_EDGE ( 'NONE', *, *, #970, .T. ) ;
#4760 = LINE ( 'NONE', #5862, #6774 ) ;
#4761 = LINE ( 'NONE', #5767, #1931 ) ;
#4762 = DIRECTION ( 'NONE',  ( -0.2434641001451878228, 0.9699099091877008139, 0.000000000000000000 ) ) ;
#4763 = ORIENTED_EDGE ( 'NONE', *, *, #759, .F. ) ;
#4764 = VECTOR ( 'NONE', #312, 100.0000000000000000 ) ;
#4765 = ORIENTED_EDGE ( 'NONE', *, *, #5742, .F. ) ;
#4766 = ORIENTED_EDGE ( 'NONE', *, *, #4741, .T. ) ;
#4767 = CARTESIAN_POINT ( 'NONE',  ( -1.580387967598784194, -0.6212725300888468638, 2.500000000000000000 ) ) ;
#4768 = AXIS2_PLACEMENT_3D ( 'NONE', #5180, #1074, #494 ) ;
#4769 = CIRCLE ( 'NONE', #1586, 0.1250000000000000000 ) ;
#4770 = CARTESIAN_POINT ( 'NONE',  ( 7.473710171033752125, -2.059641174821479570, 0.5000000000003693712 ) ) ;
#4771 = DIRECTION ( 'NONE',  ( 0.000000000000000000, 0.000000000000000000, -1.000000000000000000 ) ) ;
#4772 = CARTESIAN_POINT ( 'NONE',  ( -6.874999999999999112, -0.5311605225217578274, 1.062500000000000000 ) ) ;
#4773 = VERTEX_POINT ( 'NONE', #2822 ) ;
#4774 = AXIS2_PLACEMENT_3D ( 'NONE', #2933, #3478, #1387 ) ;
#4775 = AXIS2_PLACEMENT_3D ( 'NONE', #3838, #1224, #3397 ) ;
#4776 = CIRCLE ( 'NONE', #1813, 1.242867031364097707 ) ;
#4777 = ADVANCED_FACE ( 'NONE', ( #2690 ), #6475, .T. ) ;
#4778 = ORIENTED_EDGE ( 'NONE', *, *, #2970, .F. ) ;
#4779 = CARTESIAN_POINT ( 'NONE',  ( -7.016871337707401679, -0.5316666666666662877, 0.9997848312542075844 ) ) ;
#4780 = AXIS2_PLACEMENT_3D ( 'NONE', #5061, #1405, #4498 ) ;
#4781 = EDGE_CURVE ( 'NONE', #5952, #901, #6507, .T. ) ;
#4782 = DIRECTION ( 'NONE',  ( 0.000000000000000000, 0.000000000000000000, -1.000000000000000000 ) ) ;
#4783 = CARTESIAN_POINT ( 'NONE',  ( 7.500524901674630485, -2.068987568914680608, 1.875000000000000222 ) ) ;
#4784 = EDGE_LOOP ( 'NONE', ( #2496, #3473, #327, #4866 ) ) ;
#4785 = AXIS2_PLACEMENT_3D ( 'NONE', #5211, #2629, #3588 ) ;
#4786 = ORIENTED_EDGE ( 'NONE', *, *, #845, .F. ) ;
#4787 = ORIENTED_EDGE ( 'NONE', *, *, #6003, .F. ) ;
#4788 = VERTEX_POINT ( 'NONE', #2213 ) ;
#4789 = DIRECTION ( 'NONE',  ( 0.000000000000000000, -1.000000000000000000, 0.000000000000000000 ) ) ;
#4790 = VECTOR ( 'NONE', #1976, 100.0000000000000142 ) ;
#4791 = CARTESIAN_POINT ( 'NONE',  ( -8.739999999999998437, -1.666666666666666297, 2.375000000000000000 ) ) ;
#4792 = CARTESIAN_POINT ( 'NONE',  ( -8.739999999999998437, -1.666666666666666297, 0.1250000000000001110 ) ) ;
#4793 = DIRECTION ( 'NONE',  ( 0.000000000000000000, 0.000000000000000000, 1.000000000000000000 ) ) ;
#4794 = ADVANCED_FACE ( 'NONE', ( #182 ), #271, .T. ) ;
#4795 = CIRCLE ( 'NONE', #5681, 0.2500000000000002220 ) ;
#4796 = ADVANCED_FACE ( 'NONE', ( #2755 ), #2784, .T. ) ;
#4797 = ORIENTED_EDGE ( 'NONE', *, *, #1627, .F. ) ;
#4798 = LINE ( 'NONE', #696, #4899 ) ;
#4799 = EDGE_CURVE ( 'NONE', #5447, #2105, #3273, .T. ) ;
#4800 = DIRECTION ( 'NONE',  ( 0.000000000000000000, -0.000000000000000000, -1.000000000000000000 ) ) ;
#4801 = CARTESIAN_POINT ( 'NONE',  ( -7.490890180984309588, -2.425189946354886494, 0.5000000004376563556 ) ) ;
#4802 = FACE_OUTER_BOUND ( 'NONE', #100, .T. ) ;
#4803 = EDGE_LOOP ( 'NONE', ( #4331, #1335, #6439, #3700 ) ) ;
#4804 = DIRECTION ( 'NONE',  ( -0.000000000000000000, -0.000000000000000000, -1.000000000000000000 ) ) ;
#4805 = UNCERTAINTY_MEASURE_WITH_UNIT (LENGTH_MEASURE( 1.000000000000000082E-05 ), #5037, 'distance_accuracy_value', 'NONE');
#4806 = AXIS2_PLACEMENT_3D ( 'NONE', #991, #3635, #2127 ) ;
#4807 = CARTESIAN_POINT ( 'NONE',  ( 7.466666666666668561, -1.898669001194127404, 0.6499999999999999112 ) ) ;
#4808 = DIRECTION ( 'NONE',  ( 0.6000000000000003109, 0.000000000000000000, -0.7999999999999997113 ) ) ;
#4809 = CARTESIAN_POINT ( 'NONE',  ( 7.445953318216330885, -2.049966399837049646, 2.000000000000000444 ) ) ;
#4810 = ORIENTED_EDGE ( 'NONE', *, *, #2692, .F. ) ;
#4811 = AXIS2_PLACEMENT_3D ( 'NONE', #1698, #3178, #3276 ) ;
#4812 = ORIENTED_EDGE ( 'NONE', *, *, #2515, .T. ) ;
#4813 = ORIENTED_EDGE ( 'NONE', *, *, #1644, .T. ) ;
#4814 = TOROIDAL_SURFACE ( 'NONE', #5598, 1.134999999999999787, 0.1250000000000000000 ) ;
#4815 = FACE_OUTER_BOUND ( 'NONE', #5802, .T. ) ;
#4816 = ADVANCED_FACE ( 'NONE', ( #1760 ), #3849, .F. ) ;
#4817 = FACE_OUTER_BOUND ( 'NONE', #6033, .T. ) ;
#4818 = CARTESIAN_POINT ( 'NONE',  ( 7.466666666666668561, -2.068804612092292938, 1.850000000000000311 ) ) ;
#4819 = ORIENTED_EDGE ( 'NONE', *, *, #1367, .T. ) ;
#4820 = ADVANCED_FACE ( 'NONE', ( #4926 ), #1728, .T. ) ;
#4821 = EDGE_LOOP ( 'NONE', ( #6715, #5889, #792, #6680 ) ) ;
#4822 = VERTEX_POINT ( 'NONE', #625 ) ;
#4823 = AXIS2_PLACEMENT_3D ( 'NONE', #92, #5800, #2121 ) ;
#4824 = EDGE_LOOP ( 'NONE', ( #5182, #610, #3204, #4640, #112, #4844 ) ) ;
#4825 = DIRECTION ( 'NONE',  ( -0.000000000000000000, -0.000000000000000000, -1.000000000000000000 ) ) ;
#4826 = CARTESIAN_POINT ( 'NONE',  ( 7.488495300049987868, 0.4555393080364174008, 0.6336285249625098759 ) ) ;
#4827 = AXIS2_PLACEMENT_3D ( 'NONE', #5181, #462, #2556 ) ;
#4828 = CARTESIAN_POINT ( 'NONE',  ( 0.5875619349866999519, 2.192810993963841160, 0.000000000000000000 ) ) ;
#4829 = AXIS2_PLACEMENT_3D ( 'NONE', #4772, #5909, #5809 ) ;
#4830 = VERTEX_POINT ( 'NONE', #4855 ) ;
#4831 = DIRECTION ( 'NONE',  ( -0.4140596180325138431, -0.9102497639190954004, 0.000000000000000000 ) ) ;
#4832 = VECTOR ( 'NONE', #217, 100.0000000000000142 ) ;
#4833 = ADVANCED_FACE ( 'NONE', ( #82 ), #4403, .T. ) ;
#4834 = CARTESIAN_POINT ( 'NONE',  ( -0.1333629230997752102, 1.020833333333333925, 0.000000000000000000 ) ) ;
#4835 = CARTESIAN_POINT ( 'NONE',  ( -5.025299892960463310, -1.061223188048501687, 2.437500000000000000 ) ) ;
#4836 = DIRECTION ( 'NONE',  ( -0.3281418111986789121, 0.9446284728628767668, 0.000000000000000000 ) ) ;
#4837 = AXIS2_PLACEMENT_3D ( 'NONE', #4574, #6185, #6711 ) ;
#4838 = EDGE_CURVE ( 'NONE', #6022, #1095, #5871, .T. ) ;
#4839 = VERTEX_POINT ( 'NONE', #5307 ) ;
#4840 = SPHERICAL_SURFACE ( 'NONE', #4449, 0.1250000000000000000 ) ;
#4841 = CARTESIAN_POINT ( 'NONE',  ( 7.440335761605194165, -2.048008375397762038, 0.6643515838863357503 ) ) ;
#4842 = DIRECTION ( 'NONE',  ( 1.000000000000000000, 0.000000000000000000, 0.000000000000000000 ) ) ;
#4843 = DIRECTION ( 'NONE',  ( 1.000000000000000000, 0.000000000000000000, 0.000000000000000000 ) ) ;
#4844 = ORIENTED_EDGE ( 'NONE', *, *, #2463, .T. ) ;
#4845 = CARTESIAN_POINT ( 'NONE',  ( 0.2315408876510613723, -0.7838001772875876627, 0.1250000000000001110 ) ) ;
#4846 =( LENGTH_UNIT ( ) NAMED_UNIT ( * ) SI_UNIT ( .CENTI., .METRE. ) );
#4847 = CARTESIAN_POINT ( 'NONE',  ( -0.1333629230997752102, 1.395833333333334147, 2.500000000000000000 ) ) ;
#4848 = DIRECTION ( 'NONE',  ( -0.000000000000000000, 0.000000000000000000, 1.000000000000000000 ) ) ;
#4849 = CARTESIAN_POINT ( 'NONE',  ( -3.151635344011326278, -0.5461810916953043771, 0.06250000000000000000 ) ) ;
#4850 = ORIENTED_EDGE ( 'NONE', *, *, #6814, .T. ) ;
#4851 = ORIENTED_EDGE ( 'NONE', *, *, #2507, .T. ) ;
#4852 = ADVANCED_FACE ( 'NONE', ( #3788 ), #5990, .F. ) ;
#4853 = ORIENTED_EDGE ( 'NONE', *, *, #3676, .T. ) ;
#4854 = ORIENTED_EDGE ( 'NONE', *, *, #3548, .F. ) ;
#4855 = CARTESIAN_POINT ( 'NONE',  ( 4.093333333333335489, -1.666666666666666963, 5.421010862427522170E-17 ) ) ;
#4856 = DIRECTION ( 'NONE',  ( -1.000000000000000000, 0.000000000000000000, -0.000000000000000000 ) ) ;
#4857 = DIRECTION ( 'NONE',  ( 0.000000000000000000, -0.000000000000000000, -1.000000000000000000 ) ) ;
#4858 = FACE_OUTER_BOUND ( 'NONE', #5178, .T. ) ;
#4859 = ADVANCED_FACE ( 'NONE', ( #4337 ), #1357, .T. ) ;
#4860 = EDGE_LOOP ( 'NONE', ( #432, #6252, #3941, #5787, #5193, #5680 ) ) ;
#4861 = CARTESIAN_POINT ( 'NONE',  ( 4.491576537518830570, 1.708333333333333925, 0.000000000000000000 ) ) ;
#4862 = CARTESIAN_POINT ( 'NONE',  ( 7.514856503007799837, 0.4315566385314892894, 1.872824847954059013 ) ) ;
#4863 = DIRECTION ( 'NONE',  ( 0.000000000000000000, 0.000000000000000000, 1.000000000000000000 ) ) ;
#4864 = ADVANCED_FACE ( 'NONE', ( #5346 ), #5435, .T. ) ;
#4865 = CARTESIAN_POINT ( 'NONE',  ( 0.2679343889853183502, -0.7746647813404545779, 0.1250000000000001110 ) ) ;
#4866 = ORIENTED_EDGE ( 'NONE', *, *, #6521, .F. ) ;
#4867 = CARTESIAN_POINT ( 'NONE',  ( -0.4510658024505467822, 1.777961806196209249, 0.1250000000000001110 ) ) ;
#4868 = DIRECTION ( 'NONE',  ( 0.000000000000000000, 0.000000000000000000, 1.000000000000000000 ) ) ;
#4869 = CARTESIAN_POINT ( 'NONE',  ( 5.532877376020794991, -2.566981288130124383, 2.500000000000000000 ) ) ;
#4870 = DIRECTION ( 'NONE',  ( -0.000000000000000000, 0.000000000000000000, 1.000000000000000000 ) ) ;
#4871 = AXIS2_PLACEMENT_3D ( 'NONE', #6002, #1280, #3003 ) ;
#4872 = AXIS2_PLACEMENT_3D ( 'NONE', #6783, #1548, #3636 ) ;
#4873 = AXIS2_PLACEMENT_3D ( 'NONE', #6200, #2554, #4555 ) ;
#4874 = CARTESIAN_POINT ( 'NONE',  ( -7.391666666666665719, -0.4066666666666662877, 1.949999999999999734 ) ) ;
#4875 = EDGE_CURVE ( 'NONE', #4079, #2012, #3750, .T. ) ;
#4876 = FACE_OUTER_BOUND ( 'NONE', #4699, .T. ) ;
#4877 = AXIS2_PLACEMENT_3D ( 'NONE', #5895, #1176, #5383 ) ;
#4878 = DIRECTION ( 'NONE',  ( -0.000000000000000000, 0.000000000000000000, 1.000000000000000000 ) ) ;
#4879 = CARTESIAN_POINT ( 'NONE',  ( -3.130379291100030770, -0.3400015541606994374, 0.06250000000000000000 ) ) ;
#4880 = TOROIDAL_SURFACE ( 'NONE', #5330, 1.134999999999999787, 0.1250000000000000000 ) ;
#4881 = CARTESIAN_POINT ( 'NONE',  ( 7.514856502987587561, -1.932262566430828610, 1.872824847947321736 ) ) ;
#4882 = EDGE_LOOP ( 'NONE', ( #523, #3748, #469, #486 ) ) ;
#4883 = ORIENTED_EDGE ( 'NONE', *, *, #5742, .T. ) ;
#4884 = VERTEX_POINT ( 'NONE', #4512 ) ;
#4885 = CIRCLE ( 'NONE', #4775, 1.134999999999999787 ) ;
#4886 = AXIS2_PLACEMENT_3D ( 'NONE', #6111, #5636, #3011 ) ;
#4887 = ORIENTED_EDGE ( 'NONE', *, *, #4530, .F. ) ;
#4888 = CARTESIAN_POINT ( 'NONE',  ( -2.081668171172169499E-16, -0.4066666666666662877, 0.4999999999999993894 ) ) ;
#4889 = CARTESIAN_POINT ( 'NONE',  ( 0.2315408876510613723, -0.7838001772875876627, -0.007045904514871997870 ) ) ;
#4890 = DIRECTION ( 'NONE',  ( 0.000000000000000000, 0.000000000000000000, -1.000000000000000000 ) ) ;
#4891 = DIRECTION ( 'NONE',  ( 1.000000000000000000, 0.000000000000000000, 0.000000000000000000 ) ) ;
#4892 = ORIENTED_EDGE ( 'NONE', *, *, #4716, .F. ) ;
#4893 = AXIS2_PLACEMENT_3D ( 'NONE', #5838, #3157, #6320 ) ;
#4894 = AXIS2_PLACEMENT_3D ( 'NONE', #2085, #3621, #3209 ) ;
#4895 = AXIS2_PLACEMENT_3D ( 'NONE', #3811, #1199, #3265 ) ;
#4896 = VERTEX_POINT ( 'NONE', #2962 ) ;
#4897 = ORIENTED_EDGE ( 'NONE', *, *, #131, .F. ) ;
#4898 = DIRECTION ( 'NONE',  ( 0.000000000000000000, 0.000000000000000000, 1.000000000000000000 ) ) ;
#4899 = VECTOR ( 'NONE', #1214, 100.0000000000000000 ) ;
#4900 = CARTESIAN_POINT ( 'NONE',  ( -6.898739680763865678, -0.4066666666666662877, 1.543528145666612117 ) ) ;
#4901 = CARTESIAN_POINT ( 'NONE',  ( 7.593424118920733434, 0.5209467378937665538, 1.875000000000000000 ) ) ;
#4902 = ADVANCED_FACE ( 'NONE', ( #2887 ), #2449, .T. ) ;
#4903 = CARTESIAN_POINT ( 'NONE',  ( 7.050000000000002487, -1.753437974102241670, 1.537500000000000089 ) ) ;
#4904 = VECTOR ( 'NONE', #3796, 100.0000000000000000 ) ;
#4905 = ORIENTED_EDGE ( 'NONE', *, *, #3142, .F. ) ;
#4906 = CARTESIAN_POINT ( 'NONE',  ( 4.481634624425162805, -2.177379638348198032, 2.407709491366664789 ) ) ;
#4907 = B_SPLINE_CURVE_WITH_KNOTS ( 'NONE', 3,
 ( #6018, #2377, #2233, #4915, #5370, #3295 ),
 .UNSPECIFIED., .F., .F.,
 ( 4, 2, 4 ),
 ( 0.000000000000000000, 0.0006471202731668974657, 0.001294240546333794931 ),
 .UNSPECIFIED. ) ;
#4908 = DIRECTION ( 'NONE',  ( -0.000000000000000000, 0.000000000000000000, 1.000000000000000000 ) ) ;
#4909 = DIRECTION ( 'NONE',  ( -0.5999999999999992006, 0.000000000000000000, 0.8000000000000005995 ) ) ;
#4910 = DIRECTION ( 'NONE',  ( 0.8325181863123948256, -0.5539977161136321326, 0.000000000000000000 ) ) ;
#4911 = CYLINDRICAL_SURFACE ( 'NONE', #1004, 0.06250000000000005551 ) ;
#4912 = EDGE_LOOP ( 'NONE', ( #935, #3361, #5232, #4753 ) ) ;
#4913 = DIRECTION ( 'NONE',  ( 0.000000000000000000, -0.000000000000000000, -1.000000000000000000 ) ) ;
#4914 = ADVANCED_FACE ( 'NONE', ( #4678 ), #3510, .T. ) ;
#4915 = CARTESIAN_POINT ( 'NONE',  ( -6.881302371592192380, -0.4063026979833667118, 1.018872462036877424 ) ) ;
#4916 = CYLINDRICAL_SURFACE ( 'NONE', #2058, 1.260000000000000009 ) ;
#4917 = DIRECTION ( 'NONE',  ( 0.000000000000000000, 1.000000000000000000, 0.000000000000000000 ) ) ;
#4918 = CIRCLE ( 'NONE', #1845, 0.8750000000000001110 ) ;
#4919 = ORIENTED_EDGE ( 'NONE', *, *, #1468, .F. ) ;
#4920 = EDGE_CURVE ( 'NONE', #5543, #2286, #2579, .T. ) ;
#4921 = VERTEX_POINT ( 'NONE', #765 ) ;
#4922 = EDGE_CURVE ( 'NONE', #439, #2960, #6581, .T. ) ;
#4923 = VERTEX_POINT ( 'NONE', #1868 ) ;
#4924 = ORIENTED_EDGE ( 'NONE', *, *, #3605, .F. ) ;
#4925 = AXIS2_PLACEMENT_3D ( 'NONE', #1291, #1222, #3321 ) ;
#4926 = FACE_OUTER_BOUND ( 'NONE', #5210, .T. ) ;
#4927 = DIRECTION ( 'NONE',  ( 0.9616986708114011462, -0.2741088589585976010, 0.000000000000000000 ) ) ;
#4928 = FACE_OUTER_BOUND ( 'NONE', #881, .T. ) ;
#4929 = CARTESIAN_POINT ( 'NONE',  ( -3.130379291100030770, -0.3400015541606994374, 2.500000000000000000 ) ) ;
#4930 = ORIENTED_EDGE ( 'NONE', *, *, #1051, .T. ) ;
#4931 = AXIS2_PLACEMENT_3D ( 'NONE', #899, #2488, #4621 ) ;
#4932 = ORIENTED_EDGE ( 'NONE', *, *, #4109, .T. ) ;
#4933 = VERTEX_POINT ( 'NONE', #6616 ) ;
#4934 = CARTESIAN_POINT ( 'NONE',  ( -8.739999999999998437, -1.666666666666666297, 2.000000000000000444 ) ) ;
#4935 = CIRCLE ( 'NONE', #3060, 0.1250000000000001110 ) ;
#4936 = CARTESIAN_POINT ( 'NONE',  ( -0.1958629230997752102, 0.000000000000000000, -0.007045904514871997870 ) ) ;
#4937 = CARTESIAN_POINT ( 'NONE',  ( 7.493199685198216109, 0.5665374014562555294, 1.869899763898660972 ) ) ;
#4938 = CARTESIAN_POINT ( 'NONE',  ( 8.740000000000001990, -1.166666666666666519, 0.5000000000000004441 ) ) ;
#4939 = CIRCLE ( 'NONE', #2312, 0.06250000000000000000 ) ;
#4940 = CIRCLE ( 'NONE', #1426, 1.260000000000000009 ) ;
#4941 = EDGE_CURVE ( 'NONE', #5507, #6183, #1339, .T. ) ;
#4942 = DIRECTION ( 'NONE',  ( 1.000000000000000000, 0.000000000000000000, 0.000000000000000000 ) ) ;
#4943 = DIRECTION ( 'NONE',  ( -0.3312307420122382884, 0.9435497843495180836, 0.000000000000000000 ) ) ;
#4944 = LINE ( 'NONE', #6566, #980 ) ;
#4945 = EDGE_CURVE ( 'NONE', #5628, #770, #1700, .T. ) ;
#4946 = TOROIDAL_SURFACE ( 'NONE', #5826, 1.134999999999999787, 0.1250000000000000000 ) ;
#4947 = CARTESIAN_POINT ( 'NONE',  ( -3.172337265387090266, -0.4872092301734593511, 2.500000000000000000 ) ) ;
#4948 = DIRECTION ( 'NONE',  ( 0.000000000000000000, -0.000000000000000000, -1.000000000000000000 ) ) ;
#4949 = ORIENTED_EDGE ( 'NONE', *, *, #994, .F. ) ;
#4950 = DIRECTION ( 'NONE',  ( -1.040834085586084503E-16, -0.000000000000000000, -1.000000000000000000 ) ) ;
#4951 = EDGE_CURVE ( 'NONE', #6157, #3616, #5478, .T. ) ;
#4952 = ADVANCED_FACE ( 'NONE', ( #5548 ), #795, .T. ) ;
#4953 = DIRECTION ( 'NONE',  ( 0.3291341199363027048, 0.9442831837397906991, 0.000000000000000000 ) ) ;
#4954 = CARTESIAN_POINT ( 'NONE',  ( 8.740000000000001990, -1.166666666666666519, 0.1250000000000001110 ) ) ;
#4955 = CARTESIAN_POINT ( 'NONE',  ( -2.745442137252542825, 0.7825216301320337964, 0.06250000000000000000 ) ) ;
#4956 = VERTEX_POINT ( 'NONE', #4150 ) ;
#4957 = ADVANCED_FACE ( 'NONE', ( #1902 ), #2387, .F. ) ;
#4958 = ORIENTED_EDGE ( 'NONE', *, *, #1747, .F. ) ;
#4959 = ORIENTED_EDGE ( 'NONE', *, *, #4781, .F. ) ;
#4960 = CYLINDRICAL_SURFACE ( 'NONE', #1912, 1.260000000000000009 ) ;
#4961 = DIRECTION ( 'NONE',  ( -0.000000000000000000, 0.000000000000000000, 1.000000000000000000 ) ) ;
#4962 = CARTESIAN_POINT ( 'NONE',  ( 9.500000000000001776, -1.166666666666666519, 5.421010862427522170E-17 ) ) ;
#4963 = CARTESIAN_POINT ( 'NONE',  ( -4.863129584821977325, -0.9482791194055660844, 2.437500000000000000 ) ) ;
#4964 = CARTESIAN_POINT ( 'NONE',  ( -9.374999999999998224, -1.666666666666666297, 2.500000000000000000 ) ) ;
#4965 = ORIENTED_EDGE ( 'NONE', *, *, #2518, .T. ) ;
#4966 = EDGE_CURVE ( 'NONE', #2394, #6219, #831, .T. ) ;
#4967 = ORIENTED_EDGE ( 'NONE', *, *, #548, .T. ) ;
#4968 = ORIENTED_EDGE ( 'NONE', *, *, #1798, .F. ) ;
#4969 = FACE_OUTER_BOUND ( 'NONE', #5521, .T. ) ;
#4970 = CARTESIAN_POINT ( 'NONE',  ( -0.5586702589993455259, 1.608255381003324214, 0.1250000000000000000 ) ) ;
#4971 = CARTESIAN_POINT ( 'NONE',  ( 7.578056742969314641, 0.5279371377478463412, 1.880431760066129332 ) ) ;
#4972 = DIRECTION ( 'NONE',  ( -1.000000000000000000, 0.000000000000000000, 1.387778780781445922E-16 ) ) ;
#4973 = ORIENTED_EDGE ( 'NONE', *, *, #5508, .F. ) ;
#4974 = DIRECTION ( 'NONE',  ( -0.000000000000000000, 0.000000000000000000, 1.000000000000000000 ) ) ;
#4975 = DIRECTION ( 'NONE',  ( -0.000000000000000000, 0.000000000000000000, 1.000000000000000000 ) ) ;
#4976 = DIRECTION ( 'NONE',  ( 0.7706021531734805752, -0.2685968212430486779, 0.5779516148801084885 ) ) ;
#4977 = CARTESIAN_POINT ( 'NONE',  ( 7.999665410412165834, 0.3361533760589266451, 0.05177669529663726095 ) ) ;
#4978 = DIRECTION ( 'NONE',  ( 1.224646799147353207E-16, 1.000000000000000000, 0.000000000000000000 ) ) ;
#4979 = ORIENTED_EDGE ( 'NONE', *, *, #4264, .T. ) ;
#4980 = CARTESIAN_POINT ( 'NONE',  ( -0.1333629230997752102, 1.270833333333334147, 2.437500000000000000 ) ) ;
#4981 = CARTESIAN_POINT ( 'NONE',  ( 5.941947322586663027, -1.393362850788411933, 2.375000000000000000 ) ) ;
#4982 = CARTESIAN_POINT ( 'NONE',  ( 2.202220967660181827, -1.881115186556064245, 1.103683930272353342E-16 ) ) ;
#4983 = DIRECTION ( 'NONE',  ( 1.000000000000000000, 0.000000000000000000, 0.000000000000000000 ) ) ;
#4984 = ORIENTED_EDGE ( 'NONE', *, *, #294, .F. ) ;
#4985 = ADVANCED_FACE ( 'NONE', ( #4026 ), #2929, .T. ) ;
#4986 = CIRCLE ( 'NONE', #2778, 0.8750000000000001110 ) ;
#4987 = ORIENTED_EDGE ( 'NONE', *, *, #3514, .T. ) ;
#4988 = ORIENTED_EDGE ( 'NONE', *, *, #1418, .F. ) ;
#4989 = LINE ( 'NONE', #4471, #5533 ) ;
#4990 = STYLED_ITEM ( 'NONE', ( #6065 ), #6053 ) ;
#4991 = EDGE_CURVE ( 'NONE', #5276, #5580, #2790, .T. ) ;
#4992 = CIRCLE ( 'NONE', #4103, 0.6349999999999994538 ) ;
#4993 = CARTESIAN_POINT ( 'NONE',  ( -1.580387967598784194, -0.6212725300888470858, 0.1250000000000000000 ) ) ;
#4994 = LINE ( 'NONE', #2388, #5713 ) ;
#4995 = FACE_OUTER_BOUND ( 'NONE', #2553, .T. ) ;
#4996 = DIRECTION ( 'NONE',  ( 0.3291341199363027048, 0.9442831837397906991, 0.000000000000000000 ) ) ;
#4997 = CARTESIAN_POINT ( 'NONE',  ( 7.514380874937518051, 0.4319893513644474381, 1.875000000000000000 ) ) ;
#4998 = EDGE_LOOP ( 'NONE', ( #1456, #4011, #4369, #6721 ) ) ;
#4999 = CIRCLE ( 'NONE', #1704, 0.06250000000000005551 ) ;
#5000 = CIRCLE ( 'NONE', #1812, 1.000000000000000000 ) ;
#5001 = AXIS2_PLACEMENT_3D ( 'NONE', #4418, #6565, #233 ) ;
#5002 = ORIENTED_EDGE ( 'NONE', *, *, #6673, .F. ) ;
#5003 = ORIENTED_EDGE ( 'NONE', *, *, #1274, .T. ) ;
#5004 = EDGE_CURVE ( 'NONE', #225, #6392, #6125, .T. ) ;
#5005 = CIRCLE ( 'NONE', #4219, 0.1249999999999998751 ) ;
#5006 = FACE_OUTER_BOUND ( 'NONE', #2111, .T. ) ;
#5007 = AXIS2_PLACEMENT_3D ( 'NONE', #6144, #1435, #3045 ) ;
#5008 = CIRCLE ( 'NONE', #3139, 0.06250000000000005551 ) ;
#5009 = LINE ( 'NONE', #2397, #5539 ) ;
#5010 = CARTESIAN_POINT ( 'NONE',  ( -7.466666666666665897, -0.5316666666666662877, 1.849999999999999645 ) ) ;
#5011 = ADVANCED_FACE ( 'NONE', ( #3376 ), #5113, .T. ) ;
#5012 = AXIS2_PLACEMENT_3D ( 'NONE', #6279, #3182, #3725 ) ;
#5013 = ADVANCED_FACE ( 'NONE', ( #2346 ), #4880, .T. ) ;
#5014 = ORIENTED_EDGE ( 'NONE', *, *, #3896, .T. ) ;
#5015 = LINE ( 'NONE', #5665, #1256 ) ;
#5016 = ADVANCED_FACE ( 'NONE', ( #1306 ), #3159, .T. ) ;
#5017 = FACE_OUTER_BOUND ( 'NONE', #4882, .T. ) ;
#5018 = LINE ( 'NONE', #3320, #2959 ) ;
#5019 = CARTESIAN_POINT ( 'NONE',  ( -3.172337265387090266, -0.4872092301734593511, 2.437500000000000000 ) ) ;
#5020 = CARTESIAN_POINT ( 'NONE',  ( -7.381234758127523499, -2.410155142302404574, 1.949999999999998845 ) ) ;
#5021 = ORIENTED_EDGE ( 'NONE', *, *, #5671, .F. ) ;
#5022 = CARTESIAN_POINT ( 'NONE',  ( 7.999665410412173827, 0.3361533760589240916, 2.000000000000000444 ) ) ;
#5023 = AXIS2_PLACEMENT_3D ( 'NONE', #2716, #208, #4782 ) ;
#5024 = B_SPLINE_CURVE_WITH_KNOTS ( 'NONE', 3,
 ( #5536, #2922, #6019, #5504, #1298, #3401, #788, #2881, #4982, #5777 ),
 .UNSPECIFIED., .F., .F.,
 ( 4, 2, 2, 2, 4 ),
 ( 0.000000000000000000, 0.0004885488952463059057, 0.0009770977904926118115, 0.001465646685738917609, 0.001954195580985223623 ),
 .UNSPECIFIED. ) ;
#5025 = LINE ( 'NONE', #310, #2500 ) ;
#5026 = CARTESIAN_POINT ( 'NONE',  ( -4.904533427573507964, -0.8303353963618765876, 2.500000000000000000 ) ) ;
#5027 = CARTESIAN_POINT ( 'NONE',  ( 7.034533607551622936, 0.6790049734070244813, 0.9740997943362851297 ) ) ;
#5028 = VERTEX_POINT ( 'NONE', #2126 ) ;
#5029 = ORIENTED_EDGE ( 'NONE', *, *, #3366, .T. ) ;
#5030 = EDGE_LOOP ( 'NONE', ( #4766, #5357, #1538, #6614 ) ) ;
#5031 = DIRECTION ( 'NONE',  ( -0.000000000000000000, 0.000000000000000000, 1.000000000000000000 ) ) ;
#5032 = ADVANCED_FACE ( 'NONE', ( #6387 ), #1675, .T. ) ;
#5033 = CIRCLE ( 'NONE', #5254, 0.1250000000000000278 ) ;
#5034 = CARTESIAN_POINT ( 'NONE',  ( -0.1750784551907068887, 0.4987316021329167848, -0.007045904514871997870 ) ) ;
#5035 = CARTESIAN_POINT ( 'NONE',  ( -8.739999999999998437, -0.4066666666666663987, 2.500000000000000000 ) ) ;
#5036 = LINE ( 'NONE', #6689, #4579 ) ;
#5037 =( LENGTH_UNIT ( ) NAMED_UNIT ( * ) SI_UNIT ( .CENTI., .METRE. ) );
#5038 = EDGE_CURVE ( 'NONE', #569, #3416, #4181, .T. ) ;
#5039 = CARTESIAN_POINT ( 'NONE',  ( -7.935930158038118520, -2.636755162241886996, 2.500000000000000000 ) ) ;
#5040 = ORIENTED_EDGE ( 'NONE', *, *, #4500, .T. ) ;
#5041 = ORIENTED_EDGE ( 'NONE', *, *, #2490, .T. ) ;
#5042 = CIRCLE ( 'NONE', #3167, 0.6349999999999994538 ) ;
#5043 = ORIENTED_EDGE ( 'NONE', *, *, #272, .F. ) ;
#5044 = EDGE_CURVE ( 'NONE', #2550, #2202, #4208, .T. ) ;
#5045 = CARTESIAN_POINT ( 'NONE',  ( -5.600323486782388116, -2.376576575854366880, 6.938893903907228378E-16 ) ) ;
#5046 = CARTESIAN_POINT ( 'NONE',  ( -7.514568091460859023, -2.430448093704558499, 2.000000000000000000 ) ) ;
#5047 = CIRCLE ( 'NONE', #4931, 0.06250000000000005551 ) ;
#5048 = LINE ( 'NONE', #3895, #6810 ) ;
#5049 = ADVANCED_FACE ( 'NONE', ( #3765 ), #5873, .F. ) ;
#5050 = ORIENTED_EDGE ( 'NONE', *, *, #6543, .F. ) ;
#5051 = FACE_OUTER_BOUND ( 'NONE', #6196, .T. ) ;
#5052 = CIRCLE ( 'NONE', #1634, 0.1250000000000001110 ) ;
#5053 = DIRECTION ( 'NONE',  ( 0.7517689932648531359, -0.3419689787775669898, -0.5638267449486384919 ) ) ;
#5054 = DIRECTION ( 'NONE',  ( 1.000000000000000000, -0.000000000000000000, 0.000000000000000000 ) ) ;
#5055 = DIRECTION ( 'NONE',  ( -0.7999999999999994893, 1.665334536937730472E-15, 0.6000000000000006439 ) ) ;
#5056 = DIRECTION ( 'NONE',  ( 1.224646799147353207E-16, 1.000000000000000000, 0.000000000000000000 ) ) ;
#5057 = ADVANCED_FACE ( 'NONE', ( #5292 ), #2338, .T. ) ;
#5058 = AXIS2_PLACEMENT_3D ( 'NONE', #3078, #1532, #4558 ) ;
#5059 = EDGE_CURVE ( 'NONE', #1349, #3416, #1925, .T. ) ;
#5060 = ORIENTED_EDGE ( 'NONE', *, *, #612, .T. ) ;
#5061 = CARTESIAN_POINT ( 'NONE',  ( -8.739999999999998437, -1.666666666666666297, 2.375000000000000000 ) ) ;
#5062 = CIRCLE ( 'NONE', #657, 0.1249999999999999445 ) ;
#5063 = DIRECTION ( 'NONE',  ( 0.7706021531734805752, -0.2685968212430486779, 0.5779516148801084885 ) ) ;
#5064 = DIRECTION ( 'NONE',  ( -0.000000000000000000, 0.000000000000000000, 1.000000000000000000 ) ) ;
#5065 = PLANE ( 'NONE',  #2673 ) ;
#5066 = ORIENTED_EDGE ( 'NONE', *, *, #2308, .F. ) ;
#5067 = ORIENTED_EDGE ( 'NONE', *, *, #1336, .F. ) ;
#5068 = VERTEX_POINT ( 'NONE', #642 ) ;
#5069 = CARTESIAN_POINT ( 'NONE',  ( 7.982126430965924335, 0.2872497520966532103, 2.500000000000000000 ) ) ;
#5070 = DIRECTION ( 'NONE',  ( -0.4140596180325157305, -0.9102497639190944012, 0.000000000000000000 ) ) ;
#5071 = CARTESIAN_POINT ( 'NONE',  ( -6.908742675414803358, -0.4066666666666662877, 2.375000000000000000 ) ) ;
#5072 = DIRECTION ( 'NONE',  ( 1.000000000000000000, -7.137148015447434001E-15, 0.000000000000000000 ) ) ;
#5073 = FILL_AREA_STYLE ('',( #2965 ) ) ;
#5074 = CARTESIAN_POINT ( 'NONE',  ( -4.884385637733273278, -1.154458656940171135, 2.437500000000000000 ) ) ;
#5075 = ORIENTED_EDGE ( 'NONE', *, *, #1418, .T. ) ;
#5076 = ORIENTED_EDGE ( 'NONE', *, *, #1972, .T. ) ;
#5077 = EDGE_LOOP ( 'NONE', ( #1738, #6031, #420, #2981 ) ) ;
#5078 = CARTESIAN_POINT ( 'NONE',  ( -4.905087559109038153, -1.095486795418325832, 2.437500000000000000 ) ) ;
#5079 = CARTESIAN_POINT ( 'NONE',  ( -6.539583137816284975, -0.4693736986374010822, 0.000000000000000000 ) ) ;
#5080 = DIRECTION ( 'NONE',  ( -1.000000000000000000, 0.000000000000000000, 1.387778780781445922E-16 ) ) ;
#5081 = EDGE_CURVE ( 'NONE', #5628, #5891, #707, .T. ) ;
#5082 = VERTEX_POINT ( 'NONE', #5774 ) ;
#5083 = CARTESIAN_POINT ( 'NONE',  ( -8.739999999999998437, -1.666666666666666297, 1.875000000000000222 ) ) ;
#5084 = EDGE_CURVE ( 'NONE', #686, #2335, #1091, .T. ) ;
#5085 = CARTESIAN_POINT ( 'NONE',  ( -8.739999999999998437, -0.5316666666666663987, 2.000000000000000000 ) ) ;
#5086 = DIRECTION ( 'NONE',  ( 1.000000000000000000, 0.000000000000000000, 0.000000000000000000 ) ) ;
#5087 = CARTESIAN_POINT ( 'NONE',  ( -8.105000000000000426, -1.666666666666666297, 2.375000000000000000 ) ) ;
#5088 = DIRECTION ( 'NONE',  ( -0.9435497843495181947, -0.3312307420122378998, -0.000000000000000000 ) ) ;
#5089 = ORIENTED_EDGE ( 'NONE', *, *, #3862, .T. ) ;
#5090 = CARTESIAN_POINT ( 'NONE',  ( 4.470014280713239252, -2.172645522274962993, 0.06201951722639749420 ) ) ;
#5091 = DIRECTION ( 'NONE',  ( 0.9442831837397906991, -0.3291341199363030934, -0.000000000000000000 ) ) ;
#5092 = LINE ( 'NONE', #2378, #3992 ) ;
#5093 = DIRECTION ( 'NONE',  ( -0.000000000000000000, 0.000000000000000000, 1.000000000000000000 ) ) ;
#5094 = ORIENTED_EDGE ( 'NONE', *, *, #4920, .T. ) ;
#5095 = EDGE_CURVE ( 'NONE', #6433, #5712, #2143, .T. ) ;
#5096 = ORIENTED_EDGE ( 'NONE', *, *, #5744, .F. ) ;
#5097 = ORIENTED_EDGE ( 'NONE', *, *, #4592, .T. ) ;
#5098 = CARTESIAN_POINT ( 'NONE',  ( 9.033759616191366248, -0.07034085382857446778, 0.000000000000000000 ) ) ;
#5099 = CARTESIAN_POINT ( 'NONE',  ( -4.904533427573507964, -0.8303353963618763656, 0.06250000000000000000 ) ) ;
#5100 = CARTESIAN_POINT ( 'NONE',  ( -3.130379291100030770, -0.3400015541606994374, -0.007045904514871997870 ) ) ;
#5101 = AXIS2_PLACEMENT_3D ( 'NONE', #919, #5131, #6713 ) ;
#5102 = DIRECTION ( 'NONE',  ( 0.000000000000000000, -0.000000000000000000, -1.000000000000000000 ) ) ;
#5103 = CYLINDRICAL_SURFACE ( 'NONE', #2082, 0.06249999999999997918 ) ;
#5104 = VERTEX_POINT ( 'NONE', #575 ) ;
#5105 = EDGE_LOOP ( 'NONE', ( #5096, #4130, #3988, #6472 ) ) ;
#5106 = AXIS2_PLACEMENT_3D ( 'NONE', #2656, #3076, #2693 ) ;
#5107 = AXIS2_PLACEMENT_3D ( 'NONE', #875, #2972, #941 ) ;
#5108 = ORIENTED_EDGE ( 'NONE', *, *, #3365, .T. ) ;
#5109 = CARTESIAN_POINT ( 'NONE',  ( 4.991637076900224734, 1.333333333333334147, 2.437500000000000000 ) ) ;
#5110 = FACE_OUTER_BOUND ( 'NONE', #2030, .T. ) ;
#5111 = VECTOR ( 'NONE', #6097, 100.0000000000000000 ) ;
#5112 = CARTESIAN_POINT ( 'NONE',  ( 8.740000000000001990, -1.166666666666666519, 2.375000000000000000 ) ) ;
#5113 = TOROIDAL_SURFACE ( 'NONE', #5878, 0.2500000000000000000, 0.1250000000000000000 ) ;
#5114 = VERTEX_POINT ( 'NONE', #2163 ) ;
#5115 = CARTESIAN_POINT ( 'NONE',  ( 4.991637076900224734, 1.395833333333334147, 0.000000000000000000 ) ) ;
#5116 = AXIS2_PLACEMENT_3D ( 'NONE', #1612, #5260, #2666 ) ;
#5117 = AXIS2_PLACEMENT_3D ( 'NONE', #3693, #5797, #1109 ) ;
#5118 = ADVANCED_FACE ( 'NONE', ( #2668 ), #821, .T. ) ;
#5119 = CARTESIAN_POINT ( 'NONE',  ( -5.843787586927575717, -2.281666666666665844, 2.500000000000000000 ) ) ;
#5120 = DIRECTION ( 'NONE',  ( 0.000000000000000000, -0.000000000000000000, -1.000000000000000000 ) ) ;
#5121 = DIRECTION ( 'NONE',  ( 0.000000000000000000, -0.000000000000000000, 1.000000000000000000 ) ) ;
#5122 = APPLICATION_CONTEXT ( 'automotive_design' ) ;
#5123 = CARTESIAN_POINT ( 'NONE',  ( -3.130379291100030770, -0.3400015541606994374, 2.500000000000000000 ) ) ;
#5124 = EDGE_CURVE ( 'NONE', #6344, #414, #4247, .T. ) ;
#5125 = AXIS2_PLACEMENT_3D ( 'NONE', #3527, #3453, #5568 ) ;
#5126 = EDGE_LOOP ( 'NONE', ( #6692, #1733, #4570, #6141 ) ) ;
#5127 = DIRECTION ( 'NONE',  ( -0.000000000000000000, -0.000000000000000000, -1.000000000000000000 ) ) ;
#5128 = AXIS2_PLACEMENT_3D ( 'NONE', #2433, #6627, #4001 ) ;
#5129 = DIRECTION ( 'NONE',  ( 0.5999999999999999778, 0.000000000000000000, -0.8000000000000000444 ) ) ;
#5130 = CYLINDRICAL_SURFACE ( 'NONE', #1152, 0.06250000000000005551 ) ;
#5131 = DIRECTION ( 'NONE',  ( -0.000000000000000000, 0.000000000000000000, 1.000000000000000000 ) ) ;
#5132 = ORIENTED_EDGE ( 'NONE', *, *, #1203, .T. ) ;
#5133 = VECTOR ( 'NONE', #2889, 100.0000000000000000 ) ;
#5134 = EDGE_CURVE ( 'NONE', #4921, #3026, #3392, .T. ) ;
#5135 = EDGE_LOOP ( 'NONE', ( #6316, #4224, #4202, #5189 ) ) ;
#5136 = EDGE_CURVE ( 'NONE', #2674, #2851, #5970, .T. ) ;
#5137 = DIRECTION ( 'NONE',  ( -0.000000000000000000, -0.000000000000000000, -1.000000000000000000 ) ) ;
#5138 = DIRECTION ( 'NONE',  ( 1.734723475976807094E-16, -1.000000000000000000, 0.000000000000000000 ) ) ;
#5139 = CARTESIAN_POINT ( 'NONE',  ( -0.000000000000000000, -0.5316666666666662877, 0.1250000000000000000 ) ) ;
#5140 = EDGE_CURVE ( 'NONE', #5439, #3517, #4776, .T. ) ;
#5141 = DIRECTION ( 'NONE',  ( 0.9616986708114010352, -0.2741088589585981006, 0.000000000000000000 ) ) ;
#5142 = VERTEX_POINT ( 'NONE', #5423 ) ;
#5143 = ADVANCED_FACE ( 'NONE', ( #4388 ), #3901, .T. ) ;
#5144 = ORIENTED_EDGE ( 'NONE', *, *, #2859, .T. ) ;
#5145 = ORIENTED_EDGE ( 'NONE', *, *, #2314, .T. ) ;
#5146 = TOROIDAL_SURFACE ( 'NONE', #4806, 0.2500000000000000000, 0.1250000000000000000 ) ;
#5147 = FACE_BOUND ( 'NONE', #244, .T. ) ;
#5148 = DIRECTION ( 'NONE',  ( 0.000000000000000000, 0.000000000000000000, 1.000000000000000000 ) ) ;
#5149 = LINE ( 'NONE', #6625, #1646 ) ;
#5150 = AXIS2_PLACEMENT_3D ( 'NONE', #2501, #5055, #6631 ) ;
#5151 = ORIENTED_EDGE ( 'NONE', *, *, #5726, .F. ) ;
#5152 = CARTESIAN_POINT ( 'NONE',  ( -3.172337265387090266, -0.4872092301734593511, 0.06250000000000000000 ) ) ;
#5153 = TOROIDAL_SURFACE ( 'NONE', #1188, 0.7599999999999995648, 0.1250000000000000000 ) ;
#5154 = CARTESIAN_POINT ( 'NONE',  ( 7.999665410412173827, 0.3361533760589240916, 0.5000000000000004441 ) ) ;
#5155 = CARTESIAN_POINT ( 'NONE',  ( 7.514380874937518051, -1.931931001869575670, 1.875000000000000000 ) ) ;
#5156 = LINE ( 'NONE', #2758, #3272 ) ;
#5157 = DIRECTION ( 'NONE',  ( 1.000000000000000000, 0.000000000000000000, 0.000000000000000000 ) ) ;
#5158 = EDGE_CURVE ( 'NONE', #2424, #3191, #1705, .T. ) ;
#5159 = AXIS2_PLACEMENT_3D ( 'NONE', #3015, #3085, #5157 ) ;
#5160 = ORIENTED_EDGE ( 'NONE', *, *, #1983, .T. ) ;
#5161 = ORIENTED_EDGE ( 'NONE', *, *, #1156, .T. ) ;
#5162 = DIRECTION ( 'NONE',  ( -1.387778780781445922E-16, -0.000000000000000000, -1.000000000000000000 ) ) ;
#5163 = AXIS2_PLACEMENT_3D ( 'NONE', #1359, #2332, #3458 ) ;
#5164 = DIRECTION ( 'NONE',  ( 1.000000000000000000, 0.000000000000000000, 0.000000000000000000 ) ) ;
#5165 = DIRECTION ( 'NONE',  ( 0.7982105327345828671, 0.06684807205039040856, 0.5986578995509198586 ) ) ;
#5166 = ORIENTED_EDGE ( 'NONE', *, *, #4875, .T. ) ;
#5167 = AXIS2_PLACEMENT_3D ( 'NONE', #5875, #545, #3257 ) ;
#5168 = EDGE_CURVE ( 'NONE', #5287, #887, #6206, .T. ) ;
#5169 = EDGE_LOOP ( 'NONE', ( #6300, #2943, #2446, #3647 ) ) ;
#5170 = CYLINDRICAL_SURFACE ( 'NONE', #3440, 1.260000000000000009 ) ;
#5171 = ADVANCED_FACE ( 'NONE', ( #198 ), #4675, .T. ) ;
#5172 = DIRECTION ( 'NONE',  ( -0.9699099091877008139, -0.2434641001451877396, -0.000000000000000000 ) ) ;
#5173 = DIRECTION ( 'NONE',  ( 0.000000000000000000, -1.000000000000000000, 0.000000000000000000 ) ) ;
#5174 = PLANE ( 'NONE',  #3128 ) ;
#5175 = AXIS2_PLACEMENT_3D ( 'NONE', #3325, #5503, #3264 ) ;
#5176 = ORIENTED_EDGE ( 'NONE', *, *, #751, .T. ) ;
#5177 = EDGE_LOOP ( 'NONE', ( #6167, #4263, #1979, #5538 ) ) ;
#5178 = EDGE_LOOP ( 'NONE', ( #3740, #4244, #2383, #5974 ) ) ;
#5179 = CARTESIAN_POINT ( 'NONE',  ( -6.999999999999999112, -0.4066666666666669538, 1.437500000000000000 ) ) ;
#5180 = CARTESIAN_POINT ( 'NONE',  ( -4.905087559109038153, -1.095486795418325832, 2.437500000000000000 ) ) ;
#5181 = CARTESIAN_POINT ( 'NONE',  ( -8.739999999999998437, -1.666666666666666297, 2.500000000000000000 ) ) ;
#5182 = ORIENTED_EDGE ( 'NONE', *, *, #5724, .T. ) ;
#5183 = CARTESIAN_POINT ( 'NONE',  ( -3.010166957248605613, -0.3742651615305239710, 2.500000000000000000 ) ) ;
#5184 = LINE ( 'NONE', #4599, #5556 ) ;
#5185 = DIRECTION ( 'NONE',  ( 1.000000000000000000, 0.000000000000000000, 0.000000000000000000 ) ) ;
#5186 = DIRECTION ( 'NONE',  ( 0.9102497639190945122, -0.4140596180325160081, -1.263225307578239989E-16 ) ) ;
#5187 = ORIENTED_EDGE ( 'NONE', *, *, #2194, .F. ) ;
#5188 = ORIENTED_EDGE ( 'NONE', *, *, #412, .T. ) ;
#5189 = ORIENTED_EDGE ( 'NONE', *, *, #2877, .F. ) ;
#5190 = PLANE ( 'NONE',  #2481 ) ;
#5191 = DIRECTION ( 'NONE',  ( -0.2434641001451878228, 0.9699099091877008139, 0.000000000000000000 ) ) ;
#5192 = FACE_OUTER_BOUND ( 'NONE', #5824, .T. ) ;
#5193 = ORIENTED_EDGE ( 'NONE', *, *, #252, .T. ) ;
#5194 = ORIENTED_EDGE ( 'NONE', *, *, #3697, .F. ) ;
#5195 = CARTESIAN_POINT ( 'NONE',  ( -7.325630332116634058, -2.406666666666666288, 0.5969162344460624547 ) ) ;
#5196 = CARTESIAN_POINT ( 'NONE',  ( 7.004557038255490475, -1.721759279662627984, 1.023877426301550431 ) ) ;
#5197 = EDGE_CURVE ( 'NONE', #2883, #2674, #2037, .T. ) ;
#5198 = DIRECTION ( 'NONE',  ( 1.000000000000000000, 0.000000000000000000, 0.000000000000000000 ) ) ;
#5199 = CARTESIAN_POINT ( 'NONE',  ( -3.005379291100030770, -0.3400015541606994374, 0.000000000000000000 ) ) ;
#5200 = EDGE_LOOP ( 'NONE', ( #3646, #5161, #2650, #4987 ) ) ;
#5201 = EDGE_LOOP ( 'NONE', ( #6080, #4470, #5066, #6795 ) ) ;
#5202 = ORIENTED_EDGE ( 'NONE', *, *, #2859, .F. ) ;
#5203 = VECTOR ( 'NONE', #5649, 100.0000000000000000 ) ;
#5204 = DIRECTION ( 'NONE',  ( -1.000000000000000000, 0.000000000000000000, 0.000000000000000000 ) ) ;
#5205 = DIRECTION ( 'NONE',  ( 1.000000000000000000, 0.000000000000000000, 0.000000000000000000 ) ) ;
#5206 = FACE_OUTER_BOUND ( 'NONE', #245, .T. ) ;
#5207 = AXIS2_PLACEMENT_3D ( 'NONE', #6799, #3687, #4168 ) ;
#5208 = CIRCLE ( 'NONE', #1712, 1.260000000000000009 ) ;
#5209 = AXIS2_PLACEMENT_3D ( 'NONE', #2048, #974, #2014 ) ;
#5210 = EDGE_LOOP ( 'NONE', ( #6060, #4100, #3769, #1982 ) ) ;
#5211 = CARTESIAN_POINT ( 'NONE',  ( -0.1229239912518637901, 0.8333333333333340365, 2.500000000000000000 ) ) ;
#5212 = ADVANCED_FACE ( 'NONE', ( #6417 ), #5547, .T. ) ;
#5213 = CIRCLE ( 'NONE', #2247, 0.6350000000000001199 ) ;
#5214 = AXIS2_PLACEMENT_3D ( 'NONE', #2611, #1573, #3666 ) ;
#5215 = DIRECTION ( 'NONE',  ( -1.000000000000000000, 0.000000000000000000, -0.000000000000000000 ) ) ;
#5216 = LINE ( 'NONE', #3215, #4020 ) ;
#5217 = DIRECTION ( 'NONE',  ( -1.000000000000000000, -6.167905692361983519E-16, 0.000000000000000000 ) ) ;
#5218 = VERTEX_POINT ( 'NONE', #2910 ) ;
#5219 = EDGE_CURVE ( 'NONE', #1412, #6812, #2262, .T. ) ;
#5220 = EDGE_CURVE ( 'NONE', #4581, #2885, #1151, .T. ) ;
#5221 = AXIS2_PLACEMENT_3D ( 'NONE', #583, #650, #4362 ) ;
#5222 = ORIENTED_EDGE ( 'NONE', *, *, #5643, .F. ) ;
#5223 = AXIS2_PLACEMENT_3D ( 'NONE', #1821, #1195, #3868 ) ;
#5224 = ORIENTED_EDGE ( 'NONE', *, *, #3923, .T. ) ;
#5225 = VECTOR ( 'NONE', #2560, 100.0000000000000000 ) ;
#5226 = DIRECTION ( 'NONE',  ( -0.000000000000000000, 0.000000000000000000, 1.000000000000000000 ) ) ;
#5227 = CARTESIAN_POINT ( 'NONE',  ( 7.477391578435711672, -1.906145432962468966, 0.6419563161732172452 ) ) ;
#5228 = DIRECTION ( 'NONE',  ( 0.000000000000000000, 0.000000000000000000, -1.000000000000000000 ) ) ;
#5229 = CYLINDRICAL_SURFACE ( 'NONE', #3794, 0.1250000000000001110 ) ;
#5230 = AXIS2_PLACEMENT_3D ( 'NONE', #5354, #3385, #1318 ) ;
#5231 = AXIS2_PLACEMENT_3D ( 'NONE', #4954, #5064, #3430 ) ;
#5232 = ORIENTED_EDGE ( 'NONE', *, *, #6654, .F. ) ;
#5233 = EDGE_LOOP ( 'NONE', ( #4022, #2033, #5890, #2413 ) ) ;
#5234 = CIRCLE ( 'NONE', #5781, 0.7599999999999995648 ) ;
#5235 = CARTESIAN_POINT ( 'NONE',  ( -7.466666666666671226, -2.285591201756872248, 0.6499999999999968026 ) ) ;
#5236 = DIRECTION ( 'NONE',  ( 0.6000000000000006439, 0.000000000000000000, 0.7999999999999996003 ) ) ;
#5237 = CARTESIAN_POINT ( 'NONE',  ( 7.464874936802547545, 0.5794219249864595023, 0.5339118865887912957 ) ) ;
#5238 = LINE ( 'NONE', #966, #2901 ) ;
#5239 = FACE_OUTER_BOUND ( 'NONE', #3119, .T. ) ;
#5240 = EDGE_LOOP ( 'NONE', ( #2601, #3537, #4298, #5304 ) ) ;
#5241 = AXIS2_PLACEMENT_3D ( 'NONE', #5588, #833, #5072 ) ;
#5242 = VERTEX_POINT ( 'NONE', #2872 ) ;
#5243 = ADVANCED_FACE ( 'NONE', ( #3936 ), #937, .T. ) ;
#5244 = ORIENTED_EDGE ( 'NONE', *, *, #3260, .F. ) ;
#5245 = EDGE_CURVE ( 'NONE', #3782, #3480, #5667, .T. ) ;
#5246 = CARTESIAN_POINT ( 'NONE',  ( -3.005379291100030770, -0.3400015541606994374, 2.437500000000000000 ) ) ;
#5247 = CARTESIAN_POINT ( 'NONE',  ( -7.979999999999999538, -1.666666666666666297, 0.5000000000000003331 ) ) ;
#5248 = EDGE_CURVE ( 'NONE', #1846, #2249, #498, .T. ) ;
#5249 = ORIENTED_EDGE ( 'NONE', *, *, #6676, .T. ) ;
#5250 = CYLINDRICAL_SURFACE ( 'NONE', #2047, 0.1250000000000000000 ) ;
#5251 = ADVANCED_FACE ( 'NONE', ( #3422 ), #3356, .F. ) ;
#5252 = CARTESIAN_POINT ( 'NONE',  ( -0.1333629230997752102, 1.145833333333334147, 0.000000000000000000 ) ) ;
#5253 = DIRECTION ( 'NONE',  ( -0.000000000000000000, -0.000000000000000000, -1.000000000000000000 ) ) ;
#5254 = AXIS2_PLACEMENT_3D ( 'NONE', #4248, #6323, #4771 ) ;
#5255 = ADVANCED_FACE ( 'NONE', ( #5017 ), #303, .T. ) ;
#5256 = CARTESIAN_POINT ( 'NONE',  ( 7.000000000000807354, 0.7908868947066094446, 1.462492577496038226 ) ) ;
#5257 = ORIENTED_EDGE ( 'NONE', *, *, #656, .F. ) ;
#5258 = ORIENTED_EDGE ( 'NONE', *, *, #4027, .T. ) ;
#5259 = ORIENTED_EDGE ( 'NONE', *, *, #2503, .T. ) ;
#5260 = DIRECTION ( 'NONE',  ( -1.387778780781445922E-16, -0.000000000000000000, -1.000000000000000000 ) ) ;
#5261 = AXIS2_PLACEMENT_3D ( 'NONE', #1075, #4234, #3722 ) ;
#5262 = CARTESIAN_POINT ( 'NONE',  ( 7.433856587067396049, -2.045750030182936108, 0.6746075596994537404 ) ) ;
#5263 = CARTESIAN_POINT ( 'NONE',  ( -9.874999999999998224, -1.666666666666666297, 2.000000000000000444 ) ) ;
#5264 = CARTESIAN_POINT ( 'NONE',  ( 9.066111996829180342, 0.05039987445755889778, 2.500000000000000000 ) ) ;
#5265 = AXIS2_PLACEMENT_3D ( 'NONE', #1350, #6592, #2939 ) ;
#5266 = EDGE_LOOP ( 'NONE', ( #4430, #4968, #4091, #456 ) ) ;
#5267 = DIRECTION ( 'NONE',  ( -0.8000000000000005995, -0.000000000000000000, -0.5999999999999992006 ) ) ;
#5268 = AXIS2_PLACEMENT_3D ( 'NONE', #5417, #702, #943 ) ;
#5269 = LINE ( 'NONE', #4186, #3005 ) ;
#5270 = CARTESIAN_POINT ( 'NONE',  ( 6.933858235007964055, -1.871473372069715646, 0.8624999999999999334 ) ) ;
#5271 = CARTESIAN_POINT ( 'NONE',  ( 7.539803791602666116, 0.5453378590213420196, 0.5043503040920187530 ) ) ;
#5272 = CARTESIAN_POINT ( 'NONE',  ( -7.297779489814402609, -3.406666666666666288, 0.1250000000000001110 ) ) ;
#5273 = VERTEX_POINT ( 'NONE', #3083 ) ;
#5274 = AXIS2_PLACEMENT_3D ( 'NONE', #199, #2297, #2368 ) ;
#5275 = ORIENTED_EDGE ( 'NONE', *, *, #1888, .T. ) ;
#5276 = VERTEX_POINT ( 'NONE', #5119 ) ;
#5277 = AXIS2_PLACEMENT_3D ( 'NONE', #167, #4870, #609 ) ;
#5278 = FACE_BOUND ( 'NONE', #1802, .T. ) ;
#5279 = CARTESIAN_POINT ( 'NONE',  ( 9.033759616191366248, -0.07034085382857491187, 2.000000000000000444 ) ) ;
#5280 = CARTESIAN_POINT ( 'NONE',  ( 8.325291008880260080, -2.356463478178802529, 2.500000000000000000 ) ) ;
#5281 = ORIENTED_EDGE ( 'NONE', *, *, #3142, .T. ) ;
#5282 = DIRECTION ( 'NONE',  ( -0.3291341199363030934, -0.9442831837397906991, 0.000000000000000000 ) ) ;
#5283 = DIRECTION ( 'NONE',  ( -0.000000000000000000, -1.000000000000000000, -0.000000000000000000 ) ) ;
#5284 = CARTESIAN_POINT ( 'NONE',  ( -7.493985973397655265, -2.425782523725556583, 0.6320445867894496361 ) ) ;
#5285 = EDGE_CURVE ( 'NONE', #5404, #4705, #4073, .T. ) ;
#5286 = CARTESIAN_POINT ( 'NONE',  ( -6.539583137816284975, -0.4693736986374010822, 2.375000000000000000 ) ) ;
#5287 = VERTEX_POINT ( 'NONE', #5698 ) ;
#5288 = ORIENTED_EDGE ( 'NONE', *, *, #1093, .F. ) ;
#5289 = EDGE_LOOP ( 'NONE', ( #4000, #3270, #24, #5703 ) ) ;
#5290 = LINE ( 'NONE', #1090, #2695 ) ;
#5291 = ADVANCED_FACE ( 'NONE', ( #337 ), #1958, .F. ) ;
#5292 = FACE_OUTER_BOUND ( 'NONE', #6333, .T. ) ;
#5293 = EDGE_LOOP ( 'NONE', ( #5406, #3483, #1571, #125 ) ) ;
#5294 = ORIENTED_EDGE ( 'NONE', *, *, #5285, .T. ) ;
#5295 = VERTEX_POINT ( 'NONE', #883 ) ;
#5296 = DIRECTION ( 'NONE',  ( 0.000000000000000000, 0.000000000000000000, -1.000000000000000000 ) ) ;
#5297 = EDGE_CURVE ( 'NONE', #5712, #2718, #2372, .T. ) ;
#5298 = FACE_OUTER_BOUND ( 'NONE', #5988, .T. ) ;
#5299 = PLANE ( 'NONE',  #2260 ) ;
#5300 = CARTESIAN_POINT ( 'NONE',  ( -8.739999999999998437, -0.5316666666666665098, 0.5000000000000004441 ) ) ;
#5301 = ORIENTED_EDGE ( 'NONE', *, *, #2863, .T. ) ;
#5302 = ADVANCED_FACE ( 'NONE', ( #2498 ), #6731, .T. ) ;
#5303 = ADVANCED_FACE ( 'NONE', ( #3457 ), #6178, .T. ) ;
#5304 = ORIENTED_EDGE ( 'NONE', *, *, #3109, .F. ) ;
#5305 = EDGE_CURVE ( 'NONE', #2957, #2159, #2476, .T. ) ;
#5306 = ORIENTED_EDGE ( 'NONE', *, *, #3553, .F. ) ;
#5307 = CARTESIAN_POINT ( 'NONE',  ( -8.015698991566083009, -2.540516224188789529, 1.875000000000000000 ) ) ;
#5308 = DIRECTION ( 'NONE',  ( -0.000000000000000000, 0.000000000000000000, 1.000000000000000000 ) ) ;
#5309 = DIRECTION ( 'NONE',  ( -0.000000000000000000, 0.000000000000000000, 1.000000000000000000 ) ) ;
#5310 = DIRECTION ( 'NONE',  ( 0.000000000000000000, -1.000000000000000000, 0.000000000000000000 ) ) ;
#5311 = ORIENTED_EDGE ( 'NONE', *, *, #4424, .T. ) ;
#5312 = DIRECTION ( 'NONE',  ( 0.000000000000000000, 0.000000000000000000, 1.000000000000000000 ) ) ;
#5313 = DIRECTION ( 'NONE',  ( 0.000000000000000000, 1.000000000000000000, -0.000000000000000000 ) ) ;
#5314 = CARTESIAN_POINT ( 'NONE',  ( 7.026757452254066116, 0.7787153118086231895, 0.8624999999999997113 ) ) ;
#5315 = DIRECTION ( 'NONE',  ( 1.000000000000000000, 0.000000000000000000, 0.000000000000000000 ) ) ;
#5316 = TOROIDAL_SURFACE ( 'NONE', #3328, 0.7599999999999995648, 0.1250000000000000000 ) ;
#5317 = EDGE_LOOP ( 'NONE', ( #142, #3301, #5257, #939 ) ) ;
#5318 = ORIENTED_EDGE ( 'NONE', *, *, #4217, .F. ) ;
#5319 = CARTESIAN_POINT ( 'NONE',  ( -7.297779489814402609, -2.406666666666666288, 2.500000000000000000 ) ) ;
#5320 = CIRCLE ( 'NONE', #4102, 1.260000000000000009 ) ;
#5321 = EDGE_CURVE ( 'NONE', #1120, #4280, #6540, .T. ) ;
#5322 = VECTOR ( 'NONE', #2279, 100.0000000000000000 ) ;
#5323 = DIRECTION ( 'NONE',  ( 0.000000000000000000, -0.000000000000000000, -1.000000000000000000 ) ) ;
#5324 = EDGE_CURVE ( 'NONE', #2866, #2439, #5184, .T. ) ;
#5325 = CARTESIAN_POINT ( 'NONE',  ( 7.082810079599274999, -1.764874073844246549, 1.562107559699454473 ) ) ;
#5326 = FACE_OUTER_BOUND ( 'NONE', #1969, .T. ) ;
#5327 = ORIENTED_EDGE ( 'NONE', *, *, #2185, .F. ) ;
#5328 = CIRCLE ( 'NONE', #2364, 1.000000000000000222 ) ;
#5329 = AXIS2_PLACEMENT_3D ( 'NONE', #3051, #5162, #2982 ) ;
#5330 = AXIS2_PLACEMENT_3D ( 'NONE', #5841, #6815, #6321 ) ;
#5331 = CARTESIAN_POINT ( 'NONE',  ( 9.066111996829180342, 0.05039987445755889778, 2.500000000000000000 ) ) ;
#5332 = CARTESIAN_POINT ( 'NONE',  ( -7.000000000355731444, -0.4098551326055865918, 1.039620789820211444 ) ) ;
#5333 = CIRCLE ( 'NONE', #171, 0.1250000000000000833 ) ;
#5334 = AXIS2_PLACEMENT_3D ( 'NONE', #848, #1400, #3555 ) ;
#5335 = AXIS2_PLACEMENT_3D ( 'NONE', #4396, #276, #6534 ) ;
#5336 = CARTESIAN_POINT ( 'NONE',  ( 8.740000000000001990, -1.166666666666666519, 0.1250000000000001110 ) ) ;
#5337 = CARTESIAN_POINT ( 'NONE',  ( -4.307865291323405010, 1.227852419256984629, 2.437500000000000000 ) ) ;
#5338 = DIRECTION ( 'NONE',  ( 1.000000000000000000, 1.734723475976807094E-16, -0.000000000000000000 ) ) ;
#5339 = EDGE_LOOP ( 'NONE', ( #1510, #4738 ) ) ;
#5340 = EDGE_CURVE ( 'NONE', #2851, #2524, #1358, .T. ) ;
#5341 = AXIS2_PLACEMENT_3D ( 'NONE', #3492, #5602, #501 ) ;
#5342 = ORIENTED_EDGE ( 'NONE', *, *, #6779, .F. ) ;
#5343 = ORIENTED_EDGE ( 'NONE', *, *, #4747, .F. ) ;
#5344 = ORIENTED_EDGE ( 'NONE', *, *, #3714, .T. ) ;
#5345 = ADVANCED_FACE ( 'NONE', ( #6214 ), #4491, .F. ) ;
#5346 = FACE_OUTER_BOUND ( 'NONE', #4784, .T. ) ;
#5347 = CIRCLE ( 'NONE', #1613, 1.124999999999999556 ) ;
#5348 = FACE_OUTER_BOUND ( 'NONE', #5289, .T. ) ;
#5349 = EDGE_CURVE ( 'NONE', #4336, #1579, #3494, .T. ) ;
#5350 = CARTESIAN_POINT ( 'NONE',  ( 7.466666666666668561, -1.898669001194128292, 0.6500000000000003553 ) ) ;
#5351 = LINE ( 'NONE', #2246, #6686 ) ;
#5352 = ORIENTED_EDGE ( 'NONE', *, *, #6717, .T. ) ;
#5353 = CARTESIAN_POINT ( 'NONE',  ( 7.957322568362884319, 0.2180895838400092046, 2.500000000000000000 ) ) ;
#5354 = CARTESIAN_POINT ( 'NONE',  ( 0.2315408876510614555, -0.7838001772875876627, 2.375000000000000000 ) ) ;
#5355 = FACE_OUTER_BOUND ( 'NONE', #405, .T. ) ;
#5356 = CYLINDRICAL_SURFACE ( 'NONE', #1858, 0.6349999999999994538 ) ;
#5357 = ORIENTED_EDGE ( 'NONE', *, *, #2490, .F. ) ;
#5358 = CARTESIAN_POINT ( 'NONE',  ( 4.427177119311187070, -2.155157097994694571, 2.484202733644392147 ) ) ;
#5359 = AXIS2_PLACEMENT_3D ( 'NONE', #544, #30, #1514 ) ;
#5360 = CARTESIAN_POINT ( 'NONE',  ( 7.471909641220705112, -2.059013592115789937, 0.6366560608548339495 ) ) ;
#5361 = DIRECTION ( 'NONE',  ( 0.9102497639190950673, -0.4140596180325146203, 0.000000000000000000 ) ) ;
#5362 = FACE_OUTER_BOUND ( 'NONE', #6090, .T. ) ;
#5363 = EDGE_CURVE ( 'NONE', #1458, #5730, #1819, .T. ) ;
#5364 = EDGE_LOOP ( 'NONE', ( #675, #4755, #1202, #4541 ) ) ;
#5365 = AXIS2_PLACEMENT_3D ( 'NONE', #3048, #4460, #4529 ) ;
#5366 = VERTEX_POINT ( 'NONE', #948 ) ;
#5367 = CARTESIAN_POINT ( 'NONE',  ( 6.875000000000001776, -1.718582527600188925, 1.437500000000000000 ) ) ;
#5368 = CARTESIAN_POINT ( 'NONE',  ( -7.006572568497236198, -0.4087636907028994182, 1.017541174663451509 ) ) ;
#5369 = VECTOR ( 'NONE', #6269, 100.0000000000000000 ) ;
#5370 = CARTESIAN_POINT ( 'NONE',  ( -6.878749186157199880, -0.4062167607600808417, 1.040677227997875764 ) ) ;
#5371 = CARTESIAN_POINT ( 'NONE',  ( -3.172337265387090266, -0.4872092301734593511, 0.06250000000000000000 ) ) ;
#5372 = CARTESIAN_POINT ( 'NONE',  ( 7.528259301346168719, -1.941605776854249399, 1.875000000000000222 ) ) ;
#5373 = VERTEX_POINT ( 'NONE', #6629 ) ;
#5374 = EDGE_CURVE ( 'NONE', #225, #1349, #6211, .T. ) ;
#5375 = ORIENTED_EDGE ( 'NONE', *, *, #4535, .T. ) ;
#5376 = ORIENTED_EDGE ( 'NONE', *, *, #4065, .F. ) ;
#5377 = CIRCLE ( 'NONE', #4823, 1.124999999999999556 ) ;
#5378 = EDGE_LOOP ( 'NONE', ( #4510, #3561, #1107, #3309 ) ) ;
#5379 =( BOUNDED_CURVE ( )  B_SPLINE_CURVE ( 3, ( #3556, #5155, #6247, #949 ),
 .UNSPECIFIED., .F., .F. ) 
 B_SPLINE_CURVE_WITH_KNOTS ( ( 4, 4 ),
 ( 1.570796326794896558, 2.214297435588179486 ),
 .UNSPECIFIED. ) 
 CURVE ( )  GEOMETRIC_REPRESENTATION_ITEM ( )  RATIONAL_B_SPLINE_CURVE ( ( 1.000000000000000000, 0.9657888653670092527, 0.9657888653670092527, 1.000000000000000000 ) ) 
 REPRESENTATION_ITEM ( '' )  );
#5380 = EDGE_CURVE ( 'NONE', #3110, #2157, #1711, .T. ) ;
#5381 = DIRECTION ( 'NONE',  ( -0.2434641001451877396, 0.9699099091877008139, 0.000000000000000000 ) ) ;
#5382 = CARTESIAN_POINT ( 'NONE',  ( 3.333333333333335258, -1.666666666666666963, 2.500000000000000000 ) ) ;
#5383 = DIRECTION ( 'NONE',  ( -1.040834085586083394E-16, 0.000000000000000000, -1.000000000000000000 ) ) ;
#5384 = VECTOR ( 'NONE', #1325, 100.0000000000000142 ) ;
#5385 = CARTESIAN_POINT ( 'NONE',  ( 7.980000000000002203, -1.166666666666666297, 2.500000000000000000 ) ) ;
#5386 = ORIENTED_EDGE ( 'NONE', *, *, #4522, .T. ) ;
#5387 = DIRECTION ( 'NONE',  ( -0.9102497639190957335, 0.4140596180325130660, 0.000000000000000000 ) ) ;
#5388 = AXIS2_PLACEMENT_3D ( 'NONE', #4617, #897, #4127 ) ;
#5389 = FACE_OUTER_BOUND ( 'NONE', #6794, .T. ) ;
#5390 = DIRECTION ( 'NONE',  ( 0.8650292983407825709, 0.000000000000000000, -0.5017213499663468745 ) ) ;
#5391 = DIRECTION ( 'NONE',  ( 0.6842772733622044523, -0.7292219231207925922, 0.000000000000000000 ) ) ;
#5392 = CIRCLE ( 'NONE', #3293, 1.117867031364097485 ) ;
#5393 = EDGE_LOOP ( 'NONE', ( #6420, #2753, #6693, #4725 ) ) ;
#5394 = DIRECTION ( 'NONE',  ( 0.000000000000000000, 0.000000000000000000, 1.000000000000000000 ) ) ;
#5395 = DIRECTION ( 'NONE',  ( 0.000000000000000000, 0.000000000000000000, -1.000000000000000000 ) ) ;
#5396 = CARTESIAN_POINT ( 'NONE',  ( 4.491576537518830570, 1.708333333333333925, 2.375000000000000000 ) ) ;
#5397 = CARTESIAN_POINT ( 'NONE',  ( -7.466666666666665897, -2.285591201756871804, 0.6500000000000005773 ) ) ;
#5398 = DIRECTION ( 'NONE',  ( 1.000000000000000000, 0.000000000000000000, 0.000000000000000000 ) ) ;
#5399 = CARTESIAN_POINT ( 'NONE',  ( 0.6635635517212482570, -2.350768383770468262, 2.500000000000000000 ) ) ;
#5400 = CARTESIAN_POINT ( 'NONE',  ( 0.2315408876510613445, -0.7838001772875876627, 2.500000000000000000 ) ) ;
#5401 = FACE_OUTER_BOUND ( 'NONE', #5240, .T. ) ;
#5402 = CARTESIAN_POINT ( 'NONE',  ( -0.4510658024505467822, 1.777961806196209249, 2.375000000000000000 ) ) ;
#5403 = ORIENTED_EDGE ( 'NONE', *, *, #6682, .F. ) ;
#5404 = VERTEX_POINT ( 'NONE', #5154 ) ;
#5405 = ORIENTED_EDGE ( 'NONE', *, *, #39, .F. ) ;
#5406 = ORIENTED_EDGE ( 'NONE', *, *, #3900, .F. ) ;
#5407 = ADVANCED_FACE ( 'NONE', ( #435 ), #5563, .T. ) ;
#5408 = DIRECTION ( 'NONE',  ( -1.387778780781445922E-16, -0.000000000000000000, -1.000000000000000000 ) ) ;
#5409 = PLANE ( 'NONE',  #3944 ) ;
#5410 = DIRECTION ( 'NONE',  ( 1.000000000000000000, 0.000000000000000000, 0.000000000000000000 ) ) ;
#5411 = DIRECTION ( 'NONE',  ( 0.9659258262890680902, -0.2588190451025211836, -1.340491365532753679E-16 ) ) ;
#5412 = ORIENTED_EDGE ( 'NONE', *, *, #3389, .T. ) ;
#5413 = ORIENTED_EDGE ( 'NONE', *, *, #4966, .T. ) ;
#5414 = DIRECTION ( 'NONE',  ( 0.000000000000000000, 0.000000000000000000, 1.000000000000000000 ) ) ;
#5415 = CARTESIAN_POINT ( 'NONE',  ( -6.881245813442083303, -0.4063009977408980622, 1.480762937009043823 ) ) ;
#5416 = DIRECTION ( 'NONE',  ( -0.3281418111986789121, 0.9446284728628767668, 0.000000000000000000 ) ) ;
#5417 = CARTESIAN_POINT ( 'NONE',  ( 5.116637076900224734, 1.270833333333334147, 2.437500000000000000 ) ) ;
#5418 = ADVANCED_FACE ( 'NONE', ( #6703 ), #53, .T. ) ;
#5419 = ORIENTED_EDGE ( 'NONE', *, *, #4077, .F. ) ;
#5420 = CARTESIAN_POINT ( 'NONE',  ( -6.908742675414803358, 0.5933333333333337123, 2.375000000000000000 ) ) ;
#5421 = EDGE_CURVE ( 'NONE', #5891, #3118, #4733, .T. ) ;
#5422 = TOROIDAL_SURFACE ( 'NONE', #1474, 0.8750000000000001110, 0.1250000000000000000 ) ;
#5423 = CARTESIAN_POINT ( 'NONE',  ( -8.739999999999998437, -0.5316666666666662877, 0.000000000000000000 ) ) ;
#5424 = CARTESIAN_POINT ( 'NONE',  ( 6.933858235007964055, -1.871473372069715868, 0.8624999999999999334 ) ) ;
#5425 = DIRECTION ( 'NONE',  ( -0.7517689932648525808, 0.3419689787775667122, -0.5638267449486393801 ) ) ;
#5426 = DIRECTION ( 'NONE',  ( 0.000000000000000000, -0.000000000000000000, -1.000000000000000000 ) ) ;
#5427 = ADVANCED_FACE ( 'NONE', ( #4275 ), #6246, .T. ) ;
#5428 = AXIS2_PLACEMENT_3D ( 'NONE', #1773, #3894, #776 ) ;
#5429 = CIRCLE ( 'NONE', #4895, 0.1250000000000002776 ) ;
#5430 = AXIS2_PLACEMENT_3D ( 'NONE', #5246, #1036, #2626 ) ;
#5431 = DIRECTION ( 'NONE',  ( 0.000000000000000000, -0.000000000000000000, -1.000000000000000000 ) ) ;
#5432 = DIRECTION ( 'NONE',  ( 1.000000000000000000, 8.540177112501204385E-16, 0.000000000000000000 ) ) ;
#5433 = DIRECTION ( 'NONE',  ( 0.3312307420122229673, -0.9435497843495234127, 0.000000000000000000 ) ) ;
#5434 = CARTESIAN_POINT ( 'NONE',  ( 8.740000000000001990, -1.166666666666666519, 0.1250000000000001110 ) ) ;
#5435 = TOROIDAL_SURFACE ( 'NONE', #3999, 1.125000000000000000, 0.1250000000000000000 ) ;
#5436 = DIRECTION ( 'NONE',  ( 1.000000000000000000, 0.000000000000000000, 0.000000000000000000 ) ) ;
#5437 = ORIENTED_EDGE ( 'NONE', *, *, #5004, .T. ) ;
#5438 = ORIENTED_EDGE ( 'NONE', *, *, #197, .T. ) ;
#5439 = VERTEX_POINT ( 'NONE', #6280 ) ;
#5440 = TOROIDAL_SURFACE ( 'NONE', #1370, 1.125000000000000000, 0.1250000000000000000 ) ;
#5441 = CIRCLE ( 'NONE', #2583, 0.6350000000000001199 ) ;
#5442 = ORIENTED_EDGE ( 'NONE', *, *, #6213, .T. ) ;
#5443 = CARTESIAN_POINT ( 'NONE',  ( 3.333333333333335258, -1.666666666666666963, 2.500000000000000000 ) ) ;
#5444 = DIRECTION ( 'NONE',  ( -0.9446284728628753236, -0.3281418111986830199, -0.000000000000000000 ) ) ;
#5445 = DIRECTION ( 'NONE',  ( 1.000000000000000000, 0.000000000000000000, 0.000000000000000000 ) ) ;
#5446 = DIRECTION ( 'NONE',  ( 1.000000000000000000, 0.000000000000000000, 0.000000000000000000 ) ) ;
#5447 = VERTEX_POINT ( 'NONE', #2154 ) ;
#5448 = AXIS2_PLACEMENT_3D ( 'NONE', #1884, #3551, #1354 ) ;
#5449 = ORIENTED_EDGE ( 'NONE', *, *, #6628, .T. ) ;
#5450 = ORIENTED_EDGE ( 'NONE', *, *, #1123, .F. ) ;
#5451 = DIRECTION ( 'NONE',  ( 0.000000000000000000, 0.000000000000000000, -1.000000000000000000 ) ) ;
#5452 = EDGE_CURVE ( 'NONE', #3026, #4822, #5441, .T. ) ;
#5453 = AXIS2_PLACEMENT_3D ( 'NONE', #4526, #302, #847 ) ;
#5454 = CARTESIAN_POINT ( 'NONE',  ( 7.000000000000001776, -1.718582527600188925, 1.437500000000000000 ) ) ;
#5455 = CARTESIAN_POINT ( 'NONE',  ( 7.464874936802770478, 0.5794219249863574728, 1.966088113410826343 ) ) ;
#5456 = CARTESIAN_POINT ( 'NONE',  ( 7.000000000000001776, -1.718582527600188925, 1.437500000000000222 ) ) ;
#5457 = VECTOR ( 'NONE', #797, 100.0000000000000000 ) ;
#5458 = EDGE_CURVE ( 'NONE', #1213, #1411, #1373, .T. ) ;
#5459 = EDGE_CURVE ( 'NONE', #2210, #2523, #466, .T. ) ;
#5460 = CARTESIAN_POINT ( 'NONE',  ( 4.399355663866782784, -2.143764055885681419, 2.496680996571463584 ) ) ;
#5461 = EDGE_CURVE ( 'NONE', #15, #5557, #2252, .T. ) ;
#5462 = DIRECTION ( 'NONE',  ( -1.000000000000000000, 0.000000000000000000, 0.000000000000000000 ) ) ;
#5463 = DIRECTION ( 'NONE',  ( 0.7292219231207930363, 0.6842772733622038972, -0.000000000000000000 ) ) ;
#5464 = DIRECTION ( 'NONE',  ( 1.000000000000000000, 0.000000000000000000, 0.000000000000000000 ) ) ;
#5465 = DIRECTION ( 'NONE',  ( 0.5999999999999999778, 0.000000000000000000, -0.8000000000000000444 ) ) ;
#5466 = ORIENTED_EDGE ( 'NONE', *, *, #3428, .F. ) ;
#5467 = DIRECTION ( 'NONE',  ( -0.000000000000000000, 0.000000000000000000, 1.000000000000000000 ) ) ;
#5468 = AXIS2_PLACEMENT_3D ( 'NONE', #1444, #5645, #3429 ) ;
#5469 = DIRECTION ( 'NONE',  ( -0.000000000000000000, 0.000000000000000000, 1.000000000000000000 ) ) ;
#5470 = DIRECTION ( 'NONE',  ( 0.000000000000000000, 0.000000000000000000, -1.000000000000000000 ) ) ;
#5471 = CARTESIAN_POINT ( 'NONE',  ( -7.391666666666665719, -0.4066666666666662877, 0.5500000000000002665 ) ) ;
#5472 = CIRCLE ( 'NONE', #528, 0.06250000000000005551 ) ;
#5473 = VERTEX_POINT ( 'NONE', #2056 ) ;
#5474 = EDGE_LOOP ( 'NONE', ( #5342, #1569, #5837, #5419 ) ) ;
#5475 = ORIENTED_EDGE ( 'NONE', *, *, #2920, .F. ) ;
#5476 = ORIENTED_EDGE ( 'NONE', *, *, #5840, .T. ) ;
#5477 = DIRECTION ( 'NONE',  ( 0.2434641001451881559, -0.9699099091877008139, 0.000000000000000000 ) ) ;
#5478 = LINE ( 'NONE', #3437, #3451 ) ;
#5479 = CARTESIAN_POINT ( 'NONE',  ( 7.050000000000002487, -1.753437974102241892, 0.9624999999999994671 ) ) ;
#5480 = CARTESIAN_POINT ( 'NONE',  ( -7.514568091460859023, -2.430448093704558499, 0.5000000000000002220 ) ) ;
#5481 = CARTESIAN_POINT ( 'NONE',  ( 7.466666666666668561, 0.4753983752048711597, 1.850000000000000311 ) ) ;
#5482 = ORIENTED_EDGE ( 'NONE', *, *, #2724, .F. ) ;
#5483 = VECTOR ( 'NONE', #4107, 100.0000000000000000 ) ;
#5484 = ORIENTED_EDGE ( 'NONE', *, *, #1218, .F. ) ;
#5485 = ORIENTED_EDGE ( 'NONE', *, *, #4376, .T. ) ;
#5486 = DIRECTION ( 'NONE',  ( 0.3291341199363029824, 0.9442831837397908101, 0.000000000000000000 ) ) ;
#5487 = AXIS2_PLACEMENT_3D ( 'NONE', #6138, #3586, #5633 ) ;
#5488 = CARTESIAN_POINT ( 'NONE',  ( -8.739999999999998437, -1.666666666666666297, 2.500000000000000000 ) ) ;
#5489 = CARTESIAN_POINT ( 'NONE',  ( -0.4100480760507114741, 1.659883247088350000, 2.500000000000000000 ) ) ;
#5490 = CARTESIAN_POINT ( 'NONE',  ( 7.007345686152840258, -1.897087751288854429, 1.497309864497738285 ) ) ;
#5491 = VECTOR ( 'NONE', #3393, 100.0000000000000000 ) ;
#5492 = CARTESIAN_POINT ( 'NONE',  ( 4.484645310706724786, -2.178604876567602489, 2.375000000000000000 ) ) ;
#5493 = EDGE_CURVE ( 'NONE', #4204, #2439, #4003, .T. ) ;
#5494 = ADVANCED_FACE ( 'NONE', ( #5731 ), #2092, .T. ) ;
#5495 = CARTESIAN_POINT ( 'NONE',  ( 8.740000000000001990, -1.166666666666666519, 0.000000000000000000 ) ) ;
#5496 = CARTESIAN_POINT ( 'NONE',  ( 0.2679343889853184058, -0.7746647813404545779, 2.500000000000000000 ) ) ;
#5497 = CIRCLE ( 'NONE', #5932, 0.1250000000000001110 ) ;
#5498 = CARTESIAN_POINT ( 'NONE',  ( 7.982126430965927000, 0.2872497520966534323, 4.616310577737469378E-16 ) ) ;
#5499 = LINE ( 'NONE', #1851, #6705 ) ;
#5500 = EDGE_CURVE ( 'NONE', #4216, #724, #4761, .T. ) ;
#5501 = ORIENTED_EDGE ( 'NONE', *, *, #2487, .T. ) ;
#5502 = DIRECTION ( 'NONE',  ( -0.000000000000000000, 0.000000000000000000, 1.000000000000000000 ) ) ;
#5503 = DIRECTION ( 'NONE',  ( 0.9699099091877008139, 0.2434641001451877396, 0.000000000000000000 ) ) ;
#5504 = CARTESIAN_POINT ( 'NONE',  ( 2.111898869124241074, -1.903574980081993218, 0.06199702415727346289 ) ) ;
#5505 = DIRECTION ( 'NONE',  ( -0.000000000000000000, 0.000000000000000000, 1.000000000000000000 ) ) ;
#5506 = ORIENTED_EDGE ( 'NONE', *, *, #5793, .F. ) ;
#5507 = VERTEX_POINT ( 'NONE', #2700 ) ;
#5508 = EDGE_CURVE ( 'NONE', #4839, #5473, #2796, .T. ) ;
#5509 = ORIENTED_EDGE ( 'NONE', *, *, #580, .T. ) ;
#5510 = DIRECTION ( 'NONE',  ( -0.000000000000000000, 0.000000000000000000, 1.000000000000000000 ) ) ;
#5511 = DIRECTION ( 'NONE',  ( 1.000000000000000000, 0.000000000000000000, 0.000000000000000000 ) ) ;
#5512 = DIRECTION ( 'NONE',  ( -0.000000000000000000, 0.000000000000000000, 1.000000000000000000 ) ) ;
#5513 = DIRECTION ( 'NONE',  ( -0.000000000000000000, 0.000000000000000000, 1.000000000000000000 ) ) ;
#5514 = EDGE_CURVE ( 'NONE', #2482, #1625, #391, .T. ) ;
#5515 = CARTESIAN_POINT ( 'NONE',  ( -2.924999999999995826, -0.4066666666666662877, -1.399999999999998579 ) ) ;
#5516 = FACE_OUTER_BOUND ( 'NONE', #5393, .T. ) ;
#5517 = ORIENTED_EDGE ( 'NONE', *, *, #2789, .T. ) ;
#5518 = EDGE_CURVE ( 'NONE', #3140, #1219, #1636, .T. ) ;
#5519 = EDGE_CURVE ( 'NONE', #3616, #1363, #713, .T. ) ;
#5520 = ORIENTED_EDGE ( 'NONE', *, *, #4951, .F. ) ;
#5521 = EDGE_LOOP ( 'NONE', ( #3699, #3379, #2024, #2353 ) ) ;
#5522 = CARTESIAN_POINT ( 'NONE',  ( -3.070273124174317747, -0.3571333578456117319, -0.007045904514871997870 ) ) ;
#5523 = CARTESIAN_POINT ( 'NONE',  ( 6.902935071501267394, -1.860694965356896491, 1.614307627369319320 ) ) ;
#5524 = EDGE_LOOP ( 'NONE', ( #5655, #1230, #563, #2178 ) ) ;
#5525 = DIRECTION ( 'NONE',  ( 1.387778780781445922E-16, 0.000000000000000000, 1.000000000000000000 ) ) ;
#5526 = CARTESIAN_POINT ( 'NONE',  ( 0.6635635517212482570, -2.350768383770468262, 2.500000000000000000 ) ) ;
#5527 = LINE ( 'NONE', #1886, #5384 ) ;
#5528 = CARTESIAN_POINT ( 'NONE',  ( 4.991637076900224734, 1.395833333333334147, 2.500000000000000000 ) ) ;
#5529 = CARTESIAN_POINT ( 'NONE',  ( -7.467743098701665971, -2.418938715945885498, 1.852007009782662417 ) ) ;
#5530 = ORIENTED_EDGE ( 'NONE', *, *, #5197, .T. ) ;
#5531 = EDGE_CURVE ( 'NONE', #5218, #4830, #1600, .T. ) ;
#5532 = DIRECTION ( 'NONE',  ( -0.9699099091877008139, -0.2434641001451877396, -0.000000000000000000 ) ) ;
#5533 = VECTOR ( 'NONE', #6505, 100.0000000000000000 ) ;
#5534 = ADVANCED_FACE ( 'NONE', ( #1082 ), #3186, .F. ) ;
#5535 = DIRECTION ( 'NONE',  ( 0.000000000000000000, 0.000000000000000000, -1.000000000000000000 ) ) ;
#5536 = CARTESIAN_POINT ( 'NONE',  ( 2.096549453265687202, -1.907427199156551012, 0.1250000000000001110 ) ) ;
#5537 = CARTESIAN_POINT ( 'NONE',  ( 6.926757452255055902, 0.8242038836755000153, 1.023849210622862937 ) ) ;
#5538 = ORIENTED_EDGE ( 'NONE', *, *, #1882, .T. ) ;
#5539 = VECTOR ( 'NONE', #4097, 100.0000000000000000 ) ;
#5540 = CIRCLE ( 'NONE', #1693, 0.1250000000000000000 ) ;
#5541 = VECTOR ( 'NONE', #5692, 100.0000000000000000 ) ;
#5542 = EDGE_CURVE ( 'NONE', #6812, #800, #48, .T. ) ;
#5543 = VERTEX_POINT ( 'NONE', #3283 ) ;
#5544 = ORIENTED_EDGE ( 'NONE', *, *, #5721, .T. ) ;
#5545 = DIRECTION ( 'NONE',  ( 0.9659258262890682012, -0.2588190451025212391, 0.000000000000000000 ) ) ;
#5546 = VECTOR ( 'NONE', #1977, 100.0000000000000000 ) ;
#5547 = TOROIDAL_SURFACE ( 'NONE', #2248, 1.134999999999999787, 0.1250000000000000000 ) ;
#5548 = FACE_OUTER_BOUND ( 'NONE', #6658, .T. ) ;
#5549 = FACE_OUTER_BOUND ( 'NONE', #6460, .T. ) ;
#5550 = DIRECTION ( 'NONE',  ( 1.000000000000000000, 0.000000000000000000, 0.000000000000000000 ) ) ;
#5551 = LINE ( 'NONE', #1944, #5546 ) ;
#5552 = DIRECTION ( 'NONE',  ( 0.000000000000000000, 1.000000000000000000, 0.000000000000000000 ) ) ;
#5553 = EDGE_CURVE ( 'NONE', #6249, #901, #2571, .T. ) ;
#5554 = ORIENTED_EDGE ( 'NONE', *, *, #5158, .F. ) ;
#5555 = CIRCLE ( 'NONE', #6203, 0.6350000000000001199 ) ;
#5556 = VECTOR ( 'NONE', #4527, 100.0000000000000000 ) ;
#5557 = VERTEX_POINT ( 'NONE', #4834 ) ;
#5558 = ORIENTED_EDGE ( 'NONE', *, *, #5806, .F. ) ;
#5559 = ADVANCED_FACE ( 'NONE', ( #5389 ), #3798, .F. ) ;
#5560 = AXIS2_PLACEMENT_3D ( 'NONE', #2918, #1998, #4047 ) ;
#5561 = ADVANCED_FACE ( 'NONE', ( #2832 ), #4487, .T. ) ;
#5562 = CYLINDRICAL_SURFACE ( 'NONE', #6804, 0.1250000000000000000 ) ;
#5563 = TOROIDAL_SURFACE ( 'NONE', #282, 0.8750000000000001110, 0.1250000000000000000 ) ;
#5564 = VECTOR ( 'NONE', #2541, 100.0000000000000000 ) ;
#5565 = CARTESIAN_POINT ( 'NONE',  ( 7.026757452254066116, 0.7787153118086234116, 1.637499999999999734 ) ) ;
#5566 = CARTESIAN_POINT ( 'NONE',  ( 6.842972311519115891, -1.839794677630163688, 1.514745147396993730 ) ) ;
#5567 = ORIENTED_EDGE ( 'NONE', *, *, #6058, .T. ) ;
#5568 = DIRECTION ( 'NONE',  ( 0.000000000000000000, 0.000000000000000000, -1.000000000000000000 ) ) ;
#5569 = DIRECTION ( 'NONE',  ( 1.000000000000000000, 0.000000000000000000, -1.141265444721584251E-16 ) ) ;
#5570 = FACE_OUTER_BOUND ( 'NONE', #5293, .T. ) ;
#5571 = AXIS2_PLACEMENT_3D ( 'NONE', #3890, #4898, #2327 ) ;
#5572 = CARTESIAN_POINT ( 'NONE',  ( 0.000000000000000000, -0.4066666666666662877, 2.500000000000000000 ) ) ;
#5573 = DIRECTION ( 'NONE',  ( 1.000000000000000000, 0.000000000000000000, 0.000000000000000000 ) ) ;
#5574 = ORIENTED_EDGE ( 'NONE', *, *, #1899, .F. ) ;
#5575 = CARTESIAN_POINT ( 'NONE',  ( -4.863683716357508402, -1.213430518462015995, 2.500000000000000000 ) ) ;
#5576 = ADVANCED_FACE ( 'NONE', ( #153 ), #2357, .F. ) ;
#5577 = LINE ( 'NONE', #4081, #5906 ) ;
#5578 = DIRECTION ( 'NONE',  ( 0.000000000000000000, -0.000000000000000000, -1.000000000000000000 ) ) ;
#5579 = FACE_OUTER_BOUND ( 'NONE', #3206, .T. ) ;
#5580 = VERTEX_POINT ( 'NONE', #6038 ) ;
#5581 = ORIENTED_EDGE ( 'NONE', *, *, #2667, .T. ) ;
#5582 = ORIENTED_EDGE ( 'NONE', *, *, #1983, .F. ) ;
#5583 = LINE ( 'NONE', #6542, #375 ) ;
#5584 = AXIS2_PLACEMENT_3D ( 'NONE', #2102, #3125, #3195 ) ;
#5585 = DIRECTION ( 'NONE',  ( -0.000000000000000000, 0.000000000000000000, 1.000000000000000000 ) ) ;
#5586 = DIRECTION ( 'NONE',  ( -0.9616986708114019233, 0.2741088589585953805, 0.000000000000000000 ) ) ;
#5587 = EDGE_CURVE ( 'NONE', #3191, #632, #3445, .T. ) ;
#5588 = CARTESIAN_POINT ( 'NONE',  ( -0.1229239912518637901, 0.8333333333333340365, 0.000000000000000000 ) ) ;
#5589 = CARTESIAN_POINT ( 'NONE',  ( -7.297779489814402609, -3.406666666666666288, 0.1250000000000001110 ) ) ;
#5590 = CARTESIAN_POINT ( 'NONE',  ( 3.333333333333335258, -1.666666666666666963, 2.375000000000000000 ) ) ;
#5591 = ORIENTED_EDGE ( 'NONE', *, *, #1116, .T. ) ;
#5592 = VERTEX_POINT ( 'NONE', #5489 ) ;
#5593 = VECTOR ( 'NONE', #2912, 100.0000000000000000 ) ;
#5594 = EDGE_CURVE ( 'NONE', #5657, #4723, #3991, .T. ) ;
#5595 = EDGE_LOOP ( 'NONE', ( #3246, #6298 ) ) ;
#5596 = FACE_OUTER_BOUND ( 'NONE', #33, .T. ) ;
#5597 = DIRECTION ( 'NONE',  ( 0.9699099091877008139, 0.2434641001451877396, 0.000000000000000000 ) ) ;
#5598 = AXIS2_PLACEMENT_3D ( 'NONE', #2786, #2282, #1836 ) ;
#5599 = CARTESIAN_POINT ( 'NONE',  ( -0.1958629230997752102, 1.145833333333334147, 2.437500000000000000 ) ) ;
#5600 = PRODUCT_RELATED_PRODUCT_CATEGORY ( 'part', '', ( #3762 ) ) ;
#5601 = ORIENTED_EDGE ( 'NONE', *, *, #693, .T. ) ;
#5602 = DIRECTION ( 'NONE',  ( 0.2741088589585981561, 0.9616986708114011462, 0.000000000000000000 ) ) ;
#5603 =( BOUNDED_SURFACE ( )  B_SPLINE_SURFACE ( 3, 2, ( 
 ( #1553, #4618, #4187 ),
 ( #6718, #2007, #5237 ),
 ( #3063, #519, #3643 ),
 ( #5747, #1065, #5271 ),
 ( #452, #4649, #1027 ),
 ( #6749, #2039, #6232 ) ),
 .UNSPECIFIED., .F., .F., .F. ) 
 B_SPLINE_SURFACE_WITH_KNOTS ( ( 4, 2, 4 ),
 ( 3, 3 ),
 ( 4.068887871591403638, 4.390638425988046656, 4.712388980384689674 ),
 ( 0.000000000000000000, 1.000000000000000000 ),
 .UNSPECIFIED. ) 
 GEOMETRIC_REPRESENTATION_ITEM ( )  RATIONAL_B_SPLINE_SURFACE ( (
 ( 1.000000000000000000, 0.7900746074958708842, 1.000000000000000000),
 ( 1.000000000000000000, 0.7788380182334732060, 1.000000000000000000),
 ( 1.000000000000000000, 0.7659825684224009779, 1.000000000000000000),
 ( 1.000000000000000000, 0.7379703218026939515, 1.000000000000000000),
 ( 1.000000000000000000, 0.7228128513275150491, 1.000000000000000000),
 ( 1.000000000000000000, 0.7071067811865475727, 1.000000000000000000) ) ) 
 REPRESENTATION_ITEM ( '' )  SURFACE ( )  );
#5604 = CARTESIAN_POINT ( 'NONE',  ( -6.999999999999999112, -2.406666666666665844, 1.062500000000000000 ) ) ;
#5605 = LINE ( 'NONE', #5732, #3286 ) ;
#5606 = LINE ( 'NONE', #4043, #1520 ) ;
#5607 = DIRECTION ( 'NONE',  ( 0.3291341199363027048, 0.9442831837397906991, 0.000000000000000000 ) ) ;
#5608 = EDGE_CURVE ( 'NONE', #359, #350, #1045, .T. ) ;
#5609 = TOROIDAL_SURFACE ( 'NONE', #6257, 0.1250000000000000000, 0.06250000000000000000 ) ;
#5610 = EDGE_CURVE ( 'NONE', #686, #6812, #80, .T. ) ;
#5611 = ORIENTED_EDGE ( 'NONE', *, *, #3595, .F. ) ;
#5612 = DIRECTION ( 'NONE',  ( 1.000000000000000000, 0.000000000000000000, 0.000000000000000000 ) ) ;
#5613 = CIRCLE ( 'NONE', #4, 0.6349999999999994538 ) ;
#5614 = TOROIDAL_SURFACE ( 'NONE', #1990, 0.7599999999999995648, 0.1250000000000000000 ) ;
#5615 = CARTESIAN_POINT ( 'NONE',  ( -6.908742675414803358, -0.5316666666666662877, 0.000000000000000000 ) ) ;
#5616 = LINE ( 'NONE', #2849, #2782 ) ;
#5617 = LINE ( 'NONE', #3468, #4203 ) ;
#5618 = ORIENTED_EDGE ( 'NONE', *, *, #3525, .F. ) ;
#5619 = EDGE_LOOP ( 'NONE', ( #2224, #2313, #1651, #872 ) ) ;
#5620 = ORIENTED_EDGE ( 'NONE', *, *, #5220, .F. ) ;
#5621 = CARTESIAN_POINT ( 'NONE',  ( -4.983341918673403370, -0.9140155120357413843, 0.06250000000000000000 ) ) ;
#5622 = DIRECTION ( 'NONE',  ( 0.6842772733622047854, -0.7292219231207922592, 0.000000000000000000 ) ) ;
#5623 = LINE ( 'NONE', #2038, #4501 ) ;
#5624 = CARTESIAN_POINT ( 'NONE',  ( -3.130379291100030770, -0.3400015541606994374, 2.437500000000000000 ) ) ;
#5625 = CARTESIAN_POINT ( 'NONE',  ( 7.541666666666668739, 0.4071655174038801284, 0.6250000000000003331 ) ) ;
#5626 = DIRECTION ( 'NONE',  ( -1.000000000000000000, -0.000000000000000000, -0.000000000000000000 ) ) ;
#5627 = ORIENTED_EDGE ( 'NONE', *, *, #1856, .T. ) ;
#5628 = VERTEX_POINT ( 'NONE', #698 ) ;
#5629 = ADVANCED_FACE ( 'NONE', ( #2797, #2289 ), #4382, .T. ) ;
#5630 = VERTEX_POINT ( 'NONE', #6487 ) ;
#5631 = CARTESIAN_POINT ( 'NONE',  ( -4.863129584821977325, -0.9482791194055660844, 2.437500000000000000 ) ) ;
#5632 = DIRECTION ( 'NONE',  ( 0.9102497639190944012, -0.4140596180325159525, 0.000000000000000000 ) ) ;
#5633 = DIRECTION ( 'NONE',  ( 0.000000000000000000, 0.000000000000000000, -1.000000000000000000 ) ) ;
#5634 = ORIENTED_EDGE ( 'NONE', *, *, #6052, .F. ) ;
#5635 = DIRECTION ( 'NONE',  ( -0.000000000000000000, -0.000000000000000000, -1.000000000000000000 ) ) ;
#5636 = DIRECTION ( 'NONE',  ( -0.9442831837397908101, 0.3291341199363031489, 1.310456165442828892E-16 ) ) ;
#5637 = CARTESIAN_POINT ( 'NONE',  ( 8.740000000000001990, -1.166666666666666519, 0.000000000000000000 ) ) ;
#5638 = LINE ( 'NONE', #2369, #5593 ) ;
#5639 = FACE_OUTER_BOUND ( 'NONE', #78, .T. ) ;
#5640 = ADVANCED_FACE ( 'NONE', ( #5966 ), #3350, .T. ) ;
#5641 = ORIENTED_EDGE ( 'NONE', *, *, #4716, .T. ) ;
#5642 = CARTESIAN_POINT ( 'NONE',  ( 7.050000000000002487, -1.753437974102241670, 1.537500000000000089 ) ) ;
#5643 = EDGE_CURVE ( 'NONE', #1680, #5557, #1380, .T. ) ;
#5644 = EDGE_CURVE ( 'NONE', #3612, #5930, #4009, .T. ) ;
#5645 = DIRECTION ( 'NONE',  ( -0.000000000000000000, 0.000000000000000000, 1.000000000000000000 ) ) ;
#5646 = CARTESIAN_POINT ( 'NONE',  ( -1.580387967598784194, -0.6212725300888469748, 2.375000000000000000 ) ) ;
#5647 = VERTEX_POINT ( 'NONE', #6698 ) ;
#5648 = ORIENTED_EDGE ( 'NONE', *, *, #1951, .F. ) ;
#5649 = DIRECTION ( 'NONE',  ( -0.000000000000000000, -0.000000000000000000, 1.000000000000000000 ) ) ;
#5650 = DIRECTION ( 'NONE',  ( 0.7517689932648531359, -0.3419689787775669343, -0.5638267449486386029 ) ) ;
#5651 = CARTESIAN_POINT ( 'NONE',  ( 7.999665410412176492, 0.3361533760589234809, 2.375000000000000000 ) ) ;
#5652 = CIRCLE ( 'NONE', #2027, 0.7599999999999995648 ) ;
#5653 = DIRECTION ( 'NONE',  ( -0.000000000000000000, 0.000000000000000000, 1.000000000000000000 ) ) ;
#5654 = ORIENTED_EDGE ( 'NONE', *, *, #3906, .T. ) ;
#5655 = ORIENTED_EDGE ( 'NONE', *, *, #923, .T. ) ;
#5656 = CIRCLE ( 'NONE', #3123, 0.6349999999999994538 ) ;
#5657 = VERTEX_POINT ( 'NONE', #5079 ) ;
#5658 = CARTESIAN_POINT ( 'NONE',  ( 4.368892065788240409, -2.131255852546395158, 2.500000000000000000 ) ) ;
#5659 = EDGE_CURVE ( 'NONE', #5287, #4653, #3040, .T. ) ;
#5660 = AXIS2_PLACEMENT_3D ( 'NONE', #4963, #2245, #1236 ) ;
#5661 = VECTOR ( 'NONE', #5502, 100.0000000000000000 ) ;
#5662 = CARTESIAN_POINT ( 'NONE',  ( -4.863129584821977325, -0.9482791194055660844, 2.500000000000000000 ) ) ;
#5663 = AXIS2_PLACEMENT_3D ( 'NONE', #6440, #6375, #3820 ) ;
#5664 = ORIENTED_EDGE ( 'NONE', *, *, #1856, .F. ) ;
#5665 = CARTESIAN_POINT ( 'NONE',  ( -2.393018514136795893, -1.555233225786488704, 0.1250000000000001110 ) ) ;
#5666 = AXIS2_PLACEMENT_3D ( 'NONE', #2195, #2640, #511 ) ;
#5667 = CIRCLE ( 'NONE', #605, 0.6349999999999994538 ) ;
#5668 = DIRECTION ( 'NONE',  ( -1.000000000000000000, 0.000000000000000000, 0.000000000000000000 ) ) ;
#5669 = DIRECTION ( 'NONE',  ( 0.7292219231207930363, 0.6842772733622038972, 0.000000000000000000 ) ) ;
#5670 = CARTESIAN_POINT ( 'NONE',  ( -7.541666666666666075, -0.5316666666666662877, 2.000000000000000000 ) ) ;
#5671 = EDGE_CURVE ( 'NONE', #1013, #5404, #1879, .T. ) ;
#5672 = DIRECTION ( 'NONE',  ( 0.9442831837397903660, -0.3291341199363044812, 0.000000000000000000 ) ) ;
#5673 = CIRCLE ( 'NONE', #2919, 0.1250000000000001110 ) ;
#5674 = ORIENTED_EDGE ( 'NONE', *, *, #3630, .T. ) ;
#5675 = CARTESIAN_POINT ( 'NONE',  ( -5.630756499300535900, -2.255337837205904084, 0.000000000000000000 ) ) ;
#5676 = EDGE_CURVE ( 'NONE', #439, #6578, #173, .T. ) ;
#5677 = AXIS2_PLACEMENT_3D ( 'NONE', #5399, #3743, #5432 ) ;
#5678 = DIRECTION ( 'NONE',  ( 0.2741088589585974900, 0.9616986708114011462, 0.000000000000000000 ) ) ;
#5679 = CARTESIAN_POINT ( 'NONE',  ( 4.991637076900224734, 1.145833333333334147, -0.007045904514871997870 ) ) ;
#5680 = ORIENTED_EDGE ( 'NONE', *, *, #3399, .T. ) ;
#5681 = AXIS2_PLACEMENT_3D ( 'NONE', #1227, #720, #6366 ) ;
#5682 = ORIENTED_EDGE ( 'NONE', *, *, #965, .T. ) ;
#5683 = CARTESIAN_POINT ( 'NONE',  ( -6.999999999999998224, -0.5311605225217577164, 1.051470799403718015 ) ) ;
#5684 = CARTESIAN_POINT ( 'NONE',  ( -5.025299892960463310, -1.061223188048501243, 0.06250000000000000000 ) ) ;
#5685 = DIRECTION ( 'NONE',  ( -0.000000000000000000, 0.000000000000000000, 1.000000000000000000 ) ) ;
#5686 = CARTESIAN_POINT ( 'NONE',  ( 2.999999999999992895, -2.926666666666667194, 3.999999999999999556 ) ) ;
#5687 = DIRECTION ( 'NONE',  ( -0.9659258262890682012, 0.2588190451025210170, 0.000000000000000000 ) ) ;
#5688 = VERTEX_POINT ( 'NONE', #6107 ) ;
#5689 = ORIENTED_EDGE ( 'NONE', *, *, #4633, .T. ) ;
#5690 = ORIENTED_EDGE ( 'NONE', *, *, #529, .F. ) ;
#5691 = VECTOR ( 'NONE', #3222, 100.0000000000000000 ) ;
#5692 = DIRECTION ( 'NONE',  ( -0.000000000000000000, -1.000000000000000000, -0.000000000000000000 ) ) ;
#5693 = DIRECTION ( 'NONE',  ( 1.000000000000000000, 0.000000000000000000, 0.000000000000000000 ) ) ;
#5694 = FACE_OUTER_BOUND ( 'NONE', #3316, .T. ) ;
#5695 = VECTOR ( 'NONE', #4302, 100.0000000000000000 ) ;
#5696 = ORIENTED_EDGE ( 'NONE', *, *, #6306, .F. ) ;
#5697 = DIRECTION ( 'NONE',  ( -1.387778780781445922E-16, 0.000000000000000000, -1.000000000000000000 ) ) ;
#5698 = CARTESIAN_POINT ( 'NONE',  ( -3.070273124174317747, -0.3571333578456117319, 2.437500000000000000 ) ) ;
#5699 = CARTESIAN_POINT ( 'NONE',  ( -7.391666666666665719, -0.5316666666666662877, 0.5500000000000002665 ) ) ;
#5700 = DIRECTION ( 'NONE',  ( -1.387778780781445922E-16, -0.000000000000000000, -1.000000000000000000 ) ) ;
#5701 = ORIENTED_EDGE ( 'NONE', *, *, #5219, .F. ) ;
#5702 = VERTEX_POINT ( 'NONE', #3449 ) ;
#5703 = ORIENTED_EDGE ( 'NONE', *, *, #5452, .T. ) ;
#5704 = CYLINDRICAL_SURFACE ( 'NONE', #58, 1.260000000000000009 ) ;
#5705 = ADVANCED_FACE ( 'NONE', ( #5110 ), #6428, .T. ) ;
#5706 = VECTOR ( 'NONE', #5669, 100.0000000000000000 ) ;
#5707 = DIRECTION ( 'NONE',  ( 0.000000000000000000, 0.000000000000000000, 1.000000000000000000 ) ) ;
#5708 = CARTESIAN_POINT ( 'NONE',  ( -7.297779489814402609, -3.406666666666666288, 2.500000000000000000 ) ) ;
#5709 = ORIENTED_EDGE ( 'NONE', *, *, #6330, .F. ) ;
#5710 = EDGE_CURVE ( 'NONE', #1579, #1471, #491, .T. ) ;
#5711 = AXIS2_PLACEMENT_3D ( 'NONE', #6010, #4948, #3905 ) ;
#5712 = VERTEX_POINT ( 'NONE', #332 ) ;
#5713 = VECTOR ( 'NONE', #689, 100.0000000000000000 ) ;
#5714 = CARTESIAN_POINT ( 'NONE',  ( -7.372779489814402787, -2.406666666666666288, 0.7204153826391979099 ) ) ;
#5715 = DIRECTION ( 'NONE',  ( 1.000000000000000000, 0.000000000000000000, 0.000000000000000000 ) ) ;
#5716 = DIRECTION ( 'NONE',  ( 1.000000000000000000, 0.000000000000000000, 0.000000000000000000 ) ) ;
#5717 = CYLINDRICAL_SURFACE ( 'NONE', #4333, 0.9999999999999995559 ) ;
#5718 = AXIS2_PLACEMENT_3D ( 'NONE', #4981, #682, #4953 ) ;
#5719 = DIRECTION ( 'NONE',  ( -0.2741088589585974900, -0.9616986708114011462, 0.000000000000000000 ) ) ;
#5720 = EDGE_LOOP ( 'NONE', ( #293, #3544, #4533 ) ) ;
#5721 = EDGE_CURVE ( 'NONE', #1471, #2989, #2429, .T. ) ;
#5722 = ORIENTED_EDGE ( 'NONE', *, *, #3213, .T. ) ;
#5723 = ORIENTED_EDGE ( 'NONE', *, *, #2799, .F. ) ;
#5724 = EDGE_CURVE ( 'NONE', #800, #3172, #1482, .T. ) ;
#5725 = DIRECTION ( 'NONE',  ( -1.224646799147353207E-16, 1.000000000000000000, 1.699538841808614161E-32 ) ) ;
#5726 = EDGE_CURVE ( 'NONE', #5366, #4145, #3419, .T. ) ;
#5727 = DIRECTION ( 'NONE',  ( 1.000000000000000000, 0.000000000000000000, 0.000000000000000000 ) ) ;
#5728 = EDGE_CURVE ( 'NONE', #4723, #1390, #5009, .T. ) ;
#5729 = FACE_OUTER_BOUND ( 'NONE', #4440, .T. ) ;
#5730 = VERTEX_POINT ( 'NONE', #1987 ) ;
#5731 = FACE_OUTER_BOUND ( 'NONE', #4577, .T. ) ;
#5732 = CARTESIAN_POINT ( 'NONE',  ( 7.582808431658712323, -1.965292316834008846, 1.875000000000000222 ) ) ;
#5733 = DIRECTION ( 'NONE',  ( 1.387778780781445922E-16, 0.000000000000000000, 1.000000000000000000 ) ) ;
#5734 = ORIENTED_EDGE ( 'NONE', *, *, #3896, .F. ) ;
#5735 = EDGE_LOOP ( 'NONE', ( #762, #973, #3372, #4124 ) ) ;
#5736 = ORIENTED_EDGE ( 'NONE', *, *, #6411, .T. ) ;
#5737 = CARTESIAN_POINT ( 'NONE',  ( 8.325291008880260080, -2.356463478178802529, 2.500000000000000000 ) ) ;
#5738 = CARTESIAN_POINT ( 'NONE',  ( 7.350524901674631018, -2.016704399161601380, 0.5499999999999999334 ) ) ;
#5739 = CYLINDRICAL_SURFACE ( 'NONE', #5584, 0.1249999999999999445 ) ;
#5740 = CARTESIAN_POINT ( 'NONE',  ( -0.1750784551907068887, 0.4987316021329167848, 2.437500000000000000 ) ) ;
#5741 = ORIENTED_EDGE ( 'NONE', *, *, #741, .F. ) ;
#5742 = EDGE_CURVE ( 'NONE', #1392, #4773, #2707, .T. ) ;
#5743 = ORIENTED_EDGE ( 'NONE', *, *, #3730, .F. ) ;
#5744 = EDGE_CURVE ( 'NONE', #5104, #3660, #2462, .T. ) ;
#5745 = LINE ( 'NONE', #2073, #2896 ) ;
#5746 = CARTESIAN_POINT ( 'NONE',  ( 4.991637076900224734, 1.083333333333334147, 0.000000000000000000 ) ) ;
#5747 = CARTESIAN_POINT ( 'NONE',  ( 7.514856503007819377, 0.4315566385314948961, 0.6271751520459347695 ) ) ;
#5748 = FACE_OUTER_BOUND ( 'NONE', #1078, .T. ) ;
#5749 = CARTESIAN_POINT ( 'NONE',  ( 3.460020608973616962, -0.5282762129048608202, 3.498734543269782726 ) ) ;
#5750 = EDGE_LOOP ( 'NONE', ( #4212, #143, #3233, #3080 ) ) ;
#5751 = ADVANCED_FACE ( 'NONE', ( #803 ), #6624, .T. ) ;
#5752 = EDGE_CURVE ( 'NONE', #3172, #19, #4444, .T. ) ;
#5753 = ORIENTED_EDGE ( 'NONE', *, *, #1053, .F. ) ;
#5754 = ORIENTED_EDGE ( 'NONE', *, *, #6452, .T. ) ;
#5755 = AXIS2_PLACEMENT_3D ( 'NONE', #2617, #552, #6747 ) ;
#5756 = EDGE_CURVE ( 'NONE', #1267, #5628, #6173, .T. ) ;
#5757 = DIRECTION ( 'NONE',  ( 0.000000000000000000, 0.000000000000000000, 1.000000000000000000 ) ) ;
#5758 = FACE_OUTER_BOUND ( 'NONE', #378, .T. ) ;
#5759 = DIRECTION ( 'NONE',  ( 1.000000000000000000, 0.000000000000000000, 0.000000000000000000 ) ) ;
#5760 = VECTOR ( 'NONE', #2049, 100.0000000000000142 ) ;
#5761 = VECTOR ( 'NONE', #1019, 100.0000000000000142 ) ;
#5762 = AXIS2_PLACEMENT_3D ( 'NONE', #1073, #5308, #591 ) ;
#5763 = EDGE_LOOP ( 'NONE', ( #5814, #6775, #3661, #4176 ) ) ;
#5764 = DIRECTION ( 'NONE',  ( 1.040834085586084503E-16, 0.000000000000000000, 1.000000000000000000 ) ) ;
#5765 = CIRCLE ( 'NONE', #2685, 0.7599999999999995648 ) ;
#5766 = VECTOR ( 'NONE', #1384, 100.0000000000000142 ) ;
#5767 = CARTESIAN_POINT ( 'NONE',  ( -8.739999999999998437, -0.4066666666666662877, 0.1250000000000000000 ) ) ;
#5768 = CARTESIAN_POINT ( 'NONE',  ( 4.484645310706724786, -2.178604876567602489, 0.1250000000000001110 ) ) ;
#5769 = FACE_OUTER_BOUND ( 'NONE', #6657, .T. ) ;
#5770 = ORIENTED_EDGE ( 'NONE', *, *, #1771, .T. ) ;
#5771 = VERTEX_POINT ( 'NONE', #2555 ) ;
#5772 = VERTEX_POINT ( 'NONE', #1105 ) ;
#5773 = DIRECTION ( 'NONE',  ( -0.000000000000000000, 0.000000000000000000, 1.000000000000000000 ) ) ;
#5774 = CARTESIAN_POINT ( 'NONE',  ( -6.974999999999999645, -0.4066666666666662877, 0.8624999999999993783 ) ) ;
#5775 = CIRCLE ( 'NONE', #2800, 0.06250000000000000000 ) ;
#5776 = PLANE ( 'NONE',  #3488 ) ;
#5777 = CARTESIAN_POINT ( 'NONE',  ( 2.218035122561218042, -1.877225212084594475, 0.000000000000000000 ) ) ;
#5778 = AXIS2_PLACEMENT_3D ( 'NONE', #2955, #1408, #4426 ) ;
#5779 = ORIENTED_EDGE ( 'NONE', *, *, #132, .F. ) ;
#5780 = ORIENTED_EDGE ( 'NONE', *, *, #4532, .T. ) ;
#5781 = AXIS2_PLACEMENT_3D ( 'NONE', #5083, #5525, #365 ) ;
#5782 = CARTESIAN_POINT ( 'NONE',  ( -8.739999999999998437, -1.666666666666666297, 2.500000000000000000 ) ) ;
#5783 = CARTESIAN_POINT ( 'NONE',  ( -8.739999999999998437, -1.666666666666666297, 2.375000000000000000 ) ) ;
#5784 = CARTESIAN_POINT ( 'NONE',  ( -2.924999999999995826, -0.5316666666666662877, -1.399999999999998579 ) ) ;
#5785 = ORIENTED_EDGE ( 'NONE', *, *, #6564, .T. ) ;
#5786 = AXIS2_PLACEMENT_3D ( 'NONE', #6618, #4584, #1904 ) ;
#5787 = ORIENTED_EDGE ( 'NONE', *, *, #5459, .T. ) ;
#5788 = ORIENTED_EDGE ( 'NONE', *, *, #2719, .T. ) ;
#5789 = EDGE_CURVE ( 'NONE', #5507, #6622, #921, .T. ) ;
#5790 = FACE_OUTER_BOUND ( 'NONE', #1533, .T. ) ;
#5791 = CARTESIAN_POINT ( 'NONE',  ( -7.353473023167578226, -2.407830168648538827, 1.926576036127543690 ) ) ;
#5792 = CARTESIAN_POINT ( 'NONE',  ( 2.111895938119383587, -1.903575714847090206, 2.437997346760763406 ) ) ;
#5793 = EDGE_CURVE ( 'NONE', #6034, #6050, #379, .T. ) ;
#5794 = AXIS2_PLACEMENT_3D ( 'NONE', #3256, #746, #3290 ) ;
#5795 = ORIENTED_EDGE ( 'NONE', *, *, #3002, .F. ) ;
#5796 = CARTESIAN_POINT ( 'NONE',  ( 9.875000000000001776, -1.166666666666666519, 0.000000000000000000 ) ) ;
#5797 = DIRECTION ( 'NONE',  ( -0.000000000000000000, 0.000000000000000000, 1.000000000000000000 ) ) ;
#5798 = LINE ( 'NONE', #54, #5133 ) ;
#5799 = AXIS2_PLACEMENT_3D ( 'NONE', #4869, #2299, #783 ) ;
#5800 = DIRECTION ( 'NONE',  ( -0.000000000000000000, 0.000000000000000000, 1.000000000000000000 ) ) ;
#5801 = EDGE_LOOP ( 'NONE', ( #1863, #659, #2042, #2416 ) ) ;
#5802 = EDGE_LOOP ( 'NONE', ( #6474, #1556, #3155, #3760 ) ) ;
#5803 = ORIENTED_EDGE ( 'NONE', *, *, #6518, .T. ) ;
#5804 = DIRECTION ( 'NONE',  ( 1.000000000000000000, 0.000000000000000000, 0.000000000000000000 ) ) ;
#5805 = CIRCLE ( 'NONE', #5365, 0.1249999999999999029 ) ;
#5806 = EDGE_CURVE ( 'NONE', #1392, #1411, #5828, .T. ) ;
#5807 = CARTESIAN_POINT ( 'NONE',  ( -8.739999999999998437, -0.5316666666666663987, 2.375000000000000000 ) ) ;
#5808 = CARTESIAN_POINT ( 'NONE',  ( -7.124999999999999112, -0.5316666666666663987, 1.062500000000000000 ) ) ;
#5809 = DIRECTION ( 'NONE',  ( 1.000000000000000000, 0.000000000000000000, 0.000000000000000000 ) ) ;
#5810 = ADVANCED_FACE ( 'NONE', ( #3145 ), #6340, .T. ) ;
#5811 = CIRCLE ( 'NONE', #972, 0.1250000000000001110 ) ;
#5812 = ADVANCED_FACE ( 'NONE', ( #461 ), #1245, .T. ) ;
#5813 = ORIENTED_EDGE ( 'NONE', *, *, #1666, .T. ) ;
#5814 = ORIENTED_EDGE ( 'NONE', *, *, #2051, .T. ) ;
#5815 = CARTESIAN_POINT ( 'NONE',  ( -6.974999999999999645, -0.5316666666666662877, 1.637500000000000178 ) ) ;
#5816 = AXIS2_PLACEMENT_3D ( 'NONE', #55, #638, #6412 ) ;
#5817 = DIRECTION ( 'NONE',  ( 0.3312307420122337365, -0.9435497843495196379, 0.000000000000000000 ) ) ;
#5818 = LINE ( 'NONE', #5746, #227 ) ;
#5819 = DIRECTION ( 'NONE',  ( 0.000000000000000000, -0.000000000000000000, -1.000000000000000000 ) ) ;
#5820 = DIRECTION ( 'NONE',  ( 0.9446284728628753236, 0.3281418111986830199, 0.000000000000000000 ) ) ;
#5821 = ORIENTED_EDGE ( 'NONE', *, *, #2754, .F. ) ;
#5822 = TOROIDAL_SURFACE ( 'NONE', #3067, 1.125000000000000000, 0.1250000000000000000 ) ;
#5823 = EDGE_LOOP ( 'NONE', ( #5375, #1757, #5734, #4787 ) ) ;
#5824 = EDGE_LOOP ( 'NONE', ( #4887, #4399, #613, #2623, #6110 ) ) ;
#5825 = EDGE_CURVE ( 'NONE', #1219, #3795, #1024, .T. ) ;
#5826 = AXIS2_PLACEMENT_3D ( 'NONE', #5336, #2169, #3675 ) ;
#5827 = CARTESIAN_POINT ( 'NONE',  ( 0.2106354670202213453, 0.6043114868943549878, 0.1250000000000000000 ) ) ;
#5828 = LINE ( 'NONE', #592, #4342 ) ;
#5829 = CARTESIAN_POINT ( 'NONE',  ( 8.740000000000001990, -1.166666666666666519, 2.500000000000000000 ) ) ;
#5830 = EDGE_CURVE ( 'NONE', #3036, #660, #2259, .T. ) ;
#5831 = ORIENTED_EDGE ( 'NONE', *, *, #6687, .F. ) ;
#5832 = DIRECTION ( 'NONE',  ( 1.000000000000000000, 0.000000000000000000, 0.000000000000000000 ) ) ;
#5833 = EDGE_CURVE ( 'NONE', #2343, #2478, #1629, .T. ) ;
#5834 = DIRECTION ( 'NONE',  ( -0.9435497843495157522, -0.3312307420122450607, 2.298374976535433545E-16 ) ) ;
#5835 = CARTESIAN_POINT ( 'NONE',  ( -6.999999999999999112, -2.281666666666665844, 1.437500000000000000 ) ) ;
#5836 = VERTEX_POINT ( 'NONE', #1562 ) ;
#5837 = ORIENTED_EDGE ( 'NONE', *, *, #1954, .F. ) ;
#5838 = CARTESIAN_POINT ( 'NONE',  ( -6.974999999999999645, -0.5316666666666662877, 0.8624999999999993783 ) ) ;
#5839 = UNCERTAINTY_MEASURE_WITH_UNIT (LENGTH_MEASURE( 1.000000000000000082E-05 ), #4846, 'distance_accuracy_value', 'NONE');
#5840 = EDGE_CURVE ( 'NONE', #5712, #1412, #3720, .T. ) ;
#5841 = CARTESIAN_POINT ( 'NONE',  ( 8.740000000000001990, -1.166666666666666519, 2.375000000000000000 ) ) ;
#5842 = EDGE_CURVE ( 'NONE', #6043, #1013, #2815, .T. ) ;
#5843 = DIRECTION ( 'NONE',  ( -0.7699115044247789585, -0.6381506682237146899, 1.771223912604740515E-15 ) ) ;
#5844 = ORIENTED_EDGE ( 'NONE', *, *, #1154, .T. ) ;
#5845 = EDGE_CURVE ( 'NONE', #6278, #2524, #1916, .T. ) ;
#5846 = CARTESIAN_POINT ( 'NONE',  ( -0.2583629230997752102, 1.145833333333334147, 0.000000000000000000 ) ) ;
#5847 = ADVANCED_FACE ( 'NONE', ( #560 ), #2180, .F. ) ;
#5848 = EDGE_CURVE ( 'NONE', #6242, #4250, #717, .T. ) ;
#5849 = DIRECTION ( 'NONE',  ( 1.000000000000000000, 0.000000000000000000, 0.000000000000000000 ) ) ;
#5850 = CARTESIAN_POINT ( 'NONE',  ( -2.745442137252542825, 0.7825216301320337964, -0.007045904514871997870 ) ) ;
#5851 = LINE ( 'NONE', #4818, #495 ) ;
#5852 = ORIENTED_EDGE ( 'NONE', *, *, #4230, .T. ) ;
#5853 = EDGE_LOOP ( 'NONE', ( #4691, #4560, #4973, #558 ) ) ;
#5854 = VERTEX_POINT ( 'NONE', #4696 ) ;
#5855 = EDGE_LOOP ( 'NONE', ( #1525, #3629 ) ) ;
#5856 =( BOUNDED_CURVE ( )  B_SPLINE_CURVE ( 3, ( #4404, #1340, #4371, #3411 ),
 .UNSPECIFIED., .F., .F. ) 
 B_SPLINE_CURVE_WITH_KNOTS ( ( 4, 4 ),
 ( 1.570796326794896558, 1.654348774614945672 ),
 .UNSPECIFIED. ) 
 CURVE ( )  GEOMETRIC_REPRESENTATION_ITEM ( )  RATIONAL_B_SPLINE_CURVE ( ( 1.000000000000000000, 0.9994183336422297614, 0.9994183336422297614, 1.000000000000000000 ) ) 
 REPRESENTATION_ITEM ( '' )  );
#5857 = LINE ( 'NONE', #1173, #3333 ) ;
#5858 = DIRECTION ( 'NONE',  ( -0.000000000000000000, -1.000000000000000000, -0.000000000000000000 ) ) ;
#5859 = DIRECTION ( 'NONE',  ( 1.000000000000000000, 0.000000000000000000, 0.000000000000000000 ) ) ;
#5860 = CARTESIAN_POINT ( 'NONE',  ( 2.573333333333335027, -1.666666666666666963, 2.500000000000000000 ) ) ;
#5861 = EDGE_LOOP ( 'NONE', ( #1003, #5442, #2551, #4174 ) ) ;
#5862 = CARTESIAN_POINT ( 'NONE',  ( -4.884385637733273278, -1.154458656940171135, 2.500000000000000000 ) ) ;
#5863 = ADVANCED_FACE ( 'NONE', ( #5758 ), #6303, .T. ) ;
#5864 = DIRECTION ( 'NONE',  ( 1.000000000000000000, 0.000000000000000000, 0.000000000000000000 ) ) ;
#5865 = CARTESIAN_POINT ( 'NONE',  ( -7.514568091460859023, -2.430448093704558499, 0.5000000000000002220 ) ) ;
#5866 = CARTESIAN_POINT ( 'NONE',  ( -8.739999999999998437, -1.666666666666666297, 2.500000000000000000 ) ) ;
#5867 = VECTOR ( 'NONE', #4647, 100.0000000000000000 ) ;
#5868 = ORIENTED_EDGE ( 'NONE', *, *, #4310, .F. ) ;
#5869 = DIRECTION ( 'NONE',  ( 0.2741088589585976010, 0.9616986708114011462, -0.000000000000000000 ) ) ;
#5870 = TOROIDAL_SURFACE ( 'NONE', #2031, 0.2500000000000000000, 0.1250000000000000000 ) ;
#5871 = CIRCLE ( 'NONE', #1694, 0.06250000000000000000 ) ;
#5872 = EDGE_CURVE ( 'NONE', #5730, #2002, #4319, .T. ) ;
#5873 = CYLINDRICAL_SURFACE ( 'NONE', #6646, 0.06250000000000000000 ) ;
#5874 = CARTESIAN_POINT ( 'NONE',  ( 7.957322568362886983, 0.2180895838400085940, 0.000000000000000000 ) ) ;
#5875 = CARTESIAN_POINT ( 'NONE',  ( -4.367971458249118477, 1.244984222941897034, 2.437500000000000000 ) ) ;
#5876 = VERTEX_POINT ( 'NONE', #2727 ) ;
#5877 = CIRCLE ( 'NONE', #2907, 1.134999999999999787 ) ;
#5878 = AXIS2_PLACEMENT_3D ( 'NONE', #4435, #6544, #1831 ) ;
#5879 = EDGE_CURVE ( 'NONE', #3531, #1616, #3603, .T. ) ;
#5880 = EDGE_LOOP ( 'NONE', ( #756, #500, #1207, #3950 ) ) ;
#5881 = ORIENTED_EDGE ( 'NONE', *, *, #1666, .F. ) ;
#5882 = CARTESIAN_POINT ( 'NONE',  ( -2.393018514136795893, -1.555233225786488704, 0.1250000000000001110 ) ) ;
#5883 = TOROIDAL_SURFACE ( 'NONE', #6766, 0.1250000000000000000, 0.06250000000000000000 ) ;
#5884 = CARTESIAN_POINT ( 'NONE',  ( 7.050000000000002487, -1.753437974102241670, 0.9624999999999998002 ) ) ;
#5885 = DIRECTION ( 'NONE',  ( 1.000000000000000000, -8.326672684688666165E-15, 0.000000000000000000 ) ) ;
#5886 = CARTESIAN_POINT ( 'NONE',  ( 4.491576537518830570, 1.833333333333333925, 0.000000000000000000 ) ) ;
#5887 = ORIENTED_EDGE ( 'NONE', *, *, #1377, .T. ) ;
#5888 = CIRCLE ( 'NONE', #1052, 0.6349999999999994538 ) ;
#5889 = ORIENTED_EDGE ( 'NONE', *, *, #5514, .F. ) ;
#5890 = ORIENTED_EDGE ( 'NONE', *, *, #3897, .F. ) ;
#5891 = VERTEX_POINT ( 'NONE', #6509 ) ;
#5892 = DIRECTION ( 'NONE',  ( -0.9699099091877008139, -0.2434641001451877396, 0.000000000000000000 ) ) ;
#5893 = AXIS2_PLACEMENT_3D ( 'NONE', #4751, #36, #2519 ) ;
#5894 = LINE ( 'NONE', #1696, #49 ) ;
#5895 = CARTESIAN_POINT ( 'NONE',  ( -2.081668171172169499E-16, -0.5316666666666662877, 0.4999999999999993894 ) ) ;
#5896 = CARTESIAN_POINT ( 'NONE',  ( 8.740000000000001990, -1.166666666666666519, 2.500000000000000000 ) ) ;
#5897 =( BOUNDED_CURVE ( )  B_SPLINE_CURVE ( 3, ( #259, #1215, #191, #5454 ),
 .UNSPECIFIED., .F., .F. ) 
 B_SPLINE_CURVE_WITH_KNOTS ( ( 4, 4 ),
 ( 5.355890089177973934, 6.283185307179586232 ),
 .UNSPECIFIED. ) 
 CURVE ( )  GEOMETRIC_REPRESENTATION_ITEM ( )  RATIONAL_B_SPLINE_CURVE ( ( 1.000000000000000000, 0.9296181273332770889, 0.9296181273332770889, 1.000000000000000000 ) ) 
 REPRESENTATION_ITEM ( '' )  );
#5898 = AXIS2_PLACEMENT_3D ( 'NONE', #5784, #2136, #6162 ) ;
#5899 = ORIENTED_EDGE ( 'NONE', *, *, #4095, .F. ) ;
#5900 = CYLINDRICAL_SURFACE ( 'NONE', #3581, 0.1249999999999999861 ) ;
#5901 = CARTESIAN_POINT ( 'NONE',  ( 8.740000000000001990, -1.166666666666666519, 2.500000000000000000 ) ) ;
#5902 = CARTESIAN_POINT ( 'NONE',  ( 4.991637076900224734, 1.395833333333334147, 2.437500000000000000 ) ) ;
#5903 = CARTESIAN_POINT ( 'NONE',  ( 7.007422565065726694, 0.7875104758627409218, 1.487630568600878611 ) ) ;
#5904 = ORIENTED_EDGE ( 'NONE', *, *, #2385, .F. ) ;
#5905 = DIRECTION ( 'NONE',  ( 0.000000000000000000, 1.000000000000000000, 0.000000000000000000 ) ) ;
#5906 = VECTOR ( 'NONE', #5678, 100.0000000000000000 ) ;
#5907 = DIRECTION ( 'NONE',  ( -1.000000000000000000, 0.000000000000000000, 1.387778780781445922E-16 ) ) ;
#5908 = DIRECTION ( 'NONE',  ( 1.000000000000000000, 0.000000000000000000, 0.000000000000000000 ) ) ;
#5909 = DIRECTION ( 'NONE',  ( 0.000000000000000000, 0.000000000000000000, 1.000000000000000000 ) ) ;
#5910 = VECTOR ( 'NONE', #3688, 100.0000000000000000 ) ;
#5911 = EDGE_CURVE ( 'NONE', #2780, #2380, #6788, .T. ) ;
#5912 = CARTESIAN_POINT ( 'NONE',  ( -6.908742675414803358, 0.5933333333333337123, 2.375000000000000000 ) ) ;
#5913 = DIRECTION ( 'NONE',  ( 0.000000000000000000, -0.000000000000000000, -1.000000000000000000 ) ) ;
#5914 = AXIS2_PLACEMENT_3D ( 'NONE', #2520, #2009, #6792 ) ;
#5915 = CARTESIAN_POINT ( 'NONE',  ( -7.372779489814405451, -2.281666666666665844, 1.779584617360804089 ) ) ;
#5916 = CARTESIAN_POINT ( 'NONE',  ( 6.875000000000001776, 0.7104226631860631747, 0.000000000000000000 ) ) ;
#5917 = DIRECTION ( 'NONE',  ( -0.2434641001451874898, 0.9699099091877009249, 0.000000000000000000 ) ) ;
#5918 = ORIENTED_EDGE ( 'NONE', *, *, #2269, .F. ) ;
#5919 = ORIENTED_EDGE ( 'NONE', *, *, #6039, .T. ) ;
#5920 = ORIENTED_EDGE ( 'NONE', *, *, #1208, .T. ) ;
#5921 = AXIS2_PLACEMENT_3D ( 'NONE', #6282, #1049, #602 ) ;
#5922 = ORIENTED_EDGE ( 'NONE', *, *, #2363, .F. ) ;
#5923 = CARTESIAN_POINT ( 'NONE',  ( -0.5586702589993455259, 1.608255381003324214, 2.500000000000000000 ) ) ;
#5924 = CARTESIAN_POINT ( 'NONE',  ( -7.490398536076522618, -2.425080766899570417, 0.5000000000000002220 ) ) ;
#5925 = VECTOR ( 'NONE', #497, 100.0000000000000142 ) ;
#5926 = DIRECTION ( 'NONE',  ( 0.000000000000000000, 0.000000000000000000, 1.000000000000000000 ) ) ;
#5927 = EDGE_CURVE ( 'NONE', #50, #3531, #1189, .T. ) ;
#5928 = ORIENTED_EDGE ( 'NONE', *, *, #3758, .T. ) ;
#5929 = EDGE_CURVE ( 'NONE', #3444, #4250, #2241, .T. ) ;
#5930 = VERTEX_POINT ( 'NONE', #3241 ) ;
#5931 = FACE_OUTER_BOUND ( 'NONE', #5880, .T. ) ;
#5932 = AXIS2_PLACEMENT_3D ( 'NONE', #3062, #4513, #417 ) ;
#5933 = ADVANCED_FACE ( 'NONE', ( #3790 ), #3121, .T. ) ;
#5934 = DIRECTION ( 'NONE',  ( 1.000000000000000000, 9.170344366397219623E-16, 0.000000000000000000 ) ) ;
#5935 = CARTESIAN_POINT ( 'NONE',  ( 7.566609388250015833, 0.5331443759259461013, 1.999999999999693356 ) ) ;
#5936 = CARTESIAN_POINT ( 'NONE',  ( 6.833858235007964410, -1.836617925567662901, 1.437500000000000444 ) ) ;
#5937 = ORIENTED_EDGE ( 'NONE', *, *, #1914, .T. ) ;
#5938 = FACE_OUTER_BOUND ( 'NONE', #4046, .T. ) ;
#5939 = CARTESIAN_POINT ( 'NONE',  ( 5.532877376020794991, -2.566981288130124383, 0.1250000000000001110 ) ) ;
#5940 = DIRECTION ( 'NONE',  ( 0.000000000000000000, -0.000000000000000000, -1.000000000000000000 ) ) ;
#5941 = CARTESIAN_POINT ( 'NONE',  ( -2.478553173307072033, -1.464080485396390019, 2.500000000000000000 ) ) ;
#5942 = CARTESIAN_POINT ( 'NONE',  ( 9.033759616191366248, -0.07034085382857487023, 2.375000000000000000 ) ) ;
#5943 = DIRECTION ( 'NONE',  ( 1.000000000000000000, 0.000000000000000000, 0.000000000000000000 ) ) ;
#5944 = FACE_OUTER_BOUND ( 'NONE', #5378, .T. ) ;
#5945 = CARTESIAN_POINT ( 'NONE',  ( -7.466666666666665897, -2.285591201756871804, 1.849999999999999201 ) ) ;
#5946 = ADVANCED_FACE ( 'NONE', ( #4928 ), #6403, .T. ) ;
#5947 = DIRECTION ( 'NONE',  ( 1.000000000000000000, 0.000000000000000000, 0.000000000000000000 ) ) ;
#5948 = FACE_OUTER_BOUND ( 'NONE', #4228, .T. ) ;
#5949 = EDGE_LOOP ( 'NONE', ( #5438, #611, #5618, #6208 ) ) ;
#5950 = EDGE_CURVE ( 'NONE', #4094, #2439, #1923, .T. ) ;
#5951 = ORIENTED_EDGE ( 'NONE', *, *, #3900, .T. ) ;
#5952 = VERTEX_POINT ( 'NONE', #627 ) ;
#5953 = ORIENTED_EDGE ( 'NONE', *, *, #5659, .F. ) ;
#5954 = DIRECTION ( 'NONE',  ( 0.000000000000000000, 0.000000000000000000, 1.000000000000000000 ) ) ;
#5955 = CARTESIAN_POINT ( 'NONE',  ( 7.000000000000001776, -1.718582527600188925, 1.062500000000000000 ) ) ;
#5956 = EDGE_CURVE ( 'NONE', #4669, #3959, #5765, .T. ) ;
#5957 = CARTESIAN_POINT ( 'NONE',  ( 8.740000000000001990, -1.166666666666666519, 2.000000000000000444 ) ) ;
#5958 = CARTESIAN_POINT ( 'NONE',  ( 7.541666666666668739, 0.4071655174038800173, 1.875000000000000222 ) ) ;
#5959 = ORIENTED_EDGE ( 'NONE', *, *, #39, .T. ) ;
#5960 = EDGE_CURVE ( 'NONE', #6235, #953, #5977, .T. ) ;
#5961 = ORIENTED_EDGE ( 'NONE', *, *, #2407, .T. ) ;
#5962 = ADVANCED_FACE ( 'NONE', ( #1697 ), #6443, .T. ) ;
#5963 = ORIENTED_EDGE ( 'NONE', *, *, #65, .T. ) ;
#5964 = FACE_OUTER_BOUND ( 'NONE', #3088, .T. ) ;
#5965 = LINE ( 'NONE', #1317, #1414 ) ;
#5966 = FACE_OUTER_BOUND ( 'NONE', #3380, .T. ) ;
#5967 = CARTESIAN_POINT ( 'NONE',  ( 6.999699173675906216, -1.894422525223496745, 1.457248004469766212 ) ) ;
#5968 = DIRECTION ( 'NONE',  ( -1.000000000000000000, -0.000000000000000000, 1.040834085586084626E-16 ) ) ;
#5969 = VECTOR ( 'NONE', #2484, 100.0000000000000000 ) ;
#5970 = LINE ( 'NONE', #744, #3887 ) ;
#5971 = FACE_OUTER_BOUND ( 'NONE', #5266, .T. ) ;
#5972 = DIRECTION ( 'NONE',  ( 0.000000000000000000, -0.000000000000000000, -1.000000000000000000 ) ) ;
#5973 = CARTESIAN_POINT ( 'NONE',  ( 7.980000000000002203, -1.166666666666666297, 2.375000000000000000 ) ) ;
#5974 = ORIENTED_EDGE ( 'NONE', *, *, #3489, .F. ) ;
#5975 = AXIS2_PLACEMENT_3D ( 'NONE', #4370, #5408, #688 ) ;
#5976 = CARTESIAN_POINT ( 'NONE',  ( -0.1333629230997752102, 1.083333333333334147, -0.007045904514871997870 ) ) ;
#5977 = CIRCLE ( 'NONE', #2788, 1.000000000000000222 ) ;
#5978 = VECTOR ( 'NONE', #1550, 100.0000000000000142 ) ;
#5979 = LINE ( 'NONE', #3367, #2204 ) ;
#5980 = LINE ( 'NONE', #2986, #6212 ) ;
#5981 = AXIS2_PLACEMENT_3D ( 'NONE', #4742, #29, #3193 ) ;
#5982 = DIRECTION ( 'NONE',  ( -0.000000000000000000, 0.000000000000000000, 1.000000000000000000 ) ) ;
#5983 = ORIENTED_EDGE ( 'NONE', *, *, #4799, .F. ) ;
#5984 = ORIENTED_EDGE ( 'NONE', *, *, #76, .T. ) ;
#5985 = EDGE_LOOP ( 'NONE', ( #4930, #4033 ) ) ;
#5986 = VECTOR ( 'NONE', #3020, 100.0000000000000000 ) ;
#5987 = AXIS2_PLACEMENT_3D ( 'NONE', #4701, #21, #3248 ) ;
#5988 = EDGE_LOOP ( 'NONE', ( #4623, #422, #6551, #3717 ) ) ;
#5989 = DIRECTION ( 'NONE',  ( 1.000000000000000000, 0.000000000000000000, 0.000000000000000000 ) ) ;
#5990 = CYLINDRICAL_SURFACE ( 'NONE', #3786, 0.1250000000000000278 ) ;
#5991 = CYLINDRICAL_SURFACE ( 'NONE', #3398, 0.06250000000000005551 ) ;
#5992 = CARTESIAN_POINT ( 'NONE',  ( -7.466683272648272585, -2.420762730644913763, 0.5043671019446096526 ) ) ;
#5993 = CARTESIAN_POINT ( 'NONE',  ( -4.883831506197743089, -0.8893072578837212250, 2.437500000000000000 ) ) ;
#5994 = ORIENTED_EDGE ( 'NONE', *, *, #5806, .T. ) ;
#5995 = CIRCLE ( 'NONE', #1609, 1.260000000000000009 ) ;
#5996 = ORIENTED_EDGE ( 'NONE', *, *, #6587, .T. ) ;
#5997 = ADVANCED_FACE ( 'NONE', ( #185 ), #3228, .T. ) ;
#5998 = ORIENTED_EDGE ( 'NONE', *, *, #3882, .T. ) ;
#5999 = CARTESIAN_POINT ( 'NONE',  ( -0.2565783189526725794, -0.6091290072873440931, 0.1250000000000000000 ) ) ;
#6000 = CIRCLE ( 'NONE', #3903, 0.1249999999999996808 ) ;
#6001 = DIRECTION ( 'NONE',  ( -0.000000000000000000, -0.000000000000000000, -1.000000000000000000 ) ) ;
#6002 = CARTESIAN_POINT ( 'NONE',  ( 0.5875619349866998409, 2.192810993963841160, 2.000000000000000444 ) ) ;
#6003 = EDGE_CURVE ( 'NONE', #291, #2865, #162, .T. ) ;
#6004 = CARTESIAN_POINT ( 'NONE',  ( -7.049999999999998934, -2.281666666666665844, 1.537500000000000089 ) ) ;
#6005 = CIRCLE ( 'NONE', #403, 0.06250000000000005551 ) ;
#6006 = DIRECTION ( 'NONE',  ( 0.000000000000000000, 0.000000000000000000, 1.000000000000000000 ) ) ;
#6007 = CARTESIAN_POINT ( 'NONE',  ( -6.874999999999999112, -0.5311605225217578274, 1.437500000000000000 ) ) ;
#6008 = DIRECTION ( 'NONE',  ( 1.000000000000000000, 0.000000000000000000, 0.000000000000000000 ) ) ;
#6009 = FACE_OUTER_BOUND ( 'NONE', #6695, .T. ) ;
#6010 = CARTESIAN_POINT ( 'NONE',  ( 3.333333333333335258, -1.666666666666666963, 2.500000000000000000 ) ) ;
#6011 = EDGE_CURVE ( 'NONE', #5730, #1458, #3670, .T. ) ;
#6012 = VERTEX_POINT ( 'NONE', #2281 ) ;
#6013 = CARTESIAN_POINT ( 'NONE',  ( 7.026757452254066116, 0.7787153118086231895, 0.8624999999999997113 ) ) ;
#6014 = CIRCLE ( 'NONE', #2069, 0.1250000000000001110 ) ;
#6015 = ADVANCED_FACE ( 'NONE', ( #4373 ), #1699, .T. ) ;
#6016 = SHAPE_DEFINITION_REPRESENTATION ( #147, #3185 ) ;
#6017 = EDGE_CURVE ( 'NONE', #968, #5366, #706, .T. ) ;
#6018 = CARTESIAN_POINT ( 'NONE',  ( -6.908742675414803358, -0.4066666666666662877, 0.9370696625084149467 ) ) ;
#6019 = CARTESIAN_POINT ( 'NONE',  ( 2.099709236610514118, -1.906632725535797102, 0.09227004654771595038 ) ) ;
#6020 = CARTESIAN_POINT ( 'NONE',  ( 7.000000000000001776, 0.7104226631860631747, 1.437500000000000000 ) ) ;
#6021 = AXIS2_PLACEMENT_3D ( 'NONE', #5572, #267, #5121 ) ;
#6022 = VERTEX_POINT ( 'NONE', #3920 ) ;
#6023 = ORIENTED_EDGE ( 'NONE', *, *, #2970, .T. ) ;
#6024 = ORIENTED_EDGE ( 'NONE', *, *, #3906, .F. ) ;
#6025 = VECTOR ( 'NONE', #2423, 100.0000000000000000 ) ;
#6026 = CARTESIAN_POINT ( 'NONE',  ( -0.8105760350663047120, -1.441647193599739030, 0.000000000000000000 ) ) ;
#6027 = DIRECTION ( 'NONE',  ( 0.2741088589585976010, 0.9616986708114011462, 0.000000000000000000 ) ) ;
#6028 = DIRECTION ( 'NONE',  ( -1.000000000000000000, -1.734723475976807094E-16, 0.000000000000000000 ) ) ;
#6029 = DIRECTION ( 'NONE',  ( 0.000000000000000000, 0.000000000000000000, -1.000000000000000000 ) ) ;
#6030 = CARTESIAN_POINT ( 'NONE',  ( 0.000000000000000000, -0.5316666666666662877, 2.375000000000000000 ) ) ;
#6031 = ORIENTED_EDGE ( 'NONE', *, *, #5374, .T. ) ;
#6032 = AXIS2_PLACEMENT_3D ( 'NONE', #2059, #6248, #2979 ) ;
#6033 = EDGE_LOOP ( 'NONE', ( #179, #4763, #1031, #587 ) ) ;
#6034 = VERTEX_POINT ( 'NONE', #6163 ) ;
#6035 = DIRECTION ( 'NONE',  ( 1.000000000000000000, 0.000000000000000000, 0.000000000000000000 ) ) ;
#6036 = AXIS2_PLACEMENT_3D ( 'NONE', #6046, #849, #2839 ) ;
#6037 = CARTESIAN_POINT ( 'NONE',  ( -6.878749186157199880, -0.4062167607600810082, 1.437500000000000000 ) ) ;
#6038 = CARTESIAN_POINT ( 'NONE',  ( -5.630756499300535900, -2.255337837205904084, 2.500000000000000000 ) ) ;
#6039 = EDGE_CURVE ( 'NONE', #4822, #4830, #4557, .T. ) ;
#6040 = CARTESIAN_POINT ( 'NONE',  ( -5.600323486782388116, -2.376576575854366880, 2.375000000000000000 ) ) ;
#6041 = AXIS2_PLACEMENT_3D ( 'NONE', #6324, #3970, #306 ) ;
#6042 = EDGE_CURVE ( 'NONE', #3225, #2316, #5551, .T. ) ;
#6043 = VERTEX_POINT ( 'NONE', #4585 ) ;
#6044 = LINE ( 'NONE', #908, #4015 ) ;
#6045 = DIRECTION ( 'NONE',  ( -0.000000000000000000, 0.000000000000000000, 1.000000000000000000 ) ) ;
#6046 = CARTESIAN_POINT ( 'NONE',  ( -8.739999999999998437, -1.666666666666666297, 0.000000000000000000 ) ) ;
#6047 = TOROIDAL_SURFACE ( 'NONE', #3079, 1.134999999999999787, 0.1250000000000000000 ) ;
#6048 = CARTESIAN_POINT ( 'NONE',  ( -1.724999999999992761, -2.406666666666665400, 4.799999999999996270 ) ) ;
#6049 = DIRECTION ( 'NONE',  ( -1.000000000000000000, 0.000000000000000000, 0.000000000000000000 ) ) ;
#6050 = VERTEX_POINT ( 'NONE', #3032 ) ;
#6051 = DIRECTION ( 'NONE',  ( 1.000000000000000000, 0.000000000000000000, 0.000000000000000000 ) ) ;
#6052 = EDGE_CURVE ( 'NONE', #2870, #4216, #4213, .T. ) ;
#6053 = MANIFOLD_SOLID_BREP ( 'Fillet58', #6317 ) ;
#6054 = DIRECTION ( 'NONE',  ( 1.000000000000000000, -0.000000000000000000, 0.000000000000000000 ) ) ;
#6055 = CARTESIAN_POINT ( 'NONE',  ( 7.050000000000002487, -2.926666666666667194, 1.537500000000000089 ) ) ;
#6056 = CARTESIAN_POINT ( 'NONE',  ( 1.800000000000000488, -2.926666666666667194, -2.400000000000000799 ) ) ;
#6057 = ORIENTED_EDGE ( 'NONE', *, *, #6518, .F. ) ;
#6058 = EDGE_CURVE ( 'NONE', #1095, #15, #1420, .T. ) ;
#6059 = ORIENTED_EDGE ( 'NONE', *, *, #5756, .T. ) ;
#6060 = ORIENTED_EDGE ( 'NONE', *, *, #4372, .T. ) ;
#6061 = CARTESIAN_POINT ( 'NONE',  ( 7.999665410412165834, 0.3361533760589267006, 2.448223304703363024 ) ) ;
#6062 = CARTESIAN_POINT ( 'NONE',  ( 0.1988097293451667469, -0.7920162620271777865, 0.1250000000000001110 ) ) ;
#6063 = CARTESIAN_POINT ( 'NONE',  ( -6.878749186157199880, -0.4062167607600810082, 1.437500000000000000 ) ) ;
#6064 = LINE ( 'NONE', #2994, #4790 ) ;
#6065 = PRESENTATION_STYLE_ASSIGNMENT (( #933 ) ) ;
#6066 = CARTESIAN_POINT ( 'NONE',  ( -0.1333629230997752102, 1.270833333333334147, 0.06250000000000000000 ) ) ;
#6067 = VERTEX_POINT ( 'NONE', #1835 ) ;
#6068 = ORIENTED_EDGE ( 'NONE', *, *, #2898, .F. ) ;
#6069 = ORIENTED_EDGE ( 'NONE', *, *, #3399, .F. ) ;
#6070 = CARTESIAN_POINT ( 'NONE',  ( 9.033759616191366248, -0.07034085382857453717, 2.500000000000000000 ) ) ;
#6071 = CARTESIAN_POINT ( 'NONE',  ( -0.1333629230997752102, 1.020833333333333925, 0.06250000000000000000 ) ) ;
#6072 = CARTESIAN_POINT ( 'NONE',  ( 4.991637076900224734, 1.083333333333334147, 2.437500000000000000 ) ) ;
#6073 = ORIENTED_EDGE ( 'NONE', *, *, #3489, .T. ) ;
#6074 = EDGE_CURVE ( 'NONE', #3795, #150, #3413, .T. ) ;
#6075 = CARTESIAN_POINT ( 'NONE',  ( -8.739999999999998437, -1.666666666666666297, 0.1250000000000001110 ) ) ;
#6076 =( BOUNDED_SURFACE ( )  B_SPLINE_SURFACE ( 3, 2, ( 
 ( #1975, #2963, #1450 ),
 ( #2993, #4028, #4087 ),
 ( #1942, #2006, #1417 ),
 ( #3476, #6648, #6191 ) ),
 .UNSPECIFIED., .F., .F., .F. ) 
 B_SPLINE_SURFACE_WITH_KNOTS ( ( 4, 4 ),
 ( 3, 3 ),
 ( 0.000000000000000000, 0.001304682599211726829 ),
 ( 0.000000000000000000, 1.000000000000000000 ),
 .UNSPECIFIED. ) 
 GEOMETRIC_REPRESENTATION_ITEM ( )  RATIONAL_B_SPLINE_SURFACE ( (
 ( 1.000000000000000000, 0.7176327365921946200, 1.000000000000000000),
 ( 1.000000000000000000, 0.7177364474852092613, 1.000000000000000000),
 ( 1.000000000000000000, 0.7132275532729873690, 1.000000000000000000),
 ( 1.000000000000000000, 0.7071067811865465735, 1.000000000000000000) ) ) 
 REPRESENTATION_ITEM ( '' )  SURFACE ( )  );
#6077 = DIRECTION ( 'NONE',  ( -0.000000000000000000, -0.000000000000000000, -1.000000000000000000 ) ) ;
#6078 = CYLINDRICAL_SURFACE ( 'NONE', #768, 1.260000000000000009 ) ;
#6079 = CARTESIAN_POINT ( 'NONE',  ( 9.066111996829180342, 0.05039987445755889778, 0.1250000000000001110 ) ) ;
#6080 = ORIENTED_EDGE ( 'NONE', *, *, #6175, .T. ) ;
#6081 = CARTESIAN_POINT ( 'NONE',  ( 4.399336243058099782, -2.143756095137915541, 0.003313042079120599379 ) ) ;
#6082 = EDGE_CURVE ( 'NONE', #5373, #5295, #1033, .T. ) ;
#6083 = LINE ( 'NONE', #1371, #3592 ) ;
#6084 = CARTESIAN_POINT ( 'NONE',  ( 8.740000000000001990, -1.166666666666666519, 0.1250000000000001110 ) ) ;
#6085 = VERTEX_POINT ( 'NONE', #1905 ) ;
#6086 = AXIS2_PLACEMENT_3D ( 'NONE', #2785, #4301, #5859 ) ;
#6087 = AXIS2_PLACEMENT_3D ( 'NONE', #1060, #5165, #3055 ) ;
#6088 = ADVANCED_FACE ( 'NONE', ( #289 ), #1249, .T. ) ;
#6089 = VERTEX_POINT ( 'NONE', #2390 ) ;
#6090 = EDGE_LOOP ( 'NONE', ( #1238, #6793, #5994, #5060 ) ) ;
#6091 = DIRECTION ( 'NONE',  ( 1.000000000000000000, -7.112366251504910665E-15, 0.000000000000000000 ) ) ;
#6092 = VECTOR ( 'NONE', #6194, 100.0000000000000000 ) ;
#6093 = VECTOR ( 'NONE', #4355, 100.0000000000000000 ) ;
#6094 = CARTESIAN_POINT ( 'NONE',  ( -5.843787586927575717, -1.406666666666666066, 2.500000000000000000 ) ) ;
#6095 = DIRECTION ( 'NONE',  ( 0.000000000000000000, 0.000000000000000000, 1.000000000000000000 ) ) ;
#6096 = DIRECTION ( 'NONE',  ( 0.000000000000000000, 0.000000000000000000, -1.000000000000000000 ) ) ;
#6097 = DIRECTION ( 'NONE',  ( -1.000000000000000000, 0.000000000000000000, -0.000000000000000000 ) ) ;
#6098 = DIRECTION ( 'NONE',  ( -0.000000000000000000, 0.000000000000000000, 1.000000000000000000 ) ) ;
#6099 = ORIENTED_EDGE ( 'NONE', *, *, #4941, .F. ) ;
#6100 = ORIENTED_EDGE ( 'NONE', *, *, #5610, .F. ) ;
#6101 = ORIENTED_EDGE ( 'NONE', *, *, #6723, .T. ) ;
#6102 = EDGE_CURVE ( 'NONE', #5930, #291, #6584, .T. ) ;
#6103 = AXIS2_PLACEMENT_3D ( 'NONE', #3662, #5773, #2805 ) ;
#6104 = LINE ( 'NONE', #5179, #4661 ) ;
#6105 = VECTOR ( 'NONE', #6276, 100.0000000000000000 ) ;
#6106 = AXIS2_PLACEMENT_3D ( 'NONE', #577, #4358, #2671 ) ;
#6107 = CARTESIAN_POINT ( 'NONE',  ( -2.448120160788923361, -1.585319224044852371, 0.1250000000000001110 ) ) ;
#6108 = CARTESIAN_POINT ( 'NONE',  ( 0.000000000000000000, -0.4066666666666662877, 2.500000000000000000 ) ) ;
#6109 = AXIS2_PLACEMENT_3D ( 'NONE', #6142, #1847, #3933 ) ;
#6110 = ORIENTED_EDGE ( 'NONE', *, *, #407, .T. ) ;
#6111 = CARTESIAN_POINT ( 'NONE',  ( 1.120231217898365550, 0.2872678265620792759, 0.5000000000000012212 ) ) ;
#6112 = DIRECTION ( 'NONE',  ( 0.6000000000000003109, 0.000000000000000000, -0.7999999999999997113 ) ) ;
#6113 = VECTOR ( 'NONE', #3677, 100.0000000000000142 ) ;
#6114 = FACE_OUTER_BOUND ( 'NONE', #2106, .T. ) ;
#6115 = CARTESIAN_POINT ( 'NONE',  ( -7.475947832365787526, -2.421206597128457538, 1.857823790324703017 ) ) ;
#6116 = VERTEX_POINT ( 'NONE', #5625 ) ;
#6117 = CARTESIAN_POINT ( 'NONE',  ( 4.383948569939647655, -2.137443454401650733, 5.980052607615362859E-17 ) ) ;
#6118 = FACE_OUTER_BOUND ( 'NONE', #1511, .T. ) ;
#6119 = DIRECTION ( 'NONE',  ( 0.8000000000000000444, 0.000000000000000000, 0.5999999999999999778 ) ) ;
#6120 = ORIENTED_EDGE ( 'NONE', *, *, #6464, .F. ) ;
#6121 = EDGE_CURVE ( 'NONE', #893, #3846, #2358, .T. ) ;
#6122 = ORIENTED_EDGE ( 'NONE', *, *, #3306, .F. ) ;
#6123 = ORIENTED_EDGE ( 'NONE', *, *, #751, .F. ) ;
#6124 = CARTESIAN_POINT ( 'NONE',  ( 8.366432773872297446, -2.238428080211328997, 2.500000000000000000 ) ) ;
#6125 = LINE ( 'NONE', #2064, #489 ) ;
#6126 = CARTESIAN_POINT ( 'NONE',  ( 7.050000000000002487, 0.6649340913187362645, 0.9624999999999994671 ) ) ;
#6127 = CARTESIAN_POINT ( 'NONE',  ( 0.2983674015034668558, -0.8959035199889171519, 0.1250000000000001110 ) ) ;
#6128 = CARTESIAN_POINT ( 'NONE',  ( 4.093333333333335489, -1.666666666666666963, 0.1250000000000001110 ) ) ;
#6129 = DIRECTION ( 'NONE',  ( 0.9442831837397908101, -0.3291341199363027048, 4.567653476787759719E-16 ) ) ;
#6130 = ORIENTED_EDGE ( 'NONE', *, *, #3277, .F. ) ;
#6131 = ORIENTED_EDGE ( 'NONE', *, *, #4646, .T. ) ;
#6132 = AXIS2_PLACEMENT_3D ( 'NONE', #2825, #6098, #1796 ) ;
#6133 = ORIENTED_EDGE ( 'NONE', *, *, #5095, .T. ) ;
#6134 = EDGE_CURVE ( 'NONE', #3268, #6249, #52, .T. ) ;
#6135 = FACE_OUTER_BOUND ( 'NONE', #835, .T. ) ;
#6136 = DIRECTION ( 'NONE',  ( 0.000000000000000000, 0.000000000000000000, 1.000000000000000000 ) ) ;
#6137 = AXIS2_PLACEMENT_3D ( 'NONE', #6030, #6478, #1311 ) ;
#6138 = CARTESIAN_POINT ( 'NONE',  ( -0.1229239912518637901, 1.708333333333333925, 2.375000000000000000 ) ) ;
#6139 = EDGE_CURVE ( 'NONE', #2543, #771, #4441, .T. ) ;
#6140 = ADVANCED_FACE ( 'NONE', ( #5748 ), #3134, .F. ) ;
#6141 = ORIENTED_EDGE ( 'NONE', *, *, #6139, .F. ) ;
#6142 = CARTESIAN_POINT ( 'NONE',  ( 8.740000000000001990, -1.166666666666666519, 0.6250000000000002220 ) ) ;
#6143 = AXIS2_PLACEMENT_3D ( 'NONE', #6108, #3108, #3998 ) ;
#6144 = CARTESIAN_POINT ( 'NONE',  ( 3.333333333333335258, -1.666666666666666963, 2.375000000000000000 ) ) ;
#6145 = CARTESIAN_POINT ( 'NONE',  ( -6.908742675414803358, -0.5316666666666662877, 0.000000000000000000 ) ) ;
#6146 = VECTOR ( 'NONE', #1718, 100.0000000000000000 ) ;
#6147 = CARTESIAN_POINT ( 'NONE',  ( 4.853878703297284325, 1.629801876762540180, 2.500000000000000000 ) ) ;
#6148 = CARTESIAN_POINT ( 'NONE',  ( -7.541666666666666075, -0.4066666666666662877, 0.5000000000000002220 ) ) ;
#6149 = CIRCLE ( 'NONE', #2847, 0.7599999999999995648 ) ;
#6150 = EDGE_LOOP ( 'NONE', ( #2017, #2926, #4550, #3768 ) ) ;
#6151 = DIRECTION ( 'NONE',  ( 0.9102497639190944012, -0.4140596180325159525, -0.000000000000000000 ) ) ;
#6152 = CIRCLE ( 'NONE', #5711, 0.7600000000000002309 ) ;
#6153 = AXIS2_PLACEMENT_3D ( 'NONE', #4889, #184, #249 ) ;
#6154 = LINE ( 'NONE', #5615, #854 ) ;
#6155 = CARTESIAN_POINT ( 'NONE',  ( -8.739999999999998437, -1.666666666666666297, 0.1250000000000001110 ) ) ;
#6156 = CARTESIAN_POINT ( 'NONE',  ( 7.021836163998224301, 0.6905567448792779839, 0.9893191748160803378 ) ) ;
#6157 = VERTEX_POINT ( 'NONE', #1621 ) ;
#6158 = ORIENTED_EDGE ( 'NONE', *, *, #5848, .T. ) ;
#6159 = ADVANCED_FACE ( 'NONE', ( #3578 ), #5870, .T. ) ;
#6160 = CARTESIAN_POINT ( 'NONE',  ( -6.999999999999999112, -2.281666666666665844, 0.9999999999999998890 ) ) ;
#6161 = PLANE ( 'NONE',  #6596 ) ;
#6162 = DIRECTION ( 'NONE',  ( 0.5999999999999999778, 0.000000000000000000, 0.8000000000000000444 ) ) ;
#6163 = CARTESIAN_POINT ( 'NONE',  ( -3.130933422635561403, -0.6051529532171495696, 0.000000000000000000 ) ) ;
#6164 = EDGE_CURVE ( 'NONE', #5657, #2827, #2649, .T. ) ;
#6165 = LINE ( 'NONE', #1454, #5369 ) ;
#6166 = ORIENTED_EDGE ( 'NONE', *, *, #6717, .F. ) ;
#6167 = ORIENTED_EDGE ( 'NONE', *, *, #1130, .F. ) ;
#6168 = EDGE_LOOP ( 'NONE', ( #4517, #869, #2658, #4639 ) ) ;
#6169 = APPLICATION_CONTEXT ( 'automotive_design' ) ;
#6170 = EDGE_CURVE ( 'NONE', #6226, #3960, #5320, .T. ) ;
#6171 = CYLINDRICAL_SURFACE ( 'NONE', #4873, 0.1250000000000001110 ) ;
#6172 = EDGE_CURVE ( 'NONE', #2865, #1422, #5238, .T. ) ;
#6173 = LINE ( 'NONE', #2627, #503 ) ;
#6174 = CARTESIAN_POINT ( 'NONE',  ( 7.541666666666668739, 0.4071655174038800173, 1.875000000000000222 ) ) ;
#6175 = EDGE_CURVE ( 'NONE', #3140, #569, #6755, .T. ) ;
#6176 = ORIENTED_EDGE ( 'NONE', *, *, #5421, .F. ) ;
#6177 = DIRECTION ( 'NONE',  ( -0.000000000000000000, 0.000000000000000000, 1.000000000000000000 ) ) ;
#6178 = CYLINDRICAL_SURFACE ( 'NONE', #3893, 0.1250000000000001110 ) ;
#6179 = DIRECTION ( 'NONE',  ( -0.000000000000000000, 0.000000000000000000, 1.000000000000000000 ) ) ;
#6180 = DIRECTION ( 'NONE',  ( 1.000000000000000000, 0.000000000000000000, 0.000000000000000000 ) ) ;
#6181 = CARTESIAN_POINT ( 'NONE',  ( -0.2578861406937663081, 0.7346190482202962224, 2.437500000000000000 ) ) ;
#6182 = EDGE_CURVE ( 'NONE', #5447, #2750, #812, .T. ) ;
#6183 = VERTEX_POINT ( 'NONE', #6332 ) ;
#6184 = CARTESIAN_POINT ( 'NONE',  ( 4.461416195777301752, -2.169141090048136267, 0.04815752249968285881 ) ) ;
#6185 = DIRECTION ( 'NONE',  ( 1.040834085586084503E-16, 0.000000000000000000, 1.000000000000000000 ) ) ;
#6186 = CARTESIAN_POINT ( 'NONE',  ( 0.2315408876510614278, -0.7838001772875876627, 0.1250000000000001110 ) ) ;
#6187 = FACE_BOUND ( 'NONE', #3867, .T. ) ;
#6188 = ORIENTED_EDGE ( 'NONE', *, *, #4315, .F. ) ;
#6189 = ORIENTED_EDGE ( 'NONE', *, *, #6223, .T. ) ;
#6190 = DIRECTION ( 'NONE',  ( 0.8325181863123948256, -0.5539977161136321326, 0.000000000000000000 ) ) ;
#6191 = CARTESIAN_POINT ( 'NONE',  ( -6.908742675414803358, -0.4066666666666661212, 1.562930337491585275 ) ) ;
#6192 = FACE_OUTER_BOUND ( 'NONE', #1570, .T. ) ;
#6193 = CIRCLE ( 'NONE', #3226, 1.625000000000000000 ) ;
#6194 = DIRECTION ( 'NONE',  ( 0.000000000000000000, -0.000000000000000000, 1.000000000000000000 ) ) ;
#6195 = LINE ( 'NONE', #419, #4485 ) ;
#6196 = EDGE_LOOP ( 'NONE', ( #212, #3912, #3069, #704 ) ) ;
#6197 = ORIENTED_EDGE ( 'NONE', *, *, #3727, .T. ) ;
#6198 = AXIS2_PLACEMENT_3D ( 'NONE', #665, #4857, #5410 ) ;
#6199 = ORIENTED_EDGE ( 'NONE', *, *, #3978, .F. ) ;
#6200 = CARTESIAN_POINT ( 'NONE',  ( -6.874999999999999112, -2.281666666666665844, 2.500000000000000000 ) ) ;
#6201 = CARTESIAN_POINT ( 'NONE',  ( -7.515815512292458145, -2.297896510841263229, 0.6269510917917395787 ) ) ;
#6202 = AXIS2_PLACEMENT_3D ( 'NONE', #1225, #3709, #5296 ) ;
#6203 = AXIS2_PLACEMENT_3D ( 'NONE', #176, #4294, #139 ) ;
#6204 = AXIS2_PLACEMENT_3D ( 'NONE', #3165, #1161, #3708 ) ;
#6205 = DIRECTION ( 'NONE',  ( 1.000000000000000000, 1.387778780781444492E-15, 0.000000000000000000 ) ) ;
#6206 = CIRCLE ( 'NONE', #5001, 0.06249999999999995837 ) ;
#6207 = EDGE_CURVE ( 'NONE', #5580, #6235, #6416, .T. ) ;
#6208 = ORIENTED_EDGE ( 'NONE', *, *, #4633, .F. ) ;
#6209 = CARTESIAN_POINT ( 'NONE',  ( 4.991637076900224734, 1.145833333333334147, 0.06250000000000000000 ) ) ;
#6210 = CIRCLE ( 'NONE', #6103, 1.134999999999999787 ) ;
#6211 = CIRCLE ( 'NONE', #3568, 1.260000000000000009 ) ;
#6212 = VECTOR ( 'NONE', #4017, 100.0000000000000142 ) ;
#6213 = EDGE_CURVE ( 'NONE', #3050, #2492, #450, .T. ) ;
#6214 = FACE_OUTER_BOUND ( 'NONE', #424, .T. ) ;
#6215 = DIRECTION ( 'NONE',  ( -0.000000000000000000, 0.000000000000000000, 1.000000000000000000 ) ) ;
#6216 = CARTESIAN_POINT ( 'NONE',  ( 7.050000000000002487, 0.6649340913187361535, 1.537499999999999867 ) ) ;
#6217 = ORIENTED_EDGE ( 'NONE', *, *, #1684, .T. ) ;
#6218 = VECTOR ( 'NONE', #564, 100.0000000000000142 ) ;
#6219 = VERTEX_POINT ( 'NONE', #520 ) ;
#6220 = ORIENTED_EDGE ( 'NONE', *, *, #6271, .F. ) ;
#6221 = LINE ( 'NONE', #1472, #2257 ) ;
#6222 = AXIS2_PLACEMENT_3D ( 'NONE', #3827, #5414, #2184 ) ;
#6223 = EDGE_CURVE ( 'NONE', #4921, #1826, #5213, .T. ) ;
#6224 = DIRECTION ( 'NONE',  ( 0.000000000000000000, 1.000000000000000000, 0.000000000000000000 ) ) ;
#6225 = CARTESIAN_POINT ( 'NONE',  ( -7.297779489814402609, -3.406666666666666288, 0.5000000000000001110 ) ) ;
#6226 = VERTEX_POINT ( 'NONE', #4089 ) ;
#6227 = EDGE_CURVE ( 'NONE', #3854, #2883, #4129, .T. ) ;
#6228 = ORIENTED_EDGE ( 'NONE', *, *, #3262, .F. ) ;
#6229 = ADVANCED_FACE ( 'NONE', ( #2078 ), #5174, .T. ) ;
#6230 = DIRECTION ( 'NONE',  ( -0.9442831837397906991, 0.3291341199363030934, 1.310456165442828892E-16 ) ) ;
#6231 = DIRECTION ( 'NONE',  ( -0.9435497843495161963, -0.3312307420122436175, -0.000000000000000000 ) ) ;
#6232 = CARTESIAN_POINT ( 'NONE',  ( 7.593424118920733434, 0.5209467378937664428, 0.4999999999999999445 ) ) ;
#6233 = DIRECTION ( 'NONE',  ( -0.8000000000000007105, 0.000000000000000000, 0.5999999999999992006 ) ) ;
#6234 = CARTESIAN_POINT ( 'NONE',  ( -2.478553173307072033, -1.464080485396389797, 0.1250000000000001110 ) ) ;
#6235 = VERTEX_POINT ( 'NONE', #6267 ) ;
#6236 = EDGE_LOOP ( 'NONE', ( #5937, #1790, #6511, #1946, #2045 ) ) ;
#6237 = ORIENTED_EDGE ( 'NONE', *, *, #3075, .T. ) ;
#6238 = LINE ( 'NONE', #3584, #5541 ) ;
#6239 = CARTESIAN_POINT ( 'NONE',  ( -7.297779489814402609, -2.406666666666666288, 1.879584617360802623 ) ) ;
#6240 = CARTESIAN_POINT ( 'NONE',  ( -7.297779489814402609, -3.406666666666666288, 2.000000000000000000 ) ) ;
#6241 = CIRCLE ( 'NONE', #6132, 0.1250000000000001110 ) ;
#6242 = VERTEX_POINT ( 'NONE', #453 ) ;
#6243 = CARTESIAN_POINT ( 'NONE',  ( 0.000000000000000000, 1.708333333333333925, 0.1250000000000000000 ) ) ;
#6244 = AXIS2_PLACEMENT_3D ( 'NONE', #3033, #5719, #5141 ) ;
#6245 = EDGE_CURVE ( 'NONE', #2750, #6399, #5877, .T. ) ;
#6246 = CYLINDRICAL_SURFACE ( 'NONE', #2590, 0.06250000000000027756 ) ;
#6247 = CARTESIAN_POINT ( 'NONE',  ( 7.488495300049987868, -1.913885936456232173, 1.866371475037489791 ) ) ;
#6248 = DIRECTION ( 'NONE',  ( 1.000000000000000000, 1.734723475976807094E-16, 0.000000000000000000 ) ) ;
#6249 = VERTEX_POINT ( 'NONE', #4188 ) ;
#6250 = ADVANCED_FACE ( 'NONE', ( #6297 ), #5717, .F. ) ;
#6251 = CIRCLE ( 'NONE', #3282, 0.1250000000000001110 ) ;
#6252 = ORIENTED_EDGE ( 'NONE', *, *, #5744, .T. ) ;
#6253 = ORIENTED_EDGE ( 'NONE', *, *, #5297, .T. ) ;
#6254 = DIRECTION ( 'NONE',  ( 0.000000000000000000, -0.000000000000000000, 1.000000000000000000 ) ) ;
#6255 = ADVANCED_FACE ( 'NONE', ( #3099 ), #273, .T. ) ;
#6256 = DIRECTION ( 'NONE',  ( -1.000000000000000000, -0.000000000000000000, -0.000000000000000000 ) ) ;
#6257 = AXIS2_PLACEMENT_3D ( 'NONE', #3591, #1536, #1505 ) ;
#6258 = DIRECTION ( 'NONE',  ( 1.000000000000000000, 0.000000000000000000, 0.000000000000000000 ) ) ;
#6259 = CYLINDRICAL_SURFACE ( 'NONE', #4682, 0.06250000000000005551 ) ;
#6260 = ORIENTED_EDGE ( 'NONE', *, *, #4611, .T. ) ;
#6261 = AXIS2_PLACEMENT_3D ( 'NONE', #2949, #5056, #1817 ) ;
#6262 = LINE ( 'NONE', #2713, #5978 ) ;
#6263 = VECTOR ( 'NONE', #3710, 100.0000000000000000 ) ;
#6264 = EDGE_CURVE ( 'NONE', #2744, #1875, #3455, .T. ) ;
#6265 = CARTESIAN_POINT ( 'NONE',  ( -7.011337664676290160, -0.5316666666666669538, 1.490674436026982130 ) ) ;
#6266 = DIRECTION ( 'NONE',  ( 0.000000000000000000, 0.000000000000000000, 1.000000000000000000 ) ) ;
#6267 = CARTESIAN_POINT ( 'NONE',  ( -5.600323486782388116, -2.376576575854366880, 2.375000000000000000 ) ) ;
#6268 = AXIS2_PLACEMENT_3D ( 'NONE', #2774, #4878, #1783 ) ;
#6269 = DIRECTION ( 'NONE',  ( -0.000000000000000000, -0.000000000000000000, -1.000000000000000000 ) ) ;
#6270 = ORIENTED_EDGE ( 'NONE', *, *, #3224, .F. ) ;
#6271 = EDGE_CURVE ( 'NONE', #1267, #3118, #3784, .T. ) ;
#6272 = EDGE_CURVE ( 'NONE', #2303, #760, #5851, .T. ) ;
#6273 = ORIENTED_EDGE ( 'NONE', *, *, #1457, .F. ) ;
#6274 = ORIENTED_EDGE ( 'NONE', *, *, #923, .F. ) ;
#6275 = CARTESIAN_POINT ( 'NONE',  ( 4.991637076900224734, 1.020833333333334147, 2.437500000000000000 ) ) ;
#6276 = DIRECTION ( 'NONE',  ( 1.000000000000000000, -0.000000000000000000, -1.387778780781445922E-16 ) ) ;
#6277 = DIRECTION ( 'NONE',  ( -0.000000000000000000, 0.000000000000000000, 1.000000000000000000 ) ) ;
#6278 = VERTEX_POINT ( 'NONE', #1126 ) ;
#6279 = CARTESIAN_POINT ( 'NONE',  ( -3.130933422635561403, -0.6051529532171495696, 2.437500000000000000 ) ) ;
#6280 = CARTESIAN_POINT ( 'NONE',  ( 5.941947322586663027, -1.393362850788411933, 0.000000000000000000 ) ) ;
#6281 = DIRECTION ( 'NONE',  ( -1.000000000000000000, 0.000000000000000000, 0.000000000000000000 ) ) ;
#6282 = CARTESIAN_POINT ( 'NONE',  ( 7.541666666666668739, -1.950952170947207076, 2.000000000000000000 ) ) ;
#6283 = ORIENTED_EDGE ( 'NONE', *, *, #6696, .T. ) ;
#6284 = ORIENTED_EDGE ( 'NONE', *, *, #1111, .T. ) ;
#6285 = ORIENTED_EDGE ( 'NONE', *, *, #2052, .T. ) ;
#6286 = FACE_OUTER_BOUND ( 'NONE', #6168, .T. ) ;
#6287 = CARTESIAN_POINT ( 'NONE',  ( 0.000000000000000000, -0.5316666666666662877, 2.500000000000000000 ) ) ;
#6288 = CARTESIAN_POINT ( 'NONE',  ( -0.8105760350663047120, -1.441647193599739030, 2.500000000000000000 ) ) ;
#6289 = DIRECTION ( 'NONE',  ( -0.9762185729621077890, -0.2167886016464562471, 6.017092425604669849E-16 ) ) ;
#6290 = EDGE_LOOP ( 'NONE', ( #1890, #5194, #4154, #1557 ) ) ;
#6291 = ADVANCED_FACE ( 'NONE', ( #3871 ), #1369, .T. ) ;
#6292 = ORIENTED_EDGE ( 'NONE', *, *, #5676, .F. ) ;
#6293 = DIRECTION ( 'NONE',  ( -0.000000000000000000, -0.000000000000000000, -1.000000000000000000 ) ) ;
#6294 = ADVANCED_FACE ( 'NONE', ( #6396 ), #817, .T. ) ;
#6295 = CARTESIAN_POINT ( 'NONE',  ( 7.466666666666668561, 0.5634440353704396331, 0.6500000000000003553 ) ) ;
#6296 = LINE ( 'NONE', #2547, #6113 ) ;
#6297 = FACE_OUTER_BOUND ( 'NONE', #1495, .T. ) ;
#6298 = ORIENTED_EDGE ( 'NONE', *, *, #2004, .T. ) ;
#6299 = ORIENTED_EDGE ( 'NONE', *, *, #6673, .T. ) ;
#6300 = ORIENTED_EDGE ( 'NONE', *, *, #1559, .T. ) ;
#6301 = AXIS2_PLACEMENT_3D ( 'NONE', #3508, #3374, #5477 ) ;
#6302 = CARTESIAN_POINT ( 'NONE',  ( -7.466666666666665897, -2.427326651523673551, 0.6500000000000005773 ) ) ;
#6303 = CYLINDRICAL_SURFACE ( 'NONE', #5207, 0.1250000000000000833 ) ;
#6304 = DIRECTION ( 'NONE',  ( 0.9659258262890680902, -0.2588190451025211836, 0.000000000000000000 ) ) ;
#6305 = AXIS2_PLACEMENT_3D ( 'NONE', #4695, #6797, #6697 ) ;
#6306 = EDGE_CURVE ( 'NONE', #256, #5276, #3266, .T. ) ;
#6307 = EDGE_LOOP ( 'NONE', ( #5413, #1528, #5132, #141, #3019, #1838, #6073, #1900, #4084 ) ) ;
#6308 = DIRECTION ( 'NONE',  ( -0.000000000000000000, -0.000000000000000000, -1.000000000000000000 ) ) ;
#6309 = CIRCLE ( 'NONE', #2684, 0.06250000000000005551 ) ;
#6310 = AXIS2_PLACEMENT_3D ( 'NONE', #2757, #2321, #5445 ) ;
#6311 = AXIS2_PLACEMENT_3D ( 'NONE', #4993, #4543, #5622 ) ;
#6312 = DIRECTION ( 'NONE',  ( 0.000000000000000000, 1.000000000000000000, -0.000000000000000000 ) ) ;
#6313 = CARTESIAN_POINT ( 'NONE',  ( -7.489483839569624379, -2.290050210608540748, 0.6356110431587326248 ) ) ;
#6314 = PLANE ( 'NONE',  #6588 ) ;
#6315 = ORIENTED_EDGE ( 'NONE', *, *, #6569, .F. ) ;
#6316 = ORIENTED_EDGE ( 'NONE', *, *, #5643, .T. ) ;
#6317 = CLOSED_SHELL ( 'NONE', ( #1544, #2566, #2065, #4957, #4794, #5118, #2152, #2391, #6015, #2689, #1084, #2255, #4227, #738, #2134, #2837, #3300, #1589, #5576, #5559, #876, #2864, #2276, #2559, #6560, #3570, #4816, #4614, #6480, #4914, #5751, #3783, #4116, #2434, #2595, #779, #3844, #363, #6736, #3093, #969, #4413, #4058, #6250, #2983, #3723, #629, #1459, #425, #4347, #499, #4117, #5251, #4709, #4820, #986, #631, #4952, #5255, #2191, #6255, #2175, #5812, #3179, #1394, #3281, #1892, #4410, #3433, #5407, #5243, #864, #4714, #3809, #3200, #2552, #6773, #2341, #4503, #3183, #1285, #4190, #172, #2445, #1424, #4306, #565, #1590, #1043, #868, #6599, #5013, #4630, #6547, #1507, #124, #6434, #6291, #5171, #3014, #1880, #5629, #2593, #5494, #3779, #4270, #6140, #6470, #824, #3317, #3641, #5345, #2879, #5534, #578, #3564, #4540, #4852, #1169, #1782, #6739, #2070, #5016, #5962, #4859, #5705, #4594, #1233, #6159, #3575, #1809, #6756, #3352, #4502, #1989, #3021, #2546, #5011, #5212, #1389, #1328, #3522, #5057, #4354, #5302, #3147, #4142, #4777, #4737, #2361, #2096, #2711, #1439, #6343, #5303, #1080, #6427, #3198, #1470, #5640, #2190, #4902, #3692, #5561, #4303, #160, #3364, #960, #3072, #3781, #4985, #2937, #2306, #1542, #6456, #4496, #6229, #4446, #5291, #4482, #2893, #4287, #1719, #664, #4796, #5810, #4864, #4288, #5863, #3158, #570, #1283, #1703, #1323, #5847, #2980, #1714, #5049, #28, #674, #3984, #5143, #1577, #1178, #4225, #5427, #430, #3860, #2669, #4238, #3016, #5933, #1934, #4833, #4605, #909, #6371, #5946, #2771, #6294, #6807, #1641, #4193, #6088, #3718, #1473, #1132, #5997, #5418, #5032, #1580 ) ) ;
#6318 = ORIENTED_EDGE ( 'NONE', *, *, #2513, .F. ) ;
#6319 = AXIS2_PLACEMENT_3D ( 'NONE', #3590, #2019, #4104 ) ;
#6320 = DIRECTION ( 'NONE',  ( 0.5999999999999993117, 0.000000000000000000, -0.8000000000000004885 ) ) ;
#6321 = DIRECTION ( 'NONE',  ( 1.000000000000000000, 0.000000000000000000, 0.000000000000000000 ) ) ;
#6322 = TOROIDAL_SURFACE ( 'NONE', #3354, 1.125000000000000000, 0.1250000000000000000 ) ;
#6323 = DIRECTION ( 'NONE',  ( 1.000000000000000000, 0.000000000000000000, 0.000000000000000000 ) ) ;
#6324 = CARTESIAN_POINT ( 'NONE',  ( -7.297779489814402609, -3.406666666666666288, 0.5000000000000001110 ) ) ;
#6325 = ORIENTED_EDGE ( 'NONE', *, *, #4922, .F. ) ;
#6326 = LINE ( 'NONE', #3263, #1928 ) ;
#6327 = CIRCLE ( 'NONE', #3358, 0.1250000000000000833 ) ;
#6328 = CARTESIAN_POINT ( 'NONE',  ( -7.016871337707402567, -0.4066666666666662877, 0.9997848312542076954 ) ) ;
#6329 = CARTESIAN_POINT ( 'NONE',  ( 7.007345686152810060, -1.897087751288844215, 1.002690135502308566 ) ) ;
#6330 = EDGE_CURVE ( 'NONE', #3469, #3612, #4999, .T. ) ;
#6331 = DIRECTION ( 'NONE',  ( 0.000000000000000000, -1.000000000000000000, 0.000000000000000000 ) ) ;
#6332 = CARTESIAN_POINT ( 'NONE',  ( -4.965193726034750732, -1.078354991733413648, 0.06250000000000000000 ) ) ;
#6333 = EDGE_LOOP ( 'NONE', ( #349, #959, #900, #3066 ) ) ;
#6334 = VECTOR ( 'NONE', #6806, 100.0000000000000000 ) ;
#6335 = EDGE_CURVE ( 'NONE', #3225, #210, #5328, .T. ) ;
#6336 = ORIENTED_EDGE ( 'NONE', *, *, #3484, .T. ) ;
#6337 = VERTEX_POINT ( 'NONE', #5402 ) ;
#6338 =( BOUNDED_SURFACE ( )  B_SPLINE_SURFACE ( 3, 2, ( 
 ( #6216, #4173, #1403 ),
 ( #6707, #6672, #1961 ),
 ( #2502, #1996, #1469 ),
 ( #3800, #5903, #1185 ),
 ( #1112, #5256, #3285 ),
 ( #2702, #3250, #3759 ) ),
 .UNSPECIFIED., .F., .F., .F. ) 
 B_SPLINE_SURFACE_WITH_KNOTS ( ( 4, 2, 4 ),
 ( 3, 3 ),
 ( 5.355890089177974822, 5.819537698178780971, 6.283185307179586232 ),
 ( 0.000000000000000000, 1.000000000000000000 ),
 .UNSPECIFIED. ) 
 GEOMETRIC_REPRESENTATION_ITEM ( )  RATIONAL_B_SPLINE_SURFACE ( (
 ( 1.000000000000000000, 0.7900746074958708842, 1.000000000000000000),
 ( 1.000000000000000000, 0.8062921734400321228, 1.000000000000000000),
 ( 1.000000000000000000, 0.8191084313383022453, 1.000000000000000000),
 ( 1.000000000000000000, 0.8363952268052369243, 1.000000000000000000),
 ( 1.000000000000000000, 0.8408674898254444585, 1.000000000000000000),
 ( 1.000000000000000000, 0.8408506460818457873, 1.000000000000000000) ) ) 
 REPRESENTATION_ITEM ( '' )  SURFACE ( )  );
#6339 = DIRECTION ( 'NONE',  ( 0.000000000000000000, -0.000000000000000000, -1.000000000000000000 ) ) ;
#6340 = CYLINDRICAL_SURFACE ( 'NONE', #4894, 0.1250000000000000278 ) ;
#6341 = CARTESIAN_POINT ( 'NONE',  ( 7.980000000000002203, -1.166666666666666519, 0.5000000000000005551 ) ) ;
#6342 = CIRCLE ( 'NONE', #4141, 0.1249999999999998335 ) ;
#6343 = ADVANCED_FACE ( 'NONE', ( #1228 ), #670, .T. ) ;
#6344 = VERTEX_POINT ( 'NONE', #4849 ) ;
#6345 = CARTESIAN_POINT ( 'NONE',  ( -8.739999999999998437, -1.666666666666666297, 0.5000000000000004441 ) ) ;
#6346 = EDGE_CURVE ( 'NONE', #1826, #4921, #5555, .T. ) ;
#6347 = DIRECTION ( 'NONE',  ( 0.9616986708114019233, -0.2741088589585953805, 0.000000000000000000 ) ) ;
#6348 = CARTESIAN_POINT ( 'NONE',  ( -7.467762237238282808, -2.418943952271109588, 0.6479758034094006414 ) ) ;
#6349 = CIRCLE ( 'NONE', #2402, 0.2500000000000000555 ) ;
#6350 = DIRECTION ( 'NONE',  ( -0.7292219231207924812, -0.6842772733622043413, -0.000000000000000000 ) ) ;
#6351 = EDGE_CURVE ( 'NONE', #2097, #2960, #2582, .T. ) ;
#6352 = EDGE_CURVE ( 'NONE', #5273, #210, #3777, .T. ) ;
#6353 = EDGE_LOOP ( 'NONE', ( #4932, #3853 ) ) ;
#6354 = ORIENTED_EDGE ( 'NONE', *, *, #2898, .T. ) ;
#6355 = DIRECTION ( 'NONE',  ( 1.734723475976807094E-16, -1.000000000000000000, 0.000000000000000000 ) ) ;
#6356 = AXIS2_PLACEMENT_3D ( 'NONE', #1491, #3579, #6752 ) ;
#6357 = CARTESIAN_POINT ( 'NONE',  ( -8.739999999999998437, -1.666666666666666297, 0.5000000000000004441 ) ) ;
#6358 = CARTESIAN_POINT ( 'NONE',  ( 7.541666666666668739, -2.926666666666667194, 1.750000000000000222 ) ) ;
#6359 = DIRECTION ( 'NONE',  ( 1.000000000000000000, 0.000000000000000000, 0.000000000000000000 ) ) ;
#6360 = AXIS2_PLACEMENT_3D ( 'NONE', #2256, #2635, #5315 ) ;
#6361 = ORIENTED_EDGE ( 'NONE', *, *, #5340, .T. ) ;
#6362 = DIRECTION ( 'NONE',  ( 1.000000000000000000, 0.000000000000000000, 0.000000000000000000 ) ) ;
#6363 = AXIS2_PLACEMENT_3D ( 'NONE', #3357, #2947, #710 ) ;
#6364 = CYLINDRICAL_SURFACE ( 'NONE', #5221, 0.06250000000000000000 ) ;
#6365 = CARTESIAN_POINT ( 'NONE',  ( 7.391666666666668384, -1.898669001194127848, 0.5500000000000002665 ) ) ;
#6366 = DIRECTION ( 'NONE',  ( 1.000000000000000000, 0.000000000000000000, 0.000000000000000000 ) ) ;
#6367 = CARTESIAN_POINT ( 'NONE',  ( 7.489419888841542416, -1.914530475559267364, 1.864345976565306540 ) ) ;
#6368 = EDGE_LOOP ( 'NONE', ( #5574, #3, #2083, #1448, #3889 ) ) ;
#6369 = AXIS2_PLACEMENT_3D ( 'NONE', #5684, #6716, #5586 ) ;
#6370 = ORIENTED_EDGE ( 'NONE', *, *, #6074, .F. ) ;
#6371 = ADVANCED_FACE ( 'NONE', ( #5948 ), #4329, .T. ) ;
#6372 = VERTEX_POINT ( 'NONE', #4506 ) ;
#6373 = ORIENTED_EDGE ( 'NONE', *, *, #612, .F. ) ;
#6374 = AXIS2_PLACEMENT_3D ( 'NONE', #911, #5120, #1995 ) ;
#6375 = DIRECTION ( 'NONE',  ( 1.734723475976807094E-16, -1.000000000000000000, 0.000000000000000000 ) ) ;
#6376 = DIRECTION ( 'NONE',  ( -1.000000000000000000, 0.000000000000000000, 1.365923996832132842E-16 ) ) ;
#6377 = CARTESIAN_POINT ( 'NONE',  ( -7.381234758127526163, -2.410155142302404574, 0.5499999999999997113 ) ) ;
#6378 = CARTESIAN_POINT ( 'NONE',  ( -6.974999999999999645, -2.406666666666665844, 0.8624999999999999334 ) ) ;
#6379 = EDGE_CURVE ( 'NONE', #3959, #4669, #5652, .T. ) ;
#6380 = ORIENTED_EDGE ( 'NONE', *, *, #4283, .T. ) ;
#6381 = DIRECTION ( 'NONE',  ( 0.3312307420122451163, -0.9435497843495156411, 0.000000000000000000 ) ) ;
#6382 = CARTESIAN_POINT ( 'NONE',  ( -0.2565783189526725794, -0.6091290072873440931, 2.375000000000000000 ) ) ;
#6383 = EDGE_CURVE ( 'NONE', #778, #6235, #4576, .T. ) ;
#6384 = DIRECTION ( 'NONE',  ( 0.7517689932648539131, -0.3419689787775626599, 0.5638267449486403793 ) ) ;
#6385 = ORIENTED_EDGE ( 'NONE', *, *, #2130, .F. ) ;
#6386 = CARTESIAN_POINT ( 'NONE',  ( 4.368892065788240409, -2.131255852546395158, 2.500000000000000000 ) ) ;
#6387 = FACE_OUTER_BOUND ( 'NONE', #56, .T. ) ;
#6388 = DIRECTION ( 'NONE',  ( 0.000000000000000000, -0.000000000000000000, -1.000000000000000000 ) ) ;
#6389 = CARTESIAN_POINT ( 'NONE',  ( 7.394182168441271408, -2.031921334423706149, 1.982742950074980692 ) ) ;
#6390 = ORIENTED_EDGE ( 'NONE', *, *, #2724, .T. ) ;
#6391 = ORIENTED_EDGE ( 'NONE', *, *, #6643, .F. ) ;
#6392 = VERTEX_POINT ( 'NONE', #1895 ) ;
#6393 = CARTESIAN_POINT ( 'NONE',  ( 0.2315408876510614278, -0.7838001772875876627, 0.1250000000000001110 ) ) ;
#6394 = FACE_OUTER_BOUND ( 'NONE', #6290, .T. ) ;
#6395 = DIRECTION ( 'NONE',  ( 1.000000000000000000, 0.000000000000000000, -1.376764663473656463E-16 ) ) ;
#6396 = FACE_OUTER_BOUND ( 'NONE', #5135, .T. ) ;
#6397 = ORIENTED_EDGE ( 'NONE', *, *, #3966, .T. ) ;
#6398 = ORIENTED_EDGE ( 'NONE', *, *, #3514, .F. ) ;
#6399 = VERTEX_POINT ( 'NONE', #3975 ) ;
#6400 = ORIENTED_EDGE ( 'NONE', *, *, #448, .F. ) ;
#6401 = DIRECTION ( 'NONE',  ( 0.9435497843495183057, 0.3312307420122379553, 0.000000000000000000 ) ) ;
#6402 = CARTESIAN_POINT ( 'NONE',  ( -6.580600864216119561, -0.3512951395295419998, 0.1250000000000001110 ) ) ;
#6403 = CYLINDRICAL_SURFACE ( 'NONE', #488, 0.06250000000000000000 ) ;
#6404 = DIRECTION ( 'NONE',  ( -0.000000000000000000, -0.000000000000000000, -1.000000000000000000 ) ) ;
#6405 = AXIS2_PLACEMENT_3D ( 'NONE', #2344, #4432, #2107 ) ;
#6406 = EDGE_LOOP ( 'NONE', ( #4295, #6101, #2894, #4197 ) ) ;
#6407 = LINE ( 'NONE', #1702, #4904 ) ;
#6408 = CARTESIAN_POINT ( 'NONE',  ( -4.905087559109038153, -1.095486795418325832, 2.500000000000000000 ) ) ;
#6409 = CARTESIAN_POINT ( 'NONE',  ( -7.466666666666667673, -2.285591201756871804, 0.6500000000000002442 ) ) ;
#6410 = CIRCLE ( 'NONE', #2044, 0.1250000000000000000 ) ;
#6411 = EDGE_CURVE ( 'NONE', #3034, #6157, #2477, .T. ) ;
#6412 = DIRECTION ( 'NONE',  ( 1.000000000000000000, 0.000000000000000000, 0.000000000000000000 ) ) ;
#6413 = AXIS2_PLACEMENT_3D ( 'NONE', #2655, #4729, #2179 ) ;
#6414 = ORIENTED_EDGE ( 'NONE', *, *, #2641, .F. ) ;
#6415 = DIRECTION ( 'NONE',  ( 0.000000000000000000, -0.000000000000000000, -1.000000000000000000 ) ) ;
#6416 = CIRCLE ( 'NONE', #1362, 0.1250000000000001110 ) ;
#6417 = FACE_OUTER_BOUND ( 'NONE', #5735, .T. ) ;
#6418 = CYLINDRICAL_SURFACE ( 'NONE', #2173, 0.1250000000000001110 ) ;
#6419 = CARTESIAN_POINT ( 'NONE',  ( 4.991637076900224734, 1.333333333333334147, -0.007045904514871997870 ) ) ;
#6420 = ORIENTED_EDGE ( 'NONE', *, *, #3525, .T. ) ;
#6421 = AXIS2_PLACEMENT_3D ( 'NONE', #2816, #2272, #5436 ) ;
#6422 = CIRCLE ( 'NONE', #390, 1.124999999999999556 ) ;
#6423 = AXIS2_PLACEMENT_3D ( 'NONE', #4634, #4564, #5668 ) ;
#6424 = VERTEX_POINT ( 'NONE', #5471 ) ;
#6425 = CARTESIAN_POINT ( 'NONE',  ( 8.366432773872300999, -2.238428080211328997, 0.6250000000000003331 ) ) ;
#6426 = CARTESIAN_POINT ( 'NONE',  ( 0.5875619349866998409, 2.192810993963841160, 0.1250000000000001110 ) ) ;
#6427 = ADVANCED_FACE ( 'NONE', ( #3503 ), #1374, .T. ) ;
#6428 = TOROIDAL_SURFACE ( 'NONE', #3552, 0.2500000000000000000, 0.1250000000000000000 ) ;
#6429 = VECTOR ( 'NONE', #2509, 100.0000000000000142 ) ;
#6430 = CARTESIAN_POINT ( 'NONE',  ( -7.404111689667651319, -2.281666666666937626, 1.803083767250738489 ) ) ;
#6431 = CYLINDRICAL_SURFACE ( 'NONE', #75, 0.1250000000000001110 ) ;
#6432 = CARTESIAN_POINT ( 'NONE',  ( 5.116637076900224734, 0.000000000000000000, 0.06250000000000000000 ) ) ;
#6433 = VERTEX_POINT ( 'NONE', #1446 ) ;
#6434 = ADVANCED_FACE ( 'NONE', ( #5579 ), #5316, .T. ) ;
#6435 = CIRCLE ( 'NONE', #5125, 0.1250000000000000000 ) ;
#6436 = EDGE_LOOP ( 'NONE', ( #596, #1423, #2904, #2654 ) ) ;
#6437 = EDGE_CURVE ( 'NONE', #4653, #733, #2987, .T. ) ;
#6438 = VERTEX_POINT ( 'NONE', #243 ) ;
#6439 = ORIENTED_EDGE ( 'NONE', *, *, #5519, .F. ) ;
#6440 = CARTESIAN_POINT ( 'NONE',  ( -7.124999999999999112, -2.281666666666665844, 1.062500000000000000 ) ) ;
#6441 = VECTOR ( 'NONE', #5253, 100.0000000000000000 ) ;
#6442 = CARTESIAN_POINT ( 'NONE',  ( 4.991637076900224734, 1.083333333333334147, 0.06250000000000000000 ) ) ;
#6443 = CYLINDRICAL_SURFACE ( 'NONE', #4877, 0.1250000000000000278 ) ;
#6444 = DIRECTION ( 'NONE',  ( 1.000000000000000000, 9.170344366397219623E-16, 0.000000000000000000 ) ) ;
#6445 = ORIENTED_EDGE ( 'NONE', *, *, #2719, .F. ) ;
#6446 = B_SPLINE_CURVE_WITH_KNOTS ( 'NONE', 3,
 ( #6386, #2225, #5460, #5358, #3390, #3318, #4312, #4906, #3899, #5492 ),
 .UNSPECIFIED., .F., .F.,
 ( 4, 2, 2, 2, 4 ),
 ( -2.806570429938859849E-05, 0.0004647571122587884694, 0.0009575799288169654661, 0.001450402745375142625, 0.001943225561933319568 ),
 .UNSPECIFIED. ) ;
#6447 = EDGE_LOOP ( 'NONE', ( #4988, #1455, #4236, #1483 ) ) ;
#6448 = CARTESIAN_POINT ( 'NONE',  ( 6.933858235007964055, -1.871473372069715868, 0.8624999999999999334 ) ) ;
#6449 = DIRECTION ( 'NONE',  ( -0.000000000000000000, -0.000000000000000000, -1.000000000000000000 ) ) ;
#6450 = CARTESIAN_POINT ( 'NONE',  ( 7.034535521237937239, -1.742657547859078893, 1.525901640928451819 ) ) ;
#6451 = ORIENTED_EDGE ( 'NONE', *, *, #1561, .T. ) ;
#6452 = EDGE_CURVE ( 'NONE', #4525, #5702, #5617, .T. ) ;
#6453 = CIRCLE ( 'NONE', #525, 1.124999999999999556 ) ;
#6454 = DIRECTION ( 'NONE',  ( 1.000000000000000000, 0.000000000000000000, 0.000000000000000000 ) ) ;
#6455 = DIRECTION ( 'NONE',  ( -1.000000000000000000, 0.000000000000000000, 0.000000000000000000 ) ) ;
#6456 = ADVANCED_FACE ( 'NONE', ( #4018 ), #857, .F. ) ;
#6457 = DIRECTION ( 'NONE',  ( -0.9446284728628753236, -0.3281418111986830199, -0.000000000000000000 ) ) ;
#6458 = FACE_BOUND ( 'NONE', #1588, .T. ) ;
#6459 = CIRCLE ( 'NONE', #5150, 0.1250000000000001110 ) ;
#6460 = EDGE_LOOP ( 'NONE', ( #6385, #392, #687, #3802 ) ) ;
#6461 = DIRECTION ( 'NONE',  ( 1.665334536937734495E-14, 0.000000000000000000, 1.000000000000000000 ) ) ;
#6462 = EDGE_CURVE ( 'NONE', #2492, #2010, #1825, .T. ) ;
#6463 = CARTESIAN_POINT ( 'NONE',  ( -6.878749186749359978, -0.4062167607778496281, 1.018261043260061172 ) ) ;
#6464 = EDGE_CURVE ( 'NONE', #3447, #4525, #1801, .T. ) ;
#6465 = AXIS2_PLACEMENT_3D ( 'NONE', #1763, #220, #2392 ) ;
#6466 = DIRECTION ( 'NONE',  ( 1.000000000000000000, 0.000000000000000000, 0.000000000000000000 ) ) ;
#6467 = DIRECTION ( 'NONE',  ( -0.000000000000000000, 0.000000000000000000, 1.000000000000000000 ) ) ;
#6468 = CARTESIAN_POINT ( 'NONE',  ( 7.466666666666668561, -1.898669001194127404, 1.850000000000000311 ) ) ;
#6469 = EDGE_LOOP ( 'NONE', ( #41, #4586, #2382, #3542 ) ) ;
#6470 = ADVANCED_FACE ( 'NONE', ( #278 ), #5065, .F. ) ;
#6471 = ORIENTED_EDGE ( 'NONE', *, *, #4264, .F. ) ;
#6472 = ORIENTED_EDGE ( 'NONE', *, *, #328, .T. ) ;
#6473 = AXIS2_PLACEMENT_3D ( 'NONE', #193, #4383, #261 ) ;
#6474 = ORIENTED_EDGE ( 'NONE', *, *, #6121, .F. ) ;
#6475 = CYLINDRICAL_SURFACE ( 'NONE', #595, 0.1250000000000001110 ) ;
#6476 = DIRECTION ( 'NONE',  ( 0.000000000000000000, -1.000000000000000000, 0.000000000000000000 ) ) ;
#6477 = AXIS2_PLACEMENT_3D ( 'NONE', #5662, #3041, #6205 ) ;
#6478 = DIRECTION ( 'NONE',  ( 1.000000000000000000, -0.000000000000000000, 0.000000000000000000 ) ) ;
#6479 = ORIENTED_EDGE ( 'NONE', *, *, #6074, .T. ) ;
#6480 = ADVANCED_FACE ( 'NONE', ( #1409, #3025, #410, #4083, #6187, #2510 ), #3535, .F. ) ;
#6481 = EDGE_LOOP ( 'NONE', ( #111, #1948, #5482, #4138 ) ) ;
#6482 = CIRCLE ( 'NONE', #6041, 0.9999999999999995559 ) ;
#6483 = ORIENTED_EDGE ( 'NONE', *, *, #6223, .F. ) ;
#6484 = CARTESIAN_POINT ( 'NONE',  ( 8.740000000000001990, -1.166666666666666519, 2.500000000000000000 ) ) ;
#6485 = AXIS2_PLACEMENT_3D ( 'NONE', #832, #2931, #4338 ) ;
#6486 = FACE_OUTER_BOUND ( 'NONE', #5233, .T. ) ;
#6487 = CARTESIAN_POINT ( 'NONE',  ( 2.218035122561218042, -1.877225212084594475, 0.000000000000000000 ) ) ;
#6488 = DIRECTION ( 'NONE',  ( 1.000000000000000000, 0.000000000000000000, 0.000000000000000000 ) ) ;
#6489 = ORIENTED_EDGE ( 'NONE', *, *, #669, .T. ) ;
#6490 = CARTESIAN_POINT ( 'NONE',  ( -3.067879291100030770, -0.3400015541606994374, -0.007045904514871997870 ) ) ;
#6491 = DIRECTION ( 'NONE',  ( 1.000000000000000000, 0.000000000000000000, 0.000000000000000000 ) ) ;
#6492 = CARTESIAN_POINT ( 'NONE',  ( 8.740000000000001990, -1.166666666666666519, 2.500000000000000000 ) ) ;
#6493 = CARTESIAN_POINT ( 'NONE',  ( 8.366432773872297446, -2.238428080211328997, 1.875000000000000222 ) ) ;
#6494 = CARTESIAN_POINT ( 'NONE',  ( -7.421912424450185952, -2.414133027796881770, 1.978835104600388695 ) ) ;
#6495 = ORIENTED_EDGE ( 'NONE', *, *, #1768, .T. ) ;
#6496 = DIRECTION ( 'NONE',  ( 1.000000000000000000, -8.673617379884035472E-16, 0.000000000000000000 ) ) ;
#6497 = DIRECTION ( 'NONE',  ( 0.000000000000000000, -0.000000000000000000, -1.000000000000000000 ) ) ;
#6498 = LINE ( 'NONE', #6055, #1939 ) ;
#6499 = CARTESIAN_POINT ( 'NONE',  ( 3.958060731020411731E-16, -2.281666666666664955, 2.500000000000000000 ) ) ;
#6500 = ORIENTED_EDGE ( 'NONE', *, *, #5248, .F. ) ;
#6501 = EDGE_CURVE ( 'NONE', #4280, #470, #694, .T. ) ;
#6502 = ORIENTED_EDGE ( 'NONE', *, *, #1154, .F. ) ;
#6503 = VERTEX_POINT ( 'NONE', #5098 ) ;
#6504 = ORIENTED_EDGE ( 'NONE', *, *, #4093, .T. ) ;
#6505 = DIRECTION ( 'NONE',  ( 0.2741088589585974900, 0.9616986708114011462, -0.000000000000000000 ) ) ;
#6506 = EDGE_CURVE ( 'NONE', #3191, #5287, #4989, .T. ) ;
#6507 = LINE ( 'NONE', #115, #4434 ) ;
#6508 = DIRECTION ( 'NONE',  ( 1.000000000000000000, 0.000000000000000000, 0.000000000000000000 ) ) ;
#6509 = CARTESIAN_POINT ( 'NONE',  ( 5.054137076900224734, 1.270833333333334147, 0.06250000000000000000 ) ) ;
#6510 = CARTESIAN_POINT ( 'NONE',  ( -0.5996879853991810005, 1.726333940111183685, 2.500000000000000000 ) ) ;
#6511 = ORIENTED_EDGE ( 'NONE', *, *, #6182, .F. ) ;
#6512 = ORIENTED_EDGE ( 'NONE', *, *, #6172, .F. ) ;
#6513 = ORIENTED_EDGE ( 'NONE', *, *, #1561, .F. ) ;
#6514 = CARTESIAN_POINT ( 'NONE',  ( 9.500000000000001776, -1.166666666666666519, 2.375000000000000000 ) ) ;
#6515 = DIRECTION ( 'NONE',  ( -1.000000000000000000, 0.000000000000000000, 0.000000000000000000 ) ) ;
#6516 = CARTESIAN_POINT ( 'NONE',  ( -7.466666666666665897, -2.285591201756871804, 1.849999999999999645 ) ) ;
#6517 = DIRECTION ( 'NONE',  ( -1.387778780781445922E-16, -0.000000000000000000, -1.000000000000000000 ) ) ;
#6518 = EDGE_CURVE ( 'NONE', #5580, #3734, #5583, .T. ) ;
#6519 = EDGE_CURVE ( 'NONE', #6337, #2447, #1689, .T. ) ;
#6520 = CARTESIAN_POINT ( 'NONE',  ( 8.740000000000001990, -1.166666666666666519, 2.375000000000000000 ) ) ;
#6521 = EDGE_CURVE ( 'NONE', #6642, #5543, #6522, .T. ) ;
#6522 = CIRCLE ( 'NONE', #3549, 1.125000000000000000 ) ;
#6523 = CARTESIAN_POINT ( 'NONE',  ( -8.739999999999998437, -1.666666666666666297, 2.000000000000000444 ) ) ;
#6524 = FACE_OUTER_BOUND ( 'NONE', #6541, .T. ) ;
#6525 = DIRECTION ( 'NONE',  ( -0.000000000000000000, -0.000000000000000000, -1.000000000000000000 ) ) ;
#6526 = CARTESIAN_POINT ( 'NONE',  ( -4.905087559109038153, -1.095486795418325832, 0.06250000000000000000 ) ) ;
#6527 = AXIS2_PLACEMENT_3D ( 'NONE', #1396, #5597, #904 ) ;
#6528 = ORIENTED_EDGE ( 'NONE', *, *, #1681, .F. ) ;
#6529 = CIRCLE ( 'NONE', #5209, 0.1250000000000000833 ) ;
#6530 = DIRECTION ( 'NONE',  ( -0.000000000000000000, 0.000000000000000000, 1.000000000000000000 ) ) ;
#6531 = COLOUR_RGB ( '',0.7921568627450980005, 0.8196078431372548767, 0.9333333333333333481 ) ;
#6532 = VECTOR ( 'NONE', #1366, 100.0000000000000000 ) ;
#6533 = DIRECTION ( 'NONE',  ( -0.000000000000000000, -1.000000000000000000, -0.000000000000000000 ) ) ;
#6534 = DIRECTION ( 'NONE',  ( 1.000000000000000000, 0.000000000000000000, 0.000000000000000000 ) ) ;
#6535 = AXIS2_PLACEMENT_3D ( 'NONE', #3634, #3221, #2101 ) ;
#6536 = CARTESIAN_POINT ( 'NONE',  ( 7.034359763170812130, 0.7752571291436968215, 0.9701708366571522024 ) ) ;
#6537 = ORIENTED_EDGE ( 'NONE', *, *, #1798, .T. ) ;
#6538 = ORIENTED_EDGE ( 'NONE', *, *, #4279, .F. ) ;
#6539 = VECTOR ( 'NONE', #1115, 100.0000000000000000 ) ;
#6540 = CIRCLE ( 'NONE', #3793, 1.000000000000000000 ) ;
#6541 = EDGE_LOOP ( 'NONE', ( #2990, #1576, #2876, #6199 ) ) ;
#6542 = CARTESIAN_POINT ( 'NONE',  ( 0.2679343889853183502, -0.7746647813404545779, 2.500000000000000000 ) ) ;
#6543 = EDGE_CURVE ( 'NONE', #6424, #5082, #2856, .T. ) ;
#6544 = DIRECTION ( 'NONE',  ( 0.000000000000000000, 1.000000000000000000, 0.000000000000000000 ) ) ;
#6545 = DIRECTION ( 'NONE',  ( 0.5999999999999999778, 0.000000000000000000, -0.8000000000000000444 ) ) ;
#6546 = DIRECTION ( 'NONE',  ( 1.000000000000000000, 0.000000000000000000, 0.000000000000000000 ) ) ;
#6547 = ADVANCED_FACE ( 'NONE', ( #3436 ), #3876, .T. ) ;
#6548 = ORIENTED_EDGE ( 'NONE', *, *, #1377, .F. ) ;
#6549 = AXIS2_PLACEMENT_3D ( 'NONE', #2698, #5387, #4831 ) ;
#6550 = ORIENTED_EDGE ( 'NONE', *, *, #791, .T. ) ;
#6551 = ORIENTED_EDGE ( 'NONE', *, *, #5830, .F. ) ;
#6552 = DIRECTION ( 'NONE',  ( -0.000000000000000000, 0.000000000000000000, 1.000000000000000000 ) ) ;
#6553 = TOROIDAL_SURFACE ( 'NONE', #3038, 0.7599999999999995648, 0.1250000000000000000 ) ;
#6554 = PRODUCT_DEFINITION_FORMATION_WITH_SPECIFIED_SOURCE ( 'ANY', '', #3762, .NOT_KNOWN. ) ;
#6555 = FACE_OUTER_BOUND ( 'NONE', #1266, .T. ) ;
#6556 = DIRECTION ( 'NONE',  ( 0.000000000000000000, -0.000000000000000000, -1.000000000000000000 ) ) ;
#6557 = LINE ( 'NONE', #6040, #3828 ) ;
#6558 = CIRCLE ( 'NONE', #300, 0.1249999999999999861 ) ;
#6559 = EDGE_CURVE ( 'NONE', #3050, #77, #3117, .T. ) ;
#6560 = ADVANCED_FACE ( 'NONE', ( #4025 ), #4960, .T. ) ;
#6561 = EDGE_LOOP ( 'NONE', ( #6390, #2283, #549, #6537 ) ) ;
#6562 = FACE_OUTER_BOUND ( 'NONE', #2211, .T. ) ;
#6563 =( BOUNDED_SURFACE ( )  B_SPLINE_SURFACE ( 3, 2, ( 
 ( #6568, #4494, #811 ),
 ( #2438, #1292, #1327 ),
 ( #4531, #747, #236 ),
 ( #1779, #6115, #6494 ),
 ( #6632, #5529, #4007 ),
 ( #2913, #1922, #5020 ) ),
 .UNSPECIFIED., .F., .F., .F. ) 
 B_SPLINE_SURFACE_WITH_KNOTS ( ( 4, 2, 4 ),
 ( 3, 3 ),
 ( -1.084202172485504434E-19, 0.0008090171405853475994, 0.001618034281170695416 ),
 ( 0.000000000000000000, 1.000000000000000000 ),
 .UNSPECIFIED. ) 
 GEOMETRIC_REPRESENTATION_ITEM ( )  RATIONAL_B_SPLINE_SURFACE ( (
 ( 1.000000000000000000, 0.7071067811865475727, 1.000000000000000000),
 ( 1.000000000000000000, 0.6989164993393967018, 1.000000000000000000),
 ( 1.000000000000000000, 0.6934513497297363216, 1.000000000000000000),
 ( 1.000000000000000000, 0.6877197061804696254, 1.000000000000000000),
 ( 1.000000000000000000, 0.6875876514649955640, 1.000000000000000000),
 ( 1.000000000000000000, 0.6891758988139835562, 1.000000000000000000) ) ) 
 REPRESENTATION_ITEM ( '' )  SURFACE ( )  );
#6564 = EDGE_CURVE ( 'NONE', #307, #3616, #6745, .T. ) ;
#6565 = DIRECTION ( 'NONE',  ( 0.2741088589585974344, 0.9616986708114011462, -0.000000000000000000 ) ) ;
#6566 = CARTESIAN_POINT ( 'NONE',  ( 0.2292427418633152247, -0.9132550006756403604, 0.1250000000000001110 ) ) ;
#6567 = DIRECTION ( 'NONE',  ( -1.000000000000000000, 0.000000000000000000, 2.753529326947312927E-16 ) ) ;
#6568 = CARTESIAN_POINT ( 'NONE',  ( -7.541666666666666075, -2.308420772084295081, 1.874999999999999556 ) ) ;
#6569 = EDGE_CURVE ( 'NONE', #4110, #971, #4177, .T. ) ;
#6570 = EDGE_CURVE ( 'NONE', #4933, #59, #264, .T. ) ;
#6571 = ORIENTED_EDGE ( 'NONE', *, *, #6213, .F. ) ;
#6572 = LINE ( 'NONE', #1259, #3347 ) ;
#6573 = AXIS2_PLACEMENT_3D ( 'NONE', #345, #3054, #889 ) ;
#6574 = CARTESIAN_POINT ( 'NONE',  ( 7.000000000000001776, 0.7908868947070790689, 1.062499999999999778 ) ) ;
#6575 = CIRCLE ( 'NONE', #637, 0.1250000000000001110 ) ;
#6576 = VERTEX_POINT ( 'NONE', #2417 ) ;
#6577 = EDGE_LOOP ( 'NONE', ( #262, #4445, #2569, #3571 ) ) ;
#6578 = VERTEX_POINT ( 'NONE', #1338 ) ;
#6579 = AXIS2_PLACEMENT_3D ( 'NONE', #6234, #3541, #1945 ) ;
#6580 = DIRECTION ( 'NONE',  ( 1.000000000000000000, 0.000000000000000000, 0.000000000000000000 ) ) ;
#6581 = LINE ( 'NONE', #352, #2909 ) ;
#6582 = CYLINDRICAL_SURFACE ( 'NONE', #438, 0.9999999999999995559 ) ;
#6583 = CARTESIAN_POINT ( 'NONE',  ( -8.739999999999998437, -0.4066666666666663987, 2.500000000000000000 ) ) ;
#6584 = LINE ( 'NONE', #6651, #5111 ) ;
#6585 = DIRECTION ( 'NONE',  ( 1.000000000000000000, 0.000000000000000000, -1.376764663473656463E-16 ) ) ;
#6586 = ORIENTED_EDGE ( 'NONE', *, *, #6383, .F. ) ;
#6587 = EDGE_CURVE ( 'NONE', #5702, #3299, #4429, .T. ) ;
#6588 = AXIS2_PLACEMENT_3D ( 'NONE', #3731, #1607, #3695 ) ;
#6589 = ORIENTED_EDGE ( 'NONE', *, *, #45, .T. ) ;
#6590 = EDGE_LOOP ( 'NONE', ( #2123, #5998, #582, #3631, #772, #3370, #4813, #2491, #1329, #571 ) ) ;
#6591 = AXIS2_PLACEMENT_3D ( 'NONE', #467, #3495, #6669 ) ;
#6592 = DIRECTION ( 'NONE',  ( -0.000000000000000000, 0.000000000000000000, 1.000000000000000000 ) ) ;
#6593 = DIRECTION ( 'NONE',  ( 0.000000000000000000, -0.000000000000000000, -1.000000000000000000 ) ) ;
#6594 = CARTESIAN_POINT ( 'NONE',  ( 7.999665410412171163, 0.3361533760589249797, 0.5732233047033633566 ) ) ;
#6595 = EDGE_CURVE ( 'NONE', #2866, #2781, #4546, .T. ) ;
#6596 = AXIS2_PLACEMENT_3D ( 'NONE', #1385, #3539, #2545 ) ;
#6597 = ORIENTED_EDGE ( 'NONE', *, *, #118, .F. ) ;
#6598 = DIRECTION ( 'NONE',  ( 1.000000000000000000, 0.000000000000000000, 0.000000000000000000 ) ) ;
#6599 = ADVANCED_FACE ( 'NONE', ( #895 ), #5422, .T. ) ;
#6600 = CARTESIAN_POINT ( 'NONE',  ( 7.999665410412173827, 0.3361533760589240916, 2.500000000000000000 ) ) ;
#6601 = DIRECTION ( 'NONE',  ( 0.5999999999999999778, 0.000000000000000000, -0.8000000000000000444 ) ) ;
#6602 = AXIS2_PLACEMENT_3D ( 'NONE', #2270, #241, #5433 ) ;
#6603 = CARTESIAN_POINT ( 'NONE',  ( 8.740000000000001990, -1.166666666666666519, 0.5000000000000004441 ) ) ;
#6604 = CARTESIAN_POINT ( 'NONE',  ( -4.905087559109038153, -1.095486795418325832, -0.007045904514871997870 ) ) ;
#6605 = EDGE_CURVE ( 'NONE', #4280, #6372, #4542, .T. ) ;
#6606 = VERTEX_POINT ( 'NONE', #6124 ) ;
#6607 =( BOUNDED_CURVE ( )  B_SPLINE_CURVE ( 3, ( #5481, #769, #4997, #5958 ),
 .UNSPECIFIED., .F., .F. ) 
 B_SPLINE_CURVE_WITH_KNOTS ( ( 4, 4 ),
 ( 4.068887871591405414, 4.712388980384688786 ),
 .UNSPECIFIED. ) 
 CURVE ( )  GEOMETRIC_REPRESENTATION_ITEM ( )  RATIONAL_B_SPLINE_CURVE ( ( 1.000000000000000000, 0.9657888653670092527, 0.9657888653670092527, 1.000000000000000000 ) ) 
 REPRESENTATION_ITEM ( '' )  );
#6608 = CARTESIAN_POINT ( 'NONE',  ( 4.484645310706724786, -2.178604876567602489, 0.1250000000000001110 ) ) ;
#6609 = DIRECTION ( 'NONE',  ( 1.000000000000000000, -0.000000000000000000, 0.000000000000000000 ) ) ;
#6610 = DIRECTION ( 'NONE',  ( 1.000000000000000000, 0.000000000000000000, 0.000000000000000000 ) ) ;
#6611 = CARTESIAN_POINT ( 'NONE',  ( 6.935871528757740379, 0.8200580204355328862, 0.9852548526177984378 ) ) ;
#6612 = ORIENTED_EDGE ( 'NONE', *, *, #2984, .F. ) ;
#6613 = ORIENTED_EDGE ( 'NONE', *, *, #3194, .T. ) ;
#6614 = ORIENTED_EDGE ( 'NONE', *, *, #6102, .F. ) ;
#6615 = DIRECTION ( 'NONE',  ( -0.9616986708114019233, 0.2741088589585953805, 0.000000000000000000 ) ) ;
#6616 = CARTESIAN_POINT ( 'NONE',  ( -5.025299892960463310, -1.061223188048501465, 0.000000000000000000 ) ) ;
#6617 = DIRECTION ( 'NONE',  ( 0.3312307420122453383, -0.9435497843495156411, 0.000000000000000000 ) ) ;
#6618 = CARTESIAN_POINT ( 'NONE',  ( 9.500000000000001776, -1.166666666666666519, 2.000000000000000444 ) ) ;
#6619 = CARTESIAN_POINT ( 'NONE',  ( -6.908742675414803358, -0.4066666666666662877, 0.1250000000000001110 ) ) ;
#6620 = ORIENTED_EDGE ( 'NONE', *, *, #1631, .F. ) ;
#6621 = ORIENTED_EDGE ( 'NONE', *, *, #5363, .F. ) ;
#6622 = VERTEX_POINT ( 'NONE', #1415 ) ;
#6623 = CARTESIAN_POINT ( 'NONE',  ( 6.933858235007964055, -1.871473372069715868, 1.637500000000000178 ) ) ;
#6624 = CYLINDRICAL_SURFACE ( 'NONE', #6527, 0.1250000000000000000 ) ;
#6625 = CARTESIAN_POINT ( 'NONE',  ( 4.991637076900224734, 1.083333333333334147, 2.437500000000000000 ) ) ;
#6626 = ORIENTED_EDGE ( 'NONE', *, *, #1683, .F. ) ;
#6627 = DIRECTION ( 'NONE',  ( -0.2588190451025212391, -0.9659258262890682012, 0.000000000000000000 ) ) ;
#6628 = EDGE_CURVE ( 'NONE', #778, #3734, #2459, .T. ) ;
#6629 = CARTESIAN_POINT ( 'NONE',  ( 8.325291008880260080, -2.356463478178802529, 0.1250000000000001110 ) ) ;
#6630 = DIRECTION ( 'NONE',  ( 1.000000000000000000, 0.000000000000000000, 0.000000000000000000 ) ) ;
#6631 = DIRECTION ( 'NONE',  ( 0.5999999999999999778, 0.000000000000000000, 0.8000000000000000444 ) ) ;
#6632 = CARTESIAN_POINT ( 'NONE',  ( -7.477554863192207968, -2.287414918144634157, 1.858166147394157974 ) ) ;
#6633 = ORIENTED_EDGE ( 'NONE', *, *, #4012, .T. ) ;
#6634 = CARTESIAN_POINT ( 'NONE',  ( -0.1333629230997752102, 1.020833333333333925, 2.500000000000000000 ) ) ;
#6635 = CIRCLE ( 'NONE', #3339, 0.1249999999999999861 ) ;
#6636 = CARTESIAN_POINT ( 'NONE',  ( 7.443424118920733079, 0.5891795956947586399, 1.949999999999999289 ) ) ;
#6637 = DIRECTION ( 'NONE',  ( -1.000000000000000000, -0.000000000000000000, -0.000000000000000000 ) ) ;
#6638 = ORIENTED_EDGE ( 'NONE', *, *, #5081, .T. ) ;
#6639 = AXIS2_PLACEMENT_3D ( 'NONE', #4196, #975, #2597 ) ;
#6640 = AXIS2_PLACEMENT_3D ( 'NONE', #5434, #3297, #3711 ) ;
#6641 = AXIS2_PLACEMENT_3D ( 'NONE', #5827, #2756, #3144 ) ;
#6642 = VERTEX_POINT ( 'NONE', #763 ) ;
#6643 = EDGE_CURVE ( 'NONE', #2478, #19, #2352, .T. ) ;
#6644 = ORIENTED_EDGE ( 'NONE', *, *, #65, .F. ) ;
#6645 = CARTESIAN_POINT ( 'NONE',  ( -2.416666666666664742, -1.577423855031341970, 2.375000000000000000 ) ) ;
#6646 = AXIS2_PLACEMENT_3D ( 'NONE', #1645, #606, #4708 ) ;
#6647 = DIRECTION ( 'NONE',  ( 1.000000000000000000, 0.000000000000000000, 0.000000000000000000 ) ) ;
#6648 = CARTESIAN_POINT ( 'NONE',  ( -7.016871337707400791, -0.4066666666666660657, 1.500215168745792305 ) ) ;
#6649 = DIRECTION ( 'NONE',  ( 1.000000000000000000, 0.000000000000000000, 0.000000000000000000 ) ) ;
#6650 = EDGE_CURVE ( 'NONE', #539, #2674, #719, .T. ) ;
#6651 = CARTESIAN_POINT ( 'NONE',  ( -0.1333629230997752102, 1.020833333333333925, 2.500000000000000000 ) ) ;
#6652 = DIRECTION ( 'NONE',  ( 1.000000000000000000, 0.000000000000000000, 0.000000000000000000 ) ) ;
#6653 = ORIENTED_EDGE ( 'NONE', *, *, #6207, .F. ) ;
#6654 = EDGE_CURVE ( 'NONE', #6606, #1070, #3764, .T. ) ;
#6655 = AXIS2_PLACEMENT_3D ( 'NONE', #1855, #3362, #3808 ) ;
#6656 = AXIS2_PLACEMENT_3D ( 'NONE', #1535, #4199, #3728 ) ;
#6657 = EDGE_LOOP ( 'NONE', ( #2003, #3007, #1780, #445 ) ) ;
#6658 = EDGE_LOOP ( 'NONE', ( #4587, #1129, #3550, #1014 ) ) ;
#6659 = CIRCLE ( 'NONE', #3680, 1.000000000000000222 ) ;
#6660 = LINE ( 'NONE', #3001, #2032 ) ;
#6661 = VECTOR ( 'NONE', #1911, 100.0000000000000000 ) ;
#6662 = CIRCLE ( 'NONE', #3245, 0.06250000000000005551 ) ;
#6663 = CARTESIAN_POINT ( 'NONE',  ( 6.926757452254066472, 0.8242038836759504328, 1.517678728295464019 ) ) ;
#6664 = CARTESIAN_POINT ( 'NONE',  ( 0.2315408876510613723, -0.7838001772875875517, 0.000000000000000000 ) ) ;
#6665 = TOROIDAL_SURFACE ( 'NONE', #398, 0.7599999999999995648, 0.1250000000000000000 ) ;
#6666 = EDGE_LOOP ( 'NONE', ( #5188, #3327, #87, #1441, #3582 ) ) ;
#6667 = CARTESIAN_POINT ( 'NONE',  ( -2.448120160788923361, -1.585319224044852371, 2.375000000000000000 ) ) ;
#6668 = DIRECTION ( 'NONE',  ( -0.7517689932648525808, 0.3419689787775667678, -0.5638267449486392691 ) ) ;
#6669 = DIRECTION ( 'NONE',  ( 0.6000000000000003109, 0.000000000000000000, -0.7999999999999997113 ) ) ;
#6670 = VECTOR ( 'NONE', #3169, 100.0000000000000142 ) ;
#6671 = DIRECTION ( 'NONE',  ( 0.000000000000000000, 0.000000000000000000, -1.000000000000000000 ) ) ;
#6672 = CARTESIAN_POINT ( 'NONE',  ( 7.054268515210651458, 0.7662009221643306667, 1.546987419901906913 ) ) ;
#6673 = EDGE_CURVE ( 'NONE', #5630, #2323, #6193, .T. ) ;
#6674 = ORIENTED_EDGE ( 'NONE', *, *, #2100, .T. ) ;
#6675 = LINE ( 'NONE', #2409, #5986 ) ;
#6676 = EDGE_CURVE ( 'NONE', #2851, #3587, #3351, .T. ) ;
#6677 = CARTESIAN_POINT ( 'NONE',  ( 7.000000000000001776, 0.7104226631860638408, 1.477589364147732010 ) ) ;
#6678 = DIRECTION ( 'NONE',  ( 0.8000000000000003775, 1.387778780781446415E-16, -0.5999999999999996447 ) ) ;
#6679 = CARTESIAN_POINT ( 'NONE',  ( -5.600323486782388116, -2.376576575854366880, 2.375000000000000000 ) ) ;
#6680 = ORIENTED_EDGE ( 'NONE', *, *, #407, .F. ) ;
#6681 = CIRCLE ( 'NONE', #3702, 1.500000000000000000 ) ;
#6682 = EDGE_CURVE ( 'NONE', #685, #2002, #4656, .T. ) ;
#6683 = EDGE_LOOP ( 'NONE', ( #1632, #785 ) ) ;
#6684 = EDGE_CURVE ( 'NONE', #5242, #4956, #4986, .T. ) ;
#6685 = LINE ( 'NONE', #3131, #5867 ) ;
#6686 = VECTOR ( 'NONE', #437, 100.0000000000000000 ) ;
#6687 = EDGE_CURVE ( 'NONE', #1120, #987, #5269, .T. ) ;
#6688 = CARTESIAN_POINT ( 'NONE',  ( -4.883831506197743089, -0.8893072578837212250, 0.06250000000000000000 ) ) ;
#6689 = CARTESIAN_POINT ( 'NONE',  ( 4.174901165517512618E-16, -2.406666666666664955, 2.375000000000000000 ) ) ;
#6690 = SURFACE_SIDE_STYLE ('',( #355 ) ) ;
#6691 = DIRECTION ( 'NONE',  ( 1.000000000000000000, 0.000000000000000000, 0.000000000000000000 ) ) ;
#6692 = ORIENTED_EDGE ( 'NONE', *, *, #113, .F. ) ;
#6693 = ORIENTED_EDGE ( 'NONE', *, *, #4838, .T. ) ;
#6694 = CIRCLE ( 'NONE', #416, 0.1250000000000000278 ) ;
#6695 = EDGE_LOOP ( 'NONE', ( #2193, #5844, #1492, #1069, #6354 ) ) ;
#6696 = EDGE_CURVE ( 'NONE', #4132, #5836, #6685, .T. ) ;
#6697 = DIRECTION ( 'NONE',  ( 0.000000000000000000, 0.000000000000000000, 1.000000000000000000 ) ) ;
#6698 = CARTESIAN_POINT ( 'NONE',  ( -5.843787586927575717, -2.406666666666665844, 0.1250000000000001110 ) ) ;
#6699 = DIRECTION ( 'NONE',  ( 1.000000000000000000, 0.000000000000000000, 0.000000000000000000 ) ) ;
#6700 = VERTEX_POINT ( 'NONE', #7 ) ;
#6701 = DIRECTION ( 'NONE',  ( -0.000000000000000000, 0.000000000000000000, 1.000000000000000000 ) ) ;
#6702 = CIRCLE ( 'NONE', #3391, 0.1250000000000000833 ) ;
#6703 = FACE_OUTER_BOUND ( 'NONE', #1724, .T. ) ;
#6704 = DIRECTION ( 'NONE',  ( -1.000000000000000000, 0.000000000000000000, 0.000000000000000000 ) ) ;
#6705 = VECTOR ( 'NONE', #712, 100.0000000000000000 ) ;
#6706 = CARTESIAN_POINT ( 'NONE',  ( 0.1988097293451667746, -0.7920162620271777865, 2.375000000000000000 ) ) ;
#6707 = CARTESIAN_POINT ( 'NONE',  ( 7.034533607551630041, 0.6790049734070795484, 1.525900205663720755 ) ) ;
#6708 = CIRCLE ( 'NONE', #6477, 0.1250000000000001110 ) ;
#6709 = ORIENTED_EDGE ( 'NONE', *, *, #2355, .F. ) ;
#6710 = CARTESIAN_POINT ( 'NONE',  ( -7.297779489814402609, -2.281666666666666288, 2.500000000000000000 ) ) ;
#6711 = DIRECTION ( 'NONE',  ( 1.000000000000000000, 0.000000000000000000, -1.040834085586084503E-16 ) ) ;
#6712 = CARTESIAN_POINT ( 'NONE',  ( 10.00000000000000178, -1.166666666666666519, 2.375000000000000000 ) ) ;
#6713 = DIRECTION ( 'NONE',  ( 1.000000000000000000, 0.000000000000000000, 0.000000000000000000 ) ) ;
#6714 = VERTEX_POINT ( 'NONE', #4126 ) ;
#6715 = ORIENTED_EDGE ( 'NONE', *, *, #1053, .T. ) ;
#6716 = DIRECTION ( 'NONE',  ( 0.2741088589585953805, 0.9616986708114018123, 3.739696469800536964E-16 ) ) ;
#6717 = EDGE_CURVE ( 'NONE', #4693, #4497, #5745, .T. ) ;
#6718 = CARTESIAN_POINT ( 'NONE',  ( 7.477391127731918274, 0.4656415668466268865, 0.6419566542010629595 ) ) ;
#6719 = DIRECTION ( 'NONE',  ( 1.000000000000000000, 0.000000000000000000, 0.000000000000000000 ) ) ;
#6720 = FACE_OUTER_BOUND ( 'NONE', #1301, .T. ) ;
#6721 = ORIENTED_EDGE ( 'NONE', *, *, #6082, .T. ) ;
#6722 = ORIENTED_EDGE ( 'NONE', *, *, #4838, .F. ) ;
#6723 = EDGE_CURVE ( 'NONE', #987, #5952, #1023, .T. ) ;
#6724 = ORIENTED_EDGE ( 'NONE', *, *, #2682, .F. ) ;
#6725 = FACE_BOUND ( 'NONE', #5595, .T. ) ;
#6726 = DIRECTION ( 'NONE',  ( 1.000000000000000000, 0.000000000000000000, 0.000000000000000000 ) ) ;
#6727 = DIRECTION ( 'NONE',  ( -0.9102497639190945122, 0.4140596180325160081, -0.000000000000000000 ) ) ;
#6728 = ORIENTED_EDGE ( 'NONE', *, *, #6058, .F. ) ;
#6729 = CYLINDRICAL_SURFACE ( 'NONE', #3028, 0.6349999999999994538 ) ;
#6730 = EDGE_CURVE ( 'NONE', #3824, #2718, #1581, .T. ) ;
#6731 = CYLINDRICAL_SURFACE ( 'NONE', #4886, 0.1250000000000000000 ) ;
#6732 = CARTESIAN_POINT ( 'NONE',  ( -7.935930158038118520, -2.636755162241886996, 2.500000000000000000 ) ) ;
#6733 = CYLINDRICAL_SURFACE ( 'NONE', #6801, 0.06249999999999995143 ) ;
#6734 = DIRECTION ( 'NONE',  ( 1.000000000000000000, 0.000000000000000000, 0.000000000000000000 ) ) ;
#6735 = ORIENTED_EDGE ( 'NONE', *, *, #5321, .F. ) ;
#6736 = ADVANCED_FACE ( 'NONE', ( #961 ), #5170, .T. ) ;
#6737 = EDGE_CURVE ( 'NONE', #2524, #2238, #4056, .T. ) ;
#6738 = ORIENTED_EDGE ( 'NONE', *, *, #2667, .F. ) ;
#6739 = ADVANCED_FACE ( 'NONE', ( #927 ), #2483, .T. ) ;
#6740 = EDGE_LOOP ( 'NONE', ( #1876, #5736, #79, #471 ) ) ;
#6741 = CARTESIAN_POINT ( 'NONE',  ( 4.440067050175719565, -2.160425425626706808, 0.02510042615441782782 ) ) ;
#6742 = DIRECTION ( 'NONE',  ( 0.000000000000000000, -0.000000000000000000, -1.000000000000000000 ) ) ;
#6743 = CARTESIAN_POINT ( 'NONE',  ( -7.541666666666666075, -2.308420772084295081, 0.5000000000000002220 ) ) ;
#6744 = ORIENTED_EDGE ( 'NONE', *, *, #997, .F. ) ;
#6745 = CIRCLE ( 'NONE', #3659, 0.06250000000000005551 ) ;
#6746 = ORIENTED_EDGE ( 'NONE', *, *, #4578, .T. ) ;
#6747 = DIRECTION ( 'NONE',  ( 0.3291341199363027048, 0.9442831837397906991, 0.000000000000000000 ) ) ;
#6748 = DIRECTION ( 'NONE',  ( -0.9442831837397906991, 0.3291341199363030934, 0.000000000000000000 ) ) ;
#6749 = CARTESIAN_POINT ( 'NONE',  ( 7.541666666666668739, 0.4071655174038795733, 0.6250000000000000000 ) ) ;
#6750 = VECTOR ( 'NONE', #6190, 100.0000000000000000 ) ;
#6751 = DIRECTION ( 'NONE',  ( 1.040834085586084503E-16, 0.000000000000000000, 1.000000000000000000 ) ) ;
#6752 = DIRECTION ( 'NONE',  ( -1.000000000000000000, 0.000000000000000000, 1.387778780781445922E-16 ) ) ;
#6753 = ORIENTED_EDGE ( 'NONE', *, *, #3595, .T. ) ;
#6754 = ORIENTED_EDGE ( 'NONE', *, *, #2399, .F. ) ;
#6755 = CIRCLE ( 'NONE', #3774, 0.1250000000000001110 ) ;
#6756 = ADVANCED_FACE ( 'NONE', ( #5944 ), #1284, .T. ) ;
#6757 = CIRCLE ( 'NONE', #6305, 0.06250000000000005551 ) ;
#6758 = VERTEX_POINT ( 'NONE', #5882 ) ;
#6759 = EDGE_CURVE ( 'NONE', #2432, #5952, #6635, .T. ) ;
#6760 = DIRECTION ( 'NONE',  ( -0.000000000000000000, 0.000000000000000000, 1.000000000000000000 ) ) ;
#6761 = DIRECTION ( 'NONE',  ( -0.2588190451025207950, -0.9659258262890683122, 0.000000000000000000 ) ) ;
#6762 = AXIS2_PLACEMENT_3D ( 'NONE', #209, #5982, #2208 ) ;
#6763 = VECTOR ( 'NONE', #2375, 100.0000000000000000 ) ;
#6764 = ORIENTED_EDGE ( 'NONE', *, *, #1111, .F. ) ;
#6765 = FACE_OUTER_BOUND ( 'NONE', #3658, .T. ) ;
#6766 = AXIS2_PLACEMENT_3D ( 'NONE', #2063, #5226, #5804 ) ;
#6767 = AXIS2_PLACEMENT_3D ( 'NONE', #505, #6312, #3626 ) ;
#6768 = TOROIDAL_SURFACE ( 'NONE', #700, 0.1250000000000000000, 0.06250000000000000000 ) ;
#6769 = DIRECTION ( 'NONE',  ( -0.000000000000000000, 0.000000000000000000, 1.000000000000000000 ) ) ;
#6770 = CARTESIAN_POINT ( 'NONE',  ( -0.4100480760507114186, 1.659883247088350000, 0.000000000000000000 ) ) ;
#6771 = DIRECTION ( 'NONE',  ( 0.000000000000000000, -0.000000000000000000, -1.000000000000000000 ) ) ;
#6772 = ORIENTED_EDGE ( 'NONE', *, *, #906, .F. ) ;
#6773 = ADVANCED_FACE ( 'NONE', ( #4876 ), #4254, .T. ) ;
#6774 = VECTOR ( 'NONE', #3247, 100.0000000000000000 ) ;
#6775 = ORIENTED_EDGE ( 'NONE', *, *, #3773, .T. ) ;
#6776 = EDGE_LOOP ( 'NONE', ( #3037, #2239, #4431, #6068 ) ) ;
#6777 = CARTESIAN_POINT ( 'NONE',  ( 8.105000000000002203, -1.166666666666666519, 2.375000000000000000 ) ) ;
#6778 = CIRCLE ( 'NONE', #4235, 0.06250000000000023592 ) ;
#6779 = EDGE_CURVE ( 'NONE', #1755, #1642, #1484, .T. ) ;
#6780 = DIRECTION ( 'NONE',  ( 1.000000000000000000, 0.000000000000000000, 0.000000000000000000 ) ) ;
#6781 = DIRECTION ( 'NONE',  ( -0.9699099091877008139, -0.2434641001451877396, 0.000000000000000000 ) ) ;
#6782 = EDGE_CURVE ( 'NONE', #2324, #647, #2906, .T. ) ;
#6783 = CARTESIAN_POINT ( 'NONE',  ( -3.171783133851561409, -0.2220578311170099683, 0.06250000000000000000 ) ) ;
#6784 = VERTEX_POINT ( 'NONE', #3839 ) ;
#6785 = AXIS2_PLACEMENT_3D ( 'NONE', #618, #72, #5885 ) ;
#6786 = LINE ( 'NONE', #5331, #4002 ) ;
#6787 = CARTESIAN_POINT ( 'NONE',  ( -7.353481077797175303, -2.407830843202979576, 0.5734171677788200139 ) ) ;
#6788 =( BOUNDED_CURVE ( )  B_SPLINE_CURVE ( 3, ( #5350, #2348, #4405, #145 ),
 .UNSPECIFIED., .F., .F. ) 
 B_SPLINE_CURVE_WITH_KNOTS ( ( 4, 4 ),
 ( 4.068887871591405414, 4.712388980384689674 ),
 .UNSPECIFIED. ) 
 CURVE ( )  GEOMETRIC_REPRESENTATION_ITEM ( )  RATIONAL_B_SPLINE_CURVE ( ( 1.000000000000000000, 0.9657888653670091417, 0.9657888653670091417, 1.000000000000000000 ) ) 
 REPRESENTATION_ITEM ( '' )  );
#6789 = DIRECTION ( 'NONE',  ( 0.8325181863123948256, -0.5539977161136321326, 0.000000000000000000 ) ) ;
#6790 = CARTESIAN_POINT ( 'NONE',  ( -0.5586702589993455259, 1.608255381003324214, 2.375000000000000000 ) ) ;
#6791 = CARTESIAN_POINT ( 'NONE',  ( 7.000000000000001776, 0.7104226631860638408, 1.062500000000000000 ) ) ;
#6792 = DIRECTION ( 'NONE',  ( 0.000000000000000000, 0.000000000000000000, -1.000000000000000000 ) ) ;
#6793 = ORIENTED_EDGE ( 'NONE', *, *, #127, .T. ) ;
#6794 = EDGE_LOOP ( 'NONE', ( #6189, #5591, #4468, #4478 ) ) ;
#6795 = ORIENTED_EDGE ( 'NONE', *, *, #652, .F. ) ;
#6796 = VECTOR ( 'NONE', #443, 100.0000000000000000 ) ;
#6797 = DIRECTION ( 'NONE',  ( -1.000000000000000000, 0.000000000000000000, 0.000000000000000000 ) ) ;
#6798 = EDGE_CURVE ( 'NONE', #4094, #1661, #6309, .T. ) ;
#6799 = CARTESIAN_POINT ( 'NONE',  ( -2.502201325836940438, -1.486271114641242841, 0.1250000000000000000 ) ) ;
#6800 = FACE_OUTER_BOUND ( 'NONE', #2820, .T. ) ;
#6801 = AXIS2_PLACEMENT_3D ( 'NONE', #2181, #1138, #3823 ) ;
#6802 = ORIENTED_EDGE ( 'NONE', *, *, #4095, .T. ) ;
#6803 = DIRECTION ( 'NONE',  ( -1.000000000000000000, 0.000000000000000000, 1.387778780781445922E-16 ) ) ;
#6804 = AXIS2_PLACEMENT_3D ( 'NONE', #4970, #1279, #4414 ) ;
#6805 = CARTESIAN_POINT ( 'NONE',  ( 7.541666666666668739, 0.5634440353704417426, 1.875000000000000222 ) ) ;
#6806 = DIRECTION ( 'NONE',  ( -1.000000000000000000, 0.000000000000000000, -0.000000000000000000 ) ) ;
#6807 = ADVANCED_FACE ( 'NONE', ( #1163 ), #6364, .T. ) ;
#6808 = CARTESIAN_POINT ( 'NONE',  ( -7.297779489814402609, -3.406666666666666288, 1.875000000000000000 ) ) ;
#6809 = EDGE_LOOP ( 'NONE', ( #1854, #6548, #2351, #3417, #32 ) ) ;
#6810 = VECTOR ( 'NONE', #3388, 100.0000000000000000 ) ;
#6811 = ORIENTED_EDGE ( 'NONE', *, *, #3296, .F. ) ;
#6812 = VERTEX_POINT ( 'NONE', #3324 ) ;
#6813 = CARTESIAN_POINT ( 'NONE',  ( 7.050000000000002487, -2.926666666666667194, 0.9624999999999994671 ) ) ;
#6814 = EDGE_CURVE ( 'NONE', #2744, #2129, #3454, .T. ) ;
#6815 = DIRECTION ( 'NONE',  ( -0.000000000000000000, 0.000000000000000000, 1.000000000000000000 ) ) ;
#6816 = AXIS2_PLACEMENT_3D ( 'NONE', #2087, #6277, #1563 ) ;
ENDSEC;
END-ISO-10303-21;
