ISO-10303-21;
HEADER;
FILE_DESCRIPTION (( 'STEP AP214' ),
    '1' );
FILE_NAME ('angular push bar linkage.STEP',
    '2026-09-17T14:21:04',
    ( '' ),
    ( '' ),
    'SwSTEP 2.0',
    'SolidWorks 2025',
    '' );
FILE_SCHEMA (( 'AUTOMOTIVE_DESIGN' ));
ENDSEC;

DATA;
#1 = DIRECTION ( 'NONE',  ( -0.000000000000000000, 0.000000000000000000, 1.000000000000000000 ) ) ;
#2 = DIRECTION ( 'NONE',  ( -0.000000000000000000, -0.000000000000000000, -1.000000000000000000 ) ) ;
#3 = EDGE_LOOP ( 'NONE', ( #777, #828, #91, #1175 ) ) ;
#4 = DIRECTION ( 'NONE',  ( 1.000000000000000000, 0.000000000000000000, 0.000000000000000000 ) ) ;
#5 = ADVANCED_FACE ( 'NONE', ( #982 ), #1047, .T. ) ;
#6 = EDGE_LOOP ( 'NONE', ( #974, #465, #1140, #1277 ) ) ;
#7 = DIRECTION ( 'NONE',  ( 0.000000000000000000, -0.000000000000000000, -1.000000000000000000 ) ) ;
#8 = CIRCLE ( 'NONE', #705, 0.6350000000000001199 ) ;
#9 = DIRECTION ( 'NONE',  ( 0.000000000000000000, -0.000000000000000000, -1.000000000000000000 ) ) ;
#10 = DIRECTION ( 'NONE',  ( 0.000000000000000000, -1.000000000000000000, 0.000000000000000000 ) ) ;
#11 = AXIS2_PLACEMENT_3D ( 'NONE', #654, #184, #1449 ) ;
#12 = CIRCLE ( 'NONE', #84, 0.9999999999999995559 ) ;
#13 = ORIENTED_EDGE ( 'NONE', *, *, #479, .F. ) ;
#14 = DIRECTION ( 'NONE',  ( 0.000000000000000000, -0.000000000000000000, -1.000000000000000000 ) ) ;
#15 = TOROIDAL_SURFACE ( 'NONE', #181, 14.87500000000000178, 0.1250000000000000000 ) ;
#16 = ORIENTED_EDGE ( 'NONE', *, *, #285, .F. ) ;
#17 = AXIS2_PLACEMENT_3D ( 'NONE', #696, #1045, #1023 ) ;
#18 = AXIS2_PLACEMENT_3D ( 'NONE', #386, #627, #131 ) ;
#19 = ADVANCED_FACE ( 'NONE', ( #1228 ), #177, .T. ) ;
#20 = DIRECTION ( 'NONE',  ( -0.000000000000000000, 0.000000000000000000, 1.000000000000000000 ) ) ;
#21 = CARTESIAN_POINT ( 'NONE',  ( -6.682017705611692726, -3.953504948170606603, 0.1249999999999999445 ) ) ;
#22 = DIRECTION ( 'NONE',  ( -0.000000000000000000, -0.000000000000000000, -1.000000000000000000 ) ) ;
#23 = EDGE_LOOP ( 'NONE', ( #995, #1293, #904, #1062 ) ) ;
#24 = CARTESIAN_POINT ( 'NONE',  ( -4.406966250626568105, -0.9535049481706063812, 0.000000000000000000 ) ) ;
#25 = ORIENTED_EDGE ( 'NONE', *, *, #319, .F. ) ;
#26 = DIRECTION ( 'NONE',  ( -1.000000000000000000, 0.000000000000000000, 0.000000000000000000 ) ) ;
#27 = CARTESIAN_POINT ( 'NONE',  ( -4.477806482019347278, -11.60709106696295656, 0.06250000000000005551 ) ) ;
#28 = DIRECTION ( 'NONE',  ( 0.000000000000000000, 0.000000000000000000, -1.000000000000000000 ) ) ;
#29 = ORIENTED_EDGE ( 'NONE', *, *, #798, .T. ) ;
#30 = CARTESIAN_POINT ( 'NONE',  ( -5.654443357054650399, -8.607091066962954784, 1.250000000000000000 ) ) ;
#31 = ORIENTED_EDGE ( 'NONE', *, *, #1382, .T. ) ;
#32 = CARTESIAN_POINT ( 'NONE',  ( -5.406966250626568993, -0.9535049481706063812, 0.000000000000000000 ) ) ;
#33 = ADVANCED_FACE ( 'NONE', ( #640 ), #530, .F. ) ;
#34 = AXIS2_PLACEMENT_3D ( 'NONE', #116, #577, #1133 ) ;
#35 = DIRECTION ( 'NONE',  ( 1.000000000000000000, 0.000000000000000000, 0.000000000000000000 ) ) ;
#36 = DIRECTION ( 'NONE',  ( 1.000000000000000000, 0.000000000000000000, 0.000000000000000000 ) ) ;
#37 = ORIENTED_EDGE ( 'NONE', *, *, #770, .T. ) ;
#38 = CIRCLE ( 'NONE', #805, 0.9999999999999995559 ) ;
#39 = DIRECTION ( 'NONE',  ( 1.000000000000000000, 0.000000000000000000, 0.000000000000000000 ) ) ;
#40 = CIRCLE ( 'NONE', #280, 1.124999999999999556 ) ;
#41 = ORIENTED_EDGE ( 'NONE', *, *, #191, .F. ) ;
#42 = AXIS2_PLACEMENT_3D ( 'NONE', #67, #990, #1458 ) ;
#43 = CARTESIAN_POINT ( 'NONE',  ( -5.654443357054650399, -8.607091066962954784, 1.250000000000000000 ) ) ;
#44 = CYLINDRICAL_SURFACE ( 'NONE', #325, 1.000000000000000222 ) ;
#45 = EDGE_LOOP ( 'NONE', ( #1280, #815, #947, #1454, #1326, #1322 ) ) ;
#46 = DIRECTION ( 'NONE',  ( 0.000000000000000000, -1.000000000000000000, 0.000000000000000000 ) ) ;
#47 = EDGE_CURVE ( 'NONE', #286, #967, #1272, .T. ) ;
#48 = ORIENTED_EDGE ( 'NONE', *, *, #218, .T. ) ;
#49 = DIRECTION ( 'NONE',  ( 0.000000000000000000, -0.000000000000000000, -1.000000000000000000 ) ) ;
#50 = DIRECTION ( 'NONE',  ( 1.000000000000000000, 0.000000000000000000, 0.000000000000000000 ) ) ;
#51 = ORIENTED_EDGE ( 'NONE', *, *, #97, .T. ) ;
#52 = DIRECTION ( 'NONE',  ( 0.000000000000000000, 0.000000000000000000, -1.000000000000000000 ) ) ;
#53 = ORIENTED_EDGE ( 'NONE', *, *, #76, .F. ) ;
#54 = EDGE_CURVE ( 'NONE', #1471, #1128, #1368, .T. ) ;
#55 = DIRECTION ( 'NONE',  ( -0.000000000000000000, 0.000000000000000000, 1.000000000000000000 ) ) ;
#56 = DIRECTION ( 'NONE',  ( -0.000000000000000000, 0.000000000000000000, 1.000000000000000000 ) ) ;
#57 = ORIENTED_EDGE ( 'NONE', *, *, #561, .T. ) ;
#58 = CARTESIAN_POINT ( 'NONE',  ( -6.057017705611691838, -3.953504948170606603, 0.000000000000000000 ) ) ;
#59 = STYLED_ITEM ( 'NONE', ( #1438 ), #439 ) ;
#60 = VERTEX_POINT ( 'NONE', #214 ) ;
#61 = AXIS2_PLACEMENT_3D ( 'NONE', #32, #7, #368 ) ;
#62 = AXIS2_PLACEMENT_3D ( 'NONE', #1245, #359, #557 ) ;
#63 = DIRECTION ( 'NONE',  ( 1.000000000000000000, 0.000000000000000000, 0.000000000000000000 ) ) ;
#64 = EDGE_CURVE ( 'NONE', #745, #1060, #612, .T. ) ;
#65 = DIRECTION ( 'NONE',  ( -0.000000000000000000, 0.000000000000000000, 1.000000000000000000 ) ) ;
#66 = DIRECTION ( 'NONE',  ( -1.000000000000000000, 0.000000000000000000, 0.000000000000000000 ) ) ;
#67 = CARTESIAN_POINT ( 'NONE',  ( -4.709466250626568318, -0.9535049481706063812, 1.187500000000000000 ) ) ;
#68 = ORIENTED_EDGE ( 'NONE', *, *, #333, .F. ) ;
#69 = DIRECTION ( 'NONE',  ( 1.000000000000000000, 0.000000000000000000, 0.000000000000000000 ) ) ;
#70 = DIRECTION ( 'NONE',  ( 1.000000000000000000, 0.000000000000000000, 0.000000000000000000 ) ) ;
#71 = VERTEX_POINT ( 'NONE', #1283 ) ;
#72 = DIRECTION ( 'NONE',  ( -0.000000000000000000, 0.000000000000000000, 1.000000000000000000 ) ) ;
#73 = ORIENTED_EDGE ( 'NONE', *, *, #556, .F. ) ;
#74 = CARTESIAN_POINT ( 'NONE',  ( -6.404443357054651287, -8.607091066962954784, 0.1249999999999999445 ) ) ;
#75 = DIRECTION ( 'NONE',  ( 0.000000000000000000, 0.000000000000000000, -1.000000000000000000 ) ) ;
#76 = EDGE_CURVE ( 'NONE', #300, #133, #326, .T. ) ;
#77 = ORIENTED_EDGE ( 'NONE', *, *, #725, .T. ) ;
#78 = DIRECTION ( 'NONE',  ( -0.000000000000000000, 0.000000000000000000, 1.000000000000000000 ) ) ;
#79 = EDGE_CURVE ( 'NONE', #967, #1312, #296, .T. ) ;
#80 = PRODUCT_DEFINITION_SHAPE ( 'NONE', 'NONE',  #767 ) ;
#81 = EDGE_LOOP ( 'NONE', ( #655, #796, #1197, #743 ) ) ;
#82 = CIRCLE ( 'NONE', #544, 0.1250000000000000000 ) ;
#83 = CARTESIAN_POINT ( 'NONE',  ( 7.864935634838235323, -4.999768081309087897, 1.125000000000000222 ) ) ;
#84 = AXIS2_PLACEMENT_3D ( 'NONE', #606, #128, #361 ) ;
#85 = ADVANCED_FACE ( 'NONE', ( #914 ), #1098, .T. ) ;
#86 = AXIS2_PLACEMENT_3D ( 'NONE', #1222, #55, #647 ) ;
#87 = AXIS2_PLACEMENT_3D ( 'NONE', #922, #1259, #243 ) ;
#88 = VERTEX_POINT ( 'NONE', #1155 ) ;
#89 = CARTESIAN_POINT ( 'NONE',  ( -5.307017705611695391, -6.280298008170606572, -3.252606517456513302E-17 ) ) ;
#90 = APPLICATION_CONTEXT ( 'automotive_design' ) ;
#91 = ORIENTED_EDGE ( 'NONE', *, *, #137, .T. ) ;
#92 = FACE_OUTER_BOUND ( 'NONE', #393, .T. ) ;
#93 = DIRECTION ( 'NONE',  ( 0.000000000000000000, -0.000000000000000000, -1.000000000000000000 ) ) ;
#94 = DIRECTION ( 'NONE',  ( -0.9409484605725618733, 0.3385498405643191377, 0.000000000000000000 ) ) ;
#95 = DIRECTION ( 'NONE',  ( 1.000000000000000000, 0.000000000000000000, 0.000000000000000000 ) ) ;
#96 = ORIENTED_EDGE ( 'NONE', *, *, #615, .F. ) ;
#97 = EDGE_CURVE ( 'NONE', #852, #430, #1000, .T. ) ;
#98 = CARTESIAN_POINT ( 'NONE',  ( -5.406966250626568993, -0.9535049481706063812, 1.187500000000000000 ) ) ;
#99 = FACE_OUTER_BOUND ( 'NONE', #412, .T. ) ;
#100 = DIRECTION ( 'NONE',  ( 1.000000000000000000, 0.000000000000000000, 0.000000000000000000 ) ) ;
#101 = ORIENTED_EDGE ( 'NONE', *, *, #358, .T. ) ;
#102 = ORIENTED_EDGE ( 'NONE', *, *, #988, .F. ) ;
#103 = CIRCLE ( 'NONE', #637, 0.06250000000000005551 ) ;
#104 = VECTOR ( 'NONE', #170, 100.0000000000000000 ) ;
#105 = CARTESIAN_POINT ( 'NONE',  ( 7.864935634838235323, -4.999768081309087897, 0.1249999999999999445 ) ) ;
#106 = ADVANCED_FACE ( 'NONE', ( #1022 ), #898, .T. ) ;
#107 = CIRCLE ( 'NONE', #327, 15.00000000000000178 ) ;
#108 = CARTESIAN_POINT ( 'NONE',  ( -3.780306482019347492, -11.60709106696295656, 2.710505431213761085E-17 ) ) ;
#109 = CIRCLE ( 'NONE', #1104, 0.6975000000000002309 ) ;
#110 = LINE ( 'NONE', #1032, #1307 ) ;
#111 = CIRCLE ( 'NONE', #810, 0.6350000000000001199 ) ;
#112 = VERTEX_POINT ( 'NONE', #108 ) ;
#113 = AXIS2_PLACEMENT_3D ( 'NONE', #819, #1037, #473 ) ;
#114 = ORIENTED_EDGE ( 'NONE', *, *, #273, .T. ) ;
#115 = DIRECTION ( 'NONE',  ( 0.2916225681541254611, 0.9565334692226886704, 0.000000000000000000 ) ) ;
#116 = CARTESIAN_POINT ( 'NONE',  ( -6.057017705611691838, -3.953504948170606603, 1.250000000000000000 ) ) ;
#117 = DIRECTION ( 'NONE',  ( -0.2916225681541254611, -0.9565334692226887814, 0.000000000000000000 ) ) ;
#118 = ORIENTED_EDGE ( 'NONE', *, *, #1233, .F. ) ;
#119 = DIRECTION ( 'NONE',  ( -0.000000000000000000, -0.000000000000000000, -1.000000000000000000 ) ) ;
#120 = ORIENTED_EDGE ( 'NONE', *, *, #1429, .T. ) ;
#121 = CARTESIAN_POINT ( 'NONE',  ( -5.406966250626568993, -0.9535049481706063812, 1.125000000000000222 ) ) ;
#122 = CARTESIAN_POINT ( 'NONE',  ( -4.348399232482435650, -1.334373518805465064, 1.125000000000000222 ) ) ;
#123 = ORIENTED_EDGE ( 'NONE', *, *, #1233, .T. ) ;
#124 = CYLINDRICAL_SURFACE ( 'NONE', #354, 0.6250000000000005551 ) ;
#125 = ADVANCED_FACE ( 'NONE', ( #1138 ), #1195, .T. ) ;
#126 = VERTEX_POINT ( 'NONE', #572 ) ;
#127 = AXIS2_PLACEMENT_3D ( 'NONE', #680, #780, #1145 ) ;
#128 = DIRECTION ( 'NONE',  ( -0.000000000000000000, 0.000000000000000000, 1.000000000000000000 ) ) ;
#129 = CIRCLE ( 'NONE', #1487, 0.1250000000000001110 ) ;
#130 = CARTESIAN_POINT ( 'NONE',  ( -5.654443357054650399, -8.607091066962954784, 0.1249999999999999445 ) ) ;
#131 = DIRECTION ( 'NONE',  ( 1.000000000000000000, 0.000000000000000000, 0.000000000000000000 ) ) ;
#132 = CIRCLE ( 'NONE', #831, 0.6975000000000002309 ) ;
#133 = VERTEX_POINT ( 'NONE', #337 ) ;
#134 = DIRECTION ( 'NONE',  ( -1.000000000000000000, 0.000000000000000000, 0.000000000000000000 ) ) ;
#135 = AXIS2_PLACEMENT_3D ( 'NONE', #316, #210, #749 ) ;
#136 = ORIENTED_EDGE ( 'NONE', *, *, #349, .T. ) ;
#137 = EDGE_CURVE ( 'NONE', #200, #623, #274, .T. ) ;
#138 = AXIS2_PLACEMENT_3D ( 'NONE', #608, #1186, #28 ) ;
#139 = CIRCLE ( 'NONE', #113, 0.7500000000000006661 ) ;
#140 = DIRECTION ( 'NONE',  ( 0.000000000000000000, -0.000000000000000000, -1.000000000000000000 ) ) ;
#141 = ORIENTED_EDGE ( 'NONE', *, *, #968, .T. ) ;
#142 = DIRECTION ( 'NONE',  ( 1.000000000000000000, 0.000000000000000000, 0.000000000000000000 ) ) ;
#143 = ORIENTED_EDGE ( 'NONE', *, *, #865, .F. ) ;
#144 = EDGE_CURVE ( 'NONE', #1347, #126, #1324, .T. ) ;
#145 = FACE_OUTER_BOUND ( 'NONE', #998, .T. ) ;
#146 = ADVANCED_FACE ( 'NONE', ( #1365 ), #343, .F. ) ;
#147 = CARTESIAN_POINT ( 'NONE',  ( -4.477806482019347278, -11.60709106696295656, 1.250000000000000000 ) ) ;
#148 = DIRECTION ( 'NONE',  ( -1.000000000000000000, 0.000000000000000000, 0.000000000000000000 ) ) ;
#149 = ORIENTED_EDGE ( 'NONE', *, *, #968, .F. ) ;
#150 = DIRECTION ( 'NONE',  ( 0.000000000000000000, 0.000000000000000000, -1.000000000000000000 ) ) ;
#151 = ORIENTED_EDGE ( 'NONE', *, *, #1400, .T. ) ;
#152 = LINE ( 'NONE', #613, #1148 ) ;
#153 = CIRCLE ( 'NONE', #727, 0.9999999999999995559 ) ;
#154 = AXIS2_PLACEMENT_3D ( 'NONE', #1036, #695, #94 ) ;
#155 = DIRECTION ( 'NONE',  ( 0.000000000000000000, -0.000000000000000000, -1.000000000000000000 ) ) ;
#156 = ORIENTED_EDGE ( 'NONE', *, *, #479, .T. ) ;
#157 = AXIS2_PLACEMENT_3D ( 'NONE', #956, #471, #1065 ) ;
#158 = DIRECTION ( 'NONE',  ( -0.000000000000000000, 0.000000000000000000, 1.000000000000000000 ) ) ;
#159 = CIRCLE ( 'NONE', #61, 0.9999999999999995559 ) ;
#160 = ORIENTED_EDGE ( 'NONE', *, *, #1408, .F. ) ;
#161 = AXIS2_PLACEMENT_3D ( 'NONE', #1208, #279, #851 ) ;
#162 = AXIS2_PLACEMENT_3D ( 'NONE', #187, #867, #292 ) ;
#163 = DIRECTION ( 'NONE',  ( -1.000000000000000000, 0.000000000000000000, 0.000000000000000000 ) ) ;
#164 = CARTESIAN_POINT ( 'NONE',  ( -6.057017705611696279, -6.280298008170606572, 0.1249999999999999445 ) ) ;
#165 = EDGE_CURVE ( 'NONE', #567, #269, #153, .T. ) ;
#166 = ORIENTED_EDGE ( 'NONE', *, *, #1015, .F. ) ;
#167 = DIRECTION ( 'NONE',  ( 1.000000000000000000, 0.000000000000000000, 0.000000000000000000 ) ) ;
#168 = ORIENTED_EDGE ( 'NONE', *, *, #751, .T. ) ;
#169 = DIRECTION ( 'NONE',  ( -0.000000000000000000, 0.000000000000000000, 1.000000000000000000 ) ) ;
#170 = DIRECTION ( 'NONE',  ( -0.000000000000000000, -0.000000000000000000, -1.000000000000000000 ) ) ;
#171 = ORIENTED_EDGE ( 'NONE', *, *, #535, .T. ) ;
#172 = CARTESIAN_POINT ( 'NONE',  ( -4.477806482019347278, -11.60709106696295656, 0.06250000000000005551 ) ) ;
#173 = ORIENTED_EDGE ( 'NONE', *, *, #285, .T. ) ;
#174 = EDGE_CURVE ( 'NONE', #525, #232, #920, .T. ) ;
#175 = DIRECTION ( 'NONE',  ( -0.000000000000000000, 0.000000000000000000, 1.000000000000000000 ) ) ;
#176 = CARTESIAN_POINT ( 'NONE',  ( -5.432017705611695391, -6.280298008170606572, 1.250000000000000000 ) ) ;
#177 = CYLINDRICAL_SURFACE ( 'NONE', #1442, 15.00000000000000178 ) ;
#178 = DIRECTION ( 'NONE',  ( 1.000000000000000000, 0.000000000000000000, 0.000000000000000000 ) ) ;
#179 = ORIENTED_EDGE ( 'NONE', *, *, #1041, .T. ) ;
#180 = AXIS2_PLACEMENT_3D ( 'NONE', #913, #907, #659 ) ;
#181 = AXIS2_PLACEMENT_3D ( 'NONE', #83, #1050, #4 ) ;
#182 = DIRECTION ( 'NONE',  ( 1.000000000000000000, 0.000000000000000000, 0.000000000000000000 ) ) ;
#183 = CIRCLE ( 'NONE', #861, 0.6975000000000002309 ) ;
#184 = DIRECTION ( 'NONE',  ( -0.000000000000000000, 0.000000000000000000, 1.000000000000000000 ) ) ;
#185 = AXIS2_PLACEMENT_3D ( 'NONE', #1204, #1087, #50 ) ;
#186 = DIRECTION ( 'NONE',  ( -0.000000000000000000, 0.000000000000000000, 1.000000000000000000 ) ) ;
#187 = CARTESIAN_POINT ( 'NONE',  ( -4.904443357054649510, -8.607091066962954784, 1.125000000000000222 ) ) ;
#188 = ORIENTED_EDGE ( 'NONE', *, *, #54, .T. ) ;
#189 = EDGE_CURVE ( 'NONE', #532, #1410, #973, .T. ) ;
#190 = CARTESIAN_POINT ( 'NONE',  ( -3.602806482019347278, -11.60709106696295656, 1.125000000000000222 ) ) ;
#191 = EDGE_CURVE ( 'NONE', #374, #1060, #1392, .T. ) ;
#192 = FACE_BOUND ( 'NONE', #575, .T. ) ;
#193 = EDGE_CURVE ( 'NONE', #204, #951, #129, .T. ) ;
#194 = VERTEX_POINT ( 'NONE', #122 ) ;
#195 = FACE_OUTER_BOUND ( 'NONE', #792, .T. ) ;
#196 = ORIENTED_EDGE ( 'NONE', *, *, #1427, .F. ) ;
#197 = EDGE_CURVE ( 'NONE', #232, #1237, #82, .T. ) ;
#198 = CARTESIAN_POINT ( 'NONE',  ( -6.057017705611696279, -6.280298008170606572, 1.250000000000000000 ) ) ;
#199 = ADVANCED_FACE ( 'NONE', ( #99 ), #44, .T. ) ;
#200 = VERTEX_POINT ( 'NONE', #1191 ) ;
#201 = FACE_OUTER_BOUND ( 'NONE', #916, .T. ) ;
#202 = ORIENTED_EDGE ( 'NONE', *, *, #1348, .F. ) ;
#203 = AXIS2_PLACEMENT_3D ( 'NONE', #753, #649, #75 ) ;
#204 = VERTEX_POINT ( 'NONE', #21 ) ;
#205 = CARTESIAN_POINT ( 'NONE',  ( -5.654443357054650399, -8.607091066962954784, 1.250000000000000000 ) ) ;
#206 = AXIS2_PLACEMENT_3D ( 'NONE', #685, #779, #1386 ) ;
#207 = CARTESIAN_POINT ( 'NONE',  ( -5.406966250626568993, -0.9535049481706063812, 1.125000000000000222 ) ) ;
#208 = VECTOR ( 'NONE', #1292, 100.0000000000000000 ) ;
#209 = DIRECTION ( 'NONE',  ( 0.000000000000000000, 0.000000000000000000, -1.000000000000000000 ) ) ;
#210 = DIRECTION ( 'NONE',  ( -0.000000000000000000, 0.000000000000000000, 1.000000000000000000 ) ) ;
#211 = EDGE_CURVE ( 'NONE', #690, #532, #626, .T. ) ;
#212 = VERTEX_POINT ( 'NONE', #607 ) ;
#213 = FACE_OUTER_BOUND ( 'NONE', #1135, .T. ) ;
#214 = CARTESIAN_POINT ( 'NONE',  ( -6.682017705611696279, -6.280298008170606572, 1.125000000000000222 ) ) ;
#215 = CARTESIAN_POINT ( 'NONE',  ( -3.709099545145751797, -11.18910225706199668, 1.250000000000000000 ) ) ;
#216 = ORIENTED_EDGE ( 'NONE', *, *, #625, .F. ) ;
#217 = ORIENTED_EDGE ( 'NONE', *, *, #1436, .T. ) ;
#218 = EDGE_CURVE ( 'NONE', #967, #258, #348, .T. ) ;
#219 = DIRECTION ( 'NONE',  ( -0.000000000000000000, -0.000000000000000000, -1.000000000000000000 ) ) ;
#220 = DIRECTION ( 'NONE',  ( 1.000000000000000000, 0.000000000000000000, 0.000000000000000000 ) ) ;
#221 = CARTESIAN_POINT ( 'NONE',  ( -5.654443357054650399, -8.607091066962954784, 1.125000000000000222 ) ) ;
#222 = ORIENTED_EDGE ( 'NONE', *, *, #1427, .T. ) ;
#223 = EDGE_CURVE ( 'NONE', #803, #88, #1170, .T. ) ;
#224 = ORIENTED_EDGE ( 'NONE', *, *, #64, .F. ) ;
#225 = AXIS2_PLACEMENT_3D ( 'NONE', #1070, #481, #602 ) ;
#226 = FACE_OUTER_BOUND ( 'NONE', #339, .T. ) ;
#227 = CIRCLE ( 'NONE', #901, 1.000000000000000222 ) ;
#228 = DIRECTION ( 'NONE',  ( 1.000000000000000000, 0.000000000000000000, 0.000000000000000000 ) ) ;
#229 = CIRCLE ( 'NONE', #304, 0.6975000000000002309 ) ;
#230 = CARTESIAN_POINT ( 'NONE',  ( -3.602806482019347278, -11.60709106696295656, 1.250000000000000000 ) ) ;
#231 = CIRCLE ( 'NONE', #1008, 0.1250000000000000000 ) ;
#232 = VERTEX_POINT ( 'NONE', #242 ) ;
#233 = DIRECTION ( 'NONE',  ( 1.000000000000000000, 0.000000000000000000, 0.000000000000000000 ) ) ;
#234 = VERTEX_POINT ( 'NONE', #939 ) ;
#235 = CARTESIAN_POINT ( 'NONE',  ( -5.406966250626568993, -0.9535049481706063812, 0.06250000000000005551 ) ) ;
#236 = CARTESIAN_POINT ( 'NONE',  ( -5.406966250626568993, -0.9535049481706063812, 0.06250000000000005551 ) ) ;
#237 = EDGE_CURVE ( 'NONE', #60, #525, #700, .T. ) ;
#238 = CARTESIAN_POINT ( 'NONE',  ( -6.057017705611691838, -3.953504948170606603, 0.000000000000000000 ) ) ;
#239 = ORIENTED_EDGE ( 'NONE', *, *, #790, .T. ) ;
#240 = DIRECTION ( 'NONE',  ( -0.000000000000000000, 0.000000000000000000, 1.000000000000000000 ) ) ;
#241 = CARTESIAN_POINT ( 'NONE',  ( -5.307017705611691838, -3.953504948170606603, -3.252606517456513302E-17 ) ) ;
#242 = CARTESIAN_POINT ( 'NONE',  ( -5.432017705611695391, -6.280298008170606572, 0.1249999999999999445 ) ) ;
#243 = DIRECTION ( 'NONE',  ( 1.000000000000000000, 0.000000000000000000, 0.000000000000000000 ) ) ;
#244 = EDGE_CURVE ( 'NONE', #1060, #745, #277, .T. ) ;
#245 = ORIENTED_EDGE ( 'NONE', *, *, #144, .T. ) ;
#246 = DIRECTION ( 'NONE',  ( 1.000000000000000000, 0.000000000000000000, 0.000000000000000000 ) ) ;
#247 = CLOSED_SHELL ( 'NONE', ( #1094, #1290, #511, #1332, #884, #882, #301, #847, #840, #669, #545, #85, #1111, #125, #33, #1474, #1126, #466, #146, #19, #1447, #1256, #1206, #106, #477, #199, #892, #635, #994, #662, #415, #1154, #1270, #1214, #686, #889, #528, #897, #1183, #509, #303, #720, #1240, #5, #818, #1457, #1161, #718, #1252, #1136 ) ) ;
#248 = DIRECTION ( 'NONE',  ( 0.000000000000000000, 0.000000000000000000, -1.000000000000000000 ) ) ;
#249 = CIRCLE ( 'NONE', #950, 0.1250000000000001110 ) ;
#250 = CARTESIAN_POINT ( 'NONE',  ( -5.654443357054650399, -8.607091066962954784, 1.125000000000000222 ) ) ;
#251 = PRODUCT_CONTEXT ( 'NONE', #1287, 'mechanical' ) ;
#252 = CIRCLE ( 'NONE', #756, 0.7500000000000006661 ) ;
#253 = CIRCLE ( 'NONE', #1397, 0.1249999999999999445 ) ;
#254 = VERTEX_POINT ( 'NONE', #946 ) ;
#255 = CARTESIAN_POINT ( 'NONE',  ( -6.057017705611696279, -6.280298008170606572, 0.1249999999999999445 ) ) ;
#256 = EDGE_CURVE ( 'NONE', #88, #1095, #103, .T. ) ;
#257 = TOROIDAL_SURFACE ( 'NONE', #1423, 0.7500000000000008882, 0.1250000000000000000 ) ;
#258 = VERTEX_POINT ( 'NONE', #842 ) ;
#259 = FACE_OUTER_BOUND ( 'NONE', #500, .T. ) ;
#260 = FACE_OUTER_BOUND ( 'NONE', #1359, .T. ) ;
#261 = DIRECTION ( 'NONE',  ( 0.000000000000000000, -0.000000000000000000, -1.000000000000000000 ) ) ;
#262 = ORIENTED_EDGE ( 'NONE', *, *, #945, .F. ) ;
#263 = CARTESIAN_POINT ( 'NONE',  ( -3.842806482019347492, -11.60709106696295656, 1.187500000000000000 ) ) ;
#264 = ORIENTED_EDGE ( 'NONE', *, *, #615, .T. ) ;
#265 = EDGE_CURVE ( 'NONE', #525, #1231, #249, .T. ) ;
#266 = CYLINDRICAL_SURFACE ( 'NONE', #1302, 0.6250000000000005551 ) ;
#267 = DIRECTION ( 'NONE',  ( 1.000000000000000000, 0.000000000000000000, 0.000000000000000000 ) ) ;
#268 = DIRECTION ( 'NONE',  ( 1.224646799147353207E-16, 1.000000000000000000, 0.000000000000000000 ) ) ;
#269 = VERTEX_POINT ( 'NONE', #506 ) ;
#270 = FACE_OUTER_BOUND ( 'NONE', #6, .T. ) ;
#271 = ORIENTED_EDGE ( 'NONE', *, *, #1267, .F. ) ;
#272 = DIRECTION ( 'NONE',  ( 0.000000000000000000, -1.000000000000000000, 0.000000000000000000 ) ) ;
#273 = EDGE_CURVE ( 'NONE', #1405, #697, #299, .T. ) ;
#274 = CIRCLE ( 'NONE', #464, 15.00000000000000178 ) ;
#275 = DIRECTION ( 'NONE',  ( -0.000000000000000000, 0.000000000000000000, 1.000000000000000000 ) ) ;
#276 = APPLICATION_PROTOCOL_DEFINITION ( 'draft international standard', 'automotive_design', 1998, #1287 ) ;
#277 = CIRCLE ( 'NONE', #1297, 0.6250000000000005551 ) ;
#278 = ORIENTED_EDGE ( 'NONE', *, *, #440, .T. ) ;
#279 = DIRECTION ( 'NONE',  ( 0.000000000000000000, -0.000000000000000000, -1.000000000000000000 ) ) ;
#280 = AXIS2_PLACEMENT_3D ( 'NONE', #954, #1077, #930 ) ;
#281 = EDGE_LOOP ( 'NONE', ( #1114, #585, #682, #41 ) ) ;
#282 = AXIS2_PLACEMENT_3D ( 'NONE', #778, #456, #1010 ) ;
#283 = DIRECTION ( 'NONE',  ( 0.000000000000000000, 0.000000000000000000, -1.000000000000000000 ) ) ;
#284 = PLANE ( 'NONE',  #11 ) ;
#285 = EDGE_CURVE ( 'NONE', #1412, #870, #1144, .T. ) ;
#286 = VERTEX_POINT ( 'NONE', #391 ) ;
#287 = FACE_BOUND ( 'NONE', #484, .T. ) ;
#288 = ORIENTED_EDGE ( 'NONE', *, *, #457, .F. ) ;
#289 = DIRECTION ( 'NONE',  ( 0.000000000000000000, -0.000000000000000000, -1.000000000000000000 ) ) ;
#290 = DIRECTION ( 'NONE',  ( -0.000000000000000000, 0.000000000000000000, 1.000000000000000000 ) ) ;
#291 = ORIENTED_EDGE ( 'NONE', *, *, #910, .F. ) ;
#292 = DIRECTION ( 'NONE',  ( 0.000000000000000000, 0.000000000000000000, -1.000000000000000000 ) ) ;
#293 = ORIENTED_EDGE ( 'NONE', *, *, #1001, .T. ) ;
#294 = DIRECTION ( 'NONE',  ( -0.000000000000000000, 0.000000000000000000, 1.000000000000000000 ) ) ;
#295 = CARTESIAN_POINT ( 'NONE',  ( -4.771966250626568318, -0.9535049481706063812, 1.250000000000000000 ) ) ;
#296 = CIRCLE ( 'NONE', #1369, 0.1250000000000003886 ) ;
#297 = CARTESIAN_POINT ( 'NONE',  ( 6.942982294388308162, -5.396971605577291164, 1.125000000000000222 ) ) ;
#298 = ADVANCED_BREP_SHAPE_REPRESENTATION ( 'angular push bar linkage', ( #439, #18 ), #932 ) ;
#299 = CIRCLE ( 'NONE', #1121, 0.6350000000000001199 ) ;
#300 = VERTEX_POINT ( 'NONE', #1425 ) ;
#301 = ADVANCED_FACE ( 'NONE', ( #260 ), #424, .T. ) ;
#302 = CIRCLE ( 'NONE', #857, 0.1250000000000000000 ) ;
#303 = ADVANCED_FACE ( 'NONE', ( #714 ), #614, .T. ) ;
#304 = AXIS2_PLACEMENT_3D ( 'NONE', #586, #14, #1396 ) ;
#305 = CARTESIAN_POINT ( 'NONE',  ( -5.029443357054649510, -8.607091066962954784, 0.1249999999999999445 ) ) ;
#306 = TOROIDAL_SURFACE ( 'NONE', #931, 0.7500000000000008882, 0.1250000000000000000 ) ;
#307 = CARTESIAN_POINT ( 'NONE',  ( -5.406966250626568993, -0.9535049481706063812, 0.06250000000000005551 ) ) ;
#308 = AXIS2_PLACEMENT_3D ( 'NONE', #371, #732, #36 ) ;
#309 = DIRECTION ( 'NONE',  ( -1.000000000000000000, 0.000000000000000000, 0.000000000000000000 ) ) ;
#310 = DIRECTION ( 'NONE',  ( 1.000000000000000000, 0.000000000000000000, 0.000000000000000000 ) ) ;
#311 = ORIENTED_EDGE ( 'NONE', *, *, #321, .T. ) ;
#312 = DIRECTION ( 'NONE',  ( -0.000000000000000000, -0.000000000000000000, -1.000000000000000000 ) ) ;
#313 = EDGE_CURVE ( 'NONE', #431, #852, #1196, .T. ) ;
#314 = CARTESIAN_POINT ( 'NONE',  ( -6.363499719849258440, -0.6618823800164819193, 1.250000000000000000 ) ) ;
#315 = VERTEX_POINT ( 'NONE', #730 ) ;
#316 = CARTESIAN_POINT ( 'NONE',  ( -4.477806482019347278, -11.60709106696295656, 1.187500000000000000 ) ) ;
#317 = ORIENTED_EDGE ( 'NONE', *, *, #397, .T. ) ;
#318 = EDGE_LOOP ( 'NONE', ( #293, #937, #839, #1398, #912, #604 ) ) ;
#319 = EDGE_CURVE ( 'NONE', #194, #286, #829, .T. ) ;
#320 = DIRECTION ( 'NONE',  ( 1.000000000000000000, -8.673617379884039416E-16, 0.000000000000000000 ) ) ;
#321 = EDGE_CURVE ( 'NONE', #232, #525, #729, .T. ) ;
#322 = DIRECTION ( 'NONE',  ( -0.000000000000000000, 0.000000000000000000, 1.000000000000000000 ) ) ;
#323 = DIRECTION ( 'NONE',  ( -1.000000000000000000, 0.000000000000000000, 0.000000000000000000 ) ) ;
#324 = ORIENTED_EDGE ( 'NONE', *, *, #487, .F. ) ;
#325 = AXIS2_PLACEMENT_3D ( 'NONE', #147, #1169, #1079 ) ;
#326 = CIRCLE ( 'NONE', #34, 0.7500000000000000000 ) ;
#327 = AXIS2_PLACEMENT_3D ( 'NONE', #105, #1247, #896 ) ;
#328 = AXIS2_PLACEMENT_3D ( 'NONE', #1216, #1085, #1329 ) ;
#329 = CIRCLE ( 'NONE', #1177, 0.1250000000000001110 ) ;
#330 = AXIS2_PLACEMENT_3D ( 'NONE', #834, #22, #514 ) ;
#331 = DIRECTION ( 'NONE',  ( 1.000000000000000000, 0.000000000000000000, 0.000000000000000000 ) ) ;
#332 = CARTESIAN_POINT ( 'NONE',  ( -5.249227864322950410, -12.02004875356632319, 1.250000000000000000 ) ) ;
#333 = EDGE_CURVE ( 'NONE', #437, #254, #468, .T. ) ;
#334 = ORIENTED_EDGE ( 'NONE', *, *, #1301, .T. ) ;
#335 = VERTEX_POINT ( 'NONE', #314 ) ;
#336 = LINE ( 'NONE', #1263, #733 ) ;
#337 = CARTESIAN_POINT ( 'NONE',  ( -6.807017705611692726, -3.953504948170606603, 1.250000000000000000 ) ) ;
#338 = CARTESIAN_POINT ( 'NONE',  ( -5.029443357054649510, -8.607091066962954784, 1.250000000000000000 ) ) ;
#339 = EDGE_LOOP ( 'NONE', ( #1477, #1107, #1260, #379 ) ) ;
#340 = EDGE_CURVE ( 'NONE', #1412, #1377, #1350, .T. ) ;
#341 = ORIENTED_EDGE ( 'NONE', *, *, #193, .F. ) ;
#342 = DIRECTION ( 'NONE',  ( 0.000000000000000000, -0.000000000000000000, -1.000000000000000000 ) ) ;
#343 = CYLINDRICAL_SURFACE ( 'NONE', #1269, 0.6350000000000001199 ) ;
#344 = CARTESIAN_POINT ( 'NONE',  ( -5.432017705611691838, -3.953504948170606603, 1.250000000000000000 ) ) ;
#345 = DIRECTION ( 'NONE',  ( 1.000000000000000000, 0.000000000000000000, 0.000000000000000000 ) ) ;
#346 = EDGE_CURVE ( 'NONE', #212, #232, #1344, .T. ) ;
#347 = VERTEX_POINT ( 'NONE', #876 ) ;
#348 = CIRCLE ( 'NONE', #225, 1.000000000000000222 ) ;
#349 = EDGE_CURVE ( 'NONE', #726, #690, #350, .T. ) ;
#350 = CIRCLE ( 'NONE', #546, 0.6350000000000001199 ) ;
#351 = DIRECTION ( 'NONE',  ( -0.000000000000000000, 0.000000000000000000, 1.000000000000000000 ) ) ;
#352 = TOROIDAL_SURFACE ( 'NONE', #445, 0.7500000000000001110, 0.1250000000000000000 ) ;
#353 = CARTESIAN_POINT ( 'NONE',  ( -6.807017705611692726, -3.953504948170606603, 0.1249999999999999445 ) ) ;
#354 = AXIS2_PLACEMENT_3D ( 'NONE', #698, #1166, #134 ) ;
#355 = LINE ( 'NONE', #560, #208 ) ;
#356 = TOROIDAL_SURFACE ( 'NONE', #1376, 0.7500000000000008882, 0.1250000000000000000 ) ;
#357 = ORIENTED_EDGE ( 'NONE', *, *, #945, .T. ) ;
#358 = EDGE_CURVE ( 'NONE', #212, #60, #754, .T. ) ;
#359 = DIRECTION ( 'NONE',  ( -0.3385498405643191933, -0.9409484605725619843, -1.879329139888415889E-15 ) ) ;
#360 = ORIENTED_EDGE ( 'NONE', *, *, #790, .F. ) ;
#361 = DIRECTION ( 'NONE',  ( 1.000000000000000000, 0.000000000000000000, 0.000000000000000000 ) ) ;
#362 = EDGE_CURVE ( 'NONE', #126, #690, #1223, .T. ) ;
#363 = CARTESIAN_POINT ( 'NONE',  ( -4.477806482019347278, -11.60709106696295656, 0.1249999999999999445 ) ) ;
#364 = DIRECTION ( 'NONE',  ( -0.000000000000000000, 0.000000000000000000, 1.000000000000000000 ) ) ;
#365 = ORIENTED_EDGE ( 'NONE', *, *, #1384, .F. ) ;
#366 = FACE_OUTER_BOUND ( 'NONE', #985, .T. ) ;
#367 = VERTEX_POINT ( 'NONE', #1217 ) ;
#368 = DIRECTION ( 'NONE',  ( 1.000000000000000000, 0.000000000000000000, 0.000000000000000000 ) ) ;
#369 = EDGE_CURVE ( 'NONE', #826, #389, #1327, .T. ) ;
#370 = DIRECTION ( 'NONE',  ( 1.224646799147353207E-16, 1.000000000000000000, 0.000000000000000000 ) ) ;
#371 = CARTESIAN_POINT ( 'NONE',  ( -6.057017705611696279, -6.280298008170606572, 0.000000000000000000 ) ) ;
#372 = ORIENTED_EDGE ( 'NONE', *, *, #265, .T. ) ;
#373 = CARTESIAN_POINT ( 'NONE',  ( -4.477806482019347278, -11.60709106696295656, 1.250000000000000000 ) ) ;
#374 = VERTEX_POINT ( 'NONE', #979 ) ;
#375 = CARTESIAN_POINT ( 'NONE',  ( -5.406966250626568993, -0.9535049481706063812, 1.250000000000000000 ) ) ;
#376 = AXIS2_PLACEMENT_3D ( 'NONE', #1179, #140, #267 ) ;
#377 = DIRECTION ( 'NONE',  ( -0.000000000000000000, -0.000000000000000000, -1.000000000000000000 ) ) ;
#378 = CIRCLE ( 'NONE', #955, 0.6975000000000002309 ) ;
#379 = ORIENTED_EDGE ( 'NONE', *, *, #855, .F. ) ;
#380 = DIRECTION ( 'NONE',  ( -1.000000000000000000, 0.000000000000000000, 0.000000000000000000 ) ) ;
#381 = EDGE_CURVE ( 'NONE', #726, #1410, #1468, .T. ) ;
#382 = AXIS2_PLACEMENT_3D ( 'NONE', #675, #1284, #1146 ) ;
#383 = ORIENTED_EDGE ( 'NONE', *, *, #1109, .F. ) ;
#384 = DIRECTION ( 'NONE',  ( 1.000000000000000000, 0.000000000000000000, 0.000000000000000000 ) ) ;
#385 = DIRECTION ( 'NONE',  ( 0.000000000000000000, -0.000000000000000000, -1.000000000000000000 ) ) ;
#386 = CARTESIAN_POINT ( 'NONE',  ( 0.000000000000000000, 0.000000000000000000, 0.000000000000000000 ) ) ;
#387 = ORIENTED_EDGE ( 'NONE', *, *, #822, .F. ) ;
#388 = FACE_OUTER_BOUND ( 'NONE', #1033, .T. ) ;
#389 = VERTEX_POINT ( 'NONE', #1352 ) ;
#390 = DIRECTION ( 'NONE',  ( 1.000000000000000000, 0.000000000000000000, 0.000000000000000000 ) ) ;
#391 = CARTESIAN_POINT ( 'NONE',  ( -5.057017705611690950, -5.396971605577291164, 1.125000000000000222 ) ) ;
#392 = CARTESIAN_POINT ( 'NONE',  ( -6.682017705611692726, -3.953504948170606603, 1.125000000000000222 ) ) ;
#393 = EDGE_LOOP ( 'NONE', ( #1020, #1090, #475, #1007 ) ) ;
#394 = FACE_BOUND ( 'NONE', #517, .T. ) ;
#395 = ORIENTED_EDGE ( 'NONE', *, *, #1156, .F. ) ;
#396 = DIRECTION ( 'NONE',  ( -0.8816244369183955376, -0.4719516418324254947, 0.000000000000000000 ) ) ;
#397 = EDGE_CURVE ( 'NONE', #1410, #532, #1172, .T. ) ;
#398 = DIRECTION ( 'NONE',  ( 1.000000000000000000, 0.000000000000000000, 0.000000000000000000 ) ) ;
#399 = APPLICATION_PROTOCOL_DEFINITION ( 'draft international standard', 'automotive_design', 1998, #90 ) ;
#400 = COLOUR_RGB ( '',0.7921568627450980005, 0.8196078431372548767, 0.9333333333333333481 ) ;
#401 = ORIENTED_EDGE ( 'NONE', *, *, #369, .F. ) ;
#402 = AXIS2_PLACEMENT_3D ( 'NONE', #98, #793, #1379 ) ;
#403 = CARTESIAN_POINT ( 'NONE',  ( -6.483066403502093955, -0.6254295589972160840, 0.1249999999999999445 ) ) ;
#404 = CIRCLE ( 'NONE', #1250, 0.6975000000000002309 ) ;
#405 = EDGE_LOOP ( 'NONE', ( #31, #850, #555, #1496, #859 ) ) ;
#406 = CIRCLE ( 'NONE', #328, 0.6249999999999998890 ) ;
#407 = AXIS2_PLACEMENT_3D ( 'NONE', #781, #1251, #1106 ) ;
#408 = DIRECTION ( 'NONE',  ( -0.000000000000000000, -0.000000000000000000, -1.000000000000000000 ) ) ;
#409 = EDGE_CURVE ( 'NONE', #389, #60, #1370, .T. ) ;
#410 = DIRECTION ( 'NONE',  ( -0.000000000000000000, 0.000000000000000000, 1.000000000000000000 ) ) ;
#411 = DIRECTION ( 'NONE',  ( -0.000000000000000000, -0.000000000000000000, -1.000000000000000000 ) ) ;
#412 = EDGE_LOOP ( 'NONE', ( #216, #48, #462, #630, #77, #924 ) ) ;
#413 = DIRECTION ( 'NONE',  ( 0.000000000000000000, -1.000000000000000000, 0.000000000000000000 ) ) ;
#414 = CARTESIAN_POINT ( 'NONE',  ( 6.942982294388308162, -5.396971605577291164, 0.1249999999999999445 ) ) ;
#415 = ADVANCED_FACE ( 'NONE', ( #741, #864, #1234, #429, #192, #993 ), #284, .T. ) ;
#416 = ORIENTED_EDGE ( 'NONE', *, *, #1325, .F. ) ;
#417 = CARTESIAN_POINT ( 'NONE',  ( -6.807017705611697167, -6.280298008170606572, -3.252606517456513302E-17 ) ) ;
#418 = EDGE_CURVE ( 'NONE', #690, #726, #8, .T. ) ;
#419 = ORIENTED_EDGE ( 'NONE', *, *, #648, .F. ) ;
#420 = DIRECTION ( 'NONE',  ( -0.4719516418324255502, 0.8816244369183957597, 0.000000000000000000 ) ) ;
#421 = DIRECTION ( 'NONE',  ( 1.000000000000000000, 0.000000000000000000, 0.000000000000000000 ) ) ;
#422 = DIRECTION ( 'NONE',  ( -0.000000000000000000, 0.000000000000000000, 1.000000000000000000 ) ) ;
#423 = DIRECTION ( 'NONE',  ( -0.000000000000000000, 0.000000000000000000, 1.000000000000000000 ) ) ;
#424 = TOROIDAL_SURFACE ( 'NONE', #494, 0.7500000000000008882, 0.1250000000000000000 ) ;
#425 = ORIENTED_EDGE ( 'NONE', *, *, #1479, .F. ) ;
#426 = AXIS2_PLACEMENT_3D ( 'NONE', #1424, #962, #390 ) ;
#427 = AXIS2_PLACEMENT_3D ( 'NONE', #1358, #658, #1016 ) ;
#428 = AXIS2_PLACEMENT_3D ( 'NONE', #1453, #1113, #1478 ) ;
#429 = FACE_BOUND ( 'NONE', #503, .T. ) ;
#430 = VERTEX_POINT ( 'NONE', #529 ) ;
#431 = VERTEX_POINT ( 'NONE', #1086 ) ;
#432 = EDGE_CURVE ( 'NONE', #1405, #112, #854, .T. ) ;
#433 = CARTESIAN_POINT ( 'NONE',  ( -5.057017705611690950, -5.396971605577291164, 1.250000000000000000 ) ) ;
#434 = CARTESIAN_POINT ( 'NONE',  ( -4.477806482019347278, -11.60709106696295656, 1.125000000000000222 ) ) ;
#435 = CARTESIAN_POINT ( 'NONE',  ( -6.279443357054651287, -8.607091066962954784, 1.250000000000000000 ) ) ;
#436 = CYLINDRICAL_SURFACE ( 'NONE', #687, 1.124999999999999556 ) ;
#437 = VERTEX_POINT ( 'NONE', #747 ) ;
#438 = CARTESIAN_POINT ( 'NONE',  ( -6.041966250626568780, -0.9535049481706063812, 0.06250000000000005551 ) ) ;
#439 = MANIFOLD_SOLID_BREP ( 'Fillet3', #247 ) ;
#440 = EDGE_CURVE ( 'NONE', #254, #431, #639, .T. ) ;
#441 = CARTESIAN_POINT ( 'NONE',  ( -5.406966250626568993, -0.9535049481706063812, 1.250000000000000000 ) ) ;
#442 = CARTESIAN_POINT ( 'NONE',  ( -4.477806482019347278, -11.60709106696295656, 0.000000000000000000 ) ) ;
#443 = ORIENTED_EDGE ( 'NONE', *, *, #677, .T. ) ;
#444 = VERTEX_POINT ( 'NONE', #1153 ) ;
#445 = AXIS2_PLACEMENT_3D ( 'NONE', #1108, #533, #69 ) ;
#446 = CIRCLE ( 'NONE', #1026, 0.8750000000000001110 ) ;
#447 = AXIS2_PLACEMENT_3D ( 'NONE', #442, #909, #681 ) ;
#448 = UNCERTAINTY_MEASURE_WITH_UNIT (LENGTH_MEASURE( 1.000000000000000082E-05 ), #1409, 'distance_accuracy_value', 'NONE');
#449 = DIRECTION ( 'NONE',  ( -0.000000000000000000, -0.000000000000000000, -1.000000000000000000 ) ) ;
#450 = ORIENTED_EDGE ( 'NONE', *, *, #1141, .T. ) ;
#451 = ORIENTED_EDGE ( 'NONE', *, *, #358, .F. ) ;
#452 = DIRECTION ( 'NONE',  ( 1.000000000000000000, 0.000000000000000000, 0.000000000000000000 ) ) ;
#453 = DIRECTION ( 'NONE',  ( -0.000000000000000000, 0.000000000000000000, 1.000000000000000000 ) ) ;
#454 = EDGE_CURVE ( 'NONE', #576, #71, #1466, .T. ) ;
#455 = ORIENTED_EDGE ( 'NONE', *, *, #997, .T. ) ;
#456 = DIRECTION ( 'NONE',  ( -0.000000000000000000, 0.000000000000000000, 1.000000000000000000 ) ) ;
#457 = EDGE_CURVE ( 'NONE', #234, #971, #38, .T. ) ;
#458 = ORIENTED_EDGE ( 'NONE', *, *, #648, .T. ) ;
#459 = CARTESIAN_POINT ( 'NONE',  ( -6.682017705611696279, -6.280298008170606572, 0.1249999999999999445 ) ) ;
#460 = CARTESIAN_POINT ( 'NONE',  ( -4.477806482019347278, -11.60709106696295656, 1.250000000000000000 ) ) ;
#461 = CARTESIAN_POINT ( 'NONE',  ( -5.406966250626568993, -0.9535049481706063812, 1.125000000000000222 ) ) ;
#462 = ORIENTED_EDGE ( 'NONE', *, *, #600, .T. ) ;
#463 = CARTESIAN_POINT ( 'NONE',  ( -3.599284268449527868, -11.12938956993328965, 1.125000000000000222 ) ) ;
#464 = AXIS2_PLACEMENT_3D ( 'NONE', #1018, #453, #1044 ) ;
#465 = ORIENTED_EDGE ( 'NONE', *, *, #321, .F. ) ;
#466 = ADVANCED_FACE ( 'NONE', ( #1476 ), #1507, .F. ) ;
#467 = AXIS2_PLACEMENT_3D ( 'NONE', #824, #963, #1431 ) ;
#468 = CIRCLE ( 'NONE', #1275, 1.000000000000000222 ) ;
#469 = DIRECTION ( 'NONE',  ( -0.000000000000000000, 0.000000000000000000, 1.000000000000000000 ) ) ;
#470 = CIRCLE ( 'NONE', #665, 0.6249999999999998890 ) ;
#471 = DIRECTION ( 'NONE',  ( -0.000000000000000000, 0.000000000000000000, 1.000000000000000000 ) ) ;
#472 = CIRCLE ( 'NONE', #62, 0.1249999999999998057 ) ;
#473 = DIRECTION ( 'NONE',  ( 1.000000000000000000, 0.000000000000000000, 0.000000000000000000 ) ) ;
#474 = AXIS2_PLACEMENT_3D ( 'NONE', #1494, #565, #1274 ) ;
#475 = ORIENTED_EDGE ( 'NONE', *, *, #1267, .T. ) ;
#476 = CARTESIAN_POINT ( 'NONE',  ( 7.864935634838235323, -4.999768081309087897, 1.125000000000000222 ) ) ;
#477 = ADVANCED_FACE ( 'NONE', ( #799 ), #1363, .F. ) ;
#478 = EDGE_LOOP ( 'NONE', ( #881, #766, #1385, #1039 ) ) ;
#479 = EDGE_CURVE ( 'NONE', #234, #1128, #807, .T. ) ;
#480 = CARTESIAN_POINT ( 'NONE',  ( -6.041966250626568780, -0.9535049481706063812, 1.187500000000000000 ) ) ;
#481 = DIRECTION ( 'NONE',  ( 0.000000000000000000, -0.000000000000000000, -1.000000000000000000 ) ) ;
#482 = ORIENTED_EDGE ( 'NONE', *, *, #776, .F. ) ;
#483 = DIRECTION ( 'NONE',  ( 1.000000000000000000, 0.000000000000000000, 0.000000000000000000 ) ) ;
#484 = EDGE_LOOP ( 'NONE', ( #123, #991 ) ) ;
#485 = DIRECTION ( 'NONE',  ( -0.000000000000000000, 0.000000000000000000, 1.000000000000000000 ) ) ;
#486 = DIRECTION ( 'NONE',  ( 1.000000000000000000, 0.000000000000000000, 0.000000000000000000 ) ) ;
#487 = EDGE_CURVE ( 'NONE', #609, #374, #1054, .T. ) ;
#488 = CARTESIAN_POINT ( 'NONE',  ( 7.864935634838235323, -4.999768081309087897, 1.125000000000000222 ) ) ;
#489 = ORIENTED_EDGE ( 'NONE', *, *, #703, .F. ) ;
#490 = FACE_OUTER_BOUND ( 'NONE', #318, .T. ) ;
#491 = ORIENTED_EDGE ( 'NONE', *, *, #1021, .F. ) ;
#492 = AXIS2_PLACEMENT_3D ( 'NONE', #236, #671, #228 ) ;
#493 = CARTESIAN_POINT ( 'NONE',  ( -4.904443357054649510, -8.607091066962954784, -3.252606517456513302E-17 ) ) ;
#494 = AXIS2_PLACEMENT_3D ( 'NONE', #250, #849, #1202 ) ;
#495 = UNCERTAINTY_MEASURE_WITH_UNIT (LENGTH_MEASURE( 1.000000000000000082E-05 ), #1110, 'distance_accuracy_value', 'NONE');
#496 = DIRECTION ( 'NONE',  ( 0.000000000000000000, -1.000000000000000000, 0.000000000000000000 ) ) ;
#497 = DIRECTION ( 'NONE',  ( -1.000000000000000000, 0.000000000000000000, 0.000000000000000000 ) ) ;
#498 = TOROIDAL_SURFACE ( 'NONE', #522, 0.6975000000000002309, 0.06250000000000000000 ) ;
#499 = AXIS2_PLACEMENT_3D ( 'NONE', #1232, #1115, #182 ) ;
#500 = EDGE_LOOP ( 'NONE', ( #341, #360, #443, #1034 ) ) ;
#501 = CARTESIAN_POINT ( 'NONE',  ( -4.477806482019347278, -11.60709106696295656, 0.000000000000000000 ) ) ;
#502 = AXIS2_PLACEMENT_3D ( 'NONE', #30, #1441, #972 ) ;
#503 = EDGE_LOOP ( 'NONE', ( #588, #120 ) ) ;
#504 = PRODUCT_DEFINITION_FORMATION_WITH_SPECIFIED_SOURCE ( 'Symmetric', '', #765, .NOT_KNOWN. ) ;
#505 = DIRECTION ( 'NONE',  ( 1.000000000000000000, 0.000000000000000000, 0.000000000000000000 ) ) ;
#506 = CARTESIAN_POINT ( 'NONE',  ( -4.406966250626568105, -0.9535049481706063812, 1.250000000000000000 ) ) ;
#507 = VERTEX_POINT ( 'NONE', #1035 ) ;
#508 = DIRECTION ( 'NONE',  ( -0.000000000000000000, -0.000000000000000000, -1.000000000000000000 ) ) ;
#509 = ADVANCED_FACE ( 'NONE', ( #226 ), #1420, .T. ) ;
#510 = ORIENTED_EDGE ( 'NONE', *, *, #1481, .F. ) ;
#511 = ADVANCED_FACE ( 'NONE', ( #213 ), #1394, .T. ) ;
#512 = FACE_OUTER_BOUND ( 'NONE', #1130, .T. ) ;
#513 = SURFACE_STYLE_FILL_AREA ( #1002 ) ;
#514 = DIRECTION ( 'NONE',  ( -1.000000000000000000, 0.000000000000000000, 0.000000000000000000 ) ) ;
#515 = ORIENTED_EDGE ( 'NONE', *, *, #349, .F. ) ;
#516 = FACE_OUTER_BOUND ( 'NONE', #281, .T. ) ;
#517 = EDGE_LOOP ( 'NONE', ( #536, #1315 ) ) ;
#518 = DIRECTION ( 'NONE',  ( 1.000000000000000000, 0.000000000000000000, 0.000000000000000000 ) ) ;
#519 = VECTOR ( 'NONE', #377, 100.0000000000000000 ) ;
#520 = DIRECTION ( 'NONE',  ( -1.000000000000000000, 0.000000000000000000, 0.000000000000000000 ) ) ;
#521 = ORIENTED_EDGE ( 'NONE', *, *, #822, .T. ) ;
#522 = AXIS2_PLACEMENT_3D ( 'NONE', #235, #20, #384 ) ;
#523 = PLANE ( 'NONE',  #1333 ) ;
#524 = CIRCLE ( 'NONE', #549, 0.1250000000000001110 ) ;
#525 = VERTEX_POINT ( 'NONE', #459 ) ;
#526 = AXIS2_PLACEMENT_3D ( 'NONE', #845, #1300, #142 ) ;
#527 = CARTESIAN_POINT ( 'NONE',  ( -5.307017705611691838, -3.953504948170606603, 1.125000000000000222 ) ) ;
#528 = ADVANCED_FACE ( 'NONE', ( #558 ), #1372, .T. ) ;
#529 = CARTESIAN_POINT ( 'NONE',  ( -4.466017790054005232, -1.292054788734925630, 0.000000000000000000 ) ) ;
#530 = CYLINDRICAL_SURFACE ( 'NONE', #949, 0.6350000000000001199 ) ;
#531 = CYLINDRICAL_SURFACE ( 'NONE', #551, 12.00000000000000000 ) ;
#532 = VERTEX_POINT ( 'NONE', #438 ) ;
#533 = DIRECTION ( 'NONE',  ( -0.000000000000000000, 0.000000000000000000, 1.000000000000000000 ) ) ;
#534 = DIRECTION ( 'NONE',  ( -1.000000000000000000, 0.000000000000000000, 0.000000000000000000 ) ) ;
#535 = EDGE_CURVE ( 'NONE', #1128, #200, #107, .T. ) ;
#536 = ORIENTED_EDGE ( 'NONE', *, *, #838, .T. ) ;
#537 = DIRECTION ( 'NONE',  ( 1.000000000000000000, 0.000000000000000000, 0.000000000000000000 ) ) ;
#538 = ORIENTED_EDGE ( 'NONE', *, *, #1432, .T. ) ;
#539 = DIRECTION ( 'NONE',  ( -1.000000000000000000, 0.000000000000000000, 0.000000000000000000 ) ) ;
#540 = DIRECTION ( 'NONE',  ( 1.000000000000000000, 0.000000000000000000, 0.000000000000000000 ) ) ;
#541 = AXIS2_PLACEMENT_3D ( 'NONE', #908, #583, #1483 ) ;
#542 = EDGE_LOOP ( 'NONE', ( #1378, #1182 ) ) ;
#543 = DIRECTION ( 'NONE',  ( -0.000000000000000000, 0.000000000000000000, 1.000000000000000000 ) ) ;
#544 = AXIS2_PLACEMENT_3D ( 'NONE', #1273, #811, #209 ) ;
#545 = ADVANCED_FACE ( 'NONE', ( #1257 ), #1101, .T. ) ;
#546 = AXIS2_PLACEMENT_3D ( 'NONE', #638, #56, #421 ) ;
#547 = VERTEX_POINT ( 'NONE', #1137 ) ;
#548 = AXIS2_PLACEMENT_3D ( 'NONE', #1099, #420, #396 ) ;
#549 = AXIS2_PLACEMENT_3D ( 'NONE', #74, #636, #539 ) ;
#550 = CARTESIAN_POINT ( 'NONE',  ( -5.654443357054650399, -8.607091066962954784, 0.000000000000000000 ) ) ;
#551 = AXIS2_PLACEMENT_3D ( 'NONE', #1360, #411, #323 ) ;
#552 = CARTESIAN_POINT ( 'NONE',  ( -5.654443357054650399, -8.607091066962954784, 1.125000000000000222 ) ) ;
#553 = ORIENTED_EDGE ( 'NONE', *, *, #1490, .T. ) ;
#554 = CARTESIAN_POINT ( 'NONE',  ( -5.406966250626568993, -0.9535049481706063812, 0.1249999999999999445 ) ) ;
#555 = ORIENTED_EDGE ( 'NONE', *, *, #97, .F. ) ;
#556 = EDGE_CURVE ( 'NONE', #941, #200, #336, .T. ) ;
#557 = DIRECTION ( 'NONE',  ( 0.9409484605725618733, -0.3385498405643191377, 0.000000000000000000 ) ) ;
#558 = FACE_OUTER_BOUND ( 'NONE', #1150, .T. ) ;
#559 = CARTESIAN_POINT ( 'NONE',  ( -4.477806482019347278, -11.60709106696295656, 0.06250000000000005551 ) ) ;
#560 = CARTESIAN_POINT ( 'NONE',  ( -6.483066403502093955, -0.6254295589972160840, 1.250000000000000000 ) ) ;
#561 = EDGE_CURVE ( 'NONE', #1231, #1237, #252, .T. ) ;
#562 = VERTEX_POINT ( 'NONE', #241 ) ;
#563 = DIRECTION ( 'NONE',  ( -0.000000000000000000, 0.000000000000000000, 1.000000000000000000 ) ) ;
#564 = DIRECTION ( 'NONE',  ( 1.000000000000000000, 0.000000000000000000, 0.000000000000000000 ) ) ;
#565 = DIRECTION ( 'NONE',  ( -0.000000000000000000, 0.000000000000000000, 1.000000000000000000 ) ) ;
#566 = AXIS2_PLACEMENT_3D ( 'NONE', #616, #1058, #486 ) ;
#567 = VERTEX_POINT ( 'NONE', #1168 ) ;
#568 = AXIS2_PLACEMENT_3D ( 'NONE', #1122, #115, #673 ) ;
#569 = VECTOR ( 'NONE', #508, 100.0000000000000000 ) ;
#570 = EDGE_CURVE ( 'NONE', #269, #335, #12, .T. ) ;
#571 = VECTOR ( 'NONE', #2, 100.0000000000000000 ) ;
#572 = CARTESIAN_POINT ( 'NONE',  ( -6.104466250626568780, -0.9535049481706063812, 1.250000000000000000 ) ) ;
#573 = EDGE_CURVE ( 'NONE', #1498, #204, #591, .T. ) ;
#574 = CARTESIAN_POINT ( 'NONE',  ( -6.404443357054651287, -8.607091066962954784, 1.125000000000000222 ) ) ;
#575 = EDGE_LOOP ( 'NONE', ( #179, #628 ) ) ;
#576 = VERTEX_POINT ( 'NONE', #493 ) ;
#577 = DIRECTION ( 'NONE',  ( 0.000000000000000000, -0.000000000000000000, -1.000000000000000000 ) ) ;
#578 = DIRECTION ( 'NONE',  ( -0.000000000000000000, -0.000000000000000000, -1.000000000000000000 ) ) ;
#579 = EDGE_LOOP ( 'NONE', ( #1167, #1303, #317, #1241 ) ) ;
#580 = LINE ( 'NONE', #702, #1201 ) ;
#581 = ORIENTED_EDGE ( 'NONE', *, *, #189, .T. ) ;
#582 = DIRECTION ( 'NONE',  ( 0.000000000000000000, 0.000000000000000000, -1.000000000000000000 ) ) ;
#583 = DIRECTION ( 'NONE',  ( -0.000000000000000000, -0.000000000000000000, -1.000000000000000000 ) ) ;
#584 = DIRECTION ( 'NONE',  ( -0.000000000000000000, 0.000000000000000000, 1.000000000000000000 ) ) ;
#585 = ORIENTED_EDGE ( 'NONE', *, *, #1384, .T. ) ;
#586 = CARTESIAN_POINT ( 'NONE',  ( -5.406966250626568993, -0.9535049481706063812, 1.250000000000000000 ) ) ;
#587 = EDGE_CURVE ( 'NONE', #852, #1471, #40, .T. ) ;
#588 = ORIENTED_EDGE ( 'NONE', *, *, #369, .T. ) ;
#589 = MECHANICAL_DESIGN_GEOMETRIC_PRESENTATION_REPRESENTATION (  '', ( #59 ), #1299 ) ;
#590 = AXIS2_PLACEMENT_3D ( 'NONE', #1413, #1184, #582 ) ;
#591 = LINE ( 'NONE', #830, #1004 ) ;
#592 = TOROIDAL_SURFACE ( 'NONE', #684, 12.12500000000000000, 0.1250000000000000000 ) ;
#593 = CARTESIAN_POINT ( 'NONE',  ( -6.807017705611697167, -6.280298008170606572, 0.1249999999999999445 ) ) ;
#594 = CIRCLE ( 'NONE', #1448, 0.6250000000000005551 ) ;
#595 = FACE_OUTER_BOUND ( 'NONE', #478, .T. ) ;
#596 = TOROIDAL_SURFACE ( 'NONE', #526, 0.6975000000000000089, 0.06250000000000000000 ) ;
#597 = EDGE_LOOP ( 'NONE', ( #716, #136, #1014, #581 ) ) ;
#598 = CARTESIAN_POINT ( 'NONE',  ( -6.807017705611692726, -3.953504948170606603, -3.252606517456513302E-17 ) ) ;
#599 = VERTEX_POINT ( 'NONE', #816 ) ;
#600 = EDGE_CURVE ( 'NONE', #258, #870, #953, .T. ) ;
#601 = DIRECTION ( 'NONE',  ( -0.000000000000000000, 0.000000000000000000, 1.000000000000000000 ) ) ;
#602 = DIRECTION ( 'NONE',  ( 1.000000000000000000, 4.163336342344336238E-15, 0.000000000000000000 ) ) ;
#603 = CARTESIAN_POINT ( 'NONE',  ( -4.281966250626568993, -0.9535049481706063812, 1.125000000000000222 ) ) ;
#604 = ORIENTED_EDGE ( 'NONE', *, *, #988, .T. ) ;
#605 = ORIENTED_EDGE ( 'NONE', *, *, #76, .T. ) ;
#606 = CARTESIAN_POINT ( 'NONE',  ( -5.406966250626568993, -0.9535049481706063812, 1.250000000000000000 ) ) ;
#607 = CARTESIAN_POINT ( 'NONE',  ( -5.432017705611695391, -6.280298008170606572, 1.125000000000000222 ) ) ;
#608 = CARTESIAN_POINT ( 'NONE',  ( -4.406966250626568993, -0.9535049481706063812, 0.1249999999999999445 ) ) ;
#609 = VERTEX_POINT ( 'NONE', #841 ) ;
#610 = FACE_OUTER_BOUND ( 'NONE', #1341, .T. ) ;
#611 = EDGE_LOOP ( 'NONE', ( #1428, #1142, #222, #491 ) ) ;
#612 = CIRCLE ( 'NONE', #1391, 0.6250000000000005551 ) ;
#613 = CARTESIAN_POINT ( 'NONE',  ( -3.599284268449527868, -11.12938956993328965, 1.250000000000000000 ) ) ;
#614 = TOROIDAL_SURFACE ( 'NONE', #1464, 0.7500000000000001110, 0.1250000000000000000 ) ;
#615 = EDGE_CURVE ( 'NONE', #1158, #437, #302, .T. ) ;
#616 = CARTESIAN_POINT ( 'NONE',  ( -4.477806482019347278, -11.60709106696295656, 1.250000000000000000 ) ) ;
#617 = AXIS2_PLACEMENT_3D ( 'NONE', #527, #413, #1349 ) ;
#618 = EDGE_CURVE ( 'NONE', #430, #599, #1328, .T. ) ;
#619 = AXIS2_PLACEMENT_3D ( 'NONE', #1446, #1455, #869 ) ;
#620 = ORIENTED_EDGE ( 'NONE', *, *, #1318, .T. ) ;
#621 = CARTESIAN_POINT ( 'NONE',  ( -5.307017705611695391, -6.280298008170606572, 1.125000000000000222 ) ) ;
#622 = AXIS2_PLACEMENT_3D ( 'NONE', #461, #1134, #1019 ) ;
#623 = VERTEX_POINT ( 'NONE', #1289 ) ;
#624 = DIRECTION ( 'NONE',  ( -0.000000000000000000, 0.000000000000000000, 1.000000000000000000 ) ) ;
#625 = EDGE_CURVE ( 'NONE', #967, #254, #152, .T. ) ;
#626 = LINE ( 'NONE', #1185, #875 ) ;
#627 = DIRECTION ( 'NONE',  ( 0.000000000000000000, 0.000000000000000000, 1.000000000000000000 ) ) ;
#628 = ORIENTED_EDGE ( 'NONE', *, *, #223, .T. ) ;
#629 = CARTESIAN_POINT ( 'NONE',  ( -5.175306482019347953, -11.60709106696295656, 0.06250000000000005551 ) ) ;
#630 = ORIENTED_EDGE ( 'NONE', *, *, #977, .T. ) ;
#631 = CARTESIAN_POINT ( 'NONE',  ( -4.477806482019347278, -11.60709106696295656, 1.250000000000000000 ) ) ;
#632 = EDGE_LOOP ( 'NONE', ( #1485, #37, #934, #196 ) ) ;
#633 = FACE_BOUND ( 'NONE', #759, .T. ) ;
#634 = ORIENTED_EDGE ( 'NONE', *, *, #362, .T. ) ;
#635 = ADVANCED_FACE ( 'NONE', ( #706 ), #266, .F. ) ;
#636 = DIRECTION ( 'NONE',  ( 1.224646799147353207E-16, 1.000000000000000000, 0.000000000000000000 ) ) ;
#637 = AXIS2_PLACEMENT_3D ( 'NONE', #1407, #496, #832 ) ;
#638 = CARTESIAN_POINT ( 'NONE',  ( -5.406966250626568993, -0.9535049481706063812, 1.187500000000000000 ) ) ;
#639 = CIRCLE ( 'NONE', #1147, 12.00000000000000000 ) ;
#640 = FACE_OUTER_BOUND ( 'NONE', #579, .T. ) ;
#641 = CIRCLE ( 'NONE', #548, 0.1249999999999996947 ) ;
#642 = FACE_OUTER_BOUND ( 'NONE', #813, .T. ) ;
#643 = CIRCLE ( 'NONE', #1493, 12.12500000000000000 ) ;
#644 = ORIENTED_EDGE ( 'NONE', *, *, #1141, .F. ) ;
#645 = CIRCLE ( 'NONE', #1495, 1.124999999999999556 ) ;
#646 = CIRCLE ( 'NONE', #1401, 0.6249999999999998890 ) ;
#647 = DIRECTION ( 'NONE',  ( 1.000000000000000000, 0.000000000000000000, 0.000000000000000000 ) ) ;
#648 = EDGE_CURVE ( 'NONE', #1498, #444, #470, .T. ) ;
#649 = DIRECTION ( 'NONE',  ( 0.000000000000000000, -1.000000000000000000, 0.000000000000000000 ) ) ;
#650 = DIRECTION ( 'NONE',  ( 1.000000000000000000, 0.000000000000000000, 0.000000000000000000 ) ) ;
#651 = DIRECTION ( 'NONE',  ( 1.000000000000000000, 0.000000000000000000, 0.000000000000000000 ) ) ;
#652 = ORIENTED_EDGE ( 'NONE', *, *, #1091, .T. ) ;
#653 = DIRECTION ( 'NONE',  ( 1.224646799147353207E-16, 1.000000000000000000, 0.000000000000000000 ) ) ;
#654 = CARTESIAN_POINT ( 'NONE',  ( 0.000000000000000000, 0.000000000000000000, 1.250000000000000000 ) ) ;
#655 = ORIENTED_EDGE ( 'NONE', *, *, #1432, .F. ) ;
#656 = FACE_OUTER_BOUND ( 'NONE', #846, .T. ) ;
#657 = ORIENTED_EDGE ( 'NONE', *, *, #244, .F. ) ;
#658 = DIRECTION ( 'NONE',  ( -0.000000000000000000, -0.000000000000000000, -1.000000000000000000 ) ) ;
#659 = DIRECTION ( 'NONE',  ( -1.000000000000000000, 0.000000000000000000, 0.000000000000000000 ) ) ;
#660 = ORIENTED_EDGE ( 'NONE', *, *, #223, .F. ) ;
#661 = CARTESIAN_POINT ( 'NONE',  ( -4.904443357054649510, -8.607091066962954784, 1.250000000000000000 ) ) ;
#662 = ADVANCED_FACE ( 'NONE', ( #1162 ), #719, .F. ) ;
#663 = AXIS2_PLACEMENT_3D ( 'NONE', #198, #987, #398 ) ;
#664 = ORIENTED_EDGE ( 'NONE', *, *, #47, .F. ) ;
#665 = AXIS2_PLACEMENT_3D ( 'NONE', #1178, #469, #505 ) ;
#666 = AXIS2_PLACEMENT_3D ( 'NONE', #976, #169, #752 ) ;
#667 = CARTESIAN_POINT ( 'NONE',  ( -4.477806482019347278, -11.60709106696295656, 0.000000000000000000 ) ) ;
#668 = CIRCLE ( 'NONE', #447, 0.8750000000000001110 ) ;
#669 = ADVANCED_FACE ( 'NONE', ( #693 ), #1051, .T. ) ;
#670 = DIRECTION ( 'NONE',  ( 1.000000000000000000, 0.000000000000000000, 0.000000000000000000 ) ) ;
#671 = DIRECTION ( 'NONE',  ( -0.000000000000000000, 0.000000000000000000, 1.000000000000000000 ) ) ;
#672 = ORIENTED_EDGE ( 'NONE', *, *, #587, .F. ) ;
#673 = DIRECTION ( 'NONE',  ( -0.9565334692226885593, 0.2916225681541261272, 0.000000000000000000 ) ) ;
#674 = DIRECTION ( 'NONE',  ( 1.224646799147353207E-16, 1.000000000000000000, 0.000000000000000000 ) ) ;
#675 = CARTESIAN_POINT ( 'NONE',  ( -3.709099545145755350, -11.18910225706199846, 0.1249999999999999445 ) ) ;
#676 = ORIENTED_EDGE ( 'NONE', *, *, #487, .T. ) ;
#677 = EDGE_CURVE ( 'NONE', #750, #562, #978, .T. ) ;
#678 = ORIENTED_EDGE ( 'NONE', *, *, #772, .T. ) ;
#679 = DIRECTION ( 'NONE',  ( -0.000000000000000000, 0.000000000000000000, 1.000000000000000000 ) ) ;
#680 = CARTESIAN_POINT ( 'NONE',  ( -5.406966250626568993, -0.9535049481706063812, 0.06250000000000005551 ) ) ;
#681 = DIRECTION ( 'NONE',  ( 1.000000000000000000, 4.758098676964956264E-15, 0.000000000000000000 ) ) ;
#682 = ORIENTED_EDGE ( 'NONE', *, *, #64, .T. ) ;
#683 = ORIENTED_EDGE ( 'NONE', *, *, #346, .T. ) ;
#684 = AXIS2_PLACEMENT_3D ( 'NONE', #740, #175, #518 ) ;
#685 = CARTESIAN_POINT ( 'NONE',  ( -6.057017705611691838, -3.953504948170606603, 0.1249999999999999445 ) ) ;
#686 = ADVANCED_FACE ( 'NONE', ( #1043 ), #498, .T. ) ;
#687 = AXIS2_PLACEMENT_3D ( 'NONE', #1356, #996, #1462 ) ;
#688 = DIRECTION ( 'NONE',  ( 1.000000000000000000, 0.000000000000000000, 0.000000000000000000 ) ) ;
#689 = CARTESIAN_POINT ( 'NONE',  ( -3.842806482019347492, -11.60709106696295656, 0.06250000000000005551 ) ) ;
#690 = VERTEX_POINT ( 'NONE', #480 ) ;
#691 = DIRECTION ( 'NONE',  ( 1.000000000000000000, 0.000000000000000000, 0.000000000000000000 ) ) ;
#692 = ORIENTED_EDGE ( 'NONE', *, *, #432, .T. ) ;
#693 = FACE_OUTER_BOUND ( 'NONE', #1288, .T. ) ;
#694 = EDGE_CURVE ( 'NONE', #971, #430, #159, .T. ) ;
#695 = DIRECTION ( 'NONE',  ( 0.3385498405643191933, 0.9409484605725619843, -5.735008324968469216E-16 ) ) ;
#696 = CARTESIAN_POINT ( 'NONE',  ( -5.406966250626568993, -0.9535049481706063812, 0.1249999999999999445 ) ) ;
#697 = VERTEX_POINT ( 'NONE', #823 ) ;
#698 = CARTESIAN_POINT ( 'NONE',  ( -6.057017705611691838, -3.953504948170606603, 1.250000000000000000 ) ) ;
#699 = DIRECTION ( 'NONE',  ( -0.000000000000000000, -0.000000000000000000, -1.000000000000000000 ) ) ;
#700 = LINE ( 'NONE', #1416, #519 ) ;
#701 = EDGE_LOOP ( 'NONE', ( #620, #1342, #1395, #16, #510 ) ) ;
#702 = CARTESIAN_POINT ( 'NONE',  ( -5.112806482019347953, -11.60709106696295656, 1.250000000000000000 ) ) ;
#703 = EDGE_CURVE ( 'NONE', #507, #1095, #1351, .T. ) ;
#704 = ORIENTED_EDGE ( 'NONE', *, *, #1173, .F. ) ;
#705 = AXIS2_PLACEMENT_3D ( 'NONE', #1116, #1339, #1211 ) ;
#706 = FACE_OUTER_BOUND ( 'NONE', #1388, .T. ) ;
#707 = AXIS2_PLACEMENT_3D ( 'NONE', #761, #653, #163 ) ;
#708 = DIRECTION ( 'NONE',  ( 1.000000000000000000, 0.000000000000000000, 0.000000000000000000 ) ) ;
#709 = AXIS2_PLACEMENT_3D ( 'NONE', #1219, #1346, #537 ) ;
#710 = CIRCLE ( 'NONE', #138, 0.1250000000000000000 ) ;
#711 = EDGE_LOOP ( 'NONE', ( #166, #1357, #692, #1124 ) ) ;
#712 = DIRECTION ( 'NONE',  ( -0.000000000000000000, 0.000000000000000000, 1.000000000000000000 ) ) ;
#713 = EDGE_LOOP ( 'NONE', ( #1042, #1220, #672, #51 ) ) ;
#714 = FACE_OUTER_BOUND ( 'NONE', #1193, .T. ) ;
#715 = DIRECTION ( 'NONE',  ( 1.000000000000000000, 3.561965537339043375E-15, 0.000000000000000000 ) ) ;
#716 = ORIENTED_EDGE ( 'NONE', *, *, #381, .F. ) ;
#717 = ORIENTED_EDGE ( 'NONE', *, *, #731, .T. ) ;
#718 = ADVANCED_FACE ( 'NONE', ( #259 ), #352, .T. ) ;
#719 = CYLINDRICAL_SURFACE ( 'NONE', #1248, 0.6350000000000001199 ) ;
#720 = ADVANCED_FACE ( 'NONE', ( #145 ), #878, .T. ) ;
#721 = DIRECTION ( 'NONE',  ( -0.000000000000000000, -0.000000000000000000, -1.000000000000000000 ) ) ;
#722 = DIRECTION ( 'NONE',  ( 1.000000000000000000, 0.000000000000000000, 0.000000000000000000 ) ) ;
#723 = ORIENTED_EDGE ( 'NONE', *, *, #1261, .T. ) ;
#724 = DIRECTION ( 'NONE',  ( 1.000000000000000000, 0.000000000000000000, 0.000000000000000000 ) ) ;
#725 = EDGE_CURVE ( 'NONE', #623, #437, #227, .T. ) ;
#726 = VERTEX_POINT ( 'NONE', #1338 ) ;
#727 = AXIS2_PLACEMENT_3D ( 'NONE', #794, #322, #564 ) ;
#728 = DIRECTION ( 'NONE',  ( 1.000000000000000000, 0.000000000000000000, 0.000000000000000000 ) ) ;
#729 = CIRCLE ( 'NONE', #1123, 0.6250000000000005551 ) ;
#730 = CARTESIAN_POINT ( 'NONE',  ( -6.483066403502093955, -0.6254295589972160840, 1.125000000000000222 ) ) ;
#731 = EDGE_CURVE ( 'NONE', #547, #623, #641, .T. ) ;
#732 = DIRECTION ( 'NONE',  ( -0.000000000000000000, 0.000000000000000000, 1.000000000000000000 ) ) ;
#733 = VECTOR ( 'NONE', #219, 100.0000000000000000 ) ;
#734 = CIRCLE ( 'NONE', #903, 0.7500000000000006661 ) ;
#735 = ORIENTED_EDGE ( 'NONE', *, *, #1063, .T. ) ;
#736 = DIRECTION ( 'NONE',  ( 1.224646799147353207E-16, 1.000000000000000000, 0.000000000000000000 ) ) ;
#737 = CIRCLE ( 'NONE', #786, 0.1249999999999999445 ) ;
#738 = ORIENTED_EDGE ( 'NONE', *, *, #997, .F. ) ;
#739 = CIRCLE ( 'NONE', #958, 0.06250000000000000000 ) ;
#740 = CARTESIAN_POINT ( 'NONE',  ( 6.942982294388308162, -5.396971605577291164, 0.1249999999999999445 ) ) ;
#741 = FACE_OUTER_BOUND ( 'NONE', #45, .T. ) ;
#742 = EDGE_CURVE ( 'NONE', #258, #1377, #1491, .T. ) ;
#743 = ORIENTED_EDGE ( 'NONE', *, *, #776, .T. ) ;
#744 = DIRECTION ( 'NONE',  ( 0.000000000000000000, -0.000000000000000000, -1.000000000000000000 ) ) ;
#745 = VERTEX_POINT ( 'NONE', #305 ) ;
#746 = CARTESIAN_POINT ( 'NONE',  ( -5.175306482019347953, -11.60709106696295656, 1.250000000000000000 ) ) ;
#747 = CARTESIAN_POINT ( 'NONE',  ( -3.477806482019347278, -11.60709106696295656, 0.1249999999999999445 ) ) ;
#748 = CARTESIAN_POINT ( 'NONE',  ( -4.477806482019347278, -11.60709106696295656, 0.1249999999999999445 ) ) ;
#749 = DIRECTION ( 'NONE',  ( 1.000000000000000000, 0.000000000000000000, 0.000000000000000000 ) ) ;
#750 = VERTEX_POINT ( 'NONE', #1200 ) ;
#751 = EDGE_CURVE ( 'NONE', #300, #444, #1276, .T. ) ;
#752 = DIRECTION ( 'NONE',  ( 1.000000000000000000, 0.000000000000000000, 0.000000000000000000 ) ) ;
#753 = CARTESIAN_POINT ( 'NONE',  ( -3.780306482019347492, -11.60709106696295656, 0.06250000000000005551 ) ) ;
#754 = CIRCLE ( 'NONE', #782, 0.6250000000000005551 ) ;
#755 = ORIENTED_EDGE ( 'NONE', *, *, #742, .T. ) ;
#756 = AXIS2_PLACEMENT_3D ( 'NONE', #1030, #679, #1143 ) ;
#757 = FACE_OUTER_BOUND ( 'NONE', #1266, .T. ) ;
#758 = CIRCLE ( 'NONE', #1469, 0.7500000000000000000 ) ;
#759 = EDGE_LOOP ( 'NONE', ( #652, #943 ) ) ;
#760 = CIRCLE ( 'NONE', #407, 0.1250000000000001110 ) ;
#761 = CARTESIAN_POINT ( 'NONE',  ( -6.104466250626568780, -0.9535049481706063812, 0.06250000000000005551 ) ) ;
#762 = CARTESIAN_POINT ( 'NONE',  ( -6.807017705611697167, -6.280298008170606572, 1.125000000000000222 ) ) ;
#763 = EDGE_LOOP ( 'NONE', ( #1189, #224, #450, #291 ) ) ;
#764 = DIRECTION ( 'NONE',  ( 1.000000000000000000, 0.000000000000000000, 0.000000000000000000 ) ) ;
#765 = PRODUCT ( 'angular push bar linkage', 'angular push bar linkage', '', ( #251 ) ) ;
#766 = ORIENTED_EDGE ( 'NONE', *, *, #865, .T. ) ;
#767 = PRODUCT_DEFINITION ( 'General', '', #504, #1500 ) ;
#768 = DIRECTION ( 'NONE',  ( -0.000000000000000000, -0.000000000000000000, -1.000000000000000000 ) ) ;
#769 = PRODUCT_RELATED_PRODUCT_CATEGORY ( 'part', '', ( #765 ) ) ;
#770 = EDGE_CURVE ( 'NONE', #532, #367, #1467, .T. ) ;
#771 = DIRECTION ( 'NONE',  ( 1.000000000000000000, 0.000000000000000000, 0.000000000000000000 ) ) ;
#772 = EDGE_CURVE ( 'NONE', #347, #1187, #734, .T. ) ;
#773 = ORIENTED_EDGE ( 'NONE', *, *, #174, .F. ) ;
#774 = CARTESIAN_POINT ( 'NONE',  ( -6.057017705611696279, -6.280298008170606572, 1.125000000000000222 ) ) ;
#775 = ORIENTED_EDGE ( 'NONE', *, *, #1173, .T. ) ;
#776 = EDGE_CURVE ( 'NONE', #204, #750, #406, .T. ) ;
#777 = ORIENTED_EDGE ( 'NONE', *, *, #1503, .T. ) ;
#778 = CARTESIAN_POINT ( 'NONE',  ( -4.477806482019347278, -11.60709106696295656, 0.1249999999999999445 ) ) ;
#779 = DIRECTION ( 'NONE',  ( -0.000000000000000000, 0.000000000000000000, 1.000000000000000000 ) ) ;
#780 = DIRECTION ( 'NONE',  ( 0.000000000000000000, -0.000000000000000000, -1.000000000000000000 ) ) ;
#781 = CARTESIAN_POINT ( 'NONE',  ( -6.807017705611692726, -3.953504948170606603, 1.125000000000000222 ) ) ;
#782 = AXIS2_PLACEMENT_3D ( 'NONE', #1102, #65, #70 ) ;
#783 = AXIS2_PLACEMENT_3D ( 'NONE', #1437, #992, #863 ) ;
#784 = EDGE_LOOP ( 'NONE', ( #895, #1426, #451, #383 ) ) ;
#785 = AXIS2_PLACEMENT_3D ( 'NONE', #172, #1419, #483 ) ;
#786 = AXIS2_PLACEMENT_3D ( 'NONE', #621, #1083, #52 ) ;
#787 = TOROIDAL_SURFACE ( 'NONE', #185, 14.87500000000000178, 0.1250000000000000000 ) ;
#788 = DIRECTION ( 'NONE',  ( -1.000000000000000000, 0.000000000000000000, 0.000000000000000000 ) ) ;
#789 = DIRECTION ( 'NONE',  ( 0.9565334692226885593, -0.2916225681541261272, 0.000000000000000000 ) ) ;
#790 = EDGE_CURVE ( 'NONE', #750, #204, #1006, .T. ) ;
#791 = ORIENTED_EDGE ( 'NONE', *, *, #1301, .F. ) ;
#792 = EDGE_LOOP ( 'NONE', ( #791, #868, #918, #735, #821, #188 ) ) ;
#793 = DIRECTION ( 'NONE',  ( -0.000000000000000000, 0.000000000000000000, 1.000000000000000000 ) ) ;
#794 = CARTESIAN_POINT ( 'NONE',  ( -5.406966250626568993, -0.9535049481706063812, 1.250000000000000000 ) ) ;
#795 = CARTESIAN_POINT ( 'NONE',  ( -4.709466250626568318, -0.9535049481706063812, 0.06250000000000005551 ) ) ;
#796 = ORIENTED_EDGE ( 'NONE', *, *, #1408, .T. ) ;
#797 = ORIENTED_EDGE ( 'NONE', *, *, #193, .T. ) ;
#798 = EDGE_CURVE ( 'NONE', #1060, #71, #524, .T. ) ;
#799 = FACE_OUTER_BOUND ( 'NONE', #23, .T. ) ;
#800 = AXIS2_PLACEMENT_3D ( 'NONE', #441, #1373, #331 ) ;
#801 = DIRECTION ( 'NONE',  ( -1.000000000000000000, 0.000000000000000000, 0.000000000000000000 ) ) ;
#802 = CARTESIAN_POINT ( 'NONE',  ( -5.406966250626568993, -0.9535049481706063812, 1.125000000000000222 ) ) ;
#803 = VERTEX_POINT ( 'NONE', #746 ) ;
#804 = DIRECTION ( 'NONE',  ( 1.000000000000000000, 0.000000000000000000, 0.000000000000000000 ) ) ;
#805 = AXIS2_PLACEMENT_3D ( 'NONE', #1271, #93, #320 ) ;
#806 = EDGE_LOOP ( 'NONE', ( #1463, #755, #1298, #173 ) ) ;
#807 = CIRCLE ( 'NONE', #568, 0.1249999999999997641 ) ;
#808 = AXIS2_PLACEMENT_3D ( 'NONE', #205, #814, #1061 ) ;
#809 = DIRECTION ( 'NONE',  ( -0.000000000000000000, -0.000000000000000000, -1.000000000000000000 ) ) ;
#810 = AXIS2_PLACEMENT_3D ( 'NONE', #1472, #888, #310 ) ;
#811 = DIRECTION ( 'NONE',  ( 0.000000000000000000, -1.000000000000000000, 0.000000000000000000 ) ) ;
#812 = DIRECTION ( 'NONE',  ( 1.000000000000000000, 0.000000000000000000, 0.000000000000000000 ) ) ;
#813 = EDGE_LOOP ( 'NONE', ( #143, #1390, #1383, #278 ) ) ;
#814 = DIRECTION ( 'NONE',  ( 0.000000000000000000, -0.000000000000000000, -1.000000000000000000 ) ) ;
#815 = ORIENTED_EDGE ( 'NONE', *, *, #340, .T. ) ;
#816 = CARTESIAN_POINT ( 'NONE',  ( -3.709099545145751797, -11.18910225706199668, 0.000000000000000000 ) ) ;
#817 = DIRECTION ( 'NONE',  ( -0.000000000000000000, 0.000000000000000000, 1.000000000000000000 ) ) ;
#818 = ADVANCED_FACE ( 'NONE', ( #999 ), #592, .T. ) ;
#819 = CARTESIAN_POINT ( 'NONE',  ( -6.057017705611696279, -6.280298008170606572, 1.250000000000000000 ) ) ;
#820 = DIRECTION ( 'NONE',  ( -0.000000000000000000, 0.000000000000000000, 1.000000000000000000 ) ) ;
#821 = ORIENTED_EDGE ( 'NONE', *, *, #587, .T. ) ;
#822 = EDGE_CURVE ( 'NONE', #1506, #269, #253, .T. ) ;
#823 = CARTESIAN_POINT ( 'NONE',  ( -5.112806482019347953, -11.60709106696295656, 0.06250000000000005551 ) ) ;
#824 = CARTESIAN_POINT ( 'NONE',  ( -5.249227864322950410, -12.02004875356632319, 1.125000000000000222 ) ) ;
#825 = CYLINDRICAL_SURFACE ( 'NONE', #1205, 0.6250000000000005551 ) ;
#826 = VERTEX_POINT ( 'NONE', #986 ) ;
#827 = DIRECTION ( 'NONE',  ( 1.000000000000000000, 0.000000000000000000, 0.000000000000000000 ) ) ;
#828 = ORIENTED_EDGE ( 'NONE', *, *, #556, .T. ) ;
#829 = CIRCLE ( 'NONE', #157, 12.00000000000000000 ) ;
#830 = CARTESIAN_POINT ( 'NONE',  ( -6.682017705611692726, -3.953504948170606603, 1.250000000000000000 ) ) ;
#831 = AXIS2_PLACEMENT_3D ( 'NONE', #373, #1067, #1096 ) ;
#832 = DIRECTION ( 'NONE',  ( 0.000000000000000000, 0.000000000000000000, -1.000000000000000000 ) ) ;
#833 = CIRCLE ( 'NONE', #382, 0.1250000000000003886 ) ;
#834 = CARTESIAN_POINT ( 'NONE',  ( 6.942982294388308162, -5.396971605577291164, 1.250000000000000000 ) ) ;
#835 = CIRCLE ( 'NONE', #308, 0.7500000000000006661 ) ;
#836 = ORIENTED_EDGE ( 'NONE', *, *, #1109, .T. ) ;
#837 = DIRECTION ( 'NONE',  ( 1.000000000000000000, 0.000000000000000000, 0.000000000000000000 ) ) ;
#838 = EDGE_CURVE ( 'NONE', #112, #961, #378, .T. ) ;
#839 = ORIENTED_EDGE ( 'NONE', *, *, #694, .T. ) ;
#840 = ADVANCED_FACE ( 'NONE', ( #1210 ), #1445, .T. ) ;
#841 = CARTESIAN_POINT ( 'NONE',  ( -5.029443357054649510, -8.607091066962954784, 1.125000000000000222 ) ) ;
#842 = CARTESIAN_POINT ( 'NONE',  ( -3.477806482019347278, -11.60709106696295656, 1.125000000000000222 ) ) ;
#843 = SHAPE_DEFINITION_REPRESENTATION ( #80, #298 ) ;
#844 = EDGE_LOOP ( 'NONE', ( #141, #678 ) ) ;
#845 = CARTESIAN_POINT ( 'NONE',  ( -4.477806482019347278, -11.60709106696295656, 1.187500000000000000 ) ) ;
#846 = EDGE_LOOP ( 'NONE', ( #1180, #401, #836, #704 ) ) ;
#847 = ADVANCED_FACE ( 'NONE', ( #512 ), #1422, .T. ) ;
#848 = DIRECTION ( 'NONE',  ( 1.000000000000000000, 0.000000000000000000, 0.000000000000000000 ) ) ;
#849 = DIRECTION ( 'NONE',  ( -0.000000000000000000, 0.000000000000000000, 1.000000000000000000 ) ) ;
#850 = ORIENTED_EDGE ( 'NONE', *, *, #618, .F. ) ;
#851 = DIRECTION ( 'NONE',  ( 1.000000000000000000, 0.000000000000000000, 0.000000000000000000 ) ) ;
#852 = VERTEX_POINT ( 'NONE', #1343 ) ;
#853 = CARTESIAN_POINT ( 'NONE',  ( -5.654443357054650399, -8.607091066962954784, 1.250000000000000000 ) ) ;
#854 = CIRCLE ( 'NONE', #203, 0.06250000000000000000 ) ;
#855 = EDGE_CURVE ( 'NONE', #1377, #1312, #1149, .T. ) ;
#856 = DIRECTION ( 'NONE',  ( -0.000000000000000000, 0.000000000000000000, 1.000000000000000000 ) ) ;
#857 = AXIS2_PLACEMENT_3D ( 'NONE', #1313, #1069, #248 ) ;
#858 = CIRCLE ( 'NONE', #808, 0.7500000000000006661 ) ;
#859 = ORIENTED_EDGE ( 'NONE', *, *, #440, .F. ) ;
#860 = CARTESIAN_POINT ( 'NONE',  ( -4.904443357054649510, -8.607091066962954784, 0.1249999999999999445 ) ) ;
#861 = AXIS2_PLACEMENT_3D ( 'NONE', #960, #1074, #827 ) ;
#862 = ORIENTED_EDGE ( 'NONE', *, *, #165, .F. ) ;
#863 = DIRECTION ( 'NONE',  ( 1.000000000000000000, 0.000000000000000000, 0.000000000000000000 ) ) ;
#864 = FACE_BOUND ( 'NONE', #1486, .T. ) ;
#865 = EDGE_CURVE ( 'NONE', #286, #431, #1362, .T. ) ;
#866 = DIRECTION ( 'NONE',  ( 1.000000000000000000, 0.000000000000000000, 0.000000000000000000 ) ) ;
#867 = DIRECTION ( 'NONE',  ( 0.000000000000000000, -1.000000000000000000, 0.000000000000000000 ) ) ;
#868 = ORIENTED_EDGE ( 'NONE', *, *, #1320, .T. ) ;
#869 = DIRECTION ( 'NONE',  ( 1.000000000000000000, 0.000000000000000000, 0.000000000000000000 ) ) ;
#870 = VERTEX_POINT ( 'NONE', #1286 ) ;
#871 = FACE_OUTER_BOUND ( 'NONE', #711, .T. ) ;
#872 = EDGE_CURVE ( 'NONE', #507, #697, #580, .T. ) ;
#873 = ORIENTED_EDGE ( 'NONE', *, *, #54, .F. ) ;
#874 = DIRECTION ( 'NONE',  ( 0.000000000000000000, 0.000000000000000000, -1.000000000000000000 ) ) ;
#875 = VECTOR ( 'NONE', #721, 100.0000000000000000 ) ;
#876 = CARTESIAN_POINT ( 'NONE',  ( -6.404443357054651287, -8.607091066962954784, 1.250000000000000000 ) ) ;
#877 = DIRECTION ( 'NONE',  ( 1.000000000000000000, 0.000000000000000000, 0.000000000000000000 ) ) ;
#878 = TOROIDAL_SURFACE ( 'NONE', #783, 0.7500000000000008882, 0.1250000000000000000 ) ;
#879 = FACE_OUTER_BOUND ( 'NONE', #1097, .T. ) ;
#880 = CIRCLE ( 'NONE', #929, 15.00000000000000178 ) ;
#881 = ORIENTED_EDGE ( 'NONE', *, *, #319, .T. ) ;
#882 = ADVANCED_FACE ( 'NONE', ( #891 ), #1078, .T. ) ;
#883 = TOROIDAL_SURFACE ( 'NONE', #87, 0.6975000000000000089, 0.06250000000000000000 ) ;
#884 = ADVANCED_FACE ( 'NONE', ( #366 ), #1127, .T. ) ;
#885 = LINE ( 'NONE', #925, #1279 ) ;
#886 = SURFACE_STYLE_USAGE ( .BOTH. , #970 ) ;
#887 = ORIENTED_EDGE ( 'NONE', *, *, #79, .F. ) ;
#888 = DIRECTION ( 'NONE',  ( -0.000000000000000000, 0.000000000000000000, 1.000000000000000000 ) ) ;
#889 = ADVANCED_FACE ( 'NONE', ( #92 ), #980, .T. ) ;
#890 = ORIENTED_EDGE ( 'NONE', *, *, #1320, .F. ) ;
#891 = FACE_OUTER_BOUND ( 'NONE', #784, .T. ) ;
#892 = ADVANCED_FACE ( 'NONE', ( #1119 ), #124, .F. ) ;
#893 = DIRECTION ( 'NONE',  ( 0.8785222135698184109, 0.4777014970296685203, 0.000000000000000000 ) ) ;
#894 = FACE_OUTER_BOUND ( 'NONE', #763, .T. ) ;
#895 = ORIENTED_EDGE ( 'NONE', *, *, #1429, .F. ) ;
#896 = DIRECTION ( 'NONE',  ( 1.000000000000000000, 0.000000000000000000, 0.000000000000000000 ) ) ;
#897 = ADVANCED_FACE ( 'NONE', ( #1294 ), #15, .T. ) ;
#898 = CYLINDRICAL_SURFACE ( 'NONE', #541, 15.00000000000000178 ) ;
#899 = DIRECTION ( 'NONE',  ( -0.000000000000000000, 0.000000000000000000, 1.000000000000000000 ) ) ;
#900 = VECTOR ( 'NONE', #408, 100.0000000000000000 ) ;
#901 = AXIS2_PLACEMENT_3D ( 'NONE', #1465, #624, #1460 ) ;
#902 = ORIENTED_EDGE ( 'NONE', *, *, #725, .F. ) ;
#903 = AXIS2_PLACEMENT_3D ( 'NONE', #853, #289, #63 ) ;
#904 = ORIENTED_EDGE ( 'NONE', *, *, #872, .T. ) ;
#905 = CIRCLE ( 'NONE', #1203, 0.7500000000000000000 ) ;
#906 = CIRCLE ( 'NONE', #1009, 15.00000000000000178 ) ;
#907 = DIRECTION ( 'NONE',  ( -0.000000000000000000, -0.000000000000000000, -1.000000000000000000 ) ) ;
#908 = CARTESIAN_POINT ( 'NONE',  ( 7.864935634838235323, -4.999768081309087897, 1.250000000000000000 ) ) ;
#909 = DIRECTION ( 'NONE',  ( 0.000000000000000000, -0.000000000000000000, -1.000000000000000000 ) ) ;
#910 = EDGE_CURVE ( 'NONE', #71, #576, #1103, .T. ) ;
#911 = EDGE_LOOP ( 'NONE', ( #775, #683, #311, #965 ) ) ;
#912 = ORIENTED_EDGE ( 'NONE', *, *, #1325, .T. ) ;
#913 = CARTESIAN_POINT ( 'NONE',  ( -4.477806482019347278, -11.60709106696295656, 1.250000000000000000 ) ) ;
#914 = FACE_OUTER_BOUND ( 'NONE', #632, .T. ) ;
#915 = CARTESIAN_POINT ( 'NONE',  ( -6.057017705611691838, -3.953504948170606603, 1.125000000000000222 ) ) ;
#916 = EDGE_LOOP ( 'NONE', ( #1480, #1165, #1207, #489 ) ) ;
#917 = FACE_OUTER_BOUND ( 'NONE', #1268, .T. ) ;
#918 = ORIENTED_EDGE ( 'NONE', *, *, #1364, .T. ) ;
#919 = DIRECTION ( 'NONE',  ( -1.000000000000000000, 0.000000000000000000, 0.000000000000000000 ) ) ;
#920 = CIRCLE ( 'NONE', #1244, 0.6250000000000005551 ) ;
#921 = DIRECTION ( 'NONE',  ( -0.000000000000000000, -0.000000000000000000, -1.000000000000000000 ) ) ;
#922 = CARTESIAN_POINT ( 'NONE',  ( -4.477806482019347278, -11.60709106696295656, 0.06250000000000005551 ) ) ;
#923 = AXIS2_PLACEMENT_3D ( 'NONE', #559, #1, #1380 ) ;
#924 = ORIENTED_EDGE ( 'NONE', *, *, #333, .T. ) ;
#925 = CARTESIAN_POINT ( 'NONE',  ( -5.359430918937746924, -12.07904270879537556, 1.250000000000000000 ) ) ;
#926 = ORIENTED_EDGE ( 'NONE', *, *, #1053, .F. ) ;
#927 = AXIS2_PLACEMENT_3D ( 'NONE', #434, #563, #1132 ) ;
#928 = EDGE_CURVE ( 'NONE', #126, #1347, #229, .T. ) ;
#929 = AXIS2_PLACEMENT_3D ( 'NONE', #476, #1475, #246 ) ;
#930 = DIRECTION ( 'NONE',  ( 1.000000000000000000, 0.000000000000000000, 0.000000000000000000 ) ) ;
#931 = AXIS2_PLACEMENT_3D ( 'NONE', #948, #158, #1181 ) ;
#932 =( GEOMETRIC_REPRESENTATION_CONTEXT ( 3 ) GLOBAL_UNCERTAINTY_ASSIGNED_CONTEXT ( ( #448 ) ) GLOBAL_UNIT_ASSIGNED_CONTEXT ( ( #1409, #1439, #1081 ) ) REPRESENTATION_CONTEXT ( 'NONE', 'WORKASPACE' ) );
#933 = LINE ( 'NONE', #344, #571 ) ;
#934 = ORIENTED_EDGE ( 'NONE', *, *, #1091, .F. ) ;
#935 = EDGE_CURVE ( 'NONE', #941, #315, #880, .T. ) ;
#936 = DIRECTION ( 'NONE',  ( -0.000000000000000000, 0.000000000000000000, 1.000000000000000000 ) ) ;
#937 = ORIENTED_EDGE ( 'NONE', *, *, #457, .T. ) ;
#938 = DIRECTION ( 'NONE',  ( -0.000000000000000000, -0.000000000000000000, -1.000000000000000000 ) ) ;
#939 = CARTESIAN_POINT ( 'NONE',  ( -6.363499719849266434, -0.6618823800164793658, 0.000000000000000000 ) ) ;
#940 = FACE_OUTER_BOUND ( 'NONE', #911, .T. ) ;
#941 = VERTEX_POINT ( 'NONE', #1278 ) ;
#942 = DIRECTION ( 'NONE',  ( 1.000000000000000000, 0.000000000000000000, 0.000000000000000000 ) ) ;
#943 = ORIENTED_EDGE ( 'NONE', *, *, #1021, .T. ) ;
#944 = CARTESIAN_POINT ( 'NONE',  ( -4.477806482019347278, -11.60709106696295656, 1.125000000000000222 ) ) ;
#945 = EDGE_CURVE ( 'NONE', #194, #567, #472, .T. ) ;
#946 = CARTESIAN_POINT ( 'NONE',  ( -3.599284268449527868, -11.12938956993328965, 0.1249999999999999445 ) ) ;
#947 = ORIENTED_EDGE ( 'NONE', *, *, #855, .T. ) ;
#948 = CARTESIAN_POINT ( 'NONE',  ( -6.057017705611696279, -6.280298008170606572, 0.1249999999999999445 ) ) ;
#949 = AXIS2_PLACEMENT_3D ( 'NONE', #1345, #1105, #66 ) ;
#950 = AXIS2_PLACEMENT_3D ( 'NONE', #593, #370, #1314 ) ;
#951 = VERTEX_POINT ( 'NONE', #598 ) ;
#952 = AXIS2_PLACEMENT_3D ( 'NONE', #762, #1456, #534 ) ;
#953 = CIRCLE ( 'NONE', #1125, 1.000000000000000222 ) ;
#954 = CARTESIAN_POINT ( 'NONE',  ( -5.406966250626568993, -0.9535049481706063812, 0.1249999999999999445 ) ) ;
#955 = AXIS2_PLACEMENT_3D ( 'NONE', #1092, #294, #728 ) ;
#956 = CARTESIAN_POINT ( 'NONE',  ( 6.942982294388308162, -5.396971605577291164, 1.125000000000000222 ) ) ;
#957 = TOROIDAL_SURFACE ( 'NONE', #474, 0.7500000000000008882, 0.1250000000000000000 ) ;
#958 = AXIS2_PLACEMENT_3D ( 'NONE', #795, #10, #1387 ) ;
#959 = ORIENTED_EDGE ( 'NONE', *, *, #174, .T. ) ;
#960 = CARTESIAN_POINT ( 'NONE',  ( -5.406966250626568993, -0.9535049481706063812, 0.000000000000000000 ) ) ;
#961 = VERTEX_POINT ( 'NONE', #1505 ) ;
#962 = DIRECTION ( 'NONE',  ( -0.000000000000000000, 0.000000000000000000, 1.000000000000000000 ) ) ;
#963 = DIRECTION ( 'NONE',  ( 0.4719516418324254947, -0.8816244369183956486, 0.000000000000000000 ) ) ;
#964 = CARTESIAN_POINT ( 'NONE',  ( -5.175306482019347953, -11.60709106696295656, 1.187500000000000000 ) ) ;
#965 = ORIENTED_EDGE ( 'NONE', *, *, #237, .F. ) ;
#966 = FACE_BOUND ( 'NONE', #542, .T. ) ;
#967 = VERTEX_POINT ( 'NONE', #463 ) ;
#968 = EDGE_CURVE ( 'NONE', #1187, #347, #858, .T. ) ;
#969 = DIRECTION ( 'NONE',  ( 0.000000000000000000, -1.000000000000000000, 0.000000000000000000 ) ) ;
#970 = SURFACE_SIDE_STYLE ('',( #513 ) ) ;
#971 = VERTEX_POINT ( 'NONE', #24 ) ;
#972 = DIRECTION ( 'NONE',  ( -1.000000000000000000, 0.000000000000000000, 0.000000000000000000 ) ) ;
#973 = CIRCLE ( 'NONE', #127, 0.6350000000000001199 ) ;
#974 = ORIENTED_EDGE ( 'NONE', *, *, #265, .F. ) ;
#975 = AXIS2_PLACEMENT_3D ( 'NONE', #1461, #422, #877 ) ;
#976 = CARTESIAN_POINT ( 'NONE',  ( -4.477806482019347278, -11.60709106696295656, 1.125000000000000222 ) ) ;
#977 = EDGE_CURVE ( 'NONE', #870, #623, #885, .T. ) ;
#978 = CIRCLE ( 'NONE', #590, 0.1250000000000000000 ) ;
#979 = CARTESIAN_POINT ( 'NONE',  ( -6.279443357054651287, -8.607091066962954784, 1.125000000000000222 ) ) ;
#980 = TOROIDAL_SURFACE ( 'NONE', #1176, 0.6975000000000002309, 0.06250000000000000000 ) ;
#981 = AXIS2_PLACEMENT_3D ( 'NONE', #774, #78, #1005 ) ;
#982 = FACE_OUTER_BOUND ( 'NONE', #1473, .T. ) ;
#983 = CARTESIAN_POINT ( 'NONE',  ( -3.602806482019347278, -11.60709106696295656, 0.000000000000000000 ) ) ;
#984 = AXIS2_PLACEMENT_3D ( 'NONE', #964, #268, #497 ) ;
#985 = EDGE_LOOP ( 'NONE', ( #102, #264, #902, #1066 ) ) ;
#986 = CARTESIAN_POINT ( 'NONE',  ( -5.307017705611695391, -6.280298008170606572, 1.250000000000000000 ) ) ;
#987 = DIRECTION ( 'NONE',  ( 0.000000000000000000, -0.000000000000000000, -1.000000000000000000 ) ) ;
#988 = EDGE_CURVE ( 'NONE', #1158, #547, #446, .T. ) ;
#989 = ORIENTED_EDGE ( 'NONE', *, *, #935, .T. ) ;
#990 = DIRECTION ( 'NONE',  ( 0.000000000000000000, -1.000000000000000000, 0.000000000000000000 ) ) ;
#991 = ORIENTED_EDGE ( 'NONE', *, *, #1414, .T. ) ;
#992 = DIRECTION ( 'NONE',  ( -0.000000000000000000, 0.000000000000000000, 1.000000000000000000 ) ) ;
#993 = FACE_BOUND ( 'NONE', #1295, .T. ) ;
#994 = ADVANCED_FACE ( 'NONE', ( #917 ), #1131, .F. ) ;
#995 = ORIENTED_EDGE ( 'NONE', *, *, #1400, .F. ) ;
#996 = DIRECTION ( 'NONE',  ( -0.000000000000000000, -0.000000000000000000, -1.000000000000000000 ) ) ;
#997 = EDGE_CURVE ( 'NONE', #133, #300, #758, .T. ) ;
#998 = EDGE_LOOP ( 'NONE', ( #202, #149, #1112, #1254 ) ) ;
#999 = FACE_OUTER_BOUND ( 'NONE', #405, .T. ) ;
#1000 = CIRCLE ( 'NONE', #154, 0.1249999999999998057 ) ;
#1001 = EDGE_CURVE ( 'NONE', #547, #234, #1330, .T. ) ;
#1002 = FILL_AREA_STYLE ('',( #1225 ) ) ;
#1003 = ORIENTED_EDGE ( 'NONE', *, *, #237, .T. ) ;
#1004 = VECTOR ( 'NONE', #938, 100.0000000000000000 ) ;
#1005 = DIRECTION ( 'NONE',  ( 1.000000000000000000, 0.000000000000000000, 0.000000000000000000 ) ) ;
#1006 = CIRCLE ( 'NONE', #499, 0.6249999999999998890 ) ;
#1007 = ORIENTED_EDGE ( 'NONE', *, *, #418, .F. ) ;
#1008 = AXIS2_PLACEMENT_3D ( 'NONE', #860, #46, #150 ) ;
#1009 = AXIS2_PLACEMENT_3D ( 'NONE', #488, #261, #715 ) ;
#1010 = DIRECTION ( 'NONE',  ( 1.000000000000000000, 0.000000000000000000, 0.000000000000000000 ) ) ;
#1011 = DIRECTION ( 'NONE',  ( -0.000000000000000000, 0.000000000000000000, 1.000000000000000000 ) ) ;
#1012 = ORIENTED_EDGE ( 'NONE', *, *, #1348, .T. ) ;
#1013 = CARTESIAN_POINT ( 'NONE',  ( 0.000000000000000000, 0.000000000000000000, 0.000000000000000000 ) ) ;
#1014 = ORIENTED_EDGE ( 'NONE', *, *, #211, .T. ) ;
#1015 = EDGE_CURVE ( 'NONE', #697, #961, #1055, .T. ) ;
#1016 = DIRECTION ( 'NONE',  ( -1.000000000000000000, 0.000000000000000000, 0.000000000000000000 ) ) ;
#1017 = DIRECTION ( 'NONE',  ( 1.000000000000000000, 0.000000000000000000, 0.000000000000000000 ) ) ;
#1018 = CARTESIAN_POINT ( 'NONE',  ( 7.864935634838235323, -4.999768081309087897, 0.1249999999999999445 ) ) ;
#1019 = DIRECTION ( 'NONE',  ( 1.000000000000000000, -1.850371707708595154E-15, 0.000000000000000000 ) ) ;
#1020 = ORIENTED_EDGE ( 'NONE', *, *, #362, .F. ) ;
#1021 = EDGE_CURVE ( 'NONE', #367, #1435, #404, .T. ) ;
#1022 = FACE_OUTER_BOUND ( 'NONE', #1117, .T. ) ;
#1023 = DIRECTION ( 'NONE',  ( 1.000000000000000000, 0.000000000000000000, 0.000000000000000000 ) ) ;
#1024 = AXIS2_PLACEMENT_3D ( 'NONE', #552, #1011, #1017 ) ;
#1025 = ORIENTED_EDGE ( 'NONE', *, *, #244, .T. ) ;
#1026 = AXIS2_PLACEMENT_3D ( 'NONE', #667, #1040, #804 ) ;
#1027 = ORIENTED_EDGE ( 'NONE', *, *, #1382, .F. ) ;
#1028 = TOROIDAL_SURFACE ( 'NONE', #981, 0.7500000000000008882, 0.1250000000000000000 ) ;
#1029 = CIRCLE ( 'NONE', #1152, 14.87500000000000178 ) ;
#1030 = CARTESIAN_POINT ( 'NONE',  ( -6.057017705611696279, -6.280298008170606572, 0.000000000000000000 ) ) ;
#1031 = DIRECTION ( 'NONE',  ( 0.4777014970296685759, -0.8785222135698185220, -2.651776004501220801E-15 ) ) ;
#1032 = CARTESIAN_POINT ( 'NONE',  ( -3.842806482019347492, -11.60709106696295656, 1.250000000000000000 ) ) ;
#1033 = EDGE_LOOP ( 'NONE', ( #660, #553, #1212, #1433 ) ) ;
#1034 = ORIENTED_EDGE ( 'NONE', *, *, #1414, .F. ) ;
#1035 = CARTESIAN_POINT ( 'NONE',  ( -5.112806482019347953, -11.60709106696295656, 1.187500000000000000 ) ) ;
#1036 = CARTESIAN_POINT ( 'NONE',  ( -4.466017790054004344, -1.292054788734925852, 0.1249999999999999445 ) ) ;
#1037 = DIRECTION ( 'NONE',  ( 0.000000000000000000, -0.000000000000000000, -1.000000000000000000 ) ) ;
#1038 = EDGE_CURVE ( 'NONE', #697, #1405, #1304, .T. ) ;
#1039 = ORIENTED_EDGE ( 'NONE', *, *, #1063, .F. ) ;
#1040 = DIRECTION ( 'NONE',  ( 0.000000000000000000, -0.000000000000000000, -1.000000000000000000 ) ) ;
#1041 = EDGE_CURVE ( 'NONE', #88, #803, #132, .T. ) ;
#1042 = ORIENTED_EDGE ( 'NONE', *, *, #694, .F. ) ;
#1043 = FACE_OUTER_BOUND ( 'NONE', #611, .T. ) ;
#1044 = DIRECTION ( 'NONE',  ( 1.000000000000000000, 0.000000000000000000, 0.000000000000000000 ) ) ;
#1045 = DIRECTION ( 'NONE',  ( -0.000000000000000000, 0.000000000000000000, 1.000000000000000000 ) ) ;
#1046 = VECTOR ( 'NONE', #1249, 100.0000000000000000 ) ;
#1047 = TOROIDAL_SURFACE ( 'NONE', #1120, 0.8750000000000001110, 0.1250000000000000000 ) ;
#1048 = ORIENTED_EDGE ( 'NONE', *, *, #772, .F. ) ;
#1049 = AXIS2_PLACEMENT_3D ( 'NONE', #307, #49, #540 ) ;
#1050 = DIRECTION ( 'NONE',  ( -0.000000000000000000, 0.000000000000000000, 1.000000000000000000 ) ) ;
#1051 = TOROIDAL_SURFACE ( 'NONE', #1174, 0.9999999999999998890, 0.1250000000000000000 ) ;
#1052 = EDGE_LOOP ( 'NONE', ( #1406, #634, #515, #271 ) ) ;
#1053 = EDGE_CURVE ( 'NONE', #1312, #567, #643, .T. ) ;
#1054 = CIRCLE ( 'NONE', #1024, 0.6250000000000005551 ) ;
#1055 = CIRCLE ( 'NONE', #1253, 0.06250000000000005551 ) ;
#1056 = DIRECTION ( 'NONE',  ( -0.000000000000000000, -0.000000000000000000, -1.000000000000000000 ) ) ;
#1057 = TOROIDAL_SURFACE ( 'NONE', #135, 0.6975000000000000089, 0.06250000000000000000 ) ;
#1058 = DIRECTION ( 'NONE',  ( 0.000000000000000000, -0.000000000000000000, -1.000000000000000000 ) ) ;
#1059 = CYLINDRICAL_SURFACE ( 'NONE', #330, 12.00000000000000000 ) ;
#1060 = VERTEX_POINT ( 'NONE', #1311 ) ;
#1061 = DIRECTION ( 'NONE',  ( 1.000000000000000000, 0.000000000000000000, 0.000000000000000000 ) ) ;
#1062 = ORIENTED_EDGE ( 'NONE', *, *, #1038, .T. ) ;
#1063 = EDGE_CURVE ( 'NONE', #194, #852, #1194, .T. ) ;
#1064 = CARTESIAN_POINT ( 'NONE',  ( -4.477806482019347278, -11.60709106696295656, 1.187500000000000000 ) ) ;
#1065 = DIRECTION ( 'NONE',  ( 1.000000000000000000, 0.000000000000000000, 0.000000000000000000 ) ) ;
#1066 = ORIENTED_EDGE ( 'NONE', *, *, #731, .F. ) ;
#1067 = DIRECTION ( 'NONE',  ( 0.000000000000000000, -0.000000000000000000, -1.000000000000000000 ) ) ;
#1068 = ORIENTED_EDGE ( 'NONE', *, *, #1038, .F. ) ;
#1069 = DIRECTION ( 'NONE',  ( 0.000000000000000000, -1.000000000000000000, 0.000000000000000000 ) ) ;
#1070 = CARTESIAN_POINT ( 'NONE',  ( -4.477806482019347278, -11.60709106696295656, 1.125000000000000222 ) ) ;
#1071 = EDGE_CURVE ( 'NONE', #961, #112, #109, .T. ) ;
#1072 = CARTESIAN_POINT ( 'NONE',  ( 7.864935634838235323, -4.999768081309087897, 1.250000000000000000 ) ) ;
#1073 = ORIENTED_EDGE ( 'NONE', *, *, #1001, .F. ) ;
#1074 = DIRECTION ( 'NONE',  ( -0.000000000000000000, 0.000000000000000000, 1.000000000000000000 ) ) ;
#1075 = EDGE_LOOP ( 'NONE', ( #1068, #1171, #1310, #1118 ) ) ;
#1076 = AXIS2_PLACEMENT_3D ( 'NONE', #190, #969, #874 ) ;
#1077 = DIRECTION ( 'NONE',  ( -0.000000000000000000, 0.000000000000000000, 1.000000000000000000 ) ) ;
#1078 = TOROIDAL_SURFACE ( 'NONE', #1353, 0.7500000000000008882, 0.1250000000000000000 ) ;
#1079 = DIRECTION ( 'NONE',  ( -1.000000000000000000, 0.000000000000000000, 0.000000000000000000 ) ) ;
#1080 = CIRCLE ( 'NONE', #1255, 0.1249999999999997641 ) ;
#1081 =( NAMED_UNIT ( * ) SI_UNIT ( $, .STERADIAN. ) SOLID_ANGLE_UNIT ( ) );
#1082 = ORIENTED_EDGE ( 'NONE', *, *, #137, .F. ) ;
#1083 = DIRECTION ( 'NONE',  ( 0.000000000000000000, -1.000000000000000000, 0.000000000000000000 ) ) ;
#1084 = ORIENTED_EDGE ( 'NONE', *, *, #535, .F. ) ;
#1085 = DIRECTION ( 'NONE',  ( 0.000000000000000000, -0.000000000000000000, -1.000000000000000000 ) ) ;
#1086 = CARTESIAN_POINT ( 'NONE',  ( -5.057017705611690950, -5.396971605577291164, 0.1249999999999999445 ) ) ;
#1087 = DIRECTION ( 'NONE',  ( -0.000000000000000000, 0.000000000000000000, 1.000000000000000000 ) ) ;
#1088 = ORIENTED_EDGE ( 'NONE', *, *, #872, .F. ) ;
#1089 = DIRECTION ( 'NONE',  ( -0.000000000000000000, 0.000000000000000000, 1.000000000000000000 ) ) ;
#1090 = ORIENTED_EDGE ( 'NONE', *, *, #144, .F. ) ;
#1091 = EDGE_CURVE ( 'NONE', #1435, #367, #183, .T. ) ;
#1092 = CARTESIAN_POINT ( 'NONE',  ( -4.477806482019347278, -11.60709106696295656, 0.000000000000000000 ) ) ;
#1093 = CARTESIAN_POINT ( 'NONE',  ( -6.104466250626568780, -0.9535049481706063812, 1.187500000000000000 ) ) ;
#1094 = ADVANCED_FACE ( 'NONE', ( #610 ), #306, .T. ) ;
#1095 = VERTEX_POINT ( 'NONE', #263 ) ;
#1096 = DIRECTION ( 'NONE',  ( 1.000000000000000000, 0.000000000000000000, 0.000000000000000000 ) ) ;
#1097 = EDGE_LOOP ( 'NONE', ( #357, #926, #887, #664, #25 ) ) ;
#1098 = TOROIDAL_SURFACE ( 'NONE', #492, 0.6975000000000002309, 0.06250000000000000000 ) ;
#1099 = CARTESIAN_POINT ( 'NONE',  ( -5.249227864322946857, -12.02004875356632141, 0.1250000000000000000 ) ) ;
#1100 = AXIS2_PLACEMENT_3D ( 'NONE', #631, #290, #771 ) ;
#1101 = TOROIDAL_SURFACE ( 'NONE', #402, 0.6975000000000002309, 0.06250000000000000000 ) ;
#1102 = CARTESIAN_POINT ( 'NONE',  ( -6.057017705611696279, -6.280298008170606572, 1.125000000000000222 ) ) ;
#1103 = CIRCLE ( 'NONE', #1226, 0.7500000000000006661 ) ;
#1104 = AXIS2_PLACEMENT_3D ( 'NONE', #501, #1089, #942 ) ;
#1105 = DIRECTION ( 'NONE',  ( -0.000000000000000000, -0.000000000000000000, -1.000000000000000000 ) ) ;
#1106 = DIRECTION ( 'NONE',  ( -1.000000000000000000, 0.000000000000000000, 0.000000000000000000 ) ) ;
#1107 = ORIENTED_EDGE ( 'NONE', *, *, #218, .F. ) ;
#1108 = CARTESIAN_POINT ( 'NONE',  ( -6.057017705611691838, -3.953504948170606603, 0.1249999999999999445 ) ) ;
#1109 = EDGE_CURVE ( 'NONE', #826, #212, #737, .T. ) ;
#1110 =( LENGTH_UNIT ( ) NAMED_UNIT ( * ) SI_UNIT ( .CENTI., .METRE. ) );
#1111 = ADVANCED_FACE ( 'NONE', ( #388 ), #596, .T. ) ;
#1112 = ORIENTED_EDGE ( 'NONE', *, *, #1156, .T. ) ;
#1113 = DIRECTION ( 'NONE',  ( -0.000000000000000000, 0.000000000000000000, 1.000000000000000000 ) ) ;
#1114 = ORIENTED_EDGE ( 'NONE', *, *, #1340, .T. ) ;
#1115 = DIRECTION ( 'NONE',  ( 0.000000000000000000, -0.000000000000000000, -1.000000000000000000 ) ) ;
#1116 = CARTESIAN_POINT ( 'NONE',  ( -5.406966250626568993, -0.9535049481706063812, 1.187500000000000000 ) ) ;
#1117 = EDGE_LOOP ( 'NONE', ( #73, #989, #334, #171 ) ) ;
#1118 = ORIENTED_EDGE ( 'NONE', *, *, #432, .F. ) ;
#1119 = FACE_OUTER_BOUND ( 'NONE', #81, .T. ) ;
#1120 = AXIS2_PLACEMENT_3D ( 'NONE', #748, #410, #866 ) ;
#1121 = AXIS2_PLACEMENT_3D ( 'NONE', #27, #385, #1308 ) ;
#1122 = CARTESIAN_POINT ( 'NONE',  ( -6.363499719849266434, -0.6618823800164793658, 0.1250000000000000000 ) ) ;
#1123 = AXIS2_PLACEMENT_3D ( 'NONE', #164, #9, #1403 ) ;
#1124 = ORIENTED_EDGE ( 'NONE', *, *, #1071, .F. ) ;
#1125 = AXIS2_PLACEMENT_3D ( 'NONE', #944, #1296, #1190 ) ;
#1126 = ADVANCED_FACE ( 'NONE', ( #516 ), #1316, .F. ) ;
#1127 = TOROIDAL_SURFACE ( 'NONE', #282, 0.8750000000000001110, 0.1250000000000000000 ) ;
#1128 = VERTEX_POINT ( 'NONE', #403 ) ;
#1129 = AXIS2_PLACEMENT_3D ( 'NONE', #554, #423, #651 ) ;
#1130 = EDGE_LOOP ( 'NONE', ( #738, #723, #160, #1459 ) ) ;
#1131 = CYLINDRICAL_SURFACE ( 'NONE', #427, 0.6250000000000005551 ) ;
#1132 = DIRECTION ( 'NONE',  ( 1.000000000000000000, 0.000000000000000000, 0.000000000000000000 ) ) ;
#1133 = DIRECTION ( 'NONE',  ( 1.000000000000000000, 0.000000000000000000, 0.000000000000000000 ) ) ;
#1134 = DIRECTION ( 'NONE',  ( 0.000000000000000000, -0.000000000000000000, -1.000000000000000000 ) ) ;
#1135 = EDGE_LOOP ( 'NONE', ( #482, #797, #118, #1355 ) ) ;
#1136 = ADVANCED_FACE ( 'NONE', ( #270 ), #356, .T. ) ;
#1137 = CARTESIAN_POINT ( 'NONE',  ( -5.249227864322946857, -12.02004875356632141, 0.000000000000000000 ) ) ;
#1138 = FACE_OUTER_BOUND ( 'NONE', #1075, .T. ) ;
#1139 = CARTESIAN_POINT ( 'NONE',  ( -4.709466250626568318, -0.9535049481706063812, 1.250000000000000000 ) ) ;
#1140 = ORIENTED_EDGE ( 'NONE', *, *, #197, .T. ) ;
#1141 = EDGE_CURVE ( 'NONE', #745, #576, #231, .T. ) ;
#1142 = ORIENTED_EDGE ( 'NONE', *, *, #397, .F. ) ;
#1143 = DIRECTION ( 'NONE',  ( 1.000000000000000000, 0.000000000000000000, 0.000000000000000000 ) ) ;
#1144 = CIRCLE ( 'NONE', #467, 0.1249999999999996947 ) ;
#1145 = DIRECTION ( 'NONE',  ( 1.000000000000000000, 0.000000000000000000, 0.000000000000000000 ) ) ;
#1146 = DIRECTION ( 'NONE',  ( -0.8785222135698184109, -0.4777014970296685203, 0.000000000000000000 ) ) ;
#1147 = AXIS2_PLACEMENT_3D ( 'NONE', #414, #342, #1489 ) ;
#1148 = VECTOR ( 'NONE', #699, 100.0000000000000000 ) ;
#1149 = CIRCLE ( 'NONE', #86, 0.8750000000000001110 ) ;
#1150 = EDGE_LOOP ( 'NONE', ( #387, #890, #1443, #1335 ) ) ;
#1151 = CIRCLE ( 'NONE', #428, 0.6250000000000005551 ) ;
#1152 = AXIS2_PLACEMENT_3D ( 'NONE', #1072, #856, #722 ) ;
#1153 = CARTESIAN_POINT ( 'NONE',  ( -5.432017705611691838, -3.953504948170606603, 1.125000000000000222 ) ) ;
#1154 = ADVANCED_FACE ( 'NONE', ( #490, #287, #966, #1434, #394, #633 ), #523, .F. ) ;
#1155 = CARTESIAN_POINT ( 'NONE',  ( -3.780306482019347492, -11.60709106696295656, 1.250000000000000000 ) ) ;
#1156 = EDGE_CURVE ( 'NONE', #1187, #609, #1470, .T. ) ;
#1157 = CARTESIAN_POINT ( 'NONE',  ( -6.363499719849258440, -0.6618823800164819193, 1.125000000000000222 ) ) ;
#1158 = VERTEX_POINT ( 'NONE', #983 ) ;
#1159 = CARTESIAN_POINT ( 'NONE',  ( -5.406966250626568993, -0.9535049481706063812, 1.187500000000000000 ) ) ;
#1160 = ORIENTED_EDGE ( 'NONE', *, *, #1364, .F. ) ;
#1161 = ADVANCED_FACE ( 'NONE', ( #1236 ), #1450, .T. ) ;
#1162 = FACE_OUTER_BOUND ( 'NONE', #597, .T. ) ;
#1163 = DIRECTION ( 'NONE',  ( 0.000000000000000000, -0.000000000000000000, -1.000000000000000000 ) ) ;
#1164 = LINE ( 'NONE', #338, #1227 ) ;
#1165 = ORIENTED_EDGE ( 'NONE', *, *, #1041, .F. ) ;
#1166 = DIRECTION ( 'NONE',  ( -0.000000000000000000, -0.000000000000000000, -1.000000000000000000 ) ) ;
#1167 = ORIENTED_EDGE ( 'NONE', *, *, #418, .T. ) ;
#1168 = CARTESIAN_POINT ( 'NONE',  ( -4.466017790054005232, -1.292054788734925630, 1.250000000000000000 ) ) ;
#1169 = DIRECTION ( 'NONE',  ( -0.000000000000000000, -0.000000000000000000, -1.000000000000000000 ) ) ;
#1170 = CIRCLE ( 'NONE', #566, 0.6975000000000002309 ) ;
#1171 = ORIENTED_EDGE ( 'NONE', *, *, #1015, .T. ) ;
#1172 = CIRCLE ( 'NONE', #1049, 0.6350000000000001199 ) ;
#1173 = EDGE_CURVE ( 'NONE', #60, #212, #1151, .T. ) ;
#1174 = AXIS2_PLACEMENT_3D ( 'NONE', #121, #601, #848 ) ;
#1175 = ORIENTED_EDGE ( 'NONE', *, *, #977, .F. ) ;
#1176 = AXIS2_PLACEMENT_3D ( 'NONE', #1159, #240, #233 ) ;
#1177 = AXIS2_PLACEMENT_3D ( 'NONE', #574, #1484, #1265 ) ;
#1178 = CARTESIAN_POINT ( 'NONE',  ( -6.057017705611691838, -3.953504948170606603, 1.125000000000000222 ) ) ;
#1179 = CARTESIAN_POINT ( 'NONE',  ( 6.942982294388308162, -5.396971605577291164, 0.1249999999999999445 ) ) ;
#1180 = ORIENTED_EDGE ( 'NONE', *, *, #409, .F. ) ;
#1181 = DIRECTION ( 'NONE',  ( 1.000000000000000000, 0.000000000000000000, 0.000000000000000000 ) ) ;
#1182 = ORIENTED_EDGE ( 'NONE', *, *, #910, .T. ) ;
#1183 = ADVANCED_FACE ( 'NONE', ( #879 ), #1354, .T. ) ;
#1184 = DIRECTION ( 'NONE',  ( 0.000000000000000000, -1.000000000000000000, 0.000000000000000000 ) ) ;
#1185 = CARTESIAN_POINT ( 'NONE',  ( -6.041966250626568780, -0.9535049481706063812, 1.250000000000000000 ) ) ;
#1186 = DIRECTION ( 'NONE',  ( 0.000000000000000000, -1.000000000000000000, 0.000000000000000000 ) ) ;
#1187 = VERTEX_POINT ( 'NONE', #661 ) ;
#1188 = DIRECTION ( 'NONE',  ( -0.000000000000000000, 0.000000000000000000, 1.000000000000000000 ) ) ;
#1189 = ORIENTED_EDGE ( 'NONE', *, *, #798, .F. ) ;
#1190 = DIRECTION ( 'NONE',  ( 1.000000000000000000, 0.000000000000000000, 0.000000000000000000 ) ) ;
#1191 = CARTESIAN_POINT ( 'NONE',  ( -7.135064365161766453, -4.999768081309087897, 0.1249999999999999445 ) ) ;
#1192 = DIRECTION ( 'NONE',  ( -0.000000000000000000, -0.000000000000000000, -1.000000000000000000 ) ) ;
#1193 = EDGE_LOOP ( 'NONE', ( #1209, #53, #168, #419 ) ) ;
#1194 = LINE ( 'NONE', #1336, #569 ) ;
#1195 = TOROIDAL_SURFACE ( 'NONE', #923, 0.6975000000000000089, 0.06250000000000000000 ) ;
#1196 = CIRCLE ( 'NONE', #376, 12.00000000000000000 ) ;
#1197 = ORIENTED_EDGE ( 'NONE', *, *, #573, .T. ) ;
#1198 = AXIS2_PLACEMENT_3D ( 'NONE', #1093, #1239, #520 ) ;
#1199 = AXIS2_PLACEMENT_3D ( 'NONE', #207, #1482, #452 ) ;
#1200 = CARTESIAN_POINT ( 'NONE',  ( -5.432017705611691838, -3.953504948170606603, 0.1249999999999999445 ) ) ;
#1201 = VECTOR ( 'NONE', #312, 100.0000000000000000 ) ;
#1202 = DIRECTION ( 'NONE',  ( 1.000000000000000000, 0.000000000000000000, 0.000000000000000000 ) ) ;
#1203 = AXIS2_PLACEMENT_3D ( 'NONE', #58, #543, #764 ) ;
#1204 = CARTESIAN_POINT ( 'NONE',  ( 7.864935634838235323, -4.999768081309087897, 0.1249999999999999445 ) ) ;
#1205 = AXIS2_PLACEMENT_3D ( 'NONE', #1334, #1192, #148 ) ;
#1206 = ADVANCED_FACE ( 'NONE', ( #195 ), #436, .T. ) ;
#1207 = ORIENTED_EDGE ( 'NONE', *, *, #256, .T. ) ;
#1208 = CARTESIAN_POINT ( 'NONE',  ( 7.864935634838235323, -4.999768081309087897, 0.000000000000000000 ) ) ;
#1209 = ORIENTED_EDGE ( 'NONE', *, *, #1261, .F. ) ;
#1210 = FACE_OUTER_BOUND ( 'NONE', #806, .T. ) ;
#1211 = DIRECTION ( 'NONE',  ( 1.000000000000000000, 0.000000000000000000, 0.000000000000000000 ) ) ;
#1212 = ORIENTED_EDGE ( 'NONE', *, *, #1221, .F. ) ;
#1213 = CARTESIAN_POINT ( 'NONE',  ( 6.942982294388308162, -5.396971605577291164, 1.250000000000000000 ) ) ;
#1214 = ADVANCED_FACE ( 'NONE', ( #201 ), #1057, .T. ) ;
#1215 = ORIENTED_EDGE ( 'NONE', *, *, #197, .F. ) ;
#1216 = CARTESIAN_POINT ( 'NONE',  ( -6.057017705611691838, -3.953504948170606603, 0.1249999999999999445 ) ) ;
#1217 = CARTESIAN_POINT ( 'NONE',  ( -6.104466250626568780, -0.9535049481706063812, 2.710505431213761085E-17 ) ) ;
#1218 = DIRECTION ( 'NONE',  ( -0.000000000000000000, -0.000000000000000000, -1.000000000000000000 ) ) ;
#1219 = CARTESIAN_POINT ( 'NONE',  ( 6.942982294388308162, -5.396971605577291164, 1.125000000000000222 ) ) ;
#1220 = ORIENTED_EDGE ( 'NONE', *, *, #1479, .T. ) ;
#1221 = EDGE_CURVE ( 'NONE', #1095, #507, #111, .T. ) ;
#1222 = CARTESIAN_POINT ( 'NONE',  ( -4.477806482019347278, -11.60709106696295656, 1.250000000000000000 ) ) ;
#1223 = CIRCLE ( 'NONE', #1198, 0.06250000000000005551 ) ;
#1224 = AXIS2_PLACEMENT_3D ( 'NONE', #1282, #809, #919 ) ;
#1225 = FILL_AREA_STYLE_COLOUR ( '', #400 ) ;
#1226 = AXIS2_PLACEMENT_3D ( 'NONE', #550, #820, #691 ) ;
#1227 = VECTOR ( 'NONE', #449, 100.0000000000000000 ) ;
#1228 = FACE_OUTER_BOUND ( 'NONE', #3, .T. ) ;
#1229 = DIRECTION ( 'NONE',  ( 1.000000000000000000, 0.000000000000000000, 0.000000000000000000 ) ) ;
#1230 = CIRCLE ( 'NONE', #984, 0.06250000000000005551 ) ;
#1231 = VERTEX_POINT ( 'NONE', #417 ) ;
#1232 = CARTESIAN_POINT ( 'NONE',  ( -6.057017705611691838, -3.953504948170606603, 0.1249999999999999445 ) ) ;
#1233 = EDGE_CURVE ( 'NONE', #562, #951, #905, .T. ) ;
#1234 = FACE_BOUND ( 'NONE', #844, .T. ) ;
#1235 = EDGE_LOOP ( 'NONE', ( #1418, #151, #114, #1088 ) ) ;
#1236 = FACE_OUTER_BOUND ( 'NONE', #1317, .T. ) ;
#1237 = VERTEX_POINT ( 'NONE', #89 ) ;
#1238 = CARTESIAN_POINT ( 'NONE',  ( -6.057017705611696279, -6.280298008170606572, 1.125000000000000222 ) ) ;
#1239 = DIRECTION ( 'NONE',  ( 1.224646799147353207E-16, 1.000000000000000000, 0.000000000000000000 ) ) ;
#1240 = ADVANCED_FACE ( 'NONE', ( #656 ), #1028, .T. ) ;
#1241 = ORIENTED_EDGE ( 'NONE', *, *, #211, .F. ) ;
#1242 = DIRECTION ( 'NONE',  ( -0.000000000000000000, 0.000000000000000000, 1.000000000000000000 ) ) ;
#1243 = EDGE_LOOP ( 'NONE', ( #217, #57 ) ) ;
#1244 = AXIS2_PLACEMENT_3D ( 'NONE', #1258, #1264, #220 ) ;
#1245 = CARTESIAN_POINT ( 'NONE',  ( -4.466017790054006120, -1.292054788734924964, 1.125000000000000222 ) ) ;
#1246 = PRESENTATION_LAYER_ASSIGNMENT (  '', '', ( #59 ) ) ;
#1247 = DIRECTION ( 'NONE',  ( -0.000000000000000000, 0.000000000000000000, 1.000000000000000000 ) ) ;
#1248 = AXIS2_PLACEMENT_3D ( 'NONE', #375, #1402, #1430 ) ;
#1249 = DIRECTION ( 'NONE',  ( -0.000000000000000000, -0.000000000000000000, -1.000000000000000000 ) ) ;
#1250 = AXIS2_PLACEMENT_3D ( 'NONE', #1411, #712, #167 ) ;
#1251 = DIRECTION ( 'NONE',  ( 1.224646799147353207E-16, 1.000000000000000000, 0.000000000000000000 ) ) ;
#1252 = ADVANCED_FACE ( 'NONE', ( #894 ), #257, .T. ) ;
#1253 = AXIS2_PLACEMENT_3D ( 'NONE', #629, #736, #380 ) ;
#1254 = ORIENTED_EDGE ( 'NONE', *, *, #1340, .F. ) ;
#1255 = AXIS2_PLACEMENT_3D ( 'NONE', #1157, #117, #789 ) ;
#1256 = ADVANCED_FACE ( 'NONE', ( #642 ), #531, .F. ) ;
#1257 = FACE_OUTER_BOUND ( 'NONE', #1052, .T. ) ;
#1258 = CARTESIAN_POINT ( 'NONE',  ( -6.057017705611696279, -6.280298008170606572, 0.1249999999999999445 ) ) ;
#1259 = DIRECTION ( 'NONE',  ( -0.000000000000000000, 0.000000000000000000, 1.000000000000000000 ) ) ;
#1260 = ORIENTED_EDGE ( 'NONE', *, *, #79, .T. ) ;
#1261 = EDGE_CURVE ( 'NONE', #133, #1498, #760, .T. ) ;
#1262 = ORIENTED_EDGE ( 'NONE', *, *, #454, .F. ) ;
#1263 = CARTESIAN_POINT ( 'NONE',  ( -7.135064365161766453, -4.999768081309087897, 1.250000000000000000 ) ) ;
#1264 = DIRECTION ( 'NONE',  ( 0.000000000000000000, -0.000000000000000000, -1.000000000000000000 ) ) ;
#1265 = DIRECTION ( 'NONE',  ( -1.000000000000000000, 0.000000000000000000, 0.000000000000000000 ) ) ;
#1266 = EDGE_LOOP ( 'NONE', ( #657, #29, #1262, #644 ) ) ;
#1267 = EDGE_CURVE ( 'NONE', #1347, #726, #1399, .T. ) ;
#1268 = EDGE_LOOP ( 'NONE', ( #1285, #101, #1003, #959 ) ) ;
#1269 = AXIS2_PLACEMENT_3D ( 'NONE', #460, #921, #788 ) ;
#1270 = ADVANCED_FACE ( 'NONE', ( #871 ), #883, .T. ) ;
#1271 = CARTESIAN_POINT ( 'NONE',  ( -5.406966250626568993, -0.9535049481706063812, 0.000000000000000000 ) ) ;
#1272 = CIRCLE ( 'NONE', #1415, 12.00000000000000000 ) ;
#1273 = CARTESIAN_POINT ( 'NONE',  ( -5.307017705611695391, -6.280298008170606572, 0.1249999999999999445 ) ) ;
#1274 = DIRECTION ( 'NONE',  ( 1.000000000000000000, 0.000000000000000000, 0.000000000000000000 ) ) ;
#1275 = AXIS2_PLACEMENT_3D ( 'NONE', #363, #817, #1291 ) ;
#1276 = CIRCLE ( 'NONE', #617, 0.1249999999999999445 ) ;
#1277 = ORIENTED_EDGE ( 'NONE', *, *, #561, .F. ) ;
#1278 = CARTESIAN_POINT ( 'NONE',  ( -7.135064365161766453, -4.999768081309087897, 1.125000000000000222 ) ) ;
#1279 = VECTOR ( 'NONE', #119, 100.0000000000000000 ) ;
#1280 = ORIENTED_EDGE ( 'NONE', *, *, #1481, .T. ) ;
#1281 = CIRCLE ( 'NONE', #622, 1.124999999999999556 ) ;
#1282 = CARTESIAN_POINT ( 'NONE',  ( -6.057017705611691838, -3.953504948170606603, 1.250000000000000000 ) ) ;
#1283 = CARTESIAN_POINT ( 'NONE',  ( -6.404443357054651287, -8.607091066962954784, -3.252606517456513302E-17 ) ) ;
#1284 = DIRECTION ( 'NONE',  ( -0.4777014970296685759, 0.8785222135698185220, -2.651776004501220801E-15 ) ) ;
#1285 = ORIENTED_EDGE ( 'NONE', *, *, #346, .F. ) ;
#1286 = CARTESIAN_POINT ( 'NONE',  ( -5.359430918937746924, -12.07904270879537556, 1.125000000000000222 ) ) ;
#1287 = APPLICATION_CONTEXT ( 'automotive_design' ) ;
#1288 = EDGE_LOOP ( 'NONE', ( #1160, #521, #862, #262 ) ) ;
#1289 = CARTESIAN_POINT ( 'NONE',  ( -5.359430918937746924, -12.07904270879537556, 0.1249999999999999445 ) ) ;
#1290 = ADVANCED_FACE ( 'NONE', ( #757 ), #957, .T. ) ;
#1291 = DIRECTION ( 'NONE',  ( 1.000000000000000000, 0.000000000000000000, 0.000000000000000000 ) ) ;
#1292 = DIRECTION ( 'NONE',  ( -0.000000000000000000, -0.000000000000000000, -1.000000000000000000 ) ) ;
#1293 = ORIENTED_EDGE ( 'NONE', *, *, #1221, .T. ) ;
#1294 = FACE_OUTER_BOUND ( 'NONE', #701, .T. ) ;
#1295 = EDGE_LOOP ( 'NONE', ( #245, #1367 ) ) ;
#1296 = DIRECTION ( 'NONE',  ( 0.000000000000000000, -0.000000000000000000, -1.000000000000000000 ) ) ;
#1297 = AXIS2_PLACEMENT_3D ( 'NONE', #130, #155, #35 ) ;
#1298 = ORIENTED_EDGE ( 'NONE', *, *, #340, .F. ) ;
#1299 =( GEOMETRIC_REPRESENTATION_CONTEXT ( 3 ) GLOBAL_UNCERTAINTY_ASSIGNED_CONTEXT ( ( #495 ) ) GLOBAL_UNIT_ASSIGNED_CONTEXT ( ( #1110, #1331, #1499 ) ) REPRESENTATION_CONTEXT ( 'NONE', 'WORKASPACE' ) );
#1300 = DIRECTION ( 'NONE',  ( -0.000000000000000000, 0.000000000000000000, 1.000000000000000000 ) ) ;
#1301 = EDGE_CURVE ( 'NONE', #315, #1128, #355, .T. ) ;
#1302 = AXIS2_PLACEMENT_3D ( 'NONE', #43, #1056, #26 ) ;
#1303 = ORIENTED_EDGE ( 'NONE', *, *, #381, .T. ) ;
#1304 = CIRCLE ( 'NONE', #785, 0.6350000000000001199 ) ;
#1305 = TOROIDAL_SURFACE ( 'NONE', #17, 0.9999999999999998890, 0.1250000000000000000 ) ;
#1306 = DIRECTION ( 'NONE',  ( 1.000000000000000000, 0.000000000000000000, 0.000000000000000000 ) ) ;
#1307 = VECTOR ( 'NONE', #578, 100.0000000000000000 ) ;
#1308 = DIRECTION ( 'NONE',  ( 1.000000000000000000, 0.000000000000000000, 0.000000000000000000 ) ) ;
#1309 = CARTESIAN_POINT ( 'NONE',  ( -4.281966250626568993, -0.9535049481706063812, 0.1249999999999999445 ) ) ;
#1310 = ORIENTED_EDGE ( 'NONE', *, *, #838, .F. ) ;
#1311 = CARTESIAN_POINT ( 'NONE',  ( -6.279443357054651287, -8.607091066962954784, 0.1249999999999999445 ) ) ;
#1312 = VERTEX_POINT ( 'NONE', #215 ) ;
#1313 = CARTESIAN_POINT ( 'NONE',  ( -3.602806482019347278, -11.60709106696295656, 0.1249999999999999445 ) ) ;
#1314 = DIRECTION ( 'NONE',  ( -1.000000000000000000, 0.000000000000000000, 0.000000000000000000 ) ) ;
#1315 = ORIENTED_EDGE ( 'NONE', *, *, #1071, .T. ) ;
#1316 = CYLINDRICAL_SURFACE ( 'NONE', #502, 0.6250000000000005551 ) ;
#1317 = EDGE_LOOP ( 'NONE', ( #425, #288, #156, #873 ) ) ;
#1318 = EDGE_CURVE ( 'NONE', #335, #315, #1080, .T. ) ;
#1319 = CARTESIAN_POINT ( 'NONE',  ( -4.406966250626568993, -0.9535049481706063812, 1.125000000000000222 ) ) ;
#1320 = EDGE_CURVE ( 'NONE', #315, #1506, #1281, .T. ) ;
#1321 = CARTESIAN_POINT ( 'NONE',  ( -6.057017705611691838, -3.953504948170606603, 1.125000000000000222 ) ) ;
#1322 = ORIENTED_EDGE ( 'NONE', *, *, #570, .T. ) ;
#1323 = DIRECTION ( 'NONE',  ( 0.000000000000000000, -0.000000000000000000, -1.000000000000000000 ) ) ;
#1324 = CIRCLE ( 'NONE', #800, 0.6975000000000002309 ) ;
#1325 = EDGE_CURVE ( 'NONE', #599, #1158, #668, .T. ) ;
#1326 = ORIENTED_EDGE ( 'NONE', *, *, #165, .T. ) ;
#1327 = CIRCLE ( 'NONE', #663, 0.7500000000000006661 ) ;
#1328 = CIRCLE ( 'NONE', #426, 12.12500000000000000 ) ;
#1329 = DIRECTION ( 'NONE',  ( 1.000000000000000000, 0.000000000000000000, 0.000000000000000000 ) ) ;
#1330 = CIRCLE ( 'NONE', #161, 14.87500000000000178 ) ;
#1331 =( NAMED_UNIT ( * ) PLANE_ANGLE_UNIT ( ) SI_UNIT ( $, .RADIAN. ) );
#1332 = ADVANCED_FACE ( 'NONE', ( #1393 ), #1305, .T. ) ;
#1333 = AXIS2_PLACEMENT_3D ( 'NONE', #1013, #72, #1229 ) ;
#1334 = CARTESIAN_POINT ( 'NONE',  ( -6.057017705611696279, -6.280298008170606572, 1.250000000000000000 ) ) ;
#1335 = ORIENTED_EDGE ( 'NONE', *, *, #570, .F. ) ;
#1336 = CARTESIAN_POINT ( 'NONE',  ( -4.348399232482435650, -1.334373518805465064, 1.250000000000000000 ) ) ;
#1337 = ORIENTED_EDGE ( 'NONE', *, *, #573, .F. ) ;
#1338 = CARTESIAN_POINT ( 'NONE',  ( -4.771966250626568318, -0.9535049481706063812, 1.187500000000000000 ) ) ;
#1339 = DIRECTION ( 'NONE',  ( -0.000000000000000000, 0.000000000000000000, 1.000000000000000000 ) ) ;
#1340 = EDGE_CURVE ( 'NONE', #374, #609, #594, .T. ) ;
#1341 = EDGE_LOOP ( 'NONE', ( #773, #372, #1504, #1215 ) ) ;
#1342 = ORIENTED_EDGE ( 'NONE', *, *, #935, .F. ) ;
#1343 = CARTESIAN_POINT ( 'NONE',  ( -4.348399232482435650, -1.334373518805465064, 0.1249999999999999445 ) ) ;
#1344 = LINE ( 'NONE', #176, #900 ) ;
#1345 = CARTESIAN_POINT ( 'NONE',  ( -5.406966250626568993, -0.9535049481706063812, 1.250000000000000000 ) ) ;
#1346 = DIRECTION ( 'NONE',  ( -0.000000000000000000, 0.000000000000000000, 1.000000000000000000 ) ) ;
#1347 = VERTEX_POINT ( 'NONE', #1139 ) ;
#1348 = EDGE_CURVE ( 'NONE', #347, #374, #329, .T. ) ;
#1349 = DIRECTION ( 'NONE',  ( 0.000000000000000000, 0.000000000000000000, -1.000000000000000000 ) ) ;
#1350 = CIRCLE ( 'NONE', #1100, 0.8750000000000001110 ) ;
#1351 = CIRCLE ( 'NONE', #1444, 0.6350000000000001199 ) ;
#1352 = CARTESIAN_POINT ( 'NONE',  ( -6.807017705611697167, -6.280298008170606572, 1.250000000000000000 ) ) ;
#1353 = AXIS2_PLACEMENT_3D ( 'NONE', #1238, #936, #345 ) ;
#1354 = TOROIDAL_SURFACE ( 'NONE', #709, 12.12500000000000000, 0.1250000000000000000 ) ;
#1355 = ORIENTED_EDGE ( 'NONE', *, *, #677, .F. ) ;
#1356 = CARTESIAN_POINT ( 'NONE',  ( -5.406966250626568993, -0.9535049481706063812, 1.250000000000000000 ) ) ;
#1357 = ORIENTED_EDGE ( 'NONE', *, *, #273, .F. ) ;
#1358 = CARTESIAN_POINT ( 'NONE',  ( -6.057017705611696279, -6.280298008170606572, 1.250000000000000000 ) ) ;
#1359 = EDGE_LOOP ( 'NONE', ( #1048, #1012, #324, #395 ) ) ;
#1360 = CARTESIAN_POINT ( 'NONE',  ( 6.942982294388308162, -5.396971605577291164, 1.250000000000000000 ) ) ;
#1361 = EDGE_LOOP ( 'NONE', ( #717, #1082, #1084, #13, #1073 ) ) ;
#1362 = LINE ( 'NONE', #433, #1374 ) ;
#1363 = CYLINDRICAL_SURFACE ( 'NONE', #180, 0.6350000000000001199 ) ;
#1364 = EDGE_CURVE ( 'NONE', #1506, #194, #645, .T. ) ;
#1365 = FACE_OUTER_BOUND ( 'NONE', #1235, .T. ) ;
#1366 = CARTESIAN_POINT ( 'NONE',  ( -5.654443357054650399, -8.607091066962954784, 0.1249999999999999445 ) ) ;
#1367 = ORIENTED_EDGE ( 'NONE', *, *, #928, .T. ) ;
#1368 = CIRCLE ( 'NONE', #975, 1.124999999999999556 ) ;
#1369 = AXIS2_PLACEMENT_3D ( 'NONE', #1501, #1031, #893 ) ;
#1370 = CIRCLE ( 'NONE', #952, 0.1250000000000001110 ) ;
#1371 = CARTESIAN_POINT ( 'NONE',  ( -5.654443357054650399, -8.607091066962954784, 0.000000000000000000 ) ) ;
#1372 = TOROIDAL_SURFACE ( 'NONE', #1199, 0.9999999999999998890, 0.1250000000000000000 ) ;
#1373 = DIRECTION ( 'NONE',  ( 0.000000000000000000, -0.000000000000000000, -1.000000000000000000 ) ) ;
#1374 = VECTOR ( 'NONE', #768, 100.0000000000000000 ) ;
#1375 = CARTESIAN_POINT ( 'NONE',  ( -4.771966250626568318, -0.9535049481706063812, 0.06250000000000005551 ) ) ;
#1376 = AXIS2_PLACEMENT_3D ( 'NONE', #255, #1188, #724 ) ;
#1377 = VERTEX_POINT ( 'NONE', #230 ) ;
#1378 = ORIENTED_EDGE ( 'NONE', *, *, #454, .T. ) ;
#1379 = DIRECTION ( 'NONE',  ( 1.000000000000000000, 0.000000000000000000, 0.000000000000000000 ) ) ;
#1380 = DIRECTION ( 'NONE',  ( 1.000000000000000000, 0.000000000000000000, 0.000000000000000000 ) ) ;
#1381 = DIRECTION ( 'NONE',  ( 0.000000000000000000, -0.000000000000000000, -1.000000000000000000 ) ) ;
#1382 = EDGE_CURVE ( 'NONE', #254, #599, #833, .T. ) ;
#1383 = ORIENTED_EDGE ( 'NONE', *, *, #625, .T. ) ;
#1384 = EDGE_CURVE ( 'NONE', #609, #745, #1164, .T. ) ;
#1385 = ORIENTED_EDGE ( 'NONE', *, *, #313, .T. ) ;
#1386 = DIRECTION ( 'NONE',  ( 1.000000000000000000, 0.000000000000000000, 0.000000000000000000 ) ) ;
#1387 = DIRECTION ( 'NONE',  ( 0.000000000000000000, 0.000000000000000000, -1.000000000000000000 ) ) ;
#1388 = EDGE_LOOP ( 'NONE', ( #365, #676, #1421, #1025 ) ) ;
#1389 = CARTESIAN_POINT ( 'NONE',  ( -6.057017705611691838, -3.953504948170606603, 1.250000000000000000 ) ) ;
#1390 = ORIENTED_EDGE ( 'NONE', *, *, #47, .T. ) ;
#1391 = AXIS2_PLACEMENT_3D ( 'NONE', #1492, #1163, #688 ) ;
#1392 = LINE ( 'NONE', #435, #1046 ) ;
#1393 = FACE_OUTER_BOUND ( 'NONE', #713, .T. ) ;
#1394 = TOROIDAL_SURFACE ( 'NONE', #206, 0.7500000000000001110, 0.1250000000000000000 ) ;
#1395 = ORIENTED_EDGE ( 'NONE', *, *, #1503, .F. ) ;
#1396 = DIRECTION ( 'NONE',  ( 1.000000000000000000, 0.000000000000000000, 0.000000000000000000 ) ) ;
#1397 = AXIS2_PLACEMENT_3D ( 'NONE', #1319, #272, #283 ) ;
#1398 = ORIENTED_EDGE ( 'NONE', *, *, #618, .T. ) ;
#1399 = CIRCLE ( 'NONE', #42, 0.06250000000000005551 ) ;
#1400 = EDGE_CURVE ( 'NONE', #1095, #1405, #110, .T. ) ;
#1401 = AXIS2_PLACEMENT_3D ( 'NONE', #915, #899, #1502 ) ;
#1402 = DIRECTION ( 'NONE',  ( -0.000000000000000000, -0.000000000000000000, -1.000000000000000000 ) ) ;
#1403 = DIRECTION ( 'NONE',  ( 1.000000000000000000, 0.000000000000000000, 0.000000000000000000 ) ) ;
#1404 = CARTESIAN_POINT ( 'NONE',  ( -4.709466250626568318, -0.9535049481706063812, 2.710505431213761085E-17 ) ) ;
#1405 = VERTEX_POINT ( 'NONE', #689 ) ;
#1406 = ORIENTED_EDGE ( 'NONE', *, *, #928, .F. ) ;
#1407 = CARTESIAN_POINT ( 'NONE',  ( -3.780306482019347492, -11.60709106696295656, 1.187500000000000000 ) ) ;
#1408 = EDGE_CURVE ( 'NONE', #444, #1498, #646, .T. ) ;
#1409 =( LENGTH_UNIT ( ) NAMED_UNIT ( * ) SI_UNIT ( .CENTI., .METRE. ) );
#1410 = VERTEX_POINT ( 'NONE', #1375 ) ;
#1411 = CARTESIAN_POINT ( 'NONE',  ( -5.406966250626568993, -0.9535049481706063812, 0.000000000000000000 ) ) ;
#1412 = VERTEX_POINT ( 'NONE', #332 ) ;
#1413 = CARTESIAN_POINT ( 'NONE',  ( -5.307017705611691838, -3.953504948170606603, 0.1249999999999999445 ) ) ;
#1414 = EDGE_CURVE ( 'NONE', #951, #562, #1451, .T. ) ;
#1415 = AXIS2_PLACEMENT_3D ( 'NONE', #297, #186, #650 ) ;
#1416 = CARTESIAN_POINT ( 'NONE',  ( -6.682017705611696279, -6.280298008170606572, 1.250000000000000000 ) ) ;
#1417 = FACE_OUTER_BOUND ( 'NONE', #1361, .T. ) ;
#1418 = ORIENTED_EDGE ( 'NONE', *, *, #703, .T. ) ;
#1419 = DIRECTION ( 'NONE',  ( 0.000000000000000000, -0.000000000000000000, -1.000000000000000000 ) ) ;
#1420 = TOROIDAL_SURFACE ( 'NONE', #927, 0.8750000000000001110, 0.1250000000000000000 ) ;
#1421 = ORIENTED_EDGE ( 'NONE', *, *, #191, .T. ) ;
#1422 = TOROIDAL_SURFACE ( 'NONE', #619, 0.7500000000000001110, 0.1250000000000000000 ) ;
#1423 = AXIS2_PLACEMENT_3D ( 'NONE', #1366, #1242, #178 ) ;
#1424 = CARTESIAN_POINT ( 'NONE',  ( 6.942982294388308162, -5.396971605577291164, 0.000000000000000000 ) ) ;
#1425 = CARTESIAN_POINT ( 'NONE',  ( -5.307017705611691838, -3.953504948170606603, 1.250000000000000000 ) ) ;
#1426 = ORIENTED_EDGE ( 'NONE', *, *, #409, .T. ) ;
#1427 = EDGE_CURVE ( 'NONE', #1410, #1435, #739, .T. ) ;
#1428 = ORIENTED_EDGE ( 'NONE', *, *, #770, .F. ) ;
#1429 = EDGE_CURVE ( 'NONE', #389, #826, #139, .T. ) ;
#1430 = DIRECTION ( 'NONE',  ( -1.000000000000000000, 0.000000000000000000, 0.000000000000000000 ) ) ;
#1431 = DIRECTION ( 'NONE',  ( 0.8816244369183955376, 0.4719516418324254947, 0.000000000000000000 ) ) ;
#1432 = EDGE_CURVE ( 'NONE', #444, #750, #933, .T. ) ;
#1433 = ORIENTED_EDGE ( 'NONE', *, *, #256, .F. ) ;
#1434 = FACE_BOUND ( 'NONE', #1243, .T. ) ;
#1435 = VERTEX_POINT ( 'NONE', #1404 ) ;
#1436 = EDGE_CURVE ( 'NONE', #1237, #1231, #835, .T. ) ;
#1437 = CARTESIAN_POINT ( 'NONE',  ( -5.654443357054650399, -8.607091066962954784, 1.125000000000000222 ) ) ;
#1438 = PRESENTATION_STYLE_ASSIGNMENT (( #886 ) ) ;
#1439 =( NAMED_UNIT ( * ) PLANE_ANGLE_UNIT ( ) SI_UNIT ( $, .RADIAN. ) );
#1440 = EDGE_LOOP ( 'NONE', ( #458, #538, #239, #1337 ) ) ;
#1441 = DIRECTION ( 'NONE',  ( -0.000000000000000000, -0.000000000000000000, -1.000000000000000000 ) ) ;
#1442 = AXIS2_PLACEMENT_3D ( 'NONE', #1452, #1218, #309 ) ;
#1443 = ORIENTED_EDGE ( 'NONE', *, *, #1318, .F. ) ;
#1444 = AXIS2_PLACEMENT_3D ( 'NONE', #1064, #485, #1306 ) ;
#1445 = TOROIDAL_SURFACE ( 'NONE', #666, 0.8750000000000001110, 0.1250000000000000000 ) ;
#1446 = CARTESIAN_POINT ( 'NONE',  ( -6.057017705611691838, -3.953504948170606603, 1.125000000000000222 ) ) ;
#1447 = ADVANCED_FACE ( 'NONE', ( #595 ), #1059, .F. ) ;
#1448 = AXIS2_PLACEMENT_3D ( 'NONE', #221, #584, #95 ) ;
#1449 = DIRECTION ( 'NONE',  ( 1.000000000000000000, 0.000000000000000000, 0.000000000000000000 ) ) ;
#1450 = TOROIDAL_SURFACE ( 'NONE', #1129, 0.9999999999999998890, 0.1250000000000000000 ) ;
#1451 = CIRCLE ( 'NONE', #1497, 0.7500000000000000000 ) ;
#1452 = CARTESIAN_POINT ( 'NONE',  ( 7.864935634838235323, -4.999768081309087897, 1.250000000000000000 ) ) ;
#1453 = CARTESIAN_POINT ( 'NONE',  ( -6.057017705611696279, -6.280298008170606572, 1.125000000000000222 ) ) ;
#1454 = ORIENTED_EDGE ( 'NONE', *, *, #1053, .T. ) ;
#1455 = DIRECTION ( 'NONE',  ( -0.000000000000000000, 0.000000000000000000, 1.000000000000000000 ) ) ;
#1456 = DIRECTION ( 'NONE',  ( 1.224646799147353207E-16, 1.000000000000000000, 0.000000000000000000 ) ) ;
#1457 = ADVANCED_FACE ( 'NONE', ( #1417 ), #787, .T. ) ;
#1458 = DIRECTION ( 'NONE',  ( 0.000000000000000000, 0.000000000000000000, -1.000000000000000000 ) ) ;
#1459 = ORIENTED_EDGE ( 'NONE', *, *, #751, .F. ) ;
#1460 = DIRECTION ( 'NONE',  ( 1.000000000000000000, 0.000000000000000000, 0.000000000000000000 ) ) ;
#1461 = CARTESIAN_POINT ( 'NONE',  ( -5.406966250626568993, -0.9535049481706063812, 0.1249999999999999445 ) ) ;
#1462 = DIRECTION ( 'NONE',  ( -1.000000000000000000, 0.000000000000000000, 0.000000000000000000 ) ) ;
#1463 = ORIENTED_EDGE ( 'NONE', *, *, #600, .F. ) ;
#1464 = AXIS2_PLACEMENT_3D ( 'NONE', #1321, #275, #708 ) ;
#1465 = CARTESIAN_POINT ( 'NONE',  ( -4.477806482019347278, -11.60709106696295656, 0.1249999999999999445 ) ) ;
#1466 = CIRCLE ( 'NONE', #1488, 0.7500000000000006661 ) ;
#1467 = CIRCLE ( 'NONE', #707, 0.06250000000000005551 ) ;
#1468 = LINE ( 'NONE', #295, #104 ) ;
#1469 = AXIS2_PLACEMENT_3D ( 'NONE', #1389, #1323, #39 ) ;
#1470 = CIRCLE ( 'NONE', #162, 0.1249999999999999445 ) ;
#1471 = VERTEX_POINT ( 'NONE', #1309 ) ;
#1472 = CARTESIAN_POINT ( 'NONE',  ( -4.477806482019347278, -11.60709106696295656, 1.187500000000000000 ) ) ;
#1473 = EDGE_LOOP ( 'NONE', ( #96, #416, #1027, #68 ) ) ;
#1474 = ADVANCED_FACE ( 'NONE', ( #940 ), #825, .F. ) ;
#1475 = DIRECTION ( 'NONE',  ( 0.000000000000000000, -0.000000000000000000, -1.000000000000000000 ) ) ;
#1476 = FACE_OUTER_BOUND ( 'NONE', #1440, .T. ) ;
#1477 = ORIENTED_EDGE ( 'NONE', *, *, #742, .F. ) ;
#1478 = DIRECTION ( 'NONE',  ( 1.000000000000000000, 0.000000000000000000, 0.000000000000000000 ) ) ;
#1479 = EDGE_CURVE ( 'NONE', #971, #1471, #710, .T. ) ;
#1480 = ORIENTED_EDGE ( 'NONE', *, *, #1490, .F. ) ;
#1481 = EDGE_CURVE ( 'NONE', #335, #1412, #1029, .T. ) ;
#1482 = DIRECTION ( 'NONE',  ( -0.000000000000000000, 0.000000000000000000, 1.000000000000000000 ) ) ;
#1483 = DIRECTION ( 'NONE',  ( -1.000000000000000000, 0.000000000000000000, 0.000000000000000000 ) ) ;
#1484 = DIRECTION ( 'NONE',  ( 1.224646799147353207E-16, 1.000000000000000000, 0.000000000000000000 ) ) ;
#1485 = ORIENTED_EDGE ( 'NONE', *, *, #189, .F. ) ;
#1486 = EDGE_LOOP ( 'NONE', ( #605, #455 ) ) ;
#1487 = AXIS2_PLACEMENT_3D ( 'NONE', #353, #674, #801 ) ;
#1488 = AXIS2_PLACEMENT_3D ( 'NONE', #1371, #351, #670 ) ;
#1489 = DIRECTION ( 'NONE',  ( 1.000000000000000000, 2.659909329831104080E-15, 0.000000000000000000 ) ) ;
#1490 = EDGE_CURVE ( 'NONE', #803, #507, #1230, .T. ) ;
#1491 = CIRCLE ( 'NONE', #1076, 0.1249999999999999445 ) ;
#1492 = CARTESIAN_POINT ( 'NONE',  ( -5.654443357054650399, -8.607091066962954784, 0.1249999999999999445 ) ) ;
#1493 = AXIS2_PLACEMENT_3D ( 'NONE', #1213, #744, #837 ) ;
#1494 = CARTESIAN_POINT ( 'NONE',  ( -5.654443357054650399, -8.607091066962954784, 0.1249999999999999445 ) ) ;
#1495 = AXIS2_PLACEMENT_3D ( 'NONE', #802, #1381, #812 ) ;
#1496 = ORIENTED_EDGE ( 'NONE', *, *, #313, .F. ) ;
#1497 = AXIS2_PLACEMENT_3D ( 'NONE', #238, #364, #100 ) ;
#1498 = VERTEX_POINT ( 'NONE', #392 ) ;
#1499 =( NAMED_UNIT ( * ) SI_UNIT ( $, .STERADIAN. ) SOLID_ANGLE_UNIT ( ) );
#1500 = PRODUCT_DEFINITION_CONTEXT ( 'detailed design', #90, 'design' ) ;
#1501 = CARTESIAN_POINT ( 'NONE',  ( -3.709099545145752685, -11.18910225706199668, 1.125000000000000222 ) ) ;
#1502 = DIRECTION ( 'NONE',  ( 1.000000000000000000, 0.000000000000000000, 0.000000000000000000 ) ) ;
#1503 = EDGE_CURVE ( 'NONE', #870, #941, #906, .T. ) ;
#1504 = ORIENTED_EDGE ( 'NONE', *, *, #1436, .F. ) ;
#1505 = CARTESIAN_POINT ( 'NONE',  ( -5.175306482019347953, -11.60709106696295656, 2.710505431213761085E-17 ) ) ;
#1506 = VERTEX_POINT ( 'NONE', #603 ) ;
#1507 = CYLINDRICAL_SURFACE ( 'NONE', #1224, 0.6250000000000005551 ) ;
ENDSEC;
END-ISO-10303-21;
