ISO-10303-21;
HEADER;
FILE_DESCRIPTION (( 'STEP AP214' ),
    '1' );
FILE_NAME ('bottom housing.STEP',
    '2026-09-17T14:21:09',
    ( '' ),
    ( '' ),
    'SwSTEP 2.0',
    'SolidWorks 2025',
    '' );
FILE_SCHEMA (( 'AUTOMOTIVE_DESIGN' ));
ENDSEC;

DATA;
#1 = ORIENTED_EDGE ( 'NONE', *, *, #1380, .T. ) ;
#2 = CARTESIAN_POINT ( 'NONE',  ( 138.3549707563275888, 107.1583037707098640, -52.62600359406727080 ) ) ;
#3 = DIRECTION ( 'NONE',  ( -0.000000000000000000, 0.000000000000000000, 1.000000000000000000 ) ) ;
#4 = ORIENTED_EDGE ( 'NONE', *, *, #966, .F. ) ;
#5 = EDGE_CURVE ( 'NONE', #1045, #2036, #1807, .T. ) ;
#6 = CYLINDRICAL_SURFACE ( 'NONE', #636, 74.99999999999998579 ) ;
#7 = VECTOR ( 'NONE', #479, 1000.000000000000000 ) ;
#8 = ORIENTED_EDGE ( 'NONE', *, *, #470, .F. ) ;
#9 = FACE_BOUND ( 'NONE', #471, .T. ) ;
#10 = CARTESIAN_POINT ( 'NONE',  ( -159.5239168776901408, 71.95220597035097398, -52.62600359406732764 ) ) ;
#11 = AXIS2_PLACEMENT_3D ( 'NONE', #1152, #1006, #1494 ) ;
#12 = ORIENTED_EDGE ( 'NONE', *, *, #166, .T. ) ;
#13 = DIRECTION ( 'NONE',  ( 1.000000000000000000, 0.000000000000000000, 0.000000000000000000 ) ) ;
#14 = FACE_OUTER_BOUND ( 'NONE', #2080, .T. ) ;
#15 = VERTEX_POINT ( 'NONE', #931 ) ;
#16 = AXIS2_PLACEMENT_3D ( 'NONE', #904, #547, #1793 ) ;
#17 = DIRECTION ( 'NONE',  ( -0.000000000000000000, -0.000000000000000000, -1.000000000000000000 ) ) ;
#18 = AXIS2_PLACEMENT_3D ( 'NONE', #2169, #927, #55 ) ;
#19 = ADVANCED_FACE ( 'NONE', ( #1827, #947, #1623 ), #749, .F. ) ;
#20 = VERTEX_POINT ( 'NONE', #2194 ) ;
#21 = CARTESIAN_POINT ( 'NONE',  ( 0.000000000000000000, 0.000000000000000000, -46.41153750000005118 ) ) ;
#22 = CARTESIAN_POINT ( 'NONE',  ( -68.36739294758146457, 30.83665970157898428, -10.00000000000000888 ) ) ;
#23 = EDGE_LOOP ( 'NONE', ( #1299, #1205, #1730, #167, #109 ) ) ;
#24 = FACE_OUTER_BOUND ( 'NONE', #1268, .T. ) ;
#25 = DIRECTION ( 'NONE',  ( -0.000000000000000000, 0.000000000000000000, 1.000000000000000000 ) ) ;
#26 = EDGE_LOOP ( 'NONE', ( #1369, #555, #1487, #1719 ) ) ;
#27 = EDGE_CURVE ( 'NONE', #15, #2019, #1514, .T. ) ;
#28 = ORIENTED_EDGE ( 'NONE', *, *, #216, .T. ) ;
#29 = FACE_OUTER_BOUND ( 'NONE', #1272, .T. ) ;
#30 = ORIENTED_EDGE ( 'NONE', *, *, #658, .F. ) ;
#31 = CARTESIAN_POINT ( 'NONE',  ( 0.000000000000000000, 0.000000000000000000, -47.41153750000005118 ) ) ;
#32 = DIRECTION ( 'NONE',  ( 0.000000000000000000, -1.000000000000000000, -1.297116629533491305E-16 ) ) ;
#33 = ORIENTED_EDGE ( 'NONE', *, *, #1671, .F. ) ;
#34 = EDGE_CURVE ( 'NONE', #1315, #1946, #591, .T. ) ;
#35 = DIRECTION ( 'NONE',  ( 1.000000000000000000, 0.000000000000000000, 0.000000000000000000 ) ) ;
#36 = CIRCLE ( 'NONE', #1470, 2.499999999999927613 ) ;
#37 = FACE_OUTER_BOUND ( 'NONE', #135, .T. ) ;
#38 = PRODUCT_DEFINITION_SHAPE ( 'NONE', 'NONE',  #1287 ) ;
#39 = VERTEX_POINT ( 'NONE', #2163 ) ;
#40 = EDGE_CURVE ( 'NONE', #329, #1045, #1485, .T. ) ;
#41 = DIRECTION ( 'NONE',  ( -0.000000000000000000, -0.000000000000000000, 1.000000000000000000 ) ) ;
#42 = CIRCLE ( 'NONE', #229, 74.99999999999998579 ) ;
#43 = CARTESIAN_POINT ( 'NONE',  ( 0.000000000000000000, 0.000000000000000000, -46.41153750000005118 ) ) ;
#44 = ORIENTED_EDGE ( 'NONE', *, *, #723, .T. ) ;
#45 = VECTOR ( 'NONE', #295, 1000.000000000000000 ) ;
#46 = VECTOR ( 'NONE', #1211, 1000.000000000000000 ) ;
#47 = DIRECTION ( 'NONE',  ( -0.9718495882177307088, -0.2356021601790343478, 0.000000000000000000 ) ) ;
#48 = AXIS2_PLACEMENT_3D ( 'NONE', #1636, #1457, #2143 ) ;
#49 = AXIS2_PLACEMENT_3D ( 'NONE', #1867, #291, #2183 ) ;
#50 = DIRECTION ( 'NONE',  ( 0.000000000000000000, -1.000000000000000000, -1.387778780781445922E-16 ) ) ;
#51 = CIRCLE ( 'NONE', #18, 9.500000000000000000 ) ;
#52 = EDGE_LOOP ( 'NONE', ( #1288, #1, #181, #2243 ) ) ;
#53 = AXIS2_PLACEMENT_3D ( 'NONE', #180, #1221, #1923 ) ;
#54 = CARTESIAN_POINT ( 'NONE',  ( -10.27008277174995499, 86.89519779516678000, -47.41153750000004408 ) ) ;
#55 = DIRECTION ( 'NONE',  ( 1.000000000000000000, 0.000000000000000000, 0.000000000000000000 ) ) ;
#56 = EDGE_CURVE ( 'NONE', #39, #239, #42, .T. ) ;
#57 = APPLICATION_CONTEXT ( 'automotive_design' ) ;
#58 = DIRECTION ( 'NONE',  ( 0.000000000000000000, 1.000000000000000000, -6.167828616952755833E-17 ) ) ;
#59 = EDGE_CURVE ( 'NONE', #2146, #1232, #2248, .T. ) ;
#60 = CARTESIAN_POINT ( 'NONE',  ( 62.50292490842843307, 23.14346027173155562, -10.00000000000000533 ) ) ;
#61 = FACE_OUTER_BOUND ( 'NONE', #178, .T. ) ;
#62 = EDGE_CURVE ( 'NONE', #1846, #1554, #373, .T. ) ;
#63 = VERTEX_POINT ( 'NONE', #497 ) ;
#64 = CARTESIAN_POINT ( 'NONE',  ( 0.000000000000000000, 0.000000000000000000, -307.0258184027516677 ) ) ;
#65 = CARTESIAN_POINT ( 'NONE',  ( 58.62294662508192999, -36.39162168676735121, -19.00000000000000355 ) ) ;
#66 = CARTESIAN_POINT ( 'NONE',  ( 36.79451751214124755, 93.31184802075547680, -52.62600359406727080 ) ) ;
#67 = VERTEX_POINT ( 'NONE', #1701 ) ;
#68 = SURFACE_SIDE_STYLE ('',( #2229 ) ) ;
#69 = DIRECTION ( 'NONE',  ( 0.000000000000000000, 0.000000000000000000, 1.000000000000000000 ) ) ;
#70 = AXIS2_PLACEMENT_3D ( 'NONE', #1715, #695, #1542 ) ;
#71 = ORIENTED_EDGE ( 'NONE', *, *, #1751, .T. ) ;
#72 = DIRECTION ( 'NONE',  ( -0.000000000000000000, 0.000000000000000000, 1.000000000000000000 ) ) ;
#73 = CARTESIAN_POINT ( 'NONE',  ( 74.26776695296635467, 0.000000000000000000, -54.39377054703364678 ) ) ;
#74 = CARTESIAN_POINT ( 'NONE',  ( -66.10718274391028615, 7.352174912479794600, -19.00000000000000355 ) ) ;
#75 = ORIENTED_EDGE ( 'NONE', *, *, #1826, .F. ) ;
#76 = FILL_AREA_STYLE ('',( #618 ) ) ;
#77 = VECTOR ( 'NONE', #1397, 1000.000000000000114 ) ;
#78 = CARTESIAN_POINT ( 'NONE',  ( 65.00292490842842597, 23.14346027173155562, -10.00000000000000533 ) ) ;
#79 = DIRECTION ( 'NONE',  ( 1.000000000000000000, 0.000000000000000000, 0.000000000000000000 ) ) ;
#80 = EDGE_CURVE ( 'NONE', #15, #519, #1532, .T. ) ;
#81 = CIRCLE ( 'NONE', #315, 2.499999999980240251 ) ;
#82 = ORIENTED_EDGE ( 'NONE', *, *, #1451, .T. ) ;
#83 = CARTESIAN_POINT ( 'NONE',  ( -63.80956675107604781, 28.78088238814039101, -58.66153750000004408 ) ) ;
#84 = CARTESIAN_POINT ( 'NONE',  ( 138.3549707563275888, 107.1583037707098640, -58.66153750000005829 ) ) ;
#85 = CIRCLE ( 'NONE', #640, 50.00000000000001421 ) ;
#86 = CIRCLE ( 'NONE', #1753, 2.500000000000003553 ) ;
#87 = EDGE_LOOP ( 'NONE', ( #510, #1039 ) ) ;
#88 = CARTESIAN_POINT ( 'NONE',  ( 0.7299172282500422382, 86.89519779516678000, -46.41153750000005118 ) ) ;
#89 = VERTEX_POINT ( 'NONE', #299 ) ;
#90 = CARTESIAN_POINT ( 'NONE',  ( -60.02136080706333843, 81.91420052022823484, -307.0258184027516677 ) ) ;
#91 = CARTESIAN_POINT ( 'NONE',  ( 19.78175028424350401, 119.0332853201422694, -19.00000000000000355 ) ) ;
#92 = CARTESIAN_POINT ( 'NONE',  ( -47.04819951940464051, 111.0482540923662924, -19.00000000000000355 ) ) ;
#93 = ORIENTED_EDGE ( 'NONE', *, *, #1533, .T. ) ;
#94 = DIRECTION ( 'NONE',  ( -0.000000000000000000, -0.000000000000000000, -1.000000000000000000 ) ) ;
#95 = DIRECTION ( 'NONE',  ( 1.000000000000000000, 0.000000000000000000, 0.000000000000000000 ) ) ;
#96 = EDGE_LOOP ( 'NONE', ( #1515, #1146, #1628, #1453 ) ) ;
#97 = DIRECTION ( 'NONE',  ( -0.7071067811865455743, 8.659560562354908206E-17, 0.7071067811865493491 ) ) ;
#98 = ORIENTED_EDGE ( 'NONE', *, *, #877, .F. ) ;
#99 = EDGE_CURVE ( 'NONE', #999, #454, #521, .T. ) ;
#100 = DIRECTION ( 'NONE',  ( 1.850371707708593182E-15, 1.000000000000000000, -6.608470384673547079E-17 ) ) ;
#101 = CYLINDRICAL_SURFACE ( 'NONE', #1255, 65.00000000000000000 ) ;
#102 = EDGE_CURVE ( 'NONE', #2136, #793, #2181, .T. ) ;
#103 = ORIENTED_EDGE ( 'NONE', *, *, #542, .F. ) ;
#104 = LINE ( 'NONE', #193, #77 ) ;
#105 = LINE ( 'NONE', #2046, #902 ) ;
#106 = EDGE_CURVE ( 'NONE', #975, #288, #807, .T. ) ;
#107 = ORIENTED_EDGE ( 'NONE', *, *, #1682, .F. ) ;
#108 = LINE ( 'NONE', #278, #1100 ) ;
#109 = ORIENTED_EDGE ( 'NONE', *, *, #1792, .T. ) ;
#110 = CARTESIAN_POINT ( 'NONE',  ( 19.86408980896266741, 118.9565708611436179, -19.00000000000000355 ) ) ;
#111 = AXIS2_PLACEMENT_3D ( 'NONE', #1403, #728, #516 ) ;
#112 = DIRECTION ( 'NONE',  ( 1.000000000000000000, 0.000000000000000000, 0.000000000000000000 ) ) ;
#113 = CARTESIAN_POINT ( 'NONE',  ( -58.80779540358390989, 27.68832244413178145, -10.00000000000000888 ) ) ;
#114 = AXIS2_PLACEMENT_3D ( 'NONE', #376, #406, #1276 ) ;
#115 = EDGE_LOOP ( 'NONE', ( #8, #981, #1439, #1728, #1665 ) ) ;
#116 = DIRECTION ( 'NONE',  ( -0.2225209339563182509, -0.9749279121818227312, 1.060825671983333256E-13 ) ) ;
#117 = DIRECTION ( 'NONE',  ( -0.000000000000000000, 0.000000000000000000, 1.000000000000000000 ) ) ;
#118 = AXIS2_PLACEMENT_3D ( 'NONE', #92, #452, #1710 ) ;
#119 = ORIENTED_EDGE ( 'NONE', *, *, #397, .T. ) ;
#120 = AXIS2_PLACEMENT_3D ( 'NONE', #1500, #1511, #800 ) ;
#121 = DIRECTION ( 'NONE',  ( -1.533053090151794101E-17, 1.297116629533491305E-16, -1.000000000000000000 ) ) ;
#122 = EDGE_CURVE ( 'NONE', #1554, #1846, #2111, .T. ) ;
#123 = CIRCLE ( 'NONE', #1632, 2.499999999974593656 ) ;
#124 = EDGE_LOOP ( 'NONE', ( #353, #1048, #1127, #1381, #1305 ) ) ;
#125 = CIRCLE ( 'NONE', #1455, 9.499999999999996447 ) ;
#126 = PLANE ( 'NONE',  #1008 ) ;
#127 = DIRECTION ( 'NONE',  ( -0.2225209339563170019, -0.9749279121818229532, 1.054711873393929258E-13 ) ) ;
#128 = DIRECTION ( 'NONE',  ( -0.000000000000000000, -0.000000000000000000, -1.000000000000000000 ) ) ;
#129 = EDGE_LOOP ( 'NONE', ( #251, #208, #984, #913 ) ) ;
#130 = DIRECTION ( 'NONE',  ( 0.000000000000000000, 0.000000000000000000, 1.000000000000000000 ) ) ;
#131 = DIRECTION ( 'NONE',  ( -0.9115652393010863497, 0.4111554626877200191, 0.000000000000000000 ) ) ;
#132 = DIRECTION ( 'NONE',  ( -0.9718495882177307088, -0.2356021601790343478, 0.000000000000000000 ) ) ;
#133 = VERTEX_POINT ( 'NONE', #626 ) ;
#134 = LINE ( 'NONE', #88, #1405 ) ;
#135 = EDGE_LOOP ( 'NONE', ( #213, #637, #499, #33 ) ) ;
#136 = EDGE_CURVE ( 'NONE', #1466, #1393, #134, .T. ) ;
#137 = FACE_OUTER_BOUND ( 'NONE', #1508, .T. ) ;
#138 = CARTESIAN_POINT ( 'NONE',  ( 19.86408980896266741, 118.9565708611436179, -19.00000000000000355 ) ) ;
#139 = APPLICATION_CONTEXT ( 'automotive_design' ) ;
#140 = ORIENTED_EDGE ( 'NONE', *, *, #1326, .T. ) ;
#141 = FACE_BOUND ( 'NONE', #1549, .T. ) ;
#142 = CARTESIAN_POINT ( 'NONE',  ( 3.950000000000000178, 4.837354856632044071E-16, -40.51153750000004550 ) ) ;
#143 = FACE_OUTER_BOUND ( 'NONE', #1890, .T. ) ;
#144 = VERTEX_POINT ( 'NONE', #2077 ) ;
#145 = DIRECTION ( 'NONE',  ( 0.6234898018587319291, -0.7818314824680310249, 1.054711873393927743E-13 ) ) ;
#146 = CIRCLE ( 'NONE', #1547, 3.949999999999997957 ) ;
#147 = ORIENTED_EDGE ( 'NONE', *, *, #1326, .F. ) ;
#148 = PLANE ( 'NONE',  #1357 ) ;
#149 = CARTESIAN_POINT ( 'NONE',  ( 0.000000000000000000, 0.000000000000000000, -54.39377054703364678 ) ) ;
#150 = EDGE_CURVE ( 'NONE', #89, #940, #703, .T. ) ;
#151 = EDGE_LOOP ( 'NONE', ( #1199, #1340 ) ) ;
#152 = AXIS2_PLACEMENT_3D ( 'NONE', #908, #2000, #392 ) ;
#153 = PLANE ( 'NONE',  #308 ) ;
#154 = CARTESIAN_POINT ( 'NONE',  ( -51.02404058627542582, -49.05524931321377835, -18.99999999999996092 ) ) ;
#155 = FACE_OUTER_BOUND ( 'NONE', #358, .T. ) ;
#156 = CIRCLE ( 'NONE', #1656, 100.7322330470336595 ) ;
#157 = ORIENTED_EDGE ( 'NONE', *, *, #1536, .F. ) ;
#158 = DIRECTION ( 'NONE',  ( 1.000000000000000000, 0.000000000000000000, 0.000000000000000000 ) ) ;
#159 = CIRCLE ( 'NONE', #203, 2.500000000000002220 ) ;
#160 = ORIENTED_EDGE ( 'NONE', *, *, #507, .T. ) ;
#161 = AXIS2_PLACEMENT_3D ( 'NONE', #655, #1354, #2064 ) ;
#162 = ADVANCED_FACE ( 'NONE', ( #2224 ), #1879, .F. ) ;
#163 = DIRECTION ( 'NONE',  ( 0.9950255607062675756, 0.09961994549876902749, 0.000000000000000000 ) ) ;
#164 = AXIS2_PLACEMENT_3D ( 'NONE', #10, #1414, #2125 ) ;
#165 = LINE ( 'NONE', #852, #1292 ) ;
#166 = EDGE_CURVE ( 'NONE', #2022, #960, #108, .T. ) ;
#167 = ORIENTED_EDGE ( 'NONE', *, *, #184, .T. ) ;
#168 = DIRECTION ( 'NONE',  ( -5.473438864662848919E-17, -6.167828616952755833E-17, -1.000000000000000000 ) ) ;
#169 = CARTESIAN_POINT ( 'NONE',  ( 19.78175028424349335, 119.0332853201422836, -19.66987298107100912 ) ) ;
#170 = DIRECTION ( 'NONE',  ( -1.000000000000000000, 0.000000000000000000, 0.000000000000000000 ) ) ;
#171 = ORIENTED_EDGE ( 'NONE', *, *, #2164, .F. ) ;
#172 = DIRECTION ( 'NONE',  ( -0.000000000000000000, -0.000000000000000000, 1.000000000000000000 ) ) ;
#173 = CARTESIAN_POINT ( 'NONE',  ( 39.27160173760921680, 93.64956645368118870, -53.66153750000002276 ) ) ;
#174 = ORIENTED_EDGE ( 'NONE', *, *, #276, .T. ) ;
#175 = DIRECTION ( 'NONE',  ( 1.000000000000000000, 0.000000000000000000, 0.000000000000000000 ) ) ;
#176 = EDGE_CURVE ( 'NONE', #1295, #133, #1471, .T. ) ;
#177 = DIRECTION ( 'NONE',  ( -0.000000000000000000, -0.000000000000000000, -1.000000000000000000 ) ) ;
#178 = EDGE_LOOP ( 'NONE', ( #1770, #1521, #680, #103 ) ) ;
#179 = DIRECTION ( 'NONE',  ( 0.000000000000000000, 1.000000000000000000, -6.167828616952755833E-17 ) ) ;
#180 = CARTESIAN_POINT ( 'NONE',  ( 58.62294662508192999, -36.39162168676735121, -19.00000000000000355 ) ) ;
#181 = ORIENTED_EDGE ( 'NONE', *, *, #2184, .T. ) ;
#182 = DIRECTION ( 'NONE',  ( -1.000000000000000000, 0.000000000000000000, 0.000000000000000000 ) ) ;
#183 = FACE_BOUND ( 'NONE', #1194, .T. ) ;
#184 = EDGE_CURVE ( 'NONE', #1657, #1173, #2203, .T. ) ;
#185 = VERTEX_POINT ( 'NONE', #1325 ) ;
#186 = EDGE_CURVE ( 'NONE', #1304, #1173, #1920, .T. ) ;
#187 = AXIS2_PLACEMENT_3D ( 'NONE', #647, #1831, #2029 ) ;
#188 = DIRECTION ( 'NONE',  ( 1.000000000000000000, 0.000000000000000000, 1.062015605434800925E-13 ) ) ;
#189 = CARTESIAN_POINT ( 'NONE',  ( -68.60718274391030036, 7.352174912479794600, -19.00000000000000355 ) ) ;
#190 = CIRCLE ( 'NONE', #1472, 2.499999999974593656 ) ;
#191 = AXIS2_PLACEMENT_3D ( 'NONE', #976, #2038, #653 ) ;
#192 = VERTEX_POINT ( 'NONE', #1677 ) ;
#193 = CARTESIAN_POINT ( 'NONE',  ( -68.60718274391015825, 7.352174912480743174, -19.66987298107780902 ) ) ;
#194 = CARTESIAN_POINT ( 'NONE',  ( -71.10718274391031457, 7.352174912479794600, -19.00000000000000355 ) ) ;
#195 = AXIS2_PLACEMENT_3D ( 'NONE', #1765, #873, #1555 ) ;
#196 = ORIENTED_EDGE ( 'NONE', *, *, #862, .T. ) ;
#197 = DIRECTION ( 'NONE',  ( -1.000000000000000000, 0.000000000000000000, 0.000000000000000000 ) ) ;
#198 = CARTESIAN_POINT ( 'NONE',  ( -10.27008277174995499, 86.89519779516678000, -47.41153750000005118 ) ) ;
#199 = AXIS2_PLACEMENT_3D ( 'NONE', #540, #709, #1413 ) ;
#200 = CONICAL_SURFACE ( 'NONE', #1782, 3732.050807567097763, 1.308996938995627968 ) ;
#201 = ORIENTED_EDGE ( 'NONE', *, *, #99, .F. ) ;
#202 = EDGE_CURVE ( 'NONE', #2140, #799, #1341, .T. ) ;
#203 = AXIS2_PLACEMENT_3D ( 'NONE', #2041, #964, #1489 ) ;
#204 = ADVANCED_FACE ( 'NONE', ( #616 ), #460, .T. ) ;
#205 = CIRCLE ( 'NONE', #2156, 9.500000000000000000 ) ;
#206 = DIRECTION ( 'NONE',  ( 0.000000000000000000, -1.000000000000000000, 0.000000000000000000 ) ) ;
#207 = AXIS2_PLACEMENT_3D ( 'NONE', #698, #25, #531 ) ;
#208 = ORIENTED_EDGE ( 'NONE', *, *, #1054, .T. ) ;
#209 = DIRECTION ( 'NONE',  ( -0.000000000000000000, 0.000000000000000000, 1.000000000000000000 ) ) ;
#210 = ORIENTED_EDGE ( 'NONE', *, *, #1260, .T. ) ;
#211 = LINE ( 'NONE', #2190, #2071 ) ;
#212 = FACE_OUTER_BOUND ( 'NONE', #361, .T. ) ;
#213 = ORIENTED_EDGE ( 'NONE', *, *, #1595, .F. ) ;
#214 = ADVANCED_FACE ( 'NONE', ( #809 ), #1808, .T. ) ;
#215 = DIRECTION ( 'NONE',  ( -1.000000000000000000, 0.000000000000000000, 0.000000000000000000 ) ) ;
#216 = EDGE_CURVE ( 'NONE', #67, #1602, #628, .T. ) ;
#217 = DIRECTION ( 'NONE',  ( 1.000000000000000000, 0.000000000000000000, 0.000000000000000000 ) ) ;
#218 = EDGE_CURVE ( 'NONE', #2112, #2136, #2214, .T. ) ;
#219 = VERTEX_POINT ( 'NONE', #688 ) ;
#220 = LINE ( 'NONE', #1824, #1105 ) ;
#221 = DIRECTION ( 'NONE',  ( -0.000000000000000000, 0.000000000000000000, 1.000000000000000000 ) ) ;
#222 = VERTEX_POINT ( 'NONE', #697 ) ;
#223 = CARTESIAN_POINT ( 'NONE',  ( -10.27008277174995499, 86.89519779516678000, -46.41153750000005118 ) ) ;
#224 = CIRCLE ( 'NONE', #1135, 9.499999999999996447 ) ;
#225 = CARTESIAN_POINT ( 'NONE',  ( -68.60718274391015825, 7.352174912480713864, -19.66987298107780902 ) ) ;
#226 = ADVANCED_FACE ( 'NONE', ( #24 ), #810, .F. ) ;
#227 = AXIS2_PLACEMENT_3D ( 'NONE', #1143, #1852, #788 ) ;
#228 = ORIENTED_EDGE ( 'NONE', *, *, #829, .T. ) ;
#229 = AXIS2_PLACEMENT_3D ( 'NONE', #469, #1664, #825 ) ;
#230 = CARTESIAN_POINT ( 'NONE',  ( -10.27008277174995499, 86.89519779516678000, -46.41153750000005118 ) ) ;
#231 = DIRECTION ( 'NONE',  ( -0.000000000000000000, -0.000000000000000000, 1.000000000000000000 ) ) ;
#232 = CIRCLE ( 'NONE', #1071, 40.00000000000001421 ) ;
#233 = AXIS2_PLACEMENT_3D ( 'NONE', #1935, #1051, #1360 ) ;
#234 = DIRECTION ( 'NONE',  ( 5.473438864662848919E-17, 6.167828616952755833E-17, 1.000000000000000000 ) ) ;
#235 = VECTOR ( 'NONE', #770, 999.9999999999998863 ) ;
#236 = AXIS2_PLACEMENT_3D ( 'NONE', #1464, #722, #1596 ) ;
#237 = DIRECTION ( 'NONE',  ( 0.000000000000000000, 0.000000000000000000, 1.000000000000000000 ) ) ;
#238 = AXIS2_PLACEMENT_3D ( 'NONE', #1109, #1639, #2177 ) ;
#239 = VERTEX_POINT ( 'NONE', #847 ) ;
#240 = AXIS2_PLACEMENT_3D ( 'NONE', #1323, #2034, #456 ) ;
#241 = CARTESIAN_POINT ( 'NONE',  ( 67.50292490842841175, 23.14346027173155562, -19.00000000000000355 ) ) ;
#242 = DIRECTION ( 'NONE',  ( 1.000000000000000000, 0.000000000000000000, 0.000000000000000000 ) ) ;
#243 = EDGE_CURVE ( 'NONE', #1860, #1072, #1962, .T. ) ;
#244 = ORIENTED_EDGE ( 'NONE', *, *, #552, .F. ) ;
#245 = ORIENTED_EDGE ( 'NONE', *, *, #658, .T. ) ;
#246 = DIRECTION ( 'NONE',  ( -1.000000000000000000, 0.000000000000000000, 0.000000000000000000 ) ) ;
#247 = FACE_OUTER_BOUND ( 'NONE', #1497, .T. ) ;
#248 = ORIENTED_EDGE ( 'NONE', *, *, #1062, .F. ) ;
#249 = DIRECTION ( 'NONE',  ( 0.6234898018587441415, 0.7818314824680212549, 1.068589661201744472E-13 ) ) ;
#250 = DIRECTION ( 'NONE',  ( 1.000000000000000000, 0.000000000000000000, 0.000000000000000000 ) ) ;
#251 = ORIENTED_EDGE ( 'NONE', *, *, #923, .F. ) ;
#252 = EDGE_CURVE ( 'NONE', #2202, #332, #2275, .T. ) ;
#253 = ORIENTED_EDGE ( 'NONE', *, *, #1609, .F. ) ;
#254 = DIRECTION ( 'NONE',  ( 0.000000000000000000, 0.000000000000000000, 1.000000000000000000 ) ) ;
#255 = FACE_OUTER_BOUND ( 'NONE', #1615, .T. ) ;
#256 = LINE ( 'NONE', #463, #235 ) ;
#257 = CIRCLE ( 'NONE', #585, 65.00000000000000000 ) ;
#258 = ORIENTED_EDGE ( 'NONE', *, *, #1062, .T. ) ;
#259 = CARTESIAN_POINT ( 'NONE',  ( 56.12294662508192999, -36.39162168676735121, -19.00000000000000355 ) ) ;
#260 = DIRECTION ( 'NONE',  ( -0.9718495882177307088, -0.2356021601790343478, 0.000000000000000000 ) ) ;
#261 = ORIENTED_EDGE ( 'NONE', *, *, #2179, .T. ) ;
#262 = ORIENTED_EDGE ( 'NONE', *, *, #2209, .F. ) ;
#263 = PRODUCT ( 'bottom housing', 'bottom housing', '', ( #720 ) ) ;
#264 = ADVANCED_FACE ( 'NONE', ( #367 ), #1408, .F. ) ;
#265 = EDGE_LOOP ( 'NONE', ( #1123, #2142 ) ) ;
#266 =( LENGTH_UNIT ( ) NAMED_UNIT ( * ) SI_UNIT ( .MILLI., .METRE. ) );
#267 = CONICAL_SURFACE ( 'NONE', #2217, 69.99999999999998579, 0.7853981633974456145 ) ;
#268 = DIRECTION ( 'NONE',  ( -9.848622465179970876E-14, 5.714025668947779886E-14, 1.000000000000000000 ) ) ;
#269 = AXIS2_PLACEMENT_3D ( 'NONE', #762, #1465, #2174 ) ;
#270 = DIRECTION ( 'NONE',  ( 1.000000000000000000, 0.000000000000000000, 6.405132834375903042E-16 ) ) ;
#271 = VERTEX_POINT ( 'NONE', #1959 ) ;
#272 = FACE_OUTER_BOUND ( 'NONE', #309, .T. ) ;
#273 = CARTESIAN_POINT ( 'NONE',  ( 58.62294662508192999, -36.39162168676735121, -10.00000000000000533 ) ) ;
#274 = CIRCLE ( 'NONE', #599, 9.499999999999996447 ) ;
#275 = AXIS2_PLACEMENT_3D ( 'NONE', #273, #2235, #651 ) ;
#276 = EDGE_CURVE ( 'NONE', #1946, #1223, #1441, .T. ) ;
#277 = ORIENTED_EDGE ( 'NONE', *, *, #62, .T. ) ;
#278 = CARTESIAN_POINT ( 'NONE',  ( -6.320082771749957473, 86.89519779516678000, -40.51153750000004550 ) ) ;
#279 = EDGE_LOOP ( 'NONE', ( #1427, #93, #1934, #594 ) ) ;
#280 = DIRECTION ( 'NONE',  ( -0.9718495882177307088, -0.2356021601790343478, 0.000000000000000000 ) ) ;
#281 = ADVANCED_FACE ( 'NONE', ( #1428 ), #343, .T. ) ;
#282 = CARTESIAN_POINT ( 'NONE',  ( -3.950000000000000178, 0.000000000000000000, -40.51153750000004550 ) ) ;
#283 = CARTESIAN_POINT ( 'NONE',  ( -65.00000000000000000, 7.960204194457797252E-15, -10.00000000000000000 ) ) ;
#284 = EDGE_CURVE ( 'NONE', #878, #294, #1047, .T. ) ;
#285 = ORIENTED_EDGE ( 'NONE', *, *, #360, .F. ) ;
#286 = CARTESIAN_POINT ( 'NONE',  ( 39.27160173760921680, 93.64956645368118870, -10.00000000000000888 ) ) ;
#287 = CARTESIAN_POINT ( 'NONE',  ( 8.098693842866291348, -68.52307026133257750, -19.00000000000000355 ) ) ;
#288 = VERTEX_POINT ( 'NONE', #505 ) ;
#289 = CARTESIAN_POINT ( 'NONE',  ( -10.27008277174995499, 86.89519779516678000, -40.51153750000004550 ) ) ;
#290 = ORIENTED_EDGE ( 'NONE', *, *, #884, .F. ) ;
#291 = DIRECTION ( 'NONE',  ( -0.000000000000000000, -0.000000000000000000, -1.000000000000000000 ) ) ;
#292 = DIRECTION ( 'NONE',  ( -0.2225209339563170019, -0.9749279121818229532, 1.054711873393929258E-13 ) ) ;
#293 = DIRECTION ( 'NONE',  ( 0.000000000000000000, 1.000000000000000000, -6.167828616952755833E-17 ) ) ;
#294 = VERTEX_POINT ( 'NONE', #1739 ) ;
#295 = DIRECTION ( 'NONE',  ( -0.6445739622037345296, 0.2907308157883780608, 0.7071067811865495711 ) ) ;
#296 = DIRECTION ( 'NONE',  ( -0.000000000000000000, -0.000000000000000000, 1.000000000000000000 ) ) ;
#297 = ORIENTED_EDGE ( 'NONE', *, *, #1507, .F. ) ;
#298 = ADVANCED_FACE ( 'NONE', ( #1204 ), #1588, .T. ) ;
#299 = CARTESIAN_POINT ( 'NONE',  ( 55.34198830253107104, 42.86332150828389587, -58.66153750000005118 ) ) ;
#300 = AXIS2_PLACEMENT_3D ( 'NONE', #834, #1904, #326 ) ;
#301 = EDGE_LOOP ( 'NONE', ( #1717, #2182, #2005, #1837, #587 ) ) ;
#302 = FACE_BOUND ( 'NONE', #2039, .T. ) ;
#303 = AXIS2_PLACEMENT_3D ( 'NONE', #805, #820, #116 ) ;
#304 = DIRECTION ( 'NONE',  ( 6.725459331457292879E-16, 1.278280387119141471E-16, -1.000000000000000000 ) ) ;
#305 = EDGE_CURVE ( 'NONE', #1863, #2269, #1695, .T. ) ;
#306 = DIRECTION ( 'NONE',  ( 0.000000000000000000, 0.000000000000000000, 1.000000000000000000 ) ) ;
#307 = AXIS2_PLACEMENT_3D ( 'NONE', #683, #333, #674 ) ;
#308 = AXIS2_PLACEMENT_3D ( 'NONE', #1599, #168, #179 ) ;
#309 = EDGE_LOOP ( 'NONE', ( #738, #210, #1683, #778 ) ) ;
#310 = CARTESIAN_POINT ( 'NONE',  ( 0.000000000000000000, 0.000000000000000000, -58.66153750000005829 ) ) ;
#311 = DIRECTION ( 'NONE',  ( -0.000000000000000000, -0.000000000000000000, -1.000000000000000000 ) ) ;
#312 = CARTESIAN_POINT ( 'NONE',  ( -68.60718274391030036, 7.352174912479794600, -19.00000000000000355 ) ) ;
#313 = ADVANCED_FACE ( 'NONE', ( #351 ), #882, .F. ) ;
#314 = ORIENTED_EDGE ( 'NONE', *, *, #1978, .T. ) ;
#315 = AXIS2_PLACEMENT_3D ( 'NONE', #110, #1316, #978 ) ;
#316 = CARTESIAN_POINT ( 'NONE',  ( 0.000000000000000000, 0.000000000000000000, -47.41153750000005118 ) ) ;
#317 = ADVANCED_FACE ( 'NONE', ( #712 ), #1418, .T. ) ;
#318 = VECTOR ( 'NONE', #581, 1000.000000000000000 ) ;
#319 = ORIENTED_EDGE ( 'NONE', *, *, #1945, .T. ) ;
#320 = CARTESIAN_POINT ( 'NONE',  ( -59.52391687769009820, 71.95220597035097398, -10.00000000000001066 ) ) ;
#321 =( NAMED_UNIT ( * ) SI_UNIT ( $, .STERADIAN. ) SOLID_ANGLE_UNIT ( ) );
#322 = FACE_OUTER_BOUND ( 'NONE', #1017, .T. ) ;
#323 = EDGE_LOOP ( 'NONE', ( #711, #1396 ) ) ;
#324 = DIRECTION ( 'NONE',  ( 1.000000000000000000, 0.000000000000000000, 0.000000000000000000 ) ) ;
#325 = CARTESIAN_POINT ( 'NONE',  ( -21.27008277174995143, 86.89519779516678000, -46.41153750000005118 ) ) ;
#326 = DIRECTION ( 'NONE',  ( 1.000000000000000000, 0.000000000000000000, 0.000000000000000000 ) ) ;
#327 = ORIENTED_EDGE ( 'NONE', *, *, #176, .T. ) ;
#328 = DIRECTION ( 'NONE',  ( 0.000000000000000000, 0.000000000000000000, 1.000000000000000000 ) ) ;
#329 = VERTEX_POINT ( 'NONE', #1951 ) ;
#330 = ADVANCED_FACE ( 'NONE', ( #553 ), #897, .T. ) ;
#331 = CARTESIAN_POINT ( 'NONE',  ( 0.000000000000000000, 0.000000000000000000, -40.51153750000004550 ) ) ;
#332 = VERTEX_POINT ( 'NONE', #945 ) ;
#333 = DIRECTION ( 'NONE',  ( -1.533053090151794101E-17, 1.297116629533491305E-16, -1.000000000000000000 ) ) ;
#334 = CARTESIAN_POINT ( 'NONE',  ( -48.52404058627475791, -49.05524931321377835, -10.00000000000000533 ) ) ;
#335 = CARTESIAN_POINT ( 'NONE',  ( 38.54608056553988860, 93.55065101480894896, -54.39377054703365388 ) ) ;
#336 = ORIENTED_EDGE ( 'NONE', *, *, #419, .F. ) ;
#337 = DIRECTION ( 'NONE',  ( -0.000000000000000000, 0.000000000000000000, 1.000000000000000000 ) ) ;
#338 = AXIS2_PLACEMENT_3D ( 'NONE', #508, #1207, #887 ) ;
#339 = ORIENTED_EDGE ( 'NONE', *, *, #635, .T. ) ;
#340 = EDGE_CURVE ( 'NONE', #2238, #819, #524, .T. ) ;
#341 = DIRECTION ( 'NONE',  ( -5.473438864662848919E-17, -6.167828616952755833E-17, -1.000000000000000000 ) ) ;
#342 = FACE_OUTER_BOUND ( 'NONE', #124, .T. ) ;
#343 = TOROIDAL_SURFACE ( 'NONE', #411, 72.50000000000000000, 2.500000000000000000 ) ;
#344 = VERTEX_POINT ( 'NONE', #1481 ) ;
#345 = CONICAL_SURFACE ( 'NONE', #413, 3732.050807567097763, 1.308996938995627968 ) ;
#346 = CARTESIAN_POINT ( 'NONE',  ( 19.86408980896266741, 118.9565708611436179, -19.00000000000000355 ) ) ;
#347 = CARTESIAN_POINT ( 'NONE',  ( -66.10718274391028615, 7.352174912479794600, -10.00000000000000533 ) ) ;
#348 = CYLINDRICAL_SURFACE ( 'NONE', #845, 10.99999999999999645 ) ;
#349 = AXIS2_PLACEMENT_3D ( 'NONE', #842, #893, #856 ) ;
#350 = VERTEX_POINT ( 'NONE', #1300 ) ;
#351 = FACE_OUTER_BOUND ( 'NONE', #2096, .T. ) ;
#352 = CIRCLE ( 'NONE', #1597, 100.0000000000000284 ) ;
#353 = ORIENTED_EDGE ( 'NONE', *, *, #1856, .F. ) ;
#354 = CARTESIAN_POINT ( 'NONE',  ( 58.62294662508134735, -36.39162168676823939, -18.99999999999971578 ) ) ;
#355 = ORIENTED_EDGE ( 'NONE', *, *, #176, .F. ) ;
#356 = DIRECTION ( 'NONE',  ( 1.000000000000000000, 0.000000000000000000, 0.000000000000000000 ) ) ;
#357 = DIRECTION ( 'NONE',  ( 0.000000000000000000, -0.000000000000000000, -1.000000000000000000 ) ) ;
#358 = EDGE_LOOP ( 'NONE', ( #771, #147, #433, #2070 ) ) ;
#359 = DIRECTION ( 'NONE',  ( -0.000000000000000000, -0.000000000000000000, -1.000000000000000000 ) ) ;
#360 = EDGE_CURVE ( 'NONE', #1895, #664, #422, .T. ) ;
#361 = EDGE_LOOP ( 'NONE', ( #1915, #1168, #107, #1021 ) ) ;
#362 = LINE ( 'NONE', #876, #715 ) ;
#363 = ORIENTED_EDGE ( 'NONE', *, *, #1661, .F. ) ;
#364 = DIRECTION ( 'NONE',  ( -0.9718495882177307088, -0.2356021601790343478, 0.000000000000000000 ) ) ;
#365 = CARTESIAN_POINT ( 'NONE',  ( 55.34198830253107104, 42.86332150828389587, -58.66153750000005118 ) ) ;
#366 = EDGE_LOOP ( 'NONE', ( #355, #2015, #1802, #2055 ) ) ;
#367 = FACE_OUTER_BOUND ( 'NONE', #724, .T. ) ;
#368 = DIRECTION ( 'NONE',  ( 1.000000000000000000, 0.000000000000000000, 0.000000000000000000 ) ) ;
#369 = EDGE_CURVE ( 'NONE', #1045, #645, #1797, .T. ) ;
#370 = ORIENTED_EDGE ( 'NONE', *, *, #929, .T. ) ;
#371 = CIRCLE ( 'NONE', #480, 2.499999999980240251 ) ;
#372 = DIRECTION ( 'NONE',  ( -0.000000000000000000, -0.000000000000000000, 1.000000000000000000 ) ) ;
#373 = CIRCLE ( 'NONE', #486, 11.00000000000000000 ) ;
#374 = ADVANCED_FACE ( 'NONE', ( #1647 ), #1180, .T. ) ;
#375 = ORIENTED_EDGE ( 'NONE', *, *, #1779, .F. ) ;
#376 = CARTESIAN_POINT ( 'NONE',  ( 65.00292490842872439, 23.14346027173059284, -18.99999999999970868 ) ) ;
#377 = DIRECTION ( 'NONE',  ( 1.000000000000000000, 0.000000000000000000, 1.068589661201744094E-13 ) ) ;
#378 = VECTOR ( 'NONE', #97, 1000.000000000000114 ) ;
#379 = EDGE_LOOP ( 'NONE', ( #1239, #244 ) ) ;
#380 = DIRECTION ( 'NONE',  ( -0.000000000000000000, -0.000000000000000000, -1.000000000000000000 ) ) ;
#381 = DIRECTION ( 'NONE',  ( -1.000000000000000000, 0.000000000000000000, 0.000000000000000000 ) ) ;
#382 = AXIS2_PLACEMENT_3D ( 'NONE', #832, #1338, #1540 ) ;
#383 = AXIS2_PLACEMENT_3D ( 'NONE', #331, #1723, #1747 ) ;
#384 = ORIENTED_EDGE ( 'NONE', *, *, #1043, .F. ) ;
#385 = EDGE_CURVE ( 'NONE', #767, #1806, #1289, .T. ) ;
#386 = PRESENTATION_LAYER_ASSIGNMENT (  '', '', ( #1818 ) ) ;
#387 = VECTOR ( 'NONE', #1482, 1000.000000000000000 ) ;
#388 = CARTESIAN_POINT ( 'NONE',  ( -10.27008277174995499, 86.89519779516678000, -47.41153750000005118 ) ) ;
#389 = CIRCLE ( 'NONE', #1666, 100.0000000000000284 ) ;
#390 = CARTESIAN_POINT ( 'NONE',  ( -159.5239168776901408, 71.95220597035097398, -54.39377054703370362 ) ) ;
#391 = ORIENTED_EDGE ( 'NONE', *, *, #1950, .T. ) ;
#392 = DIRECTION ( 'NONE',  ( -1.000000000000000000, 0.000000000000000000, 0.000000000000000000 ) ) ;
#393 = LINE ( 'NONE', #773, #2081 ) ;
#394 = EDGE_LOOP ( 'NONE', ( #1534, #443 ) ) ;
#395 = EDGE_LOOP ( 'NONE', ( #515, #1050, #2133 ) ) ;
#396 = CYLINDRICAL_SURFACE ( 'NONE', #533, 9.499999999999994671 ) ;
#397 = EDGE_CURVE ( 'NONE', #664, #1232, #1964, .T. ) ;
#398 = CARTESIAN_POINT ( 'NONE',  ( -74.99999999999998579, 9.184850993605147156E-15, -10.00000000000000711 ) ) ;
#399 = ORIENTED_EDGE ( 'NONE', *, *, #1561, .F. ) ;
#400 = CARTESIAN_POINT ( 'NONE',  ( 3.950000000000000178, 4.837354856632044071E-16, -40.51153750000004550 ) ) ;
#401 = DIRECTION ( 'NONE',  ( -1.662392033485936315E-14, 1.125891464714576639E-13, 1.000000000000000000 ) ) ;
#402 = EDGE_CURVE ( 'NONE', #20, #2022, #1810, .T. ) ;
#403 = CARTESIAN_POINT ( 'NONE',  ( -47.04819951940464051, 111.0482540923662924, -19.00000000000000355 ) ) ;
#404 = DIRECTION ( 'NONE',  ( -0.000000000000000000, 0.000000000000000000, 1.000000000000000000 ) ) ;
#405 = AXIS2_PLACEMENT_3D ( 'NONE', #312, #1390, #1566 ) ;
#406 = DIRECTION ( 'NONE',  ( 6.391365718258973906E-14, -9.446639328581599346E-14, 1.000000000000000000 ) ) ;
#407 = ORIENTED_EDGE ( 'NONE', *, *, #2118, .F. ) ;
#408 = DIRECTION ( 'NONE',  ( 0.000000000000000000, 0.000000000000000000, 1.000000000000000000 ) ) ;
#409 = AXIS2_PLACEMENT_3D ( 'NONE', #444, #121, #1906 ) ;
#410 = CARTESIAN_POINT ( 'NONE',  ( -10.27008277174995499, 86.89519779516678000, -47.41153750000005118 ) ) ;
#411 = AXIS2_PLACEMENT_3D ( 'NONE', #1926, #2113, #1225 ) ;
#412 = VERTEX_POINT ( 'NONE', #756 ) ;
#413 = AXIS2_PLACEMENT_3D ( 'NONE', #1696, #466, #1861 ) ;
#414 = EDGE_LOOP ( 'NONE', ( #1649, #687, #1999, #277 ) ) ;
#415 = SURFACE_STYLE_USAGE ( .BOTH. , #68 ) ;
#416 = CIRCLE ( 'NONE', #1849, 3.950000000000000178 ) ;
#417 = DIRECTION ( 'NONE',  ( -1.533053090151794101E-17, 1.297116629533491305E-16, -1.000000000000000000 ) ) ;
#418 = CIRCLE ( 'NONE', #1899, 50.00000000000001421 ) ;
#419 = EDGE_CURVE ( 'NONE', #133, #975, #211, .T. ) ;
#420 = ORIENTED_EDGE ( 'NONE', *, *, #1311, .F. ) ;
#421 = VECTOR ( 'NONE', #296, 1000.000000000000000 ) ;
#422 = LINE ( 'NONE', #400, #1592 ) ;
#423 = DIRECTION ( 'NONE',  ( -1.000000000000000000, 0.000000000000000000, 0.000000000000000000 ) ) ;
#424 = EDGE_CURVE ( 'NONE', #1758, #819, #232, .T. ) ;
#425 = ORIENTED_EDGE ( 'NONE', *, *, #1244, .T. ) ;
#426 = EDGE_LOOP ( 'NONE', ( #98, #682, #659, #2212, #2210 ) ) ;
#427 = FACE_OUTER_BOUND ( 'NONE', #506, .T. ) ;
#428 = DIRECTION ( 'NONE',  ( 1.000000000000000000, 0.000000000000000000, 0.000000000000000000 ) ) ;
#429 = VERTEX_POINT ( 'NONE', #1459 ) ;
#430 = CARTESIAN_POINT ( 'NONE',  ( 65.00000000000000000, 6.208315974156028268E-31, -47.41153750000000144 ) ) ;
#431 = CYLINDRICAL_SURFACE ( 'NONE', #1709, 2.500000000000002220 ) ;
#432 = ADVANCED_FACE ( 'NONE', ( #2159 ), #812, .T. ) ;
#433 = ORIENTED_EDGE ( 'NONE', *, *, #1720, .T. ) ;
#434 = EDGE_LOOP ( 'NONE', ( #1228, #1447, #1901, #1652, #1077 ) ) ;
#435 = ORIENTED_EDGE ( 'NONE', *, *, #1273, .F. ) ;
#436 = FACE_OUTER_BOUND ( 'NONE', #1705, .T. ) ;
#437 = DIRECTION ( 'NONE',  ( 1.000000000000000000, 0.000000000000000000, 0.000000000000000000 ) ) ;
#438 = CARTESIAN_POINT ( 'NONE',  ( -58.80779540358390989, 27.68832244413178145, -307.0258184027516677 ) ) ;
#439 = ORIENTED_EDGE ( 'NONE', *, *, #627, .T. ) ;
#440 = LINE ( 'NONE', #1673, #2031 ) ;
#441 = CARTESIAN_POINT ( 'NONE',  ( 19.86408980896266741, 118.9565708611436179, -19.00000000000000355 ) ) ;
#442 = AXIS2_PLACEMENT_3D ( 'NONE', #66, #1469, #1454 ) ;
#443 = ORIENTED_EDGE ( 'NONE', *, *, #1722, .F. ) ;
#444 = CARTESIAN_POINT ( 'NONE',  ( 0.000000000000000000, 0.000000000000000000, -10.00000000000000888 ) ) ;
#445 = VECTOR ( 'NONE', #1939, 1000.000000000000000 ) ;
#446 = CIRCLE ( 'NONE', #11, 2.499999999999988454 ) ;
#447 = ORIENTED_EDGE ( 'NONE', *, *, #1023, .F. ) ;
#448 = ADVANCED_FACE ( 'NONE', ( #1257 ), #1974, .T. ) ;
#449 = DIRECTION ( 'NONE',  ( -0.000000000000000000, -0.000000000000000000, -1.000000000000000000 ) ) ;
#450 = CIRCLE ( 'NONE', #631, 40.00000000000001421 ) ;
#451 = DIRECTION ( 'NONE',  ( -1.662392033485936315E-14, 1.125891464714576639E-13, 1.000000000000000000 ) ) ;
#452 = DIRECTION ( 'NONE',  ( -0.000000000000000000, -0.000000000000000000, 1.000000000000000000 ) ) ;
#453 = AXIS2_PLACEMENT_3D ( 'NONE', #740, #1274, #47 ) ;
#454 = VERTEX_POINT ( 'NONE', #1982 ) ;
#455 = DIRECTION ( 'NONE',  ( 1.000000000000000000, 0.000000000000000000, 0.000000000000000000 ) ) ;
#456 = DIRECTION ( 'NONE',  ( 1.000000000000000000, 0.000000000000000000, 0.000000000000000000 ) ) ;
#457 = AXIS2_PLACEMENT_3D ( 'NONE', #84, #745, #1659 ) ;
#458 = VECTOR ( 'NONE', #1714, 1000.000000000000000 ) ;
#459 = ORIENTED_EDGE ( 'NONE', *, *, #1451, .F. ) ;
#460 = CYLINDRICAL_SURFACE ( 'NONE', #850, 3.949999999999998845 ) ;
#461 = ORIENTED_EDGE ( 'NONE', *, *, #122, .F. ) ;
#462 = CYLINDRICAL_SURFACE ( 'NONE', #1099, 2.500000000000000444 ) ;
#463 = CARTESIAN_POINT ( 'NONE',  ( 58.62294662508136867, -36.39162168676818254, -19.66987298107781612 ) ) ;
#464 = EDGE_CURVE ( 'NONE', #1758, #1686, #958, .T. ) ;
#465 = EDGE_LOOP ( 'NONE', ( #867, #1353, #1545 ) ) ;
#466 = DIRECTION ( 'NONE',  ( 6.391365718258973906E-14, -9.446639328581599346E-14, 1.000000000000000000 ) ) ;
#467 = CARTESIAN_POINT ( 'NONE',  ( -68.60718274391030036, 7.352174912479794600, -10.00000000000000533 ) ) ;
#468 = ORIENTED_EDGE ( 'NONE', *, *, #1054, .F. ) ;
#469 = CARTESIAN_POINT ( 'NONE',  ( 0.000000000000000000, 0.000000000000000000, -52.62600359406727080 ) ) ;
#470 = EDGE_CURVE ( 'NONE', #1700, #629, #220, .T. ) ;
#471 = EDGE_LOOP ( 'NONE', ( #1510, #2218 ) ) ;
#472 = CARTESIAN_POINT ( 'NONE',  ( 0.000000000000000000, 0.000000000000000000, -47.41153750000005118 ) ) ;
#473 = CARTESIAN_POINT ( 'NONE',  ( -10.27008277174995499, 86.89519779516678000, -47.41153750000005118 ) ) ;
#474 = FACE_OUTER_BOUND ( 'NONE', #666, .T. ) ;
#475 = EDGE_CURVE ( 'NONE', #2009, #1312, #1844, .T. ) ;
#476 = ORIENTED_EDGE ( 'NONE', *, *, #552, .T. ) ;
#477 = DIRECTION ( 'NONE',  ( 1.000000000000000000, 0.000000000000000000, 0.000000000000000000 ) ) ;
#478 = LINE ( 'NONE', #2073, #1378 ) ;
#479 = DIRECTION ( 'NONE',  ( -0.000000000000000000, -0.000000000000000000, -1.000000000000000000 ) ) ;
#480 = AXIS2_PLACEMENT_3D ( 'NONE', #1654, #1148, #987 ) ;
#481 = EDGE_LOOP ( 'NONE', ( #1877, #2014 ) ) ;
#482 = DIRECTION ( 'NONE',  ( 0.000000000000000000, 1.000000000000000000, 0.000000000000000000 ) ) ;
#483 = ORIENTED_EDGE ( 'NONE', *, *, #520, .F. ) ;
#484 = AXIS2_PLACEMENT_3D ( 'NONE', #1578, #1055, #530 ) ;
#485 = DIRECTION ( 'NONE',  ( 6.725459331457292879E-16, 1.278280387119141471E-16, -1.000000000000000000 ) ) ;
#486 = AXIS2_PLACEMENT_3D ( 'NONE', #316, #2023, #482 ) ;
#487 = DIRECTION ( 'NONE',  ( -0.000000000000000000, -0.000000000000000000, 1.000000000000000000 ) ) ;
#488 = CYLINDRICAL_SURFACE ( 'NONE', #1892, 74.99999999999998579 ) ;
#489 = AXIS2_PLACEMENT_3D ( 'NONE', #2124, #1190, #1563 ) ;
#490 = AXIS2_PLACEMENT_3D ( 'NONE', #1813, #586, #935 ) ;
#491 = ORIENTED_EDGE ( 'NONE', *, *, #385, .T. ) ;
#492 = CARTESIAN_POINT ( 'NONE',  ( -48.52404058627549688, -49.05524931321301096, -18.99999999999971578 ) ) ;
#493 = DIRECTION ( 'NONE',  ( 0.9659258262890099145, -1.072393092426661863E-14, 0.2588190451027385097 ) ) ;
#494 = DIRECTION ( 'NONE',  ( -0.000000000000000000, -0.000000000000000000, -1.000000000000000000 ) ) ;
#495 = AXIS2_PLACEMENT_3D ( 'NONE', #1250, #1624, #1101 ) ;
#496 = ORIENTED_EDGE ( 'NONE', *, *, #80, .F. ) ;
#497 = CARTESIAN_POINT ( 'NONE',  ( -68.60718274391017246, 7.352174912480725411, -19.66987298107780902 ) ) ;
#498 = EDGE_CURVE ( 'NONE', #2162, #1081, #764, .T. ) ;
#499 = ORIENTED_EDGE ( 'NONE', *, *, #252, .T. ) ;
#500 = CYLINDRICAL_SURFACE ( 'NONE', #1967, 100.0000000000000568 ) ;
#501 = PLANE ( 'NONE',  #592 ) ;
#502 = FACE_OUTER_BOUND ( 'NONE', #600, .T. ) ;
#503 = CARTESIAN_POINT ( 'NONE',  ( 19.78175028424350401, 119.0332853201422694, -19.00000000000000355 ) ) ;
#504 = VERTEX_POINT ( 'NONE', #1279 ) ;
#505 = CARTESIAN_POINT ( 'NONE',  ( 74.99999999999998579, 1.491411492895198710E-31, -10.00000000000001066 ) ) ;
#506 = EDGE_LOOP ( 'NONE', ( #253, #1787, #1412, #1963 ) ) ;
#507 = EDGE_CURVE ( 'NONE', #2019, #1295, #708, .T. ) ;
#508 = CARTESIAN_POINT ( 'NONE',  ( -159.5239168776901408, 71.95220597035097398, -54.39377054703370362 ) ) ;
#509 = DIRECTION ( 'NONE',  ( -3.390010209025030713E-14, -1.089053940493181411E-13, 1.000000000000000000 ) ) ;
#510 = ORIENTED_EDGE ( 'NONE', *, *, #1698, .T. ) ;
#511 = DIRECTION ( 'NONE',  ( 0.000000000000000000, 0.000000000000000000, 1.000000000000000000 ) ) ;
#512 = DIRECTION ( 'NONE',  ( 0.6234898018587432533, 0.7818314824680221431, 1.063205538886268469E-13 ) ) ;
#513 = FACE_OUTER_BOUND ( 'NONE', #1387, .T. ) ;
#514 = ADVANCED_FACE ( 'NONE', ( #937 ), #1638, .F. ) ;
#515 = ORIENTED_EDGE ( 'NONE', *, *, #40, .F. ) ;
#516 = DIRECTION ( 'NONE',  ( 1.000000000000000000, 0.000000000000000000, 1.062015605434800925E-13 ) ) ;
#517 = AXIS2_PLACEMENT_3D ( 'NONE', #78, #967, #1355 ) ;
#518 = ADVANCED_FACE ( 'NONE', ( #785 ), #1286, .F. ) ;
#519 = VERTEX_POINT ( 'NONE', #286 ) ;
#520 = EDGE_CURVE ( 'NONE', #1081, #1271, #446, .T. ) ;
#521 = CIRCLE ( 'NONE', #1693, 100.0000000000000568 ) ;
#522 = DIRECTION ( 'NONE',  ( 0.000000000000000000, 0.000000000000000000, 1.000000000000000000 ) ) ;
#523 = VERTEX_POINT ( 'NONE', #1834 ) ;
#524 = CIRCLE ( 'NONE', #1884, 99.99999999999997158 ) ;
#525 = DIRECTION ( 'NONE',  ( -7.930164461608259453E-16, 1.000000000000000000, -6.608470384673549545E-17 ) ) ;
#526 = DIRECTION ( 'NONE',  ( 0.000000000000000000, -0.000000000000000000, -1.000000000000000000 ) ) ;
#527 = CARTESIAN_POINT ( 'NONE',  ( -6.320082771749957473, 86.89519779516678000, -40.51153750000004550 ) ) ;
#528 = AXIS2_PLACEMENT_3D ( 'NONE', #346, #2072, #1585 ) ;
#529 = ORIENTED_EDGE ( 'NONE', *, *, #360, .T. ) ;
#530 = DIRECTION ( 'NONE',  ( 1.000000000000000000, 0.000000000000000000, 0.000000000000000000 ) ) ;
#531 = DIRECTION ( 'NONE',  ( 1.000000000000000000, 0.000000000000000000, 0.000000000000000000 ) ) ;
#532 = VECTOR ( 'NONE', #69, 1000.000000000000000 ) ;
#533 = AXIS2_PLACEMENT_3D ( 'NONE', #731, #1995, #1240 ) ;
#534 = ORIENTED_EDGE ( 'NONE', *, *, #627, .F. ) ;
#535 = VECTOR ( 'NONE', #1706, 1000.000000000000000 ) ;
#536 = AXIS2_PLACEMENT_3D ( 'NONE', #1913, #1075, #512 ) ;
#537 = CARTESIAN_POINT ( 'NONE',  ( -149.2813267937130774, 70.28574158894994639, -307.0258184027516677 ) ) ;
#538 = ADVANCED_FACE ( 'NONE', ( #1516 ), #345, .F. ) ;
#539 = VERTEX_POINT ( 'NONE', #83 ) ;
#540 = CARTESIAN_POINT ( 'NONE',  ( 58.62294662508134735, -36.39162168676823939, -18.99999999999971578 ) ) ;
#541 = CARTESIAN_POINT ( 'NONE',  ( -68.05088040901939905, 9.789494692935290843, -18.99999999999997158 ) ) ;
#542 = EDGE_CURVE ( 'NONE', #539, #1953, #1713, .T. ) ;
#543 = VERTEX_POINT ( 'NONE', #430 ) ;
#544 = DIRECTION ( 'NONE',  ( -1.000000000000000000, 0.000000000000000000, 0.000000000000000000 ) ) ;
#545 = FACE_BOUND ( 'NONE', #1977, .T. ) ;
#546 = EDGE_LOOP ( 'NONE', ( #1569, #1942, #375, #901 ) ) ;
#547 = DIRECTION ( 'NONE',  ( -5.473438864662848919E-17, -6.167828616952755833E-17, -1.000000000000000000 ) ) ;
#548 = ORIENTED_EDGE ( 'NONE', *, *, #424, .T. ) ;
#549 = CARTESIAN_POINT ( 'NONE',  ( -48.52404058627549688, -49.05524931321301096, -18.99999999999971578 ) ) ;
#550 = DIRECTION ( 'NONE',  ( 1.000000000000000000, 0.000000000000000000, 0.000000000000000000 ) ) ;
#551 = ORIENTED_EDGE ( 'NONE', *, *, #1132, .T. ) ;
#552 = EDGE_CURVE ( 'NONE', #1063, #645, #815, .T. ) ;
#553 = FACE_OUTER_BOUND ( 'NONE', #2254, .T. ) ;
#554 = DIRECTION ( 'NONE',  ( 1.000000000000000000, 0.000000000000000000, 6.405132834375903042E-16 ) ) ;
#555 = ORIENTED_EDGE ( 'NONE', *, *, #402, .F. ) ;
#556 = CIRCLE ( 'NONE', #918, 2.499999999999998224 ) ;
#557 = FACE_OUTER_BOUND ( 'NONE', #2047, .T. ) ;
#558 = ORIENTED_EDGE ( 'NONE', *, *, #520, .T. ) ;
#559 = DIRECTION ( 'NONE',  ( -0.000000000000000000, 0.000000000000000000, 1.000000000000000000 ) ) ;
#560 = AXIS2_PLACEMENT_3D ( 'NONE', #2128, #861, #544 ) ;
#561 = ORIENTED_EDGE ( 'NONE', *, *, #2164, .T. ) ;
#562 = DIRECTION ( 'NONE',  ( 1.000000000000000000, 0.000000000000000000, 6.938893903907226405E-16 ) ) ;
#563 = DIRECTION ( 'NONE',  ( -0.000000000000000000, -0.000000000000000000, -1.000000000000000000 ) ) ;
#564 = EDGE_CURVE ( 'NONE', #39, #1985, #1309, .T. ) ;
#565 = VECTOR ( 'NONE', #782, 1000.000000000000000 ) ;
#566 = VERTEX_POINT ( 'NONE', #1505 ) ;
#567 = EDGE_CURVE ( 'NONE', #1421, #1846, #2056, .T. ) ;
#568 = CIRCLE ( 'NONE', #1897, 3.949999999999995293 ) ;
#569 = CIRCLE ( 'NONE', #161, 74.99999999999998579 ) ;
#570 = DIRECTION ( 'NONE',  ( 0.000000000000000000, 0.000000000000000000, -1.000000000000000000 ) ) ;
#571 = CIRCLE ( 'NONE', #2158, 65.00000000000000000 ) ;
#572 = CARTESIAN_POINT ( 'NONE',  ( 29.45939229315107255, 91.53942120359667456, -47.41153750000004408 ) ) ;
#573 = EDGE_LOOP ( 'NONE', ( #2175, #1836, #491, #1027 ) ) ;
#574 = DIRECTION ( 'NONE',  ( -1.000000000000000000, 0.000000000000000000, 0.000000000000000000 ) ) ;
#575 = FACE_OUTER_BOUND ( 'NONE', #1215, .T. ) ;
#576 = VERTEX_POINT ( 'NONE', #2045 ) ;
#577 = DIRECTION ( 'NONE',  ( -0.9718495882177311529, -0.2356021601790325992, 0.000000000000000000 ) ) ;
#578 = CARTESIAN_POINT ( 'NONE',  ( 19.86408980896266741, 118.9565708611436179, -10.00000000000000533 ) ) ;
#579 = EDGE_LOOP ( 'NONE', ( #1672, #363, #1424, #1348 ) ) ;
#580 = DIRECTION ( 'NONE',  ( 1.000000000000000000, -4.440892098500623795E-15, 6.938893903907224433E-16 ) ) ;
#581 = DIRECTION ( 'NONE',  ( 0.000000000000000000, 0.000000000000000000, 1.000000000000000000 ) ) ;
#582 = DIRECTION ( 'NONE',  ( 1.000000000000000000, 0.000000000000000000, 0.000000000000000000 ) ) ;
#583 = DIRECTION ( 'NONE',  ( -0.000000000000000000, 0.000000000000000000, 1.000000000000000000 ) ) ;
#584 = ADVANCED_FACE ( 'NONE', ( #660 ), #612, .F. ) ;
#585 = AXIS2_PLACEMENT_3D ( 'NONE', #1552, #2259, #676 ) ;
#586 = DIRECTION ( 'NONE',  ( -1.533053090151794101E-17, 1.297116629533491305E-16, -1.000000000000000000 ) ) ;
#587 = ORIENTED_EDGE ( 'NONE', *, *, #853, .T. ) ;
#588 = DIRECTION ( 'NONE',  ( 0.7035893214293493791, 0.07044193900361608862, -0.7071067811865464625 ) ) ;
#589 = CARTESIAN_POINT ( 'NONE',  ( -49.28132679371302771, 70.28574158894994639, -47.41153750000008671 ) ) ;
#590 = AXIS2_PLACEMENT_3D ( 'NONE', #914, #1619, #249 ) ;
#591 = LINE ( 'NONE', #74, #2066 ) ;
#592 = AXIS2_PLACEMENT_3D ( 'NONE', #21, #1912, #356 ) ;
#593 = CIRCLE ( 'NONE', #2263, 2.499999999999927613 ) ;
#594 = ORIENTED_EDGE ( 'NONE', *, *, #713, .T. ) ;
#595 = CARTESIAN_POINT ( 'NONE',  ( -11.00000000000000000, 0.000000000000000000, -46.41153750000005118 ) ) ;
#596 = AXIS2_PLACEMENT_3D ( 'NONE', #1571, #830, #691 ) ;
#597 = TOROIDAL_SURFACE ( 'NONE', #1631, 47.50000000000002132, 2.500000000000000000 ) ;
#598 = CARTESIAN_POINT ( 'NONE',  ( -49.54819951938136313, 111.0482540923670172, -10.00000000000000533 ) ) ;
#599 = AXIS2_PLACEMENT_3D ( 'NONE', #198, #3, #898 ) ;
#600 = EDGE_LOOP ( 'NONE', ( #75, #1743, #1543, #1090, #796 ) ) ;
#601 = DIRECTION ( 'NONE',  ( 1.000000000000000000, 0.000000000000000000, 0.000000000000000000 ) ) ;
#602 = ADVANCED_FACE ( 'NONE', ( #956 ), #267, .T. ) ;
#603 = CARTESIAN_POINT ( 'NONE',  ( -48.52404058627544003, -49.05524931321306070, -19.66987298107781612 ) ) ;
#604 = ORIENTED_EDGE ( 'NONE', *, *, #2145, .T. ) ;
#605 = CARTESIAN_POINT ( 'NONE',  ( -44.54819951943004952, 111.0482540923662924, -19.00000000000000355 ) ) ;
#606 = EDGE_LOOP ( 'NONE', ( #735, #461 ) ) ;
#607 = PRESENTATION_STYLE_ASSIGNMENT (( #415 ) ) ;
#608 = DIRECTION ( 'NONE',  ( -0.9718495882177307088, -0.2356021601790343478, 0.000000000000000000 ) ) ;
#609 = FACE_OUTER_BOUND ( 'NONE', #1106, .T. ) ;
#610 = EDGE_CURVE ( 'NONE', #767, #1189, #670, .T. ) ;
#611 = ORIENTED_EDGE ( 'NONE', *, *, #567, .F. ) ;
#612 = CYLINDRICAL_SURFACE ( 'NONE', #1965, 100.0000000000000000 ) ;
#613 = DIRECTION ( 'NONE',  ( 1.000000000000000000, 0.000000000000000000, 0.000000000000000000 ) ) ;
#614 = ADVANCED_FACE ( 'NONE', ( #2219 ), #746, .F. ) ;
#615 = ORIENTED_EDGE ( 'NONE', *, *, #1478, .F. ) ;
#616 = FACE_OUTER_BOUND ( 'NONE', #2227, .T. ) ;
#617 = ORIENTED_EDGE ( 'NONE', *, *, #1682, .T. ) ;
#618 = FILL_AREA_STYLE_COLOUR ( '', #750 ) ;
#619 = DIRECTION ( 'NONE',  ( 0.000000000000000000, 1.000000000000000000, -9.912705577010328015E-17 ) ) ;
#620 = DIRECTION ( 'NONE',  ( -0.9659258262890649815, -1.060563912712875561E-14, 0.2588190451025333405 ) ) ;
#621 = CONICAL_SURFACE ( 'NONE', #1248, 3732.050807567097763, 1.308996938995627968 ) ;
#622 = ORIENTED_EDGE ( 'NONE', *, *, #641, .T. ) ;
#623 = CARTESIAN_POINT ( 'NONE',  ( -159.5239168776901408, 71.95220597035097398, -52.62600359406732764 ) ) ;
#624 = DIRECTION ( 'NONE',  ( 1.000000000000000000, 0.000000000000000000, 0.000000000000000000 ) ) ;
#625 = ORIENTED_EDGE ( 'NONE', *, *, #305, .T. ) ;
#626 = CARTESIAN_POINT ( 'NONE',  ( 59.29498746699756850, 45.92498733030416957, -52.62600359406727080 ) ) ;
#627 = EDGE_CURVE ( 'NONE', #566, #504, #440, .T. ) ;
#628 = CIRCLE ( 'NONE', #195, 2.500000000000002220 ) ;
#629 = VERTEX_POINT ( 'NONE', #1658 ) ;
#630 =( NAMED_UNIT ( * ) SI_UNIT ( $, .STERADIAN. ) SOLID_ANGLE_UNIT ( ) );
#631 = AXIS2_PLACEMENT_3D ( 'NONE', #1997, #1785, #754 ) ;
#632 = DIRECTION ( 'NONE',  ( -0.9659258262890669799, 1.182917971378668116E-16, 0.2588190451025254579 ) ) ;
#633 = AXIS2_PLACEMENT_3D ( 'NONE', #1583, #2279, #1559 ) ;
#634 = CARTESIAN_POINT ( 'NONE',  ( -0.7700827717499590941, 86.89519779516678000, -46.41153750000005118 ) ) ;
#635 = EDGE_CURVE ( 'NONE', #975, #519, #1702, .T. ) ;
#636 = AXIS2_PLACEMENT_3D ( 'NONE', #2241, #522, #1218 ) ;
#637 = ORIENTED_EDGE ( 'NONE', *, *, #1582, .T. ) ;
#638 = DIRECTION ( 'NONE',  ( -0.2149387169983357215, 0.9417080491464516756, 0.2588190451027386207 ) ) ;
#639 = DIRECTION ( 'NONE',  ( -0.000000000000000000, 0.000000000000000000, 1.000000000000000000 ) ) ;
#640 = AXIS2_PLACEMENT_3D ( 'NONE', #1614, #1579, #381 ) ;
#641 = EDGE_CURVE ( 'NONE', #566, #185, #1128, .T. ) ;
#642 = CIRCLE ( 'NONE', #1565, 2.499999999974578113 ) ;
#643 = ORIENTED_EDGE ( 'NONE', *, *, #340, .F. ) ;
#644 = EDGE_CURVE ( 'NONE', #2009, #1304, #992, .T. ) ;
#645 = VERTEX_POINT ( 'NONE', #2244 ) ;
#646 = ADVANCED_FACE ( 'NONE', ( #272 ), #961, .T. ) ;
#647 = CARTESIAN_POINT ( 'NONE',  ( 65.00292490842872439, 23.14346027173059284, -18.99999999999970868 ) ) ;
#648 = DIRECTION ( 'NONE',  ( -0.000000000000000000, -0.000000000000000000, 1.000000000000000000 ) ) ;
#649 = ORIENTED_EDGE ( 'NONE', *, *, #1811, .T. ) ;
#650 = CARTESIAN_POINT ( 'NONE',  ( -63.80956675107604781, 28.78088238814039101, -58.66153750000004408 ) ) ;
#651 = DIRECTION ( 'NONE',  ( 1.000000000000000000, 0.000000000000000000, 0.000000000000000000 ) ) ;
#652 = ORIENTED_EDGE ( 'NONE', *, *, #1617, .T. ) ;
#653 = DIRECTION ( 'NONE',  ( 1.000000000000000000, 0.000000000000000000, 0.000000000000000000 ) ) ;
#654 = ORIENTED_EDGE ( 'NONE', *, *, #1162, .F. ) ;
#655 = CARTESIAN_POINT ( 'NONE',  ( 0.000000000000000000, 0.000000000000000000, -52.62600359406727080 ) ) ;
#656 = CARTESIAN_POINT ( 'NONE',  ( -10.27008277174995499, 86.89519779516678000, -40.51153750000004550 ) ) ;
#657 = DIRECTION ( 'NONE',  ( 0.6234898018587441415, 0.7818314824680212549, 1.068589661201744472E-13 ) ) ;
#658 = EDGE_CURVE ( 'NONE', #63, #1981, #104, .T. ) ;
#659 = ORIENTED_EDGE ( 'NONE', *, *, #2209, .T. ) ;
#660 = FACE_OUTER_BOUND ( 'NONE', #2116, .T. ) ;
#661 = LINE ( 'NONE', #1362, #753 ) ;
#662 = DIRECTION ( 'NONE',  ( 0.000000000000000000, 0.000000000000000000, 1.000000000000000000 ) ) ;
#663 = AXIS2_PLACEMENT_3D ( 'NONE', #2215, #1537, #619 ) ;
#664 = VERTEX_POINT ( 'NONE', #1018 ) ;
#665 = CARTESIAN_POINT ( 'NONE',  ( 57.31848788476431622, 44.39415441929402562, -52.62600359406728501 ) ) ;
#666 = EDGE_LOOP ( 'NONE', ( #285, #1938, #677, #82 ) ) ;
#667 = AXIS2_PLACEMENT_3D ( 'NONE', #1436, #380, #574 ) ;
#668 = APPLICATION_PROTOCOL_DEFINITION ( 'draft international standard', 'automotive_design', 1998, #57 ) ;
#669 = DIRECTION ( 'NONE',  ( -0.6022449020432093514, 0.7551912207217307271, 0.2588190451025333960 ) ) ;
#670 = CIRCLE ( 'NONE', #1479, 2.499999999999927613 ) ;
#671 = CIRCLE ( 'NONE', #1894, 100.0000000000000000 ) ;
#672 = ADVANCED_FACE ( 'NONE', ( #141, #1220 ), #153, .F. ) ;
#673 = ORIENTED_EDGE ( 'NONE', *, *, #2054, .T. ) ;
#674 = DIRECTION ( 'NONE',  ( 0.000000000000000000, -1.000000000000000000, -1.387778780781445922E-16 ) ) ;
#675 = DIRECTION ( 'NONE',  ( -0.000000000000000000, -0.000000000000000000, 1.000000000000000000 ) ) ;
#676 = DIRECTION ( 'NONE',  ( 1.000000000000000000, 0.000000000000000000, 6.405132834375903042E-16 ) ) ;
#677 = ORIENTED_EDGE ( 'NONE', *, *, #59, .T. ) ;
#678 = AXIS2_PLACEMENT_3D ( 'NONE', #1097, #1817, #2191 ) ;
#679 = CARTESIAN_POINT ( 'NONE',  ( -48.52404058637391415, -49.05524931315590464, 980.3301270189222123 ) ) ;
#680 = ORIENTED_EDGE ( 'NONE', *, *, #903, .T. ) ;
#681 = FACE_OUTER_BOUND ( 'NONE', #1434, .T. ) ;
#682 = ORIENTED_EDGE ( 'NONE', *, *, #1495, .T. ) ;
#683 = CARTESIAN_POINT ( 'NONE',  ( 0.000000000000000000, 0.000000000000000000, -10.00000000000000888 ) ) ;
#684 = DIRECTION ( 'NONE',  ( 1.000000000000000000, 0.000000000000000000, 0.000000000000000000 ) ) ;
#685 = LINE ( 'NONE', #1737, #7 ) ;
#686 = EDGE_CURVE ( 'NONE', #1421, #881, #2260, .T. ) ;
#687 = ORIENTED_EDGE ( 'NONE', *, *, #686, .F. ) ;
#688 = CARTESIAN_POINT ( 'NONE',  ( 21.52667143912617576, 120.8236065659291540, -19.00000000000000355 ) ) ;
#689 = ORIENTED_EDGE ( 'NONE', *, *, #1870, .T. ) ;
#690 = DIRECTION ( 'NONE',  ( 0.000000000000000000, 0.000000000000000000, 1.000000000000000000 ) ) ;
#691 = DIRECTION ( 'NONE',  ( 1.000000000000000000, 0.000000000000000000, 0.000000000000000000 ) ) ;
#692 = ORIENTED_EDGE ( 'NONE', *, *, #1668, .F. ) ;
#693 = CARTESIAN_POINT ( 'NONE',  ( -50.08276509092227968, -47.10067060704299280, -18.99999999999997868 ) ) ;
#694 = DIRECTION ( 'NONE',  ( -0.000000000000000000, 0.000000000000000000, 1.000000000000000000 ) ) ;
#695 = DIRECTION ( 'NONE',  ( 0.000000000000000000, 0.000000000000000000, 1.000000000000000000 ) ) ;
#696 = VERTEX_POINT ( 'NONE', #1750 ) ;
#697 = CARTESIAN_POINT ( 'NONE',  ( -14.22008277174995428, 86.89519779516678000, -47.41153750000005118 ) ) ;
#698 = CARTESIAN_POINT ( 'NONE',  ( 0.000000000000000000, 0.000000000000000000, -46.41153750000005118 ) ) ;
#699 = AXIS2_PLACEMENT_3D ( 'NONE', #503, #1399, #132 ) ;
#700 = VERTEX_POINT ( 'NONE', #1060 ) ;
#701 = ADVANCED_FACE ( 'NONE', ( #9, #1725 ), #2086, .T. ) ;
#702 =( LENGTH_UNIT ( ) NAMED_UNIT ( * ) SI_UNIT ( .MILLI., .METRE. ) );
#703 = CIRCLE ( 'NONE', #1994, 69.99999999999998579 ) ;
#704 = ADVANCED_FACE ( 'NONE', ( #1550 ), #868, .F. ) ;
#705 = CARTESIAN_POINT ( 'NONE',  ( -71.10718274391031457, 7.352174912479794600, -10.00000000000000533 ) ) ;
#706 = AXIS2_PLACEMENT_3D ( 'NONE', #1916, #1237, #2137 ) ;
#707 = ORIENTED_EDGE ( 'NONE', *, *, #2173, .F. ) ;
#708 = CIRCLE ( 'NONE', #1251, 100.7322330470336027 ) ;
#709 = DIRECTION ( 'NONE',  ( -3.390010209025030713E-14, -1.089053940493181411E-13, 1.000000000000000000 ) ) ;
#710 = CARTESIAN_POINT ( 'NONE',  ( -46.02404058627475081, -49.05524931321377835, -19.00000000000000355 ) ) ;
#711 = ORIENTED_EDGE ( 'NONE', *, *, #1548, .T. ) ;
#712 = FACE_OUTER_BOUND ( 'NONE', #763, .T. ) ;
#713 = EDGE_CURVE ( 'NONE', #288, #872, #1037, .T. ) ;
#714 = LINE ( 'NONE', #1878, #1222 ) ;
#715 = VECTOR ( 'NONE', #177, 1000.000000000000000 ) ;
#716 = CIRCLE ( 'NONE', #1746, 10.99999999999999645 ) ;
#717 = ORIENTED_EDGE ( 'NONE', *, *, #56, .T. ) ;
#718 = AXIS2_PLACEMENT_3D ( 'NONE', #1014, #1419, #2129 ) ;
#719 = EDGE_CURVE ( 'NONE', #576, #1821, #1593, .T. ) ;
#720 = PRODUCT_CONTEXT ( 'NONE', #139, 'mechanical' ) ;
#721 = AXIS2_PLACEMENT_3D ( 'NONE', #287, #1175, #2057 ) ;
#722 = DIRECTION ( 'NONE',  ( -0.000000000000000000, -0.000000000000000000, 1.000000000000000000 ) ) ;
#723 = EDGE_CURVE ( 'NONE', #1908, #2112, #1845, .T. ) ;
#724 = EDGE_LOOP ( 'NONE', ( #1911, #1799, #196, #44 ) ) ;
#725 = DIRECTION ( 'NONE',  ( 0.6234898018587319291, -0.7818314824680310249, 1.054711873393927743E-13 ) ) ;
#726 = CARTESIAN_POINT ( 'NONE',  ( -60.27008277174996920, 86.89519779516678000, -52.62600359406732764 ) ) ;
#727 = ORIENTED_EDGE ( 'NONE', *, *, #719, .T. ) ;
#728 = DIRECTION ( 'NONE',  ( -1.061748488506162958E-13, -4.143408735633806590E-14, 1.000000000000000000 ) ) ;
#729 = CARTESIAN_POINT ( 'NONE',  ( 11.00000000000000000, 1.347111479062088405E-15, -47.41153750000005118 ) ) ;
#730 = ORIENTED_EDGE ( 'NONE', *, *, #1651, .T. ) ;
#731 = CARTESIAN_POINT ( 'NONE',  ( -10.27008277174995499, 86.89519779516678000, -46.41153750000005118 ) ) ;
#732 = ORIENTED_EDGE ( 'NONE', *, *, #2132, .F. ) ;
#733 = CARTESIAN_POINT ( 'NONE',  ( -68.60718274391017246, 7.352174912480802682, -18.99999999999970868 ) ) ;
#734 = ADVANCED_FACE ( 'NONE', ( #1376, #1233 ), #501, .T. ) ;
#735 = ORIENTED_EDGE ( 'NONE', *, *, #62, .F. ) ;
#736 = CARTESIAN_POINT ( 'NONE',  ( 128.7830799554036219, 103.1499797246714252, -47.41153749999993749 ) ) ;
#737 = FACE_BOUND ( 'NONE', #394, .T. ) ;
#738 = ORIENTED_EDGE ( 'NONE', *, *, #1978, .F. ) ;
#739 = CIRCLE ( 'NONE', #338, 100.7322330470336595 ) ;
#740 = CARTESIAN_POINT ( 'NONE',  ( 19.78175028424350401, 119.0332853201422694, -19.00000000000000355 ) ) ;
#741 = CYLINDRICAL_SURFACE ( 'NONE', #1483, 9.500000000000000000 ) ;
#742 = AXIS2_PLACEMENT_3D ( 'NONE', #1022, #359, #182 ) ;
#743 = EDGE_LOOP ( 'NONE', ( #1921, #891, #425, #399 ) ) ;
#744 = DIRECTION ( 'NONE',  ( -0.000000000000000000, -0.000000000000000000, -1.000000000000000000 ) ) ;
#745 = DIRECTION ( 'NONE',  ( -0.000000000000000000, -0.000000000000000000, -1.000000000000000000 ) ) ;
#746 = CONICAL_SURFACE ( 'NONE', #1291, 2.499999999974591880, 1.308996938995742321 ) ;
#747 = ORIENTED_EDGE ( 'NONE', *, *, #1462, .F. ) ;
#748 = AXIS2_PLACEMENT_3D ( 'NONE', #138, #1900, #1910 ) ;
#749 = PLANE ( 'NONE',  #2068 ) ;
#750 = COLOUR_RGB ( '',0.7921568627450980005, 0.8196078431372548767, 0.9333333333333333481 ) ;
#751 = AXIS2_PLACEMENT_3D ( 'NONE', #1984, #401, #1804 ) ;
#752 = FACE_OUTER_BOUND ( 'NONE', #579, .T. ) ;
#753 = VECTOR ( 'NONE', #493, 1000.000000000000000 ) ;
#754 = DIRECTION ( 'NONE',  ( 0.000000000000000000, -1.000000000000000000, 0.000000000000000000 ) ) ;
#755 = ORIENTED_EDGE ( 'NONE', *, *, #2089, .F. ) ;
#756 = CARTESIAN_POINT ( 'NONE',  ( 34.31743328667332804, 92.97412958782976489, -58.66153750000005829 ) ) ;
#757 = LINE ( 'NONE', #1460, #318 ) ;
#758 = EDGE_CURVE ( 'NONE', #1929, #2076, #879, .T. ) ;
#759 = ORIENTED_EDGE ( 'NONE', *, *, #99, .T. ) ;
#760 = EDGE_CURVE ( 'NONE', #1320, #2009, #1181, .T. ) ;
#761 = DIRECTION ( 'NONE',  ( -1.000000000000000000, 0.000000000000000000, 0.000000000000000000 ) ) ;
#762 = CARTESIAN_POINT ( 'NONE',  ( 0.000000000000000000, 0.000000000000000000, -58.66153750000005829 ) ) ;
#763 = EDGE_LOOP ( 'NONE', ( #1643, #529, #119, #907 ) ) ;
#764 = LINE ( 'NONE', #241, #2255 ) ;
#765 = FACE_OUTER_BOUND ( 'NONE', #23, .T. ) ;
#766 = EDGE_LOOP ( 'NONE', ( #30, #228, #1281, #2063 ) ) ;
#767 = VERTEX_POINT ( 'NONE', #2097 ) ;
#768 = CARTESIAN_POINT ( 'NONE',  ( 19.78175028424350401, 119.0332853201422694, -19.00000000000000355 ) ) ;
#769 = AXIS2_PLACEMENT_3D ( 'NONE', #1229, #341, #1371 ) ;
#770 = DIRECTION ( 'NONE',  ( -0.6022449020432035782, -0.7551912207217356121, 0.2588190451025332850 ) ) ;
#771 = ORIENTED_EDGE ( 'NONE', *, *, #136, .F. ) ;
#772 = DIRECTION ( 'NONE',  ( 6.725459331457292879E-16, 1.278280387119141471E-16, -1.000000000000000000 ) ) ;
#773 = CARTESIAN_POINT ( 'NONE',  ( 9.500000000000000000, 1.163414459189985485E-15, -46.41153750000005118 ) ) ;
#774 = EDGE_CURVE ( 'NONE', #2202, #696, #1928, .T. ) ;
#775 = DIRECTION ( 'NONE',  ( -0.000000000000000000, -0.000000000000000000, 1.000000000000000000 ) ) ;
#776 = VECTOR ( 'NONE', #1801, 1000.000000000000114 ) ;
#777 = CIRCLE ( 'NONE', #1328, 65.00000000000000000 ) ;
#778 = ORIENTED_EDGE ( 'NONE', *, *, #1779, .T. ) ;
#779 = AXIS2_PLACEMENT_3D ( 'NONE', #2165, #1979, #577 ) ;
#780 = CARTESIAN_POINT ( 'NONE',  ( -14.22008277174995428, 86.89519779516678000, -40.51153750000004550 ) ) ;
#781 = CIRCLE ( 'NONE', #718, 74.99999999999998579 ) ;
#782 = DIRECTION ( 'NONE',  ( -0.000000000000000000, -0.000000000000000000, -1.000000000000000000 ) ) ;
#783 = ADVANCED_FACE ( 'NONE', ( #2270 ), #1327, .F. ) ;
#784 = ORIENTED_EDGE ( 'NONE', *, *, #2257, .T. ) ;
#785 = FACE_OUTER_BOUND ( 'NONE', #766, .T. ) ;
#786 = DIRECTION ( 'NONE',  ( -0.000000000000000000, -0.000000000000000000, 1.000000000000000000 ) ) ;
#787 = ORIENTED_EDGE ( 'NONE', *, *, #1703, .F. ) ;
#788 = DIRECTION ( 'NONE',  ( 0.6234898018587432533, 0.7818314824680221431, 1.063205538886268469E-13 ) ) ;
#789 = EDGE_LOOP ( 'NONE', ( #384, #1263 ) ) ;
#790 = CARTESIAN_POINT ( 'NONE',  ( -68.60718274391017246, 7.352174912480802682, -18.99999999999970868 ) ) ;
#791 = CARTESIAN_POINT ( 'NONE',  ( -159.5239168776901408, 71.95220597035097398, -10.00000000000000888 ) ) ;
#792 = EDGE_CURVE ( 'NONE', #429, #977, #1902, .T. ) ;
#793 = VERTEX_POINT ( 'NONE', #693 ) ;
#794 = DIRECTION ( 'NONE',  ( -1.061748488506162958E-13, -4.143408735633806590E-14, 1.000000000000000000 ) ) ;
#795 = DIRECTION ( 'NONE',  ( -0.000000000000000000, -0.000000000000000000, -1.000000000000000000 ) ) ;
#796 = ORIENTED_EDGE ( 'NONE', *, *, #1907, .T. ) ;
#797 = EDGE_CURVE ( 'NONE', #412, #89, #1780, .T. ) ;
#798 = DIRECTION ( 'NONE',  ( -0.000000000000000000, -0.000000000000000000, -1.000000000000000000 ) ) ;
#799 = VERTEX_POINT ( 'NONE', #1040 ) ;
#800 = DIRECTION ( 'NONE',  ( 1.000000000000000000, 0.000000000000000000, 0.000000000000000000 ) ) ;
#801 = LINE ( 'NONE', #780, #803 ) ;
#802 = CARTESIAN_POINT ( 'NONE',  ( 8.098693842866262926, -68.52307026133253487, -19.66987298107781967 ) ) ;
#803 = VECTOR ( 'NONE', #1490, 1000.000000000000000 ) ;
#804 = ORIENTED_EDGE ( 'NONE', *, *, #106, .F. ) ;
#805 = CARTESIAN_POINT ( 'NONE',  ( -68.60718274392678495, 7.352174912593317124, 980.3301270189222123 ) ) ;
#806 = LINE ( 'NONE', #325, #2226 ) ;
#807 = CIRCLE ( 'NONE', #409, 74.99999999999998579 ) ;
#808 = ORIENTED_EDGE ( 'NONE', *, *, #610, .T. ) ;
#809 = FACE_OUTER_BOUND ( 'NONE', #366, .T. ) ;
#810 = CONICAL_SURFACE ( 'NONE', #111, 3732.050807567097763, 1.308996938995627968 ) ;
#811 = EDGE_CURVE ( 'NONE', #872, #1985, #1410, .T. ) ;
#812 = CONICAL_SURFACE ( 'NONE', #1367, 69.99999999999998579, 0.7853981633974456145 ) ;
#813 = ORIENTED_EDGE ( 'NONE', *, *, #1463, .F. ) ;
#814 = LINE ( 'NONE', #90, #2037 ) ;
#815 = CIRCLE ( 'NONE', #2185, 2.499999999974578113 ) ;
#816 = CARTESIAN_POINT ( 'NONE',  ( -9.500000000000000000, 0.000000000000000000, -46.41153750000005118 ) ) ;
#817 = DIRECTION ( 'NONE',  ( -0.000000000000000000, 0.000000000000000000, 1.000000000000000000 ) ) ;
#818 = CIRCLE ( 'NONE', #1149, 100.0000000000000284 ) ;
#819 = VERTEX_POINT ( 'NONE', #572 ) ;
#820 = DIRECTION ( 'NONE',  ( -1.662392033485936315E-14, 1.125891464714576639E-13, 1.000000000000000000 ) ) ;
#821 = DIRECTION ( 'NONE',  ( 0.4111554626877199081, 0.9115652393010865717, 4.791541927135571114E-16 ) ) ;
#822 = VECTOR ( 'NONE', #874, 1000.000000000000114 ) ;
#823 = AXIS2_PLACEMENT_3D ( 'NONE', #1957, #1762, #377 ) ;
#824 = VERTEX_POINT ( 'NONE', #1956 ) ;
#825 = DIRECTION ( 'NONE',  ( -1.000000000000000000, -8.881784197001252323E-16, 0.000000000000000000 ) ) ;
#826 = ORIENTED_EDGE ( 'NONE', *, *, #564, .T. ) ;
#827 = CARTESIAN_POINT ( 'NONE',  ( -98.85749383472365537, 126.7731202094344098, -9.999999999999987566 ) ) ;
#828 = DIRECTION ( 'NONE',  ( 0.6234898018587320401, -0.7818314824680310249, 1.060825671983333256E-13 ) ) ;
#829 = EDGE_CURVE ( 'NONE', #63, #905, #1094, .T. ) ;
#830 = DIRECTION ( 'NONE',  ( -0.000000000000000000, 0.000000000000000000, 1.000000000000000000 ) ) ;
#831 = ORIENTED_EDGE ( 'NONE', *, *, #1703, .T. ) ;
#832 = CARTESIAN_POINT ( 'NONE',  ( 138.3549707563275888, 107.1583037707098640, -10.00000000000000888 ) ) ;
#833 = DIRECTION ( 'NONE',  ( -0.000000000000000000, 0.000000000000000000, 1.000000000000000000 ) ) ;
#834 = CARTESIAN_POINT ( 'NONE',  ( -10.27008277174995499, 86.89519779516678000, -307.0258184027516677 ) ) ;
#835 = ORIENTED_EDGE ( 'NONE', *, *, #102, .T. ) ;
#836 = DIRECTION ( 'NONE',  ( 1.000000000000000000, 0.000000000000000000, 0.000000000000000000 ) ) ;
#837 = ORIENTED_EDGE ( 'NONE', *, *, #1093, .F. ) ;
#838 = EDGE_CURVE ( 'NONE', #1829, #1712, #450, .T. ) ;
#839 =( NAMED_UNIT ( * ) PLANE_ANGLE_UNIT ( ) SI_UNIT ( $, .RADIAN. ) );
#840 = CYLINDRICAL_SURFACE ( 'NONE', #633, 2.500000000000002220 ) ;
#841 = ORIENTED_EDGE ( 'NONE', *, *, #1462, .T. ) ;
#842 = CARTESIAN_POINT ( 'NONE',  ( 0.000000000000000000, 0.000000000000000000, -46.41153750000005118 ) ) ;
#843 = FACE_OUTER_BOUND ( 'NONE', #2233, .T. ) ;
#844 = CYLINDRICAL_SURFACE ( 'NONE', #70, 99.99999999999997158 ) ;
#845 = AXIS2_PLACEMENT_3D ( 'NONE', #1887, #858, #1193 ) ;
#846 = ORIENTED_EDGE ( 'NONE', *, *, #5, .F. ) ;
#847 = CARTESIAN_POINT ( 'NONE',  ( -74.99999999999998579, 9.184850993605147156E-15, -52.62600359406727080 ) ) ;
#848 = VECTOR ( 'NONE', #1876, 1000.000000000000000 ) ;
#849 = ORIENTED_EDGE ( 'NONE', *, *, #1983, .T. ) ;
#850 = AXIS2_PLACEMENT_3D ( 'NONE', #289, #985, #1687 ) ;
#851 = CARTESIAN_POINT ( 'NONE',  ( -57.53379690529767743, 82.16325038397515357, -52.62600359406732764 ) ) ;
#852 = CARTESIAN_POINT ( 'NONE',  ( -48.52404058627541872, -49.05524931321306070, -19.66987298107781612 ) ) ;
#853 = EDGE_CURVE ( 'NONE', #991, #294, #2075, .T. ) ;
#854 = AXIS2_PLACEMENT_3D ( 'NONE', #921, #1822, #1626 ) ;
#855 = VERTEX_POINT ( 'NONE', #1267 ) ;
#856 = DIRECTION ( 'NONE',  ( 1.000000000000000000, 0.000000000000000000, 0.000000000000000000 ) ) ;
#857 = DIRECTION ( 'NONE',  ( 0.000000000000000000, 1.000000000000000000, -9.912705577010328015E-17 ) ) ;
#858 = DIRECTION ( 'NONE',  ( -0.000000000000000000, -0.000000000000000000, -1.000000000000000000 ) ) ;
#859 = AXIS2_PLACEMENT_3D ( 'NONE', #189, #372, #1070 ) ;
#860 = ORIENTED_EDGE ( 'NONE', *, *, #2161, .T. ) ;
#861 = DIRECTION ( 'NONE',  ( -0.000000000000000000, -0.000000000000000000, -1.000000000000000000 ) ) ;
#862 = EDGE_CURVE ( 'NONE', #793, #1908, #928, .T. ) ;
#863 = AXIS2_PLACEMENT_3D ( 'NONE', #1752, #357, #2282 ) ;
#864 = VERTEX_POINT ( 'NONE', #1611 ) ;
#865 = CARTESIAN_POINT ( 'NONE',  ( -59.53784972471634518, 86.89519779516678000, -54.39377054703370362 ) ) ;
#866 = DIRECTION ( 'NONE',  ( 1.000000000000000000, 0.000000000000000000, 0.000000000000000000 ) ) ;
#867 = ORIENTED_EDGE ( 'NONE', *, *, #1828, .F. ) ;
#868 = CYLINDRICAL_SURFACE ( 'NONE', #233, 2.499999999999988454 ) ;
#869 = DIRECTION ( 'NONE',  ( -5.473438864662848919E-17, -6.167828616952755833E-17, -1.000000000000000000 ) ) ;
#870 = FACE_OUTER_BOUND ( 'NONE', #1871, .T. ) ;
#871 = ADVANCED_FACE ( 'NONE', ( #29 ), #1812, .T. ) ;
#872 = VERTEX_POINT ( 'NONE', #398 ) ;
#873 = DIRECTION ( 'NONE',  ( -1.224646799147353207E-16, 1.000000000000000000, 0.000000000000000000 ) ) ;
#874 = DIRECTION ( 'NONE',  ( -0.7006252213594468259, -0.09552119762138699954, -0.7071067811865489050 ) ) ;
#875 = ORIENTED_EDGE ( 'NONE', *, *, #34, .T. ) ;
#876 = CARTESIAN_POINT ( 'NONE',  ( -19.77008277174995143, 86.89519779516678000, -46.41153750000005118 ) ) ;
#877 = EDGE_CURVE ( 'NONE', #1365, #185, #1368, .T. ) ;
#878 = VERTEX_POINT ( 'NONE', #1433 ) ;
#879 = LINE ( 'NONE', #1735, #46 ) ;
#880 = CARTESIAN_POINT ( 'NONE',  ( -47.04819951940678635, 111.0482540923670172, -10.00000000000000533 ) ) ;
#881 = VERTEX_POINT ( 'NONE', #1989 ) ;
#882 = CYLINDRICAL_SURFACE ( 'NONE', #1699, 2.499999999974578113 ) ;
#883 = CYLINDRICAL_SURFACE ( 'NONE', #1188, 65.00000000000000000 ) ;
#884 = EDGE_CURVE ( 'NONE', #1324, #1700, #156, .T. ) ;
#885 = ORIENTED_EDGE ( 'NONE', *, *, #1961, .F. ) ;
#886 = EDGE_CURVE ( 'NONE', #1315, #1981, #593, .T. ) ;
#887 = DIRECTION ( 'NONE',  ( -1.000000000000000000, 0.000000000000000000, 0.000000000000000000 ) ) ;
#888 = VECTOR ( 'NONE', #328, 1000.000000000000000 ) ;
#889 = DIRECTION ( 'NONE',  ( 0.000000000000000000, 0.000000000000000000, -1.000000000000000000 ) ) ;
#890 = VECTOR ( 'NONE', #1613, 1000.000000000000000 ) ;
#891 = ORIENTED_EDGE ( 'NONE', *, *, #1533, .F. ) ;
#892 = AXIS2_PLACEMENT_3D ( 'NONE', #492, #1573, #1028 ) ;
#893 = DIRECTION ( 'NONE',  ( -0.000000000000000000, 0.000000000000000000, 1.000000000000000000 ) ) ;
#894 = DIRECTION ( 'NONE',  ( 1.000000000000000000, 0.000000000000000000, 0.000000000000000000 ) ) ;
#895 = CIRCLE ( 'NONE', #854, 74.26776695296636888 ) ;
#896 = ORIENTED_EDGE ( 'NONE', *, *, #1668, .T. ) ;
#897 = CYLINDRICAL_SURFACE ( 'NONE', #1778, 10.99999999999999645 ) ;
#898 = DIRECTION ( 'NONE',  ( 1.000000000000000000, 0.000000000000000000, 0.000000000000000000 ) ) ;
#899 = CONICAL_SURFACE ( 'NONE', #495, 3732.050807567097763, 1.308996938995627968 ) ;
#900 = AXIS2_PLACEMENT_3D ( 'NONE', #223, #404, #1616 ) ;
#901 = ORIENTED_EDGE ( 'NONE', *, *, #903, .F. ) ;
#902 = VECTOR ( 'NONE', #1685, 1000.000000000000114 ) ;
#903 = EDGE_CURVE ( 'NONE', #799, #1953, #895, .T. ) ;
#904 = CARTESIAN_POINT ( 'NONE',  ( -10.27008277174995499, 86.89519779516678000, -58.66153750000005118 ) ) ;
#905 = VERTEX_POINT ( 'NONE', #1645 ) ;
#906 = DIRECTION ( 'NONE',  ( -1.000000000000000000, 0.000000000000000000, 0.000000000000000000 ) ) ;
#907 = ORIENTED_EDGE ( 'NONE', *, *, #59, .F. ) ;
#908 = CARTESIAN_POINT ( 'NONE',  ( 0.000000000000000000, 0.000000000000000000, -46.41153750000005118 ) ) ;
#909 = CARTESIAN_POINT ( 'NONE',  ( 62.50292490842843307, 23.14346027173155562, -19.00000000000000355 ) ) ;
#910 = EDGE_LOOP ( 'NONE', ( #944, #1302, #1504, #1854 ) ) ;
#911 = CARTESIAN_POINT ( 'NONE',  ( 65.00000000000000000, 0.000000000000000000, -307.0258184027516677 ) ) ;
#912 = DIRECTION ( 'NONE',  ( 0.6022449020431859257, 0.7551912207216792128, 0.2588190451027385652 ) ) ;
#913 = ORIENTED_EDGE ( 'NONE', *, *, #1108, .T. ) ;
#914 = CARTESIAN_POINT ( 'NONE',  ( 58.62294662508134735, -36.39162168676823939, -18.99999999999971578 ) ) ;
#915 = CYLINDRICAL_SURFACE ( 'NONE', #1115, 9.499999999999994671 ) ;
#916 = ORIENTED_EDGE ( 'NONE', *, *, #1561, .T. ) ;
#917 = EDGE_CURVE ( 'NONE', #504, #1365, #2035, .T. ) ;
#918 = AXIS2_PLACEMENT_3D ( 'NONE', #851, #2266, #163 ) ;
#919 = CARTESIAN_POINT ( 'NONE',  ( 57.06422212043454323, -38.34620039293824334, -18.99999999999998224 ) ) ;
#920 = ADVANCED_FACE ( 'NONE', ( #247 ), #2166, .T. ) ;
#921 = CARTESIAN_POINT ( 'NONE',  ( 0.000000000000000000, 0.000000000000000000, -54.39377054703364678 ) ) ;
#922 = AXIS2_PLACEMENT_3D ( 'NONE', #2, #1604, #2101 ) ;
#923 = EDGE_CURVE ( 'NONE', #1053, #1320, #1242, .T. ) ;
#924 = ORIENTED_EDGE ( 'NONE', *, *, #1582, .F. ) ;
#925 = ADVANCED_FACE ( 'NONE', ( #37 ), #741, .F. ) ;
#926 = DIRECTION ( 'NONE',  ( 0.000000000000000000, 0.000000000000000000, 1.000000000000000000 ) ) ;
#927 = DIRECTION ( 'NONE',  ( -0.000000000000000000, 0.000000000000000000, 1.000000000000000000 ) ) ;
#928 = CIRCLE ( 'NONE', #1144, 2.499999999999931166 ) ;
#929 = EDGE_CURVE ( 'NONE', #192, #519, #2153, .T. ) ;
#930 = AXIS2_PLACEMENT_3D ( 'NONE', #354, #509, #657 ) ;
#931 = CARTESIAN_POINT ( 'NONE',  ( 39.27160173760921680, 93.64956645368118870, -52.62600359406727080 ) ) ;
#932 =( GEOMETRIC_REPRESENTATION_CONTEXT ( 3 ) GLOBAL_UNCERTAINTY_ASSIGNED_CONTEXT ( ( #2222 ) ) GLOBAL_UNIT_ASSIGNED_CONTEXT ( ( #266, #1841, #630 ) ) REPRESENTATION_CONTEXT ( 'NONE', 'WORKASPACE' ) );
#933 = CIRCLE ( 'NONE', #2265, 2.500000000000000444 ) ;
#934 = CARTESIAN_POINT ( 'NONE',  ( 56.12294662508192999, -36.39162168676735121, -10.00000000000000533 ) ) ;
#935 = DIRECTION ( 'NONE',  ( 0.000000000000000000, -1.000000000000000000, -1.387778780781445182E-16 ) ) ;
#936 = EDGE_LOOP ( 'NONE', ( #1359, #1760, #2123, #1182 ) ) ;
#937 = FACE_OUTER_BOUND ( 'NONE', #936, .T. ) ;
#938 = DIRECTION ( 'NONE',  ( 0.6234898018587441415, 0.7818314824680212549, 1.068589661201744472E-13 ) ) ;
#939 = ADVANCED_FACE ( 'NONE', ( #61 ), #962, .T. ) ;
#940 = VERTEX_POINT ( 'NONE', #1285 ) ;
#941 = ORIENTED_EDGE ( 'NONE', *, *, #1463, .T. ) ;
#942 = DIRECTION ( 'NONE',  ( 0.000000000000000000, 0.000000000000000000, 1.000000000000000000 ) ) ;
#943 = DIRECTION ( 'NONE',  ( 1.000000000000000000, 0.000000000000000000, 0.000000000000000000 ) ) ;
#944 = ORIENTED_EDGE ( 'NONE', *, *, #1741, .F. ) ;
#945 = CARTESIAN_POINT ( 'NONE',  ( -9.500000000000000000, 0.000000000000000000, -47.41153750000005118 ) ) ;
#946 = CARTESIAN_POINT ( 'NONE',  ( 8.098693842866284243, -68.52307026133254908, -19.66987298107781967 ) ) ;
#947 = FACE_BOUND ( 'NONE', #606, .T. ) ;
#948 = EDGE_LOOP ( 'NONE', ( #2060, #1767, #727, #1499 ) ) ;
#949 = EDGE_CURVE ( 'NONE', #344, #999, #980, .T. ) ;
#950 = DIRECTION ( 'NONE',  ( 1.000000000000000000, 0.000000000000000000, 0.000000000000000000 ) ) ;
#951 = CIRCLE ( 'NONE', #2250, 49.26776695296639019 ) ;
#952 = DIRECTION ( 'NONE',  ( 0.000000000000000000, 0.000000000000000000, 1.000000000000000000 ) ) ;
#953 = CARTESIAN_POINT ( 'NONE',  ( 0.000000000000000000, 0.000000000000000000, -40.51153750000004550 ) ) ;
#954 = ORIENTED_EDGE ( 'NONE', *, *, #1698, .F. ) ;
#955 = AXIS2_PLACEMENT_3D ( 'NONE', #679, #1033, #1756 ) ;
#956 = FACE_OUTER_BOUND ( 'NONE', #910, .T. ) ;
#957 = DIRECTION ( 'NONE',  ( -0.000000000000000000, -0.000000000000000000, -1.000000000000000000 ) ) ;
#958 = CIRCLE ( 'NONE', #1443, 100.0000000000000568 ) ;
#959 = ORIENTED_EDGE ( 'NONE', *, *, #2171, .F. ) ;
#960 = VERTEX_POINT ( 'NONE', #1692 ) ;
#961 = TOROIDAL_SURFACE ( 'NONE', #1996, 102.5000000000000284, 2.500000000000000000 ) ;
#962 = CONICAL_SURFACE ( 'NONE', #269, 69.99999999999998579, 0.7853981633974456145 ) ;
#963 = ORIENTED_EDGE ( 'NONE', *, *, #2198, .F. ) ;
#964 = DIRECTION ( 'NONE',  ( -0.000000000000000000, 0.000000000000000000, 1.000000000000000000 ) ) ;
#965 = VECTOR ( 'NONE', #1635, 1000.000000000000000 ) ;
#966 = EDGE_CURVE ( 'NONE', #2238, #543, #777, .T. ) ;
#967 = DIRECTION ( 'NONE',  ( -0.000000000000000000, 0.000000000000000000, 1.000000000000000000 ) ) ;
#968 = CIRCLE ( 'NONE', #751, 2.499999999999927613 ) ;
#969 = LINE ( 'NONE', #634, #565 ) ;
#970 = VECTOR ( 'NONE', #1243, 1000.000000000000000 ) ;
#971 = ADVANCED_FACE ( 'NONE', ( #474 ), #1681, .T. ) ;
#972 = ORIENTED_EDGE ( 'NONE', *, *, #1941, .T. ) ;
#973 = DIRECTION ( 'NONE',  ( -0.000000000000000000, -0.000000000000000000, 1.000000000000000000 ) ) ;
#974 = CARTESIAN_POINT ( 'NONE',  ( 10.59869384286629135, -68.52307026133257750, -10.00000000000000533 ) ) ;
#975 = VERTEX_POINT ( 'NONE', #1307 ) ;
#976 = CARTESIAN_POINT ( 'NONE',  ( 58.62294662508192999, -36.39162168676735121, -10.00000000000000533 ) ) ;
#977 = VERTEX_POINT ( 'NONE', #283 ) ;
#978 = DIRECTION ( 'NONE',  ( 1.000000000000000000, 0.000000000000000000, 0.000000000000000000 ) ) ;
#979 = CARTESIAN_POINT ( 'NONE',  ( -69.99999999999998579, 8.833852950954328447E-15, -58.66153750000004408 ) ) ;
#980 = LINE ( 'NONE', #438, #532 ) ;
#981 = ORIENTED_EDGE ( 'NONE', *, *, #1311, .T. ) ;
#982 = DIRECTION ( 'NONE',  ( 1.000000000000000000, 0.000000000000000000, 1.068589661201744094E-13 ) ) ;
#983 = CARTESIAN_POINT ( 'NONE',  ( -49.98758106373942667, 82.14963887910488438, -47.41153750000007250 ) ) ;
#984 = ORIENTED_EDGE ( 'NONE', *, *, #1642, .T. ) ;
#985 = DIRECTION ( 'NONE',  ( -0.000000000000000000, -0.000000000000000000, -1.000000000000000000 ) ) ;
#986 = ORIENTED_EDGE ( 'NONE', *, *, #917, .F. ) ;
#987 = DIRECTION ( 'NONE',  ( 1.000000000000000000, 0.000000000000000000, 0.000000000000000000 ) ) ;
#988 = DIRECTION ( 'NONE',  ( -1.662392033485936315E-14, 1.125891464714576639E-13, 1.000000000000000000 ) ) ;
#989 = VECTOR ( 'NONE', #1363, 1000.000000000000000 ) ;
#990 = EDGE_CURVE ( 'NONE', #192, #1493, #352, .T. ) ;
#991 = VERTEX_POINT ( 'NONE', #1138 ) ;
#992 = LINE ( 'NONE', #259, #1001 ) ;
#993 = CARTESIAN_POINT ( 'NONE',  ( 19.86408980896266741, 118.9565708611436179, -10.00000000000000533 ) ) ;
#994 = ADVANCED_FACE ( 'NONE', ( #1869 ), #101, .F. ) ;
#995 = ORIENTED_EDGE ( 'NONE', *, *, #218, .F. ) ;
#996 = CARTESIAN_POINT ( 'NONE',  ( -48.52404058627549688, -49.05524931321301096, -18.99999999999971578 ) ) ;
#997 = EDGE_CURVE ( 'NONE', #1581, #1189, #1126, .T. ) ;
#998 = AXIS2_PLACEMENT_3D ( 'NONE', #31, #1269, #2147 ) ;
#999 = VERTEX_POINT ( 'NONE', #113 ) ;
#1000 = FACE_BOUND ( 'NONE', #265, .T. ) ;
#1001 = VECTOR ( 'NONE', #1140, 1000.000000000000000 ) ;
#1002 = CARTESIAN_POINT ( 'NONE',  ( -149.2813267937130774, 70.28574158894994639, -47.41153750000015776 ) ) ;
#1003 = VECTOR ( 'NONE', #669, 1000.000000000000114 ) ;
#1004 = CARTESIAN_POINT ( 'NONE',  ( -68.60718274392678495, 7.352174912593317124, 980.3301270189222123 ) ) ;
#1005 = ORIENTED_EDGE ( 'NONE', *, *, #1661, .T. ) ;
#1006 = DIRECTION ( 'NONE',  ( -0.000000000000000000, 0.000000000000000000, 1.000000000000000000 ) ) ;
#1007 = DIRECTION ( 'NONE',  ( 0.000000000000000000, 0.000000000000000000, 1.000000000000000000 ) ) ;
#1008 = AXIS2_PLACEMENT_3D ( 'NONE', #827, #1589, #32 ) ;
#1009 = LINE ( 'NONE', #2283, #1066 ) ;
#1010 = VERTEX_POINT ( 'NONE', #1513 ) ;
#1011 = CARTESIAN_POINT ( 'NONE',  ( -69.99999999999998579, 8.572527594031469837E-15, -58.66153750000005829 ) ) ;
#1012 = ADVANCED_FACE ( 'NONE', ( #1655 ), #200, .F. ) ;
#1013 = ORIENTED_EDGE ( 'NONE', *, *, #1553, .T. ) ;
#1014 = CARTESIAN_POINT ( 'NONE',  ( 0.000000000000000000, 0.000000000000000000, -52.62600359406727080 ) ) ;
#1015 = PLANE ( 'NONE',  #769 ) ;
#1016 = PLANE ( 'NONE',  #383 ) ;
#1017 = EDGE_LOOP ( 'NONE', ( #2247, #1738 ) ) ;
#1018 = CARTESIAN_POINT ( 'NONE',  ( 3.950000000000000178, 4.837354856632044071E-16, -47.41153750000005118 ) ) ;
#1019 = CARTESIAN_POINT ( 'NONE',  ( -11.00000000000000000, 3.713515614886981099E-32, -47.41153750000005118 ) ) ;
#1020 = DIRECTION ( 'NONE',  ( -0.000000000000000000, -0.000000000000000000, -1.000000000000000000 ) ) ;
#1021 = ORIENTED_EDGE ( 'NONE', *, *, #1651, .F. ) ;
#1022 = CARTESIAN_POINT ( 'NONE',  ( 0.000000000000000000, 0.000000000000000000, -46.41153750000005118 ) ) ;
#1023 = EDGE_CURVE ( 'NONE', #1466, #1124, #1814, .T. ) ;
#1024 = ORIENTED_EDGE ( 'NONE', *, *, #424, .F. ) ;
#1025 = CARTESIAN_POINT ( 'NONE',  ( 0.000000000000000000, 0.000000000000000000, 0.000000000000000000 ) ) ;
#1026 = CARTESIAN_POINT ( 'NONE',  ( 0.000000000000000000, 0.000000000000000000, -40.51153750000004550 ) ) ;
#1027 = ORIENTED_EDGE ( 'NONE', *, *, #1689, .T. ) ;
#1028 = DIRECTION ( 'NONE',  ( 0.6234898018587319291, -0.7818314824680310249, 1.054711873393927743E-13 ) ) ;
#1029 = DIRECTION ( 'NONE',  ( 1.000000000000000000, 0.000000000000000000, 0.000000000000000000 ) ) ;
#1030 = FACE_OUTER_BOUND ( 'NONE', #1166, .T. ) ;
#1031 = VECTOR ( 'NONE', #632, 1000.000000000000227 ) ;
#1032 = ORIENTED_EDGE ( 'NONE', *, *, #80, .T. ) ;
#1033 = DIRECTION ( 'NONE',  ( -9.848622465179970876E-14, 5.714025668947779886E-14, 1.000000000000000000 ) ) ;
#1034 = EDGE_LOOP ( 'NONE', ( #1734, #1112 ) ) ;
#1035 = CARTESIAN_POINT ( 'NONE',  ( 0.000000000000000000, 0.000000000000000000, -19.00000000000000355 ) ) ;
#1036 = DIRECTION ( 'NONE',  ( 0.000000000000000000, 0.000000000000000000, 1.000000000000000000 ) ) ;
#1037 = CIRCLE ( 'NONE', #307, 74.99999999999998579 ) ;
#1038 = CONICAL_SURFACE ( 'NONE', #118, 2.499999999974591880, 1.308996938995742321 ) ;
#1039 = ORIENTED_EDGE ( 'NONE', *, *, #1671, .T. ) ;
#1040 = CARTESIAN_POINT ( 'NONE',  ( -74.26776695296635467, 9.095178307877183901E-15, -54.39377054703364678 ) ) ;
#1041 = CARTESIAN_POINT ( 'NONE',  ( 0.000000000000000000, 0.000000000000000000, -58.66153750000005118 ) ) ;
#1042 = CYLINDRICAL_SURFACE ( 'NONE', #1733, 3.949999999999998845 ) ;
#1043 = EDGE_CURVE ( 'NONE', #222, #960, #1558, .T. ) ;
#1044 = CONICAL_SURFACE ( 'NONE', #2192, 45.00000000000002842, 0.7853981633974497223 ) ;
#1045 = VERTEX_POINT ( 'NONE', #1319 ) ;
#1046 = AXIS2_PLACEMENT_3D ( 'NONE', #1429, #1247, #1226 ) ;
#1047 = LINE ( 'NONE', #1382, #445 ) ;
#1048 = ORIENTED_EDGE ( 'NONE', *, *, #284, .T. ) ;
#1049 = DIRECTION ( 'NONE',  ( 1.000000000000000000, 0.000000000000000000, 0.000000000000000000 ) ) ;
#1050 = ORIENTED_EDGE ( 'NONE', *, *, #2173, .T. ) ;
#1051 = DIRECTION ( 'NONE',  ( -0.000000000000000000, -0.000000000000000000, 1.000000000000000000 ) ) ;
#1052 = LINE ( 'NONE', #194, #1788 ) ;
#1053 = VERTEX_POINT ( 'NONE', #1670 ) ;
#1054 = EDGE_CURVE ( 'NONE', #1053, #1312, #256, .T. ) ;
#1055 = DIRECTION ( 'NONE',  ( -0.000000000000000000, 0.000000000000000000, 1.000000000000000000 ) ) ;
#1056 = DIRECTION ( 'NONE',  ( 5.473438864662848919E-17, 6.167828616952755833E-17, 1.000000000000000000 ) ) ;
#1057 = ORIENTED_EDGE ( 'NONE', *, *, #1553, .F. ) ;
#1058 = FACE_OUTER_BOUND ( 'NONE', #1662, .T. ) ;
#1059 = VERTEX_POINT ( 'NONE', #1477 ) ;
#1060 = CARTESIAN_POINT ( 'NONE',  ( -46.02404058627475081, -49.05524931321377835, -10.00000000000000533 ) ) ;
#1061 = CARTESIAN_POINT ( 'NONE',  ( -48.52404058627475791, -49.05524931321377835, -19.00000000000000355 ) ) ;
#1062 = EDGE_CURVE ( 'NONE', #1860, #855, #969, .T. ) ;
#1063 = VERTEX_POINT ( 'NONE', #598 ) ;
#1064 = CARTESIAN_POINT ( 'NONE',  ( -68.60718274391030036, 7.352174912479794600, -10.00000000000000533 ) ) ;
#1065 = CARTESIAN_POINT ( 'NONE',  ( -159.5239168776901408, 71.95220597035097398, -52.62600359406732764 ) ) ;
#1066 = VECTOR ( 'NONE', #1379, 1000.000000000000000 ) ;
#1067 = ADVANCED_FACE ( 'NONE', ( #1298, #1525 ), #2232, .F. ) ;
#1068 = ORIENTED_EDGE ( 'NONE', *, *, #1893, .F. ) ;
#1069 = ADVANCED_FACE ( 'NONE', ( #1150 ), #1502, .F. ) ;
#1070 = DIRECTION ( 'NONE',  ( 1.000000000000000000, 0.000000000000000000, 0.000000000000000000 ) ) ;
#1071 = AXIS2_PLACEMENT_3D ( 'NONE', #54, #772, #562 ) ;
#1072 = VERTEX_POINT ( 'NONE', #1346 ) ;
#1073 = AXIS2_PLACEMENT_3D ( 'NONE', #1254, #1085, #1425 ) ;
#1074 = DIRECTION ( 'NONE',  ( -0.2225209339563170019, -0.9749279121818229532, 1.054711873393929258E-13 ) ) ;
#1075 = DIRECTION ( 'NONE',  ( -3.390010209025030713E-14, -1.089053940493181411E-13, 1.000000000000000000 ) ) ;
#1076 = AXIS2_PLACEMENT_3D ( 'NONE', #2216, #1843, #2206 ) ;
#1077 = ORIENTED_EDGE ( 'NONE', *, *, #1642, .F. ) ;
#1078 = CARTESIAN_POINT ( 'NONE',  ( 10.59869384286629135, -68.52307026133257750, -19.00000000000000355 ) ) ;
#1079 = AXIS2_PLACEMENT_3D ( 'NONE', #2131, #583, #35 ) ;
#1080 = AXIS2_PLACEMENT_3D ( 'NONE', #1183, #1960, #368 ) ;
#1081 = VERTEX_POINT ( 'NONE', #2197 ) ;
#1082 = ADVANCED_FACE ( 'NONE', ( #609 ), #1038, .F. ) ;
#1083 = CONICAL_SURFACE ( 'NONE', #1227, 105.0000000000000426, 0.7853981633974524978 ) ;
#1084 = FACE_OUTER_BOUND ( 'NONE', #1154, .T. ) ;
#1085 = DIRECTION ( 'NONE',  ( 0.000000000000000000, 0.000000000000000000, 1.000000000000000000 ) ) ;
#1086 = ORIENTED_EDGE ( 'NONE', *, *, #1161, .T. ) ;
#1087 = CARTESIAN_POINT ( 'NONE',  ( -149.2813267937130774, 70.28574158894994639, -47.41153750000015776 ) ) ;
#1088 = ADVANCED_FACE ( 'NONE', ( #681 ), #840, .F. ) ;
#1089 = DIRECTION ( 'NONE',  ( 1.000000000000000000, 0.000000000000000000, 0.000000000000000000 ) ) ;
#1090 = ORIENTED_EDGE ( 'NONE', *, *, #1909, .T. ) ;
#1091 = ADVANCED_FACE ( 'NONE', ( #2067 ), #488, .T. ) ;
#1092 = CARTESIAN_POINT ( 'NONE',  ( -58.79168383065647419, 71.95220597035097398, -54.39377054703370362 ) ) ;
#1093 = EDGE_CURVE ( 'NONE', #1618, #793, #1187, .T. ) ;
#1094 = LINE ( 'NONE', #225, #776 ) ;
#1095 = ORIENTED_EDGE ( 'NONE', *, *, #1380, .F. ) ;
#1096 = DIRECTION ( 'NONE',  ( 6.725459331457292879E-16, 1.278280387119141471E-16, -1.000000000000000000 ) ) ;
#1097 = CARTESIAN_POINT ( 'NONE',  ( 65.00292490842872439, 23.14346027173059284, -18.99999999999970868 ) ) ;
#1098 = ORIENTED_EDGE ( 'NONE', *, *, #136, .T. ) ;
#1099 = AXIS2_PLACEMENT_3D ( 'NONE', #1501, #487, #437 ) ;
#1100 = VECTOR ( 'NONE', #1864, 1000.000000000000000 ) ;
#1101 = DIRECTION ( 'NONE',  ( -0.2225209339563050392, 0.9749279121818257288, 1.063205538886268469E-13 ) ) ;
#1102 = AXIS2_PLACEMENT_3D ( 'NONE', #1155, #1718, #1352 ) ;
#1103 = DIRECTION ( 'NONE',  ( -1.000000000000000000, 0.000000000000000000, 0.000000000000000000 ) ) ;
#1104 = ADVANCED_FACE ( 'NONE', ( #342 ), #1356, .F. ) ;
#1105 = VECTOR ( 'NONE', #588, 1000.000000000000114 ) ;
#1106 = EDGE_LOOP ( 'NONE', ( #707, #1430, #2180 ) ) ;
#1107 = CARTESIAN_POINT ( 'NONE',  ( 0.000000000000000000, 0.000000000000000000, -58.66153750000005829 ) ) ;
#1108 = EDGE_CURVE ( 'NONE', #1657, #1320, #1930, .T. ) ;
#1109 = CARTESIAN_POINT ( 'NONE',  ( 0.000000000000000000, 0.000000000000000000, -10.00000000000000000 ) ) ;
#1110 = AXIS2_PLACEMENT_3D ( 'NONE', #578, #209, #217 ) ;
#1111 = AXIS2_PLACEMENT_3D ( 'NONE', #2134, #559, #943 ) ;
#1112 = ORIENTED_EDGE ( 'NONE', *, *, #1576, .F. ) ;
#1113 = CIRCLE ( 'NONE', #1783, 2.500000000000002220 ) ;
#1114 = EDGE_LOOP ( 'NONE', ( #140, #1531 ) ) ;
#1115 = AXIS2_PLACEMENT_3D ( 'NONE', #230, #957, #1621 ) ;
#1116 = ADVANCED_FACE ( 'NONE', ( #322 ), #1016, .T. ) ;
#1117 = CIRCLE ( 'NONE', #863, 65.00000000000000000 ) ;
#1118 = DIRECTION ( 'NONE',  ( -1.662392033485936315E-14, 1.125891464714576639E-13, 1.000000000000000000 ) ) ;
#1119 = EDGE_LOOP ( 'NONE', ( #297, #28, #1432, #327 ) ) ;
#1120 = DIRECTION ( 'NONE',  ( 1.000000000000000000, 2.636779683484747572E-15, 6.938893903907230350E-16 ) ) ;
#1121 = DIRECTION ( 'NONE',  ( -0.000000000000000000, 0.000000000000000000, 1.000000000000000000 ) ) ;
#1122 = ADVANCED_FACE ( 'NONE', ( #1546 ), #1409, .F. ) ;
#1123 = ORIENTED_EDGE ( 'NONE', *, *, #1689, .F. ) ;
#1124 = VERTEX_POINT ( 'NONE', #1759 ) ;
#1125 = CYLINDRICAL_SURFACE ( 'NONE', #1484, 74.99999999999998579 ) ;
#1126 = LINE ( 'NONE', #802, #1446 ) ;
#1127 = ORIENTED_EDGE ( 'NONE', *, *, #1763, .T. ) ;
#1128 = LINE ( 'NONE', #1684, #2115 ) ;
#1129 = DIRECTION ( 'NONE',  ( -3.390010209025030713E-14, -1.089053940493181411E-13, 1.000000000000000000 ) ) ;
#1130 = EDGE_LOOP ( 'NONE', ( #941, #649, #1606, #1216 ) ) ;
#1131 = ORIENTED_EDGE ( 'NONE', *, *, #2094, .F. ) ;
#1132 = EDGE_CURVE ( 'NONE', #1618, #2112, #165, .T. ) ;
#1133 = ORIENTED_EDGE ( 'NONE', *, *, #564, .F. ) ;
#1134 = DIRECTION ( 'NONE',  ( -0.000000000000000000, -0.000000000000000000, -1.000000000000000000 ) ) ;
#1135 = AXIS2_PLACEMENT_3D ( 'NONE', #473, #2240, #1159 ) ;
#1136 = DIRECTION ( 'NONE',  ( 1.000000000000000000, 0.000000000000000000, 0.000000000000000000 ) ) ;
#1137 = AXIS2_PLACEMENT_3D ( 'NONE', #665, #1498, #1891 ) ;
#1138 = CARTESIAN_POINT ( 'NONE',  ( 22.36408980894291076, 118.9565708611436179, -10.00000000000000533 ) ) ;
#1139 = ORIENTED_EDGE ( 'NONE', *, *, #1576, .T. ) ;
#1140 = DIRECTION ( 'NONE',  ( -0.000000000000000000, -0.000000000000000000, 1.000000000000000000 ) ) ;
#1141 = CARTESIAN_POINT ( 'NONE',  ( -49.98758106373941956, 82.14963887910488438, -10.00000000000000888 ) ) ;
#1142 = ORIENTED_EDGE ( 'NONE', *, *, #838, .F. ) ;
#1143 = CARTESIAN_POINT ( 'NONE',  ( 58.62294662504747578, -36.39162168687707322, 980.3301270189222123 ) ) ;
#1144 = AXIS2_PLACEMENT_3D ( 'NONE', #549, #1980, #725 ) ;
#1145 = AXIS2_PLACEMENT_3D ( 'NONE', #2030, #1160, #293 ) ;
#1146 = ORIENTED_EDGE ( 'NONE', *, *, #2028, .T. ) ;
#1147 = AXIS2_PLACEMENT_3D ( 'NONE', #768, #449, #280 ) ;
#1148 = DIRECTION ( 'NONE',  ( -0.000000000000000000, 0.000000000000000000, 1.000000000000000000 ) ) ;
#1149 = AXIS2_PLACEMENT_3D ( 'NONE', #1065, #1766, #1790 ) ;
#1150 = FACE_OUTER_BOUND ( 'NONE', #2044, .T. ) ;
#1151 = ORIENTED_EDGE ( 'NONE', *, *, #990, .T. ) ;
#1152 = CARTESIAN_POINT ( 'NONE',  ( 65.00292490842842597, 23.14346027173155562, -10.00000000000000533 ) ) ;
#1153 = CARTESIAN_POINT ( 'NONE',  ( 0.000000000000000000, 0.000000000000000000, -47.41153750000005118 ) ) ;
#1154 = EDGE_LOOP ( 'NONE', ( #248, #1337, #1236, #732 ) ) ;
#1155 = CARTESIAN_POINT ( 'NONE',  ( 0.000000000000000000, 0.000000000000000000, -47.41153750000005118 ) ) ;
#1156 = ORIENTED_EDGE ( 'NONE', *, *, #252, .F. ) ;
#1157 = CARTESIAN_POINT ( 'NONE',  ( 62.50292490842879545, 23.14346027173155562, -18.99999999999954881 ) ) ;
#1158 = ADVANCED_FACE ( 'NONE', ( #2084 ), #500, .T. ) ;
#1159 = DIRECTION ( 'NONE',  ( 1.000000000000000000, 0.000000000000000000, 0.000000000000000000 ) ) ;
#1160 = DIRECTION ( 'NONE',  ( -5.473438864662848919E-17, -6.167828616952755833E-17, -1.000000000000000000 ) ) ;
#1161 = EDGE_CURVE ( 'NONE', #2146, #1895, #416, .T. ) ;
#1162 = EDGE_CURVE ( 'NONE', #1072, #523, #362, .T. ) ;
#1163 = ORIENTED_EDGE ( 'NONE', *, *, #1640, .T. ) ;
#1164 = CARTESIAN_POINT ( 'NONE',  ( 8.098693842866207859, -68.52307026133256329, -18.99999999999971934 ) ) ;
#1165 = DIRECTION ( 'NONE',  ( 1.000000000000000000, 0.000000000000000000, 0.000000000000000000 ) ) ;
#1166 = EDGE_LOOP ( 'NONE', ( #2204, #1955, #954, #1156 ) ) ;
#1167 = CARTESIAN_POINT ( 'NONE',  ( 39.27160173760921680, 93.64956645368118870, -307.0258184027516677 ) ) ;
#1168 = ORIENTED_EDGE ( 'NONE', *, *, #1314, .T. ) ;
#1169 = CARTESIAN_POINT ( 'NONE',  ( 0.000000000000000000, 0.000000000000000000, -47.41153750000004408 ) ) ;
#1170 = CARTESIAN_POINT ( 'NONE',  ( 50.73272846728023922, 40.63484049759777861, -10.00000000000000888 ) ) ;
#1171 = DIRECTION ( 'NONE',  ( -1.000000000000000000, 0.000000000000000000, 0.000000000000000000 ) ) ;
#1172 = AXIS2_PLACEMENT_3D ( 'NONE', #1002, #304, #1523 ) ;
#1173 = VERTEX_POINT ( 'NONE', #1732 ) ;
#1174 = DIRECTION ( 'NONE',  ( 0.000000000000000000, 0.000000000000000000, 1.000000000000000000 ) ) ;
#1175 = DIRECTION ( 'NONE',  ( -0.000000000000000000, -0.000000000000000000, 1.000000000000000000 ) ) ;
#1176 = CARTESIAN_POINT ( 'NONE',  ( 0.000000000000000000, 0.000000000000000000, -46.41153750000005118 ) ) ;
#1177 = UNCERTAINTY_MEASURE_WITH_UNIT (LENGTH_MEASURE( 1.000000000000000082E-05 ), #702, 'distance_accuracy_value', 'NONE');
#1178 = ORIENTED_EDGE ( 'NONE', *, *, #1828, .T. ) ;
#1179 = DIRECTION ( 'NONE',  ( -5.473438864662848919E-17, -6.167828616952755833E-17, -1.000000000000000000 ) ) ;
#1180 = TOROIDAL_SURFACE ( 'NONE', #667, 72.50000000000000000, 2.500000000000000000 ) ;
#1181 = CIRCLE ( 'NONE', #199, 2.499999999999926725 ) ;
#1182 = ORIENTED_EDGE ( 'NONE', *, *, #1950, .F. ) ;
#1183 = CARTESIAN_POINT ( 'NONE',  ( -10.27008277174995499, 86.89519779516678000, -307.0258184027516677 ) ) ;
#1184 = FACE_OUTER_BOUND ( 'NONE', #465, .T. ) ;
#1185 = EDGE_CURVE ( 'NONE', #1295, #1602, #2117, .T. ) ;
#1186 = CIRCLE ( 'NONE', #900, 10.99999999999999822 ) ;
#1187 = LINE ( 'NONE', #2095, #1003 ) ;
#1188 = AXIS2_PLACEMENT_3D ( 'NONE', #1757, #1952, #1404 ) ;
#1189 = VERTEX_POINT ( 'NONE', #1919 ) ;
#1190 = DIRECTION ( 'NONE',  ( -0.000000000000000000, 0.000000000000000000, 1.000000000000000000 ) ) ;
#1191 = CARTESIAN_POINT ( 'NONE',  ( -66.08847984932876329, 29.80877104485968943, -52.62600359406727790 ) ) ;
#1192 = AXIS2_PLACEMENT_3D ( 'NONE', #1630, #221, #242 ) ;
#1193 = DIRECTION ( 'NONE',  ( -1.000000000000000000, 0.000000000000000000, 0.000000000000000000 ) ) ;
#1194 = EDGE_LOOP ( 'NONE', ( #483, #262 ) ) ;
#1195 = DIRECTION ( 'NONE',  ( -0.000000000000000000, 0.000000000000000000, 1.000000000000000000 ) ) ;
#1196 = EDGE_CURVE ( 'NONE', #1895, #2146, #1660, .T. ) ;
#1197 = ORIENTED_EDGE ( 'NONE', *, *, #1406, .T. ) ;
#1198 = DIRECTION ( 'NONE',  ( 1.000000000000000000, 0.000000000000000000, 0.000000000000000000 ) ) ;
#1199 = ORIENTED_EDGE ( 'NONE', *, *, #853, .F. ) ;
#1200 = DIRECTION ( 'NONE',  ( -0.000000000000000000, 0.000000000000000000, 1.000000000000000000 ) ) ;
#1201 = CYLINDRICAL_SURFACE ( 'NONE', #53, 2.500000000000002220 ) ;
#1202 = CARTESIAN_POINT ( 'NONE',  ( -159.5239168776901408, 71.95220597035097398, -58.66153750000004408 ) ) ;
#1203 = ORIENTED_EDGE ( 'NONE', *, *, #2145, .F. ) ;
#1204 = FACE_OUTER_BOUND ( 'NONE', #414, .T. ) ;
#1205 = ORIENTED_EDGE ( 'NONE', *, *, #760, .F. ) ;
#1206 = EDGE_CURVE ( 'NONE', #133, #15, #671, .T. ) ;
#1207 = DIRECTION ( 'NONE',  ( 0.000000000000000000, 0.000000000000000000, 1.000000000000000000 ) ) ;
#1208 = ADVANCED_FACE ( 'NONE', ( #1538 ), #6, .T. ) ;
#1209 = DIRECTION ( 'NONE',  ( -1.000000000000000000, 0.000000000000000000, 0.000000000000000000 ) ) ;
#1210 = ORIENTED_EDGE ( 'NONE', *, *, #829, .F. ) ;
#1211 = DIRECTION ( 'NONE',  ( 0.9387346165279014665, 0.2275742112464210765, 0.2588190451025254579 ) ) ;
#1212 = LINE ( 'NONE', #365, #2040 ) ;
#1213 = DIRECTION ( 'NONE',  ( -1.000000000000000000, 0.000000000000000000, 0.000000000000000000 ) ) ;
#1214 = VECTOR ( 'NONE', #662, 1000.000000000000000 ) ;
#1215 = EDGE_LOOP ( 'NONE', ( #157, #160, #1068, #1993 ) ) ;
#1216 = ORIENTED_EDGE ( 'NONE', *, *, #1411, .F. ) ;
#1217 = AXIS2_PLACEMENT_3D ( 'NONE', #1629, #72, #1448 ) ;
#1218 = DIRECTION ( 'NONE',  ( 1.000000000000000000, 0.000000000000000000, 0.000000000000000000 ) ) ;
#1219 = EDGE_LOOP ( 'NONE', ( #837, #551, #1277, #835 ) ) ;
#1220 = FACE_OUTER_BOUND ( 'NONE', #87, .T. ) ;
#1221 = DIRECTION ( 'NONE',  ( -0.000000000000000000, -0.000000000000000000, 1.000000000000000000 ) ) ;
#1222 = VECTOR ( 'NONE', #2050, 1000.000000000000000 ) ;
#1223 = VERTEX_POINT ( 'NONE', #705 ) ;
#1224 = AXIS2_PLACEMENT_3D ( 'NONE', #1153, #639, #1903 ) ;
#1225 = DIRECTION ( 'NONE',  ( -1.000000000000000000, 0.000000000000000000, 0.000000000000000000 ) ) ;
#1226 = DIRECTION ( 'NONE',  ( -1.000000000000000000, 0.000000000000000000, 0.000000000000000000 ) ) ;
#1227 = AXIS2_PLACEMENT_3D ( 'NONE', #1496, #795, #2021 ) ;
#1228 = ORIENTED_EDGE ( 'NONE', *, *, #475, .F. ) ;
#1229 = CARTESIAN_POINT ( 'NONE',  ( 64.04244399228880980, 97.02675078293832200, -58.66153750000005829 ) ) ;
#1230 = DIRECTION ( 'NONE',  ( -0.000000000000000000, 0.000000000000000000, 1.000000000000000000 ) ) ;
#1231 = ADVANCED_FACE ( 'NONE', ( #557 ), #899, .F. ) ;
#1232 = VERTEX_POINT ( 'NONE', #1800 ) ;
#1233 = FACE_OUTER_BOUND ( 'NONE', #1819, .T. ) ;
#1234 = EDGE_CURVE ( 'NONE', #2036, #1045, #1372, .T. ) ;
#1235 = CARTESIAN_POINT ( 'NONE',  ( -10.27008277174995499, 86.89519779516678000, -46.41153750000005118 ) ) ;
#1236 = ORIENTED_EDGE ( 'NONE', *, *, #1162, .T. ) ;
#1237 = DIRECTION ( 'NONE',  ( 0.000000000000000000, -1.000000000000000000, 0.000000000000000000 ) ) ;
#1238 = FACE_OUTER_BOUND ( 'NONE', #1678, .T. ) ;
#1239 = ORIENTED_EDGE ( 'NONE', *, *, #1945, .F. ) ;
#1240 = DIRECTION ( 'NONE',  ( -1.000000000000000000, 0.000000000000000000, 0.000000000000000000 ) ) ;
#1241 = ORIENTED_EDGE ( 'NONE', *, *, #760, .T. ) ;
#1242 = LINE ( 'NONE', #1970, #1744 ) ;
#1243 = DIRECTION ( 'NONE',  ( -0.000000000000000000, -0.000000000000000000, 1.000000000000000000 ) ) ;
#1244 = EDGE_CURVE ( 'NONE', #239, #799, #1113, .T. ) ;
#1245 = ORIENTED_EDGE ( 'NONE', *, *, #811, .T. ) ;
#1246 = DIRECTION ( 'NONE',  ( -0.000000000000000000, -0.000000000000000000, -1.000000000000000000 ) ) ;
#1247 = DIRECTION ( 'NONE',  ( -0.000000000000000000, -0.000000000000000000, -1.000000000000000000 ) ) ;
#1248 = AXIS2_PLACEMENT_3D ( 'NONE', #1857, #268, #828 ) ;
#1249 = ORIENTED_EDGE ( 'NONE', *, *, #1826, .T. ) ;
#1250 = CARTESIAN_POINT ( 'NONE',  ( 65.00292490849258797, 23.14346027163619368, 980.3301270189222123 ) ) ;
#1251 = AXIS2_PLACEMENT_3D ( 'NONE', #1991, #408, #1816 ) ;
#1252 = ADVANCED_FACE ( 'NONE', ( #752 ), #597, .T. ) ;
#1253 = ORIENTED_EDGE ( 'NONE', *, *, #923, .T. ) ;
#1254 = CARTESIAN_POINT ( 'NONE',  ( -159.5239168776901408, 71.95220597035097398, -52.62600359406732764 ) ) ;
#1255 = AXIS2_PLACEMENT_3D ( 'NONE', #1882, #306, #2043 ) ;
#1256 = EDGE_LOOP ( 'NONE', ( #1969, #2006, #1749, #1755, #1131 ) ) ;
#1257 = FACE_OUTER_BOUND ( 'NONE', #1598, .T. ) ;
#1258 = LINE ( 'NONE', #1975, #1560 ) ;
#1259 = MECHANICAL_DESIGN_GEOMETRIC_PRESENTATION_REPRESENTATION (  '', ( #1818 ), #932 ) ;
#1260 = EDGE_CURVE ( 'NONE', #2195, #1324, #1294, .T. ) ;
#1261 = AXIS2_PLACEMENT_3D ( 'NONE', #1350, #786, #1165 ) ;
#1262 = ORIENTED_EDGE ( 'NONE', *, *, #397, .F. ) ;
#1263 = ORIENTED_EDGE ( 'NONE', *, *, #1275, .F. ) ;
#1264 = AXIS2_PLACEMENT_3D ( 'NONE', #1936, #2271, #684 ) ;
#1265 = CARTESIAN_POINT ( 'NONE',  ( -10.27008277174995499, 86.89519779516678000, -52.62600359406732764 ) ) ;
#1266 = ADVANCED_FACE ( 'NONE', ( #1809 ), #1431, .F. ) ;
#1267 = CARTESIAN_POINT ( 'NONE',  ( -0.7700827717499590941, 86.89519779516678000, -47.41153750000005118 ) ) ;
#1268 = EDGE_LOOP ( 'NONE', ( #2274, #1178, #808 ) ) ;
#1269 = DIRECTION ( 'NONE',  ( 5.473438864662848919E-17, 6.167828616952755833E-17, 1.000000000000000000 ) ) ;
#1270 = DIRECTION ( 'NONE',  ( 0.000000000000000000, 0.000000000000000000, 1.000000000000000000 ) ) ;
#1271 = VERTEX_POINT ( 'NONE', #60 ) ;
#1272 = EDGE_LOOP ( 'NONE', ( #1925, #813, #784, #290 ) ) ;
#1273 = EDGE_CURVE ( 'NONE', #1829, #2130, #2079, .T. ) ;
#1274 = DIRECTION ( 'NONE',  ( 0.000000000000000000, 0.000000000000000000, 1.000000000000000000 ) ) ;
#1275 = EDGE_CURVE ( 'NONE', #960, #222, #568, .T. ) ;
#1276 = DIRECTION ( 'NONE',  ( -0.2225209339563059552, 0.9749279121818256177, 1.068589661201744346E-13 ) ) ;
#1277 = ORIENTED_EDGE ( 'NONE', *, *, #218, .T. ) ;
#1278 = ADVANCED_FACE ( 'NONE', ( #1084 ), #396, .F. ) ;
#1279 = CARTESIAN_POINT ( 'NONE',  ( 64.44662257353797941, 25.58078005218509077, -18.99999999999944222 ) ) ;
#1280 = DIRECTION ( 'NONE',  ( -0.000000000000000000, -0.000000000000000000, -1.000000000000000000 ) ) ;
#1281 = ORIENTED_EDGE ( 'NONE', *, *, #2225, .T. ) ;
#1282 = VECTOR ( 'NONE', #952, 1000.000000000000000 ) ;
#1283 = CARTESIAN_POINT ( 'NONE',  ( 60.18167112972816568, -34.43704298059824254, -18.99999999999944933 ) ) ;
#1284 = EDGE_CURVE ( 'NONE', #629, #412, #1450, .T. ) ;
#1285 = CARTESIAN_POINT ( 'NONE',  ( 69.99999999999998579, -6.642937139434427712E-31, -58.66153750000005829 ) ) ;
#1286 = CONICAL_SURFACE ( 'NONE', #303, 3732.050807567097763, 1.308996938995627968 ) ;
#1287 = PRODUCT_DEFINITION ( 'General', '', #1622, #1716 ) ;
#1288 = ORIENTED_EDGE ( 'NONE', *, *, #2171, .T. ) ;
#1289 = LINE ( 'NONE', #1078, #890 ) ;
#1290 = CARTESIAN_POINT ( 'NONE',  ( 8.098693842866291348, -68.52307026133257750, -10.00000000000000533 ) ) ;
#1291 = AXIS2_PLACEMENT_3D ( 'NONE', #1322, #973, #2020 ) ;
#1292 = VECTOR ( 'NONE', #1944, 999.9999999999998863 ) ;
#1293 = ORIENTED_EDGE ( 'NONE', *, *, #1720, .F. ) ;
#1294 = CIRCLE ( 'NONE', #1522, 2.500000000000002220 ) ;
#1295 = VERTEX_POINT ( 'NONE', #1608 ) ;
#1296 = CIRCLE ( 'NONE', #1417, 10.99999999999999645 ) ;
#1297 = DIRECTION ( 'NONE',  ( 0.000000000000000000, 0.000000000000000000, 1.000000000000000000 ) ) ;
#1298 = FACE_BOUND ( 'NONE', #789, .T. ) ;
#1299 = ORIENTED_EDGE ( 'NONE', *, *, #644, .F. ) ;
#1300 = CARTESIAN_POINT ( 'NONE',  ( -60.02136080706333843, 81.91420052022823484, -52.62600359406732764 ) ) ;
#1301 = FACE_OUTER_BOUND ( 'NONE', #2280, .T. ) ;
#1302 = ORIENTED_EDGE ( 'NONE', *, *, #150, .F. ) ;
#1303 = ADVANCED_FACE ( 'NONE', ( #1058 ), #1707, .F. ) ;
#1304 = VERTEX_POINT ( 'NONE', #934 ) ;
#1305 = ORIENTED_EDGE ( 'NONE', *, *, #719, .F. ) ;
#1306 = FACE_OUTER_BOUND ( 'NONE', #573, .T. ) ;
#1307 = CARTESIAN_POINT ( 'NONE',  ( 59.29498746699756850, 45.92498733030416957, -10.00000000000000888 ) ) ;
#1308 = ORIENTED_EDGE ( 'NONE', *, *, #369, .F. ) ;
#1309 = LINE ( 'NONE', #2234, #1742 ) ;
#1310 = CARTESIAN_POINT ( 'NONE',  ( -51.02404058627475791, -49.05524931321377835, -19.00000000000000355 ) ) ;
#1311 = EDGE_CURVE ( 'NONE', #1700, #2269, #1415, .T. ) ;
#1312 = VERTEX_POINT ( 'NONE', #919 ) ;
#1313 = DIRECTION ( 'NONE',  ( -9.848622465179970876E-14, 5.714025668947779886E-14, 1.000000000000000000 ) ) ;
#1314 = EDGE_CURVE ( 'NONE', #543, #864, #1954, .T. ) ;
#1315 = VERTEX_POINT ( 'NONE', #1987 ) ;
#1316 = DIRECTION ( 'NONE',  ( -0.000000000000000000, 0.000000000000000000, 1.000000000000000000 ) ) ;
#1317 = AXIS2_PLACEMENT_3D ( 'NONE', #1594, #2104, #188 ) ;
#1318 = CARTESIAN_POINT ( 'NONE',  ( -49.54819951937923861, 111.0482540923662924, -19.00000000000000355 ) ) ;
#1319 = CARTESIAN_POINT ( 'NONE',  ( -44.54819951943004952, 111.0482540923662924, -19.00000000000000355 ) ) ;
#1320 = VERTEX_POINT ( 'NONE', #1283 ) ;
#1321 = VECTOR ( 'NONE', #1392, 1000.000000000000000 ) ;
#1322 = CARTESIAN_POINT ( 'NONE',  ( -47.04819951940464051, 111.0482540923662924, -19.00000000000000355 ) ) ;
#1323 = CARTESIAN_POINT ( 'NONE',  ( 8.098693842866291348, -68.52307026133257750, -10.00000000000000533 ) ) ;
#1324 = VERTEX_POINT ( 'NONE', #1092 ) ;
#1325 = CARTESIAN_POINT ( 'NONE',  ( 65.55922724331946938, 20.70614049127610556, -18.99999999999997513 ) ) ;
#1326 = EDGE_CURVE ( 'NONE', #1124, #1466, #1186, .T. ) ;
#1327 = CONICAL_SURFACE ( 'NONE', #1520, 2.499999999974593656, 1.308996938995742321 ) ;
#1328 = AXIS2_PLACEMENT_3D ( 'NONE', #2018, #2008, #270 ) ;
#1329 = ORIENTED_EDGE ( 'NONE', *, *, #202, .F. ) ;
#1330 = ADVANCED_FACE ( 'NONE', ( #1768 ), #1422, .F. ) ;
#1331 = ADVANCED_FACE ( 'NONE', ( #1781 ), #1343, .T. ) ;
#1332 = FACE_OUTER_BOUND ( 'NONE', #546, .T. ) ;
#1333 = DIRECTION ( 'NONE',  ( 5.473438864662848919E-17, 6.167828616952755833E-17, 1.000000000000000000 ) ) ;
#1334 = CIRCLE ( 'NONE', #238, 65.00000000000000000 ) ;
#1335 = DIRECTION ( 'NONE',  ( -1.533053090151794101E-17, 1.297116629533491305E-16, -1.000000000000000000 ) ) ;
#1336 = AXIS2_PLACEMENT_3D ( 'NONE', #1041, #869, #857 ) ;
#1337 = ORIENTED_EDGE ( 'NONE', *, *, #243, .T. ) ;
#1338 = DIRECTION ( 'NONE',  ( -1.533053090151794101E-17, 1.297116629533491305E-16, -1.000000000000000000 ) ) ;
#1339 = CARTESIAN_POINT ( 'NONE',  ( -59.29277020887104754, 81.98714553646611591, -54.39377054703370362 ) ) ;
#1340 = ORIENTED_EDGE ( 'NONE', *, *, #1763, .F. ) ;
#1341 = LINE ( 'NONE', #1011, #378 ) ;
#1342 = ORIENTED_EDGE ( 'NONE', *, *, #917, .T. ) ;
#1343 = CYLINDRICAL_SURFACE ( 'NONE', #120, 100.0000000000000568 ) ;
#1344 = EDGE_CURVE ( 'NONE', #1010, #1393, #716, .T. ) ;
#1345 = DIRECTION ( 'NONE',  ( -1.662392033485936315E-14, 1.125891464714576639E-13, 1.000000000000000000 ) ) ;
#1346 = CARTESIAN_POINT ( 'NONE',  ( -19.77008277174995143, 86.89519779516678000, -46.41153750000005118 ) ) ;
#1347 = EDGE_CURVE ( 'NONE', #1821, #219, #81, .T. ) ;
#1348 = ORIENTED_EDGE ( 'NONE', *, *, #2249, .F. ) ;
#1349 = DIRECTION ( 'NONE',  ( 0.000000000000000000, 0.000000000000000000, 1.000000000000000000 ) ) ;
#1350 = CARTESIAN_POINT ( 'NONE',  ( 19.86408980896266741, 118.9565708611436179, -19.00000000000000355 ) ) ;
#1351 = ORIENTED_EDGE ( 'NONE', *, *, #838, .T. ) ;
#1352 = DIRECTION ( 'NONE',  ( 0.000000000000000000, 1.000000000000000000, 0.000000000000000000 ) ) ;
#1353 = ORIENTED_EDGE ( 'NONE', *, *, #997, .T. ) ;
#1354 = DIRECTION ( 'NONE',  ( 0.000000000000000000, 0.000000000000000000, 1.000000000000000000 ) ) ;
#1355 = DIRECTION ( 'NONE',  ( 1.000000000000000000, 0.000000000000000000, 0.000000000000000000 ) ) ;
#1356 = CYLINDRICAL_SURFACE ( 'NONE', #748, 2.499999999980240251 ) ;
#1357 = AXIS2_PLACEMENT_3D ( 'NONE', #1035, #1745, #175 ) ;
#1358 =( GEOMETRIC_REPRESENTATION_CONTEXT ( 3 ) GLOBAL_UNCERTAINTY_ASSIGNED_CONTEXT ( ( #1177 ) ) GLOBAL_UNIT_ASSIGNED_CONTEXT ( ( #702, #839, #321 ) ) REPRESENTATION_CONTEXT ( 'NONE', 'WORKASPACE' ) );
#1359 = ORIENTED_EDGE ( 'NONE', *, *, #792, .F. ) ;
#1360 = DIRECTION ( 'NONE',  ( 1.000000000000000000, 0.000000000000000000, 0.000000000000000000 ) ) ;
#1361 = ADVANCED_FACE ( 'NONE', ( #436 ), #1851, .T. ) ;
#1362 = CARTESIAN_POINT ( 'NONE',  ( 8.098693842866294901, -68.52307026133253487, -19.66987298107781967 ) ) ;
#1363 = DIRECTION ( 'NONE',  ( -0.000000000000000000, -0.000000000000000000, 1.000000000000000000 ) ) ;
#1364 = MANIFOLD_SOLID_BREP ( 'Mirror1', #1440 ) ;
#1365 = VERTEX_POINT ( 'NONE', #1157 ) ;
#1366 = DIRECTION ( 'NONE',  ( 0.9659258262890669799, 0.000000000000000000, 0.2588190451025254579 ) ) ;
#1367 = AXIS2_PLACEMENT_3D ( 'NONE', #1107, #926, #601 ) ;
#1368 = CIRCLE ( 'NONE', #114, 2.499999999999927169 ) ;
#1369 = ORIENTED_EDGE ( 'NONE', *, *, #166, .F. ) ;
#1370 = AXIS2_PLACEMENT_3D ( 'NONE', #1491, #648, #428 ) ;
#1371 = DIRECTION ( 'NONE',  ( 0.000000000000000000, 1.000000000000000000, -6.167828616952755833E-17 ) ) ;
#1372 = CIRCLE ( 'NONE', #236, 2.499999999974591880 ) ;
#1373 = DIRECTION ( 'NONE',  ( 1.000000000000000000, 0.000000000000000000, 0.000000000000000000 ) ) ;
#1374 = CIRCLE ( 'NONE', #207, 11.00000000000000000 ) ;
#1375 = ORIENTED_EDGE ( 'NONE', *, *, #2138, .T. ) ;
#1376 = FACE_BOUND ( 'NONE', #1572, .T. ) ;
#1377 = DIRECTION ( 'NONE',  ( -1.533053090151794101E-17, 1.297116629533491305E-16, -1.000000000000000000 ) ) ;
#1378 = VECTOR ( 'NONE', #1007, 1000.000000000000000 ) ;
#1379 = DIRECTION ( 'NONE',  ( -0.000000000000000000, -0.000000000000000000, 1.000000000000000000 ) ) ;
#1380 = EDGE_CURVE ( 'NONE', #144, #219, #2154, .T. ) ;
#1381 = ORIENTED_EDGE ( 'NONE', *, *, #1988, .F. ) ;
#1382 = CARTESIAN_POINT ( 'NONE',  ( 17.36408980898242760, 118.9565708611436179, -19.00000000000000355 ) ) ;
#1383 = ADVANCED_FACE ( 'NONE', ( #1332 ), #1663, .T. ) ;
#1384 = ORIENTED_EDGE ( 'NONE', *, *, #1495, .F. ) ;
#1385 = SHAPE_DEFINITION_REPRESENTATION ( #38, #2278 ) ;
#1386 = DIRECTION ( 'NONE',  ( 0.000000000000000000, 0.000000000000000000, 1.000000000000000000 ) ) ;
#1387 = EDGE_LOOP ( 'NONE', ( #1351, #747, #548, #1461 ) ) ;
#1388 = CARTESIAN_POINT ( 'NONE',  ( -65.00000000000000000, 7.960204194457797252E-15, -307.0258184027516677 ) ) ;
#1389 = DIRECTION ( 'NONE',  ( 1.000000000000000000, 0.000000000000000000, 0.000000000000000000 ) ) ;
#1390 = DIRECTION ( 'NONE',  ( -0.000000000000000000, -0.000000000000000000, 1.000000000000000000 ) ) ;
#1391 = EDGE_LOOP ( 'NONE', ( #4, #1905, #1024, #2150, #604, #1796, #755 ) ) ;
#1392 = DIRECTION ( 'NONE',  ( -0.000000000000000000, -0.000000000000000000, -1.000000000000000000 ) ) ;
#1393 = VERTEX_POINT ( 'NONE', #2016 ) ;
#1394 = APPLICATION_PROTOCOL_DEFINITION ( 'draft international standard', 'automotive_design', 1998, #139 ) ;
#1395 = CARTESIAN_POINT ( 'NONE',  ( 138.3549707563275888, 107.1583037707098640, -52.62600359406727080 ) ) ;
#1396 = ORIENTED_EDGE ( 'NONE', *, *, #2132, .T. ) ;
#1397 = DIRECTION ( 'NONE',  ( 0.2149387169983608403, 0.9417080491465024128, 0.2588190451025334515 ) ) ;
#1398 = CARTESIAN_POINT ( 'NONE',  ( -67.69991475483810461, 30.53559808433064049, -54.39377054703363967 ) ) ;
#1399 = DIRECTION ( 'NONE',  ( -0.000000000000000000, -0.000000000000000000, -1.000000000000000000 ) ) ;
#1400 = VECTOR ( 'NONE', #2048, 1000.000000000000000 ) ;
#1401 = CIRCLE ( 'NONE', #187, 2.499999999999927169 ) ;
#1402 = ORIENTED_EDGE ( 'NONE', *, *, #929, .F. ) ;
#1403 = CARTESIAN_POINT ( 'NONE',  ( 8.098693842760104289, -68.52307026137397372, 980.3301270189222123 ) ) ;
#1404 = DIRECTION ( 'NONE',  ( 1.000000000000000000, 0.000000000000000000, 0.000000000000000000 ) ) ;
#1405 = VECTOR ( 'NONE', #798, 1000.000000000000000 ) ;
#1406 = EDGE_CURVE ( 'NONE', #824, #700, #159, .T. ) ;
#1407 = EDGE_LOOP ( 'NONE', ( #468, #1253, #1241, #1839 ) ) ;
#1408 = CONICAL_SURFACE ( 'NONE', #955, 3732.050807567097763, 1.308996938995627968 ) ;
#1409 = CYLINDRICAL_SURFACE ( 'NONE', #1704, 100.0000000000000284 ) ;
#1410 = CIRCLE ( 'NONE', #2151, 74.99999999999998579 ) ;
#1411 = EDGE_CURVE ( 'NONE', #350, #192, #814, .T. ) ;
#1412 = ORIENTED_EDGE ( 'NONE', *, *, #419, .T. ) ;
#1413 = DIRECTION ( 'NONE',  ( 0.6234898018587441415, 0.7818314824680212549, 1.068589661201744472E-13 ) ) ;
#1414 = DIRECTION ( 'NONE',  ( -0.000000000000000000, -0.000000000000000000, -1.000000000000000000 ) ) ;
#1415 = CIRCLE ( 'NONE', #2188, 49.26776695296639019 ) ;
#1416 = ORIENTED_EDGE ( 'NONE', *, *, #1870, .F. ) ;
#1417 = AXIS2_PLACEMENT_3D ( 'NONE', #410, #2149, #1648 ) ;
#1418 = CYLINDRICAL_SURFACE ( 'NONE', #560, 3.950000000000000178 ) ;
#1419 = DIRECTION ( 'NONE',  ( 0.000000000000000000, 0.000000000000000000, 1.000000000000000000 ) ) ;
#1420 = AXIS2_PLACEMENT_3D ( 'NONE', #1061, #2258, #1029 ) ;
#1421 = VERTEX_POINT ( 'NONE', #595 ) ;
#1422 = CYLINDRICAL_SURFACE ( 'NONE', #859, 2.500000000000015987 ) ;
#1423 = ADVANCED_FACE ( 'NONE', ( #1644 ), #1044, .T. ) ;
#1424 = ORIENTED_EDGE ( 'NONE', *, *, #27, .T. ) ;
#1425 = DIRECTION ( 'NONE',  ( 1.000000000000000000, 0.000000000000000000, 0.000000000000000000 ) ) ;
#1426 = DIRECTION ( 'NONE',  ( 0.5590385030438023151, 0.4329849328955230336, 0.7071067811865503483 ) ) ;
#1427 = ORIENTED_EDGE ( 'NONE', *, *, #1675, .F. ) ;
#1428 = FACE_OUTER_BOUND ( 'NONE', #1119, .T. ) ;
#1429 = CARTESIAN_POINT ( 'NONE',  ( 0.000000000000000000, 0.000000000000000000, -54.39377054703364678 ) ) ;
#1430 = ORIENTED_EDGE ( 'NONE', *, *, #40, .T. ) ;
#1431 = PLANE ( 'NONE',  #779 ) ;
#1432 = ORIENTED_EDGE ( 'NONE', *, *, #1185, .F. ) ;
#1433 = CARTESIAN_POINT ( 'NONE',  ( 17.36408980898242760, 118.9565708611436179, -19.00000000000000355 ) ) ;
#1434 = EDGE_LOOP ( 'NONE', ( #1917, #1249, #1197, #2264, #995 ) ) ;
#1435 = ADVANCED_FACE ( 'NONE', ( #427 ), #1125, .T. ) ;
#1436 = CARTESIAN_POINT ( 'NONE',  ( 0.000000000000000000, 0.000000000000000000, -52.62600359406727080 ) ) ;
#1437 = DIRECTION ( 'NONE',  ( 1.000000000000000000, 0.000000000000000000, 0.000000000000000000 ) ) ;
#1438 = AXIS2_PLACEMENT_3D ( 'NONE', #1669, #1345, #127 ) ;
#1439 = ORIENTED_EDGE ( 'NONE', *, *, #2249, .T. ) ;
#1440 = CLOSED_SHELL ( 'NONE', ( #783, #614, #162, #1231, #1012, #264, #2273, #704, #1330, #1088, #1794, #1932, #1943, #1104, #646, #281, #374, #1361, #939, #432, #1208, #1091, #1122, #1158, #994, #1492, #330, #448, #1620, #2025, #204, #317, #920, #1116, #971, #2012, #672, #1067, #925, #1278, #734, #701, #298, #2059, #2069, #19, #514, #1986, #1331, #1526, #2103, #1435, #584, #2242, #1627, #602, #1423, #1840, #214, #1252, #1383, #871, #1503, #1731, #2231, #313, #1570, #2121, #1865, #2001, #1069, #226, #2187, #518, #538, #1889, #1082, #1266, #1303 ) ) ;
#1441 = CIRCLE ( 'NONE', #1776, 2.500000000000015987 ) ;
#1442 = CARTESIAN_POINT ( 'NONE',  ( -72.50000000000000000, 0.000000000000000000, -52.62600359406727080 ) ) ;
#1443 = AXIS2_PLACEMENT_3D ( 'NONE', #1087, #1096, #580 ) ;
#1444 = VECTOR ( 'NONE', #511, 1000.000000000000000 ) ;
#1445 = CARTESIAN_POINT ( 'NONE',  ( 0.000000000000000000, 0.000000000000000000, -46.41153750000005118 ) ) ;
#1446 = VECTOR ( 'NONE', #620, 1000.000000000000000 ) ;
#1447 = ORIENTED_EDGE ( 'NONE', *, *, #644, .T. ) ;
#1448 = DIRECTION ( 'NONE',  ( 1.000000000000000000, 0.000000000000000000, 0.000000000000000000 ) ) ;
#1449 = CARTESIAN_POINT ( 'NONE',  ( 61.12294662508127630, -36.39162168676735121, -18.99999999999963052 ) ) ;
#1450 = CIRCLE ( 'NONE', #16, 45.00000000000002842 ) ;
#1451 = EDGE_CURVE ( 'NONE', #1232, #664, #1601, .T. ) ;
#1452 = CONICAL_SURFACE ( 'NONE', #457, 105.0000000000000142, 0.7853981633974456145 ) ;
#1453 = ORIENTED_EDGE ( 'NONE', *, *, #385, .F. ) ;
#1454 = DIRECTION ( 'NONE',  ( -0.9908336901871839242, -0.1350873731702838809, 0.000000000000000000 ) ) ;
#1455 = AXIS2_PLACEMENT_3D ( 'NONE', #1235, #1948, #894 ) ;
#1456 = DIRECTION ( 'NONE',  ( 0.000000000000000000, -1.000000000000000000, 0.000000000000000000 ) ) ;
#1457 = DIRECTION ( 'NONE',  ( 6.391365718258973906E-14, -9.446639328581599346E-14, 1.000000000000000000 ) ) ;
#1458 = ORIENTED_EDGE ( 'NONE', *, *, #877, .T. ) ;
#1459 = CARTESIAN_POINT ( 'NONE',  ( -65.00000000000000000, 7.960204194457801985E-15, -47.41153750000008671 ) ) ;
#1460 = CARTESIAN_POINT ( 'NONE',  ( -74.99999999999998579, 9.184850993605147156E-15, -307.0258184027516677 ) ) ;
#1461 = ORIENTED_EDGE ( 'NONE', *, *, #2051, .T. ) ;
#1462 = EDGE_CURVE ( 'NONE', #1758, #1712, #714, .T. ) ;
#1463 = EDGE_CURVE ( 'NONE', #350, #2195, #818, .T. ) ;
#1464 = CARTESIAN_POINT ( 'NONE',  ( -47.04819951940464051, 111.0482540923662924, -19.00000000000000355 ) ) ;
#1465 = DIRECTION ( 'NONE',  ( 0.000000000000000000, 0.000000000000000000, 1.000000000000000000 ) ) ;
#1466 = VERTEX_POINT ( 'NONE', #1940 ) ;
#1467 = DIRECTION ( 'NONE',  ( 6.725459331457292879E-16, 1.278280387119141471E-16, -1.000000000000000000 ) ) ;
#1468 = LINE ( 'NONE', #2011, #387 ) ;
#1469 = DIRECTION ( 'NONE',  ( -0.1350873731702839087, 0.9908336901871840352, -2.755136608102924671E-15 ) ) ;
#1470 = AXIS2_PLACEMENT_3D ( 'NONE', #790, #451, #292 ) ;
#1471 = CIRCLE ( 'NONE', #1137, 2.499999999999999112 ) ;
#1472 = AXIS2_PLACEMENT_3D ( 'NONE', #91, #2052, #608 ) ;
#1473 = ORIENTED_EDGE ( 'NONE', *, *, #1607, .F. ) ;
#1474 = CARTESIAN_POINT ( 'NONE',  ( -10.27008277174995499, 86.89519779516678000, -58.66153750000005829 ) ) ;
#1475 = EDGE_CURVE ( 'NONE', #429, #344, #1853, .T. ) ;
#1476 = AXIS2_PLACEMENT_3D ( 'NONE', #403, #231, #582 ) ;
#1477 = CARTESIAN_POINT ( 'NONE',  ( -71.10718274391010141, 7.352174912479794600, -18.99999999999975131 ) ) ;
#1478 = EDGE_CURVE ( 'NONE', #1863, #350, #85, .T. ) ;
#1479 = AXIS2_PLACEMENT_3D ( 'NONE', #1164, #794, #982 ) ;
#1480 = ORIENTED_EDGE ( 'NONE', *, *, #641, .F. ) ;
#1481 = CARTESIAN_POINT ( 'NONE',  ( -58.80779540358389568, 27.68832244413177435, -47.41153750000010092 ) ) ;
#1482 = DIRECTION ( 'NONE',  ( 0.000000000000000000, 0.000000000000000000, 1.000000000000000000 ) ) ;
#1483 = AXIS2_PLACEMENT_3D ( 'NONE', #1445, #2155, #1103 ) ;
#1484 = AXIS2_PLACEMENT_3D ( 'NONE', #1830, #254, #950 ) ;
#1485 = LINE ( 'NONE', #605, #2148 ) ;
#1486 = CIRCLE ( 'NONE', #678, 2.499999999999927169 ) ;
#1487 = ORIENTED_EDGE ( 'NONE', *, *, #2118, .T. ) ;
#1488 = CIRCLE ( 'NONE', #240, 2.500000000000000444 ) ;
#1489 = DIRECTION ( 'NONE',  ( 1.000000000000000000, 0.000000000000000000, 0.000000000000000000 ) ) ;
#1490 = DIRECTION ( 'NONE',  ( -0.000000000000000000, -0.000000000000000000, -1.000000000000000000 ) ) ;
#1491 = CARTESIAN_POINT ( 'NONE',  ( 65.00292490842842597, 23.14346027173155562, -19.00000000000000355 ) ) ;
#1492 = ADVANCED_FACE ( 'NONE', ( #212 ), #883, .F. ) ;
#1493 = VERTEX_POINT ( 'NONE', #320 ) ;
#1494 = DIRECTION ( 'NONE',  ( 1.000000000000000000, 0.000000000000000000, 0.000000000000000000 ) ) ;
#1495 = EDGE_CURVE ( 'NONE', #1365, #1271, #1535, .T. ) ;
#1496 = CARTESIAN_POINT ( 'NONE',  ( -159.5239168776901408, 71.95220597035097398, -58.66153750000005829 ) ) ;
#1497 = EDGE_LOOP ( 'NONE', ( #1086, #1777 ) ) ;
#1498 = DIRECTION ( 'NONE',  ( 0.6123331644040574950, -0.7905998328932998254, -9.583083854271146172E-16 ) ) ;
#1499 = ORIENTED_EDGE ( 'NONE', *, *, #1347, .T. ) ;
#1500 = CARTESIAN_POINT ( 'NONE',  ( -149.2813267937130774, 70.28574158894994639, -307.0258184027516677 ) ) ;
#1501 = CARTESIAN_POINT ( 'NONE',  ( 8.098693842866291348, -68.52307026133257750, -19.00000000000000355 ) ) ;
#1502 = CYLINDRICAL_SURFACE ( 'NONE', #1370, 2.499999999999988454 ) ;
#1503 = ADVANCED_FACE ( 'NONE', ( #183, #737, #302, #1000, #1605, #2239, #1775, #545, #14 ), #126, .T. ) ;
#1504 = ORIENTED_EDGE ( 'NONE', *, *, #1893, .T. ) ;
#1505 = CARTESIAN_POINT ( 'NONE',  ( 65.00292490842869597, 23.14346027173066744, -19.66987298107780902 ) ) ;
#1506 = DIRECTION ( 'NONE',  ( -0.000000000000000000, 0.000000000000000000, 1.000000000000000000 ) ) ;
#1507 = EDGE_CURVE ( 'NONE', #67, #133, #781, .T. ) ;
#1508 = EDGE_LOOP ( 'NONE', ( #1587, #561, #972, #1557, #1562, #1591 ) ) ;
#1509 = CARTESIAN_POINT ( 'NONE',  ( -3.950000000000000178, 0.000000000000000000, -40.51153750000004550 ) ) ;
#1510 = ORIENTED_EDGE ( 'NONE', *, *, #1983, .F. ) ;
#1511 = DIRECTION ( 'NONE',  ( 0.000000000000000000, 0.000000000000000000, 1.000000000000000000 ) ) ;
#1512 = CARTESIAN_POINT ( 'NONE',  ( -49.28132679371302771, 70.28574158894994639, -307.0258184027516677 ) ) ;
#1513 = CARTESIAN_POINT ( 'NONE',  ( -21.27008277174995143, 86.89519779516678000, -47.41153750000005118 ) ) ;
#1514 = CIRCLE ( 'NONE', #442, 2.500000000000001332 ) ;
#1515 = ORIENTED_EDGE ( 'NONE', *, *, #1918, .F. ) ;
#1516 = FACE_OUTER_BOUND ( 'NONE', #2127, .T. ) ;
#1517 = CARTESIAN_POINT ( 'NONE',  ( 9.500000000000000000, 1.163414459189985485E-15, -47.41153750000005118 ) ) ;
#1518 = ORIENTED_EDGE ( 'NONE', *, *, #1206, .T. ) ;
#1519 = CARTESIAN_POINT ( 'NONE',  ( 61.12294662508193710, -36.39162168676735121, -19.00000000000000355 ) ) ;
#1520 = AXIS2_PLACEMENT_3D ( 'NONE', #1947, #2281, #364 ) ;
#1521 = ORIENTED_EDGE ( 'NONE', *, *, #202, .T. ) ;
#1522 = AXIS2_PLACEMENT_3D ( 'NONE', #2172, #206, #889 ) ;
#1523 = DIRECTION ( 'NONE',  ( 1.000000000000000000, 0.000000000000000000, 6.938893903907224433E-16 ) ) ;
#1524 = CIRCLE ( 'NONE', #1224, 9.500000000000000000 ) ;
#1525 = FACE_OUTER_BOUND ( 'NONE', #323, .T. ) ;
#1526 = ADVANCED_FACE ( 'NONE', ( #1238 ), #2114, .T. ) ;
#1527 = AXIS2_PLACEMENT_3D ( 'NONE', #441, #1506, #624 ) ;
#1528 = ORIENTED_EDGE ( 'NONE', *, *, #1617, .F. ) ;
#1529 = DIRECTION ( 'NONE',  ( -0.000000000000000000, 0.000000000000000000, 1.000000000000000000 ) ) ;
#1530 = CARTESIAN_POINT ( 'NONE',  ( 69.99999999999998579, 0.000000000000000000, -58.66153750000005829 ) ) ;
#1531 = ORIENTED_EDGE ( 'NONE', *, *, #1023, .T. ) ;
#1532 = LINE ( 'NONE', #1167, #888 ) ;
#1533 = EDGE_CURVE ( 'NONE', #239, #67, #569, .T. ) ;
#1534 = ORIENTED_EDGE ( 'NONE', *, *, #276, .F. ) ;
#1535 = LINE ( 'NONE', #909, #535 ) ;
#1536 = EDGE_CURVE ( 'NONE', #2019, #412, #1896, .T. ) ;
#1537 = DIRECTION ( 'NONE',  ( -5.473438864662848919E-17, -6.167828616952755833E-17, -1.000000000000000000 ) ) ;
#1538 = FACE_OUTER_BOUND ( 'NONE', #1688, .T. ) ;
#1539 = ORIENTED_EDGE ( 'NONE', *, *, #1811, .F. ) ;
#1540 = DIRECTION ( 'NONE',  ( 0.000000000000000000, -1.000000000000000000, -1.214306433183764966E-16 ) ) ;
#1541 = LINE ( 'NONE', #1310, #458 ) ;
#1542 = DIRECTION ( 'NONE',  ( 1.000000000000000000, 0.000000000000000000, 0.000000000000000000 ) ) ;
#1543 = ORIENTED_EDGE ( 'NONE', *, *, #102, .F. ) ;
#1544 = CARTESIAN_POINT ( 'NONE',  ( -149.2813267937130774, 70.28574158894994639, -10.00000000000000000 ) ) ;
#1545 = ORIENTED_EDGE ( 'NONE', *, *, #1918, .T. ) ;
#1546 = FACE_OUTER_BOUND ( 'NONE', #1130, .T. ) ;
#1547 = AXIS2_PLACEMENT_3D ( 'NONE', #656, #1691, #112 ) ;
#1548 = EDGE_CURVE ( 'NONE', #523, #855, #274, .T. ) ;
#1549 = EDGE_LOOP ( 'NONE', ( #459, #1262 ) ) ;
#1550 = FACE_OUTER_BOUND ( 'NONE', #426, .T. ) ;
#1551 = FACE_OUTER_BOUND ( 'NONE', #434, .T. ) ;
#1552 = CARTESIAN_POINT ( 'NONE',  ( 0.000000000000000000, 0.000000000000000000, -47.41153750000004408 ) ) ;
#1553 = EDGE_CURVE ( 'NONE', #881, #1421, #1374, .T. ) ;
#1554 = VERTEX_POINT ( 'NONE', #729 ) ;
#1555 = DIRECTION ( 'NONE',  ( -1.000000000000000000, -1.224646799147349509E-16, 0.000000000000000000 ) ) ;
#1556 = AXIS2_PLACEMENT_3D ( 'NONE', #2256, #1200, #1771 ) ;
#1557 = ORIENTED_EDGE ( 'NONE', *, *, #2094, .T. ) ;
#1558 = CIRCLE ( 'NONE', #1076, 3.949999999999995293 ) ;
#1559 = DIRECTION ( 'NONE',  ( 1.000000000000000000, 0.000000000000000000, 0.000000000000000000 ) ) ;
#1560 = VECTOR ( 'NONE', #1798, 1000.000000000000000 ) ;
#1561 = EDGE_CURVE ( 'NONE', #1602, #799, #1933, .T. ) ;
#1562 = ORIENTED_EDGE ( 'NONE', *, *, #1284, .T. ) ;
#1563 = DIRECTION ( 'NONE',  ( 1.000000000000000000, 0.000000000000000000, 0.000000000000000000 ) ) ;
#1564 = CARTESIAN_POINT ( 'NONE',  ( -159.5239168776901408, 71.95220597035097398, -10.00000000000000888 ) ) ;
#1565 = AXIS2_PLACEMENT_3D ( 'NONE', #880, #1574, #1389 ) ;
#1566 = DIRECTION ( 'NONE',  ( 1.000000000000000000, 0.000000000000000000, 0.000000000000000000 ) ) ;
#1567 = EDGE_LOOP ( 'NONE', ( #2223, #2277, #841, #2236 ) ) ;
#1568 = CARTESIAN_POINT ( 'NONE',  ( -47.04819951940678635, 111.0482540923670172, -19.00000000000000355 ) ) ;
#1569 = ORIENTED_EDGE ( 'NONE', *, *, #1244, .F. ) ;
#1570 = ADVANCED_FACE ( 'NONE', ( #765 ), #431, .F. ) ;
#1571 = CARTESIAN_POINT ( 'NONE',  ( 0.000000000000000000, 0.000000000000000000, -40.51153750000004550 ) ) ;
#1572 = EDGE_LOOP ( 'NONE', ( #1990, #924 ) ) ;
#1573 = DIRECTION ( 'NONE',  ( -9.848622465179970876E-14, 5.714025668947779886E-14, 1.000000000000000000 ) ) ;
#1574 = DIRECTION ( 'NONE',  ( -0.000000000000000000, 0.000000000000000000, 1.000000000000000000 ) ) ;
#1575 = LINE ( 'NONE', #2272, #989 ) ;
#1576 = EDGE_CURVE ( 'NONE', #1393, #1010, #1296, .T. ) ;
#1577 = ORIENTED_EDGE ( 'NONE', *, *, #1275, .T. ) ;
#1578 = CARTESIAN_POINT ( 'NONE',  ( -10.27008277174995499, 86.89519779516678000, -46.41153750000005118 ) ) ;
#1579 = DIRECTION ( 'NONE',  ( 0.000000000000000000, 0.000000000000000000, 1.000000000000000000 ) ) ;
#1580 = PRODUCT_RELATED_PRODUCT_CATEGORY ( 'part', '', ( #263 ) ) ;
#1581 = VERTEX_POINT ( 'NONE', #946 ) ;
#1582 = EDGE_CURVE ( 'NONE', #696, #2202, #205, .T. ) ;
#1583 = CARTESIAN_POINT ( 'NONE',  ( -48.52404058627475791, -49.05524931321377835, -19.00000000000000355 ) ) ;
#1584 = ORIENTED_EDGE ( 'NONE', *, *, #1548, .F. ) ;
#1585 = DIRECTION ( 'NONE',  ( 1.000000000000000000, 0.000000000000000000, 0.000000000000000000 ) ) ;
#1586 = DIRECTION ( 'NONE',  ( 1.000000000000000000, 0.000000000000000000, 0.000000000000000000 ) ) ;
#1587 = ORIENTED_EDGE ( 'NONE', *, *, #150, .T. ) ;
#1588 = CYLINDRICAL_SURFACE ( 'NONE', #742, 11.00000000000000000 ) ;
#1589 = DIRECTION ( 'NONE',  ( 1.533053090151794101E-17, -1.297116629533491305E-16, 1.000000000000000000 ) ) ;
#1590 = AXIS2_PLACEMENT_3D ( 'NONE', #2262, #1729, #145 ) ;
#1591 = ORIENTED_EDGE ( 'NONE', *, *, #797, .T. ) ;
#1592 = VECTOR ( 'NONE', #744, 1000.000000000000000 ) ;
#1593 = CIRCLE ( 'NONE', #528, 2.499999999980240251 ) ;
#1594 = CARTESIAN_POINT ( 'NONE',  ( 8.098693842760104289, -68.52307026137397372, 980.3301270189222123 ) ) ;
#1595 = EDGE_CURVE ( 'NONE', #696, #1724, #393, .T. ) ;
#1596 = DIRECTION ( 'NONE',  ( 1.000000000000000000, 0.000000000000000000, 0.000000000000000000 ) ) ;
#1597 = AXIS2_PLACEMENT_3D ( 'NONE', #791, #1335, #2053 ) ;
#1598 = EDGE_LOOP ( 'NONE', ( #1057, #673, #2090, #611 ) ) ;
#1599 = CARTESIAN_POINT ( 'NONE',  ( 64.04244399228880980, 97.02675078293832200, -47.41153750000005829 ) ) ;
#1600 = CARTESIAN_POINT ( 'NONE',  ( -0.7700827717499590941, 86.89519779516678000, -46.41153750000005118 ) ) ;
#1601 = CIRCLE ( 'NONE', #1968, 3.950000000000000178 ) ;
#1602 = VERTEX_POINT ( 'NONE', #73 ) ;
#1603 = CIRCLE ( 'NONE', #2193, 2.500000000000015987 ) ;
#1604 = DIRECTION ( 'NONE',  ( 0.000000000000000000, 0.000000000000000000, 1.000000000000000000 ) ) ;
#1605 = FACE_BOUND ( 'NONE', #481, .T. ) ;
#1606 = ORIENTED_EDGE ( 'NONE', *, *, #990, .F. ) ;
#1607 = EDGE_CURVE ( 'NONE', #219, #2076, #123, .T. ) ;
#1608 = CARTESIAN_POINT ( 'NONE',  ( 58.71608414237384466, 45.47661675153285188, -54.39377054703363257 ) ) ;
#1609 = EDGE_CURVE ( 'NONE', #67, #288, #1468, .T. ) ;
#1610 = ORIENTED_EDGE ( 'NONE', *, *, #713, .F. ) ;
#1611 = CARTESIAN_POINT ( 'NONE',  ( 65.00000000000000000, 0.000000000000000000, -10.00000000000000000 ) ) ;
#1612 = ORIENTED_EDGE ( 'NONE', *, *, #1873, .F. ) ;
#1613 = DIRECTION ( 'NONE',  ( -0.000000000000000000, -0.000000000000000000, 1.000000000000000000 ) ) ;
#1614 = CARTESIAN_POINT ( 'NONE',  ( -10.27008277174995499, 86.89519779516678000, -52.62600359406732764 ) ) ;
#1615 = EDGE_LOOP ( 'NONE', ( #1539, #314, #826, #1612 ) ) ;
#1616 = DIRECTION ( 'NONE',  ( 1.000000000000000000, 0.000000000000000000, 0.000000000000000000 ) ) ;
#1617 = EDGE_CURVE ( 'NONE', #2162, #504, #1486, .T. ) ;
#1618 = VERTEX_POINT ( 'NONE', #603 ) ;
#1619 = DIRECTION ( 'NONE',  ( -3.390010209025030713E-14, -1.089053940493181411E-13, 1.000000000000000000 ) ) ;
#1620 = ADVANCED_FACE ( 'NONE', ( #1301 ), #915, .F. ) ;
#1621 = DIRECTION ( 'NONE',  ( -1.000000000000000000, 0.000000000000000000, 0.000000000000000000 ) ) ;
#1622 = PRODUCT_DEFINITION_FORMATION_WITH_SPECIFIED_SOURCE ( 'Symmetric', '', #263, .NOT_KNOWN. ) ;
#1623 = FACE_OUTER_BOUND ( 'NONE', #1391, .T. ) ;
#1624 = DIRECTION ( 'NONE',  ( 6.391365718258973906E-14, -9.446639328581599346E-14, 1.000000000000000000 ) ) ;
#1625 = AXIS2_PLACEMENT_3D ( 'NONE', #2108, #1922, #525 ) ;
#1626 = DIRECTION ( 'NONE',  ( -1.000000000000000000, 0.000000000000000000, 0.000000000000000000 ) ) ;
#1627 = ADVANCED_FACE ( 'NONE', ( #575 ), #1452, .F. ) ;
#1628 = ORIENTED_EDGE ( 'NONE', *, *, #1859, .T. ) ;
#1629 = CARTESIAN_POINT ( 'NONE',  ( -10.27008277174995499, 86.89519779516678000, -40.51153750000004550 ) ) ;
#1630 = CARTESIAN_POINT ( 'NONE',  ( -149.2813267937130774, 70.28574158894994639, -10.00000000000000000 ) ) ;
#1631 = AXIS2_PLACEMENT_3D ( 'NONE', #1265, #1966, #215 ) ;
#1632 = AXIS2_PLACEMENT_3D ( 'NONE', #1825, #563, #260 ) ;
#1633 = CARTESIAN_POINT ( 'NONE',  ( 64.04244399228880980, 97.02675078293832200, -47.41153750000005829 ) ) ;
#1634 = AXIS2_PLACEMENT_3D ( 'NONE', #993, #833, #95 ) ;
#1635 = DIRECTION ( 'NONE',  ( 0.000000000000000000, 0.000000000000000000, 1.000000000000000000 ) ) ;
#1636 = CARTESIAN_POINT ( 'NONE',  ( 65.00292490842872439, 23.14346027173059284, -18.99999999999970868 ) ) ;
#1637 = ORIENTED_EDGE ( 'NONE', *, *, #1722, .T. ) ;
#1638 = CYLINDRICAL_SURFACE ( 'NONE', #1740, 65.00000000000000000 ) ;
#1639 = DIRECTION ( 'NONE',  ( 0.000000000000000000, -0.000000000000000000, -1.000000000000000000 ) ) ;
#1640 = EDGE_CURVE ( 'NONE', #454, #1712, #1971, .T. ) ;
#1641 = DIRECTION ( 'NONE',  ( -5.473438864662848919E-17, -6.167828616952755833E-17, -1.000000000000000000 ) ) ;
#1642 = EDGE_CURVE ( 'NONE', #1312, #1657, #2122, .T. ) ;
#1643 = ORIENTED_EDGE ( 'NONE', *, *, #1196, .F. ) ;
#1644 = FACE_OUTER_BOUND ( 'NONE', #115, .T. ) ;
#1645 = CARTESIAN_POINT ( 'NONE',  ( -69.16348507880094587, 4.914855132026318074, -18.99999999999944578 ) ) ;
#1646 = ORIENTED_EDGE ( 'NONE', *, *, #1907, .F. ) ;
#1647 = FACE_OUTER_BOUND ( 'NONE', #743, .T. ) ;
#1648 = DIRECTION ( 'NONE',  ( 0.000000000000000000, 1.000000000000000000, 0.000000000000000000 ) ) ;
#1649 = ORIENTED_EDGE ( 'NONE', *, *, #2054, .F. ) ;
#1650 = CIRCLE ( 'NONE', #663, 69.99999999999998579 ) ;
#1651 = EDGE_CURVE ( 'NONE', #2238, #2130, #1258, .T. ) ;
#1652 = ORIENTED_EDGE ( 'NONE', *, *, #184, .F. ) ;
#1653 = AXIS2_PLACEMENT_3D ( 'NONE', #996, #1313, #2211 ) ;
#1654 = CARTESIAN_POINT ( 'NONE',  ( 19.86408980896266741, 118.9565708611436179, -19.00000000000000355 ) ) ;
#1655 = FACE_OUTER_BOUND ( 'NONE', #2157, .T. ) ;
#1656 = AXIS2_PLACEMENT_3D ( 'NONE', #390, #237, #906 ) ;
#1657 = VERTEX_POINT ( 'NONE', #1449 ) ;
#1658 = CARTESIAN_POINT ( 'NONE',  ( -55.04623300353202353, 82.41230024772208651, -58.66153750000005118 ) ) ;
#1659 = DIRECTION ( 'NONE',  ( -1.000000000000000000, 0.000000000000000000, 0.000000000000000000 ) ) ;
#1660 = CIRCLE ( 'NONE', #596, 3.950000000000000178 ) ;
#1661 = EDGE_CURVE ( 'NONE', #15, #1863, #418, .T. ) ;
#1662 = EDGE_LOOP ( 'NONE', ( #1773, #831, #959, #2251 ) ) ;
#1663 = TOROIDAL_SURFACE ( 'NONE', #49, 72.50000000000000000, 2.500000000000000000 ) ;
#1664 = DIRECTION ( 'NONE',  ( 0.000000000000000000, 0.000000000000000000, 1.000000000000000000 ) ) ;
#1665 = ORIENTED_EDGE ( 'NONE', *, *, #1284, .F. ) ;
#1666 = AXIS2_PLACEMENT_3D ( 'NONE', #1564, #1377, #2098 ) ;
#1667 = CARTESIAN_POINT ( 'NONE',  ( -10.27008277174995499, 86.89519779516678000, -47.41153750000005118 ) ) ;
#1668 = EDGE_CURVE ( 'NONE', #1981, #1059, #968, .T. ) ;
#1669 = CARTESIAN_POINT ( 'NONE',  ( -68.60718274391017246, 7.352174912480802682, -18.99999999999970868 ) ) ;
#1670 = CARTESIAN_POINT ( 'NONE',  ( 58.62294662508138288, -36.39162168676816833, -19.66987298107781612 ) ) ;
#1671 = EDGE_CURVE ( 'NONE', #1724, #332, #51, .T. ) ;
#1672 = ORIENTED_EDGE ( 'NONE', *, *, #305, .F. ) ;
#1673 = CARTESIAN_POINT ( 'NONE',  ( 65.00292490842868176, 23.14346027173067455, -19.66987298107780902 ) ) ;
#1674 = FACE_OUTER_BOUND ( 'NONE', #1256, .T. ) ;
#1675 = EDGE_CURVE ( 'NONE', #239, #872, #757, .T. ) ;
#1676 = EDGE_LOOP ( 'NONE', ( #1329, #171, #2107, #916 ) ) ;
#1677 = CARTESIAN_POINT ( 'NONE',  ( -60.02136080706333843, 81.91420052022823484, -10.00000000000000888 ) ) ;
#1678 = EDGE_LOOP ( 'NONE', ( #370, #496, #1005, #2167, #2093 ) ) ;
#1679 = DIRECTION ( 'NONE',  ( 0.000000000000000000, 1.000000000000000000, 0.000000000000000000 ) ) ;
#1680 = CARTESIAN_POINT ( 'NONE',  ( -59.52391687769009820, 71.95220597035097398, -52.62600359406732764 ) ) ;
#1681 = CYLINDRICAL_SURFACE ( 'NONE', #2078, 3.950000000000000178 ) ;
#1682 = EDGE_CURVE ( 'NONE', #2130, #864, #1334, .T. ) ;
#1683 = ORIENTED_EDGE ( 'NONE', *, *, #2276, .F. ) ;
#1684 = CARTESIAN_POINT ( 'NONE',  ( 65.00292490842868176, 23.14346027173064613, -19.66987298107780902 ) ) ;
#1685 = DIRECTION ( 'NONE',  ( -0.9387346165279013555, -0.2275742112464211597, 0.2588190451025254579 ) ) ;
#1686 = VERTEX_POINT ( 'NONE', #589 ) ;
#1687 = DIRECTION ( 'NONE',  ( -1.000000000000000000, 0.000000000000000000, 0.000000000000000000 ) ) ;
#1688 = EDGE_LOOP ( 'NONE', ( #717, #2100, #1245, #1133 ) ) ;
#1689 = EDGE_CURVE ( 'NONE', #1806, #271, #933, .T. ) ;
#1690 = CIRCLE ( 'NONE', #1438, 2.499999999999927613 ) ;
#1691 = DIRECTION ( 'NONE',  ( -0.000000000000000000, 0.000000000000000000, 1.000000000000000000 ) ) ;
#1692 = CARTESIAN_POINT ( 'NONE',  ( -6.320082771749957473, 86.89519779516678000, -47.41153750000005118 ) ) ;
#1693 = AXIS2_PLACEMENT_3D ( 'NONE', #1544, #1195, #836 ) ;
#1694 = EDGE_LOOP ( 'NONE', ( #787, #1823, #1473, #1095 ) ) ;
#1695 = CIRCLE ( 'NONE', #706, 2.500000000000002220 ) ;
#1696 = CARTESIAN_POINT ( 'NONE',  ( 65.00292490849258797, 23.14346027163619368, 980.3301270189222123 ) ) ;
#1697 = CYLINDRICAL_SURFACE ( 'NONE', #1261, 2.499999999980240251 ) ;
#1698 = EDGE_CURVE ( 'NONE', #332, #1724, #1524, .T. ) ;
#1699 = AXIS2_PLACEMENT_3D ( 'NONE', #1568, #172, #13 ) ;
#1700 = VERTEX_POINT ( 'NONE', #1339 ) ;
#1701 = CARTESIAN_POINT ( 'NONE',  ( 74.99999999999998579, 0.000000000000000000, -52.62600359406727080 ) ) ;
#1702 = CIRCLE ( 'NONE', #382, 100.0000000000000000 ) ;
#1703 = EDGE_CURVE ( 'NONE', #1929, #144, #105, .T. ) ;
#1704 = AXIS2_PLACEMENT_3D ( 'NONE', #2253, #1931, #1373 ) ;
#1705 = EDGE_LOOP ( 'NONE', ( #615, #625, #420, #2013 ) ) ;
#1706 = DIRECTION ( 'NONE',  ( -0.000000000000000000, -0.000000000000000000, 1.000000000000000000 ) ) ;
#1707 = CONICAL_SURFACE ( 'NONE', #453, 2.499999999974593656, 1.308996938995742321 ) ;
#1708 = FACE_OUTER_BOUND ( 'NONE', #1219, .T. ) ;
#1709 = AXIS2_PLACEMENT_3D ( 'NONE', #65, #2002, #1437 ) ;
#1710 = DIRECTION ( 'NONE',  ( 1.000000000000000000, 0.000000000000000000, 0.000000000000000000 ) ) ;
#1711 = CIRCLE ( 'NONE', #1336, 69.99999999999998579 ) ;
#1712 = VERTEX_POINT ( 'NONE', #1141 ) ;
#1713 = LINE ( 'NONE', #650, #45 ) ;
#1714 = DIRECTION ( 'NONE',  ( -0.000000000000000000, -0.000000000000000000, 1.000000000000000000 ) ) ;
#1715 = CARTESIAN_POINT ( 'NONE',  ( 128.7830799554036219, 103.1499797246714252, -307.0258184027516677 ) ) ;
#1716 = PRODUCT_DEFINITION_CONTEXT ( 'detailed design', #57, 'design' ) ;
#1717 = ORIENTED_EDGE ( 'NONE', *, *, #284, .F. ) ;
#1718 = DIRECTION ( 'NONE',  ( 5.473438864662848919E-17, 6.167828616952755833E-17, 1.000000000000000000 ) ) ;
#1719 = ORIENTED_EDGE ( 'NONE', *, *, #1043, .T. ) ;
#1720 = EDGE_CURVE ( 'NONE', #1124, #1010, #806, .T. ) ;
#1721 = DIRECTION ( 'NONE',  ( -0.000000000000000000, -0.000000000000000000, -1.000000000000000000 ) ) ;
#1722 = EDGE_CURVE ( 'NONE', #1223, #1946, #1603, .T. ) ;
#1723 = DIRECTION ( 'NONE',  ( -0.000000000000000000, 0.000000000000000000, 1.000000000000000000 ) ) ;
#1724 = VERTEX_POINT ( 'NONE', #1517 ) ;
#1725 = FACE_OUTER_BOUND ( 'NONE', #1114, .T. ) ;
#1726 = DIRECTION ( 'NONE',  ( 0.7071067811865455743, 0.000000000000000000, 0.7071067811865493491 ) ) ;
#1727 = LINE ( 'NONE', #1924, #1214 ) ;
#1728 = ORIENTED_EDGE ( 'NONE', *, *, #1536, .T. ) ;
#1729 = DIRECTION ( 'NONE',  ( -9.848622465179970876E-14, 5.714025668947779886E-14, 1.000000000000000000 ) ) ;
#1730 = ORIENTED_EDGE ( 'NONE', *, *, #1108, .F. ) ;
#1731 = ADVANCED_FACE ( 'NONE', ( #1862 ), #1697, .F. ) ;
#1732 = CARTESIAN_POINT ( 'NONE',  ( 61.12294662508193710, -36.39162168676735121, -10.00000000000000533 ) ) ;
#1733 = AXIS2_PLACEMENT_3D ( 'NONE', #2058, #1020, #1213 ) ;
#1734 = ORIENTED_EDGE ( 'NONE', *, *, #1344, .F. ) ;
#1735 = CARTESIAN_POINT ( 'NONE',  ( 22.21137425476313965, 119.6222907205838766, -19.00000000000000355 ) ) ;
#1736 = FACE_OUTER_BOUND ( 'NONE', #1407, .T. ) ;
#1737 = CARTESIAN_POINT ( 'NONE',  ( 11.00000000000000000, 1.347111479062088405E-15, -46.41153750000005118 ) ) ;
#1738 = ORIENTED_EDGE ( 'NONE', *, *, #2198, .T. ) ;
#1739 = CARTESIAN_POINT ( 'NONE',  ( 17.36408980898242760, 118.9565708611436179, -10.00000000000000533 ) ) ;
#1740 = AXIS2_PLACEMENT_3D ( 'NONE', #64, #2176, #455 ) ;
#1741 = EDGE_CURVE ( 'NONE', #940, #1602, #1848, .T. ) ;
#1742 = VECTOR ( 'NONE', #1349, 1000.000000000000000 ) ;
#1743 = ORIENTED_EDGE ( 'NONE', *, *, #862, .F. ) ;
#1744 = VECTOR ( 'NONE', #912, 1000.000000000000000 ) ;
#1745 = DIRECTION ( 'NONE',  ( -0.000000000000000000, 0.000000000000000000, 1.000000000000000000 ) ) ;
#1746 = AXIS2_PLACEMENT_3D ( 'NONE', #1667, #2213, #1679 ) ;
#1747 = DIRECTION ( 'NONE',  ( 1.000000000000000000, 0.000000000000000000, 0.000000000000000000 ) ) ;
#1748 = AXIS2_PLACEMENT_3D ( 'NONE', #1992, #1129, #938 ) ;
#1749 = ORIENTED_EDGE ( 'NONE', *, *, #884, .T. ) ;
#1750 = CARTESIAN_POINT ( 'NONE',  ( 9.500000000000000000, 1.163414459189985485E-15, -46.41153750000005118 ) ) ;
#1751 = EDGE_CURVE ( 'NONE', #2036, #1063, #2220, .T. ) ;
#1752 = CARTESIAN_POINT ( 'NONE',  ( 0.000000000000000000, 0.000000000000000000, -10.00000000000000000 ) ) ;
#1753 = AXIS2_PLACEMENT_3D ( 'NONE', #1191, #821, #131 ) ;
#1754 = CYLINDRICAL_SURFACE ( 'NONE', #2062, 9.500000000000000000 ) ;
#1755 = ORIENTED_EDGE ( 'NONE', *, *, #470, .T. ) ;
#1756 = DIRECTION ( 'NONE',  ( 0.6234898018587320401, -0.7818314824680310249, 1.060825671983333256E-13 ) ) ;
#1757 = CARTESIAN_POINT ( 'NONE',  ( 0.000000000000000000, 0.000000000000000000, -307.0258184027516677 ) ) ;
#1758 = VERTEX_POINT ( 'NONE', #983 ) ;
#1759 = CARTESIAN_POINT ( 'NONE',  ( -21.27008277174995143, 86.89519779516678000, -46.41153750000005118 ) ) ;
#1760 = ORIENTED_EDGE ( 'NONE', *, *, #1475, .T. ) ;
#1761 = DIRECTION ( 'NONE',  ( 0.000000000000000000, 0.000000000000000000, 1.000000000000000000 ) ) ;
#1762 = DIRECTION ( 'NONE',  ( -1.061748488506162958E-13, -4.143408735633806590E-14, 1.000000000000000000 ) ) ;
#1763 = EDGE_CURVE ( 'NONE', #294, #991, #2228, .T. ) ;
#1764 = ORIENTED_EDGE ( 'NONE', *, *, #1406, .F. ) ;
#1765 = CARTESIAN_POINT ( 'NONE',  ( 72.50000000000000000, 8.878689293818309285E-15, -52.62600359406727080 ) ) ;
#1766 = DIRECTION ( 'NONE',  ( -0.000000000000000000, -0.000000000000000000, -1.000000000000000000 ) ) ;
#1767 = ORIENTED_EDGE ( 'NONE', *, *, #2092, .T. ) ;
#1768 = FACE_OUTER_BOUND ( 'NONE', #2026, .T. ) ;
#1769 = CIRCLE ( 'NONE', #517, 2.499999999999988454 ) ;
#1770 = ORIENTED_EDGE ( 'NONE', *, *, #1941, .F. ) ;
#1771 = DIRECTION ( 'NONE',  ( 1.000000000000000000, 0.000000000000000000, 0.000000000000000000 ) ) ;
#1772 = CYLINDRICAL_SURFACE ( 'NONE', #1264, 2.499999999974578113 ) ;
#1773 = ORIENTED_EDGE ( 'NONE', *, *, #758, .F. ) ;
#1774 = CARTESIAN_POINT ( 'NONE',  ( -10.27008277174995499, 86.89519779516678000, -46.41153750000005118 ) ) ;
#1775 = FACE_BOUND ( 'NONE', #151, .T. ) ;
#1776 = AXIS2_PLACEMENT_3D ( 'NONE', #1064, #337, #158 ) ;
#1777 = ORIENTED_EDGE ( 'NONE', *, *, #1196, .T. ) ;
#1778 = AXIS2_PLACEMENT_3D ( 'NONE', #1774, #1246, #197 ) ;
#1779 = EDGE_CURVE ( 'NONE', #1953, #39, #86, .T. ) ;
#1780 = CIRCLE ( 'NONE', #1625, 105.0000000000000142 ) ;
#1781 = FACE_OUTER_BOUND ( 'NONE', #1567, .T. ) ;
#1782 = AXIS2_PLACEMENT_3D ( 'NONE', #1004, #988, #2186 ) ;
#1783 = AXIS2_PLACEMENT_3D ( 'NONE', #1442, #1456, #570 ) ;
#1784 = ORIENTED_EDGE ( 'NONE', *, *, #792, .T. ) ;
#1785 = DIRECTION ( 'NONE',  ( -1.579692751415678445E-30, 3.581290393448283579E-30, 1.000000000000000000 ) ) ;
#1786 = VECTOR ( 'NONE', #1726, 1000.000000000000114 ) ;
#1787 = ORIENTED_EDGE ( 'NONE', *, *, #1507, .T. ) ;
#1788 = VECTOR ( 'NONE', #675, 1000.000000000000000 ) ;
#1789 = CARTESIAN_POINT ( 'NONE',  ( -44.54819951943220957, 111.0482540923670172, -19.00000000000000355 ) ) ;
#1790 = DIRECTION ( 'NONE',  ( 1.000000000000000000, 1.249000902703300792E-14, 0.000000000000000000 ) ) ;
#1791 = ORIENTED_EDGE ( 'NONE', *, *, #1314, .F. ) ;
#1792 = EDGE_CURVE ( 'NONE', #1173, #1304, #1937, .T. ) ;
#1793 = DIRECTION ( 'NONE',  ( 0.000000000000000000, 1.000000000000000000, 0.000000000000000000 ) ) ;
#1794 = ADVANCED_FACE ( 'NONE', ( #2245 ), #1886, .F. ) ;
#1795 = CARTESIAN_POINT ( 'NONE',  ( 0.000000000000000000, 0.000000000000000000, -10.00000000000000888 ) ) ;
#1796 = ORIENTED_EDGE ( 'NONE', *, *, #1475, .F. ) ;
#1797 = LINE ( 'NONE', #1789, #1927 ) ;
#1798 = DIRECTION ( 'NONE',  ( 0.000000000000000000, 0.000000000000000000, 1.000000000000000000 ) ) ;
#1799 = ORIENTED_EDGE ( 'NONE', *, *, #1093, .T. ) ;
#1800 = CARTESIAN_POINT ( 'NONE',  ( -3.950000000000000178, 1.333489698073052769E-32, -47.41153750000005118 ) ) ;
#1801 = DIRECTION ( 'NONE',  ( -0.2149387169983692780, -0.9417080491464441261, 0.2588190451027383987 ) ) ;
#1802 = ORIENTED_EDGE ( 'NONE', *, *, #27, .F. ) ;
#1803 = DIRECTION ( 'NONE',  ( -0.000000000000000000, -0.000000000000000000, 1.000000000000000000 ) ) ;
#1804 = DIRECTION ( 'NONE',  ( -0.2225209339563170019, -0.9749279121818229532, 1.054711873393929258E-13 ) ) ;
#1805 = AXIS2_PLACEMENT_3D ( 'NONE', #2042, #1881, #1136 ) ;
#1806 = VERTEX_POINT ( 'NONE', #974 ) ;
#1807 = CIRCLE ( 'NONE', #1476, 2.499999999974591880 ) ;
#1808 = TOROIDAL_SURFACE ( 'NONE', #922, 102.5000000000000142, 2.500000000000000000 ) ;
#1809 = FACE_OUTER_BOUND ( 'NONE', #52, .T. ) ;
#1810 = CIRCLE ( 'NONE', #1217, 3.949999999999997957 ) ;
#1811 = EDGE_CURVE ( 'NONE', #2195, #1493, #478, .T. ) ;
#1812 = TOROIDAL_SURFACE ( 'NONE', #1073, 102.5000000000000284, 2.500000000000000000 ) ;
#1813 = CARTESIAN_POINT ( 'NONE',  ( -10.27008277174995499, 86.89519779516678000, -10.00000000000000888 ) ) ;
#1814 = CIRCLE ( 'NONE', #2221, 10.99999999999999822 ) ;
#1815 = EDGE_LOOP ( 'NONE', ( #2207, #1784, #885, #1791 ) ) ;
#1816 = DIRECTION ( 'NONE',  ( -1.000000000000000000, 0.000000000000000000, 0.000000000000000000 ) ) ;
#1817 = DIRECTION ( 'NONE',  ( 6.391365718258973906E-14, -9.446639328581599346E-14, 1.000000000000000000 ) ) ;
#1818 = STYLED_ITEM ( 'NONE', ( #607 ), #1364 ) ;
#1819 = EDGE_LOOP ( 'NONE', ( #1866, #1013 ) ) ;
#1820 = AXIS2_PLACEMENT_3D ( 'NONE', #334, #694, #550 ) ;
#1821 = VERTEX_POINT ( 'NONE', #2201 ) ;
#1822 = DIRECTION ( 'NONE',  ( -0.000000000000000000, -0.000000000000000000, -1.000000000000000000 ) ) ;
#1823 = ORIENTED_EDGE ( 'NONE', *, *, #758, .T. ) ;
#1824 = CARTESIAN_POINT ( 'NONE',  ( -60.02136080706334553, 81.91420052022823484, -53.66153750000007960 ) ) ;
#1825 = CARTESIAN_POINT ( 'NONE',  ( 19.78175028424350401, 119.0332853201422694, -19.00000000000000355 ) ) ;
#1826 = EDGE_CURVE ( 'NONE', #1908, #824, #1541, .T. ) ;
#1827 = FACE_BOUND ( 'NONE', #1034, .T. ) ;
#1828 = EDGE_CURVE ( 'NONE', #1581, #767, #661, .T. ) ;
#1829 = VERTEX_POINT ( 'NONE', #2208 ) ;
#1830 = CARTESIAN_POINT ( 'NONE',  ( 0.000000000000000000, 0.000000000000000000, -307.0258184027516677 ) ) ;
#1831 = DIRECTION ( 'NONE',  ( 6.391365718258973906E-14, -9.446639328581599346E-14, 1.000000000000000000 ) ) ;
#1832 = DIRECTION ( 'NONE',  ( -0.000000000000000000, -0.000000000000000000, -1.000000000000000000 ) ) ;
#1833 = ORIENTED_EDGE ( 'NONE', *, *, #2179, .F. ) ;
#1834 = CARTESIAN_POINT ( 'NONE',  ( -19.77008277174995143, 86.89519779516678000, -47.41153750000005118 ) ) ;
#1835 = DIRECTION ( 'NONE',  ( -0.000000000000000000, 0.000000000000000000, 1.000000000000000000 ) ) ;
#1836 = ORIENTED_EDGE ( 'NONE', *, *, #610, .F. ) ;
#1837 = ORIENTED_EDGE ( 'NONE', *, *, #1988, .T. ) ;
#1838 = AXIS2_PLACEMENT_3D ( 'NONE', #1202, #1333, #100 ) ;
#1839 = ORIENTED_EDGE ( 'NONE', *, *, #475, .T. ) ;
#1840 = ADVANCED_FACE ( 'NONE', ( #1674 ), #1083, .F. ) ;
#1841 =( NAMED_UNIT ( * ) PLANE_ANGLE_UNIT ( ) SI_UNIT ( $, .RADIAN. ) );
#1842 = LINE ( 'NONE', #1512, #1282 ) ;
#1843 = DIRECTION ( 'NONE',  ( 5.473438864662848919E-17, 6.167828616952755833E-17, 1.000000000000000000 ) ) ;
#1844 = CIRCLE ( 'NONE', #590, 2.499999999999926725 ) ;
#1845 = CIRCLE ( 'NONE', #892, 2.499999999999931166 ) ;
#1846 = VERTEX_POINT ( 'NONE', #1019 ) ;
#1847 = CARTESIAN_POINT ( 'NONE',  ( 138.3549707563275888, 107.1583037707098640, -307.0258184027516677 ) ) ;
#1848 = LINE ( 'NONE', #1530, #1786 ) ;
#1849 = AXIS2_PLACEMENT_3D ( 'NONE', #1026, #1230, #866 ) ;
#1850 = EDGE_LOOP ( 'NONE', ( #1203, #1375, #201, #2261 ) ) ;
#1851 = TOROIDAL_SURFACE ( 'NONE', #2003, 47.50000000000002132, 2.500000000000000000 ) ;
#1852 = DIRECTION ( 'NONE',  ( -3.390010209025030713E-14, -1.089053940493181411E-13, 1.000000000000000000 ) ) ;
#1853 = CIRCLE ( 'NONE', #2004, 65.00000000000000000 ) ;
#1854 = ORIENTED_EDGE ( 'NONE', *, *, #1185, .T. ) ;
#1855 = CIRCLE ( 'NONE', #164, 100.0000000000000284 ) ;
#1856 = EDGE_CURVE ( 'NONE', #878, #576, #2083, .T. ) ;
#1857 = CARTESIAN_POINT ( 'NONE',  ( -48.52404058637391415, -49.05524931315590464, 980.3301270189222123 ) ) ;
#1858 = CARTESIAN_POINT ( 'NONE',  ( -10.27008277174995499, 86.89519779516678000, -46.41153750000005118 ) ) ;
#1859 = EDGE_CURVE ( 'NONE', #271, #1806, #1488, .T. ) ;
#1860 = VERTEX_POINT ( 'NONE', #1600 ) ;
#1861 = DIRECTION ( 'NONE',  ( -0.2225209339563050392, 0.9749279121818257288, 1.063205538886268469E-13 ) ) ;
#1862 = FACE_OUTER_BOUND ( 'NONE', #301, .T. ) ;
#1863 = VERTEX_POINT ( 'NONE', #726 ) ;
#1864 = DIRECTION ( 'NONE',  ( -0.000000000000000000, -0.000000000000000000, -1.000000000000000000 ) ) ;
#1865 = ADVANCED_FACE ( 'NONE', ( #502 ), #2135, .F. ) ;
#1866 = ORIENTED_EDGE ( 'NONE', *, *, #686, .T. ) ;
#1867 = CARTESIAN_POINT ( 'NONE',  ( 0.000000000000000000, 0.000000000000000000, -52.62600359406727080 ) ) ;
#1868 = LINE ( 'NONE', #1318, #1031 ) ;
#1869 = FACE_OUTER_BOUND ( 'NONE', #1815, .T. ) ;
#1870 = EDGE_CURVE ( 'NONE', #1059, #1223, #1052, .T. ) ;
#1871 = EDGE_LOOP ( 'NONE', ( #1416, #692, #1972, #875, #174 ) ) ;
#1872 = DIRECTION ( 'NONE',  ( 0.2149387169983687507, -0.9417080491465006364, 0.2588190451025332295 ) ) ;
#1873 = EDGE_CURVE ( 'NONE', #1493, #1985, #389, .T. ) ;
#1874 = CARTESIAN_POINT ( 'NONE',  ( -49.54819951938136313, 111.0482540923670172, -19.00000000000000355 ) ) ;
#1875 = ORIENTED_EDGE ( 'NONE', *, *, #1234, .F. ) ;
#1876 = DIRECTION ( 'NONE',  ( -0.000000000000000000, -0.000000000000000000, -1.000000000000000000 ) ) ;
#1877 = ORIENTED_EDGE ( 'NONE', *, *, #1792, .F. ) ;
#1878 = CARTESIAN_POINT ( 'NONE',  ( -49.98758106373941956, 82.14963887910488438, -307.0258184027516677 ) ) ;
#1879 = CONICAL_SURFACE ( 'NONE', #227, 3732.050807567097763, 1.308996938995627968 ) ;
#1880 = CIRCLE ( 'NONE', #699, 2.499999999974593656 ) ;
#1881 = DIRECTION ( 'NONE',  ( 0.000000000000000000, 0.000000000000000000, 1.000000000000000000 ) ) ;
#1882 = CARTESIAN_POINT ( 'NONE',  ( 0.000000000000000000, 0.000000000000000000, -307.0258184027516677 ) ) ;
#1883 = ORIENTED_EDGE ( 'NONE', *, *, #498, .T. ) ;
#1884 = AXIS2_PLACEMENT_3D ( 'NONE', #736, #1467, #1120 ) ;
#1885 = DIRECTION ( 'NONE',  ( 1.000000000000000000, 0.000000000000000000, 0.000000000000000000 ) ) ;
#1886 = CYLINDRICAL_SURFACE ( 'NONE', #721, 2.500000000000000444 ) ;
#1887 = CARTESIAN_POINT ( 'NONE',  ( -10.27008277174995499, 86.89519779516678000, -46.41153750000005118 ) ) ;
#1888 = VECTOR ( 'NONE', #94, 1000.000000000000000 ) ;
#1889 = ADVANCED_FACE ( 'NONE', ( #1736 ), #2126, .F. ) ;
#1890 = EDGE_LOOP ( 'NONE', ( #730, #435, #2199, #643 ) ) ;
#1891 = DIRECTION ( 'NONE',  ( 0.7905998328932992703, 0.6123331644040582722, 0.000000000000000000 ) ) ;
#1892 = AXIS2_PLACEMENT_3D ( 'NONE', #2120, #1386, #1049 ) ;
#1893 = EDGE_CURVE ( 'NONE', #89, #1295, #1212, .T. ) ;
#1894 = AXIS2_PLACEMENT_3D ( 'NONE', #1395, #128, #2105 ) ;
#1895 = VERTEX_POINT ( 'NONE', #142 ) ;
#1896 = LINE ( 'NONE', #173, #822 ) ;
#1897 = AXIS2_PLACEMENT_3D ( 'NONE', #388, #234, #2141 ) ;
#1898 = CARTESIAN_POINT ( 'NONE',  ( 50.73272846728023922, 40.63484049759777861, -47.41153750000000144 ) ) ;
#1899 = AXIS2_PLACEMENT_3D ( 'NONE', #2160, #1270, #423 ) ;
#1900 = DIRECTION ( 'NONE',  ( -0.000000000000000000, -0.000000000000000000, 1.000000000000000000 ) ) ;
#1901 = ORIENTED_EDGE ( 'NONE', *, *, #186, .T. ) ;
#1902 = LINE ( 'NONE', #1388, #1444 ) ;
#1903 = DIRECTION ( 'NONE',  ( 1.000000000000000000, 0.000000000000000000, 0.000000000000000000 ) ) ;
#1904 = DIRECTION ( 'NONE',  ( 0.000000000000000000, 0.000000000000000000, 1.000000000000000000 ) ) ;
#1905 = ORIENTED_EDGE ( 'NONE', *, *, #340, .T. ) ;
#1906 = DIRECTION ( 'NONE',  ( 0.000000000000000000, -1.000000000000000000, -1.387778780781445922E-16 ) ) ;
#1907 = EDGE_CURVE ( 'NONE', #700, #824, #1973, .T. ) ;
#1908 = VERTEX_POINT ( 'NONE', #154 ) ;
#1909 = EDGE_CURVE ( 'NONE', #2136, #700, #2087, .T. ) ;
#1910 = DIRECTION ( 'NONE',  ( 1.000000000000000000, 0.000000000000000000, 0.000000000000000000 ) ) ;
#1911 = ORIENTED_EDGE ( 'NONE', *, *, #1132, .F. ) ;
#1912 = DIRECTION ( 'NONE',  ( -0.000000000000000000, 0.000000000000000000, 1.000000000000000000 ) ) ;
#1913 = CARTESIAN_POINT ( 'NONE',  ( 58.62294662504747578, -36.39162168687707322, 980.3301270189222123 ) ) ;
#1914 = FACE_OUTER_BOUND ( 'NONE', #26, .T. ) ;
#1915 = ORIENTED_EDGE ( 'NONE', *, *, #966, .T. ) ;
#1916 = CARTESIAN_POINT ( 'NONE',  ( -57.77008277174997630, 86.89519779516678000, -52.62600359406732764 ) ) ;
#1917 = ORIENTED_EDGE ( 'NONE', *, *, #723, .F. ) ;
#1918 = EDGE_CURVE ( 'NONE', #1189, #767, #2267, .T. ) ;
#1919 = CARTESIAN_POINT ( 'NONE',  ( 5.598693842866280690, -68.52307026133257750, -18.99999999999998579 ) ) ;
#1920 = CIRCLE ( 'NONE', #191, 2.500000000000002220 ) ;
#1921 = ORIENTED_EDGE ( 'NONE', *, *, #216, .F. ) ;
#1922 = DIRECTION ( 'NONE',  ( 5.473438864662848919E-17, 6.167828616952755833E-17, 1.000000000000000000 ) ) ;
#1923 = DIRECTION ( 'NONE',  ( 1.000000000000000000, 0.000000000000000000, 0.000000000000000000 ) ) ;
#1924 = CARTESIAN_POINT ( 'NONE',  ( 29.45939229315107255, 91.53942120359667456, -307.0258184027516677 ) ) ;
#1925 = ORIENTED_EDGE ( 'NONE', *, *, #1260, .F. ) ;
#1926 = CARTESIAN_POINT ( 'NONE',  ( 0.000000000000000000, 0.000000000000000000, -52.62600359406727080 ) ) ;
#1927 = VECTOR ( 'NONE', #41, 1000.000000000000000 ) ;
#1928 = CIRCLE ( 'NONE', #489, 9.500000000000000000 ) ;
#1929 = VERTEX_POINT ( 'NONE', #169 ) ;
#1930 = CIRCLE ( 'NONE', #930, 2.499999999999926725 ) ;
#1931 = DIRECTION ( 'NONE',  ( 0.000000000000000000, 0.000000000000000000, 1.000000000000000000 ) ) ;
#1932 = ADVANCED_FACE ( 'NONE', ( #1551 ), #1201, .F. ) ;
#1933 = CIRCLE ( 'NONE', #1046, 74.26776695296636888 ) ;
#1934 = ORIENTED_EDGE ( 'NONE', *, *, #1609, .T. ) ;
#1935 = CARTESIAN_POINT ( 'NONE',  ( 65.00292490842842597, 23.14346027173155562, -19.00000000000000355 ) ) ;
#1936 = CARTESIAN_POINT ( 'NONE',  ( -47.04819951940678635, 111.0482540923670172, -19.00000000000000355 ) ) ;
#1937 = CIRCLE ( 'NONE', #275, 2.500000000000002220 ) ;
#1938 = ORIENTED_EDGE ( 'NONE', *, *, #1161, .F. ) ;
#1939 = DIRECTION ( 'NONE',  ( -0.000000000000000000, -0.000000000000000000, 1.000000000000000000 ) ) ;
#1940 = CARTESIAN_POINT ( 'NONE',  ( 0.7299172282500422382, 86.89519779516678000, -46.41153750000005118 ) ) ;
#1941 = EDGE_CURVE ( 'NONE', #2140, #539, #1711, .T. ) ;
#1942 = ORIENTED_EDGE ( 'NONE', *, *, #56, .F. ) ;
#1943 = ADVANCED_FACE ( 'NONE', ( #843 ), #1772, .F. ) ;
#1944 = DIRECTION ( 'NONE',  ( 0.6022449020431585032, -0.7551912207217011952, 0.2588190451027384542 ) ) ;
#1945 = EDGE_CURVE ( 'NONE', #645, #1063, #642, .T. ) ;
#1946 = VERTEX_POINT ( 'NONE', #347 ) ;
#1947 = CARTESIAN_POINT ( 'NONE',  ( 19.78175028424350401, 119.0332853201422694, -19.00000000000000355 ) ) ;
#1948 = DIRECTION ( 'NONE',  ( -0.000000000000000000, 0.000000000000000000, 1.000000000000000000 ) ) ;
#1949 = ORIENTED_EDGE ( 'NONE', *, *, #635, .F. ) ;
#1950 = EDGE_CURVE ( 'NONE', #977, #999, #1117, .T. ) ;
#1951 = CARTESIAN_POINT ( 'NONE',  ( -47.04819951940463341, 111.0482540923663066, -19.66987298107100912 ) ) ;
#1952 = DIRECTION ( 'NONE',  ( 0.000000000000000000, 0.000000000000000000, 1.000000000000000000 ) ) ;
#1953 = VERTEX_POINT ( 'NONE', #1398 ) ;
#1954 = LINE ( 'NONE', #911, #965 ) ;
#1955 = ORIENTED_EDGE ( 'NONE', *, *, #1595, .T. ) ;
#1956 = CARTESIAN_POINT ( 'NONE',  ( -51.02404058627475791, -49.05524931321377835, -10.00000000000000533 ) ) ;
#1957 = CARTESIAN_POINT ( 'NONE',  ( 8.098693842866207859, -68.52307026133256329, -18.99999999999971934 ) ) ;
#1958 = ORIENTED_EDGE ( 'NONE', *, *, #811, .F. ) ;
#1959 = CARTESIAN_POINT ( 'NONE',  ( 5.598693842866290460, -68.52307026133257750, -10.00000000000000533 ) ) ;
#1960 = DIRECTION ( 'NONE',  ( 0.000000000000000000, 0.000000000000000000, 1.000000000000000000 ) ) ;
#1961 = EDGE_CURVE ( 'NONE', #864, #977, #571, .T. ) ;
#1962 = CIRCLE ( 'NONE', #484, 9.499999999999996447 ) ;
#1963 = ORIENTED_EDGE ( 'NONE', *, *, #106, .T. ) ;
#1964 = CIRCLE ( 'NONE', #998, 3.950000000000000178 ) ;
#1965 = AXIS2_PLACEMENT_3D ( 'NONE', #1847, #130, #2010 ) ;
#1966 = DIRECTION ( 'NONE',  ( -0.000000000000000000, -0.000000000000000000, -1.000000000000000000 ) ) ;
#1967 = AXIS2_PLACEMENT_3D ( 'NONE', #537, #1036, #1198 ) ;
#1968 = AXIS2_PLACEMENT_3D ( 'NONE', #472, #1056, #2139 ) ;
#1969 = ORIENTED_EDGE ( 'NONE', *, *, #542, .T. ) ;
#1970 = CARTESIAN_POINT ( 'NONE',  ( 58.62294662508138288, -36.39162168676815412, -19.66987298107781612 ) ) ;
#1971 = CIRCLE ( 'NONE', #1192, 100.0000000000000568 ) ;
#1972 = ORIENTED_EDGE ( 'NONE', *, *, #886, .F. ) ;
#1973 = CIRCLE ( 'NONE', #1820, 2.500000000000002220 ) ;
#1974 = CYLINDRICAL_SURFACE ( 'NONE', #152, 11.00000000000000000 ) ;
#1975 = CARTESIAN_POINT ( 'NONE',  ( 50.73272846728023922, 40.63484049759777861, -307.0258184027516677 ) ) ;
#1976 = ORIENTED_EDGE ( 'NONE', *, *, #1873, .T. ) ;
#1977 = EDGE_LOOP ( 'NONE', ( #759, #1163, #1142, #2189, #617, #2085, #391 ) ) ;
#1978 = EDGE_CURVE ( 'NONE', #2195, #39, #1855, .T. ) ;
#1979 = DIRECTION ( 'NONE',  ( 0.000000000000000000, 0.000000000000000000, 1.000000000000000000 ) ) ;
#1980 = DIRECTION ( 'NONE',  ( -9.848622465179970876E-14, 5.714025668947779886E-14, 1.000000000000000000 ) ) ;
#1981 = VERTEX_POINT ( 'NONE', #541 ) ;
#1982 = CARTESIAN_POINT ( 'NONE',  ( -49.28132679371302771, 70.28574158894994639, -10.00000000000000000 ) ) ;
#1983 = EDGE_CURVE ( 'NONE', #1072, #1860, #125, .T. ) ;
#1984 = CARTESIAN_POINT ( 'NONE',  ( -68.60718274391017246, 7.352174912480802682, -18.99999999999970868 ) ) ;
#1985 = VERTEX_POINT ( 'NONE', #22 ) ;
#1986 = ADVANCED_FACE ( 'NONE', ( #513 ), #2074, .F. ) ;
#1987 = CARTESIAN_POINT ( 'NONE',  ( -66.10718274391024352, 7.352174912479794600, -18.99999999999966604 ) ) ;
#1988 = EDGE_CURVE ( 'NONE', #1821, #991, #1575, .T. ) ;
#1989 = CARTESIAN_POINT ( 'NONE',  ( 11.00000000000000000, 1.347111479062088405E-15, -46.41153750000005118 ) ) ;
#1990 = ORIENTED_EDGE ( 'NONE', *, *, #774, .F. ) ;
#1991 = CARTESIAN_POINT ( 'NONE',  ( 138.3549707563275888, 107.1583037707098640, -54.39377054703364678 ) ) ;
#1992 = CARTESIAN_POINT ( 'NONE',  ( 58.62294662508134735, -36.39162168676823939, -18.99999999999971578 ) ) ;
#1993 = ORIENTED_EDGE ( 'NONE', *, *, #797, .F. ) ;
#1994 = AXIS2_PLACEMENT_3D ( 'NONE', #2237, #1179, #2061 ) ;
#1995 = DIRECTION ( 'NONE',  ( -0.000000000000000000, -0.000000000000000000, -1.000000000000000000 ) ) ;
#1996 = AXIS2_PLACEMENT_3D ( 'NONE', #623, #1761, #324 ) ;
#1997 = CARTESIAN_POINT ( 'NONE',  ( -10.27008277174995499, 86.89519779516678000, -9.999999999999989342 ) ) ;
#1998 = AXIS2_PLACEMENT_3D ( 'NONE', #149, #2268, #1209 ) ;
#1999 = ORIENTED_EDGE ( 'NONE', *, *, #567, .T. ) ;
#2000 = DIRECTION ( 'NONE',  ( -0.000000000000000000, -0.000000000000000000, -1.000000000000000000 ) ) ;
#2001 = ADVANCED_FACE ( 'NONE', ( #870 ), #2246, .F. ) ;
#2002 = DIRECTION ( 'NONE',  ( -0.000000000000000000, -0.000000000000000000, 1.000000000000000000 ) ) ;
#2003 = AXIS2_PLACEMENT_3D ( 'NONE', #2027, #1134, #246 ) ;
#2004 = AXIS2_PLACEMENT_3D ( 'NONE', #1169, #485, #554 ) ;
#2005 = ORIENTED_EDGE ( 'NONE', *, *, #1347, .F. ) ;
#2006 = ORIENTED_EDGE ( 'NONE', *, *, #2276, .T. ) ;
#2007 = DIRECTION ( 'NONE',  ( 1.000000000000000000, 0.000000000000000000, 0.000000000000000000 ) ) ;
#2008 = DIRECTION ( 'NONE',  ( 6.725459331457292879E-16, 1.278280387119141471E-16, -1.000000000000000000 ) ) ;
#2009 = VERTEX_POINT ( 'NONE', #2099 ) ;
#2010 = DIRECTION ( 'NONE',  ( 1.000000000000000000, 0.000000000000000000, 0.000000000000000000 ) ) ;
#2011 = CARTESIAN_POINT ( 'NONE',  ( 74.99999999999998579, 0.000000000000000000, -307.0258184027516677 ) ) ;
#2012 = ADVANCED_FACE ( 'NONE', ( #1914 ), #1042, .T. ) ;
#2013 = ORIENTED_EDGE ( 'NONE', *, *, #2257, .F. ) ;
#2014 = ORIENTED_EDGE ( 'NONE', *, *, #186, .F. ) ;
#2015 = ORIENTED_EDGE ( 'NONE', *, *, #507, .F. ) ;
#2016 = CARTESIAN_POINT ( 'NONE',  ( 0.7299172282500422382, 86.89519779516678000, -47.41153750000005118 ) ) ;
#2017 = CARTESIAN_POINT ( 'NONE',  ( -46.96531608162871407, -51.00982801938302913, -18.99999999999945288 ) ) ;
#2018 = CARTESIAN_POINT ( 'NONE',  ( 0.000000000000000000, 0.000000000000000000, -47.41153750000004408 ) ) ;
#2019 = VERTEX_POINT ( 'NONE', #335 ) ;
#2020 = DIRECTION ( 'NONE',  ( 1.000000000000000000, 0.000000000000000000, 0.000000000000000000 ) ) ;
#2021 = DIRECTION ( 'NONE',  ( -1.000000000000000000, 0.000000000000000000, 0.000000000000000000 ) ) ;
#2022 = VERTEX_POINT ( 'NONE', #527 ) ;
#2023 = DIRECTION ( 'NONE',  ( 5.473438864662848919E-17, 6.167828616952755833E-17, 1.000000000000000000 ) ) ;
#2024 = CONICAL_SURFACE ( 'NONE', #1317, 3732.050807567097763, 1.308996938995627968 ) ;
#2025 = ADVANCED_FACE ( 'NONE', ( #1030 ), #1754, .F. ) ;
#2026 = EDGE_LOOP ( 'NONE', ( #1833, #689, #1637, #2049, #2032 ) ) ;
#2027 = CARTESIAN_POINT ( 'NONE',  ( -10.27008277174995499, 86.89519779516678000, -52.62600359406732764 ) ) ;
#2028 = EDGE_CURVE ( 'NONE', #1189, #271, #1009, .T. ) ;
#2029 = DIRECTION ( 'NONE',  ( -0.2225209339563059552, 0.9749279121818256177, 1.068589661201744346E-13 ) ) ;
#2030 = CARTESIAN_POINT ( 'NONE',  ( 64.04244399228880980, 97.02675078293832200, -47.41153750000005829 ) ) ;
#2031 = VECTOR ( 'NONE', #638, 1000.000000000000227 ) ;
#2032 = ORIENTED_EDGE ( 'NONE', *, *, #2225, .F. ) ;
#2033 = CARTESIAN_POINT ( 'NONE',  ( -11.00000000000000000, 0.000000000000000000, -46.41153750000005118 ) ) ;
#2034 = DIRECTION ( 'NONE',  ( -0.000000000000000000, 0.000000000000000000, 1.000000000000000000 ) ) ;
#2035 = CIRCLE ( 'NONE', #48, 2.499999999999927169 ) ;
#2036 = VERTEX_POINT ( 'NONE', #2088 ) ;
#2037 = VECTOR ( 'NONE', #942, 1000.000000000000000 ) ;
#2038 = DIRECTION ( 'NONE',  ( -0.000000000000000000, 0.000000000000000000, 1.000000000000000000 ) ) ;
#2039 = EDGE_LOOP ( 'NONE', ( #1646, #1764 ) ) ;
#2040 = VECTOR ( 'NONE', #1426, 1000.000000000000000 ) ;
#2041 = CARTESIAN_POINT ( 'NONE',  ( -48.52404058627475791, -49.05524931321377835, -10.00000000000000533 ) ) ;
#2042 = CARTESIAN_POINT ( 'NONE',  ( -159.5239168776901408, 71.95220597035097398, -307.0258184027516677 ) ) ;
#2043 = DIRECTION ( 'NONE',  ( 1.000000000000000000, 0.000000000000000000, 0.000000000000000000 ) ) ;
#2044 = EDGE_LOOP ( 'NONE', ( #1384, #986, #1528, #1883, #558 ) ) ;
#2045 = CARTESIAN_POINT ( 'NONE',  ( 18.11916865389643405, 117.1662496155277609, -19.00000000000000355 ) ) ;
#2046 = CARTESIAN_POINT ( 'NONE',  ( 17.35212631372386838, 118.4442799197006764, -19.00000000000000355 ) ) ;
#2047 = EDGE_LOOP ( 'NONE', ( #534, #622, #860, #652 ) ) ;
#2048 = DIRECTION ( 'NONE',  ( -0.000000000000000000, -0.000000000000000000, 1.000000000000000000 ) ) ;
#2049 = ORIENTED_EDGE ( 'NONE', *, *, #34, .F. ) ;
#2050 = DIRECTION ( 'NONE',  ( 0.000000000000000000, 0.000000000000000000, 1.000000000000000000 ) ) ;
#2051 = EDGE_CURVE ( 'NONE', #819, #1829, #1727, .T. ) ;
#2052 = DIRECTION ( 'NONE',  ( -0.000000000000000000, -0.000000000000000000, -1.000000000000000000 ) ) ;
#2053 = DIRECTION ( 'NONE',  ( 1.054711873393898398E-14, -1.000000000000000000, -1.214306433183764720E-16 ) ) ;
#2054 = EDGE_CURVE ( 'NONE', #881, #1554, #685, .T. ) ;
#2055 = ORIENTED_EDGE ( 'NONE', *, *, #1206, .F. ) ;
#2056 = LINE ( 'NONE', #2033, #1888 ) ;
#2057 = DIRECTION ( 'NONE',  ( 1.000000000000000000, 0.000000000000000000, 0.000000000000000000 ) ) ;
#2058 = CARTESIAN_POINT ( 'NONE',  ( -10.27008277174995499, 86.89519779516678000, -40.51153750000004550 ) ) ;
#2059 = ADVANCED_FACE ( 'NONE', ( #155 ), #348, .T. ) ;
#2060 = ORIENTED_EDGE ( 'NONE', *, *, #1607, .T. ) ;
#2061 = DIRECTION ( 'NONE',  ( 0.000000000000000000, 1.000000000000000000, -9.912705577010328015E-17 ) ) ;
#2062 = AXIS2_PLACEMENT_3D ( 'NONE', #1176, #494, #170 ) ;
#2063 = ORIENTED_EDGE ( 'NONE', *, *, #886, .T. ) ;
#2064 = DIRECTION ( 'NONE',  ( -1.000000000000000000, 0.000000000000000000, 0.000000000000000000 ) ) ;
#2065 = FACE_OUTER_BOUND ( 'NONE', #948, .T. ) ;
#2066 = VECTOR ( 'NONE', #775, 1000.000000000000000 ) ;
#2067 = FACE_OUTER_BOUND ( 'NONE', #279, .T. ) ;
#2068 = AXIS2_PLACEMENT_3D ( 'NONE', #1633, #1641, #58 ) ;
#2069 = ADVANCED_FACE ( 'NONE', ( #143 ), #844, .T. ) ;
#2070 = ORIENTED_EDGE ( 'NONE', *, *, #1344, .T. ) ;
#2071 = VECTOR ( 'NONE', #2168, 1000.000000000000000 ) ;
#2072 = DIRECTION ( 'NONE',  ( -0.000000000000000000, 0.000000000000000000, 1.000000000000000000 ) ) ;
#2073 = CARTESIAN_POINT ( 'NONE',  ( -59.52391687769009820, 71.95220597035097398, -307.0258184027516677 ) ) ;
#2074 = CYLINDRICAL_SURFACE ( 'NONE', #300, 40.00000000000001421 ) ;
#2075 = CIRCLE ( 'NONE', #1110, 2.499999999980240251 ) ;
#2076 = VERTEX_POINT ( 'NONE', #2110 ) ;
#2077 = CARTESIAN_POINT ( 'NONE',  ( 17.35212631372386838, 118.4442799197006764, -19.00000000000000355 ) ) ;
#2078 = AXIS2_PLACEMENT_3D ( 'NONE', #953, #1832, #1171 ) ;
#2079 = CIRCLE ( 'NONE', #1079, 99.99999999999997158 ) ;
#2080 = EDGE_LOOP ( 'NONE', ( #339, #1402, #1151, #1976, #1958, #1610, #804 ) ) ;
#2081 = VECTOR ( 'NONE', #1280, 1000.000000000000000 ) ;
#2082 = DIRECTION ( 'NONE',  ( -1.000000000000000000, 0.000000000000000000, 0.000000000000000000 ) ) ;
#2083 = CIRCLE ( 'NONE', #1527, 2.499999999980240251 ) ;
#2084 = FACE_OUTER_BOUND ( 'NONE', #1850, .T. ) ;
#2085 = ORIENTED_EDGE ( 'NONE', *, *, #1961, .T. ) ;
#2086 = PLANE ( 'NONE',  #349 ) ;
#2087 = LINE ( 'NONE', #710, #970 ) ;
#2088 = CARTESIAN_POINT ( 'NONE',  ( -49.54819951937923861, 111.0482540923670172, -19.00000000000000355 ) ) ;
#2089 = EDGE_CURVE ( 'NONE', #543, #429, #257, .T. ) ;
#2090 = ORIENTED_EDGE ( 'NONE', *, *, #122, .T. ) ;
#2091 = CARTESIAN_POINT ( 'NONE',  ( -9.500000000000000000, 0.000000000000000000, -46.41153750000005118 ) ) ;
#2092 = EDGE_CURVE ( 'NONE', #2076, #576, #1880, .T. ) ;
#2093 = ORIENTED_EDGE ( 'NONE', *, *, #1411, .T. ) ;
#2094 = EDGE_CURVE ( 'NONE', #539, #629, #2106, .T. ) ;
#2095 = CARTESIAN_POINT ( 'NONE',  ( -48.52404058627543293, -49.05524931321303228, -19.66987298107781612 ) ) ;
#2096 = EDGE_LOOP ( 'NONE', ( #2102, #846, #2170, #319 ) ) ;
#2097 = CARTESIAN_POINT ( 'NONE',  ( 10.59869384286613503, -68.52307026133256329, -18.99999999999945288 ) ) ;
#2098 = DIRECTION ( 'NONE',  ( -2.775557561562890562E-15, -1.000000000000000000, -1.214306433183764720E-16 ) ) ;
#2099 = CARTESIAN_POINT ( 'NONE',  ( 56.12294662508142551, -36.39162168676735121, -18.99999999999979750 ) ) ;
#2100 = ORIENTED_EDGE ( 'NONE', *, *, #1675, .T. ) ;
#2101 = DIRECTION ( 'NONE',  ( 1.000000000000000000, 0.000000000000000000, 0.000000000000000000 ) ) ;
#2102 = ORIENTED_EDGE ( 'NONE', *, *, #1751, .F. ) ;
#2103 = ADVANCED_FACE ( 'NONE', ( #255 ), #2230, .F. ) ;
#2104 = DIRECTION ( 'NONE',  ( -1.061748488506162958E-13, -4.143408735633806590E-14, 1.000000000000000000 ) ) ;
#2105 = DIRECTION ( 'NONE',  ( 1.000000000000000000, 2.636779683484746784E-15, 0.000000000000000000 ) ) ;
#2106 = CIRCLE ( 'NONE', #1838, 105.0000000000000568 ) ;
#2107 = ORIENTED_EDGE ( 'NONE', *, *, #1741, .T. ) ;
#2108 = CARTESIAN_POINT ( 'NONE',  ( 138.3549707563275888, 107.1583037707098640, -58.66153750000006539 ) ) ;
#2109 = CARTESIAN_POINT ( 'NONE',  ( 0.000000000000000000, 0.000000000000000000, -10.00000000000000000 ) ) ;
#2110 = CARTESIAN_POINT ( 'NONE',  ( 22.21137425476313965, 119.6222907205838766, -19.00000000000000355 ) ) ;
#2111 = CIRCLE ( 'NONE', #1102, 11.00000000000000000 ) ;
#2112 = VERTEX_POINT ( 'NONE', #2017 ) ;
#2113 = DIRECTION ( 'NONE',  ( -0.000000000000000000, -0.000000000000000000, -1.000000000000000000 ) ) ;
#2114 = CYLINDRICAL_SURFACE ( 'NONE', #1080, 50.00000000000001421 ) ;
#2115 = VECTOR ( 'NONE', #1872, 1000.000000000000227 ) ;
#2116 = EDGE_LOOP ( 'NONE', ( #1949, #336, #1518, #1032 ) ) ;
#2117 = CIRCLE ( 'NONE', #1998, 74.26776695296636888 ) ;
#2118 = EDGE_CURVE ( 'NONE', #20, #222, #801, .T. ) ;
#2119 = CARTESIAN_POINT ( 'NONE',  ( -10.27008277174995499, 86.89519779516678000, -54.39377054703370362 ) ) ;
#2120 = CARTESIAN_POINT ( 'NONE',  ( 0.000000000000000000, 0.000000000000000000, -307.0258184027516677 ) ) ;
#2121 = ADVANCED_FACE ( 'NONE', ( #1306 ), #462, .F. ) ;
#2122 = CIRCLE ( 'NONE', #1748, 2.499999999999926725 ) ;
#2123 = ORIENTED_EDGE ( 'NONE', *, *, #949, .T. ) ;
#2124 = CARTESIAN_POINT ( 'NONE',  ( 0.000000000000000000, 0.000000000000000000, -46.41153750000005118 ) ) ;
#2125 = DIRECTION ( 'NONE',  ( 1.000000000000000000, 0.000000000000000000, 0.000000000000000000 ) ) ;
#2126 = CONICAL_SURFACE ( 'NONE', #536, 3732.050807567097763, 1.308996938995627968 ) ;
#2127 = EDGE_LOOP ( 'NONE', ( #1480, #439, #1342, #1458 ) ) ;
#2128 = CARTESIAN_POINT ( 'NONE',  ( 0.000000000000000000, 0.000000000000000000, -40.51153750000004550 ) ) ;
#2129 = DIRECTION ( 'NONE',  ( -1.000000000000000000, 0.000000000000000000, 0.000000000000000000 ) ) ;
#2130 = VERTEX_POINT ( 'NONE', #1170 ) ;
#2131 = CARTESIAN_POINT ( 'NONE',  ( 128.7830799554036219, 103.1499797246714252, -10.00000000000000000 ) ) ;
#2132 = EDGE_CURVE ( 'NONE', #855, #523, #224, .T. ) ;
#2133 = ORIENTED_EDGE ( 'NONE', *, *, #1234, .T. ) ;
#2134 = CARTESIAN_POINT ( 'NONE',  ( 0.000000000000000000, 0.000000000000000000, -40.51153750000004550 ) ) ;
#2135 = CYLINDRICAL_SURFACE ( 'NONE', #1420, 2.500000000000002220 ) ;
#2136 = VERTEX_POINT ( 'NONE', #2205 ) ;
#2137 = DIRECTION ( 'NONE',  ( 0.000000000000000000, 0.000000000000000000, -1.000000000000000000 ) ) ;
#2138 = EDGE_CURVE ( 'NONE', #1686, #454, #1842, .T. ) ;
#2139 = DIRECTION ( 'NONE',  ( 0.000000000000000000, 1.000000000000000000, 0.000000000000000000 ) ) ;
#2140 = VERTEX_POINT ( 'NONE', #979 ) ;
#2141 = DIRECTION ( 'NONE',  ( 0.000000000000000000, 1.000000000000000000, 0.000000000000000000 ) ) ;
#2142 = ORIENTED_EDGE ( 'NONE', *, *, #1859, .F. ) ;
#2143 = DIRECTION ( 'NONE',  ( -0.2225209339563059552, 0.9749279121818256177, 1.068589661201744346E-13 ) ) ;
#2144 = AXIS2_PLACEMENT_3D ( 'NONE', #1025, #690, #2252 ) ;
#2145 = EDGE_CURVE ( 'NONE', #1686, #344, #2178, .T. ) ;
#2146 = VERTEX_POINT ( 'NONE', #282 ) ;
#2147 = DIRECTION ( 'NONE',  ( 0.000000000000000000, 1.000000000000000000, 0.000000000000000000 ) ) ;
#2148 = VECTOR ( 'NONE', #1366, 1000.000000000000227 ) ;
#2149 = DIRECTION ( 'NONE',  ( 5.473438864662848919E-17, 6.167828616952755833E-17, 1.000000000000000000 ) ) ;
#2150 = ORIENTED_EDGE ( 'NONE', *, *, #464, .T. ) ;
#2151 = AXIS2_PLACEMENT_3D ( 'NONE', #1795, #417, #50 ) ;
#2152 = CARTESIAN_POINT ( 'NONE',  ( -10.27008277174995499, 86.89519779516678000, -54.39377054703370362 ) ) ;
#2153 = CIRCLE ( 'NONE', #490, 50.00000000000001421 ) ;
#2154 = CIRCLE ( 'NONE', #1147, 2.499999999974593656 ) ;
#2155 = DIRECTION ( 'NONE',  ( -0.000000000000000000, -0.000000000000000000, -1.000000000000000000 ) ) ;
#2156 = AXIS2_PLACEMENT_3D ( 'NONE', #43, #1835, #1089 ) ;
#2157 = EDGE_LOOP ( 'NONE', ( #1210, #245, #896, #261 ) ) ;
#2158 = AXIS2_PLACEMENT_3D ( 'NONE', #2109, #526, #1586 ) ;
#2159 = FACE_OUTER_BOUND ( 'NONE', #1676, .T. ) ;
#2160 = CARTESIAN_POINT ( 'NONE',  ( -10.27008277174995499, 86.89519779516678000, -52.62600359406732764 ) ) ;
#2161 = EDGE_CURVE ( 'NONE', #185, #2162, #1401, .T. ) ;
#2162 = VERTEX_POINT ( 'NONE', #2196 ) ;
#2163 = CARTESIAN_POINT ( 'NONE',  ( -68.36739294758146457, 30.83665970157898428, -52.62600359406727080 ) ) ;
#2164 = EDGE_CURVE ( 'NONE', #940, #2140, #1650, .T. ) ;
#2165 = CARTESIAN_POINT ( 'NONE',  ( 67.72000345059355197, 42.06896867564665143, -19.00000000000000355 ) ) ;
#2166 = PLANE ( 'NONE',  #1111 ) ;
#2167 = ORIENTED_EDGE ( 'NONE', *, *, #1478, .T. ) ;
#2168 = DIRECTION ( 'NONE',  ( 0.000000000000000000, 0.000000000000000000, 1.000000000000000000 ) ) ;
#2169 = CARTESIAN_POINT ( 'NONE',  ( 0.000000000000000000, 0.000000000000000000, -47.41153750000005118 ) ) ;
#2170 = ORIENTED_EDGE ( 'NONE', *, *, #369, .T. ) ;
#2171 = EDGE_CURVE ( 'NONE', #576, #144, #190, .T. ) ;
#2172 = CARTESIAN_POINT ( 'NONE',  ( -57.02391687769009820, 71.95220597035097398, -52.62600359406732764 ) ) ;
#2173 = EDGE_CURVE ( 'NONE', #329, #2036, #1868, .T. ) ;
#2174 = DIRECTION ( 'NONE',  ( 1.000000000000000000, 0.000000000000000000, 0.000000000000000000 ) ) ;
#2175 = ORIENTED_EDGE ( 'NONE', *, *, #2028, .F. ) ;
#2176 = DIRECTION ( 'NONE',  ( 0.000000000000000000, 0.000000000000000000, 1.000000000000000000 ) ) ;
#2177 = DIRECTION ( 'NONE',  ( 1.000000000000000000, 8.881784197001252323E-16, 0.000000000000000000 ) ) ;
#2178 = CIRCLE ( 'NONE', #1172, 100.0000000000000568 ) ;
#2179 = EDGE_CURVE ( 'NONE', #1059, #905, #36, .T. ) ;
#2180 = ORIENTED_EDGE ( 'NONE', *, *, #5, .T. ) ;
#2181 = CIRCLE ( 'NONE', #1653, 2.499999999999931166 ) ;
#2182 = ORIENTED_EDGE ( 'NONE', *, *, #2184, .F. ) ;
#2183 = DIRECTION ( 'NONE',  ( -1.000000000000000000, 0.000000000000000000, 0.000000000000000000 ) ) ;
#2184 = EDGE_CURVE ( 'NONE', #219, #878, #371, .T. ) ;
#2185 = AXIS2_PLACEMENT_3D ( 'NONE', #2200, #1529, #477 ) ;
#2186 = DIRECTION ( 'NONE',  ( -0.2225209339563182509, -0.9749279121818227312, 1.060825671983333256E-13 ) ) ;
#2187 = ADVANCED_FACE ( 'NONE', ( #1708 ), #621, .F. ) ;
#2188 = AXIS2_PLACEMENT_3D ( 'NONE', #2152, #17, #761 ) ;
#2189 = ORIENTED_EDGE ( 'NONE', *, *, #1273, .T. ) ;
#2190 = CARTESIAN_POINT ( 'NONE',  ( 59.29498746699756850, 45.92498733030416957, -307.0258184027516677 ) ) ;
#2191 = DIRECTION ( 'NONE',  ( -0.2225209339563059552, 0.9749279121818256177, 1.068589661201744346E-13 ) ) ;
#2192 = AXIS2_PLACEMENT_3D ( 'NONE', #1474, #1297, #2007 ) ;
#2193 = AXIS2_PLACEMENT_3D ( 'NONE', #467, #117, #613 ) ;
#2194 = CARTESIAN_POINT ( 'NONE',  ( -14.22008277174995428, 86.89519779516678000, -40.51153750000004550 ) ) ;
#2195 = VERTEX_POINT ( 'NONE', #1680 ) ;
#2196 = CARTESIAN_POINT ( 'NONE',  ( 67.50292490842865334, 23.14346027173155562, -18.99999999999986855 ) ) ;
#2197 = CARTESIAN_POINT ( 'NONE',  ( 67.50292490842841175, 23.14346027173155562, -10.00000000000000533 ) ) ;
#2198 = EDGE_CURVE ( 'NONE', #2022, #20, #146, .T. ) ;
#2199 = ORIENTED_EDGE ( 'NONE', *, *, #2051, .F. ) ;
#2200 = CARTESIAN_POINT ( 'NONE',  ( -47.04819951940678635, 111.0482540923670172, -10.00000000000000533 ) ) ;
#2201 = CARTESIAN_POINT ( 'NONE',  ( 22.36408980894291076, 118.9565708611436179, -19.00000000000000355 ) ) ;
#2202 = VERTEX_POINT ( 'NONE', #816 ) ;
#2203 = LINE ( 'NONE', #1519, #1400 ) ;
#2204 = ORIENTED_EDGE ( 'NONE', *, *, #774, .T. ) ;
#2205 = CARTESIAN_POINT ( 'NONE',  ( -46.02404058627557504, -49.05524931321377835, -18.99999999999946709 ) ) ;
#2206 = DIRECTION ( 'NONE',  ( 0.000000000000000000, 1.000000000000000000, 0.000000000000000000 ) ) ;
#2207 = ORIENTED_EDGE ( 'NONE', *, *, #2089, .T. ) ;
#2208 = CARTESIAN_POINT ( 'NONE',  ( 29.45939229315107255, 91.53942120359667456, -10.00000000000000000 ) ) ;
#2209 = EDGE_CURVE ( 'NONE', #1271, #1081, #1769, .T. ) ;
#2210 = ORIENTED_EDGE ( 'NONE', *, *, #2161, .F. ) ;
#2211 = DIRECTION ( 'NONE',  ( 0.6234898018587319291, -0.7818314824680310249, 1.054711873393927743E-13 ) ) ;
#2212 = ORIENTED_EDGE ( 'NONE', *, *, #498, .F. ) ;
#2213 = DIRECTION ( 'NONE',  ( 5.473438864662848919E-17, 6.167828616952755833E-17, 1.000000000000000000 ) ) ;
#2214 = CIRCLE ( 'NONE', #1590, 2.499999999999931166 ) ;
#2215 = CARTESIAN_POINT ( 'NONE',  ( 0.000000000000000000, 0.000000000000000000, -58.66153750000005118 ) ) ;
#2216 = CARTESIAN_POINT ( 'NONE',  ( -10.27008277174995499, 86.89519779516678000, -47.41153750000005118 ) ) ;
#2217 = AXIS2_PLACEMENT_3D ( 'NONE', #310, #1174, #1885 ) ;
#2218 = ORIENTED_EDGE ( 'NONE', *, *, #243, .F. ) ;
#2219 = FACE_OUTER_BOUND ( 'NONE', #395, .T. ) ;
#2220 = LINE ( 'NONE', #1874, #421 ) ;
#2221 = AXIS2_PLACEMENT_3D ( 'NONE', #1858, #817, #79 ) ;
#2222 = UNCERTAINTY_MEASURE_WITH_UNIT (LENGTH_MEASURE( 1.000000000000000082E-05 ), #266, 'distance_accuracy_value', 'NONE');
#2223 = ORIENTED_EDGE ( 'NONE', *, *, #2138, .F. ) ;
#2224 = FACE_OUTER_BOUND ( 'NONE', #129, .T. ) ;
#2225 = EDGE_CURVE ( 'NONE', #905, #1315, #1690, .T. ) ;
#2226 = VECTOR ( 'NONE', #311, 1000.000000000000000 ) ;
#2227 = EDGE_LOOP ( 'NONE', ( #963, #12, #1577, #407 ) ) ;
#2228 = CIRCLE ( 'NONE', #1634, 2.499999999980240251 ) ;
#2229 = SURFACE_STYLE_FILL_AREA ( #76 ) ;
#2230 = CYLINDRICAL_SURFACE ( 'NONE', #1805, 100.0000000000000284 ) ;
#2231 = ADVANCED_FACE ( 'NONE', ( #2065 ), #148, .T. ) ;
#2232 = PLANE ( 'NONE',  #1145 ) ;
#2233 = EDGE_LOOP ( 'NONE', ( #1875, #71, #476, #1308 ) ) ;
#2234 = CARTESIAN_POINT ( 'NONE',  ( -68.36739294758146457, 30.83665970157898428, -307.0258184027516677 ) ) ;
#2235 = DIRECTION ( 'NONE',  ( -0.000000000000000000, 0.000000000000000000, 1.000000000000000000 ) ) ;
#2236 = ORIENTED_EDGE ( 'NONE', *, *, #1640, .F. ) ;
#2237 = CARTESIAN_POINT ( 'NONE',  ( 0.000000000000000000, 0.000000000000000000, -58.66153750000005118 ) ) ;
#2238 = VERTEX_POINT ( 'NONE', #1898 ) ;
#2239 = FACE_BOUND ( 'NONE', #379, .T. ) ;
#2240 = DIRECTION ( 'NONE',  ( -0.000000000000000000, 0.000000000000000000, 1.000000000000000000 ) ) ;
#2241 = CARTESIAN_POINT ( 'NONE',  ( 0.000000000000000000, 0.000000000000000000, -307.0258184027516677 ) ) ;
#2242 = ADVANCED_FACE ( 'NONE', ( #137 ), #1015, .T. ) ;
#2243 = ORIENTED_EDGE ( 'NONE', *, *, #1856, .T. ) ;
#2244 = CARTESIAN_POINT ( 'NONE',  ( -44.54819951943220957, 111.0482540923670172, -10.00000000000000533 ) ) ;
#2245 = FACE_OUTER_BOUND ( 'NONE', #96, .T. ) ;
#2246 = CYLINDRICAL_SURFACE ( 'NONE', #405, 2.500000000000015987 ) ;
#2247 = ORIENTED_EDGE ( 'NONE', *, *, #402, .T. ) ;
#2248 = LINE ( 'NONE', #1509, #848 ) ;
#2249 = EDGE_CURVE ( 'NONE', #2269, #2019, #951, .T. ) ;
#2250 = AXIS2_PLACEMENT_3D ( 'NONE', #2119, #1721, #2082 ) ;
#2251 = ORIENTED_EDGE ( 'NONE', *, *, #2092, .F. ) ;
#2252 = DIRECTION ( 'NONE',  ( 1.000000000000000000, 0.000000000000000000, 0.000000000000000000 ) ) ;
#2253 = CARTESIAN_POINT ( 'NONE',  ( -159.5239168776901408, 71.95220597035097398, -307.0258184027516677 ) ) ;
#2254 = EDGE_LOOP ( 'NONE', ( #447, #1098, #1139, #1293 ) ) ;
#2255 = VECTOR ( 'NONE', #1803, 1000.000000000000000 ) ;
#2256 = CARTESIAN_POINT ( 'NONE',  ( 0.000000000000000000, 0.000000000000000000, -46.41153750000005118 ) ) ;
#2257 = EDGE_CURVE ( 'NONE', #350, #1700, #556, .T. ) ;
#2258 = DIRECTION ( 'NONE',  ( -0.000000000000000000, -0.000000000000000000, 1.000000000000000000 ) ) ;
#2259 = DIRECTION ( 'NONE',  ( 6.725459331457292879E-16, 1.278280387119141471E-16, -1.000000000000000000 ) ) ;
#2260 = CIRCLE ( 'NONE', #1556, 11.00000000000000000 ) ;
#2261 = ORIENTED_EDGE ( 'NONE', *, *, #949, .F. ) ;
#2262 = CARTESIAN_POINT ( 'NONE',  ( -48.52404058627549688, -49.05524931321301096, -18.99999999999971578 ) ) ;
#2263 = AXIS2_PLACEMENT_3D ( 'NONE', #733, #1118, #1074 ) ;
#2264 = ORIENTED_EDGE ( 'NONE', *, *, #1909, .F. ) ;
#2265 = AXIS2_PLACEMENT_3D ( 'NONE', #1290, #1121, #250 ) ;
#2266 = DIRECTION ( 'NONE',  ( 0.09961994549876902749, -0.9950255607062676866, -1.772870513040144756E-15 ) ) ;
#2267 = CIRCLE ( 'NONE', #823, 2.499999999999927613 ) ;
#2268 = DIRECTION ( 'NONE',  ( -0.000000000000000000, -0.000000000000000000, -1.000000000000000000 ) ) ;
#2269 = VERTEX_POINT ( 'NONE', #865 ) ;
#2270 = FACE_OUTER_BOUND ( 'NONE', #1694, .T. ) ;
#2271 = DIRECTION ( 'NONE',  ( -0.000000000000000000, -0.000000000000000000, 1.000000000000000000 ) ) ;
#2272 = CARTESIAN_POINT ( 'NONE',  ( 22.36408980894291076, 118.9565708611436179, -19.00000000000000355 ) ) ;
#2273 = ADVANCED_FACE ( 'NONE', ( #1184 ), #2024, .F. ) ;
#2274 = ORIENTED_EDGE ( 'NONE', *, *, #997, .F. ) ;
#2275 = LINE ( 'NONE', #2091, #1321 ) ;
#2276 = EDGE_CURVE ( 'NONE', #1953, #1324, #739, .T. ) ;
#2277 = ORIENTED_EDGE ( 'NONE', *, *, #464, .F. ) ;
#2278 = ADVANCED_BREP_SHAPE_REPRESENTATION ( 'bottom housing', ( #1364, #2144 ), #1358 ) ;
#2279 = DIRECTION ( 'NONE',  ( -0.000000000000000000, -0.000000000000000000, 1.000000000000000000 ) ) ;
#2280 = EDGE_LOOP ( 'NONE', ( #849, #258, #1584, #654 ) ) ;
#2281 = DIRECTION ( 'NONE',  ( 0.000000000000000000, 0.000000000000000000, 1.000000000000000000 ) ) ;
#2282 = DIRECTION ( 'NONE',  ( 1.000000000000000000, 0.000000000000000000, 0.000000000000000000 ) ) ;
#2283 = CARTESIAN_POINT ( 'NONE',  ( 5.598693842866290460, -68.52307026133257750, -19.00000000000000355 ) ) ;
ENDSEC;
END-ISO-10303-21;
