ISO-10303-21;
HEADER;
FILE_DESCRIPTION (( 'STEP AP214' ),
    '1' );
FILE_NAME ('output mount.STEP',
    '2026-09-17T14:21:05',
    ( '' ),
    ( '' ),
    'SwSTEP 2.0',
    'SolidWorks 2025',
    '' );
FILE_SCHEMA (( 'AUTOMOTIVE_DESIGN' ));
ENDSEC;

DATA;
#1 = ORIENTED_EDGE ( 'NONE', *, *, #181, .T. ) ;
#2 = DIRECTION ( 'NONE',  ( -0.000000000000000000, -0.000000000000000000, 1.000000000000000000 ) ) ;
#3 = CARTESIAN_POINT ( 'NONE',  ( 0.2000000000000000111, 1.500000000000000000, 0.000000000000000000 ) ) ;
#4 = ORIENTED_EDGE ( 'NONE', *, *, #1717, .F. ) ;
#5 = CARTESIAN_POINT ( 'NONE',  ( -1.299038105676664889, -0.7499999999999878986, 0.000000000000000000 ) ) ;
#6 = ADVANCED_FACE ( 'NONE', ( #678 ), #671, .F. ) ;
#7 = ORIENTED_EDGE ( 'NONE', *, *, #286, .F. ) ;
#8 = DIRECTION ( 'NONE',  ( 1.000000000000000000, 0.000000000000000000, 0.000000000000000000 ) ) ;
#9 = CARTESIAN_POINT ( 'NONE',  ( 1.250000000000000444, -4.625000000000000000, 1.000000000000000000 ) ) ;
#10 = CIRCLE ( 'NONE', #1797, 0.2874999999999999223 ) ;
#11 = ORIENTED_EDGE ( 'NONE', *, *, #227, .T. ) ;
#12 = DIRECTION ( 'NONE',  ( -0.000000000000000000, 0.000000000000000000, 1.000000000000000000 ) ) ;
#13 = CARTESIAN_POINT ( 'NONE',  ( 1.299038105676654675, -0.7500000000000061062, 0.000000000000000000 ) ) ;
#14 = AXIS2_PLACEMENT_3D ( 'NONE', #172, #481, #1903 ) ;
#15 = AXIS2_PLACEMENT_3D ( 'NONE', #1248, #973, #1112 ) ;
#16 = ORIENTED_EDGE ( 'NONE', *, *, #573, .F. ) ;
#17 = DIRECTION ( 'NONE',  ( -0.000000000000000000, 0.000000000000000000, 1.000000000000000000 ) ) ;
#18 = AXIS2_PLACEMENT_3D ( 'NONE', #120, #472, #155 ) ;
#19 = EDGE_LOOP ( 'NONE', ( #505, #1600, #421, #542 ) ) ;
#20 = CIRCLE ( 'NONE', #275, 0.2499999999999998612 ) ;
#21 = VECTOR ( 'NONE', #910, 100.0000000000000000 ) ;
#22 = EDGE_CURVE ( 'NONE', #533, #1777, #1859, .T. ) ;
#23 = CYLINDRICAL_SURFACE ( 'NONE', #1668, 0.2000000000000000111 ) ;
#24 = CARTESIAN_POINT ( 'NONE',  ( 5.875000000000000000, 7.194799944990699815E-16, 1.000000000000000000 ) ) ;
#25 = ORIENTED_EDGE ( 'NONE', *, *, #545, .F. ) ;
#26 = FACE_OUTER_BOUND ( 'NONE', #494, .T. ) ;
#27 = CYLINDRICAL_SURFACE ( 'NONE', #860, 0.2500000000000002220 ) ;
#28 = ORIENTED_EDGE ( 'NONE', *, *, #351, .F. ) ;
#29 = DIRECTION ( 'NONE',  ( 0.000000000000000000, 0.000000000000000000, 1.000000000000000000 ) ) ;
#30 = VERTEX_POINT ( 'NONE', #526 ) ;
#31 = EDGE_CURVE ( 'NONE', #326, #1808, #785, .T. ) ;
#32 = FACE_OUTER_BOUND ( 'NONE', #483, .T. ) ;
#33 = PRODUCT_DEFINITION_CONTEXT ( 'detailed design', #1807, 'design' ) ;
#34 = CARTESIAN_POINT ( 'NONE',  ( -4.755367492503030924, -1.013461894323331336, 0.000000000000000000 ) ) ;
#35 = DIRECTION ( 'NONE',  ( -0.000000000000000000, -0.000000000000000000, 1.000000000000000000 ) ) ;
#36 = ORIENTED_EDGE ( 'NONE', *, *, #1321, .T. ) ;
#37 = DIRECTION ( 'NONE',  ( -0.4999999999999918954, 0.8660254037844433705, 0.000000000000000000 ) ) ;
#38 = ORIENTED_EDGE ( 'NONE', *, *, #1358, .T. ) ;
#39 = CARTESIAN_POINT ( 'NONE',  ( -1.011538105676665023, -0.7499999999999878986, 1.000000000000000000 ) ) ;
#40 = ADVANCED_FACE ( 'NONE', ( #1761, #959, #1895, #188, #1117, #807, #1429, #1746, #44, #364, #989, #348, #1590, #196, #813, #663, #511, #1125, #1753, #1343 ), #114, .T. ) ;
#41 = VECTOR ( 'NONE', #700, 100.0000000000000000 ) ;
#42 = CARTESIAN_POINT ( 'NONE',  ( -1.299038105676649124, 0.7500000000000150990, 0.6750000000000000444 ) ) ;
#43 = FACE_BOUND ( 'NONE', #1291, .T. ) ;
#44 = FACE_BOUND ( 'NONE', #1630, .T. ) ;
#45 = CIRCLE ( 'NONE', #1111, 0.2499999999999999445 ) ;
#46 = CARTESIAN_POINT ( 'NONE',  ( 0.000000000000000000, 0.000000000000000000, 0.000000000000000000 ) ) ;
#47 = AXIS2_PLACEMENT_3D ( 'NONE', #1890, #1285, #1094 ) ;
#48 = ORIENTED_EDGE ( 'NONE', *, *, #1530, .F. ) ;
#49 = CIRCLE ( 'NONE', #529, 0.2500000000000000555 ) ;
#50 = AXIS2_PLACEMENT_3D ( 'NONE', #1299, #814, #1888 ) ;
#51 = DIRECTION ( 'NONE',  ( 1.000000000000000000, 0.000000000000000000, 0.000000000000000000 ) ) ;
#52 =( NAMED_UNIT ( * ) PLANE_ANGLE_UNIT ( ) SI_UNIT ( $, .RADIAN. ) );
#53 = CIRCLE ( 'NONE', #1281, 0.2875000000000000888 ) ;
#54 = CYLINDRICAL_SURFACE ( 'NONE', #1735, 0.2500000000000002220 ) ;
#55 = CARTESIAN_POINT ( 'NONE',  ( -3.005367492503012272, 3.611538105676673105, 0.000000000000000000 ) ) ;
#56 = EDGE_CURVE ( 'NONE', #287, #1301, #853, .T. ) ;
#57 = ORIENTED_EDGE ( 'NONE', *, *, #315, .T. ) ;
#58 = CARTESIAN_POINT ( 'NONE',  ( 1.500000000000000666, 4.625000000000000000, 0.000000000000000000 ) ) ;
#59 = ADVANCED_FACE ( 'NONE', ( #225 ), #1978, .F. ) ;
#60 = ORIENTED_EDGE ( 'NONE', *, *, #1490, .F. ) ;
#61 = ORIENTED_EDGE ( 'NONE', *, *, #1926, .F. ) ;
#62 = LINE ( 'NONE', #715, #1863 ) ;
#63 = DIRECTION ( 'NONE',  ( 0.000000000000000000, 0.000000000000000000, 1.000000000000000000 ) ) ;
#64 = ORIENTED_EDGE ( 'NONE', *, *, #1207, .T. ) ;
#65 = ORIENTED_EDGE ( 'NONE', *, *, #820, .F. ) ;
#66 = DIRECTION ( 'NONE',  ( 0.000000000000000000, 0.000000000000000000, 1.000000000000000000 ) ) ;
#67 = ORIENTED_EDGE ( 'NONE', *, *, #743, .T. ) ;
#68 = EDGE_CURVE ( 'NONE', #1495, #1061, #379, .T. ) ;
#69 = VERTEX_POINT ( 'NONE', #1326 ) ;
#70 = CARTESIAN_POINT ( 'NONE',  ( 4.505367492503030924, 1.013461894323330448, 1.000000000000000000 ) ) ;
#71 = CARTESIAN_POINT ( 'NONE',  ( 0.000000000000000000, 1.500000000000000000, 1.000000000000000000 ) ) ;
#72 = CARTESIAN_POINT ( 'NONE',  ( -1.749999999999999556, -4.625000000000000000, 1.000000000000000000 ) ) ;
#73 = DIRECTION ( 'NONE',  ( -0.000000000000000000, -0.000000000000000000, 1.000000000000000000 ) ) ;
#74 = ORIENTED_EDGE ( 'NONE', *, *, #800, .F. ) ;
#75 = DIRECTION ( 'NONE',  ( 0.4999999999999976685, -0.8660254037844400399, 0.000000000000000000 ) ) ;
#76 = LINE ( 'NONE', #411, #1966 ) ;
#77 = EDGE_LOOP ( 'NONE', ( #112, #1251, #1077, #1462 ) ) ;
#78 = CIRCLE ( 'NONE', #1634, 0.2000000000000000111 ) ;
#79 = ORIENTED_EDGE ( 'NONE', *, *, #1129, .T. ) ;
#80 = AXIS2_PLACEMENT_3D ( 'NONE', #636, #774, #725 ) ;
#81 = CARTESIAN_POINT ( 'NONE',  ( 3.005367492503012716, -3.611538105676674437, 1.000000000000000000 ) ) ;
#82 = EDGE_CURVE ( 'NONE', #30, #1946, #750, .T. ) ;
#83 = DIRECTION ( 'NONE',  ( 0.000000000000000000, 0.000000000000000000, 1.000000000000000000 ) ) ;
#84 = DIRECTION ( 'NONE',  ( -0.000000000000000000, 0.000000000000000000, 1.000000000000000000 ) ) ;
#85 = AXIS2_PLACEMENT_3D ( 'NONE', #1400, #289, #758 ) ;
#86 = CYLINDRICAL_SURFACE ( 'NONE', #1300, 0.2000000000000000111 ) ;
#87 = CARTESIAN_POINT ( 'NONE',  ( -4.505367492503030036, -1.013461894323331336, 1.000000000000000000 ) ) ;
#88 = EDGE_LOOP ( 'NONE', ( #466, #261, #11, #1466 ) ) ;
#89 = EDGE_LOOP ( 'NONE', ( #1293, #520 ) ) ;
#90 = CARTESIAN_POINT ( 'NONE',  ( -0.2875000000000000333, -1.500000000000000000, 0.6750000000000000444 ) ) ;
#91 = FACE_OUTER_BOUND ( 'NONE', #1257, .T. ) ;
#92 = CARTESIAN_POINT ( 'NONE',  ( 0.2874999999999999778, 1.500000000000000000, 0.6750000000000000444 ) ) ;
#93 = CARTESIAN_POINT ( 'NONE',  ( 1.011538105676654586, -0.7500000000000061062, 0.6750000000000000444 ) ) ;
#94 = CARTESIAN_POINT ( 'NONE',  ( 1.299038105676654675, -0.7500000000000061062, 0.6750000000000000444 ) ) ;
#95 = ORIENTED_EDGE ( 'NONE', *, *, #784, .F. ) ;
#96 = ORIENTED_EDGE ( 'NONE', *, *, #583, .F. ) ;
#97 = CYLINDRICAL_SURFACE ( 'NONE', #1929, 0.2875000000000000888 ) ;
#98 = EDGE_CURVE ( 'NONE', #530, #1853, #1405, .T. ) ;
#99 = CARTESIAN_POINT ( 'NONE',  ( -1.299038105676664889, -0.7499999999999878986, 0.6750000000000000444 ) ) ;
#100 = DIRECTION ( 'NONE',  ( -0.000000000000000000, 0.000000000000000000, 1.000000000000000000 ) ) ;
#101 = EDGE_CURVE ( 'NONE', #166, #578, #717, .T. ) ;
#102 = LINE ( 'NONE', #93, #1695 ) ;
#103 = CARTESIAN_POINT ( 'NONE',  ( -0.2000000000000000111, 2.449293598294706229E-17, 1.000000000000000000 ) ) ;
#104 = ORIENTED_EDGE ( 'NONE', *, *, #985, .F. ) ;
#105 = CIRCLE ( 'NONE', #297, 0.2874999999999999223 ) ;
#106 = EDGE_LOOP ( 'NONE', ( #1366, #549, #1284, #931 ) ) ;
#107 = DIRECTION ( 'NONE',  ( 0.000000000000000000, -0.000000000000000000, 1.000000000000000000 ) ) ;
#108 = CIRCLE ( 'NONE', #688, 0.2500000000000000000 ) ;
#109 = CARTESIAN_POINT ( 'NONE',  ( 3.505367492503038029, 3.611538105676649568, 0.000000000000000000 ) ) ;
#110 = DIRECTION ( 'NONE',  ( 1.000000000000000000, 0.000000000000000000, 0.000000000000000000 ) ) ;
#111 = AXIS2_PLACEMENT_3D ( 'NONE', #1360, #457, #422 ) ;
#112 = ORIENTED_EDGE ( 'NONE', *, *, #971, .F. ) ;
#113 = CIRCLE ( 'NONE', #341, 0.2874999999999999223 ) ;
#114 = PLANE ( 'NONE',  #202 ) ;
#115 = DIRECTION ( 'NONE',  ( 0.000000000000000000, 0.000000000000000000, 1.000000000000000000 ) ) ;
#116 = EDGE_CURVE ( 'NONE', #1646, #125, #1967, .T. ) ;
#117 = AXIS2_PLACEMENT_3D ( 'NONE', #1374, #600, #1222 ) ;
#118 = VERTEX_POINT ( 'NONE', #873 ) ;
#119 = VERTEX_POINT ( 'NONE', #1467 ) ;
#120 = CARTESIAN_POINT ( 'NONE',  ( 0.000000000000000000, 0.000000000000000000, 1.000000000000000000 ) ) ;
#121 = LINE ( 'NONE', #128, #987 ) ;
#122 = EDGE_LOOP ( 'NONE', ( #95, #180, #760, #1537 ) ) ;
#123 = DIRECTION ( 'NONE',  ( 0.4999999999999976685, -0.8660254037844400399, 0.000000000000000000 ) ) ;
#124 = DIRECTION ( 'NONE',  ( 0.000000000000000000, 0.000000000000000000, 1.000000000000000000 ) ) ;
#125 = VERTEX_POINT ( 'NONE', #1314 ) ;
#126 = EDGE_CURVE ( 'NONE', #355, #839, #1763, .T. ) ;
#127 = ORIENTED_EDGE ( 'NONE', *, *, #193, .T. ) ;
#128 = CARTESIAN_POINT ( 'NONE',  ( 1.099038105676659605, 0.7499999999999968914, 0.000000000000000000 ) ) ;
#129 = LINE ( 'NONE', #1728, #728 ) ;
#130 = ORIENTED_EDGE ( 'NONE', *, *, #1821, .T. ) ;
#131 = DIRECTION ( 'NONE',  ( 0.000000000000000000, 0.000000000000000000, 1.000000000000000000 ) ) ;
#132 = DIRECTION ( 'NONE',  ( 0.000000000000000000, 0.000000000000000000, 1.000000000000000000 ) ) ;
#133 = EDGE_LOOP ( 'NONE', ( #915, #1941, #1128, #400 ) ) ;
#134 = ORIENTED_EDGE ( 'NONE', *, *, #982, .F. ) ;
#135 = EDGE_CURVE ( 'NONE', #338, #1686, #1272, .T. ) ;
#136 = VECTOR ( 'NONE', #748, 100.0000000000000000 ) ;
#137 = AXIS2_PLACEMENT_3D ( 'NONE', #1933, #1963, #555 ) ;
#138 = CARTESIAN_POINT ( 'NONE',  ( -1.499999999999999334, 4.625000000000000000, 0.000000000000000000 ) ) ;
#139 = FACE_OUTER_BOUND ( 'NONE', #19, .T. ) ;
#140 = CIRCLE ( 'NONE', #1409, 0.2000000000000000111 ) ;
#141 = EDGE_LOOP ( 'NONE', ( #1660, #233, #829, #1716 ) ) ;
#142 = FACE_OUTER_BOUND ( 'NONE', #432, .T. ) ;
#143 = AXIS2_PLACEMENT_3D ( 'NONE', #575, #1655, #1044 ) ;
#144 = LINE ( 'NONE', #3, #437 ) ;
#145 = AXIS2_PLACEMENT_3D ( 'NONE', #13, #124, #913 ) ;
#146 = VERTEX_POINT ( 'NONE', #263 ) ;
#147 = ORIENTED_EDGE ( 'NONE', *, *, #1241, .T. ) ;
#148 = EDGE_CURVE ( 'NONE', #602, #900, #1827, .T. ) ;
#149 = CARTESIAN_POINT ( 'NONE',  ( 4.505367492503023819, -1.013461894323364865, 0.000000000000000000 ) ) ;
#150 = LINE ( 'NONE', #1103, #474 ) ;
#151 = ORIENTED_EDGE ( 'NONE', *, *, #1530, .T. ) ;
#152 = CYLINDRICAL_SURFACE ( 'NONE', #1989, 0.2874999999999999778 ) ;
#153 = DIRECTION ( 'NONE',  ( 0.000000000000000000, 0.000000000000000000, 1.000000000000000000 ) ) ;
#154 = ORIENTED_EDGE ( 'NONE', *, *, #1241, .F. ) ;
#155 = DIRECTION ( 'NONE',  ( 1.000000000000000000, 0.000000000000000000, 0.000000000000000000 ) ) ;
#156 = VERTEX_POINT ( 'NONE', #866 ) ;
#157 = DIRECTION ( 'NONE',  ( 1.000000000000000000, 0.000000000000000000, 0.000000000000000000 ) ) ;
#158 = CARTESIAN_POINT ( 'NONE',  ( 1.299038105676659782, 0.7499999999999968914, 0.000000000000000000 ) ) ;
#159 = ORIENTED_EDGE ( 'NONE', *, *, #68, .F. ) ;
#160 = CARTESIAN_POINT ( 'NONE',  ( 1.099038105676654720, -0.7500000000000061062, 0.6750000000000000444 ) ) ;
#161 = CARTESIAN_POINT ( 'NONE',  ( 3.005367492503037585, 3.611538105676649568, 1.000000000000000000 ) ) ;
#162 = ADVANCED_FACE ( 'NONE', ( #540 ), #1158, .T. ) ;
#163 = ORIENTED_EDGE ( 'NONE', *, *, #1184, .T. ) ;
#164 = DIRECTION ( 'NONE',  ( 1.000000000000000000, 0.000000000000000000, 0.000000000000000000 ) ) ;
#165 = ADVANCED_FACE ( 'NONE', ( #1480 ), #1651, .F. ) ;
#166 = VERTEX_POINT ( 'NONE', #1792 ) ;
#167 = CIRCLE ( 'NONE', #751, 0.2000000000000000111 ) ;
#168 = DIRECTION ( 'NONE',  ( 0.000000000000000000, 0.000000000000000000, 1.000000000000000000 ) ) ;
#169 = DIRECTION ( 'NONE',  ( -0.000000000000000000, -0.000000000000000000, 1.000000000000000000 ) ) ;
#170 = CIRCLE ( 'NONE', #1599, 0.2875000000000000888 ) ;
#171 = ORIENTED_EDGE ( 'NONE', *, *, #1908, .T. ) ;
#172 = CARTESIAN_POINT ( 'NONE',  ( -4.755367492503030924, -1.013461894323331336, 1.000000000000000000 ) ) ;
#173 = DIRECTION ( 'NONE',  ( 1.000000000000000000, 0.000000000000000000, 0.000000000000000000 ) ) ;
#174 = AXIS2_PLACEMENT_3D ( 'NONE', #1872, #1565, #199 ) ;
#175 = CIRCLE ( 'NONE', #1413, 0.2000000000000000111 ) ;
#176 = ORIENTED_EDGE ( 'NONE', *, *, #1968, .T. ) ;
#177 = ADVANCED_FACE ( 'NONE', ( #234 ), #86, .F. ) ;
#178 = DIRECTION ( 'NONE',  ( -0.000000000000000000, -0.000000000000000000, 1.000000000000000000 ) ) ;
#179 = AXIS2_PLACEMENT_3D ( 'NONE', #46, #1468, #647 ) ;
#180 = ORIENTED_EDGE ( 'NONE', *, *, #1411, .F. ) ;
#181 = EDGE_CURVE ( 'NONE', #146, #1984, #102, .T. ) ;
#182 = CIRCLE ( 'NONE', #993, 0.2000000000000000111 ) ;
#183 = CIRCLE ( 'NONE', #1086, 0.2500000000000000000 ) ;
#184 = CARTESIAN_POINT ( 'NONE',  ( 1.299038105676654675, -0.7500000000000061062, 0.000000000000000000 ) ) ;
#185 = EDGE_LOOP ( 'NONE', ( #887, #1654, #1171, #994 ) ) ;
#186 = CARTESIAN_POINT ( 'NONE',  ( 4.505367492503023819, -1.013461894323364865, 0.000000000000000000 ) ) ;
#187 = CARTESIAN_POINT ( 'NONE',  ( -1.099038105676649169, 0.7500000000000150990, 0.000000000000000000 ) ) ;
#188 = FACE_BOUND ( 'NONE', #1689, .T. ) ;
#189 = CARTESIAN_POINT ( 'NONE',  ( 4.755367492503024707, -1.013461894323364865, 1.000000000000000000 ) ) ;
#190 = EDGE_CURVE ( 'NONE', #970, #1646, #201, .T. ) ;
#191 = ORIENTED_EDGE ( 'NONE', *, *, #1707, .T. ) ;
#192 = DIRECTION ( 'NONE',  ( -0.000000000000000000, 0.000000000000000000, 1.000000000000000000 ) ) ;
#193 = EDGE_CURVE ( 'NONE', #1255, #1909, #167, .T. ) ;
#194 = FACE_OUTER_BOUND ( 'NONE', #1503, .T. ) ;
#195 = DIRECTION ( 'NONE',  ( 0.000000000000000000, 0.000000000000000000, 1.000000000000000000 ) ) ;
#196 = FACE_BOUND ( 'NONE', #928, .T. ) ;
#197 = CARTESIAN_POINT ( 'NONE',  ( -1.249999999999999112, 4.625000000000000000, 1.000000000000000000 ) ) ;
#198 = ORIENTED_EDGE ( 'NONE', *, *, #1685, .F. ) ;
#199 = DIRECTION ( 'NONE',  ( 1.000000000000000000, 0.000000000000000000, 0.000000000000000000 ) ) ;
#200 = EDGE_CURVE ( 'NONE', #1043, #1478, #332, .T. ) ;
#201 = CIRCLE ( 'NONE', #1236, 0.2500000000000000000 ) ;
#202 = AXIS2_PLACEMENT_3D ( 'NONE', #732, #557, #1354 ) ;
#203 = DIRECTION ( 'NONE',  ( 1.000000000000000000, 0.000000000000000000, 0.000000000000000000 ) ) ;
#204 = DIRECTION ( 'NONE',  ( 1.000000000000000000, 0.000000000000000000, -0.000000000000000000 ) ) ;
#205 = EDGE_LOOP ( 'NONE', ( #1335, #1711 ) ) ;
#206 = CARTESIAN_POINT ( 'NONE',  ( 0.000000000000000000, 1.500000000000000000, 0.6750000000000000444 ) ) ;
#207 = CIRCLE ( 'NONE', #661, 0.2000000000000000111 ) ;
#208 = ORIENTED_EDGE ( 'NONE', *, *, #148, .T. ) ;
#209 = VECTOR ( 'NONE', #733, 100.0000000000000000 ) ;
#210 = CARTESIAN_POINT ( 'NONE',  ( -3.255367492503012716, 3.611538105676673105, 0.000000000000000000 ) ) ;
#211 = AXIS2_PLACEMENT_3D ( 'NONE', #1834, #439, #1534 ) ;
#212 = CIRCLE ( 'NONE', #85, 0.2875000000000000888 ) ;
#213 = FACE_OUTER_BOUND ( 'NONE', #1013, .T. ) ;
#214 = FACE_BOUND ( 'NONE', #1613, .T. ) ;
#215 = EDGE_CURVE ( 'NONE', #722, #1338, #105, .T. ) ;
#216 = EDGE_LOOP ( 'NONE', ( #801, #1801, #163, #674 ) ) ;
#217 = ORIENTED_EDGE ( 'NONE', *, *, #456, .F. ) ;
#218 = DIRECTION ( 'NONE',  ( 1.000000000000000000, 0.000000000000000000, 0.000000000000000000 ) ) ;
#219 = ORIENTED_EDGE ( 'NONE', *, *, #670, .F. ) ;
#220 = ORIENTED_EDGE ( 'NONE', *, *, #1854, .T. ) ;
#221 = DIRECTION ( 'NONE',  ( -0.000000000000000000, 0.000000000000000000, 1.000000000000000000 ) ) ;
#222 = CARTESIAN_POINT ( 'NONE',  ( -4.755367492503024707, 1.013461894323363754, 0.000000000000000000 ) ) ;
#223 = DIRECTION ( 'NONE',  ( -0.000000000000000000, -0.000000000000000000, 1.000000000000000000 ) ) ;
#224 = ORIENTED_EDGE ( 'NONE', *, *, #1119, .T. ) ;
#225 = FACE_OUTER_BOUND ( 'NONE', #1883, .T. ) ;
#226 = CARTESIAN_POINT ( 'NONE',  ( 5.005367492503031812, 1.013461894323330448, 0.000000000000000000 ) ) ;
#227 = EDGE_CURVE ( 'NONE', #680, #1264, #1560, .T. ) ;
#228 = VERTEX_POINT ( 'NONE', #1373 ) ;
#229 = ORIENTED_EDGE ( 'NONE', *, *, #1515, .F. ) ;
#230 = CARTESIAN_POINT ( 'NONE',  ( 1.299038105676654675, -0.7500000000000061062, 0.000000000000000000 ) ) ;
#231 = DIRECTION ( 'NONE',  ( -1.000000000000000000, 0.000000000000000000, 0.000000000000000000 ) ) ;
#232 = DIRECTION ( 'NONE',  ( 1.000000000000000000, 0.000000000000000000, 0.000000000000000000 ) ) ;
#233 = ORIENTED_EDGE ( 'NONE', *, *, #944, .F. ) ;
#234 = FACE_OUTER_BOUND ( 'NONE', #141, .T. ) ;
#235 = FACE_OUTER_BOUND ( 'NONE', #926, .T. ) ;
#236 = EDGE_CURVE ( 'NONE', #1555, #1853, #1209, .T. ) ;
#237 = EDGE_LOOP ( 'NONE', ( #1998, #630 ) ) ;
#238 = ORIENTED_EDGE ( 'NONE', *, *, #315, .F. ) ;
#239 = CIRCLE ( 'NONE', #272, 0.2000000000000000111 ) ;
#240 = DIRECTION ( 'NONE',  ( 0.4999999999999976685, -0.8660254037844400399, 0.000000000000000000 ) ) ;
#241 = AXIS2_PLACEMENT_3D ( 'NONE', #1403, #292, #1986 ) ;
#242 = DIRECTION ( 'NONE',  ( 0.000000000000000000, 0.000000000000000000, 1.000000000000000000 ) ) ;
#243 = CIRCLE ( 'NONE', #1608, 0.2500000000000001110 ) ;
#244 = DIRECTION ( 'NONE',  ( 1.000000000000000000, 0.000000000000000000, 0.000000000000000000 ) ) ;
#245 = EDGE_LOOP ( 'NONE', ( #224, #429 ) ) ;
#246 = CARTESIAN_POINT ( 'NONE',  ( -3.255367492503037141, -3.611538105676650900, 1.000000000000000000 ) ) ;
#247 = CARTESIAN_POINT ( 'NONE',  ( 1.586538105676654764, -0.7500000000000061062, 0.6750000000000000444 ) ) ;
#248 = ORIENTED_EDGE ( 'NONE', *, *, #1867, .T. ) ;
#249 = EDGE_CURVE ( 'NONE', #1540, #146, #170, .T. ) ;
#250 = EDGE_LOOP ( 'NONE', ( #1406, #333, #130, #256 ) ) ;
#251 = EDGE_CURVE ( 'NONE', #1438, #69, #430, .T. ) ;
#252 = DIRECTION ( 'NONE',  ( -0.000000000000000000, -0.000000000000000000, 1.000000000000000000 ) ) ;
#253 = FACE_OUTER_BOUND ( 'NONE', #1680, .T. ) ;
#254 = DIRECTION ( 'NONE',  ( 0.000000000000000000, 0.000000000000000000, 1.000000000000000000 ) ) ;
#255 = DIRECTION ( 'NONE',  ( -0.000000000000000000, -0.000000000000000000, 1.000000000000000000 ) ) ;
#256 = ORIENTED_EDGE ( 'NONE', *, *, #885, .T. ) ;
#257 = ORIENTED_EDGE ( 'NONE', *, *, #193, .F. ) ;
#258 = CARTESIAN_POINT ( 'NONE',  ( 1.299038105676659782, 0.7499999999999968914, 0.6750000000000000444 ) ) ;
#259 = DIRECTION ( 'NONE',  ( 0.4999999999999976685, -0.8660254037844400399, 0.000000000000000000 ) ) ;
#260 = DIRECTION ( 'NONE',  ( -0.000000000000000000, -0.000000000000000000, 1.000000000000000000 ) ) ;
#261 = ORIENTED_EDGE ( 'NONE', *, *, #1867, .F. ) ;
#262 = EDGE_CURVE ( 'NONE', #1638, #69, #912, .T. ) ;
#263 = CARTESIAN_POINT ( 'NONE',  ( 1.011538105676654586, -0.7500000000000061062, 0.6750000000000000444 ) ) ;
#264 = CARTESIAN_POINT ( 'NONE',  ( 3.505367492503012716, -3.611538105676674437, 1.000000000000000000 ) ) ;
#265 = VERTEX_POINT ( 'NONE', #1363 ) ;
#266 = VECTOR ( 'NONE', #706, 100.0000000000000000 ) ;
#267 = VERTEX_POINT ( 'NONE', #586 ) ;
#268 = CARTESIAN_POINT ( 'NONE',  ( -1.586538105676664756, -0.7499999999999878986, 0.6750000000000000444 ) ) ;
#269 = AXIS2_PLACEMENT_3D ( 'NONE', #383, #1614, #534 ) ;
#270 = AXIS2_PLACEMENT_3D ( 'NONE', #99, #1309, #536 ) ;
#271 = CARTESIAN_POINT ( 'NONE',  ( 3.005367492503037585, 3.611538105676649568, 0.000000000000000000 ) ) ;
#272 = AXIS2_PLACEMENT_3D ( 'NONE', #1422, #17, #1865 ) ;
#273 = ADVANCED_FACE ( 'NONE', ( #142 ), #762, .F. ) ;
#274 = ORIENTED_EDGE ( 'NONE', *, *, #559, .F. ) ;
#275 = AXIS2_PLACEMENT_3D ( 'NONE', #990, #1118, #1597 ) ;
#276 = DIRECTION ( 'NONE',  ( 1.000000000000000000, 0.000000000000000000, 0.000000000000000000 ) ) ;
#277 = DIRECTION ( 'NONE',  ( -0.000000000000000000, 0.000000000000000000, 1.000000000000000000 ) ) ;
#278 = EDGE_CURVE ( 'NONE', #1692, #290, #2004, .T. ) ;
#279 = ORIENTED_EDGE ( 'NONE', *, *, #249, .F. ) ;
#280 = ORIENTED_EDGE ( 'NONE', *, *, #1104, .F. ) ;
#281 = DIRECTION ( 'NONE',  ( -1.000000000000000000, 0.000000000000000000, 0.000000000000000000 ) ) ;
#282 = ORIENTED_EDGE ( 'NONE', *, *, #286, .T. ) ;
#283 = CARTESIAN_POINT ( 'NONE',  ( 4.755367492503030924, 1.013461894323330448, 1.000000000000000000 ) ) ;
#284 = CARTESIAN_POINT ( 'NONE',  ( 4.505367492503030924, 1.013461894323330448, 0.000000000000000000 ) ) ;
#285 = ORIENTED_EDGE ( 'NONE', *, *, #670, .T. ) ;
#286 = EDGE_CURVE ( 'NONE', #30, #1499, #1229, .T. ) ;
#287 = VERTEX_POINT ( 'NONE', #1047 ) ;
#288 = DIRECTION ( 'NONE',  ( -0.000000000000000000, 0.000000000000000000, 1.000000000000000000 ) ) ;
#289 = DIRECTION ( 'NONE',  ( 0.000000000000000000, 0.000000000000000000, 1.000000000000000000 ) ) ;
#290 = VERTEX_POINT ( 'NONE', #1402 ) ;
#291 = CARTESIAN_POINT ( 'NONE',  ( 0.000000000000000000, 0.000000000000000000, 1.000000000000000000 ) ) ;
#292 = DIRECTION ( 'NONE',  ( -0.000000000000000000, 0.000000000000000000, 1.000000000000000000 ) ) ;
#293 = PRODUCT ( 'output mount', 'output mount', '', ( #372 ) ) ;
#294 = ORIENTED_EDGE ( 'NONE', *, *, #1127, .T. ) ;
#295 = ADVANCED_FACE ( 'NONE', ( #1699 ), #152, .F. ) ;
#296 = VERTEX_POINT ( 'NONE', #1087 ) ;
#297 = AXIS2_PLACEMENT_3D ( 'NONE', #1823, #1066, #276 ) ;
#298 = CIRCLE ( 'NONE', #1829, 5.875000000000000000 ) ;
#299 = CARTESIAN_POINT ( 'NONE',  ( 0.000000000000000000, 1.500000000000000000, 0.000000000000000000 ) ) ;
#300 = DIRECTION ( 'NONE',  ( -0.000000000000000000, -0.000000000000000000, 1.000000000000000000 ) ) ;
#301 = AXIS2_PLACEMENT_3D ( 'NONE', #1122, #776, #1414 ) ;
#302 = ORIENTED_EDGE ( 'NONE', *, *, #982, .T. ) ;
#303 = DIRECTION ( 'NONE',  ( -0.000000000000000000, -0.000000000000000000, 1.000000000000000000 ) ) ;
#304 = AXIS2_PLACEMENT_3D ( 'NONE', #1265, #844, #1591 ) ;
#305 = CARTESIAN_POINT ( 'NONE',  ( 1.299038105676659782, 0.7499999999999968914, 0.6750000000000000444 ) ) ;
#306 = CIRCLE ( 'NONE', #828, 0.2000000000000000111 ) ;
#307 = VERTEX_POINT ( 'NONE', #1202 ) ;
#308 = CARTESIAN_POINT ( 'NONE',  ( 1.499038105676659738, 0.7499999999999968914, 0.000000000000000000 ) ) ;
#309 = AXIS2_PLACEMENT_3D ( 'NONE', #1107, #491, #1773 ) ;
#310 = ORIENTED_EDGE ( 'NONE', *, *, #1036, .F. ) ;
#311 = CARTESIAN_POINT ( 'NONE',  ( -4.755367492503030924, -1.013461894323331336, 1.000000000000000000 ) ) ;
#312 = CARTESIAN_POINT ( 'NONE',  ( 1.250000000000000444, -4.625000000000000000, 0.000000000000000000 ) ) ;
#313 = EDGE_LOOP ( 'NONE', ( #735, #561, #902, #127 ) ) ;
#314 = DIRECTION ( 'NONE',  ( 1.000000000000000000, 0.000000000000000000, 0.000000000000000000 ) ) ;
#315 = EDGE_CURVE ( 'NONE', #1946, #1959, #933, .T. ) ;
#316 = LINE ( 'NONE', #1852, #1740 ) ;
#317 = ORIENTED_EDGE ( 'NONE', *, *, #1011, .F. ) ;
#318 = DIRECTION ( 'NONE',  ( -0.000000000000000000, 0.000000000000000000, 1.000000000000000000 ) ) ;
#319 = VERTEX_POINT ( 'NONE', #1671 ) ;
#320 = FACE_OUTER_BOUND ( 'NONE', #1359, .T. ) ;
#321 = CARTESIAN_POINT ( 'NONE',  ( 1.500000000000000444, -4.625000000000000000, 1.000000000000000000 ) ) ;
#322 = EDGE_LOOP ( 'NONE', ( #1365, #553, #147, #1410 ) ) ;
#323 = DIRECTION ( 'NONE',  ( -0.000000000000000000, -0.000000000000000000, 1.000000000000000000 ) ) ;
#324 = DIRECTION ( 'NONE',  ( 0.000000000000000000, 0.000000000000000000, 1.000000000000000000 ) ) ;
#325 = ADVANCED_FACE ( 'NONE', ( #1861 ), #467, .F. ) ;
#326 = VERTEX_POINT ( 'NONE', #1525 ) ;
#327 = DIRECTION ( 'NONE',  ( 1.000000000000000000, 0.000000000000000000, 0.000000000000000000 ) ) ;
#328 = ORIENTED_EDGE ( 'NONE', *, *, #781, .F. ) ;
#329 = CLOSED_SHELL ( 'NONE', ( #295, #521, #1223, #736, #593, #859, #6, #905, #1669, #458, #1917, #1891, #1093, #476, #1584, #273, #165, #325, #359, #620, #819, #1931, #1816, #1617, #1178, #1783, #479, #177, #932, #834, #1846, #1356, #162, #1658, #40, #1390, #2002, #1246, #757, #1771, #59, #1656, #1032, #650, #503, #1289, #721, #1755, #919, #1456, #1137, #1683, #999, #425, #753, #709, #673, #1536, #1844, #1280 ) ) ;
#330 = CYLINDRICAL_SURFACE ( 'NONE', #1179, 0.2500000000000002220 ) ;
#331 = LINE ( 'NONE', #312, #1151 ) ;
#332 = CIRCLE ( 'NONE', #1404, 0.2875000000000000333 ) ;
#333 = ORIENTED_EDGE ( 'NONE', *, *, #1207, .F. ) ;
#334 = CYLINDRICAL_SURFACE ( 'NONE', #399, 0.2000000000000000111 ) ;
#335 = FACE_OUTER_BOUND ( 'NONE', #122, .T. ) ;
#336 = AXIS2_PLACEMENT_3D ( 'NONE', #1531, #1679, #281 ) ;
#337 = STYLED_ITEM ( 'NONE', ( #1453 ), #1062 ) ;
#338 = VERTEX_POINT ( 'NONE', #160 ) ;
#339 = CARTESIAN_POINT ( 'NONE',  ( 4.755367492503030924, 1.013461894323330448, 0.000000000000000000 ) ) ;
#340 = EDGE_CURVE ( 'NONE', #1470, #861, #740, .T. ) ;
#341 = AXIS2_PLACEMENT_3D ( 'NONE', #1814, #1159, #855 ) ;
#342 = ORIENTED_EDGE ( 'NONE', *, *, #1943, .F. ) ;
#343 = VECTOR ( 'NONE', #260, 100.0000000000000000 ) ;
#344 = VECTOR ( 'NONE', #452, 100.0000000000000000 ) ;
#345 = DIRECTION ( 'NONE',  ( -0.5000000000000029976, -0.8660254037844369313, 0.000000000000000000 ) ) ;
#346 = FACE_OUTER_BOUND ( 'NONE', #1025, .T. ) ;
#347 = DIRECTION ( 'NONE',  ( 0.000000000000000000, 0.000000000000000000, 1.000000000000000000 ) ) ;
#348 = FACE_BOUND ( 'NONE', #635, .T. ) ;
#349 = DIRECTION ( 'NONE',  ( 1.000000000000000000, 0.000000000000000000, -0.000000000000000000 ) ) ;
#350 = VERTEX_POINT ( 'NONE', #1681 ) ;
#351 = EDGE_CURVE ( 'NONE', #1631, #1061, #720, .T. ) ;
#352 = CARTESIAN_POINT ( 'NONE',  ( 1.299038105676654675, -0.7500000000000061062, 0.6750000000000000444 ) ) ;
#353 = CARTESIAN_POINT ( 'NONE',  ( -3.505367492503012716, 3.611538105676673105, 1.000000000000000000 ) ) ;
#354 = FACE_BOUND ( 'NONE', #1729, .T. ) ;
#355 = VERTEX_POINT ( 'NONE', #1722 ) ;
#356 = CARTESIAN_POINT ( 'NONE',  ( -1.499999999999999334, 4.625000000000000000, 0.000000000000000000 ) ) ;
#357 = ORIENTED_EDGE ( 'NONE', *, *, #1819, .T. ) ;
#358 = CARTESIAN_POINT ( 'NONE',  ( -4.505367492503030036, -1.013461894323331336, 0.000000000000000000 ) ) ;
#359 = ADVANCED_FACE ( 'NONE', ( #942 ), #1252, .F. ) ;
#360 = AXIS2_PLACEMENT_3D ( 'NONE', #246, #254, #843 ) ;
#361 = DIRECTION ( 'NONE',  ( -0.000000000000000000, 0.000000000000000000, 1.000000000000000000 ) ) ;
#362 = DIRECTION ( 'NONE',  ( -0.000000000000000000, 0.000000000000000000, 1.000000000000000000 ) ) ;
#363 = CIRCLE ( 'NONE', #625, 0.2000000000000000111 ) ;
#364 = FACE_BOUND ( 'NONE', #1663, .T. ) ;
#365 = CARTESIAN_POINT ( 'NONE',  ( 1.586538105676659649, 0.7499999999999968914, 0.6750000000000000444 ) ) ;
#366 = CIRCLE ( 'NONE', #1737, 0.2874999999999999778 ) ;
#367 = EDGE_LOOP ( 'NONE', ( #1766, #1977 ) ) ;
#368 = AXIS2_PLACEMENT_3D ( 'NONE', #258, #1396, #1974 ) ;
#369 = VECTOR ( 'NONE', #1793, 100.0000000000000000 ) ;
#370 = ORIENTED_EDGE ( 'NONE', *, *, #1721, .F. ) ;
#371 = CYLINDRICAL_SURFACE ( 'NONE', #1899, 0.2500000000000002220 ) ;
#372 = PRODUCT_CONTEXT ( 'NONE', #972, 'mechanical' ) ;
#373 = VECTOR ( 'NONE', #223, 100.0000000000000000 ) ;
#374 = EDGE_CURVE ( 'NONE', #287, #1529, #363, .T. ) ;
#375 = AXIS2_PLACEMENT_3D ( 'NONE', #605, #444, #1566 ) ;
#376 = CARTESIAN_POINT ( 'NONE',  ( -3.005367492503036697, -3.611538105676650900, 0.000000000000000000 ) ) ;
#377 = LINE ( 'NONE', #1333, #473 ) ;
#378 = EDGE_LOOP ( 'NONE', ( #766, #656 ) ) ;
#379 = LINE ( 'NONE', #1177, #459 ) ;
#380 = FACE_OUTER_BOUND ( 'NONE', #216, .T. ) ;
#381 = ORIENTED_EDGE ( 'NONE', *, *, #1905, .F. ) ;
#382 = ORIENTED_EDGE ( 'NONE', *, *, #1821, .F. ) ;
#383 = CARTESIAN_POINT ( 'NONE',  ( -1.299038105676649124, 0.7500000000000150990, 1.000000000000000000 ) ) ;
#384 = CARTESIAN_POINT ( 'NONE',  ( -3.255367492503037141, -3.611538105676650900, 1.000000000000000000 ) ) ;
#385 = DIRECTION ( 'NONE',  ( -0.000000000000000000, -0.000000000000000000, 1.000000000000000000 ) ) ;
#386 = EDGE_CURVE ( 'NONE', #1319, #1631, #1113, .T. ) ;
#387 = ORIENTED_EDGE ( 'NONE', *, *, #1601, .F. ) ;
#388 = CARTESIAN_POINT ( 'NONE',  ( 1.500000000000000666, 4.625000000000000000, 0.000000000000000000 ) ) ;
#389 = DIRECTION ( 'NONE',  ( -0.000000000000000000, 0.000000000000000000, 1.000000000000000000 ) ) ;
#390 = ORIENTED_EDGE ( 'NONE', *, *, #1169, .T. ) ;
#391 = VERTEX_POINT ( 'NONE', #353 ) ;
#392 = FACE_OUTER_BOUND ( 'NONE', #585, .T. ) ;
#393 = CARTESIAN_POINT ( 'NONE',  ( 1.299038105676659782, 0.7499999999999968914, 0.6750000000000000444 ) ) ;
#394 = DIRECTION ( 'NONE',  ( 1.000000000000000000, 0.000000000000000000, 0.000000000000000000 ) ) ;
#395 = ORIENTED_EDGE ( 'NONE', *, *, #1757, .T. ) ;
#396 = DIRECTION ( 'NONE',  ( 1.000000000000000000, 0.000000000000000000, 0.000000000000000000 ) ) ;
#397 = CARTESIAN_POINT ( 'NONE',  ( 1.299038105676659782, 0.7499999999999968914, 0.000000000000000000 ) ) ;
#398 = VECTOR ( 'NONE', #1238, 100.0000000000000000 ) ;
#399 = AXIS2_PLACEMENT_3D ( 'NONE', #974, #1286, #1594 ) ;
#400 = ORIENTED_EDGE ( 'NONE', *, *, #1219, .F. ) ;
#401 = AXIS2_PLACEMENT_3D ( 'NONE', #1351, #1857, #443 ) ;
#402 = ORIENTED_EDGE ( 'NONE', *, *, #2006, .T. ) ;
#403 = CIRCLE ( 'NONE', #111, 0.2499999999999998890 ) ;
#404 = LINE ( 'NONE', #1930, #755 ) ;
#405 = AXIS2_PLACEMENT_3D ( 'NONE', #447, #1723, #1713 ) ;
#406 = FACE_OUTER_BOUND ( 'NONE', #133, .T. ) ;
#407 = CARTESIAN_POINT ( 'NONE',  ( 0.2875000000000000333, -1.500000000000000000, 0.6750000000000000444 ) ) ;
#408 = AXIS2_PLACEMENT_3D ( 'NONE', #158, #1260, #777 ) ;
#409 = ORIENTED_EDGE ( 'NONE', *, *, #1433, .T. ) ;
#410 = DIRECTION ( 'NONE',  ( 0.000000000000000000, 0.000000000000000000, 1.000000000000000000 ) ) ;
#411 = CARTESIAN_POINT ( 'NONE',  ( 1.499038105676659738, 0.7499999999999968914, 0.000000000000000000 ) ) ;
#412 = ORIENTED_EDGE ( 'NONE', *, *, #1982, .T. ) ;
#413 = EDGE_LOOP ( 'NONE', ( #1993, #1988, #1825, #445 ) ) ;
#414 = DIRECTION ( 'NONE',  ( 0.4999999999999976685, -0.8660254037844400399, 0.000000000000000000 ) ) ;
#415 = EDGE_CURVE ( 'NONE', #675, #826, #496, .T. ) ;
#416 = DIRECTION ( 'NONE',  ( -0.000000000000000000, -0.000000000000000000, 1.000000000000000000 ) ) ;
#417 = CARTESIAN_POINT ( 'NONE',  ( 0.000000000000000000, 1.500000000000000000, 0.6750000000000000444 ) ) ;
#418 = DIRECTION ( 'NONE',  ( -0.000000000000000000, -0.000000000000000000, 1.000000000000000000 ) ) ;
#419 = CARTESIAN_POINT ( 'NONE',  ( -0.2874999999999999778, 1.500000000000000000, 0.6750000000000000444 ) ) ;
#420 = EDGE_LOOP ( 'NONE', ( #792, #786, #852, #1448 ) ) ;
#421 = ORIENTED_EDGE ( 'NONE', *, *, #31, .T. ) ;
#422 = DIRECTION ( 'NONE',  ( 1.000000000000000000, 0.000000000000000000, 0.000000000000000000 ) ) ;
#423 = EDGE_CURVE ( 'NONE', #125, #1353, #851, .T. ) ;
#424 = FACE_OUTER_BOUND ( 'NONE', #1450, .T. ) ;
#425 = ADVANCED_FACE ( 'NONE', ( #1132, #1277 ), #509, .T. ) ;
#426 = EDGE_LOOP ( 'NONE', ( #1201, #857, #582, #294 ) ) ;
#427 = CARTESIAN_POINT ( 'NONE',  ( 3.505367492503038029, 3.611538105676649568, 0.000000000000000000 ) ) ;
#428 = DIRECTION ( 'NONE',  ( 1.000000000000000000, 0.000000000000000000, -0.000000000000000000 ) ) ;
#429 = ORIENTED_EDGE ( 'NONE', *, *, #548, .T. ) ;
#430 = CIRCLE ( 'NONE', #1570, 0.2000000000000000111 ) ;
#431 = AXIS2_PLACEMENT_3D ( 'NONE', #1029, #1500, #1040 ) ;
#432 = EDGE_LOOP ( 'NONE', ( #317, #1421, #1065, #935 ) ) ;
#433 = VECTOR ( 'NONE', #192, 100.0000000000000000 ) ;
#434 = CARTESIAN_POINT ( 'NONE',  ( -4.505367492503030036, -1.013461894323331336, 0.000000000000000000 ) ) ;
#435 = CIRCLE ( 'NONE', #596, 0.2500000000000001110 ) ;
#436 = ORIENTED_EDGE ( 'NONE', *, *, #101, .T. ) ;
#437 = VECTOR ( 'NONE', #482, 100.0000000000000000 ) ;
#438 = CARTESIAN_POINT ( 'NONE',  ( -1.099038105676664934, -0.7499999999999878986, 0.000000000000000000 ) ) ;
#439 = DIRECTION ( 'NONE',  ( -0.000000000000000000, -0.000000000000000000, 1.000000000000000000 ) ) ;
#440 = VECTOR ( 'NONE', #300, 100.0000000000000000 ) ;
#441 = ORIENTED_EDGE ( 'NONE', *, *, #1302, .T. ) ;
#442 = VERTEX_POINT ( 'NONE', #659 ) ;
#443 = DIRECTION ( 'NONE',  ( 1.000000000000000000, 0.000000000000000000, 0.000000000000000000 ) ) ;
#444 = DIRECTION ( 'NONE',  ( -0.000000000000000000, 0.000000000000000000, 1.000000000000000000 ) ) ;
#445 = ORIENTED_EDGE ( 'NONE', *, *, #1460, .T. ) ;
#446 = CARTESIAN_POINT ( 'NONE',  ( 0.000000000000000000, -1.500000000000000000, 1.000000000000000000 ) ) ;
#447 = CARTESIAN_POINT ( 'NONE',  ( 1.500000000000000444, -4.625000000000000000, 0.000000000000000000 ) ) ;
#448 = EDGE_LOOP ( 'NONE', ( #485, #1850 ) ) ;
#449 = EDGE_CURVE ( 'NONE', #946, #543, #298, .T. ) ;
#450 = EDGE_LOOP ( 'NONE', ( #229, #1273, #1622, #370 ) ) ;
#451 = DIRECTION ( 'NONE',  ( 1.000000000000000000, 0.000000000000000000, 0.000000000000000000 ) ) ;
#452 = DIRECTION ( 'NONE',  ( -0.000000000000000000, -0.000000000000000000, -1.000000000000000000 ) ) ;
#453 = ORIENTED_EDGE ( 'NONE', *, *, #1183, .F. ) ;
#454 = DIRECTION ( 'NONE',  ( -0.000000000000000000, 0.000000000000000000, 1.000000000000000000 ) ) ;
#455 = DIRECTION ( 'NONE',  ( 1.000000000000000000, 0.000000000000000000, 0.000000000000000000 ) ) ;
#456 = EDGE_CURVE ( 'NONE', #724, #1764, #1419, .T. ) ;
#457 = DIRECTION ( 'NONE',  ( -0.000000000000000000, 0.000000000000000000, 1.000000000000000000 ) ) ;
#458 = ADVANCED_FACE ( 'NONE', ( #346 ), #54, .F. ) ;
#459 = VECTOR ( 'NONE', #418, 100.0000000000000000 ) ;
#460 = EDGE_LOOP ( 'NONE', ( #159, #387, #1592, #1097 ) ) ;
#461 = VECTOR ( 'NONE', #454, 100.0000000000000000 ) ;
#462 = AXIS2_PLACEMENT_3D ( 'NONE', #1006, #1143, #1174 ) ;
#463 = FACE_OUTER_BOUND ( 'NONE', #77, .T. ) ;
#464 = FACE_OUTER_BOUND ( 'NONE', #1643, .T. ) ;
#465 = VECTOR ( 'NONE', #1199, 100.0000000000000000 ) ;
#466 = ORIENTED_EDGE ( 'NONE', *, *, #1509, .F. ) ;
#467 = CYLINDRICAL_SURFACE ( 'NONE', #1173, 0.2500000000000000555 ) ;
#468 = AXIS2_PLACEMENT_3D ( 'NONE', #1942, #714, #240 ) ;
#469 = DIRECTION ( 'NONE',  ( 0.000000000000000000, 0.000000000000000000, 1.000000000000000000 ) ) ;
#470 = AXIS2_PLACEMENT_3D ( 'NONE', #397, #1010, #1193 ) ;
#471 = ORIENTED_EDGE ( 'NONE', *, *, #278, .F. ) ;
#472 = DIRECTION ( 'NONE',  ( -0.000000000000000000, 0.000000000000000000, 1.000000000000000000 ) ) ;
#473 = VECTOR ( 'NONE', #880, 100.0000000000000000 ) ;
#474 = VECTOR ( 'NONE', #169, 100.0000000000000000 ) ;
#475 = EDGE_LOOP ( 'NONE', ( #310, #703 ) ) ;
#476 = ADVANCED_FACE ( 'NONE', ( #26 ), #1268, .F. ) ;
#477 = CARTESIAN_POINT ( 'NONE',  ( 3.005367492503012716, -3.611538105676674437, 0.000000000000000000 ) ) ;
#478 = DIRECTION ( 'NONE',  ( -0.000000000000000000, -0.000000000000000000, 1.000000000000000000 ) ) ;
#479 = ADVANCED_FACE ( 'NONE', ( #1106 ), #334, .F. ) ;
#480 = VERTEX_POINT ( 'NONE', #1730 ) ;
#481 = DIRECTION ( 'NONE',  ( 0.000000000000000000, 0.000000000000000000, 1.000000000000000000 ) ) ;
#482 = DIRECTION ( 'NONE',  ( -0.000000000000000000, -0.000000000000000000, 1.000000000000000000 ) ) ;
#483 = EDGE_LOOP ( 'NONE', ( #1376, #501, #804, #285 ) ) ;
#484 = DIRECTION ( 'NONE',  ( 0.000000000000000000, 0.000000000000000000, 1.000000000000000000 ) ) ;
#485 = ORIENTED_EDGE ( 'NONE', *, *, #781, .T. ) ;
#486 = DIRECTION ( 'NONE',  ( 0.4999999999999976685, -0.8660254037844400399, 0.000000000000000000 ) ) ;
#487 = FACE_OUTER_BOUND ( 'NONE', #420, .T. ) ;
#488 = EDGE_LOOP ( 'NONE', ( #895, #1928 ) ) ;
#489 = EDGE_CURVE ( 'NONE', #846, #1225, #10, .T. ) ;
#490 = DIRECTION ( 'NONE',  ( -0.000000000000000000, -0.000000000000000000, 1.000000000000000000 ) ) ;
#491 = DIRECTION ( 'NONE',  ( -0.000000000000000000, -0.000000000000000000, 1.000000000000000000 ) ) ;
#492 = ORIENTED_EDGE ( 'NONE', *, *, #1169, .F. ) ;
#493 = DIRECTION ( 'NONE',  ( 0.000000000000000000, 0.000000000000000000, 1.000000000000000000 ) ) ;
#494 = EDGE_LOOP ( 'NONE', ( #1348, #562, #436, #60 ) ) ;
#495 = CYLINDRICAL_SURFACE ( 'NONE', #15, 0.2000000000000000111 ) ;
#496 = CIRCLE ( 'NONE', #1049, 0.2874999999999999223 ) ;
#497 = CARTESIAN_POINT ( 'NONE',  ( 1.099038105676659605, 0.7499999999999968914, 0.000000000000000000 ) ) ;
#498 = FACE_BOUND ( 'NONE', #623, .T. ) ;
#499 = EDGE_CURVE ( 'NONE', #694, #1686, #1759, .T. ) ;
#500 = CIRCLE ( 'NONE', #1995, 0.2499999999999998612 ) ;
#501 = ORIENTED_EDGE ( 'NONE', *, *, #969, .F. ) ;
#502 = DIRECTION ( 'NONE',  ( 0.000000000000000000, 0.000000000000000000, 1.000000000000000000 ) ) ;
#503 = ADVANCED_FACE ( 'NONE', ( #213 ), #965, .F. ) ;
#504 = CIRCLE ( 'NONE', #179, 0.2000000000000000111 ) ;
#505 = ORIENTED_EDGE ( 'NONE', *, *, #1370, .F. ) ;
#506 = AXIS2_PLACEMENT_3D ( 'NONE', #1782, #385, #1007 ) ;
#507 = FACE_OUTER_BOUND ( 'NONE', #882, .T. ) ;
#508 = CARTESIAN_POINT ( 'NONE',  ( 0.000000000000000000, 0.000000000000000000, 0.000000000000000000 ) ) ;
#509 = PLANE ( 'NONE',  #1543 ) ;
#510 = FACE_BOUND ( 'NONE', #835, .T. ) ;
#511 = FACE_BOUND ( 'NONE', #1726, .T. ) ;
#512 = CARTESIAN_POINT ( 'NONE',  ( -1.299038105676649124, 0.7500000000000150990, 0.000000000000000000 ) ) ;
#513 = ORIENTED_EDGE ( 'NONE', *, *, #940, .F. ) ;
#514 = LINE ( 'NONE', #477, #433 ) ;
#515 = APPLICATION_PROTOCOL_DEFINITION ( 'draft international standard', 'automotive_design', 1998, #972 ) ;
#516 = DIRECTION ( 'NONE',  ( 0.000000000000000000, 0.000000000000000000, 1.000000000000000000 ) ) ;
#517 = CARTESIAN_POINT ( 'NONE',  ( 0.000000000000000000, 0.000000000000000000, 0.000000000000000000 ) ) ;
#518 = VERTEX_POINT ( 'NONE', #497 ) ;
#519 = CARTESIAN_POINT ( 'NONE',  ( 3.255367492503012716, -3.611538105676674437, 0.000000000000000000 ) ) ;
#520 = ORIENTED_EDGE ( 'NONE', *, *, #449, .F. ) ;
#521 = ADVANCED_FACE ( 'NONE', ( #194 ), #811, .F. ) ;
#522 = ORIENTED_EDGE ( 'NONE', *, *, #1095, .T. ) ;
#523 = LINE ( 'NONE', #997, #787 ) ;
#524 = CARTESIAN_POINT ( 'NONE',  ( 4.755367492503024707, -1.013461894323364865, 1.000000000000000000 ) ) ;
#525 = CIRCLE ( 'NONE', #137, 0.2500000000000000000 ) ;
#526 = CARTESIAN_POINT ( 'NONE',  ( -1.011538105676649035, 0.7500000000000150990, 0.6750000000000000444 ) ) ;
#527 = CIRCLE ( 'NONE', #270, 0.2874999999999999223 ) ;
#528 = DIRECTION ( 'NONE',  ( 1.000000000000000000, 0.000000000000000000, 0.000000000000000000 ) ) ;
#529 = AXIS2_PLACEMENT_3D ( 'NONE', #1563, #891, #1243 ) ;
#530 = VERTEX_POINT ( 'NONE', #72 ) ;
#531 = AXIS2_PLACEMENT_3D ( 'NONE', #1725, #318, #1666 ) ;
#532 = AXIS2_PLACEMENT_3D ( 'NONE', #551, #1168, #1020 ) ;
#533 = VERTEX_POINT ( 'NONE', #546 ) ;
#534 = DIRECTION ( 'NONE',  ( 1.000000000000000000, 0.000000000000000000, 0.000000000000000000 ) ) ;
#535 = AXIS2_PLACEMENT_3D ( 'NONE', #1616, #1164, #232 ) ;
#536 = DIRECTION ( 'NONE',  ( 1.000000000000000000, 0.000000000000000000, 0.000000000000000000 ) ) ;
#537 = EDGE_CURVE ( 'NONE', #900, #166, #523, .T. ) ;
#538 = DIRECTION ( 'NONE',  ( 1.000000000000000000, 0.000000000000000000, 0.000000000000000000 ) ) ;
#539 = ORIENTED_EDGE ( 'NONE', *, *, #1035, .T. ) ;
#540 = FACE_OUTER_BOUND ( 'NONE', #1378, .T. ) ;
#541 = CARTESIAN_POINT ( 'NONE',  ( 1.500000000000000444, -4.625000000000000000, 0.000000000000000000 ) ) ;
#542 = ORIENTED_EDGE ( 'NONE', *, *, #1367, .F. ) ;
#543 = VERTEX_POINT ( 'NONE', #1952 ) ;
#544 = DIRECTION ( 'NONE',  ( -0.000000000000000000, 0.000000000000000000, 1.000000000000000000 ) ) ;
#545 = EDGE_CURVE ( 'NONE', #1225, #355, #1615, .T. ) ;
#546 = CARTESIAN_POINT ( 'NONE',  ( 1.750000000000000444, 4.625000000000000000, 0.000000000000000000 ) ) ;
#547 = CARTESIAN_POINT ( 'NONE',  ( 4.505367492503023819, -1.013461894323364865, 1.000000000000000000 ) ) ;
#548 = EDGE_CURVE ( 'NONE', #265, #296, #1407, .T. ) ;
#549 = ORIENTED_EDGE ( 'NONE', *, *, #1880, .T. ) ;
#550 = DIRECTION ( 'NONE',  ( 1.000000000000000000, 0.000000000000000000, 0.000000000000000000 ) ) ;
#551 = CARTESIAN_POINT ( 'NONE',  ( -4.755367492503024707, 1.013461894323363754, 0.000000000000000000 ) ) ;
#552 = ORIENTED_EDGE ( 'NONE', *, *, #573, .T. ) ;
#553 = ORIENTED_EDGE ( 'NONE', *, *, #68, .T. ) ;
#554 = FACE_OUTER_BOUND ( 'NONE', #1458, .T. ) ;
#555 = DIRECTION ( 'NONE',  ( 0.4999999999999976685, -0.8660254037844400399, 0.000000000000000000 ) ) ;
#556 = DIRECTION ( 'NONE',  ( 0.000000000000000000, -0.000000000000000000, 1.000000000000000000 ) ) ;
#557 = DIRECTION ( 'NONE',  ( -0.000000000000000000, 0.000000000000000000, 1.000000000000000000 ) ) ;
#558 = DIRECTION ( 'NONE',  ( 0.4999999999999976685, -0.8660254037844400399, 0.000000000000000000 ) ) ;
#559 = EDGE_CURVE ( 'NONE', #752, #680, #525, .T. ) ;
#560 = VECTOR ( 'NONE', #599, 100.0000000000000000 ) ;
#561 = ORIENTED_EDGE ( 'NONE', *, *, #1095, .F. ) ;
#562 = ORIENTED_EDGE ( 'NONE', *, *, #537, .T. ) ;
#563 = CIRCLE ( 'NONE', #304, 0.2500000000000000555 ) ;
#564 = DIRECTION ( 'NONE',  ( 0.000000000000000000, 0.000000000000000000, 1.000000000000000000 ) ) ;
#565 = CIRCLE ( 'NONE', #1416, 0.2000000000000000111 ) ;
#566 = CARTESIAN_POINT ( 'NONE',  ( -3.005367492503036697, -3.611538105676650900, 1.000000000000000000 ) ) ;
#567 = AXIS2_PLACEMENT_3D ( 'NONE', #517, #1287, #1904 ) ;
#568 = DIRECTION ( 'NONE',  ( -0.000000000000000000, -0.000000000000000000, 1.000000000000000000 ) ) ;
#569 = DIRECTION ( 'NONE',  ( 1.000000000000000000, 0.000000000000000000, 0.000000000000000000 ) ) ;
#570 = CARTESIAN_POINT ( 'NONE',  ( -5.005367492503025595, 1.013461894323363754, 1.000000000000000000 ) ) ;
#571 = EDGE_CURVE ( 'NONE', #1228, #118, #45, .T. ) ;
#572 = EDGE_LOOP ( 'NONE', ( #1571, #1950 ) ) ;
#573 = EDGE_CURVE ( 'NONE', #578, #166, #886, .T. ) ;
#574 = ORIENTED_EDGE ( 'NONE', *, *, #423, .F. ) ;
#575 = CARTESIAN_POINT ( 'NONE',  ( 0.000000000000000000, 0.000000000000000000, 1.000000000000000000 ) ) ;
#576 = DIRECTION ( 'NONE',  ( -0.000000000000000000, -0.000000000000000000, 1.000000000000000000 ) ) ;
#577 = CARTESIAN_POINT ( 'NONE',  ( 4.755367492503024707, -1.013461894323364865, 0.000000000000000000 ) ) ;
#578 = VERTEX_POINT ( 'NONE', #566 ) ;
#579 = CARTESIAN_POINT ( 'NONE',  ( 0.000000000000000000, 1.500000000000000000, 0.6750000000000000444 ) ) ;
#580 = DIRECTION ( 'NONE',  ( -0.000000000000000000, -0.000000000000000000, 1.000000000000000000 ) ) ;
#581 = ORIENTED_EDGE ( 'NONE', *, *, #763, .F. ) ;
#582 = ORIENTED_EDGE ( 'NONE', *, *, #1870, .T. ) ;
#583 = EDGE_CURVE ( 'NONE', #1756, #1391, #1211, .T. ) ;
#584 = DIRECTION ( 'NONE',  ( -0.000000000000000000, -0.000000000000000000, 1.000000000000000000 ) ) ;
#585 = EDGE_LOOP ( 'NONE', ( #48, #1511, #1585, #782 ) ) ;
#586 = CARTESIAN_POINT ( 'NONE',  ( -1.749999999999999556, 4.625000000000000000, 1.000000000000000000 ) ) ;
#587 = CARTESIAN_POINT ( 'NONE',  ( -3.005367492503036697, -3.611538105676650900, 0.000000000000000000 ) ) ;
#588 = ORIENTED_EDGE ( 'NONE', *, *, #1586, .T. ) ;
#589 = VECTOR ( 'NONE', #361, 100.0000000000000000 ) ;
#590 = ORIENTED_EDGE ( 'NONE', *, *, #1515, .T. ) ;
#591 = AXIS2_PLACEMENT_3D ( 'NONE', #1960, #682, #1153 ) ;
#592 = CIRCLE ( 'NONE', #856, 0.2500000000000000000 ) ;
#593 = ADVANCED_FACE ( 'NONE', ( #91 ), #1454, .F. ) ;
#594 = DIRECTION ( 'NONE',  ( -0.000000000000000000, 0.000000000000000000, 1.000000000000000000 ) ) ;
#595 = CARTESIAN_POINT ( 'NONE',  ( 3.255367492503012716, -3.611538105676674437, 0.000000000000000000 ) ) ;
#596 = AXIS2_PLACEMENT_3D ( 'NONE', #1979, #1041, #1514 ) ;
#597 = ORIENTED_EDGE ( 'NONE', *, *, #1367, .T. ) ;
#598 = VECTOR ( 'NONE', #1191, 100.0000000000000000 ) ;
#599 = DIRECTION ( 'NONE',  ( -0.000000000000000000, -0.000000000000000000, 1.000000000000000000 ) ) ;
#600 = DIRECTION ( 'NONE',  ( 0.000000000000000000, 0.000000000000000000, 1.000000000000000000 ) ) ;
#601 = AXIS2_PLACEMENT_3D ( 'NONE', #1768, #1131, #1306 ) ;
#602 = VERTEX_POINT ( 'NONE', #376 ) ;
#603 = EDGE_LOOP ( 'NONE', ( #1046, #1085 ) ) ;
#604 = CARTESIAN_POINT ( 'NONE',  ( 0.000000000000000000, -1.500000000000000000, 0.6750000000000000444 ) ) ;
#605 = CARTESIAN_POINT ( 'NONE',  ( -1.499999999999999334, -4.625000000000000000, 1.000000000000000000 ) ) ;
#606 = EDGE_CURVE ( 'NONE', #1156, #1909, #1332, .T. ) ;
#607 = EDGE_LOOP ( 'NONE', ( #61, #1304 ) ) ;
#608 = DIRECTION ( 'NONE',  ( -0.000000000000000000, -0.000000000000000000, 1.000000000000000000 ) ) ;
#609 = FACE_BOUND ( 'NONE', #1864, .T. ) ;
#610 = EDGE_CURVE ( 'NONE', #1686, #338, #1474, .T. ) ;
#611 = EDGE_LOOP ( 'NONE', ( #1187, #171 ) ) ;
#612 = CARTESIAN_POINT ( 'NONE',  ( -0.2000000000000000111, 1.500000000000000000, 0.000000000000000000 ) ) ;
#613 = ORIENTED_EDGE ( 'NONE', *, *, #1425, .T. ) ;
#614 = FACE_OUTER_BOUND ( 'NONE', #88, .T. ) ;
#615 = DIRECTION ( 'NONE',  ( -0.000000000000000000, 0.000000000000000000, 1.000000000000000000 ) ) ;
#616 = ORIENTED_EDGE ( 'NONE', *, *, #1423, .F. ) ;
#617 = CARTESIAN_POINT ( 'NONE',  ( 5.005367492503024707, -1.013461894323364865, 0.000000000000000000 ) ) ;
#618 = CYLINDRICAL_SURFACE ( 'NONE', #211, 0.2000000000000000111 ) ;
#619 = VERTEX_POINT ( 'NONE', #1464 ) ;
#620 = ADVANCED_FACE ( 'NONE', ( #406 ), #1810, .T. ) ;
#621 = CARTESIAN_POINT ( 'NONE',  ( 1.250000000000000666, 4.625000000000000000, 0.000000000000000000 ) ) ;
#622 = AXIS2_PLACEMENT_3D ( 'NONE', #646, #1582, #654 ) ;
#623 = EDGE_LOOP ( 'NONE', ( #36, #38 ) ) ;
#624 = EDGE_CURVE ( 'NONE', #1105, #518, #1510, .T. ) ;
#625 = AXIS2_PLACEMENT_3D ( 'NONE', #1875, #1605, #1568 ) ;
#626 = AXIS2_PLACEMENT_3D ( 'NONE', #871, #684, #231 ) ;
#627 = FACE_OUTER_BOUND ( 'NONE', #1922, .T. ) ;
#628 = DIRECTION ( 'NONE',  ( 0.4999999999999976685, -0.8660254037844400399, 0.000000000000000000 ) ) ;
#629 = CIRCLE ( 'NONE', #301, 0.2874999999999999223 ) ;
#630 = ORIENTED_EDGE ( 'NONE', *, *, #135, .F. ) ;
#631 = CARTESIAN_POINT ( 'NONE',  ( 5.005367492503031812, 1.013461894323330448, 0.000000000000000000 ) ) ;
#632 = CIRCLE ( 'NONE', #1146, 0.2874999999999999778 ) ;
#633 = LINE ( 'NONE', #1682, #1347 ) ;
#634 = CIRCLE ( 'NONE', #1149, 0.2500000000000001110 ) ;
#635 = EDGE_LOOP ( 'NONE', ( #978, #513 ) ) ;
#636 = CARTESIAN_POINT ( 'NONE',  ( 3.255367492503012716, -3.611538105676674437, 0.000000000000000000 ) ) ;
#637 = AXIS2_PLACEMENT_3D ( 'NONE', #685, #998, #244 ) ;
#638 = EDGE_CURVE ( 'NONE', #1338, #722, #527, .T. ) ;
#639 = EDGE_LOOP ( 'NONE', ( #744, #357, #1494, #976 ) ) ;
#640 = EDGE_CURVE ( 'NONE', #350, #868, #62, .T. ) ;
#641 = DIRECTION ( 'NONE',  ( 1.000000000000000000, 0.000000000000000000, 0.000000000000000000 ) ) ;
#642 = LINE ( 'NONE', #1227, #440 ) ;
#643 = ORIENTED_EDGE ( 'NONE', *, *, #1198, .F. ) ;
#644 = DIRECTION ( 'NONE',  ( 1.000000000000000000, 0.000000000000000000, 0.000000000000000000 ) ) ;
#645 = CYLINDRICAL_SURFACE ( 'NONE', #309, 0.2500000000000002220 ) ;
#646 = CARTESIAN_POINT ( 'NONE',  ( 4.755367492503024707, -1.013461894323364865, 0.000000000000000000 ) ) ;
#647 = DIRECTION ( 'NONE',  ( 1.000000000000000000, 0.000000000000000000, 0.000000000000000000 ) ) ;
#648 = EDGE_LOOP ( 'NONE', ( #219, #1826 ) ) ;
#649 = DIRECTION ( 'NONE',  ( -0.000000000000000000, -0.000000000000000000, 1.000000000000000000 ) ) ;
#650 = ADVANCED_FACE ( 'NONE', ( #1341 ), #1015, .F. ) ;
#651 =( NAMED_UNIT ( * ) SI_UNIT ( $, .STERADIAN. ) SOLID_ANGLE_UNIT ( ) );
#652 = DIRECTION ( 'NONE',  ( 1.000000000000000000, 0.000000000000000000, 0.000000000000000000 ) ) ;
#653 = FACE_BOUND ( 'NONE', #1401, .T. ) ;
#654 = DIRECTION ( 'NONE',  ( 1.000000000000000000, 0.000000000000000000, 0.000000000000000000 ) ) ;
#655 = DIRECTION ( 'NONE',  ( 0.000000000000000000, 0.000000000000000000, 1.000000000000000000 ) ) ;
#656 = ORIENTED_EDGE ( 'NONE', *, *, #1794, .F. ) ;
#657 = CARTESIAN_POINT ( 'NONE',  ( -1.299038105676649124, 0.7500000000000150990, 0.000000000000000000 ) ) ;
#658 = AXIS2_PLACEMENT_3D ( 'NONE', #283, #955, #821 ) ;
#659 = CARTESIAN_POINT ( 'NONE',  ( -0.2875000000000000333, -1.500000000000000000, 0.6750000000000000444 ) ) ;
#660 = CARTESIAN_POINT ( 'NONE',  ( 5.005367492503024707, -1.013461894323364865, 0.000000000000000000 ) ) ;
#661 = AXIS2_PLACEMENT_3D ( 'NONE', #299, #1072, #1063 ) ;
#662 = COLOUR_RGB ( '',0.7921568627450980005, 0.8196078431372548767, 0.9333333333333333481 ) ;
#663 = FACE_BOUND ( 'NONE', #378, .T. ) ;
#664 = DIRECTION ( 'NONE',  ( 1.000000000000000000, 0.000000000000000000, 0.000000000000000000 ) ) ;
#665 = EDGE_LOOP ( 'NONE', ( #441, #1237 ) ) ;
#666 = AXIS2_PLACEMENT_3D ( 'NONE', #1745, #362, #669 ) ;
#667 = DIRECTION ( 'NONE',  ( 0.000000000000000000, 0.000000000000000000, 1.000000000000000000 ) ) ;
#668 = CARTESIAN_POINT ( 'NONE',  ( -3.255367492503037141, -3.611538105676650900, 0.000000000000000000 ) ) ;
#669 = DIRECTION ( 'NONE',  ( 1.000000000000000000, 0.000000000000000000, 0.000000000000000000 ) ) ;
#670 = EDGE_CURVE ( 'NONE', #619, #731, #140, .T. ) ;
#671 = CYLINDRICAL_SURFACE ( 'NONE', #622, 0.2500000000000002220 ) ;
#672 = DIRECTION ( 'NONE',  ( 0.5000000000000101030, 0.8660254037844329345, 0.000000000000000000 ) ) ;
#673 = ADVANCED_FACE ( 'NONE', ( #1488 ), #2010, .F. ) ;
#674 = ORIENTED_EDGE ( 'NONE', *, *, #1840, .F. ) ;
#675 = VERTEX_POINT ( 'NONE', #1082 ) ;
#676 = CARTESIAN_POINT ( 'NONE',  ( 0.000000000000000000, 0.000000000000000000, 1.000000000000000000 ) ) ;
#677 = FACE_BOUND ( 'NONE', #773, .T. ) ;
#678 = FACE_OUTER_BOUND ( 'NONE', #1887, .T. ) ;
#679 = DIRECTION ( 'NONE',  ( -0.000000000000000000, -0.000000000000000000, 1.000000000000000000 ) ) ;
#680 = VERTEX_POINT ( 'NONE', #109 ) ;
#681 = ORIENTED_EDGE ( 'NONE', *, *, #1908, .F. ) ;
#682 = DIRECTION ( 'NONE',  ( 0.000000000000000000, 0.000000000000000000, 1.000000000000000000 ) ) ;
#683 = VECTOR ( 'NONE', #608, 100.0000000000000000 ) ;
#684 = DIRECTION ( 'NONE',  ( -0.000000000000000000, -0.000000000000000000, -1.000000000000000000 ) ) ;
#685 = CARTESIAN_POINT ( 'NONE',  ( -1.299038105676649124, 0.7500000000000150990, 0.000000000000000000 ) ) ;
#686 = ORIENTED_EDGE ( 'NONE', *, *, #1423, .T. ) ;
#687 = DIRECTION ( 'NONE',  ( 0.000000000000000000, 0.000000000000000000, 1.000000000000000000 ) ) ;
#688 = AXIS2_PLACEMENT_3D ( 'NONE', #311, #802, #486 ) ;
#689 = CARTESIAN_POINT ( 'NONE',  ( 1.299038105676654675, -0.7500000000000061062, 0.000000000000000000 ) ) ;
#690 =( GEOMETRIC_REPRESENTATION_CONTEXT ( 3 ) GLOBAL_UNCERTAINTY_ASSIGNED_CONTEXT ( ( #921 ) ) GLOBAL_UNIT_ASSIGNED_CONTEXT ( ( #704, #1919, #1340 ) ) REPRESENTATION_CONTEXT ( 'NONE', 'WORKASPACE' ) );
#691 = EDGE_LOOP ( 'NONE', ( #941, #395, #1856, #1724 ) ) ;
#692 = AXIS2_PLACEMENT_3D ( 'NONE', #689, #1203, #1641 ) ;
#693 = CIRCLE ( 'NONE', #1053, 0.2499999999999999445 ) ;
#694 = VERTEX_POINT ( 'NONE', #2000 ) ;
#695 = DIRECTION ( 'NONE',  ( -0.000000000000000000, 0.000000000000000000, 1.000000000000000000 ) ) ;
#696 = PRODUCT_RELATED_PRODUCT_CATEGORY ( 'part', '', ( #293 ) ) ;
#697 = CARTESIAN_POINT ( 'NONE',  ( -1.299038105676664889, -0.7499999999999878986, 0.6750000000000000444 ) ) ;
#698 = DIRECTION ( 'NONE',  ( 0.000000000000000000, 0.000000000000000000, 1.000000000000000000 ) ) ;
#699 = ORIENTED_EDGE ( 'NONE', *, *, #1954, .T. ) ;
#700 = DIRECTION ( 'NONE',  ( -0.000000000000000000, -0.000000000000000000, 1.000000000000000000 ) ) ;
#701 = DIRECTION ( 'NONE',  ( 0.000000000000000000, 0.000000000000000000, 1.000000000000000000 ) ) ;
#702 = EDGE_LOOP ( 'NONE', ( #1877, #1564, #1774, #1923 ) ) ;
#703 = ORIENTED_EDGE ( 'NONE', *, *, #1648, .F. ) ;
#704 =( LENGTH_UNIT ( ) NAMED_UNIT ( * ) SI_UNIT ( .CENTI., .METRE. ) );
#705 = EDGE_CURVE ( 'NONE', #970, #1353, #1045, .T. ) ;
#706 = DIRECTION ( 'NONE',  ( -0.000000000000000000, -0.000000000000000000, 1.000000000000000000 ) ) ;
#707 = CARTESIAN_POINT ( 'NONE',  ( -4.505367492503024707, 1.013461894323363754, 1.000000000000000000 ) ) ;
#708 = VERTEX_POINT ( 'NONE', #1538 ) ;
#709 = ADVANCED_FACE ( 'NONE', ( #1820, #1388 ), #1975, .T. ) ;
#710 = CARTESIAN_POINT ( 'NONE',  ( -1.499999999999999334, -4.625000000000000000, 1.000000000000000000 ) ) ;
#711 = DIRECTION ( 'NONE',  ( 0.000000000000000000, 0.000000000000000000, 1.000000000000000000 ) ) ;
#712 = EDGE_LOOP ( 'NONE', ( #1578, #134, #1136, #1836 ) ) ;
#713 = ORIENTED_EDGE ( 'NONE', *, *, #1490, .T. ) ;
#714 = DIRECTION ( 'NONE',  ( 0.000000000000000000, 0.000000000000000000, 1.000000000000000000 ) ) ;
#715 = CARTESIAN_POINT ( 'NONE',  ( 1.750000000000000444, -4.625000000000000000, 0.000000000000000000 ) ) ;
#716 = FACE_OUTER_BOUND ( 'NONE', #250, .T. ) ;
#717 = CIRCLE ( 'NONE', #360, 0.2500000000000000000 ) ;
#718 = DIRECTION ( 'NONE',  ( -0.000000000000000000, -0.000000000000000000, 1.000000000000000000 ) ) ;
#719 = CARTESIAN_POINT ( 'NONE',  ( 0.000000000000000000, 0.000000000000000000, 0.000000000000000000 ) ) ;
#720 = CIRCLE ( 'NONE', #658, 0.2499999999999998612 ) ;
#721 = ADVANCED_FACE ( 'NONE', ( #614 ), #1990, .F. ) ;
#722 = VERTEX_POINT ( 'NONE', #1838 ) ;
#723 = AXIS2_PLACEMENT_3D ( 'NONE', #1667, #1548, #767 ) ;
#724 = VERTEX_POINT ( 'NONE', #149 ) ;
#725 = DIRECTION ( 'NONE',  ( -0.5000000000000029976, -0.8660254037844369313, 0.000000000000000000 ) ) ;
#726 = AXIS2_PLACEMENT_3D ( 'NONE', #1048, #277, #897 ) ;
#727 = DIRECTION ( 'NONE',  ( -0.000000000000000000, -0.000000000000000000, 1.000000000000000000 ) ) ;
#728 = VECTOR ( 'NONE', #1839, 100.0000000000000000 ) ;
#729 = FACE_OUTER_BOUND ( 'NONE', #185, .T. ) ;
#730 = AXIS2_PLACEMENT_3D ( 'NONE', #71, #803, #1441 ) ;
#731 = VERTEX_POINT ( 'NONE', #1696 ) ;
#732 = CARTESIAN_POINT ( 'NONE',  ( 0.000000000000000000, 0.000000000000000000, 1.000000000000000000 ) ) ;
#733 = DIRECTION ( 'NONE',  ( -0.000000000000000000, 0.000000000000000000, 1.000000000000000000 ) ) ;
#734 = EDGE_LOOP ( 'NONE', ( #1879, #1916 ) ) ;
#735 = ORIENTED_EDGE ( 'NONE', *, *, #606, .F. ) ;
#736 = ADVANCED_FACE ( 'NONE', ( #424 ), #917, .F. ) ;
#737 = CARTESIAN_POINT ( 'NONE',  ( -4.755367492503024707, 1.013461894323363754, 0.000000000000000000 ) ) ;
#738 = DIRECTION ( 'NONE',  ( 1.000000000000000000, 0.000000000000000000, 0.000000000000000000 ) ) ;
#739 = ORIENTED_EDGE ( 'NONE', *, *, #1331, .F. ) ;
#740 = LINE ( 'NONE', #438, #1958 ) ;
#741 = CARTESIAN_POINT ( 'NONE',  ( 3.005367492503037585, 3.611538105676649568, 0.000000000000000000 ) ) ;
#742 = ORIENTED_EDGE ( 'NONE', *, *, #415, .T. ) ;
#743 = EDGE_CURVE ( 'NONE', #1156, #228, #207, .T. ) ;
#744 = ORIENTED_EDGE ( 'NONE', *, *, #1292, .F. ) ;
#745 = LINE ( 'NONE', #1368, #1375 ) ;
#746 = CYLINDRICAL_SURFACE ( 'NONE', #1350, 0.2500000000000002220 ) ;
#747 = ORIENTED_EDGE ( 'NONE', *, *, #944, .T. ) ;
#748 = DIRECTION ( 'NONE',  ( -0.000000000000000000, -0.000000000000000000, 1.000000000000000000 ) ) ;
#749 = DIRECTION ( 'NONE',  ( -0.000000000000000000, 0.000000000000000000, 1.000000000000000000 ) ) ;
#750 = CIRCLE ( 'NONE', #980, 0.2875000000000000888 ) ;
#751 = AXIS2_PLACEMENT_3D ( 'NONE', #1994, #1533, #1392 ) ;
#752 = VERTEX_POINT ( 'NONE', #271 ) ;
#753 = ADVANCED_FACE ( 'NONE', ( #463 ), #1709, .F. ) ;
#754 = CIRCLE ( 'NONE', #1308, 0.2499999999999999445 ) ;
#755 = VECTOR ( 'NONE', #221, 100.0000000000000000 ) ;
#756 = CARTESIAN_POINT ( 'NONE',  ( -1.299038105676649124, 0.7500000000000150990, 0.6750000000000000444 ) ) ;
#757 = ADVANCED_FACE ( 'NONE', ( #893 ), #879, .F. ) ;
#758 = DIRECTION ( 'NONE',  ( 1.000000000000000000, 0.000000000000000000, 0.000000000000000000 ) ) ;
#759 = AXIS2_PLACEMENT_3D ( 'NONE', #541, #1804, #1493 ) ;
#760 = ORIENTED_EDGE ( 'NONE', *, *, #985, .T. ) ;
#761 = AXIS2_PLACEMENT_3D ( 'NONE', #305, #1552, #1393 ) ;
#762 = CYLINDRICAL_SURFACE ( 'NONE', #1733, 0.2500000000000000555 ) ;
#763 = EDGE_CURVE ( 'NONE', #518, #326, #121, .T. ) ;
#764 = CYLINDRICAL_SURFACE ( 'NONE', #1936, 0.2000000000000000111 ) ;
#765 = ORIENTED_EDGE ( 'NONE', *, *, #705, .F. ) ;
#766 = ORIENTED_EDGE ( 'NONE', *, *, #1127, .F. ) ;
#767 = DIRECTION ( 'NONE',  ( 1.000000000000000000, 0.000000000000000000, 0.000000000000000000 ) ) ;
#768 = FACE_OUTER_BOUND ( 'NONE', #702, .T. ) ;
#769 = EDGE_CURVE ( 'NONE', #846, #839, #1361, .T. ) ;
#770 = VERTEX_POINT ( 'NONE', #1830 ) ;
#771 = DIRECTION ( 'NONE',  ( 1.000000000000000000, 0.000000000000000000, 0.000000000000000000 ) ) ;
#772 = CARTESIAN_POINT ( 'NONE',  ( 0.000000000000000000, -1.500000000000000000, 0.000000000000000000 ) ) ;
#773 = EDGE_LOOP ( 'NONE', ( #1325, #1486 ) ) ;
#774 = DIRECTION ( 'NONE',  ( 0.000000000000000000, 0.000000000000000000, 1.000000000000000000 ) ) ;
#775 = ORIENTED_EDGE ( 'NONE', *, *, #640, .F. ) ;
#776 = DIRECTION ( 'NONE',  ( 0.000000000000000000, 0.000000000000000000, 1.000000000000000000 ) ) ;
#777 = DIRECTION ( 'NONE',  ( 1.000000000000000000, 0.000000000000000000, 0.000000000000000000 ) ) ;
#778 = ORIENTED_EDGE ( 'NONE', *, *, #606, .T. ) ;
#779 = DIRECTION ( 'NONE',  ( 1.000000000000000000, 0.000000000000000000, 0.000000000000000000 ) ) ;
#780 = LINE ( 'NONE', #587, #956 ) ;
#781 = EDGE_CURVE ( 'NONE', #1529, #287, #1602, .T. ) ;
#782 = ORIENTED_EDGE ( 'NONE', *, *, #1443, .T. ) ;
#783 = CARTESIAN_POINT ( 'NONE',  ( 3.255367492503012716, -3.611538105676674437, 1.000000000000000000 ) ) ;
#784 = EDGE_CURVE ( 'NONE', #1228, #1391, #745, .T. ) ;
#785 = CIRCLE ( 'NONE', #1471, 0.2000000000000000111 ) ;
#786 = ORIENTED_EDGE ( 'NONE', *, *, #878, .T. ) ;
#787 = VECTOR ( 'NONE', #416, 100.0000000000000000 ) ;
#788 = AXIS2_PLACEMENT_3D ( 'NONE', #138, #1054, #1523 ) ;
#789 = CARTESIAN_POINT ( 'NONE',  ( 0.2000000000000000111, -1.500000000000000000, 0.000000000000000000 ) ) ;
#790 = CARTESIAN_POINT ( 'NONE',  ( -0.2874999999999999778, 1.500000000000000000, 1.000000000000000000 ) ) ;
#791 = CIRCLE ( 'NONE', #1704, 0.1999999999999999833 ) ;
#792 = ORIENTED_EDGE ( 'NONE', *, *, #1129, .F. ) ;
#793 = DIRECTION ( 'NONE',  ( 0.000000000000000000, 0.000000000000000000, 1.000000000000000000 ) ) ;
#794 = AXIS2_PLACEMENT_3D ( 'NONE', #2005, #469, #455 ) ;
#795 = FACE_BOUND ( 'NONE', #488, .T. ) ;
#796 = AXIS2_PLACEMENT_3D ( 'NONE', #1148, #66, #349 ) ;
#797 = ORIENTED_EDGE ( 'NONE', *, *, #907, .F. ) ;
#798 = CARTESIAN_POINT ( 'NONE',  ( -3.255367492503037141, -3.611538105676650900, 0.000000000000000000 ) ) ;
#799 = AXIS2_PLACEMENT_3D ( 'NONE', #2011, #615, #1858 ) ;
#800 = EDGE_CURVE ( 'NONE', #1698, #1205, #1217, .T. ) ;
#801 = ORIENTED_EDGE ( 'NONE', *, *, #1485, .F. ) ;
#802 = DIRECTION ( 'NONE',  ( 0.000000000000000000, 0.000000000000000000, 1.000000000000000000 ) ) ;
#803 = DIRECTION ( 'NONE',  ( 0.000000000000000000, 0.000000000000000000, 1.000000000000000000 ) ) ;
#804 = ORIENTED_EDGE ( 'NONE', *, *, #1717, .T. ) ;
#805 = DIRECTION ( 'NONE',  ( 0.000000000000000000, 0.000000000000000000, 1.000000000000000000 ) ) ;
#806 = FACE_BOUND ( 'NONE', #922, .T. ) ;
#807 = FACE_BOUND ( 'NONE', #205, .T. ) ;
#808 = DIRECTION ( 'NONE',  ( 1.000000000000000000, 0.000000000000000000, 0.000000000000000000 ) ) ;
#809 = ORIENTED_EDGE ( 'NONE', *, *, #1915, .F. ) ;
#810 = DIRECTION ( 'NONE',  ( 1.000000000000000000, 0.000000000000000000, 0.000000000000000000 ) ) ;
#811 = CYLINDRICAL_SURFACE ( 'NONE', #1141, 0.2874999999999999223 ) ;
#812 = DIRECTION ( 'NONE',  ( 0.4999999999999976685, -0.8660254037844400399, 0.000000000000000000 ) ) ;
#813 = FACE_BOUND ( 'NONE', #572, .T. ) ;
#814 = DIRECTION ( 'NONE',  ( -0.000000000000000000, -0.000000000000000000, 1.000000000000000000 ) ) ;
#815 = VERTEX_POINT ( 'NONE', #909 ) ;
#816 = AXIS2_PLACEMENT_3D ( 'NONE', #1270, #1108, #1734 ) ;
#817 = EDGE_CURVE ( 'NONE', #731, #619, #78, .T. ) ;
#818 = CARTESIAN_POINT ( 'NONE',  ( -1.099038105676664934, -0.7499999999999878986, 0.6750000000000000444 ) ) ;
#819 = ADVANCED_FACE ( 'NONE', ( #507 ), #23, .F. ) ;
#820 = EDGE_CURVE ( 'NONE', #1529, #1160, #1587, .T. ) ;
#821 = DIRECTION ( 'NONE',  ( 0.4999999999999979461, -0.8660254037844398178, 0.000000000000000000 ) ) ;
#822 = DIRECTION ( 'NONE',  ( 1.000000000000000000, 0.000000000000000000, 0.000000000000000000 ) ) ;
#823 = AXIS2_PLACEMENT_3D ( 'NONE', #1790, #1037, #1497 ) ;
#824 = EDGE_CURVE ( 'NONE', #1353, #125, #108, .T. ) ;
#825 = AXIS2_PLACEMENT_3D ( 'NONE', #1139, #544, #1034 ) ;
#826 = VERTEX_POINT ( 'NONE', #39 ) ;
#827 = LINE ( 'NONE', #1907, #1934 ) ;
#828 = AXIS2_PLACEMENT_3D ( 'NONE', #719, #389, #1956 ) ;
#829 = ORIENTED_EDGE ( 'NONE', *, *, #340, .T. ) ;
#830 = AXIS2_PLACEMENT_3D ( 'NONE', #321, #1083, #1688 ) ;
#831 = DIRECTION ( 'NONE',  ( -0.000000000000000000, -0.000000000000000000, 1.000000000000000000 ) ) ;
#832 = DIRECTION ( 'NONE',  ( -0.000000000000000000, -0.000000000000000000, 1.000000000000000000 ) ) ;
#833 = PLANE ( 'NONE',  #1970 ) ;
#834 = ADVANCED_FACE ( 'NONE', ( #32 ), #964, .F. ) ;
#835 = EDGE_LOOP ( 'NONE', ( #869, #1204 ) ) ;
#836 = ORIENTED_EDGE ( 'NONE', *, *, #705, .T. ) ;
#837 = CYLINDRICAL_SURFACE ( 'NONE', #1084, 0.2499999999999998890 ) ;
#838 = ORIENTED_EDGE ( 'NONE', *, *, #1954, .F. ) ;
#839 = VERTEX_POINT ( 'NONE', #1556 ) ;
#840 = DIRECTION ( 'NONE',  ( 0.000000000000000000, 0.000000000000000000, 1.000000000000000000 ) ) ;
#841 = CYLINDRICAL_SURFACE ( 'NONE', #958, 0.2500000000000002220 ) ;
#842 = ORIENTED_EDGE ( 'NONE', *, *, #824, .F. ) ;
#843 = DIRECTION ( 'NONE',  ( 0.4999999999999976685, -0.8660254037844400399, 0.000000000000000000 ) ) ;
#844 = DIRECTION ( 'NONE',  ( -0.000000000000000000, 0.000000000000000000, 1.000000000000000000 ) ) ;
#845 = ORIENTED_EDGE ( 'NONE', *, *, #190, .F. ) ;
#846 = VERTEX_POINT ( 'NONE', #1432 ) ;
#847 = DIRECTION ( 'NONE',  ( -0.5000000000000039968, -0.8660254037844363761, 0.000000000000000000 ) ) ;
#848 = VECTOR ( 'NONE', #924, 100.0000000000000000 ) ;
#849 = DIRECTION ( 'NONE',  ( -0.000000000000000000, 0.000000000000000000, 1.000000000000000000 ) ) ;
#850 = LINE ( 'NONE', #92, #1055 ) ;
#851 = CIRCLE ( 'NONE', #14, 0.2500000000000000000 ) ;
#852 = ORIENTED_EDGE ( 'NONE', *, *, #1828, .T. ) ;
#853 = LINE ( 'NONE', #1775, #41 ) ;
#854 = VECTOR ( 'NONE', #584, 100.0000000000000000 ) ;
#855 = DIRECTION ( 'NONE',  ( 1.000000000000000000, 0.000000000000000000, 0.000000000000000000 ) ) ;
#856 = AXIS2_PLACEMENT_3D ( 'NONE', #798, #2008, #414 ) ;
#857 = ORIENTED_EDGE ( 'NONE', *, *, #1302, .F. ) ;
#858 = VECTOR ( 'NONE', #1067, 100.0000000000000000 ) ;
#859 = ADVANCED_FACE ( 'NONE', ( #320 ), #1440, .F. ) ;
#860 = AXIS2_PLACEMENT_3D ( 'NONE', #1731, #975, #173 ) ;
#861 = VERTEX_POINT ( 'NONE', #818 ) ;
#862 = FILL_AREA_STYLE_COLOUR ( '', #662 ) ;
#863 = EDGE_CURVE ( 'NONE', #1391, #1756, #754, .T. ) ;
#864 = DIRECTION ( 'NONE',  ( 1.000000000000000000, 0.000000000000000000, 0.000000000000000000 ) ) ;
#865 = LINE ( 'NONE', #1489, #1708 ) ;
#866 = CARTESIAN_POINT ( 'NONE',  ( -1.499038105676664845, -0.7499999999999878986, 0.6750000000000000444 ) ) ;
#867 = FACE_BOUND ( 'NONE', #237, .T. ) ;
#868 = VERTEX_POINT ( 'NONE', #1593 ) ;
#869 = ORIENTED_EDGE ( 'NONE', *, *, #1379, .T. ) ;
#870 = CARTESIAN_POINT ( 'NONE',  ( -1.499999999999999334, 4.625000000000000000, 0.000000000000000000 ) ) ;
#871 = CARTESIAN_POINT ( 'NONE',  ( 0.000000000000000000, 0.000000000000000000, 1.000000000000000000 ) ) ;
#872 = CARTESIAN_POINT ( 'NONE',  ( 1.250000000000000666, 4.625000000000000000, 0.000000000000000000 ) ) ;
#873 = CARTESIAN_POINT ( 'NONE',  ( -4.505367492503024707, 1.013461894323363754, 0.000000000000000000 ) ) ;
#874 = DIRECTION ( 'NONE',  ( 1.000000000000000000, 0.000000000000000000, 0.000000000000000000 ) ) ;
#875 = VERTEX_POINT ( 'NONE', #1910 ) ;
#876 = ORIENTED_EDGE ( 'NONE', *, *, #1645, .T. ) ;
#877 = DIRECTION ( 'NONE',  ( -0.5000000000000029976, -0.8660254037844369313, 0.000000000000000000 ) ) ;
#878 = EDGE_CURVE ( 'NONE', #815, #992, #514, .T. ) ;
#879 = CYLINDRICAL_SURFACE ( 'NONE', #788, 0.2500000000000000555 ) ;
#880 = DIRECTION ( 'NONE',  ( -0.000000000000000000, -0.000000000000000000, 1.000000000000000000 ) ) ;
#881 = EDGE_CURVE ( 'NONE', #1231, #442, #1897, .T. ) ;
#882 = EDGE_LOOP ( 'NONE', ( #1070, #1052, #1684, #1720 ) ) ;
#883 = DIRECTION ( 'NONE',  ( -0.000000000000000000, 0.000000000000000000, 1.000000000000000000 ) ) ;
#884 = PLANE ( 'NONE',  #1518 ) ;
#885 = EDGE_CURVE ( 'NONE', #319, #1918, #366, .T. ) ;
#886 = CIRCLE ( 'NONE', #1079, 0.2500000000000000000 ) ;
#887 = ORIENTED_EDGE ( 'NONE', *, *, #1880, .F. ) ;
#888 = AXIS2_PLACEMENT_3D ( 'NONE', #1741, #1718, #345 ) ;
#889 = ORIENTED_EDGE ( 'NONE', *, *, #1307, .F. ) ;
#890 = AXIS2_PLACEMENT_3D ( 'NONE', #1878, #484, #327 ) ;
#891 = DIRECTION ( 'NONE',  ( -0.000000000000000000, 0.000000000000000000, 1.000000000000000000 ) ) ;
#892 = CIRCLE ( 'NONE', #1278, 0.2500000000000001110 ) ;
#893 = FACE_OUTER_BOUND ( 'NONE', #426, .T. ) ;
#894 = CIRCLE ( 'NONE', #1805, 0.2500000000000000000 ) ;
#895 = ORIENTED_EDGE ( 'NONE', *, *, #624, .T. ) ;
#896 = CARTESIAN_POINT ( 'NONE',  ( -1.499999999999999334, -4.625000000000000000, 0.000000000000000000 ) ) ;
#897 = DIRECTION ( 'NONE',  ( 1.000000000000000000, 0.000000000000000000, 0.000000000000000000 ) ) ;
#898 = EDGE_CURVE ( 'NONE', #1555, #770, #1245, .T. ) ;
#899 = ORIENTED_EDGE ( 'NONE', *, *, #1601, .T. ) ;
#900 = VERTEX_POINT ( 'NONE', #938 ) ;
#901 = DIRECTION ( 'NONE',  ( 0.000000000000000000, 0.000000000000000000, 1.000000000000000000 ) ) ;
#902 = ORIENTED_EDGE ( 'NONE', *, *, #1558, .T. ) ;
#903 = DIRECTION ( 'NONE',  ( 1.000000000000000000, 0.000000000000000000, 0.000000000000000000 ) ) ;
#904 = FACE_OUTER_BOUND ( 'NONE', #106, .T. ) ;
#905 = ADVANCED_FACE ( 'NONE', ( #1275 ), #330, .F. ) ;
#906 = ORIENTED_EDGE ( 'NONE', *, *, #1157, .T. ) ;
#907 = EDGE_CURVE ( 'NONE', #839, #355, #629, .T. ) ;
#908 = ORIENTED_EDGE ( 'NONE', *, *, #559, .T. ) ;
#909 = CARTESIAN_POINT ( 'NONE',  ( 3.005367492503012716, -3.611538105676674437, 0.000000000000000000 ) ) ;
#910 = DIRECTION ( 'NONE',  ( -0.000000000000000000, -0.000000000000000000, 1.000000000000000000 ) ) ;
#911 = EDGE_LOOP ( 'NONE', ( #1050, #1242 ) ) ;
#912 = LINE ( 'NONE', #1541, #683 ) ;
#913 = DIRECTION ( 'NONE',  ( -0.5000000000000039968, -0.8660254037844363761, 0.000000000000000000 ) ) ;
#914 = ORIENTED_EDGE ( 'NONE', *, *, #374, .F. ) ;
#915 = ORIENTED_EDGE ( 'NONE', *, *, #548, .F. ) ;
#916 = CIRCLE ( 'NONE', #143, 0.2000000000000000111 ) ;
#917 = CYLINDRICAL_SURFACE ( 'NONE', #401, 0.2875000000000000888 ) ;
#918 = CARTESIAN_POINT ( 'NONE',  ( 1.011538105676654586, -0.7500000000000061062, 1.000000000000000000 ) ) ;
#919 = ADVANCED_FACE ( 'NONE', ( #1259 ), #1750, .F. ) ;
#920 = CIRCLE ( 'NONE', #1706, 0.2499999999999999445 ) ;
#921 = UNCERTAINTY_MEASURE_WITH_UNIT (LENGTH_MEASURE( 1.000000000000000082E-05 ), #704, 'distance_accuracy_value', 'NONE');
#922 = EDGE_LOOP ( 'NONE', ( #899, #906 ) ) ;
#923 = VECTOR ( 'NONE', #35, 100.0000000000000000 ) ;
#924 = DIRECTION ( 'NONE',  ( -0.000000000000000000, -0.000000000000000000, 1.000000000000000000 ) ) ;
#925 = DIRECTION ( 'NONE',  ( 1.000000000000000000, 0.000000000000000000, 0.000000000000000000 ) ) ;
#926 = EDGE_LOOP ( 'NONE', ( #1170, #1868, #1182, #1491 ) ) ;
#927 = DIRECTION ( 'NONE',  ( 1.000000000000000000, 0.000000000000000000, 0.000000000000000000 ) ) ;
#928 = EDGE_LOOP ( 'NONE', ( #16, #1357 ) ) ;
#929 = CARTESIAN_POINT ( 'NONE',  ( 0.000000000000000000, 1.500000000000000000, 1.000000000000000000 ) ) ;
#930 = CARTESIAN_POINT ( 'NONE',  ( -0.2000000000000000111, 1.500000000000000000, 0.6750000000000000444 ) ) ;
#931 = ORIENTED_EDGE ( 'NONE', *, *, #262, .F. ) ;
#932 = ADVANCED_FACE ( 'NONE', ( #627 ), #495, .F. ) ;
#933 = LINE ( 'NONE', #1832, #398 ) ;
#934 = DIRECTION ( 'NONE',  ( -0.000000000000000000, -0.000000000000000000, 1.000000000000000000 ) ) ;
#935 = ORIENTED_EDGE ( 'NONE', *, *, #1870, .F. ) ;
#936 = LINE ( 'NONE', #268, #1276 ) ;
#937 = ORIENTED_EDGE ( 'NONE', *, *, #1411, .T. ) ;
#938 = CARTESIAN_POINT ( 'NONE',  ( -3.505367492503037141, -3.611538105676650900, 0.000000000000000000 ) ) ;
#939 = CARTESIAN_POINT ( 'NONE',  ( -0.2000000000000000111, 2.449293598294706229E-17, 0.000000000000000000 ) ) ;
#940 = EDGE_CURVE ( 'NONE', #391, #1205, #1145, .T. ) ;
#941 = ORIENTED_EDGE ( 'NONE', *, *, #1195, .F. ) ;
#942 = FACE_OUTER_BOUND ( 'NONE', #1675, .T. ) ;
#943 = DIRECTION ( 'NONE',  ( 0.000000000000000000, 0.000000000000000000, 1.000000000000000000 ) ) ;
#944 = EDGE_CURVE ( 'NONE', #1470, #307, #1475, .T. ) ;
#945 = PRODUCT_DEFINITION_SHAPE ( 'NONE', 'NONE',  #1059 ) ;
#946 = VERTEX_POINT ( 'NONE', #995 ) ;
#947 = DIRECTION ( 'NONE',  ( 0.4999999999999979461, -0.8660254037844398178, 0.000000000000000000 ) ) ;
#948 = ORIENTED_EDGE ( 'NONE', *, *, #249, .T. ) ;
#949 = VECTOR ( 'NONE', #1920, 100.0000000000000000 ) ;
#950 = AXIS2_PLACEMENT_3D ( 'NONE', #352, #1130, #8 ) ;
#951 = CARTESIAN_POINT ( 'NONE',  ( -4.755367492503024707, 1.013461894323363754, 1.000000000000000000 ) ) ;
#952 = DIRECTION ( 'NONE',  ( -0.5000000000000033307, -0.8660254037844368202, 0.000000000000000000 ) ) ;
#953 = CIRCLE ( 'NONE', #80, 0.2500000000000001110 ) ;
#954 = ORIENTED_EDGE ( 'NONE', *, *, #1307, .T. ) ;
#955 = DIRECTION ( 'NONE',  ( 0.000000000000000000, 0.000000000000000000, 1.000000000000000000 ) ) ;
#956 = VECTOR ( 'NONE', #934, 100.0000000000000000 ) ;
#957 = DIRECTION ( 'NONE',  ( -0.5000000000000033307, -0.8660254037844368202, 0.000000000000000000 ) ) ;
#958 = AXIS2_PLACEMENT_3D ( 'NONE', #577, #84, #538 ) ;
#959 = FACE_BOUND ( 'NONE', #1056, .T. ) ;
#960 = EDGE_CURVE ( 'NONE', #1499, #1959, #1412, .T. ) ;
#961 = CARTESIAN_POINT ( 'NONE',  ( -1.299038105676664889, -0.7499999999999878986, 0.000000000000000000 ) ) ;
#962 = CIRCLE ( 'NONE', #1318, 0.2000000000000000111 ) ;
#963 = VERTEX_POINT ( 'NONE', #1026 ) ;
#964 = CYLINDRICAL_SURFACE ( 'NONE', #1927, 0.2000000000000000111 ) ;
#965 = CYLINDRICAL_SURFACE ( 'NONE', #1701, 0.2500000000000002220 ) ;
#966 = DIRECTION ( 'NONE',  ( 1.000000000000000000, 0.000000000000000000, 0.000000000000000000 ) ) ;
#967 = ORIENTED_EDGE ( 'NONE', *, *, #969, .T. ) ;
#968 = CYLINDRICAL_SURFACE ( 'NONE', #1772, 0.2500000000000002220 ) ;
#969 = EDGE_CURVE ( 'NONE', #1152, #708, #791, .T. ) ;
#970 = VERTEX_POINT ( 'NONE', #358 ) ;
#971 = EDGE_CURVE ( 'NONE', #442, #1478, #1294, .T. ) ;
#972 = APPLICATION_CONTEXT ( 'automotive_design' ) ;
#973 = DIRECTION ( 'NONE',  ( -0.000000000000000000, -0.000000000000000000, 1.000000000000000000 ) ) ;
#974 = CARTESIAN_POINT ( 'NONE',  ( 0.000000000000000000, 1.500000000000000000, 0.000000000000000000 ) ) ;
#975 = DIRECTION ( 'NONE',  ( -0.000000000000000000, 0.000000000000000000, 1.000000000000000000 ) ) ;
#976 = ORIENTED_EDGE ( 'NONE', *, *, #340, .F. ) ;
#977 = DIRECTION ( 'NONE',  ( 0.000000000000000000, 0.000000000000000000, 1.000000000000000000 ) ) ;
#978 = ORIENTED_EDGE ( 'NONE', *, *, #1443, .F. ) ;
#979 = AXIS2_PLACEMENT_3D ( 'NONE', #1785, #1661, #1167 ) ;
#980 = AXIS2_PLACEMENT_3D ( 'NONE', #1019, #1947, #396 ) ;
#981 = DIRECTION ( 'NONE',  ( -0.000000000000000000, 0.000000000000000000, 1.000000000000000000 ) ) ;
#982 = EDGE_CURVE ( 'NONE', #694, #1101, #1213, .T. ) ;
#983 = AXIS2_PLACEMENT_3D ( 'NONE', #393, #1770, #1799 ) ;
#984 = DIRECTION ( 'NONE',  ( 1.000000000000000000, 0.000000000000000000, 0.000000000000000000 ) ) ;
#985 = EDGE_CURVE ( 'NONE', #118, #1756, #404, .T. ) ;
#986 = DIRECTION ( 'NONE',  ( 0.000000000000000000, 0.000000000000000000, 1.000000000000000000 ) ) ;
#987 = VECTOR ( 'NONE', #1848, 100.0000000000000000 ) ;
#988 = AXIS2_PLACEMENT_3D ( 'NONE', #783, #1554, #877 ) ;
#989 = FACE_BOUND ( 'NONE', #1138, .T. ) ;
#990 = CARTESIAN_POINT ( 'NONE',  ( 4.755367492503030924, 1.013461894323330448, 1.000000000000000000 ) ) ;
#991 = AXIS2_PLACEMENT_3D ( 'NONE', #961, #493, #37 ) ;
#992 = VERTEX_POINT ( 'NONE', #81 ) ;
#993 = AXIS2_PLACEMENT_3D ( 'NONE', #1263, #347, #966 ) ;
#994 = ORIENTED_EDGE ( 'NONE', *, *, #1165, .T. ) ;
#995 = CARTESIAN_POINT ( 'NONE',  ( 5.875000000000000000, 7.194799944990699815E-16, 0.000000000000000000 ) ) ;
#996 = CYLINDRICAL_SURFACE ( 'NONE', #601, 0.2500000000000000555 ) ;
#997 = CARTESIAN_POINT ( 'NONE',  ( -3.505367492503037141, -3.611538105676650900, 0.000000000000000000 ) ) ;
#998 = DIRECTION ( 'NONE',  ( -0.000000000000000000, -0.000000000000000000, 1.000000000000000000 ) ) ;
#999 = ADVANCED_FACE ( 'NONE', ( #554 ), #97, .F. ) ;
#1000 = VERTEX_POINT ( 'NONE', #1779 ) ;
#1001 = CARTESIAN_POINT ( 'NONE',  ( -3.255367492503037141, -3.611538105676650900, 0.000000000000000000 ) ) ;
#1002 = DIRECTION ( 'NONE',  ( -0.000000000000000000, -0.000000000000000000, 1.000000000000000000 ) ) ;
#1003 = ORIENTED_EDGE ( 'NONE', *, *, #1747, .T. ) ;
#1004 = EDGE_LOOP ( 'NONE', ( #588, #1778 ) ) ;
#1005 = DIRECTION ( 'NONE',  ( -0.000000000000000000, -0.000000000000000000, 1.000000000000000000 ) ) ;
#1006 = CARTESIAN_POINT ( 'NONE',  ( -4.755367492503024707, 1.013461894323363754, 1.000000000000000000 ) ) ;
#1007 = DIRECTION ( 'NONE',  ( 1.000000000000000000, 0.000000000000000000, 0.000000000000000000 ) ) ;
#1008 = ORIENTED_EDGE ( 'NONE', *, *, #1885, .T. ) ;
#1009 = DIRECTION ( 'NONE',  ( -0.000000000000000000, -0.000000000000000000, 1.000000000000000000 ) ) ;
#1010 = DIRECTION ( 'NONE',  ( 0.000000000000000000, 0.000000000000000000, 1.000000000000000000 ) ) ;
#1011 = EDGE_CURVE ( 'NONE', #1000, #1567, #1672, .T. ) ;
#1012 = EDGE_LOOP ( 'NONE', ( #1042, #686 ) ) ;
#1013 = EDGE_LOOP ( 'NONE', ( #1940, #845, #836, #1980 ) ) ;
#1014 = CARTESIAN_POINT ( 'NONE',  ( 0.2875000000000000333, -1.500000000000000000, 1.000000000000000000 ) ) ;
#1015 = CYLINDRICAL_SURFACE ( 'NONE', #1992, 0.2500000000000002220 ) ;
#1016 = CARTESIAN_POINT ( 'NONE',  ( 1.499038105676659738, 0.7499999999999968914, 0.6750000000000000444 ) ) ;
#1017 = AXIS2_PLACEMENT_3D ( 'NONE', #668, #490, #644 ) ;
#1018 = ORIENTED_EDGE ( 'NONE', *, *, #1198, .T. ) ;
#1019 = CARTESIAN_POINT ( 'NONE',  ( -1.299038105676649124, 0.7500000000000150990, 0.6750000000000000444 ) ) ;
#1020 = DIRECTION ( 'NONE',  ( -0.5000000000000033307, -0.8660254037844368202, 0.000000000000000000 ) ) ;
#1021 = CIRCLE ( 'NONE', #468, 0.2500000000000000000 ) ;
#1022 = ORIENTED_EDGE ( 'NONE', *, *, #1621, .T. ) ;
#1023 = CIRCLE ( 'NONE', #145, 0.1999999999999999833 ) ;
#1024 = CIRCLE ( 'NONE', #1186, 0.2500000000000000555 ) ;
#1025 = EDGE_LOOP ( 'NONE', ( #616, #1194, #1653, #765 ) ) ;
#1026 = CARTESIAN_POINT ( 'NONE',  ( -0.2874999999999999778, 1.500000000000000000, 0.6750000000000000444 ) ) ;
#1027 = CARTESIAN_POINT ( 'NONE',  ( -0.2000000000000000111, 1.500000000000000000, 0.000000000000000000 ) ) ;
#1028 = CARTESIAN_POINT ( 'NONE',  ( -1.749999999999999556, 4.625000000000000000, 0.000000000000000000 ) ) ;
#1029 = CARTESIAN_POINT ( 'NONE',  ( 1.299038105676654675, -0.7500000000000061062, 0.6750000000000000444 ) ) ;
#1030 = CYLINDRICAL_SURFACE ( 'NONE', #759, 0.2500000000000000555 ) ;
#1031 = ORIENTED_EDGE ( 'NONE', *, *, #1292, .T. ) ;
#1032 = ADVANCED_FACE ( 'NONE', ( #392 ), #371, .F. ) ;
#1033 = ORIENTED_EDGE ( 'NONE', *, *, #638, .F. ) ;
#1034 = DIRECTION ( 'NONE',  ( 1.000000000000000000, 0.000000000000000000, 0.000000000000000000 ) ) ;
#1035 = EDGE_CURVE ( 'NONE', #1301, #1160, #175, .T. ) ;
#1036 = EDGE_CURVE ( 'NONE', #1264, #1461, #1021, .T. ) ;
#1037 = DIRECTION ( 'NONE',  ( 0.000000000000000000, 0.000000000000000000, 1.000000000000000000 ) ) ;
#1038 = CARTESIAN_POINT ( 'NONE',  ( 3.505367492503012716, -3.611538105676674437, 0.000000000000000000 ) ) ;
#1039 = EDGE_LOOP ( 'NONE', ( #1806, #1596, #1949, #104 ) ) ;
#1040 = DIRECTION ( 'NONE',  ( 1.000000000000000000, 0.000000000000000000, 0.000000000000000000 ) ) ;
#1041 = DIRECTION ( 'NONE',  ( 0.000000000000000000, 0.000000000000000000, 1.000000000000000000 ) ) ;
#1042 = ORIENTED_EDGE ( 'NONE', *, *, #190, .T. ) ;
#1043 = VERTEX_POINT ( 'NONE', #1014 ) ;
#1044 = DIRECTION ( 'NONE',  ( 1.000000000000000000, 0.000000000000000000, 0.000000000000000000 ) ) ;
#1045 = LINE ( 'NONE', #434, #465 ) ;
#1046 = ORIENTED_EDGE ( 'NONE', *, *, #1069, .F. ) ;
#1047 = CARTESIAN_POINT ( 'NONE',  ( -0.2000000000000000111, -1.500000000000000000, 0.000000000000000000 ) ) ;
#1048 = CARTESIAN_POINT ( 'NONE',  ( 1.500000000000000666, 4.625000000000000000, 1.000000000000000000 ) ) ;
#1049 = AXIS2_PLACEMENT_3D ( 'NONE', #1262, #805, #1744 ) ;
#1050 = ORIENTED_EDGE ( 'NONE', *, *, #881, .T. ) ;
#1051 = AXIS2_PLACEMENT_3D ( 'NONE', #870, #695, #1330 ) ;
#1052 = ORIENTED_EDGE ( 'NONE', *, *, #1496, .T. ) ;
#1053 = AXIS2_PLACEMENT_3D ( 'NONE', #524, #943, #957 ) ;
#1054 = DIRECTION ( 'NONE',  ( -0.000000000000000000, -0.000000000000000000, 1.000000000000000000 ) ) ;
#1055 = VECTOR ( 'NONE', #568, 100.0000000000000000 ) ;
#1056 = EDGE_LOOP ( 'NONE', ( #1362, #797 ) ) ;
#1057 = DIRECTION ( 'NONE',  ( 0.000000000000000000, -0.000000000000000000, 1.000000000000000000 ) ) ;
#1058 = LINE ( 'NONE', #741, #858 ) ;
#1059 = PRODUCT_DEFINITION ( 'General', '', #1644, #33 ) ;
#1060 = ORIENTED_EDGE ( 'NONE', *, *, #769, .F. ) ;
#1061 = VERTEX_POINT ( 'NONE', #70 ) ;
#1062 = MANIFOLD_SOLID_BREP ( 'Cut-Extrude2', #329 ) ;
#1063 = DIRECTION ( 'NONE',  ( 1.000000000000000000, 0.000000000000000000, 0.000000000000000000 ) ) ;
#1064 = CARTESIAN_POINT ( 'NONE',  ( -1.586538105676649213, 0.7500000000000150990, 1.000000000000000000 ) ) ;
#1065 = ORIENTED_EDGE ( 'NONE', *, *, #1794, .T. ) ;
#1066 = DIRECTION ( 'NONE',  ( 0.000000000000000000, 0.000000000000000000, 1.000000000000000000 ) ) ;
#1067 = DIRECTION ( 'NONE',  ( -0.000000000000000000, -0.000000000000000000, 1.000000000000000000 ) ) ;
#1068 = EDGE_LOOP ( 'NONE', ( #1150, #778, #1398, #2007 ) ) ;
#1069 = EDGE_CURVE ( 'NONE', #868, #1957, #1442, .T. ) ;
#1070 = ORIENTED_EDGE ( 'NONE', *, *, #1528, .F. ) ;
#1071 = EDGE_CURVE ( 'NONE', #1777, #1224, #1100, .T. ) ;
#1072 = DIRECTION ( 'NONE',  ( -0.000000000000000000, 0.000000000000000000, 1.000000000000000000 ) ) ;
#1073 = CARTESIAN_POINT ( 'NONE',  ( 4.755367492503024707, -1.013461894323364865, 0.000000000000000000 ) ) ;
#1074 = ORIENTED_EDGE ( 'NONE', *, *, #56, .T. ) ;
#1075 = CARTESIAN_POINT ( 'NONE',  ( -1.249999999999999334, -4.625000000000000000, 0.000000000000000000 ) ) ;
#1076 = FACE_OUTER_BOUND ( 'NONE', #1298, .T. ) ;
#1077 = ORIENTED_EDGE ( 'NONE', *, *, #1840, .T. ) ;
#1078 = CYLINDRICAL_SURFACE ( 'NONE', #1637, 0.2500000000000002220 ) ;
#1079 = AXIS2_PLACEMENT_3D ( 'NONE', #384, #1296, #259 ) ;
#1080 = ORIENTED_EDGE ( 'NONE', *, *, #537, .F. ) ;
#1081 = VECTOR ( 'NONE', #1005, 100.0000000000000000 ) ;
#1082 = CARTESIAN_POINT ( 'NONE',  ( -1.586538105676664756, -0.7499999999999878986, 1.000000000000000000 ) ) ;
#1083 = DIRECTION ( 'NONE',  ( -0.000000000000000000, 0.000000000000000000, 1.000000000000000000 ) ) ;
#1084 = AXIS2_PLACEMENT_3D ( 'NONE', #58, #1002, #1896 ) ;
#1085 = ORIENTED_EDGE ( 'NONE', *, *, #1854, .F. ) ;
#1086 = AXIS2_PLACEMENT_3D ( 'NONE', #1849, #1096, #628 ) ;
#1087 = CARTESIAN_POINT ( 'NONE',  ( -5.875000000000000000, 0.000000000000000000, 1.000000000000000000 ) ) ;
#1088 = CARTESIAN_POINT ( 'NONE',  ( -0.2875000000000000333, -1.500000000000000000, 1.000000000000000000 ) ) ;
#1089 = CIRCLE ( 'NONE', #1484, 0.2875000000000000888 ) ;
#1090 = ORIENTED_EDGE ( 'NONE', *, *, #769, .T. ) ;
#1091 = FACE_OUTER_BOUND ( 'NONE', #639, .T. ) ;
#1092 = EDGE_LOOP ( 'NONE', ( #739, #1714 ) ) ;
#1093 = ADVANCED_FACE ( 'NONE', ( #1855 ), #1078, .F. ) ;
#1094 = DIRECTION ( 'NONE',  ( 1.000000000000000000, 0.000000000000000000, 0.000000000000000000 ) ) ;
#1095 = EDGE_CURVE ( 'NONE', #228, #1156, #239, .T. ) ;
#1096 = DIRECTION ( 'NONE',  ( 0.000000000000000000, 0.000000000000000000, 1.000000000000000000 ) ) ;
#1097 = ORIENTED_EDGE ( 'NONE', *, *, #351, .T. ) ;
#1098 = DIRECTION ( 'NONE',  ( 1.000000000000000000, 0.000000000000000000, 0.000000000000000000 ) ) ;
#1099 = CARTESIAN_POINT ( 'NONE',  ( -3.255367492503012716, 3.611538105676673105, 0.000000000000000000 ) ) ;
#1100 = LINE ( 'NONE', #621, #1833 ) ;
#1101 = VERTEX_POINT ( 'NONE', #1809 ) ;
#1102 = DIRECTION ( 'NONE',  ( -0.5000000000000033307, -0.8660254037844368202, 0.000000000000000000 ) ) ;
#1103 = CARTESIAN_POINT ( 'NONE',  ( -1.011538105676665023, -0.7499999999999878986, 0.6750000000000000444 ) ) ;
#1104 = EDGE_CURVE ( 'NONE', #1909, #1255, #1769, .T. ) ;
#1105 = VERTEX_POINT ( 'NONE', #308 ) ;
#1106 = FACE_OUTER_BOUND ( 'NONE', #313, .T. ) ;
#1107 = CARTESIAN_POINT ( 'NONE',  ( 4.755367492503030924, 1.013461894323330448, 0.000000000000000000 ) ) ;
#1108 = DIRECTION ( 'NONE',  ( -0.000000000000000000, 0.000000000000000000, 1.000000000000000000 ) ) ;
#1109 = CARTESIAN_POINT ( 'NONE',  ( -0.2000000000000000111, -1.500000000000000000, 0.6750000000000000444 ) ) ;
#1110 = ORIENTED_EDGE ( 'NONE', *, *, #1828, .F. ) ;
#1111 = AXIS2_PLACEMENT_3D ( 'NONE', #222, #83, #1944 ) ;
#1112 = DIRECTION ( 'NONE',  ( 1.000000000000000000, 0.000000000000000000, 0.000000000000000000 ) ) ;
#1113 = LINE ( 'NONE', #631, #1961 ) ;
#1114 = CIRCLE ( 'NONE', #241, 0.2499999999999998890 ) ;
#1115 = FACE_BOUND ( 'NONE', #1532, .T. ) ;
#1116 = EDGE_CURVE ( 'NONE', #1452, #992, #1377, .T. ) ;
#1117 = FACE_BOUND ( 'NONE', #1092, .T. ) ;
#1118 = DIRECTION ( 'NONE',  ( 0.000000000000000000, 0.000000000000000000, 1.000000000000000000 ) ) ;
#1119 = EDGE_CURVE ( 'NONE', #296, #265, #1866, .T. ) ;
#1120 = EDGE_LOOP ( 'NONE', ( #1738, #279, #613, #176 ) ) ;
#1121 = EDGE_CURVE ( 'NONE', #1224, #480, #403, .T. ) ;
#1122 = CARTESIAN_POINT ( 'NONE',  ( 1.299038105676659782, 0.7499999999999968914, 1.000000000000000000 ) ) ;
#1123 = CARTESIAN_POINT ( 'NONE',  ( 0.000000000000000000, 0.000000000000000000, 0.000000000000000000 ) ) ;
#1124 = FACE_BOUND ( 'NONE', #1004, .T. ) ;
#1125 = FACE_BOUND ( 'NONE', #607, .T. ) ;
#1126 = DIRECTION ( 'NONE',  ( 0.000000000000000000, 0.000000000000000000, 1.000000000000000000 ) ) ;
#1127 = EDGE_CURVE ( 'NONE', #1212, #267, #1739, .T. ) ;
#1128 = ORIENTED_EDGE ( 'NONE', *, *, #449, .T. ) ;
#1129 = EDGE_CURVE ( 'NONE', #815, #1831, #953, .T. ) ;
#1130 = DIRECTION ( 'NONE',  ( -0.000000000000000000, -0.000000000000000000, 1.000000000000000000 ) ) ;
#1131 = DIRECTION ( 'NONE',  ( -0.000000000000000000, -0.000000000000000000, 1.000000000000000000 ) ) ;
#1132 = FACE_BOUND ( 'NONE', #648, .T. ) ;
#1133 = FACE_BOUND ( 'NONE', #665, .T. ) ;
#1134 = DIRECTION ( 'NONE',  ( 0.000000000000000000, 0.000000000000000000, 1.000000000000000000 ) ) ;
#1135 = CARTESIAN_POINT ( 'NONE',  ( 3.505367492503038029, 3.611538105676649568, 1.000000000000000000 ) ) ;
#1136 = ORIENTED_EDGE ( 'NONE', *, *, #499, .T. ) ;
#1137 = ADVANCED_FACE ( 'NONE', ( #1349 ), #1197, .F. ) ;
#1138 = EDGE_LOOP ( 'NONE', ( #1233, #1110 ) ) ;
#1139 = CARTESIAN_POINT ( 'NONE',  ( 1.500000000000000444, -4.625000000000000000, 1.000000000000000000 ) ) ;
#1140 = DIRECTION ( 'NONE',  ( 1.000000000000000000, 0.000000000000000000, 0.000000000000000000 ) ) ;
#1141 = AXIS2_PLACEMENT_3D ( 'NONE', #697, #252, #1649 ) ;
#1142 = EDGE_CURVE ( 'NONE', #900, #602, #592, .T. ) ;
#1143 = DIRECTION ( 'NONE',  ( 0.000000000000000000, 0.000000000000000000, 1.000000000000000000 ) ) ;
#1144 = FACE_BOUND ( 'NONE', #448, .T. ) ;
#1145 = CIRCLE ( 'NONE', #888, 0.2500000000000001110 ) ;
#1146 = AXIS2_PLACEMENT_3D ( 'NONE', #206, #655, #218 ) ;
#1147 = DIRECTION ( 'NONE',  ( -0.000000000000000000, -0.000000000000000000, 1.000000000000000000 ) ) ;
#1148 = CARTESIAN_POINT ( 'NONE',  ( 0.000000000000000000, 1.500000000000000000, 0.6750000000000000444 ) ) ;
#1149 = AXIS2_PLACEMENT_3D ( 'NONE', #519, #1620, #1583 ) ;
#1150 = ORIENTED_EDGE ( 'NONE', *, *, #743, .F. ) ;
#1151 = VECTOR ( 'NONE', #478, 100.0000000000000000 ) ;
#1152 = VERTEX_POINT ( 'NONE', #1818 ) ;
#1153 = DIRECTION ( 'NONE',  ( -0.4999999999999918954, 0.8660254037844433705, 0.000000000000000000 ) ) ;
#1154 = DIRECTION ( 'NONE',  ( -0.000000000000000000, -0.000000000000000000, 1.000000000000000000 ) ) ;
#1155 = CYLINDRICAL_SURFACE ( 'NONE', #506, 0.2000000000000000111 ) ;
#1156 = VERTEX_POINT ( 'NONE', #612 ) ;
#1157 = EDGE_CURVE ( 'NONE', #1495, #1319, #500, .T. ) ;
#1158 = CYLINDRICAL_SURFACE ( 'NONE', #979, 5.875000000000000000 ) ;
#1159 = DIRECTION ( 'NONE',  ( 0.000000000000000000, 0.000000000000000000, 1.000000000000000000 ) ) ;
#1160 = VERTEX_POINT ( 'NONE', #1256 ) ;
#1161 = ORIENTED_EDGE ( 'NONE', *, *, #940, .T. ) ;
#1162 = SURFACE_STYLE_FILL_AREA ( #1603 ) ;
#1163 = CARTESIAN_POINT ( 'NONE',  ( 1.299038105676654675, -0.7500000000000061062, 0.6750000000000000444 ) ) ;
#1164 = DIRECTION ( 'NONE',  ( -0.000000000000000000, -0.000000000000000000, 1.000000000000000000 ) ) ;
#1165 = EDGE_CURVE ( 'NONE', #69, #1438, #916, .T. ) ;
#1166 = VERTEX_POINT ( 'NONE', #1573 ) ;
#1167 = DIRECTION ( 'NONE',  ( -1.000000000000000000, 0.000000000000000000, 0.000000000000000000 ) ) ;
#1168 = DIRECTION ( 'NONE',  ( 0.000000000000000000, 0.000000000000000000, 1.000000000000000000 ) ) ;
#1169 = EDGE_CURVE ( 'NONE', #722, #675, #936, .T. ) ;
#1170 = ORIENTED_EDGE ( 'NONE', *, *, #1885, .F. ) ;
#1171 = ORIENTED_EDGE ( 'NONE', *, *, #262, .T. ) ;
#1172 = DIRECTION ( 'NONE',  ( 0.000000000000000000, 0.000000000000000000, 1.000000000000000000 ) ) ;
#1173 = AXIS2_PLACEMENT_3D ( 'NONE', #896, #1712, #314 ) ;
#1174 = DIRECTION ( 'NONE',  ( -0.5000000000000033307, -0.8660254037844368202, 0.000000000000000000 ) ) ;
#1175 = DIRECTION ( 'NONE',  ( 0.000000000000000000, 0.000000000000000000, 1.000000000000000000 ) ) ;
#1176 = ORIENTED_EDGE ( 'NONE', *, *, #1394, .T. ) ;
#1177 = CARTESIAN_POINT ( 'NONE',  ( 4.505367492503030924, 1.013461894323330448, 0.000000000000000000 ) ) ;
#1178 = ADVANCED_FACE ( 'NONE', ( #1091 ), #1188, .F. ) ;
#1179 = AXIS2_PLACEMENT_3D ( 'NONE', #1426, #649, #1901 ) ;
#1180 = DIRECTION ( 'NONE',  ( 0.000000000000000000, 0.000000000000000000, 1.000000000000000000 ) ) ;
#1181 = AXIS2_PLACEMENT_3D ( 'NONE', #5, #107, #1715 ) ;
#1182 = ORIENTED_EDGE ( 'NONE', *, *, #640, .T. ) ;
#1183 = EDGE_CURVE ( 'NONE', #875, #350, #49, .T. ) ;
#1184 = EDGE_CURVE ( 'NONE', #1478, #1043, #1674, .T. ) ;
#1185 = CIRCLE ( 'NONE', #1639, 0.2000000000000000111 ) ;
#1186 = AXIS2_PLACEMENT_3D ( 'NONE', #1498, #100, #110 ) ;
#1187 = ORIENTED_EDGE ( 'NONE', *, *, #82, .T. ) ;
#1188 = CYLINDRICAL_SURFACE ( 'NONE', #1181, 0.2000000000000000111 ) ;
#1189 = CIRCLE ( 'NONE', #1254, 0.2875000000000000888 ) ;
#1190 = DIRECTION ( 'NONE',  ( 1.000000000000000000, 0.000000000000000000, 0.000000000000000000 ) ) ;
#1191 = DIRECTION ( 'NONE',  ( -0.000000000000000000, -0.000000000000000000, 1.000000000000000000 ) ) ;
#1192 = CARTESIAN_POINT ( 'NONE',  ( -4.755367492503030924, -1.013461894323331336, 0.000000000000000000 ) ) ;
#1193 = DIRECTION ( 'NONE',  ( 0.4999999999999978351, -0.8660254037844398178, 0.000000000000000000 ) ) ;
#1194 = ORIENTED_EDGE ( 'NONE', *, *, #116, .T. ) ;
#1195 = EDGE_CURVE ( 'NONE', #770, #1555, #563, .T. ) ;
#1196 = ORIENTED_EDGE ( 'NONE', *, *, #1973, .F. ) ;
#1197 = CYLINDRICAL_SURFACE ( 'NONE', #368, 0.2874999999999999223 ) ;
#1198 = EDGE_CURVE ( 'NONE', #708, #1152, #1247, .T. ) ;
#1199 = DIRECTION ( 'NONE',  ( -0.000000000000000000, -0.000000000000000000, 1.000000000000000000 ) ) ;
#1200 = CARTESIAN_POINT ( 'NONE',  ( -0.2000000000000000111, 2.449293598294706229E-17, 0.000000000000000000 ) ) ;
#1201 = ORIENTED_EDGE ( 'NONE', *, *, #1732, .F. ) ;
#1202 = CARTESIAN_POINT ( 'NONE',  ( -1.499038105676664845, -0.7499999999999878986, 0.000000000000000000 ) ) ;
#1203 = DIRECTION ( 'NONE',  ( -0.000000000000000000, 0.000000000000000000, 1.000000000000000000 ) ) ;
#1204 = ORIENTED_EDGE ( 'NONE', *, *, #1905, .T. ) ;
#1205 = VERTEX_POINT ( 'NONE', #1736 ) ;
#1206 = DIRECTION ( 'NONE',  ( 1.000000000000000000, 0.000000000000000000, 0.000000000000000000 ) ) ;
#1207 = EDGE_CURVE ( 'NONE', #1372, #963, #632, .T. ) ;
#1208 = ORIENTED_EDGE ( 'NONE', *, *, #148, .F. ) ;
#1209 = LINE ( 'NONE', #1075, #560 ) ;
#1210 = CARTESIAN_POINT ( 'NONE',  ( -1.249999999999999112, 4.625000000000000000, 0.000000000000000000 ) ) ;
#1211 = CIRCLE ( 'NONE', #462, 0.2499999999999999445 ) ;
#1212 = VERTEX_POINT ( 'NONE', #197 ) ;
#1213 = CIRCLE ( 'NONE', #1345, 0.1999999999999999833 ) ;
#1214 = ORIENTED_EDGE ( 'NONE', *, *, #545, .T. ) ;
#1215 = AXIS2_PLACEMENT_3D ( 'NONE', #1969, #1180, #874 ) ;
#1216 = CIRCLE ( 'NONE', #761, 0.2874999999999999223 ) ;
#1217 = LINE ( 'NONE', #1687, #1513 ) ;
#1218 = DIRECTION ( 'NONE',  ( 0.000000000000000000, 0.000000000000000000, 1.000000000000000000 ) ) ;
#1219 = EDGE_CURVE ( 'NONE', #296, #543, #827, .T. ) ;
#1220 = ORIENTED_EDGE ( 'NONE', *, *, #1648, .T. ) ;
#1221 = CARTESIAN_POINT ( 'NONE',  ( 1.299038105676654675, -0.7500000000000061062, 0.6750000000000000444 ) ) ;
#1222 = DIRECTION ( 'NONE',  ( 0.4999999999999979461, -0.8660254037844398178, 0.000000000000000000 ) ) ;
#1223 = ADVANCED_FACE ( 'NONE', ( #380 ), #1762, .F. ) ;
#1224 = VERTEX_POINT ( 'NONE', #1754 ) ;
#1225 = VERTEX_POINT ( 'NONE', #365 ) ;
#1226 = CARTESIAN_POINT ( 'NONE',  ( 3.255367492503037585, 3.611538105676649568, 0.000000000000000000 ) ) ;
#1227 = CARTESIAN_POINT ( 'NONE',  ( -1.499038105676649080, 0.7500000000000150990, 0.000000000000000000 ) ) ;
#1228 = VERTEX_POINT ( 'NONE', #1430 ) ;
#1229 = LINE ( 'NONE', #1985, #848 ) ;
#1230 = PLANE ( 'NONE',  #1547 ) ;
#1231 = VERTEX_POINT ( 'NONE', #1271 ) ;
#1232 = CARTESIAN_POINT ( 'NONE',  ( 4.755367492503030924, 1.013461894323330448, 0.000000000000000000 ) ) ;
#1233 = ORIENTED_EDGE ( 'NONE', *, *, #1116, .F. ) ;
#1234 = DIRECTION ( 'NONE',  ( 1.000000000000000000, 0.000000000000000000, -0.000000000000000000 ) ) ;
#1235 = CYLINDRICAL_SURFACE ( 'NONE', #799, 0.2500000000000002220 ) ;
#1236 = AXIS2_PLACEMENT_3D ( 'NONE', #1192, #1813, #123 ) ;
#1237 = ORIENTED_EDGE ( 'NONE', *, *, #1011, .T. ) ;
#1238 = DIRECTION ( 'NONE',  ( -0.000000000000000000, -0.000000000000000000, 1.000000000000000000 ) ) ;
#1239 = CARTESIAN_POINT ( 'NONE',  ( -1.249999999999999334, -4.625000000000000000, 0.000000000000000000 ) ) ;
#1240 = AXIS2_PLACEMENT_3D ( 'NONE', #710, #883, #550 ) ;
#1241 = EDGE_CURVE ( 'NONE', #1061, #1631, #20, .T. ) ;
#1242 = ORIENTED_EDGE ( 'NONE', *, *, #1485, .T. ) ;
#1243 = DIRECTION ( 'NONE',  ( 1.000000000000000000, 0.000000000000000000, 0.000000000000000000 ) ) ;
#1244 = ORIENTED_EDGE ( 'NONE', *, *, #2006, .F. ) ;
#1245 = CIRCLE ( 'NONE', #47, 0.2500000000000000555 ) ;
#1246 = ADVANCED_FACE ( 'NONE', ( #1449 ), #837, .F. ) ;
#1247 = CIRCLE ( 'NONE', #1516, 0.1999999999999999833 ) ;
#1248 = CARTESIAN_POINT ( 'NONE',  ( 0.000000000000000000, -1.500000000000000000, 0.000000000000000000 ) ) ;
#1249 = DIRECTION ( 'NONE',  ( 0.000000000000000000, 0.000000000000000000, 1.000000000000000000 ) ) ;
#1250 = CIRCLE ( 'NONE', #991, 0.1999999999999999556 ) ;
#1251 = ORIENTED_EDGE ( 'NONE', *, *, #881, .F. ) ;
#1252 = CYLINDRICAL_SURFACE ( 'NONE', #1506, 0.2500000000000000555 ) ;
#1253 = DIRECTION ( 'NONE',  ( 1.000000000000000000, 0.000000000000000000, -0.000000000000000000 ) ) ;
#1254 = AXIS2_PLACEMENT_3D ( 'NONE', #1882, #1249, #1381 ) ;
#1255 = VERTEX_POINT ( 'NONE', #1459 ) ;
#1256 = CARTESIAN_POINT ( 'NONE',  ( 0.2000000000000000111, -1.500000000000000000, 0.6750000000000000444 ) ) ;
#1257 = EDGE_LOOP ( 'NONE', ( #1623, #1090, #1906, #25 ) ) ;
#1258 = EDGE_CURVE ( 'NONE', #156, #861, #565, .T. ) ;
#1259 = FACE_OUTER_BOUND ( 'NONE', #1120, .T. ) ;
#1260 = DIRECTION ( 'NONE',  ( -0.000000000000000000, -0.000000000000000000, 1.000000000000000000 ) ) ;
#1261 = EDGE_LOOP ( 'NONE', ( #914, #1074, #539, #65 ) ) ;
#1262 = CARTESIAN_POINT ( 'NONE',  ( -1.299038105676664889, -0.7499999999999878986, 1.000000000000000000 ) ) ;
#1263 = CARTESIAN_POINT ( 'NONE',  ( 0.000000000000000000, -1.500000000000000000, 0.6750000000000000444 ) ) ;
#1264 = VERTEX_POINT ( 'NONE', #1135 ) ;
#1265 = CARTESIAN_POINT ( 'NONE',  ( -1.499999999999999334, -4.625000000000000000, 0.000000000000000000 ) ) ;
#1266 = ORIENTED_EDGE ( 'NONE', *, *, #817, .T. ) ;
#1267 = DIRECTION ( 'NONE',  ( -0.000000000000000000, -0.000000000000000000, 1.000000000000000000 ) ) ;
#1268 = CYLINDRICAL_SURFACE ( 'NONE', #1017, 0.2500000000000002220 ) ;
#1269 = FACE_BOUND ( 'NONE', #1012, .T. ) ;
#1270 = CARTESIAN_POINT ( 'NONE',  ( 1.500000000000000666, 4.625000000000000000, 0.000000000000000000 ) ) ;
#1271 = CARTESIAN_POINT ( 'NONE',  ( 0.2875000000000000333, -1.500000000000000000, 0.6750000000000000444 ) ) ;
#1272 = CIRCLE ( 'NONE', #431, 0.2000000000000000111 ) ;
#1273 = ORIENTED_EDGE ( 'NONE', *, *, #1071, .T. ) ;
#1274 = AXIS2_PLACEMENT_3D ( 'NONE', #604, #901, #1234 ) ;
#1275 = FACE_OUTER_BOUND ( 'NONE', #1670, .T. ) ;
#1276 = VECTOR ( 'NONE', #178, 100.0000000000000000 ) ;
#1277 = FACE_OUTER_BOUND ( 'NONE', #611, .T. ) ;
#1278 = AXIS2_PLACEMENT_3D ( 'NONE', #1364, #132, #1996 ) ;
#1279 = CARTESIAN_POINT ( 'NONE',  ( 5.005367492503031812, 1.013461894323330448, 1.000000000000000000 ) ) ;
#1280 = ADVANCED_FACE ( 'NONE', ( #1290, #1610 ), #1748, .T. ) ;
#1281 = AXIS2_PLACEMENT_3D ( 'NONE', #1945, #698, #1342 ) ;
#1282 = ORIENTED_EDGE ( 'NONE', *, *, #31, .F. ) ;
#1283 = DIRECTION ( 'NONE',  ( -0.000000000000000000, -0.000000000000000000, -1.000000000000000000 ) ) ;
#1284 = ORIENTED_EDGE ( 'NONE', *, *, #251, .T. ) ;
#1285 = DIRECTION ( 'NONE',  ( -0.000000000000000000, 0.000000000000000000, 1.000000000000000000 ) ) ;
#1286 = DIRECTION ( 'NONE',  ( -0.000000000000000000, -0.000000000000000000, 1.000000000000000000 ) ) ;
#1287 = DIRECTION ( 'NONE',  ( -0.000000000000000000, 0.000000000000000000, 1.000000000000000000 ) ) ;
#1288 = CARTESIAN_POINT ( 'NONE',  ( 1.299038105676659782, 0.7499999999999968914, 0.6750000000000000444 ) ) ;
#1289 = ADVANCED_FACE ( 'NONE', ( #1914 ), #968, .F. ) ;
#1290 = FACE_BOUND ( 'NONE', #1841, .T. ) ;
#1291 = EDGE_LOOP ( 'NONE', ( #248, #908 ) ) ;
#1292 = EDGE_CURVE ( 'NONE', #307, #1470, #1250, .T. ) ;
#1293 = ORIENTED_EDGE ( 'NONE', *, *, #1645, .F. ) ;
#1294 = LINE ( 'NONE', #90, #1081 ) ;
#1295 =( LENGTH_UNIT ( ) NAMED_UNIT ( * ) SI_UNIT ( .CENTI., .METRE. ) );
#1296 = DIRECTION ( 'NONE',  ( 0.000000000000000000, 0.000000000000000000, 1.000000000000000000 ) ) ;
#1297 = FACE_OUTER_BOUND ( 'NONE', #89, .T. ) ;
#1298 = EDGE_LOOP ( 'NONE', ( #1562, #1483 ) ) ;
#1299 = CARTESIAN_POINT ( 'NONE',  ( 0.000000000000000000, -1.500000000000000000, 0.6750000000000000444 ) ) ;
#1300 = AXIS2_PLACEMENT_3D ( 'NONE', #1640, #1492, #569 ) ;
#1301 = VERTEX_POINT ( 'NONE', #1109 ) ;
#1302 = EDGE_CURVE ( 'NONE', #1567, #1000, #1802, .T. ) ;
#1303 = AXIS2_PLACEMENT_3D ( 'NONE', #1938, #410, #1803 ) ;
#1304 = ORIENTED_EDGE ( 'NONE', *, *, #98, .F. ) ;
#1305 = DIRECTION ( 'NONE',  ( 0.000000000000000000, 0.000000000000000000, 1.000000000000000000 ) ) ;
#1306 = DIRECTION ( 'NONE',  ( 1.000000000000000000, 0.000000000000000000, 0.000000000000000000 ) ) ;
#1307 = EDGE_CURVE ( 'NONE', #1831, #815, #634, .T. ) ;
#1308 = AXIS2_PLACEMENT_3D ( 'NONE', #951, #168, #1102 ) ;
#1309 = DIRECTION ( 'NONE',  ( 0.000000000000000000, 0.000000000000000000, 1.000000000000000000 ) ) ;
#1310 = DIRECTION ( 'NONE',  ( -0.5000000000000029976, -0.8660254037844369313, 0.000000000000000000 ) ) ;
#1311 = MECHANICAL_DESIGN_GEOMETRIC_PRESENTATION_REPRESENTATION (  '', ( #337 ), #690 ) ;
#1312 = ORIENTED_EDGE ( 'NONE', *, *, #1693, .T. ) ;
#1313 = CIRCLE ( 'NONE', #532, 0.2499999999999999445 ) ;
#1314 = CARTESIAN_POINT ( 'NONE',  ( -5.005367492503030924, -1.013461894323331336, 1.000000000000000000 ) ) ;
#1315 = DIRECTION ( 'NONE',  ( 0.000000000000000000, 0.000000000000000000, 1.000000000000000000 ) ) ;
#1316 = AXIS2_PLACEMENT_3D ( 'NONE', #1099, #153, #1526 ) ;
#1317 = ORIENTED_EDGE ( 'NONE', *, *, #885, .F. ) ;
#1318 = AXIS2_PLACEMENT_3D ( 'NONE', #1369, #1557, #1991 ) ;
#1319 = VERTEX_POINT ( 'NONE', #226 ) ;
#1320 = CARTESIAN_POINT ( 'NONE',  ( 0.000000000000000000, -1.500000000000000000, 0.6750000000000000444 ) ) ;
#1321 = EDGE_CURVE ( 'NONE', #1638, #1795, #504, .T. ) ;
#1322 = DIRECTION ( 'NONE',  ( -0.000000000000000000, 0.000000000000000000, 1.000000000000000000 ) ) ;
#1323 = EDGE_CURVE ( 'NONE', #1764, #290, #920, .T. ) ;
#1324 = CYLINDRICAL_SURFACE ( 'NONE', #535, 0.2000000000000000111 ) ;
#1325 = ORIENTED_EDGE ( 'NONE', *, *, #898, .T. ) ;
#1326 = CARTESIAN_POINT ( 'NONE',  ( 0.2000000000000000111, 0.000000000000000000, 1.000000000000000000 ) ) ;
#1327 = CARTESIAN_POINT ( 'NONE',  ( 3.505367492503012716, -3.611538105676674437, 0.000000000000000000 ) ) ;
#1328 = ORIENTED_EDGE ( 'NONE', *, *, #1121, .F. ) ;
#1329 = EDGE_LOOP ( 'NONE', ( #492, #1033, #699, #1472 ) ) ;
#1330 = DIRECTION ( 'NONE',  ( 1.000000000000000000, 0.000000000000000000, 0.000000000000000000 ) ) ;
#1331 = EDGE_CURVE ( 'NONE', #826, #675, #113, .T. ) ;
#1332 = LINE ( 'NONE', #1027, #266 ) ;
#1333 = CARTESIAN_POINT ( 'NONE',  ( -1.749999999999999556, -4.625000000000000000, 0.000000000000000000 ) ) ;
#1334 = EDGE_CURVE ( 'NONE', #1808, #326, #1185, .T. ) ;
#1335 = ORIENTED_EDGE ( 'NONE', *, *, #960, .F. ) ;
#1336 = DIRECTION ( 'NONE',  ( -0.000000000000000000, -0.000000000000000000, 1.000000000000000000 ) ) ;
#1337 = DIRECTION ( 'NONE',  ( 1.000000000000000000, 0.000000000000000000, 0.000000000000000000 ) ) ;
#1338 = VERTEX_POINT ( 'NONE', #1939 ) ;
#1339 = ORIENTED_EDGE ( 'NONE', *, *, #56, .F. ) ;
#1340 =( NAMED_UNIT ( * ) SI_UNIT ( $, .STERADIAN. ) SOLID_ANGLE_UNIT ( ) );
#1341 = FACE_OUTER_BOUND ( 'NONE', #1847, .T. ) ;
#1342 = DIRECTION ( 'NONE',  ( 1.000000000000000000, 0.000000000000000000, 0.000000000000000000 ) ) ;
#1343 = FACE_OUTER_BOUND ( 'NONE', #245, .T. ) ;
#1344 = CARTESIAN_POINT ( 'NONE',  ( 0.2874999999999999778, 1.500000000000000000, 0.6750000000000000444 ) ) ;
#1345 = AXIS2_PLACEMENT_3D ( 'NONE', #230, #1305, #847 ) ;
#1346 = EDGE_LOOP ( 'NONE', ( #198, #1815 ) ) ;
#1347 = VECTOR ( 'NONE', #1385, 100.0000000000000000 ) ;
#1348 = ORIENTED_EDGE ( 'NONE', *, *, #1142, .F. ) ;
#1349 = FACE_OUTER_BOUND ( 'NONE', #1618, .T. ) ;
#1350 = AXIS2_PLACEMENT_3D ( 'NONE', #595, #1697, #1719 ) ;
#1351 = CARTESIAN_POINT ( 'NONE',  ( -1.299038105676649124, 0.7500000000000150990, 0.6750000000000000444 ) ) ;
#1352 = DIRECTION ( 'NONE',  ( 1.000000000000000000, 0.000000000000000000, 0.000000000000000000 ) ) ;
#1353 = VERTEX_POINT ( 'NONE', #87 ) ;
#1354 = DIRECTION ( 'NONE',  ( 1.000000000000000000, 0.000000000000000000, 0.000000000000000000 ) ) ;
#1355 = CYLINDRICAL_SURFACE ( 'NONE', #692, 0.2000000000000000111 ) ;
#1356 = ADVANCED_FACE ( 'NONE', ( #1786 ), #1355, .F. ) ;
#1357 = ORIENTED_EDGE ( 'NONE', *, *, #101, .F. ) ;
#1358 = EDGE_CURVE ( 'NONE', #1795, #1638, #306, .T. ) ;
#1359 = EDGE_LOOP ( 'NONE', ( #342, #1, #1003, #1749 ) ) ;
#1360 = CARTESIAN_POINT ( 'NONE',  ( 1.500000000000000666, 4.625000000000000000, 1.000000000000000000 ) ) ;
#1361 = LINE ( 'NONE', #1983, #854 ) ;
#1362 = ORIENTED_EDGE ( 'NONE', *, *, #126, .F. ) ;
#1363 = CARTESIAN_POINT ( 'NONE',  ( 5.875000000000000000, 7.194799944990699815E-16, 1.000000000000000000 ) ) ;
#1364 = CARTESIAN_POINT ( 'NONE',  ( -3.255367492503012716, 3.611538105676673105, 0.000000000000000000 ) ) ;
#1365 = ORIENTED_EDGE ( 'NONE', *, *, #1157, .F. ) ;
#1366 = ORIENTED_EDGE ( 'NONE', *, *, #1358, .F. ) ;
#1367 = EDGE_CURVE ( 'NONE', #1105, #1808, #76, .T. ) ;
#1368 = CARTESIAN_POINT ( 'NONE',  ( -5.005367492503025595, 1.013461894323363754, 0.000000000000000000 ) ) ;
#1369 = CARTESIAN_POINT ( 'NONE',  ( -1.299038105676664889, -0.7499999999999878986, 0.6750000000000000444 ) ) ;
#1370 = EDGE_CURVE ( 'NONE', #518, #1105, #1997, .T. ) ;
#1371 = UNCERTAINTY_MEASURE_WITH_UNIT (LENGTH_MEASURE( 1.000000000000000082E-05 ), #1295, 'distance_accuracy_value', 'NONE');
#1372 = VERTEX_POINT ( 'NONE', #1344 ) ;
#1373 = CARTESIAN_POINT ( 'NONE',  ( 0.2000000000000000111, 1.500000000000000000, 0.000000000000000000 ) ) ;
#1374 = CARTESIAN_POINT ( 'NONE',  ( 4.755367492503030924, 1.013461894323330448, 0.000000000000000000 ) ) ;
#1375 = VECTOR ( 'NONE', #594, 100.0000000000000000 ) ;
#1376 = ORIENTED_EDGE ( 'NONE', *, *, #1982, .F. ) ;
#1377 = CIRCLE ( 'NONE', #988, 0.2500000000000001110 ) ;
#1378 = EDGE_LOOP ( 'NONE', ( #1196, #1812, #1553, #876 ) ) ;
#1379 = EDGE_CURVE ( 'NONE', #1692, #724, #1445, .T. ) ;
#1380 = DIRECTION ( 'NONE',  ( 0.000000000000000000, 0.000000000000000000, 1.000000000000000000 ) ) ;
#1381 = DIRECTION ( 'NONE',  ( 1.000000000000000000, 0.000000000000000000, 0.000000000000000000 ) ) ;
#1382 = AXIS2_PLACEMENT_3D ( 'NONE', #508, #1780, #1140 ) ;
#1383 = ORIENTED_EDGE ( 'NONE', *, *, #960, .T. ) ;
#1384 = CARTESIAN_POINT ( 'NONE',  ( -1.499999999999999334, 4.625000000000000000, 0.000000000000000000 ) ) ;
#1385 = DIRECTION ( 'NONE',  ( -0.000000000000000000, 0.000000000000000000, 1.000000000000000000 ) ) ;
#1386 = ORIENTED_EDGE ( 'NONE', *, *, #1469, .F. ) ;
#1387 = ORIENTED_EDGE ( 'NONE', *, *, #1943, .T. ) ;
#1388 = FACE_OUTER_BOUND ( 'NONE', #911, .T. ) ;
#1389 = CARTESIAN_POINT ( 'NONE',  ( -1.586538105676649213, 0.7500000000000150990, 0.6750000000000000444 ) ) ;
#1390 = ADVANCED_FACE ( 'NONE', ( #235 ), #1030, .F. ) ;
#1391 = VERTEX_POINT ( 'NONE', #570 ) ;
#1392 = DIRECTION ( 'NONE',  ( 1.000000000000000000, 0.000000000000000000, 0.000000000000000000 ) ) ;
#1393 = DIRECTION ( 'NONE',  ( 1.000000000000000000, 0.000000000000000000, 0.000000000000000000 ) ) ;
#1394 = EDGE_CURVE ( 'NONE', #1831, #1452, #1501, .T. ) ;
#1395 = ORIENTED_EDGE ( 'NONE', *, *, #1323, .T. ) ;
#1396 = DIRECTION ( 'NONE',  ( -0.000000000000000000, -0.000000000000000000, 1.000000000000000000 ) ) ;
#1397 = EDGE_CURVE ( 'NONE', #963, #1918, #1948, .T. ) ;
#1398 = ORIENTED_EDGE ( 'NONE', *, *, #1104, .T. ) ;
#1399 = DIRECTION ( 'NONE',  ( -0.000000000000000000, -0.000000000000000000, 1.000000000000000000 ) ) ;
#1400 = CARTESIAN_POINT ( 'NONE',  ( 1.299038105676654675, -0.7500000000000061062, 0.6750000000000000444 ) ) ;
#1401 = EDGE_LOOP ( 'NONE', ( #954, #79 ) ) ;
#1402 = CARTESIAN_POINT ( 'NONE',  ( 5.005367492503024707, -1.013461894323364865, 1.000000000000000000 ) ) ;
#1403 = CARTESIAN_POINT ( 'NONE',  ( 1.500000000000000666, 4.625000000000000000, 0.000000000000000000 ) ) ;
#1404 = AXIS2_PLACEMENT_3D ( 'NONE', #446, #131, #903 ) ;
#1405 = CIRCLE ( 'NONE', #1240, 0.2500000000000000555 ) ;
#1406 = ORIENTED_EDGE ( 'NONE', *, *, #1397, .F. ) ;
#1407 = CIRCLE ( 'NONE', #1765, 5.875000000000000000 ) ;
#1408 = DIRECTION ( 'NONE',  ( -0.000000000000000000, -0.000000000000000000, 1.000000000000000000 ) ) ;
#1409 = AXIS2_PLACEMENT_3D ( 'NONE', #1476, #242, #864 ) ;
#1410 = ORIENTED_EDGE ( 'NONE', *, *, #386, .F. ) ;
#1411 = EDGE_CURVE ( 'NONE', #118, #1228, #1313, .T. ) ;
#1412 = CIRCLE ( 'NONE', #269, 0.2875000000000000888 ) ;
#1413 = AXIS2_PLACEMENT_3D ( 'NONE', #1320, #1172, #1463 ) ;
#1414 = DIRECTION ( 'NONE',  ( 1.000000000000000000, 0.000000000000000000, 0.000000000000000000 ) ) ;
#1415 = CYLINDRICAL_SURFACE ( 'NONE', #408, 0.2000000000000000111 ) ;
#1416 = AXIS2_PLACEMENT_3D ( 'NONE', #1776, #1126, #808 ) ;
#1417 = ORIENTED_EDGE ( 'NONE', *, *, #1528, .T. ) ;
#1418 = CIRCLE ( 'NONE', #1611, 0.2499999999999999445 ) ;
#1419 = LINE ( 'NONE', #186, #1633 ) ;
#1420 = FACE_OUTER_BOUND ( 'NONE', #322, .T. ) ;
#1421 = ORIENTED_EDGE ( 'NONE', *, *, #1732, .T. ) ;
#1422 = CARTESIAN_POINT ( 'NONE',  ( 0.000000000000000000, 1.500000000000000000, 0.000000000000000000 ) ) ;
#1423 = EDGE_CURVE ( 'NONE', #1646, #970, #1479, .T. ) ;
#1424 = EDGE_LOOP ( 'NONE', ( #948, #1387 ) ) ;
#1425 = EDGE_CURVE ( 'NONE', #1540, #119, #1481, .T. ) ;
#1426 = CARTESIAN_POINT ( 'NONE',  ( 3.255367492503037585, 3.611538105676649568, 0.000000000000000000 ) ) ;
#1427 = CARTESIAN_POINT ( 'NONE',  ( 1.499038105676654631, -0.7500000000000061062, 0.000000000000000000 ) ) ;
#1428 = PLANE ( 'NONE',  #666 ) ;
#1429 = FACE_BOUND ( 'NONE', #734, .T. ) ;
#1430 = CARTESIAN_POINT ( 'NONE',  ( -5.005367492503025595, 1.013461894323363754, 0.000000000000000000 ) ) ;
#1431 = ORIENTED_EDGE ( 'NONE', *, *, #571, .T. ) ;
#1432 = CARTESIAN_POINT ( 'NONE',  ( 1.011538105676659915, 0.7499999999999968914, 0.6750000000000000444 ) ) ;
#1433 = EDGE_CURVE ( 'NONE', #1959, #1499, #1900, .T. ) ;
#1434 = CARTESIAN_POINT ( 'NONE',  ( 1.299038105676659782, 0.7499999999999968914, 0.6750000000000000444 ) ) ;
#1435 = FACE_BOUND ( 'NONE', #1822, .T. ) ;
#1436 = ORIENTED_EDGE ( 'NONE', *, *, #22, .T. ) ;
#1437 = DIRECTION ( 'NONE',  ( -0.5000000000000033307, -0.8660254037844368202, 0.000000000000000000 ) ) ;
#1438 = VERTEX_POINT ( 'NONE', #103 ) ;
#1439 = AXIS2_PLACEMENT_3D ( 'NONE', #1507, #727, #1206 ) ;
#1440 = CYLINDRICAL_SURFACE ( 'NONE', #174, 0.2875000000000000888 ) ;
#1441 = DIRECTION ( 'NONE',  ( 1.000000000000000000, 0.000000000000000000, 0.000000000000000000 ) ) ;
#1442 = CIRCLE ( 'NONE', #825, 0.2500000000000000555 ) ;
#1443 = EDGE_CURVE ( 'NONE', #1205, #391, #435, .T. ) ;
#1444 = DIRECTION ( 'NONE',  ( -0.000000000000000000, -0.000000000000000000, 1.000000000000000000 ) ) ;
#1445 = CIRCLE ( 'NONE', #1546, 0.2499999999999999445 ) ;
#1446 = CARTESIAN_POINT ( 'NONE',  ( -5.005367492503030924, -1.013461894323331336, 0.000000000000000000 ) ) ;
#1447 = CIRCLE ( 'NONE', #117, 0.2499999999999998612 ) ;
#1448 = ORIENTED_EDGE ( 'NONE', *, *, #1394, .F. ) ;
#1449 = FACE_OUTER_BOUND ( 'NONE', #413, .T. ) ;
#1450 = EDGE_LOOP ( 'NONE', ( #681, #57, #409, #7 ) ) ;
#1451 = ADVANCED_BREP_SHAPE_REPRESENTATION ( 'output mount', ( #1062, #1382 ), #1579 ) ;
#1452 = VERTEX_POINT ( 'NONE', #264 ) ;
#1453 = PRESENTATION_STYLE_ASSIGNMENT (( #1632 ) ) ;
#1454 = CYLINDRICAL_SURFACE ( 'NONE', #983, 0.2874999999999999223 ) ;
#1455 = FACE_BOUND ( 'NONE', #1457, .T. ) ;
#1456 = ADVANCED_FACE ( 'NONE', ( #867, #1673 ), #884, .T. ) ;
#1457 = EDGE_LOOP ( 'NONE', ( #747, #1031 ) ) ;
#1458 = EDGE_LOOP ( 'NONE', ( #238, #1845, #282, #1383 ) ) ;
#1459 = CARTESIAN_POINT ( 'NONE',  ( 0.2000000000000000111, 1.500000000000000000, 0.6750000000000000444 ) ) ;
#1460 = EDGE_CURVE ( 'NONE', #480, #1224, #1575, .T. ) ;
#1461 = VERTEX_POINT ( 'NONE', #161 ) ;
#1462 = ORIENTED_EDGE ( 'NONE', *, *, #200, .T. ) ;
#1463 = DIRECTION ( 'NONE',  ( 1.000000000000000000, 0.000000000000000000, 0.000000000000000000 ) ) ;
#1464 = CARTESIAN_POINT ( 'NONE',  ( -1.099038105676649169, 0.7500000000000150990, 0.6750000000000000444 ) ) ;
#1465 = CYLINDRICAL_SURFACE ( 'NONE', #1482, 0.2000000000000000111 ) ;
#1466 = ORIENTED_EDGE ( 'NONE', *, *, #1036, .T. ) ;
#1467 = CARTESIAN_POINT ( 'NONE',  ( 1.586538105676654764, -0.7500000000000061062, 1.000000000000000000 ) ) ;
#1468 = DIRECTION ( 'NONE',  ( -0.000000000000000000, 0.000000000000000000, 1.000000000000000000 ) ) ;
#1469 = EDGE_CURVE ( 'NONE', #1166, #1698, #892, .T. ) ;
#1470 = VERTEX_POINT ( 'NONE', #1862 ) ;
#1471 = AXIS2_PLACEMENT_3D ( 'NONE', #1288, #1134, #1913 ) ;
#1472 = ORIENTED_EDGE ( 'NONE', *, *, #1331, .T. ) ;
#1473 = DIRECTION ( 'NONE',  ( 1.000000000000000000, 0.000000000000000000, 0.000000000000000000 ) ) ;
#1474 = CIRCLE ( 'NONE', #1572, 0.2000000000000000111 ) ;
#1475 = CIRCLE ( 'NONE', #591, 0.1999999999999999556 ) ;
#1476 = CARTESIAN_POINT ( 'NONE',  ( -1.299038105676649124, 0.7500000000000150990, 0.6750000000000000444 ) ) ;
#1477 = CARTESIAN_POINT ( 'NONE',  ( 3.255367492503012716, -3.611538105676674437, 1.000000000000000000 ) ) ;
#1478 = VERTEX_POINT ( 'NONE', #1088 ) ;
#1479 = CIRCLE ( 'NONE', #1869, 0.2500000000000000000 ) ;
#1480 = FACE_OUTER_BOUND ( 'NONE', #450, .T. ) ;
#1481 = LINE ( 'NONE', #247, #369 ) ;
#1482 = AXIS2_PLACEMENT_3D ( 'NONE', #1791, #73, #394 ) ;
#1483 = ORIENTED_EDGE ( 'NONE', *, *, #215, .T. ) ;
#1484 = AXIS2_PLACEMENT_3D ( 'NONE', #1873, #1218, #1539 ) ;
#1485 = EDGE_CURVE ( 'NONE', #442, #1231, #1676, .T. ) ;
#1486 = ORIENTED_EDGE ( 'NONE', *, *, #1195, .T. ) ;
#1487 = EDGE_CURVE ( 'NONE', #350, #875, #1835, .T. ) ;
#1488 = FACE_OUTER_BOUND ( 'NONE', #1329, .T. ) ;
#1489 = CARTESIAN_POINT ( 'NONE',  ( -1.499038105676664845, -0.7499999999999878986, 0.000000000000000000 ) ) ;
#1490 = EDGE_CURVE ( 'NONE', #602, #578, #780, .T. ) ;
#1491 = ORIENTED_EDGE ( 'NONE', *, *, #1069, .T. ) ;
#1492 = DIRECTION ( 'NONE',  ( 0.000000000000000000, -0.000000000000000000, 1.000000000000000000 ) ) ;
#1493 = DIRECTION ( 'NONE',  ( 1.000000000000000000, 0.000000000000000000, 0.000000000000000000 ) ) ;
#1494 = ORIENTED_EDGE ( 'NONE', *, *, #1258, .T. ) ;
#1495 = VERTEX_POINT ( 'NONE', #284 ) ;
#1496 = EDGE_CURVE ( 'NONE', #1101, #338, #316, .T. ) ;
#1497 = DIRECTION ( 'NONE',  ( 0.4999999999999978351, -0.8660254037844398178, 0.000000000000000000 ) ) ;
#1498 = CARTESIAN_POINT ( 'NONE',  ( -1.499999999999999334, 4.625000000000000000, 1.000000000000000000 ) ) ;
#1499 = VERTEX_POINT ( 'NONE', #1561 ) ;
#1500 = DIRECTION ( 'NONE',  ( 0.000000000000000000, 0.000000000000000000, 1.000000000000000000 ) ) ;
#1501 = LINE ( 'NONE', #1327, #209 ) ;
#1502 = EDGE_LOOP ( 'NONE', ( #522, #67 ) ) ;
#1503 = EDGE_LOOP ( 'NONE', ( #1678, #390, #742, #838 ) ) ;
#1504 = CARTESIAN_POINT ( 'NONE',  ( 0.000000000000000000, 1.500000000000000000, 0.6750000000000000444 ) ) ;
#1505 = VECTOR ( 'NONE', #718, 100.0000000000000000 ) ;
#1506 = AXIS2_PLACEMENT_3D ( 'NONE', #1893, #323, #1751 ) ;
#1507 = CARTESIAN_POINT ( 'NONE',  ( -1.299038105676664889, -0.7499999999999878986, 0.6750000000000000444 ) ) ;
#1508 = LINE ( 'NONE', #1028, #373 ) ;
#1509 = EDGE_CURVE ( 'NONE', #752, #1461, #1058, .T. ) ;
#1510 = CIRCLE ( 'NONE', #823, 0.1999999999999999833 ) ;
#1511 = ORIENTED_EDGE ( 'NONE', *, *, #1586, .F. ) ;
#1512 = DIRECTION ( 'NONE',  ( 1.000000000000000000, 0.000000000000000000, 0.000000000000000000 ) ) ;
#1513 = VECTOR ( 'NONE', #288, 100.0000000000000000 ) ;
#1514 = DIRECTION ( 'NONE',  ( -0.5000000000000029976, -0.8660254037844369313, 0.000000000000000000 ) ) ;
#1515 = EDGE_CURVE ( 'NONE', #1777, #533, #1114, .T. ) ;
#1516 = AXIS2_PLACEMENT_3D ( 'NONE', #512, #977, #672 ) ;
#1517 = ORIENTED_EDGE ( 'NONE', *, *, #456, .T. ) ;
#1518 = AXIS2_PLACEMENT_3D ( 'NONE', #94, #115, #428 ) ;
#1519 = CIRCLE ( 'NONE', #1902, 0.2874999999999999778 ) ;
#1520 = ORIENTED_EDGE ( 'NONE', *, *, #1184, .F. ) ;
#1521 = DIRECTION ( 'NONE',  ( -0.000000000000000000, 0.000000000000000000, 1.000000000000000000 ) ) ;
#1522 = CIRCLE ( 'NONE', #375, 0.2500000000000000555 ) ;
#1523 = DIRECTION ( 'NONE',  ( 1.000000000000000000, 0.000000000000000000, 0.000000000000000000 ) ) ;
#1524 = EDGE_LOOP ( 'NONE', ( #643, #412, #1266, #4 ) ) ;
#1525 = CARTESIAN_POINT ( 'NONE',  ( 1.099038105676659605, 0.7499999999999968914, 0.6750000000000000444 ) ) ;
#1526 = DIRECTION ( 'NONE',  ( -0.5000000000000029976, -0.8660254037844369313, 0.000000000000000000 ) ) ;
#1527 = EDGE_LOOP ( 'NONE', ( #1574, #1535, #402, #382 ) ) ;
#1528 = EDGE_CURVE ( 'NONE', #1101, #694, #1023, .T. ) ;
#1529 = VERTEX_POINT ( 'NONE', #1542 ) ;
#1530 = EDGE_CURVE ( 'NONE', #1166, #391, #633, .T. ) ;
#1531 = CARTESIAN_POINT ( 'NONE',  ( 0.000000000000000000, -1.500000000000000000, 0.000000000000000000 ) ) ;
#1532 = EDGE_LOOP ( 'NONE', ( #1436, #590 ) ) ;
#1533 = DIRECTION ( 'NONE',  ( 0.000000000000000000, 0.000000000000000000, 1.000000000000000000 ) ) ;
#1534 = DIRECTION ( 'NONE',  ( 1.000000000000000000, 0.000000000000000000, 0.000000000000000000 ) ) ;
#1535 = ORIENTED_EDGE ( 'NONE', *, *, #1397, .T. ) ;
#1536 = ADVANCED_FACE ( 'NONE', ( #609, #1076 ), #1230, .T. ) ;
#1537 = ORIENTED_EDGE ( 'NONE', *, *, #583, .T. ) ;
#1538 = CARTESIAN_POINT ( 'NONE',  ( -1.499038105676649080, 0.7500000000000150990, 0.000000000000000000 ) ) ;
#1539 = DIRECTION ( 'NONE',  ( 1.000000000000000000, 0.000000000000000000, 0.000000000000000000 ) ) ;
#1540 = VERTEX_POINT ( 'NONE', #1876 ) ;
#1541 = CARTESIAN_POINT ( 'NONE',  ( 0.2000000000000000111, 0.000000000000000000, 0.000000000000000000 ) ) ;
#1542 = CARTESIAN_POINT ( 'NONE',  ( 0.2000000000000000111, -1.500000000000000000, 0.000000000000000000 ) ) ;
#1543 = AXIS2_PLACEMENT_3D ( 'NONE', #42, #793, #1580 ) ;
#1544 = AXIS2_PLACEMENT_3D ( 'NONE', #1226, #576, #738 ) ;
#1545 = ORIENTED_EDGE ( 'NONE', *, *, #624, .F. ) ;
#1546 = AXIS2_PLACEMENT_3D ( 'NONE', #1652, #701, #1662 ) ;
#1547 = AXIS2_PLACEMENT_3D ( 'NONE', #1691, #324, #1253 ) ;
#1548 = DIRECTION ( 'NONE',  ( -0.000000000000000000, -0.000000000000000000, 1.000000000000000000 ) ) ;
#1549 = DIRECTION ( 'NONE',  ( 0.000000000000000000, 0.000000000000000000, 1.000000000000000000 ) ) ;
#1550 = EDGE_LOOP ( 'NONE', ( #581, #1545, #597, #1987 ) ) ;
#1551 = DIRECTION ( 'NONE',  ( 1.000000000000000000, 0.000000000000000000, 0.000000000000000000 ) ) ;
#1552 = DIRECTION ( 'NONE',  ( 0.000000000000000000, 0.000000000000000000, 1.000000000000000000 ) ) ;
#1553 = ORIENTED_EDGE ( 'NONE', *, *, #1219, .T. ) ;
#1554 = DIRECTION ( 'NONE',  ( 0.000000000000000000, 0.000000000000000000, 1.000000000000000000 ) ) ;
#1555 = VERTEX_POINT ( 'NONE', #1239 ) ;
#1556 = CARTESIAN_POINT ( 'NONE',  ( 1.011538105676659915, 0.7499999999999968914, 1.000000000000000000 ) ) ;
#1557 = DIRECTION ( 'NONE',  ( 0.000000000000000000, 0.000000000000000000, 1.000000000000000000 ) ) ;
#1558 = EDGE_CURVE ( 'NONE', #228, #1255, #144, .T. ) ;
#1559 = EDGE_LOOP ( 'NONE', ( #96, #1860 ) ) ;
#1560 = LINE ( 'NONE', #427, #136 ) ;
#1561 = CARTESIAN_POINT ( 'NONE',  ( -1.011538105676649035, 0.7500000000000150990, 1.000000000000000000 ) ) ;
#1562 = ORIENTED_EDGE ( 'NONE', *, *, #638, .T. ) ;
#1563 = CARTESIAN_POINT ( 'NONE',  ( 1.500000000000000444, -4.625000000000000000, 0.000000000000000000 ) ) ;
#1564 = ORIENTED_EDGE ( 'NONE', *, *, #898, .F. ) ;
#1565 = DIRECTION ( 'NONE',  ( -0.000000000000000000, -0.000000000000000000, 1.000000000000000000 ) ) ;
#1566 = DIRECTION ( 'NONE',  ( 1.000000000000000000, 0.000000000000000000, 0.000000000000000000 ) ) ;
#1567 = VERTEX_POINT ( 'NONE', #1210 ) ;
#1568 = DIRECTION ( 'NONE',  ( -1.000000000000000000, 0.000000000000000000, 0.000000000000000000 ) ) ;
#1569 = CARTESIAN_POINT ( 'NONE',  ( 1.299038105676659782, 0.7499999999999968914, 0.6750000000000000444 ) ) ;
#1570 = AXIS2_PLACEMENT_3D ( 'NONE', #291, #1690, #1851 ) ;
#1571 = ORIENTED_EDGE ( 'NONE', *, *, #1165, .F. ) ;
#1572 = AXIS2_PLACEMENT_3D ( 'NONE', #1163, #840, #1190 ) ;
#1573 = CARTESIAN_POINT ( 'NONE',  ( -3.505367492503012716, 3.611538105676673105, 0.000000000000000000 ) ) ;
#1574 = ORIENTED_EDGE ( 'NONE', *, *, #1693, .F. ) ;
#1575 = CIRCLE ( 'NONE', #726, 0.2499999999999998890 ) ;
#1576 = CARTESIAN_POINT ( 'NONE',  ( 0.000000000000000000, -1.500000000000000000, 0.6750000000000000444 ) ) ;
#1577 = SHAPE_DEFINITION_REPRESENTATION ( #945, #1451 ) ;
#1578 = ORIENTED_EDGE ( 'NONE', *, *, #1496, .F. ) ;
#1579 =( GEOMETRIC_REPRESENTATION_CONTEXT ( 3 ) GLOBAL_UNCERTAINTY_ASSIGNED_CONTEXT ( ( #1371 ) ) GLOBAL_UNIT_ASSIGNED_CONTEXT ( ( #1295, #52, #651 ) ) REPRESENTATION_CONTEXT ( 'NONE', 'WORKASPACE' ) );
#1580 = DIRECTION ( 'NONE',  ( 1.000000000000000000, 0.000000000000000000, -0.000000000000000000 ) ) ;
#1581 = LINE ( 'NONE', #187, #923 ) ;
#1582 = DIRECTION ( 'NONE',  ( -0.000000000000000000, 0.000000000000000000, 1.000000000000000000 ) ) ;
#1583 = DIRECTION ( 'NONE',  ( -0.5000000000000029976, -0.8660254037844369313, 0.000000000000000000 ) ) ;
#1584 = ADVANCED_FACE ( 'NONE', ( #904 ), #618, .F. ) ;
#1585 = ORIENTED_EDGE ( 'NONE', *, *, #800, .T. ) ;
#1586 = EDGE_CURVE ( 'NONE', #1698, #1166, #1642, .T. ) ;
#1587 = LINE ( 'NONE', #789, #1798 ) ;
#1588 = DIRECTION ( 'NONE',  ( -0.000000000000000000, -0.000000000000000000, 1.000000000000000000 ) ) ;
#1589 = CARTESIAN_POINT ( 'NONE',  ( 0.2000000000000000111, 0.000000000000000000, 0.000000000000000000 ) ) ;
#1590 = FACE_BOUND ( 'NONE', #1559, .T. ) ;
#1591 = DIRECTION ( 'NONE',  ( 1.000000000000000000, 0.000000000000000000, 0.000000000000000000 ) ) ;
#1592 = ORIENTED_EDGE ( 'NONE', *, *, #386, .T. ) ;
#1593 = CARTESIAN_POINT ( 'NONE',  ( 1.750000000000000444, -4.625000000000000000, 1.000000000000000000 ) ) ;
#1594 = DIRECTION ( 'NONE',  ( 1.000000000000000000, 0.000000000000000000, 0.000000000000000000 ) ) ;
#1595 = FACE_BOUND ( 'NONE', #1702, .T. ) ;
#1596 = ORIENTED_EDGE ( 'NONE', *, *, #784, .T. ) ;
#1597 = DIRECTION ( 'NONE',  ( 0.4999999999999979461, -0.8660254037844398178, 0.000000000000000000 ) ) ;
#1598 = AXIS2_PLACEMENT_3D ( 'NONE', #1955, #1147, #1512 ) ;
#1599 = AXIS2_PLACEMENT_3D ( 'NONE', #1221, #1842, #779 ) ;
#1600 = ORIENTED_EDGE ( 'NONE', *, *, #763, .T. ) ;
#1601 = EDGE_CURVE ( 'NONE', #1319, #1495, #1447, .T. ) ;
#1602 = CIRCLE ( 'NONE', #336, 0.2000000000000000111 ) ;
#1603 = FILL_AREA_STYLE ('',( #862 ) ) ;
#1604 = PRESENTATION_LAYER_ASSIGNMENT (  '', '', ( #337 ) ) ;
#1605 = DIRECTION ( 'NONE',  ( 0.000000000000000000, 0.000000000000000000, 1.000000000000000000 ) ) ;
#1606 = VECTOR ( 'NONE', #255, 100.0000000000000000 ) ;
#1607 = CARTESIAN_POINT ( 'NONE',  ( 0.000000000000000000, 1.500000000000000000, 0.6750000000000000444 ) ) ;
#1608 = AXIS2_PLACEMENT_3D ( 'NONE', #1477, #1175, #1310 ) ;
#1609 = EDGE_LOOP ( 'NONE', ( #1317, #1244 ) ) ;
#1610 = FACE_OUTER_BOUND ( 'NONE', #1784, .T. ) ;
#1611 = AXIS2_PLACEMENT_3D ( 'NONE', #1073, #1549, #952 ) ;
#1612 = ORIENTED_EDGE ( 'NONE', *, *, #1685, .T. ) ;
#1613 = EDGE_LOOP ( 'NONE', ( #937, #1431 ) ) ;
#1614 = DIRECTION ( 'NONE',  ( 0.000000000000000000, 0.000000000000000000, 1.000000000000000000 ) ) ;
#1615 = LINE ( 'NONE', #1781, #949 ) ;
#1616 = CARTESIAN_POINT ( 'NONE',  ( 0.000000000000000000, 0.000000000000000000, 0.000000000000000000 ) ) ;
#1617 = ADVANCED_FACE ( 'NONE', ( #1843 ), #764, .F. ) ;
#1618 = EDGE_LOOP ( 'NONE', ( #1060, #1937, #1214, #1817 ) ) ;
#1619 = CARTESIAN_POINT ( 'NONE',  ( -5.005367492503030924, -1.013461894323331336, 0.000000000000000000 ) ) ;
#1620 = DIRECTION ( 'NONE',  ( 0.000000000000000000, 0.000000000000000000, 1.000000000000000000 ) ) ;
#1621 = EDGE_CURVE ( 'NONE', #1225, #846, #1216, .T. ) ;
#1622 = ORIENTED_EDGE ( 'NONE', *, *, #1121, .T. ) ;
#1623 = ORIENTED_EDGE ( 'NONE', *, *, #489, .F. ) ;
#1624 = CARTESIAN_POINT ( 'NONE',  ( -1.299038105676649124, 0.7500000000000150990, 0.000000000000000000 ) ) ;
#1625 = CARTESIAN_POINT ( 'NONE',  ( 3.255367492503012716, -3.611538105676674437, 0.000000000000000000 ) ) ;
#1626 = CARTESIAN_POINT ( 'NONE',  ( -1.249999999999999334, -4.625000000000000000, 1.000000000000000000 ) ) ;
#1627 = ORIENTED_EDGE ( 'NONE', *, *, #227, .F. ) ;
#1628 = DIRECTION ( 'NONE',  ( 1.000000000000000000, 0.000000000000000000, 0.000000000000000000 ) ) ;
#1629 = CARTESIAN_POINT ( 'NONE',  ( 1.299038105676659782, 0.7499999999999968914, 0.6750000000000000444 ) ) ;
#1630 = EDGE_LOOP ( 'NONE', ( #28, #154 ) ) ;
#1631 = VERTEX_POINT ( 'NONE', #1279 ) ;
#1632 = SURFACE_STYLE_USAGE ( .BOTH. , #1789 ) ;
#1633 = VECTOR ( 'NONE', #12, 100.0000000000000000 ) ;
#1634 = AXIS2_PLACEMENT_3D ( 'NONE', #756, #1380, #451 ) ;
#1635 = DIRECTION ( 'NONE',  ( 1.000000000000000000, 0.000000000000000000, 0.000000000000000000 ) ) ;
#1636 = CYLINDRICAL_SURFACE ( 'NONE', #637, 0.2000000000000000111 ) ;
#1637 = AXIS2_PLACEMENT_3D ( 'NONE', #737, #1521, #164 ) ;
#1638 = VERTEX_POINT ( 'NONE', #1589 ) ;
#1639 = AXIS2_PLACEMENT_3D ( 'NONE', #1629, #711, #1337 ) ;
#1640 = CARTESIAN_POINT ( 'NONE',  ( -1.299038105676664889, -0.7499999999999878986, 0.000000000000000000 ) ) ;
#1641 = DIRECTION ( 'NONE',  ( 1.000000000000000000, 0.000000000000000000, 0.000000000000000000 ) ) ;
#1642 = CIRCLE ( 'NONE', #1316, 0.2500000000000001110 ) ;
#1643 = EDGE_LOOP ( 'NONE', ( #1386, #151, #1161, #74 ) ) ;
#1644 = PRODUCT_DEFINITION_FORMATION_WITH_SPECIFIED_SOURCE ( 'Symmetric', '', #293, .NOT_KNOWN. ) ;
#1645 = EDGE_CURVE ( 'NONE', #543, #946, #1677, .T. ) ;
#1646 = VERTEX_POINT ( 'NONE', #1446 ) ;
#1647 = DIRECTION ( 'NONE',  ( 1.000000000000000000, 0.000000000000000000, 0.000000000000000000 ) ) ;
#1648 = EDGE_CURVE ( 'NONE', #1461, #1264, #894, .T. ) ;
#1649 = DIRECTION ( 'NONE',  ( 1.000000000000000000, 0.000000000000000000, 0.000000000000000000 ) ) ;
#1650 = CARTESIAN_POINT ( 'NONE',  ( 1.750000000000000444, 4.625000000000000000, 0.000000000000000000 ) ) ;
#1651 = CYLINDRICAL_SURFACE ( 'NONE', #1664, 0.2499999999999998890 ) ;
#1652 = CARTESIAN_POINT ( 'NONE',  ( 4.755367492503024707, -1.013461894323364865, 0.000000000000000000 ) ) ;
#1653 = ORIENTED_EDGE ( 'NONE', *, *, #423, .T. ) ;
#1654 = ORIENTED_EDGE ( 'NONE', *, *, #1321, .F. ) ;
#1655 = DIRECTION ( 'NONE',  ( -0.000000000000000000, 0.000000000000000000, 1.000000000000000000 ) ) ;
#1656 = ADVANCED_FACE ( 'NONE', ( #335 ), #27, .F. ) ;
#1657 = DIRECTION ( 'NONE',  ( 1.000000000000000000, 0.000000000000000000, 0.000000000000000000 ) ) ;
#1658 = ADVANCED_FACE ( 'NONE', ( #1435, #510, #43, #806, #1269, #653, #1124, #214, #795, #1894, #1144, #1455, #354, #498, #1133, #1115, #677, #1760, #1595, #1297 ), #1428, .F. ) ;
#1659 = DIRECTION ( 'NONE',  ( -0.000000000000000000, -0.000000000000000000, 1.000000000000000000 ) ) ;
#1660 = ORIENTED_EDGE ( 'NONE', *, *, #1819, .F. ) ;
#1661 = DIRECTION ( 'NONE',  ( -0.000000000000000000, -0.000000000000000000, -1.000000000000000000 ) ) ;
#1662 = DIRECTION ( 'NONE',  ( -0.5000000000000033307, -0.8660254037844368202, 0.000000000000000000 ) ) ;
#1663 = EDGE_LOOP ( 'NONE', ( #842, #574 ) ) ;
#1664 = AXIS2_PLACEMENT_3D ( 'NONE', #388, #1009, #1628 ) ;
#1665 = EDGE_LOOP ( 'NONE', ( #1925, #1282 ) ) ;
#1666 = DIRECTION ( 'NONE',  ( 1.000000000000000000, 0.000000000000000000, 0.000000000000000000 ) ) ;
#1667 = CARTESIAN_POINT ( 'NONE',  ( 0.000000000000000000, -1.500000000000000000, 0.6750000000000000444 ) ) ;
#1668 = AXIS2_PLACEMENT_3D ( 'NONE', #184, #1881, #641 ) ;
#1669 = ADVANCED_FACE ( 'NONE', ( #1420 ), #645, .F. ) ;
#1670 = EDGE_LOOP ( 'NONE', ( #274, #1889, #1220, #1627 ) ) ;
#1671 = CARTESIAN_POINT ( 'NONE',  ( 0.2874999999999999778, 1.500000000000000000, 1.000000000000000000 ) ) ;
#1672 = CIRCLE ( 'NONE', #1051, 0.2500000000000000555 ) ;
#1673 = FACE_OUTER_BOUND ( 'NONE', #1424, .T. ) ;
#1674 = CIRCLE ( 'NONE', #890, 0.2875000000000000333 ) ;
#1675 = EDGE_LOOP ( 'NONE', ( #453, #1008, #220, #775 ) ) ;
#1676 = CIRCLE ( 'NONE', #794, 0.2875000000000000333 ) ;
#1677 = CIRCLE ( 'NONE', #567, 5.875000000000000000 ) ;
#1678 = ORIENTED_EDGE ( 'NONE', *, *, #215, .F. ) ;
#1679 = DIRECTION ( 'NONE',  ( 0.000000000000000000, 0.000000000000000000, 1.000000000000000000 ) ) ;
#1680 = EDGE_LOOP ( 'NONE', ( #217, #1796, #1972, #191 ) ) ;
#1681 = CARTESIAN_POINT ( 'NONE',  ( 1.750000000000000444, -4.625000000000000000, 0.000000000000000000 ) ) ;
#1682 = CARTESIAN_POINT ( 'NONE',  ( -3.505367492503012716, 3.611538105676673105, 0.000000000000000000 ) ) ;
#1683 = ADVANCED_FACE ( 'NONE', ( #1921, #1912 ), #833, .T. ) ;
#1684 = ORIENTED_EDGE ( 'NONE', *, *, #135, .T. ) ;
#1685 = EDGE_CURVE ( 'NONE', #1160, #1301, #182, .T. ) ;
#1686 = VERTEX_POINT ( 'NONE', #1886 ) ;
#1687 = CARTESIAN_POINT ( 'NONE',  ( -3.005367492503012272, 3.611538105676673105, 0.000000000000000000 ) ) ;
#1688 = DIRECTION ( 'NONE',  ( 1.000000000000000000, 0.000000000000000000, 0.000000000000000000 ) ) ;
#1689 = EDGE_LOOP ( 'NONE', ( #1705, #1520 ) ) ;
#1690 = DIRECTION ( 'NONE',  ( -0.000000000000000000, 0.000000000000000000, 1.000000000000000000 ) ) ;
#1691 = CARTESIAN_POINT ( 'NONE',  ( -1.299038105676664889, -0.7499999999999878986, 0.6750000000000000444 ) ) ;
#1692 = VERTEX_POINT ( 'NONE', #660 ) ;
#1693 = EDGE_CURVE ( 'NONE', #963, #1372, #1519, .T. ) ;
#1694 = ORIENTED_EDGE ( 'NONE', *, *, #489, .T. ) ;
#1695 = VECTOR ( 'NONE', #1336, 100.0000000000000000 ) ;
#1696 = CARTESIAN_POINT ( 'NONE',  ( -1.499038105676649080, 0.7500000000000150990, 0.6750000000000000444 ) ) ;
#1697 = DIRECTION ( 'NONE',  ( -0.000000000000000000, 0.000000000000000000, 1.000000000000000000 ) ) ;
#1698 = VERTEX_POINT ( 'NONE', #55 ) ;
#1699 = FACE_OUTER_BOUND ( 'NONE', #1527, .T. ) ;
#1700 = DIRECTION ( 'NONE',  ( -0.000000000000000000, -0.000000000000000000, 1.000000000000000000 ) ) ;
#1701 = AXIS2_PLACEMENT_3D ( 'NONE', #34, #1588, #652 ) ;
#1702 = EDGE_LOOP ( 'NONE', ( #1898, #1999 ) ) ;
#1703 = DIRECTION ( 'NONE',  ( 0.000000000000000000, 0.000000000000000000, 1.000000000000000000 ) ) ;
#1704 = AXIS2_PLACEMENT_3D ( 'NONE', #1624, #564, #1951 ) ;
#1705 = ORIENTED_EDGE ( 'NONE', *, *, #200, .F. ) ;
#1706 = AXIS2_PLACEMENT_3D ( 'NONE', #189, #502, #1437 ) ;
#1707 = EDGE_CURVE ( 'NONE', #290, #1764, #693, .T. ) ;
#1708 = VECTOR ( 'NONE', #556, 100.0000000000000000 ) ;
#1709 = CYLINDRICAL_SURFACE ( 'NONE', #723, 0.2875000000000000333 ) ;
#1710 = LINE ( 'NONE', #939, #21 ) ;
#1711 = ORIENTED_EDGE ( 'NONE', *, *, #1433, .F. ) ;
#1712 = DIRECTION ( 'NONE',  ( -0.000000000000000000, -0.000000000000000000, 1.000000000000000000 ) ) ;
#1713 = DIRECTION ( 'NONE',  ( 1.000000000000000000, 0.000000000000000000, 0.000000000000000000 ) ) ;
#1714 = ORIENTED_EDGE ( 'NONE', *, *, #415, .F. ) ;
#1715 = DIRECTION ( 'NONE',  ( 1.000000000000000000, 0.000000000000000000, 0.000000000000000000 ) ) ;
#1716 = ORIENTED_EDGE ( 'NONE', *, *, #1915, .T. ) ;
#1717 = EDGE_CURVE ( 'NONE', #1152, #619, #1581, .T. ) ;
#1718 = DIRECTION ( 'NONE',  ( 0.000000000000000000, 0.000000000000000000, 1.000000000000000000 ) ) ;
#1719 = DIRECTION ( 'NONE',  ( 1.000000000000000000, 0.000000000000000000, 0.000000000000000000 ) ) ;
#1720 = ORIENTED_EDGE ( 'NONE', *, *, #499, .F. ) ;
#1721 = EDGE_CURVE ( 'NONE', #533, #480, #1976, .T. ) ;
#1722 = CARTESIAN_POINT ( 'NONE',  ( 1.586538105676659649, 0.7499999999999968914, 1.000000000000000000 ) ) ;
#1723 = DIRECTION ( 'NONE',  ( -0.000000000000000000, 0.000000000000000000, 1.000000000000000000 ) ) ;
#1724 = ORIENTED_EDGE ( 'NONE', *, *, #236, .F. ) ;
#1725 = CARTESIAN_POINT ( 'NONE',  ( -1.499999999999999334, 4.625000000000000000, 1.000000000000000000 ) ) ;
#1726 = EDGE_LOOP ( 'NONE', ( #2003, #1328 ) ) ;
#1727 = DIRECTION ( 'NONE',  ( 0.000000000000000000, 0.000000000000000000, 1.000000000000000000 ) ) ;
#1728 = CARTESIAN_POINT ( 'NONE',  ( -1.249999999999999112, 4.625000000000000000, 0.000000000000000000 ) ) ;
#1729 = EDGE_LOOP ( 'NONE', ( #208, #2009 ) ) ;
#1730 = CARTESIAN_POINT ( 'NONE',  ( 1.750000000000000444, 4.625000000000000000, 1.000000000000000000 ) ) ;
#1731 = CARTESIAN_POINT ( 'NONE',  ( -4.755367492503024707, 1.013461894323363754, 0.000000000000000000 ) ) ;
#1732 = EDGE_CURVE ( 'NONE', #1000, #267, #1508, .T. ) ;
#1733 = AXIS2_PLACEMENT_3D ( 'NONE', #1384, #2, #771 ) ;
#1734 = DIRECTION ( 'NONE',  ( 1.000000000000000000, 0.000000000000000000, 0.000000000000000000 ) ) ;
#1735 = AXIS2_PLACEMENT_3D ( 'NONE', #1884, #832, #984 ) ;
#1736 = CARTESIAN_POINT ( 'NONE',  ( -3.005367492503012272, 3.611538105676673105, 1.000000000000000000 ) ) ;
#1737 = AXIS2_PLACEMENT_3D ( 'NONE', #929, #1727, #157 ) ;
#1738 = ORIENTED_EDGE ( 'NONE', *, *, #181, .F. ) ;
#1739 = CIRCLE ( 'NONE', #531, 0.2500000000000000555 ) ;
#1740 = VECTOR ( 'NONE', #749, 100.0000000000000000 ) ;
#1741 = CARTESIAN_POINT ( 'NONE',  ( -3.255367492503012716, 3.611538105676673105, 1.000000000000000000 ) ) ;
#1742 = CIRCLE ( 'NONE', #830, 0.2500000000000000555 ) ;
#1743 = CIRCLE ( 'NONE', #730, 0.2874999999999999778 ) ;
#1744 = DIRECTION ( 'NONE',  ( 1.000000000000000000, 0.000000000000000000, 0.000000000000000000 ) ) ;
#1745 = CARTESIAN_POINT ( 'NONE',  ( 0.000000000000000000, 0.000000000000000000, 0.000000000000000000 ) ) ;
#1746 = FACE_BOUND ( 'NONE', #475, .T. ) ;
#1747 = EDGE_CURVE ( 'NONE', #1984, #119, #53, .T. ) ;
#1748 = PLANE ( 'NONE',  #796 ) ;
#1749 = ORIENTED_EDGE ( 'NONE', *, *, #1425, .F. ) ;
#1750 = CYLINDRICAL_SURFACE ( 'NONE', #950, 0.2875000000000000888 ) ;
#1751 = DIRECTION ( 'NONE',  ( 1.000000000000000000, 0.000000000000000000, 0.000000000000000000 ) ) ;
#1752 = CARTESIAN_POINT ( 'NONE',  ( 3.255367492503037585, 3.611538105676649568, 1.000000000000000000 ) ) ;
#1753 = FACE_BOUND ( 'NONE', #603, .T. ) ;
#1754 = CARTESIAN_POINT ( 'NONE',  ( 1.250000000000000666, 4.625000000000000000, 1.000000000000000000 ) ) ;
#1755 = ADVANCED_FACE ( 'NONE', ( #253 ), #841, .F. ) ;
#1756 = VERTEX_POINT ( 'NONE', #707 ) ;
#1757 = EDGE_CURVE ( 'NONE', #770, #530, #377, .T. ) ;
#1758 = APPLICATION_PROTOCOL_DEFINITION ( 'draft international standard', 'automotive_design', 1998, #1807 ) ;
#1759 = LINE ( 'NONE', #1427, #589 ) ;
#1760 = FACE_BOUND ( 'NONE', #1502, .T. ) ;
#1761 = FACE_BOUND ( 'NONE', #1609, .T. ) ;
#1762 = CYLINDRICAL_SURFACE ( 'NONE', #50, 0.2875000000000000333 ) ;
#1763 = CIRCLE ( 'NONE', #1303, 0.2874999999999999223 ) ;
#1764 = VERTEX_POINT ( 'NONE', #547 ) ;
#1765 = AXIS2_PLACEMENT_3D ( 'NONE', #676, #1322, #1657 ) ;
#1766 = ORIENTED_EDGE ( 'NONE', *, *, #1968, .F. ) ;
#1767 = CARTESIAN_POINT ( 'NONE',  ( -1.299038105676649124, 0.7500000000000150990, 0.6750000000000000444 ) ) ;
#1768 = CARTESIAN_POINT ( 'NONE',  ( -1.499999999999999334, -4.625000000000000000, 0.000000000000000000 ) ) ;
#1769 = CIRCLE ( 'NONE', #1965, 0.2000000000000000111 ) ;
#1770 = DIRECTION ( 'NONE',  ( -0.000000000000000000, -0.000000000000000000, 1.000000000000000000 ) ) ;
#1771 = ADVANCED_FACE ( 'NONE', ( #729 ), #1324, .F. ) ;
#1772 = AXIS2_PLACEMENT_3D ( 'NONE', #339, #679, #664 ) ;
#1773 = DIRECTION ( 'NONE',  ( 1.000000000000000000, 0.000000000000000000, 0.000000000000000000 ) ) ;
#1774 = ORIENTED_EDGE ( 'NONE', *, *, #236, .T. ) ;
#1775 = CARTESIAN_POINT ( 'NONE',  ( -0.2000000000000000111, -1.500000000000000000, 0.000000000000000000 ) ) ;
#1776 = CARTESIAN_POINT ( 'NONE',  ( -1.299038105676664889, -0.7499999999999878986, 0.6750000000000000444 ) ) ;
#1777 = VERTEX_POINT ( 'NONE', #872 ) ;
#1778 = ORIENTED_EDGE ( 'NONE', *, *, #1469, .T. ) ;
#1779 = CARTESIAN_POINT ( 'NONE',  ( -1.749999999999999556, 4.625000000000000000, 0.000000000000000000 ) ) ;
#1780 = DIRECTION ( 'NONE',  ( 0.000000000000000000, 0.000000000000000000, 1.000000000000000000 ) ) ;
#1781 = CARTESIAN_POINT ( 'NONE',  ( 1.586538105676659649, 0.7499999999999968914, 0.6750000000000000444 ) ) ;
#1782 = CARTESIAN_POINT ( 'NONE',  ( 1.299038105676659782, 0.7499999999999968914, 0.000000000000000000 ) ) ;
#1783 = ADVANCED_FACE ( 'NONE', ( #1964 ), #1465, .F. ) ;
#1784 = EDGE_LOOP ( 'NONE', ( #64, #1312 ) ) ;
#1785 = CARTESIAN_POINT ( 'NONE',  ( 0.000000000000000000, 0.000000000000000000, 1.000000000000000000 ) ) ;
#1786 = FACE_OUTER_BOUND ( 'NONE', #712, .T. ) ;
#1787 = ORIENTED_EDGE ( 'NONE', *, *, #820, .T. ) ;
#1788 = ORIENTED_EDGE ( 'NONE', *, *, #1116, .T. ) ;
#1789 = SURFACE_SIDE_STYLE ('',( #1162 ) ) ;
#1790 = CARTESIAN_POINT ( 'NONE',  ( 1.299038105676659782, 0.7499999999999968914, 0.000000000000000000 ) ) ;
#1791 = CARTESIAN_POINT ( 'NONE',  ( 0.000000000000000000, 1.500000000000000000, 0.000000000000000000 ) ) ;
#1792 = CARTESIAN_POINT ( 'NONE',  ( -3.505367492503037141, -3.611538105676650900, 1.000000000000000000 ) ) ;
#1793 = DIRECTION ( 'NONE',  ( -0.000000000000000000, -0.000000000000000000, 1.000000000000000000 ) ) ;
#1794 = EDGE_CURVE ( 'NONE', #267, #1212, #1024, .T. ) ;
#1795 = VERTEX_POINT ( 'NONE', #1200 ) ;
#1796 = ORIENTED_EDGE ( 'NONE', *, *, #1379, .F. ) ;
#1797 = AXIS2_PLACEMENT_3D ( 'NONE', #1434, #516, #203 ) ;
#1798 = VECTOR ( 'NONE', #1267, 100.0000000000000000 ) ;
#1799 = DIRECTION ( 'NONE',  ( 1.000000000000000000, 0.000000000000000000, 0.000000000000000000 ) ) ;
#1800 = LINE ( 'NONE', #407, #598 ) ;
#1801 = ORIENTED_EDGE ( 'NONE', *, *, #971, .T. ) ;
#1802 = CIRCLE ( 'NONE', #1932, 0.2500000000000000555 ) ;
#1803 = DIRECTION ( 'NONE',  ( 1.000000000000000000, 0.000000000000000000, 0.000000000000000000 ) ) ;
#1804 = DIRECTION ( 'NONE',  ( -0.000000000000000000, -0.000000000000000000, 1.000000000000000000 ) ) ;
#1805 = AXIS2_PLACEMENT_3D ( 'NONE', #1752, #63, #812 ) ;
#1806 = ORIENTED_EDGE ( 'NONE', *, *, #571, .F. ) ;
#1807 = APPLICATION_CONTEXT ( 'automotive_design' ) ;
#1808 = VERTEX_POINT ( 'NONE', #1016 ) ;
#1809 = CARTESIAN_POINT ( 'NONE',  ( 1.099038105676654720, -0.7500000000000061062, 0.000000000000000000 ) ) ;
#1810 = CYLINDRICAL_SURFACE ( 'NONE', #626, 5.875000000000000000 ) ;
#1811 = CYLINDRICAL_SURFACE ( 'NONE', #1871, 0.2874999999999999778 ) ;
#1812 = ORIENTED_EDGE ( 'NONE', *, *, #1119, .F. ) ;
#1813 = DIRECTION ( 'NONE',  ( 0.000000000000000000, 0.000000000000000000, 1.000000000000000000 ) ) ;
#1814 = CARTESIAN_POINT ( 'NONE',  ( -1.299038105676664889, -0.7499999999999878986, 1.000000000000000000 ) ) ;
#1815 = ORIENTED_EDGE ( 'NONE', *, *, #1035, .F. ) ;
#1816 = ADVANCED_FACE ( 'NONE', ( #1953 ), #1636, .F. ) ;
#1817 = ORIENTED_EDGE ( 'NONE', *, *, #126, .T. ) ;
#1818 = CARTESIAN_POINT ( 'NONE',  ( -1.099038105676649169, 0.7500000000000150990, 0.000000000000000000 ) ) ;
#1819 = EDGE_CURVE ( 'NONE', #307, #156, #865, .T. ) ;
#1820 = FACE_BOUND ( 'NONE', #1346, .T. ) ;
#1821 = EDGE_CURVE ( 'NONE', #1372, #319, #850, .T. ) ;
#1822 = EDGE_LOOP ( 'NONE', ( #302, #1417 ) ) ;
#1823 = CARTESIAN_POINT ( 'NONE',  ( -1.299038105676664889, -0.7499999999999878986, 0.6750000000000000444 ) ) ;
#1824 = CARTESIAN_POINT ( 'NONE',  ( -4.755367492503030924, -1.013461894323331336, 0.000000000000000000 ) ) ;
#1825 = ORIENTED_EDGE ( 'NONE', *, *, #1721, .T. ) ;
#1826 = ORIENTED_EDGE ( 'NONE', *, *, #817, .F. ) ;
#1827 = CIRCLE ( 'NONE', #1892, 0.2500000000000000000 ) ;
#1828 = EDGE_CURVE ( 'NONE', #992, #1452, #243, .T. ) ;
#1829 = AXIS2_PLACEMENT_3D ( 'NONE', #1123, #1911, #1098 ) ;
#1830 = CARTESIAN_POINT ( 'NONE',  ( -1.749999999999999556, -4.625000000000000000, 0.000000000000000000 ) ) ;
#1831 = VERTEX_POINT ( 'NONE', #1038 ) ;
#1832 = CARTESIAN_POINT ( 'NONE',  ( -1.586538105676649213, 0.7500000000000150990, 0.6750000000000000444 ) ) ;
#1833 = VECTOR ( 'NONE', #1408, 100.0000000000000000 ) ;
#1834 = CARTESIAN_POINT ( 'NONE',  ( 0.000000000000000000, 0.000000000000000000, 0.000000000000000000 ) ) ;
#1835 = CIRCLE ( 'NONE', #405, 0.2500000000000000555 ) ;
#1836 = ORIENTED_EDGE ( 'NONE', *, *, #610, .T. ) ;
#1837 = EDGE_LOOP ( 'NONE', ( #967, #1018 ) ) ;
#1838 = CARTESIAN_POINT ( 'NONE',  ( -1.586538105676664756, -0.7499999999999878986, 0.6750000000000000444 ) ) ;
#1839 = DIRECTION ( 'NONE',  ( -0.000000000000000000, -0.000000000000000000, 1.000000000000000000 ) ) ;
#1840 = EDGE_CURVE ( 'NONE', #1231, #1043, #1800, .T. ) ;
#1841 = EDGE_LOOP ( 'NONE', ( #257, #280 ) ) ;
#1842 = DIRECTION ( 'NONE',  ( 0.000000000000000000, 0.000000000000000000, 1.000000000000000000 ) ) ;
#1843 = FACE_OUTER_BOUND ( 'NONE', #1261, .T. ) ;
#1844 = ADVANCED_FACE ( 'NONE', ( #716 ), #1811, .F. ) ;
#1845 = ORIENTED_EDGE ( 'NONE', *, *, #82, .F. ) ;
#1846 = ADVANCED_FACE ( 'NONE', ( #1935 ), #1155, .F. ) ;
#1847 = EDGE_LOOP ( 'NONE', ( #1971, #889, #1176, #1788 ) ) ;
#1848 = DIRECTION ( 'NONE',  ( -0.000000000000000000, -0.000000000000000000, 1.000000000000000000 ) ) ;
#1849 = CARTESIAN_POINT ( 'NONE',  ( 3.255367492503037585, 3.611538105676649568, 0.000000000000000000 ) ) ;
#1850 = ORIENTED_EDGE ( 'NONE', *, *, #374, .T. ) ;
#1851 = DIRECTION ( 'NONE',  ( 1.000000000000000000, 0.000000000000000000, 0.000000000000000000 ) ) ;
#1852 = CARTESIAN_POINT ( 'NONE',  ( 1.099038105676654720, -0.7500000000000061062, 0.000000000000000000 ) ) ;
#1853 = VERTEX_POINT ( 'NONE', #1626 ) ;
#1854 = EDGE_CURVE ( 'NONE', #1957, #868, #1742, .T. ) ;
#1855 = FACE_OUTER_BOUND ( 'NONE', #1039, .T. ) ;
#1856 = ORIENTED_EDGE ( 'NONE', *, *, #98, .T. ) ;
#1857 = DIRECTION ( 'NONE',  ( -0.000000000000000000, -0.000000000000000000, 1.000000000000000000 ) ) ;
#1858 = DIRECTION ( 'NONE',  ( 1.000000000000000000, 0.000000000000000000, 0.000000000000000000 ) ) ;
#1859 = CIRCLE ( 'NONE', #816, 0.2499999999999998890 ) ;
#1860 = ORIENTED_EDGE ( 'NONE', *, *, #863, .F. ) ;
#1861 = FACE_OUTER_BOUND ( 'NONE', #691, .T. ) ;
#1862 = CARTESIAN_POINT ( 'NONE',  ( -1.099038105676664934, -0.7499999999999878986, 0.000000000000000000 ) ) ;
#1863 = VECTOR ( 'NONE', #1154, 100.0000000000000000 ) ;
#1864 = EDGE_LOOP ( 'NONE', ( #809, #1874 ) ) ;
#1865 = DIRECTION ( 'NONE',  ( 1.000000000000000000, 0.000000000000000000, 0.000000000000000000 ) ) ;
#1866 = CIRCLE ( 'NONE', #18, 5.875000000000000000 ) ;
#1867 = EDGE_CURVE ( 'NONE', #680, #752, #183, .T. ) ;
#1868 = ORIENTED_EDGE ( 'NONE', *, *, #1487, .F. ) ;
#1869 = AXIS2_PLACEMENT_3D ( 'NONE', #1824, #1315, #558 ) ;
#1870 = EDGE_CURVE ( 'NONE', #1567, #1212, #129, .T. ) ;
#1871 = AXIS2_PLACEMENT_3D ( 'NONE', #417, #1659, #1352 ) ;
#1872 = CARTESIAN_POINT ( 'NONE',  ( 1.299038105676654675, -0.7500000000000061062, 0.6750000000000000444 ) ) ;
#1873 = CARTESIAN_POINT ( 'NONE',  ( -1.299038105676649124, 0.7500000000000150990, 0.6750000000000000444 ) ) ;
#1874 = ORIENTED_EDGE ( 'NONE', *, *, #1258, .F. ) ;
#1875 = CARTESIAN_POINT ( 'NONE',  ( 0.000000000000000000, -1.500000000000000000, 0.000000000000000000 ) ) ;
#1876 = CARTESIAN_POINT ( 'NONE',  ( 1.586538105676654764, -0.7500000000000061062, 0.6750000000000000444 ) ) ;
#1877 = ORIENTED_EDGE ( 'NONE', *, *, #1757, .F. ) ;
#1878 = CARTESIAN_POINT ( 'NONE',  ( 0.000000000000000000, -1.500000000000000000, 1.000000000000000000 ) ) ;
#1879 = ORIENTED_EDGE ( 'NONE', *, *, #1707, .F. ) ;
#1880 = EDGE_CURVE ( 'NONE', #1795, #1438, #1710, .T. ) ;
#1881 = DIRECTION ( 'NONE',  ( -0.000000000000000000, 0.000000000000000000, 1.000000000000000000 ) ) ;
#1882 = CARTESIAN_POINT ( 'NONE',  ( 1.299038105676654675, -0.7500000000000061062, 1.000000000000000000 ) ) ;
#1883 = EDGE_LOOP ( 'NONE', ( #1080, #1208, #713, #552 ) ) ;
#1884 = CARTESIAN_POINT ( 'NONE',  ( -4.755367492503030924, -1.013461894323331336, 0.000000000000000000 ) ) ;
#1885 = EDGE_CURVE ( 'NONE', #875, #1957, #331, .T. ) ;
#1886 = CARTESIAN_POINT ( 'NONE',  ( 1.499038105676654631, -0.7500000000000061062, 0.6750000000000000444 ) ) ;
#1887 = EDGE_LOOP ( 'NONE', ( #381, #1517, #1395, #471 ) ) ;
#1888 = DIRECTION ( 'NONE',  ( 1.000000000000000000, 0.000000000000000000, 0.000000000000000000 ) ) ;
#1889 = ORIENTED_EDGE ( 'NONE', *, *, #1509, .T. ) ;
#1890 = CARTESIAN_POINT ( 'NONE',  ( -1.499999999999999334, -4.625000000000000000, 0.000000000000000000 ) ) ;
#1891 = ADVANCED_FACE ( 'NONE', ( #464 ), #1235, .F. ) ;
#1892 = AXIS2_PLACEMENT_3D ( 'NONE', #1001, #687, #75 ) ;
#1893 = CARTESIAN_POINT ( 'NONE',  ( 1.500000000000000444, -4.625000000000000000, 0.000000000000000000 ) ) ;
#1894 = FACE_BOUND ( 'NONE', #1837, .T. ) ;
#1895 = FACE_BOUND ( 'NONE', #367, .T. ) ;
#1896 = DIRECTION ( 'NONE',  ( 1.000000000000000000, 0.000000000000000000, 0.000000000000000000 ) ) ;
#1897 = CIRCLE ( 'NONE', #1962, 0.2875000000000000333 ) ;
#1898 = ORIENTED_EDGE ( 'NONE', *, *, #1487, .T. ) ;
#1899 = AXIS2_PLACEMENT_3D ( 'NONE', #210, #981, #1647 ) ;
#1900 = CIRCLE ( 'NONE', #1215, 0.2875000000000000888 ) ;
#1901 = DIRECTION ( 'NONE',  ( 1.000000000000000000, 0.000000000000000000, 0.000000000000000000 ) ) ;
#1902 = AXIS2_PLACEMENT_3D ( 'NONE', #1607, #195, #822 ) ;
#1903 = DIRECTION ( 'NONE',  ( 0.4999999999999976685, -0.8660254037844400399, 0.000000000000000000 ) ) ;
#1904 = DIRECTION ( 'NONE',  ( 1.000000000000000000, 0.000000000000000000, 0.000000000000000000 ) ) ;
#1905 = EDGE_CURVE ( 'NONE', #724, #1692, #1418, .T. ) ;
#1906 = ORIENTED_EDGE ( 'NONE', *, *, #907, .T. ) ;
#1907 = CARTESIAN_POINT ( 'NONE',  ( -5.875000000000000000, 0.000000000000000000, 1.000000000000000000 ) ) ;
#1908 = EDGE_CURVE ( 'NONE', #1946, #30, #1089, .T. ) ;
#1909 = VERTEX_POINT ( 'NONE', #930 ) ;
#1910 = CARTESIAN_POINT ( 'NONE',  ( 1.250000000000000444, -4.625000000000000000, 0.000000000000000000 ) ) ;
#1911 = DIRECTION ( 'NONE',  ( -0.000000000000000000, 0.000000000000000000, 1.000000000000000000 ) ) ;
#1912 = FACE_OUTER_BOUND ( 'NONE', #1981, .T. ) ;
#1913 = DIRECTION ( 'NONE',  ( 1.000000000000000000, 0.000000000000000000, 0.000000000000000000 ) ) ;
#1914 = FACE_OUTER_BOUND ( 'NONE', #460, .T. ) ;
#1915 = EDGE_CURVE ( 'NONE', #861, #156, #962, .T. ) ;
#1916 = ORIENTED_EDGE ( 'NONE', *, *, #1323, .F. ) ;
#1917 = ADVANCED_FACE ( 'NONE', ( #487 ), #746, .F. ) ;
#1918 = VERTEX_POINT ( 'NONE', #790 ) ;
#1919 =( NAMED_UNIT ( * ) PLANE_ANGLE_UNIT ( ) SI_UNIT ( $, .RADIAN. ) );
#1920 = DIRECTION ( 'NONE',  ( -0.000000000000000000, -0.000000000000000000, 1.000000000000000000 ) ) ;
#1921 = FACE_BOUND ( 'NONE', #1665, .T. ) ;
#1922 = EDGE_LOOP ( 'NONE', ( #1339, #328, #1787, #1612 ) ) ;
#1923 = ORIENTED_EDGE ( 'NONE', *, *, #1926, .T. ) ;
#1924 = DIRECTION ( 'NONE',  ( -0.000000000000000000, 0.000000000000000000, 1.000000000000000000 ) ) ;
#1925 = ORIENTED_EDGE ( 'NONE', *, *, #1334, .F. ) ;
#1926 = EDGE_CURVE ( 'NONE', #1853, #530, #1522, .T. ) ;
#1927 = AXIS2_PLACEMENT_3D ( 'NONE', #657, #1399, #51 ) ;
#1928 = ORIENTED_EDGE ( 'NONE', *, *, #1370, .T. ) ;
#1929 = AXIS2_PLACEMENT_3D ( 'NONE', #1767, #831, #1473 ) ;
#1930 = CARTESIAN_POINT ( 'NONE',  ( -4.505367492503024707, 1.013461894323363754, 0.000000000000000000 ) ) ;
#1931 = ADVANCED_FACE ( 'NONE', ( #139 ), #1415, .F. ) ;
#1932 = AXIS2_PLACEMENT_3D ( 'NONE', #356, #1924, #528 ) ;
#1933 = CARTESIAN_POINT ( 'NONE',  ( 3.255367492503037585, 3.611538105676649568, 0.000000000000000000 ) ) ;
#1934 = VECTOR ( 'NONE', #1283, 100.0000000000000000 ) ;
#1935 = FACE_OUTER_BOUND ( 'NONE', #1550, .T. ) ;
#1936 = AXIS2_PLACEMENT_3D ( 'NONE', #772, #1700, #925 ) ;
#1937 = ORIENTED_EDGE ( 'NONE', *, *, #1621, .F. ) ;
#1938 = CARTESIAN_POINT ( 'NONE',  ( 1.299038105676659782, 0.7499999999999968914, 1.000000000000000000 ) ) ;
#1939 = CARTESIAN_POINT ( 'NONE',  ( -1.011538105676665023, -0.7499999999999878986, 0.6750000000000000444 ) ) ;
#1940 = ORIENTED_EDGE ( 'NONE', *, *, #116, .F. ) ;
#1941 = ORIENTED_EDGE ( 'NONE', *, *, #1973, .T. ) ;
#1942 = CARTESIAN_POINT ( 'NONE',  ( 3.255367492503037585, 3.611538105676649568, 1.000000000000000000 ) ) ;
#1943 = EDGE_CURVE ( 'NONE', #146, #1540, #212, .T. ) ;
#1944 = DIRECTION ( 'NONE',  ( -0.5000000000000033307, -0.8660254037844368202, 0.000000000000000000 ) ) ;
#1945 = CARTESIAN_POINT ( 'NONE',  ( 1.299038105676654675, -0.7500000000000061062, 1.000000000000000000 ) ) ;
#1946 = VERTEX_POINT ( 'NONE', #1389 ) ;
#1947 = DIRECTION ( 'NONE',  ( 0.000000000000000000, 0.000000000000000000, 1.000000000000000000 ) ) ;
#1948 = LINE ( 'NONE', #419, #1606 ) ;
#1949 = ORIENTED_EDGE ( 'NONE', *, *, #863, .T. ) ;
#1950 = ORIENTED_EDGE ( 'NONE', *, *, #251, .F. ) ;
#1951 = DIRECTION ( 'NONE',  ( 0.5000000000000101030, 0.8660254037844329345, 0.000000000000000000 ) ) ;
#1952 = CARTESIAN_POINT ( 'NONE',  ( -5.875000000000000000, 0.000000000000000000, 0.000000000000000000 ) ) ;
#1953 = FACE_OUTER_BOUND ( 'NONE', #1524, .T. ) ;
#1954 = EDGE_CURVE ( 'NONE', #1338, #826, #150, .T. ) ;
#1955 = CARTESIAN_POINT ( 'NONE',  ( -3.255367492503037141, -3.611538105676650900, 0.000000000000000000 ) ) ;
#1956 = DIRECTION ( 'NONE',  ( 1.000000000000000000, 0.000000000000000000, 0.000000000000000000 ) ) ;
#1957 = VERTEX_POINT ( 'NONE', #9 ) ;
#1958 = VECTOR ( 'NONE', #1057, 100.0000000000000000 ) ;
#1959 = VERTEX_POINT ( 'NONE', #1064 ) ;
#1960 = CARTESIAN_POINT ( 'NONE',  ( -1.299038105676664889, -0.7499999999999878986, 0.000000000000000000 ) ) ;
#1961 = VECTOR ( 'NONE', #1444, 100.0000000000000000 ) ;
#1962 = AXIS2_PLACEMENT_3D ( 'NONE', #1576, #667, #810 ) ;
#1963 = DIRECTION ( 'NONE',  ( 0.000000000000000000, 0.000000000000000000, 1.000000000000000000 ) ) ;
#1964 = FACE_OUTER_BOUND ( 'NONE', #1068, .T. ) ;
#1965 = AXIS2_PLACEMENT_3D ( 'NONE', #1504, #1703, #927 ) ;
#1966 = VECTOR ( 'NONE', #580, 100.0000000000000000 ) ;
#1967 = LINE ( 'NONE', #1619, #1505 ) ;
#1968 = EDGE_CURVE ( 'NONE', #119, #1984, #1189, .T. ) ;
#1969 = CARTESIAN_POINT ( 'NONE',  ( -1.299038105676649124, 0.7500000000000150990, 1.000000000000000000 ) ) ;
#1970 = AXIS2_PLACEMENT_3D ( 'NONE', #1569, #986, #204 ) ;
#1971 = ORIENTED_EDGE ( 'NONE', *, *, #878, .F. ) ;
#1972 = ORIENTED_EDGE ( 'NONE', *, *, #278, .T. ) ;
#1973 = EDGE_CURVE ( 'NONE', #265, #946, #2001, .T. ) ;
#1974 = DIRECTION ( 'NONE',  ( 1.000000000000000000, 0.000000000000000000, 0.000000000000000000 ) ) ;
#1975 = PLANE ( 'NONE',  #1274 ) ;
#1976 = LINE ( 'NONE', #1650, #343 ) ;
#1977 = ORIENTED_EDGE ( 'NONE', *, *, #1747, .F. ) ;
#1978 = CYLINDRICAL_SURFACE ( 'NONE', #1598, 0.2500000000000002220 ) ;
#1979 = CARTESIAN_POINT ( 'NONE',  ( -3.255367492503012716, 3.611538105676673105, 1.000000000000000000 ) ) ;
#1980 = ORIENTED_EDGE ( 'NONE', *, *, #824, .T. ) ;
#1981 = EDGE_LOOP ( 'NONE', ( #1022, #1694 ) ) ;
#1982 = EDGE_CURVE ( 'NONE', #708, #731, #642, .T. ) ;
#1983 = CARTESIAN_POINT ( 'NONE',  ( 1.011538105676659915, 0.7499999999999968914, 0.6750000000000000444 ) ) ;
#1984 = VERTEX_POINT ( 'NONE', #918 ) ;
#1985 = CARTESIAN_POINT ( 'NONE',  ( -1.011538105676649035, 0.7500000000000150990, 0.6750000000000000444 ) ) ;
#1986 = DIRECTION ( 'NONE',  ( 1.000000000000000000, 0.000000000000000000, 0.000000000000000000 ) ) ;
#1987 = ORIENTED_EDGE ( 'NONE', *, *, #1334, .T. ) ;
#1988 = ORIENTED_EDGE ( 'NONE', *, *, #22, .F. ) ;
#1989 = AXIS2_PLACEMENT_3D ( 'NONE', #579, #303, #1551 ) ;
#1990 = CYLINDRICAL_SURFACE ( 'NONE', #1544, 0.2500000000000002220 ) ;
#1991 = DIRECTION ( 'NONE',  ( 1.000000000000000000, 0.000000000000000000, 0.000000000000000000 ) ) ;
#1992 = AXIS2_PLACEMENT_3D ( 'NONE', #1625, #849, #1635 ) ;
#1993 = ORIENTED_EDGE ( 'NONE', *, *, #1071, .F. ) ;
#1994 = CARTESIAN_POINT ( 'NONE',  ( 0.000000000000000000, 1.500000000000000000, 0.6750000000000000444 ) ) ;
#1995 = AXIS2_PLACEMENT_3D ( 'NONE', #1232, #29, #947 ) ;
#1996 = DIRECTION ( 'NONE',  ( -0.5000000000000029976, -0.8660254037844369313, 0.000000000000000000 ) ) ;
#1997 = CIRCLE ( 'NONE', #470, 0.1999999999999999833 ) ;
#1998 = ORIENTED_EDGE ( 'NONE', *, *, #610, .F. ) ;
#1999 = ORIENTED_EDGE ( 'NONE', *, *, #1183, .T. ) ;
#2000 = CARTESIAN_POINT ( 'NONE',  ( 1.499038105676654631, -0.7500000000000061062, 0.000000000000000000 ) ) ;
#2001 = LINE ( 'NONE', #24, #344 ) ;
#2002 = ADVANCED_FACE ( 'NONE', ( #768 ), #996, .F. ) ;
#2003 = ORIENTED_EDGE ( 'NONE', *, *, #1460, .F. ) ;
#2004 = LINE ( 'NONE', #617, #461 ) ;
#2005 = CARTESIAN_POINT ( 'NONE',  ( 0.000000000000000000, -1.500000000000000000, 0.6750000000000000444 ) ) ;
#2006 = EDGE_CURVE ( 'NONE', #1918, #319, #1743, .T. ) ;
#2007 = ORIENTED_EDGE ( 'NONE', *, *, #1558, .F. ) ;
#2008 = DIRECTION ( 'NONE',  ( 0.000000000000000000, 0.000000000000000000, 1.000000000000000000 ) ) ;
#2009 = ORIENTED_EDGE ( 'NONE', *, *, #1142, .T. ) ;
#2010 = CYLINDRICAL_SURFACE ( 'NONE', #1439, 0.2874999999999999223 ) ;
#2011 = CARTESIAN_POINT ( 'NONE',  ( -3.255367492503012716, 3.611538105676673105, 0.000000000000000000 ) ) ;
ENDSEC;
END-ISO-10303-21;
