ISO-10303-21;
HEADER;
FILE_DESCRIPTION (( 'STEP AP214' ),
    '1' );
FILE_NAME ('straight down pull bar linkage.STEP',
    '2026-09-17T14:21:04',
    ( '' ),
    ( '' ),
    'SwSTEP 2.0',
    'SolidWorks 2025',
    '' );
FILE_SCHEMA (( 'AUTOMOTIVE_DESIGN' ));
ENDSEC;

DATA;
#1 = CARTESIAN_POINT ( 'NONE',  ( -0.5685008317610005246, 0.5685008317610005246, 0.06250000000000000000 ) ) ;
#2 = PLANE ( 'NONE',  #2095 ) ;
#3 = EDGE_LOOP ( 'NONE', ( #75, #1996, #2369, #2109 ) ) ;
#4 = CARTESIAN_POINT ( 'NONE',  ( 11.01842019431346564, 20.52262722514188908, 0.9375000000000000000 ) ) ;
#5 = EDGE_CURVE ( 'NONE', #253, #2207, #463, .T. ) ;
#6 = LINE ( 'NONE', #946, #489 ) ;
#7 = EDGE_LOOP ( 'NONE', ( #657, #665, #459, #1917 ) ) ;
#8 = LINE ( 'NONE', #565, #1352 ) ;
#9 = VERTEX_POINT ( 'NONE', #335 ) ;
#10 = DIRECTION ( 'NONE',  ( -0.000000000000000000, 0.000000000000000000, 1.000000000000000000 ) ) ;
#11 = AXIS2_PLACEMENT_3D ( 'NONE', #889, #2038, #1121 ) ;
#12 = LINE ( 'NONE', #558, #1020 ) ;
#13 = CARTESIAN_POINT ( 'NONE',  ( 10.84093505051287210, 15.57920825898136208, 0.000000000000000000 ) ) ;
#14 = VECTOR ( 'NONE', #2075, 100.0000000000000000 ) ;
#15 = VECTOR ( 'NONE', #575, 100.0000000000000000 ) ;
#16 = AXIS2_PLACEMENT_3D ( 'NONE', #113, #1576, #1727 ) ;
#17 = CARTESIAN_POINT ( 'NONE',  ( 10.24842019431347317, 12.24381020548378451, 0.02588834764831842924 ) ) ;
#18 = VERTEX_POINT ( 'NONE', #582 ) ;
#19 = DIRECTION ( 'NONE',  ( 0.000000000000000000, -1.000000000000000000, 0.000000000000000000 ) ) ;
#20 = EDGE_CURVE ( 'NONE', #69, #1507, #560, .T. ) ;
#21 = ORIENTED_EDGE ( 'NONE', *, *, #343, .F. ) ;
#22 = CARTESIAN_POINT ( 'NONE',  ( 11.02914349901683266, 12.21792185783546891, 8.600204581655918291E-18 ) ) ;
#23 = FACE_OUTER_BOUND ( 'NONE', #851, .T. ) ;
#24 = ORIENTED_EDGE ( 'NONE', *, *, #193, .T. ) ;
#25 = ORIENTED_EDGE ( 'NONE', *, *, #1958, .F. ) ;
#26 =( LENGTH_UNIT ( ) NAMED_UNIT ( * ) SI_UNIT ( .CENTI., .METRE. ) );
#27 = ORIENTED_EDGE ( 'NONE', *, *, #859, .T. ) ;
#28 = DIRECTION ( 'NONE',  ( 0.7071067811865475727, -0.7071067811865475727, 0.000000000000000000 ) ) ;
#29 = ORIENTED_EDGE ( 'NONE', *, *, #2156, .T. ) ;
#30 = DIRECTION ( 'NONE',  ( 1.000000000000000000, 0.000000000000000000, 0.000000000000000000 ) ) ;
#31 = CARTESIAN_POINT ( 'NONE',  ( 11.34093505051287032, 15.57920825898136208, 0.3125000000000000000 ) ) ;
#32 = EDGE_LOOP ( 'NONE', ( #410, #238 ) ) ;
#33 = ORIENTED_EDGE ( 'NONE', *, *, #2226, .T. ) ;
#34 = CARTESIAN_POINT ( 'NONE',  ( 10.63342019431346763, 22.22494153104162962, 0.06250000000000005551 ) ) ;
#35 = EDGE_CURVE ( 'NONE', #654, #102, #44, .T. ) ;
#36 =( NAMED_UNIT ( * ) PLANE_ANGLE_UNIT ( ) SI_UNIT ( $, .RADIAN. ) );
#37 = EDGE_LOOP ( 'NONE', ( #839, #843, #1621, #779 ) ) ;
#38 = LINE ( 'NONE', #787, #363 ) ;
#39 = VERTEX_POINT ( 'NONE', #192 ) ;
#40 = DIRECTION ( 'NONE',  ( 1.000000000000000000, 0.000000000000000000, 0.000000000000000000 ) ) ;
#41 = CARTESIAN_POINT ( 'NONE',  ( 10.63342019431346763, 10.22494153104163139, 0.06250000000000005551 ) ) ;
#42 = ADVANCED_FACE ( 'NONE', ( #954 ), #928, .F. ) ;
#43 = ORIENTED_EDGE ( 'NONE', *, *, #2284, .F. ) ;
#44 = CIRCLE ( 'NONE', #389, 0.06250000000000001388 ) ;
#45 = CARTESIAN_POINT ( 'NONE',  ( 10.24842019431346785, 12.24381020548378629, 0.2500000000000000000 ) ) ;
#46 = CARTESIAN_POINT ( 'NONE',  ( 0.000000000000000000, 13.77897831453243427, 0.6875000000000000000 ) ) ;
#47 = AXIS2_PLACEMENT_3D ( 'NONE', #215, #2064, #1884 ) ;
#48 = AXIS2_PLACEMENT_3D ( 'NONE', #986, #1704, #425 ) ;
#49 = ORIENTED_EDGE ( 'NONE', *, *, #1782, .F. ) ;
#50 = DIRECTION ( 'NONE',  ( 0.7071067811865475727, 0.7071067811865475727, 0.000000000000000000 ) ) ;
#51 = CIRCLE ( 'NONE', #1313, 0.06249999999999997224 ) ;
#52 = VECTOR ( 'NONE', #647, 100.0000000000000000 ) ;
#53 = EDGE_LOOP ( 'NONE', ( #2329, #289, #690, #2138 ) ) ;
#54 = CARTESIAN_POINT ( 'NONE',  ( 11.51842019431346742, 20.02262722514188908, 0.06250000000000001388 ) ) ;
#55 = CIRCLE ( 'NONE', #1436, 0.06250000000000000000 ) ;
#56 = CARTESIAN_POINT ( 'NONE',  ( 11.01842019431346742, 12.24381020548378807, 0.7500000000000000000 ) ) ;
#57 = ORIENTED_EDGE ( 'NONE', *, *, #1534, .T. ) ;
#58 = LINE ( 'NONE', #1898, #2081 ) ;
#59 = EDGE_CURVE ( 'NONE', #1213, #1919, #2144, .T. ) ;
#60 = CARTESIAN_POINT ( 'NONE',  ( 0.000000000000000000, 0.000000000000000000, 1.000000000000000000 ) ) ;
#61 = EDGE_CURVE ( 'NONE', #2322, #1909, #1054, .T. ) ;
#62 = EDGE_LOOP ( 'NONE', ( #2115, #997, #2185, #65 ) ) ;
#63 = CARTESIAN_POINT ( 'NONE',  ( 11.01842019431346564, 20.52262722514188908, 0.7500000000000000000 ) ) ;
#64 = CARTESIAN_POINT ( 'NONE',  ( 9.498420194313467846, 22.22494153104162962, 0.9375000000000000000 ) ) ;
#65 = ORIENTED_EDGE ( 'NONE', *, *, #2092, .T. ) ;
#66 = DIRECTION ( 'NONE',  ( 0.000000000000000000, 0.000000000000000000, -1.000000000000000000 ) ) ;
#67 = ADVANCED_FACE ( 'NONE', ( #1297 ), #1772, .T. ) ;
#68 = DIRECTION ( 'NONE',  ( 1.000000000000000000, -0.000000000000000000, 0.000000000000000000 ) ) ;
#69 = VERTEX_POINT ( 'NONE', #572 ) ;
#70 = LINE ( 'NONE', #2236, #1151 ) ;
#71 = DIRECTION ( 'NONE',  ( -1.000000000000000000, -0.000000000000000000, -0.000000000000000000 ) ) ;
#72 = DIRECTION ( 'NONE',  ( 0.7071067811865475727, 0.7071067811865475727, 0.000000000000000000 ) ) ;
#73 = DIRECTION ( 'NONE',  ( 0.000000000000000000, 0.000000000000000000, 1.000000000000000000 ) ) ;
#74 = EDGE_CURVE ( 'NONE', #1799, #1136, #1113, .T. ) ;
#75 = ORIENTED_EDGE ( 'NONE', *, *, #74, .F. ) ;
#76 = LINE ( 'NONE', #800, #326 ) ;
#77 = LINE ( 'NONE', #1536, #1356 ) ;
#78 = ORIENTED_EDGE ( 'NONE', *, *, #1396, .T. ) ;
#79 = DIRECTION ( 'NONE',  ( -0.7071067811865485719, 0.7071067811865465735, 0.000000000000000000 ) ) ;
#80 = CARTESIAN_POINT ( 'NONE',  ( 11.04430854196178657, 12.18131020548378807, 1.000000000000000000 ) ) ;
#81 = ORIENTED_EDGE ( 'NONE', *, *, #270, .F. ) ;
#82 = CARTESIAN_POINT ( 'NONE',  ( 11.01842019431346742, 12.24381020548378807, 0.7500000000000000000 ) ) ;
#83 = CYLINDRICAL_SURFACE ( 'NONE', #1394, 0.3174999999999997269 ) ;
#84 = DIRECTION ( 'NONE',  ( 0.000000000000000000, -1.000000000000000000, 0.000000000000000000 ) ) ;
#85 = VECTOR ( 'NONE', #188, 100.0000000000000000 ) ;
#86 = ORIENTED_EDGE ( 'NONE', *, *, #390, .F. ) ;
#87 = CARTESIAN_POINT ( 'NONE',  ( 10.22253184666514692, 20.58512722514188908, 1.000000000000000000 ) ) ;
#88 = TOROIDAL_SURFACE ( 'NONE', #1893, 1.072499999999999787, 0.06250000000000000000 ) ;
#89 = DIRECTION ( 'NONE',  ( -0.7071067811865465735, -0.7071067811865485719, 0.000000000000000000 ) ) ;
#90 = AXIS2_PLACEMENT_3D ( 'NONE', #820, #2060, #623 ) ;
#91 = ORIENTED_EDGE ( 'NONE', *, *, #2255, .F. ) ;
#92 = FACE_OUTER_BOUND ( 'NONE', #119, .T. ) ;
#93 = EDGE_CURVE ( 'NONE', #2007, #1454, #1910, .T. ) ;
#94 = VECTOR ( 'NONE', #925, 100.0000000000000000 ) ;
#95 = DIRECTION ( 'NONE',  ( -0.000000000000000000, -0.000000000000000000, -1.000000000000000000 ) ) ;
#96 = ORIENTED_EDGE ( 'NONE', *, *, #2002, .T. ) ;
#97 = DIRECTION ( 'NONE',  ( 1.000000000000000000, 1.802310104910969035E-15, 0.000000000000000000 ) ) ;
#98 = AXIS2_PLACEMENT_3D ( 'NONE', #891, #2349, #697 ) ;
#99 = MECHANICAL_DESIGN_GEOMETRIC_PRESENTATION_REPRESENTATION (  '', ( #1171 ), #140 ) ;
#100 = DIRECTION ( 'NONE',  ( 0.000000000000000000, 0.000000000000000000, 1.000000000000000000 ) ) ;
#101 = DIRECTION ( 'NONE',  ( 1.000000000000000000, 0.000000000000000000, 0.000000000000000000 ) ) ;
#102 = VERTEX_POINT ( 'NONE', #265 ) ;
#103 = FACE_BOUND ( 'NONE', #2310, .T. ) ;
#104 = LINE ( 'NONE', #1208, #527 ) ;
#105 = ORIENTED_EDGE ( 'NONE', *, *, #376, .F. ) ;
#106 = DIRECTION ( 'NONE',  ( -0.000000000000000000, -0.000000000000000000, -1.000000000000000000 ) ) ;
#107 = DIRECTION ( 'NONE',  ( 0.000000000000000000, 0.000000000000000000, -1.000000000000000000 ) ) ;
#108 = ORIENTED_EDGE ( 'NONE', *, *, #227, .T. ) ;
#109 = CYLINDRICAL_SURFACE ( 'NONE', #816, 0.06250000000000005551 ) ;
#110 = CARTESIAN_POINT ( 'NONE',  ( 10.42590533811406139, 13.77897831453243427, 0.3125000000000000000 ) ) ;
#111 = ORIENTED_EDGE ( 'NONE', *, *, #1176, .T. ) ;
#112 = EDGE_CURVE ( 'NONE', #854, #1979, #1580, .T. ) ;
#113 = CARTESIAN_POINT ( 'NONE',  ( 10.42590533811406317, 15.57920825898136208, 0.6875000000000000000 ) ) ;
#114 = DIRECTION ( 'NONE',  ( 1.000000000000000000, 1.802310104910969035E-15, 0.000000000000000000 ) ) ;
#115 = ORIENTED_EDGE ( 'NONE', *, *, #1110, .T. ) ;
#116 = DIRECTION ( 'NONE',  ( -0.7071067811865475727, -0.7071067811865475727, -0.000000000000000000 ) ) ;
#117 = ADVANCED_FACE ( 'NONE', ( #1175 ), #2261, .T. ) ;
#118 = DIRECTION ( 'NONE',  ( 0.000000000000000000, 0.000000000000000000, 1.000000000000000000 ) ) ;
#119 = EDGE_LOOP ( 'NONE', ( #1562, #2112, #761, #1148 ) ) ;
#120 = FACE_OUTER_BOUND ( 'NONE', #2215, .T. ) ;
#121 = EDGE_CURVE ( 'NONE', #616, #1304, #930, .T. ) ;
#122 = PLANE ( 'NONE',  #2363 ) ;
#123 = EDGE_CURVE ( 'NONE', #1220, #2027, #1889, .T. ) ;
#124 = ORIENTED_EDGE ( 'NONE', *, *, #922, .F. ) ;
#125 = CARTESIAN_POINT ( 'NONE',  ( 0.000000000000000000, 0.000000000000000000, 0.000000000000000000 ) ) ;
#126 = EDGE_CURVE ( 'NONE', #1919, #1483, #2198, .T. ) ;
#127 = DIRECTION ( 'NONE',  ( 0.7071067811865475727, -0.7071067811865475727, 0.000000000000000000 ) ) ;
#128 = ORIENTED_EDGE ( 'NONE', *, *, #2273, .F. ) ;
#129 = LINE ( 'NONE', #286, #130 ) ;
#130 = VECTOR ( 'NONE', #880, 100.0000000000000000 ) ;
#131 = DIRECTION ( 'NONE',  ( -1.000000000000000000, -1.802310104910969035E-15, 0.000000000000000000 ) ) ;
#132 = EDGE_LOOP ( 'NONE', ( #1490, #596, #2101, #295 ) ) ;
#133 = CARTESIAN_POINT ( 'NONE',  ( 10.25342019431346685, 22.22494153104162962, 0.06250000000000005551 ) ) ;
#134 = AXIS2_PLACEMENT_3D ( 'NONE', #1019, #2305, #655 ) ;
#135 = UNCERTAINTY_MEASURE_WITH_UNIT (LENGTH_MEASURE( 1.000000000000000082E-05 ), #26, 'distance_accuracy_value', 'NONE');
#136 = CARTESIAN_POINT ( 'NONE',  ( 11.70592019431346742, 10.22494153104163139, 1.000000000000000000 ) ) ;
#137 = DIRECTION ( 'NONE',  ( 0.000000000000000000, 0.000000000000000000, -1.000000000000000000 ) ) ;
#138 = EDGE_CURVE ( 'NONE', #1435, #18, #1162, .T. ) ;
#139 = VECTOR ( 'NONE', #1816, 100.0000000000000000 ) ;
#140 =( GEOMETRIC_REPRESENTATION_CONTEXT ( 3 ) GLOBAL_UNCERTAINTY_ASSIGNED_CONTEXT ( ( #350 ) ) GLOBAL_UNIT_ASSIGNED_CONTEXT ( ( #1084, #549, #367 ) ) REPRESENTATION_CONTEXT ( 'NONE', 'WORKASPACE' ) );
#141 = DIRECTION ( 'NONE',  ( -0.000000000000000000, -0.000000000000000000, -1.000000000000000000 ) ) ;
#142 = DIRECTION ( 'NONE',  ( 1.906599351286662830E-16, -1.000000000000000000, 0.000000000000000000 ) ) ;
#143 = ORIENTED_EDGE ( 'NONE', *, *, #618, .T. ) ;
#144 = LINE ( 'NONE', #2161, #898 ) ;
#145 = ORIENTED_EDGE ( 'NONE', *, *, #444, .F. ) ;
#146 = CARTESIAN_POINT ( 'NONE',  ( 10.84093505051287210, 15.57920825898136208, 0.3125000000000000000 ) ) ;
#147 = CARTESIAN_POINT ( 'NONE',  ( 9.863405338114061394, 15.57920825898136208, 0.2500000000000000000 ) ) ;
#148 = DIRECTION ( 'NONE',  ( -1.000000000000000000, 0.000000000000000000, 0.000000000000000000 ) ) ;
#149 = EDGE_CURVE ( 'NONE', #1231, #102, #1544, .T. ) ;
#150 = CARTESIAN_POINT ( 'NONE',  ( 0.000000000000000000, 20.58512722514188908, 0.9375000000000000000 ) ) ;
#151 = ORIENTED_EDGE ( 'NONE', *, *, #1534, .F. ) ;
#152 = ORIENTED_EDGE ( 'NONE', *, *, #1049, .T. ) ;
#153 = PLANE ( 'NONE',  #2355 ) ;
#154 = CARTESIAN_POINT ( 'NONE',  ( 9.863405338114059617, 15.57920825898136208, 0.6875000000000000000 ) ) ;
#155 = CARTESIAN_POINT ( 'NONE',  ( 11.76842019431346742, 22.22494153104162962, 0.9375000000000000000 ) ) ;
#156 = ORIENTED_EDGE ( 'NONE', *, *, #809, .T. ) ;
#157 = CARTESIAN_POINT ( 'NONE',  ( 10.22253184666515402, 12.18131020548378629, 0.000000000000000000 ) ) ;
#158 = ORIENTED_EDGE ( 'NONE', *, *, #2180, .F. ) ;
#159 = FACE_OUTER_BOUND ( 'NONE', #1611, .T. ) ;
#160 = EDGE_CURVE ( 'NONE', #2141, #1543, #1735, .T. ) ;
#161 = AXIS2_PLACEMENT_3D ( 'NONE', #1039, #488, #924 ) ;
#162 = AXIS2_PLACEMENT_3D ( 'NONE', #1907, #2245, #40 ) ;
#163 = ORIENTED_EDGE ( 'NONE', *, *, #653, .T. ) ;
#164 = PLANE ( 'NONE',  #1014 ) ;
#165 = EDGE_CURVE ( 'NONE', #1220, #1592, #1463, .T. ) ;
#166 = CIRCLE ( 'NONE', #398, 0.4999999999999990563 ) ;
#167 = DIRECTION ( 'NONE',  ( 0.7071067811865476838, -0.7071067811865476838, 0.000000000000000000 ) ) ;
#168 = DIRECTION ( 'NONE',  ( 0.000000000000000000, -0.000000000000000000, -1.000000000000000000 ) ) ;
#169 = VERTEX_POINT ( 'NONE', #793 ) ;
#170 = VECTOR ( 'NONE', #1572, 100.0000000000000000 ) ;
#171 = VECTOR ( 'NONE', #1905, 100.0000000000000000 ) ;
#172 = EDGE_CURVE ( 'NONE', #2271, #1467, #58, .T. ) ;
#173 = CIRCLE ( 'NONE', #1479, 0.5624999999999991118 ) ;
#174 = PRESENTATION_STYLE_ASSIGNMENT (( #354 ) ) ;
#175 = ORIENTED_EDGE ( 'NONE', *, *, #1102, .T. ) ;
#176 = DIRECTION ( 'NONE',  ( -0.000000000000000000, 0.000000000000000000, 1.000000000000000000 ) ) ;
#177 = VERTEX_POINT ( 'NONE', #992 ) ;
#178 = FACE_OUTER_BOUND ( 'NONE', #1278, .T. ) ;
#179 = DIRECTION ( 'NONE',  ( -1.000000000000000000, 0.000000000000000000, 0.000000000000000000 ) ) ;
#180 = FACE_OUTER_BOUND ( 'NONE', #347, .T. ) ;
#181 = ORIENTED_EDGE ( 'NONE', *, *, #35, .F. ) ;
#182 = EDGE_LOOP ( 'NONE', ( #1947, #1554, #1168, #1499 ) ) ;
#183 = DIRECTION ( 'NONE',  ( 1.000000000000000000, 0.000000000000000000, 0.000000000000000000 ) ) ;
#184 = EDGE_CURVE ( 'NONE', #574, #1136, #1270, .T. ) ;
#185 = VERTEX_POINT ( 'NONE', #2105 ) ;
#186 = DIRECTION ( 'NONE',  ( 1.000000000000000000, 0.000000000000000000, 0.000000000000000000 ) ) ;
#187 = ORIENTED_EDGE ( 'NONE', *, *, #2073, .T. ) ;
#188 = DIRECTION ( 'NONE',  ( 0.7071067811865475727, 0.7071067811865475727, 0.000000000000000000 ) ) ;
#189 = LINE ( 'NONE', #1260, #2206 ) ;
#190 = DIRECTION ( 'NONE',  ( 0.000000000000000000, 0.000000000000000000, -1.000000000000000000 ) ) ;
#191 = ORIENTED_EDGE ( 'NONE', *, *, #1169, .T. ) ;
#192 = CARTESIAN_POINT ( 'NONE',  ( 10.84093505051287210, 16.14170825898136030, 0.7500000000000000000 ) ) ;
#193 = EDGE_CURVE ( 'NONE', #1454, #1198, #277, .T. ) ;
#194 = EDGE_CURVE ( 'NONE', #1592, #1213, #448, .T. ) ;
#195 = EDGE_LOOP ( 'NONE', ( #1477, #2282, #1569, #81 ) ) ;
#196 = CARTESIAN_POINT ( 'NONE',  ( 10.23769688961010438, 20.54851557279020824, 1.756747315445241787E-17 ) ) ;
#197 = AXIS2_PLACEMENT_3D ( 'NONE', #1878, #315, #675 ) ;
#198 = ORIENTED_EDGE ( 'NONE', *, *, #93, .F. ) ;
#199 = CARTESIAN_POINT ( 'NONE',  ( 10.63342019431346763, 22.22494153104162962, 0.9375000000000000000 ) ) ;
#200 = TOROIDAL_SURFACE ( 'NONE', #514, 0.5624999999999996669, 0.06250000000000000000 ) ;
#201 = CARTESIAN_POINT ( 'NONE',  ( 10.24842019431346785, 12.24381020548378629, 0.9375000000000000000 ) ) ;
#202 = LINE ( 'NONE', #1649, #171 ) ;
#203 = ORIENTED_EDGE ( 'NONE', *, *, #677, .T. ) ;
#204 = VERTEX_POINT ( 'NONE', #1709 ) ;
#205 = VECTOR ( 'NONE', #1882, 100.0000000000000000 ) ;
#206 = AXIS2_PLACEMENT_3D ( 'NONE', #46, #2045, #434 ) ;
#207 = AXIS2_PLACEMENT_3D ( 'NONE', #1750, #107, #1581 ) ;
#208 = LINE ( 'NONE', #539, #831 ) ;
#209 = EDGE_CURVE ( 'NONE', #1825, #1962, #70, .T. ) ;
#210 = VECTOR ( 'NONE', #708, 100.0000000000000000 ) ;
#211 = ORIENTED_EDGE ( 'NONE', *, *, #1110, .F. ) ;
#212 = CARTESIAN_POINT ( 'NONE',  ( 9.498420194313467846, 10.22494153104163139, 0.9375000000000000000 ) ) ;
#213 = CIRCLE ( 'NONE', #98, 1.072499999999999787 ) ;
#214 = EDGE_LOOP ( 'NONE', ( #1639, #1339, #1012, #1844 ) ) ;
#215 = CARTESIAN_POINT ( 'NONE',  ( 11.01842019431346742, 12.24381020548378807, 0.7500000000000000000 ) ) ;
#216 = DIRECTION ( 'NONE',  ( 0.000000000000000000, -1.000000000000000000, 0.000000000000000000 ) ) ;
#217 = CARTESIAN_POINT ( 'NONE',  ( 10.24842019431346785, 20.52262722514188908, 0.2500000000000000000 ) ) ;
#218 = ORIENTED_EDGE ( 'NONE', *, *, #2002, .F. ) ;
#219 = DIRECTION ( 'NONE',  ( -0.000000000000000000, 1.000000000000000000, 0.000000000000000000 ) ) ;
#220 = DIRECTION ( 'NONE',  ( -1.000000000000000000, 0.000000000000000000, 0.000000000000000000 ) ) ;
#221 = ADVANCED_FACE ( 'NONE', ( #1316 ), #2059, .T. ) ;
#222 = ORIENTED_EDGE ( 'NONE', *, *, #1169, .F. ) ;
#223 = LINE ( 'NONE', #1682, #2359 ) ;
#224 = EDGE_CURVE ( 'NONE', #598, #1525, #1285, .T. ) ;
#225 = ORIENTED_EDGE ( 'NONE', *, *, #636, .T. ) ;
#226 = FACE_OUTER_BOUND ( 'NONE', #248, .T. ) ;
#227 = EDGE_CURVE ( 'NONE', #1213, #752, #1963, .T. ) ;
#228 = DIRECTION ( 'NONE',  ( 0.7071067811865475727, 0.7071067811865475727, 0.000000000000000000 ) ) ;
#229 = VERTEX_POINT ( 'NONE', #1583 ) ;
#230 = DIRECTION ( 'NONE',  ( 1.000000000000000000, 0.000000000000000000, 0.000000000000000000 ) ) ;
#231 = CARTESIAN_POINT ( 'NONE',  ( 9.748420194313467846, 20.02262722514188908, 0.06250000000000001388 ) ) ;
#232 = ORIENTED_EDGE ( 'NONE', *, *, #949, .F. ) ;
#233 = DIRECTION ( 'NONE',  ( 1.000000000000000000, 0.000000000000000000, 0.000000000000000000 ) ) ;
#234 = ORIENTED_EDGE ( 'NONE', *, *, #2070, .F. ) ;
#235 = EDGE_CURVE ( 'NONE', #1979, #2322, #2152, .T. ) ;
#236 = CARTESIAN_POINT ( 'NONE',  ( 10.42590533811406139, 16.07920825898136030, 0.3125000000000000000 ) ) ;
#237 = DIRECTION ( 'NONE',  ( -1.000000000000000000, -1.802310104910969035E-15, -0.000000000000000000 ) ) ;
#238 = ORIENTED_EDGE ( 'NONE', *, *, #1854, .T. ) ;
#239 = AXIS2_PLACEMENT_3D ( 'NONE', #1833, #1478, #384 ) ;
#240 = CARTESIAN_POINT ( 'NONE',  ( 11.58092019431346742, 20.04851557279020824, 0.000000000000000000 ) ) ;
#241 = CARTESIAN_POINT ( 'NONE',  ( 10.24842019431346785, 20.52262722514188908, 0.9375000000000000000 ) ) ;
#242 = VECTOR ( 'NONE', #1346, 100.0000000000000000 ) ;
#243 = AXIS2_PLACEMENT_3D ( 'NONE', #1593, #1771, #2344 ) ;
#244 = EDGE_LOOP ( 'NONE', ( #1452, #21, #2277, #1287 ) ) ;
#245 = CARTESIAN_POINT ( 'NONE',  ( 10.63342019431346763, 10.22494153104163139, 0.9375000000000000000 ) ) ;
#246 = AXIS2_PLACEMENT_3D ( 'NONE', #770, #1879, #256 ) ;
#247 = VECTOR ( 'NONE', #450, 100.0000000000000000 ) ;
#248 = EDGE_LOOP ( 'NONE', ( #789, #91, #2037, #988 ) ) ;
#249 = CARTESIAN_POINT ( 'NONE',  ( 11.04430854196178480, 20.58512722514188908, 0.000000000000000000 ) ) ;
#250 = AXIS2_PLACEMENT_3D ( 'NONE', #1561, #1712, #491 ) ;
#251 = CARTESIAN_POINT ( 'NONE',  ( 10.42590533811406139, 13.84147831453243249, 0.6875000000000000000 ) ) ;
#252 = CIRCLE ( 'NONE', #678, 0.3799999999999997824 ) ;
#253 = VERTEX_POINT ( 'NONE', #1948 ) ;
#254 = CARTESIAN_POINT ( 'NONE',  ( 11.34093505051287032, 14.34147831453243249, 0.3125000000000000000 ) ) ;
#255 = ADVANCED_FACE ( 'NONE', ( #1250 ), #1389, .T. ) ;
#256 = DIRECTION ( 'NONE',  ( -1.000000000000000000, 0.000000000000000000, 0.000000000000000000 ) ) ;
#257 = CARTESIAN_POINT ( 'NONE',  ( 9.560920194313467846, 0.000000000000000000, 0.06250000000000005551 ) ) ;
#258 = VERTEX_POINT ( 'NONE', #290 ) ;
#259 = FACE_OUTER_BOUND ( 'NONE', #1646, .T. ) ;
#260 = CARTESIAN_POINT ( 'NONE',  ( 11.01342019431346664, 22.22494153104162962, 2.710505431213761085E-17 ) ) ;
#261 = ORIENTED_EDGE ( 'NONE', *, *, #1782, .T. ) ;
#262 = CYLINDRICAL_SURFACE ( 'NONE', #1968, 1.134999999999999787 ) ;
#263 = DIRECTION ( 'NONE',  ( -0.000000000000000000, -1.000000000000000000, -0.000000000000000000 ) ) ;
#264 = EDGE_LOOP ( 'NONE', ( #225, #2382, #806, #380 ) ) ;
#265 = CARTESIAN_POINT ( 'NONE',  ( 9.863405338114059617, 14.34147831453243249, 0.2500000000000000000 ) ) ;
#266 = CARTESIAN_POINT ( 'NONE',  ( 11.51842019431346742, 20.02262722514188908, 0.2500000000000000000 ) ) ;
#267 = CARTESIAN_POINT ( 'NONE',  ( 9.748420194313467846, 20.02262722514188908, 0.9375000000000000000 ) ) ;
#268 = ADVANCED_FACE ( 'NONE', ( #120 ), #2338, .F. ) ;
#269 = EDGE_LOOP ( 'NONE', ( #1047, #1694, #1160, #1557 ) ) ;
#270 = EDGE_CURVE ( 'NONE', #1587, #2049, #357, .T. ) ;
#271 = DIRECTION ( 'NONE',  ( -0.000000000000000000, 0.000000000000000000, 1.000000000000000000 ) ) ;
#272 = DIRECTION ( 'NONE',  ( 0.000000000000000000, 1.000000000000000000, 0.000000000000000000 ) ) ;
#273 = ORIENTED_EDGE ( 'NONE', *, *, #964, .F. ) ;
#274 = DIRECTION ( 'NONE',  ( 1.000000000000000000, 0.000000000000000000, 0.000000000000000000 ) ) ;
#275 = DIRECTION ( 'NONE',  ( 1.000000000000000000, -0.000000000000000000, 0.000000000000000000 ) ) ;
#276 = ORIENTED_EDGE ( 'NONE', *, *, #2149, .F. ) ;
#277 = LINE ( 'NONE', #45, #1458 ) ;
#278 = DIRECTION ( 'NONE',  ( 0.000000000000000000, 0.000000000000000000, 1.000000000000000000 ) ) ;
#279 = CARTESIAN_POINT ( 'NONE',  ( 10.84093505051287210, 16.07920825898136030, 0.3125000000000000000 ) ) ;
#280 = ORIENTED_EDGE ( 'NONE', *, *, #505, .F. ) ;
#281 = LINE ( 'NONE', #642, #1203 ) ;
#282 = VECTOR ( 'NONE', #116, 100.0000000000000000 ) ;
#283 = FACE_OUTER_BOUND ( 'NONE', #264, .T. ) ;
#284 = AXIS2_PLACEMENT_3D ( 'NONE', #372, #1617, #1839 ) ;
#285 = VERTEX_POINT ( 'NONE', #1763 ) ;
#286 = CARTESIAN_POINT ( 'NONE',  ( 11.01842019431346742, 12.24381020548378807, 0.2500000000000000000 ) ) ;
#287 = AXIS2_PLACEMENT_3D ( 'NONE', #1542, #1595, #1235 ) ;
#288 = FACE_OUTER_BOUND ( 'NONE', #910, .T. ) ;
#289 = ORIENTED_EDGE ( 'NONE', *, *, #2345, .F. ) ;
#290 = CARTESIAN_POINT ( 'NONE',  ( 9.748420194313467846, 20.02262722514188908, 0.06250000000000001388 ) ) ;
#291 = CIRCLE ( 'NONE', #1900, 0.06249999999999997224 ) ;
#292 = EDGE_CURVE ( 'NONE', #1487, #2173, #664, .T. ) ;
#293 = CARTESIAN_POINT ( 'NONE',  ( 9.748420194313467846, 20.02262722514188908, 0.2500000000000000000 ) ) ;
#294 = FACE_OUTER_BOUND ( 'NONE', #589, .T. ) ;
#295 = ORIENTED_EDGE ( 'NONE', *, *, #799, .F. ) ;
#296 = CARTESIAN_POINT ( 'NONE',  ( 11.01842019431346564, 20.52262722514188908, 0.2500000000000000000 ) ) ;
#297 = EDGE_CURVE ( 'NONE', #792, #854, #1465, .T. ) ;
#298 = CYLINDRICAL_SURFACE ( 'NONE', #2016, 0.06250000000000000000 ) ;
#299 = EDGE_LOOP ( 'NONE', ( #1179, #407, #1857, #725 ) ) ;
#300 = CARTESIAN_POINT ( 'NONE',  ( 11.58092019431346742, 12.71792185783547069, 1.000000000000000000 ) ) ;
#301 = EDGE_CURVE ( 'NONE', #1678, #2196, #304, .T. ) ;
#302 = CARTESIAN_POINT ( 'NONE',  ( 11.26842019431346742, 10.22494153104163139, 0.06250000000000005551 ) ) ;
#303 = ORIENTED_EDGE ( 'NONE', *, *, #695, .F. ) ;
#304 = LINE ( 'NONE', #510, #2315 ) ;
#305 = ADVANCED_FACE ( 'NONE', ( #882 ), #200, .T. ) ;
#306 = FACE_OUTER_BOUND ( 'NONE', #775, .T. ) ;
#307 = EDGE_LOOP ( 'NONE', ( #1871, #1141, #156, #522, #436, #175, #33, #2264 ) ) ;
#308 = CARTESIAN_POINT ( 'NONE',  ( 10.63342019431346763, 10.22494153104163139, 1.000000000000000000 ) ) ;
#309 = PRODUCT_DEFINITION ( 'General', '', #908, #1814 ) ;
#310 = CARTESIAN_POINT ( 'NONE',  ( 9.748420194313467846, 20.02262722514188908, 0.9375000000000000000 ) ) ;
#311 = ORIENTED_EDGE ( 'NONE', *, *, #1402, .F. ) ;
#312 = DIRECTION ( 'NONE',  ( 0.7071067811865485719, -0.7071067811865465735, 0.000000000000000000 ) ) ;
#313 = CARTESIAN_POINT ( 'NONE',  ( 9.748420194313467846, 20.02262722514188908, 0.7500000000000000000 ) ) ;
#314 = ORIENTED_EDGE ( 'NONE', *, *, #717, .F. ) ;
#315 = DIRECTION ( 'NONE',  ( -0.000000000000000000, -0.000000000000000000, -1.000000000000000000 ) ) ;
#316 = CARTESIAN_POINT ( 'NONE',  ( 10.84093505051287210, 16.14170825898136030, 0.3125000000000000000 ) ) ;
#317 = DIRECTION ( 'NONE',  ( -0.000000000000000000, -0.000000000000000000, 1.000000000000000000 ) ) ;
#318 = EDGE_CURVE ( 'NONE', #2322, #879, #1011, .T. ) ;
#319 = CARTESIAN_POINT ( 'NONE',  ( 11.04430854196177947, 20.58512722514188908, 1.000000000000000000 ) ) ;
#320 = AXIS2_PLACEMENT_3D ( 'NONE', #951, #66, #457 ) ;
#321 = CYLINDRICAL_SURFACE ( 'NONE', #2057, 0.06250000000000005551 ) ;
#322 = ADVANCED_FACE ( 'NONE', ( #1377 ), #2300, .T. ) ;
#323 = ORIENTED_EDGE ( 'NONE', *, *, #1539, .T. ) ;
#324 = CARTESIAN_POINT ( 'NONE',  ( 11.54430854196179013, 12.73308690078042993, 8.600204581655918291E-18 ) ) ;
#325 = VECTOR ( 'NONE', #1009, 100.0000000000000000 ) ;
#326 = VECTOR ( 'NONE', #1514, 100.0000000000000000 ) ;
#327 = ORIENTED_EDGE ( 'NONE', *, *, #2031, .F. ) ;
#328 = DIRECTION ( 'NONE',  ( -0.000000000000000000, -1.000000000000000000, 0.000000000000000000 ) ) ;
#329 = AXIS2_PLACEMENT_3D ( 'NONE', #1215, #687, #1960 ) ;
#330 = CARTESIAN_POINT ( 'NONE',  ( 9.748420194313467846, 20.02262722514188908, 0.2500000000000000000 ) ) ;
#331 = DIRECTION ( 'NONE',  ( 1.000000000000000000, -0.000000000000000000, 0.000000000000000000 ) ) ;
#332 = CIRCLE ( 'NONE', #402, 0.06250000000000005551 ) ;
#333 = ADVANCED_FACE ( 'NONE', ( #2347 ), #109, .T. ) ;
#334 = AXIS2_PLACEMENT_3D ( 'NONE', #525, #1272, #535 ) ;
#335 = CARTESIAN_POINT ( 'NONE',  ( 10.22253184666515402, 12.18131020548378629, 0.000000000000000000 ) ) ;
#336 = CARTESIAN_POINT ( 'NONE',  ( 11.70592019431346742, 22.22494153104162962, 0.9375000000000000000 ) ) ;
#337 = ORIENTED_EDGE ( 'NONE', *, *, #235, .F. ) ;
#338 = CARTESIAN_POINT ( 'NONE',  ( 10.84093505051287210, 15.57920825898136208, 0.3125000000000000000 ) ) ;
#339 = ORIENTED_EDGE ( 'NONE', *, *, #1363, .F. ) ;
#340 = CARTESIAN_POINT ( 'NONE',  ( 11.01342019431346664, 22.22494153104162962, 0.06250000000000005551 ) ) ;
#341 = DIRECTION ( 'NONE',  ( 0.000000000000000000, -1.000000000000000000, 0.000000000000000000 ) ) ;
#342 = CARTESIAN_POINT ( 'NONE',  ( 11.34093505051287032, 14.34147831453243249, 0.6875000000000000000 ) ) ;
#343 = EDGE_CURVE ( 'NONE', #670, #1242, #1959, .T. ) ;
#344 = EDGE_CURVE ( 'NONE', #1381, #1231, #552, .T. ) ;
#345 = ORIENTED_EDGE ( 'NONE', *, *, #2047, .T. ) ;
#346 = FACE_OUTER_BOUND ( 'NONE', #1605, .T. ) ;
#347 = EDGE_LOOP ( 'NONE', ( #1629, #1256, #1841, #453 ) ) ;
#348 = EDGE_CURVE ( 'NONE', #177, #1805, #738, .T. ) ;
#349 = DIRECTION ( 'NONE',  ( 0.000000000000000000, 0.000000000000000000, 1.000000000000000000 ) ) ;
#350 = UNCERTAINTY_MEASURE_WITH_UNIT (LENGTH_MEASURE( 1.000000000000000082E-05 ), #1084, 'distance_accuracy_value', 'NONE');
#351 = CYLINDRICAL_SURFACE ( 'NONE', #1740, 0.06250000000000001388 ) ;
#352 = CYLINDRICAL_SURFACE ( 'NONE', #872, 0.06250000000000005551 ) ;
#353 = ORIENTED_EDGE ( 'NONE', *, *, #194, .T. ) ;
#354 = SURFACE_STYLE_USAGE ( .BOTH. , #1255 ) ;
#355 = ORIENTED_EDGE ( 'NONE', *, *, #841, .T. ) ;
#356 = FACE_OUTER_BOUND ( 'NONE', #2313, .T. ) ;
#357 = CIRCLE ( 'NONE', #1652, 0.06250000000000000000 ) ;
#358 = EDGE_LOOP ( 'NONE', ( #1822, #1456, #2151, #685 ) ) ;
#359 = CARTESIAN_POINT ( 'NONE',  ( 9.685920194313467846, 12.74381020548378629, 0.06250000000000001388 ) ) ;
#360 = VECTOR ( 'NONE', #701, 100.0000000000000000 ) ;
#361 = CARTESIAN_POINT ( 'NONE',  ( 10.42590533811406139, 13.77897831453243072, 0.7500000000000000000 ) ) ;
#362 = LINE ( 'NONE', #1988, #2246 ) ;
#363 = VECTOR ( 'NONE', #862, 100.0000000000000000 ) ;
#364 = VECTOR ( 'NONE', #470, 100.0000000000000000 ) ;
#365 = DIRECTION ( 'NONE',  ( 0.000000000000000000, 0.000000000000000000, 1.000000000000000000 ) ) ;
#366 = VECTOR ( 'NONE', #1383, 100.0000000000000000 ) ;
#367 =( NAMED_UNIT ( * ) SI_UNIT ( $, .STERADIAN. ) SOLID_ANGLE_UNIT ( ) );
#368 = ORIENTED_EDGE ( 'NONE', *, *, #1444, .F. ) ;
#369 = CARTESIAN_POINT ( 'NONE',  ( 9.498420194313467846, 22.22494153104162962, 0.9375000000000000000 ) ) ;
#370 = VERTEX_POINT ( 'NONE', #1570 ) ;
#371 = FACE_OUTER_BOUND ( 'NONE', #1867, .T. ) ;
#372 = CARTESIAN_POINT ( 'NONE',  ( 9.498420194313467846, 0.000000000000000000, 1.000000000000000000 ) ) ;
#373 = CARTESIAN_POINT ( 'NONE',  ( 11.51842019431346920, 12.74381020548378807, 0.9741116523516816228 ) ) ;
#374 = VERTEX_POINT ( 'NONE', #2311 ) ;
#375 = ADVANCED_FACE ( 'NONE', ( #661 ), #2129, .F. ) ;
#376 = EDGE_CURVE ( 'NONE', #1999, #1213, #1498, .T. ) ;
#377 = CARTESIAN_POINT ( 'NONE',  ( 11.01842019431346564, 20.52262722514188908, 0.06250000000000001388 ) ) ;
#378 = ORIENTED_EDGE ( 'NONE', *, *, #945, .T. ) ;
#379 = DIRECTION ( 'NONE',  ( 1.000000000000000000, 0.000000000000000000, 0.000000000000000000 ) ) ;
#380 = ORIENTED_EDGE ( 'NONE', *, *, #1310, .F. ) ;
#381 = FACE_OUTER_BOUND ( 'NONE', #1932, .T. ) ;
#382 = FACE_OUTER_BOUND ( 'NONE', #1791, .T. ) ;
#383 = EDGE_LOOP ( 'NONE', ( #861, #1658, #2063, #1098 ) ) ;
#384 = DIRECTION ( 'NONE',  ( 1.000000000000000000, 0.000000000000000000, 0.000000000000000000 ) ) ;
#385 = EDGE_CURVE ( 'NONE', #1198, #2271, #756, .T. ) ;
#386 = FACE_OUTER_BOUND ( 'NONE', #1775, .T. ) ;
#387 = ORIENTED_EDGE ( 'NONE', *, *, #165, .T. ) ;
#388 = LINE ( 'NONE', #2072, #15 ) ;
#389 = AXIS2_PLACEMENT_3D ( 'NONE', #2042, #219, #2033 ) ;
#390 = EDGE_CURVE ( 'NONE', #2352, #772, #777, .T. ) ;
#391 = VERTEX_POINT ( 'NONE', #1993 ) ;
#392 = CARTESIAN_POINT ( 'NONE',  ( 11.01342019431346664, 22.22494153104162962, 0.9375000000000000000 ) ) ;
#393 = AXIS2_PLACEMENT_3D ( 'NONE', #2164, #1802, #1986 ) ;
#394 = DIRECTION ( 'NONE',  ( -0.7071067811865586750, 0.7071067811865364705, 0.000000000000000000 ) ) ;
#395 = CARTESIAN_POINT ( 'NONE',  ( 11.51842019431346742, 20.02262722514188908, 0.9741116523516810677 ) ) ;
#396 = ORIENTED_EDGE ( 'NONE', *, *, #1558, .F. ) ;
#397 = EDGE_LOOP ( 'NONE', ( #1877, #1357, #1370, #693 ) ) ;
#398 = AXIS2_PLACEMENT_3D ( 'NONE', #338, #2186, #2026 ) ;
#399 = LINE ( 'NONE', #241, #1471 ) ;
#400 = AXIS2_PLACEMENT_3D ( 'NONE', #293, #1030, #511 ) ;
#401 = ADVANCED_FACE ( 'NONE', ( #371 ), #1777, .T. ) ;
#402 = AXIS2_PLACEMENT_3D ( 'NONE', #778, #2247, #974 ) ;
#403 = CIRCLE ( 'NONE', #1863, 0.5000000000000017764 ) ;
#404 = EDGE_LOOP ( 'NONE', ( #817, #824, #1906, #2380 ) ) ;
#405 = DIRECTION ( 'NONE',  ( 0.000000000000000000, 0.000000000000000000, -1.000000000000000000 ) ) ;
#406 = AXIS2_PLACEMENT_3D ( 'NONE', #150, #2146, #1023 ) ;
#407 = ORIENTED_EDGE ( 'NONE', *, *, #721, .F. ) ;
#408 = FACE_OUTER_BOUND ( 'NONE', #465, .T. ) ;
#409 = CARTESIAN_POINT ( 'NONE',  ( 9.748420194313467846, 20.02262722514188908, 0.7500000000000000000 ) ) ;
#410 = ORIENTED_EDGE ( 'NONE', *, *, #591, .T. ) ;
#411 = FACE_OUTER_BOUND ( 'NONE', #1299, .T. ) ;
#412 = EDGE_CURVE ( 'NONE', #1624, #1487, #739, .T. ) ;
#413 = VERTEX_POINT ( 'NONE', #1847 ) ;
#414 = CARTESIAN_POINT ( 'NONE',  ( 9.722531846665148691, 12.73308690078042282, 1.000000000000000000 ) ) ;
#415 = ADVANCED_FACE ( 'NONE', ( #178 ), #164, .F. ) ;
#416 = ORIENTED_EDGE ( 'NONE', *, *, #2013, .T. ) ;
#417 = FACE_OUTER_BOUND ( 'NONE', #918, .T. ) ;
#418 = EDGE_CURVE ( 'NONE', #1851, #69, #1053, .T. ) ;
#419 = DIRECTION ( 'NONE',  ( -0.000000000000000000, 0.000000000000000000, 1.000000000000000000 ) ) ;
#420 = EDGE_LOOP ( 'NONE', ( #1683, #2078, #895, #1551 ) ) ;
#421 = DIRECTION ( 'NONE',  ( -1.000000000000000000, 0.000000000000000000, 0.000000000000000000 ) ) ;
#422 = ADVANCED_FACE ( 'NONE', ( #381 ), #153, .F. ) ;
#423 = DIRECTION ( 'NONE',  ( -0.000000000000000000, -0.000000000000000000, -1.000000000000000000 ) ) ;
#424 = ORIENTED_EDGE ( 'NONE', *, *, #2076, .T. ) ;
#425 = DIRECTION ( 'NONE',  ( 1.000000000000000000, 0.000000000000000000, 0.000000000000000000 ) ) ;
#426 = ORIENTED_EDGE ( 'NONE', *, *, #1049, .F. ) ;
#427 = FACE_OUTER_BOUND ( 'NONE', #2211, .T. ) ;
#428 = EDGE_CURVE ( 'NONE', #169, #2352, #1929, .T. ) ;
#429 = CARTESIAN_POINT ( 'NONE',  ( 9.998420194313467846, 10.22494153104163139, 0.9375000000000000000 ) ) ;
#430 = EDGE_LOOP ( 'NONE', ( #508, #731, #1528, #222 ) ) ;
#431 = AXIS2_PLACEMENT_3D ( 'NONE', #1340, #1366, #962 ) ;
#432 = DIRECTION ( 'NONE',  ( 1.000000000000000000, 0.000000000000000000, 0.000000000000000000 ) ) ;
#433 = AXIS2_PLACEMENT_3D ( 'NONE', #2323, #1407, #2142 ) ;
#434 = DIRECTION ( 'NONE',  ( 0.000000000000000000, 0.000000000000000000, -1.000000000000000000 ) ) ;
#435 = AXIS2_PLACEMENT_3D ( 'NONE', #1516, #2258, #606 ) ;
#436 = ORIENTED_EDGE ( 'NONE', *, *, #922, .T. ) ;
#437 = DIRECTION ( 'NONE',  ( -0.000000000000000000, 0.000000000000000000, 1.000000000000000000 ) ) ;
#438 = AXIS2_PLACEMENT_3D ( 'NONE', #34, #1911, #782 ) ;
#439 = AXIS2_PLACEMENT_3D ( 'NONE', #1428, #1648, #1252 ) ;
#440 = CARTESIAN_POINT ( 'NONE',  ( 9.925905338114059617, 14.34147831453243249, 0.6875000000000000000 ) ) ;
#441 = ORIENTED_EDGE ( 'NONE', *, *, #1263, .F. ) ;
#442 = FACE_OUTER_BOUND ( 'NONE', #1108, .T. ) ;
#443 = CIRCLE ( 'NONE', #1590, 0.6349999999999994538 ) ;
#444 = EDGE_CURVE ( 'NONE', #102, #670, #2319, .T. ) ;
#445 = CARTESIAN_POINT ( 'NONE',  ( 11.02914349901683089, 12.21792185783546891, 1.000000000000000000 ) ) ;
#446 = AXIS2_PLACEMENT_3D ( 'NONE', #2351, #2193, #2367 ) ;
#447 = ORIENTED_EDGE ( 'NONE', *, *, #2219, .T. ) ;
#448 = LINE ( 'NONE', #254, #1193 ) ;
#449 = CARTESIAN_POINT ( 'NONE',  ( 11.34093505051287032, 14.34147831453243249, 0.3125000000000000000 ) ) ;
#450 = DIRECTION ( 'NONE',  ( -0.000000000000000000, -0.000000000000000000, 1.000000000000000000 ) ) ;
#451 = ADVANCED_FACE ( 'NONE', ( #2222 ), #1501, .T. ) ;
#452 = APPLICATION_PROTOCOL_DEFINITION ( 'draft international standard', 'automotive_design', 1998, #464 ) ;
#453 = ORIENTED_EDGE ( 'NONE', *, *, #1415, .F. ) ;
#454 = CARTESIAN_POINT ( 'NONE',  ( 10.24842019431346785, 20.52262722514188908, 0.9375000000000000000 ) ) ;
#455 = CARTESIAN_POINT ( 'NONE',  ( 11.51842019431346742, 20.02262722514188908, 0.9375000000000000000 ) ) ;
#456 = ORIENTED_EDGE ( 'NONE', *, *, #1004, .T. ) ;
#457 = DIRECTION ( 'NONE',  ( -1.000000000000000000, 0.000000000000000000, 0.000000000000000000 ) ) ;
#458 = FACE_OUTER_BOUND ( 'NONE', #2128, .T. ) ;
#459 = ORIENTED_EDGE ( 'NONE', *, *, #1760, .F. ) ;
#460 = DIRECTION ( 'NONE',  ( 0.000000000000000000, -0.000000000000000000, -1.000000000000000000 ) ) ;
#461 = DIRECTION ( 'NONE',  ( -0.000000000000000000, -0.000000000000000000, -1.000000000000000000 ) ) ;
#462 = DIRECTION ( 'NONE',  ( -0.000000000000000000, 0.000000000000000000, 1.000000000000000000 ) ) ;
#463 =( BOUNDED_CURVE ( )  B_SPLINE_CURVE ( 3, ( #4, #941, #2227, #319 ),
 .UNSPECIFIED., .F., .F. ) 
 B_SPLINE_CURVE_WITH_KNOTS ( ( 4, 4 ),
 ( 0.000000000000000000, 1.570796326794896558 ),
 .UNSPECIFIED. ) 
 CURVE ( )  GEOMETRIC_REPRESENTATION_ITEM ( )  RATIONAL_B_SPLINE_CURVE ( ( 1.000000000000000000, 0.8047378541243649375, 0.8047378541243649375, 1.000000000000000000 ) ) 
 REPRESENTATION_ITEM ( '' )  );
#464 = APPLICATION_CONTEXT ( 'automotive_design' ) ;
#465 = EDGE_LOOP ( 'NONE', ( #378, #1801, #1018, #1094 ) ) ;
#466 = LINE ( 'NONE', #1192, #937 ) ;
#467 = LINE ( 'NONE', #1797, #983 ) ;
#468 = EDGE_LOOP ( 'NONE', ( #2202, #2248, #105, #128 ) ) ;
#469 = DIRECTION ( 'NONE',  ( -0.000000000000000000, 0.000000000000000000, 1.000000000000000000 ) ) ;
#470 = DIRECTION ( 'NONE',  ( -1.000000000000000000, -0.000000000000000000, 0.000000000000000000 ) ) ;
#471 = VERTEX_POINT ( 'NONE', #936 ) ;
#472 = DIRECTION ( 'NONE',  ( -0.000000000000000000, -0.000000000000000000, 1.000000000000000000 ) ) ;
#473 = VECTOR ( 'NONE', #1186, 100.0000000000000000 ) ;
#474 = DIRECTION ( 'NONE',  ( 0.000000000000000000, -0.000000000000000000, -1.000000000000000000 ) ) ;
#475 = CARTESIAN_POINT ( 'NONE',  ( 10.25342019431346685, 22.22494153104162962, 2.710505431213761085E-17 ) ) ;
#476 = AXIS2_PLACEMENT_3D ( 'NONE', #2015, #741, #1259 ) ;
#477 = AXIS2_PLACEMENT_3D ( 'NONE', #1109, #533, #1269 ) ;
#478 = EDGE_CURVE ( 'NONE', #1924, #471, #1080, .T. ) ;
#479 = ORIENTED_EDGE ( 'NONE', *, *, #964, .T. ) ;
#480 = FACE_OUTER_BOUND ( 'NONE', #644, .T. ) ;
#481 = DIRECTION ( 'NONE',  ( 0.000000000000000000, 0.000000000000000000, 1.000000000000000000 ) ) ;
#482 = EDGE_CURVE ( 'NONE', #1650, #1225, #554, .T. ) ;
#483 = VECTOR ( 'NONE', #1738, 100.0000000000000000 ) ;
#484 = ORIENTED_EDGE ( 'NONE', *, *, #1854, .F. ) ;
#485 = CYLINDRICAL_SURFACE ( 'NONE', #1781, 0.06250000000000001388 ) ;
#486 = DIRECTION ( 'NONE',  ( 0.000000000000000000, 1.000000000000000000, 0.000000000000000000 ) ) ;
#487 = ORIENTED_EDGE ( 'NONE', *, *, #428, .T. ) ;
#488 = DIRECTION ( 'NONE',  ( 0.7071067811865475727, 0.7071067811865475727, -0.000000000000000000 ) ) ;
#489 = VECTOR ( 'NONE', #1298, 100.0000000000000000 ) ;
#490 = CARTESIAN_POINT ( 'NONE',  ( 10.24842019431346785, 20.52262722514188908, 0.06250000000000001388 ) ) ;
#491 = DIRECTION ( 'NONE',  ( 0.000000000000000000, 0.000000000000000000, 1.000000000000000000 ) ) ;
#492 = ORIENTED_EDGE ( 'NONE', *, *, #896, .T. ) ;
#493 = PLANE ( 'NONE',  #2089 ) ;
#494 = DIRECTION ( 'NONE',  ( -0.000000000000000000, -0.000000000000000000, -1.000000000000000000 ) ) ;
#495 = ORIENTED_EDGE ( 'NONE', *, *, #547, .T. ) ;
#496 = ADVANCED_FACE ( 'NONE', ( #1615 ), #716, .T. ) ;
#497 = LINE ( 'NONE', #659, #1548 ) ;
#498 = ORIENTED_EDGE ( 'NONE', *, *, #1913, .T. ) ;
#499 = DIRECTION ( 'NONE',  ( 0.000000000000000000, 0.000000000000000000, -1.000000000000000000 ) ) ;
#500 = DIRECTION ( 'NONE',  ( 0.000000000000000000, -1.000000000000000000, 0.000000000000000000 ) ) ;
#501 = EDGE_CURVE ( 'NONE', #854, #710, #1837, .T. ) ;
#502 = VERTEX_POINT ( 'NONE', #1811 ) ;
#503 = DIRECTION ( 'NONE',  ( 0.7071067811865586750, 0.7071067811865364705, 0.000000000000000000 ) ) ;
#504 = ORIENTED_EDGE ( 'NONE', *, *, #1415, .T. ) ;
#505 = EDGE_CURVE ( 'NONE', #598, #660, #568, .T. ) ;
#506 = CARTESIAN_POINT ( 'NONE',  ( 11.51842019431346742, 20.02262722514188908, 0.9375000000000000000 ) ) ;
#507 = FACE_OUTER_BOUND ( 'NONE', #1522, .T. ) ;
#508 = ORIENTED_EDGE ( 'NONE', *, *, #1115, .T. ) ;
#509 = EDGE_CURVE ( 'NONE', #2299, #660, #1359, .T. ) ;
#510 = CARTESIAN_POINT ( 'NONE',  ( 9.748420194313467846, 20.02262722514188908, 0.7500000000000000000 ) ) ;
#511 = DIRECTION ( 'NONE',  ( -0.7071067811865475727, -0.7071067811865475727, 0.000000000000000000 ) ) ;
#512 = LINE ( 'NONE', #916, #1667 ) ;
#513 = LINE ( 'NONE', #2181, #1280 ) ;
#514 = AXIS2_PLACEMENT_3D ( 'NONE', #146, #649, #834 ) ;
#515 = ORIENTED_EDGE ( 'NONE', *, *, #929, .F. ) ;
#516 = VECTOR ( 'NONE', #230, 100.0000000000000000 ) ;
#517 = CARTESIAN_POINT ( 'NONE',  ( 11.51842019431346742, 12.74381020548378807, 0.06250000000000001388 ) ) ;
#518 = ORIENTED_EDGE ( 'NONE', *, *, #292, .F. ) ;
#519 = CARTESIAN_POINT ( 'NONE',  ( 10.63342019431346763, 22.22494153104162962, 0.9375000000000000000 ) ) ;
#520 = TOROIDAL_SURFACE ( 'NONE', #1469, 0.6974999999999994538, 0.06250000000000000000 ) ;
#521 = AXIS2_PLACEMENT_3D ( 'NONE', #316, #1229, #100 ) ;
#522 = ORIENTED_EDGE ( 'NONE', *, *, #980, .T. ) ;
#523 = CARTESIAN_POINT ( 'NONE',  ( 11.76842019431346742, 10.22494153104163139, 0.9375000000000000000 ) ) ;
#524 = DIRECTION ( 'NONE',  ( 0.000000000000000000, -1.000000000000000000, 0.000000000000000000 ) ) ;
#525 = CARTESIAN_POINT ( 'NONE',  ( 10.84093505051287210, 14.34147831453243249, 0.3125000000000000000 ) ) ;
#526 = CIRCLE ( 'NONE', #2055, 0.6974999999999995648 ) ;
#527 = VECTOR ( 'NONE', #2137, 100.0000000000000000 ) ;
#528 = EDGE_CURVE ( 'NONE', #1927, #1678, #2102, .T. ) ;
#529 = SURFACE_STYLE_FILL_AREA ( #1433 ) ;
#530 = ORIENTED_EDGE ( 'NONE', *, *, #35, .T. ) ;
#531 = CARTESIAN_POINT ( 'NONE',  ( 10.84093505051287210, 16.07920825898136030, 0.3125000000000000000 ) ) ;
#532 = ORIENTED_EDGE ( 'NONE', *, *, #1004, .F. ) ;
#533 = DIRECTION ( 'NONE',  ( -0.000000000000000000, 0.000000000000000000, 1.000000000000000000 ) ) ;
#534 = DIRECTION ( 'NONE',  ( 0.000000000000000000, 1.000000000000000000, -0.000000000000000000 ) ) ;
#535 = DIRECTION ( 'NONE',  ( 1.000000000000000000, 0.000000000000000000, 0.000000000000000000 ) ) ;
#536 = ORIENTED_EDGE ( 'NONE', *, *, #1657, .F. ) ;
#537 = LINE ( 'NONE', #1795, #247 ) ;
#538 = EDGE_CURVE ( 'NONE', #1481, #1578, #1309, .T. ) ;
#539 = CARTESIAN_POINT ( 'NONE',  ( 10.95092019431346664, 22.22494153104162962, 1.000000000000000000 ) ) ;
#540 = ORIENTED_EDGE ( 'NONE', *, *, #2255, .T. ) ;
#541 = ORIENTED_EDGE ( 'NONE', *, *, #112, .T. ) ;
#542 = DIRECTION ( 'NONE',  ( 1.000000000000000000, 0.000000000000000000, 0.000000000000000000 ) ) ;
#543 = ADVANCED_FACE ( 'NONE', ( #427 ), #2125, .T. ) ;
#544 = DIRECTION ( 'NONE',  ( 0.7071067811865485719, -0.7071067811865465735, 0.000000000000000000 ) ) ;
#545 = LINE ( 'NONE', #688, #139 ) ;
#546 = VERTEX_POINT ( 'NONE', #1875 ) ;
#547 = EDGE_CURVE ( 'NONE', #1266, #1650, #989, .T. ) ;
#548 = ADVANCED_FACE ( 'NONE', ( #226 ), #1158, .T. ) ;
#549 =( NAMED_UNIT ( * ) PLANE_ANGLE_UNIT ( ) SI_UNIT ( $, .RADIAN. ) );
#550 = ORIENTED_EDGE ( 'NONE', *, *, #172, .T. ) ;
#551 = DIRECTION ( 'NONE',  ( -0.7071067811865475727, 0.7071067811865475727, 0.000000000000000000 ) ) ;
#552 = CIRCLE ( 'NONE', #858, 0.06250000000000001388 ) ;
#553 = ADVANCED_FACE ( 'NONE', ( #776 ), #262, .T. ) ;
#554 = CIRCLE ( 'NONE', #11, 0.6349999999999994538 ) ;
#555 = ORIENTED_EDGE ( 'NONE', *, *, #1601, .T. ) ;
#556 = CARTESIAN_POINT ( 'NONE',  ( 10.42590533811406317, 14.34147831453243249, 0.2500000000000000000 ) ) ;
#557 = CIRCLE ( 'NONE', #1202, 0.3174999999999997269 ) ;
#558 = CARTESIAN_POINT ( 'NONE',  ( 9.748420194313467846, 12.74381020548378629, 0.9375000000000000000 ) ) ;
#559 = DIRECTION ( 'NONE',  ( 0.000000000000000000, 0.000000000000000000, 1.000000000000000000 ) ) ;
#560 = LINE ( 'NONE', #1283, #2158 ) ;
#561 = AXIS2_PLACEMENT_3D ( 'NONE', #588, #216, #1677 ) ;
#562 = CIRCLE ( 'NONE', #785, 0.06250000000000005551 ) ;
#563 = FACE_OUTER_BOUND ( 'NONE', #1894, .T. ) ;
#564 = ORIENTED_EDGE ( 'NONE', *, *, #538, .T. ) ;
#565 = CARTESIAN_POINT ( 'NONE',  ( 9.863405338114059617, 15.57920825898136208, 0.7500000000000000000 ) ) ;
#566 = ADVANCED_FACE ( 'NONE', ( #408 ), #1134, .T. ) ;
#567 = ORIENTED_EDGE ( 'NONE', *, *, #1753, .T. ) ;
#568 = LINE ( 'NONE', #1438, #1430 ) ;
#569 = ADVANCED_FACE ( 'NONE', ( #442 ), #1526, .F. ) ;
#570 = FACE_OUTER_BOUND ( 'NONE', #62, .T. ) ;
#571 = CARTESIAN_POINT ( 'NONE',  ( 10.24842019431346785, 12.24381020548378629, 0.7500000000000000000 ) ) ;
#572 = CARTESIAN_POINT ( 'NONE',  ( 11.70592019431346742, 22.22494153104162962, 0.000000000000000000 ) ) ;
#573 = FILL_AREA_STYLE_COLOUR ( '', #711 ) ;
#574 = VERTEX_POINT ( 'NONE', #1719 ) ;
#575 = DIRECTION ( 'NONE',  ( 1.000000000000000000, 0.000000000000000000, 0.000000000000000000 ) ) ;
#576 = ORIENTED_EDGE ( 'NONE', *, *, #390, .T. ) ;
#577 = DIRECTION ( 'NONE',  ( -0.000000000000000000, 0.000000000000000000, 1.000000000000000000 ) ) ;
#578 = CARTESIAN_POINT ( 'NONE',  ( 9.704226020489308269, 20.06682139896604866, 0.06250000000000001388 ) ) ;
#579 = DIRECTION ( 'NONE',  ( 1.000000000000000000, 0.000000000000000000, 0.000000000000000000 ) ) ;
#580 = ADVANCED_FACE ( 'NONE', ( #632 ), #1240, .T. ) ;
#581 = EDGE_LOOP ( 'NONE', ( #1992, #550, #1173, #24 ) ) ;
#582 = CARTESIAN_POINT ( 'NONE',  ( 11.01842019431346742, 12.24381020548378807, 0.9375000000000000000 ) ) ;
#583 = ORIENTED_EDGE ( 'NONE', *, *, #344, .F. ) ;
#584 = PLANE ( 'NONE',  #1017 ) ;
#585 = ORIENTED_EDGE ( 'NONE', *, *, #2357, .F. ) ;
#586 = CARTESIAN_POINT ( 'NONE',  ( 11.02914349901683089, 20.54851557279020824, 1.308383886805416885E-17 ) ) ;
#587 = AXIS2_PLACEMENT_3D ( 'NONE', #1473, #2212, #1292 ) ;
#588 = CARTESIAN_POINT ( 'NONE',  ( 10.24842019431346785, 20.52262722514188908, 0.7500000000000000000 ) ) ;
#589 = EDGE_LOOP ( 'NONE', ( #273, #1262, #2187, #484 ) ) ;
#590 = DIRECTION ( 'NONE',  ( -0.000000000000000000, -0.000000000000000000, 1.000000000000000000 ) ) ;
#591 = EDGE_CURVE ( 'NONE', #413, #912, #1731, .T. ) ;
#592 = CARTESIAN_POINT ( 'NONE',  ( 10.63342019431346763, 22.22494153104162962, 0.06250000000000005551 ) ) ;
#593 = EDGE_CURVE ( 'NONE', #1136, #185, #998, .T. ) ;
#594 = AXIS2_PLACEMENT_3D ( 'NONE', #2103, #1568, #1010 ) ;
#595 = VECTOR ( 'NONE', #272, 100.0000000000000000 ) ;
#596 = ORIENTED_EDGE ( 'NONE', *, *, #2092, .F. ) ;
#597 = FACE_OUTER_BOUND ( 'NONE', #1185, .T. ) ;
#598 = VERTEX_POINT ( 'NONE', #1157 ) ;
#599 = DIRECTION ( 'NONE',  ( 1.224646799147353207E-16, 1.000000000000000000, 0.000000000000000000 ) ) ;
#600 = CARTESIAN_POINT ( 'NONE',  ( 10.42590533811406139, 13.84147831453243249, 0.3125000000000000000 ) ) ;
#601 = ORIENTED_EDGE ( 'NONE', *, *, #301, .F. ) ;
#602 = CARTESIAN_POINT ( 'NONE',  ( 11.51842019431346742, 20.02262722514188908, 0.02588834764831845006 ) ) ;
#603 = FACE_OUTER_BOUND ( 'NONE', #648, .T. ) ;
#604 = ORIENTED_EDGE ( 'NONE', *, *, #1265, .T. ) ;
#605 = ORIENTED_EDGE ( 'NONE', *, *, #1114, .F. ) ;
#606 = DIRECTION ( 'NONE',  ( 1.000000000000000000, 0.000000000000000000, 0.000000000000000000 ) ) ;
#607 = CARTESIAN_POINT ( 'NONE',  ( 10.84093505051287210, 14.34147831453243249, 0.6875000000000000000 ) ) ;
#608 = ORIENTED_EDGE ( 'NONE', *, *, #1749, .T. ) ;
#609 = CARTESIAN_POINT ( 'NONE',  ( 11.40343505051287032, 14.34147831453243249, 0.6875000000000000000 ) ) ;
#610 = DIRECTION ( 'NONE',  ( -0.000000000000000000, 0.000000000000000000, 1.000000000000000000 ) ) ;
#611 =( NAMED_UNIT ( * ) SI_UNIT ( $, .STERADIAN. ) SOLID_ANGLE_UNIT ( ) );
#612 = ORIENTED_EDGE ( 'NONE', *, *, #2031, .T. ) ;
#613 = CARTESIAN_POINT ( 'NONE',  ( 10.42590533811406317, 14.34147831453243249, 0.000000000000000000 ) ) ;
#614 = ADVANCED_FACE ( 'NONE', ( #417 ), #1145, .F. ) ;
#615 = CARTESIAN_POINT ( 'NONE',  ( 11.76842019431346742, 0.000000000000000000, 1.000000000000000000 ) ) ;
#616 = VERTEX_POINT ( 'NONE', #236 ) ;
#617 = DIRECTION ( 'NONE',  ( -0.000000000000000000, -0.000000000000000000, -1.000000000000000000 ) ) ;
#618 = EDGE_CURVE ( 'NONE', #1525, #2160, #971, .T. ) ;
#619 = CARTESIAN_POINT ( 'NONE',  ( 11.04430854196178835, 12.18131020548378807, 0.000000000000000000 ) ) ;
#620 = ORIENTED_EDGE ( 'NONE', *, *, #1838, .T. ) ;
#621 = DIRECTION ( 'NONE',  ( 0.000000000000000000, 0.000000000000000000, 1.000000000000000000 ) ) ;
#622 = EDGE_CURVE ( 'NONE', #2163, #169, #624, .T. ) ;
#623 = DIRECTION ( 'NONE',  ( -1.906599351286662830E-16, 1.000000000000000000, 0.000000000000000000 ) ) ;
#624 = CIRCLE ( 'NONE', #435, 0.3799999999999997824 ) ;
#625 = CIRCLE ( 'NONE', #134, 0.6349999999999994538 ) ;
#626 = ORIENTED_EDGE ( 'NONE', *, *, #292, .T. ) ;
#627 = LINE ( 'NONE', #296, #1975 ) ;
#628 = TOROIDAL_SURFACE ( 'NONE', #1165, 1.072499999999999787, 0.06250000000000000000 ) ;
#629 = AXIS2_PLACEMENT_3D ( 'NONE', #41, #419, #791 ) ;
#630 = DIRECTION ( 'NONE',  ( -0.000000000000000000, -0.000000000000000000, 1.000000000000000000 ) ) ;
#631 = VERTEX_POINT ( 'NONE', #1234 ) ;
#632 = FACE_OUTER_BOUND ( 'NONE', #2240, .T. ) ;
#633 = AXIS2_PLACEMENT_3D ( 'NONE', #615, #2294, #1007 ) ;
#634 = FACE_OUTER_BOUND ( 'NONE', #383, .T. ) ;
#635 = ORIENTED_EDGE ( 'NONE', *, *, #722, .T. ) ;
#636 = EDGE_CURVE ( 'NONE', #471, #2160, #1228, .T. ) ;
#637 = DIRECTION ( 'NONE',  ( 0.000000000000000000, 1.000000000000000000, 0.000000000000000000 ) ) ;
#638 = PRODUCT_DEFINITION_SHAPE ( 'NONE', 'NONE',  #309 ) ;
#639 = FACE_OUTER_BOUND ( 'NONE', #397, .T. ) ;
#640 = CARTESIAN_POINT ( 'NONE',  ( 10.63342019431346763, 10.22494153104163139, 0.000000000000000000 ) ) ;
#641 = ORIENTED_EDGE ( 'NONE', *, *, #1913, .F. ) ;
#642 = CARTESIAN_POINT ( 'NONE',  ( 9.748420194313467846, 12.74381020548378629, 0.2500000000000000000 ) ) ;
#643 = CARTESIAN_POINT ( 'NONE',  ( 10.42590533811406317, 15.57920825898136208, 0.3125000000000000000 ) ) ;
#644 = EDGE_LOOP ( 'NONE', ( #966, #2377, #704, #802 ) ) ;
#645 = DIRECTION ( 'NONE',  ( 1.000000000000000000, 0.000000000000000000, 0.000000000000000000 ) ) ;
#646 = EDGE_CURVE ( 'NONE', #1850, #204, #1966, .T. ) ;
#647 = DIRECTION ( 'NONE',  ( -0.000000000000000000, -0.000000000000000000, -1.000000000000000000 ) ) ;
#648 = EDGE_LOOP ( 'NONE', ( #1758, #1295, #1008, #1032 ) ) ;
#649 = DIRECTION ( 'NONE',  ( 0.000000000000000000, 0.000000000000000000, 1.000000000000000000 ) ) ;
#650 = EDGE_CURVE ( 'NONE', #2160, #2271, #1424, .T. ) ;
#651 = CARTESIAN_POINT ( 'NONE',  ( 10.63342019431346763, 10.22494153104163139, 0.06250000000000005551 ) ) ;
#652 = CARTESIAN_POINT ( 'NONE',  ( 9.863405338114059617, 14.34147831453243249, 0.6875000000000000000 ) ) ;
#653 = EDGE_CURVE ( 'NONE', #2299, #1525, #829, .T. ) ;
#654 = VERTEX_POINT ( 'NONE', #867 ) ;
#655 = DIRECTION ( 'NONE',  ( 1.000000000000000000, 0.000000000000000000, 0.000000000000000000 ) ) ;
#656 = DIRECTION ( 'NONE',  ( 1.000000000000000000, 0.000000000000000000, 0.000000000000000000 ) ) ;
#657 = ORIENTED_EDGE ( 'NONE', *, *, #1439, .T. ) ;
#658 = CARTESIAN_POINT ( 'NONE',  ( 10.24842019431346785, 20.52262722514188908, 0.2500000000000000000 ) ) ;
#659 = CARTESIAN_POINT ( 'NONE',  ( 10.24842019431346785, 12.24381020548378629, 0.2500000000000000000 ) ) ;
#660 = VERTEX_POINT ( 'NONE', #1059 ) ;
#661 = FACE_OUTER_BOUND ( 'NONE', #1120, .T. ) ;
#662 = CARTESIAN_POINT ( 'NONE',  ( 9.925905338114059617, 15.57920825898136208, 0.3125000000000000000 ) ) ;
#663 = EDGE_CURVE ( 'NONE', #1397, #18, #1566, .T. ) ;
#664 = CIRCLE ( 'NONE', #2044, 0.5625000000000004441 ) ;
#665 = ORIENTED_EDGE ( 'NONE', *, *, #1715, .F. ) ;
#666 = CARTESIAN_POINT ( 'NONE',  ( 10.31592019431346685, 22.22494153104162962, 1.000000000000000000 ) ) ;
#667 = VECTOR ( 'NONE', #790, 100.0000000000000000 ) ;
#668 = CARTESIAN_POINT ( 'NONE',  ( 11.40343505051287032, 0.000000000000000000, 0.2500000000000000000 ) ) ;
#669 = CIRCLE ( 'NONE', #981, 0.5625000000000004441 ) ;
#670 = VERTEX_POINT ( 'NONE', #1221 ) ;
#671 = ADVANCED_FACE ( 'NONE', ( #1928 ), #485, .T. ) ;
#672 = CIRCLE ( 'NONE', #2326, 0.06250000000000005551 ) ;
#673 = DIRECTION ( 'NONE',  ( 0.000000000000000000, -0.000000000000000000, -1.000000000000000000 ) ) ;
#674 = ORIENTED_EDGE ( 'NONE', *, *, #809, .F. ) ;
#675 = DIRECTION ( 'NONE',  ( 1.000000000000000000, 0.000000000000000000, 0.000000000000000000 ) ) ;
#676 = CIRCLE ( 'NONE', #906, 0.06250000000000000000 ) ;
#677 = EDGE_CURVE ( 'NONE', #1881, #9, #144, .T. ) ;
#678 = AXIS2_PLACEMENT_3D ( 'NONE', #1466, #1880, #1322 ) ;
#679 = DIRECTION ( 'NONE',  ( 0.000000000000000000, 1.000000000000000000, 0.000000000000000000 ) ) ;
#680 = EDGE_CURVE ( 'NONE', #1246, #2299, #2308, .T. ) ;
#681 = CARTESIAN_POINT ( 'NONE',  ( 11.01842019431346742, 12.24381020548378807, 0.06250000000000001388 ) ) ;
#682 = ORIENTED_EDGE ( 'NONE', *, *, #2180, .T. ) ;
#683 = CARTESIAN_POINT ( 'NONE',  ( 10.24842019431346785, 20.52262722514188908, 0.06250000000000001388 ) ) ;
#684 = CARTESIAN_POINT ( 'NONE',  ( 11.34093505051287032, 14.34147831453243249, 0.000000000000000000 ) ) ;
#685 = ORIENTED_EDGE ( 'NONE', *, *, #1402, .T. ) ;
#686 = DIRECTION ( 'NONE',  ( 1.000000000000000000, -0.000000000000000000, 0.000000000000000000 ) ) ;
#687 = DIRECTION ( 'NONE',  ( 1.000000000000000000, 0.000000000000000000, 0.000000000000000000 ) ) ;
#688 = CARTESIAN_POINT ( 'NONE',  ( 11.76842019431346742, 0.000000000000000000, 0.06250000000000005551 ) ) ;
#689 = CARTESIAN_POINT ( 'NONE',  ( 9.560920194313467846, 10.22494153104163139, 0.06250000000000005551 ) ) ;
#690 = ORIENTED_EDGE ( 'NONE', *, *, #1363, .T. ) ;
#691 = CARTESIAN_POINT ( 'NONE',  ( 10.63342019431346763, 22.22494153104162962, 0.06250000000000005551 ) ) ;
#692 = ADVANCED_FACE ( 'NONE', ( #92 ), #1163, .T. ) ;
#693 = ORIENTED_EDGE ( 'NONE', *, *, #528, .T. ) ;
#694 = CARTESIAN_POINT ( 'NONE',  ( -2.195449847439850851E-14, 12.18131020548376853, 0.06250000000000000000 ) ) ;
#695 = EDGE_CURVE ( 'NONE', #2141, #1246, #1036, .T. ) ;
#696 = CARTESIAN_POINT ( 'NONE',  ( 11.70592019431346742, 22.22494153104162962, 0.06250000000000000000 ) ) ;
#697 = DIRECTION ( 'NONE',  ( 1.000000000000000000, 0.000000000000000000, 0.000000000000000000 ) ) ;
#698 = AXIS2_PLACEMENT_3D ( 'NONE', #765, #79, #1862 ) ;
#699 = CARTESIAN_POINT ( 'NONE',  ( 10.24842019431346785, 20.52262722514188908, 0.2500000000000000000 ) ) ;
#700 = ORIENTED_EDGE ( 'NONE', *, *, #123, .T. ) ;
#701 = DIRECTION ( 'NONE',  ( -0.000000000000000000, -0.000000000000000000, 1.000000000000000000 ) ) ;
#702 = VECTOR ( 'NONE', #1117, 100.0000000000000000 ) ;
#703 = VECTOR ( 'NONE', #1869, 100.0000000000000000 ) ;
#704 = ORIENTED_EDGE ( 'NONE', *, *, #1075, .F. ) ;
#705 = CARTESIAN_POINT ( 'NONE',  ( 9.498420194313467846, 22.22494153104162962, 1.000000000000000000 ) ) ;
#706 = AXIS2_PLACEMENT_3D ( 'NONE', #1159, #960, #766 ) ;
#707 = LINE ( 'NONE', #938, #1619 ) ;
#708 = DIRECTION ( 'NONE',  ( -0.000000000000000000, -0.000000000000000000, 1.000000000000000000 ) ) ;
#709 = VECTOR ( 'NONE', #1840, 100.0000000000000000 ) ;
#710 = VERTEX_POINT ( 'NONE', #1555 ) ;
#711 = COLOUR_RGB ( '',0.7921568627450980005, 0.8196078431372548767, 0.9333333333333333481 ) ;
#712 = CARTESIAN_POINT ( 'NONE',  ( 10.24842019431346785, 12.24381020548378629, 0.9375000000000000000 ) ) ;
#713 = VERTEX_POINT ( 'NONE', #300 ) ;
#714 = DIRECTION ( 'NONE',  ( 1.000000000000000000, 0.000000000000000000, 0.000000000000000000 ) ) ;
#715 = ORIENTED_EDGE ( 'NONE', *, *, #1674, .T. ) ;
#716 = CYLINDRICAL_SURFACE ( 'NONE', #2008, 0.06250000000000001388 ) ;
#717 = EDGE_CURVE ( 'NONE', #1198, #2286, #129, .T. ) ;
#718 = CARTESIAN_POINT ( 'NONE',  ( 11.01842019431346564, 20.52262722514188908, 0.9375000000000000000 ) ) ;
#719 = CARTESIAN_POINT ( 'NONE',  ( 10.42590533811406317, 14.34147831453243249, 0.6875000000000000000 ) ) ;
#720 = ORIENTED_EDGE ( 'NONE', *, *, #1510, .F. ) ;
#721 = EDGE_CURVE ( 'NONE', #660, #502, #2148, .T. ) ;
#722 = EDGE_CURVE ( 'NONE', #1543, #2299, #1759, .T. ) ;
#723 = ORIENTED_EDGE ( 'NONE', *, *, #1318, .F. ) ;
#724 = CARTESIAN_POINT ( 'NONE',  ( 10.63342019431346763, 22.22494153104162962, 0.9375000000000000000 ) ) ;
#725 = ORIENTED_EDGE ( 'NONE', *, *, #680, .F. ) ;
#726 = DIRECTION ( 'NONE',  ( 0.000000000000000000, 0.000000000000000000, -1.000000000000000000 ) ) ;
#727 = LINE ( 'NONE', #718, #94 ) ;
#728 = CARTESIAN_POINT ( 'NONE',  ( 11.33092019431346742, 10.22494153104163139, 0.06250000000000005551 ) ) ;
#729 = EDGE_LOOP ( 'NONE', ( #387, #1249, #723, #1734 ) ) ;
#730 =( BOUNDED_CURVE ( )  B_SPLINE_CURVE ( 3, ( #267, #1188, #1379, #1922 ),
 .UNSPECIFIED., .F., .F. ) 
 B_SPLINE_CURVE_WITH_KNOTS ( ( 4, 4 ),
 ( 0.000000000000000000, 1.570796326794896558 ),
 .UNSPECIFIED. ) 
 CURVE ( )  GEOMETRIC_REPRESENTATION_ITEM ( )  RATIONAL_B_SPLINE_CURVE ( ( 1.000000000000000000, 0.8047378541243649375, 0.8047378541243649375, 1.000000000000000000 ) ) 
 REPRESENTATION_ITEM ( '' )  );
#731 = ORIENTED_EDGE ( 'NONE', *, *, #1395, .F. ) ;
#732 = EDGE_CURVE ( 'NONE', #2049, #1805, #1585, .T. ) ;
#733 = VECTOR ( 'NONE', #1689, 100.0000000000000000 ) ;
#734 = FACE_OUTER_BOUND ( 'NONE', #7, .T. ) ;
#735 = EDGE_CURVE ( 'NONE', #1962, #2196, #2124, .T. ) ;
#736 = ORIENTED_EDGE ( 'NONE', *, *, #1310, .T. ) ;
#737 = LINE ( 'NONE', #531, #1086 ) ;
#738 = CIRCLE ( 'NONE', #2354, 0.06250000000000005551 ) ;
#739 = CIRCLE ( 'NONE', #587, 0.06249999999999997224 ) ;
#740 = ORIENTED_EDGE ( 'NONE', *, *, #1324, .F. ) ;
#741 = DIRECTION ( 'NONE',  ( 0.000000000000000000, 1.000000000000000000, 0.000000000000000000 ) ) ;
#742 = VECTOR ( 'NONE', #106, 100.0000000000000000 ) ;
#743 = FACE_OUTER_BOUND ( 'NONE', #1957, .T. ) ;
#744 = CARTESIAN_POINT ( 'NONE',  ( 11.58092019431346742, 20.04851557279020113, 1.000000000000000000 ) ) ;
#745 = ORIENTED_EDGE ( 'NONE', *, *, #746, .T. ) ;
#746 = EDGE_CURVE ( 'NONE', #1587, #177, #557, .T. ) ;
#747 = DIRECTION ( 'NONE',  ( 1.000000000000000000, 0.000000000000000000, 0.000000000000000000 ) ) ;
#748 = CIRCLE ( 'NONE', #2094, 0.3799999999999997824 ) ;
#749 = VECTOR ( 'NONE', #1628, 100.0000000000000000 ) ;
#750 = EDGE_CURVE ( 'NONE', #1246, #502, #1609, .T. ) ;
#751 = AXIS2_PLACEMENT_3D ( 'NONE', #1746, #1602, #1372 ) ;
#752 = VERTEX_POINT ( 'NONE', #2334 ) ;
#753 = CARTESIAN_POINT ( 'NONE',  ( 9.560920194313467846, 10.22494153104163139, 1.000000000000000000 ) ) ;
#754 = EDGE_CURVE ( 'NONE', #2173, #285, #8, .T. ) ;
#755 = ORIENTED_EDGE ( 'NONE', *, *, #501, .F. ) ;
#756 = LINE ( 'NONE', #1647, #1813 ) ;
#757 = DIRECTION ( 'NONE',  ( 0.000000000000000000, 0.000000000000000000, 1.000000000000000000 ) ) ;
#758 = DIRECTION ( 'NONE',  ( -0.000000000000000000, 0.000000000000000000, 1.000000000000000000 ) ) ;
#759 = ORIENTED_EDGE ( 'NONE', *, *, #1766, .T. ) ;
#760 = APPLICATION_PROTOCOL_DEFINITION ( 'draft international standard', 'automotive_design', 1998, #2183 ) ;
#761 = ORIENTED_EDGE ( 'NONE', *, *, #270, .T. ) ;
#762 = FACE_BOUND ( 'NONE', #2228, .T. ) ;
#763 = ORIENTED_EDGE ( 'NONE', *, *, #1331, .F. ) ;
#764 = EDGE_CURVE ( 'NONE', #1799, #1592, #166, .T. ) ;
#765 = CARTESIAN_POINT ( 'NONE',  ( 9.704226020489308269, 12.69961603165962671, 0.9375000000000000000 ) ) ;
#766 = DIRECTION ( 'NONE',  ( -0.7071067811865475727, -0.7071067811865475727, 0.000000000000000000 ) ) ;
#767 = ORIENTED_EDGE ( 'NONE', *, *, #591, .F. ) ;
#768 = ADVANCED_FACE ( 'NONE', ( #1289 ), #1971, .T. ) ;
#769 = ORIENTED_EDGE ( 'NONE', *, *, #1176, .F. ) ;
#770 = CARTESIAN_POINT ( 'NONE',  ( 10.84093505051287210, 15.57920825898136208, 0.6875000000000000000 ) ) ;
#771 = EDGE_CURVE ( 'NONE', #616, #1799, #737, .T. ) ;
#772 = VERTEX_POINT ( 'NONE', #1991 ) ;
#773 = CARTESIAN_POINT ( 'NONE',  ( 10.42590533811406317, 15.57920825898136208, 0.2500000000000000000 ) ) ;
#774 = AXIS2_PLACEMENT_3D ( 'NONE', #1351, #460, #2079 ) ;
#775 = EDGE_LOOP ( 'NONE', ( #276, #345, #2304, #498 ) ) ;
#776 = FACE_OUTER_BOUND ( 'NONE', #970, .T. ) ;
#777 = CIRCLE ( 'NONE', #2162, 0.3174999999999997269 ) ;
#778 = CARTESIAN_POINT ( 'NONE',  ( 10.25342019431346685, 22.22494153104162962, 0.9375000000000000000 ) ) ;
#779 = ORIENTED_EDGE ( 'NONE', *, *, #2073, .F. ) ;
#780 = CARTESIAN_POINT ( 'NONE',  ( 10.63342019431346763, 10.22494153104163139, 1.000000000000000000 ) ) ;
#781 = AXIS2_PLACEMENT_3D ( 'NONE', #773, #2220, #2062 ) ;
#782 = DIRECTION ( 'NONE',  ( 1.000000000000000000, 0.000000000000000000, 0.000000000000000000 ) ) ;
#783 = AXIS2_PLACEMENT_3D ( 'NONE', #651, #474, #1200 ) ;
#784 = TOROIDAL_SURFACE ( 'NONE', #207, 0.5625000000000011102, 0.06250000000000000000 ) ;
#785 = AXIS2_PLACEMENT_3D ( 'NONE', #812, #939, #190 ) ;
#786 = ORIENTED_EDGE ( 'NONE', *, *, #1464, .F. ) ;
#787 = CARTESIAN_POINT ( 'NONE',  ( 9.498420194313467846, 0.000000000000000000, 0.06250000000000005551 ) ) ;
#788 = AXIS2_PLACEMENT_3D ( 'NONE', #1671, #73, #2253 ) ;
#789 = ORIENTED_EDGE ( 'NONE', *, *, #1254, .T. ) ;
#790 = DIRECTION ( 'NONE',  ( 1.906599351286662830E-16, -1.000000000000000000, 0.000000000000000000 ) ) ;
#791 = DIRECTION ( 'NONE',  ( 1.000000000000000000, 0.000000000000000000, 0.000000000000000000 ) ) ;
#792 = VERTEX_POINT ( 'NONE', #1659 ) ;
#793 = CARTESIAN_POINT ( 'NONE',  ( 11.01342019431346664, 22.22494153104162962, 1.000000000000000000 ) ) ;
#794 = ADVANCED_FACE ( 'NONE', ( #1455 ), #1855, .T. ) ;
#795 = DIRECTION ( 'NONE',  ( -0.000000000000000000, 0.000000000000000000, 1.000000000000000000 ) ) ;
#796 = ADVANCED_FACE ( 'NONE', ( #1107 ), #921, .T. ) ;
#797 =( BOUNDED_CURVE ( )  B_SPLINE_CURVE ( 3, ( #990, #445, #2259, #1492 ),
 .UNSPECIFIED., .F., .F. ) 
 B_SPLINE_CURVE_WITH_KNOTS ( ( 4, 4 ),
 ( 4.712388980384689674, 6.283185307179586232 ),
 .UNSPECIFIED. ) 
 CURVE ( )  GEOMETRIC_REPRESENTATION_ITEM ( )  RATIONAL_B_SPLINE_CURVE ( ( 1.000000000000000000, 0.8047378541243649375, 0.8047378541243649375, 1.000000000000000000 ) ) 
 REPRESENTATION_ITEM ( '' )  );
#798 = EDGE_LOOP ( 'NONE', ( #1088, #1152, #1070, #2317 ) ) ;
#799 = EDGE_CURVE ( 'NONE', #792, #1675, #1069, .T. ) ;
#800 = CARTESIAN_POINT ( 'NONE',  ( 9.748420194313467846, 12.74381020548378629, 0.7500000000000000000 ) ) ;
#801 = CARTESIAN_POINT ( 'NONE',  ( 11.51842019431346742, 12.74381020548378807, 0.7500000000000000000 ) ) ;
#802 = ORIENTED_EDGE ( 'NONE', *, *, #93, .T. ) ;
#803 = DIRECTION ( 'NONE',  ( -1.000000000000000000, 0.000000000000000000, 0.000000000000000000 ) ) ;
#804 = ADVANCED_FACE ( 'NONE', ( #346 ), #1078, .T. ) ;
#805 = FACE_OUTER_BOUND ( 'NONE', #1914, .T. ) ;
#806 = ORIENTED_EDGE ( 'NONE', *, *, #224, .F. ) ;
#807 = CARTESIAN_POINT ( 'NONE',  ( 10.84093505051287210, 15.57920825898136208, 0.2500000000000000000 ) ) ;
#808 = FACE_OUTER_BOUND ( 'NONE', #1209, .T. ) ;
#809 = EDGE_CURVE ( 'NONE', #1886, #950, #2208, .T. ) ;
#810 = VERTEX_POINT ( 'NONE', #1612 ) ;
#811 = DIRECTION ( 'NONE',  ( -0.000000000000000000, -0.000000000000000000, -1.000000000000000000 ) ) ;
#812 = CARTESIAN_POINT ( 'NONE',  ( 11.33092019431346742, 10.22494153104163139, 0.9375000000000000000 ) ) ;
#813 = ORIENTED_EDGE ( 'NONE', *, *, #428, .F. ) ;
#814 = CARTESIAN_POINT ( 'NONE',  ( 11.01842019431346387, 20.52262722514188908, 0.02588834764831845006 ) ) ;
#815 = DIRECTION ( 'NONE',  ( 0.000000000000000000, -1.000000000000000000, 0.000000000000000000 ) ) ;
#816 = AXIS2_PLACEMENT_3D ( 'NONE', #694, #1559, #1226 ) ;
#817 = ORIENTED_EDGE ( 'NONE', *, *, #1745, .T. ) ;
#818 = CARTESIAN_POINT ( 'NONE',  ( 11.40343505051287032, 14.34147831453243249, 0.6875000000000000000 ) ) ;
#819 = EDGE_CURVE ( 'NONE', #1155, #253, #2353, .T. ) ;
#820 = CARTESIAN_POINT ( 'NONE',  ( 11.51842019431346742, 20.02262722514188908, 0.2500000000000000000 ) ) ;
#821 = DIRECTION ( 'NONE',  ( 0.000000000000000000, -1.000000000000000000, 0.000000000000000000 ) ) ;
#822 = AXIS2_PLACEMENT_3D ( 'NONE', #613, #2050, #2241 ) ;
#823 = VECTOR ( 'NONE', #1560, 100.0000000000000000 ) ;
#824 = ORIENTED_EDGE ( 'NONE', *, *, #650, .T. ) ;
#825 = LINE ( 'NONE', #666, #899 ) ;
#826 = VECTOR ( 'NONE', #263, 100.0000000000000000 ) ;
#827 = CARTESIAN_POINT ( 'NONE',  ( 11.54430854196178657, 12.73308690078042638, 1.000000000000000000 ) ) ;
#828 = VERTEX_POINT ( 'NONE', #2370 ) ;
#829 = LINE ( 'NONE', #1196, #2126 ) ;
#830 = ADVANCED_FACE ( 'NONE', ( #159 ), #88, .T. ) ;
#831 = VECTOR ( 'NONE', #1076, 100.0000000000000000 ) ;
#832 = CYLINDRICAL_SURFACE ( 'NONE', #1206, 0.06249999999999997224 ) ;
#833 = EDGE_LOOP ( 'NONE', ( #2260, #1328, #917, #1133 ) ) ;
#834 = DIRECTION ( 'NONE',  ( 1.000000000000000000, 0.000000000000000000, 0.000000000000000000 ) ) ;
#835 = CARTESIAN_POINT ( 'NONE',  ( 9.748420194313467846, 20.02262722514188908, 0.2500000000000000000 ) ) ;
#836 = CYLINDRICAL_SURFACE ( 'NONE', #250, 0.06250000000000001388 ) ;
#837 = DIRECTION ( 'NONE',  ( -0.000000000000000000, -0.000000000000000000, 1.000000000000000000 ) ) ;
#838 = FACE_OUTER_BOUND ( 'NONE', #1722, .T. ) ;
#839 = ORIENTED_EDGE ( 'NONE', *, *, #1411, .F. ) ;
#840 = CARTESIAN_POINT ( 'NONE',  ( 11.51842019431346742, 12.74381020548378807, 0.06250000000000001388 ) ) ;
#841 = EDGE_CURVE ( 'NONE', #616, #185, #2000, .T. ) ;
#842 = DIRECTION ( 'NONE',  ( -0.000000000000000000, -0.000000000000000000, -1.000000000000000000 ) ) ;
#843 = ORIENTED_EDGE ( 'NONE', *, *, #754, .F. ) ;
#844 = DIRECTION ( 'NONE',  ( 0.000000000000000000, 0.000000000000000000, 1.000000000000000000 ) ) ;
#845 = LINE ( 'NONE', #662, #2324 ) ;
#846 = CARTESIAN_POINT ( 'NONE',  ( 10.63342019431346763, 10.22494153104163139, 1.000000000000000000 ) ) ;
#847 = ADVANCED_FACE ( 'NONE', ( #356 ), #2279, .T. ) ;
#848 = ADVANCED_FACE ( 'NONE', ( #2195 ), #1823, .T. ) ;
#849 = VERTEX_POINT ( 'NONE', #2012 ) ;
#850 = DIRECTION ( 'NONE',  ( 1.000000000000000000, -0.000000000000000000, 0.000000000000000000 ) ) ;
#851 = EDGE_LOOP ( 'NONE', ( #2343, #2120, #1233, #1038 ) ) ;
#852 = CARTESIAN_POINT ( 'NONE',  ( 10.63342019431346763, 22.22494153104162962, 0.06250000000000005551 ) ) ;
#853 = CARTESIAN_POINT ( 'NONE',  ( 9.560920194313467846, 10.22494153104163139, 0.9375000000000000000 ) ) ;
#854 = VERTEX_POINT ( 'NONE', #369 ) ;
#855 = DIRECTION ( 'NONE',  ( 0.000000000000000000, 0.000000000000000000, -1.000000000000000000 ) ) ;
#856 = AXIS2_PLACEMENT_3D ( 'NONE', #609, #637, #1699 ) ;
#857 = CARTESIAN_POINT ( 'NONE',  ( 9.748420194313467846, 12.74381020548378629, 0.7500000000000000000 ) ) ;
#858 = AXIS2_PLACEMENT_3D ( 'NONE', #1199, #1048, #844 ) ;
#859 = EDGE_CURVE ( 'NONE', #1304, #1231, #1241, .T. ) ;
#860 = AXIS2_PLACEMENT_3D ( 'NONE', #1491, #2054, #30 ) ;
#861 = ORIENTED_EDGE ( 'NONE', *, *, #1411, .T. ) ;
#862 = DIRECTION ( 'NONE',  ( 0.000000000000000000, -1.000000000000000000, 0.000000000000000000 ) ) ;
#863 = AXIS2_PLACEMENT_3D ( 'NONE', #2381, #551, #1275 ) ;
#864 = DIRECTION ( 'NONE',  ( 0.000000000000000000, 0.000000000000000000, -1.000000000000000000 ) ) ;
#865 = VECTOR ( 'NONE', #423, 100.0000000000000000 ) ;
#866 = EDGE_LOOP ( 'NONE', ( #2020, #108, #888, #323 ) ) ;
#867 = CARTESIAN_POINT ( 'NONE',  ( 9.925905338114059617, 14.34147831453243249, 0.3125000000000000000 ) ) ;
#868 = AXIS2_PLACEMENT_3D ( 'NONE', #154, #2348, #2374 ) ;
#869 = CARTESIAN_POINT ( 'NONE',  ( 11.33092019431346742, 10.22494153104163139, 1.000000000000000000 ) ) ;
#870 = ORIENTED_EDGE ( 'NONE', *, *, #61, .F. ) ;
#871 = CARTESIAN_POINT ( 'NONE',  ( 11.51842019431346742, 20.02262722514188908, 0.7500000000000000000 ) ) ;
#872 = AXIS2_PLACEMENT_3D ( 'NONE', #905, #2340, #2375 ) ;
#873 = AXIS2_PLACEMENT_3D ( 'NONE', #1564, #1056, #1219 ) ;
#874 = CARTESIAN_POINT ( 'NONE',  ( 9.560920194313467846, 0.000000000000000000, 0.000000000000000000 ) ) ;
#875 = FACE_OUTER_BOUND ( 'NONE', #581, .T. ) ;
#876 = CARTESIAN_POINT ( 'NONE',  ( 11.34093505051287032, 14.34147831453243249, 0.000000000000000000 ) ) ;
#877 = DIRECTION ( 'NONE',  ( 0.000000000000000000, 0.000000000000000000, -1.000000000000000000 ) ) ;
#878 = EDGE_CURVE ( 'NONE', #1927, #2087, #76, .T. ) ;
#879 = VERTEX_POINT ( 'NONE', #212 ) ;
#880 = DIRECTION ( 'NONE',  ( 0.7071067811865475727, 0.7071067811865475727, 0.000000000000000000 ) ) ;
#881 = ORIENTED_EDGE ( 'NONE', *, *, #1976, .F. ) ;
#882 = FACE_OUTER_BOUND ( 'NONE', #729, .T. ) ;
#883 = CARTESIAN_POINT ( 'NONE',  ( 10.84093505051287210, 13.77897831453243427, 0.2500000000000000000 ) ) ;
#884 = DIRECTION ( 'NONE',  ( -1.802310104910969035E-15, 1.000000000000000000, 0.000000000000000000 ) ) ;
#885 = DIRECTION ( 'NONE',  ( 1.000000000000000000, 0.000000000000000000, 0.000000000000000000 ) ) ;
#886 = ORIENTED_EDGE ( 'NONE', *, *, #1710, .T. ) ;
#887 = DIRECTION ( 'NONE',  ( 1.906599351286662830E-16, -1.000000000000000000, 0.000000000000000000 ) ) ;
#888 = ORIENTED_EDGE ( 'NONE', *, *, #2149, .T. ) ;
#889 = CARTESIAN_POINT ( 'NONE',  ( 10.63342019431346763, 10.22494153104163139, 0.06250000000000005551 ) ) ;
#890 = CARTESIAN_POINT ( 'NONE',  ( 11.70592019431346742, 22.22494153104162962, 1.000000000000000000 ) ) ;
#891 = CARTESIAN_POINT ( 'NONE',  ( 10.63342019431346763, 10.22494153104163139, 0.000000000000000000 ) ) ;
#892 = ORIENTED_EDGE ( 'NONE', *, *, #2297, .T. ) ;
#893 = AXIS2_PLACEMENT_3D ( 'NONE', #1597, #328, #499 ) ;
#894 = DIRECTION ( 'NONE',  ( -0.000000000000000000, -1.000000000000000000, -0.000000000000000000 ) ) ;
#895 = ORIENTED_EDGE ( 'NONE', *, *, #1997, .T. ) ;
#896 = EDGE_CURVE ( 'NONE', #1979, #370, #2229, .T. ) ;
#897 = CARTESIAN_POINT ( 'NONE',  ( 10.63342019431346763, 10.22494153104163139, 0.06250000000000005551 ) ) ;
#898 = VECTOR ( 'NONE', #312, 100.0000000000000000 ) ;
#899 = VECTOR ( 'NONE', #1588, 100.0000000000000000 ) ;
#900 = ORIENTED_EDGE ( 'NONE', *, *, #636, .F. ) ;
#901 = ADVANCED_FACE ( 'NONE', ( #958 ), #520, .T. ) ;
#902 = DIRECTION ( 'NONE',  ( 1.000000000000000000, 0.000000000000000000, 0.000000000000000000 ) ) ;
#903 = AXIS2_PLACEMENT_3D ( 'NONE', #2309, #131, #815 ) ;
#904 = CARTESIAN_POINT ( 'NONE',  ( 9.925905338114059617, 15.57920825898136208, 0.3125000000000000000 ) ) ;
#905 = CARTESIAN_POINT ( 'NONE',  ( 9.560920194313467846, 0.000000000000000000, 0.9375000000000000000 ) ) ;
#906 = AXIS2_PLACEMENT_3D ( 'NONE', #689, #1194, #864 ) ;
#907 = ADVANCED_FACE ( 'NONE', ( #597 ), #1500, .F. ) ;
#908 = PRODUCT_DEFINITION_FORMATION_WITH_SPECIFIED_SOURCE ( 'Symmetric', '', #1131, .NOT_KNOWN. ) ;
#909 = CYLINDRICAL_SURFACE ( 'NONE', #446, 0.5000000000000017764 ) ;
#910 = EDGE_LOOP ( 'NONE', ( #261, #674, #1513, #368 ) ) ;
#911 = DIRECTION ( 'NONE',  ( 0.7071067811865475727, 0.7071067811865475727, 0.000000000000000000 ) ) ;
#912 = VERTEX_POINT ( 'NONE', #1692 ) ;
#913 = DIRECTION ( 'NONE',  ( 0.000000000000000000, -0.000000000000000000, -1.000000000000000000 ) ) ;
#914 = ADVANCED_FACE ( 'NONE', ( #1333 ), #1055, .T. ) ;
#915 = CARTESIAN_POINT ( 'NONE',  ( 11.70592019431346742, 10.22494153104163139, 0.000000000000000000 ) ) ;
#916 = CARTESIAN_POINT ( 'NONE',  ( 10.24842019431346785, 20.52262722514188908, 0.7500000000000000000 ) ) ;
#917 = ORIENTED_EDGE ( 'NONE', *, *, #1318, .T. ) ;
#918 = EDGE_LOOP ( 'NONE', ( #1373, #1698, #2035, #396 ) ) ;
#919 = CARTESIAN_POINT ( 'NONE',  ( 10.24842019431346785, 12.24381020548378629, 0.06250000000000001388 ) ) ;
#920 = ORIENTED_EDGE ( 'NONE', *, *, #663, .T. ) ;
#921 = CYLINDRICAL_SURFACE ( 'NONE', #2086, 0.06250000000000026368 ) ;
#922 = EDGE_CURVE ( 'NONE', #2071, #2207, #388, .T. ) ;
#923 = ORIENTED_EDGE ( 'NONE', *, *, #732, .T. ) ;
#924 = DIRECTION ( 'NONE',  ( -0.7071067811865475727, 0.7071067811865475727, 0.000000000000000000 ) ) ;
#925 = DIRECTION ( 'NONE',  ( -0.7071067811865475727, 0.7071067811865475727, -0.000000000000000000 ) ) ;
#926 = FACE_OUTER_BOUND ( 'NONE', #798, .T. ) ;
#927 = EDGE_LOOP ( 'NONE', ( #763, #479, #767, #881 ) ) ;
#928 = CYLINDRICAL_SURFACE ( 'NONE', #1726, 0.4999999999999990563 ) ;
#929 = EDGE_CURVE ( 'NONE', #1155, #2230, #1153, .T. ) ;
#930 = CIRCLE ( 'NONE', #1653, 0.06250000000000001388 ) ;
#931 = LINE ( 'NONE', #2023, #1512 ) ;
#932 = ORIENTED_EDGE ( 'NONE', *, *, #859, .F. ) ;
#933 = DIRECTION ( 'NONE',  ( 1.000000000000000000, 0.000000000000000000, 0.000000000000000000 ) ) ;
#934 = VECTOR ( 'NONE', #1800, 100.0000000000000000 ) ;
#935 = ORIENTED_EDGE ( 'NONE', *, *, #1245, .T. ) ;
#936 = CARTESIAN_POINT ( 'NONE',  ( 11.58092019431346742, 12.71792185783546714, 0.000000000000000000 ) ) ;
#937 = VECTOR ( 'NONE', #837, 100.0000000000000000 ) ;
#938 = CARTESIAN_POINT ( 'NONE',  ( 10.24842019431346785, 12.24381020548378629, 0.9375000000000000000 ) ) ;
#939 = DIRECTION ( 'NONE',  ( 0.000000000000000000, -1.000000000000000000, 0.000000000000000000 ) ) ;
#940 = VERTEX_POINT ( 'NONE', #1300 ) ;
#941 = CARTESIAN_POINT ( 'NONE',  ( 11.01842019431345854, 20.52262722514188908, 0.9741116523516816228 ) ) ;
#942 = VECTOR ( 'NONE', #237, 100.0000000000000000 ) ;
#943 = CIRCLE ( 'NONE', #1664, 0.4999999999999990563 ) ;
#944 = AXIS2_PLACEMENT_3D ( 'NONE', #2275, #1573, #101 ) ;
#945 = EDGE_CURVE ( 'NONE', #1951, #1886, #1540, .T. ) ;
#946 = CARTESIAN_POINT ( 'NONE',  ( 11.01842019431346742, 12.18131020548378807, 0.000000000000000000 ) ) ;
#947 = ORIENTED_EDGE ( 'NONE', *, *, #1395, .T. ) ;
#948 = CARTESIAN_POINT ( 'NONE',  ( 11.01842019431346564, 20.52262722514188908, 0.7500000000000000000 ) ) ;
#949 = EDGE_CURVE ( 'NONE', #1467, #2147, #1142, .T. ) ;
#950 = VERTEX_POINT ( 'NONE', #967 ) ;
#951 = CARTESIAN_POINT ( 'NONE',  ( 10.84093505051287210, 14.34147831453243249, 0.6875000000000000000 ) ) ;
#952 = LINE ( 'NONE', #801, #1981 ) ;
#953 = ORIENTED_EDGE ( 'NONE', *, *, #1137, .F. ) ;
#954 = FACE_OUTER_BOUND ( 'NONE', #3, .T. ) ;
#955 =( BOUNDED_CURVE ( )  B_SPLINE_CURVE ( 3, ( #619, #22, #1314, #1686 ),
 .UNSPECIFIED., .F., .T. ) 
 B_SPLINE_CURVE_WITH_KNOTS ( ( 4, 4 ),
 ( 1.570796326794896558, 3.141592653589793116 ),
 .UNSPECIFIED. ) 
 CURVE ( )  GEOMETRIC_REPRESENTATION_ITEM ( )  RATIONAL_B_SPLINE_CURVE ( ( 1.000000000000000000, 0.8047378541243649375, 0.8047378541243649375, 1.000000000000000000 ) ) 
 REPRESENTATION_ITEM ( '' )  );
#956 = LINE ( 'NONE', #231, #703 ) ;
#957 = ORIENTED_EDGE ( 'NONE', *, *, #1873, .F. ) ;
#958 = FACE_OUTER_BOUND ( 'NONE', #1182, .T. ) ;
#959 = EDGE_LOOP ( 'NONE', ( #111, #720, #991, #585 ) ) ;
#960 = DIRECTION ( 'NONE',  ( -0.7071067811865485719, 0.7071067811865465735, 0.000000000000000000 ) ) ;
#961 = ORIENTED_EDGE ( 'NONE', *, *, #2153, .T. ) ;
#962 = DIRECTION ( 'NONE',  ( 0.000000000000000000, 0.000000000000000000, 1.000000000000000000 ) ) ;
#963 = LINE ( 'NONE', #266, #1977 ) ;
#964 = EDGE_CURVE ( 'NONE', #1225, #912, #1119, .T. ) ;
#965 =( BOUNDED_CURVE ( )  B_SPLINE_CURVE ( 3, ( #1445, #1643, #1453, #712 ),
 .UNSPECIFIED., .F., .F. ) 
 B_SPLINE_CURVE_WITH_KNOTS ( ( 4, 4 ),
 ( 4.712388980384697668, 6.283185307179586232 ),
 .UNSPECIFIED. ) 
 CURVE ( )  GEOMETRIC_REPRESENTATION_ITEM ( )  RATIONAL_B_SPLINE_CURVE ( ( 1.000000000000000000, 0.8047378541243668248, 0.8047378541243668248, 1.000000000000000000 ) ) 
 REPRESENTATION_ITEM ( '' )  );
#966 = ORIENTED_EDGE ( 'NONE', *, *, #1690, .T. ) ;
#967 = CARTESIAN_POINT ( 'NONE',  ( 9.685920194313467846, 20.04851557279020824, 1.000000000000000000 ) ) ;
#968 = VECTOR ( 'NONE', #141, 100.0000000000000000 ) ;
#969 = EDGE_CURVE ( 'NONE', #1592, #574, #1132, .T. ) ;
#970 = EDGE_LOOP ( 'NONE', ( #492, #1897, #755, #541 ) ) ;
#971 = LINE ( 'NONE', #54, #667 ) ;
#972 = AXIS2_PLACEMENT_3D ( 'NONE', #1970, #1071, #855 ) ;
#973 = ADVANCED_FACE ( 'NONE', ( #259 ), #995, .T. ) ;
#974 = DIRECTION ( 'NONE',  ( -1.000000000000000000, 0.000000000000000000, 0.000000000000000000 ) ) ;
#975 = ADVANCED_FACE ( 'NONE', ( #762, #1673 ), #584, .F. ) ;
#976 = ORIENTED_EDGE ( 'NONE', *, *, #1189, .T. ) ;
#977 = DIRECTION ( 'NONE',  ( -0.000000000000000000, -0.000000000000000000, 1.000000000000000000 ) ) ;
#978 = AXIS2_PLACEMENT_3D ( 'NONE', #519, #1267, #379 ) ;
#979 = FACE_BOUND ( 'NONE', #1323, .T. ) ;
#980 = EDGE_CURVE ( 'NONE', #950, #2071, #223, .T. ) ;
#981 = AXIS2_PLACEMENT_3D ( 'NONE', #1987, #1081, #1848 ) ;
#982 = VECTOR ( 'NONE', #842, 100.0000000000000000 ) ;
#983 = VECTOR ( 'NONE', #1610, 100.0000000000000000 ) ;
#984 = ORIENTED_EDGE ( 'NONE', *, *, #2357, .T. ) ;
#985 =( BOUNDED_CURVE ( )  B_SPLINE_CURVE ( 3, ( #744, #2040, #395, #455 ),
 .UNSPECIFIED., .F., .T. ) 
 B_SPLINE_CURVE_WITH_KNOTS ( ( 4, 4 ),
 ( 4.712388980384705661, 6.283185307179586232 ),
 .UNSPECIFIED. ) 
 CURVE ( )  GEOMETRIC_REPRESENTATION_ITEM ( )  RATIONAL_B_SPLINE_CURVE ( ( 1.000000000000000000, 0.8047378541243688232, 0.8047378541243688232, 1.000000000000000000 ) ) 
 REPRESENTATION_ITEM ( '' )  );
#986 = CARTESIAN_POINT ( 'NONE',  ( 10.63342019431346763, 22.22494153104162962, 0.06250000000000005551 ) ) ;
#987 = AXIS2_PLACEMENT_3D ( 'NONE', #1942, #1412, #877 ) ;
#988 = ORIENTED_EDGE ( 'NONE', *, *, #1539, .F. ) ;
#989 = LINE ( 'NONE', #1326, #14 ) ;
#990 = CARTESIAN_POINT ( 'NONE',  ( 11.04430854196178657, 12.18131020548378807, 1.000000000000000000 ) ) ;
#991 = ORIENTED_EDGE ( 'NONE', *, *, #1115, .F. ) ;
#992 = CARTESIAN_POINT ( 'NONE',  ( 10.31592019431346685, 22.22494153104162962, 0.06250000000000005551 ) ) ;
#993 = EDGE_CURVE ( 'NONE', #710, #1446, #38, .T. ) ;
#994 = ORIENTED_EDGE ( 'NONE', *, *, #1558, .T. ) ;
#995 = PLANE ( 'NONE',  #2048 ) ;
#996 = CARTESIAN_POINT ( 'NONE',  ( 10.22253184666514692, 20.58512722514188908, 1.000000000000000000 ) ) ;
#997 = ORIENTED_EDGE ( 'NONE', *, *, #993, .T. ) ;
#998 = LINE ( 'NONE', #1504, #1818 ) ;
#999 = DIRECTION ( 'NONE',  ( 0.7071067811865475727, -0.7071067811865475727, 0.000000000000000000 ) ) ;
#1000 = ORIENTED_EDGE ( 'NONE', *, *, #59, .T. ) ;
#1001 = CARTESIAN_POINT ( 'NONE',  ( 10.42590533811406139, 16.14170825898136030, 0.3125000000000000000 ) ) ;
#1002 = DIRECTION ( 'NONE',  ( 1.000000000000000000, 0.000000000000000000, 0.000000000000000000 ) ) ;
#1003 = LINE ( 'NONE', #1912, #1589 ) ;
#1004 = EDGE_CURVE ( 'NONE', #772, #177, #825, .T. ) ;
#1005 = EDGE_LOOP ( 'NONE', ( #447, #1315, #1751, #1274 ) ) ;
#1006 = DIRECTION ( 'NONE',  ( 0.7071067811865465735, 0.7071067811865485719, -0.000000000000000000 ) ) ;
#1007 = DIRECTION ( 'NONE',  ( 0.000000000000000000, 0.000000000000000000, 1.000000000000000000 ) ) ;
#1008 = ORIENTED_EDGE ( 'NONE', *, *, #1426, .F. ) ;
#1009 = DIRECTION ( 'NONE',  ( 1.000000000000000000, 1.802310104910969035E-15, -0.000000000000000000 ) ) ;
#1010 = DIRECTION ( 'NONE',  ( 1.000000000000000000, 0.000000000000000000, 0.000000000000000000 ) ) ;
#1011 = CIRCLE ( 'NONE', #433, 1.134999999999999787 ) ;
#1012 = ORIENTED_EDGE ( 'NONE', *, *, #209, .F. ) ;
#1013 = DIRECTION ( 'NONE',  ( -0.000000000000000000, -1.000000000000000000, 0.000000000000000000 ) ) ;
#1014 = AXIS2_PLACEMENT_3D ( 'NONE', #1484, #2176, #1089 ) ;
#1015 = CARTESIAN_POINT ( 'NONE',  ( 11.26842019431346742, 10.22494153104163139, 0.9375000000000000000 ) ) ;
#1016 = CYLINDRICAL_SURFACE ( 'NONE', #1741, 0.06250000000000000000 ) ;
#1017 = AXIS2_PLACEMENT_3D ( 'NONE', #1308, #405, #1872 ) ;
#1018 = ORIENTED_EDGE ( 'NONE', *, *, #2332, .T. ) ;
#1019 = CARTESIAN_POINT ( 'NONE',  ( 10.63342019431346763, 10.22494153104163139, 0.9375000000000000000 ) ) ;
#1020 = VECTOR ( 'NONE', #1450, 100.0000000000000000 ) ;
#1021 = ADVANCED_FACE ( 'NONE', ( #2110 ), #493, .T. ) ;
#1022 = AXIS2_PLACEMENT_3D ( 'NONE', #1451, #1804, #1065 ) ;
#1023 = DIRECTION ( 'NONE',  ( 0.000000000000000000, 0.000000000000000000, -1.000000000000000000 ) ) ;
#1024 = ORIENTED_EDGE ( 'NONE', *, *, #1945, .F. ) ;
#1025 = CARTESIAN_POINT ( 'NONE',  ( 11.01842019431346564, 20.52262722514188908, 0.2500000000000000000 ) ) ;
#1026 = EDGE_CURVE ( 'NONE', #185, #374, #1243, .T. ) ;
#1027 = CARTESIAN_POINT ( 'NONE',  ( 9.560920194313467846, 10.22494153104163139, 1.000000000000000000 ) ) ;
#1028 = EDGE_LOOP ( 'NONE', ( #604, #1788, #1388, #2341, #314, #1332, #198, #416 ) ) ;
#1029 = DIRECTION ( 'NONE',  ( 0.000000000000000000, 0.000000000000000000, -1.000000000000000000 ) ) ;
#1030 = DIRECTION ( 'NONE',  ( -0.7071067811865475727, 0.7071067811865475727, 0.000000000000000000 ) ) ;
#1031 = CARTESIAN_POINT ( 'NONE',  ( 11.51842019431346742, 12.74381020548378807, 0.9375000000000000000 ) ) ;
#1032 = ORIENTED_EDGE ( 'NONE', *, *, #418, .F. ) ;
#1033 = CARTESIAN_POINT ( 'NONE',  ( 9.685920194313467846, 20.04851557279020824, 0.000000000000000000 ) ) ;
#1034 = CARTESIAN_POINT ( 'NONE',  ( 10.24842019431346785, 20.58512722514188908, 0.06250000000000001388 ) ) ;
#1035 = ORIENTED_EDGE ( 'NONE', *, *, #622, .F. ) ;
#1036 = LINE ( 'NONE', #658, #1693 ) ;
#1037 = DIRECTION ( 'NONE',  ( 1.906599351286662830E-16, -1.000000000000000000, 0.000000000000000000 ) ) ;
#1038 = ORIENTED_EDGE ( 'NONE', *, *, #878, .F. ) ;
#1039 = CARTESIAN_POINT ( 'NONE',  ( 11.01842019431346564, 20.52262722514188908, 0.2500000000000000000 ) ) ;
#1040 = DIRECTION ( 'NONE',  ( -0.000000000000000000, -0.000000000000000000, 1.000000000000000000 ) ) ;
#1041 = DIRECTION ( 'NONE',  ( 0.000000000000000000, -0.000000000000000000, -1.000000000000000000 ) ) ;
#1042 = CYLINDRICAL_SURFACE ( 'NONE', #1866, 0.06249999999999928529 ) ;
#1043 = ORIENTED_EDGE ( 'NONE', *, *, #735, .F. ) ;
#1044 = CARTESIAN_POINT ( 'NONE',  ( 10.24842019431346785, 20.52262722514188908, 0.06250000000000001388 ) ) ;
#1045 = ADVANCED_FACE ( 'NONE', ( #2330, #103, #1533, #2278 ), #1398, .F. ) ;
#1046 = CARTESIAN_POINT ( 'NONE',  ( 9.998420194313467846, 10.22494153104163139, 1.000000000000000000 ) ) ;
#1047 = ORIENTED_EDGE ( 'NONE', *, *, #2250, .T. ) ;
#1048 = DIRECTION ( 'NONE',  ( -0.000000000000000000, 1.000000000000000000, 0.000000000000000000 ) ) ;
#1049 = EDGE_CURVE ( 'NONE', #1718, #1481, #2009, .T. ) ;
#1050 = DIRECTION ( 'NONE',  ( 0.7071067811865475727, 0.7071067811865475727, 0.000000000000000000 ) ) ;
#1051 = CARTESIAN_POINT ( 'NONE',  ( 10.24842019431346785, 20.52262722514188908, 0.9375000000000000000 ) ) ;
#1052 = EDGE_CURVE ( 'NONE', #1543, #1174, #627, .T. ) ;
#1053 = CIRCLE ( 'NONE', #1118, 1.072499999999999787 ) ;
#1054 = LINE ( 'NONE', #1784, #968 ) ;
#1055 = TOROIDAL_SURFACE ( 'NONE', #48, 0.3799999999999997269, 0.06250000000000000000 ) ;
#1056 = DIRECTION ( 'NONE',  ( 0.000000000000000000, 0.000000000000000000, -1.000000000000000000 ) ) ;
#1057 = AXIS2_PLACEMENT_3D ( 'NONE', #60, #795, #1002 ) ;
#1058 = ORIENTED_EDGE ( 'NONE', *, *, #2177, .T. ) ;
#1059 = CARTESIAN_POINT ( 'NONE',  ( 11.04430854196178480, 20.58512722514188908, 0.000000000000000000 ) ) ;
#1060 = AXIS2_PLACEMENT_3D ( 'NONE', #1864, #1337, #757 ) ;
#1061 = ORIENTED_EDGE ( 'NONE', *, *, #2226, .F. ) ;
#1062 = DIRECTION ( 'NONE',  ( 0.000000000000000000, 0.000000000000000000, -1.000000000000000000 ) ) ;
#1063 = AXIS2_PLACEMENT_3D ( 'NONE', #1476, #1282, #579 ) ;
#1064 = CARTESIAN_POINT ( 'NONE',  ( 9.925905338114059617, 14.34147831453243249, 0.000000000000000000 ) ) ;
#1065 = DIRECTION ( 'NONE',  ( 0.7071067811865475727, 0.7071067811865475727, 0.000000000000000000 ) ) ;
#1066 = DIRECTION ( 'NONE',  ( -0.000000000000000000, -0.000000000000000000, 1.000000000000000000 ) ) ;
#1067 = CARTESIAN_POINT ( 'NONE',  ( 10.24842019431346785, 12.24381020548378629, 0.7500000000000000000 ) ) ;
#1068 = ORIENTED_EDGE ( 'NONE', *, *, #771, .T. ) ;
#1069 = LINE ( 'NONE', #753, #2165 ) ;
#1070 = ORIENTED_EDGE ( 'NONE', *, *, #896, .F. ) ;
#1071 = DIRECTION ( 'NONE',  ( 0.000000000000000000, -1.000000000000000000, 0.000000000000000000 ) ) ;
#1072 = DIRECTION ( 'NONE',  ( 0.000000000000000000, 0.000000000000000000, -1.000000000000000000 ) ) ;
#1073 = FACE_OUTER_BOUND ( 'NONE', #132, .T. ) ;
#1074 = ADVANCED_FACE ( 'NONE', ( #480 ), #1925, .T. ) ;
#1075 = EDGE_CURVE ( 'NONE', #2007, #2147, #281, .T. ) ;
#1076 = DIRECTION ( 'NONE',  ( -0.000000000000000000, -0.000000000000000000, -1.000000000000000000 ) ) ;
#1077 = ORIENTED_EDGE ( 'NONE', *, *, #1892, .F. ) ;
#1078 = CYLINDRICAL_SURFACE ( 'NONE', #1502, 0.06250000000000005551 ) ;
#1079 = ORIENTED_EDGE ( 'NONE', *, *, #1510, .T. ) ;
#1080 = LINE ( 'NONE', #1663, #85 ) ;
#1081 = DIRECTION ( 'NONE',  ( 0.000000000000000000, 0.000000000000000000, -1.000000000000000000 ) ) ;
#1082 = CARTESIAN_POINT ( 'NONE',  ( 11.04430854196178835, 12.18131020548378807, 0.000000000000000000 ) ) ;
#1083 = ORIENTED_EDGE ( 'NONE', *, *, #505, .T. ) ;
#1084 =( LENGTH_UNIT ( ) NAMED_UNIT ( * ) SI_UNIT ( .CENTI., .METRE. ) );
#1085 = EDGE_LOOP ( 'NONE', ( #1425, #1669, #2123, #1443, #994, #2346, #515, #25 ) ) ;
#1086 = VECTOR ( 'NONE', #933, 100.0000000000000000 ) ;
#1087 = AXIS2_PLACEMENT_3D ( 'NONE', #110, #1418, #278 ) ;
#1088 = ORIENTED_EDGE ( 'NONE', *, *, #61, .T. ) ;
#1089 = DIRECTION ( 'NONE',  ( 0.000000000000000000, -0.000000000000000000, 1.000000000000000000 ) ) ;
#1090 = EDGE_CURVE ( 'NONE', #1962, #2071, #2118, .T. ) ;
#1091 = CARTESIAN_POINT ( 'NONE',  ( 10.63342019431346763, 10.22494153104163139, 1.000000000000000000 ) ) ;
#1092 = DIRECTION ( 'NONE',  ( -1.000000000000000000, 0.000000000000000000, 0.000000000000000000 ) ) ;
#1093 = AXIS2_PLACEMENT_3D ( 'NONE', #1294, #89, #1112 ) ;
#1094 = ORIENTED_EDGE ( 'NONE', *, *, #1369, .F. ) ;
#1095 = TOROIDAL_SURFACE ( 'NONE', #1129, 1.072499999999999787, 0.06250000000000000000 ) ;
#1096 = ORIENTED_EDGE ( 'NONE', *, *, #646, .F. ) ;
#1097 = CARTESIAN_POINT ( 'NONE',  ( 10.42590533811406139, 16.07920825898136030, 0.000000000000000000 ) ) ;
#1098 = ORIENTED_EDGE ( 'NONE', *, *, #1396, .F. ) ;
#1099 = DIRECTION ( 'NONE',  ( 0.000000000000000000, 0.000000000000000000, 1.000000000000000000 ) ) ;
#1100 = CARTESIAN_POINT ( 'NONE',  ( 9.863405338114059617, 0.000000000000000000, 0.6875000000000000000 ) ) ;
#1101 = LINE ( 'NONE', #440, #709 ) ;
#1102 = EDGE_CURVE ( 'NONE', #2207, #1836, #1552, .T. ) ;
#1103 = ORIENTED_EDGE ( 'NONE', *, *, #653, .F. ) ;
#1104 = ORIENTED_EDGE ( 'NONE', *, *, #1254, .F. ) ;
#1105 = LINE ( 'NONE', #2172, #1828 ) ;
#1106 = ORIENTED_EDGE ( 'NONE', *, *, #1636, .F. ) ;
#1107 = FACE_OUTER_BOUND ( 'NONE', #1403, .T. ) ;
#1108 = EDGE_LOOP ( 'NONE', ( #1990, #576, #456, #715 ) ) ;
#1109 = CARTESIAN_POINT ( 'NONE',  ( 10.63342019431346763, 10.22494153104163139, 0.06250000000000005551 ) ) ;
#1110 = EDGE_CURVE ( 'NONE', #2230, #204, #466, .T. ) ;
#1111 = LINE ( 'NONE', #2178, #1933 ) ;
#1112 = DIRECTION ( 'NONE',  ( 0.7071067811865485719, -0.7071067811865465735, 0.000000000000000000 ) ) ;
#1113 = LINE ( 'NONE', #1421, #1497 ) ;
#1114 = EDGE_CURVE ( 'NONE', #1266, #1578, #625, .T. ) ;
#1115 = EDGE_CURVE ( 'NONE', #258, #546, #2024, .T. ) ;
#1116 = ORIENTED_EDGE ( 'NONE', *, *, #149, .F. ) ;
#1117 = DIRECTION ( 'NONE',  ( -0.000000000000000000, -0.000000000000000000, 1.000000000000000000 ) ) ;
#1118 = AXIS2_PLACEMENT_3D ( 'NONE', #2028, #913, #902 ) ;
#1119 = CIRCLE ( 'NONE', #1732, 0.06250000000000005551 ) ;
#1120 = EDGE_LOOP ( 'NONE', ( #635, #163, #1077, #1565 ) ) ;
#1121 = DIRECTION ( 'NONE',  ( 1.000000000000000000, 0.000000000000000000, 0.000000000000000000 ) ) ;
#1122 = CIRCLE ( 'NONE', #783, 0.6349999999999994538 ) ;
#1123 = CARTESIAN_POINT ( 'NONE',  ( 11.01842019431346564, 20.52262722514188908, 0.2500000000000000000 ) ) ;
#1124 = DIRECTION ( 'NONE',  ( 1.000000000000000000, 0.000000000000000000, -0.000000000000000000 ) ) ;
#1125 = ORIENTED_EDGE ( 'NONE', *, *, #2378, .F. ) ;
#1126 = CIRCLE ( 'NONE', #2364, 0.06250000000000001388 ) ;
#1127 = VECTOR ( 'NONE', #2214, 100.0000000000000000 ) ;
#1128 = FACE_OUTER_BOUND ( 'NONE', #2014, .T. ) ;
#1129 = AXIS2_PLACEMENT_3D ( 'NONE', #2217, #1286, #1630 ) ;
#1130 = ORIENTED_EDGE ( 'NONE', *, *, #138, .F. ) ;
#1131 = PRODUCT ( 'straight down pull bar linkage', 'straight down pull bar linkage', '', ( #2097 ) ) ;
#1132 = LINE ( 'NONE', #1904, #702 ) ;
#1133 = ORIENTED_EDGE ( 'NONE', *, *, #771, .F. ) ;
#1134 = CYLINDRICAL_SURFACE ( 'NONE', #698, 0.06249999999999928529 ) ;
#1135 = CYLINDRICAL_SURFACE ( 'NONE', #1317, 0.06249999999999928529 ) ;
#1136 = VERTEX_POINT ( 'NONE', #1382 ) ;
#1137 = EDGE_CURVE ( 'NONE', #1174, #2286, #963, .T. ) ;
#1138 = DIRECTION ( 'NONE',  ( -1.000000000000000000, 0.000000000000000000, 0.000000000000000000 ) ) ;
#1139 = DIRECTION ( 'NONE',  ( -1.000000000000000000, 0.000000000000000000, 0.000000000000000000 ) ) ;
#1140 = EDGE_CURVE ( 'NONE', #253, #1962, #399, .T. ) ;
#1141 = ORIENTED_EDGE ( 'NONE', *, *, #1291, .T. ) ;
#1142 = LINE ( 'NONE', #2036, #205 ) ;
#1143 = ADVANCED_FACE ( 'NONE', ( #411 ), #1320, .F. ) ;
#1144 = ORIENTED_EDGE ( 'NONE', *, *, #2145, .T. ) ;
#1145 = PLANE ( 'NONE',  #47 ) ;
#1146 = ADVANCED_FACE ( 'NONE', ( #603 ), #628, .T. ) ;
#1147 = LINE ( 'NONE', #1885, #942 ) ;
#1148 = ORIENTED_EDGE ( 'NONE', *, *, #1601, .F. ) ;
#1149 = CARTESIAN_POINT ( 'NONE',  ( 11.51842019431346742, 20.02262722514188908, 0.06250000000000001388 ) ) ;
#1150 = FACE_OUTER_BOUND ( 'NONE', #358, .T. ) ;
#1151 = VECTOR ( 'NONE', #590, 100.0000000000000000 ) ;
#1152 = ORIENTED_EDGE ( 'NONE', *, *, #1941, .T. ) ;
#1153 = LINE ( 'NONE', #63, #1393 ) ;
#1154 = VECTOR ( 'NONE', #1013, 100.0000000000000000 ) ;
#1155 = VERTEX_POINT ( 'NONE', #1901 ) ;
#1156 = ADVANCED_FACE ( 'NONE', ( #1128 ), #1432, .T. ) ;
#1157 = CARTESIAN_POINT ( 'NONE',  ( 11.58092019431346742, 20.04851557279020824, 0.000000000000000000 ) ) ;
#1158 = TOROIDAL_SURFACE ( 'NONE', #320, 0.5624999999999996669, 0.06250000000000000000 ) ;
#1159 = CARTESIAN_POINT ( 'NONE',  ( 11.20192102607445506, 11.20192102607448703, 0.06250000000000000000 ) ) ;
#1160 = ORIENTED_EDGE ( 'NONE', *, *, #2121, .F. ) ;
#1161 = ADVANCED_FACE ( 'NONE', ( #1520 ), #1353, .T. ) ;
#1162 = LINE ( 'NONE', #82, #733 ) ;
#1163 = TOROIDAL_SURFACE ( 'NONE', #1930, 0.3799999999999997269, 0.06250000000000000000 ) ;
#1164 = FACE_BOUND ( 'NONE', #307, .T. ) ;
#1165 = AXIS2_PLACEMENT_3D ( 'NONE', #592, #610, #2262 ) ;
#1166 = AXIS2_PLACEMENT_3D ( 'NONE', #696, #341, #1072 ) ;
#1167 = CIRCLE ( 'NONE', #2328, 0.06249999999999997224 ) ;
#1168 = ORIENTED_EDGE ( 'NONE', *, *, #1426, .T. ) ;
#1169 = EDGE_CURVE ( 'NONE', #258, #1246, #956, .T. ) ;
#1170 = DIRECTION ( 'NONE',  ( 1.224646799147353207E-16, 1.000000000000000000, 0.000000000000000000 ) ) ;
#1171 = STYLED_ITEM ( 'NONE', ( #174 ), #2376 ) ;
#1172 = LINE ( 'NONE', #64, #2365 ) ;
#1173 = ORIENTED_EDGE ( 'NONE', *, *, #1690, .F. ) ;
#1174 = VERTEX_POINT ( 'NONE', #1341 ) ;
#1175 = FACE_OUTER_BOUND ( 'NONE', #53, .T. ) ;
#1176 = EDGE_CURVE ( 'NONE', #2147, #1881, #2368, .T. ) ;
#1177 = DIRECTION ( 'NONE',  ( 0.000000000000000000, 0.000000000000000000, -1.000000000000000000 ) ) ;
#1178 = CARTESIAN_POINT ( 'NONE',  ( 11.58092019431346742, 20.04851557279020113, 1.000000000000000000 ) ) ;
#1179 = ORIENTED_EDGE ( 'NONE', *, *, #750, .T. ) ;
#1180 = DIRECTION ( 'NONE',  ( 0.7071067811865475727, -0.7071067811865475727, 0.000000000000000000 ) ) ;
#1181 = CARTESIAN_POINT ( 'NONE',  ( 10.84093505051287210, 16.14170825898136030, 0.2500000000000000000 ) ) ;
#1182 = EDGE_LOOP ( 'NONE', ( #957, #564, #605, #2032 ) ) ;
#1183 = CARTESIAN_POINT ( 'NONE',  ( -0.000000000000000000, 20.58512722514188908, 0.000000000000000000 ) ) ;
#1184 = CARTESIAN_POINT ( 'NONE',  ( 10.84093505051287210, 16.14170825898136030, 0.6875000000000000000 ) ) ;
#1185 = EDGE_LOOP ( 'NONE', ( #786, #612, #2066, #1335 ) ) ;
#1186 = DIRECTION ( 'NONE',  ( 0.7071067811865485719, -0.7071067811865465735, 0.000000000000000000 ) ) ;
#1187 = LINE ( 'NONE', #330, #2204 ) ;
#1188 = CARTESIAN_POINT ( 'NONE',  ( 9.748420194313466070, 20.02262722514188908, 0.9741116523516816228 ) ) ;
#1189 = EDGE_CURVE ( 'NONE', #39, #391, #1586, .T. ) ;
#1190 = EDGE_LOOP ( 'NONE', ( #1144, #2362, #211, #567 ) ) ;
#1191 = ADVANCED_FACE ( 'NONE', ( #808 ), #1530, .T. ) ;
#1192 = CARTESIAN_POINT ( 'NONE',  ( 11.51842019431346742, 20.02262722514188908, 0.7500000000000000000 ) ) ;
#1193 = VECTOR ( 'NONE', #1495, 100.0000000000000000 ) ;
#1194 = DIRECTION ( 'NONE',  ( -0.000000000000000000, -1.000000000000000000, -0.000000000000000000 ) ) ;
#1195 = EDGE_LOOP ( 'NONE', ( #1494, #280, #1883, #1103 ) ) ;
#1196 = CARTESIAN_POINT ( 'NONE',  ( 11.01842019431346564, 20.52262722514188908, 0.06250000000000001388 ) ) ;
#1197 = LINE ( 'NONE', #1946, #1700 ) ;
#1198 = VERTEX_POINT ( 'NONE', #1680 ) ;
#1199 = CARTESIAN_POINT ( 'NONE',  ( 9.863405338114059617, 15.57920825898136208, 0.3125000000000000000 ) ) ;
#1200 = DIRECTION ( 'NONE',  ( 1.000000000000000000, 0.000000000000000000, 0.000000000000000000 ) ) ;
#1201 = CARTESIAN_POINT ( 'NONE',  ( 10.63342019431346763, 10.22494153104163139, 0.9375000000000000000 ) ) ;
#1202 = AXIS2_PLACEMENT_3D ( 'NONE', #852, #1579, #2318 ) ;
#1203 = VECTOR ( 'NONE', #2099, 100.0000000000000000 ) ;
#1204 = EDGE_LOOP ( 'NONE', ( #1258, #1448, #601, #1874 ) ) ;
#1205 = CARTESIAN_POINT ( 'NONE',  ( 9.748420194313467846, 20.02262722514188908, 0.06250000000000001388 ) ) ;
#1206 = AXIS2_PLACEMENT_3D ( 'NONE', #1184, #1918, #1405 ) ;
#1207 = VECTOR ( 'NONE', #1391, 100.0000000000000000 ) ;
#1208 = CARTESIAN_POINT ( 'NONE',  ( 11.58092019431347097, 2.208017492978067449E-15, 1.000000000000000000 ) ) ;
#1209 = EDGE_LOOP ( 'NONE', ( #1600, #158, #1104, #641 ) ) ;
#1210 = DIRECTION ( 'NONE',  ( -0.000000000000000000, -0.000000000000000000, -1.000000000000000000 ) ) ;
#1211 = CIRCLE ( 'NONE', #873, 0.5624999999999991118 ) ;
#1212 = LINE ( 'NONE', #1375, #364 ) ;
#1213 = VERTEX_POINT ( 'NONE', #449 ) ;
#1214 = DIRECTION ( 'NONE',  ( -1.000000000000000000, 0.000000000000000000, 0.000000000000000000 ) ) ;
#1215 = CARTESIAN_POINT ( 'NONE',  ( 10.84093505051287210, 13.77897831453243427, 0.6875000000000000000 ) ) ;
#1216 = ORIENTED_EDGE ( 'NONE', *, *, #2232, .F. ) ;
#1217 = DIRECTION ( 'NONE',  ( 1.000000000000000000, -0.000000000000000000, 0.000000000000000000 ) ) ;
#1218 = EDGE_CURVE ( 'NONE', #370, #710, #1736, .T. ) ;
#1219 = DIRECTION ( 'NONE',  ( -1.000000000000000000, 0.000000000000000000, 0.000000000000000000 ) ) ;
#1220 = VERTEX_POINT ( 'NONE', #1511 ) ;
#1221 = CARTESIAN_POINT ( 'NONE',  ( 10.42590533811406139, 13.77897831453243072, 0.2500000000000000000 ) ) ;
#1222 = EDGE_CURVE ( 'NONE', #879, #1446, #2237, .T. ) ;
#1223 = ADVANCED_FACE ( 'NONE', ( #1164, #1150, #1888, #979 ), #1702, .T. ) ;
#1224 = DIRECTION ( 'NONE',  ( -0.000000000000000000, -0.000000000000000000, -1.000000000000000000 ) ) ;
#1225 = VERTEX_POINT ( 'NONE', #1546 ) ;
#1226 = DIRECTION ( 'NONE',  ( 1.802310104910972979E-15, -1.000000000000000000, 0.000000000000000000 ) ) ;
#1227 = ADVANCED_FACE ( 'NONE', ( #1724 ), #83, .F. ) ;
#1228 =( BOUNDED_CURVE ( )  B_SPLINE_CURVE ( 3, ( #1944, #324, #1385, #840 ),
 .UNSPECIFIED., .F., .F. ) 
 B_SPLINE_CURVE_WITH_KNOTS ( ( 4, 4 ),
 ( 1.570796326794896558, 3.141592653589793116 ),
 .UNSPECIFIED. ) 
 CURVE ( )  GEOMETRIC_REPRESENTATION_ITEM ( )  RATIONAL_B_SPLINE_CURVE ( ( 1.000000000000000000, 0.8047378541243649375, 0.8047378541243649375, 1.000000000000000000 ) ) 
 REPRESENTATION_ITEM ( '' )  );
#1229 = DIRECTION ( 'NONE',  ( -1.000000000000000000, -0.000000000000000000, -0.000000000000000000 ) ) ;
#1230 = CARTESIAN_POINT ( 'NONE',  ( 0.000000000000000000, 16.14170825898136030, 0.7500000000000000000 ) ) ;
#1231 = VERTEX_POINT ( 'NONE', #147 ) ;
#1232 = CARTESIAN_POINT ( 'NONE',  ( 10.84093505051287210, 14.34147831453243249, 0.2500000000000000000 ) ) ;
#1233 = ORIENTED_EDGE ( 'NONE', *, *, #1766, .F. ) ;
#1234 = CARTESIAN_POINT ( 'NONE',  ( 10.84093505051287210, 13.77897831453243427, 0.7500000000000000000 ) ) ;
#1235 = DIRECTION ( 'NONE',  ( 0.000000000000000000, 0.000000000000000000, 1.000000000000000000 ) ) ;
#1236 = ORIENTED_EDGE ( 'NONE', *, *, #1745, .F. ) ;
#1237 = DIRECTION ( 'NONE',  ( -1.000000000000000000, 0.000000000000000000, 0.000000000000000000 ) ) ;
#1238 = CARTESIAN_POINT ( 'NONE',  ( 10.84093505051287210, 13.84147831453243249, 0.000000000000000000 ) ) ;
#1239 = LINE ( 'NONE', #1460, #1248 ) ;
#1240 = TOROIDAL_SURFACE ( 'NONE', #1853, 0.5625000000000011102, 0.06250000000000000000 ) ;
#1241 = CIRCLE ( 'NONE', #781, 0.5625000000000004441 ) ;
#1242 = VERTEX_POINT ( 'NONE', #883 ) ;
#1243 = CIRCLE ( 'NONE', #16, 0.5000000000000017764 ) ;
#1244 = CARTESIAN_POINT ( 'NONE',  ( 9.863405338114059617, 14.34147831453243249, 0.7500000000000000000 ) ) ;
#1245 = EDGE_CURVE ( 'NONE', #1537, #670, #1354, .T. ) ;
#1246 = VERTEX_POINT ( 'NONE', #490 ) ;
#1247 = CARTESIAN_POINT ( 'NONE',  ( 11.58092019431347097, 2.208017492978067449E-15, 0.9375000000000000000 ) ) ;
#1248 = VECTOR ( 'NONE', #1261, 100.0000000000000000 ) ;
#1249 = ORIENTED_EDGE ( 'NONE', *, *, #764, .F. ) ;
#1250 = FACE_OUTER_BOUND ( 'NONE', #2371, .T. ) ;
#1251 = AXIS2_PLACEMENT_3D ( 'NONE', #640, #462, #1368 ) ;
#1252 = DIRECTION ( 'NONE',  ( 0.000000000000000000, 0.000000000000000000, -1.000000000000000000 ) ) ;
#1253 = LINE ( 'NONE', #2006, #749 ) ;
#1254 = EDGE_CURVE ( 'NONE', #229, #631, #2130, .T. ) ;
#1255 = SURFACE_SIDE_STYLE ('',( #529 ) ) ;
#1256 = ORIENTED_EDGE ( 'NONE', *, *, #1102, .F. ) ;
#1257 = DIRECTION ( 'NONE',  ( -0.000000000000000000, 1.000000000000000000, 0.000000000000000000 ) ) ;
#1258 = ORIENTED_EDGE ( 'NONE', *, *, #209, .T. ) ;
#1259 = DIRECTION ( 'NONE',  ( 0.000000000000000000, 0.000000000000000000, 1.000000000000000000 ) ) ;
#1260 = CARTESIAN_POINT ( 'NONE',  ( 10.42590533811406139, 13.84147831453243249, 0.000000000000000000 ) ) ;
#1261 = DIRECTION ( 'NONE',  ( 0.000000000000000000, 1.000000000000000000, 0.000000000000000000 ) ) ;
#1262 = ORIENTED_EDGE ( 'NONE', *, *, #482, .F. ) ;
#1263 = EDGE_CURVE ( 'NONE', #654, #810, #1607, .T. ) ;
#1264 = LINE ( 'NONE', #1998, #1626 ) ;
#1265 = EDGE_CURVE ( 'NONE', #1376, #2141, #1187, .T. ) ;
#1266 = VERTEX_POINT ( 'NONE', #1015 ) ;
#1267 = DIRECTION ( 'NONE',  ( -0.000000000000000000, 0.000000000000000000, 1.000000000000000000 ) ) ;
#1268 = ORIENTED_EDGE ( 'NONE', *, *, #2022, .T. ) ;
#1269 = DIRECTION ( 'NONE',  ( 1.000000000000000000, 0.000000000000000000, 0.000000000000000000 ) ) ;
#1270 = CIRCLE ( 'NONE', #2001, 0.4999999999999990563 ) ;
#1271 = CARTESIAN_POINT ( 'NONE',  ( 10.24842019431346785, 12.24381020548378629, 0.06250000000000001388 ) ) ;
#1272 = DIRECTION ( 'NONE',  ( 0.000000000000000000, 0.000000000000000000, 1.000000000000000000 ) ) ;
#1273 = VECTOR ( 'NONE', #1449, 100.0000000000000000 ) ;
#1274 = ORIENTED_EDGE ( 'NONE', *, *, #2119, .F. ) ;
#1275 = DIRECTION ( 'NONE',  ( -0.7071067811865475727, -0.7071067811865475727, 0.000000000000000000 ) ) ;
#1276 = VECTOR ( 'NONE', #1374, 100.0000000000000000 ) ;
#1277 = AXIS2_PLACEMENT_3D ( 'NONE', #1768, #1006, #1358 ) ;
#1278 = EDGE_LOOP ( 'NONE', ( #2098, #1068, #1290, #2011 ) ) ;
#1279 = DIRECTION ( 'NONE',  ( 1.000000000000000000, 0.000000000000000000, 0.000000000000000000 ) ) ;
#1280 = VECTOR ( 'NONE', #1978, 100.0000000000000000 ) ;
#1281 = PLANE ( 'NONE',  #284 ) ;
#1282 = DIRECTION ( 'NONE',  ( -0.000000000000000000, -0.000000000000000000, -1.000000000000000000 ) ) ;
#1283 = CARTESIAN_POINT ( 'NONE',  ( 11.70592019431346742, 0.000000000000000000, 0.000000000000000000 ) ) ;
#1284 = PRESENTATION_LAYER_ASSIGNMENT (  '', '', ( #1171 ) ) ;
#1285 =( BOUNDED_CURVE ( )  B_SPLINE_CURVE ( 3, ( #240, #1508, #602, #1149 ),
 .UNSPECIFIED., .F., .T. ) 
 B_SPLINE_CURVE_WITH_KNOTS ( ( 4, 4 ),
 ( 1.570796326794896558, 3.141592653589793116 ),
 .UNSPECIFIED. ) 
 CURVE ( )  GEOMETRIC_REPRESENTATION_ITEM ( )  RATIONAL_B_SPLINE_CURVE ( ( 1.000000000000000000, 0.8047378541243649375, 0.8047378541243649375, 1.000000000000000000 ) ) 
 REPRESENTATION_ITEM ( '' )  );
#1286 = DIRECTION ( 'NONE',  ( -0.000000000000000000, 0.000000000000000000, 1.000000000000000000 ) ) ;
#1287 = ORIENTED_EDGE ( 'NONE', *, *, #2047, .F. ) ;
#1288 = ADVANCED_FACE ( 'NONE', ( #639 ), #2107, .T. ) ;
#1289 = FACE_OUTER_BOUND ( 'NONE', #1747, .T. ) ;
#1290 = ORIENTED_EDGE ( 'NONE', *, *, #74, .T. ) ;
#1291 = EDGE_CURVE ( 'NONE', #828, #1886, #2117, .T. ) ;
#1292 = DIRECTION ( 'NONE',  ( 0.000000000000000000, 0.000000000000000000, -1.000000000000000000 ) ) ;
#1293 = DIRECTION ( 'NONE',  ( -0.000000000000000000, -0.000000000000000000, -1.000000000000000000 ) ) ;
#1294 = CARTESIAN_POINT ( 'NONE',  ( 9.748420194313467846, 12.74381020548378629, 0.7500000000000000000 ) ) ;
#1295 = ORIENTED_EDGE ( 'NONE', *, *, #1218, .F. ) ;
#1296 = ADVANCED_FACE ( 'NONE', ( #2131 ), #1367, .T. ) ;
#1297 = FACE_OUTER_BOUND ( 'NONE', #1582, .T. ) ;
#1298 = DIRECTION ( 'NONE',  ( 1.000000000000000000, 1.802310104910969035E-15, 0.000000000000000000 ) ) ;
#1299 = EDGE_LOOP ( 'NONE', ( #1831, #143, #1236, #953 ) ) ;
#1300 = CARTESIAN_POINT ( 'NONE',  ( 10.42590533811406139, 16.14170825898136030, 0.7500000000000000000 ) ) ;
#1301 = ORIENTED_EDGE ( 'NONE', *, *, #2273, .T. ) ;
#1302 = CARTESIAN_POINT ( 'NONE',  ( 11.51842019431346742, 20.02262722514188908, 0.06250000000000001388 ) ) ;
#1303 = CYLINDRICAL_SURFACE ( 'NONE', #2170, 0.4999999999999990563 ) ;
#1304 = VERTEX_POINT ( 'NONE', #2325 ) ;
#1305 = EDGE_LOOP ( 'NONE', ( #1614, #1472, #151, #1714 ) ) ;
#1306 = CARTESIAN_POINT ( 'NONE',  ( 9.722531846665148691, 12.73308690078042638, 2.840949487930744988E-17 ) ) ;
#1307 = ORIENTED_EDGE ( 'NONE', *, *, #2337, .T. ) ;
#1308 = CARTESIAN_POINT ( 'NONE',  ( 0.000000000000000000, 0.000000000000000000, 0.7500000000000000000 ) ) ;
#1309 = CIRCLE ( 'NONE', #1347, 0.06250000000000005551 ) ;
#1310 = EDGE_CURVE ( 'NONE', #471, #598, #1921, .T. ) ;
#1311 = ORIENTED_EDGE ( 'NONE', *, *, #993, .F. ) ;
#1312 = CARTESIAN_POINT ( 'NONE',  ( 9.748420194313467846, 12.74381020548378629, 0.7500000000000000000 ) ) ;
#1313 = AXIS2_PLACEMENT_3D ( 'NONE', #1408, #500, #2166 ) ;
#1314 = CARTESIAN_POINT ( 'NONE',  ( 11.01842019431346387, 12.24381020548378984, 0.02588834764831843618 ) ) ;
#1315 = ORIENTED_EDGE ( 'NONE', *, *, #112, .F. ) ;
#1316 = FACE_OUTER_BOUND ( 'NONE', #1834, .T. ) ;
#1317 = AXIS2_PLACEMENT_3D ( 'NONE', #578, #2270, #394 ) ;
#1318 = EDGE_CURVE ( 'NONE', #2027, #1799, #1545, .T. ) ;
#1319 = AXIS2_PLACEMENT_3D ( 'NONE', #1666, #758, #1486 ) ;
#1320 = PLANE ( 'NONE',  #90 ) ;
#1321 = EDGE_CURVE ( 'NONE', #2356, #1851, #1764, .T. ) ;
#1322 = DIRECTION ( 'NONE',  ( 1.000000000000000000, 0.000000000000000000, 0.000000000000000000 ) ) ;
#1323 = EDGE_LOOP ( 'NONE', ( #152, #1668 ) ) ;
#1324 = EDGE_CURVE ( 'NONE', #1376, #258, #2301, .T. ) ;
#1325 = VERTEX_POINT ( 'NONE', #136 ) ;
#1326 = CARTESIAN_POINT ( 'NONE',  ( 11.26842019431346742, 10.22494153104163139, 1.000000000000000000 ) ) ;
#1327 = DIRECTION ( 'NONE',  ( 0.000000000000000000, 0.000000000000000000, -1.000000000000000000 ) ) ;
#1328 = ORIENTED_EDGE ( 'NONE', *, *, #1749, .F. ) ;
#1329 = DIRECTION ( 'NONE',  ( -0.000000000000000000, -0.000000000000000000, 1.000000000000000000 ) ) ;
#1330 = CARTESIAN_POINT ( 'NONE',  ( 10.84093505051287210, 15.57920825898136208, 0.7500000000000000000 ) ) ;
#1331 = EDGE_CURVE ( 'NONE', #1225, #1650, #1122, .T. ) ;
#1332 = ORIENTED_EDGE ( 'NONE', *, *, #193, .F. ) ;
#1333 = FACE_OUTER_BOUND ( 'NONE', #195, .T. ) ;
#1334 = ADVANCED_FACE ( 'NONE', ( #1934 ), #1598, .F. ) ;
#1335 = ORIENTED_EDGE ( 'NONE', *, *, #1945, .T. ) ;
#1336 = DIRECTION ( 'NONE',  ( 0.000000000000000000, 0.000000000000000000, -1.000000000000000000 ) ) ;
#1337 = DIRECTION ( 'NONE',  ( -0.000000000000000000, 1.000000000000000000, 0.000000000000000000 ) ) ;
#1338 = EDGE_CURVE ( 'NONE', #654, #1381, #845, .T. ) ;
#1339 = ORIENTED_EDGE ( 'NONE', *, *, #1140, .T. ) ;
#1340 = CARTESIAN_POINT ( 'NONE',  ( 11.40343505051287032, 15.57920825898136208, 0.3125000000000000000 ) ) ;
#1341 = CARTESIAN_POINT ( 'NONE',  ( 11.51842019431346742, 20.02262722514188908, 0.2500000000000000000 ) ) ;
#1342 = ORIENTED_EDGE ( 'NONE', *, *, #1090, .T. ) ;
#1343 = CARTESIAN_POINT ( 'NONE',  ( 9.935920194313467846, 10.22494153104163139, 0.06250000000000005551 ) ) ;
#1344 = CARTESIAN_POINT ( 'NONE',  ( 11.51842019431346742, 12.74381020548378807, 0.9375000000000000000 ) ) ;
#1345 = ORIENTED_EDGE ( 'NONE', *, *, #650, .F. ) ;
#1346 = DIRECTION ( 'NONE',  ( 0.000000000000000000, 1.000000000000000000, 0.000000000000000000 ) ) ;
#1347 = AXIS2_PLACEMENT_3D ( 'NONE', #2269, #599, #1538 ) ;
#1348 = ADVANCED_FACE ( 'NONE', ( #306 ), #122, .T. ) ;
#1349 = DIRECTION ( 'NONE',  ( -0.000000000000000000, -0.000000000000000000, 1.000000000000000000 ) ) ;
#1350 = ORIENTED_EDGE ( 'NONE', *, *, #149, .T. ) ;
#1351 = CARTESIAN_POINT ( 'NONE',  ( 10.63342019431346763, 22.22494153104162962, 0.9375000000000000000 ) ) ;
#1352 = VECTOR ( 'NONE', #1257, 100.0000000000000000 ) ;
#1353 = CYLINDRICAL_SURFACE ( 'NONE', #2168, 0.06250000000000001388 ) ;
#1354 = CIRCLE ( 'NONE', #1087, 0.06250000000000001388 ) ;
#1355 = AXIS2_PLACEMENT_3D ( 'NONE', #409, #1876, #228 ) ;
#1356 = VECTOR ( 'NONE', #630, 100.0000000000000000 ) ;
#1357 = ORIENTED_EDGE ( 'NONE', *, *, #1444, .T. ) ;
#1358 = DIRECTION ( 'NONE',  ( -0.7071067811865485719, 0.7071067811865465735, 0.000000000000000000 ) ) ;
#1359 =( BOUNDED_CURVE ( )  B_SPLINE_CURVE ( 3, ( #1895, #814, #586, #249 ),
 .UNSPECIFIED., .F., .F. ) 
 B_SPLINE_CURVE_WITH_KNOTS ( ( 4, 4 ),
 ( 0.000000000000000000, 1.570796326794896558 ),
 .UNSPECIFIED. ) 
 CURVE ( )  GEOMETRIC_REPRESENTATION_ITEM ( )  RATIONAL_B_SPLINE_CURVE ( ( 1.000000000000000000, 0.8047378541243649375, 0.8047378541243649375, 1.000000000000000000 ) ) 
 REPRESENTATION_ITEM ( '' )  );
#1360 = DIRECTION ( 'NONE',  ( -0.000000000000000000, 1.000000000000000000, -0.000000000000000000 ) ) ;
#1361 = ORIENTED_EDGE ( 'NONE', *, *, #622, .T. ) ;
#1362 = DIRECTION ( 'NONE',  ( -1.000000000000000000, 0.000000000000000000, 0.000000000000000000 ) ) ;
#1363 = EDGE_CURVE ( 'NONE', #391, #574, #51, .T. ) ;
#1364 = CARTESIAN_POINT ( 'NONE',  ( 9.685920194313467846, 0.000000000000000000, 0.9375000000000000000 ) ) ;
#1365 = ORIENTED_EDGE ( 'NONE', *, *, #2182, .F. ) ;
#1366 = DIRECTION ( 'NONE',  ( 0.000000000000000000, 1.000000000000000000, 0.000000000000000000 ) ) ;
#1367 = CYLINDRICAL_SURFACE ( 'NONE', #1505, 0.06250000000000005551 ) ;
#1368 = DIRECTION ( 'NONE',  ( 1.000000000000000000, 0.000000000000000000, 0.000000000000000000 ) ) ;
#1369 = EDGE_CURVE ( 'NONE', #1951, #1397, #707, .T. ) ;
#1370 = ORIENTED_EDGE ( 'NONE', *, *, #1767, .F. ) ;
#1371 = DIRECTION ( 'NONE',  ( 0.7071067811865475727, -0.7071067811865475727, 0.000000000000000000 ) ) ;
#1372 = DIRECTION ( 'NONE',  ( 0.000000000000000000, 0.000000000000000000, 1.000000000000000000 ) ) ;
#1373 = ORIENTED_EDGE ( 'NONE', *, *, #138, .T. ) ;
#1374 = DIRECTION ( 'NONE',  ( -1.000000000000000000, -0.000000000000000000, -0.000000000000000000 ) ) ;
#1375 = CARTESIAN_POINT ( 'NONE',  ( 0.000000000000000000, 16.14170825898136030, 0.2500000000000000000 ) ) ;
#1376 = VERTEX_POINT ( 'NONE', #2017 ) ;
#1377 = FACE_OUTER_BOUND ( 'NONE', #1190, .T. ) ;
#1378 = CARTESIAN_POINT ( 'NONE',  ( 11.70592019431346742, 0.000000000000000000, 0.9375000000000000000 ) ) ;
#1379 = CARTESIAN_POINT ( 'NONE',  ( 9.722531846665146915, 20.03335052984524722, 1.000000000000000000 ) ) ;
#1380 = ADVANCED_FACE ( 'NONE', ( #570 ), #1281, .F. ) ;
#1381 = VERTEX_POINT ( 'NONE', #904 ) ;
#1382 = CARTESIAN_POINT ( 'NONE',  ( 10.84093505051287210, 16.07920825898136030, 0.6875000000000000000 ) ) ;
#1383 = DIRECTION ( 'NONE',  ( -0.000000000000000000, 1.000000000000000000, -0.000000000000000000 ) ) ;
#1384 = ORIENTED_EDGE ( 'NONE', *, *, #1026, .T. ) ;
#1385 = CARTESIAN_POINT ( 'NONE',  ( 11.51842019431346920, 12.74381020548379162, 0.02588834764831844312 ) ) ;
#1386 = PLANE ( 'NONE',  #2133 ) ;
#1387 = VECTOR ( 'NONE', #1417, 100.0000000000000000 ) ;
#1388 = ORIENTED_EDGE ( 'NONE', *, *, #1052, .T. ) ;
#1389 = CYLINDRICAL_SURFACE ( 'NONE', #893, 0.06250000000000001388 ) ;
#1390 = CARTESIAN_POINT ( 'NONE',  ( 9.704226020489310045, 12.69961603165962671, 1.000000000000000000 ) ) ;
#1391 = DIRECTION ( 'NONE',  ( 1.000000000000000000, -0.000000000000000000, -0.000000000000000000 ) ) ;
#1392 = ADVANCED_FACE ( 'NONE', ( #1829 ), #1440, .T. ) ;
#1393 = VECTOR ( 'NONE', #28, 100.0000000000000000 ) ;
#1394 = AXIS2_PLACEMENT_3D ( 'NONE', #2339, #461, #1754 ) ;
#1395 = EDGE_CURVE ( 'NONE', #502, #546, #1111, .T. ) ;
#1396 = EDGE_CURVE ( 'NONE', #285, #940, #669, .T. ) ;
#1397 = VERTEX_POINT ( 'NONE', #201 ) ;
#1398 = PLANE ( 'NONE',  #2281 ) ;
#1399 = AXIS2_PLACEMENT_3D ( 'NONE', #1733, #95, #1556 ) ;
#1400 = CIRCLE ( 'NONE', #1623, 0.5000000000000017764 ) ;
#1401 = DIRECTION ( 'NONE',  ( -0.000000000000000000, 0.000000000000000000, 1.000000000000000000 ) ) ;
#1402 = EDGE_CURVE ( 'NONE', #1325, #849, #1627, .T. ) ;
#1403 = EDGE_LOOP ( 'NONE', ( #1342, #2216, #49, #1043 ) ) ;
#1404 = DIRECTION ( 'NONE',  ( 0.7071067811865475727, -0.7071067811865475727, 0.000000000000000000 ) ) ;
#1405 = DIRECTION ( 'NONE',  ( 0.000000000000000000, 0.000000000000000000, 1.000000000000000000 ) ) ;
#1406 = ORIENTED_EDGE ( 'NONE', *, *, #2378, .T. ) ;
#1407 = DIRECTION ( 'NONE',  ( 0.000000000000000000, -0.000000000000000000, -1.000000000000000000 ) ) ;
#1408 = CARTESIAN_POINT ( 'NONE',  ( 11.40343505051287032, 15.57920825898136208, 0.6875000000000000000 ) ) ;
#1409 = PRODUCT_RELATED_PRODUCT_CATEGORY ( 'part', '', ( #1131 ) ) ;
#1410 = ORIENTED_EDGE ( 'NONE', *, *, #695, .T. ) ;
#1411 = EDGE_CURVE ( 'NONE', #285, #374, #1899, .T. ) ;
#1412 = DIRECTION ( 'NONE',  ( 1.000000000000000000, 0.000000000000000000, -0.000000000000000000 ) ) ;
#1413 = ORIENTED_EDGE ( 'NONE', *, *, #1798, .T. ) ;
#1414 = CARTESIAN_POINT ( 'NONE',  ( 10.24842019431346962, 20.52262722514188908, 0.02588834764831846047 ) ) ;
#1415 = EDGE_CURVE ( 'NONE', #204, #253, #727, .T. ) ;
#1416 = ORIENTED_EDGE ( 'NONE', *, *, #2177, .F. ) ;
#1417 = DIRECTION ( 'NONE',  ( -0.000000000000000000, -1.000000000000000000, -0.000000000000000000 ) ) ;
#1418 = DIRECTION ( 'NONE',  ( -1.000000000000000000, 0.000000000000000000, 0.000000000000000000 ) ) ;
#1419 = PLANE ( 'NONE',  #1824 ) ;
#1420 = DIRECTION ( 'NONE',  ( 0.000000000000000000, 1.000000000000000000, -0.000000000000000000 ) ) ;
#1421 = CARTESIAN_POINT ( 'NONE',  ( 10.84093505051287210, 16.07920825898136030, 0.000000000000000000 ) ) ;
#1422 = LINE ( 'NONE', #668, #366 ) ;
#1423 = EDGE_LOOP ( 'NONE', ( #2194, #337, #2292, #311 ) ) ;
#1424 = LINE ( 'NONE', #1748, #1660 ) ;
#1425 = ORIENTED_EDGE ( 'NONE', *, *, #1796, .F. ) ;
#1426 = EDGE_CURVE ( 'NONE', #69, #370, #1980, .T. ) ;
#1427 = DIRECTION ( 'NONE',  ( 0.000000000000000000, -1.000000000000000000, 0.000000000000000000 ) ) ;
#1428 = CARTESIAN_POINT ( 'NONE',  ( 11.70592019431346742, 10.22494153104163139, 0.9375000000000000000 ) ) ;
#1429 = CARTESIAN_POINT ( 'NONE',  ( 11.40343505051287032, 14.34147831453243249, 0.2500000000000000000 ) ) ;
#1430 = VECTOR ( 'NONE', #2188, 100.0000000000000000 ) ;
#1431 = VECTOR ( 'NONE', #2113, 100.0000000000000000 ) ;
#1432 = TOROIDAL_SURFACE ( 'NONE', #246, 0.5624999999999996669, 0.06250000000000000000 ) ;
#1433 = FILL_AREA_STYLE ('',( #573 ) ) ;
#1434 = CIRCLE ( 'NONE', #1060, 0.06250000000000001388 ) ;
#1435 = VERTEX_POINT ( 'NONE', #1459 ) ;
#1436 = AXIS2_PLACEMENT_3D ( 'NONE', #728, #1961, #137 ) ;
#1437 = EDGE_LOOP ( 'NONE', ( #1969, #2191, #1983, #2091 ) ) ;
#1438 = CARTESIAN_POINT ( 'NONE',  ( 15.81471788355183428, 15.81471788355183428, 0.000000000000000000 ) ) ;
#1439 = EDGE_CURVE ( 'NONE', #2322, #1325, #2052, .T. ) ;
#1440 = CYLINDRICAL_SURFACE ( 'NONE', #1696, 0.06249999999999997224 ) ;
#1441 = CARTESIAN_POINT ( 'NONE',  ( 9.748420194313467846, 12.74381020548378629, 0.2500000000000000000 ) ) ;
#1442 =( BOUNDED_CURVE ( )  B_SPLINE_CURVE ( 3, ( #157, #2379, #17, #919 ),
 .UNSPECIFIED., .F., .F. ) 
 B_SPLINE_CURVE_WITH_KNOTS ( ( 4, 4 ),
 ( 1.570796326794896558, 3.141592653589793116 ),
 .UNSPECIFIED. ) 
 CURVE ( )  GEOMETRIC_REPRESENTATION_ITEM ( )  RATIONAL_B_SPLINE_CURVE ( ( 1.000000000000000000, 0.8047378541243649375, 0.8047378541243649375, 1.000000000000000000 ) ) 
 REPRESENTATION_ITEM ( '' )  );
#1443 = ORIENTED_EDGE ( 'NONE', *, *, #2232, .T. ) ;
#1444 = EDGE_CURVE ( 'NONE', #2196, #1951, #12, .T. ) ;
#1445 = CARTESIAN_POINT ( 'NONE',  ( 10.22253184666515224, 12.18131020548378629, 1.000000000000000000 ) ) ;
#1446 = VERTEX_POINT ( 'NONE', #1803 ) ;
#1447 = DIRECTION ( 'NONE',  ( 1.000000000000000000, 1.906599351286678114E-16, 0.000000000000000000 ) ) ;
#1448 = ORIENTED_EDGE ( 'NONE', *, *, #735, .T. ) ;
#1449 = DIRECTION ( 'NONE',  ( -0.000000000000000000, -0.000000000000000000, -1.000000000000000000 ) ) ;
#1450 = DIRECTION ( 'NONE',  ( -0.000000000000000000, -1.000000000000000000, -0.000000000000000000 ) ) ;
#1451 = CARTESIAN_POINT ( 'NONE',  ( 15.81471788355183428, 15.81471788355183428, 0.9375000000000000000 ) ) ;
#1452 = ORIENTED_EDGE ( 'NONE', *, *, #1567, .F. ) ;
#1453 = CARTESIAN_POINT ( 'NONE',  ( 10.24842019431346962, 12.24381020548378451, 0.9741116523516812897 ) ) ;
#1454 = VERTEX_POINT ( 'NONE', #2360 ) ;
#1455 = FACE_OUTER_BOUND ( 'NONE', #1005, .T. ) ;
#1456 = ORIENTED_EDGE ( 'NONE', *, *, #799, .T. ) ;
#1457 = CARTESIAN_POINT ( 'NONE',  ( 10.63342019431346763, 22.22494153104162962, 0.9375000000000000000 ) ) ;
#1458 = VECTOR ( 'NONE', #97, 100.0000000000000000 ) ;
#1459 = CARTESIAN_POINT ( 'NONE',  ( 11.01842019431346742, 12.24381020548378807, 0.7500000000000000000 ) ) ;
#1460 = CARTESIAN_POINT ( 'NONE',  ( 11.34093505051287032, 14.34147831453243249, 0.6875000000000000000 ) ) ;
#1461 = ORIENTED_EDGE ( 'NONE', *, *, #1832, .F. ) ;
#1462 = ORIENTED_EDGE ( 'NONE', *, *, #1338, .T. ) ;
#1463 = CIRCLE ( 'NONE', #431, 0.06250000000000001388 ) ;
#1464 = EDGE_CURVE ( 'NONE', #1537, #1624, #189, .T. ) ;
#1465 = CIRCLE ( 'NONE', #972, 0.06250000000000005551 ) ;
#1466 = CARTESIAN_POINT ( 'NONE',  ( 10.63342019431346763, 22.22494153104162962, 1.000000000000000000 ) ) ;
#1467 = VERTEX_POINT ( 'NONE', #1271 ) ;
#1468 = DIRECTION ( 'NONE',  ( -0.7071067811865475727, 0.7071067811865475727, 0.000000000000000000 ) ) ;
#1469 = AXIS2_PLACEMENT_3D ( 'NONE', #245, #437, #233 ) ;
#1470 = ADVANCED_FACE ( 'NONE', ( #743 ), #351, .T. ) ;
#1471 = VECTOR ( 'NONE', #71, 100.0000000000000000 ) ;
#1472 = ORIENTED_EDGE ( 'NONE', *, *, #172, .F. ) ;
#1473 = CARTESIAN_POINT ( 'NONE',  ( 10.42590533811406139, 13.77897831453243427, 0.6875000000000000000 ) ) ;
#1474 = VECTOR ( 'NONE', #1908, 100.0000000000000000 ) ;
#1475 = DIRECTION ( 'NONE',  ( -0.7071067811865475727, -0.7071067811865475727, 0.000000000000000000 ) ) ;
#1476 = CARTESIAN_POINT ( 'NONE',  ( 10.42590533811406317, 14.34147831453243249, 0.3125000000000000000 ) ) ;
#1477 = ORIENTED_EDGE ( 'NONE', *, *, #1674, .F. ) ;
#1478 = DIRECTION ( 'NONE',  ( 0.000000000000000000, 0.000000000000000000, 1.000000000000000000 ) ) ;
#1479 = AXIS2_PLACEMENT_3D ( 'NONE', #1232, #1964, #183 ) ;
#1480 = DIRECTION ( 'NONE',  ( 0.000000000000000000, -0.000000000000000000, 1.000000000000000000 ) ) ;
#1481 = VERTEX_POINT ( 'NONE', #2189 ) ;
#1482 = DIRECTION ( 'NONE',  ( -0.000000000000000000, 0.000000000000000000, 1.000000000000000000 ) ) ;
#1483 = VERTEX_POINT ( 'NONE', #2005 ) ;
#1484 = CARTESIAN_POINT ( 'NONE',  ( 10.84093505051287210, 16.07920825898136030, 0.000000000000000000 ) ) ;
#1485 = CARTESIAN_POINT ( 'NONE',  ( 10.95092019431346664, 22.22494153104162962, 0.06250000000000005551 ) ) ;
#1486 = DIRECTION ( 'NONE',  ( 1.000000000000000000, 0.000000000000000000, 0.000000000000000000 ) ) ;
#1487 = VERTEX_POINT ( 'NONE', #361 ) ;
#1488 = EDGE_LOOP ( 'NONE', ( #536, #1632, #1365, #1311 ) ) ;
#1489 = DIRECTION ( 'NONE',  ( -1.000000000000000000, 0.000000000000000000, 0.000000000000000000 ) ) ;
#1490 = ORIENTED_EDGE ( 'NONE', *, *, #297, .T. ) ;
#1491 = CARTESIAN_POINT ( 'NONE',  ( 10.42590533811406317, 15.57920825898136208, 0.3125000000000000000 ) ) ;
#1492 = CARTESIAN_POINT ( 'NONE',  ( 11.01842019431346742, 12.24381020548378807, 0.9375000000000000000 ) ) ;
#1493 = ADVANCED_FACE ( 'NONE', ( #382 ), #2213, .F. ) ;
#1494 = ORIENTED_EDGE ( 'NONE', *, *, #509, .T. ) ;
#1495 = DIRECTION ( 'NONE',  ( -0.000000000000000000, -1.000000000000000000, 0.000000000000000000 ) ) ;
#1496 = DIRECTION ( 'NONE',  ( 0.000000000000000000, 0.000000000000000000, 1.000000000000000000 ) ) ;
#1497 = VECTOR ( 'NONE', #1329, 100.0000000000000000 ) ;
#1498 = CIRCLE ( 'NONE', #476, 0.06250000000000001388 ) ;
#1499 = ORIENTED_EDGE ( 'NONE', *, *, #1941, .F. ) ;
#1500 = CYLINDRICAL_SURFACE ( 'NONE', #822, 0.5000000000000017764 ) ;
#1501 = TOROIDAL_SURFACE ( 'NONE', #477, 0.6974999999999994538, 0.06250000000000000000 ) ;
#1502 = AXIS2_PLACEMENT_3D ( 'NONE', #1247, #887, #1447 ) ;
#1503 = ORIENTED_EDGE ( 'NONE', *, *, #1710, .F. ) ;
#1504 = CARTESIAN_POINT ( 'NONE',  ( 10.84093505051287210, 16.07920825898136030, 0.6875000000000000000 ) ) ;
#1505 = AXIS2_PLACEMENT_3D ( 'NONE', #1378, #2154, #1793 ) ;
#1506 = LINE ( 'NONE', #56, #1474 ) ;
#1507 = VERTEX_POINT ( 'NONE', #915 ) ;
#1508 = CARTESIAN_POINT ( 'NONE',  ( 11.54430854196178657, 20.03335052984524722, 3.028424803136600851E-17 ) ) ;
#1509 = AXIS2_PLACEMENT_3D ( 'NONE', #1721, #1931, #999 ) ;
#1510 = EDGE_CURVE ( 'NONE', #546, #1881, #2199, .T. ) ;
#1511 = CARTESIAN_POINT ( 'NONE',  ( 11.40343505051287032, 15.57920825898136208, 0.2500000000000000000 ) ) ;
#1512 = VECTOR ( 'NONE', #1807, 100.0000000000000000 ) ;
#1513 = ORIENTED_EDGE ( 'NONE', *, *, #945, .F. ) ;
#1514 = DIRECTION ( 'NONE',  ( 0.7071067811865485719, -0.7071067811865465735, 0.000000000000000000 ) ) ;
#1515 = ORIENTED_EDGE ( 'NONE', *, *, #412, .F. ) ;
#1516 = CARTESIAN_POINT ( 'NONE',  ( 10.63342019431346763, 22.22494153104162962, 1.000000000000000000 ) ) ;
#1517 = CYLINDRICAL_SURFACE ( 'NONE', #1509, 0.06250000000000026368 ) ;
#1518 = ORIENTED_EDGE ( 'NONE', *, *, #1114, .T. ) ;
#1519 = CARTESIAN_POINT ( 'NONE',  ( 10.84093505051287210, 15.57920825898136208, 0.6875000000000000000 ) ) ;
#1520 = FACE_OUTER_BOUND ( 'NONE', #244, .T. ) ;
#1521 = EDGE_CURVE ( 'NONE', #1681, #18, #797, .T. ) ;
#1522 = EDGE_LOOP ( 'NONE', ( #1575, #495, #2244, #1503 ) ) ;
#1523 = CARTESIAN_POINT ( 'NONE',  ( 9.748420194313467846, 12.74381020548378629, 0.9375000000000000000 ) ) ;
#1524 = CARTESIAN_POINT ( 'NONE',  ( 9.748420194313467846, 12.74381020548378629, 0.06250000000000001388 ) ) ;
#1525 = VERTEX_POINT ( 'NONE', #1302 ) ;
#1526 = CYLINDRICAL_SURFACE ( 'NONE', #2046, 0.3174999999999997269 ) ;
#1527 = PLANE ( 'NONE',  #1355 ) ;
#1528 = ORIENTED_EDGE ( 'NONE', *, *, #750, .F. ) ;
#1529 = DIRECTION ( 'NONE',  ( 0.000000000000000000, 0.000000000000000000, 1.000000000000000000 ) ) ;
#1530 = CYLINDRICAL_SURFACE ( 'NONE', #206, 0.06249999999999997224 ) ;
#1531 = AXIS2_PLACEMENT_3D ( 'NONE', #780, #1887, #1138 ) ;
#1532 = ORIENTED_EDGE ( 'NONE', *, *, #1571, .F. ) ;
#1533 = FACE_OUTER_BOUND ( 'NONE', #420, .T. ) ;
#1534 = EDGE_CURVE ( 'NONE', #1924, #2271, #955, .T. ) ;
#1535 = AXIS2_PLACEMENT_3D ( 'NONE', #818, #2068, #1529 ) ;
#1536 = CARTESIAN_POINT ( 'NONE',  ( 10.84093505051287210, 13.84147831453243249, 0.000000000000000000 ) ) ;
#1537 = VERTEX_POINT ( 'NONE', #600 ) ;
#1538 = DIRECTION ( 'NONE',  ( -1.000000000000000000, 0.000000000000000000, 0.000000000000000000 ) ) ;
#1539 = EDGE_CURVE ( 'NONE', #229, #1919, #943, .T. ) ;
#1540 =( BOUNDED_CURVE ( )  B_SPLINE_CURVE ( 3, ( #1523, #2265, #414, #2083 ),
 .UNSPECIFIED., .F., .F. ) 
 B_SPLINE_CURVE_WITH_KNOTS ( ( 4, 4 ),
 ( 3.141592653589793116, 4.712388980384689674 ),
 .UNSPECIFIED. ) 
 CURVE ( )  GEOMETRIC_REPRESENTATION_ITEM ( )  RATIONAL_B_SPLINE_CURVE ( ( 1.000000000000000000, 0.8047378541243649375, 0.8047378541243649375, 1.000000000000000000 ) ) 
 REPRESENTATION_ITEM ( '' )  );
#1541 = AXIS2_PLACEMENT_3D ( 'NONE', #724, #1482, #186 ) ;
#1542 = CARTESIAN_POINT ( 'NONE',  ( 9.560920194313467846, 22.22494153104162962, 0.06250000000000000000 ) ) ;
#1543 = VERTEX_POINT ( 'NONE', #1123 ) ;
#1544 = LINE ( 'NONE', #2287, #1154 ) ;
#1545 = CIRCLE ( 'NONE', #521, 0.06250000000000001388 ) ;
#1546 = CARTESIAN_POINT ( 'NONE',  ( 9.998420194313467846, 10.22494153104163139, 0.06250000000000005551 ) ) ;
#1547 = DIRECTION ( 'NONE',  ( 0.000000000000000000, 0.000000000000000000, -1.000000000000000000 ) ) ;
#1548 = VECTOR ( 'NONE', #1224, 100.0000000000000000 ) ;
#1549 = TOROIDAL_SURFACE ( 'NONE', #334, 0.5624999999999996669, 0.06250000000000000000 ) ;
#1550 = CIRCLE ( 'NONE', #2171, 0.06250000000000005551 ) ;
#1551 = ORIENTED_EDGE ( 'NONE', *, *, #1321, .T. ) ;
#1552 = LINE ( 'NONE', #2314, #1783 ) ;
#1553 = LINE ( 'NONE', #1849, #1127 ) ;
#1554 = ORIENTED_EDGE ( 'NONE', *, *, #20, .F. ) ;
#1555 = CARTESIAN_POINT ( 'NONE',  ( 9.498420194313467846, 22.22494153104162962, 0.06250000000000005551 ) ) ;
#1556 = DIRECTION ( 'NONE',  ( -1.000000000000000000, 0.000000000000000000, 0.000000000000000000 ) ) ;
#1557 = ORIENTED_EDGE ( 'NONE', *, *, #1798, .F. ) ;
#1558 = EDGE_CURVE ( 'NONE', #1435, #1755, #1506, .T. ) ;
#1559 = DIRECTION ( 'NONE',  ( -1.000000000000000000, -1.802310104910969035E-15, 0.000000000000000000 ) ) ;
#1560 = DIRECTION ( 'NONE',  ( -0.000000000000000000, -0.000000000000000000, -1.000000000000000000 ) ) ;
#1561 = CARTESIAN_POINT ( 'NONE',  ( 9.863405338114059617, 0.000000000000000000, 0.3125000000000000000 ) ) ;
#1562 = ORIENTED_EDGE ( 'NONE', *, *, #348, .F. ) ;
#1563 = CARTESIAN_POINT ( 'NONE',  ( 9.925905338114059617, 14.34147831453243249, 0.000000000000000000 ) ) ;
#1564 = CARTESIAN_POINT ( 'NONE',  ( 10.84093505051287210, 14.34147831453243249, 0.7500000000000000000 ) ) ;
#1565 = ORIENTED_EDGE ( 'NONE', *, *, #1052, .F. ) ;
#1566 = LINE ( 'NONE', #1955, #325 ) ;
#1567 = EDGE_CURVE ( 'NONE', #1242, #752, #1126, .T. ) ;
#1568 = DIRECTION ( 'NONE',  ( -0.000000000000000000, 0.000000000000000000, 1.000000000000000000 ) ) ;
#1569 = ORIENTED_EDGE ( 'NONE', *, *, #732, .F. ) ;
#1570 = CARTESIAN_POINT ( 'NONE',  ( 11.76842019431346742, 22.22494153104162962, 0.06250000000000005551 ) ) ;
#1571 = EDGE_CURVE ( 'NONE', #1909, #1507, #1434, .T. ) ;
#1572 = DIRECTION ( 'NONE',  ( -0.7071067811865485719, 0.7071067811865465735, -0.000000000000000000 ) ) ;
#1573 = DIRECTION ( 'NONE',  ( -0.000000000000000000, 0.000000000000000000, 1.000000000000000000 ) ) ;
#1574 = ADVANCED_FACE ( 'NONE', ( #2039 ), #2077, .T. ) ;
#1575 = ORIENTED_EDGE ( 'NONE', *, *, #1832, .T. ) ;
#1576 = DIRECTION ( 'NONE',  ( -0.000000000000000000, -0.000000000000000000, 1.000000000000000000 ) ) ;
#1577 = FACE_OUTER_BOUND ( 'NONE', #182, .T. ) ;
#1578 = VERTEX_POINT ( 'NONE', #429 ) ;
#1579 = DIRECTION ( 'NONE',  ( 0.000000000000000000, -0.000000000000000000, -1.000000000000000000 ) ) ;
#1580 = CIRCLE ( 'NONE', #774, 1.134999999999999787 ) ;
#1581 = DIRECTION ( 'NONE',  ( -1.000000000000000000, 0.000000000000000000, 0.000000000000000000 ) ) ;
#1582 = EDGE_LOOP ( 'NONE', ( #935, #145, #181, #327 ) ) ;
#1583 = CARTESIAN_POINT ( 'NONE',  ( 10.84093505051287210, 13.84147831453243249, 0.6875000000000000000 ) ) ;
#1584 = DIRECTION ( 'NONE',  ( 0.000000000000000000, -0.000000000000000000, 1.000000000000000000 ) ) ;
#1585 = CIRCLE ( 'NONE', #243, 0.3799999999999997824 ) ;
#1586 = CIRCLE ( 'NONE', #2051, 0.5624999999999991118 ) ;
#1587 = VERTEX_POINT ( 'NONE', #1485 ) ;
#1588 = DIRECTION ( 'NONE',  ( -0.000000000000000000, -0.000000000000000000, -1.000000000000000000 ) ) ;
#1589 = VECTOR ( 'NONE', #72, 100.0000000000000000 ) ;
#1590 = AXIS2_PLACEMENT_3D ( 'NONE', #1201, #1725, #2302 ) ;
#1591 = CARTESIAN_POINT ( 'NONE',  ( 11.51842019431346742, 20.02262722514188908, 0.7500000000000000000 ) ) ;
#1592 = VERTEX_POINT ( 'NONE', #31 ) ;
#1593 = CARTESIAN_POINT ( 'NONE',  ( 10.63342019431346763, 22.22494153104162962, 0.000000000000000000 ) ) ;
#1594 = ADVANCED_FACE ( 'NONE', ( #805 ), #1665, .T. ) ;
#1595 = DIRECTION ( 'NONE',  ( 0.000000000000000000, 1.000000000000000000, 0.000000000000000000 ) ) ;
#1596 = ORIENTED_EDGE ( 'NONE', *, *, #160, .F. ) ;
#1597 = CARTESIAN_POINT ( 'NONE',  ( 11.40343505051287032, 14.34147831453243249, 0.3125000000000000000 ) ) ;
#1598 = PLANE ( 'NONE',  #400 ) ;
#1599 = DIRECTION ( 'NONE',  ( 1.000000000000000000, 0.000000000000000000, 0.000000000000000000 ) ) ;
#1600 = ORIENTED_EDGE ( 'NONE', *, *, #412, .T. ) ;
#1601 = EDGE_CURVE ( 'NONE', #1805, #2049, #748, .T. ) ;
#1602 = DIRECTION ( 'NONE',  ( 0.000000000000000000, 1.000000000000000000, 0.000000000000000000 ) ) ;
#1603 = ORIENTED_EDGE ( 'NONE', *, *, #1140, .F. ) ;
#1604 = CARTESIAN_POINT ( 'NONE',  ( 9.748420194313467846, 20.02262722514188908, 0.9375000000000000000 ) ) ;
#1605 = EDGE_LOOP ( 'NONE', ( #1268, #1096, #1687, #1061 ) ) ;
#1606 = DIRECTION ( 'NONE',  ( -1.000000000000000000, -1.906599351286662830E-16, 0.000000000000000000 ) ) ;
#1607 = LINE ( 'NONE', #1064, #1661 ) ;
#1608 = DIRECTION ( 'NONE',  ( -1.000000000000000000, -1.802310104910969035E-15, 0.000000000000000000 ) ) ;
#1609 =( BOUNDED_CURVE ( )  B_SPLINE_CURVE ( 3, ( #683, #1414, #196, #1645 ),
 .UNSPECIFIED., .F., .F. ) 
 B_SPLINE_CURVE_WITH_KNOTS ( ( 4, 4 ),
 ( 3.141592653589793116, 4.712388980384689674 ),
 .UNSPECIFIED. ) 
 CURVE ( )  GEOMETRIC_REPRESENTATION_ITEM ( )  RATIONAL_B_SPLINE_CURVE ( ( 1.000000000000000000, 0.8047378541243649375, 0.8047378541243649375, 1.000000000000000000 ) ) 
 REPRESENTATION_ITEM ( '' )  );
#1610 = DIRECTION ( 'NONE',  ( -1.000000000000000000, 0.000000000000000000, 0.000000000000000000 ) ) ;
#1611 = EDGE_LOOP ( 'NONE', ( #1954, #1810, #1532, #1985 ) ) ;
#1612 = CARTESIAN_POINT ( 'NONE',  ( 9.925905338114059617, 14.34147831453243249, 0.6875000000000000000 ) ) ;
#1613 = EDGE_CURVE ( 'NONE', #1446, #1909, #2288, .T. ) ;
#1614 = ORIENTED_EDGE ( 'NONE', *, *, #2327, .T. ) ;
#1615 = FACE_OUTER_BOUND ( 'NONE', #959, .T. ) ;
#1616 = ADVANCED_FACE ( 'NONE', ( #2056 ), #1135, .T. ) ;
#1617 = DIRECTION ( 'NONE',  ( 1.000000000000000000, 0.000000000000000000, -0.000000000000000000 ) ) ;
#1618 = LINE ( 'NONE', #2361, #210 ) ;
#1619 = VECTOR ( 'NONE', #544, 100.0000000000000000 ) ;
#1620 = DIRECTION ( 'NONE',  ( 0.000000000000000000, 1.000000000000000000, 0.000000000000000000 ) ) ;
#1621 = ORIENTED_EDGE ( 'NONE', *, *, #1838, .F. ) ;
#1622 = DIRECTION ( 'NONE',  ( -0.000000000000000000, 0.000000000000000000, 1.000000000000000000 ) ) ;
#1623 = AXIS2_PLACEMENT_3D ( 'NONE', #643, #494, #656 ) ;
#1624 = VERTEX_POINT ( 'NONE', #251 ) ;
#1625 = DIRECTION ( 'NONE',  ( 1.802310104910969035E-15, -1.000000000000000000, 0.000000000000000000 ) ) ;
#1626 = VECTOR ( 'NONE', #2205, 100.0000000000000000 ) ;
#1627 = LINE ( 'NONE', #890, #1785 ) ;
#1628 = DIRECTION ( 'NONE',  ( -0.000000000000000000, -0.000000000000000000, -1.000000000000000000 ) ) ;
#1629 = ORIENTED_EDGE ( 'NONE', *, *, #2022, .F. ) ;
#1630 = DIRECTION ( 'NONE',  ( 1.000000000000000000, 0.000000000000000000, 0.000000000000000000 ) ) ;
#1631 = ADVANCED_FACE ( 'NONE', ( #2090 ), #1527, .T. ) ;
#1632 = ORIENTED_EDGE ( 'NONE', *, *, #1321, .F. ) ;
#1633 = DIRECTION ( 'NONE',  ( 1.000000000000000000, 0.000000000000000000, 0.000000000000000000 ) ) ;
#1634 = EDGE_LOOP ( 'NONE', ( #1058, #892, #745, #532 ) ) ;
#1635 = DIRECTION ( 'NONE',  ( 1.000000000000000000, 1.802310104910969035E-15, 0.000000000000000000 ) ) ;
#1636 = EDGE_CURVE ( 'NONE', #2163, #772, #332, .T. ) ;
#1637 = DIRECTION ( 'NONE',  ( 0.000000000000000000, 0.000000000000000000, -1.000000000000000000 ) ) ;
#1638 = DIRECTION ( 'NONE',  ( 1.000000000000000000, 0.000000000000000000, 0.000000000000000000 ) ) ;
#1639 = ORIENTED_EDGE ( 'NONE', *, *, #819, .T. ) ;
#1640 = ORIENTED_EDGE ( 'NONE', *, *, #1636, .T. ) ;
#1641 = EDGE_CURVE ( 'NONE', #1681, #828, #1147, .T. ) ;
#1642 = ADVANCED_FACE ( 'NONE', ( #1697 ), #1517, .T. ) ;
#1643 = CARTESIAN_POINT ( 'NONE',  ( 10.23769688961010793, 12.21792185783546536, 0.9999999999999997780 ) ) ;
#1644 = ORIENTED_EDGE ( 'NONE', *, *, #929, .T. ) ;
#1645 = CARTESIAN_POINT ( 'NONE',  ( 10.22253184666514869, 20.58512722514188908, 0.000000000000000000 ) ) ;
#1646 = EDGE_LOOP ( 'NONE', ( #115, #504, #1861, #1644 ) ) ;
#1647 = CARTESIAN_POINT ( 'NONE',  ( 11.01842019431346742, 12.24381020548378807, 0.2500000000000000000 ) ) ;
#1648 = DIRECTION ( 'NONE',  ( 0.000000000000000000, -1.000000000000000000, 0.000000000000000000 ) ) ;
#1649 = CARTESIAN_POINT ( 'NONE',  ( 10.42590533811406139, 13.84147831453243249, 0.3125000000000000000 ) ) ;
#1650 = VERTEX_POINT ( 'NONE', #302 ) ;
#1651 = ORIENTED_EDGE ( 'NONE', *, *, #165, .F. ) ;
#1652 = AXIS2_PLACEMENT_3D ( 'NONE', #340, #1427, #1062 ) ;
#1653 = AXIS2_PLACEMENT_3D ( 'NONE', #1001, #432, #1920 ) ;
#1654 = AXIS2_PLACEMENT_3D ( 'NONE', #392, #2372, #726 ) ;
#1655 = VECTOR ( 'NONE', #1730, 100.0000000000000000 ) ;
#1656 = CARTESIAN_POINT ( 'NONE',  ( 11.76842019431346742, 10.22494153104163139, 0.9375000000000000000 ) ) ;
#1657 = EDGE_CURVE ( 'NONE', #1851, #710, #1936, .T. ) ;
#1658 = ORIENTED_EDGE ( 'NONE', *, *, #1026, .F. ) ;
#1659 = CARTESIAN_POINT ( 'NONE',  ( 9.560920194313467846, 22.22494153104162962, 1.000000000000000000 ) ) ;
#1660 = VECTOR ( 'NONE', #2296, 100.0000000000000000 ) ;
#1661 = VECTOR ( 'NONE', #1040, 100.0000000000000000 ) ;
#1662 = ORIENTED_EDGE ( 'NONE', *, *, #376, .T. ) ;
#1663 = CARTESIAN_POINT ( 'NONE',  ( 11.56261436813763055, 12.69961603165963027, 0.000000000000000000 ) ) ;
#1664 = AXIS2_PLACEMENT_3D ( 'NONE', #607, #1349, #2233 ) ;
#1665 = CYLINDRICAL_SURFACE ( 'NONE', #706, 0.06250000000000026368 ) ;
#1666 = CARTESIAN_POINT ( 'NONE',  ( 10.63342019431346763, 22.22494153104162962, 1.000000000000000000 ) ) ;
#1667 = VECTOR ( 'NONE', #1638, 100.0000000000000000 ) ;
#1668 = ORIENTED_EDGE ( 'NONE', *, *, #1873, .T. ) ;
#1669 = ORIENTED_EDGE ( 'NONE', *, *, #528, .F. ) ;
#1670 = ADVANCED_FACE ( 'NONE', ( #288 ), #2335, .T. ) ;
#1671 = CARTESIAN_POINT ( 'NONE',  ( 0.000000000000000000, 0.000000000000000000, 0.000000000000000000 ) ) ;
#1672 = ORIENTED_EDGE ( 'NONE', *, *, #478, .T. ) ;
#1673 = FACE_OUTER_BOUND ( 'NONE', #1085, .T. ) ;
#1674 = EDGE_CURVE ( 'NONE', #177, #1587, #1860, .T. ) ;
#1675 = VERTEX_POINT ( 'NONE', #1027 ) ;
#1676 = CARTESIAN_POINT ( 'NONE',  ( 10.42590533811406317, 14.34147831453243249, 0.6875000000000000000 ) ) ;
#1677 = DIRECTION ( 'NONE',  ( 0.000000000000000000, -0.000000000000000000, -1.000000000000000000 ) ) ;
#1678 = VERTEX_POINT ( 'NONE', #313 ) ;
#1679 = DIRECTION ( 'NONE',  ( -0.000000000000000000, -0.000000000000000000, 1.000000000000000000 ) ) ;
#1680 = CARTESIAN_POINT ( 'NONE',  ( 11.01842019431346742, 12.24381020548378807, 0.2500000000000000000 ) ) ;
#1681 = VERTEX_POINT ( 'NONE', #80 ) ;
#1682 = CARTESIAN_POINT ( 'NONE',  ( -5.181297689238370197, 5.181297689238370197, 1.000000000000000000 ) ) ;
#1683 = ORIENTED_EDGE ( 'NONE', *, *, #418, .T. ) ;
#1684 = ADVANCED_FACE ( 'NONE', ( #2285 ), #832, .T. ) ;
#1685 = CARTESIAN_POINT ( 'NONE',  ( 10.63342019431346763, 22.22494153104162962, 1.000000000000000000 ) ) ;
#1686 = CARTESIAN_POINT ( 'NONE',  ( 11.01842019431346742, 12.24381020548378807, 0.06250000000000001388 ) ) ;
#1687 = ORIENTED_EDGE ( 'NONE', *, *, #2067, .F. ) ;
#1688 = ADVANCED_FACE ( 'NONE', ( #634 ), #784, .T. ) ;
#1689 = DIRECTION ( 'NONE',  ( -0.000000000000000000, -0.000000000000000000, 1.000000000000000000 ) ) ;
#1690 = EDGE_CURVE ( 'NONE', #1454, #1467, #497, .T. ) ;
#1691 = ORIENTED_EDGE ( 'NONE', *, *, #680, .T. ) ;
#1692 = CARTESIAN_POINT ( 'NONE',  ( 9.935920194313467846, 10.22494153104163139, 2.710505431213761085E-17 ) ) ;
#1693 = VECTOR ( 'NONE', #1210, 100.0000000000000000 ) ;
#1694 = ORIENTED_EDGE ( 'NONE', *, *, #593, .F. ) ;
#1695 = DIRECTION ( 'NONE',  ( -1.000000000000000000, 0.000000000000000000, 0.000000000000000000 ) ) ;
#1696 = AXIS2_PLACEMENT_3D ( 'NONE', #1100, #524, #1637 ) ;
#1697 = FACE_OUTER_BOUND ( 'NONE', #2234, .T. ) ;
#1698 = ORIENTED_EDGE ( 'NONE', *, *, #2070, .T. ) ;
#1699 = DIRECTION ( 'NONE',  ( 0.000000000000000000, 0.000000000000000000, 1.000000000000000000 ) ) ;
#1700 = VECTOR ( 'NONE', #1037, 100.0000000000000000 ) ;
#1701 = AXIS2_PLACEMENT_3D ( 'NONE', #2122, #1401, #885 ) ;
#1702 = PLANE ( 'NONE',  #1057 ) ;
#1703 = ORIENTED_EDGE ( 'NONE', *, *, #538, .F. ) ;
#1704 = DIRECTION ( 'NONE',  ( -0.000000000000000000, 0.000000000000000000, 1.000000000000000000 ) ) ;
#1705 = LINE ( 'NONE', #2018, #595 ) ;
#1706 = ORIENTED_EDGE ( 'NONE', *, *, #1090, .F. ) ;
#1707 = CARTESIAN_POINT ( 'NONE',  ( 10.84093505051287210, 13.77897831453243427, 0.3125000000000000000 ) ) ;
#1708 = ORIENTED_EDGE ( 'NONE', *, *, #2121, .T. ) ;
#1709 = CARTESIAN_POINT ( 'NONE',  ( 11.51842019431346742, 20.02262722514188908, 0.9375000000000000000 ) ) ;
#1710 = EDGE_CURVE ( 'NONE', #1578, #1225, #1773, .T. ) ;
#1711 = CARTESIAN_POINT ( 'NONE',  ( 9.685920194313467846, 12.71792185783547069, 0.000000000000000000 ) ) ;
#1712 = DIRECTION ( 'NONE',  ( 0.000000000000000000, 1.000000000000000000, -0.000000000000000000 ) ) ;
#1713 = ADVANCED_FACE ( 'NONE', ( #1967 ), #1956, .T. ) ;
#1714 = ORIENTED_EDGE ( 'NONE', *, *, #2337, .F. ) ;
#1715 = EDGE_CURVE ( 'NONE', #1675, #1325, #2243, .T. ) ;
#1716 = DIRECTION ( 'NONE',  ( -0.7071067811865475727, -0.7071067811865475727, 0.000000000000000000 ) ) ;
#1717 = DIRECTION ( 'NONE',  ( -0.000000000000000000, -0.000000000000000000, 1.000000000000000000 ) ) ;
#1718 = VERTEX_POINT ( 'NONE', #869 ) ;
#1719 = CARTESIAN_POINT ( 'NONE',  ( 11.34093505051287032, 15.57920825898136208, 0.6875000000000000000 ) ) ;
#1720 = ADVANCED_FACE ( 'NONE', ( #458 ), #1386, .F. ) ;
#1721 = CARTESIAN_POINT ( 'NONE',  ( 11.06261436813762700, 12.19961603165962849, 0.9375000000000000000 ) ) ;
#1722 = EDGE_LOOP ( 'NONE', ( #2058, #124, #1706, #1603 ) ) ;
#1723 = DIRECTION ( 'NONE',  ( 1.000000000000000000, 0.000000000000000000, 0.000000000000000000 ) ) ;
#1724 = FACE_OUTER_BOUND ( 'NONE', #1634, .T. ) ;
#1725 = DIRECTION ( 'NONE',  ( -0.000000000000000000, 0.000000000000000000, 1.000000000000000000 ) ) ;
#1726 = AXIS2_PLACEMENT_3D ( 'NONE', #13, #1679, #747 ) ;
#1727 = DIRECTION ( 'NONE',  ( -1.000000000000000000, 0.000000000000000000, 0.000000000000000000 ) ) ;
#1728 = PLANE ( 'NONE',  #1093 ) ;
#1729 = ORIENTED_EDGE ( 'NONE', *, *, #1222, .T. ) ;
#1730 = DIRECTION ( 'NONE',  ( 1.000000000000000000, -0.000000000000000000, 0.000000000000000000 ) ) ;
#1731 = CIRCLE ( 'NONE', #162, 0.6974999999999995648 ) ;
#1732 = AXIS2_PLACEMENT_3D ( 'NONE', #1343, #1170, #1489 ) ;
#1733 = CARTESIAN_POINT ( 'NONE',  ( 10.63342019431346763, 10.22494153104163139, 1.000000000000000000 ) ) ;
#1734 = ORIENTED_EDGE ( 'NONE', *, *, #123, .F. ) ;
#1735 = LINE ( 'NONE', #2249, #516 ) ;
#1736 = CIRCLE ( 'NONE', #438, 1.134999999999999787 ) ;
#1737 = ADVANCED_FACE ( 'NONE', ( #507 ), #2298, .F. ) ;
#1738 = DIRECTION ( 'NONE',  ( -1.906599351286662830E-16, 1.000000000000000000, -0.000000000000000000 ) ) ;
#1739 = DIRECTION ( 'NONE',  ( 0.000000000000000000, 0.000000000000000000, -1.000000000000000000 ) ) ;
#1740 = AXIS2_PLACEMENT_3D ( 'NONE', #1, #1475, #167 ) ;
#1741 = AXIS2_PLACEMENT_3D ( 'NONE', #257, #84, #1739 ) ;
#1742 = AXIS2_PLACEMENT_3D ( 'NONE', #699, #1620, #1480 ) ;
#1743 = ORIENTED_EDGE ( 'NONE', *, *, #1338, .F. ) ;
#1744 = CARTESIAN_POINT ( 'NONE',  ( 10.24842019431346607, 20.52262722514188908, 0.9741116523516801795 ) ) ;
#1745 = EDGE_CURVE ( 'NONE', #2286, #2160, #2150, .T. ) ;
#1746 = CARTESIAN_POINT ( 'NONE',  ( 11.70592019431346742, 0.000000000000000000, 0.06250000000000005551 ) ) ;
#1747 = EDGE_LOOP ( 'NONE', ( #1106, #1125, #487, #1416 ) ) ;
#1748 = CARTESIAN_POINT ( 'NONE',  ( 11.01842019431346920, 12.24381020548378984, 0.06250000000000000000 ) ) ;
#1749 = EDGE_CURVE ( 'NONE', #2027, #1304, #1212, .T. ) ;
#1750 = CARTESIAN_POINT ( 'NONE',  ( 10.42590533811406317, 15.57920825898136208, 0.6875000000000000000 ) ) ;
#1751 = ORIENTED_EDGE ( 'NONE', *, *, #297, .F. ) ;
#1752 = DIRECTION ( 'NONE',  ( 1.906599351286662830E-16, -1.000000000000000000, 0.000000000000000000 ) ) ;
#1753 = EDGE_CURVE ( 'NONE', #2230, #1755, #1197, .T. ) ;
#1754 = DIRECTION ( 'NONE',  ( -1.000000000000000000, 0.000000000000000000, 0.000000000000000000 ) ) ;
#1755 = VERTEX_POINT ( 'NONE', #1761 ) ;
#1756 = CARTESIAN_POINT ( 'NONE',  ( 9.722531846665146915, 20.03335052984524722, 1.476381912677596247E-16 ) ) ;
#1757 = CYLINDRICAL_SURFACE ( 'NONE', #406, 0.06250000000000005551 ) ;
#1758 = ORIENTED_EDGE ( 'NONE', *, *, #1657, .T. ) ;
#1759 = LINE ( 'NONE', #1025, #742 ) ;
#1760 = EDGE_CURVE ( 'NONE', #879, #1675, #672, .T. ) ;
#1761 = CARTESIAN_POINT ( 'NONE',  ( 11.51842019431346742, 12.74381020548378807, 0.7500000000000000000 ) ) ;
#1762 = EDGE_LOOP ( 'NONE', ( #736, #1083, #2268, #947, #1079, #203, #1307, #1672 ) ) ;
#1763 = CARTESIAN_POINT ( 'NONE',  ( 9.863405338114061394, 15.57920825898136208, 0.7500000000000000000 ) ) ;
#1764 = LINE ( 'NONE', #874, #1859 ) ;
#1765 = LINE ( 'NONE', #1230, #1207 ) ;
#1766 = EDGE_CURVE ( 'NONE', #2087, #1397, #513, .T. ) ;
#1767 = EDGE_CURVE ( 'NONE', #1927, #1951, #537, .T. ) ;
#1768 = CARTESIAN_POINT ( 'NONE',  ( 9.748420194313467846, 12.74381020548378629, 0.2500000000000000000 ) ) ;
#1769 = CARTESIAN_POINT ( 'NONE',  ( 11.06261436813762522, 20.56682139896604866, 0.06250000000000001388 ) ) ;
#1770 = ORIENTED_EDGE ( 'NONE', *, *, #1265, .F. ) ;
#1771 = DIRECTION ( 'NONE',  ( -0.000000000000000000, 0.000000000000000000, 1.000000000000000000 ) ) ;
#1772 = TOROIDAL_SURFACE ( 'NONE', #239, 0.5625000000000011102, 0.06250000000000000000 ) ;
#1773 = LINE ( 'NONE', #1046, #982 ) ;
#1774 = AXIS2_PLACEMENT_3D ( 'NONE', #871, #1606, #1752 ) ;
#1775 = EDGE_LOOP ( 'NONE', ( #1410, #1691, #2061, #1596 ) ) ;
#1776 = DIRECTION ( 'NONE',  ( 1.224646799147353207E-16, 1.000000000000000000, 0.000000000000000000 ) ) ;
#1777 = TOROIDAL_SURFACE ( 'NONE', #1891, 0.3799999999999997269, 0.06250000000000000000 ) ;
#1778 = DIRECTION ( 'NONE',  ( 1.000000000000000000, -0.000000000000000000, 0.000000000000000000 ) ) ;
#1779 = CARTESIAN_POINT ( 'NONE',  ( 0.000000000000000000, 0.000000000000000000, 0.2500000000000000000 ) ) ;
#1780 =( BOUNDED_CURVE ( )  B_SPLINE_CURVE ( 3, ( #2280, #827, #373, #1344 ),
 .UNSPECIFIED., .F., .F. ) 
 B_SPLINE_CURVE_WITH_KNOTS ( ( 4, 4 ),
 ( 4.712388980384689674, 6.283185307179586232 ),
 .UNSPECIFIED. ) 
 CURVE ( )  GEOMETRIC_REPRESENTATION_ITEM ( )  RATIONAL_B_SPLINE_CURVE ( ( 1.000000000000000000, 0.8047378541243649375, 0.8047378541243649375, 1.000000000000000000 ) ) 
 REPRESENTATION_ITEM ( '' )  );
#1781 = AXIS2_PLACEMENT_3D ( 'NONE', #1789, #274, #2139 ) ;
#1782 = EDGE_CURVE ( 'NONE', #2196, #950, #730, .T. ) ;
#1783 = VECTOR ( 'NONE', #1371, 100.0000000000000000 ) ;
#1784 = CARTESIAN_POINT ( 'NONE',  ( 11.76842019431346742, 10.22494153104163139, 1.000000000000000000 ) ) ;
#1785 = VECTOR ( 'NONE', #534, 100.0000000000000000 ) ;
#1786 = CIRCLE ( 'NONE', #1251, 0.6974999999999995648 ) ;
#1787 = DIRECTION ( 'NONE',  ( 0.000000000000000000, 1.000000000000000000, 0.000000000000000000 ) ) ;
#1788 = ORIENTED_EDGE ( 'NONE', *, *, #160, .T. ) ;
#1789 = CARTESIAN_POINT ( 'NONE',  ( 10.84093505051287210, 16.14170825898136030, 0.3125000000000000000 ) ) ;
#1790 = CIRCLE ( 'NONE', #987, 0.06249999999999997224 ) ;
#1791 = EDGE_LOOP ( 'NONE', ( #1903, #1518, #886, #2053 ) ) ;
#1792 = CARTESIAN_POINT ( 'NONE',  ( 10.42590533811406317, 14.34147831453243249, 0.7500000000000000000 ) ) ;
#1793 = DIRECTION ( 'NONE',  ( 0.000000000000000000, 0.000000000000000000, -1.000000000000000000 ) ) ;
#1794 = FACE_OUTER_BOUND ( 'NONE', #1028, .T. ) ;
#1795 = CARTESIAN_POINT ( 'NONE',  ( 9.748420194313467846, 12.74381020548378629, 0.7500000000000000000 ) ) ;
#1796 = EDGE_CURVE ( 'NONE', #1678, #1825, #1003, .T. ) ;
#1797 = CARTESIAN_POINT ( 'NONE',  ( 10.42590533811406139, 13.77897831453243427, 0.7500000000000000000 ) ) ;
#1798 = EDGE_CURVE ( 'NONE', #940, #39, #1765, .T. ) ;
#1799 = VERTEX_POINT ( 'NONE', #279 ) ;
#1800 = DIRECTION ( 'NONE',  ( 0.000000000000000000, 1.000000000000000000, 0.000000000000000000 ) ) ;
#1801 = ORIENTED_EDGE ( 'NONE', *, *, #1291, .F. ) ;
#1802 = DIRECTION ( 'NONE',  ( -1.000000000000000000, 0.000000000000000000, 0.000000000000000000 ) ) ;
#1803 = CARTESIAN_POINT ( 'NONE',  ( 9.498420194313467846, 10.22494153104163139, 0.06250000000000005551 ) ) ;
#1804 = DIRECTION ( 'NONE',  ( 0.7071067811865475727, -0.7071067811865475727, 0.000000000000000000 ) ) ;
#1805 = VERTEX_POINT ( 'NONE', #475 ) ;
#1806 = ADVANCED_FACE ( 'NONE', ( #1935 ), #1016, .T. ) ;
#1807 = DIRECTION ( 'NONE',  ( -0.7071067811865475727, -0.7071067811865475727, -0.000000000000000000 ) ) ;
#1808 = ORIENTED_EDGE ( 'NONE', *, *, #2327, .F. ) ;
#1809 = CARTESIAN_POINT ( 'NONE',  ( 11.01842019431346564, 20.52262722514188908, 0.7500000000000000000 ) ) ;
#1810 = ORIENTED_EDGE ( 'NONE', *, *, #1997, .F. ) ;
#1811 = CARTESIAN_POINT ( 'NONE',  ( 10.22253184666514869, 20.58512722514188908, 0.000000000000000000 ) ) ;
#1812 = ADVANCED_BREP_SHAPE_REPRESENTATION ( 'straight down pull bar linkage', ( #2376, #788 ), #1938 ) ;
#1813 = VECTOR ( 'NONE', #1827, 100.0000000000000000 ) ;
#1814 = PRODUCT_DEFINITION_CONTEXT ( 'detailed design', #464, 'design' ) ;
#1815 = DIRECTION ( 'NONE',  ( -0.7071067811865475727, -0.7071067811865475727, -0.000000000000000000 ) ) ;
#1816 = DIRECTION ( 'NONE',  ( 0.000000000000000000, 1.000000000000000000, 0.000000000000000000 ) ) ;
#1817 = ORIENTED_EDGE ( 'NONE', *, *, #2345, .T. ) ;
#1818 = VECTOR ( 'NONE', #1362, 100.0000000000000000 ) ;
#1819 = ADVANCED_FACE ( 'NONE', ( #294 ), #2134, .T. ) ;
#1820 = AXIS2_PLACEMENT_3D ( 'NONE', #857, #1778, #1973 ) ;
#1821 = AXIS2_PLACEMENT_3D ( 'NONE', #1091, #1293, #179 ) ;
#1822 = ORIENTED_EDGE ( 'NONE', *, *, #2119, .T. ) ;
#1823 = PLANE ( 'NONE',  #863 ) ;
#1824 = AXIS2_PLACEMENT_3D ( 'NONE', #2155, #884, #1608 ) ;
#1825 = VERTEX_POINT ( 'NONE', #2096 ) ;
#1826 = ADVANCED_FACE ( 'NONE', ( #2132 ), #836, .T. ) ;
#1827 = DIRECTION ( 'NONE',  ( -0.000000000000000000, -0.000000000000000000, -1.000000000000000000 ) ) ;
#1828 = VECTOR ( 'NONE', #894, 100.0000000000000000 ) ;
#1829 = FACE_OUTER_BOUND ( 'NONE', #37, .T. ) ;
#1830 = CARTESIAN_POINT ( 'NONE',  ( 9.748420194313467846, 12.74381020548378629, 0.7500000000000000000 ) ) ;
#1831 = ORIENTED_EDGE ( 'NONE', *, *, #1892, .T. ) ;
#1832 = EDGE_CURVE ( 'NONE', #1578, #1266, #443, .T. ) ;
#1833 = CARTESIAN_POINT ( 'NONE',  ( 10.42590533811406317, 14.34147831453243249, 0.3125000000000000000 ) ) ;
#1834 = EDGE_LOOP ( 'NONE', ( #1729, #2175, #870, #2307 ) ) ;
#1835 = CARTESIAN_POINT ( 'NONE',  ( 10.63342019431346763, 10.22494153104163139, 0.9375000000000000000 ) ) ;
#1836 = VERTEX_POINT ( 'NONE', #1178 ) ;
#1837 = LINE ( 'NONE', #705, #1273 ) ;
#1838 = EDGE_CURVE ( 'NONE', #810, #2173, #1167, .T. ) ;
#1839 = DIRECTION ( 'NONE',  ( -0.000000000000000000, 0.000000000000000000, -1.000000000000000000 ) ) ;
#1840 = DIRECTION ( 'NONE',  ( -0.000000000000000000, -1.000000000000000000, 0.000000000000000000 ) ) ;
#1841 = ORIENTED_EDGE ( 'NONE', *, *, #5, .F. ) ;
#1842 = DIRECTION ( 'NONE',  ( -0.000000000000000000, -1.000000000000000000, -0.000000000000000000 ) ) ;
#1843 = PLANE ( 'NONE',  #1742 ) ;
#1844 = ORIENTED_EDGE ( 'NONE', *, *, #1958, .T. ) ;
#1845 = CARTESIAN_POINT ( 'NONE',  ( -5.181297689238370197, 5.181297689238370197, 0.9375000000000000000 ) ) ;
#1846 = ORIENTED_EDGE ( 'NONE', *, *, #1521, .F. ) ;
#1847 = CARTESIAN_POINT ( 'NONE',  ( 11.33092019431346742, 10.22494153104163139, 2.710505431213761085E-17 ) ) ;
#1848 = DIRECTION ( 'NONE',  ( -1.000000000000000000, 0.000000000000000000, 0.000000000000000000 ) ) ;
#1849 = CARTESIAN_POINT ( 'NONE',  ( 11.51842019431346742, 12.74381020548378807, 0.9375000000000000000 ) ) ;
#1850 = VERTEX_POINT ( 'NONE', #1031 ) ;
#1851 = VERTEX_POINT ( 'NONE', #2291 ) ;
#1852 = VECTOR ( 'NONE', #686, 100.0000000000000000 ) ;
#1853 = AXIS2_PLACEMENT_3D ( 'NONE', #1676, #1336, #1695 ) ;
#1854 = EDGE_CURVE ( 'NONE', #912, #413, #1786, .T. ) ;
#1855 = TOROIDAL_SURFACE ( 'NONE', #978, 1.072499999999999787, 0.06250000000000000000 ) ;
#1856 = CARTESIAN_POINT ( 'NONE',  ( 10.95092019431346664, 22.22494153104162962, 0.9375000000000000000 ) ) ;
#1857 = ORIENTED_EDGE ( 'NONE', *, *, #509, .F. ) ;
#1858 = DIRECTION ( 'NONE',  ( 0.7071067811865475727, -0.7071067811865475727, 0.000000000000000000 ) ) ;
#1859 = VECTOR ( 'NONE', #2143, 100.0000000000000000 ) ;
#1860 = CIRCLE ( 'NONE', #2169, 0.3174999999999997269 ) ;
#1861 = ORIENTED_EDGE ( 'NONE', *, *, #819, .F. ) ;
#1862 = DIRECTION ( 'NONE',  ( -0.7071067811865586750, -0.7071067811865364705, 0.000000000000000000 ) ) ;
#1863 = AXIS2_PLACEMENT_3D ( 'NONE', #719, #317, #1092 ) ;
#1864 = CARTESIAN_POINT ( 'NONE',  ( 11.70592019431346742, 10.22494153104163139, 0.06250000000000005551 ) ) ;
#1865 = DIRECTION ( 'NONE',  ( 0.000000000000000000, 0.000000000000000000, -1.000000000000000000 ) ) ;
#1866 = AXIS2_PLACEMENT_3D ( 'NONE', #1769, #127, #503 ) ;
#1867 = EDGE_LOOP ( 'NONE', ( #1035, #1640, #86, #813 ) ) ;
#1868 = ORIENTED_EDGE ( 'NONE', *, *, #1902, .T. ) ;
#1869 = DIRECTION ( 'NONE',  ( 0.7071067811865475727, 0.7071067811865475727, 0.000000000000000000 ) ) ;
#1870 = ADVANCED_FACE ( 'NONE', ( #2108 ), #1549, .T. ) ;
#1871 = ORIENTED_EDGE ( 'NONE', *, *, #1641, .T. ) ;
#1872 = DIRECTION ( 'NONE',  ( -1.000000000000000000, 0.000000000000000000, -0.000000000000000000 ) ) ;
#1873 = EDGE_CURVE ( 'NONE', #1481, #1718, #526, .T. ) ;
#1874 = ORIENTED_EDGE ( 'NONE', *, *, #1796, .T. ) ;
#1875 = CARTESIAN_POINT ( 'NONE',  ( 9.685920194313467846, 20.04851557279020824, 0.000000000000000000 ) ) ;
#1876 = DIRECTION ( 'NONE',  ( 0.7071067811865475727, -0.7071067811865475727, 0.000000000000000000 ) ) ;
#1877 = ORIENTED_EDGE ( 'NONE', *, *, #301, .T. ) ;
#1878 = CARTESIAN_POINT ( 'NONE',  ( 10.84093505051287210, 14.34147831453243249, 0.3125000000000000000 ) ) ;
#1879 = DIRECTION ( 'NONE',  ( 0.000000000000000000, 0.000000000000000000, -1.000000000000000000 ) ) ;
#1880 = DIRECTION ( 'NONE',  ( 0.000000000000000000, -0.000000000000000000, -1.000000000000000000 ) ) ;
#1881 = VERTEX_POINT ( 'NONE', #2179 ) ;
#1882 = DIRECTION ( 'NONE',  ( -0.7071067811865485719, 0.7071067811865465735, -0.000000000000000000 ) ) ;
#1883 = ORIENTED_EDGE ( 'NONE', *, *, #224, .T. ) ;
#1884 = DIRECTION ( 'NONE',  ( 0.7071067811865475727, 0.7071067811865475727, 0.000000000000000000 ) ) ;
#1885 = CARTESIAN_POINT ( 'NONE',  ( 10.24842019431346785, 12.18131020548378629, 1.000000000000000000 ) ) ;
#1886 = VERTEX_POINT ( 'NONE', #2167 ) ;
#1887 = DIRECTION ( 'NONE',  ( -0.000000000000000000, -0.000000000000000000, -1.000000000000000000 ) ) ;
#1888 = FACE_BOUND ( 'NONE', #1939, .T. ) ;
#1889 = CIRCLE ( 'NONE', #2276, 0.5624999999999991118 ) ;
#1890 = ORIENTED_EDGE ( 'NONE', *, *, #1324, .T. ) ;
#1891 = AXIS2_PLACEMENT_3D ( 'NONE', #199, #10, #542 ) ;
#1892 = EDGE_CURVE ( 'NONE', #1174, #1525, #1253, .T. ) ;
#1893 = AXIS2_PLACEMENT_3D ( 'NONE', #897, #1622, #714 ) ;
#1894 = EDGE_LOOP ( 'NONE', ( #355, #1384, #218, #961 ) ) ;
#1895 = CARTESIAN_POINT ( 'NONE',  ( 11.01842019431346564, 20.52262722514188908, 0.06250000000000001388 ) ) ;
#1896 = DIRECTION ( 'NONE',  ( 1.000000000000000000, 0.000000000000000000, 0.000000000000000000 ) ) ;
#1897 = ORIENTED_EDGE ( 'NONE', *, *, #1218, .T. ) ;
#1898 = CARTESIAN_POINT ( 'NONE',  ( 10.24842019431346785, 12.24381020548378629, 0.06250000000000000000 ) ) ;
#1899 = CIRCLE ( 'NONE', #868, 0.06249999999999997224 ) ;
#1900 = AXIS2_PLACEMENT_3D ( 'NONE', #2224, #1124, #1865 ) ;
#1901 = CARTESIAN_POINT ( 'NONE',  ( 11.01842019431346564, 20.52262722514188908, 0.7500000000000000000 ) ) ;
#1902 = EDGE_CURVE ( 'NONE', #1919, #574, #1239, .T. ) ;
#1903 = ORIENTED_EDGE ( 'NONE', *, *, #547, .F. ) ;
#1904 = CARTESIAN_POINT ( 'NONE',  ( 11.34093505051287032, 15.57920825898136208, 0.000000000000000000 ) ) ;
#1905 = DIRECTION ( 'NONE',  ( -1.000000000000000000, 0.000000000000000000, -0.000000000000000000 ) ) ;
#1906 = ORIENTED_EDGE ( 'NONE', *, *, #385, .F. ) ;
#1907 = CARTESIAN_POINT ( 'NONE',  ( 10.63342019431346763, 10.22494153104163139, 0.000000000000000000 ) ) ;
#1908 = DIRECTION ( 'NONE',  ( 0.7071067811865475727, 0.7071067811865475727, 0.000000000000000000 ) ) ;
#1909 = VERTEX_POINT ( 'NONE', #1995 ) ;
#1910 = LINE ( 'NONE', #2272, #473 ) ;
#1911 = DIRECTION ( 'NONE',  ( -0.000000000000000000, 0.000000000000000000, 1.000000000000000000 ) ) ;
#1912 = CARTESIAN_POINT ( 'NONE',  ( 9.748420194313467846, 20.02262722514188908, 0.7500000000000000000 ) ) ;
#1913 = EDGE_CURVE ( 'NONE', #1624, #229, #362, .T. ) ;
#1914 = EDGE_LOOP ( 'NONE', ( #1808, #2003, #769, #232 ) ) ;
#1915 = CARTESIAN_POINT ( 'NONE',  ( 10.23769688961010438, 20.54851557279020824, 0.9999999999999983347 ) ) ;
#1916 = CARTESIAN_POINT ( 'NONE',  ( 10.84093505051287210, 14.34147831453243249, 0.000000000000000000 ) ) ;
#1917 = ORIENTED_EDGE ( 'NONE', *, *, #318, .F. ) ;
#1918 = DIRECTION ( 'NONE',  ( -1.000000000000000000, 0.000000000000000000, 0.000000000000000000 ) ) ;
#1919 = VERTEX_POINT ( 'NONE', #342 ) ;
#1920 = DIRECTION ( 'NONE',  ( 0.000000000000000000, 0.000000000000000000, -1.000000000000000000 ) ) ;
#1921 = LINE ( 'NONE', #2312, #483 ) ;
#1922 = CARTESIAN_POINT ( 'NONE',  ( 9.685920194313467846, 20.04851557279020824, 1.000000000000000000 ) ) ;
#1923 = ADVANCED_FACE ( 'NONE', ( #1073 ), #352, .T. ) ;
#1924 = VERTEX_POINT ( 'NONE', #1082 ) ;
#1925 = PLANE ( 'NONE',  #1277 ) ;
#1926 = CYLINDRICAL_SURFACE ( 'NONE', #751, 0.06250000000000001388 ) ;
#1927 = VERTEX_POINT ( 'NONE', #1830 ) ;
#1928 = FACE_OUTER_BOUND ( 'NONE', #833, .T. ) ;
#1929 = CIRCLE ( 'NONE', #1654, 0.06250000000000005551 ) ;
#1930 = AXIS2_PLACEMENT_3D ( 'NONE', #691, #469, #645 ) ;
#1931 = DIRECTION ( 'NONE',  ( -0.7071067811865475727, -0.7071067811865475727, 0.000000000000000000 ) ) ;
#1932 = EDGE_LOOP ( 'NONE', ( #759, #920, #1130, #1216 ) ) ;
#1933 = VECTOR ( 'NONE', #1815, 100.0000000000000000 ) ;
#1934 = FACE_OUTER_BOUND ( 'NONE', #2025, .T. ) ;
#1935 = FACE_OUTER_BOUND ( 'NONE', #1488, .T. ) ;
#1936 = CIRCLE ( 'NONE', #287, 0.06250000000000000000 ) ;
#1937 = CIRCLE ( 'NONE', #1701, 0.3174999999999997269 ) ;
#1938 =( GEOMETRIC_REPRESENTATION_CONTEXT ( 3 ) GLOBAL_UNCERTAINTY_ASSIGNED_CONTEXT ( ( #135 ) ) GLOBAL_UNIT_ASSIGNED_CONTEXT ( ( #26, #36, #611 ) ) REPRESENTATION_CONTEXT ( 'NONE', 'WORKASPACE' ) );
#1939 = EDGE_LOOP ( 'NONE', ( #1406, #1361 ) ) ;
#1940 = CARTESIAN_POINT ( 'NONE',  ( 9.748420194313466070, 20.02262722514188198, 0.02588834764831856455 ) ) ;
#1941 = EDGE_CURVE ( 'NONE', #1909, #370, #545, .T. ) ;
#1942 = CARTESIAN_POINT ( 'NONE',  ( 10.42590533811406139, 16.14170825898136385, 0.6875000000000000000 ) ) ;
#1943 = ORIENTED_EDGE ( 'NONE', *, *, #478, .F. ) ;
#1944 = CARTESIAN_POINT ( 'NONE',  ( 11.58092019431346742, 12.71792185783546714, 0.000000000000000000 ) ) ;
#1945 = EDGE_CURVE ( 'NONE', #810, #1624, #403, .T. ) ;
#1946 = CARTESIAN_POINT ( 'NONE',  ( 11.51842019431346742, 20.02262722514188908, 0.7500000000000000000 ) ) ;
#1947 = ORIENTED_EDGE ( 'NONE', *, *, #1571, .T. ) ;
#1948 = CARTESIAN_POINT ( 'NONE',  ( 11.01842019431346564, 20.52262722514188908, 0.9375000000000000000 ) ) ;
#1949 = DIRECTION ( 'NONE',  ( 0.000000000000000000, 1.000000000000000000, -0.000000000000000000 ) ) ;
#1950 = ADVANCED_FACE ( 'NONE', ( #180 ), #2200, .T. ) ;
#1951 = VERTEX_POINT ( 'NONE', #2190 ) ;
#1952 = DIRECTION ( 'NONE',  ( 0.000000000000000000, 0.000000000000000000, -1.000000000000000000 ) ) ;
#1953 = FACE_OUTER_BOUND ( 'NONE', #1195, .T. ) ;
#1954 = ORIENTED_EDGE ( 'NONE', *, *, #2182, .T. ) ;
#1955 = CARTESIAN_POINT ( 'NONE',  ( 11.01842019431346742, 12.24381020548378807, 0.9375000000000000000 ) ) ;
#1956 = CYLINDRICAL_SURFACE ( 'NONE', #903, 0.06250000000000005551 ) ;
#1957 = EDGE_LOOP ( 'NONE', ( #57, #1345, #900, #1943 ) ) ;
#1958 = EDGE_CURVE ( 'NONE', #1825, #1155, #512, .T. ) ;
#1959 = LINE ( 'NONE', #2116, #1852 ) ;
#1960 = DIRECTION ( 'NONE',  ( 0.000000000000000000, 0.000000000000000000, -1.000000000000000000 ) ) ;
#1961 = DIRECTION ( 'NONE',  ( 0.000000000000000000, -1.000000000000000000, 0.000000000000000000 ) ) ;
#1962 = VERTEX_POINT ( 'NONE', #1051 ) ;
#1963 = CIRCLE ( 'NONE', #197, 0.4999999999999990563 ) ;
#1964 = DIRECTION ( 'NONE',  ( 0.000000000000000000, 0.000000000000000000, 1.000000000000000000 ) ) ;
#1965 = EDGE_LOOP ( 'NONE', ( #700, #608, #27, #1350, #2257, #2218, #1301, #29 ) ) ;
#1966 = LINE ( 'NONE', #506, #1431 ) ;
#1967 = FACE_OUTER_BOUND ( 'NONE', #1437, .T. ) ;
#1968 = AXIS2_PLACEMENT_3D ( 'NONE', #2231, #2283, #803 ) ;
#1969 = ORIENTED_EDGE ( 'NONE', *, *, #1521, .T. ) ;
#1970 = CARTESIAN_POINT ( 'NONE',  ( 9.560920194313467846, 22.22494153104162962, 0.9375000000000000000 ) ) ;
#1971 = TOROIDAL_SURFACE ( 'NONE', #1541, 0.3799999999999997269, 0.06250000000000000000 ) ;
#1972 = ADVANCED_FACE ( 'NONE', ( #1974, #1794 ), #2, .F. ) ;
#1973 = DIRECTION ( 'NONE',  ( 0.000000000000000000, 0.000000000000000000, -1.000000000000000000 ) ) ;
#1974 = FACE_BOUND ( 'NONE', #1965, .T. ) ;
#1975 = VECTOR ( 'NONE', #1180, 100.0000000000000000 ) ;
#1976 = EDGE_CURVE ( 'NONE', #1650, #413, #55, .T. ) ;
#1977 = VECTOR ( 'NONE', #2251, 100.0000000000000000 ) ;
#1978 = DIRECTION ( 'NONE',  ( -0.000000000000000000, -0.000000000000000000, 1.000000000000000000 ) ) ;
#1979 = VERTEX_POINT ( 'NONE', #155 ) ;
#1980 = CIRCLE ( 'NONE', #1166, 0.06250000000000000000 ) ;
#1981 = VECTOR ( 'NONE', #1717, 100.0000000000000000 ) ;
#1982 = DIRECTION ( 'NONE',  ( 1.000000000000000000, 0.000000000000000000, 0.000000000000000000 ) ) ;
#1983 = ORIENTED_EDGE ( 'NONE', *, *, #2332, .F. ) ;
#1984 = CARTESIAN_POINT ( 'NONE',  ( 9.685920194313467846, 0.000000000000000000, 1.000000000000000000 ) ) ;
#1985 = ORIENTED_EDGE ( 'NONE', *, *, #1613, .F. ) ;
#1986 = DIRECTION ( 'NONE',  ( 0.000000000000000000, 0.000000000000000000, 1.000000000000000000 ) ) ;
#1987 = CARTESIAN_POINT ( 'NONE',  ( 10.42590533811406317, 15.57920825898136208, 0.7500000000000000000 ) ) ;
#1988 = CARTESIAN_POINT ( 'NONE',  ( 10.84093505051287210, 13.84147831453243249, 0.6875000000000000000 ) ) ;
#1989 = ADVANCED_FACE ( 'NONE', ( #875 ), #1419, .T. ) ;
#1990 = ORIENTED_EDGE ( 'NONE', *, *, #2297, .F. ) ;
#1991 = CARTESIAN_POINT ( 'NONE',  ( 10.31592019431346685, 22.22494153104162962, 0.9375000000000000000 ) ) ;
#1992 = ORIENTED_EDGE ( 'NONE', *, *, #385, .T. ) ;
#1993 = CARTESIAN_POINT ( 'NONE',  ( 11.40343505051287032, 15.57920825898136208, 0.7500000000000000000 ) ) ;
#1994 = DIRECTION ( 'NONE',  ( -0.000000000000000000, -0.000000000000000000, 1.000000000000000000 ) ) ;
#1995 = CARTESIAN_POINT ( 'NONE',  ( 11.76842019431346742, 10.22494153104163139, 0.06250000000000005551 ) ) ;
#1996 = ORIENTED_EDGE ( 'NONE', *, *, #764, .T. ) ;
#1997 = EDGE_CURVE ( 'NONE', #1507, #2356, #213, .T. ) ;
#1998 = CARTESIAN_POINT ( 'NONE',  ( 9.748420194313467846, 12.74381020548378629, 0.06250000000000001388 ) ) ;
#1999 = VERTEX_POINT ( 'NONE', #1429 ) ;
#2000 = LINE ( 'NONE', #1097, #2320 ) ;
#2001 = AXIS2_PLACEMENT_3D ( 'NONE', #1519, #977, #421 ) ;
#2002 = EDGE_CURVE ( 'NONE', #1381, #374, #1618, .T. ) ;
#2003 = ORIENTED_EDGE ( 'NONE', *, *, #677, .F. ) ;
#2004 = VECTOR ( 'NONE', #1066, 100.0000000000000000 ) ;
#2005 = CARTESIAN_POINT ( 'NONE',  ( 11.40343505051287032, 14.34147831453243249, 0.7500000000000000000 ) ) ;
#2006 = CARTESIAN_POINT ( 'NONE',  ( 11.51842019431346742, 20.02262722514188908, 0.2500000000000000000 ) ) ;
#2007 = VERTEX_POINT ( 'NONE', #1441 ) ;
#2008 = AXIS2_PLACEMENT_3D ( 'NONE', #359, #2358, #1099 ) ;
#2009 = CIRCLE ( 'NONE', #2242, 0.6974999999999995648 ) ;
#2010 = AXIS2_PLACEMENT_3D ( 'NONE', #1364, #486, #118 ) ;
#2011 = ORIENTED_EDGE ( 'NONE', *, *, #593, .T. ) ;
#2012 = CARTESIAN_POINT ( 'NONE',  ( 11.70592019431346742, 22.22494153104162962, 1.000000000000000000 ) ) ;
#2013 = EDGE_CURVE ( 'NONE', #2007, #1376, #1705, .T. ) ;
#2014 = EDGE_LOOP ( 'NONE', ( #1708, #2019, #339, #2104 ) ) ;
#2015 = CARTESIAN_POINT ( 'NONE',  ( 11.40343505051287032, 14.34147831453243249, 0.3125000000000000000 ) ) ;
#2016 = AXIS2_PLACEMENT_3D ( 'NONE', #1034, #850, #2331 ) ;
#2017 = CARTESIAN_POINT ( 'NONE',  ( 9.748420194313467846, 20.02262722514188908, 0.2500000000000000000 ) ) ;
#2018 = CARTESIAN_POINT ( 'NONE',  ( 9.748420194313467846, 12.74381020548378629, 0.2500000000000000000 ) ) ;
#2019 = ORIENTED_EDGE ( 'NONE', *, *, #184, .F. ) ;
#2020 = ORIENTED_EDGE ( 'NONE', *, *, #59, .F. ) ;
#2021 = ADVANCED_FACE ( 'NONE', ( #926 ), #2267, .F. ) ;
#2022 = EDGE_CURVE ( 'NONE', #1836, #204, #985, .T. ) ;
#2023 = CARTESIAN_POINT ( 'NONE',  ( 11.06261436813762700, 12.19961603165962849, 1.000000000000000000 ) ) ;
#2024 =( BOUNDED_CURVE ( )  B_SPLINE_CURVE ( 3, ( #1205, #1940, #1756, #1033 ),
 .UNSPECIFIED., .F., .F. ) 
 B_SPLINE_CURVE_WITH_KNOTS ( ( 4, 4 ),
 ( 3.141592653589793116, 4.712388980384686121 ),
 .UNSPECIFIED. ) 
 CURVE ( )  GEOMETRIC_REPRESENTATION_ITEM ( )  RATIONAL_B_SPLINE_CURVE ( ( 1.000000000000000000, 0.8047378541243658256, 0.8047378541243658256, 1.000000000000000000 ) ) 
 REPRESENTATION_ITEM ( '' )  );
#2025 = EDGE_LOOP ( 'NONE', ( #1890, #191, #303, #1770 ) ) ;
#2026 = DIRECTION ( 'NONE',  ( 1.000000000000000000, 0.000000000000000000, 0.000000000000000000 ) ) ;
#2027 = VERTEX_POINT ( 'NONE', #1181 ) ;
#2028 = CARTESIAN_POINT ( 'NONE',  ( 10.63342019431346763, 22.22494153104162962, 0.000000000000000000 ) ) ;
#2029 = CARTESIAN_POINT ( 'NONE',  ( 9.685920194313467846, 0.000000000000000000, 0.000000000000000000 ) ) ;
#2030 = DIRECTION ( 'NONE',  ( 1.000000000000000000, 0.000000000000000000, 0.000000000000000000 ) ) ;
#2031 = EDGE_CURVE ( 'NONE', #1537, #654, #2210, .T. ) ;
#2032 = ORIENTED_EDGE ( 'NONE', *, *, #2076, .F. ) ;
#2033 = DIRECTION ( 'NONE',  ( 0.000000000000000000, 0.000000000000000000, 1.000000000000000000 ) ) ;
#2034 = CARTESIAN_POINT ( 'NONE',  ( 9.560920194313467846, 10.22494153104163139, 0.000000000000000000 ) ) ;
#2035 = ORIENTED_EDGE ( 'NONE', *, *, #2145, .F. ) ;
#2036 = CARTESIAN_POINT ( 'NONE',  ( 9.748420194313467846, 12.74381020548378629, 0.06250000000000000000 ) ) ;
#2037 = ORIENTED_EDGE ( 'NONE', *, *, #126, .F. ) ;
#2038 = DIRECTION ( 'NONE',  ( 0.000000000000000000, -0.000000000000000000, -1.000000000000000000 ) ) ;
#2039 = FACE_OUTER_BOUND ( 'NONE', #214, .T. ) ;
#2040 = CARTESIAN_POINT ( 'NONE',  ( 11.54430854196178657, 20.03335052984524012, 0.9999999999999995559 ) ) ;
#2041 = ORIENTED_EDGE ( 'NONE', *, *, #969, .F. ) ;
#2042 = CARTESIAN_POINT ( 'NONE',  ( 9.863405338114059617, 14.34147831453243249, 0.3125000000000000000 ) ) ;
#2043 = ADVANCED_FACE ( 'NONE', ( #2085 ), #1303, .F. ) ;
#2044 = AXIS2_PLACEMENT_3D ( 'NONE', #1792, #1029, #1214 ) ;
#2045 = DIRECTION ( 'NONE',  ( 1.000000000000000000, -0.000000000000000000, 0.000000000000000000 ) ) ;
#2046 = AXIS2_PLACEMENT_3D ( 'NONE', #1685, #617, #2088 ) ;
#2047 = EDGE_CURVE ( 'NONE', #752, #1537, #202, .T. ) ;
#2048 = AXIS2_PLACEMENT_3D ( 'NONE', #948, #1716, #1858 ) ;
#2049 = VERTEX_POINT ( 'NONE', #260 ) ;
#2050 = DIRECTION ( 'NONE',  ( -0.000000000000000000, -0.000000000000000000, 1.000000000000000000 ) ) ;
#2051 = AXIS2_PLACEMENT_3D ( 'NONE', #1330, #1177, #220 ) ;
#2052 = CIRCLE ( 'NONE', #439, 0.06250000000000005551 ) ;
#2053 = ORIENTED_EDGE ( 'NONE', *, *, #1331, .T. ) ;
#2054 = DIRECTION ( 'NONE',  ( 0.000000000000000000, 0.000000000000000000, 1.000000000000000000 ) ) ;
#2055 = AXIS2_PLACEMENT_3D ( 'NONE', #846, #168, #1599 ) ;
#2056 = FACE_OUTER_BOUND ( 'NONE', #430, .T. ) ;
#2057 = AXIS2_PLACEMENT_3D ( 'NONE', #2316, #142, #1982 ) ;
#2058 = ORIENTED_EDGE ( 'NONE', *, *, #5, .T. ) ;
#2059 = CYLINDRICAL_SURFACE ( 'NONE', #1531, 1.134999999999999787 ) ;
#2060 = DIRECTION ( 'NONE',  ( 1.000000000000000000, 1.906599351286662830E-16, -0.000000000000000000 ) ) ;
#2061 = ORIENTED_EDGE ( 'NONE', *, *, #722, .F. ) ;
#2062 = DIRECTION ( 'NONE',  ( 1.000000000000000000, 0.000000000000000000, 0.000000000000000000 ) ) ;
#2063 = ORIENTED_EDGE ( 'NONE', *, *, #2250, .F. ) ;
#2064 = DIRECTION ( 'NONE',  ( 0.7071067811865475727, -0.7071067811865475727, 0.000000000000000000 ) ) ;
#2065 = CARTESIAN_POINT ( 'NONE',  ( 10.63342019431346763, 22.22494153104162962, 0.000000000000000000 ) ) ;
#2066 = ORIENTED_EDGE ( 'NONE', *, *, #1263, .T. ) ;
#2067 = EDGE_CURVE ( 'NONE', #713, #1850, #1780, .T. ) ;
#2068 = DIRECTION ( 'NONE',  ( 0.000000000000000000, 1.000000000000000000, -0.000000000000000000 ) ) ;
#2069 = CARTESIAN_POINT ( 'NONE',  ( 9.498420194313467846, 10.22494153104163139, 1.000000000000000000 ) ) ;
#2070 = EDGE_CURVE ( 'NONE', #18, #1850, #1553, .T. ) ;
#2071 = VERTEX_POINT ( 'NONE', #996 ) ;
#2072 = CARTESIAN_POINT ( 'NONE',  ( 0.000000000000000000, 20.58512722514188908, 1.000000000000000000 ) ) ;
#2073 = EDGE_CURVE ( 'NONE', #374, #810, #1101, .T. ) ;
#2074 = ORIENTED_EDGE ( 'NONE', *, *, #121, .F. ) ;
#2075 = DIRECTION ( 'NONE',  ( -0.000000000000000000, -0.000000000000000000, -1.000000000000000000 ) ) ;
#2076 = EDGE_CURVE ( 'NONE', #1718, #1266, #562, .T. ) ;
#2077 = PLANE ( 'NONE',  #561 ) ;
#2078 = ORIENTED_EDGE ( 'NONE', *, *, #20, .T. ) ;
#2079 = DIRECTION ( 'NONE',  ( 1.000000000000000000, 0.000000000000000000, 0.000000000000000000 ) ) ;
#2080 = CARTESIAN_POINT ( 'NONE',  ( 9.748420194313466070, 12.74381020548378807, 0.02588834764831846741 ) ) ;
#2081 = VECTOR ( 'NONE', #2093, 100.0000000000000000 ) ;
#2082 = EDGE_LOOP ( 'NONE', ( #441, #1462, #96, #187 ) ) ;
#2083 = CARTESIAN_POINT ( 'NONE',  ( 9.685920194313467846, 12.71792185783546714, 1.000000000000000000 ) ) ;
#2084 = AXIS2_PLACEMENT_3D ( 'NONE', #556, #349, #1279 ) ;
#2085 = FACE_OUTER_BOUND ( 'NONE', #866, .T. ) ;
#2086 = AXIS2_PLACEMENT_3D ( 'NONE', #1845, #911, #1468 ) ;
#2087 = VERTEX_POINT ( 'NONE', #571 ) ;
#2088 = DIRECTION ( 'NONE',  ( -1.000000000000000000, 0.000000000000000000, 0.000000000000000000 ) ) ;
#2089 = AXIS2_PLACEMENT_3D ( 'NONE', #1563, #1217, #1952 ) ;
#2090 = FACE_OUTER_BOUND ( 'NONE', #1204, .T. ) ;
#2091 = ORIENTED_EDGE ( 'NONE', *, *, #1641, .F. ) ;
#2092 = EDGE_CURVE ( 'NONE', #879, #854, #1172, .T. ) ;
#2093 = DIRECTION ( 'NONE',  ( -1.000000000000000000, -1.802310104910969035E-15, -0.000000000000000000 ) ) ;
#2094 = AXIS2_PLACEMENT_3D ( 'NONE', #2065, #2223, #1896 ) ;
#2095 = AXIS2_PLACEMENT_3D ( 'NONE', #1779, #559, #148 ) ;
#2096 = CARTESIAN_POINT ( 'NONE',  ( 10.24842019431346785, 20.52262722514188908, 0.7500000000000000000 ) ) ;
#2097 = PRODUCT_CONTEXT ( 'NONE', #2183, 'mechanical' ) ;
#2098 = ORIENTED_EDGE ( 'NONE', *, *, #841, .F. ) ;
#2099 = DIRECTION ( 'NONE',  ( -0.000000000000000000, -0.000000000000000000, -1.000000000000000000 ) ) ;
#2100 = DIRECTION ( 'NONE',  ( -0.000000000000000000, -0.000000000000000000, 1.000000000000000000 ) ) ;
#2101 = ORIENTED_EDGE ( 'NONE', *, *, #1760, .T. ) ;
#2102 = LINE ( 'NONE', #1312, #242 ) ;
#2103 = CARTESIAN_POINT ( 'NONE',  ( 10.63342019431346763, 10.22494153104163139, 1.000000000000000000 ) ) ;
#2104 = ORIENTED_EDGE ( 'NONE', *, *, #1189, .F. ) ;
#2105 = CARTESIAN_POINT ( 'NONE',  ( 10.42590533811406139, 16.07920825898136030, 0.6875000000000000000 ) ) ;
#2106 = ADVANCED_FACE ( 'NONE', ( #23 ), #1728, .F. ) ;
#2107 = PLANE ( 'NONE',  #1820 ) ;
#2108 = FACE_OUTER_BOUND ( 'NONE', #468, .T. ) ;
#2109 = ORIENTED_EDGE ( 'NONE', *, *, #184, .T. ) ;
#2110 = FACE_OUTER_BOUND ( 'NONE', #2082, .T. ) ;
#2111 = CARTESIAN_POINT ( 'NONE',  ( 10.25342019431346685, 22.22494153104162962, 1.000000000000000000 ) ) ;
#2112 = ORIENTED_EDGE ( 'NONE', *, *, #746, .F. ) ;
#2113 = DIRECTION ( 'NONE',  ( -1.906599351286662830E-16, 1.000000000000000000, -0.000000000000000000 ) ) ;
#2114 = CARTESIAN_POINT ( 'NONE',  ( 11.51842019431346742, 12.74381020548378807, 0.2500000000000000000 ) ) ;
#2115 = ORIENTED_EDGE ( 'NONE', *, *, #501, .T. ) ;
#2116 = CARTESIAN_POINT ( 'NONE',  ( 10.84093505051287210, 13.77897831453243427, 0.2500000000000000000 ) ) ;
#2117 = LINE ( 'NONE', #1390, #170 ) ;
#2118 =( BOUNDED_CURVE ( )  B_SPLINE_CURVE ( 3, ( #454, #1744, #1915, #87 ),
 .UNSPECIFIED., .F., .F. ) 
 B_SPLINE_CURVE_WITH_KNOTS ( ( 4, 4 ),
 ( 0.000000000000000000, 1.570796326794850817 ),
 .UNSPECIFIED. ) 
 CURVE ( )  GEOMETRIC_REPRESENTATION_ITEM ( )  RATIONAL_B_SPLINE_CURVE ( ( 1.000000000000000000, 0.8047378541243759287, 0.8047378541243759287, 1.000000000000000000 ) ) 
 REPRESENTATION_ITEM ( '' )  );
#2119 = EDGE_CURVE ( 'NONE', #849, #792, #2289, .T. ) ;
#2120 = ORIENTED_EDGE ( 'NONE', *, *, #1369, .T. ) ;
#2121 = EDGE_CURVE ( 'NONE', #39, #1136, #291, .T. ) ;
#2122 = CARTESIAN_POINT ( 'NONE',  ( 10.63342019431346763, 22.22494153104162962, 0.9375000000000000000 ) ) ;
#2123 = ORIENTED_EDGE ( 'NONE', *, *, #878, .T. ) ;
#2124 = LINE ( 'NONE', #1604, #282 ) ;
#2125 = TOROIDAL_SURFACE ( 'NONE', #860, 0.5625000000000011102, 0.06250000000000000000 ) ;
#2126 = VECTOR ( 'NONE', #1404, 100.0000000000000000 ) ;
#2127 = DIRECTION ( 'NONE',  ( 0.000000000000000000, 0.000000000000000000, -1.000000000000000000 ) ) ;
#2128 = EDGE_LOOP ( 'NONE', ( #2041, #353, #1000, #1868 ) ) ;
#2129 = PLANE ( 'NONE',  #161 ) ;
#2130 = CIRCLE ( 'NONE', #329, 0.06249999999999997224 ) ;
#2131 = FACE_OUTER_BOUND ( 'NONE', #1423, .T. ) ;
#2132 = FACE_OUTER_BOUND ( 'NONE', #2221, .T. ) ;
#2133 = AXIS2_PLACEMENT_3D ( 'NONE', #684, #275, #2127 ) ;
#2134 = TOROIDAL_SURFACE ( 'NONE', #944, 0.6974999999999994538, 0.06250000000000000000 ) ;
#2135 = ORIENTED_EDGE ( 'NONE', *, *, #2067, .T. ) ;
#2136 = DIRECTION ( 'NONE',  ( 1.000000000000000000, 0.000000000000000000, 0.000000000000000000 ) ) ;
#2137 = DIRECTION ( 'NONE',  ( 1.906599351286662830E-16, -1.000000000000000000, 0.000000000000000000 ) ) ;
#2138 = ORIENTED_EDGE ( 'NONE', *, *, #1902, .F. ) ;
#2139 = DIRECTION ( 'NONE',  ( 0.000000000000000000, 0.000000000000000000, -1.000000000000000000 ) ) ;
#2140 = DIRECTION ( 'NONE',  ( 1.000000000000000000, 0.000000000000000000, 0.000000000000000000 ) ) ;
#2141 = VERTEX_POINT ( 'NONE', #217 ) ;
#2142 = DIRECTION ( 'NONE',  ( 1.000000000000000000, 0.000000000000000000, 0.000000000000000000 ) ) ;
#2143 = DIRECTION ( 'NONE',  ( -0.000000000000000000, 1.000000000000000000, -0.000000000000000000 ) ) ;
#2144 = LINE ( 'NONE', #876, #2004 ) ;
#2145 = EDGE_CURVE ( 'NONE', #1755, #1850, #952, .T. ) ;
#2146 = DIRECTION ( 'NONE',  ( 1.000000000000000000, 0.000000000000000000, 0.000000000000000000 ) ) ;
#2147 = VERTEX_POINT ( 'NONE', #1524 ) ;
#2148 = LINE ( 'NONE', #1183, #1276 ) ;
#2149 = EDGE_CURVE ( 'NONE', #752, #229, #77, .T. ) ;
#2150 = LINE ( 'NONE', #2114, #52 ) ;
#2151 = ORIENTED_EDGE ( 'NONE', *, *, #1715, .T. ) ;
#2152 = LINE ( 'NONE', #523, #1387 ) ;
#2153 = EDGE_CURVE ( 'NONE', #1381, #616, #1400, .T. ) ;
#2154 = DIRECTION ( 'NONE',  ( 0.000000000000000000, -1.000000000000000000, 0.000000000000000000 ) ) ;
#2155 = CARTESIAN_POINT ( 'NONE',  ( 10.24842019431346785, 12.24381020548378629, 0.2500000000000000000 ) ) ;
#2156 = EDGE_CURVE ( 'NONE', #1999, #1220, #1422, .T. ) ;
#2157 = ORIENTED_EDGE ( 'NONE', *, *, #194, .F. ) ;
#2158 = VECTOR ( 'NONE', #1842, 100.0000000000000000 ) ;
#2159 = LINE ( 'NONE', #1067, #2366 ) ;
#2160 = VERTEX_POINT ( 'NONE', #517 ) ;
#2161 = CARTESIAN_POINT ( 'NONE',  ( 10.20422602048931182, 12.19961603165963027, 0.000000000000000000 ) ) ;
#2162 = AXIS2_PLACEMENT_3D ( 'NONE', #1457, #577, #2197 ) ;
#2163 = VERTEX_POINT ( 'NONE', #2111 ) ;
#2164 = CARTESIAN_POINT ( 'NONE',  ( 9.748420194313467846, 12.74381020548378629, 0.2500000000000000000 ) ) ;
#2165 = VECTOR ( 'NONE', #19, 100.0000000000000000 ) ;
#2166 = DIRECTION ( 'NONE',  ( 0.000000000000000000, 0.000000000000000000, -1.000000000000000000 ) ) ;
#2167 = CARTESIAN_POINT ( 'NONE',  ( 9.685920194313467846, 12.71792185783546714, 1.000000000000000000 ) ) ;
#2168 = AXIS2_PLACEMENT_3D ( 'NONE', #2274, #1139, #1496 ) ;
#2169 = AXIS2_PLACEMENT_3D ( 'NONE', #2321, #673, #2140 ) ;
#2170 = AXIS2_PLACEMENT_3D ( 'NONE', #1916, #2100, #2030 ) ;
#2171 = AXIS2_PLACEMENT_3D ( 'NONE', #336, #1787, #481 ) ;
#2172 = CARTESIAN_POINT ( 'NONE',  ( 11.40343505051287032, 0.000000000000000000, 0.7500000000000000000 ) ) ;
#2173 = VERTEX_POINT ( 'NONE', #1244 ) ;
#2174 = DIRECTION ( 'NONE',  ( -0.000000000000000000, -0.000000000000000000, 1.000000000000000000 ) ) ;
#2175 = ORIENTED_EDGE ( 'NONE', *, *, #1613, .T. ) ;
#2176 = DIRECTION ( 'NONE',  ( 0.000000000000000000, 1.000000000000000000, 0.000000000000000000 ) ) ;
#2177 = EDGE_CURVE ( 'NONE', #772, #2352, #1937, .T. ) ;
#2178 = CARTESIAN_POINT ( 'NONE',  ( -5.181297689238370197, 5.181297689238370197, 0.000000000000000000 ) ) ;
#2179 = CARTESIAN_POINT ( 'NONE',  ( 9.685920194313467846, 12.71792185783547069, 0.000000000000000000 ) ) ;
#2180 = EDGE_CURVE ( 'NONE', #631, #1487, #467, .T. ) ;
#2181 = CARTESIAN_POINT ( 'NONE',  ( 10.24842019431346785, 12.24381020548378629, 0.7500000000000000000 ) ) ;
#2182 = EDGE_CURVE ( 'NONE', #1446, #2356, #676, .T. ) ;
#2183 = APPLICATION_CONTEXT ( 'automotive_design' ) ;
#2184 = CARTESIAN_POINT ( 'NONE',  ( 11.51842019431346742, 12.74381020548378807, 0.2500000000000000000 ) ) ;
#2185 = ORIENTED_EDGE ( 'NONE', *, *, #1222, .F. ) ;
#2186 = DIRECTION ( 'NONE',  ( -0.000000000000000000, -0.000000000000000000, -1.000000000000000000 ) ) ;
#2187 = ORIENTED_EDGE ( 'NONE', *, *, #1976, .T. ) ;
#2188 = DIRECTION ( 'NONE',  ( -0.7071067811865475727, 0.7071067811865475727, -0.000000000000000000 ) ) ;
#2189 = CARTESIAN_POINT ( 'NONE',  ( 9.935920194313467846, 10.22494153104163139, 1.000000000000000000 ) ) ;
#2190 = CARTESIAN_POINT ( 'NONE',  ( 9.748420194313467846, 12.74381020548378629, 0.9375000000000000000 ) ) ;
#2191 = ORIENTED_EDGE ( 'NONE', *, *, #663, .F. ) ;
#2192 = ADVANCED_FACE ( 'NONE', ( #1577 ), #1926, .T. ) ;
#2193 = DIRECTION ( 'NONE',  ( -0.000000000000000000, -0.000000000000000000, 1.000000000000000000 ) ) ;
#2194 = ORIENTED_EDGE ( 'NONE', *, *, #1439, .F. ) ;
#2195 = FACE_OUTER_BOUND ( 'NONE', #404, .T. ) ;
#2196 = VERTEX_POINT ( 'NONE', #310 ) ;
#2197 = DIRECTION ( 'NONE',  ( 1.000000000000000000, 0.000000000000000000, 0.000000000000000000 ) ) ;
#2198 = CIRCLE ( 'NONE', #1535, 0.06249999999999997224 ) ;
#2199 = LINE ( 'NONE', #2029, #826 ) ;
#2200 = CYLINDRICAL_SURFACE ( 'NONE', #1022, 0.06249999999999830691 ) ;
#2201 = ORIENTED_EDGE ( 'NONE', *, *, #754, .T. ) ;
#2202 = ORIENTED_EDGE ( 'NONE', *, *, #1567, .T. ) ;
#2203 = VECTOR ( 'NONE', #811, 100.0000000000000000 ) ;
#2204 = VECTOR ( 'NONE', #1050, 100.0000000000000000 ) ;
#2205 = DIRECTION ( 'NONE',  ( 0.000000000000000000, 1.000000000000000000, 0.000000000000000000 ) ) ;
#2206 = VECTOR ( 'NONE', #1994, 100.0000000000000000 ) ;
#2207 = VERTEX_POINT ( 'NONE', #2342 ) ;
#2208 = LINE ( 'NONE', #1984, #934 ) ;
#2209 = ADVANCED_FACE ( 'NONE', ( #283 ), #321, .T. ) ;
#2210 = CIRCLE ( 'NONE', #1063, 0.5000000000000017764 ) ;
#2211 = EDGE_LOOP ( 'NONE', ( #2225, #932, #2074, #2295 ) ) ;
#2212 = DIRECTION ( 'NONE',  ( 1.000000000000000000, 0.000000000000000000, -0.000000000000000000 ) ) ;
#2213 = CYLINDRICAL_SURFACE ( 'NONE', #1821, 0.6349999999999994538 ) ;
#2214 = DIRECTION ( 'NONE',  ( 0.7071067811865475727, 0.7071067811865475727, -0.000000000000000000 ) ) ;
#2215 = EDGE_LOOP ( 'NONE', ( #2254, #984, #740, #2336 ) ) ;
#2216 = ORIENTED_EDGE ( 'NONE', *, *, #980, .F. ) ;
#2217 = CARTESIAN_POINT ( 'NONE',  ( 10.63342019431346763, 10.22494153104163139, 0.9375000000000000000 ) ) ;
#2218 = ORIENTED_EDGE ( 'NONE', *, *, #343, .T. ) ;
#2219 = EDGE_CURVE ( 'NONE', #849, #1979, #1550, .T. ) ;
#2220 = DIRECTION ( 'NONE',  ( 0.000000000000000000, 0.000000000000000000, 1.000000000000000000 ) ) ;
#2221 = EDGE_LOOP ( 'NONE', ( #530, #1116, #583, #1743 ) ) ;
#2222 = FACE_OUTER_BOUND ( 'NONE', #927, .T. ) ;
#2223 = DIRECTION ( 'NONE',  ( -0.000000000000000000, 0.000000000000000000, 1.000000000000000000 ) ) ;
#2224 = CARTESIAN_POINT ( 'NONE',  ( 10.84093505051287210, 16.14170825898136030, 0.6875000000000000000 ) ) ;
#2225 = ORIENTED_EDGE ( 'NONE', *, *, #344, .T. ) ;
#2226 = EDGE_CURVE ( 'NONE', #1836, #713, #104, .T. ) ;
#2227 = CARTESIAN_POINT ( 'NONE',  ( 11.02914349901682733, 20.54851557279020824, 1.000000000000000000 ) ) ;
#2228 = EDGE_LOOP ( 'NONE', ( #976, #1817, #540, #682, #626, #2201, #78, #1413 ) ) ;
#2229 = LINE ( 'NONE', #2256, #2203 ) ;
#2230 = VERTEX_POINT ( 'NONE', #1591 ) ;
#2231 = CARTESIAN_POINT ( 'NONE',  ( 10.63342019431346763, 22.22494153104162962, 1.000000000000000000 ) ) ;
#2232 = EDGE_CURVE ( 'NONE', #2087, #1435, #2159, .T. ) ;
#2233 = DIRECTION ( 'NONE',  ( -1.000000000000000000, 0.000000000000000000, 0.000000000000000000 ) ) ;
#2234 = EDGE_LOOP ( 'NONE', ( #2135, #234, #1846, #43 ) ) ;
#2235 = CLOSED_SHELL ( 'NONE', ( #901, #401, #914, #451, #1737, #1227, #1223, #221, #2021, #553, #569, #1380, #1493, #1045, #907, #1021, #2303, #415, #42, #1720, #2043, #1348, #975, #1631, #1574, #973, #322, #614, #422, #2106, #1288, #1972, #1334, #268, #1074, #1989, #848, #1143, #375, #2373, #1819, #692, #1806, #830, #1146, #2192, #1594, #496, #333, #1616, #1470, #2263, #2209, #2266, #1950, #2252, #804, #796, #1642, #1670, #1713, #566, #1296, #794, #2350, #1923, #768, #847, #1161, #67, #1870, #1826, #255, #543, #305, #671, #1392, #580, #1688, #1191, #1684, #548, #1156, #117 ) ) ;
#2236 = CARTESIAN_POINT ( 'NONE',  ( 10.24842019431346785, 20.52262722514188908, 0.7500000000000000000 ) ) ;
#2237 = LINE ( 'NONE', #2069, #865 ) ;
#2238 = AXIS2_PLACEMENT_3D ( 'NONE', #1835, #176, #1633 ) ;
#2239 = SHAPE_DEFINITION_REPRESENTATION ( #638, #1812 ) ;
#2240 = EDGE_LOOP ( 'NONE', ( #620, #518, #1515, #1024 ) ) ;
#2241 = DIRECTION ( 'NONE',  ( 1.000000000000000000, 0.000000000000000000, 0.000000000000000000 ) ) ;
#2242 = AXIS2_PLACEMENT_3D ( 'NONE', #308, #1041, #2293 ) ;
#2243 = CIRCLE ( 'NONE', #594, 1.072499999999999787 ) ;
#2244 = ORIENTED_EDGE ( 'NONE', *, *, #482, .T. ) ;
#2245 = DIRECTION ( 'NONE',  ( -0.000000000000000000, 0.000000000000000000, 1.000000000000000000 ) ) ;
#2246 = VECTOR ( 'NONE', #331, 100.0000000000000000 ) ;
#2247 = DIRECTION ( 'NONE',  ( 1.224646799147353207E-16, 1.000000000000000000, 0.000000000000000000 ) ) ;
#2248 = ORIENTED_EDGE ( 'NONE', *, *, #227, .F. ) ;
#2249 = CARTESIAN_POINT ( 'NONE',  ( 10.24842019431346785, 20.52262722514188908, 0.2500000000000000000 ) ) ;
#2250 = EDGE_CURVE ( 'NONE', #940, #185, #1790, .T. ) ;
#2251 = DIRECTION ( 'NONE',  ( 1.906599351286662830E-16, -1.000000000000000000, 0.000000000000000000 ) ) ;
#2252 = ADVANCED_FACE ( 'NONE', ( #838 ), #1757, .T. ) ;
#2253 = DIRECTION ( 'NONE',  ( 1.000000000000000000, 0.000000000000000000, 0.000000000000000000 ) ) ;
#2254 = ORIENTED_EDGE ( 'NONE', *, *, #1075, .T. ) ;
#2255 = EDGE_CURVE ( 'NONE', #1483, #631, #1211, .T. ) ;
#2256 = CARTESIAN_POINT ( 'NONE',  ( 11.76842019431346742, 22.22494153104162962, 1.000000000000000000 ) ) ;
#2257 = ORIENTED_EDGE ( 'NONE', *, *, #444, .T. ) ;
#2258 = DIRECTION ( 'NONE',  ( 0.000000000000000000, -0.000000000000000000, -1.000000000000000000 ) ) ;
#2259 = CARTESIAN_POINT ( 'NONE',  ( 11.01842019431346387, 12.24381020548378984, 0.9741116523516816228 ) ) ;
#2260 = ORIENTED_EDGE ( 'NONE', *, *, #121, .T. ) ;
#2261 = CYLINDRICAL_SURFACE ( 'NONE', #856, 0.06249999999999997224 ) ;
#2262 = DIRECTION ( 'NONE',  ( 1.000000000000000000, 0.000000000000000000, 0.000000000000000000 ) ) ;
#2263 = ADVANCED_FACE ( 'NONE', ( #2306 ), #298, .T. ) ;
#2264 = ORIENTED_EDGE ( 'NONE', *, *, #2284, .T. ) ;
#2265 = CARTESIAN_POINT ( 'NONE',  ( 9.748420194313466070, 12.74381020548378629, 0.9741116523516816228 ) ) ;
#2266 = ADVANCED_FACE ( 'NONE', ( #1953 ), #1042, .T. ) ;
#2267 = PLANE ( 'NONE',  #633 ) ;
#2268 = ORIENTED_EDGE ( 'NONE', *, *, #721, .T. ) ;
#2269 = CARTESIAN_POINT ( 'NONE',  ( 9.935920194313467846, 10.22494153104163139, 0.9375000000000000000 ) ) ;
#2270 = DIRECTION ( 'NONE',  ( 0.7071067811865475727, 0.7071067811865475727, 0.000000000000000000 ) ) ;
#2271 = VERTEX_POINT ( 'NONE', #681 ) ;
#2272 = CARTESIAN_POINT ( 'NONE',  ( 9.748420194313467846, 12.74381020548378629, 0.2500000000000000000 ) ) ;
#2273 = EDGE_CURVE ( 'NONE', #1242, #1999, #173, .T. ) ;
#2274 = CARTESIAN_POINT ( 'NONE',  ( 0.000000000000000000, 13.77897831453243427, 0.3125000000000000000 ) ) ;
#2275 = CARTESIAN_POINT ( 'NONE',  ( 10.63342019431346763, 10.22494153104163139, 0.06250000000000005551 ) ) ;
#2276 = AXIS2_PLACEMENT_3D ( 'NONE', #807, #621, #1723 ) ;
#2277 = ORIENTED_EDGE ( 'NONE', *, *, #1245, .F. ) ;
#2278 = FACE_BOUND ( 'NONE', #1762, .T. ) ;
#2279 = TOROIDAL_SURFACE ( 'NONE', #2238, 0.6974999999999994538, 0.06250000000000000000 ) ;
#2280 = CARTESIAN_POINT ( 'NONE',  ( 11.58092019431346742, 12.71792185783547069, 1.000000000000000000 ) ) ;
#2281 = AXIS2_PLACEMENT_3D ( 'NONE', #125, #271, #2136 ) ;
#2282 = ORIENTED_EDGE ( 'NONE', *, *, #348, .T. ) ;
#2283 = DIRECTION ( 'NONE',  ( -0.000000000000000000, -0.000000000000000000, -1.000000000000000000 ) ) ;
#2284 = EDGE_CURVE ( 'NONE', #713, #1681, #931, .T. ) ;
#2285 = FACE_OUTER_BOUND ( 'NONE', #269, .T. ) ;
#2286 = VERTEX_POINT ( 'NONE', #2184 ) ;
#2287 = CARTESIAN_POINT ( 'NONE',  ( 9.863405338114059617, 14.34147831453243249, 0.2500000000000000000 ) ) ;
#2288 = CIRCLE ( 'NONE', #629, 1.134999999999999787 ) ;
#2289 = CIRCLE ( 'NONE', #1319, 1.072499999999999787 ) ;
#2290 = CARTESIAN_POINT ( 'NONE',  ( 9.748420194313467846, 12.74381020548378629, 0.06250000000000001388 ) ) ;
#2291 = CARTESIAN_POINT ( 'NONE',  ( 9.560920194313467846, 22.22494153104162962, 0.000000000000000000 ) ) ;
#2292 = ORIENTED_EDGE ( 'NONE', *, *, #2219, .F. ) ;
#2293 = DIRECTION ( 'NONE',  ( 1.000000000000000000, 0.000000000000000000, 0.000000000000000000 ) ) ;
#2294 = DIRECTION ( 'NONE',  ( -1.000000000000000000, 0.000000000000000000, 0.000000000000000000 ) ) ;
#2295 = ORIENTED_EDGE ( 'NONE', *, *, #2153, .F. ) ;
#2296 = DIRECTION ( 'NONE',  ( -0.7071067811865475727, -0.7071067811865475727, -0.000000000000000000 ) ) ;
#2297 = EDGE_CURVE ( 'NONE', #2352, #1587, #208, .T. ) ;
#2298 = CYLINDRICAL_SURFACE ( 'NONE', #1399, 0.6349999999999994538 ) ;
#2299 = VERTEX_POINT ( 'NONE', #377 ) ;
#2300 = PLANE ( 'NONE',  #1774 ) ;
#2301 = LINE ( 'NONE', #835, #823 ) ;
#2302 = DIRECTION ( 'NONE',  ( 1.000000000000000000, 0.000000000000000000, 0.000000000000000000 ) ) ;
#2303 = ADVANCED_FACE ( 'NONE', ( #563 ), #909, .F. ) ;
#2304 = ORIENTED_EDGE ( 'NONE', *, *, #1464, .T. ) ;
#2305 = DIRECTION ( 'NONE',  ( -0.000000000000000000, 0.000000000000000000, 1.000000000000000000 ) ) ;
#2306 = FACE_OUTER_BOUND ( 'NONE', #299, .T. ) ;
#2307 = ORIENTED_EDGE ( 'NONE', *, *, #318, .T. ) ;
#2308 = LINE ( 'NONE', #1044, #1655 ) ;
#2309 = CARTESIAN_POINT ( 'NONE',  ( 10.24842019431346785, 12.18131020548378629, 0.9375000000000000000 ) ) ;
#2310 = EDGE_LOOP ( 'NONE', ( #923, #555 ) ) ;
#2311 = CARTESIAN_POINT ( 'NONE',  ( 9.925905338114059617, 15.57920825898136208, 0.6875000000000000000 ) ) ;
#2312 = CARTESIAN_POINT ( 'NONE',  ( 11.58092019431347097, 2.208017492978067449E-15, 0.000000000000000000 ) ) ;
#2313 = EDGE_LOOP ( 'NONE', ( #1703, #426, #424, #1461 ) ) ;
#2314 = CARTESIAN_POINT ( 'NONE',  ( 15.81471788355182895, 15.81471788355182895, 1.000000000000000000 ) ) ;
#2315 = VECTOR ( 'NONE', #472, 100.0000000000000000 ) ;
#2316 = CARTESIAN_POINT ( 'NONE',  ( 11.58092019431346742, 20.02262722514188908, 0.06250000000000001388 ) ) ;
#2317 = ORIENTED_EDGE ( 'NONE', *, *, #235, .T. ) ;
#2318 = DIRECTION ( 'NONE',  ( 1.000000000000000000, 0.000000000000000000, 0.000000000000000000 ) ) ;
#2319 = CIRCLE ( 'NONE', #2084, 0.5625000000000004441 ) ;
#2320 = VECTOR ( 'NONE', #2174, 100.0000000000000000 ) ;
#2321 = CARTESIAN_POINT ( 'NONE',  ( 10.63342019431346763, 22.22494153104162962, 0.06250000000000005551 ) ) ;
#2322 = VERTEX_POINT ( 'NONE', #1656 ) ;
#2323 = CARTESIAN_POINT ( 'NONE',  ( 10.63342019431346763, 10.22494153104163139, 0.9375000000000000000 ) ) ;
#2324 = VECTOR ( 'NONE', #1949, 100.0000000000000000 ) ;
#2325 = CARTESIAN_POINT ( 'NONE',  ( 10.42590533811406139, 16.14170825898136385, 0.2500000000000000000 ) ) ;
#2326 = AXIS2_PLACEMENT_3D ( 'NONE', #853, #1420, #365 ) ;
#2327 = EDGE_CURVE ( 'NONE', #9, #1467, #1442, .T. ) ;
#2328 = AXIS2_PLACEMENT_3D ( 'NONE', #652, #821, #1547 ) ;
#2329 = ORIENTED_EDGE ( 'NONE', *, *, #126, .T. ) ;
#2330 = FACE_BOUND ( 'NONE', #32, .T. ) ;
#2331 = DIRECTION ( 'NONE',  ( 0.000000000000000000, 0.000000000000000000, -1.000000000000000000 ) ) ;
#2332 = EDGE_CURVE ( 'NONE', #828, #1397, #965, .T. ) ;
#2333 = ORIENTED_EDGE ( 'NONE', *, *, #2156, .F. ) ;
#2334 = CARTESIAN_POINT ( 'NONE',  ( 10.84093505051287210, 13.84147831453243249, 0.3125000000000000000 ) ) ;
#2335 = CYLINDRICAL_SURFACE ( 'NONE', #2010, 0.06250000000000005551 ) ;
#2336 = ORIENTED_EDGE ( 'NONE', *, *, #2013, .F. ) ;
#2337 = EDGE_CURVE ( 'NONE', #9, #1924, #6, .T. ) ;
#2338 = PLANE ( 'NONE',  #393 ) ;
#2339 = CARTESIAN_POINT ( 'NONE',  ( 10.63342019431346763, 22.22494153104162962, 1.000000000000000000 ) ) ;
#2340 = DIRECTION ( 'NONE',  ( 0.000000000000000000, 1.000000000000000000, 0.000000000000000000 ) ) ;
#2341 = ORIENTED_EDGE ( 'NONE', *, *, #1137, .T. ) ;
#2342 = CARTESIAN_POINT ( 'NONE',  ( 11.04430854196177947, 20.58512722514188908, 1.000000000000000000 ) ) ;
#2343 = ORIENTED_EDGE ( 'NONE', *, *, #1767, .T. ) ;
#2344 = DIRECTION ( 'NONE',  ( 1.000000000000000000, 0.000000000000000000, 0.000000000000000000 ) ) ;
#2345 = EDGE_CURVE ( 'NONE', #391, #1483, #1105, .T. ) ;
#2346 = ORIENTED_EDGE ( 'NONE', *, *, #1753, .F. ) ;
#2347 = FACE_OUTER_BOUND ( 'NONE', #1305, .T. ) ;
#2348 = DIRECTION ( 'NONE',  ( 0.000000000000000000, 1.000000000000000000, 0.000000000000000000 ) ) ;
#2349 = DIRECTION ( 'NONE',  ( 0.000000000000000000, -0.000000000000000000, -1.000000000000000000 ) ) ;
#2350 = ADVANCED_FACE ( 'NONE', ( #734 ), #1095, .T. ) ;
#2351 = CARTESIAN_POINT ( 'NONE',  ( 10.42590533811406317, 15.57920825898136208, 0.000000000000000000 ) ) ;
#2352 = VERTEX_POINT ( 'NONE', #1856 ) ;
#2353 = LINE ( 'NONE', #1809, #360 ) ;
#2354 = AXIS2_PLACEMENT_3D ( 'NONE', #133, #1776, #1237 ) ;
#2355 = AXIS2_PLACEMENT_3D ( 'NONE', #2383, #1625, #1635 ) ;
#2356 = VERTEX_POINT ( 'NONE', #2034 ) ;
#2357 = EDGE_CURVE ( 'NONE', #2147, #258, #1264, .T. ) ;
#2358 = DIRECTION ( 'NONE',  ( 0.000000000000000000, 1.000000000000000000, 0.000000000000000000 ) ) ;
#2359 = VECTOR ( 'NONE', #50, 100.0000000000000000 ) ;
#2360 = CARTESIAN_POINT ( 'NONE',  ( 10.24842019431346785, 12.24381020548378629, 0.2500000000000000000 ) ) ;
#2361 = CARTESIAN_POINT ( 'NONE',  ( 9.925905338114059617, 15.57920825898136208, 0.000000000000000000 ) ) ;
#2362 = ORIENTED_EDGE ( 'NONE', *, *, #646, .T. ) ;
#2363 = AXIS2_PLACEMENT_3D ( 'NONE', #1238, #679, #1584 ) ;
#2364 = AXIS2_PLACEMENT_3D ( 'NONE', #1707, #68, #1327 ) ;
#2365 = VECTOR ( 'NONE', #1360, 100.0000000000000000 ) ;
#2366 = VECTOR ( 'NONE', #114, 100.0000000000000000 ) ;
#2367 = DIRECTION ( 'NONE',  ( 1.000000000000000000, 0.000000000000000000, 0.000000000000000000 ) ) ;
#2368 =( BOUNDED_CURVE ( )  B_SPLINE_CURVE ( 3, ( #2290, #2080, #1306, #1711 ),
 .UNSPECIFIED., .F., .F. ) 
 B_SPLINE_CURVE_WITH_KNOTS ( ( 4, 4 ),
 ( 3.141592653589793116, 4.712388980384689674 ),
 .UNSPECIFIED. ) 
 CURVE ( )  GEOMETRIC_REPRESENTATION_ITEM ( )  RATIONAL_B_SPLINE_CURVE ( ( 1.000000000000000000, 0.8047378541243649375, 0.8047378541243649375, 1.000000000000000000 ) ) 
 REPRESENTATION_ITEM ( '' )  );
#2369 = ORIENTED_EDGE ( 'NONE', *, *, #969, .T. ) ;
#2370 = CARTESIAN_POINT ( 'NONE',  ( 10.22253184666515224, 12.18131020548378629, 1.000000000000000000 ) ) ;
#2371 = EDGE_LOOP ( 'NONE', ( #1662, #2157, #1651, #2333 ) ) ;
#2372 = DIRECTION ( 'NONE',  ( 0.000000000000000000, -1.000000000000000000, 0.000000000000000000 ) ) ;
#2373 = ADVANCED_FACE ( 'NONE', ( #386 ), #1843, .F. ) ;
#2374 = DIRECTION ( 'NONE',  ( 0.000000000000000000, 0.000000000000000000, 1.000000000000000000 ) ) ;
#2375 = DIRECTION ( 'NONE',  ( 0.000000000000000000, 0.000000000000000000, 1.000000000000000000 ) ) ;
#2376 = MANIFOLD_SOLID_BREP ( 'Fillet4', #2235 ) ;
#2377 = ORIENTED_EDGE ( 'NONE', *, *, #949, .T. ) ;
#2378 = EDGE_CURVE ( 'NONE', #169, #2163, #252, .T. ) ;
#2379 = CARTESIAN_POINT ( 'NONE',  ( 10.23769688961010971, 12.21792185783546536, -2.241817143199124123E-18 ) ) ;
#2380 = ORIENTED_EDGE ( 'NONE', *, *, #717, .T. ) ;
#2381 = CARTESIAN_POINT ( 'NONE',  ( 11.01842019431346742, 12.24381020548378807, 0.2500000000000000000 ) ) ;
#2382 = ORIENTED_EDGE ( 'NONE', *, *, #618, .F. ) ;
#2383 = CARTESIAN_POINT ( 'NONE',  ( 10.24842019431346785, 12.24381020548378629, 0.7500000000000000000 ) ) ;
ENDSEC;
END-ISO-10303-21;
