ISO-10303-21;
HEADER;
FILE_DESCRIPTION (( 'STEP AP214' ),
    '1' );
FILE_NAME ('straight functional bar.STEP',
    '2026-09-17T14:21:04',
    ( '' ),
    ( '' ),
    'SwSTEP 2.0',
    'SolidWorks 2025',
    '' );
FILE_SCHEMA (( 'AUTOMOTIVE_DESIGN' ));
ENDSEC;

DATA;
#1 = DIRECTION ( 'NONE',  ( 0.03185110496881611575, 0.9994926248413570358, -0.000000000000000000 ) ) ;
#2 = VERTEX_POINT ( 'NONE', #1615 ) ;
#3 = DIRECTION ( 'NONE',  ( 0.9994926248413570358, -0.03185110496881608105, -1.225610617317196817E-16 ) ) ;
#4 = EDGE_CURVE ( 'NONE', #379, #1538, #696, .T. ) ;
#5 = ORIENTED_EDGE ( 'NONE', *, *, #383, .T. ) ;
#6 = FACE_OUTER_BOUND ( 'NONE', #713, .T. ) ;
#7 = DIRECTION ( 'NONE',  ( 0.9994926248413569247, -0.03185110496881637943, 0.000000000000000000 ) ) ;
#8 = CARTESIAN_POINT ( 'NONE',  ( 13.16070475706788656, 0.9175317847028864326, 0.9353214140717075464 ) ) ;
#9 = FACE_OUTER_BOUND ( 'NONE', #34, .T. ) ;
#10 = AXIS2_PLACEMENT_3D ( 'NONE', #768, #897, #1546 ) ;
#11 = EDGE_LOOP ( 'NONE', ( #1392, #180, #1265, #394 ) ) ;
#12 = VECTOR ( 'NONE', #1614, 100.0000000000000000 ) ;
#13 = ORIENTED_EDGE ( 'NONE', *, *, #83, .T. ) ;
#14 = AXIS2_PLACEMENT_3D ( 'NONE', #662, #1182, #1066 ) ;
#15 = AXIS2_PLACEMENT_3D ( 'NONE', #880, #1545, #1272 ) ;
#16 = FACE_OUTER_BOUND ( 'NONE', #959, .T. ) ;
#17 = PLANE ( 'NONE',  #602 ) ;
#18 = EDGE_CURVE ( 'NONE', #528, #1069, #1506, .T. ) ;
#19 = CARTESIAN_POINT ( 'NONE',  ( 11.17346899703678709, 1.223019073769272769, 0.5000000000000004441 ) ) ;
#20 = CARTESIAN_POINT ( 'NONE',  ( 0.05027014917617383255, 1.577485095115308766, 1.500000000000000222 ) ) ;
#21 = ORIENTED_EDGE ( 'NONE', *, *, #1536, .T. ) ;
#22 = ORIENTED_EDGE ( 'NONE', *, *, #243, .F. ) ;
#23 = DIRECTION ( 'NONE',  ( 1.000000000000000000, 0.000000000000000000, 0.000000000000000000 ) ) ;
#24 = CARTESIAN_POINT ( 'NONE',  ( 8.821200185468587307, 2.682852559463417386, 1.000000000000000222 ) ) ;
#25 = CARTESIAN_POINT ( 'NONE',  ( 10.99562959928776351, 0.9785594223401417047, 1.750000000000000222 ) ) ;
#26 = EDGE_LOOP ( 'NONE', ( #731, #1446, #927, #1024 ) ) ;
#27 = EDGE_LOOP ( 'NONE', ( #886, #515, #1215, #13 ) ) ;
#28 = CARTESIAN_POINT ( 'NONE',  ( 8.986307296349675511, 2.677591045982409046, 0.7780763214116186433 ) ) ;
#29 = DIRECTION ( 'NONE',  ( -0.9433684724741816519, 0.03006258124797678288, -0.3303818493053727323 ) ) ;
#30 = DIRECTION ( 'NONE',  ( -0.000000000000000000, 0.000000000000000000, 1.000000000000000000 ) ) ;
#31 = EDGE_CURVE ( 'NONE', #574, #781, #703, .T. ) ;
#32 = AXIS2_PLACEMENT_3D ( 'NONE', #597, #85, #1240 ) ;
#33 = DIRECTION ( 'NONE',  ( -0.000000000000000000, 0.000000000000000000, 1.000000000000000000 ) ) ;
#34 = EDGE_LOOP ( 'NONE', ( #461, #1567, #1529, #860 ) ) ;
#35 = VECTOR ( 'NONE', #853, 100.0000000000000000 ) ;
#36 = ORIENTED_EDGE ( 'NONE', *, *, #723, .F. ) ;
#37 = AXIS2_PLACEMENT_3D ( 'NONE', #1324, #192, #1204 ) ;
#38 = FACE_OUTER_BOUND ( 'NONE', #1234, .T. ) ;
#39 = CIRCLE ( 'NONE', #1577, 0.2500000000000000000 ) ;
#40 = EDGE_LOOP ( 'NONE', ( #79, #1501 ) ) ;
#41 = CIRCLE ( 'NONE', #818, 0.5000000000000006661 ) ;
#42 = DIRECTION ( 'NONE',  ( -0.000000000000000000, -0.000000000000000000, -1.000000000000000000 ) ) ;
#43 = CARTESIAN_POINT ( 'NONE',  ( 8.821200185468590860, 2.682852559463417830, 0.7500000000000001110 ) ) ;
#44 = CARTESIAN_POINT ( 'NONE',  ( 1.166666666667070196, 2.109281673631084875, 0.000000000000000000 ) ) ;
#45 = VERTEX_POINT ( 'NONE', #1223 ) ;
#46 = ORIENTED_EDGE ( 'NONE', *, *, #347, .F. ) ;
#47 = EDGE_CURVE ( 'NONE', #1380, #1509, #808, .T. ) ;
#48 = CARTESIAN_POINT ( 'NONE',  ( 11.00039910991349679, 0.9784074310399411001, 0.9719236785883820229 ) ) ;
#49 = ORIENTED_EDGE ( 'NONE', *, *, #560, .T. ) ;
#50 = CARTESIAN_POINT ( 'NONE',  ( 13.16057816476372544, 1.727068414005279662, 1.500000000000000222 ) ) ;
#51 = CARTESIAN_POINT ( 'NONE',  ( 0.8491666666670703023, 2.109281673631084875, 0.9375000000000009992 ) ) ;
#52 = DIRECTION ( 'NONE',  ( -0.000000000000000000, -0.000000000000000000, -1.000000000000000000 ) ) ;
#53 = CARTESIAN_POINT ( 'NONE',  ( 13.16057816476372544, 1.727068414005279662, 1.750000000000000222 ) ) ;
#54 = ORIENTED_EDGE ( 'NONE', *, *, #1566, .F. ) ;
#55 = EDGE_CURVE ( 'NONE', #443, #239, #440, .T. ) ;
#56 = FACE_OUTER_BOUND ( 'NONE', #622, .T. ) ;
#57 = ORIENTED_EDGE ( 'NONE', *, *, #679, .F. ) ;
#58 = CARTESIAN_POINT ( 'NONE',  ( 12.84307816476395558, 1.727068414005279662, 1.750000000000000222 ) ) ;
#59 = CARTESIAN_POINT ( 'NONE',  ( 13.15907660095935938, 2.447295723848650795, 0.8013954200367987557 ) ) ;
#60 = DIRECTION ( 'NONE',  ( -0.9433684724741806527, 0.03006258124797672043, -0.3303818493053758409 ) ) ;
#61 = FACE_OUTER_BOUND ( 'NONE', #682, .T. ) ;
#62 = ORIENTED_EDGE ( 'NONE', *, *, #762, .F. ) ;
#63 = VECTOR ( 'NONE', #1531, 100.0000000000000142 ) ;
#64 = DIRECTION ( 'NONE',  ( -1.225314886288554880E-16, 3.904744476649990256E-18, -1.000000000000000000 ) ) ;
#65 = ORIENTED_EDGE ( 'NONE', *, *, #831, .F. ) ;
#66 = AXIS2_PLACEMENT_3D ( 'NONE', #513, #152, #1547 ) ;
#67 = AXIS2_PLACEMENT_3D ( 'NONE', #182, #437, #827 ) ;
#68 = FACE_OUTER_BOUND ( 'NONE', #740, .T. ) ;
#69 = CARTESIAN_POINT ( 'NONE',  ( 13.15926510927909376, 2.459870927534110407, 0.8117437419915173313 ) ) ;
#70 = EDGE_CURVE ( 'NONE', #1316, #428, #1413, .T. ) ;
#71 = CIRCLE ( 'NONE', #686, 0.8175000000000001155 ) ;
#72 = FACE_OUTER_BOUND ( 'NONE', #1139, .T. ) ;
#73 = VERTEX_POINT ( 'NONE', #338 ) ;
#74 = FACE_OUTER_BOUND ( 'NONE', #1098, .T. ) ;
#75 = CARTESIAN_POINT ( 'NONE',  ( 13.16057816476372544, 1.727068414005279662, 0.7500000000000003331 ) ) ;
#76 = DIRECTION ( 'NONE',  ( 1.000000000000000000, 0.000000000000000000, 0.000000000000000000 ) ) ;
#77 = CARTESIAN_POINT ( 'NONE',  ( 13.16189093344784844, 0.9942468464347379298, 1.688239363700924311 ) ) ;
#78 = CARTESIAN_POINT ( 'NONE',  ( 0.05027014917616432627, 1.577485095115308988, 1.000000000000001332 ) ) ;
#79 = ORIENTED_EDGE ( 'NONE', *, *, #179, .T. ) ;
#80 = DIRECTION ( 'NONE',  ( -0.9433684724741810967, 0.03006258124797702228, -0.3303818493053747862 ) ) ;
#81 = DIRECTION ( 'NONE',  ( 1.224988772935800968E-16, -3.903705242305269323E-18, 1.000000000000000000 ) ) ;
#82 = FACE_OUTER_BOUND ( 'NONE', #27, .T. ) ;
#83 = EDGE_CURVE ( 'NONE', #490, #1405, #1597, .T. ) ;
#84 = LINE ( 'NONE', #1101, #12 ) ;
#85 = DIRECTION ( 'NONE',  ( -0.9433684724741808747, 0.03006258124797701187, -0.3303818493053751748 ) ) ;
#86 = EDGE_CURVE ( 'NONE', #657, #490, #957, .T. ) ;
#87 = ORIENTED_EDGE ( 'NONE', *, *, #679, .T. ) ;
#88 = EDGE_CURVE ( 'NONE', #517, #869, #1110, .T. ) ;
#89 = CARTESIAN_POINT ( 'NONE',  ( 0.05027014917617383255, 1.577485095115308766, 0.000000000000000000 ) ) ;
#90 = AXIS2_PLACEMENT_3D ( 'NONE', #1195, #1183, #677 ) ;
#91 = DIRECTION ( 'NONE',  ( -0.9994926248413569247, 0.03185110496881610881, 0.000000000000000000 ) ) ;
#92 = AXIS2_PLACEMENT_3D ( 'NONE', #1221, #52, #564 ) ;
#93 = CARTESIAN_POINT ( 'NONE',  ( 8.946989448944817624, 1.293970906763993067, 0.000000000000000000 ) ) ;
#94 = VECTOR ( 'NONE', #369, 100.0000000000000142 ) ;
#95 = DIRECTION ( 'NONE',  ( 0.000000000000000000, -0.000000000000000000, -1.000000000000000000 ) ) ;
#96 = EDGE_LOOP ( 'NONE', ( #21, #502, #665, #1647, #1145 ) ) ;
#97 = CARTESIAN_POINT ( 'NONE',  ( 1.170286740003495973, 1.541793219943224269, 1.000000000000001110 ) ) ;
#98 = LINE ( 'NONE', #1486, #422 ) ;
#99 = DIRECTION ( 'NONE',  ( -1.000000000000000000, 0.000000000000000000, 1.060992951667771807E-16 ) ) ;
#100 = FACE_OUTER_BOUND ( 'NONE', #105, .T. ) ;
#101 = CARTESIAN_POINT ( 'NONE',  ( 13.16045160267675840, 2.536606948078898416, 1.564670961644670122 ) ) ;
#102 = CARTESIAN_POINT ( 'NONE',  ( 12.78057816476395381, 1.727068414005279662, 0.8125000000000003331 ) ) ;
#103 = ORIENTED_EDGE ( 'NONE', *, *, #55, .T. ) ;
#104 = CYLINDRICAL_SURFACE ( 'NONE', #1550, 0.2500000000000000000 ) ;
#105 = EDGE_LOOP ( 'NONE', ( #796, #125, #1585, #1012 ) ) ;
#106 = EDGE_CURVE ( 'NONE', #825, #1642, #1326, .T. ) ;
#107 = LINE ( 'NONE', #495, #35 ) ;
#108 = CARTESIAN_POINT ( 'NONE',  ( 10.99562959928776174, 0.9785594223401413716, 1.500000000000000000 ) ) ;
#109 = DIRECTION ( 'NONE',  ( -1.000000000000000000, 0.000000000000000000, 0.000000000000000000 ) ) ;
#110 = ORIENTED_EDGE ( 'NONE', *, *, #1399, .T. ) ;
#111 = CARTESIAN_POINT ( 'NONE',  ( 8.978344520107471638, 2.427717889772070148, 0.7780763214116186433 ) ) ;
#112 = VERTEX_POINT ( 'NONE', #949 ) ;
#113 = DIRECTION ( 'NONE',  ( 0.000000000000000000, -0.000000000000000000, -1.000000000000000000 ) ) ;
#114 = AXIS2_PLACEMENT_3D ( 'NONE', #1557, #915, #278 ) ;
#115 = CIRCLE ( 'NONE', #1521, 0.2500000000000000000 ) ;
#116 = FACE_OUTER_BOUND ( 'NONE', #1320, .T. ) ;
#117 = ADVANCED_FACE ( 'NONE', ( #72 ), #582, .F. ) ;
#118 = DIRECTION ( 'NONE',  ( 0.03185110496881608105, 0.9994926248413570358, -0.000000000000000000 ) ) ;
#119 = AXIS2_PLACEMENT_3D ( 'NONE', #310, #695, #1213 ) ;
#120 = AXIS2_PLACEMENT_3D ( 'NONE', #1048, #930, #308 ) ;
#121 = ORIENTED_EDGE ( 'NONE', *, *, #409, .T. ) ;
#122 = AXIS2_PLACEMENT_3D ( 'NONE', #1593, #1047, #783 ) ;
#123 = CARTESIAN_POINT ( 'NONE',  ( 1.166666666667070196, 2.109281673631084875, 1.000000000000001110 ) ) ;
#124 = CIRCLE ( 'NONE', #1580, 0.06249999999999866773 ) ;
#125 = ORIENTED_EDGE ( 'NONE', *, *, #47, .T. ) ;
#126 = CARTESIAN_POINT ( 'NONE',  ( 8.813237409226386987, 2.432979403253078488, 1.250000000000000222 ) ) ;
#127 = CARTESIAN_POINT ( 'NONE',  ( 1.163046593330638423, 2.676770127318945036, 0.2500000000000000000 ) ) ;
#128 = DIRECTION ( 'NONE',  ( 1.000000000000000000, 0.000000000000000000, 0.000000000000000000 ) ) ;
#129 = ORIENTED_EDGE ( 'NONE', *, *, #1594, .T. ) ;
#130 = DIRECTION ( 'NONE',  ( 0.03185110496881607411, 0.9994926248413569247, 0.000000000000000000 ) ) ;
#131 = ORIENTED_EDGE ( 'NONE', *, *, #625, .F. ) ;
#132 = DIRECTION ( 'NONE',  ( -1.224988772935800968E-16, 3.903705242305269323E-18, -1.000000000000000000 ) ) ;
#133 = CARTESIAN_POINT ( 'NONE',  ( 1.166666666667070196, 2.109281673631084875, 0.7500000000000009992 ) ) ;
#134 = CARTESIAN_POINT ( 'NONE',  ( 13.16248175796405384, 1.034144531544172851, 0.7831173576104543121 ) ) ;
#135 = CARTESIAN_POINT ( 'NONE',  ( 1.169861858241431296, 1.508979183445575245, 0.001615781669301257590 ) ) ;
#136 = ORIENTED_EDGE ( 'NONE', *, *, #579, .F. ) ;
#137 = EDGE_LOOP ( 'NONE', ( #1210, #1435, #1330, #469 ) ) ;
#138 = EDGE_CURVE ( 'NONE', #428, #286, #193, .T. ) ;
#139 = CARTESIAN_POINT ( 'NONE',  ( 13.16057816476372544, 1.727068414005279662, 0.8125000000000003331 ) ) ;
#140 = CARTESIAN_POINT ( 'NONE',  ( 0.05027014917617371459, 1.577485095115308766, 0.7500000000000012212 ) ) ;
#141 = AXIS2_PLACEMENT_3D ( 'NONE', #1023, #1639, #514 ) ;
#142 = DIRECTION ( 'NONE',  ( -0.9433684724741806527, 0.03006258124797672043, -0.3303818493053758409 ) ) ;
#143 = CIRCLE ( 'NONE', #623, 0.06249999999999997224 ) ;
#144 = DIRECTION ( 'NONE',  ( -1.224988772935800968E-16, 3.903705242305269323E-18, -1.000000000000000000 ) ) ;
#145 = AXIS2_PLACEMENT_3D ( 'NONE', #1300, #1438, #753 ) ;
#146 = ORIENTED_EDGE ( 'NONE', *, *, #710, .F. ) ;
#147 = VECTOR ( 'NONE', #861, 100.0000000000000000 ) ;
#148 = EDGE_LOOP ( 'NONE', ( #242, #1045, #196, #1658 ) ) ;
#149 = TOROIDAL_SURFACE ( 'NONE', #175, 0.5675000000000001155, 0.2500000000000000000 ) ;
#150 = ADVANCED_FACE ( 'NONE', ( #474 ), #572, .T. ) ;
#151 = FACE_OUTER_BOUND ( 'NONE', #566, .T. ) ;
#152 = DIRECTION ( 'NONE',  ( 0.000000000000000000, -1.000000000000000000, 0.000000000000000000 ) ) ;
#153 = FACE_BOUND ( 'NONE', #304, .T. ) ;
#154 = ORIENTED_EDGE ( 'NONE', *, *, #1155, .F. ) ;
#155 = ORIENTED_EDGE ( 'NONE', *, *, #831, .T. ) ;
#156 = EDGE_CURVE ( 'NONE', #1491, #475, #1102, .T. ) ;
#157 = CARTESIAN_POINT ( 'NONE',  ( 1.546666666667070089, 2.109281673631084431, 1.000000000000001110 ) ) ;
#158 = ADVANCED_FACE ( 'NONE', ( #61 ), #202, .T. ) ;
#159 = CARTESIAN_POINT ( 'NONE',  ( 0.000000000000000000, 0.000000000000000000, 0.000000000000000000 ) ) ;
#160 = ADVANCED_FACE ( 'NONE', ( #1233 ), #1467, .T. ) ;
#161 = DIRECTION ( 'NONE',  ( -0.03185110496880563108, -0.9994926248413572578, 1.637314168233197183E-18 ) ) ;
#162 = VERTEX_POINT ( 'NONE', #185 ) ;
#163 = ORIENTED_EDGE ( 'NONE', *, *, #529, .T. ) ;
#164 = DIRECTION ( 'NONE',  ( -0.3305312433255177540, 0.000000000000000000, 0.9437950504138530317 ) ) ;
#165 = CARTESIAN_POINT ( 'NONE',  ( 8.946989448944817624, 1.293970906763993067, 0.2499999999999998890 ) ) ;
#166 = AXIS2_PLACEMENT_3D ( 'NONE', #739, #95, #639 ) ;
#167 = CARTESIAN_POINT ( 'NONE',  ( 1.167979722151699873, 1.376479160102280774, 0.06174374199149344072 ) ) ;
#168 = CARTESIAN_POINT ( 'NONE',  ( 1.166666666667070196, 2.109281673631084875, 1.000000000000001110 ) ) ;
#169 = EDGE_LOOP ( 'NONE', ( #321, #721 ) ) ;
#170 = AXIS2_PLACEMENT_3D ( 'NONE', #365, #1398, #1264 ) ;
#171 = ORIENTED_EDGE ( 'NONE', *, *, #824, .T. ) ;
#172 = CIRCLE ( 'NONE', #37, 0.06249999999999866773 ) ;
#173 = PLANE ( 'NONE',  #952 ) ;
#174 = AXIS2_PLACEMENT_3D ( 'NONE', #1133, #523, #1556 ) ;
#175 = AXIS2_PLACEMENT_3D ( 'NONE', #1242, #64, #314 ) ;
#176 = CARTESIAN_POINT ( 'NONE',  ( 1.166666666667070196, 1.291781673631084981, 0.7500000000000009992 ) ) ;
#177 = CARTESIAN_POINT ( 'NONE',  ( 0.04230737293396981402, 1.327611938904969424, 0.2500000000000000555 ) ) ;
#178 = ORIENTED_EDGE ( 'NONE', *, *, #1461, .F. ) ;
#179 = EDGE_CURVE ( 'NONE', #382, #234, #1520, .T. ) ;
#180 = ORIENTED_EDGE ( 'NONE', *, *, #1442, .T. ) ;
#181 = DIRECTION ( 'NONE',  ( -4.781995094674585280E-34, -1.000000000000000000, -3.903705242305269323E-18 ) ) ;
#182 = CARTESIAN_POINT ( 'NONE',  ( 11.00359237552996561, 1.228432578550480603, 1.499999999999999334 ) ) ;
#183 = CYLINDRICAL_SURFACE ( 'NONE', #1415, 0.2500000000000002220 ) ;
#184 = CARTESIAN_POINT ( 'NONE',  ( 1.166666666667070196, 2.109281673631084875, 0.000000000000000000 ) ) ;
#185 = CARTESIAN_POINT ( 'NONE',  ( 1.170286740003494419, 1.541793219943224269, 0.000000000000000000 ) ) ;
#186 = ORIENTED_EDGE ( 'NONE', *, *, #457, .T. ) ;
#187 = ADVANCED_FACE ( 'NONE', ( #1396 ), #890, .T. ) ;
#188 = FACE_OUTER_BOUND ( 'NONE', #1372, .T. ) ;
#189 = DIRECTION ( 'NONE',  ( 0.9994926248413569247, -0.03185110496881607411, 0.000000000000000000 ) ) ;
#190 = B_SPLINE_CURVE_WITH_KNOTS ( 'NONE', 3,
 ( #609, #621, #1119, #596, #1375, #1112, #351, #964, #216, #227, #737, #1260, #101, #616, #458, #1489 ),
 .UNSPECIFIED., .F., .F.,
 ( 4, 2, 2, 2, 2, 2, 2, 4 ),
 ( -5.114958586998164609E-05, 0.0009342553914111223099, 0.001426957880051681884, 0.001919660368692241567, 0.002412362857332801033, 0.002905065345973359848, 0.003397767834613919530, 0.003890470323254484417 ),
 .UNSPECIFIED. ) ;
#191 = CARTESIAN_POINT ( 'NONE',  ( 1.166666666667070196, 2.109281673631084875, 0.000000000000000000 ) ) ;
#192 = DIRECTION ( 'NONE',  ( 1.224646799147353207E-16, 1.000000000000000000, 0.000000000000000000 ) ) ;
#193 = LINE ( 'NONE', #1490, #1025 ) ;
#194 = ORIENTED_EDGE ( 'NONE', *, *, #273, .T. ) ;
#195 = CYLINDRICAL_SURFACE ( 'NONE', #284, 0.2500000000000001665 ) ;
#196 = ORIENTED_EDGE ( 'NONE', *, *, #1205, .F. ) ;
#197 = CIRCLE ( 'NONE', #305, 0.5675000000000013367 ) ;
#198 = AXIS2_PLACEMENT_3D ( 'NONE', #1237, #709, #1643 ) ;
#199 = CARTESIAN_POINT ( 'NONE',  ( 0.09435750720680535775, 2.960953243033523030, 1.500000000000000222 ) ) ;
#200 = AXIS2_PLACEMENT_3D ( 'NONE', #1422, #236, #1041 ) ;
#201 = DIRECTION ( 'NONE',  ( 0.000000000000000000, -0.000000000000000000, 1.000000000000000000 ) ) ;
#202 = SPHERICAL_SURFACE ( 'NONE', #1245, 0.2500000000000000000 ) ;
#203 = ORIENTED_EDGE ( 'NONE', *, *, #1071, .T. ) ;
#204 = SPHERICAL_SURFACE ( 'NONE', #1257, 0.2500000000000000000 ) ;
#205 = ORIENTED_EDGE ( 'NONE', *, *, #1071, .F. ) ;
#206 = EDGE_CURVE ( 'NONE', #239, #790, #834, .T. ) ;
#207 = PLANE ( 'NONE',  #898 ) ;
#208 = EDGE_CURVE ( 'NONE', #719, #940, #806, .T. ) ;
#209 = CARTESIAN_POINT ( 'NONE',  ( 13.16005787021732942, 2.511593835101570527, 0.8748339570245465824 ) ) ;
#210 = CARTESIAN_POINT ( 'NONE',  ( 13.16097816008451815, 0.9348649506867463543, 1.610799476015786436 ) ) ;
#211 = EDGE_CURVE ( 'NONE', #659, #446, #1268, .T. ) ;
#212 = DIRECTION ( 'NONE',  ( -0.000000000000000000, -0.000000000000000000, -1.000000000000000000 ) ) ;
#213 = ORIENTED_EDGE ( 'NONE', *, *, #347, .T. ) ;
#214 = DIRECTION ( 'NONE',  ( -0.03185110496881637943, -0.9994926248413569247, 0.000000000000000000 ) ) ;
#215 = DIRECTION ( 'NONE',  ( -9.071490903654359538E-15, 2.890836828754180009E-16, 1.000000000000000000 ) ) ;
#216 = CARTESIAN_POINT ( 'NONE',  ( 13.15977704668093651, 2.493480246375968434, 1.652317088019121138 ) ) ;
#217 = CARTESIAN_POINT ( 'NONE',  ( 1.158703890424866545, 2.676908517420745426, 1.000000000000001110 ) ) ;
#218 = EDGE_CURVE ( 'NONE', #1416, #1573, #362, .T. ) ;
#219 = ORIENTED_EDGE ( 'NONE', *, *, #698, .T. ) ;
#220 = DIRECTION ( 'NONE',  ( 1.225314886288554880E-16, -3.904744476649990256E-18, 1.000000000000000000 ) ) ;
#221 = CYLINDRICAL_SURFACE ( 'NONE', #1478, 0.8175000000000001155 ) ;
#222 = ORIENTED_EDGE ( 'NONE', *, *, #208, .F. ) ;
#223 = AXIS2_PLACEMENT_3D ( 'NONE', #140, #1042, #1517 ) ;
#224 = FACE_OUTER_BOUND ( 'NONE', #879, .T. ) ;
#225 = CIRCLE ( 'NONE', #627, 0.3799999999999999489 ) ;
#226 = AXIS2_PLACEMENT_3D ( 'NONE', #1431, #253, #262 ) ;
#227 = CARTESIAN_POINT ( 'NONE',  ( 13.16005799072910776, 2.511601547784326538, 1.625152400264275432 ) ) ;
#228 = CIRCLE ( 'NONE', #1389, 0.2500000000000000555 ) ;
#229 = CARTESIAN_POINT ( 'NONE',  ( 10.92103882008942151, 1.231063335290983884, 1.735961839294190456 ) ) ;
#230 = CIRCLE ( 'NONE', #1527, 0.2500000000000003331 ) ;
#231 = EDGE_LOOP ( 'NONE', ( #1611, #985, #846, #933 ) ) ;
#232 = ADVANCED_FACE ( 'NONE', ( #1261 ), #1120, .T. ) ;
#233 = DIRECTION ( 'NONE',  ( -0.000000000000000000, -0.000000000000000000, -1.000000000000000000 ) ) ;
#234 = VERTEX_POINT ( 'NONE', #1275 ) ;
#235 = B_SPLINE_CURVE_WITH_KNOTS ( 'NONE', 3,
 ( #1038, #801, #1188, #1049, #524, #408, #1059, #1581, #1294, #167, #786, #402, #794, #425, #1312, #135, #931, #908 ),
 .UNSPECIFIED., .F., .F.,
 ( 4, 2, 2, 2, 2, 2, 2, 2, 4 ),
 ( 4.336808689942017736E-19, 0.0004882324649553719032, 0.0009764649299107433728, 0.001464697394866114897, 0.001952929859821486312, 0.002441162324776857944, 0.002929394789732229359, 0.003417627254687600775, 0.003905859719642972190 ),
 .UNSPECIFIED. ) ;
#236 = DIRECTION ( 'NONE',  ( -1.225314886288554880E-16, 3.904744476649990256E-18, -1.000000000000000000 ) ) ;
#237 = CARTESIAN_POINT ( 'NONE',  ( 11.17346899703678709, 1.223019073769271881, 1.000000000000000444 ) ) ;
#238 = CARTESIAN_POINT ( 'NONE',  ( 8.895790964666932865, 2.430348646512573207, 1.014038160705810654 ) ) ;
#239 = VERTEX_POINT ( 'NONE', #1135 ) ;
#240 = SURFACE_STYLE_FILL_AREA ( #858 ) ;
#241 =( NAMED_UNIT ( * ) PLANE_ANGLE_UNIT ( ) SI_UNIT ( $, .RADIAN. ) );
#242 = ORIENTED_EDGE ( 'NONE', *, *, #750, .F. ) ;
#243 = EDGE_CURVE ( 'NONE', #1069, #657, #1216, .T. ) ;
#244 = CARTESIAN_POINT ( 'NONE',  ( 12.84307816476395558, 1.727068414005279662, 1.687500000000000000 ) ) ;
#245 = CARTESIAN_POINT ( 'NONE',  ( 13.16399021961007243, 1.143306023227045998, 0.7499999999999962252 ) ) ;
#246 = CARTESIAN_POINT ( 'NONE',  ( 1.169207032840374749, 1.460958293322695001, 0.9871319786039023381 ) ) ;
#247 = ORIENTED_EDGE ( 'NONE', *, *, #1034, .F. ) ;
#248 = CARTESIAN_POINT ( 'NONE',  ( 0.3491666666670700248, 2.109281673631084875, 0.7500000000000011102 ) ) ;
#249 = EDGE_CURVE ( 'NONE', #288, #1321, #466, .T. ) ;
#250 = DIRECTION ( 'NONE',  ( 0.03185110496881607411, 0.9994926248413569247, 0.000000000000000000 ) ) ;
#251 = VECTOR ( 'NONE', #955, 100.0000000000000000 ) ;
#252 = CIRCLE ( 'NONE', #328, 0.2499999999999999445 ) ;
#253 = DIRECTION ( 'NONE',  ( -0.03185110496880563802, -0.9994926248413573688, 0.000000000000000000 ) ) ;
#254 = CARTESIAN_POINT ( 'NONE',  ( 11.00359237552996561, 1.228432578550480603, 1.500000000000000000 ) ) ;
#255 = CIRCLE ( 'NONE', #759, 0.2500000000000000555 ) ;
#256 = CIRCLE ( 'NONE', #816, 0.5675000000000013367 ) ;
#257 = ORIENTED_EDGE ( 'NONE', *, *, #1229, .T. ) ;
#258 = CIRCLE ( 'NONE', #1088, 0.2500000000000000000 ) ;
#259 =( NAMED_UNIT ( * ) SI_UNIT ( $, .STERADIAN. ) SOLID_ANGLE_UNIT ( ) );
#260 = CARTESIAN_POINT ( 'NONE',  ( 1.166666666667070196, 2.109281673631084875, 0.7500000000000009992 ) ) ;
#261 = DIRECTION ( 'NONE',  ( 0.3302142217621687470, -0.01052302696201354998, -0.9438473571767640458 ) ) ;
#262 = DIRECTION ( 'NONE',  ( 0.9994926248413573688, -0.03185110496880559638, 0.000000000000000000 ) ) ;
#263 = CARTESIAN_POINT ( 'NONE',  ( 1.166666666667070196, 1.291781673631084981, 0.7500000000000009992 ) ) ;
#264 = EDGE_CURVE ( 'NONE', #1468, #647, #1328, .T. ) ;
#265 = ORIENTED_EDGE ( 'NONE', *, *, #438, .T. ) ;
#266 = DIRECTION ( 'NONE',  ( 1.000000000000000000, 0.000000000000000000, 0.000000000000000000 ) ) ;
#267 = ORIENTED_EDGE ( 'NONE', *, *, #1153, .F. ) ;
#268 = DIRECTION ( 'NONE',  ( 0.03185110496881637943, 0.9994926248413569247, 0.000000000000000000 ) ) ;
#269 = FACE_OUTER_BOUND ( 'NONE', #876, .T. ) ;
#270 = DIRECTION ( 'NONE',  ( 1.000000000000000000, 0.000000000000000000, 0.000000000000000000 ) ) ;
#271 = CYLINDRICAL_SURFACE ( 'NONE', #303, 0.2500000000000000000 ) ;
#272 = ORIENTED_EDGE ( 'NONE', *, *, #799, .F. ) ;
#273 = EDGE_CURVE ( 'NONE', #642, #940, #143, .T. ) ;
#274 = ORIENTED_EDGE ( 'NONE', *, *, #589, .F. ) ;
#275 = CARTESIAN_POINT ( 'NONE',  ( 1.171009369572840964, 2.926643283529284822, 0.7500000000000011102 ) ) ;
#276 = CARTESIAN_POINT ( 'NONE',  ( 12.84307816476395558, 1.727068414005279662, 0.8125000000000003331 ) ) ;
#277 = TOROIDAL_SURFACE ( 'NONE', #1054, 0.3800000000000000044, 0.06250000000000000000 ) ;
#278 = DIRECTION ( 'NONE',  ( 1.000000000000000000, 0.000000000000000000, 0.000000000000000000 ) ) ;
#279 = TOROIDAL_SURFACE ( 'NONE', #605, 0.5000000000000000000, 0.2500000000000000000 ) ;
#280 = EDGE_LOOP ( 'NONE', ( #1428, #633, #1623, #1064, #941 ) ) ;
#281 = AXIS2_PLACEMENT_3D ( 'NONE', #578, #1519, #358 ) ;
#282 = EDGE_CURVE ( 'NONE', #112, #454, #1249, .T. ) ;
#283 = ORIENTED_EDGE ( 'NONE', *, *, #979, .F. ) ;
#284 = AXIS2_PLACEMENT_3D ( 'NONE', #591, #1371, #603 ) ;
#285 = CYLINDRICAL_SURFACE ( 'NONE', #1421, 0.2500000000000001665 ) ;
#286 = VERTEX_POINT ( 'NONE', #352 ) ;
#287 = DIRECTION ( 'NONE',  ( 0.9433684724741809857, -0.03006258124797701881, 0.3303818493053748417 ) ) ;
#288 = VERTEX_POINT ( 'NONE', #229 ) ;
#289 = ORIENTED_EDGE ( 'NONE', *, *, #802, .F. ) ;
#290 = DIRECTION ( 'NONE',  ( -0.9433684724741817629, 0.03006258124797678635, -0.3303818493053727878 ) ) ;
#291 = EDGE_CURVE ( 'NONE', #239, #1089, #570, .T. ) ;
#292 = CARTESIAN_POINT ( 'NONE',  ( 1.163046593330634204, 2.676770127318945480, 0.2500000000000000000 ) ) ;
#293 = CARTESIAN_POINT ( 'NONE',  ( 1.166666666667070196, 2.109281673631084875, 0.06250000000000005551 ) ) ;
#294 = VERTEX_POINT ( 'NONE', #770 ) ;
#295 = ORIENTED_EDGE ( 'NONE', *, *, #462, .F. ) ;
#296 = DIRECTION ( 'NONE',  ( -1.000000000000000000, -6.401913472001642223E-35, 1.224988772935800968E-16 ) ) ;
#297 = DIRECTION ( 'NONE',  ( 1.000000000000000000, 0.000000000000000000, 0.000000000000000000 ) ) ;
#298 = EDGE_CURVE ( 'NONE', #1040, #162, #235, .T. ) ;
#299 = CARTESIAN_POINT ( 'NONE',  ( 13.16057816476372544, 2.544568414005279777, 1.000000000000000444 ) ) ;
#300 = AXIS2_PLACEMENT_3D ( 'NONE', #53, #212, #1345 ) ;
#301 = LINE ( 'NONE', #177, #1443 ) ;
#302 = ORIENTED_EDGE ( 'NONE', *, *, #401, .T. ) ;
#303 = AXIS2_PLACEMENT_3D ( 'NONE', #20, #778, #1439 ) ;
#304 = EDGE_LOOP ( 'NONE', ( #171, #49 ) ) ;
#305 = AXIS2_PLACEMENT_3D ( 'NONE', #396, #1068, #433 ) ;
#306 = LINE ( 'NONE', #1469, #336 ) ;
#307 = TOROIDAL_SURFACE ( 'NONE', #575, 0.3799999999997716316, 0.06250000000000000000 ) ;
#308 = DIRECTION ( 'NONE',  ( 0.03185110496881611575, 0.9994926248413569247, 0.000000000000000000 ) ) ;
#309 = APPLICATION_CONTEXT ( 'automotive_design' ) ;
#310 = CARTESIAN_POINT ( 'NONE',  ( 0.7866666666670703023, 2.109281673631084875, 0.9375000000000009992 ) ) ;
#311 = DIRECTION ( 'NONE',  ( 0.9994926248413573688, -0.03185110496880594333, 4.510281037539694501E-15 ) ) ;
#312 = EDGE_CURVE ( 'NONE', #1642, #1583, #1455, .T. ) ;
#313 = ORIENTED_EDGE ( 'NONE', *, *, #4, .T. ) ;
#314 = DIRECTION ( 'NONE',  ( -1.000000000000000000, 3.501271201186357544E-34, 1.225314886288554880E-16 ) ) ;
#315 = VERTEX_POINT ( 'NONE', #1432 ) ;
#316 = DIRECTION ( 'NONE',  ( -1.000000000000000000, 0.000000000000000000, 0.000000000000000000 ) ) ;
#317 = DIRECTION ( 'NONE',  ( 0.9994926248413573688, -0.03185110496880559638, 0.000000000000000000 ) ) ;
#318 = CARTESIAN_POINT ( 'NONE',  ( 1.524998646714728512, 2.665235702192151557, -2.361944351333349790 ) ) ;
#319 = CARTESIAN_POINT ( 'NONE',  ( 13.16057816476372544, 1.727068414005279662, 1.750000000000000222 ) ) ;
#320 = ORIENTED_EDGE ( 'NONE', *, *, #723, .T. ) ;
#321 = ORIENTED_EDGE ( 'NONE', *, *, #762, .T. ) ;
#322 = CYLINDRICAL_SURFACE ( 'NONE', #550, 0.2500000000000000000 ) ;
#323 = FACE_OUTER_BOUND ( 'NONE', #1458, .T. ) ;
#324 = DIRECTION ( 'NONE',  ( -0.03185110496881611575, -0.9994926248413570358, 0.000000000000000000 ) ) ;
#325 = VECTOR ( 'NONE', #1607, 100.0000000000000142 ) ;
#326 = AXIS2_PLACEMENT_3D ( 'NONE', #159, #938, #1463 ) ;
#327 = ORIENTED_EDGE ( 'NONE', *, *, #802, .T. ) ;
#328 = AXIS2_PLACEMENT_3D ( 'NONE', #595, #1111, #810 ) ;
#329 = ADVANCED_FACE ( 'NONE', ( #9 ), #271, .T. ) ;
#330 = DIRECTION ( 'NONE',  ( -0.9999796540755250263, -0.006378983852743443095, 1.224714832679678753E-16 ) ) ;
#331 = ORIENTED_EDGE ( 'NONE', *, *, #273, .F. ) ;
#332 = VECTOR ( 'NONE', #343, 100.0000000000000142 ) ;
#333 = EDGE_CURVE ( 'NONE', #1340, #1325, #599, .T. ) ;
#334 = CIRCLE ( 'NONE', #1282, 0.06250000000000005551 ) ;
#335 = CARTESIAN_POINT ( 'NONE',  ( 0.6957877127079350466, 1.556914210284088718, -1.845075124564025337 ) ) ;
#336 = VECTOR ( 'NONE', #819, 100.0000000000000142 ) ;
#337 = CARTESIAN_POINT ( 'NONE',  ( 13.16109833879834312, 0.9425352802262525476, 1.625152400264310737 ) ) ;
#338 = CARTESIAN_POINT ( 'NONE',  ( 13.16057816476372544, 2.544568414005279777, 1.000000000000000444 ) ) ;
#339 = ORIENTED_EDGE ( 'NONE', *, *, #727, .T. ) ;
#340 = DIRECTION ( 'NONE',  ( 0.000000000000000000, 0.000000000000000000, 1.000000000000000000 ) ) ;
#341 = DIRECTION ( 'NONE',  ( 0.03185110496881607411, 0.9994926248413569247, -0.000000000000000000 ) ) ;
#342 = ADVANCED_FACE ( 'NONE', ( #153, #415 ), #1176, .F. ) ;
#343 = DIRECTION ( 'NONE',  ( -0.9994926248413569247, 0.03185110496881611575, -0.000000000000000000 ) ) ;
#344 = CARTESIAN_POINT ( 'NONE',  ( 1.546666666667070089, 2.109281673631084875, 0.9375000000000009992 ) ) ;
#345 = ORIENTED_EDGE ( 'NONE', *, *, #852, .T. ) ;
#346 = ORIENTED_EDGE ( 'NONE', *, *, #928, .T. ) ;
#347 = EDGE_CURVE ( 'NONE', #1538, #726, #1323, .T. ) ;
#348 = CARTESIAN_POINT ( 'NONE',  ( 1.484166666667070089, 2.109281673631084875, 1.750000000000000222 ) ) ;
#349 = CARTESIAN_POINT ( 'NONE',  ( 8.777112827437969500, 1.299384411545202678, 1.000000000000000222 ) ) ;
#350 = ADVANCED_FACE ( 'NONE', ( #655 ), #521, .T. ) ;
#351 = CARTESIAN_POINT ( 'NONE',  ( 13.15926539607960244, 2.459889981575870355, 1.688239363700880569 ) ) ;
#352 = CARTESIAN_POINT ( 'NONE',  ( 11.12704002338466047, 2.359244822217652082, 0.7359618392941903453 ) ) ;
#353 = ORIENTED_EDGE ( 'NONE', *, *, #4, .F. ) ;
#354 = VECTOR ( 'NONE', #1646, 100.0000000000000000 ) ;
#355 = PRESENTATION_STYLE_ASSIGNMENT (( #1418 ) ) ;
#356 = AXIS2_PLACEMENT_3D ( 'NONE', #998, #118, #863 ) ;
#357 = ORIENTED_EDGE ( 'NONE', *, *, #877, .T. ) ;
#358 = DIRECTION ( 'NONE',  ( 0.03185110496881611575, 0.9994926248413569247, 0.000000000000000000 ) ) ;
#359 = AXIS2_PLACEMENT_3D ( 'NONE', #956, #450, #1605 ) ;
#360 = CARTESIAN_POINT ( 'NONE',  ( 13.16057816476372544, 0.9095684140052797684, 1.500000000000000222 ) ) ;
#361 = CIRCLE ( 'NONE', #1117, 0.2500000000000001665 ) ;
#362 = LINE ( 'NONE', #1385, #1078 ) ;
#363 = ORIENTED_EDGE ( 'NONE', *, *, #70, .T. ) ;
#364 = ADVANCED_FACE ( 'NONE', ( #1044 ), #277, .T. ) ;
#365 = CARTESIAN_POINT ( 'NONE',  ( 11.15250913494793394, 0.5652953434303098490, 0.5000000000000004441 ) ) ;
#366 = ORIENTED_EDGE ( 'NONE', *, *, #1484, .F. ) ;
#367 = DIRECTION ( 'NONE',  ( 1.000000000000000000, 0.000000000000000000, 0.000000000000000000 ) ) ;
#368 = DIRECTION ( 'NONE',  ( 0.9433684724741806527, -0.03006258124797675166, 0.3303818493053758409 ) ) ;
#369 = DIRECTION ( 'NONE',  ( -0.9994926248413569247, 0.03185110496881611575, 1.225936896215758186E-16 ) ) ;
#370 = CARTESIAN_POINT ( 'NONE',  ( 1.168168230471429814, 1.389054363787744828, 0.9486045799632270015 ) ) ;
#371 = EDGE_LOOP ( 'NONE', ( #842, #839, #5, #640 ) ) ;
#372 = DIRECTION ( 'NONE',  ( 1.000000000000000000, 0.000000000000000000, 0.000000000000000000 ) ) ;
#373 = EDGE_CURVE ( 'NONE', #1583, #1321, #1067, .T. ) ;
#374 = ORIENTED_EDGE ( 'NONE', *, *, #86, .T. ) ;
#375 = CARTESIAN_POINT ( 'NONE',  ( 1.241134143213814767, 1.536902223965285641, -1.654071910141483137 ) ) ;
#376 = CARTESIAN_POINT ( 'NONE',  ( 1.166666666667070196, 2.109281673631084875, 0.9375000000000009992 ) ) ;
#377 = CARTESIAN_POINT ( 'NONE',  ( 13.16154171804150330, 0.9712188938666843629, 0.8348032798172739799 ) ) ;
#378 = CARTESIAN_POINT ( 'NONE',  ( 1.166666666667070196, 1.291781673631084759, 0.7665087433081892998 ) ) ;
#379 = VERTEX_POINT ( 'NONE', #432 ) ;
#380 = ADVANCED_FACE ( 'NONE', ( #1449, #538 ), #1319, .F. ) ;
#381 = CARTESIAN_POINT ( 'NONE',  ( 13.16057816476372544, 1.727068414005279662, 0.7500000000000003331 ) ) ;
#382 = VERTEX_POINT ( 'NONE', #668 ) ;
#383 = EDGE_CURVE ( 'NONE', #781, #1040, #1027, .T. ) ;
#384 = AXIS2_PLACEMENT_3D ( 'NONE', #1095, #965, #311 ) ;
#385 = DIRECTION ( 'NONE',  ( -0.000000000000000000, -0.000000000000000000, -1.000000000000000000 ) ) ;
#386 = AXIS2_PLACEMENT_3D ( 'NONE', #254, #764, #1128 ) ;
#387 = DIRECTION ( 'NONE',  ( -1.224988772935800968E-16, 3.903705242305269323E-18, -1.000000000000000000 ) ) ;
#388 = EDGE_CURVE ( 'NONE', #162, #1185, #545, .T. ) ;
#389 = CIRCLE ( 'NONE', #1331, 0.2500000000000001665 ) ;
#390 = DIRECTION ( 'NONE',  ( -0.03185110496881637943, -0.9994926248413569247, 0.000000000000000000 ) ) ;
#391 = CARTESIAN_POINT ( 'NONE',  ( 1.169425263691023176, 1.476673693168464530, 0.9919327449779453687 ) ) ;
#392 = AXIS2_PLACEMENT_3D ( 'NONE', #1368, #481, #1231 ) ;
#393 = AXIS2_PLACEMENT_3D ( 'NONE', #1109, #1627, #91 ) ;
#394 = ORIENTED_EDGE ( 'NONE', *, *, #249, .T. ) ;
#395 = CIRCLE ( 'NONE', #1391, 0.2500000000000000555 ) ;
#396 = CARTESIAN_POINT ( 'NONE',  ( 13.16057816476372544, 1.727068414005279662, 1.750000000000000222 ) ) ;
#397 = ORIENTED_EDGE ( 'NONE', *, *, #532, .F. ) ;
#398 = DIRECTION ( 'NONE',  ( -0.9994926248413569247, 0.03185110496881633779, 0.000000000000000000 ) ) ;
#399 = DIRECTION ( 'NONE',  ( 1.000000000000000000, 0.000000000000000000, 0.000000000000000000 ) ) ;
#400 = CARTESIAN_POINT ( 'NONE',  ( 13.16377335633811185, 1.126765923819817328, 0.7516157816692952132 ) ) ;
#401 = EDGE_CURVE ( 'NONE', #73, #624, #674, .T. ) ;
#402 = CARTESIAN_POINT ( 'NONE',  ( 1.168570259867384609, 1.416357791169947644, 0.03311735761047177040 ) ) ;
#403 = ORIENTED_EDGE ( 'NONE', *, *, #710, .T. ) ;
#404 = ORIENTED_EDGE ( 'NONE', *, *, #782, .T. ) ;
#405 = DIRECTION ( 'NONE',  ( -1.000000000000000000, -4.784541534392245600E-34, 1.225314886288554880E-16 ) ) ;
#406 = CARTESIAN_POINT ( 'NONE',  ( 0.6748278506190722448, 0.8991904799450177732, -1.845075124564027336 ) ) ;
#407 = CARTESIAN_POINT ( 'NONE',  ( 1.532961422956932607, 2.915108858402490899, -2.361944351333350234 ) ) ;
#408 = CARTESIAN_POINT ( 'NONE',  ( 1.167066755577704340, 1.317084174188073220, 0.1391881516792517759 ) ) ;
#409 = EDGE_CURVE ( 'NONE', #288, #659, #1082, .T. ) ;
#410 = ORIENTED_EDGE ( 'NONE', *, *, #218, .F. ) ;
#411 = ORIENTED_EDGE ( 'NONE', *, *, #1347, .T. ) ;
#412 = CARTESIAN_POINT ( 'NONE',  ( 8.777112827437969500, 1.299384411545202678, 0.7500000000000001110 ) ) ;
#413 = ORIENTED_EDGE ( 'NONE', *, *, #106, .T. ) ;
#414 = CYLINDRICAL_SURFACE ( 'NONE', #950, 0.2500000000000002220 ) ;
#415 = FACE_OUTER_BOUND ( 'NONE', #805, .T. ) ;
#416 = AXIS2_PLACEMENT_3D ( 'NONE', #1142, #504, #1246 ) ;
#417 = ORIENTED_EDGE ( 'NONE', *, *, #812, .T. ) ;
#418 = VECTOR ( 'NONE', #29, 100.0000000000000142 ) ;
#419 = ORIENTED_EDGE ( 'NONE', *, *, #31, .F. ) ;
#420 = ADVANCED_FACE ( 'NONE', ( #82 ), #183, .F. ) ;
#421 = AXIS2_PLACEMENT_3D ( 'NONE', #1618, #444, #214 ) ;
#422 = VECTOR ( 'NONE', #841, 100.0000000000000142 ) ;
#423 = DIRECTION ( 'NONE',  ( 1.000000000000000000, 0.000000000000000000, 0.000000000000000000 ) ) ;
#424 = CARTESIAN_POINT ( 'NONE',  ( 11.21755635506740667, 2.606487221687486588, 1.000000000000000444 ) ) ;
#425 = CARTESIAN_POINT ( 'NONE',  ( 1.169207032840376970, 1.460958293322693669, 0.01286802139609878083 ) ) ;
#426 = CARTESIAN_POINT ( 'NONE',  ( 13.47807816476349529, 1.727068414005279662, 0.8125000000000003331 ) ) ;
#427 = ORIENTED_EDGE ( 'NONE', *, *, #333, .F. ) ;
#428 = VERTEX_POINT ( 'NONE', #1203 ) ;
#429 = DIRECTION ( 'NONE',  ( 0.03185110496881611575, 0.9994926248413570358, -0.000000000000000000 ) ) ;
#430 = ORIENTED_EDGE ( 'NONE', *, *, #1227, .T. ) ;
#431 = DIRECTION ( 'NONE',  ( -0.03185110496880563108, -0.9994926248413572578, 1.805995159164326019E-18 ) ) ;
#432 = CARTESIAN_POINT ( 'NONE',  ( 1.171009369572842518, 2.926643283529284378, 0.2500000000000000000 ) ) ;
#433 = DIRECTION ( 'NONE',  ( 1.000000000000000000, 0.000000000000000000, 0.000000000000000000 ) ) ;
#434 = ORIENTED_EDGE ( 'NONE', *, *, #629, .T. ) ;
#435 = ORIENTED_EDGE ( 'NONE', *, *, #678, .F. ) ;
#436 = CARTESIAN_POINT ( 'NONE',  ( 8.983114030733233335, 2.427565898471868877, 0.000000000000000000 ) ) ;
#437 = DIRECTION ( 'NONE',  ( 0.9433684724741810967, -0.03006258124797633532, 0.3303818493053744532 ) ) ;
#438 = EDGE_CURVE ( 'NONE', #1573, #659, #252, .T. ) ;
#439 = CARTESIAN_POINT ( 'NONE',  ( 11.17346899703678709, 1.223019073769271881, 0.7500000000000004441 ) ) ;
#440 = LINE ( 'NONE', #1352, #650 ) ;
#441 = TOROIDAL_SURFACE ( 'NONE', #837, 0.5675000000000001155, 0.2500000000000000000 ) ;
#442 = TOROIDAL_SURFACE ( 'NONE', #145, 0.3800000000000000044, 0.06250000000000000000 ) ;
#443 = VERTEX_POINT ( 'NONE', #51 ) ;
#444 = DIRECTION ( 'NONE',  ( -0.9994926248413569247, 0.03185110496881637943, 0.000000000000000000 ) ) ;
#445 = CIRCLE ( 'NONE', #733, 0.2500000000000001110 ) ;
#446 = VERTEX_POINT ( 'NONE', #480 ) ;
#447 = VECTOR ( 'NONE', #826, 100.0000000000000142 ) ;
#448 = CARTESIAN_POINT ( 'NONE',  ( 1.315804177802990083, 1.287029067754946299, -1.890020672744946451 ) ) ;
#449 = EDGE_CURVE ( 'NONE', #1485, #428, #919, .T. ) ;
#450 = DIRECTION ( 'NONE',  ( 0.000000000000000000, 0.000000000000000000, 1.000000000000000000 ) ) ;
#451 = DIRECTION ( 'NONE',  ( -1.000000000000000000, 0.000000000000000000, 0.000000000000000000 ) ) ;
#452 = ORIENTED_EDGE ( 'NONE', *, *, #625, .T. ) ;
#453 = CARTESIAN_POINT ( 'NONE',  ( 11.03971695731838132, 2.362027570258356413, 1.500000000000000000 ) ) ;
#454 = VERTEX_POINT ( 'NONE', #872 ) ;
#455 = DIRECTION ( 'NONE',  ( 0.000000000000000000, 0.000000000000000000, -1.000000000000000000 ) ) ;
#456 = CARTESIAN_POINT ( 'NONE',  ( 13.15867457156340237, 2.419992296466455972, 0.7831173576104947243 ) ) ;
#457 = EDGE_CURVE ( 'NONE', #1485, #869, #1394, .T. ) ;
#458 = CARTESIAN_POINT ( 'NONE',  ( 13.16057816476372544, 2.544568414005279777, 1.516506756128221278 ) ) ;
#459 = CARTESIAN_POINT ( 'NONE',  ( 8.777112827437969500, 1.299384411545201790, 1.250000000000000222 ) ) ;
#460 = EDGE_CURVE ( 'NONE', #766, #749, #107, .T. ) ;
#461 = ORIENTED_EDGE ( 'NONE', *, *, #1339, .T. ) ;
#462 = EDGE_CURVE ( 'NONE', #2, #1468, #752, .T. ) ;
#463 = DIRECTION ( 'NONE',  ( -1.000000000000000000, 0.000000000000000000, 0.000000000000000000 ) ) ;
#464 = LINE ( 'NONE', #1267, #681 ) ;
#465 = DIRECTION ( 'NONE',  ( -0.000000000000000000, 0.000000000000000000, 1.000000000000000000 ) ) ;
#466 = CIRCLE ( 'NONE', #386, 0.2500000000000002220 ) ;
#467 = ORIENTED_EDGE ( 'NONE', *, *, #211, .T. ) ;
#468 = LINE ( 'NONE', #613, #447 ) ;
#469 = ORIENTED_EDGE ( 'NONE', *, *, #979, .T. ) ;
#470 = CIRCLE ( 'NONE', #1496, 0.3799999999999999489 ) ;
#471 = CIRCLE ( 'NONE', #1473, 0.2500000000000003331 ) ;
#472 = DIRECTION ( 'NONE',  ( 1.224988772935800968E-16, -3.903705242305269323E-18, 1.000000000000000000 ) ) ;
#473 = DIRECTION ( 'NONE',  ( 0.03185110496881637943, 0.9994926248413569247, 0.000000000000000000 ) ) ;
#474 = FACE_OUTER_BOUND ( 'NONE', #1661, .T. ) ;
#475 = VERTEX_POINT ( 'NONE', #1259 ) ;
#476 = DIRECTION ( 'NONE',  ( -0.9994926248413569247, 0.03185110496881611575, -0.000000000000000000 ) ) ;
#477 = ORIENTED_EDGE ( 'NONE', *, *, #1399, .F. ) ;
#478 = ADVANCED_FACE ( 'NONE', ( #881 ), #1250, .T. ) ;
#479 = DIRECTION ( 'NONE',  ( 1.000000000000000000, 0.000000000000000000, 0.000000000000000000 ) ) ;
#480 = CARTESIAN_POINT ( 'NONE',  ( 8.895790964666929312, 2.430348646512574540, 1.014038160705809322 ) ) ;
#481 = DIRECTION ( 'NONE',  ( 0.000000000000000000, -0.000000000000000000, -1.000000000000000000 ) ) ;
#482 = CARTESIAN_POINT ( 'NONE',  ( 1.170078721512642694, 1.525519282852812797, 1.000000000000001554 ) ) ;
#483 = ORIENTED_EDGE ( 'NONE', *, *, #1492, .T. ) ;
#484 = CARTESIAN_POINT ( 'NONE',  ( 8.821200185468590860, 2.682852559463417830, 1.250000000000000222 ) ) ;
#485 = CYLINDRICAL_SURFACE ( 'NONE', #281, 0.2500000000000000000 ) ;
#486 = CARTESIAN_POINT ( 'NONE',  ( 8.983114030733233335, 2.427565898471868877, 0.2499999999999998890 ) ) ;
#487 = CARTESIAN_POINT ( 'NONE',  ( 13.16269201421290624, 1.048656112447525546, 1.724638529016941924 ) ) ;
#488 = EDGE_CURVE ( 'NONE', #910, #315, #1470, .T. ) ;
#489 = CARTESIAN_POINT ( 'NONE',  ( 1.166869409145230518, 1.304546918302275094, 0.8305477265164182832 ) ) ;
#490 = VERTEX_POINT ( 'NONE', #349 ) ;
#491 =( LENGTH_UNIT ( ) NAMED_UNIT ( * ) SI_UNIT ( .CENTI., .METRE. ) );
#492 = MECHANICAL_DESIGN_GEOMETRIC_PRESENTATION_REPRESENTATION (  '', ( #784 ), #1277 ) ;
#493 = CYLINDRICAL_SURFACE ( 'NONE', #1061, 0.2500000000000000000 ) ;
#494 = CIRCLE ( 'NONE', #1575, 0.3174999999999998934 ) ;
#495 = CARTESIAN_POINT ( 'NONE',  ( 11.21755635506740489, 2.606487221687487477, 0.7500000000000004441 ) ) ;
#496 = CIRCLE ( 'NONE', #174, 0.2500000000000001665 ) ;
#497 = CARTESIAN_POINT ( 'NONE',  ( 13.16269244431393659, 1.048685994007800604, 0.7753465788492254207 ) ) ;
#498 = CIRCLE ( 'NONE', #15, 0.8175000000000001155 ) ;
#499 = DIRECTION ( 'NONE',  ( 0.000000000000000000, -0.000000000000000000, -1.000000000000000000 ) ) ;
#500 = ORIENTED_EDGE ( 'NONE', *, *, #1616, .F. ) ;
#501 = CARTESIAN_POINT ( 'NONE',  ( 13.15695809142729900, 2.294556867693140489, 0.7500000000000003331 ) ) ;
#502 = ORIENTED_EDGE ( 'NONE', *, *, #1459, .F. ) ;
#503 = FACE_OUTER_BOUND ( 'NONE', #690, .T. ) ;
#504 = DIRECTION ( 'NONE',  ( 0.9433684724741810967, -0.03006258124797702228, 0.3303818493053747307 ) ) ;
#505 = CYLINDRICAL_SURFACE ( 'NONE', #226, 0.2500000000000002220 ) ;
#506 = EDGE_CURVE ( 'NONE', #790, #706, #945, .T. ) ;
#507 = ORIENTED_EDGE ( 'NONE', *, *, #1153, .T. ) ;
#508 = ADVANCED_FACE ( 'NONE', ( #100 ), #728, .T. ) ;
#509 = CARTESIAN_POINT ( 'NONE',  ( 11.16550622079458321, 0.9731459175589325383, 1.000000000000000444 ) ) ;
#510 = EDGE_LOOP ( 'NONE', ( #1167, #1377, #670, #1206 ) ) ;
#511 = ADVANCED_FACE ( 'NONE', ( #269 ), #17, .F. ) ;
#512 = DIRECTION ( 'NONE',  ( 0.9994926248413570358, -0.03185110496881636555, -2.210114381008290525E-17 ) ) ;
#513 = CARTESIAN_POINT ( 'NONE',  ( 13.72807816476372622, 1.727068414005279662, 1.500000000000000222 ) ) ;
#514 = DIRECTION ( 'NONE',  ( -0.9994926248413570358, 0.03185110496881633779, 0.000000000000000000 ) ) ;
#515 = ORIENTED_EDGE ( 'NONE', *, *, #1332, .T. ) ;
#516 = DIRECTION ( 'NONE',  ( -1.000000000000000000, 0.000000000000000000, 2.282530889444535696E-16 ) ) ;
#517 = VERTEX_POINT ( 'NONE', #1430 ) ;
#518 = AXIS2_PLACEMENT_3D ( 'NONE', #1477, #836, #1376 ) ;
#519 = ADVANCED_FACE ( 'NONE', ( #1423 ), #441, .T. ) ;
#520 = CARTESIAN_POINT ( 'NONE',  ( 1.166666666667070196, 2.109281673631084875, 1.750000000000000222 ) ) ;
#521 = TOROIDAL_SURFACE ( 'NONE', #90, 0.3799999999997716316, 0.06250000000000000000 ) ;
#522 = AXIS2_PLACEMENT_3D ( 'NONE', #376, #1273, #1382 ) ;
#523 = DIRECTION ( 'NONE',  ( 0.9433684724741810967, -0.03006258124797633532, 0.3303818493053744532 ) ) ;
#524 = CARTESIAN_POINT ( 'NONE',  ( 1.166869409145231185, 1.304546918302274650, 0.1694522734835832434 ) ) ;
#525 = CIRCLE ( 'NONE', #606, 0.8175000000000003375 ) ;
#526 = ORIENTED_EDGE ( 'NONE', *, *, #1459, .T. ) ;
#527 = VECTOR ( 'NONE', #476, 100.0000000000000142 ) ;
#528 = VERTEX_POINT ( 'NONE', #913 ) ;
#529 = EDGE_CURVE ( 'NONE', #1468, #1551, #1628, .T. ) ;
#530 = DIRECTION ( 'NONE',  ( -1.000000000000000000, 0.000000000000000000, 0.000000000000000000 ) ) ;
#531 = DIRECTION ( 'NONE',  ( 0.000000000000000000, 1.000000000000000000, 0.000000000000000000 ) ) ;
#532 = EDGE_CURVE ( 'NONE', #1573, #1583, #115, .T. ) ;
#533 = DIRECTION ( 'NONE',  ( -0.03185110496881611575, -0.9994926248413570358, 0.000000000000000000 ) ) ;
#534 = ORIENTED_EDGE ( 'NONE', *, *, #506, .F. ) ;
#535 = EDGE_LOOP ( 'NONE', ( #916, #755, #62, #534 ) ) ;
#536 = DIRECTION ( 'NONE',  ( 0.9994926248413573688, -0.03185110496880524944, 0.000000000000000000 ) ) ;
#537 = CARTESIAN_POINT ( 'NONE',  ( 13.16419823810015188, 1.159579960317419056, 0.7500000000000002220 ) ) ;
#538 = FACE_OUTER_BOUND ( 'NONE', #1236, .T. ) ;
#539 = ADVANCED_FACE ( 'NONE', ( #644 ), #1033, .T. ) ;
#540 = ORIENTED_EDGE ( 'NONE', *, *, #1644, .T. ) ;
#541 = ORIENTED_EDGE ( 'NONE', *, *, #698, .F. ) ;
#542 = DIRECTION ( 'NONE',  ( 0.03185110496881637943, 0.9994926248413569247, 0.000000000000000000 ) ) ;
#543 = AXIS2_PLACEMENT_3D ( 'NONE', #344, #718, #451 ) ;
#544 = LINE ( 'NONE', #58, #628 ) ;
#545 = CIRCLE ( 'NONE', #1247, 0.5675000000000001155 ) ;
#546 = CARTESIAN_POINT ( 'NONE',  ( 0.7866666666670703023, 2.109281673631084875, 0.06250000000000005551 ) ) ;
#547 = DIRECTION ( 'NONE',  ( 0.9994926248413569247, -0.03185110496881611575, 0.000000000000000000 ) ) ;
#548 = CIRCLE ( 'NONE', #119, 0.06250000000000005551 ) ;
#549 = ORIENTED_EDGE ( 'NONE', *, *, #529, .F. ) ;
#550 = AXIS2_PLACEMENT_3D ( 'NONE', #969, #843, #700 ) ;
#551 = ORIENTED_EDGE ( 'NONE', *, *, #460, .F. ) ;
#552 = AXIS2_PLACEMENT_3D ( 'NONE', #139, #767, #405 ) ;
#553 = DIRECTION ( 'NONE',  ( 0.9994926248413569247, -0.03185110496881607411, 0.000000000000000000 ) ) ;
#554 = DIRECTION ( 'NONE',  ( 1.000000000000000000, 0.000000000000000000, 0.000000000000000000 ) ) ;
#555 = CARTESIAN_POINT ( 'NONE',  ( 1.161451847367452439, 2.926765040837826959, 0.7500000000000009992 ) ) ;
#556 = ADVANCED_FACE ( 'NONE', ( #1562 ), #776, .T. ) ;
#557 = ORIENTED_EDGE ( 'NONE', *, *, #1181, .F. ) ;
#558 = ADVANCED_FACE ( 'NONE', ( #641 ), #868, .F. ) ;
#559 = ORIENTED_EDGE ( 'NONE', *, *, #1034, .T. ) ;
#560 = EDGE_CURVE ( 'NONE', #1509, #1397, #1166, .T. ) ;
#561 = CARTESIAN_POINT ( 'NONE',  ( 0.04230737293396981402, 1.327611938904969424, 1.750000000000000222 ) ) ;
#562 = CARTESIAN_POINT ( 'NONE',  ( 8.983114030733231559, 2.427565898471868877, 0.000000000000000000 ) ) ;
#563 = DIRECTION ( 'NONE',  ( 0.000000000000000000, -0.000000000000000000, -1.000000000000000000 ) ) ;
#564 = DIRECTION ( 'NONE',  ( -1.000000000000000000, 0.000000000000000000, 0.000000000000000000 ) ) ;
#565 = CARTESIAN_POINT ( 'NONE',  ( 8.983114030733233335, 2.427565898471868877, 0.2499999999999998890 ) ) ;
#566 = EDGE_LOOP ( 'NONE', ( #1070, #411, #1499, #247 ) ) ;
#567 = PRODUCT_RELATED_PRODUCT_CATEGORY ( 'part', '', ( #1505 ) ) ;
#568 = PLANE ( 'NONE',  #981 ) ;
#569 = CARTESIAN_POINT ( 'NONE',  ( 11.20959357882520280, 2.356614065477147690, 1.000000000000000444 ) ) ;
#570 = CIRCLE ( 'NONE', #971, 0.06249999999999997224 ) ;
#571 = CARTESIAN_POINT ( 'NONE',  ( 1.484166666667070089, 2.109281673631084875, 0.06250000000000005551 ) ) ;
#572 = CYLINDRICAL_SURFACE ( 'NONE', #518, 0.2499999999999998057 ) ;
#573 = AXIS2_PLACEMENT_3D ( 'NONE', #381, #220, #516 ) ;
#574 = VERTEX_POINT ( 'NONE', #248 ) ;
#575 = AXIS2_PLACEMENT_3D ( 'NONE', #734, #585, #479 ) ;
#576 = DIRECTION ( 'NONE',  ( -1.000000000000000000, 0.000000000000000000, 0.000000000000000000 ) ) ;
#577 = VECTOR ( 'NONE', #968, 100.0000000000000142 ) ;
#578 = CARTESIAN_POINT ( 'NONE',  ( 0.05027014917616432627, 1.577485095115308988, 1.000000000000001998 ) ) ;
#579 = EDGE_CURVE ( 'NONE', #1416, #446, #389, .T. ) ;
#580 = CARTESIAN_POINT ( 'NONE',  ( 13.15781956773975914, 2.359676394467955962, 0.7580672550220710626 ) ) ;
#581 = FACE_OUTER_BOUND ( 'NONE', #1157, .T. ) ;
#582 = CYLINDRICAL_SURFACE ( 'NONE', #300, 0.3174999999997707434 ) ;
#583 = EDGE_LOOP ( 'NONE', ( #265, #649, #397 ) ) ;
#584 = CARTESIAN_POINT ( 'NONE',  ( 1.005042072381260754, 0.8886674529830038693, -2.788922481740819137 ) ) ;
#585 = DIRECTION ( 'NONE',  ( -0.000000000000000000, 0.000000000000000000, 1.000000000000000000 ) ) ;
#586 = CARTESIAN_POINT ( 'NONE',  ( 13.15738297318934613, 2.327370904190850798, 0.7516157816693096461 ) ) ;
#587 = DIRECTION ( 'NONE',  ( 1.000000000000000000, 0.000000000000000000, 0.000000000000000000 ) ) ;
#588 = EDGE_LOOP ( 'NONE', ( #1574, #289, #1426, #435 ) ) ;
#589 = EDGE_CURVE ( 'NONE', #726, #1416, #1383, .T. ) ;
#590 = ORIENTED_EDGE ( 'NONE', *, *, #579, .T. ) ;
#591 = CARTESIAN_POINT ( 'NONE',  ( 1.323766954045194177, 1.536902223965285641, -1.890020672744946451 ) ) ;
#592 = ORIENTED_EDGE ( 'NONE', *, *, #1026, .F. ) ;
#593 = MANIFOLD_SOLID_BREP ( 'Fillet20', #1572 ) ;
#594 = LINE ( 'NONE', #335, #656 ) ;
#595 = CARTESIAN_POINT ( 'NONE',  ( 11.03971695731838132, 2.362027570258356413, 1.500000000000000666 ) ) ;
#596 = CARTESIAN_POINT ( 'NONE',  ( 13.15846431531454108, 2.405480715563110827, 1.724638529016905064 ) ) ;
#597 = CARTESIAN_POINT ( 'NONE',  ( 8.983114030733233335, 2.427565898471868877, 0.2500000000000000000 ) ) ;
#598 = AXIS2_PLACEMENT_3D ( 'NONE', #319, #465, #1113 ) ;
#599 = CIRCLE ( 'NONE', #114, 0.3174999999997707434 ) ;
#600 = EDGE_LOOP ( 'NONE', ( #1290, #848, #1009, #154 ) ) ;
#601 = ADVANCED_FACE ( 'NONE', ( #893 ), #104, .T. ) ;
#602 = AXIS2_PLACEMENT_3D ( 'NONE', #406, #261, #1172 ) ;
#603 = DIRECTION ( 'NONE',  ( -0.3305312433255177540, 0.000000000000000000, 0.9437950504138530317 ) ) ;
#604 = ORIENTED_EDGE ( 'NONE', *, *, #218, .T. ) ;
#605 = AXIS2_PLACEMENT_3D ( 'NONE', #645, #907, #761 ) ;
#606 = AXIS2_PLACEMENT_3D ( 'NONE', #676, #1595, #1481 ) ;
#607 = CYLINDRICAL_SURFACE ( 'NONE', #1086, 0.2500000000000000000 ) ;
#608 = AXIS2_PLACEMENT_3D ( 'NONE', #626, #636, #530 ) ;
#609 = CARTESIAN_POINT ( 'NONE',  ( 13.15695809142729544, 2.294556867693140489, 1.750000000000000222 ) ) ;
#610 = DIRECTION ( 'NONE',  ( 0.9433684724741816519, -0.03006258124797675166, 0.3303818493053727323 ) ) ;
#611 = ORIENTED_EDGE ( 'NONE', *, *, #1566, .T. ) ;
#612 = LINE ( 'NONE', #1122, #1471 ) ;
#613 = CARTESIAN_POINT ( 'NONE',  ( 13.16854094100592931, 1.159441570215618889, 1.750000000000000222 ) ) ;
#614 = EDGE_CURVE ( 'NONE', #1380, #443, #494, .T. ) ;
#615 = FACE_OUTER_BOUND ( 'NONE', #96, .T. ) ;
#616 = CARTESIAN_POINT ( 'NONE',  ( 13.16055234158832121, 2.542949627401160484, 1.532737786862120366 ) ) ;
#617 = CARTESIAN_POINT ( 'NONE',  ( 1.167630219944835845, 1.353432153492474477, 0.9151967201827100329 ) ) ;
#618 = ORIENTED_EDGE ( 'NONE', *, *, #312, .T. ) ;
#619 = DIRECTION ( 'NONE',  ( -1.000000000000000000, 0.000000000000000000, 0.000000000000000000 ) ) ;
#620 = ORIENTED_EDGE ( 'NONE', *, *, #1603, .F. ) ;
#621 = CARTESIAN_POINT ( 'NONE',  ( 13.15737793744526840, 2.327402734692901376, 1.749999999999991784 ) ) ;
#622 = EDGE_LOOP ( 'NONE', ( #1207, #413, #618, #1154, #1051 ) ) ;
#623 = AXIS2_PLACEMENT_3D ( 'NONE', #102, #991, #1425 ) ;
#624 = VERTEX_POINT ( 'NONE', #501 ) ;
#625 = EDGE_CURVE ( 'NONE', #379, #986, #255, .T. ) ;
#626 = CARTESIAN_POINT ( 'NONE',  ( 13.16057816476372544, 1.727068414005279662, 1.750000000000000222 ) ) ;
#627 = AXIS2_PLACEMENT_3D ( 'NONE', #184, #33, #266 ) ;
#628 = VECTOR ( 'NONE', #800, 100.0000000000000000 ) ;
#629 = EDGE_CURVE ( 'NONE', #642, #294, #1032, .T. ) ;
#630 = CIRCLE ( 'NONE', #1659, 0.2500000000000002220 ) ;
#631 = DIRECTION ( 'NONE',  ( -1.225314886288554880E-16, 3.904744476649990256E-18, -1.000000000000000000 ) ) ;
#632 = EDGE_CURVE ( 'NONE', #286, #749, #1001, .T. ) ;
#633 = ORIENTED_EDGE ( 'NONE', *, *, #388, .F. ) ;
#634 = DIRECTION ( 'NONE',  ( -0.03185110496881608105, -0.9994926248413570358, 0.000000000000000000 ) ) ;
#635 = ORIENTED_EDGE ( 'NONE', *, *, #1093, .T. ) ;
#636 = DIRECTION ( 'NONE',  ( -0.000000000000000000, -0.000000000000000000, -1.000000000000000000 ) ) ;
#637 = CARTESIAN_POINT ( 'NONE',  ( 1.546666666667070089, 2.109281673631084875, 0.06250000000000005551 ) ) ;
#638 = FACE_OUTER_BOUND ( 'NONE', #535, .T. ) ;
#639 = DIRECTION ( 'NONE',  ( 1.000000000000000000, 0.000000000000000000, 0.000000000000000000 ) ) ;
#640 = ORIENTED_EDGE ( 'NONE', *, *, #855, .F. ) ;
#641 = FACE_OUTER_BOUND ( 'NONE', #804, .T. ) ;
#642 = VERTEX_POINT ( 'NONE', #1280 ) ;
#643 = DIRECTION ( 'NONE',  ( -1.000000000000000000, 0.000000000000000000, 1.060992951667771807E-16 ) ) ;
#644 = FACE_OUTER_BOUND ( 'NONE', #1121, .T. ) ;
#645 = CARTESIAN_POINT ( 'NONE',  ( 11.17346899703678709, 1.223019073769271881, 0.5000000000000004441 ) ) ;
#646 = CARTESIAN_POINT ( 'NONE',  ( 0.08639473096460131840, 2.711080086823183244, 1.750000000000000222 ) ) ;
#647 = VERTEX_POINT ( 'NONE', #509 ) ;
#648 = ADVANCED_FACE ( 'NONE', ( #1028 ), #1084, .T. ) ;
#649 = ORIENTED_EDGE ( 'NONE', *, *, #1442, .F. ) ;
#650 = VECTOR ( 'NONE', #856, 100.0000000000000000 ) ;
#651 = CARTESIAN_POINT ( 'NONE',  ( 13.16057816476372544, 2.544568414005279777, 1.500000000000000222 ) ) ;
#652 = AXIS2_PLACEMENT_3D ( 'NONE', #123, #1002, #619 ) ;
#653 = CIRCLE ( 'NONE', #1220, 0.3799999999997721867 ) ;
#654 = CARTESIAN_POINT ( 'NONE',  ( 13.16060399410671522, 0.9111875866811598446, 0.9672583045369659294 ) ) ;
#655 = FACE_OUTER_BOUND ( 'NONE', #1243, .T. ) ;
#656 = VECTOR ( 'NONE', #1365, 100.0000000000000000 ) ;
#657 = VERTEX_POINT ( 'NONE', #97 ) ;
#658 = CIRCLE ( 'NONE', #1224, 0.3174999999997707434 ) ;
#659 = VERTEX_POINT ( 'NONE', #1648 ) ;
#660 = DIRECTION ( 'NONE',  ( -0.03185110496880563802, -0.9994926248413573688, 0.000000000000000000 ) ) ;
#661 = EDGE_CURVE ( 'NONE', #774, #986, #612, .T. ) ;
#662 = CARTESIAN_POINT ( 'NONE',  ( 1.163046593330638423, 2.676770127318945480, 1.750000000000000222 ) ) ;
#663 = DIRECTION ( 'NONE',  ( -1.000000000000000000, 0.000000000000000000, 1.224988772935800968E-16 ) ) ;
#664 = ORIENTED_EDGE ( 'NONE', *, *, #333, .T. ) ;
#665 = ORIENTED_EDGE ( 'NONE', *, *, #488, .F. ) ;
#666 = DIRECTION ( 'NONE',  ( -0.9994926248413569247, 0.03185110496881611575, 0.000000000000000000 ) ) ;
#667 = LINE ( 'NONE', #562, #840 ) ;
#668 = CARTESIAN_POINT ( 'NONE',  ( 13.54057816476349707, 1.727068414005279662, 1.750000000000000222 ) ) ;
#669 = CYLINDRICAL_SURFACE ( 'NONE', #1137, 0.2499999999999998057 ) ;
#670 = ORIENTED_EDGE ( 'NONE', *, *, #1644, .F. ) ;
#671 = ORIENTED_EDGE ( 'NONE', *, *, #138, .T. ) ;
#672 = ORIENTED_EDGE ( 'NONE', *, *, #1100, .F. ) ;
#673 = VECTOR ( 'NONE', #829, 100.0000000000000142 ) ;
#674 = B_SPLINE_CURVE_WITH_KNOTS ( 'NONE', 3,
 ( #299, #1238, #1495, #1358, #1230, #1092, #209, #1613, #694, #69, #59, #456, #1335, #1212, #580, #586, #1074, #970 ),
 .UNSPECIFIED., .F., .F.,
 ( 4, 2, 2, 2, 2, 2, 2, 2, 4 ),
 ( 0.000000000000000000, 0.0004882324649552895581, 0.0009764649299105791162, 0.001464697394865868783, 0.001952929859821158232, 0.002441162324776447682, 0.002929394789731737565, 0.003417627254687027015, 0.003905859719642316465 ),
 .UNSPECIFIED. ) ;
#675 = ADVANCED_FACE ( 'NONE', ( #581 ), #1336, .T. ) ;
#676 = CARTESIAN_POINT ( 'NONE',  ( 1.166666666667070196, 2.109281673631084875, 0.2500000000000000555 ) ) ;
#677 = DIRECTION ( 'NONE',  ( -1.000000000000000000, -4.784541534392245600E-34, 1.225314886288554880E-16 ) ) ;
#678 = EDGE_CURVE ( 'NONE', #1089, #706, #225, .T. ) ;
#679 = EDGE_CURVE ( 'NONE', #1040, #2, #301, .T. ) ;
#680 = DIRECTION ( 'NONE',  ( 1.000000000000000000, 0.000000000000000000, 0.000000000000000000 ) ) ;
#681 = VECTOR ( 'NONE', #1384, 100.0000000000000000 ) ;
#682 = EDGE_LOOP ( 'NONE', ( #363, #1177, #741 ) ) ;
#683 = ADVANCED_FACE ( 'NONE', ( #1465 ), #669, .T. ) ;
#684 = CIRCLE ( 'NONE', #198, 0.2500000000000000555 ) ;
#685 = EDGE_LOOP ( 'NONE', ( #36, #1640, #507, #427 ) ) ;
#686 = AXIS2_PLACEMENT_3D ( 'NONE', #260, #132, #643 ) ;
#687 = CARTESIAN_POINT ( 'NONE',  ( 13.97807816476372444, 1.727068414005279662, 1.500000000000000222 ) ) ;
#688 = CARTESIAN_POINT ( 'NONE',  ( 8.851703606636311505, 1.046880498594359388, 1.014038160705809322 ) ) ;
#689 = DIRECTION ( 'NONE',  ( -1.000000000000000000, 0.000000000000000000, 2.282530889444535696E-16 ) ) ;
#690 = EDGE_LOOP ( 'NONE', ( #1090, #110, #557, #925, #155 ) ) ;
#691 = ORIENTED_EDGE ( 'NONE', *, *, #560, .F. ) ;
#692 = CARTESIAN_POINT ( 'NONE',  ( 11.21755635506740667, 2.606487221687486588, 0.5000000000000004441 ) ) ;
#693 = DIRECTION ( 'NONE',  ( 0.03185110496880563108, 0.9994926248413572578, 0.000000000000000000 ) ) ;
#694 = CARTESIAN_POINT ( 'NONE',  ( 13.15961461148595646, 2.482917934143910710, 0.8348032798173152802 ) ) ;
#695 = DIRECTION ( 'NONE',  ( -4.781995094674585280E-34, -1.000000000000000000, -3.903705242305269323E-18 ) ) ;
#696 = LINE ( 'NONE', #1631, #1052 ) ;
#697 = EDGE_LOOP ( 'NONE', ( #419, #1003, #1407, #635 ) ) ;
#698 = EDGE_CURVE ( 'NONE', #294, #642, #653, .T. ) ;
#699 = CARTESIAN_POINT ( 'NONE',  ( 13.54057816476349707, 1.727068414005279662, 0.8125000000000003331 ) ) ;
#700 = DIRECTION ( 'NONE',  ( -0.03185110496881607411, -0.9994926248413569247, 0.000000000000000000 ) ) ;
#701 = AXIS2_PLACEMENT_3D ( 'NONE', #1301, #144, #663 ) ;
#702 = FACE_OUTER_BOUND ( 'NONE', #371, .T. ) ;
#703 = LINE ( 'NONE', #1622, #1518 ) ;
#704 = AXIS2_PLACEMENT_3D ( 'NONE', #637, #1150, #1512 ) ;
#705 = VECTOR ( 'NONE', #813, 100.0000000000000142 ) ;
#706 = VERTEX_POINT ( 'NONE', #1590 ) ;
#707 = VECTOR ( 'NONE', #431, 100.0000000000000142 ) ;
#708 = CIRCLE ( 'NONE', #1552, 0.2500000000000000000 ) ;
#709 = DIRECTION ( 'NONE',  ( 0.9433684724741810967, -0.03006258124797702228, 0.3303818493053747307 ) ) ;
#710 = EDGE_CURVE ( 'NONE', #1316, #379, #1190, .T. ) ;
#711 = CARTESIAN_POINT ( 'NONE',  ( 13.16057816476372899, 0.9095684140052797684, 1.516506756128226607 ) ) ;
#712 = DIRECTION ( 'NONE',  ( -0.9994926248413570358, 0.03185110496881633779, 0.000000000000000000 ) ) ;
#713 = EDGE_LOOP ( 'NONE', ( #817, #1270, #103, #1535 ) ) ;
#714 = CARTESIAN_POINT ( 'NONE',  ( 1.166666666667070196, 2.109281673631084875, 1.750000000000000222 ) ) ;
#715 = CARTESIAN_POINT ( 'NONE',  ( 1.166666666667070196, 2.109281673631084875, 0.7500000000000009992 ) ) ;
#716 = DIRECTION ( 'NONE',  ( -0.03185110496880563108, -0.9994926248413572578, 0.000000000000000000 ) ) ;
#717 = CARTESIAN_POINT ( 'NONE',  ( 13.16419823810015011, 1.159579960317419056, 1.750000000000000222 ) ) ;
#718 = DIRECTION ( 'NONE',  ( -1.224646799147353207E-16, 1.000000000000000000, 3.903705242305283960E-18 ) ) ;
#719 = VERTEX_POINT ( 'NONE', #426 ) ;
#720 = PLANE ( 'NONE',  #1361 ) ;
#721 = ORIENTED_EDGE ( 'NONE', *, *, #678, .T. ) ;
#722 = CARTESIAN_POINT ( 'NONE',  ( 1.163046593330638423, 2.676770127318945480, 0.7500000000000011102 ) ) ;
#723 = EDGE_CURVE ( 'NONE', #234, #1340, #172, .T. ) ;
#724 = CARTESIAN_POINT ( 'NONE',  ( 13.16070472685069248, 0.9175298799316661258, 1.564670961644689884 ) ) ;
#725 = DIRECTION ( 'NONE',  ( -0.9994926248413569247, 0.03185110496881607411, 1.225610617317196817E-16 ) ) ;
#726 = VERTEX_POINT ( 'NONE', #932 ) ;
#727 = EDGE_CURVE ( 'NONE', #286, #1551, #939, .T. ) ;
#728 = TOROIDAL_SURFACE ( 'NONE', #1357, 0.3800000000000000044, 0.06250000000000000000 ) ;
#729 = DIRECTION ( 'NONE',  ( -0.000000000000000000, 0.000000000000000000, 1.000000000000000000 ) ) ;
#730 = DIRECTION ( 'NONE',  ( -0.000000000000000000, -0.000000000000000000, -1.000000000000000000 ) ) ;
#731 = ORIENTED_EDGE ( 'NONE', *, *, #249, .F. ) ;
#732 = VECTOR ( 'NONE', #972, 100.0000000000000000 ) ;
#733 = AXIS2_PLACEMENT_3D ( 'NONE', #165, #287, #1350 ) ;
#734 = CARTESIAN_POINT ( 'NONE',  ( 13.16057816476372544, 1.727068414005279662, 1.687500000000000000 ) ) ;
#735 = DIRECTION ( 'NONE',  ( -0.03185110496880563802, -0.9994926248413573688, 0.000000000000000000 ) ) ;
#736 = AXIS2_PLACEMENT_3D ( 'NONE', #1149, #1540, #1284 ) ;
#737 = CARTESIAN_POINT ( 'NONE',  ( 13.16017816944292917, 2.519271877323829401, 1.610799476015755571 ) ) ;
#738 = CIRCLE ( 'NONE', #1363, 0.2500000000000000000 ) ;
#739 = CARTESIAN_POINT ( 'NONE',  ( 1.166666666667070196, 2.109281673631084875, 0.06250000000000005551 ) ) ;
#740 = EDGE_LOOP ( 'NONE', ( #302, #1030, #205, #54 ) ) ;
#741 = ORIENTED_EDGE ( 'NONE', *, *, #1560, .F. ) ;
#742 = CARTESIAN_POINT ( 'NONE',  ( 13.47807816476349529, 1.727068414005279662, 1.687500000000000000 ) ) ;
#743 = DIRECTION ( 'NONE',  ( 0.9994926248413569247, -0.03185110496881637943, -1.105057190504145787E-16 ) ) ;
#744 = DIRECTION ( 'NONE',  ( -0.000000000000000000, 0.000000000000000000, 1.000000000000000000 ) ) ;
#745 = ORIENTED_EDGE ( 'NONE', *, *, #1603, .T. ) ;
#746 = ADVANCED_FACE ( 'NONE', ( #702 ), #773, .T. ) ;
#747 =( NAMED_UNIT ( * ) PLANE_ANGLE_UNIT ( ) SI_UNIT ( $, .RADIAN. ) );
#748 = DIRECTION ( 'NONE',  ( 0.000000000000000000, 0.000000000000000000, 1.000000000000000000 ) ) ;
#749 = VERTEX_POINT ( 'NONE', #1344 ) ;
#750 = EDGE_CURVE ( 'NONE', #1452, #657, #975, .T. ) ;
#751 = CARTESIAN_POINT ( 'NONE',  ( 0.08639473096460133228, 2.711080086823183688, 1.500000000000000222 ) ) ;
#752 = LINE ( 'NONE', #1006, #1219 ) ;
#753 = DIRECTION ( 'NONE',  ( 1.000000000000000000, 0.000000000000000000, 0.000000000000000000 ) ) ;
#754 = CARTESIAN_POINT ( 'NONE',  ( 1.166793258971227543, 1.299745044328689536, 0.8146785859282854592 ) ) ;
#755 = ORIENTED_EDGE ( 'NONE', *, *, #291, .T. ) ;
#756 = SHAPE_DEFINITION_REPRESENTATION ( #1108, #1474 ) ;
#757 = ORIENTED_EDGE ( 'NONE', *, *, #1091, .T. ) ;
#758 = CARTESIAN_POINT ( 'NONE',  ( 0.7866666666670703023, 2.109281673631084875, 1.000000000000001110 ) ) ;
#759 = AXIS2_PLACEMENT_3D ( 'NONE', #1537, #1156, #372 ) ;
#760 = AXIS2_PLACEMENT_3D ( 'NONE', #292, #1462, #1448 ) ;
#761 = DIRECTION ( 'NONE',  ( -0.9994926248413569247, 0.03185110496881610881, 0.000000000000000000 ) ) ;
#762 = EDGE_CURVE ( 'NONE', #706, #1089, #1114, .T. ) ;
#763 = CIRCLE ( 'NONE', #1004, 0.5000000000000006661 ) ;
#764 = DIRECTION ( 'NONE',  ( 0.03185110496880563802, 0.9994926248413573688, -0.000000000000000000 ) ) ;
#765 = EDGE_LOOP ( 'NONE', ( #403, #313, #213, #1046, #604, #1544, #1062, #611, #1302, #966 ) ) ;
#766 = VERTEX_POINT ( 'NONE', #439 ) ;
#767 = DIRECTION ( 'NONE',  ( -1.225314886288554880E-16, 3.904744476649990256E-18, -1.000000000000000000 ) ) ;
#768 = CARTESIAN_POINT ( 'NONE',  ( 11.00836188615570066, 1.228280587250280442, 0.9719236785883806906 ) ) ;
#769 = CARTESIAN_POINT ( 'NONE',  ( 13.16097825367436869, 0.9348709145622744465, 0.8891881516792389251 ) ) ;
#770 = CARTESIAN_POINT ( 'NONE',  ( 13.54057816476349707, 1.727068414005279662, 0.7500000000000003331 ) ) ;
#771 = EDGE_CURVE ( 'NONE', #749, #624, #947, .T. ) ;
#772 = ORIENTED_EDGE ( 'NONE', *, *, #1666, .T. ) ;
#773 = CYLINDRICAL_SURFACE ( 'NONE', #92, 0.8175000000000001155 ) ;
#774 = VERTEX_POINT ( 'NONE', #555 ) ;
#775 = CYLINDRICAL_SURFACE ( 'NONE', #1447, 0.3174999999999998934 ) ;
#776 = CYLINDRICAL_SURFACE ( 'NONE', #223, 0.2500000000000000000 ) ;
#777 = CARTESIAN_POINT ( 'NONE',  ( 13.16419823810015188, 1.159579960317419056, 0.7500000000000002220 ) ) ;
#778 = DIRECTION ( 'NONE',  ( -0.9994926248413570358, 0.03185110496881611575, 0.000000000000000000 ) ) ;
#779 = EDGE_CURVE ( 'NONE', #943, #825, #197, .T. ) ;
#780 = EDGE_LOOP ( 'NONE', ( #452, #1281, #1096, #353 ) ) ;
#781 = VERTEX_POINT ( 'NONE', #1476 ) ;
#782 = EDGE_CURVE ( 'NONE', #443, #1397, #548, .T. ) ;
#783 = DIRECTION ( 'NONE',  ( 0.03185110496881637943, 0.9994926248413569247, 0.000000000000000000 ) ) ;
#784 = STYLED_ITEM ( 'NONE', ( #355 ), #593 ) ;
#785 = CIRCLE ( 'NONE', #66, 0.2500000000000000555 ) ;
#786 = CARTESIAN_POINT ( 'NONE',  ( 1.168168230471429148, 1.389054363787744606, 0.05139542003677485815 ) ) ;
#787 = TOROIDAL_SURFACE ( 'NONE', #1035, 0.5675000000000001155, 0.2500000000000000000 ) ;
#788 = TOROIDAL_SURFACE ( 'NONE', #552, 0.3799999999997716316, 0.06250000000000000000 ) ;
#789 = ORIENTED_EDGE ( 'NONE', *, *, #1179, .T. ) ;
#790 = VERTEX_POINT ( 'NONE', #571 ) ;
#791 = CARTESIAN_POINT ( 'NONE',  ( 0.5991666666670701913, 2.109281673631084875, 1.000000000000001110 ) ) ;
#792 = ORIENTED_EDGE ( 'NONE', *, *, #18, .F. ) ;
#793 = DIRECTION ( 'NONE',  ( 0.9994926248413573688, -0.03185110496880559638, 0.000000000000000000 ) ) ;
#794 = CARTESIAN_POINT ( 'NONE',  ( 1.168780946217268690, 1.430899253633572954, 0.02534657884924153282 ) ) ;
#795 = ORIENTED_EDGE ( 'NONE', *, *, #70, .F. ) ;
#796 = ORIENTED_EDGE ( 'NONE', *, *, #614, .F. ) ;
#797 = ADVANCED_FACE ( 'NONE', ( #1085 ), #984, .T. ) ;
#798 = CARTESIAN_POINT ( 'NONE',  ( 11.03971695731838132, 2.362027570258356413, 1.500000000000000000 ) ) ;
#799 = EDGE_CURVE ( 'NONE', #1325, #719, #1296, .T. ) ;
#800 = DIRECTION ( 'NONE',  ( -0.000000000000000000, -0.000000000000000000, -1.000000000000000000 ) ) ;
#801 = CARTESIAN_POINT ( 'NONE',  ( 1.166666666667070196, 1.291781673631084537, 0.2334912566918117549 ) ) ;
#802 = EDGE_CURVE ( 'NONE', #790, #239, #1193, .T. ) ;
#803 = DIRECTION ( 'NONE',  ( 1.225314886288554880E-16, -3.904744476649990256E-18, 1.000000000000000000 ) ) ;
#804 = EDGE_LOOP ( 'NONE', ( #1313, #1269, #551, #815 ) ) ;
#805 = EDGE_LOOP ( 'NONE', ( #1592, #1559, #430, #1115, #374 ) ) ;
#806 = CIRCLE ( 'NONE', #1022, 0.3174999999997707434 ) ;
#807 = CARTESIAN_POINT ( 'NONE',  ( 11.09091544159624476, 1.225649830509776939, 0.7359618392941903453 ) ) ;
#808 = CIRCLE ( 'NONE', #543, 0.06250000000000005551 ) ;
#809 = DIRECTION ( 'NONE',  ( -0.9994926248413569247, 0.03185110496881637943, 0.000000000000000000 ) ) ;
#810 = DIRECTION ( 'NONE',  ( 0.3305312433255214732, 0.000000000000000000, -0.9437950504138518104 ) ) ;
#811 = AXIS2_PLACEMENT_3D ( 'NONE', #486, #735, #1541 ) ;
#812 = EDGE_CURVE ( 'NONE', #943, #112, #1565, .T. ) ;
#813 = DIRECTION ( 'NONE',  ( -0.9994926248413569247, 0.03185110496881607411, -0.000000000000000000 ) ) ;
#814 = AXIS2_PLACEMENT_3D ( 'NONE', #1390, #729, #1255 ) ;
#815 = ORIENTED_EDGE ( 'NONE', *, *, #978, .T. ) ;
#816 = AXIS2_PLACEMENT_3D ( 'NONE', #75, #1373, #988 ) ;
#817 = ORIENTED_EDGE ( 'NONE', *, *, #1271, .F. ) ;
#818 = AXIS2_PLACEMENT_3D ( 'NONE', #692, #1576, #1209 ) ;
#819 = DIRECTION ( 'NONE',  ( 0.9994926248413569247, -0.03185110496881611575, -1.225936896215758186E-16 ) ) ;
#820 = FACE_OUTER_BOUND ( 'NONE', #894, .T. ) ;
#821 = CARTESIAN_POINT ( 'NONE',  ( 1.166666666667070196, 2.109281673631084875, 0.2500000000000000555 ) ) ;
#822 = DIRECTION ( 'NONE',  ( 1.224988772935800968E-16, -3.903705242305269323E-18, 1.000000000000000000 ) ) ;
#823 = ORIENTED_EDGE ( 'NONE', *, *, #1560, .T. ) ;
#824 = EDGE_CURVE ( 'NONE', #1397, #1509, #470, .T. ) ;
#825 = VERTEX_POINT ( 'NONE', #1513 ) ;
#826 = DIRECTION ( 'NONE',  ( 0.9994926248413569247, -0.03185110496881611575, 0.000000000000000000 ) ) ;
#827 = DIRECTION ( 'NONE',  ( 0.3305312433255211957, 0.000000000000000000, -0.9437950504138516994 ) ) ;
#828 = DIRECTION ( 'NONE',  ( -0.3305312433255216953, 0.000000000000000000, 0.9437950504138516994 ) ) ;
#829 = DIRECTION ( 'NONE',  ( 0.9994926248413569247, -0.03185110496881611575, -1.225610617317196817E-16 ) ) ;
#830 = ORIENTED_EDGE ( 'NONE', *, *, #1555, .F. ) ;
#831 = EDGE_CURVE ( 'NONE', #1419, #112, #1417, .T. ) ;
#832 =( LENGTH_UNIT ( ) NAMED_UNIT ( * ) SI_UNIT ( .CENTI., .METRE. ) );
#833 = ORIENTED_EDGE ( 'NONE', *, *, #298, .T. ) ;
#834 = CIRCLE ( 'NONE', #166, 0.3174999999999998934 ) ;
#835 = CARTESIAN_POINT ( 'NONE',  ( 13.16057816476372544, 2.544568414005279777, 1.750000000000000222 ) ) ;
#836 = DIRECTION ( 'NONE',  ( 0.9433684724741806527, -0.03006258124797675166, 0.3303818493053758409 ) ) ;
#837 = AXIS2_PLACEMENT_3D ( 'NONE', #133, #387, #1160 ) ;
#838 = AXIS2_PLACEMENT_3D ( 'NONE', #168, #822, #1075 ) ;
#839 = ORIENTED_EDGE ( 'NONE', *, *, #31, .T. ) ;
#840 = VECTOR ( 'NONE', #553, 100.0000000000000142 ) ;
#841 = DIRECTION ( 'NONE',  ( 0.03185110496880563108, 0.9994926248413572578, 1.637314168233196991E-18 ) ) ;
#842 = ORIENTED_EDGE ( 'NONE', *, *, #1205, .T. ) ;
#843 = DIRECTION ( 'NONE',  ( -0.9994926248413570358, 0.03185110496881608105, 0.000000000000000000 ) ) ;
#844 = DIRECTION ( 'NONE',  ( 0.000000000000000000, -0.000000000000000000, -1.000000000000000000 ) ) ;
#845 = DIRECTION ( 'NONE',  ( -0.9994926248413569247, 0.03185110496881633779, -6.938893903907219503E-16 ) ) ;
#846 = ORIENTED_EDGE ( 'NONE', *, *, #887, .F. ) ;
#847 = CARTESIAN_POINT ( 'NONE',  ( 13.15695809142729544, 2.294556867693140489, 1.750000000000000222 ) ) ;
#848 = ORIENTED_EDGE ( 'NONE', *, *, #312, .F. ) ;
#849 = PRODUCT_DEFINITION ( 'General', '', #1311, #1262 ) ;
#850 = DIRECTION ( 'NONE',  ( -0.9994926248413569247, 0.03185110496881607411, 0.000000000000000000 ) ) ;
#851 = EDGE_CURVE ( 'NONE', #647, #766, #1057, .T. ) ;
#852 = EDGE_CURVE ( 'NONE', #112, #866, #1360, .T. ) ;
#853 = DIRECTION ( 'NONE',  ( 0.03185110496880563108, 0.9994926248413572578, 7.703719777548943412E-34 ) ) ;
#854 = CARTESIAN_POINT ( 'NONE',  ( 13.16333104967664447, 1.093736626812241264, 1.743360479052948442 ) ) ;
#855 = EDGE_CURVE ( 'NONE', #1069, #1040, #464, .T. ) ;
#856 = DIRECTION ( 'NONE',  ( -0.000000000000000000, -0.000000000000000000, -1.000000000000000000 ) ) ;
#857 = ORIENTED_EDGE ( 'NONE', *, *, #47, .F. ) ;
#858 = FILL_AREA_STYLE ('',( #878 ) ) ;
#859 = DIRECTION ( 'NONE',  ( -1.225314886288554880E-16, 3.904744476649990256E-18, -1.000000000000000000 ) ) ;
#860 = ORIENTED_EDGE ( 'NONE', *, *, #1586, .F. ) ;
#861 = DIRECTION ( 'NONE',  ( -0.000000000000000000, -0.000000000000000000, -1.000000000000000000 ) ) ;
#862 = CARTESIAN_POINT ( 'NONE',  ( 10.99562959928776706, 0.9785594223401411496, 1.500000000000000222 ) ) ;
#863 = DIRECTION ( 'NONE',  ( -0.9994926248413569247, 0.03185110496881607411, 0.000000000000000000 ) ) ;
#864 = UNCERTAINTY_MEASURE_WITH_UNIT (LENGTH_MEASURE( 1.000000000000000082E-05 ), #832, 'distance_accuracy_value', 'NONE');
#865 = COLOUR_RGB ( '',0.7921568627450980005, 0.8196078431372548767, 0.9333333333333333481 ) ;
#866 = VERTEX_POINT ( 'NONE', #108 ) ;
#867 = CIRCLE ( 'NONE', #948, 0.2500000000000000000 ) ;
#868 = CYLINDRICAL_SURFACE ( 'NONE', #170, 0.2500000000000002220 ) ;
#869 = VERTEX_POINT ( 'NONE', #93 ) ;
#870 = TOROIDAL_SURFACE ( 'NONE', #393, 0.5000000000000000000, 0.2500000000000000000 ) ;
#871 = FACE_OUTER_BOUND ( 'NONE', #1587, .T. ) ;
#872 = CARTESIAN_POINT ( 'NONE',  ( 13.16057816476372544, 0.9095684140052797684, 1.000000000000000444 ) ) ;
#873 = B_SPLINE_CURVE_WITH_KNOTS ( 'NONE', 3,
 ( #1310, #914, #654, #8, #1161, #769, #1043, #1293, #377, #899, #889, #134, #497, #1412, #1424, #400, #245, #777 ),
 .UNSPECIFIED., .F., .F.,
 ( 4, 2, 2, 2, 2, 2, 2, 2, 4 ),
 ( 0.000000000000000000, 0.0004882324649554359796, 0.0009764649299108719592, 0.001464697394866307885, 0.001952929859821743918, 0.002441162324777179735, 0.002929394789732615769, 0.003417627254688051803, 0.003905859719643487837 ),
 .UNSPECIFIED. ) ;
#874 = CARTESIAN_POINT ( 'NONE',  ( 13.16060398793912611, 0.9111872006094007270, 1.532737786862130580 ) ) ;
#875 = CARTESIAN_POINT ( 'NONE',  ( 1.166692496010052871, 1.293400846306964835, 0.7827416954630316281 ) ) ;
#876 = EDGE_LOOP ( 'NONE', ( #121, #467, #1440, #257 ) ) ;
#877 = EDGE_CURVE ( 'NONE', #1551, #517, #84, .T. ) ;
#878 = FILL_AREA_STYLE_COLOUR ( '', #865 ) ;
#879 = EDGE_LOOP ( 'NONE', ( #1000, #283, #1136, #1018 ) ) ;
#880 = CARTESIAN_POINT ( 'NONE',  ( 13.16057816476372544, 1.727068414005279662, 1.000000000000000222 ) ) ;
#881 = FACE_OUTER_BOUND ( 'NONE', #1107, .T. ) ;
#882 = CARTESIAN_POINT ( 'NONE',  ( 1.166666666667070196, 2.109281673631084875, 0.2500000000000000555 ) ) ;
#883 = CARTESIAN_POINT ( 'NONE',  ( 1.168570259867385497, 1.416357791169948532, 0.9668826423895301447 ) ) ;
#884 = ORIENTED_EDGE ( 'NONE', *, *, #211, .F. ) ;
#885 = DIRECTION ( 'NONE',  ( 0.03185110496881608105, 0.9994926248413570358, -0.000000000000000000 ) ) ;
#886 = ORIENTED_EDGE ( 'NONE', *, *, #1105, .F. ) ;
#887 = EDGE_CURVE ( 'NONE', #1642, #1295, #190, .T. ) ;
#888 = CARTESIAN_POINT ( 'NONE',  ( 13.16057816476372544, 1.727068414005279662, 1.750000000000000222 ) ) ;
#889 = CARTESIAN_POINT ( 'NONE',  ( 13.16207972856809683, 1.006841104161962708, 0.8013954200367566783 ) ) ;
#890 = TOROIDAL_SURFACE ( 'NONE', #1410, 0.5675000000000001155, 0.2500000000000000000 ) ;
#891 = CARTESIAN_POINT ( 'NONE',  ( 1.167467968649318788, 1.342881763611644796, 0.9023328768967531222 ) ) ;
#892 = ORIENTED_EDGE ( 'NONE', *, *, #855, .T. ) ;
#893 = FACE_OUTER_BOUND ( 'NONE', #1441, .T. ) ;
#894 = EDGE_LOOP ( 'NONE', ( #789, #934, #327, #1466 ) ) ;
#895 = AXIS2_PLACEMENT_3D ( 'NONE', #1554, #531, #399 ) ;
#896 = PLANE ( 'NONE',  #200 ) ;
#897 = DIRECTION ( 'NONE',  ( 0.9433684724741809857, -0.03006258124797701534, 0.3303818493053745087 ) ) ;
#898 = AXIS2_PLACEMENT_3D ( 'NONE', #1503, #341, #850 ) ;
#899 = CARTESIAN_POINT ( 'NONE',  ( 13.16189122024835889, 0.9942659004764961006, 0.8117437419914753649 ) ) ;
#900 = CIRCLE ( 'NONE', #1037, 0.2500000000000000000 ) ;
#901 = DIRECTION ( 'NONE',  ( -0.9994926248413569247, 0.03185110496881599085, 0.000000000000000000 ) ) ;
#902 = ORIENTED_EDGE ( 'NONE', *, *, #1050, .T. ) ;
#903 = ORIENTED_EDGE ( 'NONE', *, *, #18, .T. ) ;
#904 = ADVANCED_FACE ( 'NONE', ( #323 ), #279, .T. ) ;
#905 = DIRECTION ( 'NONE',  ( 0.03185110496881608105, 0.9994926248413570358, -0.000000000000000000 ) ) ;
#906 = DIRECTION ( 'NONE',  ( -1.000000000000000000, -4.781995094674586135E-34, 1.224988772935800968E-16 ) ) ;
#907 = DIRECTION ( 'NONE',  ( 0.03185110496881611575, 0.9994926248413570358, -0.000000000000000000 ) ) ;
#908 = CARTESIAN_POINT ( 'NONE',  ( 1.170286740003494419, 1.541793219943224269, 0.000000000000000000 ) ) ;
#909 = ADVANCED_FACE ( 'NONE', ( #1287 ), #505, .T. ) ;
#910 = VERTEX_POINT ( 'NONE', #1563 ) ;
#911 = ORIENTED_EDGE ( 'NONE', *, *, #1179, .F. ) ;
#912 = DIRECTION ( 'NONE',  ( -1.224988772935800968E-16, 3.903705242305269323E-18, -1.000000000000000000 ) ) ;
#913 = CARTESIAN_POINT ( 'NONE',  ( 8.769150051195765627, 1.049511255334863558, 0.7500000000000001110 ) ) ;
#914 = CARTESIAN_POINT ( 'NONE',  ( 13.16057816476372189, 0.9095684140052795463, 0.9834912566918097010 ) ) ;
#915 = DIRECTION ( 'NONE',  ( -0.000000000000000000, 0.000000000000000000, 1.000000000000000000 ) ) ;
#916 = ORIENTED_EDGE ( 'NONE', *, *, #206, .F. ) ;
#917 = ORIENTED_EDGE ( 'NONE', *, *, #632, .F. ) ;
#918 = ORIENTED_EDGE ( 'NONE', *, *, #86, .F. ) ;
#919 = CIRCLE ( 'NONE', #811, 0.2500000000000002220 ) ;
#920 = CARTESIAN_POINT ( 'NONE',  ( 8.926029586855962705, 0.6362471764250079431, 0.2499999999999998890 ) ) ;
#921 = DIRECTION ( 'NONE',  ( 0.9994926248413569247, -0.03185110496881607411, -1.225610617317196817E-16 ) ) ;
#922 = VECTOR ( 'NONE', #189, 100.0000000000000142 ) ;
#923 = AXIS2_PLACEMENT_3D ( 'NONE', #888, #1393, #1553 ) ;
#924 = EDGE_CURVE ( 'NONE', #1185, #379, #867, .T. ) ;
#925 = ORIENTED_EDGE ( 'NONE', *, *, #1304, .T. ) ;
#926 = EDGE_CURVE ( 'NONE', #45, #1316, #1542, .T. ) ;
#927 = ORIENTED_EDGE ( 'NONE', *, *, #1083, .T. ) ;
#928 = EDGE_CURVE ( 'NONE', #454, #1129, #873, .T. ) ;
#929 = DIRECTION ( 'NONE',  ( 0.9994926248413569247, -0.03185110496881637943, 0.000000000000000000 ) ) ;
#930 = DIRECTION ( 'NONE',  ( 0.9994926248413570358, -0.03185110496881611575, 0.000000000000000000 ) ) ;
#931 = CARTESIAN_POINT ( 'NONE',  ( 1.170078721512824993, 1.525519282852808800, -4.383819018514622037E-16 ) ) ;
#932 = CARTESIAN_POINT ( 'NONE',  ( 8.821200185468590860, 2.682852559463417830, 0.7500000000000001110 ) ) ;
#933 = ORIENTED_EDGE ( 'NONE', *, *, #106, .F. ) ;
#934 = ORIENTED_EDGE ( 'NONE', *, *, #1271, .T. ) ;
#935 = CARTESIAN_POINT ( 'NONE',  ( 8.946989448944817624, 1.293970906763993067, 0.2500000000000000555 ) ) ;
#936 = ADVANCED_FACE ( 'NONE', ( #638 ), #442, .T. ) ;
#937 = LINE ( 'NONE', #24, #1420 ) ;
#938 = DIRECTION ( 'NONE',  ( -0.000000000000000000, 0.000000000000000000, 1.000000000000000000 ) ) ;
#939 = LINE ( 'NONE', #1456, #1600 ) ;
#940 = VERTEX_POINT ( 'NONE', #276 ) ;
#941 = ORIENTED_EDGE ( 'NONE', *, *, #1093, .F. ) ;
#942 = DIRECTION ( 'NONE',  ( 0.03185110496881611575, 0.9994926248413569247, -0.000000000000000000 ) ) ;
#943 = VERTEX_POINT ( 'NONE', #1670 ) ;
#944 = CYLINDRICAL_SURFACE ( 'NONE', #14, 0.2500000000000000555 ) ;
#945 = CIRCLE ( 'NONE', #704, 0.06250000000000000000 ) ;
#946 = ADVANCED_FACE ( 'NONE', ( #1151 ), #1306, .T. ) ;
#947 = LINE ( 'NONE', #1094, #1279 ) ;
#948 = AXIS2_PLACEMENT_3D ( 'NONE', #127, #1174, #390 ) ;
#949 = CARTESIAN_POINT ( 'NONE',  ( 13.16057816476372544, 0.9095684140052797684, 1.500000000000000222 ) ) ;
#950 = AXIS2_PLACEMENT_3D ( 'NONE', #920, #1334, #793 ) ;
#951 = ORIENTED_EDGE ( 'NONE', *, *, #1332, .F. ) ;
#952 = AXIS2_PLACEMENT_3D ( 'NONE', #561, #942, #666 ) ;
#953 = ORIENTED_EDGE ( 'NONE', *, *, #438, .F. ) ;
#954 = FACE_OUTER_BOUND ( 'NONE', #780, .T. ) ;
#955 = DIRECTION ( 'NONE',  ( 0.03185110496880563108, 0.9994926248413572578, 1.251148302133290714E-19 ) ) ;
#956 = CARTESIAN_POINT ( 'NONE',  ( 8.946989448944817624, 1.293970906763993067, 0.2499999999999998890 ) ) ;
#957 = LINE ( 'NONE', #78, #673 ) ;
#958 = EDGE_CURVE ( 'NONE', #1419, #825, #785, .T. ) ;
#959 = EDGE_LOOP ( 'NONE', ( #272, #1457, #902, #745 ) ) ;
#960 = DIRECTION ( 'NONE',  ( -0.006378983852743656466, 0.9999796540755249152, 0.000000000000000000 ) ) ;
#961 = ORIENTED_EDGE ( 'NONE', *, *, #1208, .F. ) ;
#962 = FACE_OUTER_BOUND ( 'NONE', #1353, .T. ) ;
#963 = CARTESIAN_POINT ( 'NONE',  ( 10.96512617812003931, 2.614531483209200591, 1.735961839294190456 ) ) ;
#964 = CARTESIAN_POINT ( 'NONE',  ( 13.15961482950685024, 2.482932169020746649, 1.665180304334460626 ) ) ;
#965 = DIRECTION ( 'NONE',  ( 0.03185110496880563802, 0.9994926248413573688, -0.000000000000000000 ) ) ;
#966 = ORIENTED_EDGE ( 'NONE', *, *, #926, .T. ) ;
#967 = EDGE_CURVE ( 'NONE', #288, #1346, #496, .T. ) ;
#968 = DIRECTION ( 'NONE',  ( -0.9994926248413569247, 0.03185110496881607411, 1.225936896215757939E-16 ) ) ;
#969 = CARTESIAN_POINT ( 'NONE',  ( 0.08639473096460133228, 2.711080086823183688, 0.2500000000000000000 ) ) ;
#970 = CARTESIAN_POINT ( 'NONE',  ( 13.15695809142729900, 2.294556867693140489, 0.7500000000000003331 ) ) ;
#971 = AXIS2_PLACEMENT_3D ( 'NONE', #546, #1564, #1570 ) ;
#972 = DIRECTION ( 'NONE',  ( -0.000000000000000000, -0.000000000000000000, -1.000000000000000000 ) ) ;
#973 = DIRECTION ( 'NONE',  ( 0.9433684724741806527, -0.03006258124797671349, 0.3303818493053758409 ) ) ;
#974 = ADVANCED_FACE ( 'NONE', ( #1403 ), #1036, .T. ) ;
#975 = CIRCLE ( 'NONE', #838, 0.5675000000000001155 ) ;
#976 = ORIENTED_EDGE ( 'NONE', *, *, #1534, .F. ) ;
#977 = CIRCLE ( 'NONE', #1308, 0.8175000000000001155 ) ;
#978 = EDGE_CURVE ( 'NONE', #766, #1551, #471, .T. ) ;
#979 = EDGE_CURVE ( 'NONE', #1129, #766, #1274, .T. ) ;
#980 = FACE_OUTER_BOUND ( 'NONE', #697, .T. ) ;
#981 = AXIS2_PLACEMENT_3D ( 'NONE', #1055, #1065, #23 ) ;
#982 = ADVANCED_FACE ( 'NONE', ( #116 ), #787, .T. ) ;
#983 = DIRECTION ( 'NONE',  ( 1.000000000000000000, 0.000000000000000000, 9.020562075079395313E-15 ) ) ;
#984 = SPHERICAL_SURFACE ( 'NONE', #1251, 0.2500000000000000000 ) ;
#985 = ORIENTED_EDGE ( 'NONE', *, *, #1304, .F. ) ;
#986 = VERTEX_POINT ( 'NONE', #1579 ) ;
#987 = LINE ( 'NONE', #1508, #577 ) ;
#988 = DIRECTION ( 'NONE',  ( -1.000000000000000000, 0.000000000000000000, 1.528390727732866157E-16 ) ) ;
#989 = ADVANCED_FACE ( 'NONE', ( #820 ), #1602, .F. ) ;
#990 = CARTESIAN_POINT ( 'NONE',  ( 13.47807816476349529, 1.727068414005279662, 1.750000000000000222 ) ) ;
#991 = DIRECTION ( 'NONE',  ( -4.784541534392245600E-34, -1.000000000000000000, -3.904744476649990256E-18 ) ) ;
#992 = VERTEX_POINT ( 'NONE', #424 ) ;
#993 = DIRECTION ( 'NONE',  ( 0.9433684724741810967, -0.03006258124797702228, 0.3303818493053747307 ) ) ;
#994 = APPLICATION_PROTOCOL_DEFINITION ( 'draft international standard', 'automotive_design', 1998, #309 ) ;
#995 = LINE ( 'NONE', #348, #147 ) ;
#996 = ADVANCED_FACE ( 'NONE', ( #1073 ), #1187, .T. ) ;
#997 = DIRECTION ( 'NONE',  ( 0.9999796540755249152, 0.006378983852743657333, 0.000000000000000000 ) ) ;
#998 = CARTESIAN_POINT ( 'NONE',  ( 11.20959357882520280, 2.356614065477148134, 0.5000000000000004441 ) ) ;
#999 = PRESENTATION_LAYER_ASSIGNMENT (  '', '', ( #784 ) ) ;
#1000 = ORIENTED_EDGE ( 'NONE', *, *, #851, .T. ) ;
#1001 = CIRCLE ( 'NONE', #1359, 0.2500000000000003331 ) ;
#1002 = DIRECTION ( 'NONE',  ( -1.224988772935800968E-16, 3.903705242305269323E-18, -1.000000000000000000 ) ) ;
#1003 = ORIENTED_EDGE ( 'NONE', *, *, #1411, .T. ) ;
#1004 = AXIS2_PLACEMENT_3D ( 'NONE', #1444, #429, #1341 ) ;
#1005 = DIRECTION ( 'NONE',  ( 0.9994926248413570358, -0.03185110496881608105, 0.000000000000000000 ) ) ;
#1006 = CARTESIAN_POINT ( 'NONE',  ( 11.00039910991350567, 0.9784074310399407670, 0.9719236785883835772 ) ) ;
#1007 = CARTESIAN_POINT ( 'NONE',  ( 11.17346899703679597, 1.223019073769271658, 0.7500000000000004441 ) ) ;
#1008 = DIRECTION ( 'NONE',  ( 1.000000000000000000, 0.000000000000000000, 0.000000000000000000 ) ) ;
#1009 = ORIENTED_EDGE ( 'NONE', *, *, #887, .T. ) ;
#1010 = EDGE_CURVE ( 'NONE', #1185, #986, #1173, .T. ) ;
#1011 = APPLICATION_PROTOCOL_DEFINITION ( 'draft international standard', 'automotive_design', 1998, #1063 ) ;
#1012 = ORIENTED_EDGE ( 'NONE', *, *, #782, .F. ) ;
#1013 = FACE_OUTER_BOUND ( 'NONE', #600, .T. ) ;
#1014 = DIRECTION ( 'NONE',  ( 0.3305312433255187532, 0.000000000000000000, -0.9437950504138526986 ) ) ;
#1015 = DIRECTION ( 'NONE',  ( -0.9433684724741816519, 0.03006258124797675166, -0.3303818493053726768 ) ) ;
#1016 = ORIENTED_EDGE ( 'NONE', *, *, #1666, .F. ) ;
#1017 = DIRECTION ( 'NONE',  ( -0.9994926248413569247, 0.03185110496881633779, -1.040834085586082876E-15 ) ) ;
#1018 = ORIENTED_EDGE ( 'NONE', *, *, #1433, .F. ) ;
#1019 = FACE_BOUND ( 'NONE', #1077, .T. ) ;
#1020 = DIRECTION ( 'NONE',  ( -1.224988772935800968E-16, 3.903705242305269323E-18, -1.000000000000000000 ) ) ;
#1021 = DIRECTION ( 'NONE',  ( -0.000000000000000000, 0.000000000000000000, 1.000000000000000000 ) ) ;
#1022 = AXIS2_PLACEMENT_3D ( 'NONE', #1523, #631, #109 ) ;
#1023 = CARTESIAN_POINT ( 'NONE',  ( 11.00359237552996561, 1.228432578550480603, 1.500000000000000000 ) ) ;
#1024 = ORIENTED_EDGE ( 'NONE', *, *, #1339, .F. ) ;
#1025 = VECTOR ( 'NONE', #973, 100.0000000000000000 ) ;
#1026 = EDGE_CURVE ( 'NONE', #234, #382, #1445, .T. ) ;
#1027 = CIRCLE ( 'NONE', #1276, 0.8175000000000003375 ) ;
#1028 = FACE_OUTER_BOUND ( 'NONE', #685, .T. ) ;
#1029 = PRODUCT_CONTEXT ( 'NONE', #309, 'mechanical' ) ;
#1030 = ORIENTED_EDGE ( 'NONE', *, *, #771, .F. ) ;
#1031 = DIRECTION ( 'NONE',  ( -0.9433684724741816519, 0.03006258124797678288, -0.3303818493053727323 ) ) ;
#1032 = CIRCLE ( 'NONE', #573, 0.3799999999997721867 ) ;
#1033 = SPHERICAL_SURFACE ( 'NONE', #895, 0.2500000000000000000 ) ;
#1034 = EDGE_CURVE ( 'NONE', #866, #315, #1081, .T. ) ;
#1035 = AXIS2_PLACEMENT_3D ( 'NONE', #50, #1194, #1342 ) ;
#1036 = CYLINDRICAL_SURFACE ( 'NONE', #1657, 0.2499999999999999167 ) ;
#1037 = AXIS2_PLACEMENT_3D ( 'NONE', #1159, #512, #268 ) ;
#1038 = CARTESIAN_POINT ( 'NONE',  ( 1.166666666667070196, 1.291781673631084981, 0.2500000000000000555 ) ) ;
#1039 = ORIENTED_EDGE ( 'NONE', *, *, #462, .T. ) ;
#1040 = VERTEX_POINT ( 'NONE', #1211 ) ;
#1041 = DIRECTION ( 'NONE',  ( -1.000000000000000000, 0.000000000000000000, 1.225314886288554880E-16 ) ) ;
#1042 = DIRECTION ( 'NONE',  ( -0.9994926248413570358, 0.03185110496881611575, 1.225610617317196817E-16 ) ) ;
#1043 = CARTESIAN_POINT ( 'NONE',  ( 13.16109845931011968, 0.9425429929090086700, 0.8748339570245126096 ) ) ;
#1044 = FACE_OUTER_BOUND ( 'NONE', #588, .T. ) ;
#1045 = ORIENTED_EDGE ( 'NONE', *, *, #1484, .T. ) ;
#1046 = ORIENTED_EDGE ( 'NONE', *, *, #589, .T. ) ;
#1047 = DIRECTION ( 'NONE',  ( 0.9994926248413570358, -0.03185110496881608105, -1.225610617317196817E-16 ) ) ;
#1048 = CARTESIAN_POINT ( 'NONE',  ( 0.05027014917617383255, 1.577485095115308766, 0.2500000000000000555 ) ) ;
#1049 = CARTESIAN_POINT ( 'NONE',  ( 1.166793258971227543, 1.299745044328689314, 0.1853214140717156511 ) ) ;
#1050 = EDGE_CURVE ( 'NONE', #1340, #940, #544, .T. ) ;
#1051 = ORIENTED_EDGE ( 'NONE', *, *, #1586, .T. ) ;
#1052 = VECTOR ( 'NONE', #1214, 100.0000000000000000 ) ;
#1053 = ORIENTED_EDGE ( 'NONE', *, *, #924, .T. ) ;
#1054 = AXIS2_PLACEMENT_3D ( 'NONE', #293, #30, #554 ) ;
#1055 = CARTESIAN_POINT ( 'NONE',  ( 0.000000000000000000, 0.000000000000000000, 1.750000000000000222 ) ) ;
#1056 = AXIS2_PLACEMENT_3D ( 'NONE', #484, #634, #1017 ) ;
#1057 = CIRCLE ( 'NONE', #1168, 0.2500000000000000000 ) ;
#1058 = DIRECTION ( 'NONE',  ( -0.03185110496881637943, -0.9994926248413569247, 0.000000000000000000 ) ) ;
#1059 = CARTESIAN_POINT ( 'NONE',  ( 1.167186961213459107, 1.324756252534805334, 0.1248339570245273478 ) ) ;
#1060 = AXIS2_PLACEMENT_3D ( 'NONE', #1588, #1454, #297 ) ;
#1061 = AXIS2_PLACEMENT_3D ( 'NONE', #751, #1005, #250 ) ;
#1062 = ORIENTED_EDGE ( 'NONE', *, *, #1181, .T. ) ;
#1063 = APPLICATION_CONTEXT ( 'automotive_design' ) ;
#1064 = ORIENTED_EDGE ( 'NONE', *, *, #383, .F. ) ;
#1065 = DIRECTION ( 'NONE',  ( -0.000000000000000000, 0.000000000000000000, 1.000000000000000000 ) ) ;
#1066 = DIRECTION ( 'NONE',  ( -1.000000000000000000, 0.000000000000000000, 0.000000000000000000 ) ) ;
#1067 = LINE ( 'NONE', #25, #1626 ) ;
#1068 = DIRECTION ( 'NONE',  ( -0.000000000000000000, 0.000000000000000000, 1.000000000000000000 ) ) ;
#1069 = VERTEX_POINT ( 'NONE', #176 ) ;
#1070 = ORIENTED_EDGE ( 'NONE', *, *, #1083, .F. ) ;
#1071 = EDGE_CURVE ( 'NONE', #992, #749, #39, .T. ) ;
#1072 = DIRECTION ( 'NONE',  ( 0.000000000000000000, 0.000000000000000000, -1.000000000000000000 ) ) ;
#1073 = FACE_OUTER_BOUND ( 'NONE', #1619, .T. ) ;
#1074 = CARTESIAN_POINT ( 'NONE',  ( 13.15716610991761115, 2.310830804783623904, 0.7500000000000041078 ) ) ;
#1075 = DIRECTION ( 'NONE',  ( -1.000000000000000000, 0.000000000000000000, 0.000000000000000000 ) ) ;
#1076 = DIRECTION ( 'NONE',  ( 0.000000000000000000, 0.000000000000000000, 1.000000000000000000 ) ) ;
#1077 = EDGE_LOOP ( 'NONE', ( #434, #219 ) ) ;
#1078 = VECTOR ( 'NONE', #610, 100.0000000000000142 ) ;
#1079 = CARTESIAN_POINT ( 'NONE',  ( 8.813237409226386987, 2.432979403253078488, 1.000000000000000222 ) ) ;
#1080 = AXIS2_PLACEMENT_3D ( 'NONE', #459, #324, #845 ) ;
#1081 = LINE ( 'NONE', #448, #418 ) ;
#1082 = LINE ( 'NONE', #963, #251 ) ;
#1083 = EDGE_CURVE ( 'NONE', #1346, #866, #1254, .T. ) ;
#1084 = TOROIDAL_SURFACE ( 'NONE', #814, 0.3799999999997716316, 0.06250000000000000000 ) ;
#1085 = FACE_OUTER_BOUND ( 'NONE', #1369, .T. ) ;
#1086 = AXIS2_PLACEMENT_3D ( 'NONE', #1126, #1118, #1511 ) ;
#1087 = CARTESIAN_POINT ( 'NONE',  ( 0.04230737293396968912, 1.327611938904969424, 0.7500000000000012212 ) ) ;
#1088 = AXIS2_PLACEMENT_3D ( 'NONE', #412, #929, #1436 ) ;
#1089 = VERTEX_POINT ( 'NONE', #1322 ) ;
#1090 = ORIENTED_EDGE ( 'NONE', *, *, #282, .T. ) ;
#1091 = EDGE_CURVE ( 'NONE', #2, #517, #445, .T. ) ;
#1092 = CARTESIAN_POINT ( 'NONE',  ( 13.16017807585308752, 2.519265913448299976, 0.8891881516792694562 ) ) ;
#1093 = EDGE_CURVE ( 'NONE', #986, #781, #525, .T. ) ;
#1094 = CARTESIAN_POINT ( 'NONE',  ( 0.08639473096459181212, 2.711080086823184132, 0.7500000000000018874 ) ) ;
#1095 = CARTESIAN_POINT ( 'NONE',  ( 8.946989448944817624, 1.293970906763993067, 0.2499999999999998890 ) ) ;
#1096 = ORIENTED_EDGE ( 'NONE', *, *, #1158, .F. ) ;
#1097 = CARTESIAN_POINT ( 'NONE',  ( 11.04448646794411815, 2.361875578958156030, 0.9719236785883819119 ) ) ;
#1098 = EDGE_LOOP ( 'NONE', ( #540, #671, #339, #357 ) ) ;
#1099 = DIRECTION ( 'NONE',  ( -1.000000000000000000, 0.000000000000000000, 0.000000000000000000 ) ) ;
#1100 = EDGE_CURVE ( 'NONE', #1185, #1485, #667, .T. ) ;
#1101 = CARTESIAN_POINT ( 'NONE',  ( 9.029543004385367055, 1.291340150023489564, 0.01403816070581205382 ) ) ;
#1102 = LINE ( 'NONE', #217, #1165 ) ;
#1103 = ADVANCED_FACE ( 'NONE', ( #954 ), #944, .T. ) ;
#1104 = ORIENTED_EDGE ( 'NONE', *, *, #629, .F. ) ;
#1105 = EDGE_CURVE ( 'NONE', #446, #1405, #1472, .T. ) ;
#1106 = DIRECTION ( 'NONE',  ( 0.03185110496881637943, 0.9994926248413569247, 0.000000000000000000 ) ) ;
#1107 = EDGE_LOOP ( 'NONE', ( #857, #911, #404, #691 ) ) ;
#1108 = PRODUCT_DEFINITION_SHAPE ( 'NONE', 'NONE',  #849 ) ;
#1109 = CARTESIAN_POINT ( 'NONE',  ( 8.777112827437969500, 1.299384411545202678, 1.250000000000000222 ) ) ;
#1110 = CIRCLE ( 'NONE', #384, 0.2500000000000002220 ) ;
#1111 = DIRECTION ( 'NONE',  ( 0.9433684724741804306, -0.03006258124797699799, 0.3303818493053758965 ) ) ;
#1112 = CARTESIAN_POINT ( 'NONE',  ( 13.15907692451240329, 2.447317420313892988, 1.698587707980633521 ) ) ;
#1113 = DIRECTION ( 'NONE',  ( 1.000000000000000000, 0.000000000000000000, 0.000000000000000000 ) ) ;
#1114 = CIRCLE ( 'NONE', #1656, 0.3799999999999999489 ) ;
#1115 = ORIENTED_EDGE ( 'NONE', *, *, #750, .T. ) ;
#1116 = CARTESIAN_POINT ( 'NONE',  ( 1.163046593330638423, 2.676770127318945480, 0.7500000000000009992 ) ) ;
#1117 = AXIS2_PLACEMENT_3D ( 'NONE', #1097, #80, #1218 ) ;
#1118 = DIRECTION ( 'NONE',  ( -0.9994926248413570358, 0.03185110496881608105, 1.225936896215758432E-16 ) ) ;
#1119 = CARTESIAN_POINT ( 'NONE',  ( 13.15782527985081352, 2.360400201198414205, 1.743360479052920686 ) ) ;
#1120 = SPHERICAL_SURFACE ( 'NONE', #141, 0.2500000000000000000 ) ;
#1121 = EDGE_LOOP ( 'NONE', ( #1192, #1191, #1314 ) ) ;
#1122 = CARTESIAN_POINT ( 'NONE',  ( 1.161451847367452439, 2.926765040837826959, 1.750000000000000222 ) ) ;
#1123 = DIRECTION ( 'NONE',  ( -1.000000000000000000, 0.000000000000000000, 0.000000000000000000 ) ) ;
#1124 = ORIENTED_EDGE ( 'NONE', *, *, #282, .F. ) ;
#1125 = EDGE_CURVE ( 'NONE', #490, #1491, #937, .T. ) ;
#1126 = CARTESIAN_POINT ( 'NONE',  ( 0.08639473096460124901, 2.711080086823183688, 1.000000000000001998 ) ) ;
#1127 = CARTESIAN_POINT ( 'NONE',  ( 13.16207940501504225, 1.006819407696722513, 1.698587707980676820 ) ) ;
#1128 = DIRECTION ( 'NONE',  ( 0.9994926248413573688, -0.03185110496880594333, 9.714451465470111840E-15 ) ) ;
#1129 = VERTEX_POINT ( 'NONE', #537 ) ;
#1130 = CARTESIAN_POINT ( 'NONE',  ( 11.20959357882520280, 2.356614065477148134, 0.5000000000000004441 ) ) ;
#1131 = ORIENTED_EDGE ( 'NONE', *, *, #388, .T. ) ;
#1132 = CARTESIAN_POINT ( 'NONE',  ( 8.991076806975437208, 2.677439054682208219, 0.2500000000000000000 ) ) ;
#1133 = CARTESIAN_POINT ( 'NONE',  ( 11.00359237552996561, 1.228432578550480603, 1.499999999999999334 ) ) ;
#1134 = ADVANCED_FACE ( 'NONE', ( #1569 ), #414, .T. ) ;
#1135 = CARTESIAN_POINT ( 'NONE',  ( 0.8491666666670703023, 2.109281673631084875, 0.06250000000000005551 ) ) ;
#1136 = ORIENTED_EDGE ( 'NONE', *, *, #928, .F. ) ;
#1137 = AXIS2_PLACEMENT_3D ( 'NONE', #318, #60, #828 ) ;
#1138 = CARTESIAN_POINT ( 'NONE',  ( 0.08639473096459181212, 2.711080086823184132, 0.7500000000000012212 ) ) ;
#1139 = EDGE_LOOP ( 'NONE', ( #664, #1487, #1252, #1263 ) ) ;
#1140 = CIRCLE ( 'NONE', #1606, 0.3174999999997707434 ) ;
#1141 = DIRECTION ( 'NONE',  ( -1.000000000000000000, 0.000000000000000000, 0.000000000000000000 ) ) ;
#1142 = CARTESIAN_POINT ( 'NONE',  ( 8.942219938319055927, 1.294122898064194116, 0.7780763214116185322 ) ) ;
#1143 = ADVANCED_FACE ( 'NONE', ( #1318 ), #307, .T. ) ;
#1144 = CARTESIAN_POINT ( 'NONE',  ( 1.169861858241419306, 1.508979183445577243, 0.9983842183307001239 ) ) ;
#1145 = ORIENTED_EDGE ( 'NONE', *, *, #83, .F. ) ;
#1146 = SURFACE_SIDE_STYLE ('',( #240 ) ) ;
#1147 = DIRECTION ( 'NONE',  ( 1.000000000000000000, 0.000000000000000000, 0.000000000000000000 ) ) ;
#1148 = ORIENTED_EDGE ( 'NONE', *, *, #851, .F. ) ;
#1149 = CARTESIAN_POINT ( 'NONE',  ( 8.813237409226386987, 2.432979403253078932, 1.250000000000000222 ) ) ;
#1150 = DIRECTION ( 'NONE',  ( 0.000000000000000000, -1.000000000000000000, 0.000000000000000000 ) ) ;
#1151 = FACE_OUTER_BOUND ( 'NONE', #280, .T. ) ;
#1152 = CARTESIAN_POINT ( 'NONE',  ( 11.16550622079458321, 0.9731459175589325383, 0.5000000000000004441 ) ) ;
#1153 = EDGE_CURVE ( 'NONE', #382, #1325, #334, .T. ) ;
#1154 = ORIENTED_EDGE ( 'NONE', *, *, #373, .T. ) ;
#1155 = EDGE_CURVE ( 'NONE', #1573, #1295, #1637, .T. ) ;
#1156 = DIRECTION ( 'NONE',  ( 0.000000000000000000, -0.000000000000000000, 1.000000000000000000 ) ) ;
#1157 = EDGE_LOOP ( 'NONE', ( #1598, #1370, #1568 ) ) ;
#1158 = EDGE_CURVE ( 'NONE', #1538, #774, #228, .T. ) ;
#1159 = CARTESIAN_POINT ( 'NONE',  ( 11.00359237552996561, 1.228432578550480825, 1.499999999999999778 ) ) ;
#1160 = DIRECTION ( 'NONE',  ( -1.000000000000000000, -6.401913472001642223E-35, 1.224988772935800968E-16 ) ) ;
#1161 = CARTESIAN_POINT ( 'NONE',  ( 13.16078090724189487, 0.9223336586764728784, 0.9194522734835732791 ) ) ;
#1162 = DIRECTION ( 'NONE',  ( -0.9994926248413569247, 0.03185110496881607411, -0.000000000000000000 ) ) ;
#1163 = ORIENTED_EDGE ( 'NONE', *, *, #926, .F. ) ;
#1164 = AXIS2_PLACEMENT_3D ( 'NONE', #1152, #1, #901 ) ;
#1165 = VECTOR ( 'NONE', #725, 100.0000000000000142 ) ;
#1166 = CIRCLE ( 'NONE', #652, 0.3799999999999999489 ) ;
#1167 = ORIENTED_EDGE ( 'NONE', *, *, #457, .F. ) ;
#1168 = AXIS2_PLACEMENT_3D ( 'NONE', #237, #743, #473 ) ;
#1169 = ADVANCED_FACE ( 'NONE', ( #962 ), #322, .T. ) ;
#1170 = CARTESIAN_POINT ( 'NONE',  ( 11.00359237552996561, 1.228432578550480603, 1.750000000000000222 ) ) ;
#1171 = VECTOR ( 'NONE', #142, 100.0000000000000000 ) ;
#1172 = DIRECTION ( 'NONE',  ( -0.9438996195593635230, 0.000000000000000000, -0.3302325062674611456 ) ) ;
#1173 = CIRCLE ( 'NONE', #760, 0.2500000000000000555 ) ;
#1174 = DIRECTION ( 'NONE',  ( 0.9994926248413570358, -0.03185110496881608105, -0.000000000000000000 ) ) ;
#1175 = AXIS2_PLACEMENT_3D ( 'NONE', #1307, #912, #296 ) ;
#1176 = PLANE ( 'NONE',  #701 ) ;
#1177 = ORIENTED_EDGE ( 'NONE', *, *, #449, .F. ) ;
#1178 = ORIENTED_EDGE ( 'NONE', *, *, #877, .F. ) ;
#1179 = EDGE_CURVE ( 'NONE', #443, #1380, #1498, .T. ) ;
#1180 = CARTESIAN_POINT ( 'NONE',  ( 0.5991666666670700803, 2.109281673631084875, 0.7500000000000011102 ) ) ;
#1181 = EDGE_CURVE ( 'NONE', #1295, #73, #1258, .T. ) ;
#1182 = DIRECTION ( 'NONE',  ( -0.000000000000000000, -0.000000000000000000, -1.000000000000000000 ) ) ;
#1183 = DIRECTION ( 'NONE',  ( -1.225314886288554880E-16, 3.904744476649990256E-18, -1.000000000000000000 ) ) ;
#1184 = EDGE_LOOP ( 'NONE', ( #592, #320, #976, #267 ) ) ;
#1185 = VERTEX_POINT ( 'NONE', #1356 ) ;
#1186 = CARTESIAN_POINT ( 'NONE',  ( 13.16057816476372544, 1.727068414005279662, 1.687500000000000000 ) ) ;
#1187 = CYLINDRICAL_SURFACE ( 'NONE', #120, 0.2500000000000000000 ) ;
#1188 = CARTESIAN_POINT ( 'NONE',  ( 1.166692496010052871, 1.293400846306964613, 0.2172583045369695376 ) ) ;
#1189 = EDGE_CURVE ( 'NONE', #1405, #910, #684, .T. ) ;
#1190 = LINE ( 'NONE', #1427, #705 ) ;
#1191 = ORIENTED_EDGE ( 'NONE', *, *, #1594, .F. ) ;
#1192 = ORIENTED_EDGE ( 'NONE', *, *, #1158, .T. ) ;
#1193 = CIRCLE ( 'NONE', #392, 0.3174999999999998934 ) ;
#1194 = DIRECTION ( 'NONE',  ( -0.000000000000000000, 0.000000000000000000, 1.000000000000000000 ) ) ;
#1195 = CARTESIAN_POINT ( 'NONE',  ( 13.16057816476372544, 1.727068414005279662, 0.8125000000000003331 ) ) ;
#1196 = CIRCLE ( 'NONE', #1630, 0.5675000000000001155 ) ;
#1197 = DIRECTION ( 'NONE',  ( 0.9994926248413569247, -0.03185110496881607411, -1.225936896215758186E-16 ) ) ;
#1198 = CIRCLE ( 'NONE', #1337, 0.8174999999999987832 ) ;
#1199 = ORIENTED_EDGE ( 'NONE', *, *, #1653, .T. ) ;
#1200 = ORIENTED_EDGE ( 'NONE', *, *, #401, .F. ) ;
#1201 = DIRECTION ( 'NONE',  ( 0.9994926248413569247, -0.03185110496881637943, 0.000000000000000000 ) ) ;
#1202 = CARTESIAN_POINT ( 'NONE',  ( 1.166666666667070196, 2.109281673631084875, 1.750000000000000222 ) ) ;
#1203 = CARTESIAN_POINT ( 'NONE',  ( 9.065667586173775661, 2.424935141731365373, 0.01403816070580958184 ) ) ;
#1204 = DIRECTION ( 'NONE',  ( -1.000000000000000000, 0.000000000000000000, 0.000000000000000000 ) ) ;
#1205 = EDGE_CURVE ( 'NONE', #1069, #574, #977, .T. ) ;
#1206 = ORIENTED_EDGE ( 'NONE', *, *, #88, .T. ) ;
#1207 = ORIENTED_EDGE ( 'NONE', *, *, #779, .T. ) ;
#1208 = EDGE_CURVE ( 'NONE', #624, #1129, #256, .T. ) ;
#1209 = DIRECTION ( 'NONE',  ( -0.9994926248413569247, 0.03185110496881633779, 3.469446951953609456E-15 ) ) ;
#1210 = ORIENTED_EDGE ( 'NONE', *, *, #460, .T. ) ;
#1211 = CARTESIAN_POINT ( 'NONE',  ( 1.166666666667070196, 1.291781673631084981, 0.2500000000000000555 ) ) ;
#1212 = CARTESIAN_POINT ( 'NONE',  ( 13.15803779859040468, 2.375391794313720162, 0.7628680213961160916 ) ) ;
#1213 = DIRECTION ( 'NONE',  ( 0.000000000000000000, 0.000000000000000000, -1.000000000000000000 ) ) ;
#1214 = DIRECTION ( 'NONE',  ( 0.000000000000000000, 0.000000000000000000, 1.000000000000000000 ) ) ;
#1215 = ORIENTED_EDGE ( 'NONE', *, *, #1125, .F. ) ;
#1216 = B_SPLINE_CURVE_WITH_KNOTS ( 'NONE', 3,
 ( #263, #378, #875, #754, #489, #1655, #1533, #891, #617, #1414, #370, #883, #1548, #246, #391, #1144, #482, #1664 ),
 .UNSPECIFIED., .F., .F.,
 ( 4, 2, 2, 2, 2, 2, 2, 2, 4 ),
 ( 0.000000000000000000, 0.0004882324649553733669, 0.0009764649299107467338, 0.001464697394866120101, 0.001952929859821493468, 0.002441162324776867051, 0.002929394789732240201, 0.003417627254687613352, 0.003905859719642986935 ),
 .UNSPECIFIED. ) ;
#1217 = AXIS2_PLACEMENT_3D ( 'NONE', #1288, #499, #128 ) ;
#1218 = DIRECTION ( 'NONE',  ( -0.3305312433255211957, 0.000000000000000000, 0.9437950504138516994 ) ) ;
#1219 = VECTOR ( 'NONE', #368, 100.0000000000000000 ) ;
#1220 = AXIS2_PLACEMENT_3D ( 'NONE', #1351, #803, #689 ) ;
#1221 = CARTESIAN_POINT ( 'NONE',  ( 1.166666666667070196, 2.109281673631084875, 1.750000000000000222 ) ) ;
#1222 = AXIS2_PLACEMENT_3D ( 'NONE', #1202, #42, #316 ) ;
#1223 = CARTESIAN_POINT ( 'NONE',  ( 11.05244924418632202, 2.611748735168495372, 0.9719236785883819119 ) ) ;
#1224 = AXIS2_PLACEMENT_3D ( 'NONE', #1635, #859, #1123 ) ;
#1225 = ORIENTED_EDGE ( 'NONE', *, *, #1536, .F. ) ;
#1226 = DIRECTION ( 'NONE',  ( -1.224646799147353207E-16, 1.000000000000000000, 3.904744476650004893E-18 ) ) ;
#1227 = EDGE_CURVE ( 'NONE', #475, #1452, #1196, .T. ) ;
#1228 = DIRECTION ( 'NONE',  ( -1.224988772935800968E-16, 3.903705242305269323E-18, -1.000000000000000000 ) ) ;
#1229 = EDGE_CURVE ( 'NONE', #1405, #288, #594, .T. ) ;
#1230 = CARTESIAN_POINT ( 'NONE',  ( 13.16037542228556489, 2.531803169334094328, 0.9194522734835965938 ) ) ;
#1231 = DIRECTION ( 'NONE',  ( 1.000000000000000000, 0.000000000000000000, 0.000000000000000000 ) ) ;
#1232 = ADVANCED_FACE ( 'NONE', ( #615 ), #870, .T. ) ;
#1233 = FACE_OUTER_BOUND ( 'NONE', #1327, .T. ) ;
#1234 = EDGE_LOOP ( 'NONE', ( #1124, #345, #559, #526, #903, #892, #87, #1039, #1291, #1609 ) ) ;
#1235 = FACE_OUTER_BOUND ( 'NONE', #1434, .T. ) ;
#1236 = EDGE_LOOP ( 'NONE', ( #1665, #1131, #1617, #186 ) ) ;
#1237 = CARTESIAN_POINT ( 'NONE',  ( 8.942219938319055927, 1.294122898064194116, 0.7780763214116185322 ) ) ;
#1238 = CARTESIAN_POINT ( 'NONE',  ( 13.16057816476372189, 2.544568414005279333, 0.9834912566918149190 ) ) ;
#1239 = CARTESIAN_POINT ( 'NONE',  ( 13.16078085831011357, 0.9223305682851324905, 1.580538240946409489 ) ) ;
#1240 = DIRECTION ( 'NONE',  ( -0.3305312433255212512, 0.000000000000000000, 0.9437950504138516994 ) ) ;
#1241 = ORIENTED_EDGE ( 'NONE', *, *, #264, .F. ) ;
#1242 = CARTESIAN_POINT ( 'NONE',  ( 13.16057816476372544, 1.727068414005279662, 1.000000000000000222 ) ) ;
#1243 = EDGE_LOOP ( 'NONE', ( #1016, #1104, #194, #222 ) ) ;
#1244 = CARTESIAN_POINT ( 'NONE',  ( 1.166666666667070196, 2.109281673631084875, 0.9375000000000009992 ) ) ;
#1245 = AXIS2_PLACEMENT_3D ( 'NONE', #565, #1076, #712 ) ;
#1246 = DIRECTION ( 'NONE',  ( 0.3305312433255213622, 0.000000000000000000, -0.9437950504138516994 ) ) ;
#1247 = AXIS2_PLACEMENT_3D ( 'NONE', #191, #563, #1366 ) ;
#1248 = DIRECTION ( 'NONE',  ( -1.224988772935800968E-16, 3.903705242305269323E-18, -1.000000000000000000 ) ) ;
#1249 = LINE ( 'NONE', #1515, #354 ) ;
#1250 = TOROIDAL_SURFACE ( 'NONE', #522, 0.3800000000000000044, 0.06250000000000000000 ) ;
#1251 = AXIS2_PLACEMENT_3D ( 'NONE', #1504, #201, #997 ) ;
#1252 = ORIENTED_EDGE ( 'NONE', *, *, #208, .T. ) ;
#1253 = ADVANCED_FACE ( 'NONE', ( #1381 ), #207, .T. ) ;
#1254 = CIRCLE ( 'NONE', #67, 0.2500000000000001665 ) ;
#1255 = DIRECTION ( 'NONE',  ( 1.000000000000000000, 0.000000000000000000, 0.000000000000000000 ) ) ;
#1256 = FACE_OUTER_BOUND ( 'NONE', #583, .T. ) ;
#1257 = AXIS2_PLACEMENT_3D ( 'NONE', #453, #340, #1480 ) ;
#1258 = LINE ( 'NONE', #835, #1601 ) ;
#1259 = CARTESIAN_POINT ( 'NONE',  ( 1.163046593330632206, 2.676770127318945480, 1.000000000000001110 ) ) ;
#1260 = CARTESIAN_POINT ( 'NONE',  ( 13.16037547121734441, 2.531806259725435382, 1.580538240946385509 ) ) ;
#1261 = FACE_OUTER_BOUND ( 'NONE', #26, .T. ) ;
#1262 = PRODUCT_DEFINITION_CONTEXT ( 'detailed design', #1063, 'design' ) ;
#1263 = ORIENTED_EDGE ( 'NONE', *, *, #1050, .F. ) ;
#1264 = DIRECTION ( 'NONE',  ( 0.9994926248413573688, -0.03185110496880559638, 0.000000000000000000 ) ) ;
#1265 = ORIENTED_EDGE ( 'NONE', *, *, #409, .F. ) ;
#1266 = ADVANCED_FACE ( 'NONE', ( #68 ), #607, .T. ) ;
#1267 = CARTESIAN_POINT ( 'NONE',  ( 1.166666666667070196, 1.291781673631084981, 1.750000000000000222 ) ) ;
#1268 = LINE ( 'NONE', #238, #1379 ) ;
#1269 = ORIENTED_EDGE ( 'NONE', *, *, #632, .T. ) ;
#1270 = ORIENTED_EDGE ( 'NONE', *, *, #614, .T. ) ;
#1271 = EDGE_CURVE ( 'NONE', #1380, #790, #995, .T. ) ;
#1272 = DIRECTION ( 'NONE',  ( -1.000000000000000000, 0.000000000000000000, 2.121985903335543615E-16 ) ) ;
#1273 = DIRECTION ( 'NONE',  ( -1.224988772935800968E-16, 3.903705242305269323E-18, -1.000000000000000000 ) ) ;
#1274 = LINE ( 'NONE', #1007, #94 ) ;
#1275 = CARTESIAN_POINT ( 'NONE',  ( 12.78057816476395381, 1.727068414005279662, 1.750000000000000222 ) ) ;
#1276 = AXIS2_PLACEMENT_3D ( 'NONE', #821, #1343, #76 ) ;
#1277 =( GEOMETRIC_REPRESENTATION_CONTEXT ( 3 ) GLOBAL_UNCERTAINTY_ASSIGNED_CONTEXT ( ( #1450 ) ) GLOBAL_UNIT_ASSIGNED_CONTEXT ( ( #491, #747, #259 ) ) REPRESENTATION_CONTEXT ( 'NONE', 'WORKASPACE' ) );
#1278 = ORIENTED_EDGE ( 'NONE', *, *, #1411, .F. ) ;
#1279 = VECTOR ( 'NONE', #1197, 100.0000000000000142 ) ;
#1280 = CARTESIAN_POINT ( 'NONE',  ( 12.78057816476395381, 1.727068414005279662, 0.7500000000000004441 ) ) ;
#1281 = ORIENTED_EDGE ( 'NONE', *, *, #661, .F. ) ;
#1282 = AXIS2_PLACEMENT_3D ( 'NONE', #1612, #1488, #455 ) ;
#1283 = CIRCLE ( 'NONE', #1500, 0.2499999999999999722 ) ;
#1284 = DIRECTION ( 'NONE',  ( -0.9994926248413569247, 0.03185110496881607411, 0.000000000000000000 ) ) ;
#1285 = AXIS2_PLACEMENT_3D ( 'NONE', #1610, #748, #1147 ) ;
#1286 = ADVANCED_FACE ( 'NONE', ( #224 ), #485, .T. ) ;
#1287 = FACE_OUTER_BOUND ( 'NONE', #11, .T. ) ;
#1288 = CARTESIAN_POINT ( 'NONE',  ( 13.16057816476372544, 1.727068414005279662, 1.750000000000000222 ) ) ;
#1289 = ADVANCED_FACE ( 'NONE', ( #871 ), #1525, .T. ) ;
#1290 = ORIENTED_EDGE ( 'NONE', *, *, #532, .T. ) ;
#1291 = ORIENTED_EDGE ( 'NONE', *, *, #264, .T. ) ;
#1292 = DIRECTION ( 'NONE',  ( 0.03185110496881637943, 0.9994926248413569247, 0.000000000000000000 ) ) ;
#1293 = CARTESIAN_POINT ( 'NONE',  ( 13.16137946674598069, 0.9606685039858521291, 0.8476671231032314457 ) ) ;
#1294 = CARTESIAN_POINT ( 'NONE',  ( 1.167630219944838510, 1.353432153492474033, 0.08480327981729163245 ) ) ;
#1295 = VERTEX_POINT ( 'NONE', #651 ) ;
#1296 = LINE ( 'NONE', #990, #732 ) ;
#1297 = EDGE_LOOP ( 'NONE', ( #366, #1625, #129, #1278 ) ) ;
#1298 = FACE_OUTER_BOUND ( 'NONE', #1516, .T. ) ;
#1299 = CARTESIAN_POINT ( 'NONE',  ( 1.166666666667070196, 2.109281673631084875, 0.9375000000000009992 ) ) ;
#1300 = CARTESIAN_POINT ( 'NONE',  ( 1.166666666667070196, 2.109281673631084875, 0.06250000000000005551 ) ) ;
#1301 = CARTESIAN_POINT ( 'NONE',  ( 0.02931028708730057039, 0.9197613647762306055, 1.000000000000001332 ) ) ;
#1302 = ORIENTED_EDGE ( 'NONE', *, *, #1510, .T. ) ;
#1303 = VECTOR ( 'NONE', #921, 100.0000000000000142 ) ;
#1304 = EDGE_CURVE ( 'NONE', #1295, #1419, #1198, .T. ) ;
#1305 = EDGE_LOOP ( 'NONE', ( #1526, #1507, #795, #1163 ) ) ;
#1306 = TOROIDAL_SURFACE ( 'NONE', #1524, 0.5675000000000001155, 0.2500000000000000000 ) ;
#1307 = CARTESIAN_POINT ( 'NONE',  ( 1.166666666667070196, 2.109281673631084875, 0.7500000000000009992 ) ) ;
#1308 = AXIS2_PLACEMENT_3D ( 'NONE', #715, #1228, #99 ) ;
#1309 = TOROIDAL_SURFACE ( 'NONE', #1175, 0.5675000000000001155, 0.2500000000000000000 ) ;
#1310 = CARTESIAN_POINT ( 'NONE',  ( 13.16057816476372544, 0.9095684140052797684, 1.000000000000000444 ) ) ;
#1311 = PRODUCT_DEFINITION_FORMATION_WITH_SPECIFIED_SOURCE ( 'Symmetric', '', #1505, .NOT_KNOWN. ) ;
#1312 = CARTESIAN_POINT ( 'NONE',  ( 1.169425263691029393, 1.476673693168463197, 0.008067255022056003463 ) ) ;
#1313 = ORIENTED_EDGE ( 'NONE', *, *, #727, .F. ) ;
#1314 = ORIENTED_EDGE ( 'NONE', *, *, #1492, .F. ) ;
#1315 = FACE_BOUND ( 'NONE', #40, .T. ) ;
#1316 = VERTEX_POINT ( 'NONE', #1132 ) ;
#1317 = ADVANCED_FACE ( 'NONE', ( #503 ), #1429, .T. ) ;
#1318 = FACE_OUTER_BOUND ( 'NONE', #1184, .T. ) ;
#1319 = PLANE ( 'NONE',  #326 ) ;
#1320 = EDGE_LOOP ( 'NONE', ( #65, #1387, #1558, #417 ) ) ;
#1321 = VERTEX_POINT ( 'NONE', #1170 ) ;
#1322 = CARTESIAN_POINT ( 'NONE',  ( 0.7866666666670703023, 2.109281673631084875, 2.710505431213761085E-17 ) ) ;
#1323 = LINE ( 'NONE', #43, #1303 ) ;
#1324 = CARTESIAN_POINT ( 'NONE',  ( 12.78057816476395381, 1.727068414005279662, 1.687500000000000000 ) ) ;
#1325 = VERTEX_POINT ( 'NONE', #742 ) ;
#1326 = CIRCLE ( 'NONE', #598, 0.5675000000000013367 ) ;
#1327 = EDGE_LOOP ( 'NONE', ( #203, #917, #500, #1451 ) ) ;
#1328 = CIRCLE ( 'NONE', #1164, 0.5000000000000006661 ) ;
#1329 = LINE ( 'NONE', #89, #527 ) ;
#1330 = ORIENTED_EDGE ( 'NONE', *, *, #1208, .T. ) ;
#1331 = AXIS2_PLACEMENT_3D ( 'NONE', #111, #993, #1528 ) ;
#1332 = EDGE_CURVE ( 'NONE', #446, #1491, #230, .T. ) ;
#1333 = AXIS2_PLACEMENT_3D ( 'NONE', #1621, #844, #587 ) ;
#1334 = DIRECTION ( 'NONE',  ( -0.03185110496880563802, -0.9994926248413573688, 0.000000000000000000 ) ) ;
#1335 = CARTESIAN_POINT ( 'NONE',  ( 13.15846388521351784, 2.405450834002833549, 0.7753465788492626132 ) ) ;
#1336 = SPHERICAL_SURFACE ( 'NONE', #359, 0.2500000000000000000 ) ;
#1337 = AXIS2_PLACEMENT_3D ( 'NONE', #1402, #113, #367 ) ;
#1338 = ORIENTED_EDGE ( 'NONE', *, *, #156, .F. ) ;
#1339 = EDGE_CURVE ( 'NONE', #1321, #866, #900, .T. ) ;
#1340 = VERTEX_POINT ( 'NONE', #244 ) ;
#1341 = DIRECTION ( 'NONE',  ( -0.9994926248413569247, 0.03185110496881599085, 0.000000000000000000 ) ) ;
#1342 = DIRECTION ( 'NONE',  ( 1.000000000000000000, 0.000000000000000000, 0.000000000000000000 ) ) ;
#1343 = DIRECTION ( 'NONE',  ( -0.000000000000000000, 0.000000000000000000, 1.000000000000000000 ) ) ;
#1344 = CARTESIAN_POINT ( 'NONE',  ( 11.20959357882520280, 2.356614065477147690, 0.7500000000000004441 ) ) ;
#1345 = DIRECTION ( 'NONE',  ( -1.000000000000000000, 0.000000000000000000, 0.000000000000000000 ) ) ;
#1346 = VERTEX_POINT ( 'NONE', #1561 ) ;
#1347 = EDGE_CURVE ( 'NONE', #1346, #910, #1650, .T. ) ;
#1348 = DIRECTION ( 'NONE',  ( 0.9994926248413569247, -0.03185110496881637943, 0.000000000000000000 ) ) ;
#1349 = ORIENTED_EDGE ( 'NONE', *, *, #967, .F. ) ;
#1350 = DIRECTION ( 'NONE',  ( 0.3305312433255212512, 0.000000000000000000, -0.9437950504138516994 ) ) ;
#1351 = CARTESIAN_POINT ( 'NONE',  ( 13.16057816476372544, 1.727068414005279662, 0.7500000000000003331 ) ) ;
#1352 = CARTESIAN_POINT ( 'NONE',  ( 0.8491666666670703023, 2.109281673631084875, 1.750000000000000222 ) ) ;
#1353 = EDGE_LOOP ( 'NONE', ( #672, #1053, #146, #823 ) ) ;
#1354 = ADVANCED_FACE ( 'NONE', ( #6 ), #775, .F. ) ;
#1355 = DIRECTION ( 'NONE',  ( -0.9438996195593624128, 0.000000000000000000, -0.3302325062674641987 ) ) ;
#1356 = CARTESIAN_POINT ( 'NONE',  ( 1.163046593330638423, 2.676770127318945480, 0.000000000000000000 ) ) ;
#1357 = AXIS2_PLACEMENT_3D ( 'NONE', #1299, #1020, #906 ) ;
#1358 = CARTESIAN_POINT ( 'NONE',  ( 13.16045157245956077, 2.536605043307678109, 0.9353214140717266423 ) ) ;
#1359 = AXIS2_PLACEMENT_3D ( 'NONE', #1130, #885, #1406 ) ;
#1360 = LINE ( 'NONE', #862, #332 ) ;
#1361 = AXIS2_PLACEMENT_3D ( 'NONE', #584, #1624, #1355 ) ;
#1362 = ORIENTED_EDGE ( 'NONE', *, *, #978, .F. ) ;
#1363 = AXIS2_PLACEMENT_3D ( 'NONE', #1364, #1348, #1106 ) ;
#1364 = CARTESIAN_POINT ( 'NONE',  ( 8.813237409226386987, 2.432979403253078488, 0.7500000000000001110 ) ) ;
#1365 = DIRECTION ( 'NONE',  ( 0.9433684724741816519, -0.03006258124797677941, 0.3303818493053726768 ) ) ;
#1366 = DIRECTION ( 'NONE',  ( 1.000000000000000000, 0.000000000000000000, 0.000000000000000000 ) ) ;
#1367 = ADVANCED_FACE ( 'NONE', ( #16 ), #1409, .F. ) ;
#1368 = CARTESIAN_POINT ( 'NONE',  ( 1.166666666667070196, 2.109281673631084875, 0.06250000000000005551 ) ) ;
#1369 = EDGE_LOOP ( 'NONE', ( #1479, #1591, #131 ) ) ;
#1370 = ORIENTED_EDGE ( 'NONE', *, *, #88, .F. ) ;
#1371 = DIRECTION ( 'NONE',  ( -0.9433684724741817629, 0.03006258124797678635, -0.3303818493053727878 ) ) ;
#1372 = EDGE_LOOP ( 'NONE', ( #346, #961, #1200, #477 ) ) ;
#1373 = DIRECTION ( 'NONE',  ( -1.225314886288554880E-16, 3.904744476649990256E-18, -1.000000000000000000 ) ) ;
#1374 = ADVANCED_FACE ( 'NONE', ( #1298 ), #788, .T. ) ;
#1375 = CARTESIAN_POINT ( 'NONE',  ( 13.15867497387534968, 2.420019895901138529, 1.716866509388502715 ) ) ;
#1376 = DIRECTION ( 'NONE',  ( 0.3305312433255216953, 0.000000000000000000, -0.9437950504138516994 ) ) ;
#1377 = ORIENTED_EDGE ( 'NONE', *, *, #449, .T. ) ;
#1378 = CARTESIAN_POINT ( 'NONE',  ( 11.04767973356058519, 2.611900726468695755, 1.500000000000000666 ) ) ;
#1379 = VECTOR ( 'NONE', #1015, 100.0000000000000000 ) ;
#1380 = VERTEX_POINT ( 'NONE', #1662 ) ;
#1381 = FACE_OUTER_BOUND ( 'NONE', #765, .T. ) ;
#1382 = DIRECTION ( 'NONE',  ( -1.000000000000000000, -4.781995094674586135E-34, 1.224988772935800968E-16 ) ) ;
#1383 = CIRCLE ( 'NONE', #1056, 0.5000000000000006661 ) ;
#1384 = DIRECTION ( 'NONE',  ( -0.000000000000000000, -0.000000000000000000, -1.000000000000000000 ) ) ;
#1385 = CARTESIAN_POINT ( 'NONE',  ( 11.04767973356058697, 2.611900726468695755, 1.500000000000001776 ) ) ;
#1386 = AXIS2_PLACEMENT_3D ( 'NONE', #1244, #472, #1099 ) ;
#1387 = ORIENTED_EDGE ( 'NONE', *, *, #958, .T. ) ;
#1388 = ADVANCED_FACE ( 'NONE', ( #1013 ), #493, .T. ) ;
#1389 = AXIS2_PLACEMENT_3D ( 'NONE', #722, #215, #983 ) ;
#1390 = CARTESIAN_POINT ( 'NONE',  ( 13.16057816476372544, 1.727068414005279662, 1.687500000000000000 ) ) ;
#1391 = AXIS2_PLACEMENT_3D ( 'NONE', #1116, #330, #960 ) ;
#1392 = ORIENTED_EDGE ( 'NONE', *, *, #373, .F. ) ;
#1393 = DIRECTION ( 'NONE',  ( -0.000000000000000000, -0.000000000000000000, -1.000000000000000000 ) ) ;
#1394 = LINE ( 'NONE', #1652, #63 ) ;
#1395 = DIRECTION ( 'NONE',  ( -1.000000000000000000, 0.000000000000000000, 0.000000000000000000 ) ) ;
#1396 = FACE_OUTER_BOUND ( 'NONE', #231, .T. ) ;
#1397 = VERTEX_POINT ( 'NONE', #758 ) ;
#1398 = DIRECTION ( 'NONE',  ( -0.03185110496880563108, -0.9994926248413572578, -6.362922966592547364E-35 ) ) ;
#1399 = EDGE_CURVE ( 'NONE', #454, #73, #498, .T. ) ;
#1400 =( NAMED_UNIT ( * ) SI_UNIT ( $, .STERADIAN. ) SOLID_ANGLE_UNIT ( ) );
#1401 = EDGE_LOOP ( 'NONE', ( #590, #884, #953, #410 ) ) ;
#1402 = CARTESIAN_POINT ( 'NONE',  ( 13.16057816476372544, 1.727068414005279662, 1.500000000000000222 ) ) ;
#1403 = FACE_OUTER_BOUND ( 'NONE', #1401, .T. ) ;
#1404 = CARTESIAN_POINT ( 'NONE',  ( 13.16057816476372544, 1.727068414005279662, 1.500000000000000222 ) ) ;
#1405 = VERTEX_POINT ( 'NONE', #1669 ) ;
#1406 = DIRECTION ( 'NONE',  ( -0.9994926248413569247, 0.03185110496881633779, 0.000000000000000000 ) ) ;
#1407 = ORIENTED_EDGE ( 'NONE', *, *, #661, .T. ) ;
#1408 = ADVANCED_FACE ( 'NONE', ( #1019, #1530 ), #896, .T. ) ;
#1409 = CYLINDRICAL_SURFACE ( 'NONE', #923, 0.3174999999997707434 ) ;
#1410 = AXIS2_PLACEMENT_3D ( 'NONE', #1404, #744, #1008 ) ;
#1411 = EDGE_CURVE ( 'NONE', #574, #774, #71, .T. ) ;
#1412 = CARTESIAN_POINT ( 'NONE',  ( 13.16311853093704265, 1.078745033696926647, 0.7628680213960855605 ) ) ;
#1413 = CIRCLE ( 'NONE', #32, 0.2500000000000001110 ) ;
#1414 = CARTESIAN_POINT ( 'NONE',  ( 1.167979722151697208, 1.376479160102281440, 0.9382562580085079817 ) ) ;
#1415 = AXIS2_PLACEMENT_3D ( 'NONE', #1482, #716, #317 ) ;
#1416 = VERTEX_POINT ( 'NONE', #28 ) ;
#1417 = CIRCLE ( 'NONE', #1333, 0.8174999999999987832 ) ;
#1418 = SURFACE_STYLE_USAGE ( .BOTH. , #1146 ) ;
#1419 = VERTEX_POINT ( 'NONE', #687 ) ;
#1420 = VECTOR ( 'NONE', #693, 100.0000000000000000 ) ;
#1421 = AXIS2_PLACEMENT_3D ( 'NONE', #1453, #290, #164 ) ;
#1422 = CARTESIAN_POINT ( 'NONE',  ( 0.02931028708730053917, 0.9197613647762306055, 0.7500000000000018874 ) ) ;
#1423 = FACE_OUTER_BOUND ( 'NONE', #1297, .T. ) ;
#1424 = CARTESIAN_POINT ( 'NONE',  ( 13.16333676178770062, 1.094460433542699951, 0.7580672550220448613 ) ) ;
#1425 = DIRECTION ( 'NONE',  ( 0.000000000000000000, 0.000000000000000000, -1.000000000000000000 ) ) ;
#1426 = ORIENTED_EDGE ( 'NONE', *, *, #506, .T. ) ;
#1427 = CARTESIAN_POINT ( 'NONE',  ( 1.166666666667070640, 2.926781673631084324, 0.2500000000000000000 ) ) ;
#1428 = ORIENTED_EDGE ( 'NONE', *, *, #1010, .F. ) ;
#1429 = CYLINDRICAL_SURFACE ( 'NONE', #608, 0.8175000000000001155 ) ;
#1430 = CARTESIAN_POINT ( 'NONE',  ( 9.029543004385359950, 1.291340150023489342, 0.01403816070580957837 ) ) ;
#1431 = CARTESIAN_POINT ( 'NONE',  ( 10.98263251344111247, 0.5707088482115167949, 1.500000000000000000 ) ) ;
#1432 = CARTESIAN_POINT ( 'NONE',  ( 8.934257162076852055, 1.044249741853854996, 0.7780763214116185322 ) ) ;
#1433 = EDGE_CURVE ( 'NONE', #647, #454, #306, .T. ) ;
#1434 = EDGE_LOOP ( 'NONE', ( #1649, #1349, #1549, #1543 ) ) ;
#1435 = ORIENTED_EDGE ( 'NONE', *, *, #771, .T. ) ;
#1436 = DIRECTION ( 'NONE',  ( 0.03185110496881637943, 0.9994926248413569247, 0.000000000000000000 ) ) ;
#1437 = CARTESIAN_POINT ( 'NONE',  ( 11.03971695731838132, 2.362027570258356413, 1.500000000000000000 ) ) ;
#1438 = DIRECTION ( 'NONE',  ( -0.000000000000000000, 0.000000000000000000, 1.000000000000000000 ) ) ;
#1439 = DIRECTION ( 'NONE',  ( -0.03185110496881611575, -0.9994926248413569247, 0.000000000000000000 ) ) ;
#1440 = ORIENTED_EDGE ( 'NONE', *, *, #1105, .T. ) ;
#1441 = EDGE_LOOP ( 'NONE', ( #46, #483, #1338, #1634 ) ) ;
#1442 = EDGE_CURVE ( 'NONE', #1583, #659, #630, .T. ) ;
#1443 = VECTOR ( 'NONE', #547, 100.0000000000000142 ) ;
#1444 = CARTESIAN_POINT ( 'NONE',  ( 8.769150051195765627, 1.049511255334863558, 1.250000000000000222 ) ) ;
#1445 = CIRCLE ( 'NONE', #1060, 0.3799999999997721867 ) ;
#1446 = ORIENTED_EDGE ( 'NONE', *, *, #967, .T. ) ;
#1447 = AXIS2_PLACEMENT_3D ( 'NONE', #520, #385, #1141 ) ;
#1448 = DIRECTION ( 'NONE',  ( -0.006378983852750595360, 0.9999796540755249152, 0.000000000000000000 ) ) ;
#1449 = FACE_BOUND ( 'NONE', #169, .T. ) ;
#1450 = UNCERTAINTY_MEASURE_WITH_UNIT (LENGTH_MEASURE( 1.000000000000000082E-05 ), #491, 'distance_accuracy_value', 'NONE');
#1451 = ORIENTED_EDGE ( 'NONE', *, *, #1510, .F. ) ;
#1452 = VERTEX_POINT ( 'NONE', #791 ) ;
#1453 = CARTESIAN_POINT ( 'NONE',  ( 1.323766954045194177, 1.536902223965285641, -1.890020672744946451 ) ) ;
#1454 = DIRECTION ( 'NONE',  ( 0.000000000000000000, -0.000000000000000000, -1.000000000000000000 ) ) ;
#1455 = LINE ( 'NONE', #646, #1651 ) ;
#1456 = CARTESIAN_POINT ( 'NONE',  ( 11.08295266535404267, 0.9757766742994363751, 0.7359618392941903453 ) ) ;
#1457 = ORIENTED_EDGE ( 'NONE', *, *, #1534, .T. ) ;
#1458 = EDGE_LOOP ( 'NONE', ( #163, #1362, #1148, #1241 ) ) ;
#1459 = EDGE_CURVE ( 'NONE', #315, #528, #763, .T. ) ;
#1460 = FACE_OUTER_BOUND ( 'NONE', #148, .T. ) ;
#1461 = EDGE_CURVE ( 'NONE', #2, #869, #708, .T. ) ;
#1462 = DIRECTION ( 'NONE',  ( 0.9999796540755249152, 0.006378983852750596227, 0.000000000000000000 ) ) ;
#1463 = DIRECTION ( 'NONE',  ( 1.000000000000000000, 0.000000000000000000, 0.000000000000000000 ) ) ;
#1464 = ADVANCED_FACE ( 'NONE', ( #38 ), #173, .F. ) ;
#1465 = FACE_OUTER_BOUND ( 'NONE', #1305, .T. ) ;
#1466 = ORIENTED_EDGE ( 'NONE', *, *, #55, .F. ) ;
#1467 = TOROIDAL_SURFACE ( 'NONE', #356, 0.5000000000000000000, 0.2500000000000000000 ) ;
#1468 = VERTEX_POINT ( 'NONE', #48 ) ;
#1469 = CARTESIAN_POINT ( 'NONE',  ( 13.16057816476372544, 0.9095684140052797684, 1.000000000000000444 ) ) ;
#1470 = CIRCLE ( 'NONE', #416, 0.2500000000000000555 ) ;
#1471 = VECTOR ( 'NONE', #233, 100.0000000000000000 ) ;
#1472 = LINE ( 'NONE', #688, #707 ) ;
#1473 = AXIS2_PLACEMENT_3D ( 'NONE', #19, #533, #1654 ) ;
#1474 = ADVANCED_BREP_SHAPE_REPRESENTATION ( 'straight functional bar', ( #593, #1285 ), #1608 ) ;
#1475 = ADVANCED_FACE ( 'NONE', ( #1315, #56 ), #568, .T. ) ;
#1476 = CARTESIAN_POINT ( 'NONE',  ( 0.3491666666670700248, 2.109281673631084875, 0.2500000000000000555 ) ) ;
#1477 = CARTESIAN_POINT ( 'NONE',  ( 0.9434483790295804528, 1.549021940062576208, -2.552960642446626238 ) ) ;
#1478 = AXIS2_PLACEMENT_3D ( 'NONE', #714, #730, #1502 ) ;
#1479 = ORIENTED_EDGE ( 'NONE', *, *, #924, .F. ) ;
#1480 = DIRECTION ( 'NONE',  ( -0.9994926248413570358, 0.03185110496881633779, 0.000000000000000000 ) ) ;
#1481 = DIRECTION ( 'NONE',  ( 1.000000000000000000, 0.000000000000000000, 0.000000000000000000 ) ) ;
#1482 = CARTESIAN_POINT ( 'NONE',  ( 8.756152965349116357, 0.6416606812062156662, 1.250000000000000222 ) ) ;
#1483 = DIRECTION ( 'NONE',  ( -0.000000000000000000, -0.000000000000000000, -1.000000000000000000 ) ) ;
#1484 = EDGE_CURVE ( 'NONE', #1452, #574, #1283, .T. ) ;
#1485 = VERTEX_POINT ( 'NONE', #436 ) ;
#1486 = CARTESIAN_POINT ( 'NONE',  ( 9.073630362415977757, 2.674808297941705604, 0.01403816070580958184 ) ) ;
#1487 = ORIENTED_EDGE ( 'NONE', *, *, #799, .T. ) ;
#1488 = DIRECTION ( 'NONE',  ( 0.000000000000000000, -1.000000000000000000, 0.000000000000000000 ) ) ;
#1489 = CARTESIAN_POINT ( 'NONE',  ( 13.16057816476372544, 2.544568414005279777, 1.500000000000000222 ) ) ;
#1490 = CARTESIAN_POINT ( 'NONE',  ( 1.062126516258549591, 2.679986175029947848, -2.788922481740812920 ) ) ;
#1491 = VERTEX_POINT ( 'NONE', #1079 ) ;
#1492 = EDGE_CURVE ( 'NONE', #1538, #475, #1604, .T. ) ;
#1493 = CARTESIAN_POINT ( 'NONE',  ( 11.03971695731838132, 2.362027570258356857, 1.750000000000000222 ) ) ;
#1494 = CARTESIAN_POINT ( 'NONE',  ( 1.166666666667070196, 2.109281673631084875, 1.000000000000001110 ) ) ;
#1495 = CARTESIAN_POINT ( 'NONE',  ( 13.16055233542073921, 2.542949241329401033, 0.9672583045369754773 ) ) ;
#1496 = AXIS2_PLACEMENT_3D ( 'NONE', #1638, #1248, #1395 ) ;
#1497 = CARTESIAN_POINT ( 'NONE',  ( 13.16137928284651437, 0.9606565816346221975, 1.652317088019161773 ) ) ;
#1498 = CIRCLE ( 'NONE', #1386, 0.3174999999999998934 ) ;
#1499 = ORIENTED_EDGE ( 'NONE', *, *, #488, .T. ) ;
#1500 = AXIS2_PLACEMENT_3D ( 'NONE', #1180, #181, #1072 ) ;
#1501 = ORIENTED_EDGE ( 'NONE', *, *, #1026, .T. ) ;
#1502 = DIRECTION ( 'NONE',  ( -1.000000000000000000, 0.000000000000000000, 0.000000000000000000 ) ) ;
#1503 = CARTESIAN_POINT ( 'NONE',  ( 0.09435750720680535775, 2.960953243033523030, 1.750000000000000222 ) ) ;
#1504 = CARTESIAN_POINT ( 'NONE',  ( 1.163046593330638423, 2.676770127318945480, 0.2500000000000000000 ) ) ;
#1505 = PRODUCT ( 'straight functional bar', 'straight functional bar', '', ( #1029 ) ) ;
#1506 = LINE ( 'NONE', #1087, #325 ) ;
#1507 = ORIENTED_EDGE ( 'NONE', *, *, #138, .F. ) ;
#1508 = CARTESIAN_POINT ( 'NONE',  ( 0.09435750720680527448, 2.960953243033523030, 1.000000000000001998 ) ) ;
#1509 = VERTEX_POINT ( 'NONE', #157 ) ;
#1510 = EDGE_CURVE ( 'NONE', #992, #45, #41, .T. ) ;
#1511 = DIRECTION ( 'NONE',  ( -0.03185110496881607411, -0.9994926248413569247, 0.000000000000000000 ) ) ;
#1512 = DIRECTION ( 'NONE',  ( 0.000000000000000000, 0.000000000000000000, -1.000000000000000000 ) ) ;
#1513 = CARTESIAN_POINT ( 'NONE',  ( 13.72807816476372622, 1.727068414005279662, 1.750000000000000222 ) ) ;
#1514 = ADVANCED_FACE ( 'NONE', ( #1460 ), #1309, .T. ) ;
#1515 = CARTESIAN_POINT ( 'NONE',  ( 13.16057816476372544, 0.9095684140052797684, 1.750000000000000222 ) ) ;
#1516 = EDGE_LOOP ( 'NONE', ( #541, #772, #620, #331 ) ) ;
#1517 = DIRECTION ( 'NONE',  ( -0.03185110496881611575, -0.9994926248413569247, 0.000000000000000000 ) ) ;
#1518 = VECTOR ( 'NONE', #1483, 100.0000000000000000 ) ;
#1519 = DIRECTION ( 'NONE',  ( 0.9994926248413570358, -0.03185110496881611575, -1.225936896215758432E-16 ) ) ;
#1520 = CIRCLE ( 'NONE', #1217, 0.3799999999997721867 ) ;
#1521 = AXIS2_PLACEMENT_3D ( 'NONE', #1437, #7, #1292 ) ;
#1522 = CARTESIAN_POINT ( 'NONE',  ( 13.16248135565209409, 1.034116932109491627, 1.716866509388543793 ) ) ;
#1523 = CARTESIAN_POINT ( 'NONE',  ( 13.16057816476372544, 1.727068414005279662, 0.8125000000000003331 ) ) ;
#1524 = AXIS2_PLACEMENT_3D ( 'NONE', #882, #1021, #270 ) ;
#1525 = TOROIDAL_SURFACE ( 'NONE', #736, 0.5000000000000000000, 0.2500000000000000000 ) ;
#1526 = ORIENTED_EDGE ( 'NONE', *, *, #1616, .T. ) ;
#1527 = AXIS2_PLACEMENT_3D ( 'NONE', #126, #905, #398 ) ;
#1528 = DIRECTION ( 'NONE',  ( 0.3305312433255211957, 0.000000000000000000, -0.9437950504138516994 ) ) ;
#1529 = ORIENTED_EDGE ( 'NONE', *, *, #812, .F. ) ;
#1530 = FACE_OUTER_BOUND ( 'NONE', #137, .T. ) ;
#1531 = DIRECTION ( 'NONE',  ( -0.03185110496880563108, -0.9994926248413572578, -0.000000000000000000 ) ) ;
#1532 = DIRECTION ( 'NONE',  ( 0.9433684724741817629, -0.03006258124797675513, 0.3303818493053727878 ) ) ;
#1533 = CARTESIAN_POINT ( 'NONE',  ( 1.167186961213458440, 1.324756252534806000, 0.8751660429754741788 ) ) ;
#1534 = EDGE_CURVE ( 'NONE', #1325, #1340, #1140, .T. ) ;
#1535 = ORIENTED_EDGE ( 'NONE', *, *, #206, .T. ) ;
#1536 = EDGE_CURVE ( 'NONE', #490, #528, #258, .T. ) ;
#1537 = CARTESIAN_POINT ( 'NONE',  ( 1.163046593330638867, 2.676770127318945036, 0.2500000000000000000 ) ) ;
#1538 = VERTEX_POINT ( 'NONE', #275 ) ;
#1539 = ADVANCED_FACE ( 'NONE', ( #151 ), #285, .T. ) ;
#1540 = DIRECTION ( 'NONE',  ( 0.03185110496881608105, 0.9994926248413570358, -0.000000000000000000 ) ) ;
#1541 = DIRECTION ( 'NONE',  ( 0.9994926248413573688, -0.03185110496880524944, 0.000000000000000000 ) ) ;
#1542 = LINE ( 'NONE', #407, #1171 ) ;
#1543 = ORIENTED_EDGE ( 'NONE', *, *, #1189, .T. ) ;
#1544 = ORIENTED_EDGE ( 'NONE', *, *, #1155, .T. ) ;
#1545 = DIRECTION ( 'NONE',  ( 1.225314886288554880E-16, -3.904744476649990256E-18, 1.000000000000000000 ) ) ;
#1546 = DIRECTION ( 'NONE',  ( 0.3305312433255211957, 0.000000000000000000, -0.9437950504138516994 ) ) ;
#1547 = DIRECTION ( 'NONE',  ( 0.000000000000000000, 0.000000000000000000, -1.000000000000000000 ) ) ;
#1548 = CARTESIAN_POINT ( 'NONE',  ( 1.168780946217266470, 1.430899253633574064, 0.9746534211507602574 ) ) ;
#1549 = ORIENTED_EDGE ( 'NONE', *, *, #1229, .F. ) ;
#1550 = AXIS2_PLACEMENT_3D ( 'NONE', #1138, #3, #130 ) ;
#1551 = VERTEX_POINT ( 'NONE', #807 ) ;
#1552 = AXIS2_PLACEMENT_3D ( 'NONE', #935, #1201, #542 ) ;
#1553 = DIRECTION ( 'NONE',  ( -1.000000000000000000, 0.000000000000000000, 0.000000000000000000 ) ) ;
#1554 = CARTESIAN_POINT ( 'NONE',  ( 1.163046593330638423, 2.676770127318945480, 0.7500000000000009992 ) ) ;
#1555 = EDGE_CURVE ( 'NONE', #869, #162, #1329, .T. ) ;
#1556 = DIRECTION ( 'NONE',  ( 0.3305312433255211957, 0.000000000000000000, -0.9437950504138516994 ) ) ;
#1557 = CARTESIAN_POINT ( 'NONE',  ( 13.16057816476372544, 1.727068414005279662, 1.687500000000000000 ) ) ;
#1558 = ORIENTED_EDGE ( 'NONE', *, *, #779, .F. ) ;
#1559 = ORIENTED_EDGE ( 'NONE', *, *, #156, .T. ) ;
#1560 = EDGE_CURVE ( 'NONE', #1316, #1485, #1632, .T. ) ;
#1561 = CARTESIAN_POINT ( 'NONE',  ( 10.92095956469858287, 1.228432578550480825, 1.735948762603462647 ) ) ;
#1562 = FACE_OUTER_BOUND ( 'NONE', #1668, .T. ) ;
#1563 = CARTESIAN_POINT ( 'NONE',  ( 8.859587127487674962, 1.294122898064194116, 1.014025084015081291 ) ) ;
#1564 = DIRECTION ( 'NONE',  ( 1.224646799147353207E-16, 1.000000000000000000, 0.000000000000000000 ) ) ;
#1565 = B_SPLINE_CURVE_WITH_KNOTS ( 'NONE', 3,
 ( #717, #1645, #854, #487, #1522, #1127, #77, #1629, #1497, #337, #210, #1239, #724, #874, #711, #360 ),
 .UNSPECIFIED., .F., .F.,
 ( 4, 2, 2, 2, 2, 2, 2, 4 ),
 ( -5.114958586997636061E-05, 0.0009342553914114186224, 0.001426957880052118167, 0.001919660368692817929, 0.002412362857333517040, 0.002905065345974216801, 0.003397767834614916563, 0.003890470323255616324 ),
 .UNSPECIFIED. ) ;
#1566 = EDGE_CURVE ( 'NONE', #73, #992, #987, .T. ) ;
#1567 = ORIENTED_EDGE ( 'NONE', *, *, #852, .F. ) ;
#1568 = ORIENTED_EDGE ( 'NONE', *, *, #1091, .F. ) ;
#1569 = FACE_OUTER_BOUND ( 'NONE', #510, .T. ) ;
#1570 = DIRECTION ( 'NONE',  ( -1.000000000000000000, 0.000000000000000000, 0.000000000000000000 ) ) ;
#1571 = ADVANCED_FACE ( 'NONE', ( #74 ), #720, .T. ) ;
#1572 = CLOSED_SHELL ( 'NONE', ( #982, #1539, #1514, #1143, #1374, #508, #936, #746, #989, #117, #1464, #1317, #1253, #1367, #380, #1354, #1633, #1475, #1408, #1571, #342, #511, #364, #478, #350, #648, #909, #420, #1134, #558, #556, #519, #1232, #601, #1582, #1289, #232, #974, #329, #1636, #187, #1388, #996, #675, #150, #904, #1286, #1584, #1266, #160, #683, #158, #1169, #946, #797, #1103, #539 ) ) ;
#1573 = VERTEX_POINT ( 'NONE', #1378 ) ;
#1574 = ORIENTED_EDGE ( 'NONE', *, *, #291, .F. ) ;
#1575 = AXIS2_PLACEMENT_3D ( 'NONE', #1660, #1667, #1641 ) ;
#1576 = DIRECTION ( 'NONE',  ( -0.03185110496881608105, -0.9994926248413570358, 0.000000000000000000 ) ) ;
#1577 = AXIS2_PLACEMENT_3D ( 'NONE', #569, #809, #1058 ) ;
#1578 = VECTOR ( 'NONE', #1031, 100.0000000000000142 ) ;
#1579 = CARTESIAN_POINT ( 'NONE',  ( 1.161451847367446444, 2.926765040837826959, 0.2500000000000000555 ) ) ;
#1580 = AXIS2_PLACEMENT_3D ( 'NONE', #699, #1226, #576 ) ;
#1581 = CARTESIAN_POINT ( 'NONE',  ( 1.167467968649319676, 1.342881763611644574, 0.09766712310324855706 ) ) ;
#1582 = ADVANCED_FACE ( 'NONE', ( #1235 ), #195, .T. ) ;
#1583 = VERTEX_POINT ( 'NONE', #1493 ) ;
#1584 = ADVANCED_FACE ( 'NONE', ( #188 ), #149, .T. ) ;
#1585 = ORIENTED_EDGE ( 'NONE', *, *, #824, .F. ) ;
#1586 = EDGE_CURVE ( 'NONE', #1321, #943, #468, .T. ) ;
#1587 = EDGE_LOOP ( 'NONE', ( #1199, #951, #136, #274 ) ) ;
#1588 = CARTESIAN_POINT ( 'NONE',  ( 13.16057816476372544, 1.727068414005279662, 1.750000000000000222 ) ) ;
#1589 = DIRECTION ( 'NONE',  ( -0.03185110496880563108, -0.9994926248413572578, -0.000000000000000000 ) ) ;
#1590 = CARTESIAN_POINT ( 'NONE',  ( 1.546666666667070089, 2.109281673631084875, 2.710505431213761085E-17 ) ) ;
#1591 = ORIENTED_EDGE ( 'NONE', *, *, #1010, .T. ) ;
#1592 = ORIENTED_EDGE ( 'NONE', *, *, #1125, .T. ) ;
#1593 = CARTESIAN_POINT ( 'NONE',  ( 1.163046593330638423, 2.676770127318945480, 0.7500000000000009992 ) ) ;
#1594 = EDGE_CURVE ( 'NONE', #475, #774, #395, .T. ) ;
#1595 = DIRECTION ( 'NONE',  ( -0.000000000000000000, 0.000000000000000000, 1.000000000000000000 ) ) ;
#1596 = DIRECTION ( 'NONE',  ( -0.000000000000000000, 0.000000000000000000, 1.000000000000000000 ) ) ;
#1597 = CIRCLE ( 'NONE', #1080, 0.2500000000000003331 ) ;
#1598 = ORIENTED_EDGE ( 'NONE', *, *, #1461, .T. ) ;
#1599 = DIRECTION ( 'NONE',  ( -0.000000000000000000, 0.000000000000000000, 1.000000000000000000 ) ) ;
#1600 = VECTOR ( 'NONE', #161, 100.0000000000000000 ) ;
#1601 = VECTOR ( 'NONE', #1620, 100.0000000000000000 ) ;
#1602 = CYLINDRICAL_SURFACE ( 'NONE', #1222, 0.3174999999999998934 ) ;
#1603 = EDGE_CURVE ( 'NONE', #940, #719, #658, .T. ) ;
#1604 = CIRCLE ( 'NONE', #122, 0.2500000000000000000 ) ;
#1605 = DIRECTION ( 'NONE',  ( -0.9994926248413570358, 0.03185110496881633779, 0.000000000000000000 ) ) ;
#1606 = AXIS2_PLACEMENT_3D ( 'NONE', #1186, #1599, #423 ) ;
#1607 = DIRECTION ( 'NONE',  ( -0.9994926248413569247, 0.03185110496881611575, 1.225610617317196817E-16 ) ) ;
#1608 =( GEOMETRIC_REPRESENTATION_CONTEXT ( 3 ) GLOBAL_UNCERTAINTY_ASSIGNED_CONTEXT ( ( #864 ) ) GLOBAL_UNIT_ASSIGNED_CONTEXT ( ( #832, #241, #1400 ) ) REPRESENTATION_CONTEXT ( 'NONE', 'WORKASPACE' ) );
#1609 = ORIENTED_EDGE ( 'NONE', *, *, #1433, .T. ) ;
#1610 = CARTESIAN_POINT ( 'NONE',  ( 0.000000000000000000, 0.000000000000000000, 0.000000000000000000 ) ) ;
#1611 = ORIENTED_EDGE ( 'NONE', *, *, #958, .F. ) ;
#1612 = CARTESIAN_POINT ( 'NONE',  ( 13.54057816476349707, 1.727068414005279662, 1.687500000000000000 ) ) ;
#1613 = CARTESIAN_POINT ( 'NONE',  ( 13.15977686278147019, 2.493468324024736393, 0.8476671231032708587 ) ) ;
#1614 = DIRECTION ( 'NONE',  ( -0.9433684724741806527, 0.03006258124797675166, -0.3303818493053758409 ) ) ;
#1615 = CARTESIAN_POINT ( 'NONE',  ( 8.939026672702613752, 1.044097750553653947, 0.2500000000000003331 ) ) ;
#1616 = EDGE_CURVE ( 'NONE', #45, #286, #361, .T. ) ;
#1617 = ORIENTED_EDGE ( 'NONE', *, *, #1100, .T. ) ;
#1618 = CARTESIAN_POINT ( 'NONE',  ( 8.983114030733233335, 2.427565898471868877, 0.2499999999999998890 ) ) ;
#1619 = EDGE_LOOP ( 'NONE', ( #57, #833, #830, #178 ) ) ;
#1620 = DIRECTION ( 'NONE',  ( -0.000000000000000000, -0.000000000000000000, -1.000000000000000000 ) ) ;
#1621 = CARTESIAN_POINT ( 'NONE',  ( 13.16057816476372544, 1.727068414005279662, 1.500000000000000222 ) ) ;
#1622 = CARTESIAN_POINT ( 'NONE',  ( 0.3491666666670700248, 2.109281673631084875, 1.750000000000000222 ) ) ;
#1623 = ORIENTED_EDGE ( 'NONE', *, *, #298, .F. ) ;
#1624 = DIRECTION ( 'NONE',  ( 0.3302142217621718556, -0.01052302696201365059, -0.9438473571767630466 ) ) ;
#1625 = ORIENTED_EDGE ( 'NONE', *, *, #1227, .F. ) ;
#1626 = VECTOR ( 'NONE', #1589, 100.0000000000000142 ) ;
#1627 = DIRECTION ( 'NONE',  ( 0.03185110496881611575, 0.9994926248413570358, -0.000000000000000000 ) ) ;
#1628 = CIRCLE ( 'NONE', #10, 0.2500000000000001665 ) ;
#1629 = CARTESIAN_POINT ( 'NONE',  ( 13.16154150002060064, 0.9712046589898496451, 1.665180304334501482 ) ) ;
#1630 = AXIS2_PLACEMENT_3D ( 'NONE', #1494, #81, #463 ) ;
#1631 = CARTESIAN_POINT ( 'NONE',  ( 1.171009369572842296, 2.926643283529284822, 0.7500000000000009992 ) ) ;
#1632 = CIRCLE ( 'NONE', #421, 0.2500000000000000000 ) ;
#1633 = ADVANCED_FACE ( 'NONE', ( #980 ), #221, .T. ) ;
#1634 = ORIENTED_EDGE ( 'NONE', *, *, #1653, .F. ) ;
#1635 = CARTESIAN_POINT ( 'NONE',  ( 13.16057816476372544, 1.727068414005279662, 0.8125000000000003331 ) ) ;
#1636 = ADVANCED_FACE ( 'NONE', ( #1256 ), #204, .T. ) ;
#1637 = LINE ( 'NONE', #199, #922 ) ;
#1638 = CARTESIAN_POINT ( 'NONE',  ( 1.166666666667070196, 2.109281673631084875, 1.000000000000001110 ) ) ;
#1639 = DIRECTION ( 'NONE',  ( 0.000000000000000000, 0.000000000000000000, 1.000000000000000000 ) ) ;
#1640 = ORIENTED_EDGE ( 'NONE', *, *, #179, .F. ) ;
#1641 = DIRECTION ( 'NONE',  ( -1.000000000000000000, 0.000000000000000000, 0.000000000000000000 ) ) ;
#1642 = VERTEX_POINT ( 'NONE', #847 ) ;
#1643 = DIRECTION ( 'NONE',  ( 0.3305312433255213622, 0.000000000000000000, -0.9437950504138516994 ) ) ;
#1644 = EDGE_CURVE ( 'NONE', #517, #428, #98, .T. ) ;
#1645 = CARTESIAN_POINT ( 'NONE',  ( 13.16377839208251821, 1.126734093317764973, 1.750000000000008216 ) ) ;
#1646 = DIRECTION ( 'NONE',  ( -0.000000000000000000, -0.000000000000000000, -1.000000000000000000 ) ) ;
#1647 = ORIENTED_EDGE ( 'NONE', *, *, #1189, .F. ) ;
#1648 = CARTESIAN_POINT ( 'NONE',  ( 10.95716340187783899, 2.364658326998859916, 1.735961839294190456 ) ) ;
#1649 = ORIENTED_EDGE ( 'NONE', *, *, #1347, .F. ) ;
#1650 = LINE ( 'NONE', #375, #1578 ) ;
#1651 = VECTOR ( 'NONE', #1162, 100.0000000000000142 ) ;
#1652 = CARTESIAN_POINT ( 'NONE',  ( 8.939026672702615528, 1.044097750553653281, 0.000000000000000000 ) ) ;
#1653 = EDGE_CURVE ( 'NONE', #726, #1491, #738, .T. ) ;
#1654 = DIRECTION ( 'NONE',  ( -0.9994926248413569247, 0.03185110496881633779, 2.220446049250310241E-14 ) ) ;
#1655 = CARTESIAN_POINT ( 'NONE',  ( 1.167066755577703230, 1.317084174188073220, 0.8608118483207499727 ) ) ;
#1656 = AXIS2_PLACEMENT_3D ( 'NONE', #44, #1596, #680 ) ;
#1657 = AXIS2_PLACEMENT_3D ( 'NONE', #1663, #1532, #1014 ) ;
#1658 = ORIENTED_EDGE ( 'NONE', *, *, #243, .T. ) ;
#1659 = AXIS2_PLACEMENT_3D ( 'NONE', #798, #660, #536 ) ;
#1660 = CARTESIAN_POINT ( 'NONE',  ( 1.166666666667070196, 2.109281673631084875, 0.9375000000000009992 ) ) ;
#1661 = EDGE_LOOP ( 'NONE', ( #757, #1178, #549, #295 ) ) ;
#1662 = CARTESIAN_POINT ( 'NONE',  ( 1.484166666667070089, 2.109281673631084875, 0.9375000000000009992 ) ) ;
#1663 = CARTESIAN_POINT ( 'NONE',  ( 0.8144658499369035187, 2.687878445251460580, -2.081036963858212463 ) ) ;
#1664 = CARTESIAN_POINT ( 'NONE',  ( 1.170286740003495973, 1.541793219943224269, 1.000000000000001110 ) ) ;
#1665 = ORIENTED_EDGE ( 'NONE', *, *, #1555, .T. ) ;
#1666 = EDGE_CURVE ( 'NONE', #294, #719, #124, .T. ) ;
#1667 = DIRECTION ( 'NONE',  ( 1.224988772935800968E-16, -3.903705242305269323E-18, 1.000000000000000000 ) ) ;
#1668 = EDGE_LOOP ( 'NONE', ( #1225, #918, #22, #792 ) ) ;
#1669 = CARTESIAN_POINT ( 'NONE',  ( 8.859666382878513602, 1.296753654804697620, 1.014038160705809322 ) ) ;
#1670 = CARTESIAN_POINT ( 'NONE',  ( 13.16419823810015011, 1.159579960317419056, 1.750000000000000222 ) ) ;
ENDSEC;
END-ISO-10303-21;
