ISO-10303-21;
HEADER;
FILE_DESCRIPTION (( 'STEP AP214' ),
    '1' );
FILE_NAME ('the john v2.STEP',
    '2026-09-17T14:21:10',
    ( '' ),
    ( '' ),
    'SwSTEP 2.0',
    'SolidWorks 2025',
    '' );
FILE_SCHEMA (( 'AUTOMOTIVE_DESIGN' ));
ENDSEC;

DATA;
#1 = DOCUMENT_TYPE ( 'geometry' ) ;
#2 = CARTESIAN_POINT ( 'NONE',  ( 10.58936151570500961, -3.837028010809472089, 0.6841657048990631429 ) ) ;
#3 = CONTEXT_DEPENDENT_SHAPE_REPRESENTATION ( #775, #75 ) ;
#4 = EXTERNAL_SOURCE (IDENTIFIER('') ) ;
#5 = PRODUCT_DEFINITION_SHAPE ( 'NONE', 'NONE',  #1631 ) ;
#6 = CONTEXT_DEPENDENT_SHAPE_REPRESENTATION ( #658, #529 ) ;
#7 = PRODUCT ( 'triangular coupling', 'triangular coupling', '', ( #1335 ) ) ;
#8 = AXIS2_PLACEMENT_3D ( 'NONE', #82, #215, #472 ) ;
#9 = UNCERTAINTY_MEASURE_WITH_UNIT (LENGTH_MEASURE( 1.000000000000000082E-05 ), #552, 'distance_accuracy_value', 'NONE');
#10 = CARTESIAN_POINT ( 'NONE',  ( 1.339361515705010941, -3.837028010808479550, 0.6841657044243155683 ) ) ;
#11 = DOCUMENT_FILE ( 'Insert M3 D5 L5mm.STEP' , '', '', #367, '' ,$ ) ;
#12 = OBJECT_ROLE ('mandatory',$ ) ;
#13 = AXIS2_PLACEMENT_3D ( 'NONE', #1099, #76, #1004 ) ;
#14 = PRODUCT_DEFINITION_FORMATION_WITH_SPECIFIED_SOURCE ( 'Symmetric', '', #1284, .NOT_KNOWN. ) ;
#15 = CONTEXT_DEPENDENT_SHAPE_REPRESENTATION ( #1532, #331 ) ;
#16 = OBJECT_ROLE ('mandatory',$ ) ;
#17 = OBJECT_ROLE ('mandatory',$ ) ;
#18 = PROPERTY_DEFINITION ('external definition','', #11 ) ;
#19 = CARTESIAN_POINT ( 'NONE',  ( 0.000000000000000000, 0.000000000000000000, 0.000000000000000000 ) ) ;
#20 = PROPERTY_DEFINITION ('document property','', #73 ) ;
#21 = SHAPE_DEFINITION_REPRESENTATION ( #255, #1551 ) ;
#22 = PRODUCT ( 'straight down pull bar linkage', 'straight down pull bar linkage', '', ( #397 ) ) ;
#23 = APPLIED_DOCUMENT_REFERENCE ( #1171,'',( #897) ) ;
#24 = DOCUMENT_TYPE ( 'geometry' ) ;
#25 = ROLE_ASSOCIATION ( #284, #1012 ) ;
#26 = IDENTIFICATION_ROLE ( 'external document id and location', $) ;
#27 = UNCERTAINTY_MEASURE_WITH_UNIT (LENGTH_MEASURE( 1.000000000000000082E-05 ), #1373, 'distance_accuracy_value', 'NONE');
#28 = APPLICATION_PROTOCOL_DEFINITION ( 'draft international standard', 'automotive_design', 1998, #268 ) ;
#29 = PROPERTY_DEFINITION ('external definition','', #791 ) ;
#30 = CARTESIAN_POINT ( 'NONE',  ( 6.447753251420610177, 2.103533313075240940, 1.309165704686499510 ) ) ;
#31 = CONTEXT_DEPENDENT_SHAPE_REPRESENTATION ( #869, #1571 ) ;
#32 = DIRECTION ( 'NONE',  ( 1.000000000000000000, 0.000000000000000000, 0.000000000000000000 ) ) ;
#33 = PROPERTY_DEFINITION ('document property','', #1230 ) ;
#34 = EXTERNAL_SOURCE (IDENTIFIER('') ) ;
#35 = IDENTIFICATION_ROLE ( 'external document id and location', $) ;
#36 = APPLICATION_PROTOCOL_DEFINITION ( 'draft international standard', 'automotive_design', 1998, #901 ) ;
#37 = DOCUMENT_FILE ( 'servo-motor_sts3215-v10-PART.STEP' , '', '', #1406, '' ,$ ) ;
#38 =( GEOMETRIC_REPRESENTATION_CONTEXT ( 3 ) GLOBAL_UNCERTAINTY_ASSIGNED_CONTEXT ( ( #853 ) ) GLOBAL_UNIT_ASSIGNED_CONTEXT ( ( #1387, #194, #1114 ) ) REPRESENTATION_CONTEXT ( 'NONE', 'WORKASPACE' ) );
#39 = DIRECTION ( 'NONE',  ( -5.132419247956535304E-11, -1.911554535176573416E-17, 1.000000000000000000 ) ) ;
#40 = CONTEXT_DEPENDENT_SHAPE_REPRESENTATION ( #81, #400 ) ;
#41 = AXIS2_PLACEMENT_3D ( 'NONE', #411, #282, #291 ) ;
#42 = AXIS2_PLACEMENT_3D ( 'NONE', #990, #822, #346 ) ;
#43 = APPLIED_EXTERNAL_IDENTIFICATION_ASSIGNMENT ( 'straight down pull bar linkage.STEP' , #1497, #1324,( #1466) ) ;
#44 = PRODUCT_DEFINITION_SHAPE ( 'NONE', 'NONE',  #1662 ) ;
#45 = IDENTIFICATION_ROLE ( 'external document id and location', $) ;
#46 = APPLICATION_PROTOCOL_DEFINITION ( 'draft international standard', 'automotive_design', 1998, #813 ) ;
#47 = PROPERTY_DEFINITION_REPRESENTATION ( #29, #335 ) ;
#48 = EXTERNAL_SOURCE (IDENTIFIER('') ) ;
#49 = DIRECTION ( 'NONE',  ( -0.9986390018365804977, 0.05215499986423618312, -5.125450564073033516E-11 ) ) ;
#50 = CONTEXT_DEPENDENT_SHAPE_REPRESENTATION ( #1458, #1470 ) ;
#51 = PRODUCT_DEFINITION_SHAPE ( 'NONE', 'NONE',  #385 ) ;
#52 =( NAMED_UNIT ( * ) PLANE_ANGLE_UNIT ( ) SI_UNIT ( $, .RADIAN. ) );
#53 = SHAPE_DEFINITION_REPRESENTATION ( #938, #900 ) ;
#54 = ITEM_DEFINED_TRANSFORMATION ( 'NONE', 'NONE', #1055,  #884 ) ;
#55 = APPLICATION_CONTEXT ( 'automotive_design' ) ;
#56 = DIRECTION ( 'NONE',  ( -5.132419247956550813E-11, 3.091323804394615879E-17, 1.000000000000000000 ) ) ;
#57 = ITEM_DEFINED_TRANSFORMATION ( 'NONE', 'NONE', #1412,  #1248 ) ;
#58 = EXTERNAL_SOURCE (IDENTIFIER('') ) ;
#59 = PRODUCT_DEFINITION_SHAPE ( 'NONE', 'NONE',  #1673 ) ;
#60 = ITEM_DEFINED_TRANSFORMATION ( 'NONE', 'NONE', #41,  #1299 ) ;
#61 = DIRECTION ( 'NONE',  ( 1.000000000000000000, 0.000000000000000000, 0.000000000000000000 ) ) ;
#62 = PROPERTY_DEFINITION ('document property','', #1574 ) ;
#63 = CONTEXT_DEPENDENT_SHAPE_REPRESENTATION ( #1399, #402 ) ;
#64 = PROPERTY_DEFINITION_REPRESENTATION ( #147, #335 ) ;
#65 = DIRECTION ( 'NONE',  ( 0.9224966266912987267, -0.3860051473013985102, 4.734625020382541008E-11 ) ) ;
#66 = ITEM_DEFINED_TRANSFORMATION ( 'NONE', 'NONE', #974,  #1248 ) ;
#67 = AXIS2_PLACEMENT_3D ( 'NONE', #1097, #977, #1502 ) ;
#68 = PROPERTY_DEFINITION_REPRESENTATION ( #358, #890 ) ;
#69 =( REPRESENTATION_RELATIONSHIP ('NONE','NONE', #900, #890 ) REPRESENTATION_RELATIONSHIP_WITH_TRANSFORMATION ( #1213 )SHAPE_REPRESENTATION_RELATIONSHIP( ) );
#70 = PRODUCT_DEFINITION_FORMATION_WITH_SPECIFIED_SOURCE ( 'Symmetric', '', #22, .NOT_KNOWN. ) ;
#71 = APPLIED_EXTERNAL_IDENTIFICATION_ASSIGNMENT ( '6391K125_Oil-Embedded 841 Bronze Sleeve Bearing_6391K125.STEP' , #984, #417,( #256) ) ;
#72 =( REPRESENTATION_RELATIONSHIP ('NONE','NONE', #900, #1421 ) REPRESENTATION_RELATIONSHIP_WITH_TRANSFORMATION ( #608 )SHAPE_REPRESENTATION_RELATIONSHIP( ) );
#73 = DOCUMENT_FILE ( '6391K172_Oil-Embedded 841 Bronze Sleeve Bearing_6391K172.STEP' , '', '', #457, '' ,$ ) ;
#74 = ITEM_DEFINED_TRANSFORMATION ( 'NONE', 'NONE', #855,  #519 ) ;
#75 = PRODUCT_DEFINITION_SHAPE ( 'NONE', 'NONE',  #1663 ) ;
#76 = DIRECTION ( 'NONE',  ( -5.132424031044362577E-11, 2.210981061970853594E-16, 1.000000000000000000 ) ) ;
#77 = PROPERTY_DEFINITION_REPRESENTATION ( #1457, #1421 ) ;
#78 = CARTESIAN_POINT ( 'NONE',  ( -1.111967930654755410, 12.74199522403288753, 3.934165704298502764 ) ) ;
#79 = EXTERNAL_SOURCE (IDENTIFIER('') ) ;
#80 = ITEM_DEFINED_TRANSFORMATION ( 'NONE', 'NONE', #1437,  #165 ) ;
#81 =( REPRESENTATION_RELATIONSHIP ('NONE','NONE', #900, #1421 ) REPRESENTATION_RELATIONSHIP_WITH_TRANSFORMATION ( #66 )SHAPE_REPRESENTATION_RELATIONSHIP( ) );
#82 = CARTESIAN_POINT ( 'NONE',  ( 2.964361515602478292, 1.762971989192426925, 2.677915704507992434 ) ) ;
#83 = CONTEXT_DEPENDENT_SHAPE_REPRESENTATION ( #213, #663 ) ;
#84 = DOCUMENT_FILE ( '6391K172_Oil-Embedded 841 Bronze Sleeve Bearing_6391K172.STEP' , '', '', #1062, '' ,$ ) ;
#85 = PROPERTY_DEFINITION ('document property','', #902 ) ;
#86 = APPLICATION_CONTEXT ( 'automotive_design' ) ;
#87 = PROPERTY_DEFINITION_REPRESENTATION ( #668, #217 ) ;
#88 = OBJECT_ROLE ('mandatory',$ ) ;
#89 = CARTESIAN_POINT ( 'NONE',  ( 6.447753251447490896, 2.103533313075240940, 0.7854157046864994607 ) ) ;
#90 = PROPERTY_DEFINITION_REPRESENTATION ( #1181, #1421 ) ;
#91 = PROPERTY_DEFINITION ('document property','', #256 ) ;
#92 = DOCUMENT_FILE ( '6391K172_Oil-Embedded 841 Bronze Sleeve Bearing_6391K172.STEP' , '', '', #1592, '' ,$ ) ;
#93 = IDENTIFICATION_ROLE ( 'external document id and location', $) ;
#94 = CONTEXT_DEPENDENT_SHAPE_REPRESENTATION ( #300, #865 ) ;
#95 = APPLIED_EXTERNAL_IDENTIFICATION_ASSIGNMENT ( '6391K172_Oil-Embedded 841 Bronze Sleeve Bearing_6391K172.STEP' , #489, #232,( #564) ) ;
#96 = PRODUCT_DEFINITION_CONTEXT ( 'detailed design', #935, 'design' ) ;
#97 = DIRECTION ( 'NONE',  ( -1.017848999529391563E-15, -1.000000000000000000, -1.110223024625156540E-16 ) ) ;
#98 = PROPERTY_DEFINITION_REPRESENTATION ( #1598, #335 ) ;
#99 = PRODUCT_DEFINITION ( 'General', '', #490, #96 ) ;
#100 = PRODUCT_DEFINITION_SHAPE ( 'NONE', 'NONE',  #1646 ) ;
#101 = EXTERNAL_SOURCE (IDENTIFIER('') ) ;
#102 = CONTEXT_DEPENDENT_SHAPE_REPRESENTATION ( #1094, #1281 ) ;
#103 = DOCUMENT_TYPE ( 'geometry' ) ;
#104 = ROLE_ASSOCIATION ( #1541, #1028 ) ;
#105 = DIRECTION ( 'NONE',  ( -1.033895191682177028E-15, -1.000000000000000000, -2.220446049250313081E-16 ) ) ;
#106 = APPLIED_DOCUMENT_REFERENCE ( #578,'',( #824) ) ;
#107 = APPLICATION_CONTEXT ( 'automotive_design' ) ;
#108 = DOCUMENT_TYPE ( 'geometry' ) ;
#109 = CONTEXT_DEPENDENT_SHAPE_REPRESENTATION ( #1475, #1104 ) ;
#110 = PROPERTY_DEFINITION ('document property','', #1102 ) ;
#111 = DOCUMENT_TYPE ( 'geometry' ) ;
#112 = UNCERTAINTY_MEASURE_WITH_UNIT (LENGTH_MEASURE( 1.000000000000000082E-05 ), #508, 'distance_accuracy_value', 'NONE');
#113 = CARTESIAN_POINT ( 'NONE',  ( 2.352823409784273956, -3.837028010809471201, 5.439533196979344787 ) ) ;
#114 = PRODUCT_DEFINITION_SHAPE ( 'NONE', 'NONE',  #189 ) ;
#115 = PROPERTY_DEFINITION_REPRESENTATION ( #1252, #890 ) ;
#116 =( LENGTH_UNIT ( ) NAMED_UNIT ( * ) SI_UNIT ( .CENTI., .METRE. ) );
#117 =( GEOMETRIC_REPRESENTATION_CONTEXT ( 3 ) GLOBAL_UNCERTAINTY_ASSIGNED_CONTEXT ( ( #770 ) ) GLOBAL_UNIT_ASSIGNED_CONTEXT ( ( #116, #365, #877 ) ) REPRESENTATION_CONTEXT ( 'NONE', 'WORKASPACE' ) );
#118 = DOCUMENT_TYPE ( 'geometry' ) ;
#119 = AXIS2_PLACEMENT_3D ( 'NONE', #755, #319, #601 ) ;
#120 = DIRECTION ( 'NONE',  ( -0.9949699720121040203, -8.396176345968171906E-16, -0.1001736232460071069 ) ) ;
#121 = APPLIED_EXTERNAL_IDENTIFICATION_ASSIGNMENT ( '6391K172_Oil-Embedded 841 Bronze Sleeve Bearing_6391K172.STEP' , #1465, #645,( #92) ) ;
#122 =( REPRESENTATION_RELATIONSHIP ('NONE','NONE', #900, #335 ) REPRESENTATION_RELATIONSHIP_WITH_TRANSFORMATION ( #523 )SHAPE_REPRESENTATION_RELATIONSHIP( ) );
#123 = PRODUCT_DEFINITION_CONTEXT ( 'detailed design', #678, 'design' ) ;
#124 = CONTEXT_DEPENDENT_SHAPE_REPRESENTATION ( #1525, #625 ) ;
#125 = PROPERTY_DEFINITION ('external definition','', #703 ) ;
#126 = PROPERTY_DEFINITION ('document property','', #477 ) ;
#127 = APPLIED_DOCUMENT_REFERENCE ( #997,'',( #236) ) ;
#128 = PRODUCT_DEFINITION_CONTEXT ( 'detailed design', #1259, 'design' ) ;
#129 = DIRECTION ( 'NONE',  ( 4.978136006131317256E-16, -1.000000000000000444, 3.496794108272067061E-15 ) ) ;
#130 = ROLE_ASSOCIATION ( #257, #1531 ) ;
#131 = IDENTIFICATION_ROLE ( 'external document id and location', $) ;
#132 = ITEM_DEFINED_TRANSFORMATION ( 'NONE', 'NONE', #1109,  #1299 ) ;
#133 = OBJECT_ROLE ('mandatory',$ ) ;
#134 = PROPERTY_DEFINITION_REPRESENTATION ( #641, #1314 ) ;
#135 = DOCUMENT_FILE ( 'Insert M3 D5 L5mm.STEP' , '', '', #851, '' ,$ ) ;
#136 = PROPERTY_DEFINITION ('document property','', #833 ) ;
#137 = APPLICATION_CONTEXT ( 'automotive_design' ) ;
#138 = APPLIED_DOCUMENT_REFERENCE ( #1017,'',( #189) ) ;
#139 =( REPRESENTATION_RELATIONSHIP ('NONE','NONE', #900, #890 ) REPRESENTATION_RELATIONSHIP_WITH_TRANSFORMATION ( #609 )SHAPE_REPRESENTATION_RELATIONSHIP( ) );
#140 =( GEOMETRIC_REPRESENTATION_CONTEXT ( 3 ) GLOBAL_UNCERTAINTY_ASSIGNED_CONTEXT ( ( #639 ) ) GLOBAL_UNIT_ASSIGNED_CONTEXT ( ( #1146, #630, #620 ) ) REPRESENTATION_CONTEXT ( 'NONE', 'WORKASPACE' ) );
#141 = ROLE_ASSOCIATION ( #525, #1044 ) ;
#142 = DIRECTION ( 'NONE',  ( 2.492052044881564627E-16, 0.9999999999999997780, -3.095529381152267377E-16 ) ) ;
#143 = AXIS2_PLACEMENT_3D ( 'NONE', #1283, #363, #240 ) ;
#144 = APPLIED_EXTERNAL_IDENTIFICATION_ASSIGNMENT ( 'triangular coupling.STEP' , #193, #643,( #1505) ) ;
#145 = PRODUCT_DEFINITION ( 'General', '', #1438, #1183 ) ;
#146 = ROLE_ASSOCIATION ( #1210, #127 ) ;
#147 = PROPERTY_DEFINITION ('external definition','', #271 ) ;
#148 = OBJECT_ROLE ('mandatory',$ ) ;
#149 = DOCUMENT_FILE ( '6391K172_Oil-Embedded 841 Bronze Sleeve Bearing_6391K172.STEP' , '', '', #118, '' ,$ ) ;
#150 = PROPERTY_DEFINITION ('external definition','', #541 ) ;
#151 = EXTERNAL_SOURCE (IDENTIFIER('') ) ;
#152 = PRODUCT_CONTEXT ( 'NONE', #107, 'mechanical' ) ;
#153 = PROPERTY_DEFINITION ('document property','', #311 ) ;
#154 = DIRECTION ( 'NONE',  ( -5.132414464868728710E-11, -2.593291969107445321E-16, 1.000000000000000000 ) ) ;
#155 = CARTESIAN_POINT ( 'NONE',  ( 0.000000000000000000, 0.000000000000000000, 0.000000000000000000 ) ) ;
#156 = DOCUMENT_TYPE ( 'geometry' ) ;
#157 = PRODUCT_DEFINITION_CONTEXT ( 'detailed design', #1378, 'design' ) ;
#158 = APPLICATION_PROTOCOL_DEFINITION ( 'draft international standard', 'automotive_design', 1998, #1315 ) ;
#159 = PROPERTY_DEFINITION_REPRESENTATION ( #1388, #335 ) ;
#160 = PROPERTY_DEFINITION ('document property','', #616 ) ;
#161 = EXTERNAL_SOURCE (IDENTIFIER('') ) ;
#162 = DIRECTION ( 'NONE',  ( -5.132424031044365162E-11, 2.210981062173042095E-16, 0.9999999999999998890 ) ) ;
#163 = PROPERTY_DEFINITION_REPRESENTATION ( #653, #1421 ) ;
#164 = DOCUMENT_TYPE ( 'geometry' ) ;
#165 = AXIS2_PLACEMENT_3D ( 'NONE', #1215, #361, #1554 ) ;
#166 = SHAPE_DEFINITION_REPRESENTATION ( #908, #1257 ) ;
#167 = AXIS2_PLACEMENT_3D ( 'NONE', #1380, #456, #581 ) ;
#168 = APPLICATION_CONTEXT ( 'automotive_design' ) ;
#169 = DIRECTION ( 'NONE',  ( -5.132421639500468327E-11, 5.096305929914720678E-17, 1.000000000000000000 ) ) ;
#170 = AXIS2_PLACEMENT_3D ( 'NONE', #694, #955, #1370 ) ;
#171 = OBJECT_ROLE ('mandatory',$ ) ;
#172 = APPLIED_EXTERNAL_IDENTIFICATION_ASSIGNMENT ( 'top bar linkage.STEP' , #1348, #218,( #311) ) ;
#173 = PROPERTY_DEFINITION ('external definition','', #37 ) ;
#174 = APPLIED_EXTERNAL_IDENTIFICATION_ASSIGNMENT ( 'straight functional bar.STEP' , #666, #1222,( #613) ) ;
#175 =( REPRESENTATION_RELATIONSHIP ('NONE','NONE', #900, #1421 ) REPRESENTATION_RELATIONSHIP_WITH_TRANSFORMATION ( #1000 )SHAPE_REPRESENTATION_RELATIONSHIP( ) );
#176 = PRODUCT_DEFINITION_SHAPE ( 'NONE', 'NONE',  #1617 ) ;
#177 = PRODUCT_DEFINITION_SHAPE ( 'NONE', 'NONE',  #1666 ) ;
#178 = APPLICATION_PROTOCOL_DEFINITION ( 'draft international standard', 'automotive_design', 1998, #783 ) ;
#179 = APPLIED_DOCUMENT_REFERENCE ( #271,'',( #897) ) ;
#180 = DIRECTION ( 'NONE',  ( 5.132436498325146313E-11, 1.337559248282242286E-16, -1.000000000000000000 ) ) ;
#181 = PROPERTY_DEFINITION_REPRESENTATION ( #876, #728 ) ;
#182 = APPLIED_DOCUMENT_REFERENCE ( #564,'',( #189) ) ;
#183 =( REPRESENTATION_RELATIONSHIP ('NONE','NONE', #900, #844 ) REPRESENTATION_RELATIONSHIP_WITH_TRANSFORMATION ( #747 )SHAPE_REPRESENTATION_RELATIONSHIP( ) );
#184 =( REPRESENTATION_RELATIONSHIP ('NONE','NONE', #900, #1421 ) REPRESENTATION_RELATIONSHIP_WITH_TRANSFORMATION ( #234 )SHAPE_REPRESENTATION_RELATIONSHIP( ) );
#185 = PRODUCT_CONTEXT ( 'NONE', #868, 'mechanical' ) ;
#186 = APPLIED_DOCUMENT_REFERENCE ( #410,'',( #897) ) ;
#187 = CARTESIAN_POINT ( 'NONE',  ( -1.785489579024384765, 15.98851720365607676, 4.630415704263933563 ) ) ;
#188 = PROPERTY_DEFINITION_REPRESENTATION ( #1059, #1421 ) ;
#189 = PRODUCT_DEFINITION ( 'General', '', #1163, #123 ) ;
#190 = PRODUCT_DEFINITION_SHAPE ( 'NONE', 'NONE',  #1674 ) ;
#191 = DOCUMENT_FILE ( '6391K172_Oil-Embedded 841 Bronze Sleeve Bearing_6391K172.STEP' , '', '', #1, '' ,$ ) ;
#192 = APPLICATION_PROTOCOL_DEFINITION ( 'draft international standard', 'automotive_design', 1998, #511 ) ;
#193 = IDENTIFICATION_ROLE ( 'external document id and location', $) ;
#194 =( NAMED_UNIT ( * ) PLANE_ANGLE_UNIT ( ) SI_UNIT ( $, .RADIAN. ) );
#195 = APPLIED_DOCUMENT_REFERENCE ( #311,'',( #1119) ) ;
#196 =( REPRESENTATION_RELATIONSHIP ('NONE','NONE', #900, #890 ) REPRESENTATION_RELATIONSHIP_WITH_TRANSFORMATION ( #947 )SHAPE_REPRESENTATION_RELATIONSHIP( ) );
#197 = DIRECTION ( 'NONE',  ( -0.9141857764838537959, -0.4052954059382039564, -4.692025711909525864E-11 ) ) ;
#198 = ROLE_ASSOCIATION ( #1227, #413 ) ;
#199 = PROPERTY_DEFINITION_REPRESENTATION ( #1419, #890 ) ;
#200 = AXIS2_PLACEMENT_3D ( 'NONE', #1513, #1124, #982 ) ;
#201 = PROPERTY_DEFINITION ('external definition','', #951 ) ;
#202 =( REPRESENTATION_RELATIONSHIP ('NONE','NONE', #900, #890 ) REPRESENTATION_RELATIONSHIP_WITH_TRANSFORMATION ( #594 )SHAPE_REPRESENTATION_RELATIONSHIP( ) );
#203 = DIRECTION ( 'NONE',  ( 5.132426422588277506E-11, -3.412049319715109708E-16, -1.000000000000000000 ) ) ;
#204 = PROPERTY_DEFINITION_REPRESENTATION ( #821, #1421 ) ;
#205 = ROLE_ASSOCIATION ( #307, #1232 ) ;
#206 = EXTERNAL_SOURCE (IDENTIFIER('') ) ;
#207 = PROPERTY_DEFINITION ('document property','', #1400 ) ;
#208 = APPLIED_DOCUMENT_REFERENCE ( #1085,'',( #145) ) ;
#209 = CARTESIAN_POINT ( 'NONE',  ( -9.523091490660382519, 11.62406669441459961, 3.457915703866807355 ) ) ;
#210 = APPLIED_DOCUMENT_REFERENCE ( #973,'',( #824) ) ;
#211 =( REPRESENTATION_RELATIONSHIP ('NONE','NONE', #900, #890 ) REPRESENTATION_RELATIONSHIP_WITH_TRANSFORMATION ( #406 )SHAPE_REPRESENTATION_RELATIONSHIP( ) );
#212 = PROPERTY_DEFINITION_REPRESENTATION ( #1267, #890 ) ;
#213 =( REPRESENTATION_RELATIONSHIP ('NONE','NONE', #900, #1421 ) REPRESENTATION_RELATIONSHIP_WITH_TRANSFORMATION ( #1514 )SHAPE_REPRESENTATION_RELATIONSHIP( ) );
#214 = PROPERTY_DEFINITION ('external definition','', #1179 ) ;
#215 = DIRECTION ( 'NONE',  ( 5.132426422588277506E-11, -3.412049319715109708E-16, -1.000000000000000000 ) ) ;
#216 = DOCUMENT_FILE ( 'socket head cap screw_am_B18.3.1M - 3 x 0.5 x 16 Hex SHCS -- 16NHX.STEP' , '', '', #1569, '' ,$ ) ;
#217 = SHAPE_REPRESENTATION ( 'top bar linkage', ( #1079 ), #617 ) ;
#218 = EXTERNAL_SOURCE (IDENTIFIER('') ) ;
#219 =( NAMED_UNIT ( * ) PLANE_ANGLE_UNIT ( ) SI_UNIT ( $, .RADIAN. ) );
#220 = DOCUMENT_TYPE ( 'geometry' ) ;
#221 = PRODUCT_DEFINITION_FORMATION_WITH_SPECIFIED_SOURCE ( 'Symmetric', '', #1198, .NOT_KNOWN. ) ;
#222 = PROPERTY_DEFINITION_REPRESENTATION ( #995, #844 ) ;
#223 = OBJECT_ROLE ('mandatory',$ ) ;
#224 = DIRECTION ( 'NONE',  ( -5.132424031044362577E-11, 2.210981061970853840E-16, 1.000000000000000000 ) ) ;
#225 = CARTESIAN_POINT ( 'NONE',  ( 0.000000000000000000, 0.000000000000000000, 0.000000000000000000 ) ) ;
#226 = DOCUMENT_FILE ( 'socket head cap screw_am_B18.3.1M - 3 x 0.5 x 16 Hex SHCS -- 16NHX.STEP' , '', '', #1534, '' ,$ ) ;
#227 = PRODUCT_DEFINITION_SHAPE ( 'NONE', 'NONE',  #1644 ) ;
#228 = PROPERTY_DEFINITION_REPRESENTATION ( #110, #890 ) ;
#229 = PROPERTY_DEFINITION ('external definition','', #997 ) ;
#230 = DIRECTION ( 'NONE',  ( 1.000000000000000000, 0.000000000000000000, 0.000000000000000000 ) ) ;
#231 = APPLIED_DOCUMENT_REFERENCE ( #1271,'',( #236) ) ;
#232 = EXTERNAL_SOURCE (IDENTIFIER('') ) ;
#233 = DIRECTION ( 'NONE',  ( -0.4444647672695951068, -4.891154329752375004E-16, -0.8957963332454451644 ) ) ;
#234 = ITEM_DEFINED_TRANSFORMATION ( 'NONE', 'NONE', #727,  #1248 ) ;
#235 = OBJECT_ROLE ('mandatory',$ ) ;
#236 = PRODUCT_DEFINITION ( 'General', '', #1581, #1031 ) ;
#237 = ROLE_ASSOCIATION ( #1242, #1122 ) ;
#238 = PROPERTY_DEFINITION ('document property','', #1461 ) ;
#239 = PRODUCT_DEFINITION_CONTEXT ( 'detailed design', #1578, 'design' ) ;
#240 = DIRECTION ( 'NONE',  ( -1.164412804458697659E-15, -1.000000000000000000, -1.387778780781445676E-16 ) ) ;
#241 = PROPERTY_DEFINITION ('document property','', #690 ) ;
#242 = CONTEXT_DEPENDENT_SHAPE_REPRESENTATION ( #745, #1322 ) ;
#243 =( REPRESENTATION_RELATIONSHIP ('NONE','NONE', #900, #1323 ) REPRESENTATION_RELATIONSHIP_WITH_TRANSFORMATION ( #80 )SHAPE_REPRESENTATION_RELATIONSHIP( ) );
#244 = EXTERNAL_SOURCE (IDENTIFIER('') ) ;
#245 = ITEM_DEFINED_TRANSFORMATION ( 'NONE', 'NONE', #1001,  #1160 ) ;
#246 = AXIS2_PLACEMENT_3D ( 'NONE', #113, #486, #1274 ) ;
#247 = APPLIED_DOCUMENT_REFERENCE ( #616,'',( #824) ) ;
#248 = APPLIED_EXTERNAL_IDENTIFICATION_ASSIGNMENT ( '6391K125_Oil-Embedded 841 Bronze Sleeve Bearing_6391K125.STEP' , #45, #502,( #520) ) ;
#249 = APPLIED_EXTERNAL_IDENTIFICATION_ASSIGNMENT ( '6391K172_Oil-Embedded 841 Bronze Sleeve Bearing_6391K172.STEP' , #26, #1247,( #1405) ) ;
#250 = APPLICATION_CONTEXT ( 'automotive_design' ) ;
#251 = CONTEXT_DEPENDENT_SHAPE_REPRESENTATION ( #392, #480 ) ;
#252 = PROPERTY_DEFINITION ('external definition','', #1461 ) ;
#253 =( REPRESENTATION_RELATIONSHIP ('NONE','NONE', #900, #890 ) REPRESENTATION_RELATIONSHIP_WITH_TRANSFORMATION ( #263 )SHAPE_REPRESENTATION_RELATIONSHIP( ) );
#254 =( NAMED_UNIT ( * ) PLANE_ANGLE_UNIT ( ) SI_UNIT ( $, .RADIAN. ) );
#255 = PRODUCT_DEFINITION_SHAPE ( 'NONE', 'NONE',  #1366 ) ;
#256 = DOCUMENT_FILE ( '6391K125_Oil-Embedded 841 Bronze Sleeve Bearing_6391K125.STEP' , '', '', #1566, '' ,$ ) ;
#257 = OBJECT_ROLE ('mandatory',$ ) ;
#258 = CARTESIAN_POINT ( 'NONE',  ( 4.950899621548759733, -3.837028010807483902, -2.571201787893356627 ) ) ;
#259 = APPLIED_DOCUMENT_REFERENCE ( #772,'',( #897) ) ;
#260 = ROLE_ASSOCIATION ( #1282, #874 ) ;
#261 = IDENTIFICATION_ROLE ( 'external document id and location', $) ;
#262 = PROPERTY_DEFINITION ('document property','', #216 ) ;
#263 = ITEM_DEFINED_TRANSFORMATION ( 'NONE', 'NONE', #1354,  #1299 ) ;
#264 = IDENTIFICATION_ROLE ( 'external document id and location', $) ;
#265 = DIRECTION ( 'NONE',  ( -0.8957963332454451644, 1.062725007719810102E-15, 0.4444647672695951068 ) ) ;
#266 = PROPERTY_DEFINITION ('document property','', #92 ) ;
#267 = PRODUCT_DEFINITION_SHAPE ( 'NONE', 'NONE',  #897 ) ;
#268 = APPLICATION_CONTEXT ( 'automotive_design' ) ;
#269 = PRODUCT_DEFINITION_CONTEXT ( 'detailed design', #1553, 'design' ) ;
#270 = PRODUCT_CONTEXT ( 'NONE', #1408, 'mechanical' ) ;
#271 = DOCUMENT_FILE ( 'Insert M3 D5 L5mm.STEP' , '', '', #819, '' ,$ ) ;
#272 = AXIS2_PLACEMENT_3D ( 'NONE', #258, #522, #233 ) ;
#273 = OBJECT_ROLE ('mandatory',$ ) ;
#274 = DIRECTION ( 'NONE',  ( 0.9680785500667016263, -0.2506470045716734374, 4.968567227530766794E-11 ) ) ;
#275 = PROPERTY_DEFINITION ('external definition','', #815 ) ;
#276 = APPLIED_DOCUMENT_REFERENCE ( #1405,'',( #189) ) ;
#277 = APPLIED_EXTERNAL_IDENTIFICATION_ASSIGNMENT ( '6391K172_Oil-Embedded 841 Bronze Sleeve Bearing_6391K172.STEP' , #793, #34,( #902) ) ;
#278 = PROPERTY_DEFINITION ('external definition','', #1083 ) ;
#279 = DIRECTION ( 'NONE',  ( 1.000000000000000000, 0.000000000000000000, 0.000000000000000000 ) ) ;
#280 = SHAPE_DEFINITION_REPRESENTATION ( #1430, #1323 ) ;
#281 = PROPERTY_DEFINITION ('external definition','', #1230 ) ;
#282 = DIRECTION ( 'NONE',  ( -5.132414464868720955E-11, -2.593291968745846767E-16, 1.000000000000000000 ) ) ;
#283 = PROPERTY_DEFINITION_REPRESENTATION ( #1142, #728 ) ;
#284 = OBJECT_ROLE ('mandatory',$ ) ;
#285 = DIRECTION ( 'NONE',  ( 0.000000000000000000, 0.000000000000000000, 1.000000000000000000 ) ) ;
#286 = DOCUMENT_TYPE ( 'geometry' ) ;
#287 = PRODUCT_DEFINITION_SHAPE ( 'NONE', 'NONE',  #1675 ) ;
#288 = PRODUCT_CONTEXT ( 'NONE', #268, 'mechanical' ) ;
#289 = APPLIED_DOCUMENT_REFERENCE ( #37,'',( #1204) ) ;
#290 = PROPERTY_DEFINITION ('external definition','', #1547 ) ;
#291 = DIRECTION ( 'NONE',  ( 0.7102007798848023468, -0.7039991848368990501, 3.645023258469069567E-11 ) ) ;
#292 = DOCUMENT_FILE ( 'base bearing assembly.STEP' , '', '', #1423, '' ,$ ) ;
#293 = DOCUMENT_TYPE ( 'geometry' ) ;
#294 = PRODUCT ( 'straight functional bar', 'straight functional bar', '', ( #1600 ) ) ;
#295 = OBJECT_ROLE ('mandatory',$ ) ;
#296 = APPLICATION_PROTOCOL_DEFINITION ( 'draft international standard', 'automotive_design', 1998, #107 ) ;
#297 =( GEOMETRIC_REPRESENTATION_CONTEXT ( 3 ) GLOBAL_UNCERTAINTY_ASSIGNED_CONTEXT ( ( #998 ) ) GLOBAL_UNIT_ASSIGNED_CONTEXT ( ( #904, #1043, #1053 ) ) REPRESENTATION_CONTEXT ( 'NONE', 'WORKASPACE' ) );
#298 = DIRECTION ( 'NONE',  ( 0.9986430418473208892, -0.05207758606089628317, 5.125486956347438992E-11 ) ) ;
#299 = AXIS2_PLACEMENT_3D ( 'NONE', #584, #841, #1337 ) ;
#300 =( REPRESENTATION_RELATIONSHIP ('NONE','NONE', #900, #562 ) REPRESENTATION_RELATIONSHIP_WITH_TRANSFORMATION ( #720 )SHAPE_REPRESENTATION_RELATIONSHIP( ) );
#301 = ITEM_DEFINED_TRANSFORMATION ( 'NONE', 'NONE', #941,  #1299 ) ;
#302 = PROPERTY_DEFINITION ('document property','', #410 ) ;
#303 =( REPRESENTATION_RELATIONSHIP ('NONE','NONE', #900, #454 ) REPRESENTATION_RELATIONSHIP_WITH_TRANSFORMATION ( #1492 )SHAPE_REPRESENTATION_RELATIONSHIP( ) );
#304 = APPLIED_EXTERNAL_IDENTIFICATION_ASSIGNMENT ( 'Insert M3 D5 L5mm.STEP' , #681, #1527,( #665) ) ;
#305 = APPLICATION_PROTOCOL_DEFINITION ( 'draft international standard', 'automotive_design', 1998, #868 ) ;
#306 = ROLE_ASSOCIATION ( #706, #538 ) ;
#307 = OBJECT_ROLE ('mandatory',$ ) ;
#308 = DIRECTION ( 'NONE',  ( 5.132416856412633299E-11, 8.919358772377125071E-17, -0.9999999999999998890 ) ) ;
#309 = ITEM_DEFINED_TRANSFORMATION ( 'NONE', 'NONE', #119,  #1248 ) ;
#310 = APPLIED_DOCUMENT_REFERENCE ( #438,'',( #189) ) ;
#311 = DOCUMENT_FILE ( 'top bar linkage.STEP' , '', '', #24, '' ,$ ) ;
#312 = IDENTIFICATION_ROLE ( 'external document id and location', $) ;
#313 = DIRECTION ( 'NONE',  ( 5.132412073324803441E-11, 3.794360226423021108E-16, -1.000000000000000000 ) ) ;
#314 = CONTEXT_DEPENDENT_SHAPE_REPRESENTATION ( #988, #1499 ) ;
#315 = PRODUCT_DEFINITION_SHAPE ( 'NONE', 'NONE',  #1661 ) ;
#316 = DOCUMENT_TYPE ( 'geometry' ) ;
#317 = DIRECTION ( 'NONE',  ( 0.000000000000000000, 0.000000000000000000, 1.000000000000000000 ) ) ;
#318 = ROLE_ASSOCIATION ( #1463, #195 ) ;
#319 = DIRECTION ( 'NONE',  ( -0.7063179388359211996, 7.449619164813516340E-16, -0.7078947444914222009 ) ) ;
#320 = ITEM_DEFINED_TRANSFORMATION ( 'NONE', 'NONE', #351,  #1248 ) ;
#321 =( REPRESENTATION_RELATIONSHIP ('NONE','NONE', #900, #1314 ) REPRESENTATION_RELATIONSHIP_WITH_TRANSFORMATION ( #74 )SHAPE_REPRESENTATION_RELATIONSHIP( ) );
#322 = AXIS2_PLACEMENT_3D ( 'NONE', #540, #1579, #569 ) ;
#323 = ITEM_DEFINED_TRANSFORMATION ( 'NONE', 'NONE', #725,  #1299 ) ;
#324 =( LENGTH_UNIT ( ) NAMED_UNIT ( * ) SI_UNIT ( .CENTI., .METRE. ) );
#325 = APPLIED_DOCUMENT_REFERENCE ( #11,'',( #897) ) ;
#326 = EXTERNAL_SOURCE (IDENTIFIER('') ) ;
#327 = APPLIED_EXTERNAL_IDENTIFICATION_ASSIGNMENT ( '6391K172_Oil-Embedded 841 Bronze Sleeve Bearing_6391K172.STEP' , #312, #528,( #1431) ) ;
#328 =( NAMED_UNIT ( * ) SI_UNIT ( $, .STERADIAN. ) SOLID_ANGLE_UNIT ( ) );
#329 = OBJECT_ROLE ('mandatory',$ ) ;
#330 = PROPERTY_DEFINITION_REPRESENTATION ( #33, #1132 ) ;
#331 = PRODUCT_DEFINITION_SHAPE ( 'NONE', 'NONE',  #1643 ) ;
#332 = CARTESIAN_POINT ( 'NONE',  ( 7.931286217846341913, 12.69415959312051889, 1.740415704762642068 ) ) ;
#333 = ROLE_ASSOCIATION ( #1450, #1524 ) ;
#334 = ROLE_ASSOCIATION ( #1145, #1508 ) ;
#335 = SHAPE_REPRESENTATION ( 'Insert M3 D5 L5mm', ( #884 ), #1301 ) ;
#336 = APPLICATION_CONTEXT ( 'automotive_design' ) ;
#337 =( NAMED_UNIT ( * ) PLANE_ANGLE_UNIT ( ) SI_UNIT ( $, .RADIAN. ) );
#338 =( REPRESENTATION_RELATIONSHIP ('NONE','NONE', #900, #890 ) REPRESENTATION_RELATIONSHIP_WITH_TRANSFORMATION ( #1372 )SHAPE_REPRESENTATION_RELATIONSHIP( ) );
#339 = CONTEXT_DEPENDENT_SHAPE_REPRESENTATION ( #1518, #1155 ) ;
#340 = OBJECT_ROLE ('mandatory',$ ) ;
#341 = CARTESIAN_POINT ( 'NONE',  ( 2.964361515504617017, 1.762971989192463784, 4.582915704507994903 ) ) ;
#342 = CONTEXT_DEPENDENT_SHAPE_REPRESENTATION ( #338, #718 ) ;
#343 = PROPERTY_DEFINITION ('external definition','', #726 ) ;
#344 = ROLE_ASSOCIATION ( #583, #989 ) ;
#345 = IDENTIFICATION_ROLE ( 'external document id and location', $) ;
#346 = DIRECTION ( 'NONE',  ( 0.9780404643387287100, 0.2084150909029467424, 5.019713774487687851E-11 ) ) ;
#347 =( REPRESENTATION_RELATIONSHIP ('NONE','NONE', #900, #1421 ) REPRESENTATION_RELATIONSHIP_WITH_TRANSFORMATION ( #724 )SHAPE_REPRESENTATION_RELATIONSHIP( ) );
#348 = ITEM_DEFINED_TRANSFORMATION ( 'NONE', 'NONE', #170,  #1299 ) ;
#349 = AXIS2_PLACEMENT_3D ( 'NONE', #350, #285, #670 ) ;
#350 = CARTESIAN_POINT ( 'NONE',  ( 0.000000000000000000, 0.000000000000000000, 0.000000000000000000 ) ) ;
#351 = AXIS2_PLACEMENT_3D ( 'NONE', #459, #972, #1117 ) ;
#352 = ITEM_DEFINED_TRANSFORMATION ( 'NONE', 'NONE', #1216,  #1160 ) ;
#353 = APPLIED_EXTERNAL_IDENTIFICATION_ASSIGNMENT ( '6391K172_Oil-Embedded 841 Bronze Sleeve Bearing_6391K172.STEP' , #1343, #586,( #1017) ) ;
#354 = PRODUCT_DEFINITION_CONTEXT ( 'detailed design', #1024, 'design' ) ;
#355 = CARTESIAN_POINT ( 'NONE',  ( 9.575899621137597961, -1.987028010807623257, 5.439533197350086446 ) ) ;
#356 = ROLE_ASSOCIATION ( #133, #106 ) ;
#357 = DOCUMENT_TYPE ( 'geometry' ) ;
#358 = PROPERTY_DEFINITION ('document property','', #1431 ) ;
#359 = EXTERNAL_SOURCE (IDENTIFIER('') ) ;
#360 = PROPERTY_DEFINITION ('document property','', #1505 ) ;
#361 = DIRECTION ( 'NONE',  ( 0.000000000000000000, 0.000000000000000000, 1.000000000000000000 ) ) ;
#362 =( REPRESENTATION_RELATIONSHIP ('NONE','NONE', #900, #335 ) REPRESENTATION_RELATIONSHIP_WITH_TRANSFORMATION ( #1201 )SHAPE_REPRESENTATION_RELATIONSHIP( ) );
#363 = DIRECTION ( 'NONE',  ( -0.9914677686516992772, 1.155325835000553525E-15, -0.1303520760280418578 ) ) ;
#364 = EXTERNAL_SOURCE (IDENTIFIER('') ) ;
#365 =( NAMED_UNIT ( * ) PLANE_ANGLE_UNIT ( ) SI_UNIT ( $, .RADIAN. ) );
#366 = CONTEXT_DEPENDENT_SHAPE_REPRESENTATION ( #321, #531 ) ;
#367 = DOCUMENT_TYPE ( 'geometry' ) ;
#368 = PRODUCT_DEFINITION_SHAPE ( 'NONE', 'NONE',  #1634 ) ;
#369 = UNCERTAINTY_MEASURE_WITH_UNIT (LENGTH_MEASURE( 1.000000000000000082E-05 ), #1206, 'distance_accuracy_value', 'NONE');
#370 =( NAMED_UNIT ( * ) SI_UNIT ( $, .STERADIAN. ) SOLID_ANGLE_UNIT ( ) );
#371 = PROPERTY_DEFINITION ('external definition','', #477 ) ;
#372 = PROPERTY_DEFINITION_REPRESENTATION ( #1006, #890 ) ;
#373 = OBJECT_ROLE ('mandatory',$ ) ;
#374 = PROPERTY_DEFINITION_REPRESENTATION ( #1515, #844 ) ;
#375 = AXIS2_PLACEMENT_3D ( 'NONE', #1365, #818, #1077 ) ;
#376 = PROPERTY_DEFINITION ('document property','', #37 ) ;
#377 = AXIS2_PLACEMENT_3D ( 'NONE', #1546, #1523, #881 ) ;
#378 = IDENTIFICATION_ROLE ( 'external document id and location', $) ;
#379 = DIRECTION ( 'NONE',  ( 8.716985466783455649E-17, 1.000000000000000222, -5.551115123125782702E-17 ) ) ;
#380 = ROLE_ASSOCIATION ( #693, #247 ) ;
#381 = DIRECTION ( 'NONE',  ( -4.601089135198457825E-16, 1.000000000000000000, -3.318348256049332808E-15 ) ) ;
#382 = PRODUCT_DEFINITION_FORMATION_WITH_SPECIFIED_SOURCE ( 'Symmetric', '', #1035, .NOT_KNOWN. ) ;
#383 = PROPERTY_DEFINITION_REPRESENTATION ( #499, #890 ) ;
#384 = PRODUCT_DEFINITION_SHAPE ( 'NONE', 'NONE',  #1636 ) ;
#385 = PRODUCT_DEFINITION ( 'General', '', #944, #389 ) ;
#386 = PRODUCT_DEFINITION_SHAPE ( 'NONE', 'NONE',  #1621 ) ;
#387 = CONTEXT_DEPENDENT_SHAPE_REPRESENTATION ( #1069, #484 ) ;
#388 = APPLICATION_CONTEXT ( 'automotive_design' ) ;
#389 = PRODUCT_DEFINITION_CONTEXT ( 'detailed design', #388, 'design' ) ;
#390 = CARTESIAN_POINT ( 'NONE',  ( 6.977823409707291091, -3.837028010809472089, 6.939533197216735338 ) ) ;
#391 = CONTEXT_DEPENDENT_SHAPE_REPRESENTATION ( #859, #933 ) ;
#392 =( REPRESENTATION_RELATIONSHIP ('NONE','NONE', #900, #890 ) REPRESENTATION_RELATIONSHIP_WITH_TRANSFORMATION ( #301 )SHAPE_REPRESENTATION_RELATIONSHIP( ) );
#393 = PROPERTY_DEFINITION_REPRESENTATION ( #1098, #890 ) ;
#394 = IDENTIFICATION_ROLE ( 'external document id and location', $) ;
#395 = PROPERTY_DEFINITION ('document property','', #578 ) ;
#396 = CONTEXT_DEPENDENT_SHAPE_REPRESENTATION ( #1279, #1208 ) ;
#397 = PRODUCT_CONTEXT ( 'NONE', #1199, 'mechanical' ) ;
#398 = PRODUCT_DEFINITION_SHAPE ( 'NONE', 'NONE',  #1628 ) ;
#399 = PROPERTY_DEFINITION_REPRESENTATION ( #1166, #335 ) ;
#400 = PRODUCT_DEFINITION_SHAPE ( 'NONE', 'NONE',  #1653 ) ;
#401 = ITEM_DEFINED_TRANSFORMATION ( 'NONE', 'NONE', #752,  #1299 ) ;
#402 = PRODUCT_DEFINITION_SHAPE ( 'NONE', 'NONE',  #1613 ) ;
#403 = IDENTIFICATION_ROLE ( 'external document id and location', $) ;
#404 = CARTESIAN_POINT ( 'NONE',  ( 0.000000000000000000, 0.000000000000000000, 0.000000000000000000 ) ) ;
#405 = OBJECT_ROLE ('mandatory',$ ) ;
#406 = ITEM_DEFINED_TRANSFORMATION ( 'NONE', 'NONE', #407,  #1299 ) ;
#407 = AXIS2_PLACEMENT_3D ( 'NONE', #1555, #421, #923 ) ;
#408 = PRODUCT_DEFINITION_CONTEXT ( 'detailed design', #168, 'design' ) ;
#409 = APPLICATION_PROTOCOL_DEFINITION ( 'draft international standard', 'automotive_design', 1998, #168 ) ;
#410 = DOCUMENT_FILE ( 'Insert M3 D5 L5mm.STEP' , '', '', #111, '' ,$ ) ;
#411 = CARTESIAN_POINT ( 'NONE',  ( 6.447753251349717551, 2.103533313075240496, 2.690415704686499154 ) ) ;
#412 = APPLIED_EXTERNAL_IDENTIFICATION_ASSIGNMENT ( 'robot base.STEP' , #1224, #730,( #690) ) ;
#413 = APPLIED_DOCUMENT_REFERENCE ( #1212,'',( #824) ) ;
#414 = AXIS2_PLACEMENT_3D ( 'NONE', #1455, #1448, #1328 ) ;
#415 = PROPERTY_DEFINITION ('document property','', #451 ) ;
#416 = DOCUMENT_TYPE ( 'geometry' ) ;
#417 = EXTERNAL_SOURCE (IDENTIFIER('') ) ;
#418 = IDENTIFICATION_ROLE ( 'external document id and location', $) ;
#419 = APPLICATION_PROTOCOL_DEFINITION ( 'draft international standard', 'automotive_design', 1998, #1259 ) ;
#420 = EXTERNAL_SOURCE (IDENTIFIER('') ) ;
#421 = DIRECTION ( 'NONE',  ( 5.132426422588277506E-11, -3.412049319715109708E-16, -1.000000000000000000 ) ) ;
#422 = PROPERTY_DEFINITION_REPRESENTATION ( #921, #1421 ) ;
#423 =( REPRESENTATION_RELATIONSHIP ('NONE','NONE', #900, #1368 ) REPRESENTATION_RELATIONSHIP_WITH_TRANSFORMATION ( #1241 )SHAPE_REPRESENTATION_RELATIONSHIP( ) );
#424 = APPLICATION_PROTOCOL_DEFINITION ( 'draft international standard', 'automotive_design', 1998, #336 ) ;
#425 = ROLE_ASSOCIATION ( #1116, #289 ) ;
#426 =( REPRESENTATION_RELATIONSHIP ('NONE','NONE', #900, #890 ) REPRESENTATION_RELATIONSHIP_WITH_TRANSFORMATION ( #655 )SHAPE_REPRESENTATION_RELATIONSHIP( ) );
#427 = PRODUCT_DEFINITION_SHAPE ( 'NONE', 'NONE',  #1668 ) ;
#428 = CARTESIAN_POINT ( 'NONE',  ( -13.77941852305760762, 15.60685179608480233, 2.880415703648354420 ) ) ;
#429 = PROPERTY_DEFINITION_REPRESENTATION ( #275, #890 ) ;
#430 = DIRECTION ( 'NONE',  ( 0.000000000000000000, 0.000000000000000000, 1.000000000000000000 ) ) ;
#431 = APPLICATION_PROTOCOL_DEFINITION ( 'draft international standard', 'automotive_design', 1998, #612 ) ;
#432 = AXIS2_PLACEMENT_3D ( 'NONE', #792, #1074, #298 ) ;
#433 =( REPRESENTATION_RELATIONSHIP ('NONE','NONE', #900, #890 ) REPRESENTATION_RELATIONSHIP_WITH_TRANSFORMATION ( #60 )SHAPE_REPRESENTATION_RELATIONSHIP( ) );
#434 = DIRECTION ( 'NONE',  ( 0.9853493934047512504, -0.1705478610739187273, 5.057226719891520730E-11 ) ) ;
#435 = ROLE_ASSOCIATION ( #1487, #1589 ) ;
#436 = PRODUCT_DEFINITION_FORMATION_WITH_SPECIFIED_SOURCE ( 'Symmetric', '', #611, .NOT_KNOWN. ) ;
#437 = APPLIED_EXTERNAL_IDENTIFICATION_ASSIGNMENT ( '6391K172_Oil-Embedded 841 Bronze Sleeve Bearing_6391K172.STEP' , #1115, #1180,( #726) ) ;
#438 = DOCUMENT_FILE ( '6391K172_Oil-Embedded 841 Bronze Sleeve Bearing_6391K172.STEP' , '', '', #293, '' ,$ ) ;
#439 = OBJECT_ROLE ('mandatory',$ ) ;
#440 =( NAMED_UNIT ( * ) SI_UNIT ( $, .STERADIAN. ) SOLID_ANGLE_UNIT ( ) );
#441 = APPLIED_EXTERNAL_IDENTIFICATION_ASSIGNMENT ( '6391K172_Oil-Embedded 841 Bronze Sleeve Bearing_6391K172.STEP' , #733, #1558,( #84) ) ;
#442 = PROPERTY_DEFINITION ('external definition','', #665 ) ;
#443 = CONTEXT_DEPENDENT_SHAPE_REPRESENTATION ( #423, #1573 ) ;
#444 = DIRECTION ( 'NONE',  ( 7.900914021378835084E-15, 1.839348985621658272E-16, -1.000000000000000000 ) ) ;
#445 = EXTERNAL_SOURCE (IDENTIFIER('') ) ;
#446 = DIRECTION ( 'NONE',  ( -5.132438889868855739E-11, -1.364909862772508007E-17, 0.9999999999999998890 ) ) ;
#447 = OBJECT_ROLE ('mandatory',$ ) ;
#448 = OBJECT_ROLE ('mandatory',$ ) ;
#449 = ROLE_ASSOCIATION ( #17, #1482 ) ;
#450 = CARTESIAN_POINT ( 'NONE',  ( 1.339361515705012717, -1.987028010810038436, 0.6841657044243150132 ) ) ;
#451 = DOCUMENT_FILE ( 'socket head cap screw_am_B18.3.1M - 3 x 0.5 x 16 Hex SHCS -- 16NHX.STEP' , '', '', #1304, '' ,$ ) ;
#452 = PROPERTY_DEFINITION ('external definition','', #616 ) ;
#453 = PROPERTY_DEFINITION_REPRESENTATION ( #1512, #890 ) ;
#454 = SHAPE_REPRESENTATION ( 'straight down pull bar linkage', ( #1544 ), #1462 ) ;
#455 =( NAMED_UNIT ( * ) PLANE_ANGLE_UNIT ( ) SI_UNIT ( $, .RADIAN. ) );
#456 = DIRECTION ( 'NONE',  ( 0.000000000000000000, 0.000000000000000000, 1.000000000000000000 ) ) ;
#457 = DOCUMENT_TYPE ( 'geometry' ) ;
#458 = EXTERNAL_SOURCE (IDENTIFIER('') ) ;
#459 = CARTESIAN_POINT ( 'NONE',  ( 6.977823410195456155, -1.987028010809471779, -2.571201787789317628 ) ) ;
#460 = CONTEXT_DEPENDENT_SHAPE_REPRESENTATION ( #347, #315 ) ;
#461 = PRODUCT_RELATED_PRODUCT_CATEGORY ( 'part', '', ( #1185 ) ) ;
#462 = PROPERTY_DEFINITION_REPRESENTATION ( #125, #890 ) ;
#463 = DIRECTION ( 'NONE',  ( 0.9642656235932028919, 0.2649373645909767760, 4.949035624304214344E-11 ) ) ;
#464 = AXIS2_PLACEMENT_3D ( 'NONE', #854, #1256, #1385 ) ;
#465 = APPLIED_EXTERNAL_IDENTIFICATION_ASSIGNMENT ( 'tool holer.STEP' , #892, #101,( #477) ) ;
#466 =( LENGTH_UNIT ( ) NAMED_UNIT ( * ) SI_UNIT ( .CENTI., .METRE. ) );
#467 = APPLIED_EXTERNAL_IDENTIFICATION_ASSIGNMENT ( '6391K172_Oil-Embedded 841 Bronze Sleeve Bearing_6391K172.STEP' , #1542, #48,( #815) ) ;
#468 = ITEM_DEFINED_TRANSFORMATION ( 'NONE', 'NONE', #644,  #1517 ) ;
#469 = APPLIED_EXTERNAL_IDENTIFICATION_ASSIGNMENT ( 'Insert M3 D5 L5mm.STEP' , #675, #539,( #1083) ) ;
#470 = PRODUCT_DEFINITION_SHAPE ( 'NONE', 'NONE',  #1640 ) ;
#471 = EXTERNAL_SOURCE (IDENTIFIER('') ) ;
#472 = DIRECTION ( 'NONE',  ( -0.8745226222000502814, -0.4849847247701189468, -4.488373923049276392E-11 ) ) ;
#473 = EXTERNAL_SOURCE (IDENTIFIER('') ) ;
#474 = APPLIED_DOCUMENT_REFERENCE ( #833,'',( #189) ) ;
#475 = PRODUCT_DEFINITION_SHAPE ( 'NONE', 'NONE',  #1624 ) ;
#476 = CARTESIAN_POINT ( 'NONE',  ( 0.000000000000000000, 0.000000000000000000, 0.000000000000000000 ) ) ;
#477 = DOCUMENT_FILE ( 'tool holer.STEP' , '', '', #1509, '' ,$ ) ;
#478 = CARTESIAN_POINT ( 'NONE',  ( 2.964361515651406709, 1.762971989192405387, 1.725415704507992531 ) ) ;
#479 = IDENTIFICATION_ROLE ( 'external document id and location', $) ;
#480 = PRODUCT_DEFINITION_SHAPE ( 'NONE', 'NONE',  #1641 ) ;
#481 =( NAMED_UNIT ( * ) PLANE_ANGLE_UNIT ( ) SI_UNIT ( $, .RADIAN. ) );
#482 =( REPRESENTATION_RELATIONSHIP ('NONE','NONE', #900, #335 ) REPRESENTATION_RELATIONSHIP_WITH_TRANSFORMATION ( #1066 )SHAPE_REPRESENTATION_RELATIONSHIP( ) );
#483 = PRODUCT_RELATED_PRODUCT_CATEGORY ( 'part', '', ( #1035 ) ) ;
#484 = PRODUCT_DEFINITION_SHAPE ( 'NONE', 'NONE',  #1626 ) ;
#485 = ROLE_ASSOCIATION ( #1339, #1147 ) ;
#486 = DIRECTION ( 'NONE',  ( 1.049507702965968292E-16, 1.000000000000000000, -5.551115123125782702E-17 ) ) ;
#487 = ROLE_ASSOCIATION ( #917, #210 ) ;
#488 = AXIS2_PLACEMENT_3D ( 'NONE', #936, #1211, #1310 ) ;
#489 = IDENTIFICATION_ROLE ( 'external document id and location', $) ;
#490 = PRODUCT_DEFINITION_FORMATION_WITH_SPECIFIED_SOURCE ( 'Symmetric', '', #7, .NOT_KNOWN. ) ;
#491 = PRODUCT_RELATED_PRODUCT_CATEGORY ( 'part', '', ( #7 ) ) ;
#492 = PROPERTY_DEFINITION_REPRESENTATION ( #722, #844 ) ;
#493 = DOCUMENT_TYPE ( 'geometry' ) ;
#494 = ROLE_ASSOCIATION ( #1270, #1260 ) ;
#495 = PRODUCT_DEFINITION_SHAPE ( 'NONE', 'NONE',  #1629 ) ;
#496 = UNCERTAINTY_MEASURE_WITH_UNIT (LENGTH_MEASURE( 1.000000000000000082E-05 ), #1013, 'distance_accuracy_value', 'NONE');
#497 = DIRECTION ( 'NONE',  ( -1.000000000000000000, -5.551115123125797493E-17, 2.103416694812623026E-17 ) ) ;
#498 = ITEM_DEFINED_TRANSFORMATION ( 'NONE', 'NONE', #1164,  #884 ) ;
#499 = PROPERTY_DEFINITION ('external definition','', #1017 ) ;
#500 = PROPERTY_DEFINITION_REPRESENTATION ( #638, #890 ) ;
#501 = PRODUCT_DEFINITION_SHAPE ( 'NONE', 'NONE',  #824 ) ;
#502 = EXTERNAL_SOURCE (IDENTIFIER('') ) ;
#503 = ITEM_DEFINED_TRANSFORMATION ( 'NONE', 'NONE', #322,  #1160 ) ;
#504 = IDENTIFICATION_ROLE ( 'external document id and location', $) ;
#505 =( NAMED_UNIT ( * ) PLANE_ANGLE_UNIT ( ) SI_UNIT ( $, .RADIAN. ) );
#506 = APPLIED_DOCUMENT_REFERENCE ( #1565,'',( #897) ) ;
#507 =( REPRESENTATION_RELATIONSHIP ('NONE','NONE', #900, #1257 ) REPRESENTATION_RELATIONSHIP_WITH_TRANSFORMATION ( #657 )SHAPE_REPRESENTATION_RELATIONSHIP( ) );
#508 =( LENGTH_UNIT ( ) NAMED_UNIT ( * ) SI_UNIT ( .CENTI., .METRE. ) );
#509 = ROLE_ASSOCIATION ( #1454, #1141 ) ;
#510 = PRODUCT_DEFINITION_SHAPE ( 'NONE', 'NONE',  #1647 ) ;
#511 = APPLICATION_CONTEXT ( 'automotive_design' ) ;
#512 = UNCERTAINTY_MEASURE_WITH_UNIT (LENGTH_MEASURE( 1.000000000000000082E-05 ), #862, 'distance_accuracy_value', 'NONE');
#513 = DIRECTION ( 'NONE',  ( 8.153200337090993344E-17, 1.000000000000000000, 0.000000000000000000 ) ) ;
#514 = PRODUCT ( '6391K125_Oil-Embedded 841 Bronze Sleeve Bearing_6391K125', '6391K125_Oil-Embedded 841 Bronze Sleeve Bearing_6391K125', '', ( #682 ) ) ;
#515 = PROPERTY_DEFINITION_REPRESENTATION ( #524, #335 ) ;
#516 = EXTERNAL_SOURCE (IDENTIFIER('') ) ;
#517 = PROPERTY_DEFINITION_REPRESENTATION ( #20, #890 ) ;
#518 = PRODUCT_DEFINITION ( 'General', '', #1521, #622 ) ;
#519 = AXIS2_PLACEMENT_3D ( 'NONE', #714, #751, #1535 ) ;
#520 = DOCUMENT_FILE ( '6391K125_Oil-Embedded 841 Bronze Sleeve Bearing_6391K125.STEP' , '', '', #689, '' ,$ ) ;
#521 = PRODUCT_DEFINITION_FORMATION_WITH_SPECIFIED_SOURCE ( 'Symmetric', '', #799, .NOT_KNOWN. ) ;
#522 = DIRECTION ( 'NONE',  ( -1.731330827938007446E-16, 1.000000000000000000, -4.601089135198455852E-16 ) ) ;
#523 = ITEM_DEFINED_TRANSFORMATION ( 'NONE', 'NONE', #1135,  #884 ) ;
#524 = PROPERTY_DEFINITION ('document property','', #772 ) ;
#525 = OBJECT_ROLE ('mandatory',$ ) ;
#526 = PROPERTY_DEFINITION_REPRESENTATION ( #758, #890 ) ;
#527 = APPLIED_EXTERNAL_IDENTIFICATION_ASSIGNMENT ( 'Insert M3 D5 L5mm.STEP' , #1330, #629,( #1565) ) ;
#528 = EXTERNAL_SOURCE (IDENTIFIER('') ) ;
#529 = PRODUCT_DEFINITION_SHAPE ( 'NONE', 'NONE',  #1642 ) ;
#530 = EXTERNAL_SOURCE (IDENTIFIER('') ) ;
#531 = PRODUCT_DEFINITION_SHAPE ( 'NONE', 'NONE',  #1620 ) ;
#532 = APPLICATION_PROTOCOL_DEFINITION ( 'draft international standard', 'automotive_design', 1998, #1199 ) ;
#533 = PROPERTY_DEFINITION_REPRESENTATION ( #85, #890 ) ;
#534 = APPLICATION_CONTEXT ( 'automotive_design' ) ;
#535 = PROPERTY_DEFINITION ('document property','', #665 ) ;
#536 = EXTERNAL_SOURCE (IDENTIFIER('') ) ;
#537 = APPLICATION_PROTOCOL_DEFINITION ( 'draft international standard', 'automotive_design', 1998, #678 ) ;
#538 = APPLIED_DOCUMENT_REFERENCE ( #665,'',( #897) ) ;
#539 = EXTERNAL_SOURCE (IDENTIFIER('') ) ;
#540 = CARTESIAN_POINT ( 'NONE',  ( -13.77941852310649651, 15.60685179608480233, 3.832915703648354100 ) ) ;
#541 = DOCUMENT_FILE ( 'socket head cap screw_am_B18.3.1M - 3 x 0.5 x 16 Hex SHCS -- 16NHX.STEP' , '', '', #702, '' ,$ ) ;
#542 = PRODUCT_DEFINITION_SHAPE ( 'NONE', 'NONE',  #1417 ) ;
#543 = AXIS2_PLACEMENT_3D ( 'NONE', #155, #810, #32 ) ;
#544 = PRODUCT_DEFINITION_CONTEXT ( 'detailed design', #783, 'design' ) ;
#545 = APPLICATION_PROTOCOL_DEFINITION ( 'draft international standard', 'automotive_design', 1998, #1483 ) ;
#546 = CONTEXT_DEPENDENT_SHAPE_REPRESENTATION ( #871, #59 ) ;
#547 = PRODUCT_DEFINITION_FORMATION_WITH_SPECIFIED_SOURCE ( 'Symmetric', '', #294, .NOT_KNOWN. ) ;
#548 = DIRECTION ( 'NONE',  ( -5.132424031044365162E-11, 2.210981062173042095E-16, 0.9999999999999998890 ) ) ;
#549 = IDENTIFICATION_ROLE ( 'external document id and location', $) ;
#550 = APPLIED_DOCUMENT_REFERENCE ( #216,'',( #824) ) ;
#551 = PRODUCT_DEFINITION_SHAPE ( 'NONE', 'NONE',  #1658 ) ;
#552 =( LENGTH_UNIT ( ) NAMED_UNIT ( * ) SI_UNIT ( .CENTI., .METRE. ) );
#553 = SHAPE_DEFINITION_REPRESENTATION ( #1529, #1314 ) ;
#554 = PRODUCT_DEFINITION_SHAPE ( 'NONE', 'NONE',  #236 ) ;
#555 = EXTERNAL_SOURCE (IDENTIFIER('') ) ;
#556 = DIRECTION ( 'NONE',  ( -5.132414464868715785E-11, -2.093004134914886972E-16, 1.000000000000000000 ) ) ;
#557 = IDENTIFICATION_ROLE ( 'external document id and location', $) ;
#558 = APPLICATION_PROTOCOL_DEFINITION ( 'draft international standard', 'automotive_design', 1998, #1429 ) ;
#559 = PROPERTY_DEFINITION ('document property','', #135 ) ;
#560 = CARTESIAN_POINT ( 'NONE',  ( 7.931286217797454796, 12.69415959312051889, 2.692915704762641749 ) ) ;
#561 = ROLE_ASSOCIATION ( #1137, #1456 ) ;
#562 = SHAPE_REPRESENTATION ( 'shoulder bar linkage', ( #167 ), #38 ) ;
#563 = EXTERNAL_SOURCE (IDENTIFIER('') ) ;
#564 = DOCUMENT_FILE ( '6391K172_Oil-Embedded 841 Bronze Sleeve Bearing_6391K172.STEP' , '', '', #156, '' ,$ ) ;
#565 =( NAMED_UNIT ( * ) SI_UNIT ( $, .STERADIAN. ) SOLID_ANGLE_UNIT ( ) );
#566 = EXTERNAL_SOURCE (IDENTIFIER('') ) ;
#567 = EXTERNAL_SOURCE (IDENTIFIER('') ) ;
#568 = PROPERTY_DEFINITION_REPRESENTATION ( #371, #1323 ) ;
#569 = DIRECTION ( 'NONE',  ( 0.9853507983041281948, -0.1705397439936426063, 5.057243714991375926E-11 ) ) ;
#570 = PROPERTY_DEFINITION_REPRESENTATION ( #238, #890 ) ;
#571 = APPLIED_EXTERNAL_IDENTIFICATION_ASSIGNMENT ( '6391K125_Oil-Embedded 841 Bronze Sleeve Bearing_6391K125.STEP' , #131, #1101,( #997) ) ;
#572 =( NAMED_UNIT ( * ) SI_UNIT ( $, .STERADIAN. ) SOLID_ANGLE_UNIT ( ) );
#573 = PROPERTY_DEFINITION ('external definition','', #216 ) ;
#574 = DOCUMENT_TYPE ( 'geometry' ) ;
#575 = PROPERTY_DEFINITION_REPRESENTATION ( #241, #958 ) ;
#576 =( REPRESENTATION_RELATIONSHIP ('NONE','NONE', #900, #1421 ) REPRESENTATION_RELATIONSHIP_WITH_TRANSFORMATION ( #320 )SHAPE_REPRESENTATION_RELATIONSHIP( ) );
#577 = CARTESIAN_POINT ( 'NONE',  ( -9.523091490611493626, 11.62406669441459961, 2.505415703866807675 ) ) ;
#578 = DOCUMENT_FILE ( 'socket head cap screw_am_B18.3.1M - 3 x 0.5 x 16 Hex SHCS -- 16NHX.STEP' , '', '', #1056, '' ,$ ) ;
#579 = ROLE_ASSOCIATION ( #373, #310 ) ;
#580 = DIRECTION ( 'NONE',  ( -5.132436498325126926E-11, -1.337559248699770586E-16, 1.000000000000000000 ) ) ;
#581 = DIRECTION ( 'NONE',  ( 1.000000000000000000, 0.000000000000000000, 0.000000000000000000 ) ) ;
#582 = PROPERTY_DEFINITION_REPRESENTATION ( #153, #217 ) ;
#583 = OBJECT_ROLE ('mandatory',$ ) ;
#584 = CARTESIAN_POINT ( 'NONE',  ( 4.950899621548752627, -1.987028010807599943, -2.571201787893357071 ) ) ;
#585 = CONTEXT_DEPENDENT_SHAPE_REPRESENTATION ( #576, #782 ) ;
#586 = EXTERNAL_SOURCE (IDENTIFIER('') ) ;
#587 = PRODUCT_DEFINITION_SHAPE ( 'NONE', 'NONE',  #1649 ) ;
#588 = ROLE_ASSOCIATION ( #680, #946 ) ;
#589 = DOCUMENT_TYPE ( 'geometry' ) ;
#590 = DIRECTION ( 'NONE',  ( -0.9757201939479123176, 1.165734175856414367E-15, -0.2190207823980371560 ) ) ;
#591 = PROPERTY_DEFINITION_REPRESENTATION ( #395, #1421 ) ;
#592 = DOCUMENT_TYPE ( 'geometry' ) ;
#593 =( GEOMETRIC_REPRESENTATION_CONTEXT ( 3 ) GLOBAL_UNCERTAINTY_ASSIGNED_CONTEXT ( ( #756 ) ) GLOBAL_UNIT_ASSIGNED_CONTEXT ( ( #1175, #1316, #932 ) ) REPRESENTATION_CONTEXT ( 'NONE', 'WORKASPACE' ) );
#594 = ITEM_DEFINED_TRANSFORMATION ( 'NONE', 'NONE', #13,  #1299 ) ;
#595 = IDENTIFICATION_ROLE ( 'external document id and location', $) ;
#596 = AXIS2_PLACEMENT_3D ( 'NONE', #332, #1244, #1219 ) ;
#597 =( REPRESENTATION_RELATIONSHIP ('NONE','NONE', #900, #335 ) REPRESENTATION_RELATIONSHIP_WITH_TRANSFORMATION ( #797 )SHAPE_REPRESENTATION_RELATIONSHIP( ) );
#598 = APPLIED_EXTERNAL_IDENTIFICATION_ASSIGNMENT ( 'Insert M3 D5 L5mm.STEP' , #1148, #151,( #11) ) ;
#599 = CARTESIAN_POINT ( 'NONE',  ( 10.58936151555104388, -1.987028010807566414, 3.684165704899077021 ) ) ;
#600 = PROPERTY_DEFINITION ('external definition','', #1102 ) ;
#601 = DIRECTION ( 'NONE',  ( -1.054711873393898713E-15, -1.000000000000000000, 0.000000000000000000 ) ) ;
#602 = ROLE_ASSOCIATION ( #439, #735 ) ;
#603 = DOCUMENT_TYPE ( 'geometry' ) ;
#604 =( NAMED_UNIT ( * ) SI_UNIT ( $, .STERADIAN. ) SOLID_ANGLE_UNIT ( ) );
#605 = EXTERNAL_SOURCE (IDENTIFIER('') ) ;
#606 = UNCERTAINTY_MEASURE_WITH_UNIT (LENGTH_MEASURE( 1.000000000000000082E-05 ), #1290, 'distance_accuracy_value', 'NONE');
#607 = DIRECTION ( 'NONE',  ( -5.132438889868857032E-11, -1.364909862772498147E-17, 1.000000000000000000 ) ) ;
#608 = ITEM_DEFINED_TRANSFORMATION ( 'NONE', 'NONE', #1548,  #1248 ) ;
#609 = ITEM_DEFINED_TRANSFORMATION ( 'NONE', 'NONE', #8,  #1299 ) ;
#610 = PROPERTY_DEFINITION ('document property','', #149 ) ;
#611 = PRODUCT ( 'tool holer', 'tool holer', '', ( #1445 ) ) ;
#612 = APPLICATION_CONTEXT ( 'automotive_design' ) ;
#613 = DOCUMENT_FILE ( 'straight functional bar.STEP' , '', '', #1302, '' ,$ ) ;
#614 = DOCUMENT_TYPE ( 'geometry' ) ;
#615 = DIRECTION ( 'NONE',  ( 8.670229248095018271E-17, 1.000000000000000000, -5.551115123125782702E-17 ) ) ;
#616 = DOCUMENT_FILE ( 'socket head cap screw_am_B18.3.1M - 3 x 0.5 x 16 Hex SHCS -- 16NHX.STEP' , '', '', #882, '' ,$ ) ;
#617 =( GEOMETRIC_REPRESENTATION_CONTEXT ( 3 ) GLOBAL_UNCERTAINTY_ASSIGNED_CONTEXT ( ( #1444 ) ) GLOBAL_UNIT_ASSIGNED_CONTEXT ( ( #466, #337, #604 ) ) REPRESENTATION_CONTEXT ( 'NONE', 'WORKASPACE' ) );
#618 = CONTEXT_DEPENDENT_SHAPE_REPRESENTATION ( #914, #384 ) ;
#619 = OBJECT_ROLE ('mandatory',$ ) ;
#620 =( NAMED_UNIT ( * ) SI_UNIT ( $, .STERADIAN. ) SOLID_ANGLE_UNIT ( ) );
#621 = AXIS2_PLACEMENT_3D ( 'NONE', #390, #647, #1150 ) ;
#622 = PRODUCT_DEFINITION_CONTEXT ( 'detailed design', #813, 'design' ) ;
#623 = PROPERTY_DEFINITION_REPRESENTATION ( #736, #844 ) ;
#624 = CARTESIAN_POINT ( 'NONE',  ( 6.977823409707291091, -1.987028010807620815, 6.939533197216738003 ) ) ;
#625 = PRODUCT_DEFINITION_SHAPE ( 'NONE', 'NONE',  #1645 ) ;
#626 = PROPERTY_DEFINITION_REPRESENTATION ( #1481, #335 ) ;
#627 = PRODUCT_DEFINITION_SHAPE ( 'NONE', 'NONE',  #1632 ) ;
#628 = PRODUCT_DEFINITION_SHAPE ( 'NONE', 'NONE',  #1619 ) ;
#629 = EXTERNAL_SOURCE (IDENTIFIER('') ) ;
#630 =( NAMED_UNIT ( * ) PLANE_ANGLE_UNIT ( ) SI_UNIT ( $, .RADIAN. ) );
#631 = PROPERTY_DEFINITION_REPRESENTATION ( #985, #844 ) ;
#632 = DIRECTION ( 'NONE',  ( -1.160530005428483946E-15, -1.000000000000000000, -1.110223024625156540E-16 ) ) ;
#633 = PROPERTY_DEFINITION_REPRESENTATION ( #18, #335 ) ;
#634 = ROLE_ASSOCIATION ( #895, #276 ) ;
#635 = DOCUMENT_TYPE ( 'geometry' ) ;
#636 = OBJECT_ROLE ('mandatory',$ ) ;
#637 = CONTEXT_DEPENDENT_SHAPE_REPRESENTATION ( #183, #475 ) ;
#638 = PROPERTY_DEFINITION ('document property','', #1179 ) ;
#639 = UNCERTAINTY_MEASURE_WITH_UNIT (LENGTH_MEASURE( 1.000000000000000082E-05 ), #1146, 'distance_accuracy_value', 'NONE');
#640 = CARTESIAN_POINT ( 'NONE',  ( 6.977823410195455267, -3.837028010810045409, -2.571201787789319404 ) ) ;
#641 = PROPERTY_DEFINITION ('document property','', #613 ) ;
#642 = CONTEXT_DEPENDENT_SHAPE_REPRESENTATION ( #1096, #1584 ) ;
#643 = EXTERNAL_SOURCE (IDENTIFIER('') ) ;
#644 = AXIS2_PLACEMENT_3D ( 'NONE', #1320, #180, #49 ) ;
#645 = EXTERNAL_SOURCE (IDENTIFIER('') ) ;
#646 = APPLIED_EXTERNAL_IDENTIFICATION_ASSIGNMENT ( 'angular push bar linkage.STEP' , #845, #445,( #1230) ) ;
#647 = DIRECTION ( 'NONE',  ( 5.898059818321144121E-17, 1.000000000000000000, -5.551115123125782702E-17 ) ) ;
#648 = ROLE_ASSOCIATION ( #405, #891 ) ;
#649 = APPLIED_EXTERNAL_IDENTIFICATION_ASSIGNMENT ( 'socket head cap screw_am_B18.3.1M - 3 x 0.5 x 16 Hex SHCS -- 16NHX.STEP' , #1395, #1415,( #216) ) ;
#650 = PROPERTY_DEFINITION ('document property','', #1118 ) ;
#651 = APPLIED_EXTERNAL_IDENTIFICATION_ASSIGNMENT ( '6391K172_Oil-Embedded 841 Bronze Sleeve Bearing_6391K172.STEP' , #816, #58,( #1102) ) ;
#652 = DOCUMENT_FILE ( '6391K125_Oil-Embedded 841 Bronze Sleeve Bearing_6391K125.STEP' , '', '', #925, '' ,$ ) ;
#653 = PROPERTY_DEFINITION ('document property','', #1212 ) ;
#654 = PRODUCT_DEFINITION_SHAPE ( 'NONE', 'NONE',  #1119 ) ;
#655 = ITEM_DEFINED_TRANSFORMATION ( 'NONE', 'NONE', #1243,  #1299 ) ;
#656 = SHAPE_DEFINITION_REPRESENTATION ( #542, #728 ) ;
#657 = ITEM_DEFINED_TRANSFORMATION ( 'NONE', 'NONE', #885,  #375 ) ;
#658 =( REPRESENTATION_RELATIONSHIP ('NONE','NONE', #900, #890 ) REPRESENTATION_RELATIONSHIP_WITH_TRANSFORMATION ( #1285 )SHAPE_REPRESENTATION_RELATIONSHIP( ) );
#659 = DIRECTION ( 'NONE',  ( -5.132434106781232676E-11, -2.538627505809742104E-16, 1.000000000000000000 ) ) ;
#660 = APPLIED_DOCUMENT_REFERENCE ( #1179,'',( #189) ) ;
#661 = OBJECT_ROLE ('mandatory',$ ) ;
#662 = DIRECTION ( 'NONE',  ( 0.000000000000000000, 0.000000000000000000, 1.000000000000000000 ) ) ;
#663 = PRODUCT_DEFINITION_SHAPE ( 'NONE', 'NONE',  #1656 ) ;
#664 = PRODUCT_CONTEXT ( 'NONE', #1483, 'mechanical' ) ;
#665 = DOCUMENT_FILE ( 'Insert M3 D5 L5mm.STEP' , '', '', #164, '' ,$ ) ;
#666 = IDENTIFICATION_ROLE ( 'external document id and location', $) ;
#667 = DIRECTION ( 'NONE',  ( 0.9853507983041281948, -0.1705397439936423565, 5.057241886826302837E-11 ) ) ;
#668 = PROPERTY_DEFINITION ('external definition','', #311 ) ;
#669 = IDENTIFICATION_ROLE ( 'external document id and location', $) ;
#670 = DIRECTION ( 'NONE',  ( 1.000000000000000000, 0.000000000000000000, 0.000000000000000000 ) ) ;
#671 = DIRECTION ( 'NONE',  ( 0.000000000000000000, 0.000000000000000000, 1.000000000000000000 ) ) ;
#672 = PROPERTY_DEFINITION_REPRESENTATION ( #1611, #335 ) ;
#673 = AXIS2_PLACEMENT_3D ( 'NONE', #1425, #381, #265 ) ;
#674 = CARTESIAN_POINT ( 'NONE',  ( 2.543813088937071587, 12.01801040001413590, 4.657915704486134345 ) ) ;
#675 = IDENTIFICATION_ROLE ( 'external document id and location', $) ;
#676 = APPLIED_EXTERNAL_IDENTIFICATION_ASSIGNMENT ( 'socket head cap screw_am_B18.3.1M - 3 x 0.5 x 16 Hex SHCS -- 16NHX.STEP' , #549, #605,( #616) ) ;
#677 = PROPERTY_DEFINITION ('document property','', #1547 ) ;
#678 = APPLICATION_CONTEXT ( 'automotive_design' ) ;
#679 = APPLIED_EXTERNAL_IDENTIFICATION_ASSIGNMENT ( 'servo-motor_sts3215-v10-PART.STEP' , #1229, #1029,( #37) ) ;
#680 = OBJECT_ROLE ('mandatory',$ ) ;
#681 = IDENTIFICATION_ROLE ( 'external document id and location', $) ;
#682 = PRODUCT_CONTEXT ( 'NONE', #1045, 'mechanical' ) ;
#683 = PRODUCT ( 'servo-motor_sts3215-v10-PART', 'servo-motor_sts3215-v10-PART', '', ( #152 ) ) ;
#684 = PRODUCT_RELATED_PRODUCT_CATEGORY ( 'part', '', ( #1047 ) ) ;
#685 = DIRECTION ( 'NONE',  ( 0.9998835336016552722, -0.01526169165812463722, 5.131841112365796719E-11 ) ) ;
#686 = APPLIED_DOCUMENT_REFERENCE ( #292,'',( #1417) ) ;
#687 = APPLIED_DOCUMENT_REFERENCE ( #149,'',( #189) ) ;
#688 =( NAMED_UNIT ( * ) SI_UNIT ( $, .STERADIAN. ) SOLID_ANGLE_UNIT ( ) );
#689 = DOCUMENT_TYPE ( 'geometry' ) ;
#690 = DOCUMENT_FILE ( 'robot base.STEP' , '', '', #357, '' ,$ ) ;
#691 = PROPERTY_DEFINITION_REPRESENTATION ( #278, #335 ) ;
#692 = PRODUCT_DEFINITION_SHAPE ( 'NONE', 'NONE',  #1671 ) ;
#693 = OBJECT_ROLE ('mandatory',$ ) ;
#694 = CARTESIAN_POINT ( 'NONE',  ( 2.543813089083729828, 12.01801040001413590, 1.800415704486133306 ) ) ;
#695 = ITEM_DEFINED_TRANSFORMATION ( 'NONE', 'NONE', #464,  #1248 ) ;
#696 = CONTEXT_DEPENDENT_SHAPE_REPRESENTATION ( #211, #398 ) ;
#697 =( NAMED_UNIT ( * ) SI_UNIT ( $, .STERADIAN. ) SOLID_ANGLE_UNIT ( ) );
#698 = IDENTIFICATION_ROLE ( 'external document id and location', $) ;
#699 = AXIS2_PLACEMENT_3D ( 'NONE', #674, #1588, #930 ) ;
#700 = DIRECTION ( 'NONE',  ( -5.132414464868715785E-11, -2.093004134914886972E-16, 1.000000000000000000 ) ) ;
#701 = PRODUCT_DEFINITION_FORMATION_WITH_SPECIFIED_SOURCE ( 'Symmetric', '', #683, .NOT_KNOWN. ) ;
#702 = DOCUMENT_TYPE ( 'geometry' ) ;
#703 = DOCUMENT_FILE ( '6391K172_Oil-Embedded 841 Bronze Sleeve Bearing_6391K172.STEP' , '', '', #1007, '' ,$ ) ;
#704 = ROLE_ASSOCIATION ( #939, #1480 ) ;
#705 = APPLIED_EXTERNAL_IDENTIFICATION_ASSIGNMENT ( '6391K172_Oil-Embedded 841 Bronze Sleeve Bearing_6391K172.STEP' , #557, #840,( #1461) ) ;
#706 = OBJECT_ROLE ('mandatory',$ ) ;
#707 = PRODUCT_RELATED_PRODUCT_CATEGORY ( 'part', '', ( #683 ) ) ;
#708 = PROPERTY_DEFINITION ('document property','', #1083 ) ;
#709 = PROPERTY_DEFINITION_REPRESENTATION ( #1407, #454 ) ;
#710 = DIRECTION ( 'NONE',  ( 0.9855684960582078435, -0.1692771088409842362, 5.058342462311164683E-11 ) ) ;
#711 = APPLIED_DOCUMENT_REFERENCE ( #951,'',( #824) ) ;
#712 = PROPERTY_DEFINITION_REPRESENTATION ( #136, #890 ) ;
#713 = DIRECTION ( 'NONE',  ( 1.000000000000000000, 0.000000000000000000, 0.000000000000000000 ) ) ;
#714 = CARTESIAN_POINT ( 'NONE',  ( 0.000000000000000000, 0.000000000000000000, 0.000000000000000000 ) ) ;
#715 = DOCUMENT_TYPE ( 'geometry' ) ;
#716 = PROPERTY_DEFINITION_REPRESENTATION ( #1064, #454 ) ;
#717 = DIRECTION ( 'NONE',  ( -0.9754834666692010492, -0.2200727294669606871, -5.006575208063337703E-11 ) ) ;
#718 = PRODUCT_DEFINITION_SHAPE ( 'NONE', 'NONE',  #1635 ) ;
#719 = IDENTIFICATION_ROLE ( 'external document id and location', $) ;
#720 = ITEM_DEFINED_TRANSFORMATION ( 'NONE', 'NONE', #1054,  #167 ) ;
#721 =( REPRESENTATION_RELATIONSHIP ('NONE','NONE', #900, #1421 ) REPRESENTATION_RELATIONSHIP_WITH_TRANSFORMATION ( #57 )SHAPE_REPRESENTATION_RELATIONSHIP( ) );
#722 = PROPERTY_DEFINITION ('document property','', #520 ) ;
#723 = DIRECTION ( 'NONE',  ( -0.08912824275074091029, 1.665334536937734811E-16, -0.9960201586033111676 ) ) ;
#724 = ITEM_DEFINED_TRANSFORMATION ( 'NONE', 'NONE', #1246,  #1248 ) ;
#725 = AXIS2_PLACEMENT_3D ( 'NONE', #1352, #224, #1107 ) ;
#726 = DOCUMENT_FILE ( '6391K172_Oil-Embedded 841 Bronze Sleeve Bearing_6391K172.STEP' , '', '', #880, '' ,$ ) ;
#727 = AXIS2_PLACEMENT_3D ( 'NONE', #1494, #590, #632 ) ;
#728 = SHAPE_REPRESENTATION ( 'base bearing assembly', ( #543 ), #297 ) ;
#729 = APPLIED_EXTERNAL_IDENTIFICATION_ASSIGNMENT ( '6391K172_Oil-Embedded 841 Bronze Sleeve Bearing_6391K172.STEP' , #479, #364,( #883) ) ;
#730 = EXTERNAL_SOURCE (IDENTIFIER('') ) ;
#731 = CONTEXT_DEPENDENT_SHAPE_REPRESENTATION ( #1016, #386 ) ;
#732 = PROPERTY_DEFINITION ('document property','', #883 ) ;
#733 = IDENTIFICATION_ROLE ( 'external document id and location', $) ;
#734 = DIRECTION ( 'NONE',  ( -0.8197208195218114168, -0.5727632827289909079, -4.207137250293773570E-11 ) ) ;
#735 = APPLIED_DOCUMENT_REFERENCE ( #451,'',( #824) ) ;
#736 = PROPERTY_DEFINITION ('document property','', #1271 ) ;
#737 = ITEM_DEFINED_TRANSFORMATION ( 'NONE', 'NONE', #1194,  #1299 ) ;
#738 = IDENTIFICATION_ROLE ( 'external document id and location', $) ;
#739 = PROPERTY_DEFINITION_REPRESENTATION ( #1394, #844 ) ;
#740 = DIRECTION ( 'NONE',  ( -0.7626782393287354633, 1.387778780781445676E-16, -0.6467780942907856989 ) ) ;
#741 = ITEM_DEFINED_TRANSFORMATION ( 'NONE', 'NONE', #272,  #884 ) ;
#742 = IDENTIFICATION_ROLE ( 'external document id and location', $) ;
#743 = PROPERTY_DEFINITION ('document property','', #438 ) ;
#744 = CONTEXT_DEPENDENT_SHAPE_REPRESENTATION ( #139, #470 ) ;
#745 =( REPRESENTATION_RELATIONSHIP ('NONE','NONE', #900, #335 ) REPRESENTATION_RELATIONSHIP_WITH_TRANSFORMATION ( #1298 )SHAPE_REPRESENTATION_RELATIONSHIP( ) );
#746 = PROPERTY_DEFINITION ('external definition','', #191 ) ;
#747 = ITEM_DEFINED_TRANSFORMATION ( 'NONE', 'NONE', #1276,  #1160 ) ;
#748 = DIRECTION ( 'NONE',  ( -0.8930496137629437836, 8.326672684688674053E-17, -0.4499582062345975908 ) ) ;
#749 = ITEM_DEFINED_TRANSFORMATION ( 'NONE', 'NONE', #857,  #1299 ) ;
#750 = DOCUMENT_TYPE ( 'geometry' ) ;
#751 = DIRECTION ( 'NONE',  ( 0.000000000000000000, 0.000000000000000000, 1.000000000000000000 ) ) ;
#752 = AXIS2_PLACEMENT_3D ( 'NONE', #577, #607, #1360 ) ;
#753 = DOCUMENT_TYPE ( 'geometry' ) ;
#754 = PROPERTY_DEFINITION_REPRESENTATION ( #573, #1421 ) ;
#755 = CARTESIAN_POINT ( 'NONE',  ( 2.352823410118455527, -1.987028010808475464, -1.071201788026706625 ) ) ;
#756 = UNCERTAINTY_MEASURE_WITH_UNIT (LENGTH_MEASURE( 1.000000000000000082E-05 ), #1175, 'distance_accuracy_value', 'NONE');
#757 = DIRECTION ( 'NONE',  ( -0.6053179655338214449, -2.775557561562891351E-17, -0.7959837690568792867 ) ) ;
#758 = PROPERTY_DEFINITION ('external definition','', #902 ) ;
#759 = APPLIED_DOCUMENT_REFERENCE ( #902,'',( #189) ) ;
#760 = OBJECT_ROLE ('mandatory',$ ) ;
#761 = PRODUCT_RELATED_PRODUCT_CATEGORY ( 'part', '', ( #1174 ) ) ;
#762 = EXTERNAL_SOURCE (IDENTIFIER('') ) ;
#763 = DIRECTION ( 'NONE',  ( 8.153200337090993344E-17, 1.000000000000000000, 0.000000000000000000 ) ) ;
#764 = CONTEXT_DEPENDENT_SHAPE_REPRESENTATION ( #1237, #427 ) ;
#765 =( REPRESENTATION_RELATIONSHIP ('NONE','NONE', #900, #335 ) REPRESENTATION_RELATIONSHIP_WITH_TRANSFORMATION ( #54 )SHAPE_REPRESENTATION_RELATIONSHIP( ) );
#766 = ITEM_DEFINED_TRANSFORMATION ( 'NONE', 'NONE', #1168,  #1299 ) ;
#767 = PROPERTY_DEFINITION ('external definition','', #973 ) ;
#768 = PROPERTY_DEFINITION_REPRESENTATION ( #928, #890 ) ;
#769 = PROPERTY_DEFINITION ('external definition','', #92 ) ;
#770 = UNCERTAINTY_MEASURE_WITH_UNIT (LENGTH_MEASURE( 1.000000000000000082E-05 ), #116, 'distance_accuracy_value', 'NONE');
#771 = PRODUCT_DEFINITION_SHAPE ( 'NONE', 'NONE',  #1289 ) ;
#772 = DOCUMENT_FILE ( 'Insert M3 D5 L5mm.STEP' , '', '', #493, '' ,$ ) ;
#773 = IDENTIFICATION_ROLE ( 'external document id and location', $) ;
#774 = CONTEXT_DEPENDENT_SHAPE_REPRESENTATION ( #1262, #837 ) ;
#775 =( REPRESENTATION_RELATIONSHIP ('NONE','NONE', #900, #335 ) REPRESENTATION_RELATIONSHIP_WITH_TRANSFORMATION ( #741 )SHAPE_REPRESENTATION_RELATIONSHIP( ) );
#776 = PROPERTY_DEFINITION_REPRESENTATION ( #743, #890 ) ;
#777 = AXIS2_PLACEMENT_3D ( 'NONE', #1238, #444, #1478 ) ;
#778 = OBJECT_ROLE ('mandatory',$ ) ;
#779 = SHAPE_DEFINITION_REPRESENTATION ( #554, #844 ) ;
#780 = ROLE_ASSOCIATION ( #966, #1595 ) ;
#781 = APPLIED_EXTERNAL_IDENTIFICATION_ASSIGNMENT ( 'socket head cap screw_am_B18.3.1M - 3 x 0.5 x 16 Hex SHCS -- 16NHX.STEP' , #669, #244,( #541) ) ;
#782 = PRODUCT_DEFINITION_SHAPE ( 'NONE', 'NONE',  #1657 ) ;
#783 = APPLICATION_CONTEXT ( 'automotive_design' ) ;
#784 = CARTESIAN_POINT ( 'NONE',  ( 1.942450641748833640, 13.42963865585907435, 4.059165704455527823 ) ) ;
#785 = PROPERTY_DEFINITION_REPRESENTATION ( #1293, #890 ) ;
#786 =( REPRESENTATION_RELATIONSHIP ('NONE','NONE', #900, #890 ) REPRESENTATION_RELATIONSHIP_WITH_TRANSFORMATION ( #749 )SHAPE_REPRESENTATION_RELATIONSHIP( ) );
#787 = PRODUCT_DEFINITION_SHAPE ( 'NONE', 'NONE',  #99 ) ;
#788 = IDENTIFICATION_ROLE ( 'external document id and location', $) ;
#789 = PRODUCT_DEFINITION_CONTEXT ( 'detailed design', #1429, 'design' ) ;
#790 = SHAPE_DEFINITION_REPRESENTATION ( #267, #335 ) ;
#791 = DOCUMENT_FILE ( 'Insert M3 D5 L5mm.STEP' , '', '', #589, '' ,$ ) ;
#792 = CARTESIAN_POINT ( 'NONE',  ( -4.570637902031344346, -6.048950398453417421, 6.059165704120982987 ) ) ;
#793 = IDENTIFICATION_ROLE ( 'external document id and location', $) ;
#794 = PROPERTY_DEFINITION ('document property','', #1075 ) ;
#795 =( REPRESENTATION_RELATIONSHIP ('NONE','NONE', #900, #335 ) REPRESENTATION_RELATIONSHIP_WITH_TRANSFORMATION ( #1434 )SHAPE_REPRESENTATION_RELATIONSHIP( ) );
#796 = SHAPE_DEFINITION_REPRESENTATION ( #501, #1421 ) ;
#797 = ITEM_DEFINED_TRANSFORMATION ( 'NONE', 'NONE', #246,  #884 ) ;
#798 = DIRECTION ( 'NONE',  ( 0.8547598171035282189, -0.5190237519277349776, 4.386970786102102859E-11 ) ) ;
#799 = PRODUCT ( 'angular push bar coupling', 'angular push bar coupling', '', ( #811 ) ) ;
#800 =( GEOMETRIC_REPRESENTATION_CONTEXT ( 3 ) GLOBAL_UNCERTAINTY_ASSIGNED_CONTEXT ( ( #27 ) ) GLOBAL_UNIT_ASSIGNED_CONTEXT ( ( #1373, #219, #1294 ) ) REPRESENTATION_CONTEXT ( 'NONE', 'WORKASPACE' ) );
#801 = DOCUMENT_TYPE ( 'geometry' ) ;
#802 = AXIS2_PLACEMENT_3D ( 'NONE', #187, #154, #65 ) ;
#803 = PRODUCT_CONTEXT ( 'NONE', #250, 'mechanical' ) ;
#804 = AXIS2_PLACEMENT_3D ( 'NONE', #1559, #142, #748 ) ;
#805 = DOCUMENT_TYPE ( 'geometry' ) ;
#806 = DIRECTION ( 'NONE',  ( 5.132436498325146313E-11, 1.337559248364030399E-16, -1.000000000000000000 ) ) ;
#807 = APPLIED_EXTERNAL_IDENTIFICATION_ASSIGNMENT ( 'Insert M3 D5 L5mm.STEP' , #1602, #976,( #1561) ) ;
#808 = PRODUCT_DEFINITION_SHAPE ( 'NONE', 'NONE',  #1669 ) ;
#809 = ROLE_ASSOCIATION ( #1123, #1037 ) ;
#810 = DIRECTION ( 'NONE',  ( 0.000000000000000000, 0.000000000000000000, 1.000000000000000000 ) ) ;
#811 = PRODUCT_CONTEXT ( 'NONE', #959, 'mechanical' ) ;
#812 = PROPERTY_DEFINITION_REPRESENTATION ( #559, #335 ) ;
#813 = APPLICATION_CONTEXT ( 'automotive_design' ) ;
#814 = CARTESIAN_POINT ( 'NONE',  ( 2.543813088985957815, 12.01801040001413590, 3.705415704486134221 ) ) ;
#815 = DOCUMENT_FILE ( '6391K172_Oil-Embedded 841 Bronze Sleeve Bearing_6391K172.STEP' , '', '', #1103, '' ,$ ) ;
#816 = IDENTIFICATION_ROLE ( 'external document id and location', $) ;
#817 = PROPERTY_DEFINITION_REPRESENTATION ( #1570, #890 ) ;
#818 = DIRECTION ( 'NONE',  ( 0.000000000000000000, 0.000000000000000000, 1.000000000000000000 ) ) ;
#819 = DOCUMENT_TYPE ( 'geometry' ) ;
#820 = APPLIED_DOCUMENT_REFERENCE ( #690,'',( #385) ) ;
#821 = PROPERTY_DEFINITION ('external definition','', #451 ) ;
#822 = DIRECTION ( 'NONE',  ( -5.132424031044362577E-11, 2.210981061970854826E-16, 1.000000000000000000 ) ) ;
#823 = ROLE_ASSOCIATION ( #223, #1347 ) ;
#824 = PRODUCT_DEFINITION ( 'General', '', #1383, #239 ) ;
#825 = DOCUMENT_FILE ( '6391K172_Oil-Embedded 841 Bronze Sleeve Bearing_6391K172.STEP' , '', '', #801, '' ,$ ) ;
#826 =( REPRESENTATION_RELATIONSHIP ('NONE','NONE', #900, #890 ) REPRESENTATION_RELATIONSHIP_WITH_TRANSFORMATION ( #1495 )SHAPE_REPRESENTATION_RELATIONSHIP( ) );
#827 = DIRECTION ( 'NONE',  ( 0.9994675245438189304, 0.03262924121476031697, 5.129706036665370253E-11 ) ) ;
#828 = DOCUMENT_TYPE ( 'geometry' ) ;
#829 = PROPERTY_DEFINITION_REPRESENTATION ( #1420, #1368 ) ;
#830 = DIRECTION ( 'NONE',  ( -0.8327898534501261274, -0.5535892520547317508, -4.274213759572532981E-11 ) ) ;
#831 = ROLE_ASSOCIATION ( #1477, #711 ) ;
#832 = AXIS2_PLACEMENT_3D ( 'NONE', #209, #1507, #197 ) ;
#833 = DOCUMENT_FILE ( '6391K172_Oil-Embedded 841 Bronze Sleeve Bearing_6391K172.STEP' , '', '', #847, '' ,$ ) ;
#834 =( LENGTH_UNIT ( ) NAMED_UNIT ( * ) SI_UNIT ( .CENTI., .METRE. ) );
#835 = APPLIED_EXTERNAL_IDENTIFICATION_ASSIGNMENT ( 'socket head cap screw_am_B18.3.1M - 3 x 0.5 x 16 Hex SHCS -- 16NHX.STEP' , #1504, #473,( #1118) ) ;
#836 = ITEM_DEFINED_TRANSFORMATION ( 'NONE', 'NONE', #1162,  #1023 ) ;
#837 = PRODUCT_DEFINITION_SHAPE ( 'NONE', 'NONE',  #1648 ) ;
#838 =( REPRESENTATION_RELATIONSHIP ('NONE','NONE', #900, #844 ) REPRESENTATION_RELATIONSHIP_WITH_TRANSFORMATION ( #1280 )SHAPE_REPRESENTATION_RELATIONSHIP( ) );
#839 = CONTEXT_DEPENDENT_SHAPE_REPRESENTATION ( #994, #1009 ) ;
#840 = EXTERNAL_SOURCE (IDENTIFIER('') ) ;
#841 = DIRECTION ( 'NONE',  ( -0.8256668586367602591, 1.028721319267799068E-15, -0.5641579907693446971 ) ) ;
#842 = PROPERTY_DEFINITION ('external definition','', #256 ) ;
#843 = PROPERTY_DEFINITION_REPRESENTATION ( #1113, #890 ) ;
#844 = SHAPE_REPRESENTATION ( '6391K125_Oil-Embedded 841 Bronze Sleeve Bearing_6391K125', ( #1160 ), #593 ) ;
#845 = IDENTIFICATION_ROLE ( 'external document id and location', $) ;
#846 = ROLE_ASSOCIATION ( #1112, #1374 ) ;
#847 = DOCUMENT_TYPE ( 'geometry' ) ;
#848 = DIRECTION ( 'NONE',  ( -0.3017477858380616662, 5.551115123125782702E-16, -0.9533877877033181125 ) ) ;
#849 = CONTEXT_DEPENDENT_SHAPE_REPRESENTATION ( #184, #551 ) ;
#850 = PRODUCT_DEFINITION_SHAPE ( 'NONE', 'NONE',  #1639 ) ;
#851 = DOCUMENT_TYPE ( 'geometry' ) ;
#852 = PROPERTY_DEFINITION_REPRESENTATION ( #1590, #562 ) ;
#853 = UNCERTAINTY_MEASURE_WITH_UNIT (LENGTH_MEASURE( 1.000000000000000082E-05 ), #1387, 'distance_accuracy_value', 'NONE');
#854 = CARTESIAN_POINT ( 'NONE',  ( 4.950899621060593780, -1.987028010807620149, 6.939533197112702112 ) ) ;
#855 = AXIS2_PLACEMENT_3D ( 'NONE', #1596, #1196, #1086 ) ;
#856 = EXTERNAL_SOURCE (IDENTIFIER('') ) ;
#857 = AXIS2_PLACEMENT_3D ( 'NONE', #341, #203, #830 ) ;
#858 = ROLE_ASSOCIATION ( #1411, #993 ) ;
#859 =( REPRESENTATION_RELATIONSHIP ('NONE','NONE', #900, #335 ) REPRESENTATION_RELATIONSHIP_WITH_TRANSFORMATION ( #1010 )SHAPE_REPRESENTATION_RELATIONSHIP( ) );
#860 = APPLIED_EXTERNAL_IDENTIFICATION_ASSIGNMENT ( '6391K172_Oil-Embedded 841 Bronze Sleeve Bearing_6391K172.STEP' , #1173, #962,( #1300) ) ;
#861 = PROPERTY_DEFINITION_REPRESENTATION ( #1253, #844 ) ;
#862 =( LENGTH_UNIT ( ) NAMED_UNIT ( * ) SI_UNIT ( .CENTI., .METRE. ) );
#863 = PROPERTY_DEFINITION ('document property','', #84 ) ;
#864 = DIRECTION ( 'NONE',  ( -0.7626782393287354633, 1.387778780781445676E-16, -0.6467780942907856989 ) ) ;
#865 = PRODUCT_DEFINITION_SHAPE ( 'NONE', 'NONE',  #1614 ) ;
#866 = PROPERTY_DEFINITION_REPRESENTATION ( #650, #1421 ) ;
#867 = APPLIED_DOCUMENT_REFERENCE ( #726,'',( #189) ) ;
#868 = APPLICATION_CONTEXT ( 'automotive_design' ) ;
#869 =( REPRESENTATION_RELATIONSHIP ('NONE','NONE', #900, #1421 ) REPRESENTATION_RELATIONSHIP_WITH_TRANSFORMATION ( #1321 )SHAPE_REPRESENTATION_RELATIONSHIP( ) );
#870 = PROPERTY_DEFINITION_REPRESENTATION ( #207, #1551 ) ;
#871 =( REPRESENTATION_RELATIONSHIP ('NONE','NONE', #900, #335 ) REPRESENTATION_RELATIONSHIP_WITH_TRANSFORMATION ( #919 )SHAPE_REPRESENTATION_RELATIONSHIP( ) );
#872 = DIRECTION ( 'NONE',  ( 8.716985466783455649E-17, 1.000000000000000222, -5.551115123125782702E-17 ) ) ;
#873 = ROLE_ASSOCIATION ( #661, #259 ) ;
#874 = APPLIED_DOCUMENT_REFERENCE ( #1300,'',( #189) ) ;
#875 = PRODUCT_DEFINITION ( 'General', '', #221, #269 ) ;
#876 = PROPERTY_DEFINITION ('document property','', #292 ) ;
#877 =( NAMED_UNIT ( * ) SI_UNIT ( $, .STERADIAN. ) SOLID_ANGLE_UNIT ( ) );
#878 = PROPERTY_DEFINITION ('document property','', #1085 ) ;
#879 = PROPERTY_DEFINITION_REPRESENTATION ( #896, #1314 ) ;
#880 = DOCUMENT_TYPE ( 'geometry' ) ;
#881 = DIRECTION ( 'NONE',  ( -0.9427187013914963831, 6.938893903907227145E-17, 0.3335887438849378661 ) ) ;
#882 = DOCUMENT_TYPE ( 'geometry' ) ;
#883 = DOCUMENT_FILE ( '6391K172_Oil-Embedded 841 Bronze Sleeve Bearing_6391K172.STEP' , '', '', #574, '' ,$ ) ;
#884 = AXIS2_PLACEMENT_3D ( 'NONE', #1572, #912, #713 ) ;
#885 = AXIS2_PLACEMENT_3D ( 'NONE', #889, #1143, #497 ) ;
#886 = APPLIED_EXTERNAL_IDENTIFICATION_ASSIGNMENT ( '6391K172_Oil-Embedded 841 Bronze Sleeve Bearing_6391K172.STEP' , #1202, #566,( #703) ) ;
#887 = PROPERTY_DEFINITION_REPRESENTATION ( #1560, #1551 ) ;
#888 = APPLIED_EXTERNAL_IDENTIFICATION_ASSIGNMENT ( 'socket head cap screw_am_B18.3.1M - 3 x 0.5 x 16 Hex SHCS -- 16NHX.STEP' , #504, #161,( #578) ) ;
#889 = CARTESIAN_POINT ( 'NONE',  ( 15.96436151562801697, -3.677028010807587677, 2.184165704661780172 ) ) ;
#890 = SHAPE_REPRESENTATION ( '6391K172_Oil-Embedded 841 Bronze Sleeve Bearing_6391K172', ( #1299 ), #970 ) ;
#891 = APPLIED_DOCUMENT_REFERENCE ( #1561,'',( #897) ) ;
#892 = IDENTIFICATION_ROLE ( 'external document id and location', $) ;
#893 = PRODUCT_DEFINITION_SHAPE ( 'NONE', 'NONE',  #1630 ) ;
#894 = APPLIED_DOCUMENT_REFERENCE ( #73,'',( #189) ) ;
#895 = OBJECT_ROLE ('mandatory',$ ) ;
#896 = PROPERTY_DEFINITION ('external definition','', #613 ) ;
#897 = PRODUCT_DEFINITION ( 'General', '', #14, #1545 ) ;
#898 = DIRECTION ( 'NONE',  ( -0.9088846420359946165, 9.714451465470119729E-17, 0.4170476081589511441 ) ) ;
#899 = PROPERTY_DEFINITION_REPRESENTATION ( #290, #335 ) ;
#900 = SHAPE_REPRESENTATION ( 'the john v2', ( #1026, #1464, #1054, #67, #1162, #432, #644, #1437, #855, #1490, #1216, #1001, #1276, #488, #802, #322, #407, #414, #41, #913, #1243, #699, #1354, #1410, #1194, #170, #725, #13, #8, #941, #200, #832, #752, #1109, #42, #857, #1168, #596, #777, #464, #1081, #974, #1412, #119, #299, #351, #727, #143, #1548, #1246, #1303, #272, #1164, #1605, #1135, #1356, #804, #621, #1055, #246, #377, #1190, #673, #885 ), #1002 ) ;
#901 = APPLICATION_CONTEXT ( 'automotive_design' ) ;
#902 = DOCUMENT_FILE ( '6391K172_Oil-Embedded 841 Bronze Sleeve Bearing_6391K172.STEP' , '', '', #929, '' ,$ ) ;
#903 = PROPERTY_DEFINITION ('external definition','', #1171 ) ;
#904 =( LENGTH_UNIT ( ) NAMED_UNIT ( * ) SI_UNIT ( .CENTI., .METRE. ) );
#905 = PROPERTY_DEFINITION_REPRESENTATION ( #1472, #844 ) ;
#906 = PROPERTY_DEFINITION ('document property','', #1068 ) ;
#907 = APPLICATION_PROTOCOL_DEFINITION ( 'draft international standard', 'automotive_design', 1998, #1607 ) ;
#908 = PRODUCT_DEFINITION_SHAPE ( 'NONE', 'NONE',  #1204 ) ;
#909 = PROPERTY_DEFINITION_REPRESENTATION ( #1070, #335 ) ;
#910 = DIRECTION ( 'NONE',  ( -5.132419247956535304E-11, -1.911554535176573107E-17, 0.9999999999999997780 ) ) ;
#911 = ITEM_DEFINED_TRANSFORMATION ( 'NONE', 'NONE', #42,  #1299 ) ;
#912 = DIRECTION ( 'NONE',  ( 0.000000000000000000, 0.000000000000000000, 1.000000000000000000 ) ) ;
#913 = AXIS2_PLACEMENT_3D ( 'NONE', #560, #910, #1203 ) ;
#914 =( REPRESENTATION_RELATIONSHIP ('NONE','NONE', #900, #890 ) REPRESENTATION_RELATIONSHIP_WITH_TRANSFORMATION ( #737 )SHAPE_REPRESENTATION_RELATIONSHIP( ) );
#915 = CONTEXT_DEPENDENT_SHAPE_REPRESENTATION ( #433, #893 ) ;
#916 = APPLIED_EXTERNAL_IDENTIFICATION_ASSIGNMENT ( '6391K172_Oil-Embedded 841 Bronze Sleeve Bearing_6391K172.STEP' , #261, #856,( #438) ) ;
#917 = OBJECT_ROLE ('mandatory',$ ) ;
#918 = APPLICATION_PROTOCOL_DEFINITION ( 'draft international standard', 'automotive_design', 1998, #1288 ) ;
#919 = ITEM_DEFINED_TRANSFORMATION ( 'NONE', 'NONE', #1190,  #884 ) ;
#920 = APPLIED_EXTERNAL_IDENTIFICATION_ASSIGNMENT ( '6391K172_Oil-Embedded 841 Bronze Sleeve Bearing_6391K172.STEP' , #378, #1018,( #1179) ) ;
#921 = PROPERTY_DEFINITION ('document property','', #541 ) ;
#922 = APPLIED_EXTERNAL_IDENTIFICATION_ASSIGNMENT ( 'Insert M3 D5 L5mm.STEP' , #93, #206,( #1171) ) ;
#923 = DIRECTION ( 'NONE',  ( -0.9566390511018004750, -0.2912760304368469111, -4.909868716765305881E-11 ) ) ;
#924 = APPLIED_DOCUMENT_REFERENCE ( #541,'',( #824) ) ;
#925 = DOCUMENT_TYPE ( 'geometry' ) ;
#926 = APPLICATION_PROTOCOL_DEFINITION ( 'draft international standard', 'automotive_design', 1998, #250 ) ;
#927 = APPLIED_DOCUMENT_REFERENCE ( #135,'',( #897) ) ;
#928 = PROPERTY_DEFINITION ('external definition','', #825 ) ;
#929 = DOCUMENT_TYPE ( 'geometry' ) ;
#930 = DIRECTION ( 'NONE',  ( 0.2448103761189187044, -0.9695709771566564106, 1.256446408542533116E-11 ) ) ;
#931 = PROPERTY_DEFINITION_REPRESENTATION ( #252, #890 ) ;
#932 =( NAMED_UNIT ( * ) SI_UNIT ( $, .STERADIAN. ) SOLID_ANGLE_UNIT ( ) );
#933 = PRODUCT_DEFINITION_SHAPE ( 'NONE', 'NONE',  #1665 ) ;
#934 = CARTESIAN_POINT ( 'NONE',  ( 0.000000000000000000, 0.000000000000000000, 0.000000000000000000 ) ) ;
#935 = APPLICATION_CONTEXT ( 'automotive_design' ) ;
#936 = CARTESIAN_POINT ( 'NONE',  ( -1.785489579073271216, 15.98851720365607676, 5.582915704263934131 ) ) ;
#937 = PROPERTY_DEFINITION_REPRESENTATION ( #1309, #1421 ) ;
#938 = PRODUCT_DEFINITION_SHAPE ( 'NONE', 'NONE',  #875 ) ;
#939 = OBJECT_ROLE ('mandatory',$ ) ;
#940 = OBJECT_ROLE ('mandatory',$ ) ;
#941 = AXIS2_PLACEMENT_3D ( 'NONE', #478, #1095, #734 ) ;
#942 = SHAPE_DEFINITION_REPRESENTATION ( #654, #217 ) ;
#943 = PROPERTY_DEFINITION_REPRESENTATION ( #376, #1257 ) ;
#944 = PRODUCT_DEFINITION_FORMATION_WITH_SPECIFIED_SOURCE ( 'Symmetric', '', #1047, .NOT_KNOWN. ) ;
#945 = CARTESIAN_POINT ( 'NONE',  ( 2.543813089034843600, 12.01801040001413590, 2.752915704486133208 ) ) ;
#946 = APPLIED_DOCUMENT_REFERENCE ( #703,'',( #189) ) ;
#947 = ITEM_DEFINED_TRANSFORMATION ( 'NONE', 'NONE', #596,  #1299 ) ;
#948 = PROPERTY_DEFINITION ('document property','', #825 ) ;
#949 = PROPERTY_DEFINITION ('document property','', #11 ) ;
#950 = CONTEXT_DEPENDENT_SHAPE_REPRESENTATION ( #1422, #495 ) ;
#951 = DOCUMENT_FILE ( 'socket head cap screw_am_B18.3.1M - 3 x 0.5 x 16 Hex SHCS -- 16NHX.STEP' , '', '', #828, '' ,$ ) ;
#952 = DOCUMENT_TYPE ( 'geometry' ) ;
#953 = DOCUMENT_TYPE ( 'geometry' ) ;
#954 = CONTEXT_DEPENDENT_SHAPE_REPRESENTATION ( #362, #1363 ) ;
#955 = DIRECTION ( 'NONE',  ( 5.132416856412633299E-11, 8.919358772377127537E-17, -1.000000000000000000 ) ) ;
#956 = PROPERTY_DEFINITION_REPRESENTATION ( #1404, #890 ) ;
#957 = ROLE_ASSOCIATION ( #12, #1176 ) ;
#958 = SHAPE_REPRESENTATION ( 'robot base', ( #1023 ), #800 ) ;
#959 = APPLICATION_CONTEXT ( 'automotive_design' ) ;
#960 = DIRECTION ( 'NONE',  ( 0.000000000000000000, 0.000000000000000000, 1.000000000000000000 ) ) ;
#961 = ITEM_DEFINED_TRANSFORMATION ( 'NONE', 'NONE', #1464,  #1079 ) ;
#962 = EXTERNAL_SOURCE (IDENTIFIER('') ) ;
#963 = PROPERTY_DEFINITION ('external definition','', #578 ) ;
#964 = DIRECTION ( 'NONE',  ( -1.124100812432970406E-15, -1.000000000000000000, 0.000000000000000000 ) ) ;
#965 = PROPERTY_DEFINITION_REPRESENTATION ( #963, #1421 ) ;
#966 = OBJECT_ROLE ('mandatory',$ ) ;
#967 =( LENGTH_UNIT ( ) NAMED_UNIT ( * ) SI_UNIT ( .CENTI., .METRE. ) );
#968 = DIRECTION ( 'NONE',  ( 0.000000000000000000, 0.000000000000000000, 1.000000000000000000 ) ) ;
#969 = ROLE_ASSOCIATION ( #760, #1367 ) ;
#970 =( GEOMETRIC_REPRESENTATION_CONTEXT ( 3 ) GLOBAL_UNCERTAINTY_ASSIGNED_CONTEXT ( ( #9 ) ) GLOBAL_UNIT_ASSIGNED_CONTEXT ( ( #552, #52, #565 ) ) REPRESENTATION_CONTEXT ( 'NONE', 'WORKASPACE' ) );
#971 = EXTERNAL_SOURCE (IDENTIFIER('') ) ;
#972 = DIRECTION ( 'NONE',  ( -0.9335138041615979043, 1.082467449009527627E-15, -0.3585414584671374194 ) ) ;
#973 = DOCUMENT_FILE ( 'socket head cap screw_am_B18.3.1M - 3 x 0.5 x 16 Hex SHCS -- 16NHX.STEP' , '', '', #416, '' ,$ ) ;
#974 = AXIS2_PLACEMENT_3D ( 'NONE', #1231, #848, #105 ) ;
#975 = APPLIED_EXTERNAL_IDENTIFICATION_ASSIGNMENT ( 'angular push bar coupling.STEP' , #1599, #1036,( #1400) ) ;
#976 = EXTERNAL_SOURCE (IDENTIFIER('') ) ;
#977 = DIRECTION ( 'NONE',  ( -5.132434106781420731E-11, -2.538627510037197405E-16, 0.9999999999999998890 ) ) ;
#978 = APPLIED_EXTERNAL_IDENTIFICATION_ASSIGNMENT ( 'socket head cap screw_am_B18.3.1M - 3 x 0.5 x 16 Hex SHCS -- 16NHX.STEP' , #1214, #1126,( #951) ) ;
#979 = APPLIED_EXTERNAL_IDENTIFICATION_ASSIGNMENT ( 'Insert M3 D5 L5mm.STEP' , #1052, #420,( #135) ) ;
#980 = PROPERTY_DEFINITION ('document property','', #726 ) ;
#981 = CARTESIAN_POINT ( 'NONE',  ( 0.000000000000000000, 0.000000000000000000, 0.000000000000000000 ) ) ;
#982 = DIRECTION ( 'NONE',  ( -0.9558783638406798122, -0.2937627504318153782, -4.905965348026427846E-11 ) ) ;
#983 = PROPERTY_DEFINITION_REPRESENTATION ( #1567, #1421 ) ;
#984 = IDENTIFICATION_ROLE ( 'external document id and location', $) ;
#985 = PROPERTY_DEFINITION ('external definition','', #520 ) ;
#986 = PROPERTY_DEFINITION_REPRESENTATION ( #769, #890 ) ;
#987 = PRODUCT_RELATED_PRODUCT_CATEGORY ( 'part', '', ( #22 ) ) ;
#988 =( REPRESENTATION_RELATIONSHIP ('NONE','NONE', #900, #728 ) REPRESENTATION_RELATIONSHIP_WITH_TRANSFORMATION ( #1051 )SHAPE_REPRESENTATION_RELATIONSHIP( ) );
#989 = APPLIED_DOCUMENT_REFERENCE ( #477,'',( #1486) ) ;
#990 = CARTESIAN_POINT ( 'NONE',  ( 6.580843458635780685, 3.608353459525955653, 5.535415704693776640 ) ) ;
#991 = PROPERTY_DEFINITION_REPRESENTATION ( #1195, #1421 ) ;
#992 = PROPERTY_DEFINITION ('document property','', #703 ) ;
#993 = APPLIED_DOCUMENT_REFERENCE ( #1102,'',( #189) ) ;
#994 =( REPRESENTATION_RELATIONSHIP ('NONE','NONE', #900, #958 ) REPRESENTATION_RELATIONSHIP_WITH_TRANSFORMATION ( #836 )SHAPE_REPRESENTATION_RELATIONSHIP( ) );
#995 = PROPERTY_DEFINITION ('document property','', #652 ) ;
#996 = IDENTIFICATION_ROLE ( 'external document id and location', $) ;
#997 = DOCUMENT_FILE ( '6391K125_Oil-Embedded 841 Bronze Sleeve Bearing_6391K125.STEP' , '', '', #952, '' ,$ ) ;
#998 = UNCERTAINTY_MEASURE_WITH_UNIT (LENGTH_MEASURE( 1.000000000000000082E-05 ), #904, 'distance_accuracy_value', 'NONE');
#999 = DIRECTION ( 'NONE',  ( -1.210186464928320049E-15, -1.000000000000000000, 2.220446049250313081E-16 ) ) ;
#1000 = ITEM_DEFINED_TRANSFORMATION ( 'NONE', 'NONE', #1303,  #1248 ) ;
#1001 = AXIS2_PLACEMENT_3D ( 'NONE', #1050, #162, #1435 ) ;
#1002 =( GEOMETRIC_REPRESENTATION_CONTEXT ( 3 ) GLOBAL_UNCERTAINTY_ASSIGNED_CONTEXT ( ( #606 ) ) GLOBAL_UNIT_ASSIGNED_CONTEXT ( ( #1290, #505, #370 ) ) REPRESENTATION_CONTEXT ( 'NONE', 'WORKASPACE' ) );
#1003 = ROLE_ASSOCIATION ( #1025, #474 ) ;
#1004 = DIRECTION ( 'NONE',  ( 0.9853507983041281948, -0.1705397439936423010, 5.057234732813986447E-11 ) ) ;
#1005 = DIRECTION ( 'NONE',  ( 1.000000000000000000, 0.000000000000000000, 0.000000000000000000 ) ) ;
#1006 = PROPERTY_DEFINITION ('document property','', #1300 ) ;
#1007 = DOCUMENT_TYPE ( 'geometry' ) ;
#1008 = PRODUCT_RELATED_PRODUCT_CATEGORY ( 'part', '', ( #294 ) ) ;
#1009 = PRODUCT_DEFINITION_SHAPE ( 'NONE', 'NONE',  #1616 ) ;
#1010 = ITEM_DEFINED_TRANSFORMATION ( 'NONE', 'NONE', #1605,  #884 ) ;
#1011 = IDENTIFICATION_ROLE ( 'external document id and location', $) ;
#1012 = APPLIED_DOCUMENT_REFERENCE ( #883,'',( #189) ) ;
#1013 =( LENGTH_UNIT ( ) NAMED_UNIT ( * ) SI_UNIT ( .CENTI., .METRE. ) );
#1014 = CONTEXT_DEPENDENT_SHAPE_REPRESENTATION ( #1156, #1506 ) ;
#1015 = ROLE_ASSOCIATION ( #235, #325 ) ;
#1016 =( REPRESENTATION_RELATIONSHIP ('NONE','NONE', #900, #1551 ) REPRESENTATION_RELATIONSHIP_WITH_TRANSFORMATION ( #1254 )SHAPE_REPRESENTATION_RELATIONSHIP( ) );
#1017 = DOCUMENT_FILE ( '6391K172_Oil-Embedded 841 Bronze Sleeve Bearing_6391K172.STEP' , '', '', #108, '' ,$ ) ;
#1018 = EXTERNAL_SOURCE (IDENTIFIER('') ) ;
#1019 = PRODUCT_DEFINITION_SHAPE ( 'NONE', 'NONE',  #1638 ) ;
#1020 =( GEOMETRIC_REPRESENTATION_CONTEXT ( 3 ) GLOBAL_UNCERTAINTY_ASSIGNED_CONTEXT ( ( #112 ) ) GLOBAL_UNIT_ASSIGNED_CONTEXT ( ( #508, #254, #1154 ) ) REPRESENTATION_CONTEXT ( 'NONE', 'WORKASPACE' ) );
#1021 = DIRECTION ( 'NONE',  ( 1.908195823574487804E-17, 1.000000000000000000, -5.551115123125782702E-17 ) ) ;
#1022 = PROPERTY_DEFINITION_REPRESENTATION ( #1338, #335 ) ;
#1023 = AXIS2_PLACEMENT_3D ( 'NONE', #1240, #317, #1353 ) ;
#1024 = APPLICATION_CONTEXT ( 'automotive_design' ) ;
#1025 = OBJECT_ROLE ('mandatory',$ ) ;
#1026 = AXIS2_PLACEMENT_3D ( 'NONE', #934, #671, #1057 ) ;
#1027 = APPLIED_EXTERNAL_IDENTIFICATION_ASSIGNMENT ( '6391K172_Oil-Embedded 841 Bronze Sleeve Bearing_6391K172.STEP' , #595, #516,( #191) ) ;
#1028 = APPLIED_DOCUMENT_REFERENCE ( #1400,'',( #1366) ) ;
#1029 = EXTERNAL_SOURCE (IDENTIFIER('') ) ;
#1030 = APPLIED_EXTERNAL_IDENTIFICATION_ASSIGNMENT ( '6391K172_Oil-Embedded 841 Bronze Sleeve Bearing_6391K172.STEP' , #996, #1355,( #1268) ) ;
#1031 = PRODUCT_DEFINITION_CONTEXT ( 'detailed design', #612, 'design' ) ;
#1032 = CARTESIAN_POINT ( 'NONE',  ( 10.58936151555103855, -3.837028010809472089, 3.684165704899063254 ) ) ;
#1033 = PROPERTY_DEFINITION ('external definition','', #564 ) ;
#1034 = ROLE_ASSOCIATION ( #447, #660 ) ;
#1035 = PRODUCT ( 'base bearing assembly', 'base bearing assembly', '', ( #1200 ) ) ;
#1036 = EXTERNAL_SOURCE (IDENTIFIER('') ) ;
#1037 = APPLIED_DOCUMENT_REFERENCE ( #1431,'',( #189) ) ;
#1038 = IDENTIFICATION_ROLE ( 'external document id and location', $) ;
#1039 = SHAPE_DEFINITION_REPRESENTATION ( #771, #454 ) ;
#1040 = PROPERTY_DEFINITION_REPRESENTATION ( #903, #335 ) ;
#1041 = ROLE_ASSOCIATION ( #1317, #759 ) ;
#1042 = PROPERTY_DEFINITION ('document property','', #271 ) ;
#1043 =( NAMED_UNIT ( * ) PLANE_ANGLE_UNIT ( ) SI_UNIT ( $, .RADIAN. ) );
#1044 = APPLIED_DOCUMENT_REFERENCE ( #1574,'',( #236) ) ;
#1045 = APPLICATION_CONTEXT ( 'automotive_design' ) ;
#1046 = SHAPE_DEFINITION_REPRESENTATION ( #114, #890 ) ;
#1047 = PRODUCT ( 'robot base', 'robot base', '', ( #803 ) ) ;
#1048 = PROPERTY_DEFINITION_REPRESENTATION ( #1042, #335 ) ;
#1049 = IDENTIFICATION_ROLE ( 'external document id and location', $) ;
#1050 = CARTESIAN_POINT ( 'NONE',  ( 7.205774491361799150, 15.59206996169382187, 5.630415704725387549 ) ) ;
#1051 = ITEM_DEFINED_TRANSFORMATION ( 'NONE', 'NONE', #777,  #543 ) ;
#1052 = IDENTIFICATION_ROLE ( 'external document id and location', $) ;
#1053 =( NAMED_UNIT ( * ) SI_UNIT ( $, .STERADIAN. ) SOLID_ANGLE_UNIT ( ) );
#1054 = AXIS2_PLACEMENT_3D ( 'NONE', #78, #580, #463 ) ;
#1055 = AXIS2_PLACEMENT_3D ( 'NONE', #1409, #1021, #1265 ) ;
#1056 = DOCUMENT_TYPE ( 'geometry' ) ;
#1057 = DIRECTION ( 'NONE',  ( 1.000000000000000000, 0.000000000000000000, 0.000000000000000000 ) ) ;
#1058 = APPLIED_EXTERNAL_IDENTIFICATION_ASSIGNMENT ( 'socket head cap screw_am_B18.3.1M - 3 x 0.5 x 16 Hex SHCS -- 16NHX.STEP' , #264, #458,( #226) ) ;
#1059 = PROPERTY_DEFINITION ('external definition','', #1075 ) ;
#1060 = PRODUCT_DEFINITION ( 'General', '', #547, #1149 ) ;
#1061 = DIRECTION ( 'NONE',  ( 0.9853507983041280838, -0.1705397439936424675, 5.057219206358603119E-11 ) ) ;
#1062 = DOCUMENT_TYPE ( 'geometry' ) ;
#1063 = EXTERNAL_SOURCE (IDENTIFIER('') ) ;
#1064 = PROPERTY_DEFINITION ('external definition','', #1466 ) ;
#1065 = APPLICATION_PROTOCOL_DEFINITION ( 'draft international standard', 'automotive_design', 1998, #388 ) ;
#1066 = ITEM_DEFINED_TRANSFORMATION ( 'NONE', 'NONE', #673,  #884 ) ;
#1067 = DIRECTION ( 'NONE',  ( 1.000000000000000000, 7.701304880514964689E-17, 5.132421639500468327E-11 ) ) ;
#1068 = DOCUMENT_FILE ( 'socket head cap screw_am_B18.3.1M - 3 x 0.5 x 16 Hex SHCS -- 16NHX.STEP' , '', '', #1582, '' ,$ ) ;
#1069 =( REPRESENTATION_RELATIONSHIP ('NONE','NONE', #900, #844 ) REPRESENTATION_RELATIONSHIP_WITH_TRANSFORMATION ( #1157 )SHAPE_REPRESENTATION_RELATIONSHIP( ) );
#1070 = PROPERTY_DEFINITION ('external definition','', #1565 ) ;
#1071 = IDENTIFICATION_ROLE ( 'external document id and location', $) ;
#1072 = PRODUCT_CONTEXT ( 'NONE', #86, 'mechanical' ) ;
#1073 = PROPERTY_DEFINITION_REPRESENTATION ( #535, #335 ) ;
#1074 = DIRECTION ( 'NONE',  ( -5.132448456043480187E-11, 5.795352320433068433E-16, 0.9999999999999998890 ) ) ;
#1075 = DOCUMENT_FILE ( 'socket head cap screw_am_B18.3.1M - 3 x 0.5 x 16 Hex SHCS -- 16NHX.STEP' , '', '', #1401, '' ,$ ) ;
#1076 = PROPERTY_DEFINITION_REPRESENTATION ( #610, #890 ) ;
#1077 = DIRECTION ( 'NONE',  ( 1.000000000000000000, 0.000000000000000000, 0.000000000000000000 ) ) ;
#1078 = PRODUCT_RELATED_PRODUCT_CATEGORY ( 'part', '', ( #1312 ) ) ;
#1079 = AXIS2_PLACEMENT_3D ( 'NONE', #1516, #960, #1228 ) ;
#1080 = OBJECT_ROLE ('mandatory',$ ) ;
#1081 = AXIS2_PLACEMENT_3D ( 'NONE', #1440, #723, #97 ) ;
#1082 = PROPERTY_DEFINITION_REPRESENTATION ( #126, #1323 ) ;
#1083 = DOCUMENT_FILE ( 'Insert M3 D5 L5mm.STEP' , '', '', #1263, '' ,$ ) ;
#1084 = IDENTIFICATION_ROLE ( 'external document id and location', $) ;
#1085 = DOCUMENT_FILE ( 'shoulder bar linkage.STEP' , '', '', #1233, '' ,$ ) ;
#1086 = DIRECTION ( 'NONE',  ( -0.9999999989567841530, 4.567748026872641646E-05, -5.132436492359946250E-11 ) ) ;
#1087 = APPLIED_EXTERNAL_IDENTIFICATION_ASSIGNMENT ( 'socket head cap screw_am_B18.3.1M - 3 x 0.5 x 16 Hex SHCS -- 16NHX.STEP' , #1362, #530,( #973) ) ;
#1088 = ROLE_ASSOCIATION ( #273, #686 ) ;
#1089 = APPLIED_EXTERNAL_IDENTIFICATION_ASSIGNMENT ( 'Insert M3 D5 L5mm.STEP' , #394, #1493,( #271) ) ;
#1090 = PRODUCT_DEFINITION_SHAPE ( 'NONE', 'NONE',  #1654 ) ;
#1091 = ROLE_ASSOCIATION ( #778, #182 ) ;
#1092 = PRODUCT_CONTEXT ( 'NONE', #511, 'mechanical' ) ;
#1093 = CONTEXT_DEPENDENT_SHAPE_REPRESENTATION ( #303, #176 ) ;
#1094 =( REPRESENTATION_RELATIONSHIP ('NONE','NONE', #900, #890 ) REPRESENTATION_RELATIONSHIP_WITH_TRANSFORMATION ( #348 )SHAPE_REPRESENTATION_RELATIONSHIP( ) );
#1095 = DIRECTION ( 'NONE',  ( 5.132426422588277506E-11, -3.412049319715109215E-16, -0.9999999999999998890 ) ) ;
#1096 =( REPRESENTATION_RELATIONSHIP ('NONE','NONE', #900, #335 ) REPRESENTATION_RELATIONSHIP_WITH_TRANSFORMATION ( #498 )SHAPE_REPRESENTATION_RELATIONSHIP( ) );
#1097 = CARTESIAN_POINT ( 'NONE',  ( -0.7128685590298081687, 13.82989161378483445, 5.059165704318986378 ) ) ;
#1098 = PROPERTY_DEFINITION ('document property','', #1017 ) ;
#1099 = CARTESIAN_POINT ( 'NONE',  ( 2.964361515553503690, 1.762971989192450906, 3.630415704507994334 ) ) ;
#1100 = ROLE_ASSOCIATION ( #16, #550 ) ;
#1101 = EXTERNAL_SOURCE (IDENTIFIER('') ) ;
#1102 = DOCUMENT_FILE ( '6391K172_Oil-Embedded 841 Bronze Sleeve Bearing_6391K172.STEP' , '', '', #1327, '' ,$ ) ;
#1103 = DOCUMENT_TYPE ( 'geometry' ) ;
#1104 = PRODUCT_DEFINITION_SHAPE ( 'NONE', 'NONE',  #1622 ) ;
#1105 =( GEOMETRIC_REPRESENTATION_CONTEXT ( 3 ) GLOBAL_UNCERTAINTY_ASSIGNED_CONTEXT ( ( #512 ) ) GLOBAL_UNIT_ASSIGNED_CONTEXT ( ( #862, #481, #328 ) ) REPRESENTATION_CONTEXT ( 'NONE', 'WORKASPACE' ) );
#1106 = PROPERTY_DEFINITION_REPRESENTATION ( #360, #1368 ) ;
#1107 = DIRECTION ( 'NONE',  ( 0.9780404643387289321, 0.2084150909029463261, 5.019713774487687851E-11 ) ) ;
#1108 = PROPERTY_DEFINITION_REPRESENTATION ( #767, #1421 ) ;
#1109 = AXIS2_PLACEMENT_3D ( 'NONE', #89, #313, #717 ) ;
#1110 = CONTEXT_DEPENDENT_SHAPE_REPRESENTATION ( #253, #368 ) ;
#1111 = APPLIED_EXTERNAL_IDENTIFICATION_ASSIGNMENT ( 'socket head cap screw_am_B18.3.1M - 3 x 0.5 x 16 Hex SHCS -- 16NHX.STEP' , #1049, #536,( #1212) ) ;
#1112 = OBJECT_ROLE ('mandatory',$ ) ;
#1113 = PROPERTY_DEFINITION ('external definition','', #84 ) ;
#1114 =( NAMED_UNIT ( * ) SI_UNIT ( $, .STERADIAN. ) SOLID_ANGLE_UNIT ( ) );
#1115 = IDENTIFICATION_ROLE ( 'external document id and location', $) ;
#1116 = OBJECT_ROLE ('mandatory',$ ) ;
#1117 = DIRECTION ( 'NONE',  ( -1.147519579358657893E-15, -1.000000000000000000, -1.110223024625156540E-16 ) ) ;
#1118 = DOCUMENT_FILE ( 'socket head cap screw_am_B18.3.1M - 3 x 0.5 x 16 Hex SHCS -- 16NHX.STEP' , '', '', #103, '' ,$ ) ;
#1119 = PRODUCT_DEFINITION ( 'General', '', #1217, #544 ) ;
#1120 = CONTEXT_DEPENDENT_SHAPE_REPRESENTATION ( #202, #850 ) ;
#1121 = CARTESIAN_POINT ( 'NONE',  ( 0.000000000000000000, 0.000000000000000000, 0.000000000000000000 ) ) ;
#1122 = APPLIED_DOCUMENT_REFERENCE ( #520,'',( #236) ) ;
#1123 = OBJECT_ROLE ('mandatory',$ ) ;
#1124 = DIRECTION ( 'NONE',  ( 5.132426422588277506E-11, -3.412049319715109708E-16, -1.000000000000000000 ) ) ;
#1125 = CONTEXT_DEPENDENT_SHAPE_REPRESENTATION ( #72, #1351 ) ;
#1126 = EXTERNAL_SOURCE (IDENTIFIER('') ) ;
#1127 = PROPERTY_DEFINITION ('document property','', #1405 ) ;
#1128 = PROPERTY_DEFINITION_REPRESENTATION ( #343, #890 ) ;
#1129 = PRODUCT_DEFINITION_SHAPE ( 'NONE', 'NONE',  #1625 ) ;
#1130 = ROLE_ASSOCIATION ( #148, #1556 ) ;
#1131 = DIRECTION ( 'NONE',  ( -0.6053179655338214449, -2.775557561562891351E-17, -0.7959837690568792867 ) ) ;
#1132 = SHAPE_REPRESENTATION ( 'angular push bar linkage', ( #1517 ), #1020 ) ;
#1133 = PROPERTY_DEFINITION_REPRESENTATION ( #677, #335 ) ;
#1134 = OBJECT_ROLE ('mandatory',$ ) ;
#1135 = AXIS2_PLACEMENT_3D ( 'NONE', #2, #379, #1131 ) ;
#1136 = PROPERTY_DEFINITION_REPRESENTATION ( #1528, #890 ) ;
#1137 = OBJECT_ROLE ('mandatory',$ ) ;
#1138 = APPLIED_EXTERNAL_IDENTIFICATION_ASSIGNMENT ( 'socket head cap screw_am_B18.3.1M - 3 x 0.5 x 16 Hex SHCS -- 16NHX.STEP' , #1084, #359,( #1068) ) ;
#1139 = EXTERNAL_SOURCE (IDENTIFIER('') ) ;
#1140 = APPLIED_EXTERNAL_IDENTIFICATION_ASSIGNMENT ( 'Insert M3 D5 L5mm.STEP' , #35, #1182,( #1547) ) ;
#1141 = APPLIED_DOCUMENT_REFERENCE ( #652,'',( #236) ) ;
#1142 = PROPERTY_DEFINITION ('external definition','', #292 ) ;
#1143 = DIRECTION ( 'NONE',  ( 1.665334536937736536E-16, -1.000000000000000000, 6.290112428814411799E-16 ) ) ;
#1144 = CONTEXT_DEPENDENT_SHAPE_REPRESENTATION ( #122, #177 ) ;
#1145 = OBJECT_ROLE ('mandatory',$ ) ;
#1146 =( LENGTH_UNIT ( ) NAMED_UNIT ( * ) SI_UNIT ( .CENTI., .METRE. ) );
#1147 = APPLIED_DOCUMENT_REFERENCE ( #613,'',( #1060) ) ;
#1148 = IDENTIFICATION_ROLE ( 'external document id and location', $) ;
#1149 = PRODUCT_DEFINITION_CONTEXT ( 'detailed design', #1607, 'design' ) ;
#1150 = DIRECTION ( 'NONE',  ( -0.9746612903564730868, 9.714451465470119729E-17, -0.2236858714372795542 ) ) ;
#1151 = PROPERTY_DEFINITION_REPRESENTATION ( #1305, #335 ) ;
#1152 = PROPERTY_DEFINITION_REPRESENTATION ( #1127, #890 ) ;
#1153 = PRODUCT_DEFINITION_SHAPE ( 'NONE', 'NONE',  #1633 ) ;
#1154 =( NAMED_UNIT ( * ) SI_UNIT ( $, .STERADIAN. ) SOLID_ANGLE_UNIT ( ) );
#1155 = PRODUCT_DEFINITION_SHAPE ( 'NONE', 'NONE',  #1618 ) ;
#1156 =( REPRESENTATION_RELATIONSHIP ('NONE','NONE', #900, #844 ) REPRESENTATION_RELATIONSHIP_WITH_TRANSFORMATION ( #245 )SHAPE_REPRESENTATION_RELATIONSHIP( ) );
#1157 = ITEM_DEFINED_TRANSFORMATION ( 'NONE', 'NONE', #802,  #1160 ) ;
#1158 =( REPRESENTATION_RELATIONSHIP ('NONE','NONE', #900, #890 ) REPRESENTATION_RELATIONSHIP_WITH_TRANSFORMATION ( #401 )SHAPE_REPRESENTATION_RELATIONSHIP( ) );
#1159 = ROLE_ASSOCIATION ( #1593, #23 ) ;
#1160 = AXIS2_PLACEMENT_3D ( 'NONE', #19, #430, #61 ) ;
#1161 = PROPERTY_DEFINITION_REPRESENTATION ( #732, #890 ) ;
#1162 = AXIS2_PLACEMENT_3D ( 'NONE', #784, #169, #1067 ) ;
#1163 = PRODUCT_DEFINITION_FORMATION_WITH_SPECIFIED_SOURCE ( 'Symmetric', '', #1451, .NOT_KNOWN. ) ;
#1164 = AXIS2_PLACEMENT_3D ( 'NONE', #640, #872, #757 ) ;
#1165 = APPLIED_EXTERNAL_IDENTIFICATION_ASSIGNMENT ( '6391K172_Oil-Embedded 841 Bronze Sleeve Bearing_6391K172.STEP' , #345, #1392,( #825) ) ;
#1166 = PROPERTY_DEFINITION ('external definition','', #1561 ) ;
#1167 = PROPERTY_DEFINITION_REPRESENTATION ( #62, #844 ) ;
#1168 = AXIS2_PLACEMENT_3D ( 'NONE', #1377, #700, #710 ) ;
#1169 = DOCUMENT_TYPE ( 'geometry' ) ;
#1170 = APPLICATION_PROTOCOL_DEFINITION ( 'draft international standard', 'automotive_design', 1998, #534 ) ;
#1171 = DOCUMENT_FILE ( 'Insert M3 D5 L5mm.STEP' , '', '', #286, '' ,$ ) ;
#1172 = PRODUCT_DEFINITION_SHAPE ( 'NONE', 'NONE',  #1651 ) ;
#1173 = IDENTIFICATION_ROLE ( 'external document id and location', $) ;
#1174 = PRODUCT ( 'top bar linkage', 'top bar linkage', '', ( #288 ) ) ;
#1175 =( LENGTH_UNIT ( ) NAMED_UNIT ( * ) SI_UNIT ( .CENTI., .METRE. ) );
#1176 = APPLIED_DOCUMENT_REFERENCE ( #825,'',( #189) ) ;
#1177 = APPLICATION_PROTOCOL_DEFINITION ( 'draft international standard', 'automotive_design', 1998, #959 ) ;
#1178 = DIRECTION ( 'NONE',  ( -0.9952547816421920546, -0.09730323539509343200, -5.108083267921435242E-11 ) ) ;
#1179 = DOCUMENT_FILE ( '6391K172_Oil-Embedded 841 Bronze Sleeve Bearing_6391K172.STEP' , '', '', #805, '' ,$ ) ;
#1180 = EXTERNAL_SOURCE (IDENTIFIER('') ) ;
#1181 = PROPERTY_DEFINITION ('document property','', #951 ) ;
#1182 = EXTERNAL_SOURCE (IDENTIFIER('') ) ;
#1183 = PRODUCT_DEFINITION_CONTEXT ( 'detailed design', #901, 'design' ) ;
#1184 = SHAPE_DEFINITION_REPRESENTATION ( #1295, #1132 ) ;
#1185 = PRODUCT ( 'angular push bar linkage', 'angular push bar linkage', '', ( #185 ) ) ;
#1186 = PROPERTY_DEFINITION_REPRESENTATION ( #442, #335 ) ;
#1187 = CARTESIAN_POINT ( 'NONE',  ( -0.7711717983166053170, 13.15734283647107183, 2.059165704315993217 ) ) ;
#1188 = PROPERTY_DEFINITION_REPRESENTATION ( #150, #1421 ) ;
#1189 = OBJECT_ROLE ('mandatory',$ ) ;
#1190 = AXIS2_PLACEMENT_3D ( 'NONE', #10, #615, #898 ) ;
#1191 = OBJECT_ROLE ('mandatory',$ ) ;
#1192 = APPLICATION_PROTOCOL_DEFINITION ( 'draft international standard', 'automotive_design', 1998, #1024 ) ;
#1193 = ROLE_ASSOCIATION ( #940, #186 ) ;
#1194 = AXIS2_PLACEMENT_3D ( 'NONE', #945, #308, #1346 ) ;
#1195 = PROPERTY_DEFINITION ('external definition','', #1118 ) ;
#1196 = DIRECTION ( 'NONE',  ( 5.132436498325149544E-11, 1.337559248132567762E-16, -1.000000000000000000 ) ) ;
#1197 = PROPERTY_DEFINITION_REPRESENTATION ( #906, #1421 ) ;
#1198 = PRODUCT ( 'the john v2', 'the john v2', '', ( #1092 ) ) ;
#1199 = APPLICATION_CONTEXT ( 'automotive_design' ) ;
#1200 = PRODUCT_CONTEXT ( 'NONE', #137, 'mechanical' ) ;
#1201 = ITEM_DEFINED_TRANSFORMATION ( 'NONE', 'NONE', #377,  #884 ) ;
#1202 = IDENTIFICATION_ROLE ( 'external document id and location', $) ;
#1203 = DIRECTION ( 'NONE',  ( 0.9853507983041280838, -0.1705397439936430504, 5.057233077209426162E-11 ) ) ;
#1204 = PRODUCT_DEFINITION ( 'General', '', #701, #789 ) ;
#1205 = ITEM_DEFINED_TRANSFORMATION ( 'NONE', 'NONE', #414,  #1299 ) ;
#1206 =( LENGTH_UNIT ( ) NAMED_UNIT ( * ) SI_UNIT ( .CENTI., .METRE. ) );
#1207 = PROPERTY_DEFINITION ('external definition','', #135 ) ;
#1208 = PRODUCT_DEFINITION_SHAPE ( 'NONE', 'NONE',  #1627 ) ;
#1209 = ROLE_ASSOCIATION ( #619, #179 ) ;
#1210 = OBJECT_ROLE ('mandatory',$ ) ;
#1211 = DIRECTION ( 'NONE',  ( -5.132414464868728710E-11, -2.593291969107445321E-16, 1.000000000000000000 ) ) ;
#1212 = DOCUMENT_FILE ( 'socket head cap screw_am_B18.3.1M - 3 x 0.5 x 16 Hex SHCS -- 16NHX.STEP' , '', '', #614, '' ,$ ) ;
#1213 = ITEM_DEFINED_TRANSFORMATION ( 'NONE', 'NONE', #913,  #1299 ) ;
#1214 = IDENTIFICATION_ROLE ( 'external document id and location', $) ;
#1215 = CARTESIAN_POINT ( 'NONE',  ( 0.000000000000000000, 0.000000000000000000, 0.000000000000000000 ) ) ;
#1216 = AXIS2_PLACEMENT_3D ( 'NONE', #428, #659, #274 ) ;
#1217 = PRODUCT_DEFINITION_FORMATION_WITH_SPECIFIED_SOURCE ( 'Symmetric', '', #1174, .NOT_KNOWN. ) ;
#1218 = APPLIED_EXTERNAL_IDENTIFICATION_ASSIGNMENT ( '6391K125_Oil-Embedded 841 Bronze Sleeve Bearing_6391K125.STEP' , #403, #555,( #1271) ) ;
#1219 = DIRECTION ( 'NONE',  ( 0.9793868503634144407, -0.2019935576577394643, 5.026623535879011014E-11 ) ) ;
#1220 = APPLIED_EXTERNAL_IDENTIFICATION_ASSIGNMENT ( 'base bearing assembly.STEP' , #1071, #1511,( #292) ) ;
#1221 = ROLE_ASSOCIATION ( #1272, #1485 ) ;
#1222 = EXTERNAL_SOURCE (IDENTIFIER('') ) ;
#1223 = PRODUCT_DEFINITION_SHAPE ( 'NONE', 'NONE',  #1670 ) ;
#1224 = IDENTIFICATION_ROLE ( 'external document id and location', $) ;
#1225 = PROPERTY_DEFINITION_REPRESENTATION ( #746, #890 ) ;
#1226 = APPLICATION_PROTOCOL_DEFINITION ( 'draft international standard', 'automotive_design', 1998, #1553 ) ;
#1227 = OBJECT_ROLE ('mandatory',$ ) ;
#1228 = DIRECTION ( 'NONE',  ( 1.000000000000000000, 0.000000000000000000, 0.000000000000000000 ) ) ;
#1229 = IDENTIFICATION_ROLE ( 'external document id and location', $) ;
#1230 = DOCUMENT_FILE ( 'angular push bar linkage.STEP' , '', '', #1591, '' ,$ ) ;
#1231 = CARTESIAN_POINT ( 'NONE',  ( 1.339361515551040105, -1.987028010808475464, 3.684165704424314569 ) ) ;
#1232 = APPLIED_DOCUMENT_REFERENCE ( #1268,'',( #189) ) ;
#1233 = DOCUMENT_TYPE ( 'geometry' ) ;
#1234 = EXTERNAL_SOURCE (IDENTIFIER('') ) ;
#1235 = PRODUCT_RELATED_PRODUCT_CATEGORY ( 'part', '', ( #611 ) ) ;
#1236 = PROPERTY_DEFINITION ('external definition','', #1431 ) ;
#1237 =( REPRESENTATION_RELATIONSHIP ('NONE','NONE', #900, #335 ) REPRESENTATION_RELATIONSHIP_WITH_TRANSFORMATION ( #1275 )SHAPE_REPRESENTATION_RELATIONSHIP( ) );
#1238 = CARTESIAN_POINT ( 'NONE',  ( -18.69305503765872345, -4.237028010807632583, 229.4422945425787077 ) ) ;
#1239 = PROPERTY_DEFINITION_REPRESENTATION ( #201, #1421 ) ;
#1240 = CARTESIAN_POINT ( 'NONE',  ( 0.000000000000000000, 0.000000000000000000, 0.000000000000000000 ) ) ;
#1241 = ITEM_DEFINED_TRANSFORMATION ( 'NONE', 'NONE', #67,  #1577 ) ;
#1242 = OBJECT_ROLE ('mandatory',$ ) ;
#1243 = AXIS2_PLACEMENT_3D ( 'NONE', #1460, #39, #1061 ) ;
#1244 = DIRECTION ( 'NONE',  ( -5.132419247956532719E-11, -1.911554535176573107E-17, 0.9999999999999998890 ) ) ;
#1245 = CONTEXT_DEPENDENT_SHAPE_REPRESENTATION ( #175, #44 ) ;
#1246 = AXIS2_PLACEMENT_3D ( 'NONE', #355, #1297, #1530 ) ;
#1247 = EXTERNAL_SOURCE (IDENTIFIER('') ) ;
#1248 = AXIS2_PLACEMENT_3D ( 'NONE', #404, #1439, #1583 ) ;
#1249 = PROPERTY_DEFINITION_REPRESENTATION ( #266, #890 ) ;
#1250 = CARTESIAN_POINT ( 'NONE',  ( -0.8421273947348052458, 13.57502547020463268, 1.434165704312353240 ) ) ;
#1251 = APPLIED_EXTERNAL_IDENTIFICATION_ASSIGNMENT ( 'Insert M3 D5 L5mm.STEP' , #1038, #4,( #772) ) ;
#1252 = PROPERTY_DEFINITION ('external definition','', #1268 ) ;
#1253 = PROPERTY_DEFINITION ('document property','', #997 ) ;
#1254 = ITEM_DEFINED_TRANSFORMATION ( 'NONE', 'NONE', #1490,  #349 ) ;
#1255 = UNCERTAINTY_MEASURE_WITH_UNIT (LENGTH_MEASURE( 1.000000000000000082E-05 ), #834, 'distance_accuracy_value', 'NONE');
#1256 = DIRECTION ( 'NONE',  ( 0.1001736232460071069, -4.898632983890807866E-16, -0.9949699720121040203 ) ) ;
#1257 = SHAPE_REPRESENTATION ( 'servo-motor_sts3215-v10-PART', ( #375 ), #1382 ) ;
#1258 = PROPERTY_DEFINITION_REPRESENTATION ( #415, #1421 ) ;
#1259 = APPLICATION_CONTEXT ( 'automotive_design' ) ;
#1260 = APPLIED_DOCUMENT_REFERENCE ( #92,'',( #189) ) ;
#1261 = PRODUCT_RELATED_PRODUCT_CATEGORY ( 'part', '', ( #1451 ) ) ;
#1262 =( REPRESENTATION_RELATIONSHIP ('NONE','NONE', #900, #890 ) REPRESENTATION_RELATIONSHIP_WITH_TRANSFORMATION ( #766 )SHAPE_REPRESENTATION_RELATIONSHIP( ) );
#1263 = DOCUMENT_TYPE ( 'geometry' ) ;
#1264 = ROLE_ASSOCIATION ( #1189, #231 ) ;
#1265 = DIRECTION ( 'NONE',  ( -0.9999995649586148616, 1.283695372222837250E-16, 0.0009327821725091667293 ) ) ;
#1266 = PROPERTY_DEFINITION_REPRESENTATION ( #452, #1421 ) ;
#1267 = PROPERTY_DEFINITION ('external definition','', #833 ) ;
#1268 = DOCUMENT_FILE ( '6391K172_Oil-Embedded 841 Bronze Sleeve Bearing_6391K172.STEP' , '', '', #220, '' ,$ ) ;
#1269 = PRODUCT_DEFINITION_SHAPE ( 'NONE', 'NONE',  #145 ) ;
#1270 = OBJECT_ROLE ('mandatory',$ ) ;
#1271 = DOCUMENT_FILE ( '6391K125_Oil-Embedded 841 Bronze Sleeve Bearing_6391K125.STEP' , '', '', #635, '' ,$ ) ;
#1272 = OBJECT_ROLE ('mandatory',$ ) ;
#1273 =( GEOMETRIC_REPRESENTATION_CONTEXT ( 3 ) GLOBAL_UNCERTAINTY_ASSIGNED_CONTEXT ( ( #369 ) ) GLOBAL_UNIT_ASSIGNED_CONTEXT ( ( #1206, #1331, #688 ) ) REPRESENTATION_CONTEXT ( 'NONE', 'WORKASPACE' ) );
#1274 = DIRECTION ( 'NONE',  ( -0.9811997449003185823, 2.775557561562891351E-17, 0.1929949756018262130 ) ) ;
#1275 = ITEM_DEFINED_TRANSFORMATION ( 'NONE', 'NONE', #804,  #884 ) ;
#1276 = AXIS2_PLACEMENT_3D ( 'NONE', #1471, #548, #667 ) ;
#1277 = PROPERTY_DEFINITION_REPRESENTATION ( #1375, #890 ) ;
#1278 = APPLIED_EXTERNAL_IDENTIFICATION_ASSIGNMENT ( '6391K172_Oil-Embedded 841 Bronze Sleeve Bearing_6391K172.STEP' , #1390, #1234,( #149) ) ;
#1279 =( REPRESENTATION_RELATIONSHIP ('NONE','NONE', #900, #844 ) REPRESENTATION_RELATIONSHIP_WITH_TRANSFORMATION ( #503 )SHAPE_REPRESENTATION_RELATIONSHIP( ) );
#1280 = ITEM_DEFINED_TRANSFORMATION ( 'NONE', 'NONE', #488,  #1160 ) ;
#1281 = PRODUCT_DEFINITION_SHAPE ( 'NONE', 'NONE',  #1637 ) ;
#1282 = OBJECT_ROLE ('mandatory',$ ) ;
#1283 = CARTESIAN_POINT ( 'NONE',  ( 10.58936151570501494, -1.987028010809103629, 0.6841657048990632539 ) ) ;
#1284 = PRODUCT ( 'Insert M3 D5 L5mm', 'Insert M3 D5 L5mm', '', ( #664 ) ) ;
#1285 = ITEM_DEFINED_TRANSFORMATION ( 'NONE', 'NONE', #200,  #1299 ) ;
#1286 =( NAMED_UNIT ( * ) PLANE_ANGLE_UNIT ( ) SI_UNIT ( $, .RADIAN. ) );
#1287 = PROPERTY_DEFINITION_REPRESENTATION ( #842, #844 ) ;
#1288 = APPLICATION_CONTEXT ( 'automotive_design' ) ;
#1289 = PRODUCT_DEFINITION ( 'General', '', #70, #157 ) ;
#1290 =( LENGTH_UNIT ( ) NAMED_UNIT ( * ) SI_UNIT ( .CENTI., .METRE. ) );
#1291 = CONTEXT_DEPENDENT_SHAPE_REPRESENTATION ( #795, #808 ) ;
#1292 = ROLE_ASSOCIATION ( #1447, #894 ) ;
#1293 = PROPERTY_DEFINITION ('external definition','', #1405 ) ;
#1294 =( NAMED_UNIT ( * ) SI_UNIT ( $, .STERADIAN. ) SOLID_ANGLE_UNIT ( ) );
#1295 = PRODUCT_DEFINITION_SHAPE ( 'NONE', 'NONE',  #518 ) ;
#1296 = PROPERTY_DEFINITION_REPRESENTATION ( #1236, #890 ) ;
#1297 = DIRECTION ( 'NONE',  ( -0.9914677686516990551, 1.183081410616182438E-15, -0.1303520760280443558 ) ) ;
#1298 = ITEM_DEFINED_TRANSFORMATION ( 'NONE', 'NONE', #1356,  #884 ) ;
#1299 = AXIS2_PLACEMENT_3D ( 'NONE', #225, #662, #279 ) ;
#1300 = DOCUMENT_FILE ( '6391K172_Oil-Embedded 841 Bronze Sleeve Bearing_6391K172.STEP' , '', '', #753, '' ,$ ) ;
#1301 =( GEOMETRIC_REPRESENTATION_CONTEXT ( 3 ) GLOBAL_UNCERTAINTY_ASSIGNED_CONTEXT ( ( #1255 ) ) GLOBAL_UNIT_ASSIGNED_CONTEXT ( ( #834, #455, #440 ) ) REPRESENTATION_CONTEXT ( 'NONE', 'WORKASPACE' ) );
#1302 = DOCUMENT_TYPE ( 'geometry' ) ;
#1303 = AXIS2_PLACEMENT_3D ( 'NONE', #624, #1397, #999 ) ;
#1304 = DOCUMENT_TYPE ( 'geometry' ) ;
#1305 = PROPERTY_DEFINITION ('document property','', #1561 ) ;
#1306 = CONTEXT_DEPENDENT_SHAPE_REPRESENTATION ( #69, #5 ) ;
#1307 = SHAPE_DEFINITION_REPRESENTATION ( #787, #1368 ) ;
#1308 = ROLE_ASSOCIATION ( #329, #1336 ) ;
#1309 = PROPERTY_DEFINITION ('external definition','', #1212 ) ;
#1310 = DIRECTION ( 'NONE',  ( 0.9853507983041283058, -0.1705397439936421899, 5.057224267592570167E-11 ) ) ;
#1311 = CONTEXT_DEPENDENT_SHAPE_REPRESENTATION ( #1158, #227 ) ;
#1312 = PRODUCT ( 'socket head cap screw_am_B18.3.1M - 3 x 0.5 x 16 Hex SHCS -- 16NHX', 'socket head cap screw_am_B18.3.1M - 3 x 0.5 x 16 Hex SHCS -- 16NHX', '', ( #1072 ) ) ;
#1313 = PRODUCT_RELATED_PRODUCT_CATEGORY ( 'part', '', ( #799 ) ) ;
#1314 = SHAPE_REPRESENTATION ( 'straight functional bar', ( #519 ), #117 ) ;
#1315 = APPLICATION_CONTEXT ( 'automotive_design' ) ;
#1316 =( NAMED_UNIT ( * ) PLANE_ANGLE_UNIT ( ) SI_UNIT ( $, .RADIAN. ) );
#1317 = OBJECT_ROLE ('mandatory',$ ) ;
#1318 = APPLICATION_PROTOCOL_DEFINITION ( 'draft international standard', 'automotive_design', 1998, #1045 ) ;
#1319 = CONTEXT_DEPENDENT_SHAPE_REPRESENTATION ( #507, #287 ) ;
#1320 = CARTESIAN_POINT ( 'NONE',  ( 2.581408888718418115, 13.92836714687520860, 3.309165704488065352 ) ) ;
#1321 = ITEM_DEFINED_TRANSFORMATION ( 'NONE', 'NONE', #1081,  #1248 ) ;
#1322 = PRODUCT_DEFINITION_SHAPE ( 'NONE', 'NONE',  #1667 ) ;
#1323 = SHAPE_REPRESENTATION ( 'tool holer', ( #165 ), #140 ) ;
#1324 = EXTERNAL_SOURCE (IDENTIFIER('') ) ;
#1325 = APPLICATION_PROTOCOL_DEFINITION ( 'draft international standard', 'automotive_design', 1998, #137 ) ;
#1326 = PROPERTY_DEFINITION ('external definition','', #690 ) ;
#1327 = DOCUMENT_TYPE ( 'geometry' ) ;
#1328 = DIRECTION ( 'NONE',  ( 0.9853507983041283058, -0.1705397439936424953, 5.057224267592564997E-11 ) ) ;
#1329 = PROPERTY_DEFINITION_REPRESENTATION ( #794, #1421 ) ;
#1330 = IDENTIFICATION_ROLE ( 'external document id and location', $) ;
#1331 =( NAMED_UNIT ( * ) PLANE_ANGLE_UNIT ( ) SI_UNIT ( $, .RADIAN. ) );
#1332 =( GEOMETRIC_REPRESENTATION_CONTEXT ( 3 ) GLOBAL_UNCERTAINTY_ASSIGNED_CONTEXT ( ( #1396 ) ) GLOBAL_UNIT_ASSIGNED_CONTEXT ( ( #324, #1488, #697 ) ) REPRESENTATION_CONTEXT ( 'NONE', 'WORKASPACE' ) );
#1333 = CONTEXT_DEPENDENT_SHAPE_REPRESENTATION ( #1379, #1019 ) ;
#1334 = PROPERTY_DEFINITION_REPRESENTATION ( #262, #1421 ) ;
#1335 = PRODUCT_CONTEXT ( 'NONE', #534, 'mechanical' ) ;
#1336 = APPLIED_DOCUMENT_REFERENCE ( #1083,'',( #897) ) ;
#1337 = DIRECTION ( 'NONE',  ( -1.127935956879515816E-15, -0.9999999999999998890, -1.726856352327580187E-16 ) ) ;
#1338 = PROPERTY_DEFINITION ('document property','', #1171 ) ;
#1339 = OBJECT_ROLE ('mandatory',$ ) ;
#1340 = CARTESIAN_POINT ( 'NONE',  ( 2.543813089132616501, 12.01801040001413590, 0.8479157044861332926 ) ) ;
#1341 = CONTEXT_DEPENDENT_SHAPE_REPRESENTATION ( #1432, #1172 ) ;
#1342 = PROPERTY_DEFINITION_REPRESENTATION ( #948, #890 ) ;
#1343 = IDENTIFICATION_ROLE ( 'external document id and location', $) ;
#1344 = PRODUCT_CONTEXT ( 'NONE', #336, 'mechanical' ) ;
#1345 = CONTEXT_DEPENDENT_SHAPE_REPRESENTATION ( #597, #692 ) ;
#1346 = DIRECTION ( 'NONE',  ( -0.007635046824155162885, -0.9999708526052111246, -3.919516211859003767E-13 ) ) ;
#1347 = APPLIED_DOCUMENT_REFERENCE ( #1068,'',( #824) ) ;
#1348 = IDENTIFICATION_ROLE ( 'external document id and location', $) ;
#1349 = CONTEXT_DEPENDENT_SHAPE_REPRESENTATION ( #826, #1153 ) ;
#1350 = DOCUMENT_TYPE ( 'geometry' ) ;
#1351 = PRODUCT_DEFINITION_SHAPE ( 'NONE', 'NONE',  #1660 ) ;
#1352 = CARTESIAN_POINT ( 'NONE',  ( 6.580843458586854489, 3.608353459525966311, 6.487915704693782537 ) ) ;
#1353 = DIRECTION ( 'NONE',  ( 1.000000000000000000, 0.000000000000000000, 0.000000000000000000 ) ) ;
#1354 = AXIS2_PLACEMENT_3D ( 'NONE', #814, #556, #798 ) ;
#1355 = EXTERNAL_SOURCE (IDENTIFIER('') ) ;
#1356 = AXIS2_PLACEMENT_3D ( 'NONE', #1032, #513, #740 ) ;
#1357 = ROLE_ASSOCIATION ( #1080, #820 ) ;
#1358 = PROPERTY_DEFINITION_REPRESENTATION ( #1326, #958 ) ;
#1359 =( REPRESENTATION_RELATIONSHIP ('NONE','NONE', #900, #1421 ) REPRESENTATION_RELATIONSHIP_WITH_TRANSFORMATION ( #1386 )SHAPE_REPRESENTATION_RELATIONSHIP( ) );
#1360 = DIRECTION ( 'NONE',  ( 0.9698138463970190637, -0.2438464749317061642, 4.977509968352901814E-11 ) ) ;
#1361 = APPLIED_EXTERNAL_IDENTIFICATION_ASSIGNMENT ( 'socket head cap screw_am_B18.3.1M - 3 x 0.5 x 16 Hex SHCS -- 16NHX.STEP' , #418, #326,( #1075) ) ;
#1362 = IDENTIFICATION_ROLE ( 'external document id and location', $) ;
#1363 = PRODUCT_DEFINITION_SHAPE ( 'NONE', 'NONE',  #1672 ) ;
#1364 = ROLE_ASSOCIATION ( #88, #867 ) ;
#1365 = CARTESIAN_POINT ( 'NONE',  ( 0.000000000000000000, 0.000000000000000000, 0.000000000000000000 ) ) ;
#1366 = PRODUCT_DEFINITION ( 'General', '', #521, #128 ) ;
#1367 = APPLIED_DOCUMENT_REFERENCE ( #1505,'',( #99) ) ;
#1368 = SHAPE_REPRESENTATION ( 'triangular coupling', ( #1577 ), #1105 ) ;
#1369 = DOCUMENT_TYPE ( 'geometry' ) ;
#1370 = DIRECTION ( 'NONE',  ( -0.9757646373871114998, -0.2188226963201005126, -5.008032824575104817E-11 ) ) ;
#1371 =( REPRESENTATION_RELATIONSHIP ('NONE','NONE', #900, #890 ) REPRESENTATION_RELATIONSHIP_WITH_TRANSFORMATION ( #911 )SHAPE_REPRESENTATION_RELATIONSHIP( ) );
#1372 = ITEM_DEFINED_TRANSFORMATION ( 'NONE', 'NONE', #1410,  #1299 ) ;
#1373 =( LENGTH_UNIT ( ) NAMED_UNIT ( * ) SI_UNIT ( .CENTI., .METRE. ) );
#1374 = APPLIED_DOCUMENT_REFERENCE ( #1230,'',( #518) ) ;
#1375 = PROPERTY_DEFINITION ('external definition','', #73 ) ;
#1376 = UNCERTAINTY_MEASURE_WITH_UNIT (LENGTH_MEASURE( 1.000000000000000082E-05 ), #967, 'distance_accuracy_value', 'NONE');
#1377 = CARTESIAN_POINT ( 'NONE',  ( 2.543813088888185359, 12.01801040001413590, 5.610415704486134914 ) ) ;
#1378 = APPLICATION_CONTEXT ( 'automotive_design' ) ;
#1379 =( REPRESENTATION_RELATIONSHIP ('NONE','NONE', #900, #890 ) REPRESENTATION_RELATIONSHIP_WITH_TRANSFORMATION ( #323 )SHAPE_REPRESENTATION_RELATIONSHIP( ) );
#1380 = CARTESIAN_POINT ( 'NONE',  ( 0.000000000000000000, 0.000000000000000000, 0.000000000000000000 ) ) ;
#1381 = ROLE_ASSOCIATION ( #1134, #208 ) ;
#1382 =( GEOMETRIC_REPRESENTATION_CONTEXT ( 3 ) GLOBAL_UNCERTAINTY_ASSIGNED_CONTEXT ( ( #1376 ) ) GLOBAL_UNIT_ASSIGNED_CONTEXT ( ( #967, #1474, #572 ) ) REPRESENTATION_CONTEXT ( 'NONE', 'WORKASPACE' ) );
#1383 = PRODUCT_DEFINITION_FORMATION_WITH_SPECIFIED_SOURCE ( 'Symmetric', '', #1312, .NOT_KNOWN. ) ;
#1384 = PRODUCT_RELATED_PRODUCT_CATEGORY ( 'part', '', ( #1284 ) ) ;
#1385 = DIRECTION ( 'NONE',  ( -5.312769428932005052E-18, -1.000000000000000444, 4.978136006131317256E-16 ) ) ;
#1386 = ITEM_DEFINED_TRANSFORMATION ( 'NONE', 'NONE', #143,  #1248 ) ;
#1387 =( LENGTH_UNIT ( ) NAMED_UNIT ( * ) SI_UNIT ( .CENTI., .METRE. ) );
#1388 = PROPERTY_DEFINITION ('external definition','', #410 ) ;
#1389 = PROPERTY_DEFINITION_REPRESENTATION ( #600, #890 ) ;
#1390 = IDENTIFICATION_ROLE ( 'external document id and location', $) ;
#1391 = PROPERTY_DEFINITION ('external definition','', #1300 ) ;
#1392 = EXTERNAL_SOURCE (IDENTIFIER('') ) ;
#1393 =( NAMED_UNIT ( * ) SI_UNIT ( $, .STERADIAN. ) SOLID_ANGLE_UNIT ( ) );
#1394 = PROPERTY_DEFINITION ('external definition','', #1271 ) ;
#1395 = IDENTIFICATION_ROLE ( 'external document id and location', $) ;
#1396 = UNCERTAINTY_MEASURE_WITH_UNIT (LENGTH_MEASURE( 1.000000000000000082E-05 ), #324, 'distance_accuracy_value', 'NONE');
#1397 = DIRECTION ( 'NONE',  ( -0.9757201939479112074, 1.082467449009527627E-15, -0.2190207823980418744 ) ) ;
#1398 = PROPERTY_DEFINITION_REPRESENTATION ( #980, #890 ) ;
#1399 =( REPRESENTATION_RELATIONSHIP ('NONE','NONE', #900, #217 ) REPRESENTATION_RELATIONSHIP_WITH_TRANSFORMATION ( #961 )SHAPE_REPRESENTATION_RELATIONSHIP( ) );
#1400 = DOCUMENT_FILE ( 'angular push bar coupling.STEP' , '', '', #750, '' ,$ ) ;
#1401 = DOCUMENT_TYPE ( 'geometry' ) ;
#1402 = CARTESIAN_POINT ( 'NONE',  ( 9.575899621471776868, -3.837028010810044520, -1.071201787655964299 ) ) ;
#1403 = PROPERTY_DEFINITION_REPRESENTATION ( #949, #335 ) ;
#1404 = PROPERTY_DEFINITION ('document property','', #815 ) ;
#1405 = DOCUMENT_FILE ( '6391K172_Oil-Embedded 841 Bronze Sleeve Bearing_6391K172.STEP' , '', '', #1522, '' ,$ ) ;
#1406 = DOCUMENT_TYPE ( 'geometry' ) ;
#1407 = PROPERTY_DEFINITION ('document property','', #1466 ) ;
#1408 = APPLICATION_CONTEXT ( 'automotive_design' ) ;
#1409 = CARTESIAN_POINT ( 'NONE',  ( 4.950899621060596445, -3.837028010809471201, 6.939533197112698559 ) ) ;
#1410 = AXIS2_PLACEMENT_3D ( 'NONE', #1340, #56, #434 ) ;
#1411 = OBJECT_ROLE ('mandatory',$ ) ;
#1412 = AXIS2_PLACEMENT_3D ( 'NONE', #450, #1484, #964 ) ;
#1413 = ITEM_DEFINED_TRANSFORMATION ( 'NONE', 'NONE', #832,  #1299 ) ;
#1414 = APPLIED_EXTERNAL_IDENTIFICATION_ASSIGNMENT ( '6391K125_Oil-Embedded 841 Bronze Sleeve Bearing_6391K125.STEP' , #773, #79,( #1574) ) ;
#1415 = EXTERNAL_SOURCE (IDENTIFIER('') ) ;
#1416 = CONTEXT_DEPENDENT_SHAPE_REPRESENTATION ( #1359, #1427 ) ;
#1417 = PRODUCT_DEFINITION ( 'General', '', #382, #408 ) ;
#1418 = PROPERTY_DEFINITION_REPRESENTATION ( #91, #844 ) ;
#1419 = PROPERTY_DEFINITION ('document property','', #564 ) ;
#1420 = PROPERTY_DEFINITION ('external definition','', #1505 ) ;
#1421 = SHAPE_REPRESENTATION ( 'socket head cap screw_am_B18.3.1M - 3 x 0.5 x 16 Hex SHCS -- 16NHX', ( #1248 ), #1332 ) ;
#1422 =( REPRESENTATION_RELATIONSHIP ('NONE','NONE', #900, #890 ) REPRESENTATION_RELATIONSHIP_WITH_TRANSFORMATION ( #1205 )SHAPE_REPRESENTATION_RELATIONSHIP( ) );
#1423 = DOCUMENT_TYPE ( 'geometry' ) ;
#1424 = PROPERTY_DEFINITION_REPRESENTATION ( #1537, #890 ) ;
#1425 = CARTESIAN_POINT ( 'NONE',  ( 2.352823410118456859, -3.837028010807593148, -1.071201788026692414 ) ) ;
#1426 = PROPERTY_DEFINITION_REPRESENTATION ( #160, #1421 ) ;
#1427 = PRODUCT_DEFINITION_SHAPE ( 'NONE', 'NONE',  #1659 ) ;
#1428 = PROPERTY_DEFINITION ('external definition','', #1068 ) ;
#1429 = APPLICATION_CONTEXT ( 'automotive_design' ) ;
#1430 = PRODUCT_DEFINITION_SHAPE ( 'NONE', 'NONE',  #1486 ) ;
#1431 = DOCUMENT_FILE ( '6391K172_Oil-Embedded 841 Bronze Sleeve Bearing_6391K172.STEP' , '', '', #603, '' ,$ ) ;
#1432 =( REPRESENTATION_RELATIONSHIP ('NONE','NONE', #900, #1421 ) REPRESENTATION_RELATIONSHIP_WITH_TRANSFORMATION ( #695 )SHAPE_REPRESENTATION_RELATIONSHIP( ) );
#1433 = APPLICATION_PROTOCOL_DEFINITION ( 'draft international standard', 'automotive_design', 1998, #55 ) ;
#1434 = ITEM_DEFINED_TRANSFORMATION ( 'NONE', 'NONE', #621,  #884 ) ;
#1435 = DIRECTION ( 'NONE',  ( 0.2956619833263987585, -0.9552926209363810095, 1.517483789629583553E-11 ) ) ;
#1436 = CONTEXT_DEPENDENT_SHAPE_REPRESENTATION ( #1371, #100 ) ;
#1437 = AXIS2_PLACEMENT_3D ( 'NONE', #1187, #1603, #685 ) ;
#1438 = PRODUCT_DEFINITION_FORMATION_WITH_SPECIFIED_SOURCE ( 'Symmetric', '', #1540, .NOT_KNOWN. ) ;
#1439 = DIRECTION ( 'NONE',  ( 0.000000000000000000, 0.000000000000000000, 1.000000000000000000 ) ) ;
#1440 = CARTESIAN_POINT ( 'NONE',  ( 2.352823409784274400, -1.987028010809467560, 5.439533196979343899 ) ) ;
#1441 = APPLIED_EXTERNAL_IDENTIFICATION_ASSIGNMENT ( '6391K172_Oil-Embedded 841 Bronze Sleeve Bearing_6391K172.STEP' , #1501, #971,( #73) ) ;
#1442 = PROPERTY_DEFINITION ('external definition','', #226 ) ;
#1443 = ROLE_ASSOCIATION ( #171, #687 ) ;
#1444 = UNCERTAINTY_MEASURE_WITH_UNIT (LENGTH_MEASURE( 1.000000000000000082E-05 ), #466, 'distance_accuracy_value', 'NONE');
#1445 = PRODUCT_CONTEXT ( 'NONE', #1288, 'mechanical' ) ;
#1446 = PROPERTY_DEFINITION_REPRESENTATION ( #1207, #335 ) ;
#1447 = OBJECT_ROLE ('mandatory',$ ) ;
#1448 = DIRECTION ( 'NONE',  ( -5.132414464868720955E-11, -2.593291968745846767E-16, 1.000000000000000000 ) ) ;
#1449 = ROLE_ASSOCIATION ( #295, #1552 ) ;
#1450 = OBJECT_ROLE ('mandatory',$ ) ;
#1451 = PRODUCT ( '6391K172_Oil-Embedded 841 Bronze Sleeve Bearing_6391K172', '6391K172_Oil-Embedded 841 Bronze Sleeve Bearing_6391K172', '', ( #270 ) ) ;
#1452 = APPLICATION_PROTOCOL_DEFINITION ( 'draft international standard', 'automotive_design', 1998, #935 ) ;
#1453 = PROPERTY_DEFINITION_REPRESENTATION ( #302, #335 ) ;
#1454 = OBJECT_ROLE ('mandatory',$ ) ;
#1455 = CARTESIAN_POINT ( 'NONE',  ( 6.447753251398603780, 2.103533313075240940, 1.737915704686499696 ) ) ;
#1456 = APPLIED_DOCUMENT_REFERENCE ( #815,'',( #189) ) ;
#1457 = PROPERTY_DEFINITION ('document property','', #226 ) ;
#1458 =( REPRESENTATION_RELATIONSHIP ('NONE','NONE', #900, #1421 ) REPRESENTATION_RELATIONSHIP_WITH_TRANSFORMATION ( #309 )SHAPE_REPRESENTATION_RELATIONSHIP( ) );
#1459 = APPLICATION_PROTOCOL_DEFINITION ( 'draft international standard', 'automotive_design', 1998, #1408 ) ;
#1460 = CARTESIAN_POINT ( 'NONE',  ( 7.931286217748569456, 12.69415959312051889, 3.645415704762642317 ) ) ;
#1461 = DOCUMENT_FILE ( '6391K172_Oil-Embedded 841 Bronze Sleeve Bearing_6391K172.STEP' , '', '', #1350, '' ,$ ) ;
#1462 =( GEOMETRIC_REPRESENTATION_CONTEXT ( 3 ) GLOBAL_UNCERTAINTY_ASSIGNED_CONTEXT ( ( #496 ) ) GLOBAL_UNIT_ASSIGNED_CONTEXT ( ( #1013, #1286, #1393 ) ) REPRESENTATION_CONTEXT ( 'NONE', 'WORKASPACE' ) );
#1463 = OBJECT_ROLE ('mandatory',$ ) ;
#1464 = AXIS2_PLACEMENT_3D ( 'NONE', #1250, #446, #827 ) ;
#1465 = IDENTIFICATION_ROLE ( 'external document id and location', $) ;
#1466 = DOCUMENT_FILE ( 'straight down pull bar linkage.STEP' , '', '', #1169, '' ,$ ) ;
#1467 = PRODUCT_RELATED_PRODUCT_CATEGORY ( 'part', '', ( #514 ) ) ;
#1468 = APPLICATION_PROTOCOL_DEFINITION ( 'draft international standard', 'automotive_design', 1998, #1378 ) ;
#1469 = PROPERTY_DEFINITION_REPRESENTATION ( #708, #335 ) ;
#1470 = PRODUCT_DEFINITION_SHAPE ( 'NONE', 'NONE',  #1655 ) ;
#1471 = CARTESIAN_POINT ( 'NONE',  ( 7.205774491312913810, 15.59206996169382187, 6.582915704725388117 ) ) ;
#1472 = PROPERTY_DEFINITION ('external definition','', #1574 ) ;
#1473 = PROPERTY_DEFINITION_REPRESENTATION ( #1033, #890 ) ;
#1474 =( NAMED_UNIT ( * ) PLANE_ANGLE_UNIT ( ) SI_UNIT ( $, .RADIAN. ) );
#1475 =( REPRESENTATION_RELATIONSHIP ('NONE','NONE', #900, #844 ) REPRESENTATION_RELATIONSHIP_WITH_TRANSFORMATION ( #352 )SHAPE_REPRESENTATION_RELATIONSHIP( ) );
#1476 = PROPERTY_DEFINITION_REPRESENTATION ( #878, #562 ) ;
#1477 = OBJECT_ROLE ('mandatory',$ ) ;
#1478 = DIRECTION ( 'NONE',  ( 1.000000000000000000, -1.546366894935058172E-17, 7.900810116740230183E-15 ) ) ;
#1479 = ROLE_ASSOCIATION ( #1191, #924 ) ;
#1480 = APPLIED_DOCUMENT_REFERENCE ( #191,'',( #189) ) ;
#1481 = PROPERTY_DEFINITION ('document property','', #1565 ) ;
#1482 = APPLIED_DOCUMENT_REFERENCE ( #1466,'',( #1289) ) ;
#1483 = APPLICATION_CONTEXT ( 'automotive_design' ) ;
#1484 = DIRECTION ( 'NONE',  ( -0.5168430846104581367, 5.809837313109784989E-16, -0.8560801515572865616 ) ) ;
#1485 = APPLIED_DOCUMENT_REFERENCE ( #226,'',( #824) ) ;
#1486 = PRODUCT_DEFINITION ( 'General', '', #436, #354 ) ;
#1487 = OBJECT_ROLE ('mandatory',$ ) ;
#1488 =( NAMED_UNIT ( * ) PLANE_ANGLE_UNIT ( ) SI_UNIT ( $, .RADIAN. ) );
#1489 = DIRECTION ( 'NONE',  ( 1.000000000000000000, 0.000000000000000000, 0.000000000000000000 ) ) ;
#1490 = AXIS2_PLACEMENT_3D ( 'NONE', #30, #806, #1178 ) ;
#1491 = APPLIED_EXTERNAL_IDENTIFICATION_ASSIGNMENT ( 'shoulder bar linkage.STEP' , #698, #563,( #1085) ) ;
#1492 = ITEM_DEFINED_TRANSFORMATION ( 'NONE', 'NONE', #432,  #1544 ) ;
#1493 = EXTERNAL_SOURCE (IDENTIFIER('') ) ;
#1494 = CARTESIAN_POINT ( 'NONE',  ( 9.575899621471776868, -1.987028010808757461, -1.071201787655963411 ) ) ;
#1495 = ITEM_DEFINED_TRANSFORMATION ( 'NONE', 'NONE', #699,  #1299 ) ;
#1496 = PROPERTY_DEFINITION_REPRESENTATION ( #1442, #1421 ) ;
#1497 = IDENTIFICATION_ROLE ( 'external document id and location', $) ;
#1498 = APPLIED_EXTERNAL_IDENTIFICATION_ASSIGNMENT ( 'Insert M3 D5 L5mm.STEP' , #788, #567,( #791) ) ;
#1499 = PRODUCT_DEFINITION_SHAPE ( 'NONE', 'NONE',  #1650 ) ;
#1500 = PROPERTY_DEFINITION_REPRESENTATION ( #863, #890 ) ;
#1501 = IDENTIFICATION_ROLE ( 'external document id and location', $) ;
#1502 = DIRECTION ( 'NONE',  ( 0.9990293411597235274, -0.04404969355136185288, 5.127451145985648972E-11 ) ) ;
#1503 = DIRECTION ( 'NONE',  ( 0.000000000000000000, 0.000000000000000000, 1.000000000000000000 ) ) ;
#1504 = IDENTIFICATION_ROLE ( 'external document id and location', $) ;
#1505 = DOCUMENT_FILE ( 'triangular coupling.STEP' , '', '', #592, '' ,$ ) ;
#1506 = PRODUCT_DEFINITION_SHAPE ( 'NONE', 'NONE',  #1623 ) ;
#1507 = DIRECTION ( 'NONE',  ( 5.132431715237735861E-11, 3.739695771843202671E-16, -1.000000000000000000 ) ) ;
#1508 = APPLIED_DOCUMENT_REFERENCE ( #84,'',( #189) ) ;
#1509 = DOCUMENT_TYPE ( 'geometry' ) ;
#1510 = CONTEXT_DEPENDENT_SHAPE_REPRESENTATION ( #243, #628 ) ;
#1511 = EXTERNAL_SOURCE (IDENTIFIER('') ) ;
#1512 = PROPERTY_DEFINITION ('external definition','', #149 ) ;
#1513 = CARTESIAN_POINT ( 'NONE',  ( 2.964361515700333793, 1.762971989192388733, 0.7729157045079924071 ) ) ;
#1514 = ITEM_DEFINED_TRANSFORMATION ( 'NONE', 'NONE', #299,  #1248 ) ;
#1515 = PROPERTY_DEFINITION ('external definition','', #652 ) ;
#1516 = CARTESIAN_POINT ( 'NONE',  ( 0.000000000000000000, 0.000000000000000000, 0.000000000000000000 ) ) ;
#1517 = AXIS2_PLACEMENT_3D ( 'NONE', #476, #1612, #230 ) ;
#1518 =( REPRESENTATION_RELATIONSHIP ('NONE','NONE', #900, #1132 ) REPRESENTATION_RELATIONSHIP_WITH_TRANSFORMATION ( #468 )SHAPE_REPRESENTATION_RELATIONSHIP( ) );
#1519 = PRODUCT_RELATED_PRODUCT_CATEGORY ( 'part', '', ( #1540 ) ) ;
#1520 = PROPERTY_DEFINITION_REPRESENTATION ( #229, #844 ) ;
#1521 = PRODUCT_DEFINITION_FORMATION_WITH_SPECIFIED_SOURCE ( 'Symmetric', '', #1185, .NOT_KNOWN. ) ;
#1522 = DOCUMENT_TYPE ( 'geometry' ) ;
#1523 = DIRECTION ( 'NONE',  ( 6.541425050184791486E-17, 1.000000000000000000, -2.314736901355264759E-17 ) ) ;
#1524 = APPLIED_DOCUMENT_REFERENCE ( #1118,'',( #824) ) ;
#1525 =( REPRESENTATION_RELATIONSHIP ('NONE','NONE', #900, #890 ) REPRESENTATION_RELATIONSHIP_WITH_TRANSFORMATION ( #132 )SHAPE_REPRESENTATION_RELATIONSHIP( ) );
#1526 = PROPERTY_DEFINITION_REPRESENTATION ( #992, #890 ) ;
#1527 = EXTERNAL_SOURCE (IDENTIFIER('') ) ;
#1528 = PROPERTY_DEFINITION ('document property','', #1268 ) ;
#1529 = PRODUCT_DEFINITION_SHAPE ( 'NONE', 'NONE',  #1060 ) ;
#1530 = DIRECTION ( 'NONE',  ( -1.203566055412580438E-15, -1.000000000000000000, 1.387778780781445676E-16 ) ) ;
#1531 = APPLIED_DOCUMENT_REFERENCE ( #1547,'',( #897) ) ;
#1532 =( REPRESENTATION_RELATIONSHIP ('NONE','NONE', #900, #890 ) REPRESENTATION_RELATIONSHIP_WITH_TRANSFORMATION ( #1413 )SHAPE_REPRESENTATION_RELATIONSHIP( ) );
#1533 = PROPERTY_DEFINITION_REPRESENTATION ( #1557, #890 ) ;
#1534 = DOCUMENT_TYPE ( 'geometry' ) ;
#1535 = DIRECTION ( 'NONE',  ( 1.000000000000000000, 0.000000000000000000, 0.000000000000000000 ) ) ;
#1536 = ROLE_ASSOCIATION ( #340, #506 ) ;
#1537 = PROPERTY_DEFINITION ('document property','', #191 ) ;
#1538 = ROLE_ASSOCIATION ( #636, #138 ) ;
#1539 = PRODUCT_RELATED_PRODUCT_CATEGORY ( 'part', '', ( #1198 ) ) ;
#1540 = PRODUCT ( 'shoulder bar linkage', 'shoulder bar linkage', '', ( #1344 ) ) ;
#1541 = OBJECT_ROLE ('mandatory',$ ) ;
#1542 = IDENTIFICATION_ROLE ( 'external document id and location', $) ;
#1543 = CONTEXT_DEPENDENT_SHAPE_REPRESENTATION ( #838, #1129 ) ;
#1544 = AXIS2_PLACEMENT_3D ( 'NONE', #1121, #1503, #1005 ) ;
#1545 = PRODUCT_DEFINITION_CONTEXT ( 'detailed design', #55, 'design' ) ;
#1546 = CARTESIAN_POINT ( 'NONE',  ( 1.339361515551038773, -3.837028010808480438, 3.684165704424315901 ) ) ;
#1547 = DOCUMENT_FILE ( 'Insert M3 D5 L5mm.STEP' , '', '', #953, '' ,$ ) ;
#1548 = AXIS2_PLACEMENT_3D ( 'NONE', #599, #120, #129 ) ;
#1549 = CONTEXT_DEPENDENT_SHAPE_REPRESENTATION ( #786, #510 ) ;
#1550 = APPLIED_EXTERNAL_IDENTIFICATION_ASSIGNMENT ( '6391K172_Oil-Embedded 841 Bronze Sleeve Bearing_6391K172.STEP' , #742, #762,( #833) ) ;
#1551 = SHAPE_REPRESENTATION ( 'angular push bar coupling', ( #349 ), #1273 ) ;
#1552 = APPLIED_DOCUMENT_REFERENCE ( #1461,'',( #189) ) ;
#1553 = APPLICATION_CONTEXT ( 'automotive_design' ) ;
#1554 = DIRECTION ( 'NONE',  ( 1.000000000000000000, 0.000000000000000000, 0.000000000000000000 ) ) ;
#1555 = CARTESIAN_POINT ( 'NONE',  ( 2.964361515749267095, 1.762971989192372080, -0.1795842954920075785 ) ) ;
#1556 = APPLIED_DOCUMENT_REFERENCE ( #256,'',( #236) ) ;
#1557 = PROPERTY_DEFINITION ('external definition','', #883 ) ;
#1558 = EXTERNAL_SOURCE (IDENTIFIER('') ) ;
#1559 = CARTESIAN_POINT ( 'NONE',  ( 9.575899621137596185, -3.837028010809472089, 5.439533197350085558 ) ) ;
#1560 = PROPERTY_DEFINITION ('external definition','', #1400 ) ;
#1561 = DOCUMENT_FILE ( 'Insert M3 D5 L5mm.STEP' , '', '', #316, '' ,$ ) ;
#1562 = PROPERTY_DEFINITION_REPRESENTATION ( #214, #890 ) ;
#1563 = CONTEXT_DEPENDENT_SHAPE_REPRESENTATION ( #426, #627 ) ;
#1564 = SHAPE_DEFINITION_REPRESENTATION ( #1269, #562 ) ;
#1565 = DOCUMENT_FILE ( 'Insert M3 D5 L5mm.STEP' , '', '', #715, '' ,$ ) ;
#1566 = DOCUMENT_TYPE ( 'geometry' ) ;
#1567 = PROPERTY_DEFINITION ('document property','', #973 ) ;
#1568 = PROPERTY_DEFINITION_REPRESENTATION ( #1391, #890 ) ;
#1569 = DOCUMENT_TYPE ( 'geometry' ) ;
#1570 = PROPERTY_DEFINITION ('external definition','', #438 ) ;
#1571 = PRODUCT_DEFINITION_SHAPE ( 'NONE', 'NONE',  #1652 ) ;
#1572 = CARTESIAN_POINT ( 'NONE',  ( 0.000000000000000000, 0.000000000000000000, 0.000000000000000000 ) ) ;
#1573 = PRODUCT_DEFINITION_SHAPE ( 'NONE', 'NONE',  #1615 ) ;
#1574 = DOCUMENT_FILE ( '6391K125_Oil-Embedded 841 Bronze Sleeve Bearing_6391K125.STEP' , '', '', #1369, '' ,$ ) ;
#1575 = APPLICATION_PROTOCOL_DEFINITION ( 'draft international standard', 'automotive_design', 1998, #86 ) ;
#1576 = ROLE_ASSOCIATION ( #448, #927 ) ;
#1577 = AXIS2_PLACEMENT_3D ( 'NONE', #981, #968, #1489 ) ;
#1578 = APPLICATION_CONTEXT ( 'automotive_design' ) ;
#1579 = DIRECTION ( 'NONE',  ( -5.132434106781232030E-11, -2.538627505809741118E-16, 0.9999999999999998890 ) ) ;
#1580 = PROPERTY_DEFINITION_REPRESENTATION ( #1428, #1421 ) ;
#1581 = PRODUCT_DEFINITION_FORMATION_WITH_SPECIFIED_SOURCE ( 'Symmetric', '', #514, .NOT_KNOWN. ) ;
#1582 = DOCUMENT_TYPE ( 'geometry' ) ;
#1583 = DIRECTION ( 'NONE',  ( 1.000000000000000000, 0.000000000000000000, 0.000000000000000000 ) ) ;
#1584 = PRODUCT_DEFINITION_SHAPE ( 'NONE', 'NONE',  #1664 ) ;
#1585 = APPLIED_EXTERNAL_IDENTIFICATION_ASSIGNMENT ( 'Insert M3 D5 L5mm.STEP' , #738, #1139,( #410) ) ;
#1586 = APPLICATION_PROTOCOL_DEFINITION ( 'draft international standard', 'automotive_design', 1998, #1578 ) ;
#1587 = PROPERTY_DEFINITION_REPRESENTATION ( #173, #1257 ) ;
#1588 = DIRECTION ( 'NONE',  ( -5.132414464868715785E-11, -2.093004134914886972E-16, 1.000000000000000000 ) ) ;
#1589 = APPLIED_DOCUMENT_REFERENCE ( #1075,'',( #824) ) ;
#1590 = PROPERTY_DEFINITION ('external definition','', #1085 ) ;
#1591 = DOCUMENT_TYPE ( 'geometry' ) ;
#1592 = DOCUMENT_TYPE ( 'geometry' ) ;
#1593 = OBJECT_ROLE ('mandatory',$ ) ;
#1594 = SHAPE_DEFINITION_REPRESENTATION ( #51, #958 ) ;
#1595 = APPLIED_DOCUMENT_REFERENCE ( #791,'',( #897) ) ;
#1596 = CARTESIAN_POINT ( 'NONE',  ( -0.6189192602684333577, 13.87918224183177784, 5.059165704323807411 ) ) ;
#1597 = CONTEXT_DEPENDENT_SHAPE_REPRESENTATION ( #196, #587 ) ;
#1598 = PROPERTY_DEFINITION ('external definition','', #772 ) ;
#1599 = IDENTIFICATION_ROLE ( 'external document id and location', $) ;
#1600 = PRODUCT_CONTEXT ( 'NONE', #1315, 'mechanical' ) ;
#1601 = CONTEXT_DEPENDENT_SHAPE_REPRESENTATION ( #482, #190 ) ;
#1602 = IDENTIFICATION_ROLE ( 'external document id and location', $) ;
#1603 = DIRECTION ( 'NONE',  ( -5.132438889868857032E-11, -1.364909862772508007E-17, 1.000000000000000000 ) ) ;
#1604 = CONTEXT_DEPENDENT_SHAPE_REPRESENTATION ( #721, #1090 ) ;
#1605 = AXIS2_PLACEMENT_3D ( 'NONE', #1402, #763, #864 ) ;
#1606 = APPLIED_EXTERNAL_IDENTIFICATION_ASSIGNMENT ( '6391K125_Oil-Embedded 841 Bronze Sleeve Bearing_6391K125.STEP' , #719, #471,( #652) ) ;
#1607 = APPLICATION_CONTEXT ( 'automotive_design' ) ;
#1608 = PROPERTY_DEFINITION_REPRESENTATION ( #281, #1132 ) ;
#1609 = CONTEXT_DEPENDENT_SHAPE_REPRESENTATION ( #765, #1223 ) ;
#1610 = APPLIED_EXTERNAL_IDENTIFICATION_ASSIGNMENT ( 'socket head cap screw_am_B18.3.1M - 3 x 0.5 x 16 Hex SHCS -- 16NHX.STEP' , #1011, #1063,( #451) ) ;
#1611 = PROPERTY_DEFINITION ('document property','', #791 ) ;
#1612 = DIRECTION ( 'NONE',  ( 0.000000000000000000, 0.000000000000000000, 1.000000000000000000 ) ) ;
#1613 = NEXT_ASSEMBLY_USAGE_OCCURRENCE ( 'NAUO39', ' ', ' ', #875, #1119, $ ) ;
#1614 = NEXT_ASSEMBLY_USAGE_OCCURRENCE ( 'NAUO40', ' ', ' ', #875, #145, $ ) ;
#1615 = NEXT_ASSEMBLY_USAGE_OCCURRENCE ( 'NAUO41', ' ', ' ', #875, #99, $ ) ;
#1616 = NEXT_ASSEMBLY_USAGE_OCCURRENCE ( 'NAUO42', ' ', ' ', #875, #385, $ ) ;
#1617 = NEXT_ASSEMBLY_USAGE_OCCURRENCE ( 'NAUO43', ' ', ' ', #875, #1289, $ ) ;
#1618 = NEXT_ASSEMBLY_USAGE_OCCURRENCE ( 'NAUO44', ' ', ' ', #875, #518, $ ) ;
#1619 = NEXT_ASSEMBLY_USAGE_OCCURRENCE ( 'NAUO45', ' ', ' ', #875, #1486, $ ) ;
#1620 = NEXT_ASSEMBLY_USAGE_OCCURRENCE ( 'NAUO46', ' ', ' ', #875, #1060, $ ) ;
#1621 = NEXT_ASSEMBLY_USAGE_OCCURRENCE ( 'NAUO47', ' ', ' ', #875, #1366, $ ) ;
#1622 = NEXT_ASSEMBLY_USAGE_OCCURRENCE ( 'NAUO48', ' ', ' ', #875, #236, $ ) ;
#1623 = NEXT_ASSEMBLY_USAGE_OCCURRENCE ( 'NAUO49', ' ', ' ', #875, #236, $ ) ;
#1624 = NEXT_ASSEMBLY_USAGE_OCCURRENCE ( 'NAUO50', ' ', ' ', #875, #236, $ ) ;
#1625 = NEXT_ASSEMBLY_USAGE_OCCURRENCE ( 'NAUO51', ' ', ' ', #875, #236, $ ) ;
#1626 = NEXT_ASSEMBLY_USAGE_OCCURRENCE ( 'NAUO52', ' ', ' ', #875, #236, $ ) ;
#1627 = NEXT_ASSEMBLY_USAGE_OCCURRENCE ( 'NAUO53', ' ', ' ', #875, #236, $ ) ;
#1628 = NEXT_ASSEMBLY_USAGE_OCCURRENCE ( 'NAUO54', ' ', ' ', #875, #189, $ ) ;
#1629 = NEXT_ASSEMBLY_USAGE_OCCURRENCE ( 'NAUO55', ' ', ' ', #875, #189, $ ) ;
#1630 = NEXT_ASSEMBLY_USAGE_OCCURRENCE ( 'NAUO56', ' ', ' ', #875, #189, $ ) ;
#1631 = NEXT_ASSEMBLY_USAGE_OCCURRENCE ( 'NAUO57', ' ', ' ', #875, #189, $ ) ;
#1632 = NEXT_ASSEMBLY_USAGE_OCCURRENCE ( 'NAUO58', ' ', ' ', #875, #189, $ ) ;
#1633 = NEXT_ASSEMBLY_USAGE_OCCURRENCE ( 'NAUO59', ' ', ' ', #875, #189, $ ) ;
#1634 = NEXT_ASSEMBLY_USAGE_OCCURRENCE ( 'NAUO60', ' ', ' ', #875, #189, $ ) ;
#1635 = NEXT_ASSEMBLY_USAGE_OCCURRENCE ( 'NAUO61', ' ', ' ', #875, #189, $ ) ;
#1636 = NEXT_ASSEMBLY_USAGE_OCCURRENCE ( 'NAUO62', ' ', ' ', #875, #189, $ ) ;
#1637 = NEXT_ASSEMBLY_USAGE_OCCURRENCE ( 'NAUO63', ' ', ' ', #875, #189, $ ) ;
#1638 = NEXT_ASSEMBLY_USAGE_OCCURRENCE ( 'NAUO64', ' ', ' ', #875, #189, $ ) ;
#1639 = NEXT_ASSEMBLY_USAGE_OCCURRENCE ( 'NAUO65', ' ', ' ', #875, #189, $ ) ;
#1640 = NEXT_ASSEMBLY_USAGE_OCCURRENCE ( 'NAUO66', ' ', ' ', #875, #189, $ ) ;
#1641 = NEXT_ASSEMBLY_USAGE_OCCURRENCE ( 'NAUO67', ' ', ' ', #875, #189, $ ) ;
#1642 = NEXT_ASSEMBLY_USAGE_OCCURRENCE ( 'NAUO68', ' ', ' ', #875, #189, $ ) ;
#1643 = NEXT_ASSEMBLY_USAGE_OCCURRENCE ( 'NAUO69', ' ', ' ', #875, #189, $ ) ;
#1644 = NEXT_ASSEMBLY_USAGE_OCCURRENCE ( 'NAUO70', ' ', ' ', #875, #189, $ ) ;
#1645 = NEXT_ASSEMBLY_USAGE_OCCURRENCE ( 'NAUO71', ' ', ' ', #875, #189, $ ) ;
#1646 = NEXT_ASSEMBLY_USAGE_OCCURRENCE ( 'NAUO72', ' ', ' ', #875, #189, $ ) ;
#1647 = NEXT_ASSEMBLY_USAGE_OCCURRENCE ( 'NAUO73', ' ', ' ', #875, #189, $ ) ;
#1648 = NEXT_ASSEMBLY_USAGE_OCCURRENCE ( 'NAUO74', ' ', ' ', #875, #189, $ ) ;
#1649 = NEXT_ASSEMBLY_USAGE_OCCURRENCE ( 'NAUO75', ' ', ' ', #875, #189, $ ) ;
#1650 = NEXT_ASSEMBLY_USAGE_OCCURRENCE ( 'NAUO76', ' ', ' ', #875, #1417, $ ) ;
#1651 = NEXT_ASSEMBLY_USAGE_OCCURRENCE ( 'NAUO77', ' ', ' ', #875, #824, $ ) ;
#1652 = NEXT_ASSEMBLY_USAGE_OCCURRENCE ( 'NAUO78', ' ', ' ', #875, #824, $ ) ;
#1653 = NEXT_ASSEMBLY_USAGE_OCCURRENCE ( 'NAUO79', ' ', ' ', #875, #824, $ ) ;
#1654 = NEXT_ASSEMBLY_USAGE_OCCURRENCE ( 'NAUO80', ' ', ' ', #875, #824, $ ) ;
#1655 = NEXT_ASSEMBLY_USAGE_OCCURRENCE ( 'NAUO81', ' ', ' ', #875, #824, $ ) ;
#1656 = NEXT_ASSEMBLY_USAGE_OCCURRENCE ( 'NAUO82', ' ', ' ', #875, #824, $ ) ;
#1657 = NEXT_ASSEMBLY_USAGE_OCCURRENCE ( 'NAUO83', ' ', ' ', #875, #824, $ ) ;
#1658 = NEXT_ASSEMBLY_USAGE_OCCURRENCE ( 'NAUO84', ' ', ' ', #875, #824, $ ) ;
#1659 = NEXT_ASSEMBLY_USAGE_OCCURRENCE ( 'NAUO85', ' ', ' ', #875, #824, $ ) ;
#1660 = NEXT_ASSEMBLY_USAGE_OCCURRENCE ( 'NAUO86', ' ', ' ', #875, #824, $ ) ;
#1661 = NEXT_ASSEMBLY_USAGE_OCCURRENCE ( 'NAUO87', ' ', ' ', #875, #824, $ ) ;
#1662 = NEXT_ASSEMBLY_USAGE_OCCURRENCE ( 'NAUO88', ' ', ' ', #875, #824, $ ) ;
#1663 = NEXT_ASSEMBLY_USAGE_OCCURRENCE ( 'NAUO89', ' ', ' ', #875, #897, $ ) ;
#1664 = NEXT_ASSEMBLY_USAGE_OCCURRENCE ( 'NAUO90', ' ', ' ', #875, #897, $ ) ;
#1665 = NEXT_ASSEMBLY_USAGE_OCCURRENCE ( 'NAUO91', ' ', ' ', #875, #897, $ ) ;
#1666 = NEXT_ASSEMBLY_USAGE_OCCURRENCE ( 'NAUO92', ' ', ' ', #875, #897, $ ) ;
#1667 = NEXT_ASSEMBLY_USAGE_OCCURRENCE ( 'NAUO93', ' ', ' ', #875, #897, $ ) ;
#1668 = NEXT_ASSEMBLY_USAGE_OCCURRENCE ( 'NAUO94', ' ', ' ', #875, #897, $ ) ;
#1669 = NEXT_ASSEMBLY_USAGE_OCCURRENCE ( 'NAUO95', ' ', ' ', #875, #897, $ ) ;
#1670 = NEXT_ASSEMBLY_USAGE_OCCURRENCE ( 'NAUO96', ' ', ' ', #875, #897, $ ) ;
#1671 = NEXT_ASSEMBLY_USAGE_OCCURRENCE ( 'NAUO97', ' ', ' ', #875, #897, $ ) ;
#1672 = NEXT_ASSEMBLY_USAGE_OCCURRENCE ( 'NAUO98', ' ', ' ', #875, #897, $ ) ;
#1673 = NEXT_ASSEMBLY_USAGE_OCCURRENCE ( 'NAUO99', ' ', ' ', #875, #897, $ ) ;
#1674 = NEXT_ASSEMBLY_USAGE_OCCURRENCE ( 'NAUO100', ' ', ' ', #875, #897, $ ) ;
#1675 = NEXT_ASSEMBLY_USAGE_OCCURRENCE ( 'NAUO101', ' ', ' ', #875, #1204, $ ) ;
ENDSEC;
END-ISO-10303-21;
