ISO-10303-21;
HEADER;
FILE_DESCRIPTION (( 'STEP AP214' ),
    '1' );
FILE_NAME ('top housing.STEP',
    '2026-09-17T14:21:09',
    ( '' ),
    ( '' ),
    'SwSTEP 2.0',
    'SolidWorks 2025',
    '' );
FILE_SCHEMA (( 'AUTOMOTIVE_DESIGN' ));
ENDSEC;

DATA;
#1 = CARTESIAN_POINT ( 'NONE',  ( 39.27160173760921680, 93.64956645368118870, -6.035533905932755516 ) ) ;
#2 = CARTESIAN_POINT ( 'NONE',  ( 9.144530489145248353, 79.43509914178196141, 6.584936490538890297 ) ) ;
#3 = VECTOR ( 'NONE', #4587, 1000.000000000000000 ) ;
#4 = CARTESIAN_POINT ( 'NONE',  ( -55.77482360172432863, 82.33935523148419122, -0.7322330470336509967 ) ) ;
#5 = ORIENTED_EDGE ( 'NONE', *, *, #1580, .T. ) ;
#6 = FACE_OUTER_BOUND ( 'NONE', #3982, .T. ) ;
#7 = ORIENTED_EDGE ( 'NONE', *, *, #4177, .T. ) ;
#8 = CARTESIAN_POINT ( 'NONE',  ( -3.838730668348500075, 121.0863912537485731, 10.00000000000000000 ) ) ;
#9 = ADVANCED_FACE ( 'NONE', ( #4160 ), #3431, .T. ) ;
#10 = CARTESIAN_POINT ( 'NONE',  ( -36.77214036384444285, 128.7649068796660003, -4.607942696829291584 ) ) ;
#11 =( BOUNDED_CURVE ( )  B_SPLINE_CURVE ( 3, ( #2304, #271, #5171, #1512 ),
 .UNSPECIFIED., .F., .T. ) 
 B_SPLINE_CURVE_WITH_KNOTS ( ( 4, 4 ),
 ( 3.273637192805648688, 3.334121591541531426 ),
 .UNSPECIFIED. ) 
 CURVE ( )  GEOMETRIC_REPRESENTATION_ITEM ( )  RATIONAL_B_SPLINE_CURVE ( ( 1.000000000000000000, 0.9996951596938661311, 0.9996951596938661311, 1.000000000000000000 ) ) 
 REPRESENTATION_ITEM ( '' )  );
#12 = ORIENTED_EDGE ( 'NONE', *, *, #3925, .T. ) ;
#13 = FACE_OUTER_BOUND ( 'NONE', #1060, .T. ) ;
#14 = EDGE_CURVE ( 'NONE', #1809, #2412, #5068, .T. ) ;
#15 = CARTESIAN_POINT ( 'NONE',  ( -24.04488600962826084, 75.73282235073696711, 10.00000000000000000 ) ) ;
#16 = CARTESIAN_POINT ( 'NONE',  ( -2.716781690884938955E-28, -7.738773267559396372E-29, 8.239936510889833698E-15 ) ) ;
#17 = EDGE_LOOP ( 'NONE', ( #2049, #2431, #3486, #582 ) ) ;
#18 = CARTESIAN_POINT ( 'NONE',  ( 67.87792490842917914, 23.14346027173074916, -1.714938773058538590 ) ) ;
#19 = DIRECTION ( 'NONE',  ( -0.9950255607062670204, -0.09961994549877452310, 0.000000000000000000 ) ) ;
#20 = AXIS2_PLACEMENT_3D ( 'NONE', #67, #1709, #1435 ) ;
#21 = CARTESIAN_POINT ( 'NONE',  ( -10.27008277174995499, 86.89519779516678000, 0.000000000000000000 ) ) ;
#22 = DIRECTION ( 'NONE',  ( -0.1439345685724646440, -0.5100290538000100682, -0.8480290114434322346 ) ) ;
#23 = VERTEX_POINT ( 'NONE', #1357 ) ;
#24 = DIRECTION ( 'NONE',  ( 1.000000000000000000, 0.000000000000000000, 0.000000000000000000 ) ) ;
#25 = CARTESIAN_POINT ( 'NONE',  ( -32.69049899859109587, 131.1996431754139394, -3.004885770638681119 ) ) ;
#26 = CARTESIAN_POINT ( 'NONE',  ( 23.56812620346355303, 63.02290456860932011, -4.380989047643439463E-28 ) ) ;
#27 = AXIS2_PLACEMENT_3D ( 'NONE', #1436, #4245, #3030 ) ;
#28 = CARTESIAN_POINT ( 'NONE',  ( 8.098693842866211412, -68.52307026133263435, 0.000000000000000000 ) ) ;
#29 = CARTESIAN_POINT ( 'NONE',  ( -4.220190885584959695, 124.3139271718548144, 10.00000000000000000 ) ) ;
#30 = ORIENTED_EDGE ( 'NONE', *, *, #720, .T. ) ;
#31 = CARTESIAN_POINT ( 'NONE',  ( 21.94455111692069593, 62.79386176023650279, -0.1205581174206307726 ) ) ;
#32 = ORIENTED_EDGE ( 'NONE', *, *, #4097, .T. ) ;
#33 = DIRECTION ( 'NONE',  ( 0.000000000000000000, -1.000000000000000000, 0.000000000000000000 ) ) ;
#34 = VECTOR ( 'NONE', #3307, 1000.000000000000000 ) ;
#35 = CARTESIAN_POINT ( 'NONE',  ( 65.00292490842842597, 23.14346027173155562, -10.00000000000000888 ) ) ;
#36 = VECTOR ( 'NONE', #1539, 1000.000000000000000 ) ;
#37 = DIRECTION ( 'NONE',  ( 0.1278374938784040404, 0.9508629099039398458, 0.2819881233809343746 ) ) ;
#38 = ORIENTED_EDGE ( 'NONE', *, *, #604, .F. ) ;
#39 = EDGE_CURVE ( 'NONE', #2068, #913, #95, .T. ) ;
#40 = DIRECTION ( 'NONE',  ( -0.000000000000000000, -0.000000000000000000, -1.000000000000000000 ) ) ;
#41 = AXIS2_PLACEMENT_3D ( 'NONE', #588, #3362, #917 ) ;
#42 = AXIS2_PLACEMENT_3D ( 'NONE', #2853, #426, #2059 ) ;
#43 = EDGE_CURVE ( 'NONE', #754, #2315, #2079, .T. ) ;
#44 = CARTESIAN_POINT ( 'NONE',  ( -8.078151442423990858, 136.8658545718253379, -5.054100272542178196 ) ) ;
#45 = ORIENTED_EDGE ( 'NONE', *, *, #119, .F. ) ;
#46 = CARTESIAN_POINT ( 'NONE',  ( 14.56355846361122630, 78.20810211415690105, 6.938893903907228378E-15 ) ) ;
#47 = DIRECTION ( 'NONE',  ( 1.000000000000000000, 0.000000000000000000, 0.000000000000000000 ) ) ;
#48 = CIRCLE ( 'NONE', #1259, 2.499999999999998668 ) ;
#49 = ADVANCED_FACE ( 'NONE', ( #4626 ), #3946, .T. ) ;
#50 = LINE ( 'NONE', #1316, #370 ) ;
#51 = EDGE_CURVE ( 'NONE', #953, #3571, #2597, .T. ) ;
#52 = DIRECTION ( 'NONE',  ( 0.000000000000000000, -1.000000000000000000, 3.572180275712047210E-30 ) ) ;
#53 = ORIENTED_EDGE ( 'NONE', *, *, #1256, .F. ) ;
#54 = DIRECTION ( 'NONE',  ( -5.657338475244857780E-60, -1.000000000000000000, 3.581290393448283579E-30 ) ) ;
#55 = CARTESIAN_POINT ( 'NONE',  ( 7.384824446639370451E-15, 66.41978486437361084, -0.1546900850762781277 ) ) ;
#56 = DIRECTION ( 'NONE',  ( 0.000000000000000000, -0.000000000000000000, -1.000000000000000000 ) ) ;
#57 = EDGE_CURVE ( 'NONE', #427, #3324, #4820, .T. ) ;
#58 = CARTESIAN_POINT ( 'NONE',  ( -48.44587600542994466, 113.5674496644318197, -1.570065785524452862 ) ) ;
#59 = CARTESIAN_POINT ( 'NONE',  ( 61.28736606976934098, -35.31157815858637861, -0.7322330470335971508 ) ) ;
#60 = ORIENTED_EDGE ( 'NONE', *, *, #3430, .F. ) ;
#61 = LINE ( 'NONE', #2486, #1592 ) ;
#62 = ORIENTED_EDGE ( 'NONE', *, *, #4530, .T. ) ;
#63 = CARTESIAN_POINT ( 'NONE',  ( -26.29223152596105351, 133.8517604459846666, -3.572450661324464427 ) ) ;
#64 = CARTESIAN_POINT ( 'NONE',  ( -50.49977897948419781, -46.96668933044984584, 0.000000000000000000 ) ) ;
#65 = DIRECTION ( 'NONE',  ( -0.1173723745342945268, 0.9930879748019211251, 0.000000000000000000 ) ) ;
#66 = ORIENTED_EDGE ( 'NONE', *, *, #2391, .T. ) ;
#67 = CARTESIAN_POINT ( 'NONE',  ( 0.000000000000000000, 0.000000000000000000, -0.7322330470335980390 ) ) ;
#68 = CARTESIAN_POINT ( 'NONE',  ( -5.380172975136480851, 136.6561744138535062, -4.144948565950993924 ) ) ;
#69 = EDGE_LOOP ( 'NONE', ( #778, #3798, #4861, #5196 ) ) ;
#70 = AXIS2_PLACEMENT_3D ( 'NONE', #243, #4745, #3073 ) ;
#71 = EDGE_CURVE ( 'NONE', #2081, #1793, #1757, .T. ) ;
#72 =( BOUNDED_CURVE ( )  B_SPLINE_CURVE ( 3, ( #2750, #1559, #731, #4429 ),
 .UNSPECIFIED., .F., .T. ) 
 B_SPLINE_CURVE_WITH_KNOTS ( ( 4, 4 ),
 ( 2.920857120939905904, 3.000449412042331954 ),
 .UNSPECIFIED. ) 
 CURVE ( )  GEOMETRIC_REPRESENTATION_ITEM ( )  RATIONAL_B_SPLINE_CURVE ( ( 1.000000000000000000, 0.9994721586019343906, 0.9994721586019343906, 1.000000000000000000 ) ) 
 REPRESENTATION_ITEM ( '' )  );
#73 = EDGE_CURVE ( 'NONE', #4188, #1534, #3494, .T. ) ;
#74 = CARTESIAN_POINT ( 'NONE',  ( -9.248074031850746834, 136.8847516853103912, -6.035533905932699561 ) ) ;
#75 = CARTESIAN_POINT ( 'NONE',  ( 64.61196701790332497, 25.99691263372912431, -0.08849534501660336061 ) ) ;
#76 = ORIENTED_EDGE ( 'NONE', *, *, #173, .T. ) ;
#77 = VERTEX_POINT ( 'NONE', #4573 ) ;
#78 = CARTESIAN_POINT ( 'NONE',  ( -49.72979813570562158, 110.0115989610878415, -0.7322330470336095853 ) ) ;
#79 = CIRCLE ( 'NONE', #3230, 1.250000000000013101 ) ;
#80 = DIRECTION ( 'NONE',  ( 0.9930879748019212361, 0.1173723745342948321, -4.274534918971803639E-18 ) ) ;
#81 = UNCERTAINTY_MEASURE_WITH_UNIT (LENGTH_MEASURE( 1.000000000000000082E-05 ), #2739, 'distance_accuracy_value', 'NONE');
#82 = CYLINDRICAL_SURFACE ( 'NONE', #887, 2.875000000000002665 ) ;
#83 = DIRECTION ( 'NONE',  ( 0.000000000000000000, 0.000000000000000000, 1.000000000000000000 ) ) ;
#84 = EDGE_LOOP ( 'NONE', ( #4761, #184, #329, #4550 ) ) ;
#85 = LINE ( 'NONE', #2890, #906 ) ;
#86 = ORIENTED_EDGE ( 'NONE', *, *, #1105, .F. ) ;
#87 = CARTESIAN_POINT ( 'NONE',  ( -28.58072309719684867, 133.4314227691736505, -4.264079909303392313 ) ) ;
#88 = DIRECTION ( 'NONE',  ( 1.000000000000000000, 0.000000000000000000, 0.000000000000000000 ) ) ;
#89 = VECTOR ( 'NONE', #3203, 1000.000000000000000 ) ;
#90 = CARTESIAN_POINT ( 'NONE',  ( -45.65408608762553655, 113.5684244118290422, -0.01826335498256300566 ) ) ;
#91 = FACE_OUTER_BOUND ( 'NONE', #757, .T. ) ;
#92 = VERTEX_POINT ( 'NONE', #3796 ) ;
#93 = ADVANCED_FACE ( 'NONE', ( #5097 ), #144, .F. ) ;
#94 = DIRECTION ( 'NONE',  ( 1.000000000000000000, 0.000000000000000000, 0.000000000000000000 ) ) ;
#95 = B_SPLINE_CURVE_WITH_KNOTS ( 'NONE', 3,
 ( #4679, #115, #90, #5017, #3847, #2203, #2973, #1406, #2123, #599 ),
 .UNSPECIFIED., .F., .F.,
 ( 4, 2, 2, 2, 4 ),
 ( 0.0006756306517656269096, 0.001195625954635072020, 0.001715621257504517131, 0.002235616560373962242, 0.002755611863243407136 ),
 .UNSPECIFIED. ) ;
#96 = CARTESIAN_POINT ( 'NONE',  ( 60.93220379054812241, -34.67149695840910084, -0.2697630389852991861 ) ) ;
#97 = ORIENTED_EDGE ( 'NONE', *, *, #2497, .F. ) ;
#98 = AXIS2_PLACEMENT_3D ( 'NONE', #909, #2529, #4169 ) ;
#99 = DIRECTION ( 'NONE',  ( -0.8660254037844375974, 0.000000000000000000, -0.5000000000000019984 ) ) ;
#100 = ORIENTED_EDGE ( 'NONE', *, *, #1172, .T. ) ;
#101 = VERTEX_POINT ( 'NONE', #3393 ) ;
#102 = DIRECTION ( 'NONE',  ( -0.000000000000000000, -0.000000000000000000, -1.000000000000000000 ) ) ;
#103 = ADVANCED_FACE ( 'NONE', ( #5043 ), #1381, .T. ) ;
#104 = DIRECTION ( 'NONE',  ( 1.579692751415678445E-30, -3.581290393448283579E-30, -1.000000000000000000 ) ) ;
#105 = CARTESIAN_POINT ( 'NONE',  ( -49.85646818936897517, 111.7787034483684607, -1.755976743274828111 ) ) ;
#106 = ADVANCED_FACE ( 'NONE', ( #2147 ), #2923, .T. ) ;
#107 = CARTESIAN_POINT ( 'NONE',  ( 10.94104904736606976, -68.09104955412918514, 0.000000000000000000 ) ) ;
#108 = AXIS2_PLACEMENT_3D ( 'NONE', #196, #3819, #170 ) ;
#109 = ORIENTED_EDGE ( 'NONE', *, *, #1502, .T. ) ;
#110 = CARTESIAN_POINT ( 'NONE',  ( 5.633976794785526820, 134.2482747057877361, -5.534468380572014290 ) ) ;
#111 = PLANE ( 'NONE',  #2633 ) ;
#112 = ORIENTED_EDGE ( 'NONE', *, *, #3656, .T. ) ;
#113 = CARTESIAN_POINT ( 'NONE',  ( -47.04819951940678635, 111.0482540923670172, -10.00000000000000888 ) ) ;
#114 = DIRECTION ( 'NONE',  ( 0.000000000000000000, 0.000000000000000000, 1.000000000000000000 ) ) ;
#115 = CARTESIAN_POINT ( 'NONE',  ( -45.50565414997769409, 113.4807408128783948, 9.066005392699586949E-15 ) ) ;
#116 = PLANE ( 'NONE',  #3777 ) ;
#117 = VECTOR ( 'NONE', #3839, 999.9999999999998863 ) ;
#118 = ORIENTED_EDGE ( 'NONE', *, *, #4465, .F. ) ;
#119 = EDGE_CURVE ( 'NONE', #4173, #4688, #2305, .T. ) ;
#120 = DIRECTION ( 'NONE',  ( 0.000000000000000000, -0.000000000000000000, -1.000000000000000000 ) ) ;
#121 = AXIS2_PLACEMENT_3D ( 'NONE', #1782, #1433, #2975 ) ;
#122 = CARTESIAN_POINT ( 'NONE',  ( -71.48218274390987403, 7.352174912480746727, -3.125000000000000000 ) ) ;
#123 = ORIENTED_EDGE ( 'NONE', *, *, #1655, .F. ) ;
#124 = AXIS2_PLACEMENT_3D ( 'NONE', #4832, #302, #1967 ) ;
#125 = DIRECTION ( 'NONE',  ( 0.5590385030438040914, 0.4329849328955260868, -0.7071067811865471286 ) ) ;
#126 = AXIS2_PLACEMENT_3D ( 'NONE', #16, #3618, #2824 ) ;
#127 = CARTESIAN_POINT ( 'NONE',  ( -66.70497770916662716, 5.182488783963633772, -0.02390107622811131136 ) ) ;
#128 = EDGE_LOOP ( 'NONE', ( #1461, #7, #1550, #1476, #3357, #2035, #258, #3221, #2825 ) ) ;
#129 = ORIENTED_EDGE ( 'NONE', *, *, #402, .T. ) ;
#130 = CARTESIAN_POINT ( 'NONE',  ( 10.26406760964615117, 79.18574662506415507, 7.209936490538889409 ) ) ;
#131 = AXIS2_PLACEMENT_3D ( 'NONE', #2606, #4685, #4759 ) ;
#132 = FACE_OUTER_BOUND ( 'NONE', #1248, .T. ) ;
#133 = CARTESIAN_POINT ( 'NONE',  ( -4.220190885584961471, 124.3139271718548002, -9.999999999999989342 ) ) ;
#134 = CIRCLE ( 'NONE', #3978, 2.875000000000002665 ) ;
#135 = CARTESIAN_POINT ( 'NONE',  ( -22.91760671858131104, 135.2691591588418589, -6.035533905932699561 ) ) ;
#136 = ORIENTED_EDGE ( 'NONE', *, *, #1917, .F. ) ;
#137 = DIRECTION ( 'NONE',  ( -0.000000000000000000, -0.000000000000000000, 1.000000000000000000 ) ) ;
#138 = CARTESIAN_POINT ( 'NONE',  ( -10.27008277174995499, 86.89519779516678000, -0.7322330470336119168 ) ) ;
#139 = ORIENTED_EDGE ( 'NONE', *, *, #5278, .T. ) ;
#140 = DIRECTION ( 'NONE',  ( 0.000000000000000000, -1.000000000000000000, 3.604759443079479474E-30 ) ) ;
#141 = DIRECTION ( 'NONE',  ( 0.000000000000000000, 0.000000000000000000, -1.000000000000000000 ) ) ;
#142 = ADVANCED_FACE ( 'NONE', ( #4803 ), #3855, .T. ) ;
#143 = EDGE_CURVE ( 'NONE', #1792, #4713, #3157, .T. ) ;
#144 = CYLINDRICAL_SURFACE ( 'NONE', #4654, 2.500000000000000444 ) ;
#145 = CARTESIAN_POINT ( 'NONE',  ( 61.48231920561222807, -36.74298268583356020, -1.624664725796478804 ) ) ;
#146 = ORIENTED_EDGE ( 'NONE', *, *, #1297, .F. ) ;
#147 = DIRECTION ( 'NONE',  ( 1.000000000000000000, 0.000000000000000000, 0.000000000000000000 ) ) ;
#148 = EDGE_CURVE ( 'NONE', #4180, #2589, #3928, .T. ) ;
#149 = DIRECTION ( 'NONE',  ( 0.1173723745342945268, -0.9930879748019211251, 0.000000000000000000 ) ) ;
#150 = VERTEX_POINT ( 'NONE', #1432 ) ;
#151 = CARTESIAN_POINT ( 'NONE',  ( 9.144530489145241248, 79.43509914178197562, 6.584936490538892073 ) ) ;
#152 = AXIS2_PLACEMENT_3D ( 'NONE', #4197, #104, #2117 ) ;
#153 = CARTESIAN_POINT ( 'NONE',  ( -20.49885901728577053, 64.08697100032007654, 8.239936510889571797E-15 ) ) ;
#154 = VERTEX_POINT ( 'NONE', #3508 ) ;
#155 = ORIENTED_EDGE ( 'NONE', *, *, #784, .F. ) ;
#156 = CARTESIAN_POINT ( 'NONE',  ( 19.86408980896266741, 118.9565708611436179, -10.00000000000000888 ) ) ;
#158 = EDGE_CURVE ( 'NONE', #3403, #314, #3468, .T. ) ;
#157 = DIRECTION ( 'NONE',  ( 1.000000000000000000, 0.000000000000000000, 0.000000000000000000 ) ) ;
#159 = CONICAL_SURFACE ( 'NONE', #4869, 69.99999999999998579, 0.7853981633974482790 ) ;
#160 = DIRECTION ( 'NONE',  ( 0.8569522782525370586, -5.551115123125780809E-14, 0.5153957632710868264 ) ) ;
#161 = CARTESIAN_POINT ( 'NONE',  ( -48.52404058627524108, -49.05524931321311755, 0.000000000000000000 ) ) ;
#162 = ORIENTED_EDGE ( 'NONE', *, *, #4478, .T. ) ;
#163 = CIRCLE ( 'NONE', #1538, 1.250000000000000000 ) ;
#164 = CARTESIAN_POINT ( 'NONE',  ( -31.17293570609142961, 132.3187155632824101, -4.064576744046275891 ) ) ;
#165 = DIRECTION ( 'NONE',  ( 1.579692751415678445E-30, -3.581290393448283579E-30, -1.000000000000000000 ) ) ;
#166 = ORIENTED_EDGE ( 'NONE', *, *, #704, .F. ) ;
#167 = CARTESIAN_POINT ( 'NONE',  ( 0.000000000000000000, 0.000000000000000000, -3.125000000000000000 ) ) ;
#168 = DIRECTION ( 'NONE',  ( -0.4624221120288948272, -0.2588678930593971139, -0.8480290114434322346 ) ) ;
#169 = AXIS2_PLACEMENT_3D ( 'NONE', #1553, #4032, #725 ) ;
#170 = DIRECTION ( 'NONE',  ( 1.000000000000000000, 0.000000000000000000, 0.000000000000000000 ) ) ;
#171 = DIRECTION ( 'NONE',  ( 1.224646799147349509E-16, 1.000000000000000000, 0.000000000000000000 ) ) ;
#172 = VERTEX_POINT ( 'NONE', #1483 ) ;
#173 = EDGE_CURVE ( 'NONE', #4472, #316, #2578, .T. ) ;
#174 = CARTESIAN_POINT ( 'NONE',  ( -28.03133942467235684, 75.04130902662811309, 7.667468245269438043 ) ) ;
#175 = DIRECTION ( 'NONE',  ( 0.000000000000000000, -1.000000000000000000, 0.000000000000000000 ) ) ;
#176 = EDGE_CURVE ( 'NONE', #4734, #1809, #965, .T. ) ;
#177 = AXIS2_PLACEMENT_3D ( 'NONE', #2034, #3251, #3836 ) ;
#178 = LINE ( 'NONE', #1466, #2436 ) ;
#179 = ORIENTED_EDGE ( 'NONE', *, *, #1612, .T. ) ;
#180 = CARTESIAN_POINT ( 'NONE',  ( 5.223693842866210524, -68.52307026133263435, -3.125000000000000000 ) ) ;
#181 = B_SPLINE_CURVE_WITH_KNOTS ( 'NONE', 3,
 ( #1173, #1889, #3994, #3589, #5237, #2707, #4756, #1057 ),
 .UNSPECIFIED., .F., .F.,
 ( 4, 2, 2, 4 ),
 ( 3.193714225643741919E-07, 0.0009913283287561300457, 0.001486832807422918019, 0.001982337286089706427 ),
 .UNSPECIFIED. ) ;
#182 = CARTESIAN_POINT ( 'NONE',  ( 19.86408980894260878, 118.9565708611430352, -3.125000000000000000 ) ) ;
#183 = ORIENTED_EDGE ( 'NONE', *, *, #3698, .T. ) ;
#184 = ORIENTED_EDGE ( 'NONE', *, *, #798, .T. ) ;
#185 = DIRECTION ( 'NONE',  ( -0.1173723745342944852, 0.9930879748019211251, -3.741948713275402747E-30 ) ) ;
#186 = DIRECTION ( 'NONE',  ( -0.000000000000000000, -0.000000000000000000, -1.000000000000000000 ) ) ;
#187 = PRESENTATION_LAYER_ASSIGNMENT (  '', '', ( #794 ) ) ;
#188 = CARTESIAN_POINT ( 'NONE',  ( 61.49794662508116261, -36.39162168676826781, -3.125000000000000000 ) ) ;
#189 = CARTESIAN_POINT ( 'NONE',  ( 1.791707336823040064, 75.62634041478146685, 10.00000000000000178 ) ) ;
#190 = ORIENTED_EDGE ( 'NONE', *, *, #4666, .T. ) ;
#191 = CARTESIAN_POINT ( 'NONE',  ( -28.56829899608584711, 133.4360923069941975, -4.267736425766314845 ) ) ;
#192 = LINE ( 'NONE', #4646, #1617 ) ;
#193 = VERTEX_POINT ( 'NONE', #1883 ) ;
#194 = CARTESIAN_POINT ( 'NONE',  ( -3.838730668348500075, 121.0863912537485731, 7.667468245269452254 ) ) ;
#195 = FACE_OUTER_BOUND ( 'NONE', #2917, .T. ) ;
#196 = CARTESIAN_POINT ( 'NONE',  ( -68.60718274390987403, 7.352174912480746727, -3.125000000000000000 ) ) ;
#197 = CARTESIAN_POINT ( 'NONE',  ( -49.85074702236338595, 110.3244671052904238, -0.9947392352221433587 ) ) ;
#198 = VERTEX_POINT ( 'NONE', #4349 ) ;
#199 = CARTESIAN_POINT ( 'NONE',  ( -35.97645577432730590, 55.94891104752181832, -0.1206715575762642850 ) ) ;
#200 = VECTOR ( 'NONE', #1849, 1000.000000000000000 ) ;
#201 = EDGE_CURVE ( 'NONE', #4008, #4931, #2833, .T. ) ;
#202 = CARTESIAN_POINT ( 'NONE',  ( -66.03922664932238717, 8.659249351355764901, -0.09240111983786390704 ) ) ;
#203 = LINE ( 'NONE', #1032, #1762 ) ;
#204 = ORIENTED_EDGE ( 'NONE', *, *, #2845, .F. ) ;
#205 = CARTESIAN_POINT ( 'NONE',  ( 57.64431618500795196, -33.68254179728047859, -0.05201444790284194541 ) ) ;
#206 = ORIENTED_EDGE ( 'NONE', *, *, #2201, .F. ) ;
#207 = EDGE_CURVE ( 'NONE', #1232, #2438, #1912, .T. ) ;
#208 = CIRCLE ( 'NONE', #3360, 68.96446609406721961 ) ;
#209 = DIRECTION ( 'NONE',  ( 0.000000000000000000, -0.9107784042937665525, -0.4128955052699170292 ) ) ;
#210 = ORIENTED_EDGE ( 'NONE', *, *, #3837, .T. ) ;
#211 = VERTEX_POINT ( 'NONE', #5173 ) ;
#212 = CARTESIAN_POINT ( 'NONE',  ( 17.36408980896266030, 118.9565708611436179, -3.125000000000000000 ) ) ;
#213 = CARTESIAN_POINT ( 'NONE',  ( -10.27008277174995499, 86.89519779516678000, -4.267766952966351113 ) ) ;
#214 = EDGE_CURVE ( 'NONE', #3557, #398, #2770, .T. ) ;
#215 = CIRCLE ( 'NONE', #42, 68.96446609406721961 ) ;
#216 = DIRECTION ( 'NONE',  ( -0.000000000000000000, -0.000000000000000000, -1.000000000000000000 ) ) ;
#217 = CARTESIAN_POINT ( 'NONE',  ( 3.437022583294961464, 72.19763389503657436, 6.584936490538891185 ) ) ;
#218 = EDGE_LOOP ( 'NONE', ( #4647, #1914, #4039, #3884 ) ) ;
#219 = CARTESIAN_POINT ( 'NONE',  ( 5.741017420750577749, 133.7895073226688396, -4.607942696831727858 ) ) ;
#220 = AXIS2_PLACEMENT_3D ( 'NONE', #3661, #1143, #747 ) ;
#221 = ORIENTED_EDGE ( 'NONE', *, *, #2039, .F. ) ;
#222 = CARTESIAN_POINT ( 'NONE',  ( -34.34891417930904112, 130.7185684397271359, -4.027128886151427167 ) ) ;
#223 = CARTESIAN_POINT ( 'NONE',  ( 7.265457108385640517, 128.8041876134031725, -0.4720891922686926701 ) ) ;
#224 = AXIS2_PLACEMENT_3D ( 'NONE', #3680, #1666, #24 ) ;
#225 = CARTESIAN_POINT ( 'NONE',  ( -37.10707048091240523, 123.9250942325923006, -0.7322330470336183561 ) ) ;
#226 = CARTESIAN_POINT ( 'NONE',  ( -50.75076218310577048, -50.87732806687516529, -1.861881263716575585 ) ) ;
#227 = EDGE_LOOP ( 'NONE', ( #2800, #4520, #4633, #540 ) ) ;
#228 = DIRECTION ( 'NONE',  ( -0.1607665833302460434, -0.8760521428870171601, -0.4546281432416878765 ) ) ;
#229 = CARTESIAN_POINT ( 'NONE',  ( -20.17319419367580124, 69.40715885486176262, 6.584936490538885856 ) ) ;
#230 = CARTESIAN_POINT ( 'NONE',  ( 6.718683298099288770, -65.99146982251751581, -0.1863948868901153244 ) ) ;
#231 = ORIENTED_EDGE ( 'NONE', *, *, #2590, .F. ) ;
#232 = ORIENTED_EDGE ( 'NONE', *, *, #3935, .F. ) ;
#233 = CARTESIAN_POINT ( 'NONE',  ( -71.35934393095486428, 6.493906526081179464, -1.653931786920302072 ) ) ;
#234 = ORIENTED_EDGE ( 'NONE', *, *, #1917, .T. ) ;
#235 = VERTEX_POINT ( 'NONE', #1106 ) ;
#236 = CARTESIAN_POINT ( 'NONE',  ( 22.73908980894261589, 119.1453213175782366, -1.148213502651159290 ) ) ;
#237 = EDGE_CURVE ( 'NONE', #4734, #2287, #3555, .T. ) ;
#238 = CARTESIAN_POINT ( 'NONE',  ( 0.000000000000000000, 0.000000000000000000, -0.7322330470336396724 ) ) ;
#239 = FACE_OUTER_BOUND ( 'NONE', #4480, .T. ) ;
#240 = CARTESIAN_POINT ( 'NONE',  ( 7.936516950034640416, -71.39616536034634464, -1.835824064974148406 ) ) ;
#241 = VERTEX_POINT ( 'NONE', #5202 ) ;
#242 = CARTESIAN_POINT ( 'NONE',  ( 65.00292490842842597, 23.14346027173155562, -3.125000000000000000 ) ) ;
#243 = CARTESIAN_POINT ( 'NONE',  ( -27.41065944042114921, 75.11466676071205484, 6.584936490538900955 ) ) ;
#244 = ORIENTED_EDGE ( 'NONE', *, *, #1426, .T. ) ;
#245 = FACE_OUTER_BOUND ( 'NONE', #1708, .T. ) ;
#246 = AXIS2_PLACEMENT_3D ( 'NONE', #3639, #414, #2869 ) ;
#247 = DIRECTION ( 'NONE',  ( -5.657338475244856674E-60, -1.000000000000000000, 3.581290393448283579E-30 ) ) ;
#248 = CARTESIAN_POINT ( 'NONE',  ( 62.36337662523084191, 21.96354986562591449, -0.2897328998671406253 ) ) ;
#249 = DIRECTION ( 'NONE',  ( -0.9930879748019211251, -0.1173723745342949293, 0.000000000000000000 ) ) ;
#250 = ORIENTED_EDGE ( 'NONE', *, *, #158, .T. ) ;
#251 = FACE_OUTER_BOUND ( 'NONE', #3662, .T. ) ;
#252 = DIRECTION ( 'NONE',  ( 0.9930879748019212361, 0.1173723745342948183, -0.000000000000000000 ) ) ;
#253 = CARTESIAN_POINT ( 'NONE',  ( 5.743574388955021703, -66.85929606583003704, 7.308200268910104903E-15 ) ) ;
#254 = EDGE_CURVE ( 'NONE', #4282, #3481, #4475, .T. ) ;
#255 = ORIENTED_EDGE ( 'NONE', *, *, #4136, .F. ) ;
#256 = ORIENTED_EDGE ( 'NONE', *, *, #1128, .F. ) ;
#257 = DIRECTION ( 'NONE',  ( 0.9930879748019211251, 0.1173723745342951791, 0.000000000000000000 ) ) ;
#258 = ORIENTED_EDGE ( 'NONE', *, *, #2190, .F. ) ;
#259 = VERTEX_POINT ( 'NONE', #3987 ) ;
#260 = CARTESIAN_POINT ( 'NONE',  ( 22.43996631009559550, 120.2381149165615284, -1.708533562261436822 ) ) ;
#261 = CARTESIAN_POINT ( 'NONE',  ( 19.86408980894260878, 118.9565708611430352, -3.125000000000000000 ) ) ;
#262 = EDGE_CURVE ( 'NONE', #4126, #3036, #2575, .T. ) ;
#263 = CARTESIAN_POINT ( 'NONE',  ( -32.13504899970001816, 25.34188973178867244, 7.209936490538884080 ) ) ;
#264 = EDGE_CURVE ( 'NONE', #1390, #477, #451, .T. ) ;
#265 = CARTESIAN_POINT ( 'NONE',  ( 8.184299678569262326, -71.39946530260196766, -1.866899866071172864 ) ) ;
#266 = ORIENTED_EDGE ( 'NONE', *, *, #1388, .T. ) ;
#267 = CARTESIAN_POINT ( 'NONE',  ( -10.15843071577985768, 136.1628382333915965, -4.267766952966358218 ) ) ;
#268 = DIRECTION ( 'NONE',  ( -1.000000000000000000, -1.224646799147349509E-16, 0.000000000000000000 ) ) ;
#269 = ORIENTED_EDGE ( 'NONE', *, *, #1128, .T. ) ;
#270 = CARTESIAN_POINT ( 'NONE',  ( 10.59869384286629135, -68.52307026133257750, -10.00000000000000888 ) ) ;
#271 = CARTESIAN_POINT ( 'NONE',  ( -18.96502911068448327, 72.99031877834843840, 10.00000000000000000 ) ) ;
#272 = EDGE_CURVE ( 'NONE', #1557, #4580, #4131, .T. ) ;
#273 = DIRECTION ( 'NONE',  ( 0.000000000000000000, -1.000000000000000000, 3.574580459237012803E-30 ) ) ;
#274 = ADVANCED_FACE ( 'NONE', ( #759 ), #351, .T. ) ;
#275 = DIRECTION ( 'NONE',  ( 1.579692751415678445E-30, -3.581290393448283579E-30, -1.000000000000000000 ) ) ;
#276 = AXIS2_PLACEMENT_3D ( 'NONE', #3202, #4903, #3627 ) ;
#277 = VERTEX_POINT ( 'NONE', #4858 ) ;
#278 = DIRECTION ( 'NONE',  ( 0.1439345685724646440, 0.5100290538000100682, 0.8480290114434322346 ) ) ;
#279 = AXIS2_PLACEMENT_3D ( 'NONE', #3376, #2526, #2927 ) ;
#280 = CARTESIAN_POINT ( 'NONE',  ( -17.07801247670150602, 64.45319262702479080, -0.06551064373105117133 ) ) ;
#281 = CARTESIAN_POINT ( 'NONE',  ( -26.86800920237513424, 134.0598968634695041, -4.822450661322199572 ) ) ;
#282 = ORIENTED_EDGE ( 'NONE', *, *, #2979, .T. ) ;
#283 = AXIS2_PLACEMENT_3D ( 'NONE', #835, #3256, #2092 ) ;
#284 = ADVANCED_FACE ( 'NONE', ( #378 ), #5181, .T. ) ;
#285 = ORIENTED_EDGE ( 'NONE', *, *, #1164, .T. ) ;
#286 = LINE ( 'NONE', #3064, #4751 ) ;
#287 = EDGE_LOOP ( 'NONE', ( #1963, #5010, #2685, #4251 ) ) ;
#288 = ORIENTED_EDGE ( 'NONE', *, *, #4443, .T. ) ;
#289 = LINE ( 'NONE', #3067, #2057 ) ;
#290 = VECTOR ( 'NONE', #3027, 1000.000000000000000 ) ;
#291 = FACE_OUTER_BOUND ( 'NONE', #1156, .T. ) ;
#292 = EDGE_CURVE ( 'NONE', #1809, #3937, #4041, .T. ) ;
#293 = FACE_OUTER_BOUND ( 'NONE', #401, .T. ) ;
#294 = ORIENTED_EDGE ( 'NONE', *, *, #1612, .F. ) ;
#295 = CARTESIAN_POINT ( 'NONE',  ( 55.74794662508116261, -36.39162168676826781, -3.125000000000000000 ) ) ;
#296 = CARTESIAN_POINT ( 'NONE',  ( -48.52404058627524108, -49.05524931321311755, -3.125000000000000000 ) ) ;
#297 = ORIENTED_EDGE ( 'NONE', *, *, #4793, .F. ) ;
#298 = CIRCLE ( 'NONE', #2511, 2.875000000000002665 ) ;
#299 = DIRECTION ( 'NONE',  ( 0.000000000000000000, 0.000000000000000000, 1.000000000000000000 ) ) ;
#300 = CARTESIAN_POINT ( 'NONE',  ( -37.15673820991198539, 124.2815781258875631, -1.050028459912111245 ) ) ;
#301 = CIRCLE ( 'NONE', #4583, 1.249999999999994671 ) ;
#302 = DIRECTION ( 'NONE',  ( -0.000000000000000000, -0.000000000000000000, 1.000000000000000000 ) ) ;
#303 = ORIENTED_EDGE ( 'NONE', *, *, #4868, .F. ) ;
#304 = VERTEX_POINT ( 'NONE', #2965 ) ;
#305 = ADVANCED_FACE ( 'NONE', ( #2512 ), #2118, .F. ) ;
#306 = DIRECTION ( 'NONE',  ( 0.000000000000000000, 0.4606196745124082059, -0.8875976089715897910 ) ) ;
#307 = VECTOR ( 'NONE', #907, 1000.000000000000114 ) ;
#308 = ADVANCED_FACE ( 'NONE', ( #4615 ), #3267, .T. ) ;
#309 = DIRECTION ( 'NONE',  ( -1.579692751415678445E-30, 3.581290393448283579E-30, 1.000000000000000000 ) ) ;
#310 = TOROIDAL_SURFACE ( 'NONE', #3457, 68.96446609406721961, 2.500000000000000000 ) ;
#311 = CARTESIAN_POINT ( 'NONE',  ( 5.561370565658540599, 80.61730205571207364, 10.00000000000000000 ) ) ;
#312 = DIRECTION ( 'NONE',  ( 0.000000000000000000, -1.000000000000000000, 0.000000000000000000 ) ) ;
#313 = B_SPLINE_CURVE_WITH_KNOTS ( 'NONE', 3,
 ( #4268, #600, #197, #4993 ),
 .UNSPECIFIED., .F., .F.,
 ( 4, 4 ),
 ( 0.004733579069242368695, 0.005994400352509738836 ),
 .UNSPECIFIED. ) ;
#314 = VERTEX_POINT ( 'NONE', #989 ) ;
#315 = CARTESIAN_POINT ( 'NONE',  ( -45.36341688781271131, 113.3778747662506845, 0.000000000000000000 ) ) ;
#316 = VERTEX_POINT ( 'NONE', #2914 ) ;
#317 = EDGE_LOOP ( 'NONE', ( #1743, #1814, #162, #4331, #1351, #992, #4204 ) ) ;
#318 = DIRECTION ( 'NONE',  ( -0.000000000000000000, 0.000000000000000000, 1.000000000000000000 ) ) ;
#319 = LINE ( 'NONE', #4792, #1956 ) ;
#320 = CARTESIAN_POINT ( 'NONE',  ( 5.223693842866210524, -68.52307026133263435, 0.000000000000000000 ) ) ;
#321 = DIRECTION ( 'NONE',  ( 1.579692751415678445E-30, -3.581290393448283579E-30, -1.000000000000000000 ) ) ;
#322 = ORIENTED_EDGE ( 'NONE', *, *, #5215, .F. ) ;
#323 = CARTESIAN_POINT ( 'NONE',  ( -44.25801458684527034, 65.68337180977833611, -3.713767917268254060 ) ) ;
#324 = DIRECTION ( 'NONE',  ( -1.224646799147353207E-16, 1.000000000000000000, 0.000000000000000000 ) ) ;
#325 = EDGE_LOOP ( 'NONE', ( #5104, #1586, #2323 ) ) ;
#326 = DIRECTION ( 'NONE',  ( 0.9930879748019211251, 0.1173723745342949015, 0.000000000000000000 ) ) ;
#327 = CARTESIAN_POINT ( 'NONE',  ( 62.12792490842918625, 22.84246012333208142, -0.2482210803469013516 ) ) ;
#328 = CARTESIAN_POINT ( 'NONE',  ( 5.223693842866210524, -68.52307026133263435, -3.125000000000000000 ) ) ;
#329 = ORIENTED_EDGE ( 'NONE', *, *, #4076, .F. ) ;
#330 = AXIS2_PLACEMENT_3D ( 'NONE', #2613, #3437, #962 ) ;
#331 = EDGE_LOOP ( 'NONE', ( #3841, #729, #3309, #892 ) ) ;
#332 = FACE_OUTER_BOUND ( 'NONE', #3540, .T. ) ;
#333 = FACE_OUTER_BOUND ( 'NONE', #5038, .T. ) ;
#334 = CIRCLE ( 'NONE', #1683, 2.500000000000003109 ) ;
#335 = CARTESIAN_POINT ( 'NONE',  ( -0.8510359068960245965, 66.29171737326586822, -0.2019649918917488240 ) ) ;
#336 = EDGE_CURVE ( 'NONE', #913, #4771, #4445, .T. ) ;
#337 = CYLINDRICAL_SURFACE ( 'NONE', #1710, 3.250000000000002665 ) ;
#338 = AXIS2_PLACEMENT_3D ( 'NONE', #4547, #141, #1779 ) ;
#339 = DIRECTION ( 'NONE',  ( 1.000000000000000000, 0.000000000000000000, 0.000000000000000000 ) ) ;
#340 = ADVANCED_FACE ( 'NONE', ( #3758 ), #2992, .T. ) ;
#341 = DIRECTION ( 'NONE',  ( -1.579692751415678445E-30, 3.581290393448283579E-30, 1.000000000000000000 ) ) ;
#342 = EDGE_LOOP ( 'NONE', ( #2760, #4017 ) ) ;
#343 = DIRECTION ( 'NONE',  ( 0.000000000000000000, 0.000000000000000000, 1.000000000000000000 ) ) ;
#344 = CARTESIAN_POINT ( 'NONE',  ( -68.60718274390987403, 7.352174912480746727, 0.000000000000000000 ) ) ;
#345 = CARTESIAN_POINT ( 'NONE',  ( 4.191420717668294493, 80.83290915424667844, -9.999999999999989342 ) ) ;
#346 = ORIENTED_EDGE ( 'NONE', *, *, #995, .T. ) ;
#347 = FACE_OUTER_BOUND ( 'NONE', #619, .T. ) ;
#348 = CARTESIAN_POINT ( 'NONE',  ( 33.29139140534402230, 92.83424203264854668, -2.499999999999990230 ) ) ;
#349 = VERTEX_POINT ( 'NONE', #939 ) ;
#350 = CARTESIAN_POINT ( 'NONE',  ( -4.377440050435924768, 125.6444127761611185, 10.00000000000000000 ) ) ;
#351 = CYLINDRICAL_SURFACE ( 'NONE', #283, 1.249999999999998668 ) ;
#352 = CARTESIAN_POINT ( 'NONE',  ( -9.248074031850746834, 136.8847516853103912, -6.035533905932699561 ) ) ;
#353 = ORIENTED_EDGE ( 'NONE', *, *, #4540, .T. ) ;
#354 = ORIENTED_EDGE ( 'NONE', *, *, #4563, .T. ) ;
#355 = CARTESIAN_POINT ( 'NONE',  ( 2.184297019285827091, 135.3214284860514454, -4.536395532040332412 ) ) ;
#356 = CARTESIAN_POINT ( 'NONE',  ( 0.000000000000000000, 0.000000000000000000, -307.0258184027516677 ) ) ;
#357 = AXIS2_PLACEMENT_3D ( 'NONE', #1730, #3741, #4623 ) ;
#358 = CARTESIAN_POINT ( 'NONE',  ( -24.26726611179758564, 55.78052444324816150, 0.3870963096970631012 ) ) ;
#359 = CARTESIAN_POINT ( 'NONE',  ( -71.48218274390990246, 7.488879794754265795, -1.873272346669167421 ) ) ;
#360 = VECTOR ( 'NONE', #2977, 1000.000000000000000 ) ;
#361 = DIRECTION ( 'NONE',  ( -0.9908336901871832580, -0.1350873731702893488, 0.000000000000000000 ) ) ;
#362 = B_SPLINE_CURVE_WITH_KNOTS ( 'NONE', 3,
 ( #3762, #993, #1774, #110, #3387, #1751, #4202, #219 ),
 .UNSPECIFIED., .F., .F.,
 ( 4, 2, 2, 4 ),
 ( -1.446275484628295108E-05, 0.0003759289599713273476, 0.0007663206747889376395, 0.001547104104424158657 ),
 .UNSPECIFIED. ) ;
#363 = DIRECTION ( 'NONE',  ( 0.1173723745342946378, -0.9930879748019212361, 1.635532547983925769E-17 ) ) ;
#364 = ORIENTED_EDGE ( 'NONE', *, *, #2108, .T. ) ;
#365 = ADVANCED_FACE ( 'NONE', ( #3384 ), #82, .F. ) ;
#366 = DIRECTION ( 'NONE',  ( -1.579692751415678445E-30, 3.581290393448283579E-30, 1.000000000000000000 ) ) ;
#367 = AXIS2_PLACEMENT_3D ( 'NONE', #1747, #1798, #3785 ) ;
#368 = EDGE_CURVE ( 'NONE', #4074, #3802, #1142, .T. ) ;
#369 = CARTESIAN_POINT ( 'NONE',  ( 14.88613646035338967, 1.759382077244174614, 10.00000000000000000 ) ) ;
#370 = VECTOR ( 'NONE', #4584, 1000.000000000000000 ) ;
#371 = DIRECTION ( 'NONE',  ( 0.8491611506782417162, -0.2396405517700040955, -0.4706354705355010326 ) ) ;
#372 = VERTEX_POINT ( 'NONE', #4199 ) ;
#373 = CARTESIAN_POINT ( 'NONE',  ( 0.7192908540640536863, 121.6251006358359916, 10.00000000000000000 ) ) ;
#374 = CARTESIAN_POINT ( 'NONE',  ( -48.06396510756266593, -51.89319849420409980, -0.7322330470335940422 ) ) ;
#375 = ORIENTED_EDGE ( 'NONE', *, *, #2020, .F. ) ;
#376 = FACE_OUTER_BOUND ( 'NONE', #3976, .T. ) ;
#377 = VECTOR ( 'NONE', #3745, 1000.000000000000000 ) ;
#378 = FACE_OUTER_BOUND ( 'NONE', #3060, .T. ) ;
#379 = CARTESIAN_POINT ( 'NONE',  ( -9.382314407836917169, 136.6483377640034007, -4.945083917230375548 ) ) ;
#380 = ORIENTED_EDGE ( 'NONE', *, *, #4733, .T. ) ;
#381 = CIRCLE ( 'NONE', #4834, 100.7322330470336453 ) ;
#382 = ORIENTED_EDGE ( 'NONE', *, *, #1777, .T. ) ;
#383 = CARTESIAN_POINT ( 'NONE',  ( 0.000000000000000000, 0.000000000000000000, -9.999999999999989342 ) ) ;
#384 = DIRECTION ( 'NONE',  ( 0.000000000000000000, -1.000000000000000000, 0.000000000000000000 ) ) ;
#385 = AXIS2_PLACEMENT_3D ( 'NONE', #3950, #321, #2640 ) ;
#386 = CARTESIAN_POINT ( 'NONE',  ( 19.86408980896266741, 118.9565708611436179, -3.125000000000000000 ) ) ;
#387 = SPHERICAL_SURFACE ( 'NONE', #3394, 1.250000000000000000 ) ;
#388 = CIRCLE ( 'NONE', #1509, 1.249999999999999778 ) ;
#389 = EDGE_CURVE ( 'NONE', #4221, #154, #2162, .T. ) ;
#390 = CARTESIAN_POINT ( 'NONE',  ( -2.716781690884938955E-28, -7.738773267559396372E-29, 8.239936510889833698E-15 ) ) ;
#391 = VECTOR ( 'NONE', #1986, 1000.000000000000000 ) ;
#392 = CARTESIAN_POINT ( 'NONE',  ( -2.570078410742960004E-28, -9.265730723872635445E-29, 8.239936510889833698E-15 ) ) ;
#393 = VERTEX_POINT ( 'NONE', #133 ) ;
#394 = DIRECTION ( 'NONE',  ( 0.000000000000000000, 0.000000000000000000, 1.000000000000000000 ) ) ;
#395 = EDGE_CURVE ( 'NONE', #2358, #3813, #5157, .T. ) ;
#396 = DIRECTION ( 'NONE',  ( -1.000000000000000000, 0.000000000000000000, 0.000000000000000000 ) ) ;
#397 = DIRECTION ( 'NONE',  ( 1.579692751415678445E-30, -3.581290393448283579E-30, -1.000000000000000000 ) ) ;
#398 = VERTEX_POINT ( 'NONE', #2166 ) ;
#399 = CARTESIAN_POINT ( 'NONE',  ( -71.10718274391030036, 7.352174912479794600, -10.00000000000000888 ) ) ;
#400 = CARTESIAN_POINT ( 'NONE',  ( -4.513621821920703603, 126.7966471088596307, 12.99038105676686250 ) ) ;
#401 = EDGE_LOOP ( 'NONE', ( #1859, #548, #5200, #3328, #3568, #2663, #210 ) ) ;
#402 = EDGE_CURVE ( 'NONE', #3571, #4430, #2587, .T. ) ;
#403 = FACE_OUTER_BOUND ( 'NONE', #1951, .T. ) ;
#404 = CARTESIAN_POINT ( 'NONE',  ( 5.962507951415989993, 134.1886346627334774, -5.379366549768064942 ) ) ;
#405 = DIRECTION ( 'NONE',  ( -0.2225209339563049005, -0.9749279121818258398, 0.000000000000000000 ) ) ;
#406 = VERTEX_POINT ( 'NONE', #4564 ) ;
#407 = CARTESIAN_POINT ( 'NONE',  ( 5.559798327945998153, 80.66955395524604455, 10.00000000000000000 ) ) ;
#408 = VERTEX_POINT ( 'NONE', #560 ) ;
#409 = PLANE ( 'NONE',  #445 ) ;
#410 = DIRECTION ( 'NONE',  ( 1.579692751415678445E-30, -3.581290393448283579E-30, -1.000000000000000000 ) ) ;
#411 = CIRCLE ( 'NONE', #2207, 2.500000000000000444 ) ;
#412 = FACE_OUTER_BOUND ( 'NONE', #4753, .T. ) ;
#413 = ORIENTED_EDGE ( 'NONE', *, *, #3631, .F. ) ;
#414 = DIRECTION ( 'NONE',  ( 0.000000000000000000, -0.000000000000000000, -1.000000000000000000 ) ) ;
#415 = DIRECTION ( 'NONE',  ( 1.579692751415678445E-30, -3.581290393448283579E-30, -1.000000000000000000 ) ) ;
#416 = CIRCLE ( 'NONE', #2714, 74.99999999999998579 ) ;
#417 =( BOUNDED_CURVE ( )  B_SPLINE_CURVE ( 3, ( #2422, #422, #4925, #46 ),
 .UNSPECIFIED., .F., .T. ) 
 B_SPLINE_CURVE_WITH_KNOTS ( ( 4, 4 ),
 ( 2.803791225349662408, 2.906689741847436892 ),
 .UNSPECIFIED. ) 
 CURVE ( )  GEOMETRIC_REPRESENTATION_ITEM ( )  RATIONAL_B_SPLINE_CURVE ( ( 1.000000000000000000, 0.9991178525565841406, 0.9991178525565841406, 1.000000000000000000 ) ) 
 REPRESENTATION_ITEM ( '' )  );
#418 = ADVANCED_FACE ( 'NONE', ( #890 ), #3808, .T. ) ;
#419 = AXIS2_PLACEMENT_3D ( 'NONE', #1620, #743, #5285 ) ;
#420 = LINE ( 'NONE', #2396, #3880 ) ;
#421 = ORIENTED_EDGE ( 'NONE', *, *, #3864, .T. ) ;
#422 = CARTESIAN_POINT ( 'NONE',  ( 14.56098439331698557, 78.29492701482611494, 6.938893903907229955E-15 ) ) ;
#423 = DIRECTION ( 'NONE',  ( 0.1439345685724646440, 0.5100290538000100682, 0.8480290114434322346 ) ) ;
#424 = CIRCLE ( 'NONE', #1973, 68.96446609406721961 ) ;
#425 = CARTESIAN_POINT ( 'NONE',  ( -60.02136080706333843, 81.91420052022823484, -10.00000000000000888 ) ) ;
#426 = DIRECTION ( 'NONE',  ( -1.579692751415678445E-30, 3.581290393448283579E-30, 1.000000000000000000 ) ) ;
#427 = VERTEX_POINT ( 'NONE', #485 ) ;
#428 = DIRECTION ( 'NONE',  ( 1.000000000000000000, 0.000000000000000000, 0.000000000000000000 ) ) ;
#429 = CARTESIAN_POINT ( 'NONE',  ( -18.99099127974561085, 72.99031877834843840, 10.00000000000000000 ) ) ;
#430 = DIRECTION ( 'NONE',  ( 1.000000000000000000, 0.000000000000000000, 0.000000000000000000 ) ) ;
#431 = EDGE_CURVE ( 'NONE', #1534, #1455, #3041, .T. ) ;
#432 = CARTESIAN_POINT ( 'NONE',  ( -0.4519579618345739846, 135.9244282279497043, -3.396662281561613650 ) ) ;
#433 = FACE_OUTER_BOUND ( 'NONE', #1616, .T. ) ;
#434 = ORIENTED_EDGE ( 'NONE', *, *, #214, .T. ) ;
#435 = CARTESIAN_POINT ( 'NONE',  ( 5.556655290365185351, 80.69614720462215018, 10.00000000000000000 ) ) ;
#436 = VERTEX_POINT ( 'NONE', #3894 ) ;
#437 = DIRECTION ( 'NONE',  ( 1.579692751415678445E-30, -3.581290393448283579E-30, -1.000000000000000000 ) ) ;
#438 = CARTESIAN_POINT ( 'NONE',  ( 67.87792490842917914, 23.14346027173074916, -1.714938773058538590 ) ) ;
#439 = ADVANCED_FACE ( 'NONE', ( #239, #1929 ), #4716, .T. ) ;
#440 = EDGE_CURVE ( 'NONE', #4091, #436, #3097, .T. ) ;
#441 = CARTESIAN_POINT ( 'NONE',  ( 21.86823039425838289, 116.8952495581215487, 0.000000000000000000 ) ) ;
#442 = ORIENTED_EDGE ( 'NONE', *, *, #3209, .F. ) ;
#443 = CARTESIAN_POINT ( 'NONE',  ( -10.27008277174995499, 86.89519779516678000, 8.239936510889833698E-15 ) ) ;
#444 = EDGE_CURVE ( 'NONE', #408, #1361, #766, .T. ) ;
#445 = AXIS2_PLACEMENT_3D ( 'NONE', #383, #3162, #4438 ) ;
#446 = DIRECTION ( 'NONE',  ( -0.05868618726714718709, 0.4965439874009559551, -0.8660254037844412611 ) ) ;
#447 =( GEOMETRIC_REPRESENTATION_CONTEXT ( 3 ) GLOBAL_UNCERTAINTY_ASSIGNED_CONTEXT ( ( #81 ) ) GLOBAL_UNIT_ASSIGNED_CONTEXT ( ( #2739, #5213, #2767 ) ) REPRESENTATION_CONTEXT ( 'NONE', 'WORKASPACE' ) );
#448 = ORIENTED_EDGE ( 'NONE', *, *, #871, .F. ) ;
#449 = CARTESIAN_POINT ( 'NONE',  ( 6.989168005136645156, 130.5915407178298722, -1.979173029123194150 ) ) ;
#450 = CARTESIAN_POINT ( 'NONE',  ( 0.000000000000000000, 0.000000000000000000, -3.125000000000000000 ) ) ;
#451 = CIRCLE ( 'NONE', #972, 1.249999999999997335 ) ;
#452 = AXIS2_PLACEMENT_3D ( 'NONE', #1003, #3906, #1887 ) ;
#453 = DIRECTION ( 'NONE',  ( -0.000000000000000000, -0.000000000000000000, 1.000000000000000000 ) ) ;
#454 = CARTESIAN_POINT ( 'NONE',  ( -21.26986552678400244, 63.99584627914995139, 8.673617379883773570E-15 ) ) ;
#455 = ORIENTED_EDGE ( 'NONE', *, *, #471, .F. ) ;
#456 = DIRECTION ( 'NONE',  ( -1.579692751415678445E-30, 3.581290393448283579E-30, 1.000000000000000000 ) ) ;
#457 = DIRECTION ( 'NONE',  ( 0.8779561337853180047, 1.110223024625156383E-14, -0.4787410857120337759 ) ) ;
#458 = CARTESIAN_POINT ( 'NONE',  ( 0.000000000000000000, 0.000000000000000000, -0.7322330470335980390 ) ) ;
#459 = CARTESIAN_POINT ( 'NONE',  ( 5.147131707059249273, 134.4681251319339310, -4.923339128981757185 ) ) ;
#460 = CARTESIAN_POINT ( 'NONE',  ( 21.99273217563743188, 117.0162976803332668, 3.621065849512132687E-14 ) ) ;
#461 = VERTEX_POINT ( 'NONE', #672 ) ;
#462 = CARTESIAN_POINT ( 'NONE',  ( 21.77908313062119205, 62.83265805911415924, -0.1266356614352176779 ) ) ;
#463 = VERTEX_POINT ( 'NONE', #2639 ) ;
#464 = FACE_OUTER_BOUND ( 'NONE', #287, .T. ) ;
#465 = CIRCLE ( 'NONE', #726, 2.500000000000000444 ) ;
#466 = CARTESIAN_POINT ( 'NONE',  ( 2.155424500035928226, 134.9558527764947371, -3.206787111602250828 ) ) ;
#467 = AXIS2_PLACEMENT_3D ( 'NONE', #1072, #1450, #3471 ) ;
#468 = CARTESIAN_POINT ( 'NONE',  ( 13.55565085604708564, 1.602132912393222419, 259.6142809027516023 ) ) ;
#469 = EDGE_CURVE ( 'NONE', #235, #994, #5137, .T. ) ;
#470 = ORIENTED_EDGE ( 'NONE', *, *, #1554, .F. ) ;
#471 = EDGE_CURVE ( 'NONE', #4735, #2358, #1915, .T. ) ;
#472 = CARTESIAN_POINT ( 'NONE',  ( -37.61080163300751877, 55.79220979248788836, 0.000000000000000000 ) ) ;
#473 = AXIS2_PLACEMENT_3D ( 'NONE', #782, #3600, #1239 ) ;
#474 = EDGE_CURVE ( 'NONE', #150, #4157, #3862, .T. ) ;
#475 = CIRCLE ( 'NONE', #3455, 74.99999999999998579 ) ;
#476 = DIRECTION ( 'NONE',  ( 0.6192244393400951896, 0.7852140432544139070, 0.000000000000000000 ) ) ;
#477 = VERTEX_POINT ( 'NONE', #1071 ) ;
#478 = CARTESIAN_POINT ( 'NONE',  ( -68.36739294758146457, 30.83665970157898428, -307.0258184027516677 ) ) ;
#479 = DIRECTION ( 'NONE',  ( 1.579692751415678445E-30, -3.581290393448283579E-30, -1.000000000000000000 ) ) ;
#480 = CARTESIAN_POINT ( 'NONE',  ( -36.77484395461161881, 128.5367899699864438, -4.361052124570304223 ) ) ;
#481 = VERTEX_POINT ( 'NONE', #2320 ) ;
#482 = VERTEX_POINT ( 'NONE', #2694 ) ;
#483 = DIRECTION ( 'NONE',  ( -0.000000000000000000, 0.000000000000000000, 1.000000000000000000 ) ) ;
#484 = CARTESIAN_POINT ( 'NONE',  ( -18.77538418121102737, 74.36026862633869428, -9.999999999999989342 ) ) ;
#485 = CARTESIAN_POINT ( 'NONE',  ( 65.00292490842842597, 20.64346027173155207, -3.125000000000000000 ) ) ;
#486 = CARTESIAN_POINT ( 'NONE',  ( -49.54819951940678635, 111.0482540923670172, -10.00000000000000888 ) ) ;
#487 = VERTEX_POINT ( 'NONE', #4341 ) ;
#488 = CARTESIAN_POINT ( 'NONE',  ( 21.31166678444119711, 63.01110121521907814, -0.1206715575762671300 ) ) ;
#489 = ORIENTED_EDGE ( 'NONE', *, *, #4522, .T. ) ;
#490 = CARTESIAN_POINT ( 'NONE',  ( -37.39606328990173978, 121.6738117598789586, 6.415427542504070768E-13 ) ) ;
#491 = CARTESIAN_POINT ( 'NONE',  ( 2.628040856408182524, 134.8224030664520967, -3.333738908314905824 ) ) ;
#492 = VECTOR ( 'NONE', #4270, 1000.000000000000114 ) ;
#493 = DIRECTION ( 'NONE',  ( -1.000000000000000000, 0.000000000000000000, 0.000000000000000000 ) ) ;
#494 = CARTESIAN_POINT ( 'NONE',  ( -36.78831047309530078, 129.1934038817277610, -5.408778580707380712 ) ) ;
#495 = EDGE_LOOP ( 'NONE', ( #3259, #2495, #5289, #1342 ) ) ;
#496 = DIRECTION ( 'NONE',  ( 0.000000000000000000, 0.000000000000000000, 1.000000000000000000 ) ) ;
#497 = EDGE_CURVE ( 'NONE', #4845, #1001, #2761, .T. ) ;
#498 = EDGE_CURVE ( 'NONE', #277, #1863, #4766, .T. ) ;
#499 = B_SPLINE_CURVE_WITH_KNOTS ( 'NONE', 3,
 ( #2960, #3778, #127, #1317, #4662, #1766, #5053, #5027, #1365, #4637 ),
 .UNSPECIFIED., .F., .F.,
 ( 4, 2, 2, 2, 4 ),
 ( 0.0002033756762257393010, 0.0009387830791475254479, 0.001674190482069311649, 0.002409597884991098067, 0.003145005287912884268 ),
 .UNSPECIFIED. ) ;
#500 = LINE ( 'NONE', #2552, #307 ) ;
#501 = ORIENTED_EDGE ( 'NONE', *, *, #2012, .F. ) ;
#502 = AXIS2_PLACEMENT_3D ( 'NONE', #2448, #2056, #19 ) ;
#503 = EDGE_CURVE ( 'NONE', #1007, #481, #1423, .T. ) ;
#504 = AXIS2_PLACEMENT_3D ( 'NONE', #971, #114, #88 ) ;
#505 = CARTESIAN_POINT ( 'NONE',  ( -36.81333453042403647, 128.4014460790993439, -4.267766952966386640 ) ) ;
#506 = ORIENTED_EDGE ( 'NONE', *, *, #2538, .F. ) ;
#507 = ORIENTED_EDGE ( 'NONE', *, *, #3495, .F. ) ;
#508 = DIRECTION ( 'NONE',  ( 0.1173723745342944852, -0.9930879748019211251, 5.807986403194099578E-18 ) ) ;
#509 = AXIS2_PLACEMENT_3D ( 'NONE', #4854, #1611, #2834 ) ;
#510 = CARTESIAN_POINT ( 'NONE',  ( 5.185798626458852034, 122.1529940716883829, 7.209936490538888521 ) ) ;
#511 = EDGE_CURVE ( 'NONE', #2626, #1279, #617, .T. ) ;
#512 = CARTESIAN_POINT ( 'NONE',  ( -48.90974232609391237, 113.2476809223116589, -1.770086939520820524 ) ) ;
#513 = CARTESIAN_POINT ( 'NONE',  ( -159.5239168776901408, 71.95220597035097398, -4.267766952966378646 ) ) ;
#514 = ORIENTED_EDGE ( 'NONE', *, *, #3495, .T. ) ;
#515 = DIRECTION ( 'NONE',  ( -0.1016474580492016805, 0.8600394143713008255, -0.5000000000000056621 ) ) ;
#516 = DIRECTION ( 'NONE',  ( -0.9930879748019211251, -0.1173723745342948321, 0.000000000000000000 ) ) ;
#517 = ORIENTED_EDGE ( 'NONE', *, *, #4406, .T. ) ;
#518 = CARTESIAN_POINT ( 'NONE',  ( -29.84341914267402629, 132.9055548570729570, -3.426380965761668840 ) ) ;
#519 = CYLINDRICAL_SURFACE ( 'NONE', #504, 74.99999999999998579 ) ;
#520 = AXIS2_PLACEMENT_3D ( 'NONE', #3123, #4874, #4473 ) ;
#521 = DIRECTION ( 'NONE',  ( 0.000000000000000000, 0.000000000000000000, -1.000000000000000000 ) ) ;
#522 = DIRECTION ( 'NONE',  ( 0.1439345685724646440, 0.5100290538000100682, 0.8480290114434322346 ) ) ;
#523 = ORIENTED_EDGE ( 'NONE', *, *, #2538, .T. ) ;
#524 = LINE ( 'NONE', #1785, #623 ) ;
#525 = CYLINDRICAL_SURFACE ( 'NONE', #821, 100.0000000000000000 ) ;
#526 = VERTEX_POINT ( 'NONE', #2723 ) ;
#527 = CIRCLE ( 'NONE', #1646, 8.629809471616828986 ) ;
#528 = CARTESIAN_POINT ( 'NONE',  ( 8.097314658545695210, 126.8390707993455351, 8.673617379883595288E-15 ) ) ;
#529 = ORIENTED_EDGE ( 'NONE', *, *, #1387, .F. ) ;
#530 = EDGE_CURVE ( 'NONE', #2862, #3626, #4370, .T. ) ;
#531 = ORIENTED_EDGE ( 'NONE', *, *, #571, .F. ) ;
#532 = DIRECTION ( 'NONE',  ( 1.000000000000000000, 0.000000000000000000, 0.000000000000000000 ) ) ;
#533 = AXIS2_PLACEMENT_3D ( 'NONE', #1134, #1857, #737 ) ;
#534 = EDGE_CURVE ( 'NONE', #1167, #2298, #597, .T. ) ;
#535 = AXIS2_PLACEMENT_3D ( 'NONE', #3110, #603, #4326 ) ;
#536 = CARTESIAN_POINT ( 'NONE',  ( 58.62294662508192999, -36.39162168676735121, -10.00000000000000888 ) ) ;
#537 = DIRECTION ( 'NONE',  ( 0.000000000000000000, -0.8569522782525419435, 0.5153957632710788328 ) ) ;
#538 = CARTESIAN_POINT ( 'NONE',  ( 5.990720058689313454, -70.47808216033043038, -0.7322330470335995933 ) ) ;
#539 = CLOSED_SHELL ( 'NONE', ( #305, #3269, #5286, #2342, #3997, #365, #2165, #669, #49, #1447, #927, #903, #3695, #1449, #3992, #1024, #4821, #596, #3401, #2150, #2560, #2898, #661, #1552, #954, #662, #1058, #1090, #4604, #1095, #3597, #2615, #3463, #4396, #5127, #2945, #1264, #93, #3512, #3011, #3051, #3728, #4086, #4166, #1025, #103, #1331, #3665, #2875, #1197, #2338, #3918, #2905, #2336, #308, #418, #4235, #2873, #5245, #4000, #1055, #3278, #3784, #4693, #5206, #2202, #3823, #4004, #3078, #3497, #2883, #630, #142, #2993, #106, #4026, #2266, #284, #2984, #4800, #2423, #3900, #4049, #9, #3219, #632, #2103, #2719, #3114, #2178, #826, #2395, #4631, #4264, #439, #948, #4068, #1005, #1715, #2913, #1651, #1112, #2482, #602, #2654, #1273, #2522, #3641, #2623, #4059, #562, #4730, #5189, #3965, #3141, #3672, #1673, #4425, #4636, #2107, #3148, #2003, #1980, #3438, #4572, #5179, #986, #340, #2069, #4808, #3334, #2794, #1873, #274, #3655, #3047, #4671, #5116, #3425, #1648, #1722, #4699, #4518, #5146, #1979, #3039, #4419, #4864, #3238, #3772, #3956, #4310 ) ) ;
#540 = ORIENTED_EDGE ( 'NONE', *, *, #3814, .F. ) ;
#541 = CARTESIAN_POINT ( 'NONE',  ( -35.24242510233686687, 130.2215795643263618, -5.165221012277539714 ) ) ;
#542 = FACE_OUTER_BOUND ( 'NONE', #1718, .T. ) ;
#543 = ORIENTED_EDGE ( 'NONE', *, *, #1685, .T. ) ;
#544 = CARTESIAN_POINT ( 'NONE',  ( -28.19961186394468555, 133.2082157994709064, -3.014079909759386222 ) ) ;
#545 = CARTESIAN_POINT ( 'NONE',  ( -51.32595824712203125, -48.35535121507361112, -0.5164206492592291475 ) ) ;
#546 = CARTESIAN_POINT ( 'NONE',  ( -21.64468404741805685, 63.98813088039580776, 9.107298248878241979E-15 ) ) ;
#547 = CARTESIAN_POINT ( 'NONE',  ( -20.94938542542554316, 66.65674188815602008, 2.011798227228706715 ) ) ;
#548 = ORIENTED_EDGE ( 'NONE', *, *, #1580, .F. ) ;
#549 = CARTESIAN_POINT ( 'NONE',  ( 0.000000000000000000, 0.000000000000000000, -6.035533905932755516 ) ) ;
#550 = VECTOR ( 'NONE', #3112, 1000.000000000000114 ) ;
#551 = DIRECTION ( 'NONE',  ( 1.000000000000000000, 0.000000000000000000, 0.000000000000000000 ) ) ;
#552 = ORIENTED_EDGE ( 'NONE', *, *, #3172, .F. ) ;
#553 = CIRCLE ( 'NONE', #2424, 13.25000000000009592 ) ;
#554 = AXIS2_PLACEMENT_3D ( 'NONE', #4062, #397, #52 ) ;
#555 = DIRECTION ( 'NONE',  ( -1.579692751415678445E-30, 3.581290393448283579E-30, 1.000000000000000000 ) ) ;
#556 = ORIENTED_EDGE ( 'NONE', *, *, #4265, .T. ) ;
#557 = VERTEX_POINT ( 'NONE', #3549 ) ;
#558 = LINE ( 'NONE', #2192, #2645 ) ;
#559 = CIRCLE ( 'NONE', #2860, 2.875000000000000888 ) ;
#560 = CARTESIAN_POINT ( 'NONE',  ( 61.49794662508116261, -36.39162168676826781, -1.458712331626832226 ) ) ;
#561 = CONICAL_SURFACE ( 'NONE', #4757, 4.589745962155741488, 1.047197551196596521 ) ;
#562 = ADVANCED_FACE ( 'NONE', ( #291 ), #5194, .T. ) ;
#563 = CARTESIAN_POINT ( 'NONE',  ( -46.02404058627475081, -49.05524931321377835, -3.125000000000000000 ) ) ;
#564 = EDGE_LOOP ( 'NONE', ( #3014, #1062, #5106, #3924, #543, #3249, #3576 ) ) ;
#565 = B_SPLINE_CURVE_WITH_KNOTS ( 'NONE', 3,
 ( #1741, #4558, #1717, #3330, #4250, #1344, #911, #4976 ),
 .UNSPECIFIED., .F., .F.,
 ( 4, 2, 2, 4 ),
 ( 0.0005118033161659311285, 0.001548762263706279438, 0.002067241737476462754, 0.002585721211246646070 ),
 .UNSPECIFIED. ) ;
#566 = CARTESIAN_POINT ( 'NONE',  ( -24.49496054422846569, 118.6450458634352429, 10.00000000000000000 ) ) ;
#567 = DIRECTION ( 'NONE',  ( -0.000000000000000000, -0.000000000000000000, 1.000000000000000000 ) ) ;
#568 = VERTEX_POINT ( 'NONE', #188 ) ;
#569 = DIRECTION ( 'NONE',  ( 1.000000000000000000, 0.000000000000000000, 0.000000000000000000 ) ) ;
#570 = DIRECTION ( 'NONE',  ( 1.000000000000000000, 0.000000000000000000, 0.000000000000000000 ) ) ;
#571 = EDGE_CURVE ( 'NONE', #101, #4287, #2781, .T. ) ;
#572 = CARTESIAN_POINT ( 'NONE',  ( 65.00292490842842597, 23.14346027173155562, -3.125000000000000000 ) ) ;
#573 = CARTESIAN_POINT ( 'NONE',  ( -44.17319951943317591, 111.0482540923661787, 0.000000000000000000 ) ) ;
#574 = VERTEX_POINT ( 'NONE', #5087 ) ;
#575 = B_SPLINE_CURVE_WITH_KNOTS ( 'NONE', 3,
 ( #2766, #3969, #1224, #4417, #3614, #2820, #4052, #2369, #1174, #3217, #359, #2000 ),
 .UNSPECIFIED., .F., .F.,
 ( 4, 2, 2, 2, 2, 4 ),
 ( 3.193714225547901729E-07, 0.0008204327183130791104, 0.001640546065203603472, 0.002460659412094127942, 0.002870716085539396032, 0.003280772758984661086 ),
 .UNSPECIFIED. ) ;
#576 = CARTESIAN_POINT ( 'NONE',  ( 22.36408980896267806, 118.9565708611436179, -10.00000000000000888 ) ) ;
#577 = CARTESIAN_POINT ( 'NONE',  ( -65.73218274390985982, 7.352174912480746727, -3.125000000000000000 ) ) ;
#578 = CARTESIAN_POINT ( 'NONE',  ( 5.804520868596817706, -70.27731457853266761, -0.5164165700105979306 ) ) ;
#579 = ORIENTED_EDGE ( 'NONE', *, *, #497, .T. ) ;
#580 = AXIS2_PLACEMENT_3D ( 'NONE', #2164, #4175, #4935 ) ;
#581 = DIRECTION ( 'NONE',  ( -0.9930879748019212361, -0.1173723745342948321, 4.274534918971803639E-18 ) ) ;
#582 = ORIENTED_EDGE ( 'NONE', *, *, #2683, .F. ) ;
#583 = EDGE_LOOP ( 'NONE', ( #4325, #4639, #2472, #2868 ) ) ;
#584 = CARTESIAN_POINT ( 'NONE',  ( 10.60434422727199966, -69.93280114030463324, -0.7322330470336037012 ) ) ;
#585 = DIRECTION ( 'NONE',  ( 0.000000000000000000, -1.000000000000000000, 0.000000000000000000 ) ) ;
#586 = AXIS2_PLACEMENT_3D ( 'NONE', #4720, #1478, #3578 ) ;
#587 = DIRECTION ( 'NONE',  ( -0.9930879748019206810, -0.1173723745342992036, 5.421010862427415674E-16 ) ) ;
#588 = CARTESIAN_POINT ( 'NONE',  ( -24.49496054422846569, 118.6450458634352429, 7.209936490538876974 ) ) ;
#589 = EDGE_LOOP ( 'NONE', ( #3707, #4408, #4241, #4714 ) ) ;
#590 = AXIS2_PLACEMENT_3D ( 'NONE', #4887, #3588, #1218 ) ;
#591 = DIRECTION ( 'NONE',  ( -1.000000000000000000, 0.000000000000000000, 0.000000000000000000 ) ) ;
#592 = CARTESIAN_POINT ( 'NONE',  ( -33.06512055532289196, 117.6321446339730556, 7.667468245269429161 ) ) ;
#593 = VERTEX_POINT ( 'NONE', #2009 ) ;
#594 = CARTESIAN_POINT ( 'NONE',  ( -33.00701448940669280, 131.0333650287129785, -3.069610651200453511 ) ) ;
#595 = DIRECTION ( 'NONE',  ( -0.9115652393010867938, 0.4111554626877189089, 0.000000000000000000 ) ) ;
#596 = ADVANCED_FACE ( 'NONE', ( #4848 ), #3957, .T. ) ;
#597 =( BOUNDED_CURVE ( )  B_SPLINE_CURVE ( 3, ( #3469, #3948, #1448, #2221 ),
 .UNSPECIFIED., .F., .T. ) 
 B_SPLINE_CURVE_WITH_KNOTS ( ( 4, 4 ),
 ( 2.906689741847436892, 3.479394081829913610 ),
 .UNSPECIFIED. ) 
 CURVE ( )  GEOMETRIC_REPRESENTATION_ITEM ( )  RATIONAL_B_SPLINE_CURVE ( ( 1.000000000000000000, 0.9728537351997808003, 0.9728537351997808003, 1.000000000000000000 ) ) 
 REPRESENTATION_ITEM ( '' )  );
#598 = AXIS2_PLACEMENT_3D ( 'NONE', #4589, #4094, #2510 ) ;
#599 = CARTESIAN_POINT ( 'NONE',  ( -47.16241244291767032, 113.9209845719115748, -0.7322330470336119168 ) ) ;
#600 = CARTESIAN_POINT ( 'NONE',  ( -49.92319951943317591, 110.6746115689149832, -1.235574597506792882 ) ) ;
#601 = ORIENTED_EDGE ( 'NONE', *, *, #2752, .T. ) ;
#602 = ADVANCED_FACE ( 'NONE', ( #4089 ), #3624, .T. ) ;
#603 = DIRECTION ( 'NONE',  ( -0.1173723745342838826, 0.9930879748019225683, -1.050320854595329068E-15 ) ) ;
#604 = EDGE_CURVE ( 'NONE', #1927, #372, #2349, .T. ) ;
#605 = EDGE_CURVE ( 'NONE', #198, #3860, #2931, .T. ) ;
#606 = CIRCLE ( 'NONE', #177, 74.26776695296635467 ) ;
#607 = LINE ( 'NONE', #2259, #34 ) ;
#608 = FACE_OUTER_BOUND ( 'NONE', #792, .T. ) ;
#609 = ORIENTED_EDGE ( 'NONE', *, *, #5016, .F. ) ;
#610 = ORIENTED_EDGE ( 'NONE', *, *, #2432, .F. ) ;
#611 = CARTESIAN_POINT ( 'NONE',  ( -46.47958954278158217, -47.02351648062310119, -0.2895965526503627707 ) ) ;
#612 = VERTEX_POINT ( 'NONE', #425 ) ;
#613 = ORIENTED_EDGE ( 'NONE', *, *, #368, .F. ) ;
#614 = CARTESIAN_POINT ( 'NONE',  ( 22.20991343125892925, 120.6225891590928399, -1.823866642809199412 ) ) ;
#615 = CARTESIAN_POINT ( 'NONE',  ( 22.43437491770619729, 65.25104460506203452, -17.07106781186547195 ) ) ;
#616 = AXIS2_PLACEMENT_3D ( 'NONE', #3343, #4990, #2098 ) ;
#617 = LINE ( 'NONE', #1097, #2844 ) ;
#618 = FACE_OUTER_BOUND ( 'NONE', #4140, .T. ) ;
#619 = EDGE_LOOP ( 'NONE', ( #2563, #4215, #1720, #2879 ) ) ;
#620 = CARTESIAN_POINT ( 'NONE',  ( -22.91988099442415461, 77.62864332946043078, -9.999999999999989342 ) ) ;
#621 = DIRECTION ( 'NONE',  ( 1.000000000000000000, 0.000000000000000000, 0.000000000000000000 ) ) ;
#622 = EDGE_LOOP ( 'NONE', ( #4948, #5283 ) ) ;
#623 = VECTOR ( 'NONE', #2206, 1000.000000000000114 ) ;
#624 = CARTESIAN_POINT ( 'NONE',  ( -32.54834877566258200, 131.2737640066775668, -2.977295164517677506 ) ) ;
#625 = CARTESIAN_POINT ( 'NONE',  ( 8.097314658545695210, 126.8390707993455351, 8.673617379883595288E-15 ) ) ;
#626 = CARTESIAN_POINT ( 'NONE',  ( -37.21866349504868765, 125.7523932890626241, -2.286940067095395879 ) ) ;
#627 = DIRECTION ( 'NONE',  ( 1.000000000000000000, -1.224646799147352961E-16, 1.579692751415678795E-30 ) ) ;
#628 = ORIENTED_EDGE ( 'NONE', *, *, #898, .T. ) ;
#629 = CARTESIAN_POINT ( 'NONE',  ( -22.91988099442415461, 77.62864332946043078, 10.00000000000000000 ) ) ;
#630 = ADVANCED_FACE ( 'NONE', ( #4900 ), #1237, .T. ) ;
#631 = DIRECTION ( 'NONE',  ( 1.000000000000000000, 0.000000000000000000, 0.000000000000000000 ) ) ;
#632 = ADVANCED_FACE ( 'NONE', ( #2778 ), #2337, .T. ) ;
#633 = CARTESIAN_POINT ( 'NONE',  ( 10.00172580093783736, -66.35678755624668668, 1.469361817887427277E-12 ) ) ;
#634 = ORIENTED_EDGE ( 'NONE', *, *, #5022, .F. ) ;
#635 = DIRECTION ( 'NONE',  ( 1.000000000000000000, 0.000000000000000000, 0.000000000000000000 ) ) ;
#636 = CIRCLE ( 'NONE', #896, 2.500000000000009326 ) ;
#637 = ORIENTED_EDGE ( 'NONE', *, *, #2893, .F. ) ;
#638 = VECTOR ( 'NONE', #4725, 1000.000000000000000 ) ;
#639 = CARTESIAN_POINT ( 'NONE',  ( -46.33706050474791738, -47.17791982551769792, -0.2841180116394973476 ) ) ;
#640 = ORIENTED_EDGE ( 'NONE', *, *, #440, .T. ) ;
#641 = ORIENTED_EDGE ( 'NONE', *, *, #3215, .F. ) ;
#642 = CARTESIAN_POINT ( 'NONE',  ( -2.558511378375500089E-28, -70.73223304703357428, -0.7322330470335980390 ) ) ;
#643 = CARTESIAN_POINT ( 'NONE',  ( 61.40510615142324014, -35.64379618259616223, -1.000339784636946172 ) ) ;
#644 = CARTESIAN_POINT ( 'NONE',  ( 10.50774544371254215, -70.10449545641081670, -0.8875045157722125655 ) ) ;
#645 = ORIENTED_EDGE ( 'NONE', *, *, #2648, .T. ) ;
#646 = DIRECTION ( 'NONE',  ( -3.394736008295982287E-30, 1.133388299552843720E-31, 1.000000000000000000 ) ) ;
#647 = CARTESIAN_POINT ( 'NONE',  ( 22.76426968651023586, 28.86647087335253659, 8.673617379883967630E-15 ) ) ;
#648 = CIRCLE ( 'NONE', #2184, 1.249999999999999778 ) ;
#649 = VERTEX_POINT ( 'NONE', #2827 ) ;
#650 = CARTESIAN_POINT ( 'NONE',  ( -35.58417809479778526, 130.0250977433270521, -4.517825702493710516 ) ) ;
#651 = FACE_OUTER_BOUND ( 'NONE', #4067, .T. ) ;
#652 = EDGE_CURVE ( 'NONE', #23, #2081, #1153, .T. ) ;
#653 = CARTESIAN_POINT ( 'NONE',  ( 63.07001471300611684, 20.99393171965398963, -0.1290670779902321208 ) ) ;
#654 = CARTESIAN_POINT ( 'NONE',  ( -14.70555498837679842, 124.4237400810043255, 10.00000000000000000 ) ) ;
#655 = ORIENTED_EDGE ( 'NONE', *, *, #1388, .F. ) ;
#656 = CARTESIAN_POINT ( 'NONE',  ( -68.60718274391030036, 7.352174912479794600, -10.00000000000000888 ) ) ;
#657 = FACE_OUTER_BOUND ( 'NONE', #2120, .T. ) ;
#658 = DIRECTION ( 'NONE',  ( 0.000000000000000000, 0.000000000000000000, 1.000000000000000000 ) ) ;
#659 = VERTEX_POINT ( 'NONE', #320 ) ;
#660 = SURFACE_STYLE_USAGE ( .BOTH. , #2710 ) ;
#661 = ADVANCED_FACE ( 'NONE', ( #4424 ), #4034, .F. ) ;
#662 = ADVANCED_FACE ( 'NONE', ( #4061 ), #5247, .T. ) ;
#663 = ORIENTED_EDGE ( 'NONE', *, *, #2712, .F. ) ;
#664 = DIRECTION ( 'NONE',  ( -0.000000000000000000, -0.000000000000000000, 1.000000000000000000 ) ) ;
#665 = EDGE_LOOP ( 'NONE', ( #3912, #1328, #3844, #5269, #1759, #421, #2377 ) ) ;
#666 = APPLICATION_CONTEXT ( 'automotive_design' ) ;
#667 = ORIENTED_EDGE ( 'NONE', *, *, #3853, .T. ) ;
#668 = DIRECTION ( 'NONE',  ( 0.9930879748019211251, 0.1173723745342948321, 1.148429317936786669E-30 ) ) ;
#669 = ADVANCED_FACE ( 'NONE', ( #1268 ), #2877, .F. ) ;
#670 = LINE ( 'NONE', #2294, #2051 ) ;
#671 = EDGE_CURVE ( 'NONE', #4754, #2055, #4660, .T. ) ;
#672 = CARTESIAN_POINT ( 'NONE',  ( -66.10718274391030036, 7.352174912479794600, -3.125000000000000000 ) ) ;
#673 = CARTESIAN_POINT ( 'NONE',  ( 7.230125960212291147, -71.26624374811287055, -1.631977648703420103 ) ) ;
#674 = EDGE_LOOP ( 'NONE', ( #3212, #1624, #2243, #3985 ) ) ;
#675 = CARTESIAN_POINT ( 'NONE',  ( 55.87009747357590328, -37.23904741413698360, 1.613258951340540426E-14 ) ) ;
#676 = DIRECTION ( 'NONE',  ( -0.7852140432544196802, 0.6192244393400879732, -3.458019468435859967E-30 ) ) ;
#677 = ORIENTED_EDGE ( 'NONE', *, *, #4404, .F. ) ;
#678 = CARTESIAN_POINT ( 'NONE',  ( 19.86408980896266741, 118.9565708611436179, -10.00000000000000888 ) ) ;
#679 = CIRCLE ( 'NONE', #2042, 61.25000000000000000 ) ;
#680 = DIRECTION ( 'NONE',  ( 1.000000000000000000, 0.000000000000000000, 0.000000000000000000 ) ) ;
#681 = EDGE_CURVE ( 'NONE', #1894, #1149, #3058, .T. ) ;
#682 = CARTESIAN_POINT ( 'NONE',  ( 0.9230460145465656518, 76.68841234103354054, 259.6142809027516023 ) ) ;
#683 = CIRCLE ( 'NONE', #1711, 100.7322330470336453 ) ;
#684 = LINE ( 'NONE', #328, #36 ) ;
#685 = ORIENTED_EDGE ( 'NONE', *, *, #3786, .F. ) ;
#686 = CYLINDRICAL_SURFACE ( 'NONE', #4432, 1.250000000000001332 ) ;
#687 = CIRCLE ( 'NONE', #2124, 2.875000000000000888 ) ;
#688 = CARTESIAN_POINT ( 'NONE',  ( -11.08595754075354733, 64.95027012303536651, -0.4286524720594480087 ) ) ;
#689 = DIRECTION ( 'NONE',  ( -0.2225209339563049005, -0.9749279121818258398, 0.000000000000000000 ) ) ;
#690 = ORIENTED_EDGE ( 'NONE', *, *, #1338, .T. ) ;
#691 = EDGE_CURVE ( 'NONE', #2438, #477, #607, .T. ) ;
#692 = ORIENTED_EDGE ( 'NONE', *, *, #5197, .F. ) ;
#693 = B_SPLINE_CURVE_WITH_KNOTS ( 'NONE', 3,
 ( #3539, #4101, #2067, #1728, #715, #488, #4781, #462, #31, #3968, #2043, #1545, #3563, #3165, #2765, #3686 ),
 .UNSPECIFIED., .F., .F.,
 ( 4, 2, 2, 2, 2, 2, 2, 4 ),
 ( 0.003092492239769775286, 0.004091519857886754749, 0.004591033666945254672, 0.005090547476003754596, 0.005590061285062255386, 0.006089575094120754442, 0.006589088903179254365, 0.007088602712237754289 ),
 .UNSPECIFIED. ) ;
#694 = AXIS2_PLACEMENT_3D ( 'NONE', #5252, #4120, #457 ) ;
#695 = CARTESIAN_POINT ( 'NONE',  ( -45.82139893419910948, -48.05358566957786337, -0.1613459727414137124 ) ) ;
#696 = ORIENTED_EDGE ( 'NONE', *, *, #1068, .T. ) ;
#697 = ORIENTED_EDGE ( 'NONE', *, *, #1587, .T. ) ;
#698 = FACE_OUTER_BOUND ( 'NONE', #2751, .T. ) ;
#699 = DIRECTION ( 'NONE',  ( 0.4309961487609182962, -0.7698990671686010145, -0.4706354705355030865 ) ) ;
#700 = EDGE_LOOP ( 'NONE', ( #5028, #1657 ) ) ;
#701 = DIRECTION ( 'NONE',  ( 1.000000000000000000, 0.000000000000000000, 0.000000000000000000 ) ) ;
#702 = LINE ( 'NONE', #647, #3820 ) ;
#703 = ORIENTED_EDGE ( 'NONE', *, *, #3136, .F. ) ;
#704 = EDGE_CURVE ( 'NONE', #3910, #1398, #2675, .T. ) ;
#705 = CYLINDRICAL_SURFACE ( 'NONE', #3911, 1.250000000000003331 ) ;
#706 = CARTESIAN_POINT ( 'NONE',  ( -29.05298206664101812, 118.1063364813478529, 10.00000000000000000 ) ) ;
#707 = EDGE_CURVE ( 'NONE', #316, #5055, #50, .T. ) ;
#708 = DIRECTION ( 'NONE',  ( 2.205195146620347939E-30, 2.583445881321955470E-30, 1.000000000000000000 ) ) ;
#709 = TOROIDAL_SURFACE ( 'NONE', #5063, 102.5000000000000142, 2.500000000000000000 ) ;
#710 = ORIENTED_EDGE ( 'NONE', *, *, #2711, .T. ) ;
#711 = CARTESIAN_POINT ( 'NONE',  ( -0.5323865326057816150, 135.9401006820029352, -4.064576744045853118 ) ) ;
#712 = DIRECTION ( 'NONE',  ( -0.9318477194401660890, -0.3628495938734966342, -1.725633230170962886E-31 ) ) ;
#713 = AXIS2_PLACEMENT_3D ( 'NONE', #976, #4995, #2601 ) ;
#714 = FACE_OUTER_BOUND ( 'NONE', #2897, .T. ) ;
#715 = CARTESIAN_POINT ( 'NONE',  ( 21.02405606782079417, 63.18009779650839164, -0.09956493920715479840 ) ) ;
#716 = DIRECTION ( 'NONE',  ( -0.5100290538000109564, 0.1439345685724617574, 0.8480290114434323456 ) ) ;
#717 = DIRECTION ( 'NONE',  ( -0.000000000000000000, 0.000000000000000000, 1.000000000000000000 ) ) ;
#718 = AXIS2_PLACEMENT_3D ( 'NONE', #882, #4953, #1292 ) ;
#719 = VERTEX_POINT ( 'NONE', #4273 ) ;
#720 = EDGE_CURVE ( 'NONE', #4853, #436, #803, .T. ) ;
#721 = CARTESIAN_POINT ( 'NONE',  ( -47.50423623020991926, -46.35954490833866970, -0.1688121335218154273 ) ) ;
#722 = ORIENTED_EDGE ( 'NONE', *, *, #1789, .T. ) ;
#723 = ORIENTED_EDGE ( 'NONE', *, *, #2157, .F. ) ;
#724 = CARTESIAN_POINT ( 'NONE',  ( 19.86408980894260878, 118.9565708611430352, -3.125000000000000000 ) ) ;
#725 = DIRECTION ( 'NONE',  ( 1.000000000000000000, 0.000000000000000000, 0.000000000000000000 ) ) ;
#726 = AXIS2_PLACEMENT_3D ( 'NONE', #3967, #5209, #1544 ) ;
#727 = DIRECTION ( 'NONE',  ( 0.000000000000000000, 0.000000000000000000, 1.000000000000000000 ) ) ;
#728 = DIRECTION ( 'NONE',  ( -0.000000000000000000, -0.000000000000000000, 1.000000000000000000 ) ) ;
#729 = ORIENTED_EDGE ( 'NONE', *, *, #2823, .T. ) ;
#730 = CARTESIAN_POINT ( 'NONE',  ( -3.838730668348500075, 121.0863912537485731, 10.00000000000000000 ) ) ;
#731 = CARTESIAN_POINT ( 'NONE',  ( -8.147872880956111175, 136.5025616751941868, -4.443381866497095878 ) ) ;
#732 = ORIENTED_EDGE ( 'NONE', *, *, #2932, .F. ) ;
#733 = CONICAL_SURFACE ( 'NONE', #4581, 61.25000000000000000, 0.7853981633974490562 ) ;
#734 = DIRECTION ( 'NONE',  ( -3.394736008295982287E-30, 1.133388299552843720E-31, 1.000000000000000000 ) ) ;
#735 = EDGE_CURVE ( 'NONE', #1740, #4091, #3693, .T. ) ;
#736 = EDGE_CURVE ( 'NONE', #941, #1557, #5293, .T. ) ;
#737 = DIRECTION ( 'NONE',  ( -1.776356839400250070E-15, -1.000000000000000000, 3.572180275712047210E-30 ) ) ;
#738 = CONICAL_SURFACE ( 'NONE', #1416, 5.750000000000001776, 0.5235987755982948189 ) ;
#739 = CARTESIAN_POINT ( 'NONE',  ( -24.49496054422846569, 118.6450458634352429, 8.673617379883571622E-15 ) ) ;
#740 = ORIENTED_EDGE ( 'NONE', *, *, #1332, .T. ) ;
#741 = ORIENTED_EDGE ( 'NONE', *, *, #1267, .F. ) ;
#742 = FACE_OUTER_BOUND ( 'NONE', #4710, .T. ) ;
#743 = DIRECTION ( 'NONE',  ( -0.000000000000000000, 0.000000000000000000, 1.000000000000000000 ) ) ;
#744 = EDGE_CURVE ( 'NONE', #4303, #1390, #2253, .T. ) ;
#745 = AXIS2_PLACEMENT_3D ( 'NONE', #3739, #1674, #1945 ) ;
#746 = CARTESIAN_POINT ( 'NONE',  ( 7.384824446639370451E-15, 66.41978486437361084, -0.1546900850762781277 ) ) ;
#747 = DIRECTION ( 'NONE',  ( -1.000000000000000000, 0.000000000000000000, 0.000000000000000000 ) ) ;
#748 = CARTESIAN_POINT ( 'NONE',  ( 5.764974850805406170, 67.19107519218377433, 8.673617379883805125E-15 ) ) ;
#749 = EDGE_CURVE ( 'NONE', #3860, #3130, #776, .T. ) ;
#750 = PLANE ( 'NONE',  #3285 ) ;
#751 = ORIENTED_EDGE ( 'NONE', *, *, #3832, .T. ) ;
#752 = CARTESIAN_POINT ( 'NONE',  ( 0.000000000000000000, 0.000000000000000000, -10.00000000000000000 ) ) ;
#753 = FACE_OUTER_BOUND ( 'NONE', #1844, .T. ) ;
#754 = VERTEX_POINT ( 'NONE', #577 ) ;
#755 = DIRECTION ( 'NONE',  ( -1.579692751415678445E-30, 3.581290393448283579E-30, 1.000000000000000000 ) ) ;
#756 = CARTESIAN_POINT ( 'NONE',  ( -22.18557454876231816, 134.7977978400548125, -4.364847068438901800 ) ) ;
#757 = EDGE_LOOP ( 'NONE', ( #1367, #2541, #1084, #1018 ) ) ;
#758 = DIRECTION ( 'NONE',  ( -1.000000000000000000, 0.000000000000000000, 0.000000000000000000 ) ) ;
#759 = FACE_OUTER_BOUND ( 'NONE', #4664, .T. ) ;
#760 = B_SPLINE_CURVE_WITH_KNOTS ( 'NONE', 3,
 ( #1118, #5105, #5159, #1498, #695, #4281, #2314, #639, #611, #1065, #3858, #2689, #721, #1441, #3035, #2742, #4335, #4712 ),
 .UNSPECIFIED., .F., .F.,
 ( 4, 2, 2, 2, 2, 2, 2, 2, 4 ),
 ( 0.003396475808735131743, 0.004011395243738813052, 0.004626314678742493927, 0.005241234113746174803, 0.005856153548749855678, 0.006471072983753536553, 0.007085992418757218296, 0.007700911853760900039, 0.008315831288764580914 ),
 .UNSPECIFIED. ) ;
#761 = CARTESIAN_POINT ( 'NONE',  ( -49.98297581189630279, -51.54204383737943118, -1.797197484599456274 ) ) ;
#762 = ORIENTED_EDGE ( 'NONE', *, *, #4246, .F. ) ;
#763 = AXIS2_PLACEMENT_3D ( 'NONE', #296, #3898, #2727 ) ;
#764 = ORIENTED_EDGE ( 'NONE', *, *, #744, .F. ) ;
#765 = EDGE_CURVE ( 'NONE', #1398, #193, #2763, .T. ) ;
#766 = B_SPLINE_CURVE_WITH_KNOTS ( 'NONE', 3,
 ( #1041, #1504, #1901, #643, #3919, #3069 ),
 .UNSPECIFIED., .F., .F.,
 ( 4, 2, 4 ),
 ( 0.004628252283976220377, 0.005286317068781297077, 0.005944381853586372909 ),
 .UNSPECIFIED. ) ;
#767 = CARTESIAN_POINT ( 'NONE',  ( -62.86561003831003802, 28.35511696591777664, 8.673617379883835101E-15 ) ) ;
#768 = CIRCLE ( 'NONE', #4446, 67.28553390593272354 ) ;
#769 = LINE ( 'NONE', #358, #4312 ) ;
#770 =( BOUNDED_CURVE ( )  B_SPLINE_CURVE ( 3, ( #3923, #2300, #3984, #4345 ),
 .UNSPECIFIED., .F., .T. ) 
 B_SPLINE_CURVE_WITH_KNOTS ( ( 4, 4 ),
 ( 2.949063715638052585, 3.334121591541544749 ),
 .UNSPECIFIED. ) 
 CURVE ( )  GEOMETRIC_REPRESENTATION_ITEM ( )  RATIONAL_B_SPLINE_CURVE ( ( 1.000000000000000000, 0.9876823219890864536, 0.9876823219890864536, 1.000000000000000000 ) ) 
 REPRESENTATION_ITEM ( '' )  );
#771 = EDGE_CURVE ( 'NONE', #4806, #4754, #1725, .T. ) ;
#772 = DIRECTION ( 'NONE',  ( 0.1278374938784040404, 0.9508629099039398458, 0.2819881233809343746 ) ) ;
#773 = CIRCLE ( 'NONE', #3402, 2.874999999999999112 ) ;
#774 = EDGE_CURVE ( 'NONE', #1863, #1516, #2175, .T. ) ;
#775 = CARTESIAN_POINT ( 'NONE',  ( -74.99999999999998579, 9.184850993605147156E-15, -6.035533905932755516 ) ) ;
#776 =( BOUNDED_CURVE ( )  B_SPLINE_CURVE ( 3, ( #74, #1004, #2603, #4531 ),
 .UNSPECIFIED., .F., .T. ) 
 B_SPLINE_CURVE_WITH_KNOTS ( ( 4, 4 ),
 ( 3.279677803347356146, 3.362328186239680772 ),
 .UNSPECIFIED. ) 
 CURVE ( )  GEOMETRIC_REPRESENTATION_ITEM ( )  RATIONAL_B_SPLINE_CURVE ( ( 1.000000000000000000, 0.9994308238594600269, 0.9994308238594600269, 1.000000000000000000 ) ) 
 REPRESENTATION_ITEM ( '' )  );
#777 = CARTESIAN_POINT ( 'NONE',  ( -58.79168383065648840, 71.95220597035097398, -4.267766952966378646 ) ) ;
#778 = ORIENTED_EDGE ( 'NONE', *, *, #1238, .F. ) ;
#779 = DIRECTION ( 'NONE',  ( -1.000000000000000000, 0.000000000000000000, 0.000000000000000000 ) ) ;
#780 = AXIS2_PLACEMENT_3D ( 'NONE', #1094, #318, #1898 ) ;
#781 = CARTESIAN_POINT ( 'NONE',  ( -32.76065111678050101, 72.59445774780360239, -0.6298166057457400546 ) ) ;
#782 = CARTESIAN_POINT ( 'NONE',  ( 58.62294662508116261, -36.39162168676826781, -3.125000000000000000 ) ) ;
#783 = ORIENTED_EDGE ( 'NONE', *, *, #5026, .T. ) ;
#784 = EDGE_CURVE ( 'NONE', #1803, #4735, #1861, .T. ) ;
#785 = DIRECTION ( 'NONE',  ( -1.000000000000000000, 1.224646799147349509E-16, 0.000000000000000000 ) ) ;
#786 = CARTESIAN_POINT ( 'NONE',  ( -35.23393067550960467, 129.7676080378908807, -3.778883832079281468 ) ) ;
#787 = ORIENTED_EDGE ( 'NONE', *, *, #2293, .F. ) ;
#788 = DIRECTION ( 'NONE',  ( 0.000000000000000000, -1.000000000000000000, 3.574580459237012803E-30 ) ) ;
#789 = CARTESIAN_POINT ( 'NONE',  ( -1.906183216865956709, 136.1912734029006629, -4.096596479255303791 ) ) ;
#790 = CARTESIAN_POINT ( 'NONE',  ( -24.49496054422846569, 118.6450458634352429, 7.209936490538876974 ) ) ;
#791 = ORIENTED_EDGE ( 'NONE', *, *, #4522, .F. ) ;
#792 = EDGE_LOOP ( 'NONE', ( #2557, #1500, #1783, #4306, #3135, #2333, #4610 ) ) ;
#793 = CYLINDRICAL_SURFACE ( 'NONE', #5121, 74.99999999999998579 ) ;
#794 = STYLED_ITEM ( 'NONE', ( #4361 ), #3264 ) ;
#795 = CARTESIAN_POINT ( 'NONE',  ( -36.77515950782616727, 129.2356190331353218, -5.533237517452000986 ) ) ;
#796 = AXIS2_PLACEMENT_3D ( 'NONE', #549, #496, #147 ) ;
#797 = EDGE_CURVE ( 'NONE', #2659, #2189, #855, .T. ) ;
#798 = EDGE_CURVE ( 'NONE', #830, #3954, #5163, .T. ) ;
#799 = CARTESIAN_POINT ( 'NONE',  ( -48.66640751361463657, 108.6655249662722440, 9.302115826746726324E-15 ) ) ;
#800 = ORIENTED_EDGE ( 'NONE', *, *, #3272, .T. ) ;
#801 = FACE_OUTER_BOUND ( 'NONE', #1314, .T. ) ;
#802 = DIRECTION ( 'NONE',  ( 0.000000000000000000, -0.4847605783279412828, 0.8746468897213091065 ) ) ;
#803 = CIRCLE ( 'NONE', #718, 2.500000000000004441 ) ;
#804 = LINE ( 'NONE', #4505, #1160 ) ;
#805 = ORIENTED_EDGE ( 'NONE', *, *, #474, .F. ) ;
#806 = CARTESIAN_POINT ( 'NONE',  ( -69.94141740908727911, 4.800446949783292894, -0.2697630389853121202 ) ) ;
#807 = LINE ( 'NONE', #3709, #1806 ) ;
#808 = ORIENTED_EDGE ( 'NONE', *, *, #1890, .F. ) ;
#809 = CYLINDRICAL_SURFACE ( 'NONE', #4450, 3.250000000000002665 ) ;
#810 = CIRCLE ( 'NONE', #1245, 65.51776695296636888 ) ;
#811 = CARTESIAN_POINT ( 'NONE',  ( 4.292008089126852610, 134.7380363535185950, -4.517825702472885396 ) ) ;
#812 = DIRECTION ( 'NONE',  ( -0.000000000000000000, 0.000000000000000000, 1.000000000000000000 ) ) ;
#813 = ORIENTED_EDGE ( 'NONE', *, *, #1120, .T. ) ;
#814 = AXIS2_PLACEMENT_3D ( 'NONE', #790, #5256, #1247 ) ;
#815 = VERTEX_POINT ( 'NONE', #3729 ) ;
#816 = DIRECTION ( 'NONE',  ( -0.9930879748019212361, -0.1173723745342946101, 0.000000000000000000 ) ) ;
#817 = TOROIDAL_SURFACE ( 'NONE', #3365, 8.004809471616828986, 1.250000000000000000 ) ;
#818 = DIRECTION ( 'NONE',  ( -1.000000000000000000, 0.000000000000000000, 0.000000000000000000 ) ) ;
#819 = ORIENTED_EDGE ( 'NONE', *, *, #3106, .F. ) ;
#820 = CARTESIAN_POINT ( 'NONE',  ( -63.75000000000000000, 0.000000000000000000, -6.035533905932719101 ) ) ;
#821 = AXIS2_PLACEMENT_3D ( 'NONE', #3699, #4214, #3301 ) ;
#822 = AXIS2_PLACEMENT_3D ( 'NONE', #4932, #2033, #785 ) ;
#823 = CARTESIAN_POINT ( 'NONE',  ( 5.742958810478873133, 133.7393944179210621, -4.540666337730621116 ) ) ;
#824 = ORIENTED_EDGE ( 'NONE', *, *, #4889, .T. ) ;
#825 = CARTESIAN_POINT ( 'NONE',  ( 69.99999999999998579, 8.572527594031469837E-15, 0.000000000000000000 ) ) ;
#826 = ADVANCED_FACE ( 'NONE', ( #3329 ), #2005, .T. ) ;
#827 = FACE_BOUND ( 'NONE', #5059, .T. ) ;
#828 = DIRECTION ( 'NONE',  ( -0.000000000000000000, -0.000000000000000000, -1.000000000000000000 ) ) ;
#829 = CARTESIAN_POINT ( 'NONE',  ( -10.27008277174995499, 86.89519779516678000, 8.239936510889833698E-15 ) ) ;
#830 = VERTEX_POINT ( 'NONE', #1412 ) ;
#831 = DIRECTION ( 'NONE',  ( -1.579692751415678445E-30, 3.581290393448283579E-30, 1.000000000000000000 ) ) ;
#832 = CARTESIAN_POINT ( 'NONE',  ( -27.20789705239266709, 133.5604895705026252, -3.257591941349092579 ) ) ;
#833 = EDGE_CURVE ( 'NONE', #3619, #3154, #181, .T. ) ;
#834 = DIRECTION ( 'NONE',  ( 1.000000000000000000, 0.000000000000000000, 0.000000000000000000 ) ) ;
#835 = CARTESIAN_POINT ( 'NONE',  ( 1.120995110834589470, 76.33481098051751701, 14.17204381672923041 ) ) ;
#836 = CARTESIAN_POINT ( 'NONE',  ( -24.49496054422846569, 118.6450458634352429, 10.00000000000000000 ) ) ;
#837 = ORIENTED_EDGE ( 'NONE', *, *, #2959, .F. ) ;
#838 = EDGE_CURVE ( 'NONE', #4079, #3442, #2595, .T. ) ;
#839 = ORIENTED_EDGE ( 'NONE', *, *, #3207, .F. ) ;
#840 = CARTESIAN_POINT ( 'NONE',  ( -26.86800920236900936, 134.0598968634716641, -4.822450661324454657 ) ) ;
#841 = LINE ( 'NONE', #3689, #2047 ) ;
#842 = AXIS2_PLACEMENT_3D ( 'NONE', #615, #3040, #4339 ) ;
#843 = DIRECTION ( 'NONE',  ( 1.000000000000000000, 0.000000000000000000, 0.000000000000000000 ) ) ;
#844 = ORIENTED_EDGE ( 'NONE', *, *, #4095, .T. ) ;
#845 = CARTESIAN_POINT ( 'NONE',  ( -2.677289372099547016E-28, -8.634095865921467757E-29, -2.499999999999992895 ) ) ;
#846 = EDGE_CURVE ( 'NONE', #1149, #2068, #3863, .T. ) ;
#847 = DIRECTION ( 'NONE',  ( 4.440892098500626162E-15, -1.000000000000000000, 3.572180275712047210E-30 ) ) ;
#848 = VECTOR ( 'NONE', #5168, 1000.000000000000227 ) ;
#849 = AXIS2_PLACEMENT_3D ( 'NONE', #4439, #2840, #5234 ) ;
#850 = CARTESIAN_POINT ( 'NONE',  ( -49.47162085687872946, 109.4942074714693945, -0.3495101086098938437 ) ) ;
#851 = ORIENTED_EDGE ( 'NONE', *, *, #4947, .T. ) ;
#852 = CARTESIAN_POINT ( 'NONE',  ( 7.125566542787196589, 129.8756533036199698, -1.366092968075615754 ) ) ;
#853 = DIRECTION ( 'NONE',  ( -0.000000000000000000, -0.000000000000000000, -1.000000000000000000 ) ) ;
#854 = AXIS2_PLACEMENT_3D ( 'NONE', #1348, #4981, #888 ) ;
#855 = LINE ( 'NONE', #4145, #4914 ) ;
#856 = CARTESIAN_POINT ( 'NONE',  ( 4.287041719378256843, 71.52730377614570045, 7.209936490538879639 ) ) ;
#857 = ORIENTED_EDGE ( 'NONE', *, *, #681, .T. ) ;
#858 = CARTESIAN_POINT ( 'NONE',  ( -70.53912839019062631, 5.223041046370670237, -0.7322330470335961516 ) ) ;
#859 = CARTESIAN_POINT ( 'NONE',  ( 0.000000000000000000, 0.000000000000000000, -0.7322330470335980390 ) ) ;
#860 = CIRCLE ( 'NONE', #1030, 74.26776695296635467 ) ;
#861 = DIRECTION ( 'NONE',  ( -0.1173723745342949293, 0.9930879748019212361, 0.000000000000000000 ) ) ;
#862 = CARTESIAN_POINT ( 'NONE',  ( 2.458679931672443253, 135.2508019720988841, -3.882706113069358533 ) ) ;
#863 = EDGE_CURVE ( 'NONE', #3019, #4568, #3701, .T. ) ;
#864 = CIRCLE ( 'NONE', #5220, 2.500000000000000444 ) ;
#865 = CARTESIAN_POINT ( 'NONE',  ( -9.274338592234400380, 136.8852886496993904, -5.812260088862161389 ) ) ;
#866 = ORIENTED_EDGE ( 'NONE', *, *, #2058, .T. ) ;
#867 = CARTESIAN_POINT ( 'NONE',  ( 62.12792490842917914, 23.14346027173075271, -3.125000000000000000 ) ) ;
#868 = ORIENTED_EDGE ( 'NONE', *, *, #1942, .T. ) ;
#869 = CYLINDRICAL_SURFACE ( 'NONE', #357, 2.500000000000002220 ) ;
#870 = CARTESIAN_POINT ( 'NONE',  ( -10.27008277174995499, 86.89519779516678000, -6.035533905932755516 ) ) ;
#871 = EDGE_CURVE ( 'NONE', #1959, #5034, #4143, .T. ) ;
#872 = CARTESIAN_POINT ( 'NONE',  ( -24.49496054422846569, 118.6450458634352429, 10.00000000000000000 ) ) ;
#873 = EDGE_LOOP ( 'NONE', ( #1703, #2216, #2832, #5089 ) ) ;
#874 = DIRECTION ( 'NONE',  ( 0.000000000000000000, -1.000000000000000000, 3.572180275712047210E-30 ) ) ;
#875 = AXIS2_PLACEMENT_3D ( 'NONE', #3702, #2006, #5270 ) ;
#876 = DIRECTION ( 'NONE',  ( 0.000000000000000000, 0.000000000000000000, 1.000000000000000000 ) ) ;
#877 = CIRCLE ( 'NONE', #3428, 8.629809471616859184 ) ;
#878 = EDGE_LOOP ( 'NONE', ( #2696, #3529, #787, #2326, #1788 ) ) ;
#879 = CARTESIAN_POINT ( 'NONE',  ( 20.17015483431626066, 64.19118262632439098, 0.000000000000000000 ) ) ;
#880 = VECTOR ( 'NONE', #3418, 1000.000000000000114 ) ;
#881 = EDGE_CURVE ( 'NONE', #77, #3714, #3933, .T. ) ;
#882 = CARTESIAN_POINT ( 'NONE',  ( 57.31848788476433043, 44.39415441929403983, -6.035533905932755516 ) ) ;
#883 = FACE_OUTER_BOUND ( 'NONE', #2354, .T. ) ;
#884 = ORIENTED_EDGE ( 'NONE', *, *, #1719, .F. ) ;
#885 = CARTESIAN_POINT ( 'NONE',  ( -10.27008277174995499, 86.89519779516678000, -0.7322330470336119168 ) ) ;
#886 = DIRECTION ( 'NONE',  ( 0.9908336901871832580, 0.1350873731702893488, 0.000000000000000000 ) ) ;
#887 = AXIS2_PLACEMENT_3D ( 'NONE', #4960, #3712, #5057 ) ;
#888 = DIRECTION ( 'NONE',  ( -0.9318477194401660890, -0.3628495938734966342, -1.725633230170962886E-31 ) ) ;
#889 = UNCERTAINTY_MEASURE_WITH_UNIT (LENGTH_MEASURE( 1.000000000000000082E-05 ), #4338, 'distance_accuracy_value', 'NONE');
#890 = FACE_OUTER_BOUND ( 'NONE', #2941, .T. ) ;
#891 = CARTESIAN_POINT ( 'NONE',  ( -20.84352431256668936, 68.55713971877848678, 7.209936490538876086 ) ) ;
#892 = ORIENTED_EDGE ( 'NONE', *, *, #4499, .T. ) ;
#893 = CARTESIAN_POINT ( 'NONE',  ( -21.31336632063170100, 63.99070495069005204, 9.107298248878241979E-15 ) ) ;
#894 = VERTEX_POINT ( 'NONE', #3189 ) ;
#895 = FACE_OUTER_BOUND ( 'NONE', #2864, .T. ) ;
#896 = AXIS2_PLACEMENT_3D ( 'NONE', #386, #4574, #1221 ) ;
#897 = CARTESIAN_POINT ( 'NONE',  ( -50.62524194105825615, -47.08537492825566773, 9.285175167801640317E-15 ) ) ;
#898 = EDGE_CURVE ( 'NONE', #477, #2372, #769, .T. ) ;
#899 = CARTESIAN_POINT ( 'NONE',  ( -23.79039619848120424, 134.6741382118204626, -4.478394842575369239 ) ) ;
#900 = CIRCLE ( 'NONE', #5080, 2.875000000000002665 ) ;
#901 = SPHERICAL_SURFACE ( 'NONE', #1061, 1.250000000000000000 ) ;
#902 = ORIENTED_EDGE ( 'NONE', *, *, #1384, .F. ) ;
#903 = ADVANCED_FACE ( 'NONE', ( #3908 ), #1919, .T. ) ;
#904 = CARTESIAN_POINT ( 'NONE',  ( 74.99999999999998579, 0.000000000000000000, -6.035533905932755516 ) ) ;
#905 = CIRCLE ( 'NONE', #3451, 2.500000000000000000 ) ;
#906 = VECTOR ( 'NONE', #4939, 1000.000000000000114 ) ;
#907 = DIRECTION ( 'NONE',  ( -0.7071067811865474617, 0.000000000000000000, -0.7071067811865474617 ) ) ;
#908 = ORIENTED_EDGE ( 'NONE', *, *, #173, .F. ) ;
#909 = CARTESIAN_POINT ( 'NONE',  ( -15.72202956886880187, 133.0241342247173009, 8.673617379883535334E-15 ) ) ;
#910 = AXIS2_PLACEMENT_3D ( 'NONE', #5090, #3044, #4988 ) ;
#911 = CARTESIAN_POINT ( 'NONE',  ( 17.79608255000117367, 120.9613907121277947, 2.171707773465300008E-14 ) ) ;
#912 = ORIENTED_EDGE ( 'NONE', *, *, #2391, .F. ) ;
#913 = VERTEX_POINT ( 'NONE', #4383 ) ;
#914 = CARTESIAN_POINT ( 'NONE',  ( -2.530586091957568066E-28, -68.96446609406721961, -2.499999999999991118 ) ) ;
#915 = CARTESIAN_POINT ( 'NONE',  ( -21.40019122130088292, 63.98813088039580066, 9.540979117872439019E-15 ) ) ;
#916 = CARTESIAN_POINT ( 'NONE',  ( -47.47642176146186443, 113.9085003091073816, -0.9781676433909040069 ) ) ;
#917 = DIRECTION ( 'NONE',  ( -1.000000000000000000, 0.000000000000000000, 0.000000000000000000 ) ) ;
#918 = ORIENTED_EDGE ( 'NONE', *, *, #4947, .F. ) ;
#919 = CARTESIAN_POINT ( 'NONE',  ( -32.85397754267551562, 131.5066211291279785, -4.305813191462325662 ) ) ;
#920 = ORIENTED_EDGE ( 'NONE', *, *, #2020, .T. ) ;
#921 = CARTESIAN_POINT ( 'NONE',  ( 0.000000000000000000, 0.000000000000000000, -0.7322330470335980390 ) ) ;
#922 = CARTESIAN_POINT ( 'NONE',  ( -3.706920091881588775, 136.1196318565195043, -3.032781528954292760 ) ) ;
#923 = CARTESIAN_POINT ( 'NONE',  ( -25.05039235831696232, 134.2887812592322803, -4.071701320517706613 ) ) ;
#924 = CARTESIAN_POINT ( 'NONE',  ( -51.38119491290238017, -49.43293508890045729, -1.299463955988979125 ) ) ;
#925 = ORIENTED_EDGE ( 'NONE', *, *, #5235, .T. ) ;
#926 = CARTESIAN_POINT ( 'NONE',  ( 0.000000000000000000, 0.000000000000000000, -0.7322330470335980390 ) ) ;
#927 = ADVANCED_FACE ( 'NONE', ( #714 ), #4050, .T. ) ;
#928 = CARTESIAN_POINT ( 'NONE',  ( 13.55565085604708564, 1.602132912393222419, -9.999999999999989342 ) ) ;
#929 = ORIENTED_EDGE ( 'NONE', *, *, #176, .T. ) ;
#930 = TOROIDAL_SURFACE ( 'NONE', #4614, 8.004809471616860961, 1.250000000000000000 ) ;
#931 = EDGE_CURVE ( 'NONE', #2387, #4287, #465, .T. ) ;
#932 = AXIS2_PLACEMENT_3D ( 'NONE', #5095, #1827, #595 ) ;
#933 = CARTESIAN_POINT ( 'NONE',  ( -1.226349200832428599, 82.36185024110100983, 23.82867346152936605 ) ) ;
#934 = VERTEX_POINT ( 'NONE', #2682 ) ;
#935 = ORIENTED_EDGE ( 'NONE', *, *, #4870, .T. ) ;
#936 = DIRECTION ( 'NONE',  ( 1.000000000000000000, 0.000000000000000000, 0.000000000000000000 ) ) ;
#937 = DIRECTION ( 'NONE',  ( -0.1278374938784040682, -0.9508629099039398458, -0.2819881233809343191 ) ) ;
#938 = EDGE_CURVE ( 'NONE', #894, #3184, #2678, .T. ) ;
#939 = CARTESIAN_POINT ( 'NONE',  ( -36.77214036384444285, 128.7649068796660003, -4.607942696829291584 ) ) ;
#940 = CARTESIAN_POINT ( 'NONE',  ( 0.000000000000000000, 0.000000000000000000, -0.7322330470335980390 ) ) ;
#941 = VERTEX_POINT ( 'NONE', #5263 ) ;
#942 = CARTESIAN_POINT ( 'NONE',  ( 8.098693842866291348, -68.52307026133257750, -3.125000000000000000 ) ) ;
#943 = LINE ( 'NONE', #2565, #2974 ) ;
#944 = ORIENTED_EDGE ( 'NONE', *, *, #1812, .F. ) ;
#945 = DIRECTION ( 'NONE',  ( 1.000000000000000000, 0.000000000000000000, 0.000000000000000000 ) ) ;
#946 = CARTESIAN_POINT ( 'NONE',  ( 66.31900347923915717, 25.70318084910063661, -1.125622519678954436 ) ) ;
#947 = VECTOR ( 'NONE', #3522, 1000.000000000000114 ) ;
#948 = ADVANCED_FACE ( 'NONE', ( #657 ), #3085, .T. ) ;
#949 = CARTESIAN_POINT ( 'NONE',  ( 0.000000000000000000, 0.000000000000000000, -0.7322330470336396724 ) ) ;
#950 = VERTEX_POINT ( 'NONE', #2521 ) ;
#951 = LINE ( 'NONE', #2151, #1047 ) ;
#952 = CARTESIAN_POINT ( 'NONE',  ( -24.87642076146492087, 121.8725817815414842, 10.00000000000000000 ) ) ;
#953 = VERTEX_POINT ( 'NONE', #3638 ) ;
#954 = ADVANCED_FACE ( 'NONE', ( #4491 ), #4490, .T. ) ;
#955 = AXIS2_PLACEMENT_3D ( 'NONE', #5117, #970, #3076 ) ;
#956 = CARTESIAN_POINT ( 'NONE',  ( -27.41065944042116698, 75.11466676071204063, 6.584936490538883191 ) ) ;
#957 = EDGE_LOOP ( 'NONE', ( #1201, #902, #4333, #5276 ) ) ;
#958 = VERTEX_POINT ( 'NONE', #2101 ) ;
#959 = DIRECTION ( 'NONE',  ( 1.000000000000000000, 0.000000000000000000, 0.000000000000000000 ) ) ;
#960 = EDGE_CURVE ( 'NONE', #349, #526, #2664, .T. ) ;
#961 = TOROIDAL_SURFACE ( 'NONE', #796, 72.50000000000000000, 2.500000000000000000 ) ;
#962 = DIRECTION ( 'NONE',  ( 1.000000000000000000, 0.000000000000000000, 0.000000000000000000 ) ) ;
#963 = CARTESIAN_POINT ( 'NONE',  ( -47.79733935785008470, 113.8460957070280131, -1.201282156944591950 ) ) ;
#964 = CARTESIAN_POINT ( 'NONE',  ( 6.275088113985797911, -70.75542650376553411, -1.032963538375550216 ) ) ;
#965 = CIRCLE ( 'NONE', #3691, 1.249999999999999556 ) ;
#966 = ORIENTED_EDGE ( 'NONE', *, *, #1554, .T. ) ;
#967 = LINE ( 'NONE', #1399, #3031 ) ;
#968 = DIRECTION ( 'NONE',  ( 0.7071067811865480168, 0.000000000000000000, 0.7071067811865470176 ) ) ;
#969 = EDGE_LOOP ( 'NONE', ( #2958, #2256, #4805, #529 ) ) ;
#970 = DIRECTION ( 'NONE',  ( -3.394736008295982287E-30, 1.133388299552843720E-31, 1.000000000000000000 ) ) ;
#971 = CARTESIAN_POINT ( 'NONE',  ( 0.000000000000000000, 0.000000000000000000, -307.0258184027516677 ) ) ;
#972 = AXIS2_PLACEMENT_3D ( 'NONE', #4433, #1213, #2064 ) ;
#973 = DIRECTION ( 'NONE',  ( -0.000000000000000000, -0.000000000000000000, 1.000000000000000000 ) ) ;
#974 = DIRECTION ( 'NONE',  ( -1.533053090151794101E-17, 1.297116629533491305E-16, -1.000000000000000000 ) ) ;
#975 = ORIENTED_EDGE ( 'NONE', *, *, #1890, .T. ) ;
#976 = CARTESIAN_POINT ( 'NONE',  ( -47.04819951940678635, 111.0482540923670172, -10.00000000000000888 ) ) ;
#977 = CIRCLE ( 'NONE', #3961, 65.51776695296636888 ) ;
#978 = DIRECTION ( 'NONE',  ( 1.000000000000000000, -8.326672684688672081E-16, 0.000000000000000000 ) ) ;
#979 = CARTESIAN_POINT ( 'NONE',  ( 7.543411233639502278, -65.69370535137932166, -0.2856825050679949740 ) ) ;
#980 = ORIENTED_EDGE ( 'NONE', *, *, #5085, .T. ) ;
#981 = VECTOR ( 'NONE', #2010, 1000.000000000000000 ) ;
#982 = LINE ( 'NONE', #2609, #2262 ) ;
#983 = ORIENTED_EDGE ( 'NONE', *, *, #3925, .F. ) ;
#984 = ORIENTED_EDGE ( 'NONE', *, *, #1359, .T. ) ;
#985 = DIRECTION ( 'NONE',  ( -0.4309961487609018649, 0.7698990671686108955, 0.4706354705355021983 ) ) ;
#986 = ADVANCED_FACE ( 'NONE', ( #3719 ), #4051, .T. ) ;
#987 = AXIS2_PLACEMENT_3D ( 'NONE', #2371, #1981, #4447 ) ;
#988 = EDGE_CURVE ( 'NONE', #2523, #4963, #3667, .T. ) ;
#989 = CARTESIAN_POINT ( 'NONE',  ( 64.11571427911749765, 20.40877888275024432, 0.000000000000000000 ) ) ;
#990 = AXIS2_PLACEMENT_3D ( 'NONE', #1327, #2942, #4594 ) ;
#991 = DIRECTION ( 'NONE',  ( 1.000000000000000000, 0.000000000000000000, 0.000000000000000000 ) ) ;
#992 = ORIENTED_EDGE ( 'NONE', *, *, #1613, .T. ) ;
#993 = CARTESIAN_POINT ( 'NONE',  ( 5.552578642149010868, 134.3256158719706832, -5.909991363237424800 ) ) ;
#994 = VERTEX_POINT ( 'NONE', #4549 ) ;
#995 = EDGE_CURVE ( 'NONE', #612, #1102, #2421, .T. ) ;
#996 = CYLINDRICAL_SURFACE ( 'NONE', #3420, 2.500000000000002220 ) ;
#997 = FACE_OUTER_BOUND ( 'NONE', #1442, .T. ) ;
#998 = DIRECTION ( 'NONE',  ( 0.1173723745342948044, -0.9930879748019211251, 0.000000000000000000 ) ) ;
#999 = EDGE_CURVE ( 'NONE', #5062, #5214, #636, .T. ) ;
#1000 = CARTESIAN_POINT ( 'NONE',  ( 8.131856865652413350E-15, 65.51776695296636888, -0.7322330470336396724 ) ) ;
#1001 = VERTEX_POINT ( 'NONE', #441 ) ;
#1002 = ORIENTED_EDGE ( 'NONE', *, *, #4784, .T. ) ;
#1003 = CARTESIAN_POINT ( 'NONE',  ( 0.000000000000000000, 0.000000000000000000, -0.7322330470335980390 ) ) ;
#1004 = CARTESIAN_POINT ( 'NONE',  ( -7.870463301106578768, 136.8565871969836394, -5.723452827817385291 ) ) ;
#1005 = ADVANCED_FACE ( 'NONE', ( #2494 ), #4133, .F. ) ;
#1006 = CARTESIAN_POINT ( 'NONE',  ( 7.978645314058599780, -65.64223133481905847, -0.2857009733302450227 ) ) ;
#1007 = VERTEX_POINT ( 'NONE', #1255 ) ;
#1008 = LINE ( 'NONE', #2156, #3342 ) ;
#1009 = CIRCLE ( 'NONE', #4776, 2.500000000000002220 ) ;
#1010 = CARTESIAN_POINT ( 'NONE',  ( -71.45030864357971723, 6.911406366968489756, -1.783721459002064025 ) ) ;
#1011 = ORIENTED_EDGE ( 'NONE', *, *, #4366, .F. ) ;
#1012 = ORIENTED_EDGE ( 'NONE', *, *, #3398, .T. ) ;
#1013 = DIRECTION ( 'NONE',  ( -0.000000000000000000, 0.000000000000000000, 1.000000000000000000 ) ) ;
#1014 = FACE_OUTER_BOUND ( 'NONE', #674, .T. ) ;
#1015 = AXIS2_PLACEMENT_3D ( 'NONE', #450, #2906, #47 ) ;
#1016 = DIRECTION ( 'NONE',  ( -1.000000000000000000, 0.000000000000000000, 0.000000000000000000 ) ) ;
#1017 = CARTESIAN_POINT ( 'NONE',  ( -2.677289372099547016E-28, -67.28553390593272354, -2.499999999999992895 ) ) ;
#1018 = ORIENTED_EDGE ( 'NONE', *, *, #4412, .T. ) ;
#1019 = DIRECTION ( 'NONE',  ( 0.000000000000000000, -0.000000000000000000, -1.000000000000000000 ) ) ;
#1020 = DIRECTION ( 'NONE',  ( 0.9930879748019211251, 0.1173723745342949293, 2.431950107695660164E-18 ) ) ;
#1021 = VERTEX_POINT ( 'NONE', #4106 ) ;
#1022 = CARTESIAN_POINT ( 'NONE',  ( 58.62294662508192999, -33.89162168676735121, -10.00000000000000888 ) ) ;
#1023 = CARTESIAN_POINT ( 'NONE',  ( -25.56824574195912092, 134.5173020567467574, -5.318861462528297501 ) ) ;
#1024 = ADVANCED_FACE ( 'NONE', ( #3239 ), #2841, .F. ) ;
#1025 = ADVANCED_FACE ( 'NONE', ( #412 ), #2074, .T. ) ;
#1026 = CARTESIAN_POINT ( 'NONE',  ( -2.570078410742960004E-28, -9.265730723872635445E-29, 8.239936510889833698E-15 ) ) ;
#1027 = CARTESIAN_POINT ( 'NONE',  ( 61.49794662508116261, -36.39162168676826781, -1.458712331626832226 ) ) ;
#1028 = ORIENTED_EDGE ( 'NONE', *, *, #4437, .T. ) ;
#1029 = CARTESIAN_POINT ( 'NONE',  ( -37.28416545833888307, 55.71386651931608469, 1.369506162526801777E-13 ) ) ;
#1030 = AXIS2_PLACEMENT_3D ( 'NONE', #2533, #1347, #3358 ) ;
#1031 = CARTESIAN_POINT ( 'NONE',  ( -66.47843784166212799, 9.294622697850378756, 8.345815629296621241E-15 ) ) ;
#1032 = CARTESIAN_POINT ( 'NONE',  ( -14.54830582352584400, 123.0932544766980357, 10.00000000000000000 ) ) ;
#1033 = EDGE_LOOP ( 'NONE', ( #609, #3940, #857, #1926, #4790, #3572 ) ) ;
#1034 = CARTESIAN_POINT ( 'NONE',  ( 56.37400888839312074, -34.59199736380491430, -0.2771809962274434658 ) ) ;
#1035 = ORIENTED_EDGE ( 'NONE', *, *, #4793, .T. ) ;
#1036 = CARTESIAN_POINT ( 'NONE',  ( -71.43167906530916866, 6.805189322136443231, -1.755035808465464475 ) ) ;
#1037 = ORIENTED_EDGE ( 'NONE', *, *, #707, .T. ) ;
#1038 = ORIENTED_EDGE ( 'NONE', *, *, #1839, .F. ) ;
#1039 = DIRECTION ( 'NONE',  ( -5.657338475244856674E-60, -1.000000000000000000, 3.581290393448283579E-30 ) ) ;
#1040 = VECTOR ( 'NONE', #4634, 1000.000000000000114 ) ;
#1041 = CARTESIAN_POINT ( 'NONE',  ( 61.49794662508116261, -36.39162168676826781, -1.458712331626832226 ) ) ;
#1042 = CARTESIAN_POINT ( 'NONE',  ( 10.11301226612428117, -70.58521327643690313, -1.305816999243189169 ) ) ;
#1043 = ORIENTED_EDGE ( 'NONE', *, *, #2720, .F. ) ;
#1044 = DIRECTION ( 'NONE',  ( 0.000000000000000000, 0.000000000000000000, -1.000000000000000000 ) ) ;
#1045 = LINE ( 'NONE', #1075, #3569 ) ;
#1046 = ORIENTED_EDGE ( 'NONE', *, *, #938, .T. ) ;
#1047 = VECTOR ( 'NONE', #5046, 1000.000000000000114 ) ;
#1048 = CARTESIAN_POINT ( 'NONE',  ( -33.73457247979701634, 131.0498410136356142, -4.557496551308879873 ) ) ;
#1049 = DIRECTION ( 'NONE',  ( 1.000000000000000000, 0.000000000000000000, 0.000000000000000000 ) ) ;
#1050 = VECTOR ( 'NONE', #1537, 1000.000000000000114 ) ;
#1051 = DIRECTION ( 'NONE',  ( -1.533053090151794101E-17, 1.297116629533491305E-16, -1.000000000000000000 ) ) ;
#1052 = DIRECTION ( 'NONE',  ( 1.000000000000000000, 0.000000000000000000, 0.000000000000000000 ) ) ;
#1053 = ORIENTED_EDGE ( 'NONE', *, *, #5219, .F. ) ;
#1054 = VECTOR ( 'NONE', #2273, 1000.000000000000000 ) ;
#1055 = ADVANCED_FACE ( 'NONE', ( #1707 ), #3323, .F. ) ;
#1056 = CARTESIAN_POINT ( 'NONE',  ( -35.06428633803394490, 56.66663806572162798, -0.08438160350314674596 ) ) ;
#1057 = CARTESIAN_POINT ( 'NONE',  ( 67.87792490842917914, 23.14346027173074916, -1.714938773058538590 ) ) ;
#1058 = ADVANCED_FACE ( 'NONE', ( #1308 ), #901, .T. ) ;
#1059 = CARTESIAN_POINT ( 'NONE',  ( -68.60718274391030036, 7.352174912479794600, -10.00000000000000888 ) ) ;
#1060 = EDGE_LOOP ( 'NONE', ( #2397, #2976, #4367, #710, #610 ) ) ;
#1061 = AXIS2_PLACEMENT_3D ( 'NONE', #3692, #37, #3297 ) ;
#1062 = ORIENTED_EDGE ( 'NONE', *, *, #3118, .T. ) ;
#1063 = EDGE_CURVE ( 'NONE', #5158, #1119, #810, .T. ) ;
#1064 = VECTOR ( 'NONE', #3659, 1000.000000000000114 ) ;
#1065 = CARTESIAN_POINT ( 'NONE',  ( -46.78881622018079156, -46.75379004318928367, -0.2756323422509566190 ) ) ;
#1066 = ORIENTED_EDGE ( 'NONE', *, *, #3837, .F. ) ;
#1067 = ORIENTED_EDGE ( 'NONE', *, *, #264, .F. ) ;
#1068 = EDGE_CURVE ( 'NONE', #477, #4735, #4219, .T. ) ;
#1069 = B_SPLINE_CURVE_WITH_KNOTS ( 'NONE', 3,
 ( #4620, #2224, #1375, #5036, #2996, #4696, #4645, #2591 ),
 .UNSPECIFIED., .F., .F.,
 ( 4, 2, 2, 4 ),
 ( 0.002067655961639091114, 0.002583978401787334102, 0.003100300841935576656, 0.004132945722232098627 ),
 .UNSPECIFIED. ) ;
#1070 = CIRCLE ( 'NONE', #2515, 2.875000000000000888 ) ;
#1071 = CARTESIAN_POINT ( 'NONE',  ( -20.56020946826337337, 68.91640007782774546, 7.667468245269430938 ) ) ;
#1072 = CARTESIAN_POINT ( 'NONE',  ( 72.50000000000000000, 0.000000000000000000, -6.035533905932755516 ) ) ;
#1073 = VERTEX_POINT ( 'NONE', #2570 ) ;
#1074 = DIRECTION ( 'NONE',  ( -0.000000000000000000, 0.000000000000000000, 1.000000000000000000 ) ) ;
#1075 = CARTESIAN_POINT ( 'NONE',  ( -0.6111947502422561129, 121.4678514709850390, 259.6142809027516023 ) ) ;
#1076 = AXIS2_PLACEMENT_3D ( 'NONE', #2209, #1920, #3139 ) ;
#1077 = ORIENTED_EDGE ( 'NONE', *, *, #3473, .T. ) ;
#1078 = CARTESIAN_POINT ( 'NONE',  ( 65.00292490842917914, 23.14346027173075271, -3.125000000000000000 ) ) ;
#1079 = DIRECTION ( 'NONE',  ( 0.000000000000000000, 0.000000000000000000, 1.000000000000000000 ) ) ;
#1080 = AXIS2_PLACEMENT_3D ( 'NONE', #4119, #456, #54 ) ;
#1081 = CARTESIAN_POINT ( 'NONE',  ( 9.144530489145243024, 79.43509914178196141, 6.584936490538892073 ) ) ;
#1082 = CARTESIAN_POINT ( 'NONE',  ( -51.23969605430612262, -50.02318126243599750, -1.608552262109887332 ) ) ;
#1083 = VERTEX_POINT ( 'NONE', #4210 ) ;
#1084 = ORIENTED_EDGE ( 'NONE', *, *, #1828, .F. ) ;
#1085 = CARTESIAN_POINT ( 'NONE',  ( 61.25000000000000000, 7.545797987641521285E-15, -6.035533905932719101 ) ) ;
#1086 = DIRECTION ( 'NONE',  ( -0.000000000000000000, 0.000000000000000000, 1.000000000000000000 ) ) ;
#1087 = CARTESIAN_POINT ( 'NONE',  ( 58.62294662508116261, -36.39162168676826781, -3.125000000000000000 ) ) ;
#1088 = ORIENTED_EDGE ( 'NONE', *, *, #4443, .F. ) ;
#1089 = ORIENTED_EDGE ( 'NONE', *, *, #871, .T. ) ;
#1090 = ADVANCED_FACE ( 'NONE', ( #4652 ), #4187, .T. ) ;
#1091 = LINE ( 'NONE', #4305, #1339 ) ;
#1092 = EDGE_LOOP ( 'NONE', ( #1688, #4653 ) ) ;
#1093 = ORIENTED_EDGE ( 'NONE', *, *, #2007, .T. ) ;
#1094 = CARTESIAN_POINT ( 'NONE',  ( 65.00292490842917914, 23.14346027173075271, 0.000000000000000000 ) ) ;
#1095 = ADVANCED_FACE ( 'NONE', ( #2148 ), #4627, .T. ) ;
#1096 = VECTOR ( 'NONE', #2850, 1000.000000000000000 ) ;
#1097 = CARTESIAN_POINT ( 'NONE',  ( 55.74794662508116261, -36.39162168676826781, -3.125000000000000000 ) ) ;
#1098 = PLANE ( 'NONE',  #5086 ) ;
#1099 = ORIENTED_EDGE ( 'NONE', *, *, #5022, .T. ) ;
#1100 = CARTESIAN_POINT ( 'NONE',  ( -9.575340052268931146, 136.3745372854193647, -4.513366642907990389 ) ) ;
#1101 = CARTESIAN_POINT ( 'NONE',  ( 16.98908980894260878, 118.9565708611430352, 0.000000000000000000 ) ) ;
#1102 = VERTEX_POINT ( 'NONE', #3770 ) ;
#1103 = AXIS2_PLACEMENT_3D ( 'NONE', #820, #312, #2738 ) ;
#1104 = DIRECTION ( 'NONE',  ( 0.1173723745342943325, -0.9930879748019212361, 0.000000000000000000 ) ) ;
#1105 = EDGE_CURVE ( 'NONE', #2487, #3403, #4680, .T. ) ;
#1106 = CARTESIAN_POINT ( 'NONE',  ( 5.598693842866290460, -68.52307026133257750, -10.00000000000000888 ) ) ;
#1107 = CIRCLE ( 'NONE', #4537, 1.250000000000000444 ) ;
#1108 = LINE ( 'NONE', #4380, #4141 ) ;
#1109 = ORIENTED_EDGE ( 'NONE', *, *, #4224, .T. ) ;
#1110 = DIRECTION ( 'NONE',  ( -0.5100290538000108453, 0.1439345685724617296, 0.8480290114434322346 ) ) ;
#1111 = CIRCLE ( 'NONE', #4084, 74.26776695296635467 ) ;
#1112 = ADVANCED_FACE ( 'NONE', ( #91 ), #116, .T. ) ;
#1113 = DIRECTION ( 'NONE',  ( 1.000000000000000000, 0.000000000000000000, 0.000000000000000000 ) ) ;
#1114 = DIRECTION ( 'NONE',  ( 0.000000000000000000, -1.000000000000000000, -1.387778780781445922E-16 ) ) ;
#1115 = CARTESIAN_POINT ( 'NONE',  ( 57.47907357335657252, -33.74819011942059177, -0.07907023204761226554 ) ) ;
#1116 = ORIENTED_EDGE ( 'NONE', *, *, #5048, .F. ) ;
#1117 = CIRCLE ( 'NONE', #2474, 3.250000000000002665 ) ;
#1118 = CARTESIAN_POINT ( 'NONE',  ( -45.64904058627524108, -49.05524931323788707, -0.01530283646329859241 ) ) ;
#1119 = VERTEX_POINT ( 'NONE', #1000 ) ;
#1120 = EDGE_CURVE ( 'NONE', #5055, #4689, #977, .T. ) ;
#1121 = ORIENTED_EDGE ( 'NONE', *, *, #797, .T. ) ;
#1122 = CARTESIAN_POINT ( 'NONE',  ( 22.73908980894260878, 118.9565708611430352, -1.016704764005539330 ) ) ;
#1123 = EDGE_CURVE ( 'NONE', #958, #408, #1529, .T. ) ;
#1124 = PLANE ( 'NONE',  #169 ) ;
#1125 = CARTESIAN_POINT ( 'NONE',  ( -10.27008277174995499, 86.89519779516678000, -0.7322330470336119168 ) ) ;
#1126 = CARTESIAN_POINT ( 'NONE',  ( 10.60434422727199966, -69.93280114030463324, -0.7322330470336037012 ) ) ;
#1127 = ORIENTED_EDGE ( 'NONE', *, *, #534, .T. ) ;
#1128 = EDGE_CURVE ( 'NONE', #612, #4126, #1151, .T. ) ;
#1129 = CARTESIAN_POINT ( 'NONE',  ( -9.417712777363339782, 136.4886858875960058, -4.677666413215892938 ) ) ;
#1130 = DIRECTION ( 'NONE',  ( 0.000000000000000000, -1.000000000000000000, -1.214306433183764966E-16 ) ) ;
#1131 = ORIENTED_EDGE ( 'NONE', *, *, #3303, .T. ) ;
#1132 = AXIS2_PLACEMENT_3D ( 'NONE', #678, #4261, #2303 ) ;
#1133 = CARTESIAN_POINT ( 'NONE',  ( -68.60718274390987403, 7.352174912480746727, 0.000000000000000000 ) ) ;
#1134 = CARTESIAN_POINT ( 'NONE',  ( -2.716781690884938955E-28, -7.738773267559396372E-29, 8.239936510889833698E-15 ) ) ;
#1135 = CARTESIAN_POINT ( 'NONE',  ( -51.30091132328600878, -49.82658990027823620, -1.515340046177669819 ) ) ;
#1136 = AXIS2_PLACEMENT_3D ( 'NONE', #1943, #4729, #2283 ) ;
#1137 = VERTEX_POINT ( 'NONE', #4240 ) ;
#1138 = ORIENTED_EDGE ( 'NONE', *, *, #3886, .T. ) ;
#1139 = CARTESIAN_POINT ( 'NONE',  ( -54.52391687769009110, 71.95220597035097398, 0.000000000000000000 ) ) ;
#1140 = AXIS2_PLACEMENT_3D ( 'NONE', #4755, #2706, #2627 ) ;
#1141 = CARTESIAN_POINT ( 'NONE',  ( -4.252892298161344620, 65.76158489569701260, -0.4222545333457350947 ) ) ;
#1142 = CIRCLE ( 'NONE', #4571, 2.500000000000000888 ) ;
#1143 = DIRECTION ( 'NONE',  ( 0.000000000000000000, 0.000000000000000000, -1.000000000000000000 ) ) ;
#1144 = CARTESIAN_POINT ( 'NONE',  ( 22.71347086083324385, 118.5736183560897103, -0.7322330470336119168 ) ) ;
#1145 = VECTOR ( 'NONE', #998, 1000.000000000000114 ) ;
#1146 = FILL_AREA_STYLE_COLOUR ( '', #3005 ) ;
#1147 = ORIENTED_EDGE ( 'NONE', *, *, #4132, .T. ) ;
#1148 = DIRECTION ( 'NONE',  ( 0.000000000000000000, -1.000000000000000000, 3.574580459237012803E-30 ) ) ;
#1149 = VERTEX_POINT ( 'NONE', #573 ) ;
#1150 = CARTESIAN_POINT ( 'NONE',  ( 22.57436967021067531, 119.9401804047562194, -1.590638862588418467 ) ) ;
#1151 = CIRCLE ( 'NONE', #5078, 100.0000000000000284 ) ;
#1152 = AXIS2_PLACEMENT_3D ( 'NONE', #3210, #2093, #2437 ) ;
#1153 = LINE ( 'NONE', #781, #2502 ) ;
#1154 = EDGE_CURVE ( 'NONE', #5034, #1119, #4661, .T. ) ;
#1155 = DIRECTION ( 'NONE',  ( -0.6192244393400869740, -0.7852140432544205684, 0.000000000000000000 ) ) ;
#1156 = EDGE_LOOP ( 'NONE', ( #1043, #764, #5192, #4593 ) ) ;
#1157 = CARTESIAN_POINT ( 'NONE',  ( 55.74794662508107024, -36.56380503000705318, -0.07528609059171130491 ) ) ;
#1158 = CARTESIAN_POINT ( 'NONE',  ( -22.67982817836418263, 134.9636013742401133, -4.750521467482942128 ) ) ;
#1159 = ORIENTED_EDGE ( 'NONE', *, *, #1220, .T. ) ;
#1160 = VECTOR ( 'NONE', #1582, 1000.000000000000114 ) ;
#1161 = CARTESIAN_POINT ( 'NONE',  ( -59.52391687769009820, 71.95220597035097398, -10.00000000000001066 ) ) ;
#1162 = CARTESIAN_POINT ( 'NONE',  ( 2.254473429989458211, 135.3033612281952571, -4.557496551309771604 ) ) ;
#1163 = TOROIDAL_SURFACE ( 'NONE', #1076, 68.96446609406721961, 2.500000000000000000 ) ;
#1164 = EDGE_CURVE ( 'NONE', #4430, #4180, #3347, .T. ) ;
#1165 = DIRECTION ( 'NONE',  ( 0.000000000000000000, 0.000000000000000000, 1.000000000000000000 ) ) ;
#1166 = ORIENTED_EDGE ( 'NONE', *, *, #691, .F. ) ;
#1167 = VERTEX_POINT ( 'NONE', #1407 ) ;
#1168 = CARTESIAN_POINT ( 'NONE',  ( -8.926169083333139298, 75.52434048368601793, 259.6142809027516023 ) ) ;
#1169 = CARTESIAN_POINT ( 'NONE',  ( 67.76737221220392371, 23.95026878825529693, -1.874923497038829545 ) ) ;
#1170 = VECTOR ( 'NONE', #3227, 999.9999999999998863 ) ;
#1171 = EDGE_CURVE ( 'NONE', #4771, #5054, #313, .T. ) ;
#1172 = EDGE_CURVE ( 'NONE', #2316, #5082, #4602, .T. ) ;
#1173 = CARTESIAN_POINT ( 'NONE',  ( 67.37798887261989478, 21.52336886504942015, -0.7322330470335970398 ) ) ;
#1174 = CARTESIAN_POINT ( 'NONE',  ( -71.43321213748073717, 7.898226700625465391, -1.868399276410858567 ) ) ;
#1175 = DIRECTION ( 'NONE',  ( 1.000000000000000000, 0.000000000000000000, 0.000000000000000000 ) ) ;
#1176 = CARTESIAN_POINT ( 'NONE',  ( -34.75557619775992180, 27.40845298156019894, 12.99038105676686250 ) ) ;
#1177 = VERTEX_POINT ( 'NONE', #3584 ) ;
#1178 = CIRCLE ( 'NONE', #4165, 4.589745962155750370 ) ;
#1179 = LINE ( 'NONE', #1659, #2573 ) ;
#1180 = CARTESIAN_POINT ( 'NONE',  ( 65.00292490842842597, 23.14346027173155562, -10.00000000000000888 ) ) ;
#1181 = CARTESIAN_POINT ( 'NONE',  ( 58.62294662508192999, -38.89162168676735121, -10.00000000000000888 ) ) ;
#1182 = ORIENTED_EDGE ( 'NONE', *, *, #4301, .F. ) ;
#1183 = CARTESIAN_POINT ( 'NONE',  ( -68.81847723255799565, 4.484949836023208292, 0.000000000000000000 ) ) ;
#1184 = DIRECTION ( 'NONE',  ( 0.1350873731702899316, -0.9908336901871832580, 0.000000000000000000 ) ) ;
#1185 = ORIENTED_EDGE ( 'NONE', *, *, #444, .T. ) ;
#1186 = CARTESIAN_POINT ( 'NONE',  ( -34.57880457153797238, 57.72044133069156402, -5.109635291711155906E-28 ) ) ;
#1187 = CARTESIAN_POINT ( 'NONE',  ( -4.227140608778274355, 136.5368831154130760, -4.497396882488104097 ) ) ;
#1188 = CARTESIAN_POINT ( 'NONE',  ( 22.30386280837052837, 117.4262477493516599, -0.08851290286390144091 ) ) ;
#1189 = EDGE_LOOP ( 'NONE', ( #2097, #1002 ) ) ;
#1190 = CIRCLE ( 'NONE', #246, 2.500000000000002220 ) ;
#1191 = ORIENTED_EDGE ( 'NONE', *, *, #1884, .T. ) ;
#1192 = LINE ( 'NONE', #1139, #4181 ) ;
#1193 = EDGE_CURVE ( 'NONE', #3211, #659, #684, .T. ) ;
#1194 = AXIS2_PLACEMENT_3D ( 'NONE', #2518, #3767, #4597 ) ;
#1195 = CARTESIAN_POINT ( 'NONE',  ( 0.000000000000000000, 0.000000000000000000, -10.00000000000000000 ) ) ;
#1196 = DIRECTION ( 'NONE',  ( -1.000000000000000000, 0.000000000000000000, 0.000000000000000000 ) ) ;
#1197 = ADVANCED_FACE ( 'NONE', ( #3877 ), #2505, .T. ) ;
#1198 = CIRCLE ( 'NONE', #1452, 2.875000000000002665 ) ;
#1199 = DIRECTION ( 'NONE',  ( -1.000000000000000000, 0.000000000000000000, 0.000000000000000000 ) ) ;
#1200 = CARTESIAN_POINT ( 'NONE',  ( -49.61990527901727432, 109.7542829316253261, -0.5268415404530436552 ) ) ;
#1201 = ORIENTED_EDGE ( 'NONE', *, *, #2769, .F. ) ;
#1202 = DIRECTION ( 'NONE',  ( -0.000000000000000000, -0.000000000000000000, 1.000000000000000000 ) ) ;
#1203 = CARTESIAN_POINT ( 'NONE',  ( 58.70051488084770597, -39.26883870347442240, -0.6242524251782028966 ) ) ;
#1204 = CIRCLE ( 'NONE', #2309, 2.500000000000000000 ) ;
#1205 = CARTESIAN_POINT ( 'NONE',  ( -10.27008277174995499, 86.89519779516678000, -6.035533905932699561 ) ) ;
#1206 = CARTESIAN_POINT ( 'NONE',  ( 70.73223304703357428, 8.878689293818306130E-15, -0.7322330470335980390 ) ) ;
#1207 = ORIENTED_EDGE ( 'NONE', *, *, #5052, .F. ) ;
#1208 = FACE_OUTER_BOUND ( 'NONE', #5142, .T. ) ;
#1209 = DIRECTION ( 'NONE',  ( -0.000000000000000000, 0.000000000000000000, 1.000000000000000000 ) ) ;
#1210 = ORIENTED_EDGE ( 'NONE', *, *, #4164, .T. ) ;
#1211 = EDGE_CURVE ( 'NONE', #5034, #2019, #3174, .T. ) ;
#1212 = DIRECTION ( 'NONE',  ( 0.000000000000000000, 0.000000000000000000, -1.000000000000000000 ) ) ;
#1213 = DIRECTION ( 'NONE',  ( -0.2396405517700171128, -0.8491611506782377194, -0.4706354705355020318 ) ) ;
#1214 = CARTESIAN_POINT ( 'NONE',  ( -1.579692751415678095E-29, -2.775557561562887565E-14, 8.673617379884035472E-15 ) ) ;
#1215 = ORIENTED_EDGE ( 'NONE', *, *, #1223, .F. ) ;
#1216 = EDGE_LOOP ( 'NONE', ( #523, #740 ) ) ;
#1217 = LINE ( 'NONE', #3213, #1473 ) ;
#1218 = DIRECTION ( 'NONE',  ( 1.000000000000000000, 0.000000000000000000, 0.000000000000000000 ) ) ;
#1219 = AXIS2_PLACEMENT_3D ( 'NONE', #151, #1315, #5025 ) ;
#1220 = EDGE_CURVE ( 'NONE', #2298, #3122, #3929, .T. ) ;
#1221 = DIRECTION ( 'NONE',  ( 1.000000000000000000, 0.000000000000000000, 0.000000000000000000 ) ) ;
#1222 = ORIENTED_EDGE ( 'NONE', *, *, #4373, .F. ) ;
#1223 = EDGE_CURVE ( 'NONE', #241, #3685, #3966, .T. ) ;
#1224 = CARTESIAN_POINT ( 'NONE',  ( -70.41161479229538145, 9.602370931641392104, -1.063131181773599776 ) ) ;
#1225 = B_SPLINE_CURVE_WITH_KNOTS ( 'NONE', 3,
 ( #3939, #4783, #3565, #205, #1115, #3061, #4709, #1034, #2686, #3488, #5156, #5130, #1494, #1653, #2445, #3591 ),
 .UNSPECIFIED., .F., .F.,
 ( 4, 2, 2, 2, 2, 2, 2, 4 ),
 ( 0.003041754788792964351, 0.003571454151428232748, 0.004101153514063501579, 0.005160552239334039240, 0.005690251601969308071, 0.006219950964604576034, 0.006749650327239843997, 0.007279349689875112828 ),
 .UNSPECIFIED. ) ;
#1226 = CIRCLE ( 'NONE', #1993, 2.875000000000002665 ) ;
#1227 = DIRECTION ( 'NONE',  ( 0.000000000000000000, -1.000000000000000000, 3.574611440196827961E-30 ) ) ;
#1228 = EDGE_CURVE ( 'NONE', #1345, #4989, #553, .T. ) ;
#1229 = AXIS2_PLACEMENT_3D ( 'NONE', #572, #2569, #1732 ) ;
#1230 = EDGE_CURVE ( 'NONE', #2081, #3542, #3616, .T. ) ;
#1231 = DIRECTION ( 'NONE',  ( -1.000000000000000000, 0.000000000000000000, 0.000000000000000000 ) ) ;
#1232 = VERTEX_POINT ( 'NONE', #5175 ) ;
#1233 = DIRECTION ( 'NONE',  ( -0.000000000000000000, -0.000000000000000000, -1.000000000000000000 ) ) ;
#1234 = AXIS2_PLACEMENT_3D ( 'NONE', #3524, #1474, #1016 ) ;
#1235 = CARTESIAN_POINT ( 'NONE',  ( 8.098693842866211412, -68.52307026133263435, 0.000000000000000000 ) ) ;
#1236 = CARTESIAN_POINT ( 'NONE',  ( -159.5239168776901408, 71.95220597035097398, -6.035533905932755516 ) ) ;
#1237 = TOROIDAL_SURFACE ( 'NONE', #1663, 102.5000000000000284, 2.500000000000000000 ) ;
#1238 = EDGE_CURVE ( 'NONE', #3065, #92, #1108, .T. ) ;
#1239 = DIRECTION ( 'NONE',  ( 1.000000000000000000, 0.000000000000000000, 0.000000000000000000 ) ) ;
#1240 = VERTEX_POINT ( 'NONE', #2332 ) ;
#1241 = DIRECTION ( 'NONE',  ( 1.579692751415678445E-30, -3.581290393448283579E-30, -1.000000000000000000 ) ) ;
#1242 = CARTESIAN_POINT ( 'NONE',  ( -37.44321464142679901, 121.4566674301453304, 8.673617379883541645E-15 ) ) ;
#1243 = EDGE_LOOP ( 'NONE', ( #5, #3008 ) ) ;
#1244 = CARTESIAN_POINT ( 'NONE',  ( -24.49496054422846569, 118.6450458634352429, 8.673617379884035472E-15 ) ) ;
#1245 = AXIS2_PLACEMENT_3D ( 'NONE', #1680, #4943, #2925 ) ;
#1246 = CARTESIAN_POINT ( 'NONE',  ( -0.02049342409723916084, 135.8356514939468127, -4.100767692751508875 ) ) ;
#1247 = DIRECTION ( 'NONE',  ( -1.000000000000000000, 0.000000000000000000, 0.000000000000000000 ) ) ;
#1248 = EDGE_LOOP ( 'NONE', ( #5070, #1594 ) ) ;
#1249 = DIRECTION ( 'NONE',  ( -0.000000000000000000, 0.000000000000000000, 1.000000000000000000 ) ) ;
#1250 = AXIS2_PLACEMENT_3D ( 'NONE', #3683, #3257, #4460 ) ;
#1251 = ORIENTED_EDGE ( 'NONE', *, *, #1621, .F. ) ;
#1252 = CARTESIAN_POINT ( 'NONE',  ( -3.325744173752876787, 136.4194922413268216, -4.267736425767219011 ) ) ;
#1253 = DIRECTION ( 'NONE',  ( 0.000000000000000000, 0.000000000000000000, 1.000000000000000000 ) ) ;
#1254 = CIRCLE ( 'NONE', #1679, 100.0000000000000284 ) ;
#1255 = CARTESIAN_POINT ( 'NONE',  ( -27.74496054422846569, 118.6450458634352429, 10.00000000000000000 ) ) ;
#1256 = EDGE_CURVE ( 'NONE', #2315, #754, #2681, .T. ) ;
#1257 = ORIENTED_EDGE ( 'NONE', *, *, #444, .F. ) ;
#1258 = CARTESIAN_POINT ( 'NONE',  ( 138.3549707563275888, 107.1583037707098640, 0.000000000000000000 ) ) ;
#1259 = AXIS2_PLACEMENT_3D ( 'NONE', #2918, #5060, #2170 ) ;
#1260 = LINE ( 'NONE', #4024, #1816 ) ;
#1261 = VECTOR ( 'NONE', #2508, 1000.000000000000000 ) ;
#1262 = CYLINDRICAL_SURFACE ( 'NONE', #1340, 1.249999999999999112 ) ;
#1263 = ORIENTED_EDGE ( 'NONE', *, *, #1301, .F. ) ;
#1264 = ADVANCED_FACE ( 'NONE', ( #3960 ), #1484, .F. ) ;
#1265 = DIRECTION ( 'NONE',  ( -0.4847605783279377856, 0.000000000000000000, -0.8746468897213111049 ) ) ;
#1266 = CARTESIAN_POINT ( 'NONE',  ( 61.98223304703363112, 0.000000000000000000, -4.267766952966344007 ) ) ;
#1267 = EDGE_CURVE ( 'NONE', #612, #3962, #1939, .T. ) ;
#1268 = FACE_OUTER_BOUND ( 'NONE', #4492, .T. ) ;
#1269 = DIRECTION ( 'NONE',  ( 1.560292508376632279E-30, 5.918289032593633634E-30, 1.000000000000000000 ) ) ;
#1270 = VERTEX_POINT ( 'NONE', #2789 ) ;
#1271 = CARTESIAN_POINT ( 'NONE',  ( -69.64845434528820078, 4.667542500112860537, -0.1397026750648995841 ) ) ;
#1272 = LINE ( 'NONE', #1585, #89 ) ;
#1273 = ADVANCED_FACE ( 'NONE', ( #4434 ), #4324, .F. ) ;
#1274 = CARTESIAN_POINT ( 'NONE',  ( -25.50786177369068497, 127.2152058745295875, 7.667468245269437155 ) ) ;
#1275 = CARTESIAN_POINT ( 'NONE',  ( 0.04357448108161388056, 135.8225165292990084, -3.430536417268654326 ) ) ;
#1276 = CARTESIAN_POINT ( 'NONE',  ( -9.408068868142374086, 136.5321813429977169, -4.750521467482933247 ) ) ;
#1277 = VERTEX_POINT ( 'NONE', #4124 ) ;
#1278 = DIRECTION ( 'NONE',  ( -0.8491611506782418273, 0.2396405517700040955, 0.4706354705355009771 ) ) ;
#1279 = VERTEX_POINT ( 'NONE', #1302 ) ;
#1280 = CARTESIAN_POINT ( 'NONE',  ( -37.44321464142679901, 121.4566674301453304, 8.673617379883541645E-15 ) ) ;
#1281 = CARTESIAN_POINT ( 'NONE',  ( -2.229105053439627504, 135.9047460020303220, -2.853113700566787703 ) ) ;
#1282 = CIRCLE ( 'NONE', #2218, 2.500000000000009326 ) ;
#1283 = ORIENTED_EDGE ( 'NONE', *, *, #1230, .F. ) ;
#1284 = DIRECTION ( 'NONE',  ( 0.7852140432544196802, -0.6192244393400879732, 3.458019468435859967E-30 ) ) ;
#1285 = CIRCLE ( 'NONE', #4952, 2.500000000000002220 ) ;
#1286 = CIRCLE ( 'NONE', #932, 2.500000000000002220 ) ;
#1287 = CARTESIAN_POINT ( 'NONE',  ( -7.887365080798312889, 136.8576139476547553, -5.728394858894332309 ) ) ;
#1288 = ORIENTED_EDGE ( 'NONE', *, *, #5013, .F. ) ;
#1289 = DIRECTION ( 'NONE',  ( 0.1278374938784040404, 0.9508629099039398458, 0.2819881233809343746 ) ) ;
#1290 = PLANE ( 'NONE',  #1015 ) ;
#1291 = AXIS2_PLACEMENT_3D ( 'NONE', #1180, #2802, #4555 ) ;
#1292 = DIRECTION ( 'NONE',  ( -0.7905998328933002695, -0.6123331644040569399, 0.000000000000000000 ) ) ;
#1293 = DIRECTION ( 'NONE',  ( -0.5100290538000109564, 0.1439345685724617574, 0.8480290114434323456 ) ) ;
#1294 = VERTEX_POINT ( 'NONE', #2836 ) ;
#1295 = CARTESIAN_POINT ( 'NONE',  ( 61.25000000000000000, 0.000000000000000000, -10.00000000000000000 ) ) ;
#1296 = DIRECTION ( 'NONE',  ( 1.000000000000000000, 0.000000000000000000, 0.000000000000000000 ) ) ;
#1297 = EDGE_CURVE ( 'NONE', #1001, #1083, #5233, .T. ) ;
#1298 = VECTOR ( 'NONE', #4284, 1000.000000000000114 ) ;
#1299 = CARTESIAN_POINT ( 'NONE',  ( 19.86408980896266741, 118.9565708611436179, -10.00000000000000888 ) ) ;
#1300 = DIRECTION ( 'NONE',  ( 0.7852140432544197912, -0.6192244393400878621, 0.000000000000000000 ) ) ;
#1301 = EDGE_CURVE ( 'NONE', #4074, #427, #4542, .T. ) ;
#1302 = CARTESIAN_POINT ( 'NONE',  ( 55.74794662508116261, -36.39162168676693199, -0.1032020456229676558 ) ) ;
#1303 = ORIENTED_EDGE ( 'NONE', *, *, #1520, .F. ) ;
#1304 = LINE ( 'NONE', #3292, #5005 ) ;
#1305 = VERTEX_POINT ( 'NONE', #2065 ) ;
#1306 = CARTESIAN_POINT ( 'NONE',  ( -27.23744297340442699, 133.5510910874070305, -3.247432345086681327 ) ) ;
#1307 = CARTESIAN_POINT ( 'NONE',  ( 0.7237923316536141183, 135.3225822557753020, -2.929216937834542289 ) ) ;
#1308 = FACE_OUTER_BOUND ( 'NONE', #4718, .T. ) ;
#1309 = ORIENTED_EDGE ( 'NONE', *, *, #798, .F. ) ;
#1310 = DIRECTION ( 'NONE',  ( 1.000000000000000000, 0.000000000000000000, 0.000000000000000000 ) ) ;
#1311 = AXIS2_PLACEMENT_3D ( 'NONE', #3250, #831, #2452 ) ;
#1312 = FACE_OUTER_BOUND ( 'NONE', #218, .T. ) ;
#1313 = CIRCLE ( 'NONE', #4299, 2.500000000000002220 ) ;
#1314 = EDGE_LOOP ( 'NONE', ( #30, #4890, #4359, #4029 ) ) ;
#1315 = DIRECTION ( 'NONE',  ( 0.3605642460968130902, -0.8144364160628202454, -0.4546281432416893198 ) ) ;
#1316 = CARTESIAN_POINT ( 'NONE',  ( -61.25000000000000000, 7.500961644777538868E-15, -4.999999999999988454 ) ) ;
#1317 = CARTESIAN_POINT ( 'NONE',  ( -66.36458706562569887, 5.536496936014813741, -0.09203680584619568228 ) ) ;
#1318 = ORIENTED_EDGE ( 'NONE', *, *, #2454, .F. ) ;
#1319 = ORIENTED_EDGE ( 'NONE', *, *, #4340, .F. ) ;
#1320 = DIRECTION ( 'NONE',  ( 0.000000000000000000, -0.5215642556779213068, 0.8532120060097232450 ) ) ;
#1321 = DIRECTION ( 'NONE',  ( -0.9930879748019211251, -0.1173723745342949154, 0.000000000000000000 ) ) ;
#1322 = AXIS2_PLACEMENT_3D ( 'NONE', #369, #5221, #5271 ) ;
#1323 = CARTESIAN_POINT ( 'NONE',  ( -10.27008277174995499, 86.89519779516678000, -2.499999999999991118 ) ) ;
#1324 =( BOUNDED_CURVE ( )  B_SPLINE_CURVE ( 3, ( #5081, #3433, #4364, #4736 ),
 .UNSPECIFIED., .F., .T. ) 
 B_SPLINE_CURVE_WITH_KNOTS ( ( 4, 4 ),
 ( 2.949063715638050809, 3.334121591541532759 ),
 .UNSPECIFIED. ) 
 CURVE ( )  GEOMETRIC_REPRESENTATION_ITEM ( )  RATIONAL_B_SPLINE_CURVE ( ( 1.000000000000000000, 0.9876823219890870087, 0.9876823219890870087, 1.000000000000000000 ) ) 
 REPRESENTATION_ITEM ( '' )  );
#1325 = DIRECTION ( 'NONE',  ( 0.000000000000000000, -1.000000000000000000, 3.574580459237012803E-30 ) ) ;
#1326 = ORIENTED_EDGE ( 'NONE', *, *, #4369, .F. ) ;
#1327 = CARTESIAN_POINT ( 'NONE',  ( -47.04819951943317591, 111.0482540923661787, -3.125000000000000000 ) ) ;
#1328 = ORIENTED_EDGE ( 'NONE', *, *, #43, .F. ) ;
#1329 = DIRECTION ( 'NONE',  ( -0.3562399101727589112, 0.000000000000000000, 0.9343945239566127103 ) ) ;
#1330 = CARTESIAN_POINT ( 'NONE',  ( 67.13371390340599021, 25.08005964877213501, -1.665350548879966031 ) ) ;
#1331 = ADVANCED_FACE ( 'NONE', ( #4071 ), #1615, .T. ) ;
#1332 = EDGE_CURVE ( 'NONE', #994, #1137, #1414, .T. ) ;
#1333 = CARTESIAN_POINT ( 'NONE',  ( -1.579692751415678095E-29, -2.775557561562887565E-14, 8.673617379884035472E-15 ) ) ;
#1334 = CIRCLE ( 'NONE', #814, 9.087341226347405154 ) ;
#1335 = CARTESIAN_POINT ( 'NONE',  ( -51.39904058627524108, -49.05524931321311755, -1.051241075515839007 ) ) ;
#1336 = ORIENTED_EDGE ( 'NONE', *, *, #5076, .F. ) ;
#1337 = CARTESIAN_POINT ( 'NONE',  ( 62.28458151323981440, 24.23324407646626000, 7.405808207837220150E-15 ) ) ;
#1338 = EDGE_CURVE ( 'NONE', #3458, #1277, #3537, .T. ) ;
#1339 = VECTOR ( 'NONE', #1817, 1000.000000000000114 ) ;
#1340 = AXIS2_PLACEMENT_3D ( 'NONE', #4027, #363, #4082 ) ;
#1341 = CARTESIAN_POINT ( 'NONE',  ( 60.61010725771566854, -34.30686005184062992, -0.08849534501660585861 ) ) ;
#1342 = ORIENTED_EDGE ( 'NONE', *, *, #2132, .F. ) ;
#1343 = CIRCLE ( 'NONE', #4591, 2.500000000000002220 ) ;
#1344 = CARTESIAN_POINT ( 'NONE',  ( 17.92254754728926613, 121.0837449732119921, -0.01863927939356568864 ) ) ;
#1345 = VERTEX_POINT ( 'NONE', #1700 ) ;
#1346 = ORIENTED_EDGE ( 'NONE', *, *, #838, .T. ) ;
#1347 = DIRECTION ( 'NONE',  ( 0.000000000000000000, 0.000000000000000000, 1.000000000000000000 ) ) ;
#1348 = CARTESIAN_POINT ( 'NONE',  ( -1.579692751415678095E-29, -2.775557561562887565E-14, 8.673617379884035472E-15 ) ) ;
#1349 = CARTESIAN_POINT ( 'NONE',  ( -49.18682456119516644, 112.9793426278981059, -1.849330604070880346 ) ) ;
#1350 = DIRECTION ( 'NONE',  ( 0.000000000000000000, 0.000000000000000000, 1.000000000000000000 ) ) ;
#1351 = ORIENTED_EDGE ( 'NONE', *, *, #1569, .T. ) ;
#1352 = FACE_OUTER_BOUND ( 'NONE', #5099, .T. ) ;
#1353 = CYLINDRICAL_SURFACE ( 'NONE', #3057, 2.875000000000002665 ) ;
#1354 = EDGE_LOOP ( 'NONE', ( #38, #1825 ) ) ;
#1355 = LINE ( 'NONE', #1778, #3424 ) ;
#1356 = CARTESIAN_POINT ( 'NONE',  ( -51.24196158339745466, -48.06452546479494004, -0.3346422084886228610 ) ) ;
#1357 = CARTESIAN_POINT ( 'NONE',  ( -32.41721814327399187, 72.78671449320164299, 8.673617379883723083E-15 ) ) ;
#1358 = EDGE_LOOP ( 'NONE', ( #2215, #628, #1952, #3740 ) ) ;
#1359 = EDGE_CURVE ( 'NONE', #2970, #2487, #298, .T. ) ;
#1360 = LINE ( 'NONE', #4629, #2493 ) ;
#1361 = VERTEX_POINT ( 'NONE', #59 ) ;
#1362 = CONICAL_SURFACE ( 'NONE', #4356, 105.0000000000000142, 0.7853981633974482790 ) ;
#1363 = LINE ( 'NONE', #5077, #1040 ) ;
#1364 = CONICAL_SURFACE ( 'NONE', #849, 61.25000000000000000, 0.7853981633974490562 ) ;
#1365 = CARTESIAN_POINT ( 'NONE',  ( -65.73218274390985982, 7.107433668281727179, -0.2908176496604364392 ) ) ;
#1366 = EDGE_LOOP ( 'NONE', ( #1067, #1506, #3405, #4045 ) ) ;
#1367 = ORIENTED_EDGE ( 'NONE', *, *, #3595, .T. ) ;
#1368 = DIRECTION ( 'NONE',  ( -0.000000000000000000, -0.000000000000000000, 1.000000000000000000 ) ) ;
#1369 = CIRCLE ( 'NONE', #1291, 2.500000000000000888 ) ;
#1370 = DIRECTION ( 'NONE',  ( 3.552713678800500140E-15, -1.000000000000000000, 0.000000000000000000 ) ) ;
#1371 = AXIS2_PLACEMENT_3D ( 'NONE', #2440, #4077, #816 ) ;
#1372 = DIRECTION ( 'NONE',  ( -0.000000000000000000, -0.000000000000000000, 1.000000000000000000 ) ) ;
#1373 = CARTESIAN_POINT ( 'NONE',  ( -2.570078410742960004E-28, -9.265730723872635445E-29, 8.239936510889833698E-15 ) ) ;
#1374 = VERTEX_POINT ( 'NONE', #29 ) ;
#1375 = CARTESIAN_POINT ( 'NONE',  ( 66.20278275238315757, 20.52534661124012416, -0.01841263051883480772 ) ) ;
#1376 = CARTESIAN_POINT ( 'NONE',  ( -48.51658119262896918, 108.5765178075205029, 0.000000000000000000 ) ) ;
#1377 = ORIENTED_EDGE ( 'NONE', *, *, #3396, .F. ) ;
#1378 = CARTESIAN_POINT ( 'NONE',  ( -24.49496054422846569, 118.6450458634352429, 8.673617379883571622E-15 ) ) ;
#1379 = CARTESIAN_POINT ( 'NONE',  ( 65.81975122729716077, 25.89998340147311140, -0.7322330470335975949 ) ) ;
#1380 = VECTOR ( 'NONE', #508, 1000.000000000000114 ) ;
#1381 = PLANE ( 'NONE',  #3349 ) ;
#1382 = CARTESIAN_POINT ( 'NONE',  ( 60.79003371165970293, -38.29033308570161864, -1.843884707480095253 ) ) ;
#1383 = ORIENTED_EDGE ( 'NONE', *, *, #2607, .F. ) ;
#1384 = EDGE_CURVE ( 'NONE', #3093, #4775, #3111, .T. ) ;
#1385 = CARTESIAN_POINT ( 'NONE',  ( -6.503032462539975356, 136.7723440636625583, -5.321701088516077149 ) ) ;
#1386 = VERTEX_POINT ( 'NONE', #3290 ) ;
#1387 = EDGE_CURVE ( 'NONE', #487, #393, #1925, .T. ) ;
#1388 = EDGE_CURVE ( 'NONE', #4083, #154, #1334, .T. ) ;
#1389 = DIRECTION ( 'NONE',  ( 0.6192244393400935243, 0.7852140432544152393, 0.000000000000000000 ) ) ;
#1390 = VERTEX_POINT ( 'NONE', #4043 ) ;
#1391 = VERTEX_POINT ( 'NONE', #2040 ) ;
#1392 = FACE_OUTER_BOUND ( 'NONE', #4388, .T. ) ;
#1393 = VECTOR ( 'NONE', #1110, 1000.000000000000114 ) ;
#1394 = ADVANCED_BREP_SHAPE_REPRESENTATION ( 'top housing', ( #3264, #520 ), #3408 ) ;
#1395 = EDGE_CURVE ( 'NONE', #950, #2589, #3233, .T. ) ;
#1396 = CARTESIAN_POINT ( 'NONE',  ( -20.17319419367581546, 69.40715885486176262, 6.584936490538883191 ) ) ;
#1397 = DIRECTION ( 'NONE',  ( 0.000000000000000000, 0.000000000000000000, 1.000000000000000000 ) ) ;
#1398 = VERTEX_POINT ( 'NONE', #4 ) ;
#1399 = CARTESIAN_POINT ( 'NONE',  ( 10.59869384286629135, -68.52307026133257750, -10.00000000000000888 ) ) ;
#1400 = CARTESIAN_POINT ( 'NONE',  ( -71.10718274391030036, 7.352174912479794600, -10.00000000000000888 ) ) ;
#1401 = ORIENTED_EDGE ( 'NONE', *, *, #2590, .T. ) ;
#1402 = DIRECTION ( 'NONE',  ( 0.000000000000000000, -1.000000000000000000, 0.000000000000000000 ) ) ;
#1403 = CARTESIAN_POINT ( 'NONE',  ( -18.67814465448543260, 79.52844143110802122, 24.45367346152906762 ) ) ;
#1404 = AXIS2_PLACEMENT_3D ( 'NONE', #752, #727, #4006 ) ;
#1405 = EDGE_CURVE ( 'NONE', #2874, #3860, #2604, .T. ) ;
#1406 = CARTESIAN_POINT ( 'NONE',  ( -46.88280573221916825, 113.9223607777066718, -0.5270024044970582633 ) ) ;
#1407 = CARTESIAN_POINT ( 'NONE',  ( 14.56355846361122630, 78.20810211415690105, 6.938893903907228378E-15 ) ) ;
#1408 = AXIS2_PLACEMENT_3D ( 'NONE', #3419, #2255, #3848 ) ;
#1409 = ORIENTED_EDGE ( 'NONE', *, *, #1172, .F. ) ;
#1410 = CARTESIAN_POINT ( 'NONE',  ( 62.12792490842917914, 23.14346027173063902, -0.2030718844521572086 ) ) ;
#1411 = CIRCLE ( 'NONE', #3279, 4.589745962155750370 ) ;
#1412 = CARTESIAN_POINT ( 'NONE',  ( -48.91122521634008535, -46.20644025287903389, 0.000000000000000000 ) ) ;
#1413 = ORIENTED_EDGE ( 'NONE', *, *, #838, .F. ) ;
#1414 = CIRCLE ( 'NONE', #1250, 2.500000000000000444 ) ;
#1415 = CARTESIAN_POINT ( 'NONE',  ( -13.60083284159060213, 85.60551659766449006, 20.54575789956653864 ) ) ;
#1416 = AXIS2_PLACEMENT_3D ( 'NONE', #2446, #3243, #1231 ) ;
#1417 = CARTESIAN_POINT ( 'NONE',  ( 5.831297456654191969, 133.5070188262276076, -4.314435287092987181 ) ) ;
#1418 = ORIENTED_EDGE ( 'NONE', *, *, #73, .T. ) ;
#1419 = ORIENTED_EDGE ( 'NONE', *, *, #3698, .F. ) ;
#1420 = CARTESIAN_POINT ( 'NONE',  ( -10.27008277174995499, 86.89519779516678000, 8.239936510889833698E-15 ) ) ;
#1421 = VECTOR ( 'NONE', #515, 1000.000000000000227 ) ;
#1422 = EDGE_CURVE ( 'NONE', #4126, #4896, #3634, .T. ) ;
#1423 = LINE ( 'NONE', #3125, #4488 ) ;
#1424 = DIRECTION ( 'NONE',  ( 1.000000000000000000, 1.598121412591759359E-14, 0.000000000000000000 ) ) ;
#1425 = ORIENTED_EDGE ( 'NONE', *, *, #2787, .T. ) ;
#1426 = EDGE_CURVE ( 'NONE', #4622, #4173, #1411, .T. ) ;
#1427 = CARTESIAN_POINT ( 'NONE',  ( -33.67054148673276615, 131.0837701508621649, -4.536395532041135326 ) ) ;
#1428 = CARTESIAN_POINT ( 'NONE',  ( -4.905333486288292910, 130.1109205485558675, 7.209936490538898290 ) ) ;
#1429 = ORIENTED_EDGE ( 'NONE', *, *, #3525, .F. ) ;
#1430 = CARTESIAN_POINT ( 'NONE',  ( -68.36739294758146457, 30.83665970157898428, -10.00000000000000888 ) ) ;
#1431 = CARTESIAN_POINT ( 'NONE',  ( -2.530586091957568066E-28, -1.016105332223470571E-28, -2.499999999999991118 ) ) ;
#1432 = CARTESIAN_POINT ( 'NONE',  ( 7.194987070611669644, 129.1611234903367063, -0.7322330470336119168 ) ) ;
#1433 = DIRECTION ( 'NONE',  ( 0.9508629099039398458, -0.1278374938784036519, 0.2819881233809344301 ) ) ;
#1434 = VERTEX_POINT ( 'NONE', #4099 ) ;
#1435 = DIRECTION ( 'NONE',  ( -2.131628207280300558E-14, -1.000000000000000000, 0.000000000000000000 ) ) ;
#1436 = CARTESIAN_POINT ( 'NONE',  ( -159.5239168776901408, 71.95220597035097398, -0.7322330470336257946 ) ) ;
#1437 = DIRECTION ( 'NONE',  ( -1.579692751415678445E-30, 3.581290393448283579E-30, 1.000000000000000000 ) ) ;
#1438 = ORIENTED_EDGE ( 'NONE', *, *, #4536, .T. ) ;
#1439 = ORIENTED_EDGE ( 'NONE', *, *, #3722, .F. ) ;
#1440 = VECTOR ( 'NONE', #1933, 1000.000000000000114 ) ;
#1441 = CARTESIAN_POINT ( 'NONE',  ( -47.89309431430366715, -46.24300288642288592, -0.1010363001568395785 ) ) ;
#1442 = EDGE_LOOP ( 'NONE', ( #4279, #2780, #2962, #1638 ) ) ;
#1443 = ORIENTED_EDGE ( 'NONE', *, *, #3287, .F. ) ;
#1444 = CARTESIAN_POINT ( 'NONE',  ( 20.05870578776961466, 121.8548075433096329, -1.280438679150340375 ) ) ;
#1445 = CARTESIAN_POINT ( 'NONE',  ( 58.10599837592253181, -39.22431086562221481, -0.2698213279113730878 ) ) ;
#1446 = CIRCLE ( 'NONE', #4272, 2.874999999999999112 ) ;
#1447 = ADVANCED_FACE ( 'NONE', ( #433 ), #733, .F. ) ;
#1448 = CARTESIAN_POINT ( 'NONE',  ( 14.48381179590782075, 77.73505017964905051, 6.938893903907233111E-15 ) ) ;
#1449 = ADVANCED_FACE ( 'NONE', ( #1821 ), #1834, .T. ) ;
#1450 = DIRECTION ( 'NONE',  ( 0.000000000000000000, -1.000000000000000000, 0.000000000000000000 ) ) ;
#1451 = VERTEX_POINT ( 'NONE', #5033 ) ;
#1452 = AXIS2_PLACEMENT_3D ( 'NONE', #1133, #4431, #4457 ) ;
#1453 = FACE_OUTER_BOUND ( 'NONE', #495, .T. ) ;
#1454 = DIRECTION ( 'NONE',  ( -0.000000000000000000, -0.000000000000000000, 1.000000000000000000 ) ) ;
#1455 = VERTEX_POINT ( 'NONE', #891 ) ;
#1456 = FACE_OUTER_BOUND ( 'NONE', #69, .T. ) ;
#1457 = CYLINDRICAL_SURFACE ( 'NONE', #3653, 2.500000000000002220 ) ;
#1458 = EDGE_CURVE ( 'NONE', #3381, #4410, #2851, .T. ) ;
#1459 = CARTESIAN_POINT ( 'NONE',  ( 64.11571427911749765, 20.40877888275024432, 0.000000000000000000 ) ) ;
#1460 = DIRECTION ( 'NONE',  ( -5.657338475244856674E-60, -1.000000000000000000, 3.581290393448283579E-30 ) ) ;
#1461 = ORIENTED_EDGE ( 'NONE', *, *, #2819, .T. ) ;
#1462 = CARTESIAN_POINT ( 'NONE',  ( -37.61080163300751877, 55.79220979248788836, 0.000000000000000000 ) ) ;
#1463 = CIRCLE ( 'NONE', #5132, 2.875000000000002665 ) ;
#1464 = EDGE_CURVE ( 'NONE', #406, #941, #3410, .T. ) ;
#1465 = CARTESIAN_POINT ( 'NONE',  ( -44.17319951943317591, 111.0482540923661787, -3.125000000000000000 ) ) ;
#1466 = CARTESIAN_POINT ( 'NONE',  ( 74.99999999999998579, 0.000000000000000000, -307.0258184027516677 ) ) ;
#1467 = EDGE_LOOP ( 'NONE', ( #1644, #266, #2239, #3378, #975, #434, #282, #1649 ) ) ;
#1468 = ORIENTED_EDGE ( 'NONE', *, *, #3631, .T. ) ;
#1469 = CARTESIAN_POINT ( 'NONE',  ( -70.66988255515256867, 5.341685507271948019, -0.8713912397696950141 ) ) ;
#1470 = ORIENTED_EDGE ( 'NONE', *, *, #4618, .T. ) ;
#1471 = EDGE_LOOP ( 'NONE', ( #4721, #929, #4398, #1896 ) ) ;
#1472 = CYLINDRICAL_SURFACE ( 'NONE', #2137, 2.874999999999999112 ) ;
#1473 = VECTOR ( 'NONE', #3991, 1000.000000000000000 ) ;
#1474 = DIRECTION ( 'NONE',  ( 0.000000000000000000, 0.000000000000000000, 1.000000000000000000 ) ) ;
#1475 = DIRECTION ( 'NONE',  ( -0.9930879748019211251, -0.1173723745342949293, -1.301042606982623232E-18 ) ) ;
#1476 = ORIENTED_EDGE ( 'NONE', *, *, #148, .F. ) ;
#1477 = CARTESIAN_POINT ( 'NONE',  ( 9.144530489145248353, 79.43509914178196141, 6.584936490538890297 ) ) ;
#1478 = DIRECTION ( 'NONE',  ( -0.000000000000000000, -0.000000000000000000, 1.000000000000000000 ) ) ;
#1479 = ORIENTED_EDGE ( 'NONE', *, *, #4921, .F. ) ;
#1480 = CIRCLE ( 'NONE', #4476, 1.249999999999999556 ) ;
#1481 = CARTESIAN_POINT ( 'NONE',  ( -36.73471384766132530, 129.3171650057512920, -6.068470161815900710 ) ) ;
#1482 = CARTESIAN_POINT ( 'NONE',  ( -55.25614992472371512, 71.95220597035097398, -0.7322330470336259056 ) ) ;
#1483 = CARTESIAN_POINT ( 'NONE',  ( -24.21561763033988512, 77.17738305013405409, 10.00000000000000000 ) ) ;
#1484 = CYLINDRICAL_SURFACE ( 'NONE', #124, 2.500000000000000444 ) ;
#1485 = ORIENTED_EDGE ( 'NONE', *, *, #1458, .F. ) ;
#1486 = VERTEX_POINT ( 'NONE', #2168 ) ;
#1487 = EDGE_CURVE ( 'NONE', #1767, #1361, #2344, .T. ) ;
#1488 = AXIS2_PLACEMENT_3D ( 'NONE', #1396, #4642, #537 ) ;
#1489 = CYLINDRICAL_SURFACE ( 'NONE', #4389, 2.500000000000002220 ) ;
#1490 = EDGE_CURVE ( 'NONE', #1277, #2102, #381, .T. ) ;
#1491 = CARTESIAN_POINT ( 'NONE',  ( -11.94195113441962697, 64.88076382542428178, -0.3741896372394639125 ) ) ;
#1492 = DIRECTION ( 'NONE',  ( -0.8760521428870153837, 0.1607665833302455716, 0.4546281432416909851 ) ) ;
#1493 = EDGE_LOOP ( 'NONE', ( #5113, #3652, #2066, #1377 ) ) ;
#1494 = CARTESIAN_POINT ( 'NONE',  ( 55.82754097499282153, -35.69734546231538985, -0.2168614236132132278 ) ) ;
#1495 = VECTOR ( 'NONE', #5126, 1000.000000000000114 ) ;
#1496 = ORIENTED_EDGE ( 'NONE', *, *, #3371, .F. ) ;
#1497 = VECTOR ( 'NONE', #2513, 1000.000000000000000 ) ;
#1498 = CARTESIAN_POINT ( 'NONE',  ( -45.75762053120827488, -48.24662375824708960, -0.1255711410665526495 ) ) ;
#1499 = ORIENTED_EDGE ( 'NONE', *, *, #1164, .F. ) ;
#1500 = ORIENTED_EDGE ( 'NONE', *, *, #511, .T. ) ;
#1501 =( NAMED_UNIT ( * ) SI_UNIT ( $, .STERADIAN. ) SOLID_ANGLE_UNIT ( ) );
#1502 = EDGE_CURVE ( 'NONE', #1232, #2372, #2562, .T. ) ;
#1503 = AXIS2_PLACEMENT_3D ( 'NONE', #1842, #3888, #209 ) ;
#1504 = CARTESIAN_POINT ( 'NONE',  ( 61.49794662508116261, -36.19589518684656326, -1.359035126331419097 ) ) ;
#1505 = CYLINDRICAL_SURFACE ( 'NONE', #2183, 2.875000000000002665 ) ;
#1506 = ORIENTED_EDGE ( 'NONE', *, *, #2720, .T. ) ;
#1507 = CARTESIAN_POINT ( 'NONE',  ( 19.86408980896266741, 118.9565708611436179, -10.00000000000000888 ) ) ;
#1508 = CARTESIAN_POINT ( 'NONE',  ( -21.86403863837691475, 134.7793606039129486, -4.267766952966359995 ) ) ;
#1509 = AXIS2_PLACEMENT_3D ( 'NONE', #5268, #1574, #5295 ) ;
#1510 = ORIENTED_EDGE ( 'NONE', *, *, #3885, .F. ) ;
#1511 = EDGE_CURVE ( 'NONE', #2210, #3108, #208, .T. ) ;
#1512 = CARTESIAN_POINT ( 'NONE',  ( -18.91214613083551299, 72.99503405364183095, 10.00000000000000000 ) ) ;
#1513 = CARTESIAN_POINT ( 'NONE',  ( -37.22117162716985916, 125.3791349538168589, -1.982281533274956153 ) ) ;
#1514 = CARTESIAN_POINT ( 'NONE',  ( -50.43597147393694513, -51.20533080323991726, -1.873225303769873396 ) ) ;
#1515 = VERTEX_POINT ( 'NONE', #486 ) ;
#1516 = VERTEX_POINT ( 'NONE', #4154 ) ;
#1517 = FACE_OUTER_BOUND ( 'NONE', #2733, .T. ) ;
#1518 = EDGE_CURVE ( 'NONE', #2862, #1386, #2091, .T. ) ;
#1519 = CARTESIAN_POINT ( 'NONE',  ( 58.62294662508116261, -36.39162168676826781, 0.000000000000000000 ) ) ;
#1520 = EDGE_CURVE ( 'NONE', #4924, #3626, #4320, .T. ) ;
#1521 = EDGE_CURVE ( 'NONE', #1793, #4083, #1579, .T. ) ;
#1522 = EDGE_LOOP ( 'NONE', ( #4827, #2268 ) ) ;
#1523 = CARTESIAN_POINT ( 'NONE',  ( -51.36683059453121558, -48.62609902606418899, -0.7322330470336022579 ) ) ;
#1524 = ORIENTED_EDGE ( 'NONE', *, *, #2787, .F. ) ;
#1525 = ORIENTED_EDGE ( 'NONE', *, *, #2740, .F. ) ;
#1526 = FACE_BOUND ( 'NONE', #3089, .T. ) ;
#1527 = AXIS2_PLACEMENT_3D ( 'NONE', #4122, #2884, #4959 ) ;
#1528 = CARTESIAN_POINT ( 'NONE',  ( -23.88025083721003483, 56.27128322028217156, -0.6954354450334834237 ) ) ;
#1529 = B_SPLINE_CURVE_WITH_KNOTS ( 'NONE', 3,
 ( #1830, #2625, #3395, #3797, #2650, #2599, #4600, #1382, #2231, #5044, #3821, #4702, #3002, #145, #3452, #1027 ),
 .UNSPECIFIED., .F., .F.,
 ( 4, 2, 2, 2, 2, 2, 2, 4 ),
 ( 3.193714225479458820E-07, 0.001157302599560966223, 0.001735794213630175321, 0.002314285827699384419, 0.002892777441768593517, 0.003471269055837802615, 0.004049760669907011279, 0.004628252283976220377 ),
 .UNSPECIFIED. ) ;
#1530 = CARTESIAN_POINT ( 'NONE',  ( 10.93503044428719662, -69.05449091538753237, -0.1735652837329135223 ) ) ;
#1531 = ORIENTED_EDGE ( 'NONE', *, *, #4964, .T. ) ;
#1532 = CARTESIAN_POINT ( 'NONE',  ( -9.463178058764952993, 136.4471439258897476, -4.615453824948410499 ) ) ;
#1533 = CARTESIAN_POINT ( 'NONE',  ( -70.53912839019062631, 5.223041046370670237, -0.7322330470335961516 ) ) ;
#1534 = VERTEX_POINT ( 'NONE', #3042 ) ;
#1535 = FACE_OUTER_BOUND ( 'NONE', #1358, .T. ) ;
#1536 = B_SPLINE_CURVE_WITH_KNOTS ( 'NONE', 3,
 ( #4933, #832, #2405, #5302, #4957, #4881, #2509, #3628, #25, #1667, #4535, #786, #3284, #2430 ),
 .UNSPECIFIED., .F., .F.,
 ( 4, 2, 2, 2, 2, 2, 4 ),
 ( 5.795739171203527942E-15, 0.003001950672408445955, 0.004502926008609765655, 0.006003901344811086657, 0.007504876681012389444, 0.009005852017213690497, 0.01200780268961629260 ),
 .UNSPECIFIED. ) ;
#1537 = DIRECTION ( 'NONE',  ( -0.7852140432544197912, 0.6192244393400878621, 0.000000000000000000 ) ) ;
#1538 = AXIS2_PLACEMENT_3D ( 'NONE', #4040, #3632, #3955 ) ;
#1539 = DIRECTION ( 'NONE',  ( -0.000000000000000000, -0.000000000000000000, 1.000000000000000000 ) ) ;
#1540 = VERTEX_POINT ( 'NONE', #189 ) ;
#1541 = EDGE_LOOP ( 'NONE', ( #3180, #1011, #5273, #1985, #2691 ) ) ;
#1542 = CARTESIAN_POINT ( 'NONE',  ( -0.1551588530167521407, 82.36185024110100983, 24.47291816561821420 ) ) ;
#1543 = AXIS2_PLACEMENT_3D ( 'NONE', #4393, #3979, #3621 ) ;
#1544 = DIRECTION ( 'NONE',  ( -0.3730099821968201890, 0.000000000000000000, -0.9278273293999955706 ) ) ;
#1545 = CARTESIAN_POINT ( 'NONE',  ( 22.77619584012118636, 62.76884906307171264, -0.05207026187048211657 ) ) ;
#1546 = AXIS2_PLACEMENT_3D ( 'NONE', #1420, #2136, #2558 ) ;
#1547 = EDGE_CURVE ( 'NONE', #830, #593, #2008, .T. ) ;
#1548 = ORIENTED_EDGE ( 'NONE', *, *, #3009, .F. ) ;
#1549 = CARTESIAN_POINT ( 'NONE',  ( -28.48570870838528180, 74.98760743815056173, 7.209936490538885856 ) ) ;
#1550 = ORIENTED_EDGE ( 'NONE', *, *, #1395, .T. ) ;
#1551 = CARTESIAN_POINT ( 'NONE',  ( 58.33534273203959941, -33.53104324863598151, 8.239936510890046691E-15 ) ) ;
#1552 = ADVANCED_FACE ( 'NONE', ( #3441 ), #2616, .T. ) ;
#1553 = CARTESIAN_POINT ( 'NONE',  ( 0.000000000000000000, 0.000000000000000000, -3.125000000000000000 ) ) ;
#1554 = EDGE_CURVE ( 'NONE', #101, #198, #2798, .T. ) ;
#1555 = CARTESIAN_POINT ( 'NONE',  ( -19.92024557079882285, 134.7414310857447219, -3.807361943194809140 ) ) ;
#1556 = DIRECTION ( 'NONE',  ( -0.000000000000000000, -0.000000000000000000, 1.000000000000000000 ) ) ;
#1557 = VERTEX_POINT ( 'NONE', #107 ) ;
#1558 = CARTESIAN_POINT ( 'NONE',  ( -32.24263037060715931, 72.24523764442567142, 8.673617379884035472E-15 ) ) ;
#1559 = CARTESIAN_POINT ( 'NONE',  ( -6.889853106685915662, 136.4228277527624584, -4.050484210129348561 ) ) ;
#1560 = VERTEX_POINT ( 'NONE', #563 ) ;
#1561 = AXIS2_PLACEMENT_3D ( 'NONE', #5243, #3416, #5064 ) ;
#1562 = CARTESIAN_POINT ( 'NONE',  ( -48.52404058627475791, -49.05524931321377835, -10.00000000000000888 ) ) ;
#1563 = CARTESIAN_POINT ( 'NONE',  ( -1.204446323827656595, 136.0671338413533249, -3.392142414624427893 ) ) ;
#1564 = CARTESIAN_POINT ( 'NONE',  ( -60.02136080706333843, 81.91420052022823484, -307.0258184027516677 ) ) ;
#1565 = AXIS2_PLACEMENT_3D ( 'NONE', #1684, #4081, #4467 ) ;
#1566 = ORIENTED_EDGE ( 'NONE', *, *, #1735, .F. ) ;
#1567 = ORIENTED_EDGE ( 'NONE', *, *, #4301, .T. ) ;
#1568 = CARTESIAN_POINT ( 'NONE',  ( 2.626226708377991770, 135.2054814981580932, -4.678464931576566066 ) ) ;
#1569 = EDGE_CURVE ( 'NONE', #934, #5191, #5042, .T. ) ;
#1570 = CARTESIAN_POINT ( 'NONE',  ( 67.87792490842919335, 23.30285626746172412, -1.766378193600276703 ) ) ;
#1571 = CARTESIAN_POINT ( 'NONE',  ( -3.402430939350728600, 65.89413940576278605, -0.3671447975115139095 ) ) ;
#1572 = FACE_OUTER_BOUND ( 'NONE', #2657, .T. ) ;
#1573 = AXIS2_PLACEMENT_3D ( 'NONE', #344, #3599, #631 ) ;
#1574 = DIRECTION ( 'NONE',  ( -0.9508629099039398458, 0.1278374938784035408, -0.2819881233809344856 ) ) ;
#1575 = ORIENTED_EDGE ( 'NONE', *, *, #1628, .F. ) ;
#1576 = AXIS2_PLACEMENT_3D ( 'NONE', #2284, #252, #4865 ) ;
#1577 = CARTESIAN_POINT ( 'NONE',  ( -66.10718274391030036, 7.352174912479794600, -10.00000000000000888 ) ) ;
#1578 = CYLINDRICAL_SURFACE ( 'NONE', #1543, 1.250000000000013101 ) ;
#1579 = CIRCLE ( 'NONE', #41, 9.087341226347405154 ) ;
#1580 = EDGE_CURVE ( 'NONE', #3951, #3554, #900, .T. ) ;
#1581 = CARTESIAN_POINT ( 'NONE',  ( -22.67982817836418263, 134.9636013742401133, -4.750521467482942128 ) ) ;
#1582 = DIRECTION ( 'NONE',  ( -0.1173723745342946240, 0.9930879748019211251, -3.741948713275402747E-30 ) ) ;
#1583 = ORIENTED_EDGE ( 'NONE', *, *, #292, .T. ) ;
#1584 = CYLINDRICAL_SURFACE ( 'NONE', #276, 100.0000000000000284 ) ;
#1585 = CARTESIAN_POINT ( 'NONE',  ( -49.92319951943317591, 111.0482540923661787, -3.125000000000000000 ) ) ;
#1586 = ORIENTED_EDGE ( 'NONE', *, *, #2163, .T. ) ;
#1587 = EDGE_CURVE ( 'NONE', #1515, #815, #1902, .T. ) ;
#1588 = B_SPLINE_CURVE_WITH_KNOTS ( 'NONE', 3,
 ( #2564, #3340, #541, #2642, #1427, #919, #2196, #3811, #164, #1801, #3842, #191, #1823, #3443 ),
 .UNSPECIFIED., .F., .F.,
 ( 4, 2, 2, 2, 2, 2, 4 ),
 ( 0.000000000000000000, 0.002838735114053836470, 0.004258102671080773137, 0.005677470228107710237, 0.007096837785134648205, 0.008516205342161584438, 0.01135494045621546905 ),
 .UNSPECIFIED. ) ;
#1589 = AXIS2_PLACEMENT_3D ( 'NONE', #2113, #555, #4171 ) ;
#1590 = DIRECTION ( 'NONE',  ( 1.000000000000000000, 0.000000000000000000, 0.000000000000000000 ) ) ;
#1591 = CARTESIAN_POINT ( 'NONE',  ( -1.962076786130908523, 136.2008312481140138, -3.426380965757511721 ) ) ;
#1592 = VECTOR ( 'NONE', #1702, 1000.000000000000114 ) ;
#1593 = CARTESIAN_POINT ( 'NONE',  ( -13.55565085604534126, -1.602132912393019915, -9.999999999999989342 ) ) ;
#1594 = ORIENTED_EDGE ( 'NONE', *, *, #2389, .T. ) ;
#1595 = ORIENTED_EDGE ( 'NONE', *, *, #2991, .T. ) ;
#1596 = DIRECTION ( 'NONE',  ( 1.560292508376632279E-30, 5.918289032593633634E-30, 1.000000000000000000 ) ) ;
#1597 = CIRCLE ( 'NONE', #910, 2.500000000000000444 ) ;
#1598 = CARTESIAN_POINT ( 'NONE',  ( -10.27008277174995499, 86.89519779516678000, -10.00000000000000888 ) ) ;
#1599 = CARTESIAN_POINT ( 'NONE',  ( -24.49496054422846569, 118.6450458634352429, 259.6142809027516023 ) ) ;
#1600 = DIRECTION ( 'NONE',  ( -0.000000000000000000, -0.000000000000000000, -1.000000000000000000 ) ) ;
#1601 = FACE_OUTER_BOUND ( 'NONE', #3890, .T. ) ;
#1602 = ORIENTED_EDGE ( 'NONE', *, *, #1211, .F. ) ;
#1603 = CARTESIAN_POINT ( 'NONE',  ( 9.144530489145241248, 79.43509914178196141, 6.584936490538892961 ) ) ;
#1604 = DIRECTION ( 'NONE',  ( 1.000000000000000000, 0.000000000000000000, 0.000000000000000000 ) ) ;
#1605 = CARTESIAN_POINT ( 'NONE',  ( -20.89992220913745058, 134.7467379009750630, -4.015653363715156132 ) ) ;
#1606 = LINE ( 'NONE', #2031, #2857 ) ;
#1607 = ORIENTED_EDGE ( 'NONE', *, *, #3298, .T. ) ;
#1608 = CARTESIAN_POINT ( 'NONE',  ( -69.49300843610375011, 4.611672896898978635, -0.08849534501661371344 ) ) ;
#1609 = DIRECTION ( 'NONE',  ( -0.7071067811865465735, 0.000000000000000000, -0.7071067811865484609 ) ) ;
#1610 = EDGE_LOOP ( 'NONE', ( #1121, #3822, #4044, #3975 ) ) ;
#1611 = DIRECTION ( 'NONE',  ( -0.3096122196700446527, -0.3926070216272106173, 0.8660254037844381525 ) ) ;
#1612 = EDGE_CURVE ( 'NONE', #2149, #4221, #3981, .T. ) ;
#1613 = EDGE_CURVE ( 'NONE', #5191, #941, #4274, .T. ) ;
#1614 = CARTESIAN_POINT ( 'NONE',  ( -1.432165395411998610, 136.1084998845066707, -4.068338541302936484 ) ) ;
#1615 = PLANE ( 'NONE',  #5170 ) ;
#1616 = EDGE_LOOP ( 'NONE', ( #76, #1037, #813, #1879, #4229 ) ) ;
#1617 = VECTOR ( 'NONE', #567, 1000.000000000000000 ) ;
#1618 = ORIENTED_EDGE ( 'NONE', *, *, #4136, .T. ) ;
#1619 = DIRECTION ( 'NONE',  ( 0.1173723745342951791, -0.9930879748019211251, 0.000000000000000000 ) ) ;
#1620 = CARTESIAN_POINT ( 'NONE',  ( 19.86408980896266741, 118.9565708611436179, -3.125000000000000000 ) ) ;
#1621 = EDGE_CURVE ( 'NONE', #3460, #2014, #2258, .T. ) ;
#1622 = AXIS2_PLACEMENT_3D ( 'NONE', #3902, #1079, #680 ) ;
#1623 = CARTESIAN_POINT ( 'NONE',  ( -36.80287991382055424, 128.9192702774419104, -4.819085538941285662 ) ) ;
#1624 = ORIENTED_EDGE ( 'NONE', *, *, #1238, .T. ) ;
#1625 = CARTESIAN_POINT ( 'NONE',  ( 6.056030142667770733, 67.22547481396294700, 1.040834085586085046E-14 ) ) ;
#1626 = AXIS2_PLACEMENT_3D ( 'NONE', #3095, #3807, #2585 ) ;
#1627 = CYLINDRICAL_SURFACE ( 'NONE', #3518, 2.875000000000002665 ) ;
#1628 = EDGE_CURVE ( 'NONE', #1854, #3910, #5258, .T. ) ;
#1629 = CARTESIAN_POINT ( 'NONE',  ( -4.851631897810729122, 129.6565512648429603, 7.667468245269449589 ) ) ;
#1630 = ORIENTED_EDGE ( 'NONE', *, *, #833, .T. ) ;
#1631 = DIRECTION ( 'NONE',  ( 0.8491611506782406060, -0.2396405517700083976, -0.4706354705355009771 ) ) ;
#1632 = CIRCLE ( 'NONE', #3503, 2.875000000000002665 ) ;
#1633 = CARTESIAN_POINT ( 'NONE',  ( -12.04678200907786412, 135.6711739455974453, -3.805957838418270178 ) ) ;
#1634 = CARTESIAN_POINT ( 'NONE',  ( 6.327467262759094879, 81.37795834909812243, 10.00000000000000000 ) ) ;
#1635 = ORIENTED_EDGE ( 'NONE', *, *, #5041, .T. ) ;
#1636 = CARTESIAN_POINT ( 'NONE',  ( -10.27008277174995499, 86.89519779516678000, -4.267766952966385752 ) ) ;
#1637 = CARTESIAN_POINT ( 'NONE',  ( -19.13090409125588565, 72.99031877834843840, 9.999999999999998224 ) ) ;
#1638 = ORIENTED_EDGE ( 'NONE', *, *, #1628, .T. ) ;
#1639 = DIRECTION ( 'NONE',  ( -0.000000000000000000, 0.000000000000000000, 1.000000000000000000 ) ) ;
#1640 = CARTESIAN_POINT ( 'NONE',  ( 3.025414463442074542, 134.7057122448043458, -3.453279509155629867 ) ) ;
#1641 = CARTESIAN_POINT ( 'NONE',  ( 22.52784664203547393, 117.8629676361807128, -0.2706903397172804038 ) ) ;
#1642 = EDGE_LOOP ( 'NONE', ( #4566, #2926, #455, #2651 ) ) ;
#1643 = DIRECTION ( 'NONE',  ( 1.000000000000000000, 0.000000000000000000, 0.000000000000000000 ) ) ;
#1644 = ORIENTED_EDGE ( 'NONE', *, *, #2880, .F. ) ;
#1645 = DIRECTION ( 'NONE',  ( -0.000000000000000000, 0.000000000000000000, 1.000000000000000000 ) ) ;
#1646 = AXIS2_PLACEMENT_3D ( 'NONE', #194, #1826, #3048 ) ;
#1647 = CARTESIAN_POINT ( 'NONE',  ( -36.68479079855764269, 129.3482683538260574, -6.035533905932705778 ) ) ;
#1648 = ADVANCED_FACE ( 'NONE', ( #293 ), #1505, .F. ) ;
#1649 = ORIENTED_EDGE ( 'NONE', *, *, #1228, .F. ) ;
#1650 = DIRECTION ( 'NONE',  ( 0.1173723745342850067, -0.9930879748019223463, -6.098637220231004843E-16 ) ) ;
#1651 = ADVANCED_FACE ( 'NONE', ( #4795 ), #1098, .F. ) ;
#1652 = AXIS2_PLACEMENT_3D ( 'NONE', #2955, #2105, #4163 ) ;
#1653 = CARTESIAN_POINT ( 'NONE',  ( 55.76392736874987577, -36.04187732825289459, -0.1619952377716775416 ) ) ;
#1654 = AXIS2_PLACEMENT_3D ( 'NONE', #4405, #3080, #2280 ) ;
#1655 = EDGE_CURVE ( 'NONE', #1516, #4799, #4323, .T. ) ;
#1656 = DIRECTION ( 'NONE',  ( -3.394736008295982287E-30, 1.133388299552843720E-31, 1.000000000000000000 ) ) ;
#1657 = ORIENTED_EDGE ( 'NONE', *, *, #2607, .T. ) ;
#1658 = PRODUCT_CONTEXT ( 'NONE', #4012, 'mechanical' ) ;
#1659 = CARTESIAN_POINT ( 'NONE',  ( 22.73908980894260878, 118.9565708611430352, -3.125000000000000000 ) ) ;
#1660 = VECTOR ( 'NONE', #1300, 1000.000000000000114 ) ;
#1661 = CARTESIAN_POINT ( 'NONE',  ( -32.44444057107169499, 117.7055023680569832, 6.584936490538884080 ) ) ;
#1662 = DIRECTION ( 'NONE',  ( 0.000000000000000000, 0.000000000000000000, -1.000000000000000000 ) ) ;
#1663 = AXIS2_PLACEMENT_3D ( 'NONE', #1236, #828, #3677 ) ;
#1664 = DIRECTION ( 'NONE',  ( 0.000000000000000000, -0.8569522782525419435, 0.5153957632710788328 ) ) ;
#1665 = ORIENTED_EDGE ( 'NONE', *, *, #4440, .F. ) ;
#1666 = DIRECTION ( 'NONE',  ( -0.000000000000000000, 0.000000000000000000, 1.000000000000000000 ) ) ;
#1667 = CARTESIAN_POINT ( 'NONE',  ( -33.55724066988815224, 130.7349978086546969, -3.206787111604357587 ) ) ;
#1668 = DIRECTION ( 'NONE',  ( -0.1173723745342942493, 0.9930879748019212361, 0.000000000000000000 ) ) ;
#1669 = AXIS2_PLACEMENT_3D ( 'NONE', #1195, #2896, #843 ) ;
#1670 = DIRECTION ( 'NONE',  ( -2.775557561562890562E-15, -1.000000000000000000, -1.214306433183764720E-16 ) ) ;
#1671 = CARTESIAN_POINT ( 'NONE',  ( -3.838730668348500075, 121.0863912537485731, -9.999999999999989342 ) ) ;
#1672 = ORIENTED_EDGE ( 'NONE', *, *, #652, .F. ) ;
#1673 = ADVANCED_FACE ( 'NONE', ( #618 ), #817, .T. ) ;
#1674 = DIRECTION ( 'NONE',  ( 0.8600394143713061545, 0.1016474580492010976, -0.4999999999999966693 ) ) ;
#1675 = AXIS2_PLACEMENT_3D ( 'NONE', #1373, #2536, #1325 ) ;
#1676 = ORIENTED_EDGE ( 'NONE', *, *, #4242, .F. ) ;
#1677 = CARTESIAN_POINT ( 'NONE',  ( -37.08890563567028664, 123.5693366574367928, -0.4694358657106439403 ) ) ;
#1678 = CARTESIAN_POINT ( 'NONE',  ( 66.07073799029357986, 25.81628788700176713, -0.9352774676854688218 ) ) ;
#1679 = AXIS2_PLACEMENT_3D ( 'NONE', #4872, #4002, #1950 ) ;
#1680 = CARTESIAN_POINT ( 'NONE',  ( 0.000000000000000000, 0.000000000000000000, -0.7322330470336396724 ) ) ;
#1681 = VERTEX_POINT ( 'NONE', #5112 ) ;
#1682 = AXIS2_PLACEMENT_3D ( 'NONE', #4657, #3725, #3006 ) ;
#1683 = AXIS2_PLACEMENT_3D ( 'NONE', #348, #1184, #886 ) ;
#1684 = CARTESIAN_POINT ( 'NONE',  ( -159.5239168776901408, 71.95220597035097398, -6.035533905932755516 ) ) ;
#1685 = EDGE_CURVE ( 'NONE', #5230, #5002, #4922, .T. ) ;
#1686 = EDGE_CURVE ( 'NONE', #2537, #4689, #905, .T. ) ;
#1687 = CARTESIAN_POINT ( 'NONE',  ( -9.272864091118188767, 136.8852523550790181, -6.041139746196369842 ) ) ;
#1688 = ORIENTED_EDGE ( 'NONE', *, *, #4242, .T. ) ;
#1689 = CARTESIAN_POINT ( 'NONE',  ( 7.194987070611669644, 129.1611234903367063, -0.7322330470336119168 ) ) ;
#1690 = DIRECTION ( 'NONE',  ( 0.9115652393010872379, -0.4111554626877176877, 0.000000000000000000 ) ) ;
#1691 = EDGE_CURVE ( 'NONE', #3668, #1948, #2015, .T. ) ;
#1692 = DIRECTION ( 'NONE',  ( 0.000000000000000000, 0.4847605783279373415, -0.8746468897213113269 ) ) ;
#1693 = DIRECTION ( 'NONE',  ( 0.8569522782525418325, 0.000000000000000000, 0.5153957632710790548 ) ) ;
#1695 = ORIENTED_EDGE ( 'NONE', *, *, #3207, .T. ) ;
#1694 =( BOUNDED_CURVE ( )  B_SPLINE_CURVE ( 3, ( #2726, #1558, #2670, #3178 ),
 .UNSPECIFIED., .F., .T. ) 
 B_SPLINE_CURVE_WITH_KNOTS ( ( 4, 4 ),
 ( 2.803791225349688165, 3.479394081829930041 ),
 .UNSPECIFIED. ) 
 CURVE ( )  GEOMETRIC_REPRESENTATION_ITEM ( )  RATIONAL_B_SPLINE_CURVE ( ( 1.000000000000000000, 0.9623237211577709838, 0.9623237211577709838, 1.000000000000000000 ) ) 
 REPRESENTATION_ITEM ( '' )  );
#1696 = FACE_OUTER_BOUND ( 'NONE', #878, .T. ) ;
#1697 = CARTESIAN_POINT ( 'NONE',  ( -47.04819951943317591, 111.0482540923661787, -3.125000000000000000 ) ) ;
#1698 = CYLINDRICAL_SURFACE ( 'NONE', #5298, 2.500000000000002220 ) ;
#1699 = CARTESIAN_POINT ( 'NONE',  ( -48.28624200816452117, 113.6489754529996503, -1.486246665072278095 ) ) ;
#1700 = CARTESIAN_POINT ( 'NONE',  ( -37.74496054422855451, 118.6450458634352429, 8.673617379883549534E-15 ) ) ;
#1701 = ORIENTED_EDGE ( 'NONE', *, *, #1880, .F. ) ;
#1702 = DIRECTION ( 'NONE',  ( 0.1173723745342946101, -0.9930879748019211251, 1.592164461084509290E-17 ) ) ;
#1703 = ORIENTED_EDGE ( 'NONE', *, *, #2432, .T. ) ;
#1704 = CARTESIAN_POINT ( 'NONE',  ( 5.516095136972519519, 80.34908941725851150, 10.00000000000000000 ) ) ;
#1705 = CARTESIAN_POINT ( 'NONE',  ( -68.20613353566939452, 10.19906523923548569, 0.000000000000000000 ) ) ;
#1706 = CIRCLE ( 'NONE', #3155, 67.28553390593272354 ) ;
#1707 = FACE_OUTER_BOUND ( 'NONE', #3299, .T. ) ;
#1708 = EDGE_LOOP ( 'NONE', ( #5150, #2532, #1672, #663 ) ) ;
#1709 = DIRECTION ( 'NONE',  ( 1.579692751415678445E-30, -3.581290393448283579E-30, -1.000000000000000000 ) ) ;
#1710 = AXIS2_PLACEMENT_3D ( 'NONE', #1599, #4866, #1196 ) ;
#1711 = AXIS2_PLACEMENT_3D ( 'NONE', #3718, #4159, #570 ) ;
#1712 = LINE ( 'NONE', #2527, #4060 ) ;
#1713 = ORIENTED_EDGE ( 'NONE', *, *, #3826, .F. ) ;
#1714 = LINE ( 'NONE', #1415, #4028 ) ;
#1715 = ADVANCED_FACE ( 'NONE', ( #753 ), #4035, .T. ) ;
#1716 = DIRECTION ( 'NONE',  ( 1.579692751415678445E-30, -3.581290393448283579E-30, -1.000000000000000000 ) ) ;
#1717 = CARTESIAN_POINT ( 'NONE',  ( 18.74921917493406553, 121.6260692427473913, -0.3361776233300589056 ) ) ;
#1718 = EDGE_LOOP ( 'NONE', ( #2665, #3445, #2728, #1800 ) ) ;
#1719 = EDGE_CURVE ( 'NONE', #4713, #1764, #2376, .T. ) ;
#1720 = ORIENTED_EDGE ( 'NONE', *, *, #3136, .T. ) ;
#1721 = CARTESIAN_POINT ( 'NONE',  ( -0.1854366499442119398, 78.66852230678973967, 10.54055839257351046 ) ) ;
#1722 = ADVANCED_FACE ( 'NONE', ( #4426, #1984 ), #2086, .T. ) ;
#1723 = VECTOR ( 'NONE', #2217, 1000.000000000000000 ) ;
#1724 = DIRECTION ( 'NONE',  ( 1.000000000000000000, 0.000000000000000000, 0.000000000000000000 ) ) ;
#1725 = B_SPLINE_CURVE_WITH_KNOTS ( 'NONE', 3,
 ( #5101, #3426, #4975, #2907, #4706, #202, #3705, #3456, #1031, #2655 ),
 .UNSPECIFIED., .F., .F.,
 ( 4, 2, 2, 2, 4 ),
 ( 0.003145005287912884268, 0.003727412272241621867, 0.004309819256570362501, 0.004892226240899102269, 0.005474633225227842903 ),
 .UNSPECIFIED. ) ;
#1726 = DIRECTION ( 'NONE',  ( -5.657338475244857780E-60, -1.000000000000000000, 3.581290393448283579E-30 ) ) ;
#1727 = EDGE_LOOP ( 'NONE', ( #1524, #1028, #552, #3071 ) ) ;
#1728 = CARTESIAN_POINT ( 'NONE',  ( 20.88731365487247160, 63.28020060520272949, -0.08429636363059855864 ) ) ;
#1729 = ORIENTED_EDGE ( 'NONE', *, *, #471, .T. ) ;
#1730 = CARTESIAN_POINT ( 'NONE',  ( -47.04819951940678635, 111.0482540923670172, -10.00000000000000888 ) ) ;
#1731 = CARTESIAN_POINT ( 'NONE',  ( 4.892161059376935128, 134.1063575218630035, -4.160859908796338935 ) ) ;
#1732 = DIRECTION ( 'NONE',  ( 1.000000000000000000, 0.000000000000000000, 0.000000000000000000 ) ) ;
#1733 = DIRECTION ( 'NONE',  ( -1.579692751415678445E-30, 3.581290393448283579E-30, 1.000000000000000000 ) ) ;
#1734 = EDGE_LOOP ( 'NONE', ( #1479, #1303, #353, #908 ) ) ;
#1735 = EDGE_CURVE ( 'NONE', #2041, #4688, #3876, .T. ) ;
#1736 = CYLINDRICAL_SURFACE ( 'NONE', #1652, 2.500000000000002220 ) ;
#1737 = CIRCLE ( 'NONE', #5149, 2.500000000000002220 ) ;
#1738 = CARTESIAN_POINT ( 'NONE',  ( -8.260619541775401586, 136.5095916745948443, -4.478394842583922397 ) ) ;
#1739 = CIRCLE ( 'NONE', #3941, 70.73223304703357428 ) ;
#1740 = VERTEX_POINT ( 'NONE', #2779 ) ;
#1741 = CARTESIAN_POINT ( 'NONE',  ( 19.30545866200528593, 121.7767758610803526, -0.7322330470336144703 ) ) ;
#1742 = ORIENTED_EDGE ( 'NONE', *, *, #671, .F. ) ;
#1743 = ORIENTED_EDGE ( 'NONE', *, *, #4334, .F. ) ;
#1744 = CARTESIAN_POINT ( 'NONE',  ( -8.926169083333139298, 75.52434048368601793, -9.999999999999989342 ) ) ;
#1745 = AXIS2_PLACEMENT_3D ( 'NONE', #4692, #2667, #3149 ) ;
#1746 = DIRECTION ( 'NONE',  ( 2.205195146620347939E-30, 2.583445881321955470E-30, 1.000000000000000000 ) ) ;
#1747 = CARTESIAN_POINT ( 'NONE',  ( 3.437022583294976563, 72.19763389503656015, 6.584936490538878751 ) ) ;
#1748 = EDGE_CURVE ( 'NONE', #3802, #3324, #4090, .T. ) ;
#1749 = DIRECTION ( 'NONE',  ( 1.000000000000000000, 0.000000000000000000, 0.000000000000000000 ) ) ;
#1750 = ORIENTED_EDGE ( 'NONE', *, *, #736, .F. ) ;
#1751 = CARTESIAN_POINT ( 'NONE',  ( 5.712862348250629552, 134.0716680804176235, -5.047015261345890735 ) ) ;
#1752 = FACE_OUTER_BOUND ( 'NONE', #4940, .T. ) ;
#1753 = EDGE_LOOP ( 'NONE', ( #2672, #1701, #1897, #4482 ) ) ;
#1754 = CARTESIAN_POINT ( 'NONE',  ( -29.60947545831264449, 133.0043762851320537, -3.447986686375816845 ) ) ;
#1755 = AXIS2_PLACEMENT_3D ( 'NONE', #4022, #1086, #4415 ) ;
#1756 = CARTESIAN_POINT ( 'NONE',  ( -50.94107645332613998, -47.48934002703398960, -0.08804623426052879398 ) ) ;
#1757 = LINE ( 'NONE', #4209, #880 ) ;
#1758 = CARTESIAN_POINT ( 'NONE',  ( -35.66662396201787999, 28.12691063763636379, 10.00000000000000000 ) ) ;
#1759 = ORIENTED_EDGE ( 'NONE', *, *, #671, .T. ) ;
#1760 = LINE ( 'NONE', #5021, #360 ) ;
#1761 = VECTOR ( 'NONE', #99, 999.9999999999998863 ) ;
#1762 = VECTOR ( 'NONE', #4330, 1000.000000000000114 ) ;
#1763 = CARTESIAN_POINT ( 'NONE',  ( -61.25000000000000000, 7.500961644777538868E-15, -10.00000000000000000 ) ) ;
#1764 = VERTEX_POINT ( 'NONE', #345 ) ;
#1765 = AXIS2_PLACEMENT_3D ( 'NONE', #4009, #1074, #3897 ) ;
#1766 = CARTESIAN_POINT ( 'NONE',  ( -65.98052100934954467, 6.157935188187271258, -0.2143999822462351046 ) ) ;
#1767 = VERTEX_POINT ( 'NONE', #1206 ) ;
#1768 = EDGE_LOOP ( 'NONE', ( #2986, #5301, #1818, #3101 ) ) ;
#1769 = FACE_OUTER_BOUND ( 'NONE', #665, .T. ) ;
#1770 = CARTESIAN_POINT ( 'NONE',  ( -14.54830582352584223, 123.0932544766980214, 259.6142809027516023 ) ) ;
#1771 = CARTESIAN_POINT ( 'NONE',  ( -25.43450403960675033, 126.5945258902783905, 6.584936490538894738 ) ) ;
#1772 = CARTESIAN_POINT ( 'NONE',  ( -18.23033498635963312, 72.22422208124793030, 10.00000000000000000 ) ) ;
#1773 = ORIENTED_EDGE ( 'NONE', *, *, #1154, .F. ) ;
#1774 = CARTESIAN_POINT ( 'NONE',  ( 5.582252418964769092, 134.3055733712648987, -5.783025034083402183 ) ) ;
#1775 = DIRECTION ( 'NONE',  ( -5.657338475244856674E-60, -1.000000000000000000, 3.581290393448283579E-30 ) ) ;
#1776 = ORIENTED_EDGE ( 'NONE', *, *, #2233, .F. ) ;
#1777 = EDGE_CURVE ( 'NONE', #2626, #568, #3791, .T. ) ;
#1778 = CARTESIAN_POINT ( 'NONE',  ( -74.99999999999998579, 9.184850993605147156E-15, -307.0258184027516677 ) ) ;
#1779 = DIRECTION ( 'NONE',  ( 1.000000000000000000, 2.617612658555468147E-15, 0.000000000000000000 ) ) ;
#1780 = EDGE_CURVE ( 'NONE', #4697, #659, #1070, .T. ) ;
#1781 = DIRECTION ( 'NONE',  ( 1.000000000000000000, 0.000000000000000000, 0.000000000000000000 ) ) ;
#1782 = CARTESIAN_POINT ( 'NONE',  ( -20.17319419367581546, 69.40715885486176262, 6.584936490538884968 ) ) ;
#1783 = ORIENTED_EDGE ( 'NONE', *, *, #2652, .T. ) ;
#1784 = EDGE_CURVE ( 'NONE', #4147, #4734, #1606, .T. ) ;
#1785 = CARTESIAN_POINT ( 'NONE',  ( -63.80956675107601939, 28.78088238814037680, 8.673617379883831946E-15 ) ) ;
#1786 = EDGE_CURVE ( 'NONE', #568, #408, #3200, .T. ) ;
#1787 = DIRECTION ( 'NONE',  ( -0.000000000000000000, -0.000000000000000000, -1.000000000000000000 ) ) ;
#1788 = ORIENTED_EDGE ( 'NONE', *, *, #4297, .F. ) ;
#1789 = EDGE_CURVE ( 'NONE', #4735, #1868, #4901, .T. ) ;
#1790 = AXIS2_PLACEMENT_3D ( 'NONE', #3025, #2730, #4292 ) ;
#1791 = DIRECTION ( 'NONE',  ( 0.7852140432544170157, -0.6192244393400913038, -3.659182332138549855E-15 ) ) ;
#1792 = VERTEX_POINT ( 'NONE', #3625 ) ;
#1793 = VERTEX_POINT ( 'NONE', #5248 ) ;
#1794 = PLANE ( 'NONE',  #4015 ) ;
#1795 = EDGE_CURVE ( 'NONE', #23, #1681, #804, .T. ) ;
#1796 = CIRCLE ( 'NONE', #580, 70.73223304703357428 ) ;
#1797 = CYLINDRICAL_SURFACE ( 'NONE', #2729, 2.500000000000002220 ) ;
#1798 = DIRECTION ( 'NONE',  ( 0.1278374938784040682, 0.9508629099039398458, 0.2819881233809343746 ) ) ;
#1799 = CARTESIAN_POINT ( 'NONE',  ( 0.000000000000000000, 0.000000000000000000, -6.035533905932755516 ) ) ;
#1800 = ORIENTED_EDGE ( 'NONE', *, *, #5177, .T. ) ;
#1801 = CARTESIAN_POINT ( 'NONE',  ( -30.30696167937366070, 132.7073000266323675, -4.062100912109004369 ) ) ;
#1802 = DIRECTION ( 'NONE',  ( -0.9930879748019211251, -0.1173723745342949154, 0.000000000000000000 ) ) ;
#1803 = VERTEX_POINT ( 'NONE', #4849 ) ;
#1804 = CYLINDRICAL_SURFACE ( 'NONE', #1132, 2.500000000000009326 ) ;
#1805 = DIRECTION ( 'NONE',  ( 1.000000000000000000, 0.000000000000000000, 0.000000000000000000 ) ) ;
#1806 = VECTOR ( 'NONE', #1609, 1000.000000000000000 ) ;
#1807 = CARTESIAN_POINT ( 'NONE',  ( -10.27008277174995499, 86.89519779516678000, 0.000000000000000000 ) ) ;
#1808 = CARTESIAN_POINT ( 'NONE',  ( -18.77538418121102737, 74.36026862633869428, 259.6142809027516023 ) ) ;
#1809 = VERTEX_POINT ( 'NONE', #2878 ) ;
#1810 = CARTESIAN_POINT ( 'NONE',  ( 62.58711653314143319, 24.70214397726231326, 8.239936510889844743E-15 ) ) ;
#1811 = CARTESIAN_POINT ( 'NONE',  ( 10.97369384286621141, -68.37860908155889206, -0.01255206838512334770 ) ) ;
#1812 = EDGE_CURVE ( 'NONE', #2019, #3160, #1838, .T. ) ;
#1813 = CARTESIAN_POINT ( 'NONE',  ( 5.248460955230568104, -68.93712199316465217, 9.054570447911653894E-15 ) ) ;
#1814 = ORIENTED_EDGE ( 'NONE', *, *, #1193, .T. ) ;
#1815 = AXIS2_PLACEMENT_3D ( 'NONE', #1603, #1631, #1265 ) ;
#1816 = VECTOR ( 'NONE', #40, 1000.000000000000000 ) ;
#1817 = DIRECTION ( 'NONE',  ( -0.4309961487609018094, 0.7698990671686107845, 0.4706354705355021428 ) ) ;
#1818 = ORIENTED_EDGE ( 'NONE', *, *, #5215, .T. ) ;
#1819 = CARTESIAN_POINT ( 'NONE',  ( -44.54819951940678635, 111.0482540923670172, -3.125000000000000000 ) ) ;
#1820 = AXIS2_PLACEMENT_3D ( 'NONE', #4178, #1372, #4983 ) ;
#1821 = FACE_OUTER_BOUND ( 'NONE', #331, .T. ) ;
#1822 = VERTEX_POINT ( 'NONE', #1181 ) ;
#1823 = CARTESIAN_POINT ( 'NONE',  ( -27.71383139088341352, 133.7622400409819932, -4.499410905965378404 ) ) ;
#1824 = CARTESIAN_POINT ( 'NONE',  ( 0.000000000000000000, 0.000000000000000000, -3.125000000000000000 ) ) ;
#1825 = ORIENTED_EDGE ( 'NONE', *, *, #4340, .T. ) ;
#1826 = DIRECTION ( 'NONE',  ( -0.000000000000000000, -0.000000000000000000, 1.000000000000000000 ) ) ;
#1827 = DIRECTION ( 'NONE',  ( 0.4111554626877198526, 0.9115652393010864607, 1.265050896400013490E-15 ) ) ;
#1828 = EDGE_CURVE ( 'NONE', #1540, #1270, #3706, .T. ) ;
#1829 = CARTESIAN_POINT ( 'NONE',  ( 8.098693842866291348, -68.52307026133257750, -10.00000000000000888 ) ) ;
#1830 = CARTESIAN_POINT ( 'NONE',  ( 58.83713631929763466, -39.25863193699260734, -0.7322330470335928210 ) ) ;
#1831 = AXIS2_PLACEMENT_3D ( 'NONE', #2390, #3538, #4441 ) ;
#1832 = ORIENTED_EDGE ( 'NONE', *, *, #3287, .T. ) ;
#1833 = LINE ( 'NONE', #1542, #1393 ) ;
#1834 = TOROIDAL_SURFACE ( 'NONE', #3783, 72.50000000000000000, 2.500000000000000000 ) ;
#1835 = DIRECTION ( 'NONE',  ( -0.000000000000000000, -0.000000000000000000, -1.000000000000000000 ) ) ;
#1836 = CARTESIAN_POINT ( 'NONE',  ( 5.425775119505522603, -69.59400870196232347, -0.1399067900124301711 ) ) ;
#1837 = ORIENTED_EDGE ( 'NONE', *, *, #4785, .F. ) ;
#1838 = CIRCLE ( 'NONE', #554, 67.28553390593272354 ) ;
#1839 = EDGE_CURVE ( 'NONE', #557, #593, #215, .T. ) ;
#1840 = ORIENTED_EDGE ( 'NONE', *, *, #4097, .F. ) ;
#1841 = TOROIDAL_SURFACE ( 'NONE', #1682, 106.0355339059327520, 2.500000000000000000 ) ;
#1842 = CARTESIAN_POINT ( 'NONE',  ( -20.17319419367580480, 69.40715885486176262, 6.584936490538890297 ) ) ;
#1843 = ORIENTED_EDGE ( 'NONE', *, *, #2584, .T. ) ;
#1844 = EDGE_LOOP ( 'NONE', ( #4252, #4336, #4553, #884 ) ) ;
#1845 = CARTESIAN_POINT ( 'NONE',  ( 55.92089162715481621, 43.31169208705521356, -0.7322330470336475550 ) ) ;
#1846 = EDGE_CURVE ( 'NONE', #3813, #1455, #4055, .T. ) ;
#1847 = AXIS2_PLACEMENT_3D ( 'NONE', #323, #3152, #3072 ) ;
#1848 = CARTESIAN_POINT ( 'NONE',  ( -60.02136080706337395, 81.91420052022823484, -5.000000000000004441 ) ) ;
#1849 = DIRECTION ( 'NONE',  ( 0.000000000000000000, 0.000000000000000000, 1.000000000000000000 ) ) ;
#1850 = DIRECTION ( 'NONE',  ( -1.579692751415673891E-30, 0.000000000000000000, 1.000000000000000000 ) ) ;
#1851 = ORIENTED_EDGE ( 'NONE', *, *, #4224, .F. ) ;
#1852 = DIRECTION ( 'NONE',  ( 1.579692751415678445E-30, -3.581290393448283579E-30, -1.000000000000000000 ) ) ;
#1853 = CARTESIAN_POINT ( 'NONE',  ( 5.629999563675106344, -67.04957999808381430, 0.000000000000000000 ) ) ;
#1854 = VERTEX_POINT ( 'NONE', #3281 ) ;
#1855 = CARTESIAN_POINT ( 'NONE',  ( -34.34494688461520440, 130.2889353227996594, -3.453279509155888327 ) ) ;
#1856 = CARTESIAN_POINT ( 'NONE',  ( 7.194987070611669644, 129.1611234903367063, -0.7322330470336119168 ) ) ;
#1857 = DIRECTION ( 'NONE',  ( 1.579692751415678445E-30, -3.581290393448283579E-30, -1.000000000000000000 ) ) ;
#1858 = CARTESIAN_POINT ( 'NONE',  ( -50.95395711470537492, -50.60820484451891588, -1.815364405617282184 ) ) ;
#1859 = ORIENTED_EDGE ( 'NONE', *, *, #2458, .F. ) ;
#1860 = LINE ( 'NONE', #3454, #2077 ) ;
#1861 = LINE ( 'NONE', #3484, #1495 ) ;
#1862 =( BOUNDED_SURFACE ( )  B_SPLINE_SURFACE ( 3, 2, ( 
 ( #4167, #68, #2928 ),
 ( #1385, #2109, #2185 ),
 ( #1287, #44, #1738 ),
 ( #1687, #2902, #4552 ) ),
 .UNSPECIFIED., .F., .F., .T. ) 
 B_SPLINE_SURFACE_WITH_KNOTS ( ( 4, 4 ),
 ( 3, 3 ),
 ( 2.920857120939905460, 3.004003406129584164 ),
 ( 0.000000000000000000, 1.000000000000000000 ),
 .UNSPECIFIED. ) 
 GEOMETRIC_REPRESENTATION_ITEM ( )  RATIONAL_B_SPLINE_SURFACE ( (
 ( 1.000000000000000000, 0.9604719527204518270, 1.000000000000000000),
 ( 1.000000000000000000, 0.9618398401774354012, 1.000000000000000000),
 ( 1.000000000000000000, 0.9629513233087738655, 1.000000000000000000),
 ( 1.000000000000000000, 0.9638052319016074954, 1.000000000000000000) ) ) 
 REPRESENTATION_ITEM ( '' )  SURFACE ( )  );
#1863 = VERTEX_POINT ( 'NONE', #856 ) ;
#1864 = PRODUCT_DEFINITION_SHAPE ( 'NONE', 'NONE',  #5287 ) ;
#1865 = ORIENTED_EDGE ( 'NONE', *, *, #5052, .T. ) ;
#1866 = CARTESIAN_POINT ( 'NONE',  ( -71.48218274390987403, 7.241175509446786229, -1.847928854632599371 ) ) ;
#1867 = ORIENTED_EDGE ( 'NONE', *, *, #571, .T. ) ;
#1868 = VERTEX_POINT ( 'NONE', #454 ) ;
#1869 = DIRECTION ( 'NONE',  ( 0.1173723745342944852, -0.9930879748019211251, 3.741948713275402747E-30 ) ) ;
#1870 = CARTESIAN_POINT ( 'NONE',  ( 58.55805914041167171, -39.26973328740968583, -0.5259269564201056735 ) ) ;
#1871 = B_SPLINE_CURVE_WITH_KNOTS ( 'NONE', 3,
 ( #625, #3103, #3049, #3530, #3505, #2622, #223, #3077, #2647, #1856 ),
 .UNSPECIFIED., .F., .F.,
 ( 4, 2, 2, 2, 4 ),
 ( 2.293679674455376977E-19, 0.001315591156078077615, 0.001973386734117115772, 0.002302284523136634634, 0.002631182312156153929 ),
 .UNSPECIFIED. ) ;
#1872 = CIRCLE ( 'NONE', #4871, 4.589745962155740600 ) ;
#1873 = ADVANCED_FACE ( 'NONE', ( #883 ), #3379, .T. ) ;
#1874 = CARTESIAN_POINT ( 'NONE',  ( 5.598693842866290460, -68.52307026133257750, -10.00000000000000888 ) ) ;
#1875 = CARTESIAN_POINT ( 'NONE',  ( 9.376586337454543951, -71.10981382255427263, -1.724966861371340032 ) ) ;
#1876 = VERTEX_POINT ( 'NONE', #4220 ) ;
#1877 = VECTOR ( 'NONE', #326, 1000.000000000000114 ) ;
#1878 = CYLINDRICAL_SURFACE ( 'NONE', #1847, 1.249999999999998002 ) ;
#1879 = ORIENTED_EDGE ( 'NONE', *, *, #4355, .T. ) ;
#1880 = EDGE_CURVE ( 'NONE', #3685, #2055, #1928, .T. ) ;
#1881 = CARTESIAN_POINT ( 'NONE',  ( -36.35281858328720972, 129.5632749753835640, -4.923339128936702558 ) ) ;
#1882 = CARTESIAN_POINT ( 'NONE',  ( -4.778274163726795365, 129.0358712805917776, 6.584936490538904508 ) ) ;
#1883 = CARTESIAN_POINT ( 'NONE',  ( -56.00231581878359322, 86.89519779516678000, -0.7322330470336119168 ) ) ;
#1884 = EDGE_CURVE ( 'NONE', #1803, #4799, #3193, .T. ) ;
#1885 = CARTESIAN_POINT ( 'NONE',  ( 7.384824446639370451E-15, 66.41978486437361084, -0.1546900850762781277 ) ) ;
#1886 = ORIENTED_EDGE ( 'NONE', *, *, #2629, .T. ) ;
#1887 = DIRECTION ( 'NONE',  ( 0.000000000000000000, -1.000000000000000000, 0.000000000000000000 ) ) ;
#1888 = AXIS2_PLACEMENT_3D ( 'NONE', #3546, #2292, #1039 ) ;
#1889 = CARTESIAN_POINT ( 'NONE',  ( 67.52588677845757559, 21.74018810443659433, -0.9390940959482588779 ) ) ;
#1890 = EDGE_CURVE ( 'NONE', #349, #3557, #4598, .T. ) ;
#1891 = CARTESIAN_POINT ( 'NONE',  ( 5.629999563675106344, -67.04957999808381430, 0.000000000000000000 ) ) ;
#1892 = EDGE_LOOP ( 'NONE', ( #692, #1840, #4885, #139, #2361, #751 ) ) ;
#1893 = FACE_BOUND ( 'NONE', #1216, .T. ) ;
#1894 = VERTEX_POINT ( 'NONE', #2188 ) ;
#1895 = CYLINDRICAL_SURFACE ( 'NONE', #4674, 1.249999999999997780 ) ;
#1896 = ORIENTED_EDGE ( 'NONE', *, *, #3567, .F. ) ;
#1897 = ORIENTED_EDGE ( 'NONE', *, *, #3958, .F. ) ;
#1898 = DIRECTION ( 'NONE',  ( 1.000000000000000000, 0.000000000000000000, 0.000000000000000000 ) ) ;
#1899 = DIRECTION ( 'NONE',  ( -0.000000000000000000, 0.000000000000000000, 1.000000000000000000 ) ) ;
#1900 = AXIS2_PLACEMENT_3D ( 'NONE', #1078, #2278, #4698 ) ;
#1901 = CARTESIAN_POINT ( 'NONE',  ( 61.47786505916035082, -36.00549301720197803, -1.245381614557989458 ) ) ;
#1902 = LINE ( 'NONE', #3498, #3872 ) ;
#1903 = ORIENTED_EDGE ( 'NONE', *, *, #389, .T. ) ;
#1904 = B_SPLINE_CURVE_WITH_KNOTS ( 'NONE', 3,
 ( #2285, #633, #5128, #2260, #3032, #3909, #3829, #2708, #1006, #979, #2631, #2237, #230, #3086, #4247, #4732, #253, #1891 ),
 .UNSPECIFIED., .F., .F.,
 ( 4, 2, 2, 2, 2, 2, 2, 2, 4 ),
 ( 0.0009541445750926979413, 0.001612929306007099143, 0.002271714036921500344, 0.002930498767835901762, 0.003589283498750302746, 0.004248068229664703731, 0.004906852960579105583, 0.005565637691493506567, 0.006224422422407907551 ),
 .UNSPECIFIED. ) ;
#1905 = DIRECTION ( 'NONE',  ( 0.5100290538000109564, -0.1439345685724617574, -0.8480290114434323456 ) ) ;
#1906 = CARTESIAN_POINT ( 'NONE',  ( -22.02542410747287605, 134.7862698692961771, -4.312460279473648406 ) ) ;
#1907 = VERTEX_POINT ( 'NONE', #3404 ) ;
#1908 = FACE_OUTER_BOUND ( 'NONE', #4686, .T. ) ;
#1909 = B_SPLINE_CURVE_WITH_KNOTS ( 'NONE', 3,
 ( #374, #4481, #4149, #2808, #4455, #4852, #3651, #2479, #2013, #2089 ),
 .UNSPECIFIED., .F., .F.,
 ( 4, 2, 2, 2, 4 ),
 ( 3.194284694730842070E-07, 0.0005185757886047259691, 0.001036832148739979002, 0.001555088508875231926, 0.002073344869010484634 ),
 .UNSPECIFIED. ) ;
#1910 = DIRECTION ( 'NONE',  ( -1.579692751415678445E-30, 3.581290393448283579E-30, 1.000000000000000000 ) ) ;
#1911 = EDGE_CURVE ( 'NONE', #1007, #953, #2771, .T. ) ;
#1912 = LINE ( 'NONE', #3959, #2660 ) ;
#1913 = CARTESIAN_POINT ( 'NONE',  ( -27.41065944042115632, 75.11466676071204063, 6.584936490538891185 ) ) ;
#1914 = ORIENTED_EDGE ( 'NONE', *, *, #749, .F. ) ;
#1915 = CIRCLE ( 'NONE', #4134, 1.250000000000004441 ) ;
#1916 = DIRECTION ( 'NONE',  ( 0.000000000000000000, -0.8569522782525419435, 0.5153957632710788328 ) ) ;
#1917 = EDGE_CURVE ( 'NONE', #4622, #2041, #4146, .T. ) ;
#1918 = AXIS2_PLACEMENT_3D ( 'NONE', #1528, #4794, #4394 ) ;
#1919 = CYLINDRICAL_SURFACE ( 'NONE', #2848, 74.99999999999998579 ) ;
#1920 = DIRECTION ( 'NONE',  ( -1.579692751415678445E-30, 3.581290393448283579E-30, 1.000000000000000000 ) ) ;
#1921 = ORIENTED_EDGE ( 'NONE', *, *, #1297, .T. ) ;
#1922 = PLANE ( 'NONE',  #3088 ) ;
#1923 = AXIS2_PLACEMENT_3D ( 'NONE', #4116, #479, #2112 ) ;
#1924 = EDGE_LOOP ( 'NONE', ( #3356, #179, #4543, #5003 ) ) ;
#1925 = CIRCLE ( 'NONE', #2938, 3.250000000000002665 ) ;
#1926 = ORIENTED_EDGE ( 'NONE', *, *, #846, .T. ) ;
#1927 = VERTEX_POINT ( 'NONE', #3803 ) ;
#1928 = CIRCLE ( 'NONE', #1589, 68.96446609406721961 ) ;
#1929 = FACE_BOUND ( 'NONE', #3859, .T. ) ;
#1930 = CARTESIAN_POINT ( 'NONE',  ( 9.585636357057374823, -70.99398728700492711, -1.637914602311453027 ) ) ;
#1931 = EDGE_LOOP ( 'NONE', ( #808, #4764, #1510, #1713, #2032, #1969 ) ) ;
#1932 = CARTESIAN_POINT ( 'NONE',  ( -10.27008277174995499, 86.89519779516678000, -0.7322330470336119168 ) ) ;
#1933 = DIRECTION ( 'NONE',  ( 0.2588678930593972805, -0.4624221120288940501, -0.8480290114434325677 ) ) ;
#1934 = AXIS2_PLACEMENT_3D ( 'NONE', #4421, #3273, #4524 ) ;
#1935 = ORIENTED_EDGE ( 'NONE', *, *, #4618, .F. ) ;
#1936 = CARTESIAN_POINT ( 'NONE',  ( -2.564294894559230047E-28, -68.96446609406721961, 8.239936510890076668E-15 ) ) ;
#1937 = AXIS2_PLACEMENT_3D ( 'NONE', #2830, #4454, #5251 ) ;
#1938 = CARTESIAN_POINT ( 'NONE',  ( 0.000000000000000000, 0.000000000000000000, -4.267766952966344007 ) ) ;
#1939 = LINE ( 'NONE', #1564, #4919 ) ;
#1940 = ORIENTED_EDGE ( 'NONE', *, *, #1970, .T. ) ;
#1941 = VERTEX_POINT ( 'NONE', #3730 ) ;
#1942 = EDGE_CURVE ( 'NONE', #1391, #2019, #3355, .T. ) ;
#1943 = CARTESIAN_POINT ( 'NONE',  ( 0.000000000000000000, 0.000000000000000000, -10.00000000000000888 ) ) ;
#1944 = CARTESIAN_POINT ( 'NONE',  ( -9.373815390460858765, 65.10564154921409852, -0.5094711660901162231 ) ) ;
#1945 = DIRECTION ( 'NONE',  ( 0.1173723745342946240, -0.9930879748019211251, 3.741948713275402747E-30 ) ) ;
#1946 = DIRECTION ( 'NONE',  ( 0.9930879748019222353, 0.1173723745342857144, 0.000000000000000000 ) ) ;
#1947 = EDGE_CURVE ( 'NONE', #5002, #3381, #5291, .T. ) ;
#1948 = VERTEX_POINT ( 'NONE', #528 ) ;
#1949 = EDGE_CURVE ( 'NONE', #4157, #3668, #565, .T. ) ;
#1950 = DIRECTION ( 'NONE',  ( -1.000000000000000000, 3.608224830031757968E-15, 0.000000000000000000 ) ) ;
#1951 = EDGE_LOOP ( 'NONE', ( #4257, #3502, #3915, #2620, #3099, #1138, #2983, #3788, #5303, #3834 ) ) ;
#1952 = ORIENTED_EDGE ( 'NONE', *, *, #1502, .F. ) ;
#1953 = CARTESIAN_POINT ( 'NONE',  ( 19.30545866200528593, 121.7767758610803526, -0.7322330470336144703 ) ) ;
#1954 = EDGE_CURVE ( 'NONE', #3954, #4806, #499, .T. ) ;
#1955 = CARTESIAN_POINT ( 'NONE',  ( -18.77538418121102737, 74.36026862633869428, 10.00000000000000000 ) ) ;
#1956 = VECTOR ( 'NONE', #343, 1000.000000000000000 ) ;
#1957 = CARTESIAN_POINT ( 'NONE',  ( -11.09144305913251749, 135.9055367249459607, -4.014864741746182908 ) ) ;
#1958 = CARTESIAN_POINT ( 'NONE',  ( 9.952537807888347743, -70.73207264739232869, -1.428560556015282978 ) ) ;
#1959 = VERTEX_POINT ( 'NONE', #153 ) ;
#1960 = EDGE_CURVE ( 'NONE', #2438, #1177, #301, .T. ) ;
#1961 = DIRECTION ( 'NONE',  ( 0.8569522782525416105, 0.000000000000000000, 0.5153957632710793879 ) ) ;
#1962 = CARTESIAN_POINT ( 'NONE',  ( -22.48037294877459757, 134.8492858011405247, -4.513341436233946347 ) ) ;
#1963 = ORIENTED_EDGE ( 'NONE', *, *, #960, .F. ) ;
#1964 = VECTOR ( 'NONE', #423, 1000.000000000000000 ) ;
#1965 = CARTESIAN_POINT ( 'NONE',  ( 19.86408980894260878, 118.9565708611430352, -3.125000000000000000 ) ) ;
#1966 = CARTESIAN_POINT ( 'NONE',  ( -26.29223152596683022, 133.8517604459826487, -3.572450661322262633 ) ) ;
#1967 = DIRECTION ( 'NONE',  ( 1.000000000000000000, 0.000000000000000000, 0.000000000000000000 ) ) ;
#1968 = ORIENTED_EDGE ( 'NONE', *, *, #797, .F. ) ;
#1969 = ORIENTED_EDGE ( 'NONE', *, *, #2752, .F. ) ;
#1970 = EDGE_CURVE ( 'NONE', #4430, #1792, #982, .T. ) ;
#1971 = DIRECTION ( 'NONE',  ( 0.9930879748019211251, 0.1173723745342951791, 0.000000000000000000 ) ) ;
#1972 = CARTESIAN_POINT ( 'NONE',  ( 17.68264096527592955, 120.8292443357416630, 0.000000000000000000 ) ) ;
#1973 = AXIS2_PLACEMENT_3D ( 'NONE', #3654, #3206, #788 ) ;
#1974 = B_SPLINE_CURVE_WITH_KNOTS ( 'NONE', 3,
 ( #1689, #852, #449, #4527, #3304, #4897, #3620, #2399 ),
 .UNSPECIFIED., .F., .F.,
 ( 4, 2, 2, 4 ),
 ( 0.001085662041866283919, 0.003940476204319192689, 0.005367883285545616175, 0.006795290366772038793 ),
 .UNSPECIFIED. ) ;
#1975 = CARTESIAN_POINT ( 'NONE',  ( -13.48564089571469182, 85.99253187225204442, 20.55653475698763444 ) ) ;
#1976 = CARTESIAN_POINT ( 'NONE',  ( 6.306451699581414161, 67.36566296485059979, 1.040834085586084888E-14 ) ) ;
#1977 = CIRCLE ( 'NONE', #4548, 74.99999999999998579 ) ;
#1978 = CARTESIAN_POINT ( 'NONE',  ( 27.40845298156093790, 34.75557619776076024, 12.99038105676686250 ) ) ;
#1979 = ADVANCED_FACE ( 'NONE', ( #2715 ), #4762, .F. ) ;
#1980 = ADVANCED_FACE ( 'NONE', ( #3914 ), #2267, .T. ) ;
#1981 = DIRECTION ( 'NONE',  ( 0.000000000000000000, 0.000000000000000000, 1.000000000000000000 ) ) ;
#1982 = ORIENTED_EDGE ( 'NONE', *, *, #3892, .T. ) ;
#1983 = DIRECTION ( 'NONE',  ( -0.000000000000000000, -0.000000000000000000, -1.000000000000000000 ) ) ;
#1984 = FACE_BOUND ( 'NONE', #700, .T. ) ;
#1985 = ORIENTED_EDGE ( 'NONE', *, *, #735, .F. ) ;
#1986 = DIRECTION ( 'NONE',  ( -5.422707424026065345E-30, 2.838115920540687427E-30, 1.000000000000000000 ) ) ;
#1987 = CARTESIAN_POINT ( 'NONE',  ( 1.871525186762550419, 121.7612824073207918, 12.99038105676686250 ) ) ;
#1988 = ORIENTED_EDGE ( 'NONE', *, *, #3113, .T. ) ;
#1989 = TOROIDAL_SURFACE ( 'NONE', #616, 47.50000000000001421, 2.500000000000000000 ) ;
#1990 = DIRECTION ( 'NONE',  ( 0.000000000000000000, -0.000000000000000000, -1.000000000000000000 ) ) ;
#1991 = CARTESIAN_POINT ( 'NONE',  ( -5.636001650074067726, 136.2931058362973999, -3.572450661321952214 ) ) ;
#1992 = CARTESIAN_POINT ( 'NONE',  ( 22.38902413474523101, 117.5722749643490772, -0.1406871637994516755 ) ) ;
#1993 = AXIS2_PLACEMENT_3D ( 'NONE', #2370, #2843, #1175 ) ;
#1994 = ORIENTED_EDGE ( 'NONE', *, *, #1211, .T. ) ;
#1995 = ORIENTED_EDGE ( 'NONE', *, *, #4192, .F. ) ;
#1996 = DIRECTION ( 'NONE',  ( 1.000000000000000000, 0.000000000000000000, 0.000000000000000000 ) ) ;
#1997 = AXIS2_PLACEMENT_3D ( 'NONE', #4992, #3769, #493 ) ;
#1998 = DIRECTION ( 'NONE',  ( -3.394736008295982287E-30, 1.133388299552843720E-31, 1.000000000000000000 ) ) ;
#1999 = AXIS2_PLACEMENT_3D ( 'NONE', #3017, #2614, #4152 ) ;
#2000 = CARTESIAN_POINT ( 'NONE',  ( -71.48218274390987403, 7.352174912480746727, -1.859285591894385359 ) ) ;
#2001 = PLANE ( 'NONE',  #2154 ) ;
#2002 = CARTESIAN_POINT ( 'NONE',  ( -46.02404058627475081, -49.05524931321377835, -10.00000000000000888 ) ) ;
#2003 = ADVANCED_FACE ( 'NONE', ( #2289 ), #1895, .T. ) ;
#2004 = ORIENTED_EDGE ( 'NONE', *, *, #3396, .T. ) ;
#2005 = TOROIDAL_SURFACE ( 'NONE', #4138, 43.96446609406727646, 2.500000000000000000 ) ;
#2006 = DIRECTION ( 'NONE',  ( 2.205195146620347939E-30, 2.583445881321955470E-30, 1.000000000000000000 ) ) ;
#2007 = EDGE_CURVE ( 'NONE', #1240, #4835, #2539, .T. ) ;
#2008 = CIRCLE ( 'NONE', #3447, 2.875000000000002665 ) ;
#2009 = CARTESIAN_POINT ( 'NONE',  ( -50.49977897948419781, -46.96668933044984584, 0.000000000000000000 ) ) ;
#2010 = DIRECTION ( 'NONE',  ( -0.000000000000000000, -0.000000000000000000, 1.000000000000000000 ) ) ;
#2011 = ORIENTED_EDGE ( 'NONE', *, *, #999, .F. ) ;
#2012 = EDGE_CURVE ( 'NONE', #4799, #4963, #1091, .T. ) ;
#2013 = CARTESIAN_POINT ( 'NONE',  ( -46.53146348146535871, -51.13494106604809986, 1.046593909627413499E-14 ) ) ;
#2014 = VERTEX_POINT ( 'NONE', #3120 ) ;
#2015 = CIRCLE ( 'NONE', #3117, 43.96446609406727646 ) ;
#2016 = DIRECTION ( 'NONE',  ( 1.000000000000000000, 0.000000000000000000, 0.000000000000000000 ) ) ;
#2017 = CARTESIAN_POINT ( 'NONE',  ( -3.312573815412287459, 136.4178476948009688, -4.264079909299662852 ) ) ;
#2018 = CARTESIAN_POINT ( 'NONE',  ( 21.86823039425838289, 116.8952495581215487, 0.000000000000000000 ) ) ;
#2019 = VERTEX_POINT ( 'NONE', #3091 ) ;
#2020 = EDGE_CURVE ( 'NONE', #4963, #1540, #1324, .T. ) ;
#2021 = EDGE_LOOP ( 'NONE', ( #2028, #4515, #4018, #3805, #5134 ) ) ;
#2022 = CARTESIAN_POINT ( 'NONE',  ( 9.144530489145248353, 79.43509914178196141, 6.584936490538890297 ) ) ;
#2023 = DIRECTION ( 'NONE',  ( 0.9930879748019212361, 0.1173723745342945407, -0.000000000000000000 ) ) ;
#2024 = FACE_OUTER_BOUND ( 'NONE', #4595, .T. ) ;
#2025 = CARTESIAN_POINT ( 'NONE',  ( 65.00292490842842597, 25.64346027173155562, -3.125000000000000000 ) ) ;
#2026 = B_SPLINE_CURVE_WITH_KNOTS ( 'NONE', 3,
 ( #2324, #1157, #3500, #5114, #675, #4399 ),
 .UNSPECIFIED., .F., .F.,
 ( 4, 2, 4 ),
 ( 0.007279349689875112828, 0.007797590489319891974, 0.008315831288764671120 ),
 .UNSPECIFIED. ) ;
#2027 = FACE_OUTER_BOUND ( 'NONE', #2195, .T. ) ;
#2028 = ORIENTED_EDGE ( 'NONE', *, *, #73, .F. ) ;
#2029 = FACE_OUTER_BOUND ( 'NONE', #4902, .T. ) ;
#2030 = CARTESIAN_POINT ( 'NONE',  ( -10.62149222858976927, 136.0306483790265020, -4.134528034493498261 ) ) ;
#2031 = CARTESIAN_POINT ( 'NONE',  ( 28.34702215766646205, 74.26451042194707952, -2.631236162537582857 ) ) ;
#2032 = ORIENTED_EDGE ( 'NONE', *, *, #1338, .F. ) ;
#2033 = DIRECTION ( 'NONE',  ( 1.224646799147353207E-16, 1.000000000000000000, -0.000000000000000000 ) ) ;
#2034 = CARTESIAN_POINT ( 'NONE',  ( 0.000000000000000000, 0.000000000000000000, -4.267766952966378646 ) ) ;
#2035 = ORIENTED_EDGE ( 'NONE', *, *, #1719, .T. ) ;
#2036 = LINE ( 'NONE', #4829, #1877 ) ;
#2037 = EDGE_CURVE ( 'NONE', #3119, #830, #760, .T. ) ;
#2038 = CARTESIAN_POINT ( 'NONE',  ( -4.646740488424426552, 136.2210704450704100, -3.247432345096019191 ) ) ;
#2039 = EDGE_CURVE ( 'NONE', #754, #4806, #286, .T. ) ;
#2040 = CARTESIAN_POINT ( 'NONE',  ( 5.764974850805406170, 67.19107519218377433, 8.673617379883805125E-15 ) ) ;
#2041 = VERTEX_POINT ( 'NONE', #3543 ) ;
#2042 = AXIS2_PLACEMENT_3D ( 'NONE', #2225, #3021, #4108 ) ;
#2043 = CARTESIAN_POINT ( 'NONE',  ( 22.44153670418386426, 62.74543390894590544, -0.08438160350314827252 ) ) ;
#2044 = VERTEX_POINT ( 'NONE', #1523 ) ;
#2045 = CARTESIAN_POINT ( 'NONE',  ( -4.232701291908191443, 136.5374584167924752, -4.499410905966905183 ) ) ;
#2046 = CARTESIAN_POINT ( 'NONE',  ( 65.00292490842842597, 25.64346027173155562, -10.00000000000000888 ) ) ;
#2047 = VECTOR ( 'NONE', #2865, 1000.000000000000000 ) ;
#2048 = CARTESIAN_POINT ( 'NONE',  ( -1.579692751415678095E-29, -2.775557561562887565E-14, 8.673617379884035472E-15 ) ) ;
#2049 = ORIENTED_EDGE ( 'NONE', *, *, #3656, .F. ) ;
#2050 = DIRECTION ( 'NONE',  ( -0.000000000000000000, -0.000000000000000000, -1.000000000000000000 ) ) ;
#2051 = VECTOR ( 'NONE', #186, 1000.000000000000000 ) ;
#2052 = CARTESIAN_POINT ( 'NONE',  ( 36.79451751214126887, 93.31184802075546258, -6.035533905932748411 ) ) ;
#2053 = EDGE_CURVE ( 'NONE', #1073, #1941, #3936, .T. ) ;
#2054 = CYLINDRICAL_SURFACE ( 'NONE', #1934, 2.875000000000002665 ) ;
#2055 = VERTEX_POINT ( 'NONE', #4470 ) ;
#2056 = DIRECTION ( 'NONE',  ( -0.09961994549877586924, 0.9950255607062670204, -8.295026790348254085E-16 ) ) ;
#2057 = VECTOR ( 'NONE', #1869, 1000.000000000000114 ) ;
#2058 = EDGE_CURVE ( 'NONE', #4697, #2537, #2433, .T. ) ;
#2059 = DIRECTION ( 'NONE',  ( 0.000000000000000000, -1.000000000000000000, 3.574580459237012803E-30 ) ) ;
#2060 = ORIENTED_EDGE ( 'NONE', *, *, #3016, .T. ) ;
#2061 = DIRECTION ( 'NONE',  ( -0.000000000000000000, 0.000000000000000000, 1.000000000000000000 ) ) ;
#2062 = DIRECTION ( 'NONE',  ( 1.579692751415678445E-30, -3.581290393448283579E-30, -1.000000000000000000 ) ) ;
#2063 = FACE_OUTER_BOUND ( 'NONE', #957, .T. ) ;
#2064 = DIRECTION ( 'NONE',  ( 0.000000000000000000, 0.4847605783279373415, -0.8746468897213113269 ) ) ;
#2065 = CARTESIAN_POINT ( 'NONE',  ( 22.73908980894260878, 118.9565708611430352, -3.125000000000000000 ) ) ;
#2066 = ORIENTED_EDGE ( 'NONE', *, *, #2819, .F. ) ;
#2067 = CARTESIAN_POINT ( 'NONE',  ( 20.51638622676438573, 63.61341892365999939, -0.03627854365012282700 ) ) ;
#2068 = VERTEX_POINT ( 'NONE', #315 ) ;
#2069 = ADVANCED_FACE ( 'NONE', ( #2799 ), #750, .F. ) ;
#2070 = CARTESIAN_POINT ( 'NONE',  ( -37.22310520651266330, 122.5377828590004583, -0.1012164548704521244 ) ) ;
#2071 = CARTESIAN_POINT ( 'NONE',  ( -20.50491194573556086, 68.40007030464178683, 7.246930436873946668 ) ) ;
#2072 = EDGE_CURVE ( 'NONE', #5054, #4777, #2106, .T. ) ;
#2073 = CIRCLE ( 'NONE', #2658, 2.500000000000000000 ) ;
#2074 = PLANE ( 'NONE',  #4403 ) ;
#2075 = ORIENTED_EDGE ( 'NONE', *, *, #5020, .T. ) ;
#2076 = EDGE_CURVE ( 'NONE', #5129, #4896, #1254, .T. ) ;
#2077 = VECTOR ( 'NONE', #5207, 1000.000000000000000 ) ;
#2078 = DIRECTION ( 'NONE',  ( -1.579692751415678445E-30, 3.581290393448283579E-30, 1.000000000000000000 ) ) ;
#2079 = CIRCLE ( 'NONE', #108, 2.875000000000002665 ) ;
#2080 = DIRECTION ( 'NONE',  ( 0.7852140432544149062, -0.6192244393400943014, -5.827586677109529535E-15 ) ) ;
#2081 = VERTEX_POINT ( 'NONE', #1549 ) ;
#2082 = CARTESIAN_POINT ( 'NONE',  ( -45.65632417279550026, -49.29235470510488426, 7.372145666294371341E-15 ) ) ;
#2083 = AXIS2_PLACEMENT_3D ( 'NONE', #1125, #4742, #2245 ) ;
#2084 = CARTESIAN_POINT ( 'NONE',  ( -3.838730668348500075, 121.0863912537485731, 7.209936490538908060 ) ) ;
#2085 = CARTESIAN_POINT ( 'NONE',  ( 10.96286755805401292, -68.23459813032997090, 9.229864908962743721E-15 ) ) ;
#2086 = PLANE ( 'NONE',  #2096 ) ;
#2087 = EDGE_LOOP ( 'NONE', ( #507, #129, #285, #2704 ) ) ;
#2088 = CARTESIAN_POINT ( 'NONE',  ( -69.16092519360805113, 4.525797769606716869, -0.01785418264127142107 ) ) ;
#2089 = CARTESIAN_POINT ( 'NONE',  ( -46.41409371303983988, -51.00813159131494245, 0.000000000000000000 ) ) ;
#2090 = CARTESIAN_POINT ( 'NONE',  ( 5.556655290365185351, 80.69614720462215018, 10.00000000000000000 ) ) ;
#2091 = CIRCLE ( 'NONE', #4495, 61.25000000000000000 ) ;
#2092 = DIRECTION ( 'NONE',  ( 0.000000000000000000, -0.8779561337853190039, 0.4787410857120316110 ) ) ;
#2093 = DIRECTION ( 'NONE',  ( 0.000000000000000000, 0.000000000000000000, 1.000000000000000000 ) ) ;
#2094 = ORIENTED_EDGE ( 'NONE', *, *, #4570, .T. ) ;
#2095 = DIRECTION ( 'NONE',  ( -0.000000000000000000, -0.000000000000000000, -1.000000000000000000 ) ) ;
#2096 = AXIS2_PLACEMENT_3D ( 'NONE', #4878, #5300, #3175 ) ;
#2097 = ORIENTED_EDGE ( 'NONE', *, *, #1518, .T. ) ;
#2098 = DIRECTION ( 'NONE',  ( 1.000000000000000000, 0.000000000000000000, 0.000000000000000000 ) ) ;
#2099 = CARTESIAN_POINT ( 'NONE',  ( -1.730163978259684265, 135.8226974648033831, -2.819515188887431911 ) ) ;
#2100 = AXIS2_PLACEMENT_3D ( 'NONE', #933, #1293, #1693 ) ;
#2101 = CARTESIAN_POINT ( 'NONE',  ( 58.83713631929763466, -39.25863193699260734, -0.7322330470335928210 ) ) ;
#2102 = VERTEX_POINT ( 'NONE', #777 ) ;
#2103 = ADVANCED_FACE ( 'NONE', ( #1601 ), #738, .T. ) ;
#2104 = CONICAL_SURFACE ( 'NONE', #3622, 4.589745962155750370, 1.047197551196595411 ) ;
#2105 = DIRECTION ( 'NONE',  ( 1.560292508376632279E-30, 5.918289032593633634E-30, 1.000000000000000000 ) ) ;
#2106 = B_SPLINE_CURVE_WITH_KNOTS ( 'NONE', 3,
 ( #3570, #3220, #1200, #850, #5216, #4923, #3974, #4894, #799, #4817 ),
 .UNSPECIFIED., .F., .F.,
 ( 4, 2, 2, 2, 4 ),
 ( 0.0001923754405661486132, 0.0007123510322104318693, 0.001232326623854715017, 0.001752302215498998273, 0.002272277807143281529 ),
 .UNSPECIFIED. ) ;
#2107 = ADVANCED_FACE ( 'NONE', ( #3642 ), #1262, .T. ) ;
#2108 = EDGE_CURVE ( 'NONE', #2970, #3154, #420, .T. ) ;
#2109 = CARTESIAN_POINT ( 'NONE',  ( -6.725119860757793333, 136.7881722126430759, -4.645416049257411473 ) ) ;
#2110 = ORIENTED_EDGE ( 'NONE', *, *, #1691, .T. ) ;
#2111 = CARTESIAN_POINT ( 'NONE',  ( 58.62294662508116261, -36.39162168676826781, 0.000000000000000000 ) ) ;
#2112 = DIRECTION ( 'NONE',  ( 0.000000000000000000, -1.000000000000000000, 3.572180275712047210E-30 ) ) ;
#2113 = CARTESIAN_POINT ( 'NONE',  ( -2.570078410742960004E-28, -9.265730723872635445E-29, 8.239936510889833698E-15 ) ) ;
#2114 = ORIENTED_EDGE ( 'NONE', *, *, #1613, .F. ) ;
#2115 = ORIENTED_EDGE ( 'NONE', *, *, #3084, .T. ) ;
#2116 = DIRECTION ( 'NONE',  ( -0.2396405517700143373, -0.8491611506782386076, -0.4706354705355013102 ) ) ;
#2117 = DIRECTION ( 'NONE',  ( -3.567638846820204180E-15, -1.000000000000000000, 3.604759443079483678E-30 ) ) ;
#2118 = CYLINDRICAL_SURFACE ( 'NONE', #1820, 2.875000000000000888 ) ;
#2119 = CARTESIAN_POINT ( 'NONE',  ( 0.000000000000000000, 0.000000000000000000, -10.00000000000000000 ) ) ;
#2120 = EDGE_LOOP ( 'NONE', ( #3835, #2514, #514, #4290 ) ) ;
#2121 = ORIENTED_EDGE ( 'NONE', *, *, #1332, .F. ) ;
#2122 = CARTESIAN_POINT ( 'NONE',  ( -51.39904058627524108, -49.05524931321311755, -1.051241075515839007 ) ) ;
#2123 = CARTESIAN_POINT ( 'NONE',  ( -47.02540733616664426, 113.9264315687272529, -0.6249295574940517684 ) ) ;
#2124 = AXIS2_PLACEMENT_3D ( 'NONE', #1235, #4926, #4114 ) ;
#2125 = CARTESIAN_POINT ( 'NONE',  ( 9.144530489145250129, 79.43509914178196141, 6.584936490538886744 ) ) ;
#2126 = ORIENTED_EDGE ( 'NONE', *, *, #1490, .T. ) ;
#2127 = DIRECTION ( 'NONE',  ( -0.000000000000000000, -0.000000000000000000, 1.000000000000000000 ) ) ;
#2128 = CIRCLE ( 'NONE', #338, 100.7322330470336311 ) ;
#2129 = AXIS2_PLACEMENT_3D ( 'NONE', #1562, #734, #2359 ) ;
#2130 = CARTESIAN_POINT ( 'NONE',  ( 4.731429342745920863, 122.0992924832108173, 7.667468245269438931 ) ) ;
#2131 = VERTEX_POINT ( 'NONE', #2419 ) ;
#2132 = EDGE_CURVE ( 'NONE', #894, #1560, #2772, .T. ) ;
#2133 = CARTESIAN_POINT ( 'NONE',  ( -24.49496054422846569, 118.6450458634352429, 10.00000000000000000 ) ) ;
#2134 = ORIENTED_EDGE ( 'NONE', *, *, #1405, .T. ) ;
#2135 = ORIENTED_EDGE ( 'NONE', *, *, #5250, .F. ) ;
#2136 = DIRECTION ( 'NONE',  ( -1.579692751415678445E-30, 3.581290393448283579E-30, 1.000000000000000000 ) ) ;
#2137 = AXIS2_PLACEMENT_3D ( 'NONE', #724, #3573, #3094 ) ;
#2138 = DIRECTION ( 'NONE',  ( 1.000000000000000000, 0.000000000000000000, 0.000000000000000000 ) ) ;
#2139 = CARTESIAN_POINT ( 'NONE',  ( -49.92319951943319012, 111.3989276182260255, -1.612366909050007902 ) ) ;
#2140 = CARTESIAN_POINT ( 'NONE',  ( -22.67982817836418263, 134.9636013742401133, -4.750521467482942128 ) ) ;
#2141 = ORIENTED_EDGE ( 'NONE', *, *, #176, .F. ) ;
#2142 = DIRECTION ( 'NONE',  ( 1.000000000000000000, 0.000000000000000000, 0.000000000000000000 ) ) ;
#2143 = DIRECTION ( 'NONE',  ( -0.000000000000000000, 0.000000000000000000, 1.000000000000000000 ) ) ;
#2144 = ORIENTED_EDGE ( 'NONE', *, *, #999, .T. ) ;
#2145 = CARTESIAN_POINT ( 'NONE',  ( -30.33720563458898312, 132.6922333552915063, -4.068338541303804234 ) ) ;
#2146 = CARTESIAN_POINT ( 'NONE',  ( 65.94565335692901442, 25.86267547106788811, -0.8357300208708160483 ) ) ;
#2147 = FACE_OUTER_BOUND ( 'NONE', #4912, .T. ) ;
#2148 = FACE_OUTER_BOUND ( 'NONE', #2021, .T. ) ;
#2149 = VERTEX_POINT ( 'NONE', #1629 ) ;
#2150 = ADVANCED_FACE ( 'NONE', ( #5241 ), #5265, .T. ) ;
#2151 = CARTESIAN_POINT ( 'NONE',  ( 1.248054433396093454, 75.25976171255338443, 14.79704381672922509 ) ) ;
#2152 = CIRCLE ( 'NONE', #955, 2.500000000000001332 ) ;
#2153 = LINE ( 'NONE', #1763, #2605 ) ;
#2154 = AXIS2_PLACEMENT_3D ( 'NONE', #3399, #2548, #1310 ) ;
#2155 = ORIENTED_EDGE ( 'NONE', *, *, #3118, .F. ) ;
#2156 = CARTESIAN_POINT ( 'NONE',  ( 55.34198830253104973, 42.86332150828386744, 8.673617379883969208E-15 ) ) ;
#2157 = EDGE_CURVE ( 'NONE', #4744, #4008, #2265, .T. ) ;
#2158 = CARTESIAN_POINT ( 'NONE',  ( -36.75237312008954405, 128.6656426121982122, -4.472166082325496284 ) ) ;
#2159 = EDGE_LOOP ( 'NONE', ( #1288, #5029, #506, #3348 ) ) ;
#2160 = EDGE_LOOP ( 'NONE', ( #2386, #1676, #4277, #2121 ) ) ;
#2161 = CARTESIAN_POINT ( 'NONE',  ( -68.60718274390987403, 7.352174912480746727, -3.125000000000000000 ) ) ;
#2162 = CIRCLE ( 'NONE', #5244, 1.250000000000013767 ) ;
#2163 = EDGE_CURVE ( 'NONE', #3813, #477, #388, .T. ) ;
#2164 = CARTESIAN_POINT ( 'NONE',  ( 0.000000000000000000, 0.000000000000000000, -0.7322330470335980390 ) ) ;
#2165 = ADVANCED_FACE ( 'NONE', ( #2027 ), #2054, .F. ) ;
#2166 = CARTESIAN_POINT ( 'NONE',  ( -37.10707048091240523, 123.9250942325923006, -0.7322330470336183561 ) ) ;
#2167 = EDGE_CURVE ( 'NONE', #3626, #4924, #4150, .T. ) ;
#2168 = CARTESIAN_POINT ( 'NONE',  ( -45.67118493506549726, -49.41139483594314186, 8.239936510889937828E-15 ) ) ;
#2169 = ORIENTED_EDGE ( 'NONE', *, *, #4076, .T. ) ;
#2170 = DIRECTION ( 'NONE',  ( 1.000000000000000000, 0.000000000000000000, 0.000000000000000000 ) ) ;
#2171 = CARTESIAN_POINT ( 'NONE',  ( -20.04613487111431880, 68.33210958689763004, 7.209936490538884080 ) ) ;
#2172 = ORIENTED_EDGE ( 'NONE', *, *, #988, .T. ) ;
#2173 = EDGE_CURVE ( 'NONE', #1386, #4924, #2153, .T. ) ;
#2174 = CARTESIAN_POINT ( 'NONE',  ( -29.42080656788872162, 132.7161670467023953, -2.868422555092609461 ) ) ;
#2175 = CIRCLE ( 'NONE', #3275, 1.250000000000003553 ) ;
#2176 = CARTESIAN_POINT ( 'NONE',  ( -69.80694298064317138, 9.979184264319890474, -0.5164165700105965984 ) ) ;
#2177 = CARTESIAN_POINT ( 'NONE',  ( -22.06725496823636590, 64.22087641103080102, 8.673617379883770415E-15 ) ) ;
#2178 = ADVANCED_FACE ( 'NONE', ( #2982 ), #1841, .T. ) ;
#2179 = AXIS2_PLACEMENT_3D ( 'NONE', #5148, #3556, #1052 ) ;
#2180 = DIRECTION ( 'NONE',  ( 0.000000000000000000, 1.000000000000000000, 0.000000000000000000 ) ) ;
#2181 = ORIENTED_EDGE ( 'NONE', *, *, #1686, .F. ) ;
#2182 = CYLINDRICAL_SURFACE ( 'NONE', #279, 1.249999999999999112 ) ;
#2183 = AXIS2_PLACEMENT_3D ( 'NONE', #3550, #1556, #4314 ) ;
#2184 = AXIS2_PLACEMENT_3D ( 'NONE', #5154, #1492, #3115 ) ;
#2185 = CARTESIAN_POINT ( 'NONE',  ( -6.945504231640860837, 136.4285853491277862, -4.071701320520229928 ) ) ;
#2186 = ORIENTED_EDGE ( 'NONE', *, *, #5047, .T. ) ;
#2187 = VECTOR ( 'NONE', #2275, 1000.000000000000227 ) ;
#2188 = CARTESIAN_POINT ( 'NONE',  ( -44.17319951943317591, 111.0482540923661787, -3.125000000000000000 ) ) ;
#2189 = VERTEX_POINT ( 'NONE', #5050 ) ;
#2190 = EDGE_CURVE ( 'NONE', #487, #1764, #3351, .T. ) ;
#2191 = ORIENTED_EDGE ( 'NONE', *, *, #3560, .F. ) ;
#2192 = CARTESIAN_POINT ( 'NONE',  ( -18.08569287173502360, 75.92355343525743194, 11.62309014730378998 ) ) ;
#2193 = DIRECTION ( 'NONE',  ( 0.1173723745342984265, -0.9930879748019206810, 0.000000000000000000 ) ) ;
#2194 = CARTESIAN_POINT ( 'NONE',  ( 6.808508396746393743, -71.10217607209287394, -1.427133999345371551 ) ) ;
#2195 = EDGE_LOOP ( 'NONE', ( #53, #3453, #1093, #3435, #2169, #2842, #221 ) ) ;
#2196 = CARTESIAN_POINT ( 'NONE',  ( -32.43989817846938450, 131.7139117649010984, -4.216902500637422335 ) ) ;
#2197 = CARTESIAN_POINT ( 'NONE',  ( -28.02652113115214405, 74.22169349998110022, 7.209936490538876086 ) ) ;
#2198 = VERTEX_POINT ( 'NONE', #4972 ) ;
#2199 = CARTESIAN_POINT ( 'NONE',  ( -32.60643082528024195, 131.6316854852251481, -3.555765144373554953 ) ) ;
#2200 = DIRECTION ( 'NONE',  ( 1.000000000000000000, 0.000000000000000000, 0.000000000000000000 ) ) ;
#2201 = EDGE_CURVE ( 'NONE', #477, #1455, #4327, .T. ) ;
#2202 = ADVANCED_FACE ( 'NONE', ( #2471 ), #525, .F. ) ;
#2203 = CARTESIAN_POINT ( 'NONE',  ( -46.43104123498134328, 113.8608600564108286, -0.2709865086632850528 ) ) ;
#2204 = CARTESIAN_POINT ( 'NONE',  ( 8.240101372681853024E-15, 67.28553390593272354, -2.499999999999992895 ) ) ;
#2205 = ORIENTED_EDGE ( 'NONE', *, *, #158, .F. ) ;
#2206 = DIRECTION ( 'NONE',  ( -0.6445739622037357508, 0.2907308157883787270, -0.7071067811865480168 ) ) ;
#2207 = AXIS2_PLACEMENT_3D ( 'NONE', #4641, #3359, #2937 ) ;
#2208 = CARTESIAN_POINT ( 'NONE',  ( 10.97369384286621141, -68.52307026133264856, -0.03756168118211055534 ) ) ;
#2209 = CARTESIAN_POINT ( 'NONE',  ( -2.530586091957568066E-28, -1.016105332223470571E-28, -2.499999999999991118 ) ) ;
#2210 = VERTEX_POINT ( 'NONE', #4111 ) ;
#2211 = TOROIDAL_SURFACE ( 'NONE', #5292, 67.28553390593272354, 2.500000000000000000 ) ;
#2212 = DIRECTION ( 'NONE',  ( 0.000000000000000000, -0.000000000000000000, -1.000000000000000000 ) ) ;
#2213 = TOROIDAL_SURFACE ( 'NONE', #3400, 68.96446609406721961, 2.500000000000000000 ) ;
#2214 = CARTESIAN_POINT ( 'NONE',  ( -29.08470650638421517, 118.6450458634352429, 10.00000000000000000 ) ) ;
#2215 = ORIENTED_EDGE ( 'NONE', *, *, #691, .T. ) ;
#2216 = ORIENTED_EDGE ( 'NONE', *, *, #498, .T. ) ;
#2217 = DIRECTION ( 'NONE',  ( -0.000000000000000000, -0.000000000000000000, 1.000000000000000000 ) ) ;
#2218 = AXIS2_PLACEMENT_3D ( 'NONE', #1299, #5006, #430 ) ;
#2219 = CARTESIAN_POINT ( 'NONE',  ( 57.17193431001479098, -38.87975650399354066, 9.025983085941821258E-15 ) ) ;
#2220 = B_SPLINE_CURVE_WITH_KNOTS ( 'NONE', 3,
 ( #3245, #2082, #2801, #3727 ),
 .UNSPECIFIED., .F., .F.,
 ( 4, 4 ),
 ( 0.003041754788792979097, 0.003396475808735131743 ),
 .UNSPECIFIED. ) ;
#2221 = CARTESIAN_POINT ( 'NONE',  ( 14.33081293297623660, 77.54103836722144649, 8.673617379883779881E-15 ) ) ;
#2222 = DIRECTION ( 'NONE',  ( -0.8491611506782418273, 0.2396405517700040955, 0.4706354705355009771 ) ) ;
#2223 = ORIENTED_EDGE ( 'NONE', *, *, #1784, .F. ) ;
#2224 = CARTESIAN_POINT ( 'NONE',  ( 66.04083198302879509, 20.45682385142951176, 7.876771134754552428E-15 ) ) ;
#2225 = CARTESIAN_POINT ( 'NONE',  ( 0.000000000000000000, 0.000000000000000000, -10.00000000000000000 ) ) ;
#2226 = ORIENTED_EDGE ( 'NONE', *, *, #3009, .T. ) ;
#2227 = AXIS2_PLACEMENT_3D ( 'NONE', #859, #2062, #3603 ) ;
#2228 = FACE_OUTER_BOUND ( 'NONE', #4833, .T. ) ;
#2229 = CARTESIAN_POINT ( 'NONE',  ( -26.86800920237513424, 134.0598968634695041, -4.822450661322199572 ) ) ;
#2230 = CARTESIAN_POINT ( 'NONE',  ( -24.23449826135201590, 134.9255576878733791, -5.728394858906447062 ) ) ;
#2231 = CARTESIAN_POINT ( 'NONE',  ( 60.91429583966249339, -38.13892402313391727, -1.868569415363345421 ) ) ;
#2232 = EDGE_LOOP ( 'NONE', ( #4576, #3389, #2713, #3972, #183 ) ) ;
#2233 = EDGE_CURVE ( 'NONE', #3630, #2635, #500, .T. ) ;
#2234 = CARTESIAN_POINT ( 'NONE',  ( -35.41201420213058526, 56.30827335867205363, -0.1205581174206262346 ) ) ;
#2235 = CARTESIAN_POINT ( 'NONE',  ( -10.27008277174995499, 86.89519779516678000, -6.035533905932699561 ) ) ;
#2236 = EDGE_CURVE ( 'NONE', #3397, #5129, #475, .T. ) ;
#2237 = CARTESIAN_POINT ( 'NONE',  ( 6.913339216347226923, -65.89455883250103341, -0.2211481958361936895 ) ) ;
#2238 = ORIENTED_EDGE ( 'NONE', *, *, #3562, .T. ) ;
#2239 = ORIENTED_EDGE ( 'NONE', *, *, #2263, .T. ) ;
#2240 = CIRCLE ( 'NONE', #3684, 2.500000000000003109 ) ;
#2241 = DIRECTION ( 'NONE',  ( 0.6192244393400891944, 0.7852140432544189030, 0.000000000000000000 ) ) ;
#2242 = ORIENTED_EDGE ( 'NONE', *, *, #4784, .F. ) ;
#2243 = ORIENTED_EDGE ( 'NONE', *, *, #4563, .F. ) ;
#2244 = CARTESIAN_POINT ( 'NONE',  ( 20.87534419907299110, 121.6569859632860755, -1.673060544442834141 ) ) ;
#2245 = DIRECTION ( 'NONE',  ( 0.000000000000000000, -1.000000000000000000, 0.000000000000000000 ) ) ;
#2246 = AXIS2_PLACEMENT_3D ( 'NONE', #28, #2835, #4484 ) ;
#2247 = DIRECTION ( 'NONE',  ( -1.000000000000000000, -5.657338475244856674E-60, -1.579692751415678445E-30 ) ) ;
#2248 = ORIENTED_EDGE ( 'NONE', *, *, #4601, .T. ) ;
#2249 = FACE_OUTER_BOUND ( 'NONE', #3586, .T. ) ;
#2250 = CARTESIAN_POINT ( 'NONE',  ( 65.00292490842917914, 23.14346027173075271, -3.125000000000000000 ) ) ;
#2251 = ORIENTED_EDGE ( 'NONE', *, *, #51, .F. ) ;
#2252 = CARTESIAN_POINT ( 'NONE',  ( -33.04950061272310080, 131.4076952561073597, -3.647211116913539275 ) ) ;
#2253 = CIRCLE ( 'NONE', #3353, 1.249999999999997335 ) ;
#2254 = DIRECTION ( 'NONE',  ( -0.8600394143713028239, -0.1016474580492002094, -0.5000000000000024425 ) ) ;
#2255 = DIRECTION ( 'NONE',  ( 0.8144364160628159155, 0.3605642460968176977, 0.4546281432416930390 ) ) ;
#2256 = ORIENTED_EDGE ( 'NONE', *, *, #5145, .T. ) ;
#2257 = CARTESIAN_POINT ( 'NONE',  ( -34.61243196206323347, 57.55666401429505186, 7.450501804048825782E-15 ) ) ;
#2258 = CIRCLE ( 'NONE', #467, 2.500000000000000444 ) ;
#2259 = CARTESIAN_POINT ( 'NONE',  ( -20.61467789642327020, 68.95935420247541003, 7.667468245269430049 ) ) ;
#2260 = CARTESIAN_POINT ( 'NONE',  ( 9.458725087381912644, -65.98061924692288471, -0.07642361307150720429 ) ) ;
#2261 = ORIENTED_EDGE ( 'NONE', *, *, #2953, .F. ) ;
#2262 = VECTOR ( 'NONE', #257, 1000.000000000000114 ) ;
#2263 = EDGE_CURVE ( 'NONE', #154, #4287, #1712, .T. ) ;
#2264 = ORIENTED_EDGE ( 'NONE', *, *, #2991, .F. ) ;
#2265 = CIRCLE ( 'NONE', #2777, 68.96446609406721961 ) ;
#2266 = ADVANCED_FACE ( 'NONE', ( #1312 ), #1862, .T. ) ;
#2267 = SPHERICAL_SURFACE ( 'NONE', #1503, 1.250000000000000000 ) ;
#2268 = ORIENTED_EDGE ( 'NONE', *, *, #2363, .T. ) ;
#2269 = VERTEX_POINT ( 'NONE', #952 ) ;
#2270 = DIRECTION ( 'NONE',  ( 0.000000000000000000, -1.000000000000000000, 3.572180275712047210E-30 ) ) ;
#2271 = AXIS2_PLACEMENT_3D ( 'NONE', #1507, #3128, #4769 ) ;
#2272 = EDGE_CURVE ( 'NONE', #3201, #436, #4997, .T. ) ;
#2273 = DIRECTION ( 'NONE',  ( 0.1439345685724646995, 0.5100290538000101792, 0.8480290114434322346 ) ) ;
#2274 = ORIENTED_EDGE ( 'NONE', *, *, #3303, .F. ) ;
#2275 = DIRECTION ( 'NONE',  ( 0.2396405517700143650, 0.8491611506782386076, 0.4706354705355013102 ) ) ;
#2276 = LINE ( 'NONE', #1987, #848 ) ;
#2277 = ORIENTED_EDGE ( 'NONE', *, *, #881, .F. ) ;
#2278 = DIRECTION ( 'NONE',  ( -0.000000000000000000, 0.000000000000000000, 1.000000000000000000 ) ) ;
#2279 = CYLINDRICAL_SURFACE ( 'NONE', #2295, 2.875000000000002665 ) ;
#2280 = DIRECTION ( 'NONE',  ( 1.000000000000000000, 0.000000000000000000, 0.000000000000000000 ) ) ;
#2281 = CARTESIAN_POINT ( 'NONE',  ( -48.80369399723561230, -51.92291635308860265, -1.258469197181789401 ) ) ;
#2282 = ORIENTED_EDGE ( 'NONE', *, *, #1780, .F. ) ;
#2283 = DIRECTION ( 'NONE',  ( 0.000000000000000000, -1.000000000000000000, -1.387778780781445922E-16 ) ) ;
#2284 = CARTESIAN_POINT ( 'NONE',  ( -13.55565085604534126, -1.602132912393019915, 259.6142809027516023 ) ) ;
#2285 = CARTESIAN_POINT ( 'NONE',  ( 10.15586602958075346, -66.51467099967968011, 8.239936510890087712E-15 ) ) ;
#2286 = ORIENTED_EDGE ( 'NONE', *, *, #5026, .F. ) ;
#2287 = VERTEX_POINT ( 'NONE', #2130 ) ;
#2288 = AXIS2_PLACEMENT_3D ( 'NONE', #138, #165, #4673 ) ;
#2289 = FACE_OUTER_BOUND ( 'NONE', #2829, .T. ) ;
#2290 = EDGE_LOOP ( 'NONE', ( #3887, #1215, #791, #166, #1575 ) ) ;
#2291 = ORIENTED_EDGE ( 'NONE', *, *, #1884, .F. ) ;
#2292 = DIRECTION ( 'NONE',  ( -1.579692751415678445E-30, 3.581290393448283579E-30, 1.000000000000000000 ) ) ;
#2293 = EDGE_CURVE ( 'NONE', #1361, #2210, #3052, .T. ) ;
#2294 = CARTESIAN_POINT ( 'NONE',  ( 4.191420717668294493, 80.83290915424667844, 259.6142809027516023 ) ) ;
#2295 = AXIS2_PLACEMENT_3D ( 'NONE', #5201, #4013, #834 ) ;
#2296 = DIRECTION ( 'NONE',  ( -0.000000000000000000, 0.000000000000000000, 1.000000000000000000 ) ) ;
#2297 = CARTESIAN_POINT ( 'NONE',  ( 7.814779860282142998, -71.38657187556472650, -1.812949304130002881 ) ) ;
#2298 = VERTEX_POINT ( 'NONE', #5023 ) ;
#2299 = DIRECTION ( 'NONE',  ( 0.8600394143713030459, 0.1016474580492030128, -0.5000000000000016653 ) ) ;
#2300 = CARTESIAN_POINT ( 'NONE',  ( -24.19548676806272880, 77.00705577057475182, 9.999999999999998224 ) ) ;
#2301 = ORIENTED_EDGE ( 'NONE', *, *, #5187, .T. ) ;
#2302 = AXIS2_PLACEMENT_3D ( 'NONE', #1770, #861, #1321 ) ;
#2303 = DIRECTION ( 'NONE',  ( 1.000000000000000000, 0.000000000000000000, 0.000000000000000000 ) ) ;
#2304 = CARTESIAN_POINT ( 'NONE',  ( -18.99099127974561085, 72.99031877834843840, 10.00000000000000000 ) ) ;
#2305 = LINE ( 'NONE', #706, #4906 ) ;
#2306 = CARTESIAN_POINT ( 'NONE',  ( 4.993968341305452086, 67.09995047101347154, 8.239936510889603351E-15 ) ) ;
#2307 = ORIENTED_EDGE ( 'NONE', *, *, #2233, .T. ) ;
#2308 = CARTESIAN_POINT ( 'NONE',  ( -20.94938542542554316, 66.65674188815602008, 2.011798227228706715 ) ) ;
#2309 = AXIS2_PLACEMENT_3D ( 'NONE', #914, #3781, #3436 ) ;
#2310 = CARTESIAN_POINT ( 'NONE',  ( -6.808330322431542569, 65.39558127572730939, -0.5323020525600813402 ) ) ;
#2311 = ORIENTED_EDGE ( 'NONE', *, *, #938, .F. ) ;
#2312 = SURFACE_STYLE_FILL_AREA ( #3459 ) ;
#2313 = ORIENTED_EDGE ( 'NONE', *, *, #3525, .T. ) ;
#2314 = CARTESIAN_POINT ( 'NONE',  ( -46.09387133177659734, -47.50556377193144186, -0.2515502696420046647 ) ) ;
#2315 = VERTEX_POINT ( 'NONE', #122 ) ;
#2316 = VERTEX_POINT ( 'NONE', #3377 ) ;
#2317 = CARTESIAN_POINT ( 'NONE',  ( 22.00197026208032014, 120.8921880527837374, -1.874624018519483126 ) ) ;
#2318 = CIRCLE ( 'NONE', #1219, 1.250000000000003331 ) ;
#2319 = EDGE_CURVE ( 'NONE', #4931, #934, #2470, .T. ) ;
#2320 = CARTESIAN_POINT ( 'NONE',  ( -27.74496054422846569, 118.6450458634352429, -9.999999999999989342 ) ) ;
#2321 = EDGE_CURVE ( 'NONE', #1374, #2269, #203, .T. ) ;
#2322 = CARTESIAN_POINT ( 'NONE',  ( 10.39182481274823111, -70.26991395210409053, -1.033970868378612407 ) ) ;
#2323 = ORIENTED_EDGE ( 'NONE', *, *, #2201, .T. ) ;
#2324 = CARTESIAN_POINT ( 'NONE',  ( 55.74794662508116261, -36.39162168676693199, -0.1032020456229676558 ) ) ;
#2325 = CYLINDRICAL_SURFACE ( 'NONE', #586, 2.875000000000002665 ) ;
#2326 = ORIENTED_EDGE ( 'NONE', *, *, #1487, .F. ) ;
#2327 = VECTOR ( 'NONE', #2127, 1000.000000000000000 ) ;
#2328 = CARTESIAN_POINT ( 'NONE',  ( 10.21572083696092292, 79.43509914178196141, 7.229181194627742002 ) ) ;
#2329 = EDGE_CURVE ( 'NONE', #1021, #3460, #178, .T. ) ;
#2330 = DIRECTION ( 'NONE',  ( -1.579692751415678445E-30, 3.581290393448283579E-30, 1.000000000000000000 ) ) ;
#2331 = EDGE_CURVE ( 'NONE', #4410, #4456, #3795, .T. ) ;
#2332 = CARTESIAN_POINT ( 'NONE',  ( -71.48218274390987403, 7.352174912480746727, -1.859285591894385359 ) ) ;
#2333 = ORIENTED_EDGE ( 'NONE', *, *, #1123, .T. ) ;
#2334 = ORIENTED_EDGE ( 'NONE', *, *, #5047, .F. ) ;
#2335 = CARTESIAN_POINT ( 'NONE',  ( -24.49496054422846569, 118.6450458634352429, 10.00000000000000000 ) ) ;
#2336 = ADVANCED_FACE ( 'NONE', ( #5185 ), #3370, .T. ) ;
#2337 = CONICAL_SURFACE ( 'NONE', #4309, 45.00000000000002842, 0.7853981633974469467 ) ;
#2338 = ADVANCED_FACE ( 'NONE', ( #3485 ), #1163, .T. ) ;
#2339 = CARTESIAN_POINT ( 'NONE',  ( -21.40019122130088292, 63.98813088039580066, 9.540979117872439019E-15 ) ) ;
#2340 = DIRECTION ( 'NONE',  ( -0.000000000000000000, -0.000000000000000000, -1.000000000000000000 ) ) ;
#2341 = AXIS2_PLACEMENT_3D ( 'NONE', #2204, #627, #171 ) ;
#2342 = ADVANCED_FACE ( 'NONE', ( #608 ), #2656, .F. ) ;
#2343 = ORIENTED_EDGE ( 'NONE', *, *, #1911, .T. ) ;
#2344 = CIRCLE ( 'NONE', #4054, 70.73223304703357428 ) ;
#2345 = CARTESIAN_POINT ( 'NONE',  ( -70.79223674595645832, 5.474390804789289966, -1.003451685862758902 ) ) ;
#2346 = EDGE_LOOP ( 'NONE', ( #2709, #1053, #2725, #3074 ) ) ;
#2347 = ORIENTED_EDGE ( 'NONE', *, *, #3826, .T. ) ;
#2348 = DIRECTION ( 'NONE',  ( 0.7698990671686128939, 0.4309961487608997555, 0.4706354705355006995 ) ) ;
#2349 = B_SPLINE_CURVE_WITH_KNOTS ( 'NONE', 3,
 ( #4504, #2030, #1957, #1633, #2449, #3647, #2401, #4822, #3280, #3224, #1555, #1605, #2852, #4877 ),
 .UNSPECIFIED., .F., .F.,
 ( 4, 2, 2, 2, 2, 2, 4 ),
 ( 0.004910600987357375755, 0.006407441438169221223, 0.007904281888981066692, 0.01089796279060474028, 0.01389164369222841561, 0.01538848414304025067, 0.01688532459385208920 ),
 .UNSPECIFIED. ) ;
#2350 = FACE_OUTER_BOUND ( 'NONE', #3380, .T. ) ;
#2351 = CARTESIAN_POINT ( 'NONE',  ( -23.88025083721003483, 56.27128322028217156, -0.6954354450334834237 ) ) ;
#2352 = EDGE_CURVE ( 'NONE', #4580, #4697, #1904, .T. ) ;
#2353 = DIRECTION ( 'NONE',  ( 1.000000000000000000, 0.000000000000000000, 0.000000000000000000 ) ) ;
#2354 = EDGE_LOOP ( 'NONE', ( #4737, #4183, #3332, #1583 ) ) ;
#2355 = CARTESIAN_POINT ( 'NONE',  ( 38.54608056553989570, 93.55065101480894896, -4.267766952966370653 ) ) ;
#2356 = DIRECTION ( 'NONE',  ( -0.000000000000000000, -0.000000000000000000, -1.000000000000000000 ) ) ;
#2357 = AXIS2_PLACEMENT_3D ( 'NONE', #4514, #1278, #4544 ) ;
#2358 = VERTEX_POINT ( 'NONE', #3514 ) ;
#2359 = DIRECTION ( 'NONE',  ( 1.000000000000000000, 0.000000000000000000, 0.000000000000000000 ) ) ;
#2360 = CARTESIAN_POINT ( 'NONE',  ( -48.42390405814603582, -51.93477930221899896, -1.007573028112893843 ) ) ;
#2361 = ORIENTED_EDGE ( 'NONE', *, *, #1949, .T. ) ;
#2362 = EDGE_LOOP ( 'NONE', ( #3878, #2141, #4234, #2547 ) ) ;
#2363 = EDGE_CURVE ( 'NONE', #4775, #3093, #4928, .T. ) ;
#2364 = PLANE ( 'NONE',  #5236 ) ;
#2365 = DIRECTION ( 'NONE',  ( 0.2588678930593973915, -0.4624221120288940501, -0.8480290114434326787 ) ) ;
#2366 = EDGE_CURVE ( 'NONE', #1803, #1516, #648, .T. ) ;
#2367 = CARTESIAN_POINT ( 'NONE',  ( -1.701499394088384909, 66.15917948511469149, -0.2570457040333167242 ) ) ;
#2368 = LINE ( 'NONE', #3260, #5182 ) ;
#2369 = CARTESIAN_POINT ( 'NONE',  ( -71.40340158300043072, 8.034137826057561327, -1.853847341119226444 ) ) ;
#2370 = CARTESIAN_POINT ( 'NONE',  ( -47.04819951943317591, 111.0482540923661787, 0.000000000000000000 ) ) ;
#2371 = CARTESIAN_POINT ( 'NONE',  ( 0.000000000000000000, 0.000000000000000000, -6.035533905932719101 ) ) ;
#2372 = VERTEX_POINT ( 'NONE', #4358 ) ;
#2373 = APPLICATION_PROTOCOL_DEFINITION ( 'draft international standard', 'automotive_design', 1998, #666 ) ;
#2374 = AXIS2_PLACEMENT_3D ( 'NONE', #3676, #2473, #1690 ) ;
#2375 = CARTESIAN_POINT ( 'NONE',  ( 0.000000000000000000, 0.000000000000000000, 0.000000000000000000 ) ) ;
#2376 = LINE ( 'NONE', #2450, #4233 ) ;
#2377 = ORIENTED_EDGE ( 'NONE', *, *, #4630, .T. ) ;
#2378 = DIRECTION ( 'NONE',  ( -5.657338475244856674E-60, -1.000000000000000000, 3.581290393448283579E-30 ) ) ;
#2379 = CARTESIAN_POINT ( 'NONE',  ( 5.233939156012443306, -68.76556888844086757, 0.000000000000000000 ) ) ;
#2380 = ORIENTED_EDGE ( 'NONE', *, *, #389, .F. ) ;
#2381 = AXIS2_PLACEMENT_3D ( 'NONE', #3669, #2796, #4442 ) ;
#2382 = CARTESIAN_POINT ( 'NONE',  ( -47.04819951940678635, 111.0482540923670172, -3.125000000000000000 ) ) ;
#2383 = CARTESIAN_POINT ( 'NONE',  ( -3.458397905481533474, 136.4394955256455830, -3.592243634724747725 ) ) ;
#2384 = VECTOR ( 'NONE', #168, 1000.000000000000114 ) ;
#2385 = DIRECTION ( 'NONE',  ( -5.422707424026064645E-30, 2.838115920540687427E-30, 1.000000000000000000 ) ) ;
#2386 = ORIENTED_EDGE ( 'NONE', *, *, #469, .F. ) ;
#2387 = VERTEX_POINT ( 'NONE', #281 ) ;
#2388 = CYLINDRICAL_SURFACE ( 'NONE', #2810, 2.500000000000002220 ) ;
#2389 = EDGE_CURVE ( 'NONE', #3160, #4282, #693, .T. ) ;
#2390 = CARTESIAN_POINT ( 'NONE',  ( -37.02771696389811495, 58.22326147203926894, 0.000000000000000000 ) ) ;
#2391 = EDGE_CURVE ( 'NONE', #3714, #4147, #4048, .T. ) ;
#2392 = CARTESIAN_POINT ( 'NONE',  ( 22.73029770992129883, 118.6988195346218902, -0.8310951529574411856 ) ) ;
#2393 = CIRCLE ( 'NONE', #780, 2.875000000000002665 ) ;
#2394 = FACE_BOUND ( 'NONE', #342, .T. ) ;
#2395 = ADVANCED_FACE ( 'NONE', ( #4416 ), #5210, .F. ) ;
#2396 = CARTESIAN_POINT ( 'NONE',  ( 67.87792490842917914, 23.14346027173075271, -3.125000000000000000 ) ) ;
#2397 = ORIENTED_EDGE ( 'NONE', *, *, #534, .F. ) ;
#2398 =( BOUNDED_CURVE ( )  B_SPLINE_CURVE ( 3, ( #3270, #1976, #1625, #748 ),
 .UNSPECIFIED., .F., .T. ) 
 B_SPLINE_CURVE_WITH_KNOTS ( ( 4, 4 ),
 ( 2.803791225349656635, 3.479394081829911389 ),
 .UNSPECIFIED. ) 
 CURVE ( )  GEOMETRIC_REPRESENTATION_ITEM ( )  RATIONAL_B_SPLINE_CURVE ( ( 1.000000000000000000, 0.9623237211577695405, 0.9623237211577695405, 1.000000000000000000 ) ) 
 REPRESENTATION_ITEM ( '' )  );
#2399 = CARTESIAN_POINT ( 'NONE',  ( 5.865807359932967202, 133.4456640676979760, -4.267766952966361771 ) ) ;
#2400 = DIRECTION ( 'NONE',  ( 0.000000000000000000, 0.000000000000000000, 1.000000000000000000 ) ) ;
#2401 = CARTESIAN_POINT ( 'NONE',  ( -14.96925826714503671, 135.1076560334579995, -3.430787173813199420 ) ) ;
#2402 = DIRECTION ( 'NONE',  ( -0.000000000000000000, 0.000000000000000000, 1.000000000000000000 ) ) ;
#2403 = ORIENTED_EDGE ( 'NONE', *, *, #402, .F. ) ;
#2404 = CARTESIAN_POINT ( 'NONE',  ( -70.32565353964095323, 5.042513031001165658, -0.5257561477856997900 ) ) ;
#2405 = CARTESIAN_POINT ( 'NONE',  ( -28.12772133713934153, 133.2333544038495461, -3.032781528952413375 ) ) ;
#2406 = ORIENTED_EDGE ( 'NONE', *, *, #1960, .F. ) ;
#2407 = AXIS2_PLACEMENT_3D ( 'NONE', #4216, #2212, #3831 ) ;
#2408 = DIRECTION ( 'NONE',  ( -1.000000000000000000, 0.000000000000000000, 0.000000000000000000 ) ) ;
#2409 = CARTESIAN_POINT ( 'NONE',  ( -3.631149965855748007, 136.1119451616195590, -3.014079909751438358 ) ) ;
#2410 = CARTESIAN_POINT ( 'NONE',  ( -68.60718274391030036, 7.352174912479794600, -10.00000000000000888 ) ) ;
#2411 = VECTOR ( 'NONE', #4918, 1000.000000000000114 ) ;
#2412 = VERTEX_POINT ( 'NONE', #4812 ) ;
#2413 = ORIENTED_EDGE ( 'NONE', *, *, #2454, .T. ) ;
#2414 = FACE_BOUND ( 'NONE', #622, .T. ) ;
#2415 = DIRECTION ( 'NONE',  ( -0.4847605783279377856, 0.000000000000000000, -0.8746468897213111049 ) ) ;
#2416 = CARTESIAN_POINT ( 'NONE',  ( 2.818866993270033650, 75.56340732582944497, 10.00000000000000000 ) ) ;
#2417 = DIRECTION ( 'NONE',  ( 1.000000000000000000, 0.000000000000000000, 0.000000000000000000 ) ) ;
#2418 = CARTESIAN_POINT ( 'NONE',  ( 0.000000000000000000, 0.000000000000000000, -6.035533905932719101 ) ) ;
#2419 = CARTESIAN_POINT ( 'NONE',  ( -71.10718274391030036, 7.352174912479794600, -3.125000000000000000 ) ) ;
#2420 = ORIENTED_EDGE ( 'NONE', *, *, #2132, .T. ) ;
#2421 = CIRCLE ( 'NONE', #3188, 50.00000000000001421 ) ;
#2422 = CARTESIAN_POINT ( 'NONE',  ( 14.55584306485708268, 78.33842780867381350, 8.673617379883778303E-15 ) ) ;
#2423 = ADVANCED_FACE ( 'NONE', ( #6 ), #2519, .T. ) ;
#2424 = AXIS2_PLACEMENT_3D ( 'NONE', #739, #275, #3509 ) ;
#2425 = DIRECTION ( 'NONE',  ( -1.000000000000000000, 0.000000000000000000, 0.000000000000000000 ) ) ;
#2426 = CARTESIAN_POINT ( 'NONE',  ( 65.00292490842842597, 25.64346027173155562, -10.00000000000000888 ) ) ;
#2428 = ORIENTED_EDGE ( 'NONE', *, *, #3671, .F. ) ;
#2427 =( BOUNDED_CURVE ( )  B_SPLINE_CURVE ( 3, ( #2567, #1704, #3294, #4103 ),
 .UNSPECIFIED., .F., .T. ) 
 B_SPLINE_CURVE_WITH_KNOTS ( ( 4, 4 ),
 ( 2.949063715638051697, 3.273637192805635365 ),
 .UNSPECIFIED. ) 
 CURVE ( )  GEOMETRIC_REPRESENTATION_ITEM ( )  RATIONAL_B_SPLINE_CURVE ( ( 1.000000000000000000, 0.9912402556085334604, 0.9912402556085334604, 1.000000000000000000 ) ) 
 REPRESENTATION_ITEM ( '' )  );
#2429 = DIRECTION ( 'NONE',  ( -5.657338475244856674E-60, -1.000000000000000000, 3.581290393448283579E-30 ) ) ;
#2430 = CARTESIAN_POINT ( 'NONE',  ( -36.77214036384444285, 128.7649068796660003, -4.607942696829291584 ) ) ;
#2431 = ORIENTED_EDGE ( 'NONE', *, *, #1784, .T. ) ;
#2432 = EDGE_CURVE ( 'NONE', #2298, #277, #85, .T. ) ;
#2433 = CIRCLE ( 'NONE', #126, 67.28553390593272354 ) ;
#2434 = DIRECTION ( 'NONE',  ( -0.000000000000000000, -0.000000000000000000, -1.000000000000000000 ) ) ;
#2435 = CARTESIAN_POINT ( 'NONE',  ( 1.354988984179985811, 135.5272088751005697, -4.319610651374042654 ) ) ;
#2436 = VECTOR ( 'NONE', #658, 1000.000000000000000 ) ;
#2437 = DIRECTION ( 'NONE',  ( 1.000000000000000000, 0.000000000000000000, 0.000000000000000000 ) ) ;
#2438 = VERTEX_POINT ( 'NONE', #4127 ) ;
#2439 = ORIENTED_EDGE ( 'NONE', *, *, #2366, .F. ) ;
#2440 = CARTESIAN_POINT ( 'NONE',  ( 18.27759496478405765, 2.160216190535045655, 6.584936490538892961 ) ) ;
#2441 = CIRCLE ( 'NONE', #5184, 49.26776695296639730 ) ;
#2442 = CARTESIAN_POINT ( 'NONE',  ( -36.81047106014286641, 129.0452145516772759, -5.045948382399885190 ) ) ;
#2443 = ORIENTED_EDGE ( 'NONE', *, *, #2712, .T. ) ;
#2444 = DIRECTION ( 'NONE',  ( -0.000000000000000000, -0.000000000000000000, 1.000000000000000000 ) ) ;
#2445 = CARTESIAN_POINT ( 'NONE',  ( 55.74794662508123366, -36.21563128371795415, -0.1317352363775689816 ) ) ;
#2446 = CARTESIAN_POINT ( 'NONE',  ( -3.838730668348500075, 121.0863912537485731, 12.99038105676686250 ) ) ;
#2447 = ORIENTED_EDGE ( 'NONE', *, *, #1828, .T. ) ;
#2448 = CARTESIAN_POINT ( 'NONE',  ( -54.01585029815096561, 82.51546007899324309, -2.500000000000009770 ) ) ;
#2449 = CARTESIAN_POINT ( 'NONE',  ( -12.53325716083112162, 135.5618006703302854, -3.716725108360448893 ) ) ;
#2450 = CARTESIAN_POINT ( 'NONE',  ( -36.71861130589597622, 28.95651407991041282, -9.999999999999989342 ) ) ;
#2451 = ORIENTED_EDGE ( 'NONE', *, *, #3272, .F. ) ;
#2452 = DIRECTION ( 'NONE',  ( -5.657338475244856674E-60, -1.000000000000000000, 3.581290393448283579E-30 ) ) ;
#2453 = CARTESIAN_POINT ( 'NONE',  ( 65.81975122729716077, 25.89998340147311140, -0.7322330470335975949 ) ) ;
#2454 = EDGE_CURVE ( 'NONE', #406, #3211, #559, .T. ) ;
#2455 = DIRECTION ( 'NONE',  ( 2.205195146620347939E-30, 2.583445881321955470E-30, 1.000000000000000000 ) ) ;
#2456 = CIRCLE ( 'NONE', #2628, 1.250000000000000666 ) ;
#2457 = CARTESIAN_POINT ( 'NONE',  ( 1.048731794169442733, 135.2445795073703039, -2.977295164508978242 ) ) ;
#2458 = EDGE_CURVE ( 'NONE', #3554, #2316, #1304, .T. ) ;
#2459 = DIRECTION ( 'NONE',  ( -0.000000000000000000, 0.000000000000000000, 1.000000000000000000 ) ) ;
#2460 = ORIENTED_EDGE ( 'NONE', *, *, #1691, .F. ) ;
#2461 = VECTOR ( 'NONE', #1020, 1000.000000000000000 ) ;
#2462 = CARTESIAN_POINT ( 'NONE',  ( 5.561370565658543264, 80.64326422477320477, 10.00000000000000000 ) ) ;
#2463 = VERTEX_POINT ( 'NONE', #4156 ) ;
#2464 = DIRECTION ( 'NONE',  ( 0.000000000000000000, -1.000000000000000000, 3.572180275712047210E-30 ) ) ;
#2465 = AXIS2_PLACEMENT_3D ( 'NONE', #4863, #5261, #4517 ) ;
#2466 = ORIENTED_EDGE ( 'NONE', *, *, #5278, .F. ) ;
#2467 = DIRECTION ( 'NONE',  ( -1.579692751415678445E-30, 3.581290393448283579E-30, 1.000000000000000000 ) ) ;
#2468 = VECTOR ( 'NONE', #3947, 1000.000000000000227 ) ;
#2469 = CARTESIAN_POINT ( 'NONE',  ( 63.94925232759477041, 25.81841804567742926, 0.000000000000000000 ) ) ;
#2470 = B_SPLINE_CURVE_WITH_KNOTS ( 'NONE', 3,
 ( #4632, #1813, #3059, #3883, #1836, #4707, #578, #4276 ),
 .UNSPECIFIED., .F., .F.,
 ( 4, 2, 2, 4 ),
 ( 0.002067655961638960576, 0.002583978401787250401, 0.003100300841935540661, 0.004132945722232084750 ),
 .UNSPECIFIED. ) ;
#2471 = FACE_OUTER_BOUND ( 'NONE', #3244, .T. ) ;
#2472 = ORIENTED_EDGE ( 'NONE', *, *, #2979, .F. ) ;
#2473 = DIRECTION ( 'NONE',  ( -0.4111554626877177987, -0.9115652393010874599, 9.583083854271083063E-16 ) ) ;
#2474 = AXIS2_PLACEMENT_3D ( 'NONE', #4612, #1013, #936 ) ;
#2475 = DIRECTION ( 'NONE',  ( -0.7006252213594473810, -0.09552119762138538972, 0.7071067811865485719 ) ) ;
#2476 = DIRECTION ( 'NONE',  ( -1.000000000000000000, 0.000000000000000000, 0.000000000000000000 ) ) ;
#2477 = EDGE_LOOP ( 'NONE', ( #2115, #556 ) ) ;
#2478 = CARTESIAN_POINT ( 'NONE',  ( -70.43750310023098393, 5.130827710415287513, -0.6240759440366601130 ) ) ;
#2479 = CARTESIAN_POINT ( 'NONE',  ( -46.65954272489118182, -51.25039991835453890, -0.01785418264127002982 ) ) ;
#2480 = CARTESIAN_POINT ( 'NONE',  ( -26.29223152596096469, 133.8517604459834729, -3.572450661322472243 ) ) ;
#2481 = EDGE_CURVE ( 'NONE', #953, #950, #2368, .T. ) ;
#2482 = ADVANCED_FACE ( 'NONE', ( #4073 ), #4911, .T. ) ;
#2483 = CARTESIAN_POINT ( 'NONE',  ( 1.504853275041307947, 135.4916502220365828, -3.647211116911837525 ) ) ;
#2484 = CARTESIAN_POINT ( 'NONE',  ( -59.52391687769009820, 71.95220597035097398, -307.0258184027516677 ) ) ;
#2485 = ORIENTED_EDGE ( 'NONE', *, *, #3337, .T. ) ;
#2486 = CARTESIAN_POINT ( 'NONE',  ( -27.98685157213558128, 74.66489718734884207, 7.667468245269438043 ) ) ;
#2487 = VERTEX_POINT ( 'NONE', #867 ) ;
#2488 = CIRCLE ( 'NONE', #2407, 2.500000000000002220 ) ;
#2489 = DIRECTION ( 'NONE',  ( 0.000000000000000000, 0.000000000000000000, 1.000000000000000000 ) ) ;
#2490 = DIRECTION ( 'NONE',  ( -0.000000000000000000, -0.000000000000000000, -1.000000000000000000 ) ) ;
#2491 = EDGE_CURVE ( 'NONE', #4688, #3542, #61, .T. ) ;
#2492 = EDGE_CURVE ( 'NONE', #1021, #3003, #2688, .T. ) ;
#2493 = VECTOR ( 'NONE', #4189, 1000.000000000000000 ) ;
#2494 = FACE_OUTER_BOUND ( 'NONE', #4873, .T. ) ;
#2495 = ORIENTED_EDGE ( 'NONE', *, *, #3430, .T. ) ;
#2496 = CARTESIAN_POINT ( 'NONE',  ( -44.54819951940678635, 111.0482540923670172, -10.00000000000000888 ) ) ;
#2497 = EDGE_CURVE ( 'NONE', #1868, #4188, #4802, .T. ) ;
#2498 = EDGE_CURVE ( 'NONE', #3160, #4282, #48, .T. ) ;
#2499 = CARTESIAN_POINT ( 'NONE',  ( 61.23581471432494538, -35.18440325288855774, -0.6240759440366574484 ) ) ;
#2500 = ORIENTED_EDGE ( 'NONE', *, *, #2554, .F. ) ;
#2501 = FACE_OUTER_BOUND ( 'NONE', #2785, .T. ) ;
#2502 = VECTOR ( 'NONE', #4451, 999.9999999999998863 ) ;
#2503 = EDGE_CURVE ( 'NONE', #3013, #1137, #967, .T. ) ;
#2504 = DIRECTION ( 'NONE',  ( 0.7852140432544165716, -0.6192244393400918590, 0.000000000000000000 ) ) ;
#2505 = TOROIDAL_SURFACE ( 'NONE', #3439, 68.96446609406721961, 2.500000000000000000 ) ;
#2506 = DIRECTION ( 'NONE',  ( -0.1173723745342949432, 0.9930879748019212361, 4.163336342344340182E-15 ) ) ;
#2507 = ORIENTED_EDGE ( 'NONE', *, *, #1063, .F. ) ;
#2508 = DIRECTION ( 'NONE',  ( -0.4999999999999963918, 0.000000000000000000, -0.8660254037844407060 ) ) ;
#2509 = CARTESIAN_POINT ( 'NONE',  ( -31.35677383157876008, 131.8629075974022840, -2.831109466108927997 ) ) ;
#2510 = DIRECTION ( 'NONE',  ( -7.985855003919586037E-16, 1.000000000000000000, 0.000000000000000000 ) ) ;
#2511 = AXIS2_PLACEMENT_3D ( 'NONE', #2916, #812, #3713 ) ;
#2512 = FACE_OUTER_BOUND ( 'NONE', #317, .T. ) ;
#2513 = DIRECTION ( 'NONE',  ( -0.000000000000000000, -0.000000000000000000, 1.000000000000000000 ) ) ;
#2514 = ORIENTED_EDGE ( 'NONE', *, *, #51, .T. ) ;
#2515 = AXIS2_PLACEMENT_3D ( 'NONE', #4532, #2402, #4117 ) ;
#2516 = ORIENTED_EDGE ( 'NONE', *, *, #3934, .T. ) ;
#2517 = DIRECTION ( 'NONE',  ( -0.9300587724690130287, 0.09622272698557561565, -0.3545868956474451106 ) ) ;
#2518 = CARTESIAN_POINT ( 'NONE',  ( -57.53379690529768453, 82.16325038397516778, -6.035533905932751075 ) ) ;
#2519 = CONICAL_SURFACE ( 'NONE', #220, 69.99999999999998579, 0.7853981633974482790 ) ;
#2520 = CARTESIAN_POINT ( 'NONE',  ( -25.56081068599659289, 134.5199185583742860, -5.321701088536729074 ) ) ;
#2521 = CARTESIAN_POINT ( 'NONE',  ( -27.72249646233471054, 118.2635856461988055, -9.999999999999989342 ) ) ;
#2522 = ADVANCED_FACE ( 'NONE', ( #2249 ), #2104, .T. ) ;
#2523 = VERTEX_POINT ( 'NONE', #3868 ) ;
#2524 = CIRCLE ( 'NONE', #990, 2.875000000000002665 ) ;
#2525 = EDGE_CURVE ( 'NONE', #3649, #4221, #4231, .T. ) ;
#2526 = DIRECTION ( 'NONE',  ( 0.9930879748019212361, 0.1173723745342948321, -4.274534918971803639E-18 ) ) ;
#2527 = CARTESIAN_POINT ( 'NONE',  ( -25.16985169780066300, 124.3553017185462437, 12.99038105676686250 ) ) ;
#2528 = ORIENTED_EDGE ( 'NONE', *, *, #3562, .F. ) ;
#2529 = DIRECTION ( 'NONE',  ( -0.1016474580492014029, 0.8600394143713064876, 0.4999999999999960032 ) ) ;
#2530 = CARTESIAN_POINT ( 'NONE',  ( 3.437022583294955247, 72.19763389503657436, 6.584936490538890297 ) ) ;
#2531 = ORIENTED_EDGE ( 'NONE', *, *, #1171, .T. ) ;
#2532 = ORIENTED_EDGE ( 'NONE', *, *, #4984, .T. ) ;
#2533 = CARTESIAN_POINT ( 'NONE',  ( 0.000000000000000000, 0.000000000000000000, -4.267766952966378646 ) ) ;
#2534 = DIRECTION ( 'NONE',  ( 0.6234898018587313739, 0.7818314824680315800, 0.000000000000000000 ) ) ;
#2535 = CARTESIAN_POINT ( 'NONE',  ( -48.75720394346163289, 113.3675535056534329, -1.712042680859378052 ) ) ;
#2536 = DIRECTION ( 'NONE',  ( -1.579692751415678445E-30, 3.581290393448283579E-30, 1.000000000000000000 ) ) ;
#2537 = VERTEX_POINT ( 'NONE', #4182 ) ;
#2538 = EDGE_CURVE ( 'NONE', #1137, #994, #4238, .T. ) ;
#2539 = B_SPLINE_CURVE_WITH_KNOTS ( 'NONE', 3,
 ( #4390, #1866, #3942, #1010, #1036, #233, #3461, #5133, #3490, #2345, #1469, #3519 ),
 .UNSPECIFIED., .F., .F.,
 ( 4, 2, 2, 2, 2, 4 ),
 ( 0.003280772758984661086, 0.003613723895809809253, 0.003946675032634957420, 0.004612577306285253753, 0.005278479579935550087, 0.005944381853585846420 ),
 .UNSPECIFIED. ) ;
#2540 = DIRECTION ( 'NONE',  ( 0.000000000000000000, 0.000000000000000000, -1.000000000000000000 ) ) ;
#2541 = ORIENTED_EDGE ( 'NONE', *, *, #3215, .T. ) ;
#2542 = CARTESIAN_POINT ( 'NONE',  ( -29.89554455587066428, 132.8832303237238364, -4.096596479254799306 ) ) ;
#2543 = CARTESIAN_POINT ( 'NONE',  ( -50.74116291769576748, -47.21717890034290122, -0.01845106377087201571 ) ) ;
#2544 = DIRECTION ( 'NONE',  ( -1.000000000000000000, 0.000000000000000000, 0.000000000000000000 ) ) ;
#2545 = AXIS2_PLACEMENT_3D ( 'NONE', #3590, #2340, #4385 ) ;
#2546 = CARTESIAN_POINT ( 'NONE',  ( 62.12792490842917914, 23.14346027173075271, -3.125000000000000000 ) ) ;
#2547 = ORIENTED_EDGE ( 'NONE', *, *, #3106, .T. ) ;
#2548 = DIRECTION ( 'NONE',  ( -0.000000000000000000, 0.000000000000000000, 1.000000000000000000 ) ) ;
#2549 = CIRCLE ( 'NONE', #4705, 50.00000000000001421 ) ;
#2550 = EDGE_CURVE ( 'NONE', #1740, #1941, #362, .T. ) ;
#2551 = EDGE_CURVE ( 'NONE', #1560, #4248, #1343, .T. ) ;
#2552 = CARTESIAN_POINT ( 'NONE',  ( -69.99999999999998579, 0.000000000000000000, 0.000000000000000000 ) ) ;
#2553 = ORIENTED_EDGE ( 'NONE', *, *, #2167, .T. ) ;
#2554 = EDGE_CURVE ( 'NONE', #3951, #3119, #5011, .T. ) ;
#2555 = CARTESIAN_POINT ( 'NONE',  ( 64.77625985506672635, 26.01402131287887798, -0.1397026750648802662 ) ) ;
#2556 = ORIENTED_EDGE ( 'NONE', *, *, #3560, .T. ) ;
#2557 = ORIENTED_EDGE ( 'NONE', *, *, #1777, .F. ) ;
#2558 = DIRECTION ( 'NONE',  ( 0.000000000000000000, -1.000000000000000000, 3.574611440196827961E-30 ) ) ;
#2559 = DIRECTION ( 'NONE',  ( 0.000000000000000000, 0.2843209404136957663, -0.9587291603170687848 ) ) ;
#2560 = ADVANCED_FACE ( 'NONE', ( #1352 ), #4243, .T. ) ;
#2561 = DIRECTION ( 'NONE',  ( -0.2225209339563160305, 0.9749279121818231753, 0.000000000000000000 ) ) ;
#2562 = LINE ( 'NONE', #1772, #4409 ) ;
#2563 = ORIENTED_EDGE ( 'NONE', *, *, #1422, .F. ) ;
#2564 = CARTESIAN_POINT ( 'NONE',  ( -36.68479079855764269, 129.3482683538260574, -6.035533905932705778 ) ) ;
#2565 = CARTESIAN_POINT ( 'NONE',  ( 61.25000000000000000, 0.000000000000000000, -4.999999999999988454 ) ) ;
#2566 = ORIENTED_EDGE ( 'NONE', *, *, #3298, .F. ) ;
#2567 = CARTESIAN_POINT ( 'NONE',  ( 5.426734083147984222, 80.23577419595069671, 10.00000000000000000 ) ) ;
#2568 = CARTESIAN_POINT ( 'NONE',  ( 66.44300951109774189, 25.63590297442987875, -1.216990014112753427 ) ) ;
#2569 = DIRECTION ( 'NONE',  ( 0.000000000000000000, -0.000000000000000000, -1.000000000000000000 ) ) ;
#2570 = CARTESIAN_POINT ( 'NONE',  ( 5.865807359932967202, 133.4456640676979760, -4.267766952966361771 ) ) ;
#2571 = ORIENTED_EDGE ( 'NONE', *, *, #1685, .F. ) ;
#2572 = FACE_OUTER_BOUND ( 'NONE', #3226, .T. ) ;
#2573 = VECTOR ( 'NONE', #1202, 1000.000000000000000 ) ;
#2574 = EDGE_CURVE ( 'NONE', #3108, #3619, #1069, .T. ) ;
#2575 = CIRCLE ( 'NONE', #3253, 100.0000000000000284 ) ;
#2576 = CARTESIAN_POINT ( 'NONE',  ( 61.17336004566794116, -35.05630477059022354, -0.5257561477856981247 ) ) ;
#2577 = EDGE_LOOP ( 'NONE', ( #2264, #4786, #3700, #2094 ) ) ;
#2578 = CIRCLE ( 'NONE', #3263, 61.98223304703363112 ) ;
#2579 = CARTESIAN_POINT ( 'NONE',  ( -36.77214036384444285, 128.7649068796660003, -4.607942696829291584 ) ) ;
#2580 = ORIENTED_EDGE ( 'NONE', *, *, #3814, .T. ) ;
#2581 = EDGE_CURVE ( 'NONE', #526, #2387, #1588, .T. ) ;
#2582 = ORIENTED_EDGE ( 'NONE', *, *, #1942, .F. ) ;
#2583 = CYLINDRICAL_SURFACE ( 'NONE', #3583, 2.875000000000002665 ) ;
#2584 = EDGE_CURVE ( 'NONE', #5230, #4410, #1597, .T. ) ;
#2585 = DIRECTION ( 'NONE',  ( 1.000000000000000000, 0.000000000000000000, 0.000000000000000000 ) ) ;
#2586 = AXIS2_PLACEMENT_3D ( 'NONE', #1205, #5299, #3574 ) ;
#2587 = LINE ( 'NONE', #4255, #1660 ) ;
#2588 = DIRECTION ( 'NONE',  ( 1.000000000000000000, 0.000000000000000000, 0.000000000000000000 ) ) ;
#2589 = VERTEX_POINT ( 'NONE', #620 ) ;
#2590 = EDGE_CURVE ( 'NONE', #1907, #1894, #2524, .T. ) ;
#2591 = CARTESIAN_POINT ( 'NONE',  ( 67.37798887261989478, 21.52336886504942015, -0.7322330470335970398 ) ) ;
#2592 = DIRECTION ( 'NONE',  ( 0.9930879748019211251, 0.1173723745342948044, -1.331955939687986377E-17 ) ) ;
#2593 = ORIENTED_EDGE ( 'NONE', *, *, #5280, .F. ) ;
#2594 = CARTESIAN_POINT ( 'NONE',  ( -36.38346679326547672, 129.0341571512986150, -4.357014115527253040 ) ) ;
#2595 = CIRCLE ( 'NONE', #1831, 2.500000000000002220 ) ;
#2596 = CARTESIAN_POINT ( 'NONE',  ( 66.68346193883331807, 25.48053313720192037, -1.385770974108728515 ) ) ;
#2597 = LINE ( 'NONE', #3026, #1145 ) ;
#2598 = VECTOR ( 'NONE', #4859, 1000.000000000000000 ) ;
#2599 = CARTESIAN_POINT ( 'NONE',  ( 60.37626627514516287, -38.67720552002381851, -1.702108982863987929 ) ) ;
#2600 = ORIENTED_EDGE ( 'NONE', *, *, #704, .T. ) ;
#2601 = DIRECTION ( 'NONE',  ( 1.000000000000000000, 0.000000000000000000, 0.000000000000000000 ) ) ;
#2602 = AXIS2_PLACEMENT_3D ( 'NONE', #2530, #581, #2506 ) ;
#2603 = CARTESIAN_POINT ( 'NONE',  ( -6.495192296721088887, 136.7715329298316362, -5.318861462529484996 ) ) ;
#2604 = B_SPLINE_CURVE_WITH_KNOTS ( 'NONE', 3,
 ( #1276, #379, #2887, #4512, #865, #352 ),
 .UNSPECIFIED., .F., .F.,
 ( 4, 2, 4 ),
 ( 0.000000000000000000, 0.0006744358634355706846, 0.001348871726871141369 ),
 .UNSPECIFIED. ) ;
#2605 = VECTOR ( 'NONE', #3775, 1000.000000000000000 ) ;
#2606 = CARTESIAN_POINT ( 'NONE',  ( 138.3549707563275888, 107.1583037707098640, 8.239936510889833698E-15 ) ) ;
#2607 = EDGE_CURVE ( 'NONE', #3324, #427, #3204, .T. ) ;
#2608 = ORIENTED_EDGE ( 'NONE', *, *, #2980, .T. ) ;
#2609 = CARTESIAN_POINT ( 'NONE',  ( -8.926169083333139298, 75.52434048368601793, 10.00000000000000000 ) ) ;
#2610 = ORIENTED_EDGE ( 'NONE', *, *, #3846, .F. ) ;
#2611 = ORIENTED_EDGE ( 'NONE', *, *, #3265, .F. ) ;
#2612 = DIRECTION ( 'NONE',  ( -0.000000000000000000, -0.000000000000000000, 1.000000000000000000 ) ) ;
#2613 = CARTESIAN_POINT ( 'NONE',  ( 8.098693842866211412, -68.52307026133263435, -3.125000000000000000 ) ) ;
#2614 = DIRECTION ( 'NONE',  ( -1.579692751415678795E-30, 3.581290393448284280E-30, 1.000000000000000000 ) ) ;
#2615 = ADVANCED_FACE ( 'NONE', ( #1453 ), #4797, .F. ) ;
#2616 = CYLINDRICAL_SURFACE ( 'NONE', #4999, 1.250000000000000444 ) ;
#2617 = ORIENTED_EDGE ( 'NONE', *, *, #931, .T. ) ;
#2618 = DIRECTION ( 'NONE',  ( -0.000000000000000000, -0.000000000000000000, 1.000000000000000000 ) ) ;
#2619 = FACE_BOUND ( 'NONE', #3499, .T. ) ;
#2620 = ORIENTED_EDGE ( 'NONE', *, *, #3885, .T. ) ;
#2621 = CARTESIAN_POINT ( 'NONE',  ( -37.11590032251868365, 128.5311543515555854, -4.818470161815909591 ) ) ;
#2622 = CARTESIAN_POINT ( 'NONE',  ( 7.293625970121454749, 128.7103351681030858, -0.4198209780158611570 ) ) ;
#2623 = ADVANCED_FACE ( 'NONE', ( #5198 ), #1878, .T. ) ;
#2624 = CARTESIAN_POINT ( 'NONE',  ( -22.73895806074017045, 135.3157791286780878, -5.368315771322438756 ) ) ;
#2625 = CARTESIAN_POINT ( 'NONE',  ( 59.14269965003180829, -39.23580379524857165, -0.9737392033384871803 ) ) ;
#2626 = VERTEX_POINT ( 'NONE', #295 ) ;
#2627 = DIRECTION ( 'NONE',  ( -0.1173723745342946240, 0.9930879748019212361, 0.000000000000000000 ) ) ;
#2628 = AXIS2_PLACEMENT_3D ( 'NONE', #4613, #937, #2559 ) ;
#2629 = EDGE_CURVE ( 'NONE', #913, #398, #2866, .T. ) ;
#2630 = DIRECTION ( 'NONE',  ( -1.579692751415678445E-30, 3.581290393448283579E-30, 1.000000000000000000 ) ) ;
#2631 = CARTESIAN_POINT ( 'NONE',  ( 7.327567801736406317, -65.74467098282717359, -0.2712956436600937327 ) ) ;
#2632 = ORIENTED_EDGE ( 'NONE', *, *, #2293, .T. ) ;
#2633 = AXIS2_PLACEMENT_3D ( 'NONE', #3475, #3812, #516 ) ;
#2634 = TOROIDAL_SURFACE ( 'NONE', #3322, 47.50000000000001421, 2.500000000000000000 ) ;
#2635 = VERTEX_POINT ( 'NONE', #4344 ) ;
#2636 = EDGE_LOOP ( 'NONE', ( #851, #5242, #4036, #762 ) ) ;
#2637 = CARTESIAN_POINT ( 'NONE',  ( 58.62294662508116261, -36.39162168676826781, -3.125000000000000000 ) ) ;
#2638 = AXIS2_PLACEMENT_3D ( 'NONE', #4151, #56, #2138 ) ;
#2639 = CARTESIAN_POINT ( 'NONE',  ( 9.319684997777054392, 122.6415752163279933, 8.673617379883609487E-15 ) ) ;
#2640 = DIRECTION ( 'NONE',  ( 2.664535259100375697E-15, -1.000000000000000000, 0.000000000000000000 ) ) ;
#2641 = VERTEX_POINT ( 'NONE', #3922 ) ;
#2642 = CARTESIAN_POINT ( 'NONE',  ( -34.07326507113905478, 130.8679941821694968, -4.678464931577376085 ) ) ;
#2643 = CARTESIAN_POINT ( 'NONE',  ( -25.03366992631588772, 123.2030673858477599, 10.00000000000000000 ) ) ;
#2644 = ORIENTED_EDGE ( 'NONE', *, *, #3995, .T. ) ;
#2645 = VECTOR ( 'NONE', #2116, 1000.000000000000227 ) ;
#2646 = CARTESIAN_POINT ( 'NONE',  ( -30.40463038132404705, 132.2967247405283899, -2.812001939742650336 ) ) ;
#2647 = CARTESIAN_POINT ( 'NONE',  ( 7.203157808174119658, 129.0770239340828880, -0.6576282690438675083 ) ) ;
#2648 = EDGE_CURVE ( 'NONE', #2874, #1927, #4198, .T. ) ;
#2649 = CARTESIAN_POINT ( 'NONE',  ( -36.81333453042403647, 128.4014460790993439, -4.267766952966386640 ) ) ;
#2650 = CARTESIAN_POINT ( 'NONE',  ( 60.07750541997106808, -38.87804119408157533, -1.559635416905722938 ) ) ;
#2651 = ORIENTED_EDGE ( 'NONE', *, *, #1068, .F. ) ;
#2652 = EDGE_CURVE ( 'NONE', #1279, #3019, #2026, .T. ) ;
#2653 = CARTESIAN_POINT ( 'NONE',  ( -34.57880457153797238, 57.72044133069156402, -5.109635291711155906E-28 ) ) ;
#2654 = ADVANCED_FACE ( 'NONE', ( #5167 ), #561, .T. ) ;
#2655 = CARTESIAN_POINT ( 'NONE',  ( -66.62129980128257500, 9.431091442354412990, 0.000000000000000000 ) ) ;
#2656 = CYLINDRICAL_SURFACE ( 'NONE', #4841, 2.875000000000002665 ) ;
#2657 = EDGE_LOOP ( 'NONE', ( #2717, #2291, #4768 ) ) ;
#2658 = AXIS2_PLACEMENT_3D ( 'NONE', #3766, #2517, #1329 ) ;
#2659 = VERTEX_POINT ( 'NONE', #2355 ) ;
#2660 = VECTOR ( 'NONE', #3531, 1000.000000000000227 ) ;
#2661 = AXIS2_PLACEMENT_3D ( 'NONE', #390, #415, #847 ) ;
#2662 = DIRECTION ( 'NONE',  ( 0.7852140432544197912, -0.6192244393400879732, 1.308426038387138150E-16 ) ) ;
#2663 = ORIENTED_EDGE ( 'NONE', *, *, #3854, .T. ) ;
#2664 = B_SPLINE_CURVE_WITH_KNOTS ( 'NONE', 3,
 ( #10, #1623, #2442, #494, #795, #4464, #4161, #1647 ),
 .UNSPECIFIED., .F., .F.,
 ( 4, 2, 2, 4 ),
 ( 8.673617379884035472E-18, 0.0007786369835849818845, 0.001167955475377469195, 0.001557273967169956396 ),
 .UNSPECIFIED. ) ;
#2665 = ORIENTED_EDGE ( 'NONE', *, *, #4785, .T. ) ;
#2666 = CARTESIAN_POINT ( 'NONE',  ( -2.716781690884938955E-28, -7.738773267559396372E-29, 8.239936510889833698E-15 ) ) ;
#2667 = DIRECTION ( 'NONE',  ( -0.000000000000000000, 0.000000000000000000, 1.000000000000000000 ) ) ;
#2668 = CARTESIAN_POINT ( 'NONE',  ( -48.52404058627524108, -49.05524931321311755, -3.125000000000000000 ) ) ;
#2669 = EDGE_LOOP ( 'NONE', ( #3195, #4453, #3240, #62 ) ) ;
#2670 = CARTESIAN_POINT ( 'NONE',  ( -32.38281852149478368, 72.49565920133930774, 8.673617379884035472E-15 ) ) ;
#2671 = CARTESIAN_POINT ( 'NONE',  ( 63.75000000000000000, 7.807123344564376739E-15, -6.035533905932719101 ) ) ;
#2672 = ORIENTED_EDGE ( 'NONE', *, *, #3864, .F. ) ;
#2673 = CARTESIAN_POINT ( 'NONE',  ( -74.99999999999998579, 9.184850993605147156E-15, -10.00000000000000711 ) ) ;
#2674 = CARTESIAN_POINT ( 'NONE',  ( -60.02136080706333843, 81.91420052022823484, -6.035533905932755516 ) ) ;
#2675 = CIRCLE ( 'NONE', #27, 104.2677669529663973 ) ;
#2676 = CARTESIAN_POINT ( 'NONE',  ( -26.62565080990334820, 134.1451862185921868, -4.144948565948859631 ) ) ;
#2677 = CARTESIAN_POINT ( 'NONE',  ( -159.5239168776901408, 71.95220597035097398, 8.239936510889833698E-15 ) ) ;
#2678 = CIRCLE ( 'NONE', #4741, 2.500000000000001332 ) ;
#2679 = ORIENTED_EDGE ( 'NONE', *, *, #681, .F. ) ;
#2680 = CARTESIAN_POINT ( 'NONE',  ( -34.87393648434059656, 56.94288422389940507, -0.05207026187048013205 ) ) ;
#2681 = CIRCLE ( 'NONE', #2179, 2.875000000000002665 ) ;
#2682 = CARTESIAN_POINT ( 'NONE',  ( 5.990720058689313454, -70.47808216033043038, -0.7322330470335995933 ) ) ;
#2683 = EDGE_CURVE ( 'NONE', #2743, #2287, #3983, .T. ) ;
#2684 = DIRECTION ( 'NONE',  ( -5.422707424026064645E-30, 2.838115920540687427E-30, 1.000000000000000000 ) ) ;
#2685 = ORIENTED_EDGE ( 'NONE', *, *, #931, .F. ) ;
#2686 = CARTESIAN_POINT ( 'NONE',  ( 56.26637266543132654, -34.73515543522610471, -0.2861340186118396245 ) ) ;
#2687 = ORIENTED_EDGE ( 'NONE', *, *, #3756, .T. ) ;
#2688 = CIRCLE ( 'NONE', #4588, 74.99999999999998579 ) ;
#2689 = CARTESIAN_POINT ( 'NONE',  ( -47.31661613498223318, -46.43797666093025356, -0.2027850464542818310 ) ) ;
#2690 = ORIENTED_EDGE ( 'NONE', *, *, #3786, .T. ) ;
#2691 = ORIENTED_EDGE ( 'NONE', *, *, #2550, .T. ) ;
#2692 = CARTESIAN_POINT ( 'NONE',  ( 21.83561141521541771, 121.0617031780017783, -1.883612746597475684 ) ) ;
#2693 = AXIS2_PLACEMENT_3D ( 'NONE', #242, #5140, #701 ) ;
#2694 = CARTESIAN_POINT ( 'NONE',  ( 10.15161903936521703, 79.10338138972221600, 7.246930436873953774 ) ) ;
#2695 = DIRECTION ( 'NONE',  ( -1.579692751415678445E-30, 3.581290393448283579E-30, 1.000000000000000000 ) ) ;
#2696 = ORIENTED_EDGE ( 'NONE', *, *, #2574, .F. ) ;
#2697 = FACE_OUTER_BOUND ( 'NONE', #2636, .T. ) ;
#2698 = DIRECTION ( 'NONE',  ( -1.000000000000000000, 0.000000000000000000, 0.000000000000000000 ) ) ;
#2699 = EDGE_LOOP ( 'NONE', ( #696, #1851, #5075, #4155 ) ) ;
#2700 = CARTESIAN_POINT ( 'NONE',  ( -31.61218293826462045, 131.7410407944742303, -2.850767692583648039 ) ) ;
#2701 = CARTESIAN_POINT ( 'NONE',  ( -159.5239168776901408, 71.95220597035097398, 0.000000000000000000 ) ) ;
#2702 = DIRECTION ( 'NONE',  ( -0.1173723745342944852, 0.9930879748019212361, -6.009258394948610734E-18 ) ) ;
#2703 = CARTESIAN_POINT ( 'NONE',  ( -50.67610636676704416, -50.96499208736575071, -1.871310709757691315 ) ) ;
#2704 = ORIENTED_EDGE ( 'NONE', *, *, #148, .T. ) ;
#2705 = ORIENTED_EDGE ( 'NONE', *, *, #1123, .F. ) ;
#2706 = DIRECTION ( 'NONE',  ( -0.4965439874009621724, -0.05868618726714749240, 0.8660254037844377084 ) ) ;
#2707 = CARTESIAN_POINT ( 'NONE',  ( 67.86479596000715730, 22.83059060053322753, -1.602016114531897184 ) ) ;
#2708 = CARTESIAN_POINT ( 'NONE',  ( 8.203312501522113109, -65.64166795848782954, -0.2710412737724777754 ) ) ;
#2709 = ORIENTED_EDGE ( 'NONE', *, *, #4892, .F. ) ;
#2710 = SURFACE_SIDE_STYLE ('',( #2312 ) ) ;
#2711 = EDGE_CURVE ( 'NONE', #482, #277, #4509, .T. ) ;
#2712 = EDGE_CURVE ( 'NONE', #1434, #23, #1694, .T. ) ;
#2713 = ORIENTED_EDGE ( 'NONE', *, *, #4728, .T. ) ;
#2714 = AXIS2_PLACEMENT_3D ( 'NONE', #3564, #3996, #4813 ) ;
#2715 = FACE_OUTER_BOUND ( 'NONE', #1892, .T. ) ;
#2716 = VERTEX_POINT ( 'NONE', #3577 ) ;
#2717 = ORIENTED_EDGE ( 'NONE', *, *, #1655, .T. ) ;
#2718 = CARTESIAN_POINT ( 'NONE',  ( 21.27779794423074478, 121.4697971688320592, -1.804131679418713441 ) ) ;
#2719 = ADVANCED_FACE ( 'NONE', ( #2697 ), #3629, .T. ) ;
#2720 = EDGE_CURVE ( 'NONE', #1390, #1294, #4316, .T. ) ;
#2721 = CARTESIAN_POINT ( 'NONE',  ( 10.59496320747804710, 59.90086699152863048, 0.3870963096967959816 ) ) ;
#2722 = EDGE_CURVE ( 'NONE', #3544, #1515, #5267, .T. ) ;
#2723 = CARTESIAN_POINT ( 'NONE',  ( -36.68479079855764269, 129.3482683538260574, -6.035533905932705778 ) ) ;
#2724 = DIRECTION ( 'NONE',  ( 0.7852140432544197912, -0.6192244393400878621, 0.000000000000000000 ) ) ;
#2725 = ORIENTED_EDGE ( 'NONE', *, *, #5020, .F. ) ;
#2726 = CARTESIAN_POINT ( 'NONE',  ( -32.01249899420073319, 72.06375467967986026, 8.673617379883726239E-15 ) ) ;
#2727 = DIRECTION ( 'NONE',  ( 1.000000000000000000, 0.000000000000000000, 0.000000000000000000 ) ) ;
#2728 = ORIENTED_EDGE ( 'NONE', *, *, #988, .F. ) ;
#2729 = AXIS2_PLACEMENT_3D ( 'NONE', #3893, #3467, #585 ) ;
#2730 = DIRECTION ( 'NONE',  ( 0.000000000000000000, -0.000000000000000000, -1.000000000000000000 ) ) ;
#2731 = DIRECTION ( 'NONE',  ( 1.000000000000000000, 0.000000000000000000, 0.000000000000000000 ) ) ;
#2732 = CARTESIAN_POINT ( 'NONE',  ( 1.661668394962741102, 66.66983976883948060, -0.06238467481857509073 ) ) ;
#2733 = EDGE_LOOP ( 'NONE', ( #2282, #866, #2690, #2334, #3720, #3033, #3521 ) ) ;
#2734 = CARTESIAN_POINT ( 'NONE',  ( -35.54551397198824247, 56.20309437434261213, -0.1266356614352197041 ) ) ;
#2735 = TOROIDAL_SURFACE ( 'NONE', #1888, 68.96446609406721961, 2.500000000000000000 ) ;
#2736 = DIRECTION ( 'NONE',  ( 0.2396405517700143928, 0.8491611506782387186, 0.4706354705355013657 ) ) ;
#2737 = DIRECTION ( 'NONE',  ( -1.533053090151794101E-17, 1.297116629533491305E-16, -1.000000000000000000 ) ) ;
#2738 = DIRECTION ( 'NONE',  ( 0.000000000000000000, 0.000000000000000000, -1.000000000000000000 ) ) ;
#2739 =( LENGTH_UNIT ( ) NAMED_UNIT ( * ) SI_UNIT ( .MILLI., .METRE. ) );
#2740 = EDGE_CURVE ( 'NONE', #574, #3291, #3296, .T. ) ;
#2741 = ORIENTED_EDGE ( 'NONE', *, *, #1748, .T. ) ;
#2742 = CARTESIAN_POINT ( 'NONE',  ( -48.50142546826285894, -46.17316721465608254, -0.01679763410185750039 ) ) ;
#2743 = VERTEX_POINT ( 'NONE', #373 ) ;
#2744 = ORIENTED_EDGE ( 'NONE', *, *, #2319, .F. ) ;
#2745 = CARTESIAN_POINT ( 'NONE',  ( 20.66713642706557152, 121.7249183267602035, -1.585279679749529436 ) ) ;
#2746 = DIRECTION ( 'NONE',  ( -0.000000000000000000, -0.000000000000000000, 1.000000000000000000 ) ) ;
#2747 = DIRECTION ( 'NONE',  ( -0.000000000000000000, -0.000000000000000000, 1.000000000000000000 ) ) ;
#2748 = ORIENTED_EDGE ( 'NONE', *, *, #3547, .T. ) ;
#2749 = CARTESIAN_POINT ( 'NONE',  ( -10.00304085465979220, 136.2071972711073045, -4.312478025825621231 ) ) ;
#2750 = CARTESIAN_POINT ( 'NONE',  ( -5.636001650081139402, 136.2931058362979115, -3.572450661324279686 ) ) ;
#2751 = EDGE_LOOP ( 'NONE', ( #677, #255, #1750, #2114, #3411 ) ) ;
#2752 = EDGE_CURVE ( 'NONE', #3557, #3458, #2441, .T. ) ;
#2753 = CIRCLE ( 'NONE', #2661, 67.28553390593272354 ) ;
#2754 = CARTESIAN_POINT ( 'NONE',  ( -33.58230177057586729, 118.6450458634352429, 7.209936490538876974 ) ) ;
#2755 = PRODUCT_DEFINITION_CONTEXT ( 'detailed design', #666, 'design' ) ;
#2756 = B_SPLINE_CURVE_WITH_KNOTS ( 'NONE', 3,
 ( #4967, #1731, #4569, #491, #466, #4650, #1307, #5040, #3344, #2099, #1281, #922, #4185, #4942 ),
 .UNSPECIFIED., .F., .F.,
 ( 4, 2, 2, 2, 2, 2, 4 ),
 ( 3.027863797346816984E-15, 0.003015957285578774270, 0.004523935928366659351, 0.006031914571154544866, 0.007539893213942429513, 0.009047871856730314161, 0.01206382914230609560 ),
 .UNSPECIFIED. ) ;
#2757 = CARTESIAN_POINT ( 'NONE',  ( -37.15246751335894970, 126.8757839802994170, -3.175700369948467827 ) ) ;
#2758 = CARTESIAN_POINT ( 'NONE',  ( -51.06590620188026719, -50.41561546670904903, -1.759464189954951907 ) ) ;
#2759 = ORIENTED_EDGE ( 'NONE', *, *, #2007, .F. ) ;
#2760 = ORIENTED_EDGE ( 'NONE', *, *, #2551, .T. ) ;
#2761 = CIRCLE ( 'NONE', #5162, 2.874999999999999112 ) ;
#2762 = CARTESIAN_POINT ( 'NONE',  ( 5.561370565658540599, 80.61730205571207364, 10.00000000000000000 ) ) ;
#2763 = CIRCLE ( 'NONE', #3024, 45.73223304703363823 ) ;
#2764 = DIRECTION ( 'NONE',  ( 1.000000000000000000, 0.000000000000000000, 0.000000000000000000 ) ) ;
#2765 = CARTESIAN_POINT ( 'NONE',  ( 23.41911360633501360, 62.94708203464621477, 7.450501804048827360E-15 ) ) ;
#2766 = CARTESIAN_POINT ( 'NONE',  ( -70.04411011768034712, 9.842328466482802796, -0.7322330470335925989 ) ) ;
#2767 =( NAMED_UNIT ( * ) SI_UNIT ( $, .STERADIAN. ) SOLID_ANGLE_UNIT ( ) );
#2768 = AXIS2_PLACEMENT_3D ( 'NONE', #2677, #4804, #4407 ) ;
#2769 = EDGE_CURVE ( 'NONE', #4775, #2131, #4880, .T. ) ;
#2770 = B_SPLINE_CURVE_WITH_KNOTS ( 'NONE', 3,
 ( #2649, #4293, #2757, #626, #1513, #3132, #300, #225 ),
 .UNSPECIFIED., .F., .F.,
 ( 4, 2, 2, 4 ),
 ( 0.01434356491410168112, 0.01721631618525665264, 0.01865269182083413579, 0.02008906745641162242 ),
 .UNSPECIFIED. ) ;
#2771 = CIRCLE ( 'NONE', #3541, 3.250000000000002665 ) ;
#2772 = LINE ( 'NONE', #2002, #3198 ) ;
#2773 = EDGE_LOOP ( 'NONE', ( #1525, #4695 ) ) ;
#2774 = PLANE ( 'NONE',  #4711 ) ;
#2775 =( BOUNDED_CURVE ( )  B_SPLINE_CURVE ( 3, ( #4561, #2882, #1637, #429 ),
 .UNSPECIFIED., .F., .T. ) 
 B_SPLINE_CURVE_WITH_KNOTS ( ( 4, 4 ),
 ( 2.949063715638059691, 3.273637192805648688 ),
 .UNSPECIFIED. ) 
 CURVE ( )  GEOMETRIC_REPRESENTATION_ITEM ( )  RATIONAL_B_SPLINE_CURVE ( ( 1.000000000000000000, 0.9912402556085331273, 0.9912402556085331273, 1.000000000000000000 ) ) 
 REPRESENTATION_ITEM ( '' )  );
#2776 = CARTESIAN_POINT ( 'NONE',  ( 0.000000000000000000, 0.000000000000000000, -4.267766952966378646 ) ) ;
#2777 = AXIS2_PLACEMENT_3D ( 'NONE', #392, #341, #1148 ) ;
#2778 = FACE_OUTER_BOUND ( 'NONE', #1354, .T. ) ;
#2779 = CARTESIAN_POINT ( 'NONE',  ( 5.520080055678312725, 134.3364325797221284, -6.035533905932699561 ) ) ;
#2780 = ORIENTED_EDGE ( 'NONE', *, *, #3846, .T. ) ;
#2781 =( BOUNDED_CURVE ( )  B_SPLINE_CURVE ( 3, ( #1581, #3199, #3247, #3980 ),
 .UNSPECIFIED., .F., .T. ) 
 B_SPLINE_CURVE_WITH_KNOTS ( ( 4, 4 ),
 ( 3.282735895137252946, 3.362328186239676775 ),
 .UNSPECIFIED. ) 
 CURVE ( )  GEOMETRIC_REPRESENTATION_ITEM ( )  RATIONAL_B_SPLINE_CURVE ( ( 1.000000000000000000, 0.9994721586019343906, 0.9994721586019343906, 1.000000000000000000 ) ) 
 REPRESENTATION_ITEM ( '' )  );
#2782 = CARTESIAN_POINT ( 'NONE',  ( 138.3549707563275888, 107.1583037707098640, -2.499999999999991118 ) ) ;
#2783 = CARTESIAN_POINT ( 'NONE',  ( -61.25000000000000000, 0.000000000000000000, -6.035533905932719101 ) ) ;
#2784 = AXIS2_PLACEMENT_3D ( 'NONE', #942, #3789, #2142 ) ;
#2785 = EDGE_LOOP ( 'NONE', ( #1207, #2191, #2744, #3205 ) ) ;
#2786 = CARTESIAN_POINT ( 'NONE',  ( -10.27008277174995499, 86.89519779516678000, -307.0258184027516677 ) ) ;
#2787 = EDGE_CURVE ( 'NONE', #314, #3108, #134, .T. ) ;
#2788 = CARTESIAN_POINT ( 'NONE',  ( 5.300284585323717046, 133.9607306301287224, -4.357014115530851051 ) ) ;
#2789 = CARTESIAN_POINT ( 'NONE',  ( 5.426734083147984222, 80.23577419595069671, 10.00000000000000000 ) ) ;
#2790 = EDGE_LOOP ( 'NONE', ( #4118, #4346, #1867, #3082, #1035, #1531, #824, #645 ) ) ;
#2791 = EDGE_LOOP ( 'NONE', ( #1832, #382 ) ) ;
#2792 = FACE_BOUND ( 'NONE', #1092, .T. ) ;
#2793 = CARTESIAN_POINT ( 'NONE',  ( 67.60077984815026753, 24.41888577833705654, -1.875152057202898570 ) ) ;
#2794 = ADVANCED_FACE ( 'NONE', ( #4560 ), #3708, .T. ) ;
#2795 = CARTESIAN_POINT ( 'NONE',  ( -8.517187195627386131, 65.19243522681324521, -0.5343273557793081219 ) ) ;
#2796 = DIRECTION ( 'NONE',  ( 0.000000000000000000, -0.000000000000000000, -1.000000000000000000 ) ) ;
#2797 = FACE_OUTER_BOUND ( 'NONE', #3261, .T. ) ;
#2798 = B_SPLINE_CURVE_WITH_KNOTS ( 'NONE', 3,
 ( #2140, #5088, #4200, #3759, #3338, #135 ),
 .UNSPECIFIED., .F., .F.,
 ( 4, 2, 4 ),
 ( 0.000000000000000000, 0.0006744470120291837494, 0.001348894024058367499 ),
 .UNSPECIFIED. ) ;
#2799 = FACE_OUTER_BOUND ( 'NONE', #873, .T. ) ;
#2800 = ORIENTED_EDGE ( 'NONE', *, *, #2683, .T. ) ;
#2801 = CARTESIAN_POINT ( 'NONE',  ( -45.64904058627625716, -49.17360977474046280, -0.005671453439127543267 ) ) ;
#2802 = DIRECTION ( 'NONE',  ( 1.560292508376632279E-30, 5.918289032593632934E-30, 1.000000000000000000 ) ) ;
#2803 = CIRCLE ( 'NONE', #2545, 74.99999999999998579 ) ;
#2804 = DIRECTION ( 'NONE',  ( 0.000000000000000000, 0.000000000000000000, -1.000000000000000000 ) ) ;
#2805 = DIRECTION ( 'NONE',  ( 0.6192244393400867519, 0.7852140432544206794, 0.000000000000000000 ) ) ;
#2806 = ORIENTED_EDGE ( 'NONE', *, *, #1301, .T. ) ;
#2807 = FACE_OUTER_BOUND ( 'NONE', #583, .T. ) ;
#2808 = CARTESIAN_POINT ( 'NONE',  ( -47.50682111169420807, -51.74837842691587753, -0.3489760767526202678 ) ) ;
#2809 = ORIENTED_EDGE ( 'NONE', *, *, #497, .F. ) ;
#2810 = AXIS2_PLACEMENT_3D ( 'NONE', #35, #1596, #384 ) ;
#2811 = DIRECTION ( 'NONE',  ( 0.000000000000000000, 0.000000000000000000, 1.000000000000000000 ) ) ;
#2812 = CARTESIAN_POINT ( 'NONE',  ( 4.426923950610066605, 134.2684238591315307, -3.948208221934531359 ) ) ;
#2813 = CONICAL_SURFACE ( 'NONE', #3743, 13.25000000000008882, 0.5235987755982947078 ) ;
#2814 = DIRECTION ( 'NONE',  ( 1.560292508376632279E-30, 5.918289032593633634E-30, 1.000000000000000000 ) ) ;
#2815 = ORIENTED_EDGE ( 'NONE', *, *, #3832, .F. ) ;
#2816 = ORIENTED_EDGE ( 'NONE', *, *, #3079, .T. ) ;
#2817 = CARTESIAN_POINT ( 'NONE',  ( 3.437022583294977007, 72.19763389503656015, 6.584936490538877862 ) ) ;
#2818 = DIRECTION ( 'NONE',  ( -1.533053090151794101E-17, 1.297116629533491305E-16, -1.000000000000000000 ) ) ;
#2819 = EDGE_CURVE ( 'NONE', #304, #481, #3124, .T. ) ;
#2820 = CARTESIAN_POINT ( 'NONE',  ( -71.17593286197941893, 8.667799334034448577, -1.701407482219595257 ) ) ;
#2821 = EDGE_CURVE ( 'NONE', #1083, #2189, #3548, .T. ) ;
#2822 = DIRECTION ( 'NONE',  ( -0.1350873731702904590, 0.9908336901871830360, 5.270696119849118660E-16 ) ) ;
#2823 = EDGE_CURVE ( 'NONE', #3397, #2635, #4934, .T. ) ;
#2824 = DIRECTION ( 'NONE',  ( -6.217248937900875838E-15, -1.000000000000000000, 3.572180275712047210E-30 ) ) ;
#2825 = ORIENTED_EDGE ( 'NONE', *, *, #4095, .F. ) ;
#2826 = CARTESIAN_POINT ( 'NONE',  ( -5.124609333021688862, 136.6297341164329566, -4.822450661324387156 ) ) ;
#2827 = CARTESIAN_POINT ( 'NONE',  ( -4.905333486288298239, 130.1109205485559244, 7.209936490538908060 ) ) ;
#2828 = DIRECTION ( 'NONE',  ( -0.1439345685724646440, -0.5100290538000100682, -0.8480290114434322346 ) ) ;
#2829 = EDGE_LOOP ( 'NONE', ( #2952, #3464, #206, #1166 ) ) ;
#2830 = CARTESIAN_POINT ( 'NONE',  ( -20.17319419367581546, 69.40715885486176262, 6.584936490538884968 ) ) ;
#2831 = CARTESIAN_POINT ( 'NONE',  ( 1.374306293872960216, 75.39267570511782424, 10.00000000000000000 ) ) ;
#2832 = ORIENTED_EDGE ( 'NONE', *, *, #4868, .T. ) ;
#2833 = CIRCLE ( 'NONE', #4386, 68.96446609406721961 ) ;
#2834 = DIRECTION ( 'NONE',  ( -0.7852140432544196802, 0.6192244393400880842, 0.000000000000000000 ) ) ;
#2835 = DIRECTION ( 'NONE',  ( -0.000000000000000000, 0.000000000000000000, 1.000000000000000000 ) ) ;
#2836 = CARTESIAN_POINT ( 'NONE',  ( -18.99099127974561085, 72.99031877834843840, 10.00000000000000000 ) ) ;
#2837 = AXIS2_PLACEMENT_3D ( 'NONE', #1978, #4523, #1284 ) ;
#2838 = EDGE_LOOP ( 'NONE', ( #5178, #2571, #1843, #1485 ) ) ;
#2839 = ORIENTED_EDGE ( 'NONE', *, *, #3595, .F. ) ;
#2840 = DIRECTION ( 'NONE',  ( 0.000000000000000000, 0.000000000000000000, 1.000000000000000000 ) ) ;
#2841 = CYLINDRICAL_SURFACE ( 'NONE', #3354, 100.0000000000000284 ) ;
#2842 = ORIENTED_EDGE ( 'NONE', *, *, #1954, .T. ) ;
#2843 = DIRECTION ( 'NONE',  ( -0.000000000000000000, 0.000000000000000000, 1.000000000000000000 ) ) ;
#2844 = VECTOR ( 'NONE', #2746, 1000.000000000000000 ) ;
#2845 = EDGE_CURVE ( 'NONE', #4835, #557, #4659, .T. ) ;
#2846 = DIRECTION ( 'NONE',  ( -0.000000000000000000, -0.000000000000000000, 1.000000000000000000 ) ) ;
#2847 = ORIENTED_EDGE ( 'NONE', *, *, #4025, .T. ) ;
#2848 = AXIS2_PLACEMENT_3D ( 'NONE', #3138, #4780, #1113 ) ;
#2849 = CARTESIAN_POINT ( 'NONE',  ( 138.3549707563275888, 107.1583037707098640, -6.035533905932755516 ) ) ;
#2850 = DIRECTION ( 'NONE',  ( -5.422707424026065345E-30, 2.838115920540687427E-30, 1.000000000000000000 ) ) ;
#2851 = CIRCLE ( 'NONE', #1675, 68.96446609406721961 ) ;
#2852 = CARTESIAN_POINT ( 'NONE',  ( -21.38438636064654119, 134.7588256394140274, -4.134934325725061477 ) ) ;
#2853 = CARTESIAN_POINT ( 'NONE',  ( -2.570078410742960004E-28, -9.265730723872635445E-29, 8.239936510889833698E-15 ) ) ;
#2854 = EDGE_LOOP ( 'NONE', ( #1046, #2060 ) ) ;
#2855 = LINE ( 'NONE', #4092, #1170 ) ;
#2856 = LINE ( 'NONE', #400, #3926 ) ;
#2857 = VECTOR ( 'NONE', #371, 1000.000000000000114 ) ;
#2858 = PLANE ( 'NONE',  #509 ) ;
#2859 = CARTESIAN_POINT ( 'NONE',  ( 0.9001592643836566765, 135.6337634582239957, -4.227295164348979561 ) ) ;
#2860 = AXIS2_PLACEMENT_3D ( 'NONE', #2863, #1249, #1643 ) ;
#2861 = DIRECTION ( 'NONE',  ( 1.000000000000000000, 0.000000000000000000, 0.000000000000000000 ) ) ;
#2862 = VERTEX_POINT ( 'NONE', #1295 ) ;
#2863 = CARTESIAN_POINT ( 'NONE',  ( 8.098693842866211412, -68.52307026133263435, -3.125000000000000000 ) ) ;
#2864 = EDGE_LOOP ( 'NONE', ( #4879, #697, #2935, #4372 ) ) ;
#2865 = DIRECTION ( 'NONE',  ( -0.000000000000000000, -0.000000000000000000, 1.000000000000000000 ) ) ;
#2866 = CIRCLE ( 'NONE', #4066, 45.73223304703363823 ) ;
#2867 = DIRECTION ( 'NONE',  ( -1.579692751415678795E-30, 3.581290393448284280E-30, 1.000000000000000000 ) ) ;
#2868 = ORIENTED_EDGE ( 'NONE', *, *, #2629, .F. ) ;
#2869 = DIRECTION ( 'NONE',  ( 1.000000000000000000, 0.000000000000000000, 0.000000000000000000 ) ) ;
#2870 = B_SPLINE_CURVE_WITH_KNOTS ( 'NONE', 3,
 ( #1462, #1029, #3083, #4704, #4683, #199, #3964, #2734, #2234, #4298, #1056, #2680, #3056, #5151, #2257, #2653 ),
 .UNSPECIFIED., .F., .F.,
 ( 4, 2, 2, 2, 2, 2, 2, 4 ),
 ( 0.003092492239769753602, 0.004091519857886747810, 0.004591033666945243397, 0.005090547476003738983, 0.005590061285062234570, 0.006089575094120730156, 0.006589088903179225742, 0.007088602712237721329 ),
 .UNSPECIFIED. ) ;
#2871 = FACE_OUTER_BOUND ( 'NONE', #1734, .T. ) ;
#2872 = DIRECTION ( 'NONE',  ( -0.6800153088666229806, 0.5362640951126927957, -0.4999999999999962252 ) ) ;
#2873 = ADVANCED_FACE ( 'NONE', ( #2807 ), #3799, .T. ) ;
#2874 = VERTEX_POINT ( 'NONE', #4534 ) ;
#2875 = ADVANCED_FACE ( 'NONE', ( #1696 ), #310, .T. ) ;
#2876 = CARTESIAN_POINT ( 'NONE',  ( -66.10718274391030036, 7.352174912479794600, -10.00000000000000888 ) ) ;
#2877 = CYLINDRICAL_SURFACE ( 'NONE', #1404, 61.25000000000000000 ) ;
#2878 = CARTESIAN_POINT ( 'NONE',  ( 10.21957975710937205, 79.56215846434346872, 7.209936490538892961 ) ) ;
#2879 = ORIENTED_EDGE ( 'NONE', *, *, #2076, .T. ) ;
#2880 = EDGE_CURVE ( 'NONE', #4083, #1345, #4956, .T. ) ;
#2881 = CARTESIAN_POINT ( 'NONE',  ( -68.99079972583943743, 4.497648801793087792, 9.241129454544416699E-15 ) ) ;
#2882 = CARTESIAN_POINT ( 'NONE',  ( -19.25920391819917299, 73.03559420703446392, 9.999999999999998224 ) ) ;
#2883 = ADVANCED_FACE ( 'NONE', ( #347 ), #1584, .F. ) ;
#2884 = DIRECTION ( 'NONE',  ( -0.000000000000000000, 0.000000000000000000, 1.000000000000000000 ) ) ;
#2885 = AXIS2_PLACEMENT_3D ( 'NONE', #261, #1899, #157 ) ;
#2886 = CARTESIAN_POINT ( 'NONE',  ( -2.066816361734840957, 135.8765099553208984, -2.846596479364769561 ) ) ;
#2887 = CARTESIAN_POINT ( 'NONE',  ( -9.355939237543527298, 136.7357321951245410, -5.150665255854811164 ) ) ;
#2888 = ORIENTED_EDGE ( 'NONE', *, *, #846, .F. ) ;
#2889 = AXIS2_PLACEMENT_3D ( 'NONE', #3153, #4798, #1130 ) ;
#2890 = CARTESIAN_POINT ( 'NONE',  ( -0.3763300647491377160, 81.69152012221015013, 24.45367346152936605 ) ) ;
#2891 = ORIENTED_EDGE ( 'NONE', *, *, #4855, .T. ) ;
#2892 = FACE_OUTER_BOUND ( 'NONE', #1541, .T. ) ;
#2893 = EDGE_CURVE ( 'NONE', #1792, #2463, #2855, .T. ) ;
#2894 = CARTESIAN_POINT ( 'NONE',  ( -69.05649015119709588, 10.19638420489706299, -0.1399067900124380259 ) ) ;
#2895 = CIRCLE ( 'NONE', #419, 2.500000000000009326 ) ;
#2896 = DIRECTION ( 'NONE',  ( 0.000000000000000000, 0.000000000000000000, 1.000000000000000000 ) ) ;
#2897 = EDGE_LOOP ( 'NONE', ( #1602, #4938, #2507, #5249, #2181, #3830, #3352, #3414, #3726, #2611, #4559, #2205, #4128, #3930, #4965, #944 ) ) ;
#2898 = ADVANCED_FACE ( 'NONE', ( #1208 ), #4115, .T. ) ;
#2899 = CIRCLE ( 'NONE', #598, 104.2677669529663262 ) ;
#2900 = DIRECTION ( 'NONE',  ( -0.000000000000000000, -0.000000000000000000, 1.000000000000000000 ) ) ;
#2901 = AXIS2_PLACEMENT_3D ( 'NONE', #4093, #3311, #4904 ) ;
#2902 = CARTESIAN_POINT ( 'NONE',  ( -9.432668613209910902, 136.8884401902610648, -5.368315771322471619 ) ) ;
#2903 = ORIENTED_EDGE ( 'NONE', *, *, #3671, .T. ) ;
#2904 = CARTESIAN_POINT ( 'NONE',  ( -27.41065944042115632, 75.11466676071204063, 6.584936490538891185 ) ) ;
#2905 = ADVANCED_FACE ( 'NONE', ( #4507, #3236, #2414, #5260, #4019, #4075, #5284, #4807, #742, #2792 ), #409, .F. ) ;
#2906 = DIRECTION ( 'NONE',  ( -0.000000000000000000, 0.000000000000000000, 1.000000000000000000 ) ) ;
#2907 = CARTESIAN_POINT ( 'NONE',  ( -65.83013645360921373, 8.121159589151979219, -0.1892766129158131860 ) ) ;
#2908 = CARTESIAN_POINT ( 'NONE',  ( 65.81975122729716077, 25.89998340147311140, -0.7322330470335975949 ) ) ;
#2909 = ORIENTED_EDGE ( 'NONE', *, *, #774, .F. ) ;
#2910 = CARTESIAN_POINT ( 'NONE',  ( -37.74496054422855451, 118.6450458634352429, 8.673617379884035472E-15 ) ) ;
#2911 = CARTESIAN_POINT ( 'NONE',  ( -48.52404058627524108, -49.05524931321311755, 0.000000000000000000 ) ) ;
#2912 = FACE_OUTER_BOUND ( 'NONE', #84, .T. ) ;
#2913 = ADVANCED_FACE ( 'NONE', ( #332 ), #2364, .F. ) ;
#2914 = CARTESIAN_POINT ( 'NONE',  ( -61.98223304703363112, 7.807123344564378317E-15, -4.267766952966344007 ) ) ;
#2915 = EDGE_CURVE ( 'NONE', #2315, #1240, #1217, .T. ) ;
#2916 = CARTESIAN_POINT ( 'NONE',  ( 65.00292490842917914, 23.14346027173075271, -3.125000000000000000 ) ) ;
#2917 = EDGE_LOOP ( 'NONE', ( #4487, #1038, #204, #413, #4905 ) ) ;
#2918 = CARTESIAN_POINT ( 'NONE',  ( 22.43437491770619729, 65.25104460506203452, 0.000000000000000000 ) ) ;
#2919 = ORIENTED_EDGE ( 'NONE', *, *, #5187, .F. ) ;
#2920 = AXIS2_PLACEMENT_3D ( 'NONE', #1378, #437, #140 ) ;
#2921 = DIRECTION ( 'NONE',  ( -0.000000000000000000, 0.000000000000000000, 1.000000000000000000 ) ) ;
#2922 = DIRECTION ( 'NONE',  ( -0.000000000000000000, 0.000000000000000000, 1.000000000000000000 ) ) ;
#2923 =( BOUNDED_SURFACE ( )  B_SPLINE_SURFACE ( 3, 2, ( 
 ( #4239, #2624, #4266 ),
 ( #2230, #3450, #899 ),
 ( #2520, #4599, #923 ),
 ( #3582, #2676, #1966 ) ),
 .UNSPECIFIED., .F., .F., .T. ) 
 B_SPLINE_SURFACE_WITH_KNOTS ( ( 4, 4 ),
 ( 3, 3 ),
 ( 3.279181901050004733, 3.362328186239800232 ),
 ( 0.000000000000000000, 1.000000000000000000 ),
 .UNSPECIFIED. ) 
 GEOMETRIC_REPRESENTATION_ITEM ( )  RATIONAL_B_SPLINE_SURFACE ( (
 ( 1.000000000000000000, 0.9638052319016073843, 1.000000000000000000),
 ( 1.000000000000000000, 0.9629513233087734214, 1.000000000000000000),
 ( 1.000000000000000000, 0.9618398401774316264, 1.000000000000000000),
 ( 1.000000000000000000, 0.9604719527204460539, 1.000000000000000000) ) ) 
 REPRESENTATION_ITEM ( '' )  SURFACE ( )  );
#2924 = AXIS2_PLACEMENT_3D ( 'NONE', #4945, #2900, #339 ) ;
#2925 = DIRECTION ( 'NONE',  ( -8.881784197001250351E-16, 1.000000000000000000, 0.000000000000000000 ) ) ;
#2926 = ORIENTED_EDGE ( 'NONE', *, *, #395, .F. ) ;
#2927 = DIRECTION ( 'NONE',  ( -0.1173723745342942493, 0.9930879748019212361, 0.000000000000000000 ) ) ;
#2928 = CARTESIAN_POINT ( 'NONE',  ( -5.636001650081112757, 136.2931058362979115, -3.572450661324413801 ) ) ;
#2929 = ORIENTED_EDGE ( 'NONE', *, *, #431, .T. ) ;
#2930 = FACE_OUTER_BOUND ( 'NONE', #2790, .T. ) ;
#2931 = CIRCLE ( 'NONE', #2586, 50.00000000000001421 ) ;
#2932 = EDGE_CURVE ( 'NONE', #3130, #1740, #4468, .T. ) ;
#2933 = CARTESIAN_POINT ( 'NONE',  ( 65.54908886254783340, 25.97001025674109087, -0.5257561477856937948 ) ) ;
#2934 = ORIENTED_EDGE ( 'NONE', *, *, #2711, .F. ) ;
#2935 = ORIENTED_EDGE ( 'NONE', *, *, #4164, .F. ) ;
#2936 = CARTESIAN_POINT ( 'NONE',  ( 22.36408980896267806, 118.9565708611436179, -3.125000000000000000 ) ) ;
#2937 = DIRECTION ( 'NONE',  ( 1.000000000000000000, 0.000000000000000000, 0.000000000000000000 ) ) ;
#2938 = AXIS2_PLACEMENT_3D ( 'NONE', #1671, #4016, #2861 ) ;
#2939 = CARTESIAN_POINT ( 'NONE',  ( -49.31482212227337669, 112.8281421888567877, -1.871839406361978986 ) ) ;
#2940 = CARTESIAN_POINT ( 'NONE',  ( -2.570078410742960004E-28, -9.265730723872635445E-29, 8.239936510889833698E-15 ) ) ;
#2941 = EDGE_LOOP ( 'NONE', ( #5231, #2485, #3810, #1618 ) ) ;
#2942 = DIRECTION ( 'NONE',  ( -0.000000000000000000, 0.000000000000000000, 1.000000000000000000 ) ) ;
#2943 = AXIS2_PLACEMENT_3D ( 'NONE', #3150, #2695, #5165 ) ;
#2944 = ORIENTED_EDGE ( 'NONE', *, *, #2329, .F. ) ;
#2945 = ADVANCED_FACE ( 'NONE', ( #895 ), #869, .F. ) ;
#2946 = CARTESIAN_POINT ( 'NONE',  ( -28.44396342214639262, 133.4864689779897731, -3.592243634735948099 ) ) ;
#2947 = FACE_OUTER_BOUND ( 'NONE', #4910, .T. ) ;
#2948 = EDGE_CURVE ( 'NONE', #1270, #3714, #2427, .T. ) ;
#2949 = VECTOR ( 'NONE', #876, 1000.000000000000000 ) ;
#2950 = DIRECTION ( 'NONE',  ( -0.9318477194401660890, -0.3628495938734966342, -1.725633230170962886E-31 ) ) ;
#2951 = CARTESIAN_POINT ( 'NONE',  ( -51.39904058627525529, -49.24078260656413164, -1.179337106260193391 ) ) ;
#2952 = ORIENTED_EDGE ( 'NONE', *, *, #1960, .T. ) ;
#2953 = EDGE_CURVE ( 'NONE', #3282, #3130, #2073, .T. ) ;
#2954 = AXIS2_PLACEMENT_3D ( 'NONE', #885, #1241, #3283 ) ;
#2955 = CARTESIAN_POINT ( 'NONE',  ( 65.00292490842842597, 23.14346027173155562, -10.00000000000000888 ) ) ;
#2956 = CARTESIAN_POINT ( 'NONE',  ( 60.34817041600169318, -34.08540371667084656, -0.01785418264126856225 ) ) ;
#2957 = EDGE_CURVE ( 'NONE', #5217, #5082, #3169, .T. ) ;
#2958 = ORIENTED_EDGE ( 'NONE', *, *, #4920, .F. ) ;
#2959 = EDGE_CURVE ( 'NONE', #1681, #1345, #4471, .T. ) ;
#2960 = CARTESIAN_POINT ( 'NONE',  ( -67.10690212121613740, 4.899669448028179275, 8.239936510889710636E-15 ) ) ;
#2961 = ORIENTED_EDGE ( 'NONE', *, *, #4412, .F. ) ;
#2962 = ORIENTED_EDGE ( 'NONE', *, *, #3432, .F. ) ;
#2963 = CARTESIAN_POINT ( 'NONE',  ( -68.36739294758146457, 30.83665970157898428, -6.035533905932755516 ) ) ;
#2964 = DIRECTION ( 'NONE',  ( 1.579692751415678445E-30, -3.581290393448283579E-30, -1.000000000000000000 ) ) ;
#2965 = CARTESIAN_POINT ( 'NONE',  ( -24.87642076146492087, 121.8725817815414700, -9.999999999999989342 ) ) ;
#2966 = CARTESIAN_POINT ( 'NONE',  ( -14.09159161862461396, 85.99253187225204442, 19.46322614483599267 ) ) ;
#2967 = ORIENTED_EDGE ( 'NONE', *, *, #3536, .F. ) ;
#2968 = DIRECTION ( 'NONE',  ( 1.000000000000000000, 0.000000000000000000, 0.000000000000000000 ) ) ;
#2969 = CARTESIAN_POINT ( 'NONE',  ( -2.710998174701208997E-28, -65.51776695296636888, -0.7322330470336396724 ) ) ;
#2970 = VERTEX_POINT ( 'NONE', #4184 ) ;
#2971 = CARTESIAN_POINT ( 'NONE',  ( 4.731536230123442266, 134.5988885520133067, -5.571852364366163712 ) ) ;
#2972 = CARTESIAN_POINT ( 'NONE',  ( -51.36683059453121558, -48.62609902606418899, -0.7322330470336022579 ) ) ;
#2973 = CARTESIAN_POINT ( 'NONE',  ( -46.58646111199424666, 113.8898455455247074, -0.3503137348894425629 ) ) ;
#2974 = VECTOR ( 'NONE', #968, 1000.000000000000000 ) ;
#2975 = DIRECTION ( 'NONE',  ( 0.000000000000000000, -0.9107784042937665525, -0.4128955052699170292 ) ) ;
#2976 = ORIENTED_EDGE ( 'NONE', *, *, #3605, .T. ) ;
#2977 = DIRECTION ( 'NONE',  ( -0.000000000000000000, -0.000000000000000000, -1.000000000000000000 ) ) ;
#2978 = TOROIDAL_SURFACE ( 'NONE', #1622, 72.50000000000000000, 2.500000000000000000 ) ;
#2979 = EDGE_CURVE ( 'NONE', #398, #4989, #3932, .T. ) ;
#2980 = EDGE_CURVE ( 'NONE', #1515, #3544, #1737, .T. ) ;
#2981 = CIRCLE ( 'NONE', #3828, 65.51776695296636888 ) ;
#2982 = FACE_OUTER_BOUND ( 'NONE', #2290, .T. ) ;
#2983 = ORIENTED_EDGE ( 'NONE', *, *, #605, .T. ) ;
#2984 = ADVANCED_FACE ( 'NONE', ( #2892 ), #1989, .T. ) ;
#2985 = CARTESIAN_POINT ( 'NONE',  ( 65.09787553456338571, 26.02139045086469693, -0.2697630389852891941 ) ) ;
#2986 = ORIENTED_EDGE ( 'NONE', *, *, #652, .T. ) ;
#2987 = ORIENTED_EDGE ( 'NONE', *, *, #4656, .T. ) ;
#2988 = LINE ( 'NONE', #130, #1380 ) ;
#2989 = AXIS2_PLACEMENT_3D ( 'NONE', #2161, #5084, #5030 ) ;
#2990 = CARTESIAN_POINT ( 'NONE',  ( -68.60718274391030036, 7.352174912479794600, -10.00000000000000888 ) ) ;
#2991 = EDGE_CURVE ( 'NONE', #3003, #3397, #1355, .T. ) ;
#2992 = SPHERICAL_SURFACE ( 'NONE', #367, 1.250000000000000000 ) ;
#2993 = ADVANCED_FACE ( 'NONE', ( #464 ), #5172, .T. ) ;
#2994 = CARTESIAN_POINT ( 'NONE',  ( 0.000000000000000000, 0.000000000000000000, -6.035533905932719101 ) ) ;
#2995 = ORIENTED_EDGE ( 'NONE', *, *, #5076, .T. ) ;
#2996 = CARTESIAN_POINT ( 'NONE',  ( 66.64179305713874157, 20.77586342335139591, -0.1399067900124294495 ) ) ;
#2997 = LINE ( 'NONE', #3444, #4176 ) ;
#2998 = ORIENTED_EDGE ( 'NONE', *, *, #4601, .F. ) ;
#2999 = CARTESIAN_POINT ( 'NONE',  ( -31.64637543165046196, 132.0978105753615068, -4.100767692745431958 ) ) ;
#3000 = CARTESIAN_POINT ( 'NONE',  ( 67.43329060189235236, 24.71163218485847679, -1.817989292467963924 ) ) ;
#3001 = DIRECTION ( 'NONE',  ( -1.579692751415678795E-30, 3.581290393448284280E-30, 1.000000000000000000 ) ) ;
#3002 = CARTESIAN_POINT ( 'NONE',  ( 61.41422002751954068, -37.10454447276759993, -1.752518336645640717 ) ) ;
#3003 = VERTEX_POINT ( 'NONE', #2673 ) ;
#3004 = FACE_OUTER_BOUND ( 'NONE', #589, .T. ) ;
#3005 = COLOUR_RGB ( '',0.7921568627450980005, 0.8196078431372548767, 0.9333333333333333481 ) ;
#3006 = DIRECTION ( 'NONE',  ( -5.657338475244856674E-60, -1.000000000000000000, 3.581290393448283579E-30 ) ) ;
#3007 = CIRCLE ( 'NONE', #535, 1.250000000000000444 ) ;
#3008 = ORIENTED_EDGE ( 'NONE', *, *, #4857, .T. ) ;
#3009 = EDGE_CURVE ( 'NONE', #2487, #2970, #3254, .T. ) ;
#3010 = CARTESIAN_POINT ( 'NONE',  ( -51.02404058627475791, -49.05524931321377835, -10.00000000000000888 ) ) ;
#3011 = ADVANCED_FACE ( 'NONE', ( #1908 ), #1804, .F. ) ;
#3012 = CARTESIAN_POINT ( 'NONE',  ( 64.11001940403183141, 25.88174460058326432, 9.066640667410030829E-15 ) ) ;
#3013 = VERTEX_POINT ( 'NONE', #270 ) ;
#3014 = ORIENTED_EDGE ( 'NONE', *, *, #4297, .T. ) ;
#3015 = CYLINDRICAL_SURFACE ( 'NONE', #4109, 1.249999999999996669 ) ;
#3016 = EDGE_CURVE ( 'NONE', #3184, #894, #2152, .T. ) ;
#3017 = CARTESIAN_POINT ( 'NONE',  ( -1.579692751415678095E-29, -2.775557561562887565E-14, 8.673617379884035472E-15 ) ) ;
#3018 = DIRECTION ( 'NONE',  ( 1.000000000000000000, 0.000000000000000000, 0.000000000000000000 ) ) ;
#3019 = VERTEX_POINT ( 'NONE', #4236 ) ;
#3020 = DIRECTION ( 'NONE',  ( -1.000000000000000000, 0.000000000000000000, 0.000000000000000000 ) ) ;
#3021 = DIRECTION ( 'NONE',  ( -0.000000000000000000, 0.000000000000000000, 1.000000000000000000 ) ) ;
#3022 = ORIENTED_EDGE ( 'NONE', *, *, #2948, .F. ) ;
#3023 = DIRECTION ( 'NONE',  ( 2.205195146620347939E-30, 2.583445881321955470E-30, 1.000000000000000000 ) ) ;
#3024 = AXIS2_PLACEMENT_3D ( 'NONE', #3827, #1716, #175 ) ;
#3025 = CARTESIAN_POINT ( 'NONE',  ( 58.62294662508192999, -36.39162168676735121, -3.125000000000000000 ) ) ;
#3026 = CARTESIAN_POINT ( 'NONE',  ( -13.55565085604534126, -1.602132912393019915, 10.00000000000000000 ) ) ;
#3027 = DIRECTION ( 'NONE',  ( -0.000000000000000000, -0.000000000000000000, 1.000000000000000000 ) ) ;
#3028 = EDGE_LOOP ( 'NONE', ( #2413, #3472 ) ) ;
#3029 = DIRECTION ( 'NONE',  ( 1.579692751415678445E-30, -3.581290393448283579E-30, -1.000000000000000000 ) ) ;
#3030 = DIRECTION ( 'NONE',  ( 1.064780667189277507E-14, 1.000000000000000000, 0.000000000000000000 ) ) ;
#3031 = VECTOR ( 'NONE', #137, 1000.000000000000000 ) ;
#3032 = CARTESIAN_POINT ( 'NONE',  ( 9.262577478398242192, -65.88507350020911701, -0.1136503548600776015 ) ) ;
#3033 = ORIENTED_EDGE ( 'NONE', *, *, #201, .T. ) ;
#3034 = DIRECTION ( 'NONE',  ( -0.8491611506782417162, 0.2396405517700040400, 0.4706354705355010881 ) ) ;
#3035 = CARTESIAN_POINT ( 'NONE',  ( -48.09630612447725895, -46.20499460589729779, -0.06701084975688827161 ) ) ;
#3036 = VERTEX_POINT ( 'NONE', #1430 ) ;
#3037 = ORIENTED_EDGE ( 'NONE', *, *, #5250, .T. ) ;
#3038 = CARTESIAN_POINT ( 'NONE',  ( 0.000000000000000000, 0.000000000000000000, -6.035533905932755516 ) ) ;
#3039 = ADVANCED_FACE ( 'NONE', ( #3446, #2228 ), #3845, .T. ) ;
#3040 = DIRECTION ( 'NONE',  ( 0.000000000000000000, 0.000000000000000000, 1.000000000000000000 ) ) ;
#3041 = LINE ( 'NONE', #4313, #1054 ) ;
#3042 = CARTESIAN_POINT ( 'NONE',  ( -22.06725496823636590, 64.22087641103080102, 8.673617379883770415E-15 ) ) ;
#3043 = ORIENTED_EDGE ( 'NONE', *, *, #1359, .F. ) ;
#3044 = DIRECTION ( 'NONE',  ( 0.6123331644040549415, -0.7905998328933017127, 9.895787993998975529E-16 ) ) ;
#3045 = CARTESIAN_POINT ( 'NONE',  ( 3.510380317378903658, 71.57695391078536318, 7.667468245269434490 ) ) ;
#3046 = ORIENTED_EDGE ( 'NONE', *, *, #1947, .T. ) ;
#3047 = ADVANCED_FACE ( 'NONE', ( #245 ), #3596, .T. ) ;
#3048 = DIRECTION ( 'NONE',  ( -1.000000000000000000, 0.000000000000000000, 0.000000000000000000 ) ) ;
#3049 = CARTESIAN_POINT ( 'NONE',  ( 7.717642292908521107, 127.6351738104607989, -0.04543050433742942817 ) ) ;
#3050 = CARTESIAN_POINT ( 'NONE',  ( 63.55825323115286807, 20.63955560808254930, -0.03600633285613805135 ) ) ;
#3051 = ADVANCED_FACE ( 'NONE', ( #1456 ), #996, .F. ) ;
#3052 = B_SPLINE_CURVE_WITH_KNOTS ( 'NONE', 3,
 ( #3749, #2499, #2576, #3327, #96, #3801, #1341, #2956, #4606, #4190 ),
 .UNSPECIFIED., .F., .F.,
 ( 4, 2, 2, 2, 4 ),
 ( 3.194284694848262542E-07, 0.0005185757886047402806, 0.001036832148739995699, 0.001555088508875251225, 0.002073344869010506318 ),
 .UNSPECIFIED. ) ;
#3053 = DIRECTION ( 'NONE',  ( 0.000000000000000000, -0.8569522782525419435, 0.5153957632710788328 ) ) ;
#3054 = ORIENTED_EDGE ( 'NONE', *, *, #119, .T. ) ;
#3055 = EDGE_CURVE ( 'NONE', #2287, #2149, #527, .T. ) ;
#3056 = CARTESIAN_POINT ( 'NONE',  ( -34.79396374743093645, 57.08835704195195859, -0.03529266094501094797 ) ) ;
#3057 = AXIS2_PLACEMENT_3D ( 'NONE', #2250, #4621, #3388 ) ;
#3058 = LINE ( 'NONE', #1465, #4575 ) ;
#3059 = CARTESIAN_POINT ( 'NONE',  ( 5.279228269938012197, -69.11026006711792036, -0.01841263051883216748 ) ) ;
#3060 = EDGE_LOOP ( 'NONE', ( #4391, #732, #2261, #3889 ) ) ;
#3061 = CARTESIAN_POINT ( 'NONE',  ( 57.01135599854503511, -33.98525415637968194, -0.1646986088300046724 ) ) ;
#3062 = ORIENTED_EDGE ( 'NONE', *, *, #2272, .T. ) ;
#3063 = AXIS2_PLACEMENT_3D ( 'NONE', #2701, #3417, #1805 ) ;
#3064 = CARTESIAN_POINT ( 'NONE',  ( -65.73218274390985982, 7.352174912480746727, -3.125000000000000000 ) ) ;
#3065 = VERTEX_POINT ( 'NONE', #1022 ) ;
#3066 = ORIENTED_EDGE ( 'NONE', *, *, #5016, .T. ) ;
#3067 = CARTESIAN_POINT ( 'NONE',  ( 23.48653060406639526, 2.775856657736150090, 8.673617379884063871E-15 ) ) ;
#3068 = CARTESIAN_POINT ( 'NONE',  ( 58.26147728519617885, -39.24768133035705375, -0.3489081763638610112 ) ) ;
#3069 = CARTESIAN_POINT ( 'NONE',  ( 61.28736606976934098, -35.31157815858637861, -0.7322330470335971508 ) ) ;
#3070 = DIRECTION ( 'NONE',  ( 0.000000000000000000, 0.5215642556779308547, -0.8532120060097172498 ) ) ;
#3071 = ORIENTED_EDGE ( 'NONE', *, *, #1511, .T. ) ;
#3072 = DIRECTION ( 'NONE',  ( 0.5215642556779207517, 0.000000000000000000, -0.8532120060097235781 ) ) ;
#3073 = DIRECTION ( 'NONE',  ( 0.000000000000000000, -0.9107784042937665525, -0.4128955052699170292 ) ) ;
#3074 = ORIENTED_EDGE ( 'NONE', *, *, #207, .F. ) ;
#3075 = VECTOR ( 'NONE', #2348, 1000.000000000000114 ) ;
#3076 = DIRECTION ( 'NONE',  ( 0.6234898018587422541, -0.7818314824680229203, 0.000000000000000000 ) ) ;
#3077 = CARTESIAN_POINT ( 'NONE',  ( 7.220250011680408697, 128.9872470301162650, -0.5907299424753129635 ) ) ;
#3078 = ADVANCED_FACE ( 'NONE', ( #801 ), #709, .T. ) ;
#3079 = EDGE_CURVE ( 'NONE', #1486, #3119, #2220, .T. ) ;
#3080 = DIRECTION ( 'NONE',  ( 0.000000000000000000, 0.000000000000000000, 1.000000000000000000 ) ) ;
#3081 = CARTESIAN_POINT ( 'NONE',  ( -28.86647087335173012, 22.76426968650947913, 8.673617379883907677E-15 ) ) ;
#3082 = ORIENTED_EDGE ( 'NONE', *, *, #2263, .F. ) ;
#3083 = CARTESIAN_POINT ( 'NONE',  ( -36.94321603856244707, 55.70267461882717441, -0.03627854365012192495 ) ) ;
#3084 = EDGE_CURVE ( 'NONE', #1822, #3065, #4648, .T. ) ;
#3085 = PLANE ( 'NONE',  #1576 ) ;
#3086 = CARTESIAN_POINT ( 'NONE',  ( 6.351712891367377267, -66.22927701856266935, -0.1136038159695088728 ) ) ;
#3087 = ORIENTED_EDGE ( 'NONE', *, *, #1223, .T. ) ;
#3088 = AXIS2_PLACEMENT_3D ( 'NONE', #4387, #717, #635 ) ;
#3089 = EDGE_LOOP ( 'NONE', ( #1210, #1147 ) ) ;
#3090 = CIRCLE ( 'NONE', #4121, 67.28553390593272354 ) ;
#3091 = CARTESIAN_POINT ( 'NONE',  ( 4.993968341305452086, 67.09995047101347154, 8.239936510889603351E-15 ) ) ;
#3092 = ORIENTED_EDGE ( 'NONE', *, *, #2458, .T. ) ;
#3093 = VERTEX_POINT ( 'NONE', #1577 ) ;
#3094 = DIRECTION ( 'NONE',  ( 1.000000000000000000, 0.000000000000000000, 0.000000000000000000 ) ) ;
#3095 = CARTESIAN_POINT ( 'NONE',  ( -10.27008277174995499, 86.89519779516678000, -4.267766952966358218 ) ) ;
#3096 = DIRECTION ( 'NONE',  ( -0.1439345685724646440, -0.5100290538000100682, -0.8480290114434322346 ) ) ;
#3097 = CIRCLE ( 'NONE', #1234, 100.0000000000000000 ) ;
#3098 = CARTESIAN_POINT ( 'NONE',  ( 10.71064815310196749, -69.74385694067559882, -0.5613616748683388780 ) ) ;
#3099 = ORIENTED_EDGE ( 'NONE', *, *, #2581, .T. ) ;
#3100 = CARTESIAN_POINT ( 'NONE',  ( -59.52391687769009820, 71.95220597035097398, -6.035533905932755516 ) ) ;
#3101 = ORIENTED_EDGE ( 'NONE', *, *, #1795, .F. ) ;
#3102 = CARTESIAN_POINT ( 'NONE',  ( -37.08057370448639034, 129.1014028872855022, -5.379366549769587280 ) ) ;
#3103 = CARTESIAN_POINT ( 'NONE',  ( 7.904170917021984266, 127.2398183875190227, 8.667688149253255370E-15 ) ) ;
#3104 = DIRECTION ( 'NONE',  ( -0.000000000000000000, -0.000000000000000000, -1.000000000000000000 ) ) ;
#3105 = CARTESIAN_POINT ( 'NONE',  ( -50.17466877651146007, -51.41996327253261256, -1.843298833579759988 ) ) ;
#3106 = EDGE_CURVE ( 'NONE', #77, #259, #4205, .T. ) ;
#3107 = AXIS2_PLACEMENT_3D ( 'NONE', #547, #522, #3053 ) ;
#3108 = VERTEX_POINT ( 'NONE', #4113 ) ;
#3109 = EDGE_CURVE ( 'NONE', #2412, #1167, #417, .T. ) ;
#3110 = CARTESIAN_POINT ( 'NONE',  ( 4.110749358494717676, 122.0259347491268898, 6.584936490538892961 ) ) ;
#3111 = CIRCLE ( 'NONE', #4226, 2.500000000000001332 ) ;
#3112 = DIRECTION ( 'NONE',  ( -0.8491611506782417162, 0.2396405517700040677, 0.4706354705355009216 ) ) ;
#3113 = EDGE_CURVE ( 'NONE', #150, #1073, #1974, .T. ) ;
#3114 = ADVANCED_FACE ( 'NONE', ( #2501 ), #4895, .T. ) ;
#3115 = DIRECTION ( 'NONE',  ( 0.4606196745124112035, 0.000000000000000000, 0.8875976089715882367 ) ) ;
#3116 = ORIENTED_EDGE ( 'NONE', *, *, #2053, .T. ) ;
#3117 = AXIS2_PLACEMENT_3D ( 'NONE', #829, #4452, #4930 ) ;
#3118 = EDGE_CURVE ( 'NONE', #1767, #2014, #4949, .T. ) ;
#3119 = VERTEX_POINT ( 'NONE', #4058 ) ;
#3120 = CARTESIAN_POINT ( 'NONE',  ( 74.26776695296635467, 9.095178307877183901E-15, -4.267766952966378646 ) ) ;
#3121 = ORIENTED_EDGE ( 'NONE', *, *, #1422, .T. ) ;
#3122 = VERTEX_POINT ( 'NONE', #3222 ) ;
#3123 = CARTESIAN_POINT ( 'NONE',  ( 0.000000000000000000, 0.000000000000000000, 0.000000000000000000 ) ) ;
#3124 = CIRCLE ( 'NONE', #224, 3.250000000000002665 ) ;
#3125 = CARTESIAN_POINT ( 'NONE',  ( -27.74496054422846569, 118.6450458634352429, 259.6142809027516023 ) ) ;
#3126 = CARTESIAN_POINT ( 'NONE',  ( 8.557785818005950063, -71.36390199061308692, -1.875077322275214176 ) ) ;
#3127 = ORIENTED_EDGE ( 'NONE', *, *, #1521, .T. ) ;
#3128 = DIRECTION ( 'NONE',  ( 0.000000000000000000, -0.000000000000000000, -1.000000000000000000 ) ) ;
#3129 = CARTESIAN_POINT ( 'NONE',  ( -22.40826259716860847, 134.8339620540298256, -4.472323715372395370 ) ) ;
#3130 = VERTEX_POINT ( 'NONE', #2826 ) ;
#3131 = FACE_OUTER_BOUND ( 'NONE', #4818, .T. ) ;
#3132 = CARTESIAN_POINT ( 'NONE',  ( -37.19013004580091319, 124.6435631541016136, -1.363651720469658990 ) ) ;
#3133 = DIRECTION ( 'NONE',  ( -0.1173723745342946378, 0.9930879748019212361, -1.635532547983925769E-17 ) ) ;
#3134 = ORIENTED_EDGE ( 'NONE', *, *, #1105, .T. ) ;
#3135 = ORIENTED_EDGE ( 'NONE', *, *, #4404, .T. ) ;
#3136 = EDGE_CURVE ( 'NONE', #3036, #5129, #4031, .T. ) ;
#3137 = PLANE ( 'NONE',  #3470 ) ;
#3138 = CARTESIAN_POINT ( 'NONE',  ( 0.000000000000000000, 0.000000000000000000, -307.0258184027516677 ) ) ;
#3139 = DIRECTION ( 'NONE',  ( -5.657338475244856674E-60, -1.000000000000000000, 3.581290393448283579E-30 ) ) ;
#3140 = AXIS2_PLACEMENT_3D ( 'NONE', #536, #1746, #2534 ) ;
#3141 = ADVANCED_FACE ( 'NONE', ( #4875 ), #4474, .T. ) ;
#3142 = ORIENTED_EDGE ( 'NONE', *, *, #3567, .T. ) ;
#3143 = EDGE_CURVE ( 'NONE', #1305, #2198, #1179, .T. ) ;
#3144 = AXIS2_PLACEMENT_3D ( 'NONE', #3166, #716, #3241 ) ;
#3145 = DIRECTION ( 'NONE',  ( -0.000000000000000000, -0.000000000000000000, 1.000000000000000000 ) ) ;
#3146 = ORIENTED_EDGE ( 'NONE', *, *, #3432, .T. ) ;
#3147 = ORIENTED_EDGE ( 'NONE', *, *, #4177, .F. ) ;
#3148 = ADVANCED_FACE ( 'NONE', ( #5297 ), #4085, .T. ) ;
#3149 = DIRECTION ( 'NONE',  ( 1.000000000000000000, 0.000000000000000000, 0.000000000000000000 ) ) ;
#3150 = CARTESIAN_POINT ( 'NONE',  ( -159.5239168776901408, 71.95220597035097398, -0.7322330470336257946 ) ) ;
#3151 = ORIENTED_EDGE ( 'NONE', *, *, #4332, .F. ) ;
#3152 = DIRECTION ( 'NONE',  ( 0.7698990671686130050, 0.4309961487608997555, 0.4706354705355006995 ) ) ;
#3153 = CARTESIAN_POINT ( 'NONE',  ( 138.3549707563275888, 107.1583037707098640, -10.00000000000000888 ) ) ;
#3154 = VERTEX_POINT ( 'NONE', #18 ) ;
#3155 = AXIS2_PLACEMENT_3D ( 'NONE', #3197, #4847, #3646 ) ;
#3156 = DIRECTION ( 'NONE',  ( -0.1016474580492011115, 0.8600394143713030459, -0.5000000000000021094 ) ) ;
#3157 = LINE ( 'NONE', #682, #4986 ) ;
#3158 = CIRCLE ( 'NONE', #2901, 1.249999999999999556 ) ;
#3159 = DIRECTION ( 'NONE',  ( -1.579692751415678445E-30, 3.581290393448283579E-30, 1.000000000000000000 ) ) ;
#3160 = VERTEX_POINT ( 'NONE', #879 ) ;
#3161 = EDGE_LOOP ( 'NONE', ( #2126, #2687, #2600, #1326 ) ) ;
#3162 = DIRECTION ( 'NONE',  ( -0.000000000000000000, 0.000000000000000000, 1.000000000000000000 ) ) ;
#3163 = DIRECTION ( 'NONE',  ( 0.8569522782525412774, 0.000000000000000000, 0.5153957632710799430 ) ) ;
#3164 = DIRECTION ( 'NONE',  ( -0.000000000000000000, 0.000000000000000000, 1.000000000000000000 ) ) ;
#3165 = CARTESIAN_POINT ( 'NONE',  ( 23.26041751137258373, 62.88560275818475276, -0.009253854180205675628 ) ) ;
#3166 = CARTESIAN_POINT ( 'NONE',  ( -1.226349200832428599, 82.36185024110100983, 23.82867346152936605 ) ) ;
#3167 = ORIENTED_EDGE ( 'NONE', *, *, #2948, .T. ) ;
#3168 = DIRECTION ( 'NONE',  ( 0.6192244393400869740, 0.7852140432544205684, -1.833895151582768926E-30 ) ) ;
#3169 = CIRCLE ( 'NONE', #3681, 70.73223304703357428 ) ;
#3170 = ORIENTED_EDGE ( 'NONE', *, *, #2821, .F. ) ;
#3171 = CARTESIAN_POINT ( 'NONE',  ( -30.20521639933951263, 117.9701547098630670, 12.99038105676686428 ) ) ;
#3172 = EDGE_CURVE ( 'NONE', #2210, #5223, #4974, .T. ) ;
#3173 = DIRECTION ( 'NONE',  ( -1.000000000000000000, 0.000000000000000000, 0.000000000000000000 ) ) ;
#3174 = B_SPLINE_CURVE_WITH_KNOTS ( 'NONE', 3,
 ( #1885, #2732, #5229, #2306 ),
 .UNSPECIFIED., .F., .F.,
 ( 4, 4 ),
 ( 0.02064395956286357164, 0.02568243897285896193 ),
 .UNSPECIFIED. ) ;
#3175 = DIRECTION ( 'NONE',  ( 1.000000000000000000, 0.000000000000000000, 0.000000000000000000 ) ) ;
#3176 = ORIENTED_EDGE ( 'NONE', *, *, #1228, .T. ) ;
#3177 = EDGE_CURVE ( 'NONE', #1809, #259, #2318, .T. ) ;
#3178 = CARTESIAN_POINT ( 'NONE',  ( -32.41721814327399187, 72.78671449320164299, 8.673617379883723083E-15 ) ) ;
#3179 = CARTESIAN_POINT ( 'NONE',  ( -22.60636196078223037, 134.8937306778366576, -4.615403053310582315 ) ) ;
#3180 = ORIENTED_EDGE ( 'NONE', *, *, #2053, .F. ) ;
#3181 = LINE ( 'NONE', #350, #5125 ) ;
#3182 = CARTESIAN_POINT ( 'NONE',  ( -0.4878064464219529217, 135.5900452571551398, -2.816568995572478862 ) ) ;
#3183 = ORIENTED_EDGE ( 'NONE', *, *, #1795, .T. ) ;
#3184 = VERTEX_POINT ( 'NONE', #3010 ) ;
#3185 = CARTESIAN_POINT ( 'NONE',  ( 3.913866990696963200, 134.8494343944430227, -5.165221012276936641 ) ) ;
#3186 = EDGE_CURVE ( 'NONE', #5230, #4853, #1008, .T. ) ;
#3187 = CARTESIAN_POINT ( 'NONE',  ( 67.86466149054868424, 23.46413326897318896, -1.806349463738426531 ) ) ;
#3188 = AXIS2_PLACEMENT_3D ( 'NONE', #1598, #2818, #3216 ) ;
#3189 = CARTESIAN_POINT ( 'NONE',  ( -46.02404058627475081, -49.05524931321377835, -10.00000000000000888 ) ) ;
#3190 = CARTESIAN_POINT ( 'NONE',  ( -29.08470650638421517, 118.6450458634352429, 10.00000000000000000 ) ) ;
#3191 = CARTESIAN_POINT ( 'NONE',  ( 17.36408980896266030, 118.9565708611436179, -10.00000000000000888 ) ) ;
#3192 = AXIS2_PLACEMENT_3D ( 'NONE', #2994, #1350, #4643 ) ;
#3193 = CIRCLE ( 'NONE', #2602, 1.249999999999999112 ) ;
#3194 = DIRECTION ( 'NONE',  ( -1.000000000000000000, 0.000000000000000000, 0.000000000000000000 ) ) ;
#3195 = ORIENTED_EDGE ( 'NONE', *, *, #71, .F. ) ;
#3196 = DIRECTION ( 'NONE',  ( 0.7071067811865474617, 8.659560562354932858E-17, -0.7071067811865474617 ) ) ;
#3197 = CARTESIAN_POINT ( 'NONE',  ( -2.716781690884938955E-28, -7.738773267559396372E-29, 8.239936510889833698E-15 ) ) ;
#3198 = VECTOR ( 'NONE', #1656, 1000.000000000000000 ) ;
#3199 = CARTESIAN_POINT ( 'NONE',  ( -23.89839755260846488, 134.6410181586275030, -4.443381866497121635 ) ) ;
#3200 = LINE ( 'NONE', #3225, #981 ) ;
#3201 = VERTEX_POINT ( 'NONE', #4278 ) ;
#3202 = CARTESIAN_POINT ( 'NONE',  ( -159.5239168776901408, 71.95220597035097398, -307.0258184027516677 ) ) ;
#3203 = DIRECTION ( 'NONE',  ( -0.000000000000000000, -0.000000000000000000, 1.000000000000000000 ) ) ;
#3204 = CIRCLE ( 'NONE', #2693, 2.500000000000002220 ) ;
#3205 = ORIENTED_EDGE ( 'NONE', *, *, #201, .F. ) ;
#3206 = DIRECTION ( 'NONE',  ( -1.579692751415678445E-30, 3.581290393448283579E-30, 1.000000000000000000 ) ) ;
#3207 = EDGE_CURVE ( 'NONE', #2463, #719, #1363, .T. ) ;
#3208 = CARTESIAN_POINT ( 'NONE',  ( 2.698563322896570416, 135.1861141101200872, -4.703279509505796874 ) ) ;
#3209 = EDGE_CURVE ( 'NONE', #4248, #1560, #2488, .T. ) ;
#3210 = CARTESIAN_POINT ( 'NONE',  ( -10.27008277174995499, 86.89519779516678000, -4.267766952966385752 ) ) ;
#3211 = VERTEX_POINT ( 'NONE', #180 ) ;
#3212 = ORIENTED_EDGE ( 'NONE', *, *, #4265, .F. ) ;
#3213 = CARTESIAN_POINT ( 'NONE',  ( -71.48218274390987403, 7.352174912480746727, -3.125000000000000000 ) ) ;
#3214 = FACE_OUTER_BOUND ( 'NONE', #2232, .T. ) ;
#3215 = EDGE_CURVE ( 'NONE', #259, #1270, #1714, .T. ) ;
#3216 = DIRECTION ( 'NONE',  ( 0.000000000000000000, -1.000000000000000000, -1.387778780781445182E-16 ) ) ;
#3217 = CARTESIAN_POINT ( 'NONE',  ( -71.47248287948249867, 7.625432706056587406, -1.877980398543013241 ) ) ;
#3218 = DIRECTION ( 'NONE',  ( -1.579692751415678445E-30, 3.581290393448283579E-30, 1.000000000000000000 ) ) ;
#3219 = ADVANCED_FACE ( 'NONE', ( #2930 ), #4582, .T. ) ;
#3220 = CARTESIAN_POINT ( 'NONE',  ( -49.68037307845710160, 109.8837472183743387, -0.6249614239716912989 ) ) ;
#3221 = ORIENTED_EDGE ( 'NONE', *, *, #1387, .T. ) ;
#3222 = CARTESIAN_POINT ( 'NONE',  ( 6.487934664327184464, 67.59579434125703301, 8.673617379883803547E-15 ) ) ;
#3223 = VECTOR ( 'NONE', #1802, 1000.000000000000000 ) ;
#3224 = CARTESIAN_POINT ( 'NONE',  ( -19.42296541299192114, 134.7482952753292977, -3.718074362416961431 ) ) ;
#3225 = CARTESIAN_POINT ( 'NONE',  ( 61.49794662508116261, -36.39162168676826781, -3.125000000000000000 ) ) ;
#3226 = EDGE_LOOP ( 'NONE', ( #1251, #4392, #5139, #3510 ) ) ;
#3227 = DIRECTION ( 'NONE',  ( 0.6192244393400870850, 0.7852140432544204574, 0.000000000000000000 ) ) ;
#3228 = DIRECTION ( 'NONE',  ( -0.000000000000000000, 0.000000000000000000, 1.000000000000000000 ) ) ;
#3229 = ORIENTED_EDGE ( 'NONE', *, *, #4369, .T. ) ;
#3230 = AXIS2_PLACEMENT_3D ( 'NONE', #1882, #5065, #1104 ) ;
#3231 = DIRECTION ( 'NONE',  ( 1.000000000000000000, 0.000000000000000000, 0.000000000000000000 ) ) ;
#3232 = CARTESIAN_POINT ( 'NONE',  ( -1.193865396603338347, 136.0651062925915369, -4.062001939810937934 ) ) ;
#3233 = LINE ( 'NONE', #1593, #1064 ) ;
#3234 = ORIENTED_EDGE ( 'NONE', *, *, #4828, .F. ) ;
#3235 = ORIENTED_EDGE ( 'NONE', *, *, #4984, .F. ) ;
#3236 = FACE_BOUND ( 'NONE', #2854, .T. ) ;
#3237 = CYLINDRICAL_SURFACE ( 'NONE', #590, 2.875000000000000888 ) ;
#3238 = ADVANCED_FACE ( 'NONE', ( #4418, #1893 ), #1922, .T. ) ;
#3239 = FACE_OUTER_BOUND ( 'NONE', #3491, .T. ) ;
#3240 = ORIENTED_EDGE ( 'NONE', *, *, #2491, .F. ) ;
#3241 = DIRECTION ( 'NONE',  ( 0.8569522782525418325, 0.000000000000000000, 0.5153957632710790548 ) ) ;
#3242 = DIRECTION ( 'NONE',  ( 1.000000000000000000, 0.000000000000000000, 0.000000000000000000 ) ) ;
#3243 = DIRECTION ( 'NONE',  ( 0.000000000000000000, 0.000000000000000000, -1.000000000000000000 ) ) ;
#3244 = EDGE_LOOP ( 'NONE', ( #3534, #935, #5176, #640 ) ) ;
#3245 = CARTESIAN_POINT ( 'NONE',  ( -45.67118493506549726, -49.41139483594314186, 8.239936510889937828E-15 ) ) ;
#3246 = DIRECTION ( 'NONE',  ( -1.000000000000000000, 0.000000000000000000, 0.000000000000000000 ) ) ;
#3247 = CARTESIAN_POINT ( 'NONE',  ( -25.10316792948760067, 134.2702087873387597, -4.050484210129396523 ) ) ;
#3248 = CARTESIAN_POINT ( 'NONE',  ( -18.75838763019224587, 72.89521429020170729, 14.79704381672893909 ) ) ;
#3249 = ORIENTED_EDGE ( 'NONE', *, *, #3818, .F. ) ;
#3250 = CARTESIAN_POINT ( 'NONE',  ( -2.530586091957568066E-28, -1.016105332223470571E-28, -2.499999999999991118 ) ) ;
#3251 = DIRECTION ( 'NONE',  ( 0.000000000000000000, 0.000000000000000000, 1.000000000000000000 ) ) ;
#3252 = ORIENTED_EDGE ( 'NONE', *, *, #3143, .F. ) ;
#3253 = AXIS2_PLACEMENT_3D ( 'NONE', #4724, #1051, #1670 ) ;
#3254 = CIRCLE ( 'NONE', #1900, 2.875000000000002665 ) ;
#3255 = CYLINDRICAL_SURFACE ( 'NONE', #5035, 50.00000000000001421 ) ;
#3256 = DIRECTION ( 'NONE',  ( -0.2588678930593973915, 0.4624221120288940501, 0.8480290114434326787 ) ) ;
#3257 = DIRECTION ( 'NONE',  ( 0.000000000000000000, -0.000000000000000000, -1.000000000000000000 ) ) ;
#3258 = AXIS2_PLACEMENT_3D ( 'NONE', #4842, #3670, #4893 ) ;
#3259 = ORIENTED_EDGE ( 'NONE', *, *, #3016, .F. ) ;
#3260 = CARTESIAN_POINT ( 'NONE',  ( -27.72249646233471054, 118.2635856461988055, 259.6142809027516023 ) ) ;
#3261 = EDGE_LOOP ( 'NONE', ( #2929, #380, #1982, #5226 ) ) ;
#3262 = DIRECTION ( 'NONE',  ( 0.5100290538000109564, -0.1439345685724617574, -0.8480290114434323456 ) ) ;
#3263 = AXIS2_PLACEMENT_3D ( 'NONE', #1938, #4700, #2731 ) ;
#3264 = MANIFOLD_SOLID_BREP ( 'Boss-Extrude1', #539 ) ;
#3265 = EDGE_CURVE ( 'NONE', #5223, #1279, #1225, .T. ) ;
#3266 = DIRECTION ( 'NONE',  ( 0.1278374938784040404, 0.9508629099039398458, 0.2819881233809343746 ) ) ;
#3267 = TOROIDAL_SURFACE ( 'NONE', #3949, 43.96446609406727646, 2.500000000000000000 ) ;
#3268 = EDGE_LOOP ( 'NONE', ( #1182, #3293, #5135, #4102 ) ) ;
#3269 = ADVANCED_FACE ( 'NONE', ( #3998 ), #1627, .F. ) ;
#3270 = CARTESIAN_POINT ( 'NONE',  ( 6.487934664327184464, 67.59579434125703301, 8.673617379883803547E-15 ) ) ;
#3271 = LINE ( 'NONE', #15, #2411 ) ;
#3272 = EDGE_CURVE ( 'NONE', #4896, #3962, #5152, .T. ) ;
#3273 = DIRECTION ( 'NONE',  ( -0.000000000000000000, -0.000000000000000000, 1.000000000000000000 ) ) ;
#3274 = ORIENTED_EDGE ( 'NONE', *, *, #1569, .F. ) ;
#3275 = AXIS2_PLACEMENT_3D ( 'NONE', #4557, #5073, #2504 ) ;
#3276 = DIRECTION ( 'NONE',  ( 0.9508629099039398458, -0.1278374938784036519, 0.2819881233809344301 ) ) ;
#3277 = CARTESIAN_POINT ( 'NONE',  ( -4.220190885584961471, 124.3139271718548002, 259.6142809027516023 ) ) ;
#3278 = ADVANCED_FACE ( 'NONE', ( #2871 ), #3598, .T. ) ;
#3279 = AXIS2_PLACEMENT_3D ( 'NONE', #836, #2459, #5281 ) ;
#3280 = CARTESIAN_POINT ( 'NONE',  ( -17.92813366240443074, 134.7998530530264816, -3.502866108973990311 ) ) ;
#3281 = CARTESIAN_POINT ( 'NONE',  ( -64.47704494381937934, 29.08194400538872770, -0.7322330470336114727 ) ) ;
#3282 = VERTEX_POINT ( 'NONE', #4053 ) ;
#3283 = DIRECTION ( 'NONE',  ( 1.782812645231160492E-15, -1.000000000000000000, 0.000000000000000000 ) ) ;
#3284 = CARTESIAN_POINT ( 'NONE',  ( -36.02053697016081202, 129.2709143001381733, -4.160859908797823969 ) ) ;
#3285 = AXIS2_PLACEMENT_3D ( 'NONE', #1176, #2872, #3168 ) ;
#3286 = CARTESIAN_POINT ( 'NONE',  ( -29.05298206664101812, 118.1063364813478529, 10.00000000000000000 ) ) ;
#3287 = EDGE_CURVE ( 'NONE', #568, #2626, #4899, .T. ) ;
#3288 = CARTESIAN_POINT ( 'NONE',  ( -4.431382261306919368, 136.5626637326481898, -3.823828959825906093 ) ) ;
#3289 = AXIS2_PLACEMENT_3D ( 'NONE', #4579, #2080, #476 ) ;
#3290 = CARTESIAN_POINT ( 'NONE',  ( -61.25000000000000000, 7.500961644777538868E-15, -10.00000000000000000 ) ) ;
#3291 = VERTEX_POINT ( 'NONE', #3191 ) ;
#3292 = CARTESIAN_POINT ( 'NONE',  ( -51.39904058627524108, -49.05524931321311755, -3.125000000000000000 ) ) ;
#3293 = ORIENTED_EDGE ( 'NONE', *, *, #3753, .F. ) ;
#3294 = CARTESIAN_POINT ( 'NONE',  ( 5.561370565658540599, 80.47738924420180240, 10.00000000000000000 ) ) ;
#3295 = CARTESIAN_POINT ( 'NONE',  ( -51.39904058627524108, -48.90882038830122980, -0.9501435111455677207 ) ) ;
#3296 = CIRCLE ( 'NONE', #2271, 2.500000000000009326 ) ;
#3297 = DIRECTION ( 'NONE',  ( 0.9107784042937661084, 0.000000000000000000, -0.4128955052699181949 ) ) ;
#3298 = EDGE_CURVE ( 'NONE', #4456, #1001, #4980, .T. ) ;
#3299 = EDGE_LOOP ( 'NONE', ( #3660, #3752, #4506, #2553 ) ) ;
#3300 = FACE_OUTER_BOUND ( 'NONE', #3161, .T. ) ;
#3301 = DIRECTION ( 'NONE',  ( 1.000000000000000000, 0.000000000000000000, 0.000000000000000000 ) ) ;
#3302 = ORIENTED_EDGE ( 'NONE', *, *, #4666, .F. ) ;
#3303 = EDGE_CURVE ( 'NONE', #4777, #1149, #1226, .T. ) ;
#3304 = CARTESIAN_POINT ( 'NONE',  ( 6.538102674377339163, 132.0225551671817641, -3.155204028851129383 ) ) ;
#3305 = LINE ( 'NONE', #4501, #1964 ) ;
#3306 = EDGE_CURVE ( 'NONE', #4221, #2041, #877, .T. ) ;
#3307 = DIRECTION ( 'NONE',  ( 0.7852140432544196802, -0.6192244393400879732, 9.986667635501259977E-17 ) ) ;
#3308 = DIRECTION ( 'NONE',  ( -0.9930879748019211251, -0.1173723745342948183, -1.148429317936786669E-30 ) ) ;
#3309 = ORIENTED_EDGE ( 'NONE', *, *, #4406, .F. ) ;
#3310 = DIRECTION ( 'NONE',  ( -1.579692751415678445E-30, 3.581290393448283579E-30, 1.000000000000000000 ) ) ;
#3311 = DIRECTION ( 'NONE',  ( -0.7698990671686142262, -0.4309961487608989228, -0.4706354705354997003 ) ) ;
#3312 = CARTESIAN_POINT ( 'NONE',  ( 58.62294662508192999, -38.89162168676735121, -10.00000000000000888 ) ) ;
#3313 = AXIS2_PLACEMENT_3D ( 'NONE', #3734, #80, #1668 ) ;
#3314 = CARTESIAN_POINT ( 'NONE',  ( -49.53932019677848331, 112.4973563767609051, -1.877538175970882461 ) ) ;
#3315 = CARTESIAN_POINT ( 'NONE',  ( 22.71347086083324385, 118.5736183560897103, -0.7322330470336119168 ) ) ;
#3316 = ORIENTED_EDGE ( 'NONE', *, *, #4570, .F. ) ;
#3317 = CIRCLE ( 'NONE', #2374, 2.500000000000000888 ) ;
#3318 = CARTESIAN_POINT ( 'NONE',  ( 0.000000000000000000, 0.000000000000000000, -10.00000000000000888 ) ) ;
#3319 = ORIENTED_EDGE ( 'NONE', *, *, #2769, .T. ) ;
#3320 = DIRECTION ( 'NONE',  ( 1.579692751415678445E-30, -3.581290393448283579E-30, -1.000000000000000000 ) ) ;
#3321 = CARTESIAN_POINT ( 'NONE',  ( -68.55226036277328205, 10.23161262095713830, -0.01841263051883509222 ) ) ;
#3322 = AXIS2_PLACEMENT_3D ( 'NONE', #4069, #299, #3231 ) ;
#3323 = CYLINDRICAL_SURFACE ( 'NONE', #1669, 61.25000000000000000 ) ;
#3324 = VERTEX_POINT ( 'NONE', #2025 ) ;
#3325 = FACE_OUTER_BOUND ( 'NONE', #4675, .T. ) ;
#3326 = CIRCLE ( 'NONE', #694, 1.250000000000000222 ) ;
#3327 = CARTESIAN_POINT ( 'NONE',  ( 61.02220074161720476, -34.80062842253827426, -0.3489760767526204344 ) ) ;
#3328 = ORIENTED_EDGE ( 'NONE', *, *, #2037, .T. ) ;
#3329 = FACE_OUTER_BOUND ( 'NONE', #5160, .T. ) ;
#3330 = CARTESIAN_POINT ( 'NONE',  ( 18.32730154911866549, 121.3916869013880557, -0.1411698470745317846 ) ) ;
#3331 = ORIENTED_EDGE ( 'NONE', *, *, #4366, .T. ) ;
#3332 = ORIENTED_EDGE ( 'NONE', *, *, #14, .F. ) ;
#3333 = LINE ( 'NONE', #4979, #1723 ) ;
#3334 = ADVANCED_FACE ( 'NONE', ( #2797 ), #4444, .F. ) ;
#3335 = LINE ( 'NONE', #3312, #3566 ) ;
#3336 = DIRECTION ( 'NONE',  ( 0.5100290538000109564, -0.1439345685724617574, -0.8480290114434323456 ) ) ;
#3337 = EDGE_CURVE ( 'NONE', #3019, #4580, #2753, .T. ) ;
#3338 = CARTESIAN_POINT ( 'NONE',  ( -22.89219057208653751, 135.2758042900729549, -5.812256398074555186 ) ) ;
#3339 = ORIENTED_EDGE ( 'NONE', *, *, #1812, .T. ) ;
#3340 = CARTESIAN_POINT ( 'NONE',  ( -35.97915767545539012, 129.7873200566949095, -5.571852364366503885 ) ) ;
#3341 = ORIENTED_EDGE ( 'NONE', *, *, #3886, .F. ) ;
#3342 = VECTOR ( 'NONE', #125, 1000.000000000000000 ) ;
#3343 = CARTESIAN_POINT ( 'NONE',  ( -10.27008277174995499, 86.89519779516678000, -6.035533905932699561 ) ) ;
#3344 = CARTESIAN_POINT ( 'NONE',  ( -0.7380498511433569719, 135.6398896519649213, -2.808672224262256378 ) ) ;
#3345 = CIRCLE ( 'NONE', #4125, 3.250000000000002665 ) ;
#3346 = DIRECTION ( 'NONE',  ( 0.5100290538000108453, -0.1439345685724617574, -0.8480290114434322346 ) ) ;
#3347 = LINE ( 'NONE', #1808, #4830 ) ;
#3348 = ORIENTED_EDGE ( 'NONE', *, *, #2503, .F. ) ;
#3349 = AXIS2_PLACEMENT_3D ( 'NONE', #1333, #3001, #2950 ) ;
#3350 = CARTESIAN_POINT ( 'NONE',  ( -24.49496054422846569, 118.6450458634352429, 10.00000000000000000 ) ) ;
#3351 = LINE ( 'NONE', #928, #3973 ) ;
#3352 = ORIENTED_EDGE ( 'NONE', *, *, #2352, .F. ) ;
#3353 = AXIS2_PLACEMENT_3D ( 'NONE', #229, #4300, #1692 ) ;
#3354 = AXIS2_PLACEMENT_3D ( 'NONE', #4969, #4078, #4888 ) ;
#3355 = LINE ( 'NONE', #4193, #5092 ) ;
#3356 = ORIENTED_EDGE ( 'NONE', *, *, #4064, .T. ) ;
#3357 = ORIENTED_EDGE ( 'NONE', *, *, #5110, .F. ) ;
#3358 = DIRECTION ( 'NONE',  ( 1.000000000000000000, 0.000000000000000000, 0.000000000000000000 ) ) ;
#3359 = DIRECTION ( 'NONE',  ( -0.000000000000000000, 0.000000000000000000, 1.000000000000000000 ) ) ;
#3360 = AXIS2_PLACEMENT_3D ( 'NONE', #2940, #4592, #4179 ) ;
#3361 = CARTESIAN_POINT ( 'NONE',  ( 65.00292490842842597, 23.14346027173155562, -10.00000000000000888 ) ) ;
#3362 = DIRECTION ( 'NONE',  ( -0.000000000000000000, -0.000000000000000000, -1.000000000000000000 ) ) ;
#3363 = ORIENTED_EDGE ( 'NONE', *, *, #4920, .T. ) ;
#3364 = CARTESIAN_POINT ( 'NONE',  ( -48.52404058627475791, -49.05524931321377835, -3.125000000000000000 ) ) ;
#3365 = AXIS2_PLACEMENT_3D ( 'NONE', #4397, #728, #2353 ) ;
#3366 = ORIENTED_EDGE ( 'NONE', *, *, #2331, .T. ) ;
#3367 = CARTESIAN_POINT ( 'NONE',  ( -30.31324328438033788, 132.7028130373171848, -3.398414905107908446 ) ) ;
#3368 = CARTESIAN_POINT ( 'NONE',  ( -51.38793104667497147, -48.76587326441425319, -0.8436467401485859829 ) ) ;
#3369 = EDGE_CURVE ( 'NONE', #2659, #4091, #2240, .T. ) ;
#3370 = TOROIDAL_SURFACE ( 'NONE', #4678, 43.96446609406727646, 2.500000000000000000 ) ;
#3371 = EDGE_CURVE ( 'NONE', #4173, #172, #3271, .T. ) ;
#3372 = CARTESIAN_POINT ( 'NONE',  ( 14.93463289770636848, 78.23153007262411052, -0.6298166057456742184 ) ) ;
#3373 = DIRECTION ( 'NONE',  ( 0.3926070216272121161, -0.3096122196700448193, 0.8660254037844373753 ) ) ;
#3374 = ORIENTED_EDGE ( 'NONE', *, *, #2321, .F. ) ;
#3375 = VECTOR ( 'NONE', #2618, 1000.000000000000000 ) ;
#3376 = CARTESIAN_POINT ( 'NONE',  ( -8.368085805191288529, 70.80239637494905480, 6.584936490538890297 ) ) ;
#3377 = CARTESIAN_POINT ( 'NONE',  ( -51.39904058627524108, -49.05524931321311755, -1.051241075515839007 ) ) ;
#3378 = ORIENTED_EDGE ( 'NONE', *, *, #4982, .T. ) ;
#3379 = CYLINDRICAL_SURFACE ( 'NONE', #2100, 1.249999999999999112 ) ;
#3380 = EDGE_LOOP ( 'NONE', ( #12, #297, #2380, #294 ) ) ;
#3381 = VERTEX_POINT ( 'NONE', #2469 ) ;
#3382 = CYLINDRICAL_SURFACE ( 'NONE', #2989, 2.875000000000002665 ) ;
#3383 = CYLINDRICAL_SURFACE ( 'NONE', #842, 2.499999999999998668 ) ;
#3384 = FACE_OUTER_BOUND ( 'NONE', #4337, .T. ) ;
#3385 = CARTESIAN_POINT ( 'NONE',  ( 0.000000000000000000, 0.000000000000000000, -4.999999999999988454 ) ) ;
#3386 = ORIENTED_EDGE ( 'NONE', *, *, #4950, .T. ) ;
#3387 = CARTESIAN_POINT ( 'NONE',  ( 5.656380729679293395, 134.2109101190598039, -5.411546544072336040 ) ) ;
#3388 = DIRECTION ( 'NONE',  ( 1.000000000000000000, 0.000000000000000000, 0.000000000000000000 ) ) ;
#3389 = ORIENTED_EDGE ( 'NONE', *, *, #4635, .T. ) ;
#3390 = CARTESIAN_POINT ( 'NONE',  ( -29.66595892010584024, 132.6145865614408592, -2.846596479363674881 ) ) ;
#3391 = AXIS2_PLACEMENT_3D ( 'NONE', #458, #2964, #1370 ) ;
#3392 = CARTESIAN_POINT ( 'NONE',  ( 66.80003425181020305, 25.39259200847976672, -1.463351473078624121 ) ) ;
#3393 = CARTESIAN_POINT ( 'NONE',  ( -22.67982817836418263, 134.9636013742401133, -4.750521467482942128 ) ) ;
#3394 = AXIS2_PLACEMENT_3D ( 'NONE', #5290, #772, #4917 ) ;
#3395 = CARTESIAN_POINT ( 'NONE',  ( 59.45240616496202080, -39.16561035260385637, -1.193060303504665631 ) ) ;
#3396 = EDGE_CURVE ( 'NONE', #2269, #304, #1260, .T. ) ;
#3397 = VERTEX_POINT ( 'NONE', #775 ) ;
#3398 = EDGE_CURVE ( 'NONE', #4989, #2068, #5239, .T. ) ;
#3399 = CARTESIAN_POINT ( 'NONE',  ( 0.000000000000000000, 0.000000000000000000, -3.125000000000000000 ) ) ;
#3400 = AXIS2_PLACEMENT_3D ( 'NONE', #1431, #1910, #247 ) ;
#3401 = ADVANCED_FACE ( 'NONE', ( #3300 ), #4033, .F. ) ;
#3402 = AXIS2_PLACEMENT_3D ( 'NONE', #1965, #1639, #3581 ) ;
#3403 = VERTEX_POINT ( 'NONE', #5240 ) ;
#3404 = CARTESIAN_POINT ( 'NONE',  ( -49.92319951943317591, 111.0482540923661787, -3.125000000000000000 ) ) ;
#3405 = ORIENTED_EDGE ( 'NONE', *, *, #4950, .F. ) ;
#3406 = ORIENTED_EDGE ( 'NONE', *, *, #3371, .T. ) ;
#3407 = DIRECTION ( 'NONE',  ( -0.8600394143713060435, -0.1016474580492009588, -0.4999999999999968914 ) ) ;
#3408 =( GEOMETRIC_REPRESENTATION_CONTEXT ( 3 ) GLOBAL_UNCERTAINTY_ASSIGNED_CONTEXT ( ( #889 ) ) GLOBAL_UNIT_ASSIGNED_CONTEXT ( ( #4338, #5193, #1501 ) ) REPRESENTATION_CONTEXT ( 'NONE', 'WORKASPACE' ) );
#3409 = CARTESIAN_POINT ( 'NONE',  ( 57.63450777963478089, -39.09670306656787631, -0.08809209245586514803 ) ) ;
#3410 = LINE ( 'NONE', #4616, #1497 ) ;
#3411 = ORIENTED_EDGE ( 'NONE', *, *, #3473, .F. ) ;
#3412 = CARTESIAN_POINT ( 'NONE',  ( -45.64904058627524108, -49.05524931321311755, -3.125000000000000000 ) ) ;
#3413 = CARTESIAN_POINT ( 'NONE',  ( -49.92319951943317591, 111.0482540923661787, -1.429945038747103103 ) ) ;
#3414 = ORIENTED_EDGE ( 'NONE', *, *, #3337, .F. ) ;
#3415 = B_SPLINE_CURVE_WITH_KNOTS ( 'NONE', 3,
 ( #1122, #236, #3891, #3465, #1150, #260, #3977, #4765, #614, #2317, #2692, #3945, #2718, #2244, #2745, #1444, #5108, #1953 ),
 .UNSPECIFIED., .F., .F.,
 ( 4, 2, 2, 2, 2, 2, 2, 2, 4 ),
 ( 0.0004759958882340192127, 0.001165796446254031534, 0.001855597004274043855, 0.002200497283284030391, 0.002545397562294016928, 0.003235198120313990434, 0.003924998678333962640, 0.004614799236353936580, 0.005994400352393891400 ),
 .UNSPECIFIED. ) ;
#3416 = DIRECTION ( 'NONE',  ( 0.4624221120288947162, 0.2588678930593971694, 0.8480290114434321236 ) ) ;
#3417 = DIRECTION ( 'NONE',  ( -0.000000000000000000, -0.000000000000000000, 1.000000000000000000 ) ) ;
#3418 = DIRECTION ( 'NONE',  ( -0.1173723745342946240, 0.9930879748019211251, -2.566389572047207466E-17 ) ) ;
#3419 = CARTESIAN_POINT ( 'NONE',  ( -20.17319419367581546, 69.40715885486176262, 6.584936490538885856 ) ) ;
#3420 = AXIS2_PLACEMENT_3D ( 'NONE', #5094, #3023, #1402 ) ;
#3421 = ORIENTED_EDGE ( 'NONE', *, *, #3666, .F. ) ;
#3422 = CARTESIAN_POINT ( 'NONE',  ( -51.39904058627524108, -49.05524931321311755, -3.125000000000000000 ) ) ;
#3423 = VECTOR ( 'NONE', #5120, 1000.000000000000114 ) ;
#3424 = VECTOR ( 'NONE', #2489, 1000.000000000000000 ) ;
#3425 = ADVANCED_FACE ( 'NONE', ( #3615, #2394 ), #2001, .T. ) ;
#3426 = CARTESIAN_POINT ( 'NONE',  ( -65.73218274390988825, 7.545998104100233306, -0.2657439919349912083 ) ) ;
#3427 = DIRECTION ( 'NONE',  ( -0.000000000000000000, -0.000000000000000000, 1.000000000000000000 ) ) ;
#3428 = AXIS2_PLACEMENT_3D ( 'NONE', #3640, #4867, #4494 ) ;
#3429 = ORIENTED_EDGE ( 'NONE', *, *, #1426, .F. ) ;
#3430 = EDGE_CURVE ( 'NONE', #3184, #4248, #1360, .T. ) ;
#3431 = CONICAL_SURFACE ( 'NONE', #4816, 45.00000000000002842, 0.7853981633974469467 ) ;
#3432 = EDGE_CURVE ( 'NONE', #1854, #1876, #524, .T. ) ;
#3433 = CARTESIAN_POINT ( 'NONE',  ( 1.544633573432240947, 75.41280656739498056, 10.00000000000000178 ) ) ;
#3434 = ORIENTED_EDGE ( 'NONE', *, *, #143, .T. ) ;
#3435 = ORIENTED_EDGE ( 'NONE', *, *, #2845, .T. ) ;
#3436 = DIRECTION ( 'NONE',  ( -1.579692751415673891E-30, 0.000000000000000000, 1.000000000000000000 ) ) ;
#3437 = DIRECTION ( 'NONE',  ( -0.000000000000000000, 0.000000000000000000, 1.000000000000000000 ) ) ;
#3438 = ADVANCED_FACE ( 'NONE', ( #3800 ), #2182, .T. ) ;
#3439 = AXIS2_PLACEMENT_3D ( 'NONE', #3988, #3159, #1460 ) ;
#3440 = DIRECTION ( 'NONE',  ( -0.000000000000000000, -0.000000000000000000, 1.000000000000000000 ) ) ;
#3441 = FACE_OUTER_BOUND ( 'NONE', #3545, .T. ) ;
#3442 = VERTEX_POINT ( 'NONE', #472 ) ;
#3443 = CARTESIAN_POINT ( 'NONE',  ( -26.86800920237513424, 134.0598968634695041, -4.822450661322199572 ) ) ;
#3444 = CARTESIAN_POINT ( 'NONE',  ( 3.886792156658195996, 71.62144176332213874, 7.667468245269434490 ) ) ;
#3445 = ORIENTED_EDGE ( 'NONE', *, *, #2012, .T. ) ;
#3446 = FACE_BOUND ( 'NONE', #4448, .T. ) ;
#3447 = AXIS2_PLACEMENT_3D ( 'NONE', #161, #5058, #991 ) ;
#3448 = DIRECTION ( 'NONE',  ( 0.6192244393400868629, 0.7852140432544206794, -4.832316224346981621E-17 ) ) ;
#3449 = EDGE_CURVE ( 'NONE', #1391, #1803, #951, .T. ) ;
#3450 = CARTESIAN_POINT ( 'NONE',  ( -24.05088962258468399, 134.9780477958060203, -5.054100272557226603 ) ) ;
#3451 = AXIS2_PLACEMENT_3D ( 'NONE', #1017, #2247, #1850 ) ;
#3452 = CARTESIAN_POINT ( 'NONE',  ( 61.49794662508117682, -36.56368094517299028, -1.546336572748215232 ) ) ;
#3453 = ORIENTED_EDGE ( 'NONE', *, *, #2915, .T. ) ;
#3454 = CARTESIAN_POINT ( 'NONE',  ( -32.49430935874927684, 25.62520457609198132, 7.667468245269435378 ) ) ;
#3455 = AXIS2_PLACEMENT_3D ( 'NONE', #4946, #1787, #551 ) ;
#3456 = CARTESIAN_POINT ( 'NONE',  ( -66.35300579939816146, 9.147000372995201189, -0.01519128795652396717 ) ) ;
#3457 = AXIS2_PLACEMENT_3D ( 'NONE', #5274, #3310, #2429 ) ;
#3458 = VERTEX_POINT ( 'NONE', #4971 ) ;
#3459 = FILL_AREA_STYLE ('',( #1146 ) ) ;
#3460 = VERTEX_POINT ( 'NONE', #904 ) ;
#3461 = CARTESIAN_POINT ( 'NONE',  ( -71.28871781647536920, 6.296545674346225141, -1.566042666436496811 ) ) ;
#3462 = ORIENTED_EDGE ( 'NONE', *, *, #5219, .T. ) ;
#3463 = ADVANCED_FACE ( 'NONE', ( #3325 ), #1736, .F. ) ;
#3464 = ORIENTED_EDGE ( 'NONE', *, *, #4733, .F. ) ;
#3465 = CARTESIAN_POINT ( 'NONE',  ( 22.63770390816893041, 119.7405208436813808, -1.494174079880053796 ) ) ;
#3466 = EDGE_CURVE ( 'NONE', #2131, #461, #1313, .T. ) ;
#3467 = DIRECTION ( 'NONE',  ( 2.205195146620347939E-30, 2.583445881321955470E-30, 1.000000000000000000 ) ) ;
#3468 = B_SPLINE_CURVE_WITH_KNOTS ( 'NONE', 3,
 ( #3903, #327, #4773, #248, #3875, #5147, #653, #3050, #4750, #1459 ),
 .UNSPECIFIED., .F., .F.,
 ( 4, 2, 2, 2, 4 ),
 ( 0.004691781538966024491, 0.005597793976415329012, 0.006503806413864632666, 0.007409818851313937187, 0.008315831288763241708 ),
 .UNSPECIFIED. ) ;
#3469 = CARTESIAN_POINT ( 'NONE',  ( 14.56355846361122630, 78.20810211415690105, 6.938893903907228378E-15 ) ) ;
#3470 = AXIS2_PLACEMENT_3D ( 'NONE', #4382, #4778, #712 ) ;
#3471 = DIRECTION ( 'NONE',  ( 0.000000000000000000, 0.000000000000000000, -1.000000000000000000 ) ) ;
#3472 = ORIENTED_EDGE ( 'NONE', *, *, #4334, .T. ) ;
#3473 = EDGE_CURVE ( 'NONE', #958, #5191, #1739, .T. ) ;
#3474 = CARTESIAN_POINT ( 'NONE',  ( -9.850008206872455929, 136.2557510428453043, -4.364883581355492481 ) ) ;
#3475 = CARTESIAN_POINT ( 'NONE',  ( -8.768919918482158238, 74.19385487937971391, 10.00000000000000000 ) ) ;
#3476 = ORIENTED_EDGE ( 'NONE', *, *, #1490, .F. ) ;
#3477 = CARTESIAN_POINT ( 'NONE',  ( -31.70561605106557579, 132.0701018622678191, -3.430536417263848836 ) ) ;
#3478 = CARTESIAN_POINT ( 'NONE',  ( -67.10690212121613740, 4.899669448028179275, 8.239936510889710636E-15 ) ) ;
#3479 = DIRECTION ( 'NONE',  ( -0.9930879748019207920, -0.1173723745342969832, 0.000000000000000000 ) ) ;
#3480 = CARTESIAN_POINT ( 'NONE',  ( -48.99915987992651623, -51.89790067746835689, -1.374219234350367858 ) ) ;
#3481 = VERTEX_POINT ( 'NONE', #1810 ) ;
#3482 = FACE_OUTER_BOUND ( 'NONE', #3738, .T. ) ;
#3483 = CIRCLE ( 'NONE', #4529, 1.250000000000001332 ) ;
#3484 = CARTESIAN_POINT ( 'NONE',  ( -20.42254671039360403, 68.28762173436085448, 7.209936490538884080 ) ) ;
#3485 = FACE_OUTER_BOUND ( 'NONE', #1753, .T. ) ;
#3486 = ORIENTED_EDGE ( 'NONE', *, *, #237, .T. ) ;
#3487 = CIRCLE ( 'NONE', #1194, 2.499999999999999556 ) ;
#3488 = CARTESIAN_POINT ( 'NONE',  ( 56.08000742858227738, -35.03855793634571825, -0.2852144014108883852 ) ) ;
#3489 = ORIENTED_EDGE ( 'NONE', *, *, #1970, .F. ) ;
#3490 = CARTESIAN_POINT ( 'NONE',  ( -71.01689722060844190, 5.772994654325320774, -1.251018036578722903 ) ) ;
#3491 = EDGE_LOOP ( 'NONE', ( #269, #3121, #800, #741 ) ) ;
#3492 = EDGE_LOOP ( 'NONE', ( #2428, #4638, #2439 ) ) ;
#3493 = FACE_OUTER_BOUND ( 'NONE', #3636, .T. ) ;
#3494 =( BOUNDED_CURVE ( )  B_SPLINE_CURVE ( 3, ( #4186, #546, #3744, #2177 ),
 .UNSPECIFIED., .F., .T. ) 
 B_SPLINE_CURVE_WITH_KNOTS ( ( 4, 4 ),
 ( 2.906689741847427566, 3.479394081829920715 ),
 .UNSPECIFIED. ) 
 CURVE ( )  GEOMETRIC_REPRESENTATION_ITEM ( )  RATIONAL_B_SPLINE_CURVE ( ( 1.000000000000000000, 0.9728537351997792459, 0.9728537351997792459, 1.000000000000000000 ) ) 
 REPRESENTATION_ITEM ( '' )  );
#3495 = EDGE_CURVE ( 'NONE', #3571, #2589, #1760, .T. ) ;
#3496 = CARTESIAN_POINT ( 'NONE',  ( -20.17319419367581546, 69.40715885486176262, 6.584936490538883191 ) ) ;
#3497 = ADVANCED_FACE ( 'NONE', ( #2572 ), #961, .T. ) ;
#3498 = CARTESIAN_POINT ( 'NONE',  ( -49.54819951940678635, 111.0482540923670172, -10.00000000000000888 ) ) ;
#3499 = EDGE_LOOP ( 'NONE', ( #2987, #4172 ) ) ;
#3500 = CARTESIAN_POINT ( 'NONE',  ( 55.76350548753766390, -36.73592953144599704, -0.04946604045535840655 ) ) ;
#3501 = DIRECTION ( 'NONE',  ( 1.000000000000000000, 0.000000000000000000, 0.000000000000000000 ) ) ;
#3502 = ORIENTED_EDGE ( 'NONE', *, *, #995, .F. ) ;
#3503 = AXIS2_PLACEMENT_3D ( 'NONE', #2911, #1209, #4065 ) ;
#3504 = CARTESIAN_POINT ( 'NONE',  ( -33.92089984316236695, 130.9511248326258794, -3.882706113068939313 ) ) ;
#3505 = CARTESIAN_POINT ( 'NONE',  ( 7.389549636354749929, 128.4229837955309677, -0.2793176764320849936 ) ) ;
#3506 = EDGE_CURVE ( 'NONE', #2269, #1007, #3345, .T. ) ;
#3507 = B_SPLINE_CURVE_WITH_KNOTS ( 'NONE', 3,
 ( #1144, #2392, #4023, #4891 ),
 .UNSPECIFIED., .F., .F.,
 ( 4, 4 ),
 ( 3.207580796588934182E-07, 0.0004759958882340192127 ),
 .UNSPECIFIED. ) ;
#3508 = CARTESIAN_POINT ( 'NONE',  ( -25.56156336216825764, 127.6695751582425373, 7.209936490538892961 ) ) ;
#3509 = DIRECTION ( 'NONE',  ( 1.832915370843405369E-15, -1.000000000000000000, 3.604759443079479474E-30 ) ) ;
#3510 = ORIENTED_EDGE ( 'NONE', *, *, #5079, .F. ) ;
#3511 = PLANE ( 'NONE',  #1140 ) ;
#3512 = ADVANCED_FACE ( 'NONE', ( #3004 ), #4655, .F. ) ;
#3513 = CARTESIAN_POINT ( 'NONE',  ( -13.65393386227901473, 64.74222199922273546, -0.2644551143619301992 ) ) ;
#3514 = CARTESIAN_POINT ( 'NONE',  ( -20.17319419367581546, 68.33596850704607562, 7.229181194627732232 ) ) ;
#3515 = ORIENTED_EDGE ( 'NONE', *, *, #4373, .T. ) ;
#3516 = AXIS2_PLACEMENT_3D ( 'NONE', #3675, #1289, #3645 ) ;
#3517 = EDGE_LOOP ( 'NONE', ( #4703, #805, #232, #2460 ) ) ;
#3518 = AXIS2_PLACEMENT_3D ( 'NONE', #5266, #4110, #3242 ) ;
#3519 = CARTESIAN_POINT ( 'NONE',  ( -70.53912839019062631, 5.223041046370670237, -0.7322330470335961516 ) ) ;
#3520 = ORIENTED_EDGE ( 'NONE', *, *, #4828, .T. ) ;
#3521 = ORIENTED_EDGE ( 'NONE', *, *, #4478, .F. ) ;
#3522 = DIRECTION ( 'NONE',  ( -0.4965439874009576759, -0.05868618726714549400, -0.8660254037844404840 ) ) ;
#3523 = CARTESIAN_POINT ( 'NONE',  ( 57.02639435412946511, -38.78257251146520446, 0.000000000000000000 ) ) ;
#3524 = CARTESIAN_POINT ( 'NONE',  ( 138.3549707563275888, 107.1583037707098640, -6.035533905932755516 ) ) ;
#3525 = EDGE_CURVE ( 'NONE', #574, #5062, #4244, .T. ) ;
#3526 = CARTESIAN_POINT ( 'NONE',  ( 10.60434422727199966, -69.93280114030463324, -0.7322330470336037012 ) ) ;
#3527 = ORIENTED_EDGE ( 'NONE', *, *, #1786, .T. ) ;
#3528 = CARTESIAN_POINT ( 'NONE',  ( -48.52404058627475791, -49.05524931321377835, -10.00000000000000888 ) ) ;
#3529 = ORIENTED_EDGE ( 'NONE', *, *, #1511, .F. ) ;
#3530 = CARTESIAN_POINT ( 'NONE',  ( 7.468354530409697212, 128.2244556698019551, -0.2078932683559458483 ) ) ;
#3531 = DIRECTION ( 'NONE',  ( -0.7698990671686127829, -0.4309961487608996444, -0.4706354705355006995 ) ) ;
#3532 = DIRECTION ( 'NONE',  ( 0.9930879748019207920, 0.1173723745342969832, -6.245004513516507906E-15 ) ) ;
#3533 = AXIS2_PLACEMENT_3D ( 'NONE', #1519, #3164, #2764 ) ;
#3534 = ORIENTED_EDGE ( 'NONE', *, *, #2272, .F. ) ;
#3535 = LINE ( 'NONE', #5180, #492 ) ;
#3536 = EDGE_CURVE ( 'NONE', #4754, #3442, #3090, .T. ) ;
#3537 = CIRCLE ( 'NONE', #1152, 49.26776695296639730 ) ;
#3538 = DIRECTION ( 'NONE',  ( 0.000000000000000000, -0.000000000000000000, -1.000000000000000000 ) ) ;
#3539 = CARTESIAN_POINT ( 'NONE',  ( 20.17015483431626066, 64.19118262632439098, 0.000000000000000000 ) ) ;
#3540 = EDGE_LOOP ( 'NONE', ( #1499, #1940, #3434, #5103 ) ) ;
#3541 = AXIS2_PLACEMENT_3D ( 'NONE', #2133, #3751, #4609 ) ;
#3542 = VERTEX_POINT ( 'NONE', #174 ) ;
#3543 = CARTESIAN_POINT ( 'NONE',  ( -33.12477001584532132, 118.6450458634352429, 7.667468245269430049 ) ) ;
#3544 = VERTEX_POINT ( 'NONE', #2496 ) ;
#3545 = EDGE_LOOP ( 'NONE', ( #819, #4850, #3022, #641 ) ) ;
#3546 = CARTESIAN_POINT ( 'NONE',  ( -2.530586091957568066E-28, -1.016105332223470571E-28, -2.499999999999991118 ) ) ;
#3547 = EDGE_CURVE ( 'NONE', #3481, #3403, #4353, .T. ) ;
#3548 = CIRCLE ( 'NONE', #2954, 45.73223304703363823 ) ;
#3549 = CARTESIAN_POINT ( 'NONE',  ( -68.81847723255799565, 4.484949836023208292, 0.000000000000000000 ) ) ;
#3550 = CARTESIAN_POINT ( 'NONE',  ( -48.52404058627524108, -49.05524931321311755, -3.125000000000000000 ) ) ;
#3551 = ORIENTED_EDGE ( 'NONE', *, *, #1256, .T. ) ;
#3552 = CARTESIAN_POINT ( 'NONE',  ( -9.408068868142374086, 136.5321813429977169, -4.750521467482933247 ) ) ;
#3553 = FACE_OUTER_BOUND ( 'NONE', #564, .T. ) ;
#3554 = VERTEX_POINT ( 'NONE', #3422 ) ;
#3555 = LINE ( 'NONE', #4322, #3423 ) ;
#3556 = DIRECTION ( 'NONE',  ( -0.000000000000000000, 0.000000000000000000, 1.000000000000000000 ) ) ;
#3557 = VERTEX_POINT ( 'NONE', #4137 ) ;
#3558 = ORIENTED_EDGE ( 'NONE', *, *, #3818, .T. ) ;
#3559 = CARTESIAN_POINT ( 'NONE',  ( -70.73223304703357428, 7.765685649755789175E-45, -0.7322330470335980390 ) ) ;
#3560 = EDGE_CURVE ( 'NONE', #934, #5217, #3768, .T. ) ;
#3561 = CARTESIAN_POINT ( 'NONE',  ( -5.955789965642367179, 65.51189954102888180, -0.5055425873227417100 ) ) ;
#3562 = EDGE_CURVE ( 'NONE', #3442, #4079, #2870, .T. ) ;
#3563 = CARTESIAN_POINT ( 'NONE',  ( 22.93979325500792044, 62.79702467812001032, -0.03529266094501193329 ) ) ;
#3564 = CARTESIAN_POINT ( 'NONE',  ( 0.000000000000000000, 0.000000000000000000, -10.00000000000000888 ) ) ;
#3565 = CARTESIAN_POINT ( 'NONE',  ( 57.98334252345874518, -33.58310998498514266, -0.01256732803999484165 ) ) ;
#3566 = VECTOR ( 'NONE', #2455, 1000.000000000000000 ) ;
#3567 = EDGE_CURVE ( 'NONE', #2287, #4296, #3007, .T. ) ;
#3568 = ORIENTED_EDGE ( 'NONE', *, *, #1547, .T. ) ;
#3569 = VECTOR ( 'NONE', #2356, 1000.000000000000000 ) ;
#3570 = CARTESIAN_POINT ( 'NONE',  ( -49.72979813570562158, 110.0115989610878415, -0.7322330470336095853 ) ) ;
#3571 = VERTEX_POINT ( 'NONE', #629 ) ;
#3572 = ORIENTED_EDGE ( 'NONE', *, *, #336, .T. ) ;
#3573 = DIRECTION ( 'NONE',  ( -0.000000000000000000, -0.000000000000000000, 1.000000000000000000 ) ) ;
#3574 = DIRECTION ( 'NONE',  ( 1.000000000000000000, 0.000000000000000000, 0.000000000000000000 ) ) ;
#3575 = CARTESIAN_POINT ( 'NONE',  ( 8.919990023008940838, -71.28105047944006856, -1.836893414687771786 ) ) ;
#3576 = ORIENTED_EDGE ( 'NONE', *, *, #833, .F. ) ;
#3577 = CARTESIAN_POINT ( 'NONE',  ( -70.04411011768034712, 9.842328466482802796, -0.7322330470335925989 ) ) ;
#3578 = DIRECTION ( 'NONE',  ( 1.000000000000000000, 0.000000000000000000, 0.000000000000000000 ) ) ;
#3579 = ORIENTED_EDGE ( 'NONE', *, *, #262, .F. ) ;
#3580 = CIRCLE ( 'NONE', #1626, 49.26776695296636888 ) ;
#3581 = DIRECTION ( 'NONE',  ( 1.000000000000000000, 0.000000000000000000, 0.000000000000000000 ) ) ;
#3582 = CARTESIAN_POINT ( 'NONE',  ( -26.86800920237508450, 134.0598968634695325, -4.822450661322252863 ) ) ;
#3583 = AXIS2_PLACEMENT_3D ( 'NONE', #2637, #2612, #4174 ) ;
#3584 = CARTESIAN_POINT ( 'NONE',  ( -28.08098955931203378, 74.26464762462876479, 7.209936490538884080 ) ) ;
#3585 = EDGE_LOOP ( 'NONE', ( #118, #4194, #2004, #844 ) ) ;
#3586 = EDGE_LOOP ( 'NONE', ( #136, #3421, #4211, #4978 ) ) ;
#3587 = CARTESIAN_POINT ( 'NONE',  ( -5.124609333021688862, 136.6297341164329566, -4.822450661324387156 ) ) ;
#3588 = DIRECTION ( 'NONE',  ( -0.000000000000000000, -0.000000000000000000, 1.000000000000000000 ) ) ;
#3589 = CARTESIAN_POINT ( 'NONE',  ( 67.78105514234172801, 22.38972307957445906, -1.383175825944351844 ) ) ;
#3590 = CARTESIAN_POINT ( 'NONE',  ( 0.000000000000000000, 0.000000000000000000, -6.035533905932755516 ) ) ;
#3591 = CARTESIAN_POINT ( 'NONE',  ( 55.74794662508116261, -36.39162168676693199, -0.1032020456229676558 ) ) ;
#3592 = EDGE_CURVE ( 'NONE', #2438, #2081, #1480, .T. ) ;
#3593 = CARTESIAN_POINT ( 'NONE',  ( 5.741017420750577749, 133.7895073226688396, -4.607942696831727858 ) ) ;
#3594 = ORIENTED_EDGE ( 'NONE', *, *, #2880, .T. ) ;
#3595 = EDGE_CURVE ( 'NONE', #1516, #259, #1860, .T. ) ;
#3596 = CYLINDRICAL_SURFACE ( 'NONE', #1561, 1.249999999999999112 ) ;
#3597 = ADVANCED_FACE ( 'NONE', ( #3482 ), #1489, .F. ) ;
#3598 = TOROIDAL_SURFACE ( 'NONE', #4651, 63.75000000000000000, 2.500000000000000000 ) ;
#3599 = DIRECTION ( 'NONE',  ( -0.000000000000000000, 0.000000000000000000, 1.000000000000000000 ) ) ;
#3600 = DIRECTION ( 'NONE',  ( -0.000000000000000000, 0.000000000000000000, 1.000000000000000000 ) ) ;
#3601 = EDGE_LOOP ( 'NONE', ( #4916, #1443, #3527, #1185, #2632, #4525, #3896 ) ) ;
#3602 = DIRECTION ( 'NONE',  ( 0.000000000000000000, 0.000000000000000000, 1.000000000000000000 ) ) ;
#3603 = DIRECTION ( 'NONE',  ( 0.000000000000000000, -1.000000000000000000, 0.000000000000000000 ) ) ;
#3604 = ORIENTED_EDGE ( 'NONE', *, *, #3592, .F. ) ;
#3605 = EDGE_CURVE ( 'NONE', #1167, #3937, #1833, .T. ) ;
#3606 = FACE_OUTER_BOUND ( 'NONE', #1467, .T. ) ;
#3607 = CARTESIAN_POINT ( 'NONE',  ( 0.02942712458902480704, 135.4807406009419708, -2.850767692591527958 ) ) ;
#3608 = CARTESIAN_POINT ( 'NONE',  ( 22.69523674052948081, 118.4379462917843000, -0.6251028574487114131 ) ) ;
#3609 = ORIENTED_EDGE ( 'NONE', *, *, #1621, .T. ) ;
#3610 = ORIENTED_EDGE ( 'NONE', *, *, #765, .F. ) ;
#3611 = DIRECTION ( 'NONE',  ( 1.000000000000000000, 0.000000000000000000, 0.000000000000000000 ) ) ;
#3612 = AXIS2_PLACEMENT_3D ( 'NONE', #468, #2023, #65 ) ;
#3613 = DIRECTION ( 'NONE',  ( -5.657338475244857780E-60, -1.000000000000000000, 3.581290393448283579E-30 ) ) ;
#3614 = CARTESIAN_POINT ( 'NONE',  ( -70.90737195967966500, 9.095296927523603969, -1.487953497714531670 ) ) ;
#3615 = FACE_OUTER_BOUND ( 'NONE', #1243, .T. ) ;
#3616 = CIRCLE ( 'NONE', #4413, 1.249999999999999556 ) ;
#3617 = AXIS2_PLACEMENT_3D ( 'NONE', #3678, #22, #1664 ) ;
#3618 = DIRECTION ( 'NONE',  ( 1.579692751415678445E-30, -3.581290393448283579E-30, -1.000000000000000000 ) ) ;
#3619 = VERTEX_POINT ( 'NONE', #3931 ) ;
#3620 = CARTESIAN_POINT ( 'NONE',  ( 6.062612214228741969, 133.0957669898867834, -4.001624372854590383 ) ) ;
#3621 = DIRECTION ( 'NONE',  ( 0.1173723745342943325, -0.9930879748019212361, 0.000000000000000000 ) ) ;
#3622 = AXIS2_PLACEMENT_3D ( 'NONE', #566, #2540, #3020 ) ;
#3623 = EDGE_CURVE ( 'NONE', #3201, #1021, #5066, .T. ) ;
#3624 = PLANE ( 'NONE',  #1322 ) ;
#3625 = CARTESIAN_POINT ( 'NONE',  ( 0.9230460145465622102, 76.68841234103354054, 10.00000000000000000 ) ) ;
#3626 = VERTEX_POINT ( 'NONE', #1085 ) ;
#3627 = DIRECTION ( 'NONE',  ( 1.000000000000000000, 0.000000000000000000, 0.000000000000000000 ) ) ;
#3628 = CARTESIAN_POINT ( 'NONE',  ( -32.25054639482592478, 131.4253681788454173, -2.929216937835940282 ) ) ;
#3629 = TOROIDAL_SURFACE ( 'NONE', #4329, 106.0355339059327093, 2.500000000000000000 ) ;
#3630 = VERTEX_POINT ( 'NONE', #3559 ) ;
#3631 = EDGE_CURVE ( 'NONE', #3630, #4835, #4814, .T. ) ;
#3632 = DIRECTION ( 'NONE',  ( -0.6192244393400718749, -0.7852140432544325588, -7.115076756936080250E-15 ) ) ;
#3633 = CARTESIAN_POINT ( 'NONE',  ( -2.212612193233093549, 136.2423924305410878, -3.447986686378440968 ) ) ;
#3634 = LINE ( 'NONE', #2484, #2598 ) ;
#3635 = ORIENTED_EDGE ( 'NONE', *, *, #5235, .F. ) ;
#3636 = EDGE_LOOP ( 'NONE', ( #1222, #3746, #579, #1921, #1470, #3252 ) ) ;
#3637 = CARTESIAN_POINT ( 'NONE',  ( 9.144530489145241248, 79.43509914178196141, 6.584936490538892961 ) ) ;
#3638 = CARTESIAN_POINT ( 'NONE',  ( -27.72249646233471054, 118.2635856461988055, 10.00000000000000000 ) ) ;
#3639 = CARTESIAN_POINT ( 'NONE',  ( -68.60718274391030036, 7.352174912479794600, -3.125000000000000000 ) ) ;
#3640 = CARTESIAN_POINT ( 'NONE',  ( -24.49496054422846569, 118.6450458634352429, 7.667468245269430049 ) ) ;
#3641 = ADVANCED_FACE ( 'NONE', ( #251 ), #3511, .T. ) ;
#3642 = FACE_OUTER_BOUND ( 'NONE', #2669, .T. ) ;
#3643 = ORIENTED_EDGE ( 'NONE', *, *, #5280, .T. ) ;
#3644 = SHAPE_DEFINITION_REPRESENTATION ( #1864, #1394 ) ;
#3645 = DIRECTION ( 'NONE',  ( 0.9107784042937661084, 0.000000000000000000, -0.4128955052699181949 ) ) ;
#3646 = DIRECTION ( 'NONE',  ( 3.552713678800500140E-15, -1.000000000000000000, 3.572180275712047210E-30 ) ) ;
#3647 = CARTESIAN_POINT ( 'NONE',  ( -13.99124037586287628, 135.2652641375265432, -3.503059471708814598 ) ) ;
#3648 = CARTESIAN_POINT ( 'NONE',  ( -36.71861130589597622, 28.95651407991041282, 259.6142809027516023 ) ) ;
#3649 = VERTEX_POINT ( 'NONE', #5100 ) ;
#3650 = DIRECTION ( 'NONE',  ( 1.000000000000000000, 0.000000000000000000, 0.000000000000000000 ) ) ;
#3651 = CARTESIAN_POINT ( 'NONE',  ( -46.93373311803345160, -51.45649078603771898, -0.08849534501660805130 ) ) ;
#3652 = ORIENTED_EDGE ( 'NONE', *, *, #503, .T. ) ;
#3653 = AXIS2_PLACEMENT_3D ( 'NONE', #4723, #4263, #1049 ) ;
#3654 = CARTESIAN_POINT ( 'NONE',  ( -2.570078410742960004E-28, -9.265730723872635445E-29, 8.239936510889833698E-15 ) ) ;
#3655 = ADVANCED_FACE ( 'NONE', ( #4354 ), #686, .T. ) ;
#3656 = EDGE_CURVE ( 'NONE', #4147, #2743, #3535, .T. ) ;
#3657 = CARTESIAN_POINT ( 'NONE',  ( 5.575878478082502809, 134.3178243785690427, -6.068470161814365937 ) ) ;
#3658 = CIRCLE ( 'NONE', #2885, 2.874999999999999112 ) ;
#3659 = DIRECTION ( 'NONE',  ( 0.1173723745342948044, -0.9930879748019211251, 0.000000000000000000 ) ) ;
#3660 = ORIENTED_EDGE ( 'NONE', *, *, #2173, .F. ) ;
#3661 = CARTESIAN_POINT ( 'NONE',  ( 0.000000000000000000, 0.000000000000000000, 0.000000000000000000 ) ) ;
#3662 = EDGE_LOOP ( 'NONE', ( #4955, #3462, #1496, #3054 ) ) ;
#3663 = CARTESIAN_POINT ( 'NONE',  ( -1.465088427964593709, 136.1161008936567782, -4.062100912108958184 ) ) ;
#3664 = CYLINDRICAL_SURFACE ( 'NONE', #1371, 1.249999999999999112 ) ;
#3665 = ADVANCED_FACE ( 'NONE', ( #1517 ), #3137, .T. ) ;
#3666 = EDGE_CURVE ( 'NONE', #3649, #4622, #1178, .T. ) ;
#3667 = LINE ( 'NONE', #2416, #377 ) ;
#3668 = VERTEX_POINT ( 'NONE', #1972 ) ;
#3669 = CARTESIAN_POINT ( 'NONE',  ( 58.62294662508192999, -36.39162168676735121, -3.125000000000000000 ) ) ;
#3670 = DIRECTION ( 'NONE',  ( -0.000000000000000000, 0.000000000000000000, 1.000000000000000000 ) ) ;
#3671 = EDGE_CURVE ( 'NONE', #1863, #1803, #4856, .T. ) ;
#3672 = ADVANCED_FACE ( 'NONE', ( #4020 ), #3664, .T. ) ;
#3673 = DIRECTION ( 'NONE',  ( -0.000000000000000000, -0.000000000000000000, -1.000000000000000000 ) ) ;
#3674 = EDGE_LOOP ( 'NONE', ( #2847, #2839, #2909, #3899 ) ) ;
#3675 = CARTESIAN_POINT ( 'NONE',  ( 9.144530489145241248, 79.43509914178196141, 6.584936490538892073 ) ) ;
#3676 = CARTESIAN_POINT ( 'NONE',  ( -66.08847984932873487, 29.80877104485968232, -6.035533905932755516 ) ) ;
#3677 = DIRECTION ( 'NONE',  ( -1.000000000000000000, 0.000000000000000000, 0.000000000000000000 ) ) ;
#3678 = CARTESIAN_POINT ( 'NONE',  ( -20.17319419367581546, 69.40715885486176262, 6.584936490538883191 ) ) ;
#3679 = ORIENTED_EDGE ( 'NONE', *, *, #2722, .T. ) ;
#3680 = CARTESIAN_POINT ( 'NONE',  ( -24.49496054422846569, 118.6450458634352429, -9.999999999999989342 ) ) ;
#3681 = AXIS2_PLACEMENT_3D ( 'NONE', #921, #3320, #33 ) ;
#3682 = CARTESIAN_POINT ( 'NONE',  ( -51.02404058627475791, -49.05524931321377835, -3.125000000000000000 ) ) ;
#3683 = CARTESIAN_POINT ( 'NONE',  ( 8.098693842866291348, -68.52307026133257750, -3.125000000000000000 ) ) ;
#3684 = AXIS2_PLACEMENT_3D ( 'NONE', #2052, #2822, #361 ) ;
#3685 = VERTEX_POINT ( 'NONE', #767 ) ;
#3686 = CARTESIAN_POINT ( 'NONE',  ( 23.56812620346355303, 63.02290456860932011, -4.380989047643439463E-28 ) ) ;
#3687 = ORIENTED_EDGE ( 'NONE', *, *, #3935, .T. ) ;
#3688 = CARTESIAN_POINT ( 'NONE',  ( 5.520080055678312725, 134.3364325797221284, -6.035533905932699561 ) ) ;
#3689 = CARTESIAN_POINT ( 'NONE',  ( 17.36408980896266030, 118.9565708611436179, -10.00000000000000888 ) ) ;
#3690 = AXIS2_PLACEMENT_3D ( 'NONE', #2, #3336, #160 ) ;
#3691 = AXIS2_PLACEMENT_3D ( 'NONE', #1081, #2702, #3479 ) ;
#3692 = CARTESIAN_POINT ( 'NONE',  ( 9.144530489145250129, 79.43509914178196141, 6.584936490538886744 ) ) ;
#3693 = CIRCLE ( 'NONE', #4395, 50.00000000000001421 ) ;
#3694 = EDGE_LOOP ( 'NONE', ( #2238, #1346 ) ) ;
#3695 = ADVANCED_FACE ( 'NONE', ( #4913 ), #793, .T. ) ;
#3696 = DIRECTION ( 'NONE',  ( 0.000000000000000000, -1.000000000000000000, 3.574611440196827961E-30 ) ) ;
#3697 = AXIS2_PLACEMENT_3D ( 'NONE', #2125, #3266, #4915 ) ;
#3698 = EDGE_CURVE ( 'NONE', #1119, #5055, #4360, .T. ) ;
#3699 = CARTESIAN_POINT ( 'NONE',  ( 138.3549707563275888, 107.1583037707098640, -307.0258184027516677 ) ) ;
#3700 = ORIENTED_EDGE ( 'NONE', *, *, #2329, .T. ) ;
#3701 = CIRCLE ( 'NONE', #3533, 2.875000000000002665 ) ;
#3702 = CARTESIAN_POINT ( 'NONE',  ( 58.62294662508192999, -36.39162168676735121, -10.00000000000000888 ) ) ;
#3703 = DIRECTION ( 'NONE',  ( 0.000000000000000000, 0.000000000000000000, -1.000000000000000000 ) ) ;
#3704 = VECTOR ( 'NONE', #1475, 1000.000000000000114 ) ;
#3705 = CARTESIAN_POINT ( 'NONE',  ( -66.13376742192139091, 8.830325370259593853, -0.06111099088466397100 ) ) ;
#3706 = LINE ( 'NONE', #1634, #4838 ) ;
#3707 = ORIENTED_EDGE ( 'NONE', *, *, #1587, .F. ) ;
#3708 = SPHERICAL_SURFACE ( 'NONE', #1937, 1.250000000000000000 ) ;
#3709 = CARTESIAN_POINT ( 'NONE',  ( -55.27008277174998341, 86.89519779516678000, 0.000000000000000000 ) ) ;
#3710 = AXIS2_PLACEMENT_3D ( 'NONE', #4823, #4007, #2476 ) ;
#3711 = CARTESIAN_POINT ( 'NONE',  ( 19.30545866200528593, 121.7767758610803526, -0.7322330470336144703 ) ) ;
#3712 = DIRECTION ( 'NONE',  ( -0.000000000000000000, -0.000000000000000000, 1.000000000000000000 ) ) ;
#3713 = DIRECTION ( 'NONE',  ( 1.000000000000000000, 0.000000000000000000, 0.000000000000000000 ) ) ;
#3714 = VERTEX_POINT ( 'NONE', #2762 ) ;
#3715 = DIRECTION ( 'NONE',  ( -0.000000000000000000, -0.000000000000000000, 1.000000000000000000 ) ) ;
#3716 = ORIENTED_EDGE ( 'NONE', *, *, #57, .F. ) ;
#3717 = CARTESIAN_POINT ( 'NONE',  ( -27.71910474750602660, 133.7603842720067462, -4.497396882481994318 ) ) ;
#3718 = CARTESIAN_POINT ( 'NONE',  ( -159.5239168776901408, 71.95220597035097398, -4.267766952966378646 ) ) ;
#3719 = FACE_OUTER_BOUND ( 'NONE', #3268, .T. ) ;
#3720 = ORIENTED_EDGE ( 'NONE', *, *, #2157, .T. ) ;
#3721 = DIRECTION ( 'NONE',  ( 1.579692751415678445E-30, -3.581290393448283579E-30, -1.000000000000000000 ) ) ;
#3722 = EDGE_CURVE ( 'NONE', #3291, #5214, #841, .T. ) ;
#3723 = AXIS2_PLACEMENT_3D ( 'NONE', #2817, #2365, #4463 ) ;
#3724 = EDGE_CURVE ( 'NONE', #4734, #77, #5212, .T. ) ;
#3725 = DIRECTION ( 'NONE',  ( -1.579692751415678445E-30, 3.581290393448283579E-30, 1.000000000000000000 ) ) ;
#3726 = ORIENTED_EDGE ( 'NONE', *, *, #2652, .F. ) ;
#3727 = CARTESIAN_POINT ( 'NONE',  ( -45.64904058627524108, -49.05524931323788707, -0.01530283646329859241 ) ) ;
#3728 = ADVANCED_FACE ( 'NONE', ( #4047 ), #2388, .F. ) ;
#3729 = CARTESIAN_POINT ( 'NONE',  ( -49.54819951940678635, 111.0482540923670172, -3.125000000000000000 ) ) ;
#3730 = CARTESIAN_POINT ( 'NONE',  ( 5.741017420750577749, 133.7895073226688396, -4.607942696831727858 ) ) ;
#3731 = ORIENTED_EDGE ( 'NONE', *, *, #3449, .F. ) ;
#3732 = ORIENTED_EDGE ( 'NONE', *, *, #2236, .T. ) ;
#3733 = CARTESIAN_POINT ( 'NONE',  ( 16.03837079305188951, 1.895563848728957668, 12.99038105676686250 ) ) ;
#3734 = CARTESIAN_POINT ( 'NONE',  ( -20.17319419367580480, 69.40715885486176262, 6.584936490538890297 ) ) ;
#3735 = CIRCLE ( 'NONE', #2889, 100.0000000000000000 ) ;
#3736 = CARTESIAN_POINT ( 'NONE',  ( -49.92319951943317591, 111.0482540923661787, -1.429945038747103103 ) ) ;
#3737 = DIRECTION ( 'NONE',  ( 0.4847605783279375080, 0.000000000000000000, 0.8746468897213113269 ) ) ;
#3738 = EDGE_LOOP ( 'NONE', ( #4269, #3319, #4435, #4513 ) ) ;
#3739 = CARTESIAN_POINT ( 'NONE',  ( -16.03837079305016289, -1.895563848728756051, 12.99038105676686250 ) ) ;
#3740 = ORIENTED_EDGE ( 'NONE', *, *, #207, .T. ) ;
#3741 = DIRECTION ( 'NONE',  ( -0.000000000000000000, -0.000000000000000000, 1.000000000000000000 ) ) ;
#3742 = CARTESIAN_POINT ( 'NONE',  ( 67.02466601604123753, 25.19303546066882760, -1.602913272415337875 ) ) ;
#3743 = AXIS2_PLACEMENT_3D ( 'NONE', #1244, #5277, #758 ) ;
#3744 = CARTESIAN_POINT ( 'NONE',  ( -21.87324315580876188, 64.06787754809921864, 9.107298248878241979E-15 ) ) ;
#3745 = DIRECTION ( 'NONE',  ( 0.9930879748019211251, 0.1173723745342948183, 0.000000000000000000 ) ) ;
#3746 = ORIENTED_EDGE ( 'NONE', *, *, #5197, .T. ) ;
#3747 = CARTESIAN_POINT ( 'NONE',  ( 62.58711653314143319, 24.70214397726231326, 8.239936510889844743E-15 ) ) ;
#3748 = CIRCLE ( 'NONE', #4459, 67.28553390593272354 ) ;
#3749 = CARTESIAN_POINT ( 'NONE',  ( 61.28736606976934098, -35.31157815858637861, -0.7322330470335971508 ) ) ;
#3750 = ORIENTED_EDGE ( 'NONE', *, *, #784, .T. ) ;
#3751 = DIRECTION ( 'NONE',  ( -0.000000000000000000, 0.000000000000000000, 1.000000000000000000 ) ) ;
#3752 = ORIENTED_EDGE ( 'NONE', *, *, #1518, .F. ) ;
#3753 = EDGE_CURVE ( 'NONE', #3937, #482, #1107, .T. ) ;
#3754 = ORIENTED_EDGE ( 'NONE', *, *, #4536, .F. ) ;
#3755 = CARTESIAN_POINT ( 'NONE',  ( -48.06396510756266593, -51.89319849420409980, -0.7322330470335940422 ) ) ;
#3756 = EDGE_CURVE ( 'NONE', #2102, #3910, #1192, .T. ) ;
#3757 = DIRECTION ( 'NONE',  ( -5.422707424026065345E-30, 2.838115920540687427E-30, 1.000000000000000000 ) ) ;
#3758 = FACE_OUTER_BOUND ( 'NONE', #3492, .T. ) ;
#3759 = CARTESIAN_POINT ( 'NONE',  ( -22.85812513158391823, 135.2526069771910784, -5.583204164520079615 ) ) ;
#3760 = EDGE_LOOP ( 'NONE', ( #5186, #4824, #4789, #1429 ) ) ;
#3761 = EDGE_CURVE ( 'NONE', #5214, #5062, #2895, .T. ) ;
#3762 = CARTESIAN_POINT ( 'NONE',  ( 5.520080055678312725, 134.3364325797221284, -6.035533905932699561 ) ) ;
#3763 = FACE_OUTER_BOUND ( 'NONE', #3857, .T. ) ;
#3764 = ORIENTED_EDGE ( 'NONE', *, *, #3761, .F. ) ;
#3765 = MECHANICAL_DESIGN_GEOMETRIC_PRESENTATION_REPRESENTATION (  '', ( #794 ), #447 ) ;
#3766 = CARTESIAN_POINT ( 'NONE',  ( -5.381883004958135430, 134.1430073003696464, -4.822450661324272581 ) ) ;
#3767 = DIRECTION ( 'NONE',  ( 0.09961994549877481453, -0.9950255607062672425, -2.395770963567778161E-16 ) ) ;
#3768 = CIRCLE ( 'NONE', #20, 70.73223304703357428 ) ;
#3769 = DIRECTION ( 'NONE',  ( -0.000000000000000000, -0.000000000000000000, -1.000000000000000000 ) ) ;
#3770 = CARTESIAN_POINT ( 'NONE',  ( 39.27160173760921680, 93.64956645368118870, -10.00000000000000888 ) ) ;
#3771 = ORIENTED_EDGE ( 'NONE', *, *, #2648, .F. ) ;
#3772 = ADVANCED_FACE ( 'NONE', ( #333 ), #3237, .F. ) ;
#3773 = B_SPLINE_CURVE_WITH_KNOTS ( 'NONE', 3,
 ( #1705, #4237, #3321, #4624, #2894, #4207, #2176, #3794 ),
 .UNSPECIFIED., .F., .F.,
 ( 4, 2, 2, 4 ),
 ( 0.002067655961638883814, 0.002583978401787194890, 0.003100300841935505966, 0.004132945722232089086 ),
 .UNSPECIFIED. ) ;
#3774 = CARTESIAN_POINT ( 'NONE',  ( -68.60718274391030036, 7.352174912479794600, -3.125000000000000000 ) ) ;
#3775 = DIRECTION ( 'NONE',  ( 0.000000000000000000, 0.000000000000000000, 1.000000000000000000 ) ) ;
#3776 = ORIENTED_EDGE ( 'NONE', *, *, #2497, .T. ) ;
#3777 = AXIS2_PLACEMENT_3D ( 'NONE', #1758, #3373, #5018 ) ;
#3778 = CARTESIAN_POINT ( 'NONE',  ( -66.89686277238553203, 5.028157628634159160, 7.202109392266500630E-15 ) ) ;
#3779 = ORIENTED_EDGE ( 'NONE', *, *, #3079, .F. ) ;
#3780 = ORIENTED_EDGE ( 'NONE', *, *, #2957, .T. ) ;
#3781 = DIRECTION ( 'NONE',  ( -1.000000000000000000, -5.657338475244856674E-60, -1.579692751415678445E-30 ) ) ;
#3782 = CARTESIAN_POINT ( 'NONE',  ( -20.09983645959187371, 68.78647887061055144, 7.667468245269434490 ) ) ;
#3783 = AXIS2_PLACEMENT_3D ( 'NONE', #1799, #1397, #3018 ) ;
#3784 = ADVANCED_FACE ( 'NONE', ( #3214 ), #1364, .F. ) ;
#3785 = DIRECTION ( 'NONE',  ( 0.9107784042937661084, 0.000000000000000000, -0.4128955052699183059 ) ) ;
#3786 = EDGE_CURVE ( 'NONE', #2537, #1486, #768, .T. ) ;
#3787 = CARTESIAN_POINT ( 'NONE',  ( 6.124529793587330850, -70.62236128895226273, -0.8873268772628289947 ) ) ;
#3788 = ORIENTED_EDGE ( 'NONE', *, *, #749, .T. ) ;
#3789 = DIRECTION ( 'NONE',  ( 0.000000000000000000, -0.000000000000000000, -1.000000000000000000 ) ) ;
#3790 = CARTESIAN_POINT ( 'NONE',  ( -66.62129980128257500, 9.431091442354412990, 0.000000000000000000 ) ) ;
#3791 = CIRCLE ( 'NONE', #473, 2.875000000000002665 ) ;
#3792 = ORIENTED_EDGE ( 'NONE', *, *, #4025, .F. ) ;
#3793 = CARTESIAN_POINT ( 'NONE',  ( -37.12358029574698293, 123.1667217118072415, -0.2811072212411812044 ) ) ;
#3794 = CARTESIAN_POINT ( 'NONE',  ( -70.04411011768034712, 9.842328466482802796, -0.7322330470335925989 ) ) ;
#3795 = CIRCLE ( 'NONE', #131, 106.0355339059327093 ) ;
#3796 = CARTESIAN_POINT ( 'NONE',  ( 58.62294662508192999, -33.89162168676735121, -3.125000000000000000 ) ) ;
#3797 = CARTESIAN_POINT ( 'NONE',  ( 59.92391844699824333, -38.96114404125336961, -1.476054015428853283 ) ) ;
#3798 = ORIENTED_EDGE ( 'NONE', *, *, #3084, .F. ) ;
#3799 = TOROIDAL_SURFACE ( 'NONE', #1080, 43.96446609406727646, 2.500000000000000000 ) ;
#3800 = FACE_OUTER_BOUND ( 'NONE', #4998, .T. ) ;
#3801 = CARTESIAN_POINT ( 'NONE',  ( 60.72591827018819544, -34.42464227730587112, -0.1397026750648891757 ) ) ;
#3802 = VERTEX_POINT ( 'NONE', #2046 ) ;
#3803 = CARTESIAN_POINT ( 'NONE',  ( -10.15843071577985768, 136.1628382333915965, -4.267766952966358218 ) ) ;
#3804 = ORIENTED_EDGE ( 'NONE', *, *, #3055, .F. ) ;
#3805 = ORIENTED_EDGE ( 'NONE', *, *, #1846, .T. ) ;
#3806 = FACE_OUTER_BOUND ( 'NONE', #5012, .T. ) ;
#3807 = DIRECTION ( 'NONE',  ( 0.000000000000000000, 0.000000000000000000, 1.000000000000000000 ) ) ;
#3808 = PLANE ( 'NONE',  #1999 ) ;
#3809 = CARTESIAN_POINT ( 'NONE',  ( 7.121575759980488307, -71.22927615135965596, -1.584332664334033414 ) ) ;
#3810 = ORIENTED_EDGE ( 'NONE', *, *, #272, .F. ) ;
#3811 = CARTESIAN_POINT ( 'NONE',  ( -31.59937801816024816, 132.1199587272085694, -4.096278157112017482 ) ) ;
#3812 = DIRECTION ( 'NONE',  ( 0.05868618726714783934, -0.4965439874009641708, 0.8660254037844365982 ) ) ;
#3813 = VERTEX_POINT ( 'NONE', #2071 ) ;
#3814 = EDGE_CURVE ( 'NONE', #2743, #2641, #1872, .T. ) ;
#3815 = CARTESIAN_POINT ( 'NONE',  ( -35.60589958850692938, 129.5369723892464435, -3.948208221936805540 ) ) ;
#3816 = CIRCLE ( 'NONE', #152, 13.25000000000008171 ) ;
#3817 = CARTESIAN_POINT ( 'NONE',  ( 19.86408980894260878, 118.9565708611430352, 0.000000000000000000 ) ) ;
#3818 = EDGE_CURVE ( 'NONE', #3154, #5002, #4496, .T. ) ;
#3819 = DIRECTION ( 'NONE',  ( -0.000000000000000000, 0.000000000000000000, 1.000000000000000000 ) ) ;
#3820 = VECTOR ( 'NONE', #676, 1000.000000000000227 ) ;
#3821 = CARTESIAN_POINT ( 'NONE',  ( 61.21803341219533223, -37.64405359768377934, -1.865749663952245063 ) ) ;
#3822 = ORIENTED_EDGE ( 'NONE', *, *, #4246, .T. ) ;
#3823 = ADVANCED_FACE ( 'NONE', ( #2947 ), #519, .T. ) ;
#3824 = CARTESIAN_POINT ( 'NONE',  ( -2.716781690884938955E-28, -7.738773267559396372E-29, 8.239936510889833698E-15 ) ) ;
#3825 = CIRCLE ( 'NONE', #1790, 2.500000000000002220 ) ;
#3826 = EDGE_CURVE ( 'NONE', #1277, #3962, #3487, .T. ) ;
#3827 = CARTESIAN_POINT ( 'NONE',  ( -10.27008277174995499, 86.89519779516678000, -0.7322330470336119168 ) ) ;
#3828 = AXIS2_PLACEMENT_3D ( 'NONE', #238, #4311, #4254 ) ;
#3829 = CARTESIAN_POINT ( 'NONE',  ( 8.637824489634089886, -65.69062212583324367, -0.2212139651363302650 ) ) ;
#3830 = ORIENTED_EDGE ( 'NONE', *, *, #2058, .F. ) ;
#3831 = DIRECTION ( 'NONE',  ( 1.000000000000000000, 0.000000000000000000, 0.000000000000000000 ) ) ;
#3832 = EDGE_CURVE ( 'NONE', #3668, #4845, #1446, .T. ) ;
#3833 = CARTESIAN_POINT ( 'NONE',  ( 65.68818013785116250, 25.93897118557767811, -0.6240759440366618893 ) ) ;
#3834 = ORIENTED_EDGE ( 'NONE', *, *, #735, .T. ) ;
#3835 = ORIENTED_EDGE ( 'NONE', *, *, #2481, .F. ) ;
#3836 = DIRECTION ( 'NONE',  ( 1.000000000000000000, 0.000000000000000000, 0.000000000000000000 ) ) ;
#3837 = EDGE_CURVE ( 'NONE', #2044, #2316, #4230, .T. ) ;
#3838 = CARTESIAN_POINT ( 'NONE',  ( 57.32285860002382094, -38.96149478667582144, -0.01816065543613472333 ) ) ;
#3839 = DIRECTION ( 'NONE',  ( -0.6192244393400868629, -0.7852140432544206794, 4.125972079762247395E-17 ) ) ;
#3840 = DIRECTION ( 'NONE',  ( 0.000000000000000000, 0.000000000000000000, -1.000000000000000000 ) ) ;
#3841 = ORIENTED_EDGE ( 'NONE', *, *, #2236, .F. ) ;
#3842 = CARTESIAN_POINT ( 'NONE',  ( -29.86764850232555801, 132.8968859399965368, -4.091919092516327794 ) ) ;
#3843 = CARTESIAN_POINT ( 'NONE',  ( 9.765210473396445323, 79.50845687586588895, 7.667468245269440708 ) ) ;
#3844 = ORIENTED_EDGE ( 'NONE', *, *, #2039, .T. ) ;
#3845 = PLANE ( 'NONE',  #3938 ) ;
#3846 = EDGE_CURVE ( 'NONE', #2102, #1876, #683, .T. ) ;
#3847 = CARTESIAN_POINT ( 'NONE',  ( -46.12034109891695266, 113.7741879522615704, -0.1407549343731527014 ) ) ;
#3848 = DIRECTION ( 'NONE',  ( 0.4874143730308032052, 0.000000000000000000, -0.8731707902598373483 ) ) ;
#3849 = AXIS2_PLACEMENT_3D ( 'NONE', #4500, #366, #4142 ) ;
#3850 = ORIENTED_EDGE ( 'NONE', *, *, #5145, .F. ) ;
#3851 = DIRECTION ( 'NONE',  ( 1.000000000000000000, 0.000000000000000000, 0.000000000000000000 ) ) ;
#3852 = AXIS2_PLACEMENT_3D ( 'NONE', #4551, #3218, #1227 ) ;
#3853 = EDGE_CURVE ( 'NONE', #1941, #3282, #2756, .T. ) ;
#3854 = EDGE_CURVE ( 'NONE', #593, #2044, #3970, .T. ) ;
#3855 = TOROIDAL_SURFACE ( 'NONE', #1654, 47.50000000000002132, 2.500000000000000000 ) ;
#3856 = ORIENTED_EDGE ( 'NONE', *, *, #5067, .T. ) ;
#3857 = EDGE_LOOP ( 'NONE', ( #4663, #3551 ) ) ;
#3858 = CARTESIAN_POINT ( 'NONE',  ( -46.95608875274996308, -46.63667184087267970, -0.2567187502181303427 ) ) ;
#3859 = EDGE_LOOP ( 'NONE', ( #4658, #3374, #3850, #839, #637, #3489, #2403, #2251, #4727 ) ) ;
#3860 = VERTEX_POINT ( 'NONE', #4130 ) ;
#3861 = LINE ( 'NONE', #4368, #3075 ) ;
#3862 = CIRCLE ( 'NONE', #2083, 45.73223304703363823 ) ;
#3863 = CIRCLE ( 'NONE', #1755, 2.875000000000002665 ) ;
#3864 = EDGE_CURVE ( 'NONE', #2055, #2716, #3773, .T. ) ;
#3865 = DIRECTION ( 'NONE',  ( 1.000000000000000000, 0.000000000000000000, 0.000000000000000000 ) ) ;
#3866 = CARTESIAN_POINT ( 'NONE',  ( 7.575318894720783014, -71.35261568557844214, -1.753518944218144693 ) ) ;
#3867 = ORIENTED_EDGE ( 'NONE', *, *, #2957, .F. ) ;
#3868 = CARTESIAN_POINT ( 'NONE',  ( -18.91214613083551299, 72.99503405364183095, 10.00000000000000000 ) ) ;
#3869 = CARTESIAN_POINT ( 'NONE',  ( 0.9230460145465656518, 76.68841234103354054, -9.999999999999989342 ) ) ;
#3870 = ORIENTED_EDGE ( 'NONE', *, *, #4870, .F. ) ;
#3871 = CARTESIAN_POINT ( 'NONE',  ( -32.91205497600289220, 131.4772108689520564, -4.319610651376260435 ) ) ;
#3872 = VECTOR ( 'NONE', #2747, 1000.000000000000000 ) ;
#3873 = LINE ( 'NONE', #1403, #2384 ) ;
#3874 = EDGE_CURVE ( 'NONE', #4853, #2659, #2128, .T. ) ;
#3875 = CARTESIAN_POINT ( 'NONE',  ( 62.50079009870937341, 21.69538789038639237, -0.2662530102576958768 ) ) ;
#3876 = CIRCLE ( 'NONE', #3710, 8.629809471616859184 ) ;
#3877 = FACE_OUTER_BOUND ( 'NONE', #2838, .T. ) ;
#3878 = ORIENTED_EDGE ( 'NONE', *, *, #3177, .F. ) ;
#3879 = CARTESIAN_POINT ( 'NONE',  ( -27.41065944042115277, 75.11466676071205484, 6.584936490538887632 ) ) ;
#3880 = VECTOR ( 'NONE', #2846, 1000.000000000000000 ) ;
#3881 = CARTESIAN_POINT ( 'NONE',  ( 10.94104904736606976, -68.09104955412918514, 0.000000000000000000 ) ) ;
#3882 = AXIS2_PLACEMENT_3D ( 'NONE', #3528, #646, #4428 ) ;
#3883 = CARTESIAN_POINT ( 'NONE',  ( 5.367426273623264521, -69.43650085538301653, -0.08804971234905242805 ) ) ;
#3884 = ORIENTED_EDGE ( 'NONE', *, *, #4889, .F. ) ;
#3885 = EDGE_CURVE ( 'NONE', #3962, #526, #2549, .T. ) ;
#3886 = EDGE_CURVE ( 'NONE', #2387, #198, #4249, .T. ) ;
#3887 = ORIENTED_EDGE ( 'NONE', *, *, #3958, .T. ) ;
#3888 = DIRECTION ( 'NONE',  ( 0.9508629099039398458, -0.1278374938784036519, 0.2819881233809344301 ) ) ;
#3889 = ORIENTED_EDGE ( 'NONE', *, *, #3853, .F. ) ;
#3890 = EDGE_LOOP ( 'NONE', ( #3116, #667, #4343, #288, #3520, #1995, #3687, #1988 ) ) ;
#3891 = CARTESIAN_POINT ( 'NONE',  ( 22.72078652481525296, 119.3397113315600251, -1.271097551215628840 ) ) ;
#3892 = EDGE_CURVE ( 'NONE', #1177, #1434, #3873, .T. ) ;
#3893 = CARTESIAN_POINT ( 'NONE',  ( 58.62294662508192999, -36.39162168676735121, -10.00000000000000888 ) ) ;
#3894 = CARTESIAN_POINT ( 'NONE',  ( 59.29498746699756850, 45.92498733030416957, -6.035533905932755516 ) ) ;
#3895 = CARTESIAN_POINT ( 'NONE',  ( 9.038609113498763392, -71.24278364767380367, -1.813765366304065818 ) ) ;
#3896 = ORIENTED_EDGE ( 'NONE', *, *, #3265, .T. ) ;
#3897 = DIRECTION ( 'NONE',  ( 1.000000000000000000, 0.000000000000000000, 0.000000000000000000 ) ) ;
#3898 = DIRECTION ( 'NONE',  ( -0.000000000000000000, 0.000000000000000000, 1.000000000000000000 ) ) ;
#3899 = ORIENTED_EDGE ( 'NONE', *, *, #498, .F. ) ;
#3900 = ADVANCED_FACE ( 'NONE', ( #997 ), #4619, .F. ) ;
#3901 = CARTESIAN_POINT ( 'NONE',  ( -31.13468181091176490, 131.9679124503398100, -2.816568995577249268 ) ) ;
#3902 = CARTESIAN_POINT ( 'NONE',  ( 0.000000000000000000, 0.000000000000000000, -6.035533905932755516 ) ) ;
#3903 = CARTESIAN_POINT ( 'NONE',  ( 62.12792490842917914, 23.14346027173063902, -0.2030718844521572086 ) ) ;
#3904 = DIRECTION ( 'NONE',  ( 0.05868618726714806139, -0.4965439874009655585, -0.8660254037844358210 ) ) ;
#3905 = ORIENTED_EDGE ( 'NONE', *, *, #4927, .F. ) ;
#3906 = DIRECTION ( 'NONE',  ( 1.579692751415678445E-30, -3.581290393448283579E-30, -1.000000000000000000 ) ) ;
#3907 = AXIS2_PLACEMENT_3D ( 'NONE', #4466, #2050, #2417 ) ;
#3908 = FACE_OUTER_BOUND ( 'NONE', #4318, .T. ) ;
#3909 = CARTESIAN_POINT ( 'NONE',  ( 8.849283894996686328, -65.73914019712478307, -0.1866051878840697120 ) ) ;
#3910 = VERTEX_POINT ( 'NONE', #1482 ) ;
#3911 = AXIS2_PLACEMENT_3D ( 'NONE', #4321, #3448, #4749 ) ;
#3912 = ORIENTED_EDGE ( 'NONE', *, *, #2915, .F. ) ;
#3913 = CIRCLE ( 'NONE', #4275, 9.087341226347390943 ) ;
#3914 = FACE_OUTER_BOUND ( 'NONE', #2699, .T. ) ;
#3915 = ORIENTED_EDGE ( 'NONE', *, *, #1267, .T. ) ;
#3916 = EDGE_LOOP ( 'NONE', ( #2155, #5282, #1257, #2705, #1077, #3274, #2556, #3780, #1409, #1066, #4112, #2307, #4072 ) ) ;
#3917 = DIRECTION ( 'NONE',  ( 0.000000000000000000, 0.000000000000000000, 1.000000000000000000 ) ) ;
#3918 = ADVANCED_FACE ( 'NONE', ( #195 ), #2213, .T. ) ;
#3919 = CARTESIAN_POINT ( 'NONE',  ( 61.35291294242332327, -35.47327938402841596, -0.8697533856483846693 ) ) ;
#3920 = DIRECTION ( 'NONE',  ( -0.000000000000000000, 0.000000000000000000, 1.000000000000000000 ) ) ;
#3921 = ORIENTED_EDGE ( 'NONE', *, *, #1193, .F. ) ;
#3922 = CARTESIAN_POINT ( 'NONE',  ( -4.377440050435924768, 125.6444127761611185, 10.00000000000000000 ) ) ;
#3923 = CARTESIAN_POINT ( 'NONE',  ( -24.21561763033988512, 77.17738305013405409, 10.00000000000000000 ) ) ;
#3924 = ORIENTED_EDGE ( 'NONE', *, *, #3186, .F. ) ;
#3925 = EDGE_CURVE ( 'NONE', #2149, #649, #79, .T. ) ;
#3926 = VECTOR ( 'NONE', #4508, 1000.000000000000114 ) ;
#3927 = CARTESIAN_POINT ( 'NONE',  ( -31.24749466798163411, 132.2847252409350460, -3.396662281567201624 ) ) ;
#3928 = LINE ( 'NONE', #4379, #1050 ) ;
#3929 = LINE ( 'NONE', #3081, #638 ) ;
#3930 = ORIENTED_EDGE ( 'NONE', *, *, #254, .F. ) ;
#3931 = CARTESIAN_POINT ( 'NONE',  ( 67.37798887261989478, 21.52336886504942015, -0.7322330470335970398 ) ) ;
#3932 = B_SPLINE_CURVE_WITH_KNOTS ( 'NONE', 3,
 ( #4546, #4516, #1677, #3793, #4206, #2070, #4129, #4158, #490, #1280 ),
 .UNSPECIFIED., .F., .F.,
 ( 4, 2, 2, 2, 4 ),
 ( 1.586977204195684288E-17, 0.0006616023330667869995, 0.001323204666133558170, 0.001984806999200329665, 0.002646409332267100727 ),
 .UNSPECIFIED. ) ;
#3933 = LINE ( 'NONE', #1975, #550 ) ;
#3934 = EDGE_CURVE ( 'NONE', #92, #1451, #3825, .T. ) ;
#3935 = EDGE_CURVE ( 'NONE', #1948, #150, #1871, .T. ) ;
#3936 = B_SPLINE_CURVE_WITH_KNOTS ( 'NONE', 3,
 ( #4788, #1417, #4844, #4497, #823, #3593 ),
 .UNSPECIFIED., .F., .F.,
 ( 4, 2, 4 ),
 ( 3.278810933079294390E-17, 0.0002516648811071523222, 0.0005033297622142717930 ),
 .UNSPECIFIED. ) ;
#3937 = VERTEX_POINT ( 'NONE', #2328 ) ;
#3938 = AXIS2_PLACEMENT_3D ( 'NONE', #167, #4319, #569 ) ;
#3939 = CARTESIAN_POINT ( 'NONE',  ( 58.33534273203959941, -33.53104324863598151, 8.239936510890046691E-15 ) ) ;
#3940 = ORIENTED_EDGE ( 'NONE', *, *, #5041, .F. ) ;
#3941 = AXIS2_PLACEMENT_3D ( 'NONE', #926, #3029, #4605 ) ;
#3942 = CARTESIAN_POINT ( 'NONE',  ( -71.47561722646433680, 7.129182958861068009, -1.830199991621732414 ) ) ;
#3943 = ORIENTED_EDGE ( 'NONE', *, *, #2167, .F. ) ;
#3944 = ORIENTED_EDGE ( 'NONE', *, *, #3592, .T. ) ;
#3945 = CARTESIAN_POINT ( 'NONE',  ( 21.47602070178689715, 121.3482561063577094, -1.848433993224539718 ) ) ;
#3946 = TOROIDAL_SURFACE ( 'NONE', #1997, 63.75000000000000000, 2.500000000000000000 ) ;
#3947 = DIRECTION ( 'NONE',  ( 0.4309961487609018094, -0.7698990671686107845, -0.4706354705355021428 ) ) ;
#3948 = CARTESIAN_POINT ( 'NONE',  ( 14.56355846361123163, 77.96360928803976265, 6.938893903907233111E-15 ) ) ;
#3949 = AXIS2_PLACEMENT_3D ( 'NONE', #1323, #4668, #1726 ) ;
#3950 = CARTESIAN_POINT ( 'NONE',  ( 0.000000000000000000, 0.000000000000000000, -0.7322330470335980390 ) ) ;
#3951 = VERTEX_POINT ( 'NONE', #5144 ) ;
#3952 = DIRECTION ( 'NONE',  ( -1.000000000000000000, 0.000000000000000000, 0.000000000000000000 ) ) ;
#3953 = DIRECTION ( 'NONE',  ( 0.000000000000000000, 0.000000000000000000, -1.000000000000000000 ) ) ;
#3954 = VERTEX_POINT ( 'NONE', #3478 ) ;
#3955 = DIRECTION ( 'NONE',  ( 0.7852140432544326698, -0.6192244393400714308, 0.000000000000000000 ) ) ;
#3956 = ADVANCED_FACE ( 'NONE', ( #5119 ), #1457, .T. ) ;
#3957 = CONICAL_SURFACE ( 'NONE', #4217, 69.99999999999998579, 0.7853981633974482790 ) ;
#3958 = EDGE_CURVE ( 'NONE', #1854, #3685, #1286, .T. ) ;
#3959 = CARTESIAN_POINT ( 'NONE',  ( -6.730450053236487484, 86.41752234367039875, 20.54575789956620113 ) ) ;
#3960 = FACE_OUTER_BOUND ( 'NONE', #2159, .T. ) ;
#3961 = AXIS2_PLACEMENT_3D ( 'NONE', #949, #1733, #2180 ) ;
#3962 = VERTEX_POINT ( 'NONE', #2674 ) ;
#3963 = CARTESIAN_POINT ( 'NONE',  ( 1.291655547970040452, 135.5422696693552211, -4.305813191461558276 ) ) ;
#3964 = CARTESIAN_POINT ( 'NONE',  ( -35.82796429140716299, 56.02358096417146527, -0.1266026420748846137 ) ) ;
#3965 = ADVANCED_FACE ( 'NONE', ( #4348 ), #705, .T. ) ;
#3966 = CIRCLE ( 'NONE', #2768, 106.0355339059327520 ) ;
#3967 = CARTESIAN_POINT ( 'NONE',  ( -26.03811288084384756, 131.7016619100543551, -4.822450661322103649 ) ) ;
#3968 = CARTESIAN_POINT ( 'NONE',  ( 22.27444526869199493, 62.75062516103127308, -0.09944119204486333297 ) ) ;
#3969 = CARTESIAN_POINT ( 'NONE',  ( -70.23223443399211874, 9.733772518458707168, -0.9034217188525859310 ) ) ;
#3970 = B_SPLINE_CURVE_WITH_KNOTS ( 'NONE', 3,
 ( #64, #897, #2543, #1756, #5015, #1356, #545, #2972 ),
 .UNSPECIFIED., .F., .F.,
 ( 4, 2, 2, 4 ),
 ( 0.0004711410993613802424, 0.0009877927913594579216, 0.001504444483357535818, 0.002537747867353674046 ),
 .UNSPECIFIED. ) ;
#3971 = VECTOR ( 'NONE', #1269, 1000.000000000000000 ) ;
#3972 = ORIENTED_EDGE ( 'NONE', *, *, #1063, .T. ) ;
#3973 = VECTOR ( 'NONE', #149, 1000.000000000000114 ) ;
#3974 = CARTESIAN_POINT ( 'NONE',  ( -49.06382338968856516, 108.9910324724451414, -0.08832071071551904351 ) ) ;
#3975 = ORIENTED_EDGE ( 'NONE', *, *, #3874, .T. ) ;
#3976 = EDGE_LOOP ( 'NONE', ( #2134, #4681, #470, #3905, #1319, #3771 ) ) ;
#3977 = CARTESIAN_POINT ( 'NONE',  ( 22.38806835605097234, 120.3377519718345070, -1.743422931177737167 ) ) ;
#3978 = AXIS2_PLACEMENT_3D ( 'NONE', #4851, #2061, #3650 ) ;
#3979 = DIRECTION ( 'NONE',  ( -0.9930879748019212361, -0.1173723745342949432, 0.000000000000000000 ) ) ;
#3980 = CARTESIAN_POINT ( 'NONE',  ( -26.29223152596096469, 133.8517604459834729, -3.572450661322472243 ) ) ;
#3981 = LINE ( 'NONE', #4286, #3704 ) ;
#3982 = EDGE_LOOP ( 'NONE', ( #1776, #1468, #2759, #4760, #5259, #3146, #517 ) ) ;
#3983 = LINE ( 'NONE', #5224, #4843 ) ;
#3984 = CARTESIAN_POINT ( 'NONE',  ( -24.11662716430096509, 76.86618691235408107, 9.999999999999998224 ) ) ;
#3985 = ORIENTED_EDGE ( 'NONE', *, *, #4170, .F. ) ;
#3986 = CARTESIAN_POINT ( 'NONE',  ( -10.27008277174995499, 86.89519779516678000, 0.000000000000000000 ) ) ;
#3987 = CARTESIAN_POINT ( 'NONE',  ( 9.635289266179283274, 79.04808386719440705, 7.667468245269427385 ) ) ;
#3988 = CARTESIAN_POINT ( 'NONE',  ( -2.530586091957568066E-28, -1.016105332223470571E-28, -2.499999999999991118 ) ) ;
#3989 = ORIENTED_EDGE ( 'NONE', *, *, #214, .F. ) ;
#3990 = ORIENTED_EDGE ( 'NONE', *, *, #336, .F. ) ;
#3991 = DIRECTION ( 'NONE',  ( -0.000000000000000000, -0.000000000000000000, 1.000000000000000000 ) ) ;
#3992 = ADVANCED_FACE ( 'NONE', ( #651 ), #2978, .T. ) ;
#3993 = DIRECTION ( 'NONE',  ( 0.8491611506782406060, -0.2396405517700083976, -0.4706354705355009771 ) ) ;
#3994 = CARTESIAN_POINT ( 'NONE',  ( 67.64809470191198670, 21.98125926961457566, -1.129368735500731358 ) ) ;
#3995 = EDGE_CURVE ( 'NONE', #1294, #2523, #11, .T. ) ;
#3996 = DIRECTION ( 'NONE',  ( -1.533053090151794101E-17, 1.297116629533491305E-16, -1.000000000000000000 ) ) ;
#3997 = ADVANCED_FACE ( 'NONE', ( #3131 ), #2279, .F. ) ;
#3998 = FACE_OUTER_BOUND ( 'NONE', #4195, .T. ) ;
#3999 = CIRCLE ( 'NONE', #4098, 49.26776695296636177 ) ;
#4000 = ADVANCED_FACE ( 'NONE', ( #4907 ), #4782, .T. ) ;
#4001 = CIRCLE ( 'NONE', #1103, 2.499999999999999556 ) ;
#4002 = DIRECTION ( 'NONE',  ( 0.000000000000000000, 0.000000000000000000, 1.000000000000000000 ) ) ;
#4003 = ORIENTED_EDGE ( 'NONE', *, *, #1171, .F. ) ;
#4004 = ADVANCED_FACE ( 'NONE', ( #403 ), #3255, .T. ) ;
#4005 = AXIS2_PLACEMENT_3D ( 'NONE', #3637, #3993, #2415 ) ;
#4006 = DIRECTION ( 'NONE',  ( 1.000000000000000000, 0.000000000000000000, 0.000000000000000000 ) ) ;
#4007 = DIRECTION ( 'NONE',  ( -0.000000000000000000, -0.000000000000000000, 1.000000000000000000 ) ) ;
#4008 = VERTEX_POINT ( 'NONE', #1936 ) ;
#4009 = CARTESIAN_POINT ( 'NONE',  ( -47.04819951940678635, 111.0482540923670172, -10.00000000000000888 ) ) ;
#4010 = CARTESIAN_POINT ( 'NONE',  ( 5.683030124158723773, 69.03361520442966537, 2.636798227228483338 ) ) ;
#4011 = ORIENTED_EDGE ( 'NONE', *, *, #4921, .T. ) ;
#4012 = APPLICATION_CONTEXT ( 'automotive_design' ) ;
#4013 = DIRECTION ( 'NONE',  ( -0.000000000000000000, -0.000000000000000000, 1.000000000000000000 ) ) ;
#4014 = CARTESIAN_POINT ( 'NONE',  ( -5.380172975129702273, 136.6561744138527956, -4.144948565948568309 ) ) ;
#4015 = AXIS2_PLACEMENT_3D ( 'NONE', #3733, #3407, #185 ) ;
#4016 = DIRECTION ( 'NONE',  ( -0.000000000000000000, 0.000000000000000000, 1.000000000000000000 ) ) ;
#4017 = ORIENTED_EDGE ( 'NONE', *, *, #3209, .T. ) ;
#4018 = ORIENTED_EDGE ( 'NONE', *, *, #395, .T. ) ;
#4019 = FACE_BOUND ( 'NONE', #4746, .T. ) ;
#4020 = FACE_OUTER_BOUND ( 'NONE', #1471, .T. ) ;
#4021 = B_SPLINE_CURVE_WITH_KNOTS ( 'NONE', 3,
 ( #1508, #1906, #756, #3129, #1962, #3179, #4826, #1158 ),
 .UNSPECIFIED., .F., .F.,
 ( 4, 2, 2, 4 ),
 ( 9.106885210113024817E-17, 0.0005020985010811923567, 0.0007531477516217368728, 0.001004197002162281497 ),
 .UNSPECIFIED. ) ;
#4022 = CARTESIAN_POINT ( 'NONE',  ( -47.04819951943317591, 111.0482540923661787, 0.000000000000000000 ) ) ;
#4023 = CARTESIAN_POINT ( 'NONE',  ( 22.73908980894260878, 118.8264116478927122, -0.9260184987591830730 ) ) ;
#4024 = CARTESIAN_POINT ( 'NONE',  ( -24.87642076146492087, 121.8725817815414700, 259.6142809027516023 ) ) ;
#4025 = EDGE_CURVE ( 'NONE', #277, #259, #163, .T. ) ;
#4026 = ADVANCED_FACE ( 'NONE', ( #376 ), #2634, .T. ) ;
#4027 = CARTESIAN_POINT ( 'NONE',  ( -18.27759496478233103, -2.160216190534844483, 6.584936490538892073 ) ) ;
#4028 = VECTOR ( 'NONE', #3034, 1000.000000000000000 ) ;
#4029 = ORIENTED_EDGE ( 'NONE', *, *, #3874, .F. ) ;
#4030 = APPLICATION_PROTOCOL_DEFINITION ( 'draft international standard', 'automotive_design', 1998, #4012 ) ;
#4031 = LINE ( 'NONE', #478, #4726 ) ;
#4032 = DIRECTION ( 'NONE',  ( -0.000000000000000000, 0.000000000000000000, 1.000000000000000000 ) ) ;
#4033 = CONICAL_SURFACE ( 'NONE', #2924, 105.0000000000000426, 0.7853981633974482790 ) ;
#4034 = CYLINDRICAL_SURFACE ( 'NONE', #4046, 3.250000000000002665 ) ;
#4035 = PLANE ( 'NONE',  #4144 ) ;
#4036 = ORIENTED_EDGE ( 'NONE', *, *, #2584, .F. ) ;
#4037 = CARTESIAN_POINT ( 'NONE',  ( -70.07852990270075111, 4.877742165191306434, -0.3489760767526240426 ) ) ;
#4038 = DIRECTION ( 'NONE',  ( 1.000000000000000000, 0.000000000000000000, 0.000000000000000000 ) ) ;
#4039 = ORIENTED_EDGE ( 'NONE', *, *, #1405, .F. ) ;
#4040 = CARTESIAN_POINT ( 'NONE',  ( 9.144530489145266117, 79.43509914178194720, 6.584936490538872533 ) ) ;
#4041 = CIRCLE ( 'NONE', #3690, 1.250000000000000444 ) ;
#4042 = CARTESIAN_POINT ( 'NONE',  ( 2.929115437034324643, 135.1244327388217243, -4.027128886160372012 ) ) ;
#4043 = CARTESIAN_POINT ( 'NONE',  ( -20.17319419367580124, 68.80120813195183871, 7.678245102690528512 ) ) ;
#4044 = ORIENTED_EDGE ( 'NONE', *, *, #3186, .T. ) ;
#4045 = ORIENTED_EDGE ( 'NONE', *, *, #898, .F. ) ;
#4046 = AXIS2_PLACEMENT_3D ( 'NONE', #4477, #1983, #396 ) ;
#4047 = FACE_OUTER_BOUND ( 'NONE', #5051, .T. ) ;
#4048 =( BOUNDED_CURVE ( )  B_SPLINE_CURVE ( 3, ( #311, #2462, #407, #435 ),
 .UNSPECIFIED., .F., .T. ) 
 B_SPLINE_CURVE_WITH_KNOTS ( ( 4, 4 ),
 ( 3.273637192805635365, 3.334121591541504781 ),
 .UNSPECIFIED. ) 
 CURVE ( )  GEOMETRIC_REPRESENTATION_ITEM ( )  RATIONAL_B_SPLINE_CURVE ( ( 1.000000000000000000, 0.9996951596938662421, 0.9996951596938662421, 1.000000000000000000 ) ) 
 REPRESENTATION_ITEM ( '' )  );
#4049 = ADVANCED_FACE ( 'NONE', ( #3606 ), #2813, .T. ) ;
#4050 = TOROIDAL_SURFACE ( 'NONE', #4996, 67.28553390593272354, 2.500000000000000000 ) ;
#4051 = SPHERICAL_SURFACE ( 'NONE', #3697, 1.250000000000000000 ) ;
#4052 = CARTESIAN_POINT ( 'NONE',  ( -71.28886031052181238, 8.423334692833785553, -1.784282191011491214 ) ) ;
#4053 = CARTESIAN_POINT ( 'NONE',  ( -5.636001650081139402, 136.2931058362979115, -3.572450661324279686 ) ) ;
#4054 = AXIS2_PLACEMENT_3D ( 'NONE', #940, #4256, #4985 ) ;
#4055 = CIRCLE ( 'NONE', #3617, 1.250000000000001332 ) ;
#4056 = CARTESIAN_POINT ( 'NONE',  ( -24.49496054422846569, 118.6450458634352429, 8.673617379884035472E-15 ) ) ;
#4057 = EDGE_LOOP ( 'NONE', ( #2075, #1283, #3604 ) ) ;
#4058 = CARTESIAN_POINT ( 'NONE',  ( -45.64904058627524108, -49.05524931323788707, -0.01530283646329859241 ) ) ;
#4059 = ADVANCED_FACE ( 'NONE', ( #1535 ), #2858, .T. ) ;
#4060 = VECTOR ( 'NONE', #446, 1000.000000000000227 ) ;
#4061 = FACE_OUTER_BOUND ( 'NONE', #1366, .T. ) ;
#4062 = CARTESIAN_POINT ( 'NONE',  ( -2.716781690884938955E-28, -7.738773267559396372E-29, 8.239936510889833698E-15 ) ) ;
#4063 = ORIENTED_EDGE ( 'NONE', *, *, #3536, .T. ) ;
#4064 = EDGE_CURVE ( 'NONE', #2641, #2149, #3181, .T. ) ;
#4065 = DIRECTION ( 'NONE',  ( 1.000000000000000000, 0.000000000000000000, 0.000000000000000000 ) ) ;
#4066 = AXIS2_PLACEMENT_3D ( 'NONE', #1932, #1852, #4374 ) ;
#4067 = EDGE_LOOP ( 'NONE', ( #4486, #3316, #3609, #1116 ) ) ;
#4068 = ADVANCED_FACE ( 'NONE', ( #4483 ), #809, .F. ) ;
#4069 = CARTESIAN_POINT ( 'NONE',  ( -10.27008277174995499, 86.89519779516678000, -6.035533905932699561 ) ) ;
#4070 = CARTESIAN_POINT ( 'NONE',  ( 4.797049515045221924, 134.5780649948670771, -5.606998610989102794 ) ) ;
#4071 = FACE_OUTER_BOUND ( 'NONE', #4381, .T. ) ;
#4072 = ORIENTED_EDGE ( 'NONE', *, *, #5048, .T. ) ;
#4073 = FACE_OUTER_BOUND ( 'NONE', #4682, .T. ) ;
#4074 = VERTEX_POINT ( 'NONE', #5254 ) ;
#4075 = FACE_BOUND ( 'NONE', #2773, .T. ) ;
#4076 = EDGE_CURVE ( 'NONE', #557, #3954, #1198, .T. ) ;
#4077 = DIRECTION ( 'NONE',  ( -0.1173723745342944852, 0.9930879748019212361, -6.009258394948610734E-18 ) ) ;
#4078 = DIRECTION ( 'NONE',  ( 0.000000000000000000, 0.000000000000000000, 1.000000000000000000 ) ) ;
#4079 = VERTEX_POINT ( 'NONE', #1186 ) ;
#4080 = DIRECTION ( 'NONE',  ( 1.000000000000000000, 0.000000000000000000, 0.000000000000000000 ) ) ;
#4081 = DIRECTION ( 'NONE',  ( 0.000000000000000000, 0.000000000000000000, 1.000000000000000000 ) ) ;
#4082 = DIRECTION ( 'NONE',  ( 0.9930879748019212361, 0.1173723745342946101, 0.000000000000000000 ) ) ;
#4083 = VERTEX_POINT ( 'NONE', #2754 ) ;
#4084 = AXIS2_PLACEMENT_3D ( 'NONE', #2776, #2400, #1604 ) ;
#4085 = SPHERICAL_SURFACE ( 'NONE', #4810, 1.250000000000000000 ) ;
#4086 = ADVANCED_FACE ( 'NONE', ( #5227 ), #4402, .F. ) ;
#4087 = LINE ( 'NONE', #2876, #1096 ) ;
#4088 = CIRCLE ( 'NONE', #502, 2.499999999999999556 ) ;
#4089 = FACE_OUTER_BOUND ( 'NONE', #17, .T. ) ;
#4090 = LINE ( 'NONE', #2426, #3971 ) ;
#4091 = VERTEX_POINT ( 'NONE', #1 ) ;
#4092 = CARTESIAN_POINT ( 'NONE',  ( -36.71861130589597622, 28.95651407991041282, 10.00000000000000000 ) ) ;
#4093 = CARTESIAN_POINT ( 'NONE',  ( -27.41065944042115277, 75.11466676071204063, 6.584936490538890297 ) ) ;
#4094 = DIRECTION ( 'NONE',  ( -1.579692751415678445E-30, 3.581290393448283579E-30, 1.000000000000000000 ) ) ;
#4095 = EDGE_CURVE ( 'NONE', #304, #393, #2036, .T. ) ;
#4096 = CARTESIAN_POINT ( 'NONE',  ( 2.539472575171182189, 134.8482702885010269, -3.307496551486582170 ) ) ;
#4097 = EDGE_CURVE ( 'NONE', #1305, #211, #773, .T. ) ;
#4098 = AXIS2_PLACEMENT_3D ( 'NONE', #213, #3917, #5109 ) ;
#4099 = CARTESIAN_POINT ( 'NONE',  ( -32.01249899420073319, 72.06375467967986026, 8.673617379883726239E-15 ) ) ;
#4100 = EDGE_LOOP ( 'NONE', ( #3944, #3235, #2406 ) ) ;
#4101 = CARTESIAN_POINT ( 'NONE',  ( 20.31255792073499933, 63.88696194978868448, 1.354049928821779436E-13 ) ) ;
#4102 = ORIENTED_EDGE ( 'NONE', *, *, #3177, .T. ) ;
#4103 = CARTESIAN_POINT ( 'NONE',  ( 5.561370565658540599, 80.61730205571207364, 10.00000000000000000 ) ) ;
#4104 = DIRECTION ( 'NONE',  ( 1.000000000000000000, 0.000000000000000000, 0.000000000000000000 ) ) ;
#4105 = PRODUCT_RELATED_PRODUCT_CATEGORY ( 'part', '', ( #4608 ) ) ;
#4106 = CARTESIAN_POINT ( 'NONE',  ( 74.99999999999998579, 1.491411492895198710E-31, -10.00000000000001066 ) ) ;
#4107 = ORIENTED_EDGE ( 'NONE', *, *, #1735, .T. ) ;
#4108 = DIRECTION ( 'NONE',  ( 1.000000000000000000, 0.000000000000000000, 0.000000000000000000 ) ) ;
#4109 = AXIS2_PLACEMENT_3D ( 'NONE', #1721, #985, #1320 ) ;
#4110 = DIRECTION ( 'NONE',  ( -0.000000000000000000, -0.000000000000000000, 1.000000000000000000 ) ) ;
#4111 = CARTESIAN_POINT ( 'NONE',  ( 60.05735871837738671, -33.90001839840039821, 0.000000000000000000 ) ) ;
#4112 = ORIENTED_EDGE ( 'NONE', *, *, #4958, .T. ) ;
#4113 = CARTESIAN_POINT ( 'NONE',  ( 65.87681147713681185, 20.40449198695043975, 0.000000000000000000 ) ) ;
#4114 = DIRECTION ( 'NONE',  ( 1.000000000000000000, 0.000000000000000000, 0.000000000000000000 ) ) ;
#4115 = TOROIDAL_SURFACE ( 'NONE', #1311, 68.96446609406721961, 2.500000000000000000 ) ;
#4116 = CARTESIAN_POINT ( 'NONE',  ( -2.716781690884938955E-28, -7.738773267559396372E-29, 8.239936510889833698E-15 ) ) ;
#4117 = DIRECTION ( 'NONE',  ( 1.000000000000000000, 0.000000000000000000, 0.000000000000000000 ) ) ;
#4118 = ORIENTED_EDGE ( 'NONE', *, *, #604, .T. ) ;
#4119 = CARTESIAN_POINT ( 'NONE',  ( -10.27008277174995499, 86.89519779516678000, -2.499999999999991118 ) ) ;
#4120 = DIRECTION ( 'NONE',  ( -0.4624221120288948272, -0.2588678930593972249, -0.8480290114434323456 ) ) ;
#4121 = AXIS2_PLACEMENT_3D ( 'NONE', #3824, #3721, #874 ) ;
#4122 = CARTESIAN_POINT ( 'NONE',  ( -24.49496054422846569, 118.6450458634352429, -9.999999999999989342 ) ) ;
#4123 = CARTESIAN_POINT ( 'NONE',  ( 3.985896794570231716, 134.8280734325485071, -5.198208221234170701 ) ) ;
#4124 = CARTESIAN_POINT ( 'NONE',  ( -59.29277020887109018, 81.98714553646611591, -4.267766952966385752 ) ) ;
#4125 = AXIS2_PLACEMENT_3D ( 'NONE', #3350, #4212, #94 ) ;
#4126 = VERTEX_POINT ( 'NONE', #1161 ) ;
#4127 = CARTESIAN_POINT ( 'NONE',  ( -27.79767471500873555, 74.62390798367803768, 7.667468245269431826 ) ) ;
#4128 = ORIENTED_EDGE ( 'NONE', *, *, #3547, .F. ) ;
#4129 = CARTESIAN_POINT ( 'NONE',  ( -37.26379377388776959, 122.3227648967512380, -0.06251897713283366409 ) ) ;
#4130 = CARTESIAN_POINT ( 'NONE',  ( -9.248074031850746834, 136.8847516853103912, -6.035533905932699561 ) ) ;
#4131 = CIRCLE ( 'NONE', #2246, 2.875000000000000888 ) ;
#4132 = EDGE_CURVE ( 'NONE', #815, #5188, #1009, .T. ) ;
#4133 = PLANE ( 'NONE',  #3612 ) ;
#4134 = AXIS2_PLACEMENT_3D ( 'NONE', #3496, #3096, #4285 ) ;
#4135 = EDGE_LOOP ( 'NONE', ( #2347, #2451, #4162, #4315, #2610, #3476 ) ) ;
#4136 = EDGE_CURVE ( 'NONE', #1557, #4568, #424, .T. ) ;
#4137 = CARTESIAN_POINT ( 'NONE',  ( -36.81333453042403647, 128.4014460790993439, -4.267766952966386640 ) ) ;
#4138 = AXIS2_PLACEMENT_3D ( 'NONE', #4684, #2630, #3613 ) ;
#4139 = CARTESIAN_POINT ( 'NONE',  ( 59.29498746699756850, 45.92498733030416957, -307.0258184027516677 ) ) ;
#4140 = EDGE_LOOP ( 'NONE', ( #3142, #1088, #983, #3804 ) ) ;
#4141 = VECTOR ( 'NONE', #708, 1000.000000000000000 ) ;
#4142 = DIRECTION ( 'NONE',  ( -5.657338475244856674E-60, -1.000000000000000000, 3.581290393448283579E-30 ) ) ;
#4143 = B_SPLINE_CURVE_WITH_KNOTS ( 'NONE', 3,
 ( #4357, #5183, #280, #5153, #3513, #1491, #688, #1944, #2795, #2310, #3561, #1141, #1571, #2367, #335, #746 ),
 .UNSPECIFIED., .F., .F.,
 ( 4, 2, 2, 2, 2, 2, 2, 4 ),
 ( 2.069704181653680515E-20, 0.005160989890715896380, 0.007741484836073841969, 0.01032197978143178756, 0.01290247472678973488, 0.01548296967214767873, 0.01806346461750562432, 0.02064395956286357164 ),
 .UNSPECIFIED. ) ;
#4144 = AXIS2_PLACEMENT_3D ( 'NONE', #3648, #4479, #1155 ) ;
#4145 = CARTESIAN_POINT ( 'NONE',  ( 39.27160173760923101, 93.64956645368118870, -5.000000000000003553 ) ) ;
#4146 = LINE ( 'NONE', #2214, #1761 ) ;
#4147 = VERTEX_POINT ( 'NONE', #2090 ) ;
#4148 = ORIENTED_EDGE ( 'NONE', *, *, #2959, .T. ) ;
#4149 = CARTESIAN_POINT ( 'NONE',  ( -47.78972322940830253, -51.83885451186187510, -0.5257561477856981247 ) ) ;
#4150 = CIRCLE ( 'NONE', #987, 61.25000000000000000 ) ;
#4151 = CARTESIAN_POINT ( 'NONE',  ( -47.04819951940678635, 111.0482540923670172, -3.125000000000000000 ) ) ;
#4152 = DIRECTION ( 'NONE',  ( -0.9318477194401660890, -0.3628495938734966342, -1.725633230170962886E-31 ) ) ;
#4153 = AXIS2_PLACEMENT_3D ( 'NONE', #1477, #1905, #1961 ) ;
#4154 = CARTESIAN_POINT ( 'NONE',  ( 3.927781360328976845, 71.81061862044902000, 7.667468245269438043 ) ) ;
#4155 = ORIENTED_EDGE ( 'NONE', *, *, #264, .T. ) ;
#4156 = CARTESIAN_POINT ( 'NONE',  ( 4.191420717668294493, 80.83290915424667844, 10.00000000000000000 ) ) ;
#4157 = VERTEX_POINT ( 'NONE', #3711 ) ;
#4158 = CARTESIAN_POINT ( 'NONE',  ( -37.35032305185569612, 121.8904152407212678, -0.01188453429415387355 ) ) ;
#4159 = DIRECTION ( 'NONE',  ( 0.000000000000000000, 0.000000000000000000, -1.000000000000000000 ) ) ;
#4160 = FACE_OUTER_BOUND ( 'NONE', #4376, .T. ) ;
#4161 = CARTESIAN_POINT ( 'NONE',  ( -36.71379240369532226, 129.3302232767105124, -5.910336491331532827 ) ) ;
#4162 = ORIENTED_EDGE ( 'NONE', *, *, #2076, .F. ) ;
#4163 = DIRECTION ( 'NONE',  ( 0.000000000000000000, -1.000000000000000000, 0.000000000000000000 ) ) ;
#4164 = EDGE_CURVE ( 'NONE', #5188, #815, #4526, .T. ) ;
#4165 = AXIS2_PLACEMENT_3D ( 'NONE', #2335, #4809, #1996 ) ;
#4166 = ADVANCED_FACE ( 'NONE', ( #2063 ), #1698, .F. ) ;
#4167 = CARTESIAN_POINT ( 'NONE',  ( -5.124609333021696855, 136.6297341164329566, -4.822450661324404031 ) ) ;
#4168 = ORIENTED_EDGE ( 'NONE', *, *, #3113, .F. ) ;
#4169 = DIRECTION ( 'NONE',  ( -0.9930879748019211251, -0.1173723745342949293, -1.148429317936786319E-30 ) ) ;
#4170 = EDGE_CURVE ( 'NONE', #1822, #1451, #3335, .T. ) ;
#4171 = DIRECTION ( 'NONE',  ( 0.000000000000000000, -1.000000000000000000, 3.574580459237012803E-30 ) ) ;
#4172 = ORIENTED_EDGE ( 'NONE', *, *, #3466, .T. ) ;
#4173 = VERTEX_POINT ( 'NONE', #3286 ) ;
#4174 = DIRECTION ( 'NONE',  ( 1.000000000000000000, 0.000000000000000000, 0.000000000000000000 ) ) ;
#4175 = DIRECTION ( 'NONE',  ( 1.579692751415678445E-30, -3.581290393448283579E-30, -1.000000000000000000 ) ) ;
#4176 = VECTOR ( 'NONE', #2592, 1000.000000000000000 ) ;
#4177 = EDGE_CURVE ( 'NONE', #481, #950, #4961, .T. ) ;
#4178 = CARTESIAN_POINT ( 'NONE',  ( 8.098693842866211412, -68.52307026133263435, -3.125000000000000000 ) ) ;
#4179 = DIRECTION ( 'NONE',  ( 0.000000000000000000, -1.000000000000000000, 3.574580459237012803E-30 ) ) ;
#4180 = VERTEX_POINT ( 'NONE', #484 ) ;
#4181 = VECTOR ( 'NONE', #4411, 1000.000000000000114 ) ;
#4182 = CARTESIAN_POINT ( 'NONE',  ( -2.716781690884938955E-28, -67.28553390593272354, 7.806255641895751832E-15 ) ) ;
#4183 = ORIENTED_EDGE ( 'NONE', *, *, #3109, .F. ) ;
#4184 = CARTESIAN_POINT ( 'NONE',  ( 67.87792490842917914, 23.14346027173075271, -3.125000000000000000 ) ) ;
#4185 = CARTESIAN_POINT ( 'NONE',  ( -4.677663338948399030, 136.2233221662633582, -3.257591941350366671 ) ) ;
#4186 = CARTESIAN_POINT ( 'NONE',  ( -21.40019122130088292, 63.98813088039580066, 9.540979117872439019E-15 ) ) ;
#4187 = SPHERICAL_SURFACE ( 'NONE', #121, 1.250000000000000000 ) ;
#4188 = VERTEX_POINT ( 'NONE', #915 ) ;
#4189 = DIRECTION ( 'NONE',  ( -3.394736008295982287E-30, 1.133388299552843720E-31, 1.000000000000000000 ) ) ;
#4190 = CARTESIAN_POINT ( 'NONE',  ( 60.05735871837738671, -33.90001839840039821, 0.000000000000000000 ) ) ;
#4191 = ORIENTED_EDGE ( 'NONE', *, *, #2072, .F. ) ;
#4192 = EDGE_CURVE ( 'NONE', #1948, #463, #3816, .T. ) ;
#4193 = CARTESIAN_POINT ( 'NONE',  ( -7.752445337990160112, 65.59346073566675273, 8.673617379883789347E-15 ) ) ;
#4194 = ORIENTED_EDGE ( 'NONE', *, *, #2321, .T. ) ;
#4195 = EDGE_LOOP ( 'NONE', ( #231, #3066, #2531, #4882, #1131, #2679 ) ) ;
#4196 = CARTESIAN_POINT ( 'NONE',  ( -65.51776695296635467, 8.023612358623248199E-15, -0.7322330470336405606 ) ) ;
#4197 = CARTESIAN_POINT ( 'NONE',  ( -3.838730668348500075, 121.0863912537485731, 8.673617379883596865E-15 ) ) ;
#4198 = B_SPLINE_CURVE_WITH_KNOTS ( 'NONE', 3,
 ( #3552, #1129, #1532, #1100, #4719, #3474, #2749, #267 ),
 .UNSPECIFIED., .F., .F.,
 ( 4, 2, 2, 4 ),
 ( 0.000000000000000000, 0.0002512863446784578464, 0.0005025726893569156927, 0.001005145378713856105 ),
 .UNSPECIFIED. ) ;
#4199 = CARTESIAN_POINT ( 'NONE',  ( -21.86403863837691475, 134.7793606039129486, -4.267766952966359995 ) ) ;
#4200 = CARTESIAN_POINT ( 'NONE',  ( -22.77797374337750824, 135.1493917478213405, -5.150664448691714803 ) ) ;
#4201 = ORIENTED_EDGE ( 'NONE', *, *, #2037, .F. ) ;
#4202 = CARTESIAN_POINT ( 'NONE',  ( 5.734927903933487947, 133.9466954295116636, -4.818967054238852299 ) ) ;
#4203 = LINE ( 'NONE', #2197, #5032 ) ;
#4204 = ORIENTED_EDGE ( 'NONE', *, *, #1464, .F. ) ;
#4205 = CIRCLE ( 'NONE', #1815, 1.249999999999999778 ) ;
#4206 = CARTESIAN_POINT ( 'NONE',  ( -37.15328469705701053, 122.9589245322901974, -0.2105182690266624579 ) ) ;
#4207 = CARTESIAN_POINT ( 'NONE',  ( -69.52733110657561610, 10.09481352737793713, -0.3346910605692431928 ) ) ;
#4208 = AXIS2_PLACEMENT_3D ( 'NONE', #443, #2078, #3696 ) ;
#4209 = CARTESIAN_POINT ( 'NONE',  ( -33.51948983903582047, 117.5784430454954901, 7.209936490538885856 ) ) ;
#4210 = CARTESIAN_POINT ( 'NONE',  ( 22.71347086083324385, 118.5736183560897103, -0.7322330470336119168 ) ) ;
#4211 = ORIENTED_EDGE ( 'NONE', *, *, #2525, .T. ) ;
#4212 = DIRECTION ( 'NONE',  ( -0.000000000000000000, 0.000000000000000000, 1.000000000000000000 ) ) ;
#4213 = VECTOR ( 'NONE', #3440, 1000.000000000000000 ) ;
#4214 = DIRECTION ( 'NONE',  ( 0.000000000000000000, 0.000000000000000000, 1.000000000000000000 ) ) ;
#4215 = ORIENTED_EDGE ( 'NONE', *, *, #262, .T. ) ;
#4216 = CARTESIAN_POINT ( 'NONE',  ( -48.52404058627475791, -49.05524931321377835, -3.125000000000000000 ) ) ;
#4217 = AXIS2_PLACEMENT_3D ( 'NONE', #2375, #2804, #2425 ) ;
#4218 = EDGE_CURVE ( 'NONE', #3291, #574, #1282, .T. ) ;
#4219 = CIRCLE ( 'NONE', #1408, 1.250000000000000444 ) ;
#4220 = CARTESIAN_POINT ( 'NONE',  ( -67.69991475483809040, 30.53559808433063338, -4.267766952966388416 ) ) ;
#4221 = VERTEX_POINT ( 'NONE', #1274 ) ;
#4222 = EDGE_LOOP ( 'NONE', ( #4860, #2343, #4973, #3147 ) ) ;
#4223 = CARTESIAN_POINT ( 'NONE',  ( 65.51776695296635467, 0.000000000000000000, -0.7322330470336405606 ) ) ;
#4224 = EDGE_CURVE ( 'NONE', #4303, #4735, #4262, .T. ) ;
#4225 = DIRECTION ( 'NONE',  ( 0.7035893214293502673, 0.07044193900361539473, 0.7071067811865456854 ) ) ;
#4226 = AXIS2_PLACEMENT_3D ( 'NONE', #2410, #2385, #405 ) ;
#4227 = CARTESIAN_POINT ( 'NONE',  ( -49.63231124565393770, 112.3236236985843561, -1.860991492450613016 ) ) ;
#4228 = CARTESIAN_POINT ( 'NONE',  ( 6.615669268053729901, -70.99482881710561344, -1.302227153929324643 ) ) ;
#4229 = ORIENTED_EDGE ( 'NONE', *, *, #4728, .F. ) ;
#4230 = B_SPLINE_CURVE_WITH_KNOTS ( 'NONE', 3,
 ( #4991, #3368, #3295, #2122 ),
 .UNSPECIFIED., .F., .F.,
 ( 4, 4 ),
 ( 3.193714235709806819E-07, 0.0005340688057703234671 ),
 .UNSPECIFIED. ) ;
#4231 = LINE ( 'NONE', #4672, #1421 ) ;
#4232 = CARTESIAN_POINT ( 'NONE',  ( -46.41409371303983988, -51.00813159131494245, 0.000000000000000000 ) ) ;
#4233 = VECTOR ( 'NONE', #5272, 999.9999999999998863 ) ;
#4234 = ORIENTED_EDGE ( 'NONE', *, *, #3724, .T. ) ;
#4235 = ADVANCED_FACE ( 'NONE', ( #2912 ), #4562, .T. ) ;
#4236 = CARTESIAN_POINT ( 'NONE',  ( 55.93171984118055207, -37.40301844255503738, 0.000000000000000000 ) ) ;
#4237 = CARTESIAN_POINT ( 'NONE',  ( -68.37661685021080871, 10.22308168892885760, 8.189326292291386098E-15 ) ) ;
#4238 = CIRCLE ( 'NONE', #2784, 2.500000000000000444 ) ;
#4239 = CARTESIAN_POINT ( 'NONE',  ( -22.89361640585838487, 135.2754251467257518, -6.041139746196369842 ) ) ;
#4240 = CARTESIAN_POINT ( 'NONE',  ( 10.59869384286629135, -68.52307026133257750, -3.125000000000000000 ) ) ;
#4241 = ORIENTED_EDGE ( 'NONE', *, *, #4791, .T. ) ;
#4242 = EDGE_CURVE ( 'NONE', #3013, #235, #411, .T. ) ;
#4243 = CONICAL_SURFACE ( 'NONE', #5008, 45.00000000000002842, 0.7853981633974469467 ) ;
#4244 = LINE ( 'NONE', #576, #2327 ) ;
#4245 = DIRECTION ( 'NONE',  ( -1.579692751415678445E-30, 3.581290393448283579E-30, 1.000000000000000000 ) ) ;
#4246 = EDGE_CURVE ( 'NONE', #2189, #5230, #2899, .T. ) ;
#4247 = CARTESIAN_POINT ( 'NONE',  ( 6.182661122304039303, -66.36857264697563608, -0.07628729925912533516 ) ) ;
#4248 = VERTEX_POINT ( 'NONE', #3682 ) ;
#4249 =( BOUNDED_CURVE ( )  B_SPLINE_CURVE ( 3, ( #2229, #1023, #4378, #4677 ),
 .UNSPECIFIED., .F., .T. ) 
 B_SPLINE_CURVE_WITH_KNOTS ( ( 4, 4 ),
 ( 2.920857120939786000, 3.003507503832226977 ),
 .UNSPECIFIED. ) 
 CURVE ( )  GEOMETRIC_REPRESENTATION_ITEM ( )  RATIONAL_B_SPLINE_CURVE ( ( 1.000000000000000000, 0.9994308238594582505, 0.9994308238594582505, 1.000000000000000000 ) ) 
 REPRESENTATION_ITEM ( '' )  );
#4250 = CARTESIAN_POINT ( 'NONE',  ( 18.18643277973815131, 121.2974943859945540, -0.08876406398336800230 ) ) ;
#4251 = ORIENTED_EDGE ( 'NONE', *, *, #2581, .F. ) ;
#4252 = ORIENTED_EDGE ( 'NONE', *, *, #143, .F. ) ;
#4253 = CARTESIAN_POINT ( 'NONE',  ( -7.752445337990160112, 65.59346073566675273, 8.673617379883789347E-15 ) ) ;
#4254 = DIRECTION ( 'NONE',  ( 0.000000000000000000, 1.000000000000000000, 0.000000000000000000 ) ) ;
#4255 = CARTESIAN_POINT ( 'NONE',  ( 28.95651407991115178, 36.71861130589682176, 10.00000000000000000 ) ) ;
#4256 = DIRECTION ( 'NONE',  ( 1.579692751415678445E-30, -3.581290393448283579E-30, -1.000000000000000000 ) ) ;
#4257 = ORIENTED_EDGE ( 'NONE', *, *, #4414, .F. ) ;
#4258 = DIRECTION ( 'NONE',  ( 0.000000000000000000, 0.000000000000000000, -1.000000000000000000 ) ) ;
#4259 = FACE_OUTER_BOUND ( 'NONE', #5155, .T. ) ;
#4260 = EDGE_LOOP ( 'NONE', ( #60, #2311, #2420, #442 ) ) ;
#4261 = DIRECTION ( 'NONE',  ( -0.000000000000000000, -0.000000000000000000, 1.000000000000000000 ) ) ;
#4262 = CIRCLE ( 'NONE', #3313, 1.249999999999999112 ) ;
#4263 = DIRECTION ( 'NONE',  ( 0.000000000000000000, 0.000000000000000000, 1.000000000000000000 ) ) ;
#4264 = ADVANCED_FACE ( 'NONE', ( #5031 ), #4538, .F. ) ;
#4265 = EDGE_CURVE ( 'NONE', #3065, #1822, #5204, .T. ) ;
#4266 = CARTESIAN_POINT ( 'NONE',  ( -22.51655836927596610, 135.0065123150760655, -4.791139746196378724 ) ) ;
#4267 = CIRCLE ( 'NONE', #3907, 61.98223304703363112 ) ;
#4268 = CARTESIAN_POINT ( 'NONE',  ( -49.92319951943317591, 111.0482540923661787, -1.429945038747103103 ) ) ;
#4269 = ORIENTED_EDGE ( 'NONE', *, *, #2363, .F. ) ;
#4270 = DIRECTION ( 'NONE',  ( -0.1173723745342944852, 0.9930879748019211251, 0.000000000000000000 ) ) ;
#4271 = EDGE_CURVE ( 'NONE', #2716, #1854, #1796, .T. ) ;
#4272 = AXIS2_PLACEMENT_3D ( 'NONE', #3817, #2922, #2200 ) ;
#4273 = CARTESIAN_POINT ( 'NONE',  ( -0.6111947502422561129, 121.4678514709850390, 10.00000000000000000 ) ) ;
#4274 = B_SPLINE_CURVE_WITH_KNOTS ( 'NONE', 3,
 ( #3526, #3098, #4767, #1530, #5222, #4743 ),
 .UNSPECIFIED., .F., .F.,
 ( 4, 2, 4 ),
 ( 3.194284698547648234E-07, 0.0008190837346123884619, 0.001637848040754922132 ),
 .UNSPECIFIED. ) ;
#4275 = AXIS2_PLACEMENT_3D ( 'NONE', #2084, #3703, #3246 ) ;
#4276 = CARTESIAN_POINT ( 'NONE',  ( 5.990720058689313454, -70.47808216033043038, -0.7322330470335995933 ) ) ;
#4277 = ORIENTED_EDGE ( 'NONE', *, *, #2503, .T. ) ;
#4278 = CARTESIAN_POINT ( 'NONE',  ( 59.29498746699756850, 45.92498733030416957, -10.00000000000000888 ) ) ;
#4279 = ORIENTED_EDGE ( 'NONE', *, *, #3756, .F. ) ;
#4280 = CIRCLE ( 'NONE', #1546, 43.96446609406727646 ) ;
#4281 = CARTESIAN_POINT ( 'NONE',  ( -45.99075384990899096, -47.68045468641670226, -0.2248600835191972847 ) ) ;
#4282 = VERTEX_POINT ( 'NONE', #26 ) ;
#4283 = ORIENTED_EDGE ( 'NONE', *, *, #1780, .T. ) ;
#4284 = DIRECTION ( 'NONE',  ( -0.9930879748019211251, -0.1173723745342951791, 0.000000000000000000 ) ) ;
#4285 = DIRECTION ( 'NONE',  ( -3.608224830031746135E-14, -0.8569522782525398341, 0.5153957632710824965 ) ) ;
#4286 = CARTESIAN_POINT ( 'NONE',  ( -25.50786177369068852, 127.2152058745295875, 7.667468245269439819 ) ) ;
#4287 = VERTEX_POINT ( 'NONE', #2480 ) ;
#4288 = CARTESIAN_POINT ( 'NONE',  ( -10.27008277174995499, 86.89519779516678000, 0.000000000000000000 ) ) ;
#4289 = FACE_OUTER_BOUND ( 'NONE', #1610, .T. ) ;
#4290 = ORIENTED_EDGE ( 'NONE', *, *, #1395, .F. ) ;
#4291 = CARTESIAN_POINT ( 'NONE',  ( -32.49459721166631709, 131.6868605009415205, -4.227295164355875379 ) ) ;
#4292 = DIRECTION ( 'NONE',  ( 1.000000000000000000, 0.000000000000000000, 0.000000000000000000 ) ) ;
#4293 = CARTESIAN_POINT ( 'NONE',  ( -37.03160110629149671, 127.6339582718898669, -3.738779413668007479 ) ) ;
#4294 = CARTESIAN_POINT ( 'NONE',  ( -159.5239168776901408, 71.95220597035097398, -10.00000000000000888 ) ) ;
#4295 = VECTOR ( 'NONE', #3196, 1000.000000000000114 ) ;
#4296 = VERTEX_POINT ( 'NONE', #510 ) ;
#4297 = EDGE_CURVE ( 'NONE', #3619, #1767, #4363, .T. ) ;
#4298 = CARTESIAN_POINT ( 'NONE',  ( -35.17252482835485949, 56.53923741373745315, -0.09944119204485889207 ) ) ;
#4299 = AXIS2_PLACEMENT_3D ( 'NONE', #3774, #120, #4577 ) ;
#4300 = DIRECTION ( 'NONE',  ( -0.2396405517700171128, -0.8491611506782377194, -0.4706354705355020318 ) ) ;
#4301 = EDGE_CURVE ( 'NONE', #482, #259, #2456, .T. ) ;
#4302 = DIRECTION ( 'NONE',  ( 1.000000000000000000, 0.000000000000000000, 0.000000000000000000 ) ) ;
#4303 = VERTEX_POINT ( 'NONE', #3782 ) ;
#4304 = ORIENTED_EDGE ( 'NONE', *, *, #4530, .F. ) ;
#4305 = CARTESIAN_POINT ( 'NONE',  ( -0.1120789158602728680, 78.04784232253852849, 11.62309014730405643 ) ) ;
#4306 = ORIENTED_EDGE ( 'NONE', *, *, #863, .T. ) ;
#4307 = ORIENTED_EDGE ( 'NONE', *, *, #2574, .T. ) ;
#4308 = DIRECTION ( 'NONE',  ( -0.1016474580492013335, 0.8600394143713065986, -0.4999999999999960032 ) ) ;
#4309 = AXIS2_PLACEMENT_3D ( 'NONE', #21, #1662, #3173 ) ;
#4310 = ADVANCED_FACE ( 'NONE', ( #132 ), #3383, .T. ) ;
#4311 = DIRECTION ( 'NONE',  ( -1.579692751415678445E-30, 3.581290393448283579E-30, 1.000000000000000000 ) ) ;
#4312 = VECTOR ( 'NONE', #2736, 999.9999999999998863 ) ;
#4313 = CARTESIAN_POINT ( 'NONE',  ( -21.61971554431641707, 65.80672275207274424, 2.636798227228698721 ) ) ;
#4314 = DIRECTION ( 'NONE',  ( 1.000000000000000000, 0.000000000000000000, 0.000000000000000000 ) ) ;
#4315 = ORIENTED_EDGE ( 'NONE', *, *, #4499, .F. ) ;
#4316 = LINE ( 'NONE', #4825, #2187 ) ;
#4317 = CARTESIAN_POINT ( 'NONE',  ( 58.71608414237383755, 45.47661675153284477, -4.267766952966392857 ) ) ;
#4318 = EDGE_LOOP ( 'NONE', ( #3754, #1595, #3732, #703 ) ) ;
#4319 = DIRECTION ( 'NONE',  ( -0.000000000000000000, 0.000000000000000000, 1.000000000000000000 ) ) ;
#4320 = CIRCLE ( 'NONE', #3192, 61.25000000000000000 ) ;
#4321 = CARTESIAN_POINT ( 'NONE',  ( -32.98506813578329400, 26.01221985067953568, 6.584936490538888521 ) ) ;
#4322 = CARTESIAN_POINT ( 'NONE',  ( 4.731429342745921751, 122.0992924832108031, 7.667468245269440708 ) ) ;
#4323 = CIRCLE ( 'NONE', #5000, 1.250000000000000222 ) ;
#4324 = PLANE ( 'NONE',  #4748 ) ;
#4325 = ORIENTED_EDGE ( 'NONE', *, *, #39, .F. ) ;
#4326 = DIRECTION ( 'NONE',  ( -0.9930879748019222353, -0.1173723745342857977, 0.000000000000000000 ) ) ;
#4327 = CIRCLE ( 'NONE', #3289, 1.249999999999996891 ) ;
#4328 = DIRECTION ( 'NONE',  ( 0.6234898018587422541, -0.7818314824680229203, 0.000000000000000000 ) ) ;
#4329 = AXIS2_PLACEMENT_3D ( 'NONE', #2782, #755, #2378 ) ;
#4330 = DIRECTION ( 'NONE',  ( -0.9930879748019211251, -0.1173723745342949015, 0.000000000000000000 ) ) ;
#4331 = ORIENTED_EDGE ( 'NONE', *, *, #2319, .T. ) ;
#4332 = EDGE_CURVE ( 'NONE', #2463, #1764, #670, .T. ) ;
#4333 = ORIENTED_EDGE ( 'NONE', *, *, #4469, .T. ) ;
#4334 = EDGE_CURVE ( 'NONE', #3211, #406, #4541, .T. ) ;
#4335 = CARTESIAN_POINT ( 'NONE',  ( -48.70527285062497924, -46.17844905064625038, 1.506321041749685324E-14 ) ) ;
#4336 = ORIENTED_EDGE ( 'NONE', *, *, #2893, .T. ) ;
#4337 = EDGE_LOOP ( 'NONE', ( #4886, #3092, #100, #1099, #2186, #2816, #2500 ) ) ;
#4338 =( LENGTH_UNIT ( ) NAMED_UNIT ( * ) SI_UNIT ( .MILLI., .METRE. ) );
#4339 = DIRECTION ( 'NONE',  ( 1.000000000000000000, 0.000000000000000000, 0.000000000000000000 ) ) ;
#4340 = EDGE_CURVE ( 'NONE', #1927, #372, #3999, .T. ) ;
#4341 = CARTESIAN_POINT ( 'NONE',  ( -0.6111947502422561129, 121.4678514709850390, -9.999999999999989342 ) ) ;
#4342 = CARTESIAN_POINT ( 'NONE',  ( 7.456705037465458652, -71.32793412952518963, -1.716557639780927680 ) ) ;
#4343 = ORIENTED_EDGE ( 'NONE', *, *, #4964, .F. ) ;
#4344 = CARTESIAN_POINT ( 'NONE',  ( -74.26776695296635467, 0.000000000000000000, -4.267766952966378646 ) ) ;
#4345 = CARTESIAN_POINT ( 'NONE',  ( -23.98195292067623896, 76.75998200718395026, 10.00000000000000000 ) ) ;
#4346 = ORIENTED_EDGE ( 'NONE', *, *, #4927, .T. ) ;
#4347 = CARTESIAN_POINT ( 'NONE',  ( -30.54900712291863485, 132.5989206839597614, -3.392142414622005386 ) ) ;
#4348 = FACE_OUTER_BOUND ( 'NONE', #3674, .T. ) ;
#4349 = CARTESIAN_POINT ( 'NONE',  ( -22.91760671858131104, 135.2691591588418589, -6.035533905932699561 ) ) ;
#4350 = CARTESIAN_POINT ( 'NONE',  ( -49.59349582420971103, -51.73273031072477579, -1.664130680304140464 ) ) ;
#4351 = ORIENTED_EDGE ( 'NONE', *, *, #2492, .T. ) ;
#4352 = ORIENTED_EDGE ( 'NONE', *, *, #765, .T. ) ;
#4353 = B_SPLINE_CURVE_WITH_KNOTS ( 'NONE', 3,
 ( #3747, #1337, #5072, #1410 ),
 .UNSPECIFIED., .F., .F.,
 ( 4, 4 ),
 ( 0.003041754788793086216, 0.004691781538966024491 ),
 .UNSPECIFIED. ) ;
#4354 = FACE_OUTER_BOUND ( 'NONE', #5019, .T. ) ;
#4355 = EDGE_CURVE ( 'NONE', #4689, #5158, #2981, .T. ) ;
#4356 = AXIS2_PLACEMENT_3D ( 'NONE', #1258, #1454, #3501 ) ;
#4357 = CARTESIAN_POINT ( 'NONE',  ( -20.49885901728577053, 64.08697100032007654, 8.239936510889571797E-15 ) ) ;
#4358 = CARTESIAN_POINT ( 'NONE',  ( -19.37251913950700200, 73.12495526085899655, 10.00000000000000000 ) ) ;
#4359 = ORIENTED_EDGE ( 'NONE', *, *, #3369, .F. ) ;
#4360 = CIRCLE ( 'NONE', #2465, 65.51776695296636888 ) ;
#4361 = PRESENTATION_STYLE_ASSIGNMENT (( #660 ) ) ;
#4362 = ORIENTED_EDGE ( 'NONE', *, *, #254, .T. ) ;
#4363 = CIRCLE ( 'NONE', #3391, 70.73223304703357428 ) ;
#4364 = CARTESIAN_POINT ( 'NONE',  ( 1.685502431652929456, 75.49166617115675137, 10.00000000000000178 ) ) ;
#4365 = ORIENTED_EDGE ( 'NONE', *, *, #272, .T. ) ;
#4366 = EDGE_CURVE ( 'NONE', #2659, #1073, #3580, .T. ) ;
#4367 = ORIENTED_EDGE ( 'NONE', *, *, #3753, .T. ) ;
#4368 = CARTESIAN_POINT ( 'NONE',  ( -44.87869457109647442, 65.61001407569439436, -2.631236162537709422 ) ) ;
#4369 = EDGE_CURVE ( 'NONE', #1277, #1398, #4740, .T. ) ;
#4370 = LINE ( 'NONE', #5111, #200 ) ;
#4371 = CARTESIAN_POINT ( 'NONE',  ( 28.95651407991115178, 36.71861130589682176, 259.6142809027516023 ) ) ;
#4372 = ORIENTED_EDGE ( 'NONE', *, *, #4791, .F. ) ;
#4373 = EDGE_CURVE ( 'NONE', #211, #1305, #3658, .T. ) ;
#4374 = DIRECTION ( 'NONE',  ( 0.000000000000000000, -1.000000000000000000, 0.000000000000000000 ) ) ;
#4375 = FACE_OUTER_BOUND ( 'NONE', #1033, .T. ) ;
#4376 = EDGE_LOOP ( 'NONE', ( #2286, #190, #4003, #3990, #1886, #3989, #601 ) ) ;
#4377 = AXIS2_PLACEMENT_3D ( 'NONE', #156, #1368, #959 ) ;
#4378 = CARTESIAN_POINT ( 'NONE',  ( -24.25069499557906028, 134.9206190469454043, -5.723452827816910116 ) ) ;
#4379 = CARTESIAN_POINT ( 'NONE',  ( 28.95651407991115178, 36.71861130589682176, -9.999999999999989342 ) ) ;
#4380 = CARTESIAN_POINT ( 'NONE',  ( 58.62294662508192999, -33.89162168676735121, -10.00000000000000888 ) ) ;
#4381 = EDGE_LOOP ( 'NONE', ( #1742, #4063, #1413, #3037, #2301, #3776, #1418, #2891, #2443, #3183, #4148, #3176, #1012, #2888, #2274, #2995, #3087, #4944 ) ) ;
#4382 = CARTESIAN_POINT ( 'NONE',  ( -1.579692751415678095E-29, -2.775557561562887565E-14, 8.673617379884035472E-15 ) ) ;
#4383 = CARTESIAN_POINT ( 'NONE',  ( -47.16241244291767032, 113.9209845719115748, -0.7322330470336119168 ) ) ;
#4384 = CARTESIAN_POINT ( 'NONE',  ( -21.35684657479903947, 63.98813088039580066, 9.107298248878241979E-15 ) ) ;
#4385 = DIRECTION ( 'NONE',  ( 1.000000000000000000, 0.000000000000000000, 0.000000000000000000 ) ) ;
#4386 = AXIS2_PLACEMENT_3D ( 'NONE', #1026, #2330, #273 ) ;
#4387 = CARTESIAN_POINT ( 'NONE',  ( 0.000000000000000000, 0.000000000000000000, -3.125000000000000000 ) ) ;
#4388 = EDGE_LOOP ( 'NONE', ( #375, #501, #123, #2961 ) ) ;
#4389 = AXIS2_PLACEMENT_3D ( 'NONE', #656, #5124, #3851 ) ;
#4390 = CARTESIAN_POINT ( 'NONE',  ( -71.48218274390987403, 7.352174912480746727, -1.859285591894385359 ) ) ;
#4391 = ORIENTED_EDGE ( 'NONE', *, *, #2550, .F. ) ;
#4392 = ORIENTED_EDGE ( 'NONE', *, *, #5085, .F. ) ;
#4393 = CARTESIAN_POINT ( 'NONE',  ( -15.10638910166766635, 127.8151985854349419, 6.584936490538890297 ) ) ;
#4394 = DIRECTION ( 'NONE',  ( 0.000000000000000000, -0.4847605783279412828, 0.8746468897213091065 ) ) ;
#4395 = AXIS2_PLACEMENT_3D ( 'NONE', #2235, #1835, #978 ) ;
#4396 = ADVANCED_FACE ( 'NONE', ( #1014 ), #1797, .F. ) ;
#4397 = CARTESIAN_POINT ( 'NONE',  ( -3.838730668348500075, 121.0863912537485731, 6.584936490538906284 ) ) ;
#4398 = ORIENTED_EDGE ( 'NONE', *, *, #5067, .F. ) ;
#4399 = CARTESIAN_POINT ( 'NONE',  ( 55.93171984118055207, -37.40301844255503738, 0.000000000000000000 ) ) ;
#4400 = LINE ( 'NONE', #4010, #1440 ) ;
#4401 = ORIENTED_EDGE ( 'NONE', *, *, #2352, .T. ) ;
#4402 = CYLINDRICAL_SURFACE ( 'NONE', #2129, 2.500000000000002220 ) ;
#4403 = AXIS2_PLACEMENT_3D ( 'NONE', #2048, #2867, #4519 ) ;
#4404 = EDGE_CURVE ( 'NONE', #4568, #958, #4420, .T. ) ;
#4405 = CARTESIAN_POINT ( 'NONE',  ( -10.27008277174995499, 86.89519779516678000, -6.035533905932755516 ) ) ;
#4406 = EDGE_CURVE ( 'NONE', #1876, #2635, #1111, .T. ) ;
#4407 = DIRECTION ( 'NONE',  ( 5.235146104937181221E-15, -1.000000000000000000, 3.574490541931448492E-30 ) ) ;
#4408 = ORIENTED_EDGE ( 'NONE', *, *, #2722, .F. ) ;
#4409 = VECTOR ( 'NONE', #4669, 1000.000000000000114 ) ;
#4410 = VERTEX_POINT ( 'NONE', #4423 ) ;
#4411 = DIRECTION ( 'NONE',  ( 0.7071067811865474617, 0.000000000000000000, 0.7071067811865474617 ) ) ;
#4412 = EDGE_CURVE ( 'NONE', #1540, #1516, #4876, .T. ) ;
#4413 = AXIS2_PLACEMENT_3D ( 'NONE', #1913, #3133, #3532 ) ;
#4414 = EDGE_CURVE ( 'NONE', #1102, #4091, #319, .T. ) ;
#4415 = DIRECTION ( 'NONE',  ( 1.000000000000000000, 0.000000000000000000, 0.000000000000000000 ) ) ;
#4416 = FACE_OUTER_BOUND ( 'NONE', #1768, .T. ) ;
#4417 = CARTESIAN_POINT ( 'NONE',  ( -70.74881475730281011, 9.284212557325588477, -1.355160854442015061 ) ) ;
#4418 = FACE_OUTER_BOUND ( 'NONE', #3028, .T. ) ;
#4419 = ADVANCED_FACE ( 'NONE', ( #2029, #1526 ), #1124, .T. ) ;
#4420 = B_SPLINE_CURVE_WITH_KNOTS ( 'NONE', 3,
 ( #3523, #2219, #3838, #3409, #4691, #1445, #3068, #1870, #1203, #5246 ),
 .UNSPECIFIED., .F., .F.,
 ( 4, 2, 2, 2, 4 ),
 ( 0.0006571634497636591465, 0.001174734025765321061, 0.001692304601766982759, 0.002209875177768644457, 0.002727445753770306371 ),
 .UNSPECIFIED. ) ;
#4421 = CARTESIAN_POINT ( 'NONE',  ( -68.60718274390987403, 7.352174912480746727, -3.125000000000000000 ) ) ;
#4422 = ORIENTED_EDGE ( 'NONE', *, *, #3306, .F. ) ;
#4423 = CARTESIAN_POINT ( 'NONE',  ( 54.52329536954531619, 42.22922975481640862, 8.673617379883970785E-15 ) ) ;
#4424 = FACE_OUTER_BOUND ( 'NONE', #1493, .T. ) ;
#4425 = ADVANCED_FACE ( 'NONE', ( #2350 ), #1578, .T. ) ;
#4426 = FACE_OUTER_BOUND ( 'NONE', #4498, .T. ) ;
#4427 = ORIENTED_EDGE ( 'NONE', *, *, #1954, .F. ) ;
#4428 = DIRECTION ( 'NONE',  ( 1.000000000000000000, 0.000000000000000000, 0.000000000000000000 ) ) ;
#4429 = CARTESIAN_POINT ( 'NONE',  ( -9.408068868142374086, 136.5321813429977169, -4.750521467482933247 ) ) ;
#4430 = VERTEX_POINT ( 'NONE', #1955 ) ;
#4431 = DIRECTION ( 'NONE',  ( -0.000000000000000000, 0.000000000000000000, 1.000000000000000000 ) ) ;
#4432 = AXIS2_PLACEMENT_3D ( 'NONE', #2308, #278, #1916 ) ;
#4433 = CARTESIAN_POINT ( 'NONE',  ( -20.17319419367580124, 69.40715885486176262, 6.584936490538885856 ) ) ;
#4434 = FACE_OUTER_BOUND ( 'NONE', #1924, .T. ) ;
#4435 = ORIENTED_EDGE ( 'NONE', *, *, #4656, .F. ) ;
#4436 = EDGE_LOOP ( 'NONE', ( #3127, #3594, #837, #322 ) ) ;
#4437 = EDGE_CURVE ( 'NONE', #314, #5223, #1706, .T. ) ;
#4438 = DIRECTION ( 'NONE',  ( 1.000000000000000000, 0.000000000000000000, 0.000000000000000000 ) ) ;
#4439 = CARTESIAN_POINT ( 'NONE',  ( 0.000000000000000000, 0.000000000000000000, -4.999999999999988454 ) ) ;
#4440 = EDGE_CURVE ( 'NONE', #3802, #4074, #1369, .T. ) ;
#4441 = DIRECTION ( 'NONE',  ( 1.000000000000000000, 0.000000000000000000, 0.000000000000000000 ) ) ;
#4442 = DIRECTION ( 'NONE',  ( 1.000000000000000000, 0.000000000000000000, 0.000000000000000000 ) ) ;
#4443 = EDGE_CURVE ( 'NONE', #649, #4296, #3913, .T. ) ;
#4444 = PLANE ( 'NONE',  #2837 ) ;
#4445 = B_SPLINE_CURVE_WITH_KNOTS ( 'NONE', 3,
 ( #4590, #916, #963, #1699, #58, #2535, #512, #1349, #2939, #3314, #4227, #105, #2139, #3736 ),
 .UNSPECIFIED., .F., .F.,
 ( 4, 2, 2, 2, 2, 2, 4 ),
 ( 3.207580781141339684E-07, 0.001183635335869190038, 0.001775292624764721007, 0.002366949913660251759, 0.002958607202555782727, 0.003550264491451314130, 0.004733579069242368695 ),
 .UNSPECIFIED. ) ;
#4446 = AXIS2_PLACEMENT_3D ( 'NONE', #4489, #410, #2464 ) ;
#4447 = DIRECTION ( 'NONE',  ( -1.000000000000000000, 0.000000000000000000, 0.000000000000000000 ) ) ;
#4448 = EDGE_LOOP ( 'NONE', ( #2011, #3764 ) ) ;
#4449 = DIRECTION ( 'NONE',  ( 1.000000000000000000, 0.000000000000000000, 0.000000000000000000 ) ) ;
#4450 = AXIS2_PLACEMENT_3D ( 'NONE', #4510, #2434, #4801 ) ;
#4451 = DIRECTION ( 'NONE',  ( 0.4624221120288947717, 0.2588678930593971694, 0.8480290114434321236 ) ) ;
#4452 = DIRECTION ( 'NONE',  ( -1.579692751415678445E-30, 3.581290393448283579E-30, 1.000000000000000000 ) ) ;
#4453 = ORIENTED_EDGE ( 'NONE', *, *, #1230, .T. ) ;
#4454 = DIRECTION ( 'NONE',  ( 0.9508629099039398458, -0.1278374938784036519, 0.2819881233809344301 ) ) ;
#4455 = CARTESIAN_POINT ( 'NONE',  ( -47.36090103736865586, -51.68937234130854108, -0.2697630389852980759 ) ) ;
#4456 = VERTEX_POINT ( 'NONE', #4898 ) ;
#4457 = DIRECTION ( 'NONE',  ( 1.000000000000000000, 0.000000000000000000, 0.000000000000000000 ) ) ;
#4458 = CARTESIAN_POINT ( 'NONE',  ( 6.129798817126094868, 133.6423333459736398, -4.818470161814374819 ) ) ;
#4459 = AXIS2_PLACEMENT_3D ( 'NONE', #2666, #4819, #2270 ) ;
#4460 = DIRECTION ( 'NONE',  ( 1.000000000000000000, 0.000000000000000000, 0.000000000000000000 ) ) ;
#4461 = ORIENTED_EDGE ( 'NONE', *, *, #4758, .T. ) ;
#4462 = ORIENTED_EDGE ( 'NONE', *, *, #2173, .T. ) ;
#4463 = DIRECTION ( 'NONE',  ( 5.481726184086735662E-14, -0.8779561337853111214, 0.4787410857120464880 ) ) ;
#4464 = CARTESIAN_POINT ( 'NONE',  ( -36.73811843227861118, 129.3037229430551065, -5.782748450201778745 ) ) ;
#4465 = EDGE_CURVE ( 'NONE', #1374, #393, #4528, .T. ) ;
#4466 = CARTESIAN_POINT ( 'NONE',  ( 0.000000000000000000, 0.000000000000000000, -4.267766952966344007 ) ) ;
#4467 = DIRECTION ( 'NONE',  ( -1.000000000000000000, 0.000000000000000000, 0.000000000000000000 ) ) ;
#4468 = B_SPLINE_CURVE_WITH_KNOTS ( 'NONE', 3,
 ( #3587, #2045, #1252, #4862, #3663, #711, #5232, #4836, #3963, #355, #1568, #3185, #2971, #3688 ),
 .UNSPECIFIED., .F., .F.,
 ( 4, 2, 2, 2, 2, 2, 4 ),
 ( 1.599336020787782259E-17, 0.002826976505425032263, 0.004240464758137546010, 0.005653953010850061058, 0.007067441263562576105, 0.008480929516275090285, 0.01130790602170012385 ),
 .UNSPECIFIED. ) ;
#4469 = EDGE_CURVE ( 'NONE', #3093, #461, #4087, .T. ) ;
#4470 = CARTESIAN_POINT ( 'NONE',  ( -68.20613353566939452, 10.19906523923548569, 0.000000000000000000 ) ) ;
#4471 = CIRCLE ( 'NONE', #2920, 13.25000000000009592 ) ;
#4472 = VERTEX_POINT ( 'NONE', #1266 ) ;
#4473 = DIRECTION ( 'NONE',  ( 1.000000000000000000, 0.000000000000000000, 0.000000000000000000 ) ) ;
#4474 = SPHERICAL_SURFACE ( 'NONE', #3516, 1.250000000000000000 ) ;
#4475 = CIRCLE ( 'NONE', #533, 67.28553390593272354 ) ;
#4476 = AXIS2_PLACEMENT_3D ( 'NONE', #3879, #228, #306 ) ;
#4477 = CARTESIAN_POINT ( 'NONE',  ( -24.49496054422846569, 118.6450458634352429, 259.6142809027516023 ) ) ;
#4478 = EDGE_CURVE ( 'NONE', #659, #4931, #687, .T. ) ;
#4479 = DIRECTION ( 'NONE',  ( -0.7852140432544205684, 0.6192244393400869740, 0.000000000000000000 ) ) ;
#4480 = EDGE_LOOP ( 'NONE', ( #2447, #3167, #66, #112, #2580, #4461, #4796, #244, #3406, #5205, #109, #3386, #2644, #2172, #920 ) ) ;
#4481 = CARTESIAN_POINT ( 'NONE',  ( -47.92850748650857184, -51.87123871766222294, -0.6240759440366558941 ) ) ;
#4482 = ORIENTED_EDGE ( 'NONE', *, *, #4271, .F. ) ;
#4483 = FACE_OUTER_BOUND ( 'NONE', #969, .T. ) ;
#4484 = DIRECTION ( 'NONE',  ( 1.000000000000000000, 0.000000000000000000, 0.000000000000000000 ) ) ;
#4485 = CARTESIAN_POINT ( 'NONE',  ( 65.00292490842842597, 20.64346027173155207, -10.00000000000000888 ) ) ;
#4486 = ORIENTED_EDGE ( 'NONE', *, *, #2823, .F. ) ;
#4487 = ORIENTED_EDGE ( 'NONE', *, *, #3854, .F. ) ;
#4488 = VECTOR ( 'NONE', #216, 1000.000000000000000 ) ;
#4489 = CARTESIAN_POINT ( 'NONE',  ( -2.716781690884938955E-28, -7.738773267559396372E-29, 8.239936510889833698E-15 ) ) ;
#4490 = CONICAL_SURFACE ( 'NONE', #4578, 4.589745962155750370, 1.047197551196595411 ) ;
#4491 = FACE_OUTER_BOUND ( 'NONE', #5083, .T. ) ;
#4492 = EDGE_LOOP ( 'NONE', ( #2242, #4462, #5024, #4611 ) ) ;
#4493 = CARTESIAN_POINT ( 'NONE',  ( -24.49496054422846569, 118.6450458634352429, 6.584936490538886744 ) ) ;
#4494 = DIRECTION ( 'NONE',  ( -1.000000000000000000, 1.608122155356733545E-15, 0.000000000000000000 ) ) ;
#4495 = AXIS2_PLACEMENT_3D ( 'NONE', #2119, #5009, #1749 ) ;
#4496 = B_SPLINE_CURVE_WITH_KNOTS ( 'NONE', 3,
 ( #438, #1570, #3187, #4837, #1169, #2793, #3000, #1330, #3742, #3392, #2596, #2568, #946, #1678, #2146, #1379 ),
 .UNSPECIFIED., .F., .F.,
 ( 4, 2, 2, 2, 2, 2, 2, 4 ),
 ( 0.001982337286089706427, 0.002477592857027041164, 0.002972848427964375900, 0.003963359569839055782, 0.004458615140776378376, 0.004953870711713701837, 0.005449126282651025298, 0.005944381853588348759 ),
 .UNSPECIFIED. ) ;
#4497 = CARTESIAN_POINT ( 'NONE',  ( 5.757211818722653085, 133.6833767450961261, -4.478232972491319686 ) ) ;
#4498 = EDGE_LOOP ( 'NONE', ( #984, #2226 ) ) ;
#4499 = EDGE_CURVE ( 'NONE', #1876, #5129, #3317, .T. ) ;
#4500 = CARTESIAN_POINT ( 'NONE',  ( -2.530586091957568066E-28, -1.016105332223470571E-28, -2.499999999999991118 ) ) ;
#4501 = CARTESIAN_POINT ( 'NONE',  ( -20.94938542542554316, 65.58555154034034729, 2.656042931317556199 ) ) ;
#4502 = AXIS2_PLACEMENT_3D ( 'NONE', #4056, #3673, #3194 ) ;
#4503 = EDGE_CURVE ( 'NONE', #4188, #2358, #3305, .T. ) ;
#4504 = CARTESIAN_POINT ( 'NONE',  ( -10.15843071577985768, 136.1628382333915965, -4.267766952966358218 ) ) ;
#4505 = CARTESIAN_POINT ( 'NONE',  ( -23.48653060406466864, -2.775856657736004873, 8.673617379884007073E-15 ) ) ;
#4506 = ORIENTED_EDGE ( 'NONE', *, *, #530, .T. ) ;
#4507 = FACE_BOUND ( 'NONE', #1522, .T. ) ;
#4508 = DIRECTION ( 'NONE',  ( -0.05868618726714784628, 0.4965439874009566212, -0.8660254037844409281 ) ) ;
#4509 = CIRCLE ( 'NONE', #4153, 1.250000000000000000 ) ;
#4510 = CARTESIAN_POINT ( 'NONE',  ( -3.838730668348500075, 121.0863912537485731, 259.6142809027516023 ) ) ;
#4511 = CARTESIAN_POINT ( 'NONE',  ( -2.328894806777990212, 135.9181411867182305, -2.868422555094401361 ) ) ;
#4512 = CARTESIAN_POINT ( 'NONE',  ( -9.302059837927716401, 136.8547857898414293, -5.583189831920434720 ) ) ;
#4513 = ORIENTED_EDGE ( 'NONE', *, *, #4469, .F. ) ;
#4514 = CARTESIAN_POINT ( 'NONE',  ( -14.09159161862461396, 85.99253187225204442, 19.46322614483599267 ) ) ;
#4515 = ORIENTED_EDGE ( 'NONE', *, *, #4503, .T. ) ;
#4516 = CARTESIAN_POINT ( 'NONE',  ( -37.08381295957290291, 123.7581662912005100, -0.5834214596006184195 ) ) ;
#4517 = DIRECTION ( 'NONE',  ( 0.000000000000000000, 1.000000000000000000, 0.000000000000000000 ) ) ;
#4518 = ADVANCED_FACE ( 'NONE', ( #4951, #827 ), #1290, .T. ) ;
#4519 = DIRECTION ( 'NONE',  ( -0.9318477194401660890, -0.3628495938734966342, -1.725633230170962886E-31 ) ) ;
#4520 = ORIENTED_EDGE ( 'NONE', *, *, #3055, .T. ) ;
#4521 = PLANE ( 'NONE',  #4779 ) ;
#4522 = EDGE_CURVE ( 'NONE', #1398, #241, #4088, .T. ) ;
#4523 = DIRECTION ( 'NONE',  ( 0.5362640951126935729, 0.6800153088666219814, -0.4999999999999968359 ) ) ;
#4524 = DIRECTION ( 'NONE',  ( 1.000000000000000000, 0.000000000000000000, 0.000000000000000000 ) ) ;
#4525 = ORIENTED_EDGE ( 'NONE', *, *, #3172, .T. ) ;
#4526 = CIRCLE ( 'NONE', #2638, 2.500000000000002220 ) ;
#4527 = CARTESIAN_POINT ( 'NONE',  ( 6.665818346397914596, 131.6648702485448439, -2.865394204403147960 ) ) ;
#4528 = LINE ( 'NONE', #3277, #4625 ) ;
#4529 = AXIS2_PLACEMENT_3D ( 'NONE', #1661, #1650, #1946 ) ;
#4530 = EDGE_CURVE ( 'NONE', #4688, #1793, #3483, .T. ) ;
#4531 = CARTESIAN_POINT ( 'NONE',  ( -5.124609333021688862, 136.6297341164329566, -4.822450661324387156 ) ) ;
#4532 = CARTESIAN_POINT ( 'NONE',  ( 8.098693842866211412, -68.52307026133263435, 0.000000000000000000 ) ) ;
#4533 = ORIENTED_EDGE ( 'NONE', *, *, #1789, .F. ) ;
#4534 = CARTESIAN_POINT ( 'NONE',  ( -9.408068868142374086, 136.5321813429977169, -4.750521467482933247 ) ) ;
#4535 = CARTESIAN_POINT ( 'NONE',  ( -33.98572515280891793, 130.4950476194136399, -3.333738908317166683 ) ) ;
#4536 = EDGE_CURVE ( 'NONE', #3003, #3036, #416, .T. ) ;
#4537 = AXIS2_PLACEMENT_3D ( 'NONE', #2022, #3262, #3163 ) ;
#4538 = PLANE ( 'NONE',  #2302 ) ;
#4539 = CARTESIAN_POINT ( 'NONE',  ( 1.021774097276758608, 135.6061795514483492, -3.555765144367939445 ) ) ;
#4540 = EDGE_CURVE ( 'NONE', #4924, #316, #4001, .T. ) ;
#4541 = CIRCLE ( 'NONE', #330, 2.875000000000000888 ) ;
#4542 = LINE ( 'NONE', #4485, #4667 ) ;
#4543 = ORIENTED_EDGE ( 'NONE', *, *, #2525, .F. ) ;
#4544 = DIRECTION ( 'NONE',  ( 0.4847605783279375080, 0.000000000000000000, 0.8746468897213113269 ) ) ;
#4545 = ORIENTED_EDGE ( 'NONE', *, *, #1748, .F. ) ;
#4546 = CARTESIAN_POINT ( 'NONE',  ( -37.10707048091240523, 123.9250942325923006, -0.7322330470336183561 ) ) ;
#4547 = CARTESIAN_POINT ( 'NONE',  ( 138.3549707563275888, 107.1583037707098640, -4.267766952966378646 ) ) ;
#4548 = AXIS2_PLACEMENT_3D ( 'NONE', #3038, #102, #532 ) ;
#4549 = CARTESIAN_POINT ( 'NONE',  ( 5.598693842866290460, -68.52307026133257750, -3.125000000000000000 ) ) ;
#4550 = ORIENTED_EDGE ( 'NONE', *, *, #1839, .T. ) ;
#4551 = CARTESIAN_POINT ( 'NONE',  ( -10.27008277174995499, 86.89519779516678000, 8.239936510889833698E-15 ) ) ;
#4552 = CARTESIAN_POINT ( 'NONE',  ( -9.576843670272779718, 136.5358481630116501, -4.791139746196378724 ) ) ;
#4553 = ORIENTED_EDGE ( 'NONE', *, *, #4332, .T. ) ;
#4554 = DIRECTION ( 'NONE',  ( 0.000000000000000000, -0.9107784042937665525, -0.4128955052699170292 ) ) ;
#4555 = DIRECTION ( 'NONE',  ( -0.2225209339563160305, 0.9749279121818231753, 0.000000000000000000 ) ) ;
#4556 = AXIS2_PLACEMENT_3D ( 'NONE', #2111, #4846, #4449 ) ;
#4557 = CARTESIAN_POINT ( 'NONE',  ( 3.437022583294978784, 72.19763389503657436, 6.584936490538883191 ) ) ;
#4558 = CARTESIAN_POINT ( 'NONE',  ( 19.03843821499163269, 121.7238839831586290, -0.5192054773308144577 ) ) ;
#4559 = ORIENTED_EDGE ( 'NONE', *, *, #4437, .F. ) ;
#4560 = FACE_OUTER_BOUND ( 'NONE', #1642, .T. ) ;
#4561 = CARTESIAN_POINT ( 'NONE',  ( -19.37251913950700200, 73.12495526085899655, 10.00000000000000000 ) ) ;
#4562 = PLANE ( 'NONE',  #854 ) ;
#4563 = EDGE_CURVE ( 'NONE', #1451, #92, #5118, .T. ) ;
#4564 = CARTESIAN_POINT ( 'NONE',  ( 10.97369384286621141, -68.52307026133263435, -3.125000000000000000 ) ) ;
#4565 = CARTESIAN_POINT ( 'NONE',  ( 22.66664004117248865, 118.2978746079605230, -0.5268854303170210640 ) ) ;
#4566 = ORIENTED_EDGE ( 'NONE', *, *, #2163, .F. ) ;
#4567 = CARTESIAN_POINT ( 'NONE',  ( -21.26986552678400244, 63.99584627914995139, 8.673617379883773570E-15 ) ) ;
#4568 = VERTEX_POINT ( 'NONE', #4840 ) ;
#4569 = CARTESIAN_POINT ( 'NONE',  ( 4.011437442254268682, 134.4059907011948667, -3.778883832076681326 ) ) ;
#4570 = EDGE_CURVE ( 'NONE', #3460, #3397, #2803, .T. ) ;
#4571 = AXIS2_PLACEMENT_3D ( 'NONE', #3361, #5007, #2561 ) ;
#4572 = ADVANCED_FACE ( 'NONE', ( #1572 ), #387, .T. ) ;
#4573 = CARTESIAN_POINT ( 'NONE',  ( 9.750481212055161606, 79.43509914178194720, 7.678245102690533841 ) ) ;
#4574 = DIRECTION ( 'NONE',  ( -0.000000000000000000, 0.000000000000000000, 1.000000000000000000 ) ) ;
#4575 = VECTOR ( 'NONE', #453, 1000.000000000000000 ) ;
#4576 = ORIENTED_EDGE ( 'NONE', *, *, #707, .F. ) ;
#4577 = DIRECTION ( 'NONE',  ( 1.000000000000000000, 0.000000000000000000, 0.000000000000000000 ) ) ;
#4578 = AXIS2_PLACEMENT_3D ( 'NONE', #872, #5288, #818 ) ;
#4579 = CARTESIAN_POINT ( 'NONE',  ( -20.17319419367581546, 69.40715885486176262, 6.584936490538883191 ) ) ;
#4580 = VERTEX_POINT ( 'NONE', #5211 ) ;
#4581 = AXIS2_PLACEMENT_3D ( 'NONE', #3385, #83, #2588 ) ;
#4582 = PLANE ( 'NONE',  #98 ) ;
#4583 = AXIS2_PLACEMENT_3D ( 'NONE', #956, #1791, #1389 ) ;
#4584 = DIRECTION ( 'NONE',  ( -0.7071067811865480168, 8.659560562354939021E-17, 0.7071067811865470176 ) ) ;
#4585 = CARTESIAN_POINT ( 'NONE',  ( 63.94925232759477041, 25.81841804567742926, 0.000000000000000000 ) ) ;
#4586 = ORIENTED_EDGE ( 'NONE', *, *, #3449, .T. ) ;
#4587 = DIRECTION ( 'NONE',  ( -0.9930879748019211251, -0.1173723745342948183, -1.148429317936786669E-30 ) ) ;
#4588 = AXIS2_PLACEMENT_3D ( 'NONE', #3318, #2737, #1114 ) ;
#4589 = CARTESIAN_POINT ( 'NONE',  ( 138.3549707563275888, 107.1583037707098640, -0.7322330470336674280 ) ) ;
#4590 = CARTESIAN_POINT ( 'NONE',  ( -47.16241244291767032, 113.9209845719115748, -0.7322330470336119168 ) ) ;
#4591 = AXIS2_PLACEMENT_3D ( 'NONE', #3364, #1019, #2968 ) ;
#4592 = DIRECTION ( 'NONE',  ( -1.579692751415678445E-30, 3.581290393448283579E-30, 1.000000000000000000 ) ) ;
#4593 = ORIENTED_EDGE ( 'NONE', *, *, #3995, .F. ) ;
#4594 = DIRECTION ( 'NONE',  ( 1.000000000000000000, 0.000000000000000000, 0.000000000000000000 ) ) ;
#4595 = EDGE_LOOP ( 'NONE', ( #1903, #655, #4970, #4304, #1566, #4422 ) ) ;
#4596 = CARTESIAN_POINT ( 'NONE',  ( -29.67566221084361899, 132.9764274134232949, -4.118422555206596058 ) ) ;
#4597 = DIRECTION ( 'NONE',  ( 0.9950255607062670204, 0.09961994549877452310, 0.000000000000000000 ) ) ;
#4598 = B_SPLINE_CURVE_WITH_KNOTS ( 'NONE', 3,
 ( #2579, #2158, #480, #505 ),
 .UNSPECIFIED., .F., .F.,
 ( 4, 4 ),
 ( 0.002058034724922541085, 0.002553234675055986950 ),
 .UNSPECIFIED. ) ;
#4599 = CARTESIAN_POINT ( 'NONE',  ( -25.34853225426683920, 134.5870841015041890, -4.645416049238894729 ) ) ;
#4600 = CARTESIAN_POINT ( 'NONE',  ( 60.52271766429893063, -38.55777990255132437, -1.761185245709417480 ) ) ;
#4601 = EDGE_CURVE ( 'NONE', #3122, #1391, #2398, .T. ) ;
#4602 = B_SPLINE_CURVE_WITH_KNOTS ( 'NONE', 3,
 ( #1335, #2951, #924, #1135, #1082, #2758, #1858, #226, #2703, #4752, #1514, #3105, #761, #4350, #4774, #3480, #2281, #2360, #5203, #5122 ),
 .UNSPECIFIED., .F., .F.,
 ( 4, 2, 2, 2, 2, 2, 2, 2, 2, 4 ),
 ( 0.0005340688057703234671, 0.001210357936747483848, 0.001886647067724644446, 0.002562936198701805043, 0.002901080764190377102, 0.003239225329678949161, 0.003915514460656093279, 0.004591803591633237397, 0.005268092722610381515, 0.005944381853587525633 ),
 .UNSPECIFIED. ) ;
#4603 = EDGE_LOOP ( 'NONE', ( #146, #2566, #918, #3170 ) ) ;
#4604 = ADVANCED_FACE ( 'NONE', ( #13 ), #5238, .T. ) ;
#4605 = DIRECTION ( 'NONE',  ( 8.881784197001250351E-16, -1.000000000000000000, 0.000000000000000000 ) ) ;
#4606 = CARTESIAN_POINT ( 'NONE',  ( 60.20710604531214472, -33.98622769893263040, 9.258917146436757006E-15 ) ) ;
#4607 = ORIENTED_EDGE ( 'NONE', *, *, #3724, .F. ) ;
#4608 = PRODUCT ( 'top housing', 'top housing', '', ( #1658 ) ) ;
#4609 = DIRECTION ( 'NONE',  ( 1.000000000000000000, 0.000000000000000000, 0.000000000000000000 ) ) ;
#4610 = ORIENTED_EDGE ( 'NONE', *, *, #1786, .F. ) ;
#4611 = ORIENTED_EDGE ( 'NONE', *, *, #530, .F. ) ;
#4612 = CARTESIAN_POINT ( 'NONE',  ( -3.838730668348500075, 121.0863912537485731, 10.00000000000000000 ) ) ;
#4613 = CARTESIAN_POINT ( 'NONE',  ( 9.144530489145250129, 79.43509914178196141, 6.584936490538886744 ) ) ;
#4614 = AXIS2_PLACEMENT_3D ( 'NONE', #4493, #2444, #4080 ) ;
#4615 = FACE_OUTER_BOUND ( 'NONE', #3517, .T. ) ;
#4616 = CARTESIAN_POINT ( 'NONE',  ( 10.97369384286621141, -68.52307026133263435, -3.125000000000000000 ) ) ;
#4617 = ORIENTED_EDGE ( 'NONE', *, *, #2108, .F. ) ;
#4618 = EDGE_CURVE ( 'NONE', #1083, #2198, #3507, .T. ) ;
#4619 = CONICAL_SURFACE ( 'NONE', #3063, 105.0000000000000426, 0.7853981633974482790 ) ;
#4620 = CARTESIAN_POINT ( 'NONE',  ( 65.87681147713681185, 20.40449198695043975, 0.000000000000000000 ) ) ;
#4621 = DIRECTION ( 'NONE',  ( -0.000000000000000000, -0.000000000000000000, 1.000000000000000000 ) ) ;
#4622 = VERTEX_POINT ( 'NONE', #3190 ) ;
#4623 = DIRECTION ( 'NONE',  ( 1.000000000000000000, 0.000000000000000000, 0.000000000000000000 ) ) ;
#4624 = CARTESIAN_POINT ( 'NONE',  ( -68.88994751549827811, 10.21822133026500978, -0.08804971234905960287 ) ) ;
#4625 = VECTOR ( 'NONE', #853, 1000.000000000000000 ) ;
#4626 = FACE_OUTER_BOUND ( 'NONE', #4708, .T. ) ;
#4627 = CYLINDRICAL_SURFACE ( 'NONE', #3107, 1.250000000000001332 ) ;
#4628 = ORIENTED_EDGE ( 'NONE', *, *, #771, .F. ) ;
#4629 = CARTESIAN_POINT ( 'NONE',  ( -51.02404058627475791, -49.05524931321377835, -10.00000000000000888 ) ) ;
#4630 = EDGE_CURVE ( 'NONE', #2716, #1240, #575, .T. ) ;
#4631 = ADVANCED_FACE ( 'NONE', ( #5264 ), #337, .F. ) ;
#4632 = CARTESIAN_POINT ( 'NONE',  ( 5.233939156012443306, -68.76556888844086757, 0.000000000000000000 ) ) ;
#4633 = ORIENTED_EDGE ( 'NONE', *, *, #4064, .F. ) ;
#4634 = DIRECTION ( 'NONE',  ( -0.1173723745342945268, 0.9930879748019211251, 0.000000000000000000 ) ) ;
#4635 = EDGE_CURVE ( 'NONE', #316, #4472, #4267, .T. ) ;
#4636 = ADVANCED_FACE ( 'NONE', ( #2024 ), #930, .T. ) ;
#4637 = CARTESIAN_POINT ( 'NONE',  ( -65.73218274390985982, 7.352174912480811564, -0.2768252743395845927 ) ) ;
#4638 = ORIENTED_EDGE ( 'NONE', *, *, #774, .T. ) ;
#4639 = ORIENTED_EDGE ( 'NONE', *, *, #3398, .F. ) ;
#4640 = FACE_OUTER_BOUND ( 'NONE', #3601, .T. ) ;
#4641 = CARTESIAN_POINT ( 'NONE',  ( 8.098693842866291348, -68.52307026133257750, -10.00000000000000888 ) ) ;
#4642 = DIRECTION ( 'NONE',  ( -0.1439345685724646440, -0.5100290538000100682, -0.8480290114434322346 ) ) ;
#4643 = DIRECTION ( 'NONE',  ( -1.000000000000000000, 0.000000000000000000, 0.000000000000000000 ) ) ;
#4644 = ORIENTED_EDGE ( 'NONE', *, *, #1120, .F. ) ;
#4645 = CARTESIAN_POINT ( 'NONE',  ( 67.22368817094528026, 21.29716308759285326, -0.5164165700105748380 ) ) ;
#4646 = CARTESIAN_POINT ( 'NONE',  ( -44.54819951940678635, 111.0482540923670172, -10.00000000000000888 ) ) ;
#4647 = ORIENTED_EDGE ( 'NONE', *, *, #2953, .T. ) ;
#4648 = CIRCLE ( 'NONE', #875, 2.500000000000000444 ) ;
#4649 = CARTESIAN_POINT ( 'NONE',  ( -35.30749058737497847, 130.1840154059322288, -5.198208221237935689 ) ) ;
#4650 = CARTESIAN_POINT ( 'NONE',  ( 1.204244626480476255, 135.2056392648359804, -3.004885770637004239 ) ) ;
#4651 = AXIS2_PLACEMENT_3D ( 'NONE', #2418, #1600, #1199 ) ;
#4652 = FACE_OUTER_BOUND ( 'NONE', #325, .T. ) ;
#4653 = ORIENTED_EDGE ( 'NONE', *, *, #5013, .T. ) ;
#4654 = AXIS2_PLACEMENT_3D ( 'NONE', #1829, #973, #1781 ) ;
#4655 = CYLINDRICAL_SURFACE ( 'NONE', #713, 2.500000000000002220 ) ;
#4656 = EDGE_CURVE ( 'NONE', #461, #2131, #1190, .T. ) ;
#4657 = CARTESIAN_POINT ( 'NONE',  ( -159.5239168776901408, 71.95220597035097398, -2.499999999999991118 ) ) ;
#4658 = ORIENTED_EDGE ( 'NONE', *, *, #3506, .F. ) ;
#4659 = B_SPLINE_CURVE_WITH_KNOTS ( 'NONE', 3,
 ( #858, #2478, #2404, #4037, #806, #1271, #1608, #2088, #2881, #1183 ),
 .UNSPECIFIED., .F., .F.,
 ( 4, 2, 2, 2, 4 ),
 ( 3.194284695132535799E-07, 0.0005185757886047773603, 0.001036832148740041452, 0.001555088508875305652, 0.002073344869010569635 ),
 .UNSPECIFIED. ) ;
#4660 = CIRCLE ( 'NONE', #1573, 2.875000000000002665 ) ;
#4661 = CIRCLE ( 'NONE', #2341, 2.500000000000002220 ) ;
#4662 = CARTESIAN_POINT ( 'NONE',  ( -66.22026329488336671, 5.731009920648278744, -0.1351931681937570406 ) ) ;
#4663 = ORIENTED_EDGE ( 'NONE', *, *, #43, .T. ) ;
#4664 = EDGE_LOOP ( 'NONE', ( #303, #2903, #3731, #2998 ) ) ;
#4665 = LINE ( 'NONE', #1744, #1298 ) ;
#4666 = EDGE_CURVE ( 'NONE', #193, #5054, #4701, .T. ) ;
#4667 = VECTOR ( 'NONE', #2814, 1000.000000000000000 ) ;
#4668 = DIRECTION ( 'NONE',  ( -1.579692751415678445E-30, 3.581290393448283579E-30, 1.000000000000000000 ) ) ;
#4669 = DIRECTION ( 'NONE',  ( 0.7852140432544196802, -0.6192244393400880842, 0.000000000000000000 ) ) ;
#4670 = ORIENTED_EDGE ( 'NONE', *, *, #14, .T. ) ;
#4671 = ADVANCED_FACE ( 'NONE', ( #3763, #2619 ), #4521, .T. ) ;
#4672 = CARTESIAN_POINT ( 'NONE',  ( -25.03366992631588062, 123.2030673858477599, 10.00000000000000000 ) ) ;
#4673 = DIRECTION ( 'NONE',  ( 0.000000000000000000, -1.000000000000000000, 0.000000000000000000 ) ) ;
#4674 = AXIS2_PLACEMENT_3D ( 'NONE', #4687, #2662, #2241 ) ;
#4675 = EDGE_LOOP ( 'NONE', ( #1665, #2741, #3716, #1263 ) ) ;
#4676 = CARTESIAN_POINT ( 'NONE',  ( -34.13909365970601328, 130.8322971452222703, -4.703279509505310152 ) ) ;
#4677 = CARTESIAN_POINT ( 'NONE',  ( -22.91760671858131104, 135.2691591588418589, -6.035533905932699561 ) ) ;
#4678 = AXIS2_PLACEMENT_3D ( 'NONE', #5102, #1437, #5074 ) ;
#4679 = CARTESIAN_POINT ( 'NONE',  ( -45.36341688781271131, 113.3778747662506845, 0.000000000000000000 ) ) ;
#4680 = LINE ( 'NONE', #2546, #290 ) ;
#4681 = ORIENTED_EDGE ( 'NONE', *, *, #605, .F. ) ;
#4682 = EDGE_LOOP ( 'NONE', ( #2277, #4607, #2223, #912 ) ) ;
#4683 = CARTESIAN_POINT ( 'NONE',  ( -36.28790497072686350, 55.82941557955567191, -0.09956493920715193957 ) ) ;
#4684 = CARTESIAN_POINT ( 'NONE',  ( -10.27008277174995499, 86.89519779516678000, -2.499999999999991118 ) ) ;
#4685 = DIRECTION ( 'NONE',  ( 1.579692751415678445E-30, -3.581290393448283579E-30, -1.000000000000000000 ) ) ;
#4686 = EDGE_LOOP ( 'NONE', ( #1439, #5166, #2313, #2144 ) ) ;
#4687 = CARTESIAN_POINT ( 'NONE',  ( 26.01221985068027109, 32.98506813578413244, 6.584936490538890297 ) ) ;
#4688 = VERTEX_POINT ( 'NONE', #592 ) ;
#4689 = VERTEX_POINT ( 'NONE', #2969 ) ;
#4690 = FACE_OUTER_BOUND ( 'NONE', #3760, .T. ) ;
#4691 = CARTESIAN_POINT ( 'NONE',  ( 57.79404702398253590, -39.14920920625029055, -0.1400364210629388151 ) ) ;
#4692 = CARTESIAN_POINT ( 'NONE',  ( 0.000000000000000000, 0.000000000000000000, 10.00000000000000000 ) ) ;
#4693 = ADVANCED_FACE ( 'NONE', ( #1752 ), #2211, .T. ) ;
#4694 = DIRECTION ( 'NONE',  ( -0.6192244393400878621, -0.7852140432544197912, 0.000000000000000000 ) ) ;
#4695 = ORIENTED_EDGE ( 'NONE', *, *, #4218, .F. ) ;
#4696 = CARTESIAN_POINT ( 'NONE',  ( 67.02193623432152947, 21.07166567593704087, -0.3346910605692317020 ) ) ;
#4697 = VERTEX_POINT ( 'NONE', #1853 ) ;
#4698 = DIRECTION ( 'NONE',  ( 1.000000000000000000, 0.000000000000000000, 0.000000000000000000 ) ) ;
#4699 = ADVANCED_FACE ( 'NONE', ( #4259 ), #1353, .F. ) ;
#4700 = DIRECTION ( 'NONE',  ( -0.000000000000000000, -0.000000000000000000, -1.000000000000000000 ) ) ;
#4701 = CIRCLE ( 'NONE', #2288, 45.73223304703363823 ) ;
#4702 = CARTESIAN_POINT ( 'NONE',  ( 61.36244678661329033, -37.28504207443548069, -1.801725792436717377 ) ) ;
#4703 = ORIENTED_EDGE ( 'NONE', *, *, #1949, .F. ) ;
#4704 = CARTESIAN_POINT ( 'NONE',  ( -36.45142599800240646, 55.78491913648236533, -0.08429636363059753168 ) ) ;
#4705 = AXIS2_PLACEMENT_3D ( 'NONE', #870, #2490, #4772 ) ;
#4706 = CARTESIAN_POINT ( 'NONE',  ( -65.88762064117540262, 8.304448015041021591, -0.1565519539528024417 ) ) ;
#4707 = CARTESIAN_POINT ( 'NONE',  ( 5.629571177213770206, -70.03044308953508335, -0.3346910605692359764 ) ) ;
#4708 = EDGE_LOOP ( 'NONE', ( #3943, #4011, #5115, #4994 ) ) ;
#4709 = CARTESIAN_POINT ( 'NONE',  ( 56.72705326276559390, -34.20205827185396430, -0.2283556029046417135 ) ) ;
#4710 = EDGE_LOOP ( 'NONE', ( #3870, #5161, #4351, #1438, #3579, #256, #346 ) ) ;
#4711 = AXIS2_PLACEMENT_3D ( 'NONE', #4715, #4308, #668 ) ;
#4712 = CARTESIAN_POINT ( 'NONE',  ( -48.91122521634008535, -46.20644025287903389, 0.000000000000000000 ) ) ;
#4713 = VERTEX_POINT ( 'NONE', #3869 ) ;
#4714 = ORIENTED_EDGE ( 'NONE', *, *, #4132, .F. ) ;
#4715 = CARTESIAN_POINT ( 'NONE',  ( -8.632738146997375850, 73.04162054668123005, 12.99038105676686250 ) ) ;
#4716 = PLANE ( 'NONE',  #1745 ) ;
#4717 = DIRECTION ( 'NONE',  ( 1.000000000000000000, 0.000000000000000000, 0.000000000000000000 ) ) ;
#4718 = EDGE_LOOP ( 'NONE', ( #2934, #1567, #3792 ) ) ;
#4719 = CARTESIAN_POINT ( 'NONE',  ( -9.642099818286471447, 136.3427310096289489, -4.472229262331000044 ) ) ;
#4720 = CARTESIAN_POINT ( 'NONE',  ( -47.04819951943317591, 111.0482540923661787, -3.125000000000000000 ) ) ;
#4721 = ORIENTED_EDGE ( 'NONE', *, *, #237, .F. ) ;
#4722 = CARTESIAN_POINT ( 'NONE',  ( -36.03801146922506149, 129.7517976413266183, -5.606998610977707465 ) ) ;
#4723 = CARTESIAN_POINT ( 'NONE',  ( -37.02771696389811495, 58.22326147203926894, -17.07106781186547195 ) ) ;
#4724 = CARTESIAN_POINT ( 'NONE',  ( -159.5239168776901408, 71.95220597035097398, -10.00000000000000888 ) ) ;
#4725 = DIRECTION ( 'NONE',  ( -0.6192244393400868629, -0.7852140432544206794, 1.833895151582768926E-30 ) ) ;
#4726 = VECTOR ( 'NONE', #394, 1000.000000000000000 ) ;
#4727 = ORIENTED_EDGE ( 'NONE', *, *, #1911, .F. ) ;
#4728 = EDGE_CURVE ( 'NONE', #4472, #5158, #943, .T. ) ;
#4729 = DIRECTION ( 'NONE',  ( -1.533053090151794101E-17, 1.297116629533491305E-16, -1.000000000000000000 ) ) ;
#4730 = ADVANCED_FACE ( 'NONE', ( #542 ), #111, .T. ) ;
#4731 = CARTESIAN_POINT ( 'NONE',  ( -2.677289372099547016E-28, -8.634095865921467757E-29, -2.499999999999992895 ) ) ;
#4732 = CARTESIAN_POINT ( 'NONE',  ( 5.880016182817081827, -66.68173628909029560, -0.01970872512007254551 ) ) ;
#4733 = EDGE_CURVE ( 'NONE', #1455, #1177, #4203, .T. ) ;
#4734 = VERTEX_POINT ( 'NONE', #3843 ) ;
#4735 = VERTEX_POINT ( 'NONE', #2171 ) ;
#4736 = CARTESIAN_POINT ( 'NONE',  ( 1.791707336823040064, 75.62634041478146685, 10.00000000000000178 ) ) ;
#4737 = ORIENTED_EDGE ( 'NONE', *, *, #3605, .F. ) ;
#4738 = EDGE_LOOP ( 'NONE', ( #3750, #722, #2919, #1089, #1994, #2582, #4586 ) ) ;
#4739 = AXIS2_PLACEMENT_3D ( 'NONE', #2351, #4929, #802 ) ;
#4740 = LINE ( 'NONE', #1848, #4787 ) ;
#4741 = AXIS2_PLACEMENT_3D ( 'NONE', #4811, #1998, #4328 ) ;
#4742 = DIRECTION ( 'NONE',  ( 1.579692751415678445E-30, -3.581290393448283579E-30, -1.000000000000000000 ) ) ;
#4743 = CARTESIAN_POINT ( 'NONE',  ( 10.97369384286621141, -68.52307026133264856, -0.03756168118211055534 ) ) ;
#4744 = VERTEX_POINT ( 'NONE', #4232 ) ;
#4745 = DIRECTION ( 'NONE',  ( 0.9508629099039398458, -0.1278374938784036519, 0.2819881233809344301 ) ) ;
#4746 = EDGE_LOOP ( 'NONE', ( #3679, #2608 ) ) ;
#4747 = CARTESIAN_POINT ( 'NONE',  ( -31.21560962971722120, 132.2991117078054799, -4.066568995445514645 ) ) ;
#4748 = AXIS2_PLACEMENT_3D ( 'NONE', #654, #3904, #249 ) ;
#4749 = DIRECTION ( 'NONE',  ( -0.7852140432544209014, 0.6192244393400864189, 0.000000000000000000 ) ) ;
#4750 = CARTESIAN_POINT ( 'NONE',  ( 63.82442391515839830, 20.50328199677367635, 1.701350377854987661E-14 ) ) ;
#4751 = VECTOR ( 'NONE', #3145, 1000.000000000000000 ) ;
#4752 = CARTESIAN_POINT ( 'NONE',  ( -50.51887356309873667, -51.12868751619133434, -1.876883637161710361 ) ) ;
#4753 = EDGE_LOOP ( 'NONE', ( #2815, #2110, #4977, #3643, #5107, #1127, #1159, #2248, #868, #3339, #4815, #4362, #3635, #4763, #3366, #1607, #2809 ) ) ;
#4754 = VERTEX_POINT ( 'NONE', #3790 ) ;
#4755 = CARTESIAN_POINT ( 'NONE',  ( -14.88613646035166482, -1.759382077243972997, 10.00000000000000000 ) ) ;
#4756 = CARTESIAN_POINT ( 'NONE',  ( 67.87792490842919335, 22.98398416605713734, -1.663473499865909533 ) ) ;
#4757 = AXIS2_PLACEMENT_3D ( 'NONE', #730, #1044, #3952 ) ;
#4758 = EDGE_CURVE ( 'NONE', #2641, #3649, #5037, .T. ) ;
#4759 = DIRECTION ( 'NONE',  ( 0.000000000000000000, -1.000000000000000000, 3.574490541931449893E-30 ) ) ;
#4760 = ORIENTED_EDGE ( 'NONE', *, *, #4630, .F. ) ;
#4761 = ORIENTED_EDGE ( 'NONE', *, *, #1547, .F. ) ;
#4762 = CYLINDRICAL_SURFACE ( 'NONE', #5262, 2.874999999999999112 ) ;
#4763 = ORIENTED_EDGE ( 'NONE', *, *, #1458, .T. ) ;
#4764 = ORIENTED_EDGE ( 'NONE', *, *, #960, .T. ) ;
#4765 = CARTESIAN_POINT ( 'NONE',  ( 22.27316562399516897, 120.5296197110275500, -1.800915334410019941 ) ) ;
#4766 = LINE ( 'NONE', #263, #117 ) ;
#4767 = CARTESIAN_POINT ( 'NONE',  ( 10.80200941628162603, -69.53267322222676228, -0.4144741782206488034 ) ) ;
#4768 = ORIENTED_EDGE ( 'NONE', *, *, #2366, .T. ) ;
#4769 = DIRECTION ( 'NONE',  ( 1.000000000000000000, 0.000000000000000000, 0.000000000000000000 ) ) ;
#4770 = CARTESIAN_POINT ( 'NONE',  ( 0.000000000000000000, 0.000000000000000000, 0.000000000000000000 ) ) ;
#4771 = VERTEX_POINT ( 'NONE', #3413 ) ;
#4772 = DIRECTION ( 'NONE',  ( 1.000000000000000000, -1.665334536937734416E-15, 0.000000000000000000 ) ) ;
#4773 = CARTESIAN_POINT ( 'NONE',  ( 62.17406085927938619, 22.54602249488917565, -0.2804369751232809738 ) ) ;
#4774 = CARTESIAN_POINT ( 'NONE',  ( -49.39187158278740952, -51.80357143468916092, -1.576088182336736976 ) ) ;
#4775 = VERTEX_POINT ( 'NONE', #1400 ) ;
#4776 = AXIS2_PLACEMENT_3D ( 'NONE', #2382, #1990, #1590 ) ;
#4777 = VERTEX_POINT ( 'NONE', #1376 ) ;
#4778 = DIRECTION ( 'NONE',  ( -1.579692751415678795E-30, 3.581290393448284280E-30, 1.000000000000000000 ) ) ;
#4779 = AXIS2_PLACEMENT_3D ( 'NONE', #1824, #2143, #621 ) ;
#4780 = DIRECTION ( 'NONE',  ( 0.000000000000000000, 0.000000000000000000, 1.000000000000000000 ) ) ;
#4781 = CARTESIAN_POINT ( 'NONE',  ( 21.46262900133474361, 62.94156183053046760, -0.1266026420748822545 ) ) ;
#4782 = CONICAL_SURFACE ( 'NONE', #5294, 45.00000000000002842, 0.7853981633974469467 ) ;
#4783 = CARTESIAN_POINT ( 'NONE',  ( 58.15710075757363029, -33.54896378004896462, 7.438431584550448847E-15 ) ) ;
#4784 = EDGE_CURVE ( 'NONE', #1386, #2862, #679, .T. ) ;
#4785 = EDGE_CURVE ( 'NONE', #4303, #4799, #2997, .T. ) ;
#4786 = ORIENTED_EDGE ( 'NONE', *, *, #2492, .F. ) ;
#4787 = VECTOR ( 'NONE', #4225, 1000.000000000000114 ) ;
#4788 = CARTESIAN_POINT ( 'NONE',  ( 5.865807359932967202, 133.4456640676979760, -4.267766952966361771 ) ) ;
#4789 = ORIENTED_EDGE ( 'NONE', *, *, #3761, .T. ) ;
#4790 = ORIENTED_EDGE ( 'NONE', *, *, #39, .T. ) ;
#4791 = EDGE_CURVE ( 'NONE', #3544, #5188, #192, .T. ) ;
#4792 = CARTESIAN_POINT ( 'NONE',  ( 39.27160173760921680, 93.64956645368118870, -307.0258184027516677 ) ) ;
#4793 = EDGE_CURVE ( 'NONE', #154, #649, #5091, .T. ) ;
#4794 = DIRECTION ( 'NONE',  ( 0.2396405517700144205, 0.8491611506782387186, 0.4706354705355014212 ) ) ;
#4795 = FACE_OUTER_BOUND ( 'NONE', #2087, .T. ) ;
#4796 = ORIENTED_EDGE ( 'NONE', *, *, #3666, .T. ) ;
#4797 = CYLINDRICAL_SURFACE ( 'NONE', #3882, 2.500000000000002220 ) ;
#4798 = DIRECTION ( 'NONE',  ( -1.533053090151794101E-17, 1.297116629533491305E-16, -1.000000000000000000 ) ) ;
#4799 = VERTEX_POINT ( 'NONE', #3045 ) ;
#4800 = ADVANCED_FACE ( 'NONE', ( #4289 ), #1362, .F. ) ;
#4801 = DIRECTION ( 'NONE',  ( -1.000000000000000000, 0.000000000000000000, 0.000000000000000000 ) ) ;
#4802 =( BOUNDED_CURVE ( )  B_SPLINE_CURVE ( 3, ( #4567, #893, #4384, #2339 ),
 .UNSPECIFIED., .F., .T. ) 
 B_SPLINE_CURVE_WITH_KNOTS ( ( 4, 4 ),
 ( 2.803791225349671734, 2.906689741847427566 ),
 .UNSPECIFIED. ) 
 CURVE ( )  GEOMETRIC_REPRESENTATION_ITEM ( )  RATIONAL_B_SPLINE_CURVE ( ( 1.000000000000000000, 0.9991178525565845847, 0.9991178525565845847, 1.000000000000000000 ) ) 
 REPRESENTATION_ITEM ( '' )  );
#4803 = FACE_OUTER_BOUND ( 'NONE', #1931, .T. ) ;
#4804 = DIRECTION ( 'NONE',  ( 1.579692751415678445E-30, -3.581290393448283579E-30, -1.000000000000000000 ) ) ;
#4805 = ORIENTED_EDGE ( 'NONE', *, *, #4465, .T. ) ;
#4806 = VERTEX_POINT ( 'NONE', #5141 ) ;
#4807 = FACE_BOUND ( 'NONE', #1189, .T. ) ;
#4808 = ADVANCED_FACE ( 'NONE', ( #5199 ), #5225, .T. ) ;
#4809 = DIRECTION ( 'NONE',  ( -0.000000000000000000, 0.000000000000000000, 1.000000000000000000 ) ) ;
#4810 = AXIS2_PLACEMENT_3D ( 'NONE', #2904, #3276, #4554 ) ;
#4811 = CARTESIAN_POINT ( 'NONE',  ( -48.52404058627475791, -49.05524931321377835, -10.00000000000000888 ) ) ;
#4812 = CARTESIAN_POINT ( 'NONE',  ( 14.55584306485708268, 78.33842780867381350, 8.673617379883778303E-15 ) ) ;
#4813 = DIRECTION ( 'NONE',  ( 0.000000000000000000, -1.000000000000000000, -1.387778780781445922E-16 ) ) ;
#4814 = CIRCLE ( 'NONE', #452, 70.73223304703357428 ) ;
#4815 = ORIENTED_EDGE ( 'NONE', *, *, #2498, .T. ) ;
#4816 = AXIS2_PLACEMENT_3D ( 'NONE', #1807, #521, #2544 ) ;
#4817 = CARTESIAN_POINT ( 'NONE',  ( -48.51658119262896918, 108.5765178075205029, 0.000000000000000000 ) ) ;
#4818 = EDGE_LOOP ( 'NONE', ( #1548, #3134, #250, #1425, #4307, #1630, #4617 ) ) ;
#4819 = DIRECTION ( 'NONE',  ( 1.579692751415678445E-30, -3.581290393448283579E-30, -1.000000000000000000 ) ) ;
#4820 = CIRCLE ( 'NONE', #1229, 2.500000000000002220 ) ;
#4821 = ADVANCED_FACE ( 'NONE', ( #3553 ), #159, .T. ) ;
#4822 = CARTESIAN_POINT ( 'NONE',  ( -16.93770457167673271, 134.8749482391814922, -3.430686549918736006 ) ) ;
#4823 = CARTESIAN_POINT ( 'NONE',  ( -24.49496054422846569, 118.6450458634352429, 7.667468245269430049 ) ) ;
#4824 = ORIENTED_EDGE ( 'NONE', *, *, #3722, .T. ) ;
#4825 = CARTESIAN_POINT ( 'NONE',  ( -23.88025083721003483, 55.66533249737224764, 0.3978731671181541252 ) ) ;
#4826 = CARTESIAN_POINT ( 'NONE',  ( -22.66040007940747714, 134.9237369051732571, -4.678001804474563485 ) ) ;
#4827 = ORIENTED_EDGE ( 'NONE', *, *, #1384, .T. ) ;
#4828 = EDGE_CURVE ( 'NONE', #4296, #463, #2276, .T. ) ;
#4829 = CARTESIAN_POINT ( 'NONE',  ( -14.54830582352584223, 123.0932544766980214, -9.999999999999989342 ) ) ;
#4830 = VECTOR ( 'NONE', #5069, 1000.000000000000000 ) ;
#4831 = CARTESIAN_POINT ( 'NONE',  ( -5.124609333015305523, 136.6297341164322745, -4.822450661321942889 ) ) ;
#4832 = CARTESIAN_POINT ( 'NONE',  ( 8.098693842866291348, -68.52307026133257750, -10.00000000000000888 ) ) ;
#4833 = EDGE_LOOP ( 'NONE', ( #32, #3515 ) ) ;
#4834 = AXIS2_PLACEMENT_3D ( 'NONE', #513, #3840, #1424 ) ;
#4835 = VERTEX_POINT ( 'NONE', #1533 ) ;
#4836 = CARTESIAN_POINT ( 'NONE',  ( 0.8406610791244294445, 135.6473178326495201, -4.216902500636659390 ) ) ;
#4837 = CARTESIAN_POINT ( 'NONE',  ( 67.80984122873348952, 23.78656851099588465, -1.860624844291320468 ) ) ;
#4838 = VECTOR ( 'NONE', #2805, 1000.000000000000114 ) ;
#4839 = DIRECTION ( 'NONE',  ( -5.657338475244856674E-60, -1.000000000000000000, 3.581290393448283579E-30 ) ) ;
#4840 = CARTESIAN_POINT ( 'NONE',  ( 57.02639435412946511, -38.78257251146520446, 0.000000000000000000 ) ) ;
#4841 = AXIS2_PLACEMENT_3D ( 'NONE', #1087, #3427, #4302 ) ;
#4842 = CARTESIAN_POINT ( 'NONE',  ( 58.62294662508116261, -36.39162168676826781, -3.125000000000000000 ) ) ;
#4843 = VECTOR ( 'NONE', #2299, 999.9999999999997726 ) ;
#4844 = CARTESIAN_POINT ( 'NONE',  ( 5.801574170566046185, 133.5670180852690976, -4.365087286565972668 ) ) ;
#4845 = VERTEX_POINT ( 'NONE', #1101 ) ;
#4846 = DIRECTION ( 'NONE',  ( -0.000000000000000000, 0.000000000000000000, 1.000000000000000000 ) ) ;
#4847 = DIRECTION ( 'NONE',  ( 1.579692751415678445E-30, -3.581290393448283579E-30, -1.000000000000000000 ) ) ;
#4848 = FACE_OUTER_BOUND ( 'NONE', #3916, .T. ) ;
#4849 = CARTESIAN_POINT ( 'NONE',  ( 3.564081905856477661, 71.12258462707244178, 7.209936490538885856 ) ) ;
#4850 = ORIENTED_EDGE ( 'NONE', *, *, #881, .T. ) ;
#4851 = CARTESIAN_POINT ( 'NONE',  ( 65.00292490842917914, 23.14346027173075271, 0.000000000000000000 ) ) ;
#4852 = CARTESIAN_POINT ( 'NONE',  ( -47.07433267185621162, -51.54318916382126048, -0.1397026750648883153 ) ) ;
#4853 = VERTEX_POINT ( 'NONE', #4317 ) ;
#4854 = CARTESIAN_POINT ( 'NONE',  ( 28.12691063763711696, 35.66662396201871843, 10.00000000000000000 ) ) ;
#4855 = EDGE_CURVE ( 'NONE', #1534, #1434, #702, .T. ) ;
#4856 = CIRCLE ( 'NONE', #3723, 1.249999999999994227 ) ;
#4857 = EDGE_CURVE ( 'NONE', #3554, #3951, #5208, .T. ) ;
#4858 = CARTESIAN_POINT ( 'NONE',  ( 9.994549625228549061, 78.76476902289108750, 7.209936490538873421 ) ) ;
#4859 = DIRECTION ( 'NONE',  ( 0.000000000000000000, 0.000000000000000000, 1.000000000000000000 ) ) ;
#4860 = ORIENTED_EDGE ( 'NONE', *, *, #503, .F. ) ;
#4861 = ORIENTED_EDGE ( 'NONE', *, *, #4170, .T. ) ;
#4862 = CARTESIAN_POINT ( 'NONE',  ( -1.936494090181126948, 136.1980495831194276, -4.091919092516480561 ) ) ;
#4863 = CARTESIAN_POINT ( 'NONE',  ( 0.000000000000000000, 0.000000000000000000, -0.7322330470336396724 ) ) ;
#4864 = ADVANCED_FACE ( 'NONE', ( #4375 ), #2325, .F. ) ;
#4865 = DIRECTION ( 'NONE',  ( -0.1173723745342948044, 0.9930879748019211251, 0.000000000000000000 ) ) ;
#4866 = DIRECTION ( 'NONE',  ( -0.000000000000000000, -0.000000000000000000, -1.000000000000000000 ) ) ;
#4867 = DIRECTION ( 'NONE',  ( -0.000000000000000000, -0.000000000000000000, 1.000000000000000000 ) ) ;
#4868 = EDGE_CURVE ( 'NONE', #1863, #3122, #4400, .T. ) ;
#4869 = AXIS2_PLACEMENT_3D ( 'NONE', #4770, #3953, #2698 ) ;
#4870 = EDGE_CURVE ( 'NONE', #3201, #1102, #3735, .T. ) ;
#4871 = AXIS2_PLACEMENT_3D ( 'NONE', #8, #1645, #4104 ) ;
#4872 = CARTESIAN_POINT ( 'NONE',  ( -159.5239168776901408, 71.95220597035097398, -6.035533905932755516 ) ) ;
#4873 = EDGE_LOOP ( 'NONE', ( #3151, #1695, #3363, #5296 ) ) ;
#4874 = DIRECTION ( 'NONE',  ( 0.000000000000000000, 0.000000000000000000, 1.000000000000000000 ) ) ;
#4875 = FACE_OUTER_BOUND ( 'NONE', #2362, .T. ) ;
#4876 = LINE ( 'NONE', #2721, #2468 ) ;
#4877 = CARTESIAN_POINT ( 'NONE',  ( -21.86403863837691475, 134.7793606039129486, -4.267766952966359995 ) ) ;
#4878 = CARTESIAN_POINT ( 'NONE',  ( 0.000000000000000000, 0.000000000000000000, -3.125000000000000000 ) ) ;
#4879 = ORIENTED_EDGE ( 'NONE', *, *, #2980, .F. ) ;
#4880 = LINE ( 'NONE', #399, #391 ) ;
#4881 = CARTESIAN_POINT ( 'NONE',  ( -30.90295308412139974, 132.0747207949351036, -2.808672224262756867 ) ) ;
#4882 = ORIENTED_EDGE ( 'NONE', *, *, #2072, .T. ) ;
#4883 = CARTESIAN_POINT ( 'NONE',  ( -0.4863182906592162791, 135.9309852011285784, -4.066568995439936884 ) ) ;
#4884 = CARTESIAN_POINT ( 'NONE',  ( 22.10704532981061021, 117.1500461182656778, -0.01858021902849235976 ) ) ;
#4885 = ORIENTED_EDGE ( 'NONE', *, *, #3143, .T. ) ;
#4886 = ORIENTED_EDGE ( 'NONE', *, *, #4857, .F. ) ;
#4887 = CARTESIAN_POINT ( 'NONE',  ( 8.098693842866211412, -68.52307026133263435, -3.125000000000000000 ) ) ;
#4888 = DIRECTION ( 'NONE',  ( 1.000000000000000000, 0.000000000000000000, 0.000000000000000000 ) ) ;
#4889 = EDGE_CURVE ( 'NONE', #3282, #2874, #72, .T. ) ;
#4890 = ORIENTED_EDGE ( 'NONE', *, *, #440, .F. ) ;
#4891 = CARTESIAN_POINT ( 'NONE',  ( 22.73908980894260878, 118.9565708611430352, -1.016704764005539330 ) ) ;
#4892 = EDGE_CURVE ( 'NONE', #172, #1232, #770, .T. ) ;
#4893 = DIRECTION ( 'NONE',  ( 1.000000000000000000, 0.000000000000000000, 0.000000000000000000 ) ) ;
#4894 = CARTESIAN_POINT ( 'NONE',  ( -48.80559626930028827, 108.7664878809917042, -0.01801021611305338513 ) ) ;
#4895 = TOROIDAL_SURFACE ( 'NONE', #3849, 68.96446609406721961, 2.500000000000000000 ) ;
#4896 = VERTEX_POINT ( 'NONE', #3100 ) ;
#4897 = CARTESIAN_POINT ( 'NONE',  ( 6.237065831891918322, 132.7371474162228822, -3.722689722238042620 ) ) ;
#4898 = CARTESIAN_POINT ( 'NONE',  ( 33.29139140534402230, 92.83424203264854668, 8.673617379883754638E-15 ) ) ;
#4899 = CIRCLE ( 'NONE', #3258, 2.875000000000002665 ) ;
#4900 = FACE_OUTER_BOUND ( 'NONE', #4135, .T. ) ;
#4901 = LINE ( 'NONE', #3248, #5174 ) ;
#4902 = EDGE_LOOP ( 'NONE', ( #1635, #1401 ) ) ;
#4903 = DIRECTION ( 'NONE',  ( 0.000000000000000000, 0.000000000000000000, 1.000000000000000000 ) ) ;
#4904 = DIRECTION ( 'NONE',  ( -0.5215642556779200856, 0.000000000000000000, 0.8532120060097239111 ) ) ;
#4905 = ORIENTED_EDGE ( 'NONE', *, *, #4958, .F. ) ;
#4906 = VECTOR ( 'NONE', #2254, 1000.000000000000227 ) ;
#4907 = FACE_OUTER_BOUND ( 'NONE', #5257, .T. ) ;
#4908 = CARTESIAN_POINT ( 'NONE',  ( -1.274396538860848027, 135.7396067445249628, -2.812001939744681156 ) ) ;
#4909 = CARTESIAN_POINT ( 'NONE',  ( 22.58278145678054827, 118.0095311142978147, -0.3490570895535386464 ) ) ;
#4910 = EDGE_LOOP ( 'NONE', ( #2944, #5169, #3062, #980 ) ) ;
#4911 = CYLINDRICAL_SURFACE ( 'NONE', #2357, 1.250000000000000444 ) ;
#4912 = EDGE_LOOP ( 'NONE', ( #966, #3341, #2617, #531 ) ) ;
#4913 = FACE_OUTER_BOUND ( 'NONE', #2577, .T. ) ;
#4914 = VECTOR ( 'NONE', #2475, 1000.000000000000114 ) ;
#4915 = DIRECTION ( 'NONE',  ( 0.9107784042937661084, 0.000000000000000000, -0.4128955052699181949 ) ) ;
#4916 = ORIENTED_EDGE ( 'NONE', *, *, #511, .F. ) ;
#4917 = DIRECTION ( 'NONE',  ( 0.9107784042937661084, 0.000000000000000000, -0.4128955052699181949 ) ) ;
#4918 = DIRECTION ( 'NONE',  ( 0.1173723745342946101, -0.9930879748019211251, 0.000000000000000000 ) ) ;
#4919 = VECTOR ( 'NONE', #1165, 1000.000000000000000 ) ;
#4920 = EDGE_CURVE ( 'NONE', #719, #487, #1045, .T. ) ;
#4921 = EDGE_CURVE ( 'NONE', #3626, #4472, #1285, .T. ) ;
#4922 = CIRCLE ( 'NONE', #385, 70.73223304703357428 ) ;
#4923 = CARTESIAN_POINT ( 'NONE',  ( -49.18026439935677274, 109.1128346081250413, -0.1403942128164646641 ) ) ;
#4924 = VERTEX_POINT ( 'NONE', #2783 ) ;
#4925 = CARTESIAN_POINT ( 'NONE',  ( 14.56355846361122985, 78.25144676065876581, 6.938893903907231533E-15 ) ) ;
#4926 = DIRECTION ( 'NONE',  ( -0.000000000000000000, 0.000000000000000000, 1.000000000000000000 ) ) ;
#4927 = EDGE_CURVE ( 'NONE', #372, #101, #4021, .T. ) ;
#4928 = CIRCLE ( 'NONE', #5096, 2.500000000000001332 ) ;
#4929 = DIRECTION ( 'NONE',  ( 0.2396405517700144205, 0.8491611506782387186, 0.4706354705355014212 ) ) ;
#4930 = DIRECTION ( 'NONE',  ( 0.000000000000000000, -1.000000000000000000, 3.574611440196827961E-30 ) ) ;
#4931 = VERTEX_POINT ( 'NONE', #2379 ) ;
#4932 = CARTESIAN_POINT ( 'NONE',  ( -72.50000000000000000, 8.878689293818309285E-15, -6.035533905932755516 ) ) ;
#4933 = CARTESIAN_POINT ( 'NONE',  ( -26.29223152596096469, 133.8517604459834729, -3.572450661322472243 ) ) ;
#4934 = CIRCLE ( 'NONE', #822, 2.500000000000002220 ) ;
#4935 = DIRECTION ( 'NONE',  ( -8.881784197001250351E-16, -1.000000000000000000, 0.000000000000000000 ) ) ;
#4936 = CARTESIAN_POINT ( 'NONE',  ( -2.141733552309683652, 136.2306432220024703, -4.118422555207334135 ) ) ;
#4937 = DIRECTION ( 'NONE',  ( -1.579692751415678795E-30, 3.581290393448284280E-30, 1.000000000000000000 ) ) ;
#4938 = ORIENTED_EDGE ( 'NONE', *, *, #1154, .T. ) ;
#4939 = DIRECTION ( 'NONE',  ( -0.5100290538000108453, 0.1439345685724616741, 0.8480290114434322346 ) ) ;
#4940 = EDGE_LOOP ( 'NONE', ( #1773, #448, #2135, #2528, #2967, #4628, #4427, #1309, #4201, #3779, #685, #5123, #4644, #1419 ) ) ;
#4941 = CARTESIAN_POINT ( 'NONE',  ( -27.52650050692698969, 133.8330678283332418, -3.823828959838665664 ) ) ;
#4942 = CARTESIAN_POINT ( 'NONE',  ( -5.636001650081139402, 136.2931058362979115, -3.572450661324279686 ) ) ;
#4943 = DIRECTION ( 'NONE',  ( -1.579692751415678445E-30, 3.581290393448283579E-30, 1.000000000000000000 ) ) ;
#4944 = ORIENTED_EDGE ( 'NONE', *, *, #1880, .T. ) ;
#4945 = CARTESIAN_POINT ( 'NONE',  ( -159.5239168776901408, 71.95220597035097398, 0.000000000000000000 ) ) ;
#4946 = CARTESIAN_POINT ( 'NONE',  ( 0.000000000000000000, 0.000000000000000000, -6.035533905932755516 ) ) ;
#4947 = EDGE_CURVE ( 'NONE', #2189, #4456, #334, .T. ) ;
#4948 = ORIENTED_EDGE ( 'NONE', *, *, #368, .T. ) ;
#4949 = LINE ( 'NONE', #825, #4295 ) ;
#4950 = EDGE_CURVE ( 'NONE', #2372, #1294, #2775, .T. ) ;
#4951 = FACE_OUTER_BOUND ( 'NONE', #2791, .T. ) ;
#4952 = AXIS2_PLACEMENT_3D ( 'NONE', #2671, #324, #268 ) ;
#4953 = DIRECTION ( 'NONE',  ( -0.6123331644040567179, 0.7905998328933004915, 1.054139223969835959E-15 ) ) ;
#4954 = CARTESIAN_POINT ( 'NONE',  ( 65.25494675978667658, 26.01124074955306043, -0.3489760767526115526 ) ) ;
#4955 = ORIENTED_EDGE ( 'NONE', *, *, #2491, .T. ) ;
#4956 = LINE ( 'NONE', #2910, #1261 ) ;
#4957 = CARTESIAN_POINT ( 'NONE',  ( -29.98079078692903465, 132.4837756021356938, -2.819515188887179225 ) ) ;
#4958 = EDGE_CURVE ( 'NONE', #2044, #3630, #4968, .T. ) ;
#4959 = DIRECTION ( 'NONE',  ( 1.000000000000000000, 0.000000000000000000, 0.000000000000000000 ) ) ;
#4960 = CARTESIAN_POINT ( 'NONE',  ( -48.52404058627524108, -49.05524931321311755, -3.125000000000000000 ) ) ;
#4961 = CIRCLE ( 'NONE', #1527, 3.250000000000002665 ) ;
#4962 = DIRECTION ( 'NONE',  ( -0.9318477194401660890, -0.3628495938734966342, -1.725633230170962886E-31 ) ) ;
#4963 = VERTEX_POINT ( 'NONE', #2831 ) ;
#4964 = EDGE_CURVE ( 'NONE', #649, #3282, #2856, .T. ) ;
#4965 = ORIENTED_EDGE ( 'NONE', *, *, #2389, .F. ) ;
#4966 = CARTESIAN_POINT ( 'NONE',  ( -26.62565080989740096, 134.1451862185942048, -4.144948565951072972 ) ) ;
#4967 = CARTESIAN_POINT ( 'NONE',  ( 5.741017420750577749, 133.7895073226688396, -4.607942696831727858 ) ) ;
#4968 = CIRCLE ( 'NONE', #2227, 70.73223304703357428 ) ;
#4969 = CARTESIAN_POINT ( 'NONE',  ( -159.5239168776901408, 71.95220597035097398, -307.0258184027516677 ) ) ;
#4970 = ORIENTED_EDGE ( 'NONE', *, *, #1521, .F. ) ;
#4971 = CARTESIAN_POINT ( 'NONE',  ( -59.53784972471635228, 86.89519779516678000, -4.267766952966385752 ) ) ;
#4972 = CARTESIAN_POINT ( 'NONE',  ( 22.73908980894260878, 118.9565708611430352, -1.016704764005539330 ) ) ;
#4973 = ORIENTED_EDGE ( 'NONE', *, *, #2481, .T. ) ;
#4974 = CIRCLE ( 'NONE', #4556, 2.875000000000002665 ) ;
#4975 = CARTESIAN_POINT ( 'NONE',  ( -65.75195889190078447, 7.740788198854682278, -0.2441880995655392461 ) ) ;
#4976 = CARTESIAN_POINT ( 'NONE',  ( 17.68264096527592955, 120.8292443357416630, 0.000000000000000000 ) ) ;
#4977 = ORIENTED_EDGE ( 'NONE', *, *, #4192, .T. ) ;
#4978 = ORIENTED_EDGE ( 'NONE', *, *, #3306, .T. ) ;
#4979 = CARTESIAN_POINT ( 'NONE',  ( 16.98908980894260878, 118.9565708611430352, -3.125000000000000000 ) ) ;
#4980 = CIRCLE ( 'NONE', #3852, 43.96446609406727646 ) ;
#4981 = DIRECTION ( 'NONE',  ( -1.579692751415678795E-30, 3.581290393448284280E-30, 1.000000000000000000 ) ) ;
#4982 = EDGE_CURVE ( 'NONE', #4287, #349, #1536, .T. ) ;
#4983 = DIRECTION ( 'NONE',  ( 1.000000000000000000, 0.000000000000000000, 0.000000000000000000 ) ) ;
#4984 = EDGE_CURVE ( 'NONE', #1177, #2081, #3326, .T. ) ;
#4985 = DIRECTION ( 'NONE',  ( 0.000000000000000000, -1.000000000000000000, 0.000000000000000000 ) ) ;
#4986 = VECTOR ( 'NONE', #3104, 1000.000000000000000 ) ;
#4987 = ORIENTED_EDGE ( 'NONE', *, *, #1464, .T. ) ;
#4988 = DIRECTION ( 'NONE',  ( 0.7905998328933016017, 0.6123331644040551636, 0.000000000000000000 ) ) ;
#4989 = VERTEX_POINT ( 'NONE', #1242 ) ;
#4990 = DIRECTION ( 'NONE',  ( 0.000000000000000000, 0.000000000000000000, 1.000000000000000000 ) ) ;
#4991 = CARTESIAN_POINT ( 'NONE',  ( -51.36683059453121558, -48.62609902606418899, -0.7322330470336022579 ) ) ;
#4992 = CARTESIAN_POINT ( 'NONE',  ( 0.000000000000000000, 0.000000000000000000, -6.035533905932719101 ) ) ;
#4993 = CARTESIAN_POINT ( 'NONE',  ( -49.72979813570562158, 110.0115989610878415, -0.7322330470336095853 ) ) ;
#4994 = ORIENTED_EDGE ( 'NONE', *, *, #4540, .F. ) ;
#4995 = DIRECTION ( 'NONE',  ( -0.000000000000000000, -0.000000000000000000, 1.000000000000000000 ) ) ;
#4996 = AXIS2_PLACEMENT_3D ( 'NONE', #4731, #309, #4839 ) ;
#4997 = LINE ( 'NONE', #4139, #2949 ) ;
#4998 = EDGE_LOOP ( 'NONE', ( #1837, #1109, #155, #1191 ) ) ;
#4999 = AXIS2_PLACEMENT_3D ( 'NONE', #2966, #2222, #3737 ) ;
#5000 = AXIS2_PLACEMENT_3D ( 'NONE', #217, #699, #3070 ) ;
#5001 = CARTESIAN_POINT ( 'NONE',  ( 64.27551053353587918, 25.93019793099419701, -0.01785418264126911042 ) ) ;
#5002 = VERTEX_POINT ( 'NONE', #2453 ) ;
#5003 = ORIENTED_EDGE ( 'NONE', *, *, #4758, .F. ) ;
#5004 = CYLINDRICAL_SURFACE ( 'NONE', #4377, 2.500000000000009326 ) ;
#5005 = VECTOR ( 'NONE', #3715, 1000.000000000000000 ) ;
#5006 = DIRECTION ( 'NONE',  ( 0.000000000000000000, -0.000000000000000000, -1.000000000000000000 ) ) ;
#5007 = DIRECTION ( 'NONE',  ( 1.560292508376632279E-30, 5.918289032593632934E-30, 1.000000000000000000 ) ) ;
#5008 = AXIS2_PLACEMENT_3D ( 'NONE', #4288, #4258, #591 ) ;
#5009 = DIRECTION ( 'NONE',  ( -0.000000000000000000, 0.000000000000000000, 1.000000000000000000 ) ) ;
#5010 = ORIENTED_EDGE ( 'NONE', *, *, #4982, .F. ) ;
#5011 = LINE ( 'NONE', #3412, #3375 ) ;
#5012 = EDGE_LOOP ( 'NONE', ( #3234, #3856, #4670, #2593 ) ) ;
#5013 = EDGE_CURVE ( 'NONE', #235, #3013, #864, .T. ) ;
#5014 = CARTESIAN_POINT ( 'NONE',  ( -30.15796213692920347, 132.4048425329210659, -2.818338541194946867 ) ) ;
#5015 = CARTESIAN_POINT ( 'NONE',  ( -51.02792977620589454, -47.63330882671090905, -0.1399553813515653777 ) ) ;
#5016 = EDGE_CURVE ( 'NONE', #1907, #4771, #1272, .T. ) ;
#5017 = CARTESIAN_POINT ( 'NONE',  ( -45.96234985205912693, 113.7157887593783130, -0.08866114482557781173 ) ) ;
#5018 = DIRECTION ( 'NONE',  ( -0.6192244393400867519, -0.7852140432544206794, 0.000000000000000000 ) ) ;
#5019 = EDGE_LOOP ( 'NONE', ( #5045, #97, #4533, #1729 ) ) ;
#5020 = EDGE_CURVE ( 'NONE', #2438, #3542, #3158, .T. ) ;
#5021 = CARTESIAN_POINT ( 'NONE',  ( -22.91988099442415461, 77.62864332946043078, 259.6142809027516023 ) ) ;
#5022 = EDGE_CURVE ( 'NONE', #5082, #4744, #1909, .T. ) ;
#5023 = CARTESIAN_POINT ( 'NONE',  ( 14.33081293297623660, 77.54103836722144649, 8.673617379883779881E-15 ) ) ;
#5024 = ORIENTED_EDGE ( 'NONE', *, *, #1520, .T. ) ;
#5025 = DIRECTION ( 'NONE',  ( 0.000000000000000000, 0.4874143730308020950, -0.8731707902598380144 ) ) ;
#5026 = EDGE_CURVE ( 'NONE', #193, #3458, #807, .T. ) ;
#5027 = CARTESIAN_POINT ( 'NONE',  ( -65.76452744345145618, 6.857462423542949992, -0.2875661644143820972 ) ) ;
#5028 = ORIENTED_EDGE ( 'NONE', *, *, #57, .T. ) ;
#5029 = ORIENTED_EDGE ( 'NONE', *, *, #469, .T. ) ;
#5030 = DIRECTION ( 'NONE',  ( 1.000000000000000000, 0.000000000000000000, 0.000000000000000000 ) ) ;
#5031 = FACE_OUTER_BOUND ( 'NONE', #3585, .T. ) ;
#5032 = VECTOR ( 'NONE', #5061, 1000.000000000000227 ) ;
#5033 = CARTESIAN_POINT ( 'NONE',  ( 58.62294662508192999, -38.89162168676735121, -3.125000000000000000 ) ) ;
#5034 = VERTEX_POINT ( 'NONE', #55 ) ;
#5035 = AXIS2_PLACEMENT_3D ( 'NONE', #2786, #2811, #2016 ) ;
#5036 = CARTESIAN_POINT ( 'NONE',  ( 66.50121810080187856, 20.68392871173093894, -0.08804971234905535626 ) ) ;
#5037 = LINE ( 'NONE', #2643, #3223 ) ;
#5038 = EDGE_LOOP ( 'NONE', ( #3921, #1318, #4987, #5253, #4365, #4401, #4283 ) ) ;
#5039 = CARTESIAN_POINT ( 'NONE',  ( -30.55882385202886908, 132.5944823504356691, -4.062001939808503437 ) ) ;
#5040 = CARTESIAN_POINT ( 'NONE',  ( -0.2473546659499125389, 135.5397081332094160, -2.831109466108109096 ) ) ;
#5041 = EDGE_CURVE ( 'NONE', #1894, #1907, #1463, .T. ) ;
#5042 = B_SPLINE_CURVE_WITH_KNOTS ( 'NONE', 3,
 ( #538, #3787, #964, #4228, #2194, #3809, #673, #4342, #3866, #2297, #240, #265, #5138, #3126, #5195, #3575, #3895, #1875, #1930, #1958, #1042, #2322, #644, #1126 ),
 .UNSPECIFIED., .F., .F.,
 ( 4, 2, 2, 2, 2, 2, 2, 2, 2, 2, 2, 4 ),
 ( 3.193714225605011337E-07, 0.0007433271816931346114, 0.001486334991963708836, 0.001857838897098988522, 0.002229342802234268641, 0.002600846707369548327, 0.002972350612504828012, 0.003343854517640108132, 0.003715358422775387384, 0.004458366233045952393, 0.005201374043316516968, 0.005944381853587082411 ),
 .UNSPECIFIED. ) ;
#5043 = FACE_OUTER_BOUND ( 'NONE', #1727, .T. ) ;
#5044 = CARTESIAN_POINT ( 'NONE',  ( 61.12848248725807565, -37.81487033727761826, -1.879190982834050727 ) ) ;
#5045 = ORIENTED_EDGE ( 'NONE', *, *, #4503, .F. ) ;
#5046 = DIRECTION ( 'NONE',  ( -0.2588678930593973360, 0.4624221120288939946, 0.8480290114434324567 ) ) ;
#5047 = EDGE_CURVE ( 'NONE', #4744, #1486, #1632, .T. ) ;
#5048 = EDGE_CURVE ( 'NONE', #2635, #2014, #606, .T. ) ;
#5049 = PRODUCT_DEFINITION_FORMATION_WITH_SPECIFIED_SOURCE ( 'Symmetric', '', #4608, .NOT_KNOWN. ) ;
#5050 = CARTESIAN_POINT ( 'NONE',  ( 35.04295445874264914, 93.07304502670201884, -0.7322330470336205765 ) ) ;
#5051 = EDGE_LOOP ( 'NONE', ( #4545, #613, #2806, #1383 ) ) ;
#5052 = EDGE_CURVE ( 'NONE', #5217, #4008, #1204, .T. ) ;
#5053 = CARTESIAN_POINT ( 'NONE',  ( -65.88892382597843778, 6.384446614340448356, -0.2489789213332996021 ) ) ;
#5054 = VERTEX_POINT ( 'NONE', #78 ) ;
#5055 = VERTEX_POINT ( 'NONE', #4196 ) ;
#5056 = LINE ( 'NONE', #4253, #3 ) ;
#5057 = DIRECTION ( 'NONE',  ( 1.000000000000000000, 0.000000000000000000, 0.000000000000000000 ) ) ;
#5058 = DIRECTION ( 'NONE',  ( -0.000000000000000000, 0.000000000000000000, 1.000000000000000000 ) ) ;
#5059 = EDGE_LOOP ( 'NONE', ( #354, #2516 ) ) ;
#5060 = DIRECTION ( 'NONE',  ( -0.000000000000000000, 0.000000000000000000, 1.000000000000000000 ) ) ;
#5061 = DIRECTION ( 'NONE',  ( -0.7852140432544196802, 0.6192244393400879732, -1.161597280638819638E-16 ) ) ;
#5062 = VERTEX_POINT ( 'NONE', #2936 ) ;
#5063 = AXIS2_PLACEMENT_3D ( 'NONE', #2849, #1233, #779 ) ;
#5064 = DIRECTION ( 'NONE',  ( 0.8779561337853187819, 0.000000000000000000, -0.4787410857120324992 ) ) ;
#5065 = DIRECTION ( 'NONE',  ( -0.9930879748019211251, -0.1173723745342956648, -1.524659305057705112E-15 ) ) ;
#5066 = CIRCLE ( 'NONE', #1136, 74.99999999999998579 ) ;
#5067 = EDGE_CURVE ( 'NONE', #4296, #1809, #2988, .T. ) ;
#5068 = LINE ( 'NONE', #3372, #5071 ) ;
#5069 = DIRECTION ( 'NONE',  ( -0.000000000000000000, -0.000000000000000000, -1.000000000000000000 ) ) ;
#5070 = ORIENTED_EDGE ( 'NONE', *, *, #2498, .F. ) ;
#5071 = VECTOR ( 'NONE', #3346, 1000.000000000000114 ) ;
#5072 = CARTESIAN_POINT ( 'NONE',  ( 62.12792490842915072, 23.69164071179367426, -0.1208463234146410770 ) ) ;
#5073 = DIRECTION ( 'NONE',  ( -0.6192244393400889724, -0.7852140432544189030, 4.336808689941997226E-15 ) ) ;
#5074 = DIRECTION ( 'NONE',  ( -5.657338475244857780E-60, -1.000000000000000000, 3.581290393448283579E-30 ) ) ;
#5075 = ORIENTED_EDGE ( 'NONE', *, *, #744, .T. ) ;
#5076 = EDGE_CURVE ( 'NONE', #4777, #241, #4280, .T. ) ;
#5077 = CARTESIAN_POINT ( 'NONE',  ( 13.55565085604708564, 1.602132912393222419, 10.00000000000000000 ) ) ;
#5078 = AXIS2_PLACEMENT_3D ( 'NONE', #4294, #974, #5098 ) ;
#5079 = EDGE_CURVE ( 'NONE', #2014, #4853, #860, .T. ) ;
#5080 = AXIS2_PLACEMENT_3D ( 'NONE', #2668, #3920, #4717 ) ;
#5081 = CARTESIAN_POINT ( 'NONE',  ( 1.374306293872960216, 75.39267570511782424, 10.00000000000000000 ) ) ;
#5082 = VERTEX_POINT ( 'NONE', #3755 ) ;
#5083 = EDGE_LOOP ( 'NONE', ( #3429, #234, #4107, #45 ) ) ;
#5084 = DIRECTION ( 'NONE',  ( -0.000000000000000000, -0.000000000000000000, 1.000000000000000000 ) ) ;
#5085 = EDGE_CURVE ( 'NONE', #436, #3460, #1977, .T. ) ;
#5086 = AXIS2_PLACEMENT_3D ( 'NONE', #4371, #4694, #2724 ) ;
#5087 = CARTESIAN_POINT ( 'NONE',  ( 22.36408980896267806, 118.9565708611436179, -10.00000000000000888 ) ) ;
#5088 = CARTESIAN_POINT ( 'NONE',  ( -22.73195098049206919, 135.0705520253424652, -4.945081318849760876 ) ) ;
#5089 = ORIENTED_EDGE ( 'NONE', *, *, #1220, .F. ) ;
#5090 = CARTESIAN_POINT ( 'NONE',  ( 54.52329536954530198, 42.22922975481639440, -2.500000000000016875 ) ) ;
#5091 = LINE ( 'NONE', #1428, #2461 ) ;
#5092 = VECTOR ( 'NONE', #3308, 1000.000000000000000 ) ;
#5093 = ORIENTED_EDGE ( 'NONE', *, *, #474, .T. ) ;
#5094 = CARTESIAN_POINT ( 'NONE',  ( 58.62294662508192999, -36.39162168676735121, -10.00000000000000888 ) ) ;
#5095 = CARTESIAN_POINT ( 'NONE',  ( -62.86561003831003802, 28.35511696591778019, -2.499999999999981792 ) ) ;
#5096 = AXIS2_PLACEMENT_3D ( 'NONE', #1059, #2684, #689 ) ;
#5097 = FACE_OUTER_BOUND ( 'NONE', #2160, .T. ) ;
#5098 = DIRECTION ( 'NONE',  ( 1.054711873393898398E-14, -1.000000000000000000, -1.214306433183764720E-16 ) ) ;
#5099 = EDGE_LOOP ( 'NONE', ( #4352, #783, #690, #3229 ) ) ;
#5100 = CARTESIAN_POINT ( 'NONE',  ( -25.03366992631588062, 123.2030673858477599, 10.00000000000000000 ) ) ;
#5101 = CARTESIAN_POINT ( 'NONE',  ( -65.73218274390985982, 7.352174912480811564, -0.2768252743395845927 ) ) ;
#5102 = CARTESIAN_POINT ( 'NONE',  ( -10.27008277174995499, 86.89519779516678000, -2.499999999999991118 ) ) ;
#5103 = ORIENTED_EDGE ( 'NONE', *, *, #5110, .T. ) ;
#5104 = ORIENTED_EDGE ( 'NONE', *, *, #1846, .F. ) ;
#5105 = CARTESIAN_POINT ( 'NONE',  ( -45.64904058627347183, -48.85006793400695102, -0.03199912530598715554 ) ) ;
#5106 = ORIENTED_EDGE ( 'NONE', *, *, #5079, .T. ) ;
#5107 = ORIENTED_EDGE ( 'NONE', *, *, #3109, .T. ) ;
#5108 = CARTESIAN_POINT ( 'NONE',  ( 19.66549659292997632, 121.8480928051669991, -1.019469497588241902 ) ) ;
#5109 = DIRECTION ( 'NONE',  ( 1.000000000000000000, 0.000000000000000000, 0.000000000000000000 ) ) ;
#5110 = EDGE_CURVE ( 'NONE', #4713, #4180, #4665, .T. ) ;
#5111 = CARTESIAN_POINT ( 'NONE',  ( 61.25000000000000000, 0.000000000000000000, -10.00000000000000000 ) ) ;
#5112 = CARTESIAN_POINT ( 'NONE',  ( -37.65337621035401838, 117.0898619008558654, 8.673617379883555845E-15 ) ) ;
#5113 = ORIENTED_EDGE ( 'NONE', *, *, #3506, .T. ) ;
#5114 = CARTESIAN_POINT ( 'NONE',  ( 55.82459688707097456, -37.07293677889605021, -0.01198293030013284841 ) ) ;
#5115 = ORIENTED_EDGE ( 'NONE', *, *, #4635, .F. ) ;
#5116 = ADVANCED_FACE ( 'NONE', ( #1769 ), #3382, .F. ) ;
#5117 = CARTESIAN_POINT ( 'NONE',  ( -48.52404058627475791, -49.05524931321377835, -10.00000000000000888 ) ) ;
#5118 = CIRCLE ( 'NONE', #2381, 2.500000000000002220 ) ;
#5119 = FACE_OUTER_BOUND ( 'NONE', #3694, .T. ) ;
#5120 = DIRECTION ( 'NONE',  ( -0.1173723745342944713, 0.9930879748019211251, 1.734723475976819420E-18 ) ) ;
#5121 = AXIS2_PLACEMENT_3D ( 'NONE', #356, #1253, #3611 ) ;
#5122 = CARTESIAN_POINT ( 'NONE',  ( -48.06396510756266593, -51.89319849420409980, -0.7322330470335940422 ) ) ;
#5123 = ORIENTED_EDGE ( 'NONE', *, *, #1686, .T. ) ;
#5124 = DIRECTION ( 'NONE',  ( -5.422707424026065345E-30, 2.838115920540687427E-30, 1.000000000000000000 ) ) ;
#5125 = VECTOR ( 'NONE', #3156, 1000.000000000000000 ) ;
#5126 = DIRECTION ( 'NONE',  ( -0.9930879748019211251, -0.1173723745342948321, 1.031493019940561849E-17 ) ) ;
#5127 = ADVANCED_FACE ( 'NONE', ( #4690 ), #5004, .F. ) ;
#5128 = CARTESIAN_POINT ( 'NONE',  ( 9.828703756733215613, -66.21638262650778017, -0.01945388905776453473 ) ) ;
#5129 = VERTEX_POINT ( 'NONE', #2963 ) ;
#5130 = CARTESIAN_POINT ( 'NONE',  ( 55.87592410888691319, -35.52531804622753242, -0.2415139446717285976 ) ) ;
#5131 = ORIENTED_EDGE ( 'NONE', *, *, #2821, .T. ) ;
#5132 = AXIS2_PLACEMENT_3D ( 'NONE', #1697, #3228, #1296 ) ;
#5133 = CARTESIAN_POINT ( 'NONE',  ( -71.11830438131829624, 5.938225989802671023, -1.365582976444850605 ) ) ;
#5134 = ORIENTED_EDGE ( 'NONE', *, *, #431, .F. ) ;
#5135 = ORIENTED_EDGE ( 'NONE', *, *, #292, .F. ) ;
#5136 = LINE ( 'NONE', #3171, #947 ) ;
#5137 = LINE ( 'NONE', #1874, #4213 ) ;
#5138 = CARTESIAN_POINT ( 'NONE',  ( 8.310766408740347444, -71.39293359998268329, -1.874921502305207710 ) ) ;
#5139 = ORIENTED_EDGE ( 'NONE', *, *, #720, .F. ) ;
#5140 = DIRECTION ( 'NONE',  ( 0.000000000000000000, -0.000000000000000000, -1.000000000000000000 ) ) ;
#5141 = CARTESIAN_POINT ( 'NONE',  ( -65.73218274390985982, 7.352174912480811564, -0.2768252743395845927 ) ) ;
#5142 = EDGE_LOOP ( 'NONE', ( #3867, #1865, #723, #634 ) ) ;
#5143 = CARTESIAN_POINT ( 'NONE',  ( -33.90562737682795813, 130.5408493650312494, -3.307496551484705005 ) ) ;
#5144 = CARTESIAN_POINT ( 'NONE',  ( -45.64904058627524108, -49.05524931321311755, -3.125000000000000000 ) ) ;
#5145 = EDGE_CURVE ( 'NONE', #719, #1374, #1117, .T. ) ;
#5146 = ADVANCED_FACE ( 'NONE', ( #4640 ), #2583, .F. ) ;
#5147 = CARTESIAN_POINT ( 'NONE',  ( 62.85798699629737030, 21.20520497876142940, -0.1845093365753732451 ) ) ;
#5148 = CARTESIAN_POINT ( 'NONE',  ( -68.60718274390987403, 7.352174912480746727, -3.125000000000000000 ) ) ;
#5149 = AXIS2_PLACEMENT_3D ( 'NONE', #113, #2921, #945 ) ;
#5150 = ORIENTED_EDGE ( 'NONE', *, *, #3892, .F. ) ;
#5151 = CARTESIAN_POINT ( 'NONE',  ( -34.66331092501020095, 57.39425870920933903, -0.009253854180204150806 ) ) ;
#5152 = CIRCLE ( 'NONE', #1565, 100.0000000000000284 ) ;
#5153 = CARTESIAN_POINT ( 'NONE',  ( -14.50992256910314993, 64.67323158631789681, -0.2091059106507419940 ) ) ;
#5154 = CARTESIAN_POINT ( 'NONE',  ( 3.437022583294972122, 72.19763389503657436, 6.584936490538891185 ) ) ;
#5155 = EDGE_LOOP ( 'NONE', ( #86, #3043, #364, #3558, #3046, #925, #2748 ) ) ;
#5156 = CARTESIAN_POINT ( 'NONE',  ( 56.00213847717922278, -35.19664078567272014, -0.2755650824048971881 ) ) ;
#5157 = CIRCLE ( 'NONE', #1488, 1.250000000000001332 ) ;
#5158 = VERTEX_POINT ( 'NONE', #4223 ) ;
#5159 = CARTESIAN_POINT ( 'NONE',  ( -45.67135765681235426, -48.64396435947453767, -0.06097949428701307517 ) ) ;
#5160 = EDGE_LOOP ( 'NONE', ( #4191, #3302, #3610, #489, #1336 ) ) ;
#5161 = ORIENTED_EDGE ( 'NONE', *, *, #3623, .T. ) ;
#5162 = AXIS2_PLACEMENT_3D ( 'NONE', #5164, #2296, #3865 ) ;
#5163 = CIRCLE ( 'NONE', #1923, 67.28553390593272354 ) ;
#5164 = CARTESIAN_POINT ( 'NONE',  ( 19.86408980894260878, 118.9565708611430352, 0.000000000000000000 ) ) ;
#5165 = DIRECTION ( 'NONE',  ( 0.000000000000000000, 1.000000000000000000, 0.000000000000000000 ) ) ;
#5166 = ORIENTED_EDGE ( 'NONE', *, *, #4218, .T. ) ;
#5167 = FACE_OUTER_BOUND ( 'NONE', #227, .T. ) ;
#5168 = DIRECTION ( 'NONE',  ( 0.4965439874009573984, 0.05868618726714642381, -0.8660254037844404840 ) ) ;
#5169 = ORIENTED_EDGE ( 'NONE', *, *, #3623, .F. ) ;
#5170 = AXIS2_PLACEMENT_3D ( 'NONE', #1214, #4937, #4962 ) ;
#5171 = CARTESIAN_POINT ( 'NONE',  ( -18.93873938021163639, 72.99189101606100394, 10.00000000000000000 ) ) ;
#5172 =( BOUNDED_SURFACE ( )  B_SPLINE_SURFACE ( 3, 2, ( 
 ( #840, #4966, #63 ),
 ( #3717, #4941, #1306 ),
 ( #87, #2946, #544 ),
 ( #4596, #1754, #2174 ),
 ( #2542, #518, #3390 ),
 ( #2145, #3367, #5014 ),
 ( #5039, #4347, #2646 ),
 ( #4747, #3927, #3901 ),
 ( #2999, #3477, #2700 ),
 ( #4291, #2199, #624 ),
 ( #3871, #2252, #594 ),
 ( #1048, #3504, #5143 ),
 ( #4676, #222, #1855 ),
 ( #4649, #650, #3815 ),
 ( #4722, #1881, #2594 ),
 ( #1481, #3102, #2621 ) ),
 .UNSPECIFIED., .F., .F., .T. ) 
 B_SPLINE_SURFACE_WITH_KNOTS ( ( 4, 2, 2, 2, 2, 2, 2, 4 ),
 ( 3, 3 ),
 ( 0.000000000000000000, 0.002716480318773730352, 0.003395600398467163265, 0.004074720478160595745, 0.005432960637547460704, 0.006791200796934326531, 0.008149440956321191490, 0.01086592127509492141 ),
 ( 0.000000000000000000, 1.000000000000000000 ),
 .UNSPECIFIED. ) 
 GEOMETRIC_REPRESENTATION_ITEM ( )  RATIONAL_B_SPLINE_SURFACE ( (
 ( 1.000000000000000000, 0.9604719527204522711, 1.000000000000000000),
 ( 1.000000000000000000, 0.9627226111774609407, 1.000000000000000000),
 ( 1.000000000000000000, 0.9644383243737522093, 1.000000000000000000),
 ( 1.000000000000000000, 0.9655155480906852938, 1.000000000000000000),
 ( 1.000000000000000000, 0.9656778487118673482, 1.000000000000000000),
 ( 1.000000000000000000, 0.9658881924095095162, 1.000000000000000000),
 ( 1.000000000000000000, 0.9659355148516973744, 1.000000000000000000),
 ( 1.000000000000000000, 0.9659014547755233604, 1.000000000000000000),
 ( 1.000000000000000000, 0.9656454497431994355, 1.000000000000000000),
 ( 1.000000000000000000, 0.9647112360653247176, 1.000000000000000000),
 ( 1.000000000000000000, 0.9640334110642357901, 1.000000000000000000),
 ( 1.000000000000000000, 0.9623241575433753026, 1.000000000000000000),
 ( 1.000000000000000000, 0.9612920663780931685, 1.000000000000000000),
 ( 1.000000000000000000, 0.9578831155192429891, 1.000000000000000000),
 ( 1.000000000000000000, 0.9551779312072639083, 1.000000000000000000),
 ( 1.000000000000000000, 0.9523525423471436158, 1.000000000000000000) ) ) 
 REPRESENTATION_ITEM ( '' )  SURFACE ( )  );
#5173 = CARTESIAN_POINT ( 'NONE',  ( 16.98908980894260878, 118.9565708611430352, -3.125000000000000000 ) ) ;
#5174 = VECTOR ( 'NONE', #2828, 1000.000000000000000 ) ;
#5175 = CARTESIAN_POINT ( 'NONE',  ( -23.98195292067623896, 76.75998200718395026, 10.00000000000000000 ) ) ;
#5176 = ORIENTED_EDGE ( 'NONE', *, *, #4414, .T. ) ;
#5177 = EDGE_CURVE ( 'NONE', #2523, #4303, #558, .T. ) ;
#5178 = ORIENTED_EDGE ( 'NONE', *, *, #1947, .F. ) ;
#5179 = ADVANCED_FACE ( 'NONE', ( #3806 ), #1794, .F. ) ;
#5180 = CARTESIAN_POINT ( 'NONE',  ( 0.7192908540640522430, 121.6251006358360058, 10.00000000000000000 ) ) ;
#5181 =( BOUNDED_SURFACE ( )  B_SPLINE_SURFACE ( 3, 2, ( 
 ( #1991, #4014, #4831 ),
 ( #2038, #3288, #1187 ),
 ( #2409, #2383, #2017 ),
 ( #4511, #3633, #4936 ),
 ( #2886, #1591, #789 ),
 ( #5279, #5228, #1614 ),
 ( #4908, #1563, #3232 ),
 ( #3182, #432, #4883 ),
 ( #3607, #1275, #1246 ),
 ( #2457, #4539, #2859 ),
 ( #5255, #2483, #2435 ),
 ( #4096, #862, #1162 ),
 ( #1640, #4042, #3208 ),
 ( #2812, #811, #4123 ),
 ( #2788, #459, #4070 ),
 ( #4458, #404, #3657 ) ),
 .UNSPECIFIED., .F., .F., .T. ) 
 B_SPLINE_SURFACE_WITH_KNOTS ( ( 4, 2, 2, 2, 2, 2, 2, 4 ),
 ( 3, 3 ),
 ( -6.477457459297397691E-15, 0.002716480318766613649, 0.003395600398459886100, 0.004074720478153158985, 0.005432960637539704755, 0.006791200796926249658, 0.008149440956312795428, 0.01086592127508588697 ),
 ( 0.000000000000000000, 1.000000000000000000 ),
 .UNSPECIFIED. ) 
 GEOMETRIC_REPRESENTATION_ITEM ( )  RATIONAL_B_SPLINE_SURFACE ( (
 ( 1.000000000000000000, 0.9604719527204677032, 1.000000000000000000),
 ( 1.000000000000000000, 0.9627226111775235573, 1.000000000000000000),
 ( 1.000000000000000000, 0.9644383243736505129, 1.000000000000000000),
 ( 1.000000000000000000, 0.9655155480907094967, 1.000000000000000000),
 ( 1.000000000000000000, 0.9656778487119053178, 1.000000000000000000),
 ( 1.000000000000000000, 0.9658881924094711025, 1.000000000000000000),
 ( 1.000000000000000000, 0.9659355148516850509, 1.000000000000000000),
 ( 1.000000000000000000, 0.9659014547755490065, 1.000000000000000000),
 ( 1.000000000000000000, 0.9656454497433009099, 1.000000000000000000),
 ( 1.000000000000000000, 0.9647112360652256857, 1.000000000000000000),
 ( 1.000000000000000000, 0.9640334110642381216, 1.000000000000000000),
 ( 1.000000000000000000, 0.9623241575433780781, 1.000000000000000000),
 ( 1.000000000000000000, 0.9612920663779461750, 1.000000000000000000),
 ( 1.000000000000000000, 0.9578831155195506319, 1.000000000000000000),
 ( 1.000000000000000000, 0.9551779312070437511, 1.000000000000000000),
 ( 1.000000000000000000, 0.9523525423471508322, 1.000000000000000000) ) ) 
 REPRESENTATION_ITEM ( '' )  SURFACE ( )  );
#5182 = VECTOR ( 'NONE', #2095, 1000.000000000000000 ) ;
#5183 = CARTESIAN_POINT ( 'NONE',  ( -18.78936032417331248, 64.28901545757355507, 4.863663183134190969E-15 ) ) ;
#5184 = AXIS2_PLACEMENT_3D ( 'NONE', #1636, #3602, #428 ) ;
#5185 = FACE_OUTER_BOUND ( 'NONE', #4603, .T. ) ;
#5186 = ORIENTED_EDGE ( 'NONE', *, *, #2740, .T. ) ;
#5187 = EDGE_CURVE ( 'NONE', #1959, #1868, #5056, .T. ) ;
#5188 = VERTEX_POINT ( 'NONE', #1819 ) ;
#5189 = ADVANCED_FACE ( 'NONE', ( #1392 ), #3015, .T. ) ;
#5190 = DIRECTION ( 'NONE',  ( 1.000000000000000000, 0.000000000000000000, 0.000000000000000000 ) ) ;
#5191 = VERTEX_POINT ( 'NONE', #584 ) ;
#5192 = ORIENTED_EDGE ( 'NONE', *, *, #5177, .F. ) ;
#5193 =( NAMED_UNIT ( * ) PLANE_ANGLE_UNIT ( ) SI_UNIT ( $, .RADIAN. ) );
#5194 = CYLINDRICAL_SURFACE ( 'NONE', #1918, 1.250000000000001332 ) ;
#5195 = CARTESIAN_POINT ( 'NONE',  ( 8.679623674709043613, -71.34149230734776381, -1.867442335066278991 ) ) ;
#5196 = ORIENTED_EDGE ( 'NONE', *, *, #3934, .F. ) ;
#5197 = EDGE_CURVE ( 'NONE', #211, #4845, #3333, .T. ) ;
#5198 = FACE_OUTER_BOUND ( 'NONE', #2346, .T. ) ;
#5199 = FACE_OUTER_BOUND ( 'NONE', #4100, .T. ) ;
#5200 = ORIENTED_EDGE ( 'NONE', *, *, #2554, .T. ) ;
#5201 = CARTESIAN_POINT ( 'NONE',  ( 65.00292490842917914, 23.14346027173075271, -3.125000000000000000 ) ) ;
#5202 = CARTESIAN_POINT ( 'NONE',  ( -54.01585029815098693, 82.51546007899324309, 8.673617379883655241E-15 ) ) ;
#5203 = CARTESIAN_POINT ( 'NONE',  ( -48.24096748016596337, -51.92189331786556750, -0.8735618530128230752 ) ) ;
#5204 = CIRCLE ( 'NONE', #3140, 2.500000000000000444 ) ;
#5205 = ORIENTED_EDGE ( 'NONE', *, *, #4892, .T. ) ;
#5206 = ADVANCED_FACE ( 'NONE', ( #5218 ), #2774, .F. ) ;
#5207 = DIRECTION ( 'NONE',  ( 0.6192244393400868629, 0.7852140432544206794, -4.633934368361216506E-17 ) ) ;
#5208 = CIRCLE ( 'NONE', #763, 2.875000000000002665 ) ;
#5209 = DIRECTION ( 'NONE',  ( 0.8820016303354150100, 0.3103888811163242334, -0.3545868956476341260 ) ) ;
#5210 = PLANE ( 'NONE',  #745 ) ;
#5211 = CARTESIAN_POINT ( 'NONE',  ( 10.15586602958075346, -66.51467099967968011, 8.239936510890087712E-15 ) ) ;
#5212 = CIRCLE ( 'NONE', #4005, 1.249999999999999778 ) ;
#5213 =( NAMED_UNIT ( * ) PLANE_ANGLE_UNIT ( ) SI_UNIT ( $, .RADIAN. ) );
#5214 = VERTEX_POINT ( 'NONE', #212 ) ;
#5215 = EDGE_CURVE ( 'NONE', #1793, #1681, #5136, .T. ) ;
#5216 = CARTESIAN_POINT ( 'NONE',  ( -49.38303494979624020, 109.3629966208487616, -0.2702298428455847112 ) ) ;
#5217 = VERTEX_POINT ( 'NONE', #642 ) ;
#5218 = FACE_OUTER_BOUND ( 'NONE', #4738, .T. ) ;
#5219 = EDGE_CURVE ( 'NONE', #3542, #172, #3861, .T. ) ;
#5220 = AXIS2_PLACEMENT_3D ( 'NONE', #5275, #483, #4038 ) ;
#5221 = DIRECTION ( 'NONE',  ( 0.4965439874009618948, 0.05868618726714739525, 0.8660254037844379305 ) ) ;
#5222 = CARTESIAN_POINT ( 'NONE',  ( 10.97369384286620964, -68.79466732002005358, -0.08458149152291760675 ) ) ;
#5223 = VERTEX_POINT ( 'NONE', #1551 ) ;
#5224 = CARTESIAN_POINT ( 'NONE',  ( 0.7192908540640536863, 121.6251006358359916, 10.00000000000000000 ) ) ;
#5225 = SPHERICAL_SURFACE ( 'NONE', #70, 1.250000000000000000 ) ;
#5226 = ORIENTED_EDGE ( 'NONE', *, *, #4855, .F. ) ;
#5227 = FACE_OUTER_BOUND ( 'NONE', #4260, .T. ) ;
#5228 = CARTESIAN_POINT ( 'NONE',  ( -1.457933880417222827, 136.1132019138316309, -3.398414905111616591 ) ) ;
#5229 = CARTESIAN_POINT ( 'NONE',  ( 3.325530954114580773, 66.90275902084464121, 4.142681352030479309E-15 ) ) ;
#5230 = VERTEX_POINT ( 'NONE', #1845 ) ;
#5231 = ORIENTED_EDGE ( 'NONE', *, *, #863, .F. ) ;
#5232 = CARTESIAN_POINT ( 'NONE',  ( -0.07135916467246644634, 135.8462332679258395, -4.096278157111442830 ) ) ;
#5233 = B_SPLINE_CURVE_WITH_KNOTS ( 'NONE', 3,
 ( #2018, #460, #4884, #1188, #1992, #1641, #4909, #4565, #3608, #3315 ),
 .UNSPECIFIED., .F., .F.,
 ( 4, 2, 2, 2, 4 ),
 ( 0.0004985952614096489247, 0.001017433734301374576, 0.001536272207193100335, 0.002055110680084825878, 0.002573949152976551420 ),
 .UNSPECIFIED. ) ;
#5234 = DIRECTION ( 'NONE',  ( 1.000000000000000000, 0.000000000000000000, 0.000000000000000000 ) ) ;
#5235 = EDGE_CURVE ( 'NONE', #3381, #3481, #2393, .T. ) ;
#5236 = AXIS2_PLACEMENT_3D ( 'NONE', #1168, #1619, #1971 ) ;
#5237 = CARTESIAN_POINT ( 'NONE',  ( 67.81660270288517722, 22.53402560254918541, -1.462271345238132181 ) ) ;
#5238 = CYLINDRICAL_SURFACE ( 'NONE', #3144, 1.249999999999999112 ) ;
#5239 = CIRCLE ( 'NONE', #4208, 43.96446609406727646 ) ;
#5240 = CARTESIAN_POINT ( 'NONE',  ( 62.12792490842917914, 23.14346027173063902, -0.2030718844521572086 ) ) ;
#5241 = FACE_OUTER_BOUND ( 'NONE', #4436, .T. ) ;
#5242 = ORIENTED_EDGE ( 'NONE', *, *, #2331, .F. ) ;
#5243 = CARTESIAN_POINT ( 'NONE',  ( -31.68560184881637198, 72.72151707036509549, -1.254816605745735503 ) ) ;
#5244 = AXIS2_PLACEMENT_3D ( 'NONE', #1771, #587, #2193 ) ;
#5245 = ADVANCED_FACE ( 'NONE', ( #698 ), #2735, .T. ) ;
#5246 = CARTESIAN_POINT ( 'NONE',  ( 58.83713631929763466, -39.25863193699260734, -0.7322330470335928210 ) ) ;
#5247 = CYLINDRICAL_SURFACE ( 'NONE', #4739, 1.250000000000001332 ) ;
#5248 = CARTESIAN_POINT ( 'NONE',  ( -33.51948983903582047, 117.5784430454954901, 7.209936490538878751 ) ) ;
#5249 = ORIENTED_EDGE ( 'NONE', *, *, #4355, .F. ) ;
#5250 = EDGE_CURVE ( 'NONE', #4079, #1959, #3748, .T. ) ;
#5251 = DIRECTION ( 'NONE',  ( 0.000000000000000000, -0.9107784042937665525, -0.4128955052699170292 ) ) ;
#5252 = CARTESIAN_POINT ( 'NONE',  ( -27.41065944042114921, 75.11466676071205484, 6.584936490538900955 ) ) ;
#5253 = ORIENTED_EDGE ( 'NONE', *, *, #736, .T. ) ;
#5254 = CARTESIAN_POINT ( 'NONE',  ( 65.00292490842842597, 20.64346027173155207, -10.00000000000000888 ) ) ;
#5255 = CARTESIAN_POINT ( 'NONE',  ( 1.550802434140400088, 135.1177292884312067, -3.069610651197250295 ) ) ;
#5256 = DIRECTION ( 'NONE',  ( -0.000000000000000000, -0.000000000000000000, -1.000000000000000000 ) ) ;
#5257 = EDGE_LOOP ( 'NONE', ( #1935, #5131, #1968, #3331, #4168, #5093, #2466 ) ) ;
#5258 = CIRCLE ( 'NONE', #2943, 104.2677669529663973 ) ;
#5259 = ORIENTED_EDGE ( 'NONE', *, *, #4271, .T. ) ;
#5260 = FACE_BOUND ( 'NONE', #2477, .T. ) ;
#5261 = DIRECTION ( 'NONE',  ( -1.579692751415678445E-30, 3.581290393448283579E-30, 1.000000000000000000 ) ) ;
#5262 = AXIS2_PLACEMENT_3D ( 'NONE', #182, #664, #5190 ) ;
#5263 = CARTESIAN_POINT ( 'NONE',  ( 10.97369384286621141, -68.52307026133264856, -0.03756168118211055534 ) ) ;
#5264 = FACE_OUTER_BOUND ( 'NONE', #4222, .T. ) ;
#5265 = CONICAL_SURFACE ( 'NONE', #4502, 13.25000000000008882, 0.5235987755982947078 ) ;
#5266 = CARTESIAN_POINT ( 'NONE',  ( -47.04819951943317591, 111.0482540923661787, -3.125000000000000000 ) ) ;
#5267 = CIRCLE ( 'NONE', #1765, 2.500000000000002220 ) ;
#5268 = CARTESIAN_POINT ( 'NONE',  ( -20.17319419367581546, 69.40715885486176262, 6.584936490538884968 ) ) ;
#5269 = ORIENTED_EDGE ( 'NONE', *, *, #771, .T. ) ;
#5270 = DIRECTION ( 'NONE',  ( 0.6234898018587313739, 0.7818314824680315800, 0.000000000000000000 ) ) ;
#5271 = DIRECTION ( 'NONE',  ( 0.1173723745342944852, -0.9930879748019212361, 0.000000000000000000 ) ) ;
#5272 = DIRECTION ( 'NONE',  ( 0.6192244393400870850, 0.7852140432544204574, 0.000000000000000000 ) ) ;
#5273 = ORIENTED_EDGE ( 'NONE', *, *, #3369, .T. ) ;
#5274 = CARTESIAN_POINT ( 'NONE',  ( -2.530586091957568066E-28, -1.016105332223470571E-28, -2.499999999999991118 ) ) ;
#5275 = CARTESIAN_POINT ( 'NONE',  ( 8.098693842866291348, -68.52307026133257750, -10.00000000000000888 ) ) ;
#5276 = ORIENTED_EDGE ( 'NONE', *, *, #3466, .F. ) ;
#5277 = DIRECTION ( 'NONE',  ( -0.000000000000000000, -0.000000000000000000, -1.000000000000000000 ) ) ;
#5278 = EDGE_CURVE ( 'NONE', #2198, #4157, #3415, .T. ) ;
#5279 = CARTESIAN_POINT ( 'NONE',  ( -1.539473100725959664, 135.7872417754779235, -2.818338541193489810 ) ) ;
#5280 = EDGE_CURVE ( 'NONE', #463, #2412, #289, .T. ) ;
#5281 = DIRECTION ( 'NONE',  ( 1.000000000000000000, 0.000000000000000000, 0.000000000000000000 ) ) ;
#5282 = ORIENTED_EDGE ( 'NONE', *, *, #1487, .T. ) ;
#5283 = ORIENTED_EDGE ( 'NONE', *, *, #4440, .T. ) ;
#5284 = FACE_BOUND ( 'NONE', #128, .T. ) ;
#5285 = DIRECTION ( 'NONE',  ( 1.000000000000000000, 0.000000000000000000, 0.000000000000000000 ) ) ;
#5286 = ADVANCED_FACE ( 'NONE', ( #3493 ), #1472, .F. ) ;
#5287 = PRODUCT_DEFINITION ( 'General', '', #5049, #2755 ) ;
#5288 = DIRECTION ( 'NONE',  ( 0.000000000000000000, 0.000000000000000000, -1.000000000000000000 ) ) ;
#5289 = ORIENTED_EDGE ( 'NONE', *, *, #2551, .F. ) ;
#5290 = CARTESIAN_POINT ( 'NONE',  ( 3.437022583294957023, 72.19763389503657436, 6.584936490538890297 ) ) ;
#5291 = B_SPLINE_CURVE_WITH_KNOTS ( 'NONE', 3,
 ( #2908, #3833, #2933, #4954, #2985, #2555, #75, #5001, #3012, #4585 ),
 .UNSPECIFIED., .F., .F.,
 ( 4, 2, 2, 2, 4 ),
 ( 3.194284694712260814E-07, 0.0005185757886046901905, 0.001036832148739909179, 0.001555088508875128277, 0.002073344869010347157 ),
 .UNSPECIFIED. ) ;
#5292 = AXIS2_PLACEMENT_3D ( 'NONE', #845, #2467, #1775 ) ;
#5293 = B_SPLINE_CURVE_WITH_KNOTS ( 'NONE', 3,
 ( #2208, #1811, #2085, #3881 ),
 .UNSPECIFIED., .F., .F.,
 ( 4, 4 ),
 ( 0.001637848040754922132, 0.002073344869010834181 ),
 .UNSPECIFIED. ) ;
#5294 = AXIS2_PLACEMENT_3D ( 'NONE', #3986, #1212, #2408 ) ;
#5295 = DIRECTION ( 'NONE',  ( -0.2843209404136932128, 0.000000000000000000, 0.9587291603170694509 ) ) ;
#5296 = ORIENTED_EDGE ( 'NONE', *, *, #2190, .T. ) ;
#5297 = FACE_OUTER_BOUND ( 'NONE', #4057, .T. ) ;
#5298 = AXIS2_PLACEMENT_3D ( 'NONE', #2990, #3757, #1724 ) ;
#5299 = DIRECTION ( 'NONE',  ( -0.000000000000000000, -0.000000000000000000, -1.000000000000000000 ) ) ;
#5300 = DIRECTION ( 'NONE',  ( -0.000000000000000000, 0.000000000000000000, 1.000000000000000000 ) ) ;
#5301 = ORIENTED_EDGE ( 'NONE', *, *, #71, .T. ) ;
#5302 = CARTESIAN_POINT ( 'NONE',  ( -29.51472414445073511, 132.6798777279061596, -2.853113700566146438 ) ) ;
#5303 = ORIENTED_EDGE ( 'NONE', *, *, #2932, .T. ) ;
ENDSEC;
END-ISO-10303-21;
