ISO-10303-21;
HEADER;
FILE_DESCRIPTION (( 'STEP AP214' ),
    '1' );
FILE_NAME ('triangular coupling.STEP',
    '2026-09-17T14:21:03',
    ( '' ),
    ( '' ),
    'SwSTEP 2.0',
    'SolidWorks 2025',
    '' );
FILE_SCHEMA (( 'AUTOMOTIVE_DESIGN' ));
ENDSEC;

DATA;
#1 = ADVANCED_FACE ( 'NONE', ( #3678 ), #176, .T. ) ;
#2 = CARTESIAN_POINT ( 'NONE',  ( 3.931223537724024109, 0.5467816736313561021, 1.000000000000000000 ) ) ;
#3 = DIRECTION ( 'NONE',  ( 1.224646799147353207E-16, 1.000000000000000000, 0.000000000000000000 ) ) ;
#4 = CARTESIAN_POINT ( 'NONE',  ( 1.621026493930216583, 2.491508158674184070, 0.000000000000000000 ) ) ;
#5 = LINE ( 'NONE', #2695, #4445 ) ;
#6 = ORIENTED_EDGE ( 'NONE', *, *, #4578, .T. ) ;
#7 = ORIENTED_EDGE ( 'NONE', *, *, #1662, .F. ) ;
#8 = VERTEX_POINT ( 'NONE', #2483 ) ;
#9 = AXIS2_PLACEMENT_3D ( 'NONE', #2338, #2264, #3826 ) ;
#10 = LINE ( 'NONE', #3547, #2584 ) ;
#11 = LINE ( 'NONE', #1522, #2151 ) ;
#12 = EDGE_CURVE ( 'NONE', #4419, #2399, #4848, .T. ) ;
#13 = ORIENTED_EDGE ( 'NONE', *, *, #3829, .F. ) ;
#14 = CIRCLE ( 'NONE', #4015, 0.1250000000000000000 ) ;
#15 = EDGE_LOOP ( 'NONE', ( #3769, #1573, #1225, #3955 ) ) ;
#16 = CIRCLE ( 'NONE', #2634, 0.3750000000000003331 ) ;
#17 = DIRECTION ( 'NONE',  ( -0.000000000000000000, 0.000000000000000000, 1.000000000000000000 ) ) ;
#18 = CIRCLE ( 'NONE', #268, 0.1250000000000000000 ) ;
#19 = DIRECTION ( 'NONE',  ( 1.000000000000000000, 1.040834085586084257E-15, 0.000000000000000000 ) ) ;
#20 = AXIS2_PLACEMENT_3D ( 'NONE', #263, #1797, #1827 ) ;
#21 = CARTESIAN_POINT ( 'NONE',  ( 3.276709006306867344, 0.3592816736313547143, 1.000000000000000000 ) ) ;
#22 = VERTEX_POINT ( 'NONE', #1736 ) ;
#23 = AXIS2_PLACEMENT_3D ( 'NONE', #4589, #3105, #669 ) ;
#24 = VECTOR ( 'NONE', #2601, 100.0000000000000142 ) ;
#25 = AXIS2_PLACEMENT_3D ( 'NONE', #3846, #813, #55 ) ;
#26 = CARTESIAN_POINT ( 'NONE',  ( 0.9644356590540720253, 2.753177506581840461, 0.8750000000000001110 ) ) ;
#27 = FACE_OUTER_BOUND ( 'NONE', #412, .T. ) ;
#28 = CARTESIAN_POINT ( 'NONE',  ( 2.003223094974169172, -0.3977976810898073978, 0.8750000000000001110 ) ) ;
#29 = VECTOR ( 'NONE', #3365, 100.0000000000000000 ) ;
#30 = EDGE_LOOP ( 'NONE', ( #4338, #1605, #2467, #392 ) ) ;
#31 = AXIS2_PLACEMENT_3D ( 'NONE', #2748, #3540, #1491 ) ;
#32 = CARTESIAN_POINT ( 'NONE',  ( 0.2809643537410173586, 1.219338597287962012, 1.000000000000000000 ) ) ;
#33 = CARTESIAN_POINT ( 'NONE',  ( 7.515833333332308186, 2.109281673631105303, 0.8750000000000001110 ) ) ;
#34 = EDGE_CURVE ( 'NONE', #3108, #1722, #4610, .T. ) ;
#35 = CARTESIAN_POINT ( 'NONE',  ( 5.459513245263181602, 2.602010842977453109, 1.000000000000000000 ) ) ;
#36 = EDGE_CURVE ( 'NONE', #3032, #4252, #4387, .T. ) ;
#37 = EDGE_LOOP ( 'NONE', ( #832, #3816, #1223, #3543 ) ) ;
#38 = VERTEX_POINT ( 'NONE', #1323 ) ;
#39 = AXIS2_PLACEMENT_3D ( 'NONE', #4752, #1278, #3674 ) ;
#40 = ORIENTED_EDGE ( 'NONE', *, *, #3151, .T. ) ;
#41 = VECTOR ( 'NONE', #895, 100.0000000000000000 ) ;
#42 = CARTESIAN_POINT ( 'NONE',  ( 2.145967754350238899, -0.09968527303516640237, 0.8750000000000001110 ) ) ;
#43 = CARTESIAN_POINT ( 'NONE',  ( 0.7445754485141858892, 2.734281673631104415, 0.8750000000000001110 ) ) ;
#44 = ORIENTED_EDGE ( 'NONE', *, *, #4267, .T. ) ;
#45 = EDGE_LOOP ( 'NONE', ( #2277, #2098, #2908, #203 ) ) ;
#46 = AXIS2_PLACEMENT_3D ( 'NONE', #4617, #4642, #388 ) ;
#47 = CARTESIAN_POINT ( 'NONE',  ( 3.276709006306867344, 0.8592816736313547699, 0.000000000000000000 ) ) ;
#48 = CIRCLE ( 'NONE', #2582, 0.2500000000000002220 ) ;
#49 = ORIENTED_EDGE ( 'NONE', *, *, #4137, .T. ) ;
#50 = CARTESIAN_POINT ( 'NONE',  ( 5.016026605412787553, -1.313693242624170754, 0.000000000000000000 ) ) ;
#51 = ORIENTED_EDGE ( 'NONE', *, *, #1402, .T. ) ;
#52 = AXIS2_PLACEMENT_3D ( 'NONE', #75, #1343, #1634 ) ;
#53 = EDGE_CURVE ( 'NONE', #1175, #1602, #838, .T. ) ;
#54 = FACE_OUTER_BOUND ( 'NONE', #814, .T. ) ;
#55 = DIRECTION ( 'NONE',  ( 0.000000000000000000, 0.000000000000000000, -1.000000000000000000 ) ) ;
#56 = FACE_OUTER_BOUND ( 'NONE', #1271, .T. ) ;
#57 = EDGE_LOOP ( 'NONE', ( #4402, #4512, #64, #4495 ) ) ;
#58 = EDGE_CURVE ( 'NONE', #1165, #3631, #4604, .T. ) ;
#59 = DIRECTION ( 'NONE',  ( 0.8488333363958276978, 0.5286605404445537948, -0.000000000000000000 ) ) ;
#60 = DIRECTION ( 'NONE',  ( -0.000000000000000000, 0.000000000000000000, 1.000000000000000000 ) ) ;
#61 = CARTESIAN_POINT ( 'NONE',  ( 6.329505302214732509, -1.280347801564878818, 0.8750000000000001110 ) ) ;
#62 = CARTESIAN_POINT ( 'NONE',  ( 6.950989254907947057, 1.641240885028175889, 0.000000000000000000 ) ) ;
#63 = ORIENTED_EDGE ( 'NONE', *, *, #2920, .T. ) ;
#64 = ORIENTED_EDGE ( 'NONE', *, *, #5023, .T. ) ;
#65 = ADVANCED_FACE ( 'NONE', ( #1300 ), #4066, .F. ) ;
#66 = DIRECTION ( 'NONE',  ( 1.000000000000000000, 0.000000000000000000, 0.000000000000000000 ) ) ;
#67 = CARTESIAN_POINT ( 'NONE',  ( 7.833333333332806347, 2.109281673631105303, 1.000000000000000000 ) ) ;
#68 = ORIENTED_EDGE ( 'NONE', *, *, #4820, .F. ) ;
#69 = ORIENTED_EDGE ( 'NONE', *, *, #1910, .T. ) ;
#70 = EDGE_CURVE ( 'NONE', #2118, #2192, #938, .T. ) ;
#71 = LINE ( 'NONE', #168, #579 ) ;
#72 = ORIENTED_EDGE ( 'NONE', *, *, #4667, .F. ) ;
#73 = CARTESIAN_POINT ( 'NONE',  ( 8.458333333333305504, 2.109281673631105303, 0.000000000000000000 ) ) ;
#74 = ORIENTED_EDGE ( 'NONE', *, *, #3555, .T. ) ;
#75 = CARTESIAN_POINT ( 'NONE',  ( -1.166666666667191876, 2.109281673631104415, 1.000000000000000000 ) ) ;
#76 = DIRECTION ( 'NONE',  ( 1.000000000000000000, 0.000000000000000000, 0.000000000000000000 ) ) ;
#77 =( LENGTH_UNIT ( ) NAMED_UNIT ( * ) SI_UNIT ( .CENTI., .METRE. ) );
#78 = CARTESIAN_POINT ( 'NONE',  ( 6.458333333332806347, 0.000000000000000000, 0.1250000000000000000 ) ) ;
#79 = DIRECTION ( 'NONE',  ( -1.156482317317869260E-16, 1.000000000000000000, 0.000000000000000000 ) ) ;
#80 = DIRECTION ( 'NONE',  ( 0.7905577474212254208, -0.6123874982331676264, 0.000000000000000000 ) ) ;
#81 = CARTESIAN_POINT ( 'NONE',  ( 7.390833333332308186, 2.109281673631105303, -3.252606517456513302E-17 ) ) ;
#82 = ORIENTED_EDGE ( 'NONE', *, *, #2767, .F. ) ;
#83 = ORIENTED_EDGE ( 'NONE', *, *, #2260, .T. ) ;
#84 = DIRECTION ( 'NONE',  ( -0.000000000000000000, 0.000000000000000000, 1.000000000000000000 ) ) ;
#85 = DIRECTION ( 'NONE',  ( -0.000000000000000000, 0.000000000000000000, 1.000000000000000000 ) ) ;
#86 = CARTESIAN_POINT ( 'NONE',  ( -0.5741009829315166790, -0.1039594678139655060, 0.8750000000000001110 ) ) ;
#87 = ORIENTED_EDGE ( 'NONE', *, *, #253, .F. ) ;
#88 = ADVANCED_FACE ( 'NONE', ( #1666 ), #1710, .T. ) ;
#89 = ORIENTED_EDGE ( 'NONE', *, *, #1877, .T. ) ;
#90 = AXIS2_PLACEMENT_3D ( 'NONE', #4734, #3531, #4386 ) ;
#91 = FACE_OUTER_BOUND ( 'NONE', #2187, .T. ) ;
#92 = ADVANCED_FACE ( 'NONE', ( #4406 ), #887, .F. ) ;
#93 = ORIENTED_EDGE ( 'NONE', *, *, #4414, .T. ) ;
#94 = CIRCLE ( 'NONE', #3939, 0.1250000000000000000 ) ;
#95 = DIRECTION ( 'NONE',  ( -0.000000000000000000, 0.000000000000000000, 1.000000000000000000 ) ) ;
#96 = ORIENTED_EDGE ( 'NONE', *, *, #4489, .T. ) ;
#97 = AXIS2_PLACEMENT_3D ( 'NONE', #2130, #544, #999 ) ;
#98 = CIRCLE ( 'NONE', #3280, 0.8750000000000001110 ) ;
#99 = DIRECTION ( 'NONE',  ( 0.000000000000000000, -1.000000000000000000, 0.000000000000000000 ) ) ;
#100 = DIRECTION ( 'NONE',  ( 1.000000000000000000, 0.000000000000000000, 0.000000000000000000 ) ) ;
#101 = DIRECTION ( 'NONE',  ( -0.000000000000000000, 0.000000000000000000, 1.000000000000000000 ) ) ;
#102 = AXIS2_PLACEMENT_3D ( 'NONE', #4737, #1592, #3299 ) ;
#103 = AXIS2_PLACEMENT_3D ( 'NONE', #966, #256, #4509 ) ;
#104 = AXIS2_PLACEMENT_3D ( 'NONE', #3004, #4539, #4563 ) ;
#105 = VECTOR ( 'NONE', #3430, 100.0000000000000142 ) ;
#106 = CIRCLE ( 'NONE', #2152, 1.000000000000000000 ) ;
#107 = CARTESIAN_POINT ( 'NONE',  ( 1.536327478678660041, -0.2806547928547558080, 0.8750000000000001110 ) ) ;
#108 = EDGE_CURVE ( 'NONE', #4812, #3234, #1661, .T. ) ;
#109 = LINE ( 'NONE', #3979, #907 ) ;
#110 = AXIS2_PLACEMENT_3D ( 'NONE', #4784, #1281, #2845 ) ;
#111 = CARTESIAN_POINT ( 'NONE',  ( 0.3817540136049476507, 1.293274004668413024, 0.8750000000000001110 ) ) ;
#112 = ORIENTED_EDGE ( 'NONE', *, *, #2896, .T. ) ;
#113 = VERTEX_POINT ( 'NONE', #578 ) ;
#114 = AXIS2_PLACEMENT_3D ( 'NONE', #4133, #2620, #3724 ) ;
#115 = CARTESIAN_POINT ( 'NONE',  ( 1.207153421403612148, 2.602010842977179106, 1.000000000000000000 ) ) ;
#116 = DIRECTION ( 'NONE',  ( 1.000000000000000000, 0.000000000000000000, 0.000000000000000000 ) ) ;
#117 = CARTESIAN_POINT ( 'NONE',  ( 2.938341552395514089, -3.213484219408622167, 0.1249999999999999445 ) ) ;
#118 = VECTOR ( 'NONE', #1684, 100.0000000000000000 ) ;
#119 = ORIENTED_EDGE ( 'NONE', *, *, #1959, .T. ) ;
#120 = ORIENTED_EDGE ( 'NONE', *, *, #3673, .T. ) ;
#121 = AXIS2_PLACEMENT_3D ( 'NONE', #4174, #620, #698 ) ;
#122 = CARTESIAN_POINT ( 'NONE',  ( 6.458333333332806347, 1.934843059629777207, 1.000000000000000000 ) ) ;
#123 = ORIENTED_EDGE ( 'NONE', *, *, #1375, .F. ) ;
#124 = DIRECTION ( 'NONE',  ( 0.8063172789114436689, -0.5914832590436058801, 0.000000000000000000 ) ) ;
#125 = CIRCLE ( 'NONE', #1507, 0.6249999999999998890 ) ;
#126 = ORIENTED_EDGE ( 'NONE', *, *, #638, .T. ) ;
#127 = EDGE_CURVE ( 'NONE', #3675, #1694, #4448, .T. ) ;
#128 = AXIS2_PLACEMENT_3D ( 'NONE', #254, #3388, #4864 ) ;
#129 = DIRECTION ( 'NONE',  ( 1.000000000000000000, 0.000000000000000000, 0.000000000000000000 ) ) ;
#130 =( NAMED_UNIT ( * ) SI_UNIT ( $, .STERADIAN. ) SOLID_ANGLE_UNIT ( ) );
#131 = EDGE_LOOP ( 'NONE', ( #1715, #1113, #4695, #3936 ) ) ;
#132 = CIRCLE ( 'NONE', #4306, 1.000000000000000222 ) ;
#133 = EDGE_CURVE ( 'NONE', #2470, #4925, #4989, .T. ) ;
#134 = FACE_OUTER_BOUND ( 'NONE', #1993, .T. ) ;
#135 = AXIS2_PLACEMENT_3D ( 'NONE', #3645, #2538, #4845 ) ;
#136 = DIRECTION ( 'NONE',  ( 0.000000000000000000, -0.000000000000000000, -1.000000000000000000 ) ) ;
#137 = DIRECTION ( 'NONE',  ( -0.4848507739774302050, 0.8745968939880170989, 0.000000000000000000 ) ) ;
#138 = ORIENTED_EDGE ( 'NONE', *, *, #1718, .F. ) ;
#139 = ORIENTED_EDGE ( 'NONE', *, *, #2705, .T. ) ;
#140 = ADVANCED_FACE ( 'NONE', ( #3002 ), #1457, .T. ) ;
#141 = DIRECTION ( 'NONE',  ( 0.7379946335230571641, -0.6748065803555627351, 0.000000000000000000 ) ) ;
#142 = CYLINDRICAL_SURFACE ( 'NONE', #3165, 0.1250000000000001110 ) ;
#143 = DIRECTION ( 'NONE',  ( -0.000000000000000000, 0.000000000000000000, 1.000000000000000000 ) ) ;
#144 = ORIENTED_EDGE ( 'NONE', *, *, #2138, .F. ) ;
#145 = EDGE_LOOP ( 'NONE', ( #74, #3178, #3839, #4523 ) ) ;
#146 = ADVANCED_FACE ( 'NONE', ( #1065 ), #4197, .T. ) ;
#147 = CARTESIAN_POINT ( 'NONE',  ( 5.739455862555968402, 2.111744634020912947, 0.8750000000000001110 ) ) ;
#148 = ORIENTED_EDGE ( 'NONE', *, *, #2477, .F. ) ;
#149 = LINE ( 'NONE', #3993, #3880 ) ;
#150 = EDGE_LOOP ( 'NONE', ( #336, #4908, #4962, #2750 ) ) ;
#151 = ORIENTED_EDGE ( 'NONE', *, *, #1711, .F. ) ;
#152 = DIRECTION ( 'NONE',  ( -0.8660254037844400399, 0.4999999999999976685, 0.000000000000000000 ) ) ;
#153 = DIRECTION ( 'NONE',  ( 0.8063172789114414485, -0.5914832590436086557, 0.000000000000000000 ) ) ;
#154 = DIRECTION ( 'NONE',  ( -0.000000000000000000, 0.000000000000000000, 1.000000000000000000 ) ) ;
#155 = EDGE_CURVE ( 'NONE', #3581, #925, #610, .T. ) ;
#156 = DIRECTION ( 'NONE',  ( 0.000000000000000000, -0.000000000000000000, -1.000000000000000000 ) ) ;
#157 = DIRECTION ( 'NONE',  ( -0.000000000000000000, 0.000000000000000000, 1.000000000000000000 ) ) ;
#158 = DIRECTION ( 'NONE',  ( -0.6123874982331676264, -0.7905577474212254208, -0.000000000000000000 ) ) ;
#159 = ORIENTED_EDGE ( 'NONE', *, *, #1880, .T. ) ;
#160 = ADVANCED_FACE ( 'NONE', ( #4504 ), #2716, .T. ) ;
#161 = VERTEX_POINT ( 'NONE', #1787 ) ;
#162 = DIRECTION ( 'NONE',  ( 1.000000000000000000, 0.000000000000000000, 0.000000000000000000 ) ) ;
#163 = CARTESIAN_POINT ( 'NONE',  ( -3.162148406120687760E-16, 2.734281673631104415, 0.8750000000000001110 ) ) ;
#164 = CARTESIAN_POINT ( 'NONE',  ( 1.505016162775642430, 2.416499422677810038, 0.000000000000000000 ) ) ;
#165 = ORIENTED_EDGE ( 'NONE', *, *, #3190, .F. ) ;
#166 = ORIENTED_EDGE ( 'NONE', *, *, #1469, .T. ) ;
#167 = DIRECTION ( 'NONE',  ( -1.000000000000000000, 0.000000000000000000, 0.000000000000000000 ) ) ;
#168 = CARTESIAN_POINT ( 'NONE',  ( 4.645698912315332052, -0.09968527303524156447, 0.000000000000000000 ) ) ;
#169 = ADVANCED_FACE ( 'NONE', ( #1868 ), #4276, .T. ) ;
#170 = EDGE_LOOP ( 'NONE', ( #3965, #2504, #68, #2602 ) ) ;
#171 = CARTESIAN_POINT ( 'NONE',  ( 7.833333333332806347, 2.109281673631105303, 0.1249999999999999445 ) ) ;
#172 = ORIENTED_EDGE ( 'NONE', *, *, #2815, .F. ) ;
#173 = AXIS2_PLACEMENT_3D ( 'NONE', #793, #3972, #2411 ) ;
#174 = CARTESIAN_POINT ( 'NONE',  ( 5.943002695480775088, 2.142893857517917500, 0.1250000000000000000 ) ) ;
#175 = CARTESIAN_POINT ( 'NONE',  ( 6.254551655927252263, 0.2558442613759148165, 0.8750000000000001110 ) ) ;
#176 = CYLINDRICAL_SURFACE ( 'NONE', #4284, 0.1250000000000000000 ) ;
#177 = CIRCLE ( 'NONE', #4180, 0.1250000000000000278 ) ;
#178 = AXIS2_PLACEMENT_3D ( 'NONE', #4693, #4644, #2793 ) ;
#179 = FACE_OUTER_BOUND ( 'NONE', #4446, .T. ) ;
#180 = DIRECTION ( 'NONE',  ( 1.000000000000000000, 0.000000000000000000, 0.000000000000000000 ) ) ;
#181 = AXIS2_PLACEMENT_3D ( 'NONE', #3072, #4655, #3431 ) ;
#182 = CARTESIAN_POINT ( 'NONE',  ( -1.166666666667191876, 2.109281673631104415, 0.8750000000000001110 ) ) ;
#183 = AXIS2_PLACEMENT_3D ( 'NONE', #2005, #2437, #4409 ) ;
#184 = ORIENTED_EDGE ( 'NONE', *, *, #4802, .T. ) ;
#185 = AXIS2_PLACEMENT_3D ( 'NONE', #3801, #3741, #1438 ) ;
#186 = ORIENTED_EDGE ( 'NONE', *, *, #2351, .T. ) ;
#187 = VECTOR ( 'NONE', #3262, 100.0000000000000000 ) ;
#188 = ADVANCED_FACE ( 'NONE', ( #4889 ), #2180, .F. ) ;
#189 = ADVANCED_FACE ( 'NONE', ( #4561 ), #3286, .T. ) ;
#190 = CARTESIAN_POINT ( 'NONE',  ( 0.01306709766735258266, 0.01429068452347727336, 1.000000000000000000 ) ) ;
#191 = CARTESIAN_POINT ( 'NONE',  ( 6.950989254907947057, 1.641240885028175889, 0.000000000000000000 ) ) ;
#192 = CARTESIAN_POINT ( 'NONE',  ( 6.155731937499598239, 0.3323926986550614915, 0.8750000000000001110 ) ) ;
#193 = CIRCLE ( 'NONE', #2238, 0.6250000000004987122 ) ;
#194 = ORIENTED_EDGE ( 'NONE', *, *, #3886, .F. ) ;
#195 = ORIENTED_EDGE ( 'NONE', *, *, #1803, .F. ) ;
#196 = EDGE_CURVE ( 'NONE', #4576, #4750, #4187, .T. ) ;
#197 = AXIS2_PLACEMENT_3D ( 'NONE', #459, #4423, #904 ) ;
#198 = CARTESIAN_POINT ( 'NONE',  ( 4.816528484868913829, 2.080174822278395563, 1.000000000000000000 ) ) ;
#199 = LINE ( 'NONE', #224, #3791 ) ;
#200 = ORIENTED_EDGE ( 'NONE', *, *, #4410, .T. ) ;
#201 = DIRECTION ( 'NONE',  ( -0.7379946335230577192, 0.6748065803555620690, 0.000000000000000000 ) ) ;
#202 = EDGE_LOOP ( 'NONE', ( #1952, #3102, #1182, #726 ) ) ;
#203 = ORIENTED_EDGE ( 'NONE', *, *, #1009, .F. ) ;
#204 = CIRCLE ( 'NONE', #4120, 0.6250000000004987122 ) ;
#205 = CARTESIAN_POINT ( 'NONE',  ( 2.711654243448764934, -1.565574307404325349, 0.1250000000000000000 ) ) ;
#206 = AXIS2_PLACEMENT_3D ( 'NONE', #4234, #4995, #1591 ) ;
#207 = CARTESIAN_POINT ( 'NONE',  ( -3.162148406120687760E-16, 2.734281673631104415, 0.000000000000000000 ) ) ;
#208 = DIRECTION ( 'NONE',  ( -0.000000000000000000, 1.000000000000000000, 0.000000000000000000 ) ) ;
#209 = ADVANCED_FACE ( 'NONE', ( #1433 ), #845, .T. ) ;
#210 = DIRECTION ( 'NONE',  ( 0.6123874982331678485, -0.7905577474212254208, 0.000000000000000000 ) ) ;
#211 = DIRECTION ( 'NONE',  ( -0.000000000000000000, 0.000000000000000000, 1.000000000000000000 ) ) ;
#212 = DIRECTION ( 'NONE',  ( 1.000000000000000000, 0.000000000000000000, 0.000000000000000000 ) ) ;
#213 = ORIENTED_EDGE ( 'NONE', *, *, #3303, .F. ) ;
#214 = CIRCLE ( 'NONE', #1109, 0.8750000000000001110 ) ;
#215 = ORIENTED_EDGE ( 'NONE', *, *, #1648, .T. ) ;
#216 = AXIS2_PLACEMENT_3D ( 'NONE', #565, #2494, #949 ) ;
#217 = DIRECTION ( 'NONE',  ( -0.8660254037844393737, 0.4999999999999988898, 0.000000000000000000 ) ) ;
#218 = CARTESIAN_POINT ( 'NONE',  ( 8.255087446055032530, 1.648035027679193076, 0.1249999999999999445 ) ) ;
#219 = DIRECTION ( 'NONE',  ( 1.000000000000000000, 0.000000000000000000, 0.000000000000000000 ) ) ;
#220 = FACE_OUTER_BOUND ( 'NONE', #893, .T. ) ;
#221 = ORIENTED_EDGE ( 'NONE', *, *, #2757, .T. ) ;
#222 = EDGE_LOOP ( 'NONE', ( #1355, #235, #530, #825 ) ) ;
#223 = DIRECTION ( 'NONE',  ( 1.000000000000000000, 0.000000000000000000, 0.000000000000000000 ) ) ;
#224 = CARTESIAN_POINT ( 'NONE',  ( 6.284912653060667154, 1.293274004668413024, -3.037681718995442814 ) ) ;
#225 = VERTEX_POINT ( 'NONE', #1399 ) ;
#226 = DIRECTION ( 'NONE',  ( 0.4999999999999985012, 0.8660254037844394848, 0.000000000000000000 ) ) ;
#227 = EDGE_LOOP ( 'NONE', ( #2514, #3188, #3669, #2405 ) ) ;
#228 = ADVANCED_FACE ( 'NONE', ( #2969 ), #2077, .T. ) ;
#229 = LINE ( 'NONE', #2630, #1888 ) ;
#230 = DIRECTION ( 'NONE',  ( 0.000000000000000000, -0.000000000000000000, -1.000000000000000000 ) ) ;
#231 = CARTESIAN_POINT ( 'NONE',  ( 0.2083333333328080961, 1.934843059629778539, 0.1250000000000000000 ) ) ;
#232 = DIRECTION ( 'NONE',  ( 0.000000000000000000, -0.000000000000000000, 1.000000000000000000 ) ) ;
#233 = CYLINDRICAL_SURFACE ( 'NONE', #346, 0.3175000000004979395 ) ;
#234 = CARTESIAN_POINT ( 'NONE',  ( -1.166666666667191876, 2.109281673631104415, 1.000000000000000000 ) ) ;
#235 = ORIENTED_EDGE ( 'NONE', *, *, #2340, .F. ) ;
#236 = EDGE_LOOP ( 'NONE', ( #1911, #1350, #2959, #1395 ) ) ;
#237 = DIRECTION ( 'NONE',  ( 0.000000000000000000, -0.000000000000000000, -1.000000000000000000 ) ) ;
#238 = CARTESIAN_POINT ( 'NONE',  ( 0.4277843928999521261, -0.7716578407365020098, 0.000000000000000000 ) ) ;
#239 = ORIENTED_EDGE ( 'NONE', *, *, #2355, .T. ) ;
#240 = EDGE_LOOP ( 'NONE', ( #2278, #2626, #2928, #2265 ) ) ;
#241 = FACE_OUTER_BOUND ( 'NONE', #337, .T. ) ;
#242 = CARTESIAN_POINT ( 'NONE',  ( 6.950989254907947057, 1.641240885028175889, 0.8750000000000001110 ) ) ;
#243 = VERTEX_POINT ( 'NONE', #3764 ) ;
#244 = EDGE_CURVE ( 'NONE', #902, #810, #1831, .T. ) ;
#245 = CARTESIAN_POINT ( 'NONE',  ( 0.7445754485141860002, 1.859281673631104415, 0.000000000000000000 ) ) ;
#246 = VERTEX_POINT ( 'NONE', #659 ) ;
#247 = EDGE_CURVE ( 'NONE', #2567, #259, #279, .T. ) ;
#248 = ADVANCED_FACE ( 'NONE', ( #1845 ), #357, .T. ) ;
#249 = CYLINDRICAL_SURFACE ( 'NONE', #4675, 0.1249999999999999445 ) ;
#250 = CYLINDRICAL_SURFACE ( 'NONE', #1244, 0.1249999999999998612 ) ;
#251 = DIRECTION ( 'NONE',  ( -0.8660254037844400399, -0.4999999999999976685, 0.000000000000000000 ) ) ;
#252 = AXIS2_PLACEMENT_3D ( 'NONE', #3997, #2864, #100 ) ;
#253 = EDGE_CURVE ( 'NONE', #4186, #4244, #3218, .T. ) ;
#254 = CARTESIAN_POINT ( 'NONE',  ( 0.5833333333328081238, 1.441144819429315049, 1.000000000000000000 ) ) ;
#255 = DIRECTION ( 'NONE',  ( -0.000000000000000000, 0.000000000000000000, 1.000000000000000000 ) ) ;
#256 = DIRECTION ( 'NONE',  ( 0.000000000000000000, -1.000000000000000000, 0.000000000000000000 ) ) ;
#257 = ORIENTED_EDGE ( 'NONE', *, *, #36, .F. ) ;
#258 = VECTOR ( 'NONE', #2178, 100.0000000000000000 ) ;
#259 = VERTEX_POINT ( 'NONE', #1122 ) ;
#260 = EDGE_CURVE ( 'NONE', #3938, #3907, #2154, .T. ) ;
#261 = CIRCLE ( 'NONE', #504, 0.1249999999999999584 ) ;
#262 = FACE_OUTER_BOUND ( 'NONE', #2927, .T. ) ;
#263 = CARTESIAN_POINT ( 'NONE',  ( 7.833333333332806347, 2.734281673631604015, 0.1249999999999999445 ) ) ;
#264 = CIRCLE ( 'NONE', #4021, 0.1250000000000000000 ) ;
#265 = FACE_OUTER_BOUND ( 'NONE', #4166, .T. ) ;
#266 = ORIENTED_EDGE ( 'NONE', *, *, #3000, .T. ) ;
#267 = AXIS2_PLACEMENT_3D ( 'NONE', #2721, #4287, #389 ) ;
#268 = AXIS2_PLACEMENT_3D ( 'NONE', #1769, #212, #4092 ) ;
#269 = ORIENTED_EDGE ( 'NONE', *, *, #741, .F. ) ;
#270 = AXIS2_PLACEMENT_3D ( 'NONE', #3530, #3869, #4308 ) ;
#271 = ADVANCED_FACE ( 'NONE', ( #2281 ), #5018, .T. ) ;
#272 = CARTESIAN_POINT ( 'NONE',  ( 6.458333333332806347, 1.934843059629777207, 0.8750000000000001110 ) ) ;
#273 = DIRECTION ( 'NONE',  ( -0.7905577474212270861, 0.6123874982331656280, 0.000000000000000000 ) ) ;
#274 = CIRCLE ( 'NONE', #1576, 0.1250000000000000278 ) ;
#275 = ORIENTED_EDGE ( 'NONE', *, *, #4725, .T. ) ;
#276 = DIRECTION ( 'NONE',  ( 0.000000000000000000, -0.000000000000000000, 1.000000000000000000 ) ) ;
#277 = ORIENTED_EDGE ( 'NONE', *, *, #1161, .T. ) ;
#278 = CIRCLE ( 'NONE', #2326, 0.2500000000000000555 ) ;
#279 = CIRCLE ( 'NONE', #1908, 0.1250000000000000278 ) ;
#280 = EDGE_CURVE ( 'NONE', #2996, #2650, #3957, .T. ) ;
#281 = CARTESIAN_POINT ( 'NONE',  ( 5.922091218152168324, 1.859281673631105303, 0.000000000000000000 ) ) ;
#282 = DIRECTION ( 'NONE',  ( 0.5914832590436079895, -0.8063172789114418926, 0.000000000000000000 ) ) ;
#283 = DIRECTION ( 'NONE',  ( -0.8063172789114417816, -0.5914832590436082116, 0.000000000000000000 ) ) ;
#284 = VECTOR ( 'NONE', #2550, 99.99999999999998579 ) ;
#285 = FACE_OUTER_BOUND ( 'NONE', #1340, .T. ) ;
#286 = ADVANCED_FACE ( 'NONE', ( #3503 ), #1991, .T. ) ;
#287 = CARTESIAN_POINT ( 'NONE',  ( 0.6024512776904850098, 1.924244634020912725, 0.000000000000000000 ) ) ;
#288 = DIRECTION ( 'NONE',  ( 1.000000000000000000, 1.156482317317871725E-16, 0.000000000000000000 ) ) ;
#289 = ORIENTED_EDGE ( 'NONE', *, *, #885, .F. ) ;
#290 = AXIS2_PLACEMENT_3D ( 'NONE', #3469, #3924, #815 ) ;
#291 = EDGE_CURVE ( 'NONE', #4720, #4399, #3874, .T. ) ;
#292 = CARTESIAN_POINT ( 'NONE',  ( 4.833333333332806347, 2.359281673631354881, 0.000000000000000000 ) ) ;
#293 = DIRECTION ( 'NONE',  ( 1.000000000000000000, 0.000000000000000000, 0.000000000000000000 ) ) ;
#294 = VECTOR ( 'NONE', #232, 100.0000000000000000 ) ;
#295 = DIRECTION ( 'NONE',  ( -0.000000000000000000, 0.000000000000000000, 1.000000000000000000 ) ) ;
#296 = DIRECTION ( 'NONE',  ( -0.000000000000000000, 1.000000000000000000, 0.000000000000000000 ) ) ;
#297 = EDGE_CURVE ( 'NONE', #1140, #3640, #1667, .T. ) ;
#298 = VERTEX_POINT ( 'NONE', #1098 ) ;
#299 = VERTEX_POINT ( 'NONE', #3174 ) ;
#300 = AXIS2_PLACEMENT_3D ( 'NONE', #3141, #1193, #1543 ) ;
#301 = LINE ( 'NONE', #4573, #3568 ) ;
#302 = CARTESIAN_POINT ( 'NONE',  ( 6.992166819850679005, 0.7672103317033006631, 0.000000000000000000 ) ) ;
#303 = CIRCLE ( 'NONE', #1027, 0.1249999999999999306 ) ;
#304 = ORIENTED_EDGE ( 'NONE', *, *, #1157, .T. ) ;
#305 = ORIENTED_EDGE ( 'NONE', *, *, #1745, .T. ) ;
#306 = CARTESIAN_POINT ( 'NONE',  ( 5.016026605412786665, -1.313693242624169866, 1.000000000000000000 ) ) ;
#307 = CARTESIAN_POINT ( 'NONE',  ( -0.5741009829315166790, -0.1039594678139655060, 0.000000000000000000 ) ) ;
#308 = CARTESIAN_POINT ( 'NONE',  ( 2.938341552395514089, -3.213484219408622167, 0.1249999999999999445 ) ) ;
#309 = CARTESIAN_POINT ( 'NONE',  ( -3.306708695785421849E-16, 2.859281673631104415, 1.000000000000000000 ) ) ;
#310 = CARTESIAN_POINT ( 'NONE',  ( 7.833333333332806347, 2.109281673631105303, 0.1249999999999999445 ) ) ;
#311 = DIRECTION ( 'NONE',  ( 0.5286605404450576140, 0.8488333363955139488, 0.000000000000000000 ) ) ;
#312 = EDGE_LOOP ( 'NONE', ( #4629, #3599, #2134, #2372 ) ) ;
#313 = CYLINDRICAL_SURFACE ( 'NONE', #1014, 0.1249999999999999445 ) ;
#314 = DIRECTION ( 'NONE',  ( 0.000000000000000000, -0.000000000000000000, -1.000000000000000000 ) ) ;
#315 = EDGE_CURVE ( 'NONE', #1235, #321, #5064, .T. ) ;
#316 = FACE_OUTER_BOUND ( 'NONE', #1679, .T. ) ;
#317 = ORIENTED_EDGE ( 'NONE', *, *, #247, .T. ) ;
#318 = EDGE_LOOP ( 'NONE', ( #2873, #1167, #2371, #382 ) ) ;
#319 = CARTESIAN_POINT ( 'NONE',  ( 7.045109403348477350, -0.3565432368572524768, 0.8750000000000001110 ) ) ;
#320 = FACE_OUTER_BOUND ( 'NONE', #2119, .T. ) ;
#321 = VERTEX_POINT ( 'NONE', #402 ) ;
#322 = ORIENTED_EDGE ( 'NONE', *, *, #1969, .F. ) ;
#323 = EDGE_CURVE ( 'NONE', #3930, #4095, #3097, .T. ) ;
#324 = DIRECTION ( 'NONE',  ( -0.7379946335230570531, 0.6748065803555630682, 0.000000000000000000 ) ) ;
#325 = DIRECTION ( 'NONE',  ( -0.000000000000000000, 0.000000000000000000, 1.000000000000000000 ) ) ;
#326 = CARTESIAN_POINT ( 'NONE',  ( 7.833333333332806347, 2.109281673631105303, 1.000000000000000000 ) ) ;
#327 = CARTESIAN_POINT ( 'NONE',  ( 8.150833333333304509, 2.109281673631105303, 0.1249999999999999445 ) ) ;
#328 = DIRECTION ( 'NONE',  ( 1.000000000000000000, 0.000000000000000000, 0.000000000000000000 ) ) ;
#329 = CARTESIAN_POINT ( 'NONE',  ( 3.822970362250968535, 0.6092816736313559911, 0.8750000000000001110 ) ) ;
#330 = ORIENTED_EDGE ( 'NONE', *, *, #1626, .F. ) ;
#331 = CIRCLE ( 'NONE', #3525, 0.9999999999999998890 ) ;
#332 = DIRECTION ( 'NONE',  ( 0.6123874982331677375, 0.7905577474212255318, 0.000000000000000000 ) ) ;
#333 = CARTESIAN_POINT ( 'NONE',  ( 3.389957660358748459, 0.8592816736313547699, 0.8750000000000001110 ) ) ;
#334 = AXIS2_PLACEMENT_3D ( 'NONE', #3095, #1171, #1221 ) ;
#335 = FACE_OUTER_BOUND ( 'NONE', #599, .T. ) ;
#336 = ORIENTED_EDGE ( 'NONE', *, *, #1542, .T. ) ;
#337 = EDGE_LOOP ( 'NONE', ( #2031, #850, #1311, #4735 ) ) ;
#338 = EDGE_CURVE ( 'NONE', #3436, #4791, #428, .T. ) ;
#339 = AXIS2_PLACEMENT_3D ( 'NONE', #1913, #3042, #19 ) ;
#340 = EDGE_CURVE ( 'NONE', #2440, #4212, #4031, .T. ) ;
#341 = DIRECTION ( 'NONE',  ( -1.000000000000000000, 0.000000000000000000, 0.000000000000000000 ) ) ;
#342 = CARTESIAN_POINT ( 'NONE',  ( 0.3333333333328081238, 1.441144819429315049, 0.1250000000000000000 ) ) ;
#343 = CIRCLE ( 'NONE', #4677, 1.125000000000000000 ) ;
#344 = AXIS2_PLACEMENT_3D ( 'NONE', #4767, #4392, #2824 ) ;
#345 = VERTEX_POINT ( 'NONE', #50 ) ;
#346 = AXIS2_PLACEMENT_3D ( 'NONE', #4485, #4992, #640 ) ;
#347 = VERTEX_POINT ( 'NONE', #1962 ) ;
#348 = ADVANCED_FACE ( 'NONE', ( #1173 ), #3526, .T. ) ;
#349 = AXIS2_PLACEMENT_3D ( 'NONE', #1773, #1030, #3339 ) ;
#350 = CIRCLE ( 'NONE', #1252, 1.125000000000000000 ) ;
#351 = FACE_OUTER_BOUND ( 'NONE', #150, .T. ) ;
#352 = CARTESIAN_POINT ( 'NONE',  ( 0.7641991189262637985, 0.5605870012248672651, 0.1250000000000000000 ) ) ;
#353 = DIRECTION ( 'NONE',  ( -0.000000000000000000, -1.000000000000000000, -0.000000000000000000 ) ) ;
#354 = TOROIDAL_SURFACE ( 'NONE', #597, 0.6250000000000000000, 0.1250000000000000000 ) ;
#355 = EDGE_CURVE ( 'NONE', #4925, #3596, #1586, .T. ) ;
#356 = EDGE_LOOP ( 'NONE', ( #4264, #1976, #1145, #4211 ) ) ;
#357 = TOROIDAL_SURFACE ( 'NONE', #3546, 0.8750000000000001110, 0.1250000000000000000 ) ;
#358 = DIRECTION ( 'NONE',  ( -0.5286605404450586132, -0.8488333363955133937, 0.000000000000000000 ) ) ;
#359 = CIRCLE ( 'NONE', #2491, 0.1250000000000000555 ) ;
#360 = CARTESIAN_POINT ( 'NONE',  ( 5.922091218152168324, 2.734281673631104859, 1.000000000000000000 ) ) ;
#361 = DIRECTION ( 'NONE',  ( 1.000000000000000000, -0.000000000000000000, 0.000000000000000000 ) ) ;
#362 = EDGE_LOOP ( 'NONE', ( #2656, #1999, #1492, #2038 ) ) ;
#363 = EDGE_CURVE ( 'NONE', #1005, #1804, #4291, .T. ) ;
#364 = LINE ( 'NONE', #4286, #697 ) ;
#365 = CYLINDRICAL_SURFACE ( 'NONE', #1653, 1.000000000000000222 ) ;
#366 = DIRECTION ( 'NONE',  ( 1.000000000000000000, 0.000000000000000000, 0.000000000000000000 ) ) ;
#367 = DIRECTION ( 'NONE',  ( -0.000000000000000000, -0.000000000000000000, -1.000000000000000000 ) ) ;
#368 = CIRCLE ( 'NONE', #1189, 0.8750000000000001110 ) ;
#369 = ORIENTED_EDGE ( 'NONE', *, *, #2176, .T. ) ;
#370 = ORIENTED_EDGE ( 'NONE', *, *, #3481, .T. ) ;
#371 = CIRCLE ( 'NONE', #4953, 1.000000000000000222 ) ;
#372 = CARTESIAN_POINT ( 'NONE',  ( 4.928759868259032118, -0.1327839780939381598, 0.1250000000000001110 ) ) ;
#373 = DIRECTION ( 'NONE',  ( -0.000000000000000000, -0.000000000000000000, -1.000000000000000000 ) ) ;
#374 = VERTEX_POINT ( 'NONE', #1144 ) ;
#375 = VECTOR ( 'NONE', #1116, 100.0000000000000000 ) ;
#376 = EDGE_CURVE ( 'NONE', #2439, #1759, #1179, .T. ) ;
#377 = EDGE_LOOP ( 'NONE', ( #1440, #4473, #3576, #4266 ) ) ;
#378 = DIRECTION ( 'NONE',  ( 1.000000000000000000, 0.000000000000000000, 0.000000000000000000 ) ) ;
#379 = ADVANCED_FACE ( 'NONE', ( #1915 ), #2895, .T. ) ;
#380 = DIRECTION ( 'NONE',  ( 1.000000000000000000, 0.000000000000000000, 0.000000000000000000 ) ) ;
#381 = CARTESIAN_POINT ( 'NONE',  ( 1.408124495170728574, -0.9358728784736002337, 0.1250000000000000000 ) ) ;
#382 = ORIENTED_EDGE ( 'NONE', *, *, #1378, .F. ) ;
#383 = DIRECTION ( 'NONE',  ( 0.000000000000000000, -0.000000000000000000, -1.000000000000000000 ) ) ;
#384 = CARTESIAN_POINT ( 'NONE',  ( 0.3152764829173617112, 0.5849764676983478795, 0.000000000000000000 ) ) ;
#385 = LINE ( 'NONE', #4993, #3459 ) ;
#386 = ORIENTED_EDGE ( 'NONE', *, *, #2535, .F. ) ;
#387 = UNCERTAINTY_MEASURE_WITH_UNIT (LENGTH_MEASURE( 1.000000000000000082E-05 ), #1593, 'distance_accuracy_value', 'NONE');
#388 = DIRECTION ( 'NONE',  ( 1.000000000000000000, 1.586032892321652088E-15, 0.000000000000000000 ) ) ;
#389 = DIRECTION ( 'NONE',  ( 1.000000000000000000, 0.000000000000000000, 0.000000000000000000 ) ) ;
#390 = LINE ( 'NONE', #3926, #1894 ) ;
#391 = CARTESIAN_POINT ( 'NONE',  ( 8.339438268599645099, 1.555785698488627578, 0.8750000000000001110 ) ) ;
#392 = ORIENTED_EDGE ( 'NONE', *, *, #1260, .F. ) ;
#393 = ORIENTED_EDGE ( 'NONE', *, *, #340, .T. ) ;
#394 = ORIENTED_EDGE ( 'NONE', *, *, #508, .T. ) ;
#395 = DIRECTION ( 'NONE',  ( 1.000000000000000000, 1.850371707707366109E-15, 0.000000000000000000 ) ) ;
#396 = CARTESIAN_POINT ( 'NONE',  ( 1.092365953485158414, 1.642674822278670455, 0.1250000000000000000 ) ) ;
#397 = ORIENTED_EDGE ( 'NONE', *, *, #912, .F. ) ;
#398 = ORIENTED_EDGE ( 'NONE', *, *, #1282, .T. ) ;
#399 = CARTESIAN_POINT ( 'NONE',  ( -0.7241666666666939367, 2.109281673631104415, 0.8750000000000001110 ) ) ;
#400 = ADVANCED_FACE ( 'NONE', ( #4453 ), #4039, .T. ) ;
#401 = FACE_OUTER_BOUND ( 'NONE', #2174, .T. ) ;
#402 = CARTESIAN_POINT ( 'NONE',  ( 6.333333333332806347, 1.441144819429314827, 0.1250000000000000000 ) ) ;
#403 = ORIENTED_EDGE ( 'NONE', *, *, #3782, .T. ) ;
#404 = EDGE_CURVE ( 'NONE', #4124, #1367, #1834, .T. ) ;
#405 = EDGE_CURVE ( 'NONE', #1382, #2018, #4455, .T. ) ;
#406 = DIRECTION ( 'NONE',  ( -0.000000000000000000, 0.000000000000000000, 1.000000000000000000 ) ) ;
#407 = FACE_OUTER_BOUND ( 'NONE', #1575, .T. ) ;
#408 = DIRECTION ( 'NONE',  ( -0.000000000000000000, 0.000000000000000000, 1.000000000000000000 ) ) ;
#409 = ORIENTED_EDGE ( 'NONE', *, *, #1266, .T. ) ;
#410 = DIRECTION ( 'NONE',  ( 0.5286605404445591239, -0.8488333363958243671, 0.000000000000000000 ) ) ;
#411 = DIRECTION ( 'NONE',  ( 0.000000000000000000, 0.000000000000000000, -1.000000000000000000 ) ) ;
#412 = EDGE_LOOP ( 'NONE', ( #2698, #2496, #3375, #3337 ) ) ;
#413 = EDGE_LOOP ( 'NONE', ( #4867, #880, #3928, #1730 ) ) ;
#414 = ORIENTED_EDGE ( 'NONE', *, *, #4709, .T. ) ;
#415 = EDGE_CURVE ( 'NONE', #374, #3308, #2568, .T. ) ;
#416 = AXIS2_PLACEMENT_3D ( 'NONE', #28, #3177, #1228 ) ;
#417 = CARTESIAN_POINT ( 'NONE',  ( 0.7445754485141858892, 2.859281673631104415, 0.8750000000000001110 ) ) ;
#418 = CARTESIAN_POINT ( 'NONE',  ( -1.609166666667689816, 2.109281673631103970, 1.000000000000000000 ) ) ;
#419 = ORIENTED_EDGE ( 'NONE', *, *, #3686, .F. ) ;
#420 = TOROIDAL_SURFACE ( 'NONE', #4265, 0.3750000000000000000, 0.1250000000000000000 ) ;
#421 = ORIENTED_EDGE ( 'NONE', *, *, #439, .F. ) ;
#422 = EDGE_CURVE ( 'NONE', #3938, #1864, #2861, .T. ) ;
#423 = VECTOR ( 'NONE', #2925, 100.0000000000000142 ) ;
#424 = DIRECTION ( 'NONE',  ( -1.000000000000000000, 0.000000000000000000, 0.000000000000000000 ) ) ;
#425 = AXIS2_PLACEMENT_3D ( 'NONE', #891, #2389, #137 ) ;
#426 = ORIENTED_EDGE ( 'NONE', *, *, #3444, .T. ) ;
#427 = AXIS2_PLACEMENT_3D ( 'NONE', #2647, #1213, #2315 ) ;
#428 = LINE ( 'NONE', #21, #3800 ) ;
#429 = VERTEX_POINT ( 'NONE', #73 ) ;
#430 = AXIS2_PLACEMENT_3D ( 'NONE', #1734, #553, #3159 ) ;
#431 = VECTOR ( 'NONE', #4932, 100.0000000000000000 ) ;
#432 = AXIS2_PLACEMENT_3D ( 'NONE', #2633, #4967, #4147 ) ;
#433 = FACE_OUTER_BOUND ( 'NONE', #4694, .T. ) ;
#434 = DIRECTION ( 'NONE',  ( 1.000000000000000000, 0.000000000000000000, 0.000000000000000000 ) ) ;
#435 = DIRECTION ( 'NONE',  ( 0.000000000000000000, -0.000000000000000000, -1.000000000000000000 ) ) ;
#436 = AXIS2_PLACEMENT_3D ( 'NONE', #2595, #623, #4156 ) ;
#437 = ORIENTED_EDGE ( 'NONE', *, *, #291, .F. ) ;
#438 = AXIS2_PLACEMENT_3D ( 'NONE', #1203, #809, #4225 ) ;
#439 = EDGE_CURVE ( 'NONE', #4212, #1012, #2503, .T. ) ;
#440 = AXIS2_PLACEMENT_3D ( 'NONE', #3904, #4237, #3133 ) ;
#441 = DIRECTION ( 'NONE',  ( -0.8660254037844397068, 0.4999999999999982792, 0.000000000000000000 ) ) ;
#442 = FACE_BOUND ( 'NONE', #3541, .T. ) ;
#443 = DIRECTION ( 'NONE',  ( 0.000000000000000000, -0.000000000000000000, -1.000000000000000000 ) ) ;
#444 = DIRECTION ( 'NONE',  ( 1.000000000000000000, 0.000000000000000000, 0.000000000000000000 ) ) ;
#445 = ORIENTED_EDGE ( 'NONE', *, *, #872, .T. ) ;
#446 = EDGE_CURVE ( 'NONE', #1752, #470, #149, .T. ) ;
#447 = ORIENTED_EDGE ( 'NONE', *, *, #2260, .F. ) ;
#448 = VECTOR ( 'NONE', #3007, 100.0000000000000000 ) ;
#449 = AXIS2_PLACEMENT_3D ( 'NONE', #3589, #4831, #466 ) ;
#450 = CARTESIAN_POINT ( 'NONE',  ( 4.425570847601670188, -0.6679479382914954577, 0.8750000000000001110 ) ) ;
#451 = CARTESIAN_POINT ( 'NONE',  ( 1.289128591757412234, -0.9741478699281866938, 0.1249999999999999584 ) ) ;
#452 = VERTEX_POINT ( 'NONE', #3602 ) ;
#453 = ORIENTED_EDGE ( 'NONE', *, *, #1494, .T. ) ;
#454 = CIRCLE ( 'NONE', #128, 0.3750000000000000000 ) ;
#455 = CYLINDRICAL_SURFACE ( 'NONE', #1155, 0.3175000000004979395 ) ;
#456 = EDGE_CURVE ( 'NONE', #648, #1864, #2248, .T. ) ;
#457 = AXIS2_PLACEMENT_3D ( 'NONE', #272, #4138, #728 ) ;
#458 = ORIENTED_EDGE ( 'NONE', *, *, #2392, .F. ) ;
#459 = CARTESIAN_POINT ( 'NONE',  ( -3.162148406120688253E-16, 2.734281673631104415, 0.1249999999999999445 ) ) ;
#460 = ORIENTED_EDGE ( 'NONE', *, *, #1606, .F. ) ;
#461 = CIRCLE ( 'NONE', #2421, 0.1250000000000000278 ) ;
#462 = DIRECTION ( 'NONE',  ( -0.8745968939880170989, 0.4848507739774301495, 0.000000000000000000 ) ) ;
#463 = CARTESIAN_POINT ( 'NONE',  ( 0.7445754485141858892, 2.859281673631104415, 0.1249999999999999445 ) ) ;
#464 = CARTESIAN_POINT ( 'NONE',  ( 7.833333333332806347, 2.109281673631105303, 0.1249999999999999445 ) ) ;
#465 = CARTESIAN_POINT ( 'NONE',  ( 0.3371613644508809071, -1.280347801564878818, 0.000000000000000000 ) ) ;
#466 = DIRECTION ( 'NONE',  ( 1.000000000000000000, 0.000000000000000000, 0.000000000000000000 ) ) ;
#467 = CARTESIAN_POINT ( 'NONE',  ( 1.226538830299759519, -0.5914118660525651272, 0.000000000000000000 ) ) ;
#468 = CARTESIAN_POINT ( 'NONE',  ( 0.7842703179320213991, 2.252218469266419554, 0.000000000000000000 ) ) ;
#469 = CARTESIAN_POINT ( 'NONE',  ( 1.770967754350238899, -0.09968527303516640237, 0.8750000000000001110 ) ) ;
#470 = VERTEX_POINT ( 'NONE', #1729 ) ;
#471 = ORIENTED_EDGE ( 'NONE', *, *, #479, .F. ) ;
#472 = CIRCLE ( 'NONE', #3332, 0.2500000000000002220 ) ;
#473 = EDGE_CURVE ( 'NONE', #2567, #4647, #2841, .T. ) ;
#474 = DIRECTION ( 'NONE',  ( 0.4999999999999975575, -0.8660254037844400399, 0.000000000000000000 ) ) ;
#475 = CARTESIAN_POINT ( 'NONE',  ( -1.166666666667191876, 2.109281673631104415, 0.8750000000000001110 ) ) ;
#476 = FACE_OUTER_BOUND ( 'NONE', #3422, .T. ) ;
#477 = ORIENTED_EDGE ( 'NONE', *, *, #3633, .T. ) ;
#478 = ORIENTED_EDGE ( 'NONE', *, *, #4033, .F. ) ;
#479 = EDGE_CURVE ( 'NONE', #4647, #1012, #3550, .T. ) ;
#480 = EDGE_LOOP ( 'NONE', ( #2751, #4634, #1059, #1651 ) ) ;
#481 = CARTESIAN_POINT ( 'NONE',  ( 5.574300713180298850, 1.642674822278397784, 0.8750000000000001110 ) ) ;
#482 = EDGE_CURVE ( 'NONE', #429, #4696, #523, .T. ) ;
#483 = DIRECTION ( 'NONE',  ( -0.5914832590436079895, -0.8063172789114421146, 0.000000000000000000 ) ) ;
#484 = ORIENTED_EDGE ( 'NONE', *, *, #456, .T. ) ;
#485 = ADVANCED_FACE ( 'NONE', ( #4730 ), #4062, .T. ) ;
#486 = CARTESIAN_POINT ( 'NONE',  ( 6.329505302214732509, -1.280347801564878818, 0.8750000000000001110 ) ) ;
#487 = DIRECTION ( 'NONE',  ( 0.6123874982331676264, 0.7905577474212254208, 0.000000000000000000 ) ) ;
#488 = CARTESIAN_POINT ( 'NONE',  ( 4.833333333332806347, 2.359281673631354881, 0.1250000000000000000 ) ) ;
#489 = EDGE_LOOP ( 'NONE', ( #4838, #2652, #2272, #4008 ) ) ;
#490 = ORIENTED_EDGE ( 'NONE', *, *, #405, .F. ) ;
#491 = DIRECTION ( 'NONE',  ( 1.000000000000000000, 0.000000000000000000, 0.000000000000000000 ) ) ;
#492 = CARTESIAN_POINT ( 'NONE',  ( -1.166666666667191876, 2.109281673631104415, 0.8750000000000001110 ) ) ;
#493 = DIRECTION ( 'NONE',  ( -0.6748065803555628461, -0.7379946335230571641, 0.000000000000000000 ) ) ;
#494 = ORIENTED_EDGE ( 'NONE', *, *, #1419, .T. ) ;
#495 = ADVANCED_FACE ( 'NONE', ( #4347 ), #1334, .T. ) ;
#496 = EDGE_CURVE ( 'NONE', #1621, #2236, #4201, .T. ) ;
#497 = EDGE_LOOP ( 'NONE', ( #3006, #654, #3509, #541 ) ) ;
#498 = TOROIDAL_SURFACE ( 'NONE', #2540, 0.8750000000004970468, 0.1250000000000000000 ) ;
#499 = DIRECTION ( 'NONE',  ( 0.4999999999999976685, -0.8660254037844400399, 0.000000000000000000 ) ) ;
#500 = EDGE_LOOP ( 'NONE', ( #4189, #4957, #4436, #2059 ) ) ;
#501 = AXIS2_PLACEMENT_3D ( 'NONE', #4909, #1474, #3408 ) ;
#502 = CARTESIAN_POINT ( 'NONE',  ( 0.3817540136049476507, 1.293274004668413024, -3.037681718995442814 ) ) ;
#503 = ADVANCED_FACE ( 'NONE', ( #4803 ), #3966, .T. ) ;
#504 = AXIS2_PLACEMENT_3D ( 'NONE', #2558, #1042, #4117 ) ;
#505 = VECTOR ( 'NONE', #4976, 100.0000000000000000 ) ;
#506 = DIRECTION ( 'NONE',  ( 0.000000000000000000, -0.000000000000000000, -1.000000000000000000 ) ) ;
#507 = DIRECTION ( 'NONE',  ( -0.000000000000000000, -0.000000000000000000, 1.000000000000000000 ) ) ;
#508 = EDGE_CURVE ( 'NONE', #3234, #1990, #4036, .T. ) ;
#509 = DIRECTION ( 'NONE',  ( 0.8488333363955135047, -0.5286605404450580581, 0.000000000000000000 ) ) ;
#510 = AXIS2_PLACEMENT_3D ( 'NONE', #1537, #1185, #3876 ) ;
#511 = TOROIDAL_SURFACE ( 'NONE', #3784, 0.3750000000000000000, 0.1250000000000000000 ) ;
#512 = AXIS2_PLACEMENT_3D ( 'NONE', #984, #3021, #1476 ) ;
#513 = AXIS2_PLACEMENT_3D ( 'NONE', #4229, #3462, #1103 ) ;
#514 = DIRECTION ( 'NONE',  ( 1.000000000000000000, 0.000000000000000000, 0.000000000000000000 ) ) ;
#515 = CARTESIAN_POINT ( 'NONE',  ( 4.679192561369222680, 0.02531472696475759593, 0.8750000000000001110 ) ) ;
#516 = CARTESIAN_POINT ( 'NONE',  ( 6.064215388975132903, 1.924244634020913391, 0.8750000000000001110 ) ) ;
#517 = ORIENTED_EDGE ( 'NONE', *, *, #2610, .F. ) ;
#518 = VERTEX_POINT ( 'NONE', #529 ) ;
#519 = AXIS2_PLACEMENT_3D ( 'NONE', #4054, #3986, #493 ) ;
#520 = DIRECTION ( 'NONE',  ( -0.8488333363955135047, 0.5286605404450580581, -0.000000000000000000 ) ) ;
#521 = DIRECTION ( 'NONE',  ( 1.156482317317869260E-16, -1.000000000000000000, 0.000000000000000000 ) ) ;
#522 = DIRECTION ( 'NONE',  ( -0.000000000000000000, 0.000000000000000000, 1.000000000000000000 ) ) ;
#523 = CIRCLE ( 'NONE', #2651, 0.6250000000004987122 ) ;
#524 = EDGE_LOOP ( 'NONE', ( #820, #4900, #1383, #1519 ) ) ;
#525 = ORIENTED_EDGE ( 'NONE', *, *, #4635, .F. ) ;
#526 = AXIS2_PLACEMENT_3D ( 'NONE', #3325, #2173, #1346 ) ;
#527 = CARTESIAN_POINT ( 'NONE',  ( -1.166666666667191876, 2.109281673631104415, 0.1249999999999999445 ) ) ;
#528 = ORIENTED_EDGE ( 'NONE', *, *, #1484, .T. ) ;
#529 = CARTESIAN_POINT ( 'NONE',  ( 2.036284050917887889, -0.3646989760311197259, 0.000000000000000000 ) ) ;
#530 = ORIENTED_EDGE ( 'NONE', *, *, #1796, .F. ) ;
#531 = AXIS2_PLACEMENT_3D ( 'NONE', #3413, #3680, #1404 ) ;
#532 = EDGE_CURVE ( 'NONE', #243, #3596, #1249, .T. ) ;
#533 = DIRECTION ( 'NONE',  ( 1.000000000000000000, 0.000000000000000000, 0.000000000000000000 ) ) ;
#534 = ORIENTED_EDGE ( 'NONE', *, *, #2868, .F. ) ;
#535 = CIRCLE ( 'NONE', #1025, 0.1250000000000000278 ) ;
#536 = FACE_OUTER_BOUND ( 'NONE', #37, .T. ) ;
#537 = AXIS2_PLACEMENT_3D ( 'NONE', #2952, #1416, #4516 ) ;
#538 = CYLINDRICAL_SURFACE ( 'NONE', #2471, 0.1250000000000000278 ) ;
#539 = FACE_OUTER_BOUND ( 'NONE', #3336, .T. ) ;
#540 = ORIENTED_EDGE ( 'NONE', *, *, #1349, .T. ) ;
#541 = ORIENTED_EDGE ( 'NONE', *, *, #1765, .T. ) ;
#542 = ADVANCED_FACE ( 'NONE', ( #2995 ), #4935, .T. ) ;
#543 = CARTESIAN_POINT ( 'NONE',  ( 5.045640172735742723, 2.491508158674224482, 0.000000000000000000 ) ) ;
#544 = DIRECTION ( 'NONE',  ( 0.000000000000000000, -0.000000000000000000, -1.000000000000000000 ) ) ;
#545 = CARTESIAN_POINT ( 'NONE',  ( 5.943002695480775088, 2.142893857517917500, 0.8750000000000001110 ) ) ;
#546 = DIRECTION ( 'NONE',  ( -0.000000000000000000, 0.000000000000000000, 1.000000000000000000 ) ) ;
#547 = EDGE_LOOP ( 'NONE', ( #1422, #540, #1277, #3117 ) ) ;
#548 = ORIENTED_EDGE ( 'NONE', *, *, #5008, .F. ) ;
#549 = CARTESIAN_POINT ( 'NONE',  ( 0.5833333333328081238, 1.934843059629778539, 1.000000000000000000 ) ) ;
#550 = DIRECTION ( 'NONE',  ( 1.000000000000000000, 0.000000000000000000, 0.000000000000000000 ) ) ;
#551 = EDGE_LOOP ( 'NONE', ( #956, #898, #3109, #1003 ) ) ;
#552 = CARTESIAN_POINT ( 'NONE',  ( 0.09741792021179793148, 0.1065400137138594050, 0.1250000000000000000 ) ) ;
#553 = DIRECTION ( 'NONE',  ( -0.000000000000000000, 0.000000000000000000, 1.000000000000000000 ) ) ;
#554 = CARTESIAN_POINT ( 'NONE',  ( 6.083333333332806347, 1.441144819429314827, 0.1250000000000000000 ) ) ;
#555 = DIRECTION ( 'NONE',  ( 0.000000000000000000, 1.000000000000000000, -0.000000000000000000 ) ) ;
#556 = ADVANCED_FACE ( 'NONE', ( #4082 ), #1805, .F. ) ;
#557 = EDGE_CURVE ( 'NONE', #1518, #3060, #359, .T. ) ;
#558 = CARTESIAN_POINT ( 'NONE',  ( 1.770967754350238899, -0.09968527303516640237, 1.000000000000000000 ) ) ;
#559 = DIRECTION ( 'NONE',  ( 0.5914832590436076565, -0.8063172789114423367, 0.000000000000000000 ) ) ;
#560 = DIRECTION ( 'NONE',  ( 1.000000000000000000, 0.000000000000000000, 0.000000000000000000 ) ) ;
#561 = ORIENTED_EDGE ( 'NONE', *, *, #2377, .F. ) ;
#562 = ORIENTED_EDGE ( 'NONE', *, *, #3597, .T. ) ;
#563 = CYLINDRICAL_SURFACE ( 'NONE', #2085, 0.1249999999999999306 ) ;
#564 = CARTESIAN_POINT ( 'NONE',  ( 0.8189576286365950475, 2.049244634020912059, 0.8750000000000001110 ) ) ;
#565 = CARTESIAN_POINT ( 'NONE',  ( 6.329505302214732509, -1.280347801564878818, 0.000000000000000000 ) ) ;
#566 = CYLINDRICAL_SURFACE ( 'NONE', #4368, 0.2500000000000000000 ) ;
#567 = EDGE_CURVE ( 'NONE', #3899, #1707, #606, .T. ) ;
#568 = ORIENTED_EDGE ( 'NONE', *, *, #885, .T. ) ;
#569 = ORIENTED_EDGE ( 'NONE', *, *, #4144, .T. ) ;
#570 = ADVANCED_FACE ( 'NONE', ( #1758 ), #4557, .T. ) ;
#571 = CARTESIAN_POINT ( 'NONE',  ( 1.914784329451619804, -0.3094597800911561003, 0.8750000000000001110 ) ) ;
#572 = DIRECTION ( 'NONE',  ( 0.000000000000000000, -0.000000000000000000, -1.000000000000000000 ) ) ;
#573 = ORIENTED_EDGE ( 'NONE', *, *, #2072, .T. ) ;
#574 = ADVANCED_FACE ( 'NONE', ( #957 ), #4882, .T. ) ;
#575 = DIRECTION ( 'NONE',  ( 0.000000000000000000, 0.000000000000000000, 1.000000000000000000 ) ) ;
#576 = ORIENTED_EDGE ( 'NONE', *, *, #2828, .F. ) ;
#577 = CARTESIAN_POINT ( 'NONE',  ( 0.7445754485141858892, 2.734281673631104415, 1.000000000000000000 ) ) ;
#578 = CARTESIAN_POINT ( 'NONE',  ( 0.2083333333328080961, 1.441144819429315049, 0.000000000000000000 ) ) ;
#579 = VECTOR ( 'NONE', #2449, 100.0000000000000000 ) ;
#580 = TOROIDAL_SURFACE ( 'NONE', #3454, 0.3750000000000000000, 0.1250000000000000000 ) ;
#581 = DIRECTION ( 'NONE',  ( -0.000000000000000000, 0.000000000000000000, 1.000000000000000000 ) ) ;
#582 = EDGE_CURVE ( 'NONE', #962, #2390, #1339, .T. ) ;
#583 = CARTESIAN_POINT ( 'NONE',  ( -0.1521523890381501487, 0.9842816736313548809, -3.037681718995442814 ) ) ;
#584 = VECTOR ( 'NONE', #2683, 100.0000000000000000 ) ;
#585 = DIRECTION ( 'NONE',  ( -0.000000000000000000, -0.000000000000000000, -1.000000000000000000 ) ) ;
#586 = AXIS2_PLACEMENT_3D ( 'NONE', #5068, #4281, #3101 ) ;
#587 = ORIENTED_EDGE ( 'NONE', *, *, #899, .F. ) ;
#588 = CIRCLE ( 'NONE', #2066, 0.3750000000000003331 ) ;
#589 = VERTEX_POINT ( 'NONE', #4531 ) ;
#590 = CIRCLE ( 'NONE', #2319, 0.6250000000004987122 ) ;
#591 = AXIS2_PLACEMENT_3D ( 'NONE', #4626, #729, #2295 ) ;
#592 = LINE ( 'NONE', #2162, #1750 ) ;
#593 = FACE_OUTER_BOUND ( 'NONE', #2353, .T. ) ;
#594 = EDGE_CURVE ( 'NONE', #2236, #974, #4499, .T. ) ;
#595 = CARTESIAN_POINT ( 'NONE',  ( 1.554943926374584118, 2.385403991624745146, 1.000000000000000000 ) ) ;
#596 = CARTESIAN_POINT ( 'NONE',  ( 0.5833333333328081238, 1.441144819429315049, 0.1250000000000001110 ) ) ;
#597 = AXIS2_PLACEMENT_3D ( 'NONE', #950, #1828, #673 ) ;
#598 = ORIENTED_EDGE ( 'NONE', *, *, #1317, .T. ) ;
#599 = EDGE_LOOP ( 'NONE', ( #89, #1091, #5061, #1656 ) ) ;
#600 = CARTESIAN_POINT ( 'NONE',  ( 1.226538830299759297, -0.5914118660525651272, 0.8750000000000001110 ) ) ;
#601 = DIRECTION ( 'NONE',  ( -0.000000000000000000, 0.000000000000000000, 1.000000000000000000 ) ) ;
#602 = ORIENTED_EDGE ( 'NONE', *, *, #291, .T. ) ;
#603 = CARTESIAN_POINT ( 'NONE',  ( 5.847709038029023532, 2.049244634020913391, 1.000000000000000000 ) ) ;
#604 = EDGE_LOOP ( 'NONE', ( #3254, #2575, #981, #4822 ) ) ;
#605 = EDGE_LOOP ( 'NONE', ( #96, #4745, #447, #4529 ) ) ;
#606 = CIRCLE ( 'NONE', #927, 0.1250000000000000278 ) ;
#607 = CARTESIAN_POINT ( 'NONE',  ( 3.931223537724024109, 0.5467816736313562131, 0.000000000000000000 ) ) ;
#608 = CIRCLE ( 'NONE', #1017, 0.1249999999999999584 ) ;
#609 = CARTESIAN_POINT ( 'NONE',  ( 6.329505302214732509, -1.280347801564878818, 0.1250000000000000000 ) ) ;
#610 = LINE ( 'NONE', #4536, #3139 ) ;
#611 = TOROIDAL_SURFACE ( 'NONE', #3890, 0.3750000000000000000, 0.1250000000000000000 ) ;
#612 = DIRECTION ( 'NONE',  ( 0.7379946335230570531, 0.6748065803555628461, 0.000000000000000000 ) ) ;
#613 = FACE_OUTER_BOUND ( 'NONE', #604, .T. ) ;
#614 = DIRECTION ( 'NONE',  ( 1.000000000000000000, 0.000000000000000000, 0.000000000000000000 ) ) ;
#615 = VERTEX_POINT ( 'NONE', #2961 ) ;
#616 = AXIS2_PLACEMENT_3D ( 'NONE', #475, #2324, #395 ) ;
#617 = ORIENTED_EDGE ( 'NONE', *, *, #3603, .F. ) ;
#618 = CIRCLE ( 'NONE', #2348, 0.1250000000000000000 ) ;
#619 = EDGE_CURVE ( 'NONE', #4143, #2236, #1183, .T. ) ;
#620 = DIRECTION ( 'NONE',  ( -0.000000000000000000, 0.000000000000000000, 1.000000000000000000 ) ) ;
#621 = DIRECTION ( 'NONE',  ( -0.000000000000000000, 0.000000000000000000, 1.000000000000000000 ) ) ;
#622 = LINE ( 'NONE', #238, #4311 ) ;
#623 = DIRECTION ( 'NONE',  ( 0.000000000000000000, -0.000000000000000000, -1.000000000000000000 ) ) ;
#624 = ORIENTED_EDGE ( 'NONE', *, *, #1779, .T. ) ;
#625 = VERTEX_POINT ( 'NONE', #4142 ) ;
#626 = EDGE_CURVE ( 'NONE', #4742, #2470, #4698, .T. ) ;
#627 = EDGE_CURVE ( 'NONE', #1721, #2567, #978, .T. ) ;
#628 = FACE_OUTER_BOUND ( 'NONE', #15, .T. ) ;
#629 = DIRECTION ( 'NONE',  ( 0.000000000000000000, 0.000000000000000000, -1.000000000000000000 ) ) ;
#630 = ORIENTED_EDGE ( 'NONE', *, *, #2696, .F. ) ;
#631 = DIRECTION ( 'NONE',  ( 0.4848507739774313152, 0.8745968939880166548, 0.000000000000000000 ) ) ;
#632 = EDGE_LOOP ( 'NONE', ( #3853, #2566, #3593, #4374, #573, #4152, #2642, #2576, #3416, #4905 ) ) ;
#633 = ORIENTED_EDGE ( 'NONE', *, *, #355, .T. ) ;
#634 = EDGE_CURVE ( 'NONE', #4701, #827, #2603, .T. ) ;
#635 = CARTESIAN_POINT ( 'NONE',  ( 4.718821381270156934, -0.2763610750324668186, 0.8750000000000001110 ) ) ;
#636 = DIRECTION ( 'NONE',  ( 0.4999999999999964473, 0.8660254037844408170, 0.000000000000000000 ) ) ;
#637 = CARTESIAN_POINT ( 'NONE',  ( 1.770967754350238899, -0.09968527303516640237, 0.1250000000000000000 ) ) ;
#638 = EDGE_CURVE ( 'NONE', #589, #1409, #4113, .T. ) ;
#639 = DIRECTION ( 'NONE',  ( 0.000000000000000000, -0.000000000000000000, 1.000000000000000000 ) ) ;
#640 = DIRECTION ( 'NONE',  ( -1.000000000000000000, 0.000000000000000000, 0.000000000000000000 ) ) ;
#641 = DIRECTION ( 'NONE',  ( 0.000000000000000000, -0.000000000000000000, -1.000000000000000000 ) ) ;
#642 = EDGE_LOOP ( 'NONE', ( #1024, #1129, #568, #403 ) ) ;
#643 = EDGE_CURVE ( 'NONE', #625, #2334, #1781, .T. ) ;
#644 = ORIENTED_EDGE ( 'NONE', *, *, #3522, .T. ) ;
#645 = DIRECTION ( 'NONE',  ( 0.4999999999999975575, 0.8660254037844400399, 0.000000000000000000 ) ) ;
#646 = FACE_OUTER_BOUND ( 'NONE', #731, .T. ) ;
#647 = CARTESIAN_POINT ( 'NONE',  ( -0.5678270619582326262, 1.021023037790286470, 1.000000000000000000 ) ) ;
#648 = VERTEX_POINT ( 'NONE', #4072 ) ;
#649 = EDGE_LOOP ( 'NONE', ( #186, #4164, #4894, #1859 ) ) ;
#650 = CARTESIAN_POINT ( 'NONE',  ( 2.036284050917887889, -0.3646989760311197259, 0.1250000000000000000 ) ) ;
#651 = CARTESIAN_POINT ( 'NONE',  ( 6.083333333332806347, 1.934843059629777207, 0.000000000000000000 ) ) ;
#652 = ORIENTED_EDGE ( 'NONE', *, *, #1157, .F. ) ;
#653 = DIRECTION ( 'NONE',  ( 0.6748065803555622910, -0.7379946335230577192, 0.000000000000000000 ) ) ;
#654 = ORIENTED_EDGE ( 'NONE', *, *, #1606, .T. ) ;
#655 = EDGE_CURVE ( 'NONE', #246, #4575, #4944, .T. ) ;
#656 = CARTESIAN_POINT ( 'NONE',  ( -1.237753926001241345, 1.158014797514981042, 0.1250000000000000000 ) ) ;
#657 = EDGE_CURVE ( 'NONE', #4936, #3962, #4843, .T. ) ;
#658 = DIRECTION ( 'NONE',  ( 0.8063172789114420036, 0.5914832590436079895, 0.000000000000000000 ) ) ;
#659 = CARTESIAN_POINT ( 'NONE',  ( 8.275833333333304509, 2.109281673631105303, -3.252606517456513302E-17 ) ) ;
#660 = CIRCLE ( 'NONE', #4913, 1.000000000000496936 ) ;
#661 = DIRECTION ( 'NONE',  ( 0.000000000000000000, 0.000000000000000000, -1.000000000000000000 ) ) ;
#662 = CARTESIAN_POINT ( 'NONE',  ( 3.923789091144260777, -2.312411970999686428, 1.000000000000000000 ) ) ;
#663 = DIRECTION ( 'NONE',  ( 0.000000000000000000, 0.000000000000000000, 1.000000000000000000 ) ) ;
#664 = VERTEX_POINT ( 'NONE', #946 ) ;
#665 = CIRCLE ( 'NONE', #2463, 0.6249999999999998890 ) ;
#666 = CIRCLE ( 'NONE', #181, 0.1249999999999999584 ) ;
#667 = VECTOR ( 'NONE', #585, 100.0000000000000000 ) ;
#668 = FACE_OUTER_BOUND ( 'NONE', #1453, .T. ) ;
#669 = DIRECTION ( 'NONE',  ( 1.000000000000000000, 1.040834085586084257E-15, 0.000000000000000000 ) ) ;
#670 = EDGE_CURVE ( 'NONE', #2430, #2851, #2333, .T. ) ;
#671 = CARTESIAN_POINT ( 'NONE',  ( 3.390179647233196203, -1.957321131931267333, 0.000000000000000000 ) ) ;
#672 = AXIS2_PLACEMENT_3D ( 'NONE', #817, #5053, #3513 ) ;
#673 = DIRECTION ( 'NONE',  ( 1.000000000000000000, 0.000000000000000000, 0.000000000000000000 ) ) ;
#674 = ORIENTED_EDGE ( 'NONE', *, *, #1412, .F. ) ;
#675 = CIRCLE ( 'NONE', #910, 0.6249999999999998890 ) ;
#676 = CIRCLE ( 'NONE', #2641, 1.000000000000496936 ) ;
#677 = ORIENTED_EDGE ( 'NONE', *, *, #3984, .F. ) ;
#678 = VECTOR ( 'NONE', #3562, 100.0000000000000142 ) ;
#679 = CARTESIAN_POINT ( 'NONE',  ( 6.998049329128211760, 0.6423488240854616782, 0.1250000000000000000 ) ) ;
#680 = CARTESIAN_POINT ( 'NONE',  ( -1.153403103456795975, 1.250264126705363132, 0.000000000000000000 ) ) ;
#681 = CIRCLE ( 'NONE', #1002, 0.2500000000000000555 ) ;
#682 = ORIENTED_EDGE ( 'NONE', *, *, #2757, .F. ) ;
#683 = VERTEX_POINT ( 'NONE', #1267 ) ;
#684 = ORIENTED_EDGE ( 'NONE', *, *, #2945, .F. ) ;
#685 = CIRCLE ( 'NONE', #3549, 0.1250000000000000555 ) ;
#686 = AXIS2_PLACEMENT_3D ( 'NONE', #1658, #95, #3221 ) ;
#687 = DIRECTION ( 'NONE',  ( 1.000000000000000000, 0.000000000000000000, 0.000000000000000000 ) ) ;
#688 = ADVANCED_FACE ( 'NONE', ( #2831 ), #563, .T. ) ;
#689 = DIRECTION ( 'NONE',  ( 0.8063172789114414485, -0.5914832590436086557, 0.000000000000000000 ) ) ;
#690 = AXIS2_PLACEMENT_3D ( 'NONE', #2929, #4544, #2981 ) ;
#691 = ADVANCED_FACE ( 'NONE', ( #2086 ), #853, .T. ) ;
#692 = VECTOR ( 'NONE', #4442, 100.0000000000000000 ) ;
#693 = DIRECTION ( 'NONE',  ( -0.8488333363955136157, 0.5286605404450580581, 0.000000000000000000 ) ) ;
#694 = FACE_OUTER_BOUND ( 'NONE', #312, .T. ) ;
#695 = FACE_OUTER_BOUND ( 'NONE', #1822, .T. ) ;
#696 = VERTEX_POINT ( 'NONE', #1746 ) ;
#697 = VECTOR ( 'NONE', #1107, 100.0000000000000142 ) ;
#698 = DIRECTION ( 'NONE',  ( 1.000000000000000000, 0.000000000000000000, 0.000000000000000000 ) ) ;
#699 = DIRECTION ( 'NONE',  ( 0.4848507739774307046, 0.8745968939880168769, 0.000000000000000000 ) ) ;
#700 = CIRCLE ( 'NONE', #3314, 0.1250000000000001943 ) ;
#701 = CARTESIAN_POINT ( 'NONE',  ( 4.008139913688538059, -2.404661300189884887, 0.8750000000000001110 ) ) ;
#702 = FACE_OUTER_BOUND ( 'NONE', #524, .T. ) ;
#703 = ORIENTED_EDGE ( 'NONE', *, *, #1484, .F. ) ;
#704 = ORIENTED_EDGE ( 'NONE', *, *, #872, .F. ) ;
#705 = EDGE_CURVE ( 'NONE', #2192, #4465, #3312, .T. ) ;
#706 = AXIS2_PLACEMENT_3D ( 'NONE', #1423, #2654, #3814 ) ;
#707 = DIRECTION ( 'NONE',  ( 0.000000000000000000, -0.000000000000000000, -1.000000000000000000 ) ) ;
#708 = DIRECTION ( 'NONE',  ( 0.000000000000000000, -0.000000000000000000, -1.000000000000000000 ) ) ;
#709 = ORIENTED_EDGE ( 'NONE', *, *, #627, .F. ) ;
#710 = ORIENTED_EDGE ( 'NONE', *, *, #338, .T. ) ;
#711 = ORIENTED_EDGE ( 'NONE', *, *, #2378, .T. ) ;
#712 = DIRECTION ( 'NONE',  ( 0.000000000000000000, 0.000000000000000000, -1.000000000000000000 ) ) ;
#713 = DIRECTION ( 'NONE',  ( 0.000000000000000000, -0.000000000000000000, -1.000000000000000000 ) ) ;
#714 = DIRECTION ( 'NONE',  ( 0.7067032079892092700, 0.7075101241803967156, -1.227334421907000990E-15 ) ) ;
#715 = CARTESIAN_POINT ( 'NONE',  ( 4.895698912315332940, -0.09968527303524156447, 0.8750000000000001110 ) ) ;
#716 = FACE_OUTER_BOUND ( 'NONE', #2374, .T. ) ;
#717 = DIRECTION ( 'NONE',  ( -0.000000000000000000, 0.000000000000000000, 1.000000000000000000 ) ) ;
#718 = ORIENTED_EDGE ( 'NONE', *, *, #4842, .F. ) ;
#719 = EDGE_CURVE ( 'NONE', #1518, #782, #771, .T. ) ;
#720 = EDGE_CURVE ( 'NONE', #1958, #4034, #4871, .T. ) ;
#721 = CARTESIAN_POINT ( 'NONE',  ( 6.083333333332806347, 1.441144819429314827, 1.000000000000000000 ) ) ;
#722 = DIRECTION ( 'NONE',  ( -0.4999999999999975575, 0.8660254037844400399, -0.000000000000000000 ) ) ;
#723 = DIRECTION ( 'NONE',  ( -0.5914832590436079895, -0.8063172789114421146, 0.000000000000000000 ) ) ;
#724 = DIRECTION ( 'NONE',  ( -0.000000000000000000, -0.000000000000000000, -1.000000000000000000 ) ) ;
#725 = ADVANCED_FACE ( 'NONE', ( #2802 ), #2254, .T. ) ;
#726 = ORIENTED_EDGE ( 'NONE', *, *, #36, .T. ) ;
#727 = ORIENTED_EDGE ( 'NONE', *, *, #1442, .F. ) ;
#728 = DIRECTION ( 'NONE',  ( 0.000000000000000000, 0.000000000000000000, 1.000000000000000000 ) ) ;
#729 = DIRECTION ( 'NONE',  ( 0.000000000000000000, 0.000000000000000000, -1.000000000000000000 ) ) ;
#730 = ADVANCED_FACE ( 'NONE', ( #875 ), #4857, .T. ) ;
#731 = EDGE_LOOP ( 'NONE', ( #2321, #4708, #4467, #4804, #1500, #602 ) ) ;
#732 = ORIENTED_EDGE ( 'NONE', *, *, #4165, .T. ) ;
#733 = FACE_OUTER_BOUND ( 'NONE', #2092, .T. ) ;
#734 = EDGE_CURVE ( 'NONE', #1080, #1721, #1996, .T. ) ;
#735 = CYLINDRICAL_SURFACE ( 'NONE', #5005, 1.000000000000000000 ) ;
#736 = DIRECTION ( 'NONE',  ( 0.000000000000000000, -0.000000000000000000, -1.000000000000000000 ) ) ;
#737 = ORIENTED_EDGE ( 'NONE', *, *, #244, .F. ) ;
#738 = PLANE ( 'NONE',  #3969 ) ;
#739 = CARTESIAN_POINT ( 'NONE',  ( 4.957905645358342106, -0.5157183263686453412, 0.1250000000000000000 ) ) ;
#740 = CARTESIAN_POINT ( 'NONE',  ( 4.425570847601670188, -0.6679479382914954577, 1.000000000000000000 ) ) ;
#741 = EDGE_CURVE ( 'NONE', #925, #4474, #4051, .T. ) ;
#742 = ORIENTED_EDGE ( 'NONE', *, *, #4304, .F. ) ;
#743 = AXIS2_PLACEMENT_3D ( 'NONE', #2742, #361, #4309 ) ;
#744 = CARTESIAN_POINT ( 'NONE',  ( 3.333333333332808568, -1.666666666666644092, 0.8750000000000001110 ) ) ;
#745 = DIRECTION ( 'NONE',  ( -0.000000000000000000, 0.000000000000000000, 1.000000000000000000 ) ) ;
#746 = DIRECTION ( 'NONE',  ( 0.000000000000000000, 0.000000000000000000, -1.000000000000000000 ) ) ;
#747 = AXIS2_PLACEMENT_3D ( 'NONE', #3041, #1397, #1430 ) ;
#748 = CARTESIAN_POINT ( 'NONE',  ( 3.276709006306867344, 0.2342816736313546866, 1.000000000000000000 ) ) ;
#749 = ORIENTED_EDGE ( 'NONE', *, *, #2776, .T. ) ;
#750 = ORIENTED_EDGE ( 'NONE', *, *, #4369, .T. ) ;
#751 = VECTOR ( 'NONE', #2148, 100.0000000000000000 ) ;
#752 = EDGE_CURVE ( 'NONE', #3705, #1793, #2852, .T. ) ;
#753 = AXIS2_PLACEMENT_3D ( 'NONE', #3340, #295, #4567 ) ;
#754 = DIRECTION ( 'NONE',  ( 0.7905577474212254208, 0.6123874982331675154, 0.000000000000000000 ) ) ;
#755 = DIRECTION ( 'NONE',  ( 0.4999999999999982792, 0.8660254037844397068, 0.000000000000000000 ) ) ;
#756 = AXIS2_PLACEMENT_3D ( 'NONE', #4892, #943, #1381 ) ;
#757 = ORIENTED_EDGE ( 'NONE', *, *, #1788, .F. ) ;
#758 = AXIS2_PLACEMENT_3D ( 'NONE', #3654, #2480, #4782 ) ;
#759 = CIRCLE ( 'NONE', #2069, 0.7599999999999675904 ) ;
#760 = CIRCLE ( 'NONE', #1903, 0.1250000000000000000 ) ;
#761 = CARTESIAN_POINT ( 'NONE',  ( 7.833333333332806347, 2.109281673631105303, 0.1249999999999999445 ) ) ;
#762 = DIRECTION ( 'NONE',  ( -0.7067032079892088259, -0.7075101241803972707, 0.000000000000000000 ) ) ;
#763 = DIRECTION ( 'NONE',  ( -0.8063172789114402272, 0.5914832590436105431, 0.000000000000000000 ) ) ;
#764 = VECTOR ( 'NONE', #724, 100.0000000000000000 ) ;
#765 = ORIENTED_EDGE ( 'NONE', *, *, #5001, .F. ) ;
#766 = VECTOR ( 'NONE', #1550, 100.0000000000000000 ) ;
#767 = DIRECTION ( 'NONE',  ( 0.000000000000000000, 0.000000000000000000, -1.000000000000000000 ) ) ;
#768 = AXIS2_PLACEMENT_3D ( 'NONE', #834, #3192, #2404 ) ;
#769 = FACE_OUTER_BOUND ( 'NONE', #145, .T. ) ;
#770 = VERTEX_POINT ( 'NONE', #3644 ) ;
#771 = CIRCLE ( 'NONE', #1505, 0.8749999999999998890 ) ;
#772 = DIRECTION ( 'NONE',  ( 1.000000000000000000, 0.000000000000000000, 0.000000000000000000 ) ) ;
#773 = DIRECTION ( 'NONE',  ( 1.000000000000000000, 0.000000000000000000, 0.000000000000000000 ) ) ;
#774 = CARTESIAN_POINT ( 'NONE',  ( 3.931223537724024109, 0.5467816736313562131, 0.8750000000000001110 ) ) ;
#775 = AXIS2_PLACEMENT_3D ( 'NONE', #486, #2867, #1262 ) ;
#776 = EDGE_LOOP ( 'NONE', ( #426, #4615, #3184, #1671 ) ) ;
#777 = VERTEX_POINT ( 'NONE', #1697 ) ;
#778 = CIRCLE ( 'NONE', #3157, 0.3750000000000000000 ) ;
#779 = DIRECTION ( 'NONE',  ( -0.6748065803555636233, -0.7379946335230563870, 0.000000000000000000 ) ) ;
#780 = DIRECTION ( 'NONE',  ( 0.000000000000000000, 0.000000000000000000, -1.000000000000000000 ) ) ;
#781 = CARTESIAN_POINT ( 'NONE',  ( 6.992166819850679005, 0.7672103317033008851, 1.000000000000000000 ) ) ;
#782 = VERTEX_POINT ( 'NONE', #3257 ) ;
#783 = VECTOR ( 'NONE', #4160, 100.0000000000000000 ) ;
#784 = EDGE_CURVE ( 'NONE', #2934, #1140, #4814, .T. ) ;
#785 = EDGE_CURVE ( 'NONE', #1631, #920, #922, .T. ) ;
#786 = CIRCLE ( 'NONE', #2587, 1.124999999999999556 ) ;
#787 = FACE_OUTER_BOUND ( 'NONE', #1135, .T. ) ;
#788 = CARTESIAN_POINT ( 'NONE',  ( 3.276709006306867344, 0.8592816736313547699, 1.000000000000000000 ) ) ;
#789 = CARTESIAN_POINT ( 'NONE',  ( 7.833333333332806347, 2.109281673631105303, 0.8750000000000001110 ) ) ;
#790 = ORIENTED_EDGE ( 'NONE', *, *, #3812, .T. ) ;
#791 = CARTESIAN_POINT ( 'NONE',  ( 0.4802452864405952759, 0.3720110396248216267, 1.000000000000000000 ) ) ;
#792 = DIRECTION ( 'NONE',  ( -0.7379946335230570531, -0.6748065803555628461, 0.000000000000000000 ) ) ;
#793 = CARTESIAN_POINT ( 'NONE',  ( -0.5629473456456782765, 1.896009431038038207, 0.000000000000000000 ) ) ;
#794 = ORIENTED_EDGE ( 'NONE', *, *, #3018, .T. ) ;
#795 = LINE ( 'NONE', #2362, #2000 ) ;
#796 = CARTESIAN_POINT ( 'NONE',  ( 7.833333333332806347, 2.109281673631105303, 0.000000000000000000 ) ) ;
#797 =( NAMED_UNIT ( * ) PLANE_ANGLE_UNIT ( ) SI_UNIT ( $, .RADIAN. ) );
#798 = DIRECTION ( 'NONE',  ( -0.000000000000000000, 0.000000000000000000, 1.000000000000000000 ) ) ;
#799 = ADVANCED_FACE ( 'NONE', ( #3663 ), #3304, .T. ) ;
#800 = ORIENTED_EDGE ( 'NONE', *, *, #4464, .F. ) ;
#801 = ORIENTED_EDGE ( 'NONE', *, *, #3501, .F. ) ;
#802 = CARTESIAN_POINT ( 'NONE',  ( 7.625795835263509126, 0.9032462515051187246, 0.1249999999999999445 ) ) ;
#803 = DIRECTION ( 'NONE',  ( 1.000000000000000000, 8.921435019309292501E-16, 0.000000000000000000 ) ) ;
#804 = ADVANCED_FACE ( 'NONE', ( #1717 ), #4490, .F. ) ;
#805 = EDGE_LOOP ( 'NONE', ( #3583, #494, #617, #4824 ) ) ;
#806 = ORIENTED_EDGE ( 'NONE', *, *, #4035, .T. ) ;
#807 = DIRECTION ( 'NONE',  ( -0.000000000000000000, 0.000000000000000000, 1.000000000000000000 ) ) ;
#808 = FACE_BOUND ( 'NONE', #3017, .T. ) ;
#809 = DIRECTION ( 'NONE',  ( -0.000000000000000000, 0.000000000000000000, 1.000000000000000000 ) ) ;
#810 = VERTEX_POINT ( 'NONE', #3417 ) ;
#811 = ADVANCED_FACE ( 'NONE', ( #1874 ), #3771, .F. ) ;
#812 = DIRECTION ( 'NONE',  ( 0.000000000000000000, -0.000000000000000000, -1.000000000000000000 ) ) ;
#813 = DIRECTION ( 'NONE',  ( 1.000000000000000000, 0.000000000000000000, 0.000000000000000000 ) ) ;
#814 = EDGE_LOOP ( 'NONE', ( #120, #1473, #2352, #3893 ) ) ;
#815 = DIRECTION ( 'NONE',  ( 1.000000000000000000, 0.000000000000000000, 0.000000000000000000 ) ) ;
#816 = DIRECTION ( 'NONE',  ( 0.4999999999999981126, -0.8660254037844398178, 0.000000000000000000 ) ) ;
#817 = CARTESIAN_POINT ( 'NONE',  ( 3.923789091144260777, -2.312411970999686428, 0.1249999999999999445 ) ) ;
#818 = DIRECTION ( 'NONE',  ( -0.000000000000000000, 0.000000000000000000, 1.000000000000000000 ) ) ;
#819 = EDGE_LOOP ( 'NONE', ( #490, #1776, #2157, #4884 ) ) ;
#820 = ORIENTED_EDGE ( 'NONE', *, *, #127, .T. ) ;
#821 = ADVANCED_FACE ( 'NONE', ( #998 ), #852, .T. ) ;
#822 = TOROIDAL_SURFACE ( 'NONE', #1555, 0.3750000000000000000, 0.1250000000000000000 ) ;
#823 = DIRECTION ( 'NONE',  ( 0.000000000000000000, -0.000000000000000000, -1.000000000000000000 ) ) ;
#824 = DIRECTION ( 'NONE',  ( 1.000000000000000000, 0.000000000000000000, 0.000000000000000000 ) ) ;
#825 = ORIENTED_EDGE ( 'NONE', *, *, #4662, .F. ) ;
#826 = CIRCLE ( 'NONE', #1728, 0.9999999999999998890 ) ;
#827 = VERTEX_POINT ( 'NONE', #3362 ) ;
#828 = AXIS2_PLACEMENT_3D ( 'NONE', #3773, #4548, #1031 ) ;
#829 = CIRCLE ( 'NONE', #985, 0.1250000000000001110 ) ;
#830 = CARTESIAN_POINT ( 'NONE',  ( 0.3333333333328081238, 1.934843059629778539, 0.8750000000000001110 ) ) ;
#831 = CIRCLE ( 'NONE', #586, 0.1250000000000000000 ) ;
#832 = ORIENTED_EDGE ( 'NONE', *, *, #4881, .F. ) ;
#833 = VECTOR ( 'NONE', #1322, 100.0000000000000000 ) ;
#834 = CARTESIAN_POINT ( 'NONE',  ( 5.574300713180298850, 1.642674822278397784, 0.1250000000000000000 ) ) ;
#835 = ORIENTED_EDGE ( 'NONE', *, *, #1662, .T. ) ;
#836 = AXIS2_PLACEMENT_3D ( 'NONE', #4235, #2287, #1488 ) ;
#837 = CIRCLE ( 'NONE', #1984, 0.1250000000000000000 ) ;
#838 = CIRCLE ( 'NONE', #997, 0.2499999999999998890 ) ;
#839 = EDGE_CURVE ( 'NONE', #3675, #3631, #1444, .T. ) ;
#840 = CARTESIAN_POINT ( 'NONE',  ( 0.3152764829173616001, 0.5849764676983481015, 0.1250000000000000000 ) ) ;
#841 = CARTESIAN_POINT ( 'NONE',  ( 5.922091218152168324, 1.859281673631105303, 0.1249999999999999445 ) ) ;
#842 = CARTESIAN_POINT ( 'NONE',  ( -0.5629473456456782765, 1.896009431038038207, 1.000000000000000000 ) ) ;
#843 = AXIS2_PLACEMENT_3D ( 'NONE', #896, #878, #3666 ) ;
#844 = VERTEX_POINT ( 'NONE', #3437 ) ;
#845 = TOROIDAL_SURFACE ( 'NONE', #4370, 0.8750000000000001110, 0.1250000000000000000 ) ;
#846 = EDGE_CURVE ( 'NONE', #4399, #770, #969, .T. ) ;
#847 = LINE ( 'NONE', #2414, #2257 ) ;
#848 = CARTESIAN_POINT ( 'NONE',  ( 2.658526752977077301, -2.404661300189884443, 0.8750000000000001110 ) ) ;
#849 = CARTESIAN_POINT ( 'NONE',  ( 2.241095819063943839, -0.6679479382914945695, 0.1250000000000000000 ) ) ;
#850 = ORIENTED_EDGE ( 'NONE', *, *, #4697, .T. ) ;
#851 = EDGE_LOOP ( 'NONE', ( #2941, #1149, #3214, #3349 ) ) ;
#852 = TOROIDAL_SURFACE ( 'NONE', #121, 0.8750000000000001110, 0.1250000000000000000 ) ;
#853 = PLANE ( 'NONE',  #4457 ) ;
#854 = CIRCLE ( 'NONE', #3718, 0.1250000000000001388 ) ;
#855 = CARTESIAN_POINT ( 'NONE',  ( 5.882396348733596625, 2.252218469266419554, 1.000000000000000000 ) ) ;
#856 = CARTESIAN_POINT ( 'NONE',  ( 6.083333333332806347, 1.934843059629777207, 0.000000000000000000 ) ) ;
#857 = ADVANCED_FACE ( 'NONE', ( #668 ), #1429, .T. ) ;
#858 = ORIENTED_EDGE ( 'NONE', *, *, #1210, .T. ) ;
#859 = EDGE_LOOP ( 'NONE', ( #1292, #952, #1704, #868 ) ) ;
#860 = CARTESIAN_POINT ( 'NONE',  ( 1.139417427276564254, 2.055335365718709451, 0.000000000000000000 ) ) ;
#861 = AXIS2_PLACEMENT_3D ( 'NONE', #2623, #707, #2274 ) ;
#862 = ORIENTED_EDGE ( 'NONE', *, *, #2384, .F. ) ;
#863 = DIRECTION ( 'NONE',  ( 0.000000000000000000, -0.000000000000000000, -1.000000000000000000 ) ) ;
#864 = VERTEX_POINT ( 'NONE', #4097 ) ;
#865 = CIRCLE ( 'NONE', #1520, 0.2500000000000002220 ) ;
#866 = CARTESIAN_POINT ( 'NONE',  ( 4.708275309395858699, 2.142674822278395563, 0.8750000000000001110 ) ) ;
#867 = CYLINDRICAL_SURFACE ( 'NONE', #3366, 0.1250000000000000000 ) ;
#868 = ORIENTED_EDGE ( 'NONE', *, *, #2456, .F. ) ;
#869 = FACE_OUTER_BOUND ( 'NONE', #4366, .T. ) ;
#870 = EDGE_CURVE ( 'NONE', #3342, #615, #592, .T. ) ;
#871 = DIRECTION ( 'NONE',  ( -0.000000000000000000, 0.000000000000000000, 1.000000000000000000 ) ) ;
#872 = EDGE_CURVE ( 'NONE', #589, #2591, #5025, .T. ) ;
#873 = ORIENTED_EDGE ( 'NONE', *, *, #2920, .F. ) ;
#874 = EDGE_LOOP ( 'NONE', ( #1449, #2276, #1583, #2212, #2733 ) ) ;
#875 = FACE_OUTER_BOUND ( 'NONE', #3484, .T. ) ;
#876 = EDGE_CURVE ( 'NONE', #4551, #3872, #204, .T. ) ;
#877 = CARTESIAN_POINT ( 'NONE',  ( 4.679192561369222680, 0.02531472696475779716, 0.1250000000000000000 ) ) ;
#878 = DIRECTION ( 'NONE',  ( -0.6748065803555627351, -0.7379946335230571641, 0.000000000000000000 ) ) ;
#879 = ORIENTED_EDGE ( 'NONE', *, *, #3918, .F. ) ;
#880 = ORIENTED_EDGE ( 'NONE', *, *, #4128, .F. ) ;
#881 = ADVANCED_FACE ( 'NONE', ( #3746 ), #3711, .T. ) ;
#882 = DIRECTION ( 'NONE',  ( 1.000000000000000000, 0.000000000000000000, 0.000000000000000000 ) ) ;
#883 = ORIENTED_EDGE ( 'NONE', *, *, #70, .F. ) ;
#884 = DIRECTION ( 'NONE',  ( -0.5914832590436067683, -0.8063172789114431138, 1.398737512813419151E-15 ) ) ;
#885 = EDGE_CURVE ( 'NONE', #664, #5031, #3830, .T. ) ;
#886 = CARTESIAN_POINT ( 'NONE',  ( 3.389957660358748459, 0.8592816736313547699, 0.000000000000000000 ) ) ;
#887 = PLANE ( 'NONE',  #2071 ) ;
#888 = ADVANCED_FACE ( 'NONE', ( #262 ), #313, .T. ) ;
#889 = DIRECTION ( 'NONE',  ( -0.000000000000000000, 0.000000000000000000, 1.000000000000000000 ) ) ;
#890 = CARTESIAN_POINT ( 'NONE',  ( 0.2083333333328080961, 0.000000000000000000, 0.000000000000000000 ) ) ;
#891 = CARTESIAN_POINT ( 'NONE',  ( 5.821765092262280561, 2.218606285379856935, 0.8750000000000001110 ) ) ;
#892 = ORIENTED_EDGE ( 'NONE', *, *, #3230, .F. ) ;
#893 = EDGE_LOOP ( 'NONE', ( #3884, #2009, #587, #4382 ) ) ;
#894 = EDGE_CURVE ( 'NONE', #3514, #4742, #4974, .T. ) ;
#895 = DIRECTION ( 'NONE',  ( -0.000000000000000000, -1.000000000000000000, 0.000000000000000000 ) ) ;
#896 = CARTESIAN_POINT ( 'NONE',  ( 0.01306709766735258266, 0.01429068452347727336, 1.000000000000000000 ) ) ;
#897 = EDGE_LOOP ( 'NONE', ( #2328, #1058, #1506, #2709 ) ) ;
#898 = ORIENTED_EDGE ( 'NONE', *, *, #2628, .T. ) ;
#899 = EDGE_CURVE ( 'NONE', #1165, #962, #4129, .T. ) ;
#900 = AXIS2_PLACEMENT_3D ( 'NONE', #842, #408, #1967 ) ;
#901 = DIRECTION ( 'NONE',  ( 0.7067032079889022933, -0.7075101241807032482, 0.000000000000000000 ) ) ;
#902 = VERTEX_POINT ( 'NONE', #1794 ) ;
#903 = AXIS2_PLACEMENT_3D ( 'NONE', #2735, #4300, #4451 ) ;
#904 = DIRECTION ( 'NONE',  ( 1.156482317317869260E-16, -1.000000000000000000, 0.000000000000000000 ) ) ;
#905 = VECTOR ( 'NONE', #325, 100.0000000000000000 ) ;
#906 = CIRCLE ( 'NONE', #2394, 0.8750000000000007772 ) ;
#907 = VECTOR ( 'NONE', #3590, 100.0000000000000000 ) ;
#908 = LINE ( 'NONE', #866, #3283 ) ;
#909 = VERTEX_POINT ( 'NONE', #1826 ) ;
#910 = AXIS2_PLACEMENT_3D ( 'NONE', #2109, #3721, #4073 ) ;
#911 = TOROIDAL_SURFACE ( 'NONE', #1821, 0.3750000000000000000, 0.1250000000000000000 ) ;
#912 = EDGE_CURVE ( 'NONE', #4720, #3872, #3967, .T. ) ;
#913 = AXIS2_PLACEMENT_3D ( 'NONE', #1587, #5067, #2765 ) ;
#914 = VECTOR ( 'NONE', #3650, 100.0000000000000000 ) ;
#915 = DIRECTION ( 'NONE',  ( 1.000000000000000000, 1.156482317317871725E-16, 0.000000000000000000 ) ) ;
#916 = DIRECTION ( 'NONE',  ( 0.000000000000000000, -1.000000000000000000, 0.000000000000000000 ) ) ;
#917 = CLOSED_SHELL ( 'NONE', ( #2100, #2298, #2003, #881, #948, #4376, #160, #189, #4792, #1094, #1595, #3625, #1547, #3657, #1700, #691, #4258, #1437, #1445, #4159, #2515, #3661, #2039, #2407, #4890, #1530, #1625, #3022, #3393, #2482, #1529, #2616, #811, #804, #1044, #188, #2267, #92, #3744, #930, #3361, #4425, #2329, #286, #4255, #2442, #4956, #1964, #65, #2923, #2691, #2011, #4040, #3088, #348, #3277, #5050, #542, #4978, #556, #1477, #3946, #3335, #2160, #4972, #3754, #2247, #4430, #3456, #4349, #940, #2419, #2761, #3690, #1872, #1, #4724, #3517, #1150, #4506, #1177, #2979, #1753, #2955, #2666, #4640, #1254, #88, #2441, #4454, #3263, #2016, #4593, #4990, #1204, #3130, #4886, #5041, #799, #2571, #485, #4221, #3735, #1253, #1985, #4394, #3719, #1060, #570, #3297, #209, #248, #3369, #146, #1695, #725, #2598, #503, #3667, #2756, #3355, #1632, #495, #228, #2263, #271, #4060, #1360, #2606, #4111, #2784, #400, #1599, #4530, #2323, #1384, #888, #857, #2783, #688, #3607, #4588, #4850, #4326, #2985, #4661, #4192, #821, #2182, #4351, #1942, #1853, #4450, #2080, #1390, #1130, #730, #4335, #140, #4879, #4299, #2599, #3578, #3467, #3171, #1115, #3327, #4232, #379, #1064, #2847, #169, #3094, #574, #1095, #2438 ) ) ;
#918 = FACE_OUTER_BOUND ( 'NONE', #4084, .T. ) ;
#919 = ORIENTED_EDGE ( 'NONE', *, *, #2102, .T. ) ;
#920 = VERTEX_POINT ( 'NONE', #4716 ) ;
#921 = AXIS2_PLACEMENT_3D ( 'NONE', #1813, #3383, #4942 ) ;
#922 = LINE ( 'NONE', #543, #3963 ) ;
#923 = DIRECTION ( 'NONE',  ( -1.000000000000000000, -1.156482317317871725E-16, 0.000000000000000000 ) ) ;
#924 = DIRECTION ( 'NONE',  ( 0.8488333363955135047, -0.5286605404450580581, 0.000000000000000000 ) ) ;
#925 = VERTEX_POINT ( 'NONE', #1487 ) ;
#926 = ORIENTED_EDGE ( 'NONE', *, *, #3656, .F. ) ;
#927 = AXIS2_PLACEMENT_3D ( 'NONE', #3704, #201, #3374 ) ;
#928 = PLANE ( 'NONE',  #1192 ) ;
#929 = DIRECTION ( 'NONE',  ( -0.8660254037844393737, 0.4999999999999988898, 0.000000000000000000 ) ) ;
#930 = ADVANCED_FACE ( 'NONE', ( #3056 ), #3490, .F. ) ;
#931 = ORIENTED_EDGE ( 'NONE', *, *, #4171, .F. ) ;
#932 = EDGE_CURVE ( 'NONE', #1523, #1644, #1211, .T. ) ;
#933 = DIRECTION ( 'NONE',  ( 1.000000000000000000, 0.000000000000000000, 0.000000000000000000 ) ) ;
#934 = AXIS2_PLACEMENT_3D ( 'NONE', #4312, #2692, #3082 ) ;
#935 = CIRCLE ( 'NONE', #2095, 0.3750000000000000000 ) ;
#936 = FACE_OUTER_BOUND ( 'NONE', #3261, .T. ) ;
#937 = CARTESIAN_POINT ( 'NONE',  ( 5.111722740291312128, 2.385403991624746034, 1.000000000000000000 ) ) ;
#938 = LINE ( 'NONE', #4807, #3215 ) ;
#939 = AXIS2_PLACEMENT_3D ( 'NONE', #3958, #2422, #2803 ) ;
#940 = ADVANCED_FACE ( 'NONE', ( #2769 ), #2088, .T. ) ;
#941 = CYLINDRICAL_SURFACE ( 'NONE', #2335, 0.1250000000000001110 ) ;
#942 = CARTESIAN_POINT ( 'NONE',  ( 7.833333333332806347, 2.109281673631105303, 0.8750000000000001110 ) ) ;
#943 = DIRECTION ( 'NONE',  ( -0.000000000000000000, 0.000000000000000000, 1.000000000000000000 ) ) ;
#944 = ORIENTED_EDGE ( 'NONE', *, *, #1035, .T. ) ;
#945 = ORIENTED_EDGE ( 'NONE', *, *, #626, .T. ) ;
#946 = CARTESIAN_POINT ( 'NONE',  ( 5.100377427957232257, -1.405942571814552178, 0.1249999999999999445 ) ) ;
#947 = CARTESIAN_POINT ( 'NONE',  ( 5.882396348733595737, 2.252218469266419554, 0.000000000000000000 ) ) ;
#948 = ADVANCED_FACE ( 'NONE', ( #1971 ), #4703, .T. ) ;
#949 = DIRECTION ( 'NONE',  ( -1.000000000000000000, 0.000000000000000000, 0.000000000000000000 ) ) ;
#950 = CARTESIAN_POINT ( 'NONE',  ( 3.276709006306867344, 0.8592816736313547699, 0.8750000000000001110 ) ) ;
#951 = ORIENTED_EDGE ( 'NONE', *, *, #4787, .F. ) ;
#952 = ORIENTED_EDGE ( 'NONE', *, *, #3385, .F. ) ;
#953 = LINE ( 'NONE', #1226, #3320 ) ;
#954 = CARTESIAN_POINT ( 'NONE',  ( 0.6024512776904850098, 1.924244634020912725, 0.000000000000000000 ) ) ;
#955 = EDGE_CURVE ( 'NONE', #3615, #4418, #2413, .T. ) ;
#956 = ORIENTED_EDGE ( 'NONE', *, *, #2541, .T. ) ;
#957 = FACE_OUTER_BOUND ( 'NONE', #362, .T. ) ;
#958 = EDGE_LOOP ( 'NONE', ( #1198, #2497, #4598, #2186 ) ) ;
#959 = ORIENTED_EDGE ( 'NONE', *, *, #3761, .F. ) ;
#960 = LINE ( 'NONE', #1321, #3535 ) ;
#961 = DIRECTION ( 'NONE',  ( 1.000000000000000000, -1.792547591842698955E-15, 0.000000000000000000 ) ) ;
#962 = VERTEX_POINT ( 'NONE', #3901 ) ;
#963 = EDGE_CURVE ( 'NONE', #1616, #3908, #4126, .T. ) ;
#964 = DIRECTION ( 'NONE',  ( 0.4999999999999980571, -0.8660254037844397068, 0.000000000000000000 ) ) ;
#965 = PLANE ( 'NONE',  #4841 ) ;
#966 = CARTESIAN_POINT ( 'NONE',  ( 2.145967754350238899, -0.09968527303516640237, 0.1250000000000000000 ) ) ;
#967 = ORIENTED_EDGE ( 'NONE', *, *, #4862, .T. ) ;
#968 = ORIENTED_EDGE ( 'NONE', *, *, #2220, .T. ) ;
#969 = LINE ( 'NONE', #2240, #448 ) ;
#970 = DIRECTION ( 'NONE',  ( 0.7379946335230571641, -0.6748065803555627351, -0.000000000000000000 ) ) ;
#971 = CYLINDRICAL_SURFACE ( 'NONE', #216, 1.000000000000000222 ) ;
#972 = FACE_OUTER_BOUND ( 'NONE', #3655, .T. ) ;
#973 = ORIENTED_EDGE ( 'NONE', *, *, #2392, .T. ) ;
#974 = VERTEX_POINT ( 'NONE', #3875 ) ;
#975 = DIRECTION ( 'NONE',  ( -0.7905577474212254208, -0.6123874982331675154, 0.000000000000000000 ) ) ;
#976 = LINE ( 'NONE', #4216, #2885 ) ;
#977 = EDGE_LOOP ( 'NONE', ( #112, #195, #892, #3191 ) ) ;
#978 = LINE ( 'NONE', #4855, #284 ) ;
#979 = ORIENTED_EDGE ( 'NONE', *, *, #3224, .F. ) ;
#980 = CIRCLE ( 'NONE', #900, 0.8750000000000001110 ) ;
#981 = ORIENTED_EDGE ( 'NONE', *, *, #839, .T. ) ;
#982 = DIRECTION ( 'NONE',  ( 1.000000000000000000, 0.000000000000000000, 0.000000000000000000 ) ) ;
#983 = DIRECTION ( 'NONE',  ( -0.000000000000000000, -0.000000000000000000, -1.000000000000000000 ) ) ;
#984 = CARTESIAN_POINT ( 'NONE',  ( 6.950989254907947057, 1.641240885028175889, 0.8750000000000001110 ) ) ;
#985 = AXIS2_PLACEMENT_3D ( 'NONE', #3001, #3330, #3737 ) ;
#986 = CIRCLE ( 'NONE', #4352, 0.8750000000000001110 ) ;
#987 = CARTESIAN_POINT ( 'NONE',  ( 1.201653249181793282, -1.200282762131756664, 0.1250000000000000000 ) ) ;
#988 = DIRECTION ( 'NONE',  ( 1.000000000000000000, 0.000000000000000000, 0.000000000000000000 ) ) ;
#989 = LINE ( 'NONE', #2156, #3127 ) ;
#990 = VECTOR ( 'NONE', #4810, 100.0000000000000000 ) ;
#991 = ORIENTED_EDGE ( 'NONE', *, *, #3069, .F. ) ;
#992 = EDGE_CURVE ( 'NONE', #3835, #3514, #125, .T. ) ;
#993 = VECTOR ( 'NONE', #3100, 100.0000000000000142 ) ;
#994 = ORIENTED_EDGE ( 'NONE', *, *, #4278, .F. ) ;
#995 = AXIS2_PLACEMENT_3D ( 'NONE', #5027, #4207, #2646 ) ;
#996 = AXIS2_PLACEMENT_3D ( 'NONE', #2700, #5035, #3064 ) ;
#997 = AXIS2_PLACEMENT_3D ( 'NONE', #4043, #3228, #4428 ) ;
#998 = FACE_OUTER_BOUND ( 'NONE', #1701, .T. ) ;
#999 = DIRECTION ( 'NONE',  ( 1.000000000000000000, 3.556183125752454544E-15, 0.000000000000000000 ) ) ;
#1000 = LINE ( 'NONE', #4176, #3043 ) ;
#1001 = DIRECTION ( 'NONE',  ( -0.000000000000000000, 0.000000000000000000, 1.000000000000000000 ) ) ;
#1002 = AXIS2_PLACEMENT_3D ( 'NONE', #3396, #2211, #3316 ) ;
#1003 = ORIENTED_EDGE ( 'NONE', *, *, #3886, .T. ) ;
#1004 = AXIS2_PLACEMENT_3D ( 'NONE', #3892, #1610, #763 ) ;
#1005 = VERTEX_POINT ( 'NONE', #2385 ) ;
#1006 = VECTOR ( 'NONE', #3652, 100.0000000000000000 ) ;
#1007 = CARTESIAN_POINT ( 'NONE',  ( 3.333333333332808568, -1.666666666666644092, 1.000000000000000000 ) ) ;
#1008 = DIRECTION ( 'NONE',  ( 0.8745968939880168769, -0.4848507739774307046, -1.345731231942678106E-15 ) ) ;
#1009 = EDGE_CURVE ( 'NONE', #3515, #2850, #3560, .T. ) ;
#1010 = VERTEX_POINT ( 'NONE', #3128 ) ;
#1011 = CARTESIAN_POINT ( 'NONE',  ( 3.333333333332808568, -1.666666666666644092, 0.000000000000000000 ) ) ;
#1012 = VERTEX_POINT ( 'NONE', #32 ) ;
#1013 = ORIENTED_EDGE ( 'NONE', *, *, #2677, .T. ) ;
#1014 = AXIS2_PLACEMENT_3D ( 'NONE', #1855, #2569, #1772 ) ;
#1015 = CARTESIAN_POINT ( 'NONE',  ( 4.008139913688538059, -2.404661300189884887, 1.000000000000000000 ) ) ;
#1016 = EDGE_CURVE ( 'NONE', #4395, #1331, #364, .T. ) ;
#1017 = AXIS2_PLACEMENT_3D ( 'NONE', #1536, #2001, #2745 ) ;
#1018 = CARTESIAN_POINT ( 'NONE',  ( 4.899415900888375752, 2.253177506581876433, 0.8750000000000001110 ) ) ;
#1019 = CARTESIAN_POINT ( 'NONE',  ( 3.678632794953562435, 0.3592816736313547143, 0.1250000000000000000 ) ) ;
#1020 = VECTOR ( 'NONE', #2358, 100.0000000000000000 ) ;
#1021 = DIRECTION ( 'NONE',  ( -0.7075101241807042474, -0.7067032079889015161, 0.000000000000000000 ) ) ;
#1022 = DIRECTION ( 'NONE',  ( 0.000000000000000000, 0.000000000000000000, 1.000000000000000000 ) ) ;
#1023 = DIRECTION ( 'NONE',  ( 0.000000000000000000, -0.000000000000000000, -1.000000000000000000 ) ) ;
#1024 = ORIENTED_EDGE ( 'NONE', *, *, #3542, .T. ) ;
#1025 = AXIS2_PLACEMENT_3D ( 'NONE', #42, #1600, #780 ) ;
#1026 = VERTEX_POINT ( 'NONE', #4253 ) ;
#1027 = AXIS2_PLACEMENT_3D ( 'NONE', #2163, #2089, #1646 ) ;
#1028 = EDGE_CURVE ( 'NONE', #2366, #1472, #3636, .T. ) ;
#1029 = DIRECTION ( 'NONE',  ( 0.000000000000000000, -0.000000000000000000, 1.000000000000000000 ) ) ;
#1030 = DIRECTION ( 'NONE',  ( -0.000000000000000000, 0.000000000000000000, 1.000000000000000000 ) ) ;
#1031 = DIRECTION ( 'NONE',  ( 1.000000000000000000, 0.000000000000000000, 0.000000000000000000 ) ) ;
#1032 = DIRECTION ( 'NONE',  ( 0.000000000000000000, 0.000000000000000000, -1.000000000000000000 ) ) ;
#1033 = EDGE_LOOP ( 'NONE', ( #4986, #1837 ) ) ;
#1034 = VERTEX_POINT ( 'NONE', #5051 ) ;
#1035 = EDGE_CURVE ( 'NONE', #3112, #1935, #608, .T. ) ;
#1036 = DIRECTION ( 'NONE',  ( -0.000000000000000000, -0.000000000000000000, -1.000000000000000000 ) ) ;
#1037 = DIRECTION ( 'NONE',  ( 0.4848507739774313152, 0.8745968939880166548, 0.000000000000000000 ) ) ;
#1038 = ORIENTED_EDGE ( 'NONE', *, *, #2472, .F. ) ;
#1039 = DIRECTION ( 'NONE',  ( -0.8660254037844393737, 0.4999999999999988898, 0.000000000000000000 ) ) ;
#1040 = ORIENTED_EDGE ( 'NONE', *, *, #5057, .T. ) ;
#1041 = CARTESIAN_POINT ( 'NONE',  ( 0.7445754485141858892, 2.734281673631104415, 0.000000000000000000 ) ) ;
#1042 = DIRECTION ( 'NONE',  ( 0.5914832590436105431, 0.8063172789114403383, 0.000000000000000000 ) ) ;
#1043 = CARTESIAN_POINT ( 'NONE',  ( 3.333333333332808568, -1.666666666666644092, 1.000000000000000000 ) ) ;
#1044 = ADVANCED_FACE ( 'NONE', ( #1131 ), #4663, .F. ) ;
#1045 = CARTESIAN_POINT ( 'NONE',  ( 7.833333333332806347, 2.734281673631105303, 0.8750000000000001110 ) ) ;
#1046 = CARTESIAN_POINT ( 'NONE',  ( 5.377538074908201793, -0.9741478699281870268, 0.000000000000000000 ) ) ;
#1047 = CARTESIAN_POINT ( 'NONE',  ( 6.818819055703764676, 0.9842816736313548809, 0.8750000000000001110 ) ) ;
#1048 = EDGE_LOOP ( 'NONE', ( #3264, #2871, #445, #4674 ) ) ;
#1049 = EDGE_CURVE ( 'NONE', #374, #4551, #795, .T. ) ;
#1050 = DIRECTION ( 'NONE',  ( -0.000000000000000000, 0.000000000000000000, 1.000000000000000000 ) ) ;
#1051 = DIRECTION ( 'NONE',  ( -0.4999999999999980571, 0.8660254037844397068, -0.000000000000000000 ) ) ;
#1052 = CARTESIAN_POINT ( 'NONE',  ( 1.566289238708380660, -1.405942571814551956, 0.1250000000000000000 ) ) ;
#1053 = ORIENTED_EDGE ( 'NONE', *, *, #4709, .F. ) ;
#1054 = ORIENTED_EDGE ( 'NONE', *, *, #784, .F. ) ;
#1055 = EDGE_CURVE ( 'NONE', #1793, #2650, #1348, .T. ) ;
#1056 = DIRECTION ( 'NONE',  ( 0.8488333363958264766, 0.5286605404445556822, 0.000000000000000000 ) ) ;
#1057 = DIRECTION ( 'NONE',  ( 1.000000000000000000, 0.000000000000000000, 0.000000000000000000 ) ) ;
#1058 = ORIENTED_EDGE ( 'NONE', *, *, #4950, .F. ) ;
#1059 = ORIENTED_EDGE ( 'NONE', *, *, #2220, .F. ) ;
#1060 = ADVANCED_FACE ( 'NONE', ( #2286 ), #3511, .T. ) ;
#1061 = ORIENTED_EDGE ( 'NONE', *, *, #4094, .F. ) ;
#1062 = DIRECTION ( 'NONE',  ( 0.6748065803555621800, 0.7379946335230577192, 0.000000000000000000 ) ) ;
#1063 = CARTESIAN_POINT ( 'NONE',  ( 5.440127836365853398, -0.5914118660525653492, 0.1250000000000000000 ) ) ;
#1064 = ADVANCED_FACE ( 'NONE', ( #869 ), #1342, .T. ) ;
#1065 = FACE_OUTER_BOUND ( 'NONE', #3220, .T. ) ;
#1066 = LINE ( 'NONE', #1436, #3565 ) ;
#1067 = DIRECTION ( 'NONE',  ( -0.6748065803555591824, 0.7379946335230603838, 0.000000000000000000 ) ) ;
#1068 = DIRECTION ( 'NONE',  ( 0.000000000000000000, -0.000000000000000000, -1.000000000000000000 ) ) ;
#1069 = EDGE_CURVE ( 'NONE', #664, #345, #4951, .T. ) ;
#1070 = EDGE_LOOP ( 'NONE', ( #1909, #737, #370, #3266 ) ) ;
#1071 = AXIS2_PLACEMENT_3D ( 'NONE', #4800, #572, #882 ) ;
#1072 = AXIS2_PLACEMENT_3D ( 'NONE', #61, #1233, #366 ) ;
#1073 = AXIS2_PLACEMENT_3D ( 'NONE', #2258, #636, #1844 ) ;
#1074 = AXIS2_PLACEMENT_3D ( 'NONE', #3358, #3682, #560 ) ;
#1075 = DIRECTION ( 'NONE',  ( -0.000000000000000000, 0.000000000000000000, 1.000000000000000000 ) ) ;
#1076 = DIRECTION ( 'NONE',  ( -0.000000000000000000, 0.000000000000000000, 1.000000000000000000 ) ) ;
#1077 = DIRECTION ( 'NONE',  ( 1.000000000000000000, 0.000000000000000000, 0.000000000000000000 ) ) ;
#1078 = AXIS2_PLACEMENT_3D ( 'NONE', #4915, #1405, #1022 ) ;
#1079 = CARTESIAN_POINT ( 'NONE',  ( 1.621026493930216583, 2.491508158674184070, 0.8750000000000001110 ) ) ;
#1080 = VERTEX_POINT ( 'NONE', #4045 ) ;
#1081 = CIRCLE ( 'NONE', #2883, 0.1250000000000001110 ) ;
#1082 = CIRCLE ( 'NONE', #3948, 0.2500000000000002220 ) ;
#1083 = ORIENTED_EDGE ( 'NONE', *, *, #3739, .F. ) ;
#1084 = CARTESIAN_POINT ( 'NONE',  ( 3.276709006306867344, 0.2342816736313546866, 1.000000000000000000 ) ) ;
#1085 = DIRECTION ( 'NONE',  ( 1.000000000000000000, 0.000000000000000000, 0.000000000000000000 ) ) ;
#1086 = LINE ( 'NONE', #3015, #2806 ) ;
#1087 = AXIS2_PLACEMENT_3D ( 'NONE', #3211, #4773, #1270 ) ;
#1088 = AXIS2_PLACEMENT_3D ( 'NONE', #1940, #714, #4272 ) ;
#1089 = EDGE_LOOP ( 'NONE', ( #1373, #1482, #2128, #2542 ) ) ;
#1090 = VECTOR ( 'NONE', #3998, 100.0000000000000142 ) ;
#1091 = ORIENTED_EDGE ( 'NONE', *, *, #2628, .F. ) ;
#1092 = VERTEX_POINT ( 'NONE', #2897 ) ;
#1093 = AXIS2_PLACEMENT_3D ( 'NONE', #3440, #798, #1928 ) ;
#1094 = ADVANCED_FACE ( 'NONE', ( #536 ), #1431, .T. ) ;
#1095 = ADVANCED_FACE ( 'NONE', ( #4461 ), #941, .T. ) ;
#1096 = LINE ( 'NONE', #656, #105 ) ;
#1097 = CARTESIAN_POINT ( 'NONE',  ( 0.000000000000000000, 0.000000000000000000, 1.000000000000000000 ) ) ;
#1098 = CARTESIAN_POINT ( 'NONE',  ( 6.284912653060667154, 1.293274004668413024, 0.1250000000000001110 ) ) ;
#1099 = AXIS2_PLACEMENT_3D ( 'NONE', #2536, #2593, #4154 ) ;
#1100 = CIRCLE ( 'NONE', #2493, 0.3750000000000000000 ) ;
#1101 = EDGE_CURVE ( 'NONE', #1702, #4375, #3310, .T. ) ;
#1102 = DIRECTION ( 'NONE',  ( -1.000000000000000000, 0.000000000000000000, 0.000000000000000000 ) ) ;
#1103 = DIRECTION ( 'NONE',  ( 0.8660254037844397068, 0.4999999999999981126, 0.000000000000000000 ) ) ;
#1104 = FACE_OUTER_BOUND ( 'NONE', #497, .T. ) ;
#1105 = ORIENTED_EDGE ( 'NONE', *, *, #3311, .T. ) ;
#1106 = CIRCLE ( 'NONE', #2010, 0.9999999999999995559 ) ;
#1107 = DIRECTION ( 'NONE',  ( 0.7067032079889022933, -0.7075101241807032482, 0.000000000000000000 ) ) ;
#1108 = FACE_OUTER_BOUND ( 'NONE', #4769, .T. ) ;
#1109 = AXIS2_PLACEMENT_3D ( 'NONE', #4525, #3752, #4959 ) ;
#1110 = LINE ( 'NONE', #2210, #3648 ) ;
#1111 = DIRECTION ( 'NONE',  ( 0.4999999999999982236, -0.8660254037844398178, 0.000000000000000000 ) ) ;
#1112 = ORIENTED_EDGE ( 'NONE', *, *, #3854, .T. ) ;
#1113 = ORIENTED_EDGE ( 'NONE', *, *, #2549, .F. ) ;
#1114 = AXIS2_PLACEMENT_3D ( 'NONE', #192, #4873, #3210 ) ;
#1115 = ADVANCED_FACE ( 'NONE', ( #134 ), #4460, .T. ) ;
#1116 = DIRECTION ( 'NONE',  ( -1.000000000000000000, -1.156482317317871725E-16, 0.000000000000000000 ) ) ;
#1117 = CARTESIAN_POINT ( 'NONE',  ( 6.333333333332806347, 1.934843059629777207, 0.8750000000000001110 ) ) ;
#1118 = ORIENTED_EDGE ( 'NONE', *, *, #3739, .T. ) ;
#1119 = EDGE_LOOP ( 'NONE', ( #1830, #3551, #369, #3163 ) ) ;
#1120 = FACE_OUTER_BOUND ( 'NONE', #1799, .T. ) ;
#1121 = DIRECTION ( 'NONE',  ( 0.7075101241803970487, -0.7067032079892091589, 0.000000000000000000 ) ) ;
#1122 = CARTESIAN_POINT ( 'NONE',  ( 0.2809643537410174141, 1.219338597287962012, 0.000000000000000000 ) ) ;
#1123 = CIRCLE ( 'NONE', #3990, 0.3750000000000003331 ) ;
#1124 = EDGE_LOOP ( 'NONE', ( #3968, #2368, #2251, #1554 ) ) ;
#1125 = EDGE_CURVE ( 'NONE', #1034, #3907, #1100, .T. ) ;
#1126 = FACE_OUTER_BOUND ( 'NONE', #4984, .T. ) ;
#1127 = CARTESIAN_POINT ( 'NONE',  ( 0.8189576286365950475, 2.049244634020912059, 0.1250000000000000000 ) ) ;
#1128 = CARTESIAN_POINT ( 'NONE',  ( 4.751882337213856111, -0.3094597800911633723, 0.1250000000000000000 ) ) ;
#1129 = ORIENTED_EDGE ( 'NONE', *, *, #1260, .T. ) ;
#1130 = ADVANCED_FACE ( 'NONE', ( #2435 ), #1754, .T. ) ;
#1131 = FACE_OUTER_BOUND ( 'NONE', #3848, .T. ) ;
#1132 = DIRECTION ( 'NONE',  ( 1.000000000000000000, 0.000000000000000000, 0.000000000000000000 ) ) ;
#1133 = DIRECTION ( 'NONE',  ( 0.000000000000000000, -0.000000000000000000, -1.000000000000000000 ) ) ;
#1134 = EDGE_LOOP ( 'NONE', ( #3571, #144, #3026, #2426 ) ) ;
#1135 = EDGE_LOOP ( 'NONE', ( #40, #790, #4994, #123 ) ) ;
#1136 = DIRECTION ( 'NONE',  ( -1.000000000000000000, 0.000000000000000000, -0.000000000000000000 ) ) ;
#1137 = LINE ( 'NONE', #417, #4136 ) ;
#1138 = FACE_OUTER_BOUND ( 'NONE', #2217, .T. ) ;
#1139 = EDGE_CURVE ( 'NONE', #1702, #4594, #4621, .T. ) ;
#1140 = VERTEX_POINT ( 'NONE', #4390 ) ;
#1141 = EDGE_LOOP ( 'NONE', ( #458, #2532, #4652, #801 ) ) ;
#1142 = DIRECTION ( 'NONE',  ( -0.000000000000000000, 0.000000000000000000, 1.000000000000000000 ) ) ;
#1143 = FACE_BOUND ( 'NONE', #1883, .T. ) ;
#1144 = CARTESIAN_POINT ( 'NONE',  ( 7.541445012719064422, 0.9954955806955003705, 1.000000000000000000 ) ) ;
#1145 = ORIENTED_EDGE ( 'NONE', *, *, #4673, .T. ) ;
#1146 = CARTESIAN_POINT ( 'NONE',  ( -1.166666666667191876, 2.109281673631104415, 1.000000000000000000 ) ) ;
#1147 = CARTESIAN_POINT ( 'NONE',  ( 5.943002695480775088, 2.142893857517917500, 0.000000000000000000 ) ) ;
#1148 = DIRECTION ( 'NONE',  ( -0.000000000000000000, 0.000000000000000000, 1.000000000000000000 ) ) ;
#1149 = ORIENTED_EDGE ( 'NONE', *, *, #4583, .F. ) ;
#1150 = ADVANCED_FACE ( 'NONE', ( #2457 ), #3067, .T. ) ;
#1151 = DIRECTION ( 'NONE',  ( 0.000000000000000000, -0.000000000000000000, -1.000000000000000000 ) ) ;
#1152 = CARTESIAN_POINT ( 'NONE',  ( 1.770967754350238899, -0.09968527303516640237, 0.8750000000000001110 ) ) ;
#1153 = EDGE_CURVE ( 'NONE', #3016, #2583, #3229, .T. ) ;
#1154 = DIRECTION ( 'NONE',  ( -0.000000000000000000, 0.000000000000000000, 1.000000000000000000 ) ) ;
#1155 = AXIS2_PLACEMENT_3D ( 'NONE', #2330, #5013, #3889 ) ;
#1156 = DIRECTION ( 'NONE',  ( 0.4848507739774325920, -0.8745968939880157667, 0.000000000000000000 ) ) ;
#1157 = EDGE_CURVE ( 'NONE', #4322, #974, #854, .T. ) ;
#1158 = ORIENTED_EDGE ( 'NONE', *, *, #1349, .F. ) ;
#1159 = ORIENTED_EDGE ( 'NONE', *, *, #1562, .T. ) ;
#1160 = AXIS2_PLACEMENT_3D ( 'NONE', #4632, #762, #1121 ) ;
#1161 = EDGE_CURVE ( 'NONE', #4791, #243, #847, .T. ) ;
#1162 = CARTESIAN_POINT ( 'NONE',  ( 5.111722740291312128, 2.385403991624746034, 1.000000000000000000 ) ) ;
#1163 = AXIS2_PLACEMENT_3D ( 'NONE', #1152, #745, #3902 ) ;
#1164 = CIRCLE ( 'NONE', #2965, 0.1250000000000001110 ) ;
#1165 = VERTEX_POINT ( 'NONE', #1638 ) ;
#1166 = AXIS2_PLACEMENT_3D ( 'NONE', #287, #1848, #3414 ) ;
#1167 = ORIENTED_EDGE ( 'NONE', *, *, #2378, .F. ) ;
#1168 = AXIS2_PLACEMENT_3D ( 'NONE', #242, #2215, #4597 ) ;
#1169 = EDGE_CURVE ( 'NONE', #1752, #4720, #2821, .T. ) ;
#1170 = VECTOR ( 'NONE', #2259, 100.0000000000000000 ) ;
#1171 = DIRECTION ( 'NONE',  ( -0.5914832590436079895, 0.8063172789114421146, 0.000000000000000000 ) ) ;
#1172 = DIRECTION ( 'NONE',  ( 1.000000000000000000, 0.000000000000000000, 0.000000000000000000 ) ) ;
#1173 = FACE_OUTER_BOUND ( 'NONE', #3367, .T. ) ;
#1174 = CIRCLE ( 'NONE', #1665, 1.125000000000000000 ) ;
#1175 = VERTEX_POINT ( 'NONE', #107 ) ;
#1176 = AXIS2_PLACEMENT_3D ( 'NONE', #789, #3483, #4633 ) ;
#1177 = ADVANCED_FACE ( 'NONE', ( #1668 ), #4788, .T. ) ;
#1178 = CARTESIAN_POINT ( 'NONE',  ( 7.515833333332308186, 2.109281673631105303, 1.000000000000000000 ) ) ;
#1179 = CIRCLE ( 'NONE', #2406, 0.4425000000004978840 ) ;
#1180 = DIRECTION ( 'NONE',  ( -1.000000000000000000, 0.000000000000000000, 0.000000000000000000 ) ) ;
#1181 = PLANE ( 'NONE',  #4346 ) ;
#1182 = ORIENTED_EDGE ( 'NONE', *, *, #5001, .T. ) ;
#1183 = CIRCLE ( 'NONE', #4204, 0.8750000000004969358 ) ;
#1184 = DIRECTION ( 'NONE',  ( -0.000000000000000000, 0.000000000000000000, 1.000000000000000000 ) ) ;
#1185 = DIRECTION ( 'NONE',  ( 0.3061999316366911250, 0.9519672273065318269, -0.000000000000000000 ) ) ;
#1186 = FILL_AREA_STYLE ('',( #2722 ) ) ;
#1187 = DIRECTION ( 'NONE',  ( 0.000000000000000000, 0.000000000000000000, 1.000000000000000000 ) ) ;
#1188 = ORIENTED_EDGE ( 'NONE', *, *, #3385, .T. ) ;
#1189 = AXIS2_PLACEMENT_3D ( 'NONE', #3356, #3766, #4538 ) ;
#1190 = ORIENTED_EDGE ( 'NONE', *, *, #1880, .F. ) ;
#1191 = VERTEX_POINT ( 'NONE', #4090 ) ;
#1192 = AXIS2_PLACEMENT_3D ( 'NONE', #3729, #4902, #462 ) ;
#1193 = DIRECTION ( 'NONE',  ( 0.8488333363955133937, -0.5286605404450585022, 1.177992892669612697E-15 ) ) ;
#1194 = CARTESIAN_POINT ( 'NONE',  ( 4.583333333332808124, -0.1407183263686450636, 0.1250000000000000000 ) ) ;
#1195 = EDGE_CURVE ( 'NONE', #4022, #1744, #1268, .T. ) ;
#1196 = ORIENTED_EDGE ( 'NONE', *, *, #3829, .T. ) ;
#1197 = CIRCLE ( 'NONE', #939, 0.1250000000000000278 ) ;
#1198 = ORIENTED_EDGE ( 'NONE', *, *, #4513, .T. ) ;
#1199 = EDGE_CURVE ( 'NONE', #3403, #2083, #4945, .T. ) ;
#1200 = CIRCLE ( 'NONE', #4056, 0.1250000000000000278 ) ;
#1201 = CARTESIAN_POINT ( 'NONE',  ( 6.333333333332806347, 1.934843059629777207, 0.8750000000000001110 ) ) ;
#1202 = CARTESIAN_POINT ( 'NONE',  ( -0.5741009829315166790, -0.1039594678139655060, 1.000000000000000000 ) ) ;
#1203 = CARTESIAN_POINT ( 'NONE',  ( -1.166666666667191876, 2.109281673631104415, 0.8750000000000001110 ) ) ;
#1204 = ADVANCED_FACE ( 'NONE', ( #285 ), #3740, .T. ) ;
#1205 = ORIENTED_EDGE ( 'NONE', *, *, #3728, .T. ) ;
#1206 = DIRECTION ( 'NONE',  ( 0.000000000000000000, -1.000000000000000000, 0.000000000000000000 ) ) ;
#1207 = CYLINDRICAL_SURFACE ( 'NONE', #270, 1.000000000000496936 ) ;
#1208 = FACE_OUTER_BOUND ( 'NONE', #2681, .T. ) ;
#1209 = ORIENTED_EDGE ( 'NONE', *, *, #2087, .F. ) ;
#1210 = EDGE_CURVE ( 'NONE', #2366, #2808, #368, .T. ) ;
#1211 = LINE ( 'NONE', #2, #2659 ) ;
#1212 = CARTESIAN_POINT ( 'NONE',  ( 3.923789091144260777, -2.312411970999686428, 0.8750000000000001110 ) ) ;
#1213 = DIRECTION ( 'NONE',  ( 0.000000000000000000, 0.000000000000000000, 1.000000000000000000 ) ) ;
#1214 = CARTESIAN_POINT ( 'NONE',  ( 0.6024512776904850098, 1.924244634020912725, 0.8750000000000001110 ) ) ;
#1215 = VERTEX_POINT ( 'NONE', #2946 ) ;
#1216 = ORIENTED_EDGE ( 'NONE', *, *, #2288, .T. ) ;
#1217 = CARTESIAN_POINT ( 'NONE',  ( 8.275833333333304509, 2.109281673631105303, 1.000000000000000000 ) ) ;
#1218 = FACE_OUTER_BOUND ( 'NONE', #480, .T. ) ;
#1219 = ORIENTED_EDGE ( 'NONE', *, *, #5040, .T. ) ;
#1220 = ORIENTED_EDGE ( 'NONE', *, *, #2488, .T. ) ;
#1221 = DIRECTION ( 'NONE',  ( -0.8063172789114422256, -0.5914832590436077675, 0.000000000000000000 ) ) ;
#1222 = EDGE_CURVE ( 'NONE', #2475, #4723, #3071, .T. ) ;
#1223 = ORIENTED_EDGE ( 'NONE', *, *, #3389, .F. ) ;
#1224 = DIRECTION ( 'NONE',  ( 0.7379946335230571641, -0.6748065803555628461, 0.000000000000000000 ) ) ;
#1225 = ORIENTED_EDGE ( 'NONE', *, *, #4897, .F. ) ;
#1226 = CARTESIAN_POINT ( 'NONE',  ( 0.3333333333328081238, 1.359281673631354881, 0.8750000000000001110 ) ) ;
#1227 = DIRECTION ( 'NONE',  ( 1.000000000000000000, 0.000000000000000000, 0.000000000000000000 ) ) ;
#1228 = DIRECTION ( 'NONE',  ( -0.7075101241803966046, 0.7067032079892093810, 0.000000000000000000 ) ) ;
#1229 = EDGE_LOOP ( 'NONE', ( #1930, #4157, #951, #2208 ) ) ;
#1230 = CARTESIAN_POINT ( 'NONE',  ( 1.650640061252826252, -1.313693242624169644, 0.1250000000000000000 ) ) ;
#1231 = PLANE ( 'NONE',  #4602 ) ;
#1232 = EDGE_CURVE ( 'NONE', #161, #2954, #700, .T. ) ;
#1233 = DIRECTION ( 'NONE',  ( -0.000000000000000000, 0.000000000000000000, 1.000000000000000000 ) ) ;
#1234 = DIRECTION ( 'NONE',  ( 0.000000000000000000, -0.000000000000000000, -1.000000000000000000 ) ) ;
#1235 = VERTEX_POINT ( 'NONE', #3331 ) ;
#1236 = AXIS2_PLACEMENT_3D ( 'NONE', #2234, #1849, #311 ) ;
#1237 = EDGE_LOOP ( 'NONE', ( #3751, #3036, #3164, #1240 ) ) ;
#1238 = LINE ( 'NONE', #4699, #3894 ) ;
#1239 = DIRECTION ( 'NONE',  ( 0.6123874982331677375, 0.7905577474212255318, 0.000000000000000000 ) ) ;
#1240 = ORIENTED_EDGE ( 'NONE', *, *, #3303, .T. ) ;
#1241 = AXIS2_PLACEMENT_3D ( 'NONE', #954, #1654, #2062 ) ;
#1242 = ORIENTED_EDGE ( 'NONE', *, *, #2661, .F. ) ;
#1243 = AXIS2_PLACEMENT_3D ( 'NONE', #1558, #4256, #746 ) ;
#1244 = AXIS2_PLACEMENT_3D ( 'NONE', #1018, #1811, #3762 ) ;
#1245 = DIRECTION ( 'NONE',  ( 0.5914832590436079895, 0.8063172789114421146, -0.000000000000000000 ) ) ;
#1246 = AXIS2_PLACEMENT_3D ( 'NONE', #182, #1742, #3307 ) ;
#1247 = ORIENTED_EDGE ( 'NONE', *, *, #422, .F. ) ;
#1248 = VECTOR ( 'NONE', #3077, 100.0000000000000000 ) ;
#1249 = LINE ( 'NONE', #2916, #3710 ) ;
#1250 = ORIENTED_EDGE ( 'NONE', *, *, #567, .F. ) ;
#1251 = AXIS2_PLACEMENT_3D ( 'NONE', #3057, #3438, #699 ) ;
#1252 = AXIS2_PLACEMENT_3D ( 'NONE', #3090, #4241, #4651 ) ;
#1253 = ADVANCED_FACE ( 'NONE', ( #1847 ), #3722, .T. ) ;
#1254 = ADVANCED_FACE ( 'NONE', ( #179 ), #4507, .T. ) ;
#1255 = CYLINDRICAL_SURFACE ( 'NONE', #4870, 0.2500000000000002220 ) ;
#1256 = CARTESIAN_POINT ( 'NONE',  ( 7.045109403348477350, -0.3565432368572524768, 0.000000000000000000 ) ) ;
#1257 = CARTESIAN_POINT ( 'NONE',  ( 1.289128591757412234, -0.9741478699281866938, 0.000000000000000000 ) ) ;
#1258 = CIRCLE ( 'NONE', #436, 0.3750000000000000000 ) ;
#1259 = ORIENTED_EDGE ( 'NONE', *, *, #2401, .T. ) ;
#1260 = EDGE_CURVE ( 'NONE', #3478, #664, #3305, .T. ) ;
#1261 = AXIS2_PLACEMENT_3D ( 'NONE', #4707, #3844, #2332 ) ;
#1262 = DIRECTION ( 'NONE',  ( 1.000000000000000000, 0.000000000000000000, 0.000000000000000000 ) ) ;
#1263 = LINE ( 'NONE', #515, #4601 ) ;
#1264 = ORIENTED_EDGE ( 'NONE', *, *, #3781, .F. ) ;
#1265 = EDGE_LOOP ( 'NONE', ( #2676, #1083, #3683, #3466 ) ) ;
#1266 = EDGE_CURVE ( 'NONE', #3930, #4647, #1435, .T. ) ;
#1267 = CARTESIAN_POINT ( 'NONE',  ( 5.538947554793508310, -0.6679603033317117466, 0.1250000000000000000 ) ) ;
#1268 = CIRCLE ( 'NONE', #3888, 0.3750000000000003331 ) ;
#1269 = DIRECTION ( 'NONE',  ( 1.000000000000000000, 1.156482317317871725E-16, 0.000000000000000000 ) ) ;
#1270 = DIRECTION ( 'NONE',  ( -0.5914832590436078785, 0.8063172789114421146, 0.000000000000000000 ) ) ;
#1271 = EDGE_LOOP ( 'NONE', ( #304, #4342, #1288, #4980 ) ) ;
#1272 = ORIENTED_EDGE ( 'NONE', *, *, #1914, .F. ) ;
#1273 = EDGE_CURVE ( 'NONE', #2615, #4934, #1066, .T. ) ;
#1274 = CIRCLE ( 'NONE', #1680, 0.1250000000000000000 ) ;
#1275 = FACE_OUTER_BOUND ( 'NONE', #45, .T. ) ;
#1276 = VECTOR ( 'NONE', #3176, 100.0000000000000000 ) ;
#1277 = ORIENTED_EDGE ( 'NONE', *, *, #1833, .F. ) ;
#1278 = DIRECTION ( 'NONE',  ( 0.000000000000000000, -0.000000000000000000, -1.000000000000000000 ) ) ;
#1279 = CARTESIAN_POINT ( 'NONE',  ( 4.708275309395858699, 2.142674822278395119, 0.8750000000000001110 ) ) ;
#1280 = DIRECTION ( 'NONE',  ( 0.6748065803555628461, 0.7379946335230570531, 0.000000000000000000 ) ) ;
#1281 = DIRECTION ( 'NONE',  ( 0.000000000000000000, -1.000000000000000000, 0.000000000000000000 ) ) ;
#1282 = EDGE_CURVE ( 'NONE', #1752, #1368, #1923, .T. ) ;
#1283 = DIRECTION ( 'NONE',  ( -0.5286605404445537948, 0.8488333363958275868, 0.000000000000000000 ) ) ;
#1284 = DIRECTION ( 'NONE',  ( 0.000000000000000000, -0.000000000000000000, -1.000000000000000000 ) ) ;
#1285 = DIRECTION ( 'NONE',  ( 1.000000000000000000, 0.000000000000000000, 0.000000000000000000 ) ) ;
#1286 = ORIENTED_EDGE ( 'NONE', *, *, #3756, .F. ) ;
#1287 = EDGE_CURVE ( 'NONE', #321, #4317, #2637, .T. ) ;
#1288 = ORIENTED_EDGE ( 'NONE', *, *, #496, .F. ) ;
#1289 = DIRECTION ( 'NONE',  ( 0.4999999999999980571, -0.8660254037844397068, 0.000000000000000000 ) ) ;
#1290 = DIRECTION ( 'NONE',  ( -0.4999999999999975575, 0.8660254037844402619, 0.000000000000000000 ) ) ;
#1291 = CARTESIAN_POINT ( 'NONE',  ( 7.045109403348477350, -0.3565432368572524768, 0.000000000000000000 ) ) ;
#1292 = ORIENTED_EDGE ( 'NONE', *, *, #1419, .F. ) ;
#1293 = VERTEX_POINT ( 'NONE', #1789 ) ;
#1294 = DIRECTION ( 'NONE',  ( -1.000000000000000000, 0.000000000000000000, 0.000000000000000000 ) ) ;
#1295 = ORIENTED_EDGE ( 'NONE', *, *, #4228, .F. ) ;
#1296 = DIRECTION ( 'NONE',  ( -0.000000000000000000, 0.000000000000000000, 1.000000000000000000 ) ) ;
#1297 = ORIENTED_EDGE ( 'NONE', *, *, #720, .T. ) ;
#1298 = CARTESIAN_POINT ( 'NONE',  ( 3.570117909547400270, -2.618900811799387274, 0.1250000000000000000 ) ) ;
#1299 = LINE ( 'NONE', #1257, #1313 ) ;
#1300 = FACE_OUTER_BOUND ( 'NONE', #57, .T. ) ;
#1301 = DIRECTION ( 'NONE',  ( -0.4999999999999982792, -0.8660254037844397068, 0.000000000000000000 ) ) ;
#1302 = CARTESIAN_POINT ( 'NONE',  ( 2.003223094974169172, -0.3977976810898072868, 0.000000000000000000 ) ) ;
#1303 = CARTESIAN_POINT ( 'NONE',  ( 6.950989254907947057, 1.641240885028175889, 0.1250000000000000000 ) ) ;
#1304 = ORIENTED_EDGE ( 'NONE', *, *, #3999, .T. ) ;
#1305 = EDGE_LOOP ( 'NONE', ( #2424, #2839, #4958, #800 ) ) ;
#1306 = EDGE_CURVE ( 'NONE', #1672, #4395, #1512, .T. ) ;
#1307 = EDGE_CURVE ( 'NONE', #1010, #1935, #1739, .T. ) ;
#1308 = DIRECTION ( 'NONE',  ( 0.000000000000000000, -0.000000000000000000, -1.000000000000000000 ) ) ;
#1309 = DIRECTION ( 'NONE',  ( -0.000000000000000000, 0.000000000000000000, 1.000000000000000000 ) ) ;
#1310 = DIRECTION ( 'NONE',  ( 1.000000000000000000, -3.546545773108138773E-15, 0.000000000000000000 ) ) ;
#1311 = ORIENTED_EDGE ( 'NONE', *, *, #34, .T. ) ;
#1312 = ORIENTED_EDGE ( 'NONE', *, *, #3443, .T. ) ;
#1313 = VECTOR ( 'NONE', #507, 100.0000000000000000 ) ;
#1314 = VERTEX_POINT ( 'NONE', #2204 ) ;
#1315 = AXIS2_PLACEMENT_3D ( 'NONE', #1912, #1142, #378 ) ;
#1316 = CARTESIAN_POINT ( 'NONE',  ( 7.541445012719064422, 0.9954955806955003705, 0.8750000000000001110 ) ) ;
#1317 = EDGE_CURVE ( 'NONE', #1012, #5036, #454, .T. ) ;
#1318 = CIRCLE ( 'NONE', #2715, 0.6349999999999675904 ) ;
#1319 = CIRCLE ( 'NONE', #2554, 0.1249999999999999306 ) ;
#1320 = CIRCLE ( 'NONE', #3205, 0.3750000000000003331 ) ;
#1321 = CARTESIAN_POINT ( 'NONE',  ( 2.003223094974169172, -0.3977976810898071758, 1.000000000000000000 ) ) ;
#1322 = DIRECTION ( 'NONE',  ( -0.000000000000000000, -0.000000000000000000, -1.000000000000000000 ) ) ;
#1323 = CARTESIAN_POINT ( 'NONE',  ( 1.226538830299759297, -0.5914118660525651272, 1.000000000000000000 ) ) ;
#1324 = CIRCLE ( 'NONE', #3378, 0.3175000000004979395 ) ;
#1325 = CIRCLE ( 'NONE', #2726, 0.1250000000000001388 ) ;
#1326 = VECTOR ( 'NONE', #99, 100.0000000000000000 ) ;
#1327 = EDGE_CURVE ( 'NONE', #782, #1314, #3799, .T. ) ;
#1328 = AXIS2_PLACEMENT_3D ( 'NONE', #774, #3085, #2345 ) ;
#1329 = DIRECTION ( 'NONE',  ( -0.000000000000000000, 0.000000000000000000, 1.000000000000000000 ) ) ;
#1330 = CARTESIAN_POINT ( 'NONE',  ( -0.5685241642885975333, 0.8960249816120362532, 0.8750000000000001110 ) ) ;
#1331 = VERTEX_POINT ( 'NONE', #2531 ) ;
#1332 = EDGE_LOOP ( 'NONE', ( #1534, #2604, #1832, #4541 ) ) ;
#1333 = CIRCLE ( 'NONE', #4851, 0.9999999999999995559 ) ;
#1334 = TOROIDAL_SURFACE ( 'NONE', #768, 0.8750000000000001110, 0.1250000000000000000 ) ;
#1335 = EDGE_CURVE ( 'NONE', #3436, #2403, #2261, .T. ) ;
#1336 = CARTESIAN_POINT ( 'NONE',  ( 6.083333333332806347, 1.441144819429314827, 0.000000000000000000 ) ) ;
#1337 = DIRECTION ( 'NONE',  ( 0.000000000000000000, 0.000000000000000000, -1.000000000000000000 ) ) ;
#1338 = DIRECTION ( 'NONE',  ( 1.000000000000000000, 0.000000000000000000, 0.000000000000000000 ) ) ;
#1339 = CIRCLE ( 'NONE', #3475, 0.1250000000000000000 ) ;
#1340 = EDGE_LOOP ( 'NONE', ( #2938, #4639, #1541, #2949 ) ) ;
#1341 = ORIENTED_EDGE ( 'NONE', *, *, #2022, .T. ) ;
#1342 = TOROIDAL_SURFACE ( 'NONE', #4543, 1.125000000000000000, 0.1250000000000000000 ) ;
#1343 = DIRECTION ( 'NONE',  ( -0.000000000000000000, -0.000000000000000000, -1.000000000000000000 ) ) ;
#1344 = CARTESIAN_POINT ( 'NONE',  ( 5.459513245263181602, 2.602010842977453553, 0.000000000000000000 ) ) ;
#1345 = ORIENTED_EDGE ( 'NONE', *, *, #2340, .T. ) ;
#1346 = DIRECTION ( 'NONE',  ( 0.5286605404450586132, 0.8488333363955133937, 0.000000000000000000 ) ) ;
#1347 = ORIENTED_EDGE ( 'NONE', *, *, #3995, .T. ) ;
#1348 = CIRCLE ( 'NONE', #4859, 0.3750000000000003331 ) ;
#1349 = EDGE_CURVE ( 'NONE', #1382, #4849, #4383, .T. ) ;
#1350 = ORIENTED_EDGE ( 'NONE', *, *, #3978, .T. ) ;
#1351 = VECTOR ( 'NONE', #1508, 100.0000000000000000 ) ;
#1352 = CYLINDRICAL_SURFACE ( 'NONE', #102, 0.1250000000000003053 ) ;
#1353 = LINE ( 'NONE', #207, #751 ) ;
#1354 = APPLICATION_PROTOCOL_DEFINITION ( 'draft international standard', 'automotive_design', 1998, #4580 ) ;
#1355 = ORIENTED_EDGE ( 'NONE', *, *, #4052, .T. ) ;
#1356 = AXIS2_PLACEMENT_3D ( 'NONE', #1007, #1036, #1861 ) ;
#1357 = CARTESIAN_POINT ( 'NONE',  ( 2.288345756550462795, 1.321177038543340787, 0.000000000000000000 ) ) ;
#1358 = PLANE ( 'NONE',  #1403 ) ;
#1359 = CARTESIAN_POINT ( 'NONE',  ( 8.255087446055368261, 1.648035027678825593, 0.000000000000000000 ) ) ;
#1360 = ADVANCED_FACE ( 'NONE', ( #3099 ), #4301, .T. ) ;
#1361 = ORIENTED_EDGE ( 'NONE', *, *, #4571, .T. ) ;
#1362 = ORIENTED_EDGE ( 'NONE', *, *, #2448, .F. ) ;
#1363 = DIRECTION ( 'NONE',  ( 1.000000000000000000, 0.000000000000000000, 0.000000000000000000 ) ) ;
#1364 = CARTESIAN_POINT ( 'NONE',  ( 5.922091218152168324, 1.859281673631105303, 0.8750000000000001110 ) ) ;
#1365 = FACE_OUTER_BOUND ( 'NONE', #3527, .T. ) ;
#1366 = CARTESIAN_POINT ( 'NONE',  ( 3.022692374939959237, -3.305733548599004479, 1.000000000000000000 ) ) ;
#1367 = VERTEX_POINT ( 'NONE', #327 ) ;
#1368 = VERTEX_POINT ( 'NONE', #3076 ) ;
#1369 = DIRECTION ( 'NONE',  ( 0.5914832590436079895, -0.8063172789114421146, -0.000000000000000000 ) ) ;
#1370 = CARTESIAN_POINT ( 'NONE',  ( 0.3333333333328081238, 1.441144819429315049, 0.8750000000000001110 ) ) ;
#1371 = ORIENTED_EDGE ( 'NONE', *, *, #3905, .F. ) ;
#1372 = CARTESIAN_POINT ( 'NONE',  ( 1.650640061252826474, -1.313693242624170310, 0.000000000000000000 ) ) ;
#1373 = ORIENTED_EDGE ( 'NONE', *, *, #4740, .F. ) ;
#1374 = ORIENTED_EDGE ( 'NONE', *, *, #5023, .F. ) ;
#1375 = EDGE_CURVE ( 'NONE', #3392, #4124, #3868, .T. ) ;
#1376 = DIRECTION ( 'NONE',  ( 1.000000000000000000, 0.000000000000000000, 0.000000000000000000 ) ) ;
#1377 = LINE ( 'NONE', #4560, #3783 ) ;
#1378 = EDGE_CURVE ( 'NONE', #4095, #3675, #3845, .T. ) ;
#1379 = CARTESIAN_POINT ( 'NONE',  ( 6.064215388975132903, 1.924244634020913391, 1.000000000000000000 ) ) ;
#1380 = DIRECTION ( 'NONE',  ( -0.000000000000000000, 0.000000000000000000, 1.000000000000000000 ) ) ;
#1381 = DIRECTION ( 'NONE',  ( 1.000000000000000000, 0.000000000000000000, 0.000000000000000000 ) ) ;
#1382 = VERTEX_POINT ( 'NONE', #3153 ) ;
#1383 = ORIENTED_EDGE ( 'NONE', *, *, #582, .F. ) ;
#1384 = ADVANCED_FACE ( 'NONE', ( #3529 ), #611, .T. ) ;
#1385 = CARTESIAN_POINT ( 'NONE',  ( 2.711654243448765822, -1.565574307404325793, 0.000000000000000000 ) ) ;
#1386 = CYLINDRICAL_SURFACE ( 'NONE', #1443, 0.1249999999999999306 ) ;
#1387 = DIRECTION ( 'NONE',  ( 0.4999999999999975575, -0.8660254037844400399, 0.000000000000000000 ) ) ;
#1388 = ORIENTED_EDGE ( 'NONE', *, *, #3351, .F. ) ;
#1389 = EDGE_LOOP ( 'NONE', ( #4217, #931, #4055, #1563 ) ) ;
#1390 = ADVANCED_FACE ( 'NONE', ( #3507 ), #5019, .T. ) ;
#1391 = CARTESIAN_POINT ( 'NONE',  ( 8.150833333333304509, 2.109281673631105303, 0.8750000000000001110 ) ) ;
#1392 = CARTESIAN_POINT ( 'NONE',  ( 5.111722740291312128, 2.385403991624745590, 0.8750000000000001110 ) ) ;
#1393 = ORIENTED_EDGE ( 'NONE', *, *, #1914, .T. ) ;
#1394 = CARTESIAN_POINT ( 'NONE',  ( 2.095727280769403400, 0.08781472696483341722, 1.000000000000000000 ) ) ;
#1395 = ORIENTED_EDGE ( 'NONE', *, *, #2138, .T. ) ;
#1396 = AXIS2_PLACEMENT_3D ( 'NONE', #4631, #2682, #4245 ) ;
#1397 = DIRECTION ( 'NONE',  ( -0.000000000000000000, 0.000000000000000000, 1.000000000000000000 ) ) ;
#1398 = DIRECTION ( 'NONE',  ( -0.7379946335230570531, -0.6748065803555628461, -0.000000000000000000 ) ) ;
#1399 = CARTESIAN_POINT ( 'NONE',  ( 6.155731937499598239, 0.3323926986550614915, 1.000000000000000000 ) ) ;
#1400 = EDGE_CURVE ( 'NONE', #3145, #2889, #2909, .T. ) ;
#1401 = AXIS2_PLACEMENT_3D ( 'NONE', #788, #713, #3862 ) ;
#1402 = EDGE_CURVE ( 'NONE', #4576, #38, #3919, .T. ) ;
#1403 = AXIS2_PLACEMENT_3D ( 'NONE', #4017, #4391, #4865 ) ;
#1404 = DIRECTION ( 'NONE',  ( 1.000000000000000000, 0.000000000000000000, 0.000000000000000000 ) ) ;
#1405 = DIRECTION ( 'NONE',  ( -1.000000000000000000, 0.000000000000000000, 0.000000000000000000 ) ) ;
#1406 = TOROIDAL_SURFACE ( 'NONE', #267, 1.125000000000000000, 0.1250000000000000000 ) ;
#1407 = CARTESIAN_POINT ( 'NONE',  ( 4.570939385896168439, 0.08781472696475765838, 1.000000000000000000 ) ) ;
#1408 = AXIS2_PLACEMENT_3D ( 'NONE', #1714, #4151, #2185 ) ;
#1409 = VERTEX_POINT ( 'NONE', #1965 ) ;
#1410 = TOROIDAL_SURFACE ( 'NONE', #104, 0.3750000000000000000, 0.1250000000000000000 ) ;
#1411 = ORIENTED_EDGE ( 'NONE', *, *, #4033, .T. ) ;
#1412 = EDGE_CURVE ( 'NONE', #3360, #3170, #1106, .T. ) ;
#1413 = AXIS2_PLACEMENT_3D ( 'NONE', #281, #3452, #3820 ) ;
#1414 = AXIS2_PLACEMENT_3D ( 'NONE', #1982, #2730, #2275 ) ;
#1415 = CARTESIAN_POINT ( 'NONE',  ( 5.100377427957232257, -1.405942571814552178, 1.000000000000000000 ) ) ;
#1416 = DIRECTION ( 'NONE',  ( -0.000000000000000000, 0.000000000000000000, 1.000000000000000000 ) ) ;
#1417 = LINE ( 'NONE', #3009, #29 ) ;
#1418 = AXIS2_PLACEMENT_3D ( 'NONE', #4591, #1951, #4315 ) ;
#1419 = EDGE_CURVE ( 'NONE', #429, #3588, #1274, .T. ) ;
#1420 = ORIENTED_EDGE ( 'NONE', *, *, #2541, .F. ) ;
#1421 = AXIS2_PLACEMENT_3D ( 'NONE', #1581, #3116, #2375 ) ;
#1422 = ORIENTED_EDGE ( 'NONE', *, *, #4410, .F. ) ;
#1423 = CARTESIAN_POINT ( 'NONE',  ( -1.166666666667191876, 2.109281673631104415, 0.000000000000000000 ) ) ;
#1424 = CARTESIAN_POINT ( 'NONE',  ( 6.155731937499599127, 0.3323926986550608254, 0.1250000000000000000 ) ) ;
#1425 = EDGE_LOOP ( 'NONE', ( #3732, #4367, #3520, #3426 ) ) ;
#1426 = CARTESIAN_POINT ( 'NONE',  ( 4.816528484868913829, 2.080174822278395119, 0.1250000000000000000 ) ) ;
#1427 = EDGE_LOOP ( 'NONE', ( #718, #3725, #2778, #3428 ) ) ;
#1428 = ORIENTED_EDGE ( 'NONE', *, *, #1636, .F. ) ;
#1429 = TOROIDAL_SURFACE ( 'NONE', #1099, 0.3750000000000000000, 0.1250000000000000000 ) ;
#1430 = DIRECTION ( 'NONE',  ( 1.000000000000000000, 0.000000000000000000, 0.000000000000000000 ) ) ;
#1431 = TOROIDAL_SURFACE ( 'NONE', #449, 0.7599999999999674793, 0.1250000000000000000 ) ;
#1432 = CARTESIAN_POINT ( 'NONE',  ( 2.083333333332807236, -0.1407183263686450636, 0.1250000000000000000 ) ) ;
#1433 = FACE_OUTER_BOUND ( 'NONE', #413, .T. ) ;
#1434 = EDGE_CURVE ( 'NONE', #4375, #777, #2827, .T. ) ;
#1435 = CIRCLE ( 'NONE', #531, 0.2500000000000000555 ) ;
#1436 = CARTESIAN_POINT ( 'NONE',  ( 1.127719111872106383, -0.6679603033317109695, 0.9999999999999996669 ) ) ;
#1437 = ADVANCED_FACE ( 'NONE', ( #1126 ), #738, .F. ) ;
#1438 = DIRECTION ( 'NONE',  ( 1.000000000000000000, 0.000000000000000000, 0.000000000000000000 ) ) ;
#1439 = LINE ( 'NONE', #2614, #3945 ) ;
#1440 = ORIENTED_EDGE ( 'NONE', *, *, #567, .T. ) ;
#1441 = AXIS2_PLACEMENT_3D ( 'NONE', #319, #4294, #4721 ) ;
#1442 = EDGE_CURVE ( 'NONE', #518, #347, #778, .T. ) ;
#1443 = AXIS2_PLACEMENT_3D ( 'NONE', #4922, #4898, #3723 ) ;
#1444 = LINE ( 'NONE', #3394, #2986 ) ;
#1445 = ADVANCED_FACE ( 'NONE', ( #1479 ), #5046, .T. ) ;
#1446 = DIRECTION ( 'NONE',  ( -0.000000000000000000, -0.000000000000000000, -1.000000000000000000 ) ) ;
#1447 = FACE_OUTER_BOUND ( 'NONE', #1389, .T. ) ;
#1448 = ORIENTED_EDGE ( 'NONE', *, *, #3898, .F. ) ;
#1449 = ORIENTED_EDGE ( 'NONE', *, *, #3038, .T. ) ;
#1450 = CYLINDRICAL_SURFACE ( 'NONE', #2177, 0.7500000000004974909 ) ;
#1451 = LINE ( 'NONE', #3345, #24 ) ;
#1452 = ORIENTED_EDGE ( 'NONE', *, *, #4740, .T. ) ;
#1453 = EDGE_LOOP ( 'NONE', ( #2347, #3274, #1589, #2252 ) ) ;
#1454 = EDGE_CURVE ( 'NONE', #4750, #2621, #2711, .T. ) ;
#1455 = DIRECTION ( 'NONE',  ( -0.6748065803555636233, -0.7379946335230563870, 0.000000000000000000 ) ) ;
#1456 = CARTESIAN_POINT ( 'NONE',  ( 1.833333333332808124, 2.359281673631354881, 0.1250000000000000000 ) ) ;
#1457 = CYLINDRICAL_SURFACE ( 'NONE', #2479, 0.1250000000000000000 ) ;
#1458 = CARTESIAN_POINT ( 'NONE',  ( 3.333333333332808568, -1.666666666666644092, 0.8750000000000001110 ) ) ;
#1459 = DIRECTION ( 'NONE',  ( -0.7905577474212254208, -0.6123874982331677375, 0.000000000000000000 ) ) ;
#1460 = DIRECTION ( 'NONE',  ( 1.156482317317871725E-16, -1.000000000000000000, 0.000000000000000000 ) ) ;
#1461 = EDGE_LOOP ( 'NONE', ( #239, #5056, #2400, #3922 ) ) ;
#1462 = CARTESIAN_POINT ( 'NONE',  ( 5.739455862555968402, 2.111744634020912947, 0.1250000000000000000 ) ) ;
#1463 = LINE ( 'NONE', #2672, #2805 ) ;
#1464 = DIRECTION ( 'NONE',  ( 0.7379946335230629373, 0.6748065803555564068, -0.000000000000000000 ) ) ;
#1465 = CARTESIAN_POINT ( 'NONE',  ( 7.045109403348477350, -0.3565432368572524768, 0.1250000000000000000 ) ) ;
#1466 = ORIENTED_EDGE ( 'NONE', *, *, #3506, .T. ) ;
#1467 = ORIENTED_EDGE ( 'NONE', *, *, #3081, .T. ) ;
#1468 = EDGE_CURVE ( 'NONE', #4465, #1958, #2418, .T. ) ;
#1469 = EDGE_CURVE ( 'NONE', #1702, #3170, #4329, .T. ) ;
#1470 = CARTESIAN_POINT ( 'NONE',  ( -1.166666666667191876, 2.109281673631104415, 1.000000000000000000 ) ) ;
#1471 = DIRECTION ( 'NONE',  ( -1.000000000000000000, 0.000000000000000000, 0.000000000000000000 ) ) ;
#1472 = VERTEX_POINT ( 'NONE', #4852 ) ;
#1473 = ORIENTED_EDGE ( 'NONE', *, *, #634, .T. ) ;
#1474 = DIRECTION ( 'NONE',  ( 0.000000000000000000, 0.000000000000000000, 1.000000000000000000 ) ) ;
#1475 = CARTESIAN_POINT ( 'NONE',  ( 6.284912653060667154, 1.293274004668413024, 0.8750000000000001110 ) ) ;
#1476 = DIRECTION ( 'NONE',  ( 1.000000000000000000, 0.000000000000000000, 0.000000000000000000 ) ) ;
#1477 = ADVANCED_FACE ( 'NONE', ( #433 ), #2379, .F. ) ;
#1478 = CIRCLE ( 'NONE', #9, 0.6349999999999675904 ) ;
#1479 = FACE_OUTER_BOUND ( 'NONE', #3564, .T. ) ;
#1480 = CARTESIAN_POINT ( 'NONE',  ( -0.7241666666666939367, 2.109281673631104415, -3.252606517456513302E-17 ) ) ;
#1481 = DIRECTION ( 'NONE',  ( 1.000000000000000000, 0.000000000000000000, 0.000000000000000000 ) ) ;
#1482 = ORIENTED_EDGE ( 'NONE', *, *, #3597, .F. ) ;
#1483 = CIRCLE ( 'NONE', #903, 0.8750000000000001110 ) ;
#1484 = EDGE_CURVE ( 'NONE', #2774, #3449, #48, .T. ) ;
#1485 = AXIS2_PLACEMENT_3D ( 'NONE', #4314, #3181, #4738 ) ;
#1486 = AXIS2_PLACEMENT_3D ( 'NONE', #516, #871, #444 ) ;
#1487 = CARTESIAN_POINT ( 'NONE',  ( 1.958391357269598121, 2.142674822278668234, 0.8750000000000001110 ) ) ;
#1488 = DIRECTION ( 'NONE',  ( 0.000000000000000000, 0.000000000000000000, 1.000000000000000000 ) ) ;
#1489 = CARTESIAN_POINT ( 'NONE',  ( 7.833333333332806347, 2.109281673631105303, 1.000000000000000000 ) ) ;
#1490 = AXIS2_PLACEMENT_3D ( 'NONE', #3677, #1227, #4042 ) ;
#1491 = DIRECTION ( 'NONE',  ( 1.000000000000000000, 0.000000000000000000, 0.000000000000000000 ) ) ;
#1492 = ORIENTED_EDGE ( 'NONE', *, *, #2064, .F. ) ;
#1493 = CIRCLE ( 'NONE', #2061, 0.1249999999999997918 ) ;
#1494 = EDGE_CURVE ( 'NONE', #3066, #2934, #4546, .T. ) ;
#1495 = AXIS2_PLACEMENT_3D ( 'NONE', #3580, #3219, #1294 ) ;
#1496 = EDGE_LOOP ( 'NONE', ( #166, #1361, #2253, #3183 ) ) ;
#1497 = CYLINDRICAL_SURFACE ( 'NONE', #2912, 0.1250000000000000278 ) ;
#1498 = CARTESIAN_POINT ( 'NONE',  ( 4.425570847601670188, -0.6679479382914954577, 0.1250000000000000000 ) ) ;
#1499 = EDGE_CURVE ( 'NONE', #615, #1472, #371, .T. ) ;
#1500 = ORIENTED_EDGE ( 'NONE', *, *, #1169, .T. ) ;
#1501 = DIRECTION ( 'NONE',  ( 1.000000000000000000, 0.000000000000000000, 0.000000000000000000 ) ) ;
#1502 = EDGE_CURVE ( 'NONE', #38, #4934, #2744, .T. ) ;
#1503 = CARTESIAN_POINT ( 'NONE',  ( -3.306708695785421849E-16, 2.859281673631104415, 0.1249999999999999445 ) ) ;
#1504 = DIRECTION ( 'NONE',  ( 0.000000000000000000, -0.000000000000000000, -1.000000000000000000 ) ) ;
#1505 = AXIS2_PLACEMENT_3D ( 'NONE', #4371, #1308, #2053 ) ;
#1506 = ORIENTED_EDGE ( 'NONE', *, *, #3501, .T. ) ;
#1507 = AXIS2_PLACEMENT_3D ( 'NONE', #3537, #1556, #4333 ) ;
#1508 = DIRECTION ( 'NONE',  ( 0.6123874982331677375, -0.7905577474212254208, 0.000000000000000000 ) ) ;
#1509 = DIRECTION ( 'NONE',  ( 0.6748065803555622910, -0.7379946335230577192, 0.000000000000000000 ) ) ;
#1510 = DIRECTION ( 'NONE',  ( 1.000000000000000000, 0.000000000000000000, 0.000000000000000000 ) ) ;
#1511 = ORIENTED_EDGE ( 'NONE', *, *, #992, .T. ) ;
#1512 = CIRCLE ( 'NONE', #2008, 0.1250000000000000833 ) ;
#1513 = CARTESIAN_POINT ( 'NONE',  ( 1.408124495170728796, -0.9358728784736002337, 0.8750000000000001110 ) ) ;
#1514 = CARTESIAN_POINT ( 'NONE',  ( 5.882396348733596625, 2.252218469266419554, 0.8750000000000001110 ) ) ;
#1515 = CIRCLE ( 'NONE', #4468, 0.1250000000000001388 ) ;
#1516 = CARTESIAN_POINT ( 'NONE',  ( 1.770967754350238899, -0.09968527303516640237, 0.000000000000000000 ) ) ;
#1517 = CYLINDRICAL_SURFACE ( 'NONE', #440, 0.2499999999999998890 ) ;
#1518 = VERTEX_POINT ( 'NONE', #3970 ) ;
#1519 = ORIENTED_EDGE ( 'NONE', *, *, #1947, .F. ) ;
#1520 = AXIS2_PLACEMENT_3D ( 'NONE', #4099, #85, #3665 ) ;
#1521 = DIRECTION ( 'NONE',  ( 1.000000000000000000, 1.156482317317871725E-16, -0.000000000000000000 ) ) ;
#1522 = CARTESIAN_POINT ( 'NONE',  ( 7.625795835263509126, 0.9032462515051187246, 1.000000000000000000 ) ) ;
#1523 = VERTEX_POINT ( 'NONE', #198 ) ;
#1524 = VERTEX_POINT ( 'NONE', #1391 ) ;
#1525 = LINE ( 'NONE', #1201, #4511 ) ;
#1526 = DIRECTION ( 'NONE',  ( 1.000000000000000000, 3.546545773108138773E-15, 0.000000000000000000 ) ) ;
#1527 = DIRECTION ( 'NONE',  ( -0.000000000000000000, 0.000000000000000000, 1.000000000000000000 ) ) ;
#1528 = ORIENTED_EDGE ( 'NONE', *, *, #2858, .T. ) ;
#1529 = ADVANCED_FACE ( 'NONE', ( #2023 ), #928, .F. ) ;
#1530 = ADVANCED_FACE ( 'NONE', ( #1995 ), #1725, .F. ) ;
#1531 = DIRECTION ( 'NONE',  ( 1.000000000000000000, 0.000000000000000000, 0.000000000000000000 ) ) ;
#1532 = DIRECTION ( 'NONE',  ( -0.000000000000000000, 0.000000000000000000, 1.000000000000000000 ) ) ;
#1533 = DIRECTION ( 'NONE',  ( 0.000000000000000000, -0.000000000000000000, -1.000000000000000000 ) ) ;
#1534 = ORIENTED_EDGE ( 'NONE', *, *, #2255, .T. ) ;
#1535 = EDGE_CURVE ( 'NONE', #347, #4880, #935, .T. ) ;
#1536 = CARTESIAN_POINT ( 'NONE',  ( 5.901514293091268293, 2.262816894875282703, 0.8750000000000001110 ) ) ;
#1537 = CARTESIAN_POINT ( 'NONE',  ( 5.258542171494885231, -0.9358728784736005668, 0.8750000000000001110 ) ) ;
#1538 = DIRECTION ( 'NONE',  ( 0.000000000000000000, 0.000000000000000000, 1.000000000000000000 ) ) ;
#1539 = CARTESIAN_POINT ( 'NONE',  ( 2.735443128941592583, 0.5467816736313557691, 0.8750000000000001110 ) ) ;
#1540 = ORIENTED_EDGE ( 'NONE', *, *, #3918, .T. ) ;
#1541 = ORIENTED_EDGE ( 'NONE', *, *, #1579, .F. ) ;
#1542 = EDGE_CURVE ( 'NONE', #3835, #3596, #4050, .T. ) ;
#1543 = DIRECTION ( 'NONE',  ( 0.5286605404450586132, 0.8488333363955133937, 0.000000000000000000 ) ) ;
#1544 = DIRECTION ( 'NONE',  ( -1.000000000000000000, -0.000000000000000000, -0.000000000000000000 ) ) ;
#1545 = ORIENTED_EDGE ( 'NONE', *, *, #1690, .T. ) ;
#1546 = ORIENTED_EDGE ( 'NONE', *, *, #3598, .T. ) ;
#1547 = ADVANCED_FACE ( 'NONE', ( #54 ), #1755, .F. ) ;
#1548 = CARTESIAN_POINT ( 'NONE',  ( 3.389957660358748459, 0.8592816736313547699, 0.1250000000000000000 ) ) ;
#1549 = FACE_BOUND ( 'NONE', #3098, .T. ) ;
#1550 = DIRECTION ( 'NONE',  ( -0.000000000000000000, -0.000000000000000000, -1.000000000000000000 ) ) ;
#1551 = ORIENTED_EDGE ( 'NONE', *, *, #2772, .F. ) ;
#1552 = DIRECTION ( 'NONE',  ( 0.8660254037844400399, 0.4999999999999975575, 0.000000000000000000 ) ) ;
#1553 = CARTESIAN_POINT ( 'NONE',  ( 3.333333333332808568, -1.666666666666644092, 0.8750000000000001110 ) ) ;
#1554 = ORIENTED_EDGE ( 'NONE', *, *, #2913, .F. ) ;
#1555 = AXIS2_PLACEMENT_3D ( 'NONE', #4230, #1148, #1481 ) ;
#1556 = DIRECTION ( 'NONE',  ( -0.000000000000000000, 0.000000000000000000, 1.000000000000000000 ) ) ;
#1557 = FACE_OUTER_BOUND ( 'NONE', #1305, .T. ) ;
#1558 = CARTESIAN_POINT ( 'NONE',  ( 3.276709006306867344, 0.2342816736313547699, 0.8750000000000001110 ) ) ;
#1559 = AXIS2_PLACEMENT_3D ( 'NONE', #147, #2427, #929 ) ;
#1560 = CARTESIAN_POINT ( 'NONE',  ( 4.093333333332775936, -1.666666666666644092, -3.252606517456513302E-17 ) ) ;
#1561 = EDGE_LOOP ( 'NONE', ( #4836, #1190, #534, #873 ) ) ;
#1562 = EDGE_CURVE ( 'NONE', #4375, #1752, #4496, .T. ) ;
#1563 = ORIENTED_EDGE ( 'NONE', *, *, #3018, .F. ) ;
#1564 = ORIENTED_EDGE ( 'NONE', *, *, #1199, .F. ) ;
#1565 = VECTOR ( 'NONE', #4327, 100.0000000000000000 ) ;
#1566 = TOROIDAL_SURFACE ( 'NONE', #5006, 0.3750000000000000000, 0.1250000000000000000 ) ;
#1567 = CIRCLE ( 'NONE', #178, 0.1249999999999996947 ) ;
#1568 = DIRECTION ( 'NONE',  ( 0.8745968939880158777, 0.4848507739774323144, -0.000000000000000000 ) ) ;
#1569 = DIRECTION ( 'NONE',  ( 1.000000000000000000, 0.000000000000000000, 0.000000000000000000 ) ) ;
#1570 = EDGE_CURVE ( 'NONE', #4647, #1175, #953, .T. ) ;
#1571 = CIRCLE ( 'NONE', #510, 0.1250000000000001388 ) ;
#1572 = VECTOR ( 'NONE', #1778, 100.0000000000000000 ) ;
#1573 = ORIENTED_EDGE ( 'NONE', *, *, #1335, .F. ) ;
#1574 = TOROIDAL_SURFACE ( 'NONE', #3952, 0.4425000000004975509, 0.1250000000000000000 ) ;
#1575 = EDGE_LOOP ( 'NONE', ( #4510, #4937, #2133, #2880 ) ) ;
#1576 = AXIS2_PLACEMENT_3D ( 'NONE', #43, #2754, #4263 ) ;
#1577 = AXIS2_PLACEMENT_3D ( 'NONE', #2076, #2894, #2509 ) ;
#1578 = DIRECTION ( 'NONE',  ( 0.000000000000000000, -0.000000000000000000, -1.000000000000000000 ) ) ;
#1579 = EDGE_CURVE ( 'NONE', #3016, #2621, #461, .T. ) ;
#1580 = DIRECTION ( 'NONE',  ( 1.000000000000000000, 0.000000000000000000, 0.000000000000000000 ) ) ;
#1581 = CARTESIAN_POINT ( 'NONE',  ( 0.7842703179320212881, 2.252218469266419110, 0.8750000000000001110 ) ) ;
#1582 = AXIS2_PLACEMENT_3D ( 'NONE', #2111, #143, #1623 ) ;
#1583 = ORIENTED_EDGE ( 'NONE', *, *, #4519, .F. ) ;
#1584 = AXIS2_PLACEMENT_3D ( 'NONE', #4681, #1504, #4656 ) ;
#1585 = DIRECTION ( 'NONE',  ( 1.000000000000000000, 0.000000000000000000, 0.000000000000000000 ) ) ;
#1586 = CIRCLE ( 'NONE', #1261, 0.4999999999999997780 ) ;
#1587 = CARTESIAN_POINT ( 'NONE',  ( 1.770967754350238899, -0.09968527303516640237, 1.000000000000000000 ) ) ;
#1588 = CYLINDRICAL_SURFACE ( 'NONE', #2050, 0.2500000000000002220 ) ;
#1589 = ORIENTED_EDGE ( 'NONE', *, *, #3200, .F. ) ;
#1590 = AXIS2_PLACEMENT_3D ( 'NONE', #1336, #4004, #4024 ) ;
#1591 = DIRECTION ( 'NONE',  ( 0.4999999999999975575, 0.8660254037844400399, 0.000000000000000000 ) ) ;
#1592 = DIRECTION ( 'NONE',  ( -0.4999999999999975575, -0.8660254037844400399, 0.000000000000000000 ) ) ;
#1593 =( LENGTH_UNIT ( ) NAMED_UNIT ( * ) SI_UNIT ( .CENTI., .METRE. ) );
#1594 = DIRECTION ( 'NONE',  ( 1.000000000000000000, 0.000000000000000000, 0.000000000000000000 ) ) ;
#1595 = ADVANCED_FACE ( 'NONE', ( #4757 ), #1255, .F. ) ;
#1596 = ORIENTED_EDGE ( 'NONE', *, *, #340, .F. ) ;
#1597 = ORIENTED_EDGE ( 'NONE', *, *, #720, .F. ) ;
#1598 = AXIS2_PLACEMENT_3D ( 'NONE', #549, #812, #223 ) ;
#1599 = ADVANCED_FACE ( 'NONE', ( #3670 ), #3819, .T. ) ;
#1600 = DIRECTION ( 'NONE',  ( 0.000000000000000000, -1.000000000000000000, 0.000000000000000000 ) ) ;
#1601 = CYLINDRICAL_SURFACE ( 'NONE', #2320, 0.1249999999999997363 ) ;
#1602 = VERTEX_POINT ( 'NONE', #571 ) ;
#1603 = AXIS2_PLACEMENT_3D ( 'NONE', #2936, #5003, #4596 ) ;
#1604 = VECTOR ( 'NONE', #4421, 100.0000000000000000 ) ;
#1605 = ORIENTED_EDGE ( 'NONE', *, *, #2858, .F. ) ;
#1606 = EDGE_CURVE ( 'NONE', #2725, #1092, #4181, .T. ) ;
#1607 = CIRCLE ( 'NONE', #4555, 0.1250000000000000833 ) ;
#1608 = CARTESIAN_POINT ( 'NONE',  ( 8.583333333333305504, 2.109281673631105303, 0.1249999999999999445 ) ) ;
#1609 = ORIENTED_EDGE ( 'NONE', *, *, #1327, .T. ) ;
#1610 = DIRECTION ( 'NONE',  ( 0.5914832590436095439, 0.8063172789114407824, 1.118990010250732796E-15 ) ) ;
#1611 = ORIENTED_EDGE ( 'NONE', *, *, #3828, .T. ) ;
#1612 = EDGE_CURVE ( 'NONE', #2808, #615, #1515, .T. ) ;
#1613 = CARTESIAN_POINT ( 'NONE',  ( -1.166666666667191876, 2.109281673631104415, 1.000000000000000000 ) ) ;
#1614 = CYLINDRICAL_SURFACE ( 'NONE', #4193, 0.9999999999999995559 ) ;
#1615 = CARTESIAN_POINT ( 'NONE',  ( 0.09741792021179793148, 0.1065400137138594050, 0.1250000000000000000 ) ) ;
#1616 = VERTEX_POINT ( 'NONE', #679 ) ;
#1617 = LINE ( 'NONE', #3180, #3624 ) ;
#1618 = CARTESIAN_POINT ( 'NONE',  ( 1.273235988959244169, 2.708115010026618030, 0.8750000000000001110 ) ) ;
#1619 = CARTESIAN_POINT ( 'NONE',  ( -1.166666666667192098, 2.734281673631602239, 0.000000000000000000 ) ) ;
#1620 = ORIENTED_EDGE ( 'NONE', *, *, #3917, .F. ) ;
#1621 = VERTEX_POINT ( 'NONE', #3063 ) ;
#1622 = DIRECTION ( 'NONE',  ( 0.7067032079889016272, -0.7075101241807040253, 0.000000000000000000 ) ) ;
#1623 = DIRECTION ( 'NONE',  ( 1.000000000000000000, 0.000000000000000000, 0.000000000000000000 ) ) ;
#1624 = ORIENTED_EDGE ( 'NONE', *, *, #4388, .F. ) ;
#1625 = ADVANCED_FACE ( 'NONE', ( #3370 ), #1906, .F. ) ;
#1626 = EDGE_CURVE ( 'NONE', #1616, #2738, #301, .T. ) ;
#1627 = ORIENTED_EDGE ( 'NONE', *, *, #1101, .T. ) ;
#1628 = LINE ( 'NONE', #3600, #4918 ) ;
#1629 = ORIENTED_EDGE ( 'NONE', *, *, #2200, .F. ) ;
#1630 = DIRECTION ( 'NONE',  ( -0.000000000000000000, 0.000000000000000000, -1.000000000000000000 ) ) ;
#1631 = VERTEX_POINT ( 'NONE', #3424 ) ;
#1632 = ADVANCED_FACE ( 'NONE', ( #2214 ), #1497, .T. ) ;
#1633 = EDGE_LOOP ( 'NONE', ( #4112, #4819, #3697, #4799 ) ) ;
#1634 = DIRECTION ( 'NONE',  ( -1.000000000000000000, 0.000000000000000000, 0.000000000000000000 ) ) ;
#1635 = CARTESIAN_POINT ( 'NONE',  ( 0.2083333333328080961, 1.934843059629778539, 0.8750000000000001110 ) ) ;
#1636 = EDGE_CURVE ( 'NONE', #1367, #246, #2665, .T. ) ;
#1637 = DIRECTION ( 'NONE',  ( -1.000000000000000000, 0.000000000000000000, 0.000000000000000000 ) ) ;
#1638 = CARTESIAN_POINT ( 'NONE',  ( 0.7045460268271656057, 2.153492283126782869, 0.8750000000000001110 ) ) ;
#1639 = CARTESIAN_POINT ( 'NONE',  ( 2.095727280769403844, 0.08781472696483283435, 1.000000000000000000 ) ) ;
#1640 = FACE_OUTER_BOUND ( 'NONE', #1824, .T. ) ;
#1641 = EDGE_CURVE ( 'NONE', #909, #4623, #4389, .T. ) ;
#1642 = ORIENTED_EDGE ( 'NONE', *, *, #2881, .F. ) ;
#1643 = TOROIDAL_SURFACE ( 'NONE', #1970, 1.125000000000000000, 0.1250000000000000000 ) ;
#1644 = VERTEX_POINT ( 'NONE', #2678 ) ;
#1645 = DIRECTION ( 'NONE',  ( 1.000000000000000000, 0.000000000000000000, 0.000000000000000000 ) ) ;
#1646 = DIRECTION ( 'NONE',  ( 0.4848507739774302050, -0.8745968939880170989, 0.000000000000000000 ) ) ;
#1647 = PLANE ( 'NONE',  #1087 ) ;
#1648 = EDGE_CURVE ( 'NONE', #518, #1864, #4710, .T. ) ;
#1649 = ORIENTED_EDGE ( 'NONE', *, *, #1689, .T. ) ;
#1650 = CIRCLE ( 'NONE', #2309, 0.1250000000000000000 ) ;
#1651 = ORIENTED_EDGE ( 'NONE', *, *, #3068, .F. ) ;
#1652 = TOROIDAL_SURFACE ( 'NONE', #828, 0.6250000000004989342, 0.1250000000000000000 ) ;
#1653 = AXIS2_PLACEMENT_3D ( 'NONE', #3512, #4175, #1925 ) ;
#1654 = DIRECTION ( 'NONE',  ( 0.000000000000000000, 0.000000000000000000, -1.000000000000000000 ) ) ;
#1655 = AXIS2_PLACEMENT_3D ( 'NONE', #4170, #3272, #4069 ) ;
#1656 = ORIENTED_EDGE ( 'NONE', *, *, #2033, .F. ) ;
#1657 = VECTOR ( 'NONE', #2155, 100.0000000000000000 ) ;
#1658 = CARTESIAN_POINT ( 'NONE',  ( 6.064215388975132903, 1.924244634020913391, 0.8750000000000001110 ) ) ;
#1659 = VECTOR ( 'NONE', #2279, 100.0000000000000000 ) ;
#1660 = AXIS2_PLACEMENT_3D ( 'NONE', #4722, #3111, #803 ) ;
#1661 = CIRCLE ( 'NONE', #1577, 0.1249999999999998473 ) ;
#1662 = EDGE_CURVE ( 'NONE', #4029, #3705, #1851, .T. ) ;
#1663 = FACE_OUTER_BOUND ( 'NONE', #819, .T. ) ;
#1664 = CARTESIAN_POINT ( 'NONE',  ( 3.686298393610226931, -2.855506834722219889, 1.000000000000000000 ) ) ;
#1665 = AXIS2_PLACEMENT_3D ( 'NONE', #4444, #2397, #1310 ) ;
#1666 = FACE_OUTER_BOUND ( 'NONE', #318, .T. ) ;
#1667 = CIRCLE ( 'NONE', #1421, 0.1249999999999999306 ) ;
#1668 = FACE_OUTER_BOUND ( 'NONE', #3442, .T. ) ;
#1669 = DIRECTION ( 'NONE',  ( 0.8063172789114422256, 0.5914832590436077675, 0.000000000000000000 ) ) ;
#1670 = DIRECTION ( 'NONE',  ( 0.7067032079892088259, 0.7075101241803971597, 0.000000000000000000 ) ) ;
#1671 = ORIENTED_EDGE ( 'NONE', *, *, #1570, .T. ) ;
#1672 = VERTEX_POINT ( 'NONE', #3779 ) ;
#1673 = AXIS2_PLACEMENT_3D ( 'NONE', #3209, #4771, #4396 ) ;
#1674 = CARTESIAN_POINT ( 'NONE',  ( 1.621026493930216583, 2.491508158674184070, 0.8750000000000001110 ) ) ;
#1675 = AXIS2_PLACEMENT_3D ( 'NONE', #1817, #210, #1767 ) ;
#1676 = CARTESIAN_POINT ( 'NONE',  ( 5.962120639838448533, 2.153492283126781093, 0.8750000000000001110 ) ) ;
#1677 = LINE ( 'NONE', #164, #3873 ) ;
#1678 = ORIENTED_EDGE ( 'NONE', *, *, #2176, .F. ) ;
#1679 = EDGE_LOOP ( 'NONE', ( #437, #4622, #1884, #4093 ) ) ;
#1680 = AXIS2_PLACEMENT_3D ( 'NONE', #4249, #1206, #1943 ) ;
#1681 = LINE ( 'NONE', #2522, #3536 ) ;
#1682 = TOROIDAL_SURFACE ( 'NONE', #3160, 0.4425000000004978840, 0.1250000000000000000 ) ;
#1683 = EDGE_LOOP ( 'NONE', ( #1112, #3628, #4318, #1611, #711, #49, #749, #2732, #4316, #2049, #4404 ) ) ;
#1684 = DIRECTION ( 'NONE',  ( 0.000000000000000000, 0.000000000000000000, 1.000000000000000000 ) ) ;
#1685 = AXIS2_PLACEMENT_3D ( 'NONE', #2905, #4416, #2932 ) ;
#1686 = DIRECTION ( 'NONE',  ( -0.000000000000000000, 0.000000000000000000, 1.000000000000000000 ) ) ;
#1687 = CARTESIAN_POINT ( 'NONE',  ( 4.895698912315332940, -0.09968527303524156447, 0.000000000000000000 ) ) ;
#1688 = DIRECTION ( 'NONE',  ( 1.000000000000000000, 0.000000000000000000, 0.000000000000000000 ) ) ;
#1689 = EDGE_CURVE ( 'NONE', #1840, #1523, #214, .T. ) ;
#1690 = EDGE_CURVE ( 'NONE', #2083, #4936, #3974, .T. ) ;
#1691 = DIRECTION ( 'NONE',  ( 1.000000000000000000, 0.000000000000000000, 0.000000000000000000 ) ) ;
#1692 = CARTESIAN_POINT ( 'NONE',  ( 1.201653249181793059, -1.200282762131756442, 0.000000000000000000 ) ) ;
#1693 = CARTESIAN_POINT ( 'NONE',  ( 0.6024512776904850098, 1.924244634020912725, 0.1250000000000000000 ) ) ;
#1694 = VERTEX_POINT ( 'NONE', #1835 ) ;
#1695 = ADVANCED_FACE ( 'NONE', ( #628 ), #4628, .T. ) ;
#1696 = ORIENTED_EDGE ( 'NONE', *, *, #3838, .F. ) ;
#1697 = CARTESIAN_POINT ( 'NONE',  ( 5.922091218152168324, 2.734281673631104859, 1.000000000000000000 ) ) ;
#1698 = DIRECTION ( 'NONE',  ( -1.156482317317869260E-16, 1.000000000000000000, 0.000000000000000000 ) ) ;
#1699 = FACE_OUTER_BOUND ( 'NONE', #642, .T. ) ;
#1700 = ADVANCED_FACE ( 'NONE', ( #241 ), #1450, .T. ) ;
#1701 = EDGE_LOOP ( 'NONE', ( #644, #3750, #3857, #4726 ) ) ;
#1702 = VERTEX_POINT ( 'NONE', #1801 ) ;
#1703 = CARTESIAN_POINT ( 'NONE',  ( 8.150833333333304509, 2.109281673631105303, 1.000000000000000000 ) ) ;
#1704 = ORIENTED_EDGE ( 'NONE', *, *, #2102, .F. ) ;
#1705 = EDGE_CURVE ( 'NONE', #4474, #2403, #4930, .T. ) ;
#1706 = DIRECTION ( 'NONE',  ( -0.000000000000000000, -0.000000000000000000, -1.000000000000000000 ) ) ;
#1707 = VERTEX_POINT ( 'NONE', #4553 ) ;
#1708 = PLANE ( 'NONE',  #4526 ) ;
#1709 = DIRECTION ( 'NONE',  ( 1.000000000000000000, 0.000000000000000000, 0.000000000000000000 ) ) ;
#1710 = CYLINDRICAL_SURFACE ( 'NONE', #110, 0.1250000000000000000 ) ;
#1711 = EDGE_CURVE ( 'NONE', #3112, #3705, #3643, .T. ) ;
#1712 = DIRECTION ( 'NONE',  ( 1.000000000000000000, 0.000000000000000000, 0.000000000000000000 ) ) ;
#1713 = FACE_OUTER_BOUND ( 'NONE', #4438, .T. ) ;
#1714 = CARTESIAN_POINT ( 'NONE',  ( 2.135483922938033352, 2.133048400822015189, 0.1250000000000000000 ) ) ;
#1715 = ORIENTED_EDGE ( 'NONE', *, *, #1434, .T. ) ;
#1716 = ORIENTED_EDGE ( 'NONE', *, *, #4578, .F. ) ;
#1717 = FACE_OUTER_BOUND ( 'NONE', #1496, .T. ) ;
#1718 = EDGE_CURVE ( 'NONE', #2738, #2826, #5037, .T. ) ;
#1719 = CYLINDRICAL_SURFACE ( 'NONE', #1932, 1.000000000000000000 ) ;
#1720 = DIRECTION ( 'NONE',  ( -0.000000000000000000, 0.000000000000000000, 1.000000000000000000 ) ) ;
#1721 = VERTEX_POINT ( 'NONE', #3985 ) ;
#1722 = VERTEX_POINT ( 'NONE', #2369 ) ;
#1723 = CIRCLE ( 'NONE', #3193, 0.3175000000004979395 ) ;
#1724 = EDGE_CURVE ( 'NONE', #4252, #864, #2830, .T. ) ;
#1725 = CYLINDRICAL_SURFACE ( 'NONE', #52, 0.3175000000004979395 ) ;
#1726 = FACE_OUTER_BOUND ( 'NONE', #4002, .T. ) ;
#1727 = EDGE_LOOP ( 'NONE', ( #69, #1975, #2837, #517 ) ) ;
#1728 = AXIS2_PLACEMENT_3D ( 'NONE', #2967, #4559, #982 ) ;
#1729 = CARTESIAN_POINT ( 'NONE',  ( 7.833333333332806347, 2.859281673631354881, 0.1249999999999999445 ) ) ;
#1730 = ORIENTED_EDGE ( 'NONE', *, *, #719, .F. ) ;
#1731 = AXIS2_PLACEMENT_3D ( 'NONE', #4619, #4132, #2190 ) ;
#1732 = AXIS2_PLACEMENT_3D ( 'NONE', #3162, #4019, #2849 ) ;
#1733 = CIRCLE ( 'NONE', #913, 0.3750000000000000000 ) ;
#1734 = CARTESIAN_POINT ( 'NONE',  ( 4.895698912315332940, -0.09968527303524156447, 0.8750000000000001110 ) ) ;
#1735 = CARTESIAN_POINT ( 'NONE',  ( 2.095727280769403844, 0.08781472696483283435, 0.8750000000000001110 ) ) ;
#1736 = CARTESIAN_POINT ( 'NONE',  ( 3.389957660358748459, 0.2342816736313547699, 1.000000000000000000 ) ) ;
#1737 = CIRCLE ( 'NONE', #995, 0.3175000000004979395 ) ;
#1738 = CIRCLE ( 'NONE', #2809, 0.1250000000000001110 ) ;
#1739 = LINE ( 'NONE', #2588, #4466 ) ;
#1740 = AXIS2_PLACEMENT_3D ( 'NONE', #3557, #3073, #4303 ) ;
#1741 = DIRECTION ( 'NONE',  ( 0.000000000000000000, 1.000000000000000000, 0.000000000000000000 ) ) ;
#1742 = DIRECTION ( 'NONE',  ( 0.000000000000000000, -0.000000000000000000, -1.000000000000000000 ) ) ;
#1743 = EDGE_LOOP ( 'NONE', ( #4063, #1466 ) ) ;
#1744 = VERTEX_POINT ( 'NONE', #855 ) ;
#1745 = EDGE_CURVE ( 'NONE', #3360, #4375, #1238, .T. ) ;
#1746 = CARTESIAN_POINT ( 'NONE',  ( 6.155731937499599127, 0.3323926986550609919, 0.000000000000000000 ) ) ;
#1747 = DIRECTION ( 'NONE',  ( 0.000000000000000000, -0.000000000000000000, 1.000000000000000000 ) ) ;
#1748 = CARTESIAN_POINT ( 'NONE',  ( 6.329505302214732509, -1.280347801564878818, 0.000000000000000000 ) ) ;
#1749 = CARTESIAN_POINT ( 'NONE',  ( -0.5741009829315166790, -0.1039594678139655060, 0.8750000000000001110 ) ) ;
#1750 = VECTOR ( 'NONE', #4921, 100.0000000000000142 ) ;
#1751 = ORIENTED_EDGE ( 'NONE', *, *, #3158, .F. ) ;
#1752 = VERTEX_POINT ( 'NONE', #4340 ) ;
#1753 = ADVANCED_FACE ( 'NONE', ( #1933 ), #1682, .T. ) ;
#1754 = TOROIDAL_SURFACE ( 'NONE', #4298, 0.8750000000000001110, 0.1250000000000000000 ) ;
#1755 = CYLINDRICAL_SURFACE ( 'NONE', #3727, 0.3175000000004979395 ) ;
#1756 = CARTESIAN_POINT ( 'NONE',  ( 8.458333333333305504, 2.109281673631105303, 1.000000000000000000 ) ) ;
#1757 = ORIENTED_EDGE ( 'NONE', *, *, #532, .T. ) ;
#1758 = FACE_OUTER_BOUND ( 'NONE', #4411, .T. ) ;
#1759 = VERTEX_POINT ( 'NONE', #3931 ) ;
#1760 = AXIS2_PLACEMENT_3D ( 'NONE', #1045, #2231, #661 ) ;
#1761 = AXIS2_PLACEMENT_3D ( 'NONE', #1470, #2294, #3034 ) ;
#1762 = DIRECTION ( 'NONE',  ( -0.8488333363958252553, -0.5286605404445579026, 4.711971570680182338E-15 ) ) ;
#1763 = CARTESIAN_POINT ( 'NONE',  ( 6.458333333332806347, 1.441144819429314827, 0.000000000000000000 ) ) ;
#1764 = DIRECTION ( 'NONE',  ( 1.000000000000000000, 0.000000000000000000, 0.000000000000000000 ) ) ;
#1765 = EDGE_CURVE ( 'NONE', #4348, #2680, #1137, .T. ) ;
#1766 = AXIS2_PLACEMENT_3D ( 'NONE', #3110, #3574, #754 ) ;
#1767 = DIRECTION ( 'NONE',  ( 0.7905577474212254208, 0.6123874982331675154, 0.000000000000000000 ) ) ;
#1768 = CARTESIAN_POINT ( 'NONE',  ( 6.385702312924597557, 1.219338597287962234, 0.000000000000000000 ) ) ;
#1769 = CARTESIAN_POINT ( 'NONE',  ( -1.166666666667192098, 2.734281673631602239, 0.1250000000000000000 ) ) ;
#1770 = ORIENTED_EDGE ( 'NONE', *, *, #532, .F. ) ;
#1771 = ORIENTED_EDGE ( 'NONE', *, *, #4242, .T. ) ;
#1772 = DIRECTION ( 'NONE',  ( 0.000000000000000000, 0.000000000000000000, 1.000000000000000000 ) ) ;
#1773 = CARTESIAN_POINT ( 'NONE',  ( 2.241095819063943839, -0.6679479382914945695, 0.1250000000000000000 ) ) ;
#1774 = CARTESIAN_POINT ( 'NONE',  ( 0.2083333333328081793, 1.441144819429315049, 0.1250000000000001110 ) ) ;
#1775 = EDGE_LOOP ( 'NONE', ( #1916, #257, #2292, #4083 ) ) ;
#1776 = ORIENTED_EDGE ( 'NONE', *, *, #3411, .F. ) ;
#1777 = CARTESIAN_POINT ( 'NONE',  ( 5.393430677707613086, 2.708115010026932001, 0.000000000000000000 ) ) ;
#1778 = DIRECTION ( 'NONE',  ( 0.7067032079892088259, 0.7075101241803971597, -0.000000000000000000 ) ) ;
#1779 = EDGE_CURVE ( 'NONE', #1990, #4479, #4552, .T. ) ;
#1780 = EDGE_CURVE ( 'NONE', #4332, #3776, #2753, .T. ) ;
#1781 = LINE ( 'NONE', #1394, #2165 ) ;
#1782 = ORIENTED_EDGE ( 'NONE', *, *, #2993, .T. ) ;
#1783 = DIRECTION ( 'NONE',  ( 0.000000000000000000, -0.000000000000000000, -1.000000000000000000 ) ) ;
#1784 = EDGE_CURVE ( 'NONE', #1744, #3112, #10, .T. ) ;
#1785 = DIRECTION ( 'NONE',  ( -0.4999999999999980571, 0.8660254037844397068, -0.000000000000000000 ) ) ;
#1786 = PRODUCT_CONTEXT ( 'NONE', #4580, 'mechanical' ) ;
#1787 = CARTESIAN_POINT ( 'NONE',  ( 5.130339187986892036, -0.2806547928548400739, 0.8750000000000001110 ) ) ;
#1788 = EDGE_CURVE ( 'NONE', #1034, #1026, #535, .T. ) ;
#1789 = CARTESIAN_POINT ( 'NONE',  ( 6.458333333332806347, 1.934843059629777207, 0.000000000000000000 ) ) ;
#1790 = DIRECTION ( 'NONE',  ( -0.8488333363955135047, 0.5286605404450580581, -0.000000000000000000 ) ) ;
#1791 = DIRECTION ( 'NONE',  ( 1.000000000000000000, 7.840558083502170568E-16, 0.000000000000000000 ) ) ;
#1792 = ORIENTED_EDGE ( 'NONE', *, *, #3134, .T. ) ;
#1793 = VERTEX_POINT ( 'NONE', #3089 ) ;
#1794 = CARTESIAN_POINT ( 'NONE',  ( 4.093333333332775936, -1.666666666666644092, 1.000000000000000000 ) ) ;
#1795 = FACE_OUTER_BOUND ( 'NONE', #4102, .T. ) ;
#1796 = EDGE_CURVE ( 'NONE', #2192, #4034, #2344, .T. ) ;
#1797 = DIRECTION ( 'NONE',  ( -1.000000000000000000, 0.000000000000000000, 0.000000000000000000 ) ) ;
#1798 = PLANE ( 'NONE',  #3956 ) ;
#1799 = EDGE_LOOP ( 'NONE', ( #3934, #1988, #2918, #569 ) ) ;
#1800 = EDGE_LOOP ( 'NONE', ( #3647, #3093, #3954, #2501 ) ) ;
#1801 = CARTESIAN_POINT ( 'NONE',  ( 5.393430677707613086, 2.708115010026932001, 0.8750000000000001110 ) ) ;
#1802 = FACE_OUTER_BOUND ( 'NONE', #4172, .T. ) ;
#1803 = EDGE_CURVE ( 'NONE', #4928, #5031, #132, .T. ) ;
#1804 = VERTEX_POINT ( 'NONE', #1217 ) ;
#1805 = CYLINDRICAL_SURFACE ( 'NONE', #4041, 0.5000000000000001110 ) ;
#1806 = ORIENTED_EDGE ( 'NONE', *, *, #1195, .F. ) ;
#1807 = CIRCLE ( 'NONE', #1236, 0.1249999999999998751 ) ;
#1808 = ORIENTED_EDGE ( 'NONE', *, *, #2107, .F. ) ;
#1809 = AXIS2_PLACEMENT_3D ( 'NONE', #2299, #4344, #424 ) ;
#1810 = CARTESIAN_POINT ( 'NONE',  ( 2.988033871712053369, 0.2342816736313546866, 0.8750000000000001110 ) ) ;
#1811 = DIRECTION ( 'NONE',  ( -0.8488333363958264766, -0.5286605404445556822, 0.000000000000000000 ) ) ;
#1812 = SHAPE_DEFINITION_REPRESENTATION ( #2825, #2534 ) ;
#1813 = CARTESIAN_POINT ( 'NONE',  ( 3.333333333332808568, -1.666666666666644092, 0.8750000000000001110 ) ) ;
#1814 = CIRCLE ( 'NONE', #339, 1.000000000000000000 ) ;
#1815 = EDGE_CURVE ( 'NONE', #4714, #844, #2998, .T. ) ;
#1816 = CIRCLE ( 'NONE', #20, 0.1250000000000000278 ) ;
#1817 = CARTESIAN_POINT ( 'NONE',  ( 0.4802452864405954425, 0.3720110396248216822, 0.1250000000000000000 ) ) ;
#1818 = CARTESIAN_POINT ( 'NONE',  ( 6.064215388975132903, 1.924244634020913391, 0.000000000000000000 ) ) ;
#1819 = CIRCLE ( 'NONE', #4683, 0.8750000000000001110 ) ;
#1820 = CARTESIAN_POINT ( 'NONE',  ( 4.816528484868913829, 2.080174822278395119, 0.000000000000000000 ) ) ;
#1821 = AXIS2_PLACEMENT_3D ( 'NONE', #1214, #3639, #4739 ) ;
#1822 = EDGE_LOOP ( 'NONE', ( #2798, #1596, #5017, #4565 ) ) ;
#1823 = AXIS2_PLACEMENT_3D ( 'NONE', #3634, #3248, #2121 ) ;
#1824 = EDGE_LOOP ( 'NONE', ( #2900, #742, #2068, #3887 ) ) ;
#1825 = CIRCLE ( 'NONE', #3702, 0.1250000000000001110 ) ;
#1826 = CARTESIAN_POINT ( 'NONE',  ( -1.588420779389418724, 1.648035027679192854, 0.000000000000000000 ) ) ;
#1827 = DIRECTION ( 'NONE',  ( 0.000000000000000000, 0.000000000000000000, 1.000000000000000000 ) ) ;
#1828 = DIRECTION ( 'NONE',  ( -0.000000000000000000, 0.000000000000000000, 1.000000000000000000 ) ) ;
#1829 = VECTOR ( 'NONE', #2090, 100.0000000000000000 ) ;
#1830 = ORIENTED_EDGE ( 'NONE', *, *, #1833, .T. ) ;
#1831 = CIRCLE ( 'NONE', #2974, 0.7599999999999675904 ) ;
#1832 = ORIENTED_EDGE ( 'NONE', *, *, #70, .T. ) ;
#1833 = EDGE_CURVE ( 'NONE', #4714, #4849, #2775, .T. ) ;
#1834 = CIRCLE ( 'NONE', #2734, 0.3175000000004979395 ) ;
#1835 = CARTESIAN_POINT ( 'NONE',  ( 0.2083333333328081793, 1.934843059629778539, 0.000000000000000000 ) ) ;
#1836 = CARTESIAN_POINT ( 'NONE',  ( 6.254551655927252263, 0.2558442613759148165, 0.1249999999999999445 ) ) ;
#1837 = ORIENTED_EDGE ( 'NONE', *, *, #955, .T. ) ;
#1838 = DIRECTION ( 'NONE',  ( -0.000000000000000000, -0.000000000000000000, -1.000000000000000000 ) ) ;
#1839 = ORIENTED_EDGE ( 'NONE', *, *, #4755, .T. ) ;
#1840 = VERTEX_POINT ( 'NONE', #1162 ) ;
#1841 = VECTOR ( 'NONE', #4478, 100.0000000000000142 ) ;
#1842 = LINE ( 'NONE', #306, #2970 ) ;
#1843 = AXIS2_PLACEMENT_3D ( 'NONE', #3849, #332, #2510 ) ;
#1844 = DIRECTION ( 'NONE',  ( -0.8660254037844412611, 0.4999999999999953926, 0.000000000000000000 ) ) ;
#1845 = FACE_OUTER_BOUND ( 'NONE', #851, .T. ) ;
#1846 = VECTOR ( 'NONE', #612, 100.0000000000000000 ) ;
#1847 = FACE_OUTER_BOUND ( 'NONE', #3803, .T. ) ;
#1848 = DIRECTION ( 'NONE',  ( -0.000000000000000000, 0.000000000000000000, 1.000000000000000000 ) ) ;
#1849 = DIRECTION ( 'NONE',  ( 0.8488333363955140598, -0.5286605404450573920, 0.000000000000000000 ) ) ;
#1850 = ORIENTED_EDGE ( 'NONE', *, *, #3443, .F. ) ;
#1851 = CIRCLE ( 'NONE', #457, 0.1249999999999999445 ) ;
#1852 = EDGE_CURVE ( 'NONE', #1804, #1524, #1197, .T. ) ;
#1853 = ADVANCED_FACE ( 'NONE', ( #4372 ), #2699, .T. ) ;
#1854 = CIRCLE ( 'NONE', #4715, 0.9999999999999998890 ) ;
#1855 = CARTESIAN_POINT ( 'NONE',  ( 0.2083333333328080961, 1.359281673631354881, 0.8750000000000001110 ) ) ;
#1856 = CARTESIAN_POINT ( 'NONE',  ( -0.5629473456456782765, 1.896009431038038207, 0.000000000000000000 ) ) ;
#1857 = CARTESIAN_POINT ( 'NONE',  ( 1.273235988959244169, 2.708115010026618030, 0.1250000000000000000 ) ) ;
#1858 = FACE_OUTER_BOUND ( 'NONE', #805, .T. ) ;
#1859 = ORIENTED_EDGE ( 'NONE', *, *, #12, .F. ) ;
#1860 = ORIENTED_EDGE ( 'NONE', *, *, #1210, .F. ) ;
#1861 = DIRECTION ( 'NONE',  ( -1.000000000000000000, 0.000000000000000000, 0.000000000000000000 ) ) ;
#1862 = DIRECTION ( 'NONE',  ( -0.000000000000000000, -0.000000000000000000, -1.000000000000000000 ) ) ;
#1863 = ORIENTED_EDGE ( 'NONE', *, *, #4697, .F. ) ;
#1864 = VERTEX_POINT ( 'NONE', #4671 ) ;
#1865 = DIRECTION ( 'NONE',  ( 0.7379946335230570531, 0.6748065803555628461, 0.000000000000000000 ) ) ;
#1866 = EDGE_CURVE ( 'NONE', #4028, #374, #3731, .T. ) ;
#1867 = LINE ( 'NONE', #3524, #584 ) ;
#1868 = FACE_OUTER_BOUND ( 'NONE', #2988, .T. ) ;
#1869 = DIRECTION ( 'NONE',  ( 1.156482317317871725E-16, -1.000000000000000000, 0.000000000000000000 ) ) ;
#1870 = LINE ( 'NONE', #2232, #2643 ) ;
#1871 = DIRECTION ( 'NONE',  ( -0.000000000000000000, -0.000000000000000000, -1.000000000000000000 ) ) ;
#1872 = ADVANCED_FACE ( 'NONE', ( #2349 ), #2836, .T. ) ;
#1873 = VERTEX_POINT ( 'NONE', #802 ) ;
#1874 = FACE_OUTER_BOUND ( 'NONE', #356, .T. ) ;
#1875 = CARTESIAN_POINT ( 'NONE',  ( -1.484166666667689816, 2.109281673631104415, 0.8750000000000001110 ) ) ;
#1876 = CARTESIAN_POINT ( 'NONE',  ( -1.166666666667191876, 2.109281673631104415, 1.000000000000000000 ) ) ;
#1877 = EDGE_CURVE ( 'NONE', #3516, #1010, #303, .T. ) ;
#1878 = ORIENTED_EDGE ( 'NONE', *, *, #4572, .F. ) ;
#1879 = ORIENTED_EDGE ( 'NONE', *, *, #2127, .T. ) ;
#1880 = EDGE_CURVE ( 'NONE', #3054, #2685, #786, .T. ) ;
#1881 = DIRECTION ( 'NONE',  ( 0.6748065803555628461, 0.7379946335230570531, 0.000000000000000000 ) ) ;
#1882 = CYLINDRICAL_SURFACE ( 'NONE', #2398, 0.1250000000000001388 ) ;
#1883 = EDGE_LOOP ( 'NONE', ( #4125, #4400 ) ) ;
#1884 = ORIENTED_EDGE ( 'NONE', *, *, #876, .F. ) ;
#1885 = CARTESIAN_POINT ( 'NONE',  ( 6.083333333332806347, 1.934843059629777207, 0.1250000000000000000 ) ) ;
#1886 = CARTESIAN_POINT ( 'NONE',  ( 2.938341552395514089, -3.213484219408623055, 0.000000000000000000 ) ) ;
#1887 = DIRECTION ( 'NONE',  ( 1.000000000000000000, 0.000000000000000000, 0.000000000000000000 ) ) ;
#1888 = VECTOR ( 'NONE', #1783, 100.0000000000000000 ) ;
#1889 = CARTESIAN_POINT ( 'NONE',  ( 6.083333333332806347, 1.934843059629777207, 0.8750000000000001110 ) ) ;
#1890 = CARTESIAN_POINT ( 'NONE',  ( 6.385702312924598445, 1.219338597287963566, 0.000000000000000000 ) ) ;
#1891 = DIRECTION ( 'NONE',  ( 0.000000000000000000, -0.000000000000000000, -1.000000000000000000 ) ) ;
#1892 = EDGE_LOOP ( 'NONE', ( #2490, #3635, #3556, #2084, #2420, #221, #1649, #4731, #2658, #2878, #3685, #1341, #1546, #1297, #1345, #2860, #1545, #4011, #1040, #794, #51, #3244, #858, #184, #1467, #4037, #967, #4498, #4847, #1219, #3368 ) ) ;
#1893 = AXIS2_PLACEMENT_3D ( 'NONE', #3841, #4940, #687 ) ;
#1894 = VECTOR ( 'NONE', #1950, 100.0000000000000000 ) ;
#1895 = AXIS2_PLACEMENT_3D ( 'NONE', #4860, #282, #658 ) ;
#1896 = CIRCLE ( 'NONE', #3684, 0.2500000000000002220 ) ;
#1897 = DIRECTION ( 'NONE',  ( 0.9519672273065316048, 0.3061999316366915136, 0.000000000000000000 ) ) ;
#1898 = DIRECTION ( 'NONE',  ( -0.8660254037844400399, -0.4999999999999976685, 0.000000000000000000 ) ) ;
#1899 = CIRCLE ( 'NONE', #1823, 0.1250000000000000278 ) ;
#1900 = CYLINDRICAL_SURFACE ( 'NONE', #4927, 0.1250000000000000278 ) ;
#1901 = ORIENTED_EDGE ( 'NONE', *, *, #4654, .F. ) ;
#1902 = CIRCLE ( 'NONE', #5011, 0.8750000000004969358 ) ;
#1903 = AXIS2_PLACEMENT_3D ( 'NONE', #4476, #499, #2115 ) ;
#1904 = ORIENTED_EDGE ( 'NONE', *, *, #260, .F. ) ;
#1905 = AXIS2_PLACEMENT_3D ( 'NONE', #3973, #2122, #1688 ) ;
#1906 = CYLINDRICAL_SURFACE ( 'NONE', #1356, 0.6349999999999675904 ) ;
#1907 = AXIS2_PLACEMENT_3D ( 'NONE', #4518, #1001, #2573 ) ;
#1908 = AXIS2_PLACEMENT_3D ( 'NONE', #2226, #3794, #283 ) ;
#1909 = ORIENTED_EDGE ( 'NONE', *, *, #3168, .F. ) ;
#1910 = EDGE_CURVE ( 'NONE', #4849, #1331, #2181, .T. ) ;
#1911 = ORIENTED_EDGE ( 'NONE', *, *, #1454, .T. ) ;
#1912 = CARTESIAN_POINT ( 'NONE',  ( -1.166666666667191876, 2.109281673631104415, 0.8750000000000001110 ) ) ;
#1913 = CARTESIAN_POINT ( 'NONE',  ( -0.5629473456456782765, 1.896009431038038207, 0.8750000000000001110 ) ) ;
#1914 = EDGE_CURVE ( 'NONE', #1672, #3811, #3080, .T. ) ;
#1915 = FACE_OUTER_BOUND ( 'NONE', #2197, .T. ) ;
#1916 = ORIENTED_EDGE ( 'NONE', *, *, #3038, .F. ) ;
#1917 = AXIS2_PLACEMENT_3D ( 'NONE', #4808, #1301, #2973 ) ;
#1918 = CARTESIAN_POINT ( 'NONE',  ( 1.770967754350238899, -0.09968527303516640237, 0.000000000000000000 ) ) ;
#1919 = DIRECTION ( 'NONE',  ( -0.000000000000000000, 0.000000000000000000, 1.000000000000000000 ) ) ;
#1920 = CARTESIAN_POINT ( 'NONE',  ( 5.377538074908201793, -0.9741478699281870268, 0.8750000000000001110 ) ) ;
#1921 = EDGE_CURVE ( 'NONE', #4880, #1191, #618, .T. ) ;
#1922 = ORIENTED_EDGE ( 'NONE', *, *, #496, .T. ) ;
#1923 = CIRCLE ( 'NONE', #1760, 0.1250000000000000278 ) ;
#1924 = DIRECTION ( 'NONE',  ( 0.000000000000000000, 0.000000000000000000, -1.000000000000000000 ) ) ;
#1925 = DIRECTION ( 'NONE',  ( 1.000000000000000000, 0.000000000000000000, 0.000000000000000000 ) ) ;
#1926 = AXIS2_PLACEMENT_3D ( 'NONE', #1955, #4262, #3909 ) ;
#1927 = CARTESIAN_POINT ( 'NONE',  ( 2.241095819063943839, -0.6679479382914945695, 0.000000000000000000 ) ) ;
#1928 = DIRECTION ( 'NONE',  ( 1.000000000000000000, 0.000000000000000000, 0.000000000000000000 ) ) ;
#1929 = EDGE_CURVE ( 'NONE', #3372, #2615, #1607, .T. ) ;
#1930 = ORIENTED_EDGE ( 'NONE', *, *, #2107, .T. ) ;
#1931 = EDGE_LOOP ( 'NONE', ( #4660, #1452, #727, #215 ) ) ;
#1932 = AXIS2_PLACEMENT_3D ( 'NONE', #3279, #1337, #2594 ) ;
#1933 = FACE_OUTER_BOUND ( 'NONE', #897, .T. ) ;
#1934 = CARTESIAN_POINT ( 'NONE',  ( 7.515833333332308186, 2.109281673631105303, 0.1249999999999999445 ) ) ;
#1935 = VERTEX_POINT ( 'NONE', #1676 ) ;
#1936 = ORIENTED_EDGE ( 'NONE', *, *, #3882, .F. ) ;
#1937 = EDGE_CURVE ( 'NONE', #225, #2826, #3489, .T. ) ;
#1938 = DIRECTION ( 'NONE',  ( -0.000000000000000000, 0.000000000000000000, 1.000000000000000000 ) ) ;
#1939 = CYLINDRICAL_SURFACE ( 'NONE', #4599, 0.1249999999999999722 ) ;
#1940 = CARTESIAN_POINT ( 'NONE',  ( 2.036284050917887889, -0.3646989760311200035, 0.8750000000000001110 ) ) ;
#1941 = VERTEX_POINT ( 'NONE', #3240 ) ;
#1942 = ADVANCED_FACE ( 'NONE', ( #4471 ), #142, .T. ) ;
#1943 = DIRECTION ( 'NONE',  ( 0.000000000000000000, 0.000000000000000000, -1.000000000000000000 ) ) ;
#1944 = LINE ( 'NONE', #1147, #1248 ) ;
#1945 = CARTESIAN_POINT ( 'NONE',  ( 4.895698912315332940, -0.09968527303524156447, 0.1250000000000000000 ) ) ;
#1946 = ORIENTED_EDGE ( 'NONE', *, *, #1232, .F. ) ;
#1947 = EDGE_CURVE ( 'NONE', #3675, #962, #4140, .T. ) ;
#1948 = DIRECTION ( 'NONE',  ( 1.000000000000000000, 0.000000000000000000, 0.000000000000000000 ) ) ;
#1949 = CARTESIAN_POINT ( 'NONE',  ( 5.739455862555968402, 2.111744634020913836, 1.000000000000000000 ) ) ;
#1950 = DIRECTION ( 'NONE',  ( -0.4999999999999975575, 0.8660254037844400399, -0.000000000000000000 ) ) ;
#1951 = DIRECTION ( 'NONE',  ( 0.000000000000000000, 1.000000000000000000, -0.000000000000000000 ) ) ;
#1952 = ORIENTED_EDGE ( 'NONE', *, *, #4505, .T. ) ;
#1953 = EDGE_LOOP ( 'NONE', ( #3156, #2835, #3441, #1428 ) ) ;
#1954 = ORIENTED_EDGE ( 'NONE', *, *, #1641, .T. ) ;
#1955 = CARTESIAN_POINT ( 'NONE',  ( 4.570939385896168439, 0.08781472696475750572, 0.1250000000000000000 ) ) ;
#1956 = DIRECTION ( 'NONE',  ( -0.000000000000000000, 0.000000000000000000, 1.000000000000000000 ) ) ;
#1957 = ORIENTED_EDGE ( 'NONE', *, *, #4420, .F. ) ;
#1958 = VERTEX_POINT ( 'NONE', #595 ) ;
#1959 = EDGE_CURVE ( 'NONE', #2996, #4317, #3977, .T. ) ;
#1960 = CARTESIAN_POINT ( 'NONE',  ( 2.573333333332841200, -1.666666666666644092, -3.252606517456513302E-17 ) ) ;
#1961 = LINE ( 'NONE', #4224, #905 ) ;
#1962 = CARTESIAN_POINT ( 'NONE',  ( 2.145967754350238899, -0.09968527303516640237, 0.000000000000000000 ) ) ;
#1963 = VERTEX_POINT ( 'NONE', #545 ) ;
#1964 = ADVANCED_FACE ( 'NONE', ( #1365 ), #971, .F. ) ;
#1965 = CARTESIAN_POINT ( 'NONE',  ( 5.847709038029023532, 2.049244634020913391, 0.8750000000000001110 ) ) ;
#1966 = CARTESIAN_POINT ( 'NONE',  ( 2.938341552395513645, -3.213484219408622167, 0.8750000000000001110 ) ) ;
#1967 = DIRECTION ( 'NONE',  ( 1.000000000000000000, 0.000000000000000000, 0.000000000000000000 ) ) ;
#1968 = ORIENTED_EDGE ( 'NONE', *, *, #2945, .T. ) ;
#1969 = EDGE_CURVE ( 'NONE', #4714, #161, #865, .T. ) ;
#1970 = AXIS2_PLACEMENT_3D ( 'NONE', #4687, #2284, #1510 ) ;
#1971 = FACE_OUTER_BOUND ( 'NONE', #4587, .T. ) ;
#1972 = CYLINDRICAL_SURFACE ( 'NONE', #4274, 0.1250000000000000000 ) ;
#1973 = FACE_OUTER_BOUND ( 'NONE', #2703, .T. ) ;
#1974 = FACE_OUTER_BOUND ( 'NONE', #222, .T. ) ;
#1975 = ORIENTED_EDGE ( 'NONE', *, *, #1016, .F. ) ;
#1976 = ORIENTED_EDGE ( 'NONE', *, *, #2862, .T. ) ;
#1977 = ORIENTED_EDGE ( 'NONE', *, *, #2840, .T. ) ;
#1978 = AXIS2_PLACEMENT_3D ( 'NONE', #2224, #4146, #3793 ) ;
#1979 = VECTOR ( 'NONE', #158, 100.0000000000000142 ) ;
#1980 = STYLED_ITEM ( 'NONE', ( #2289 ), #2225 ) ;
#1981 = DIRECTION ( 'NONE',  ( 0.8488333363958264766, 0.5286605404445556822, 0.000000000000000000 ) ) ;
#1982 = CARTESIAN_POINT ( 'NONE',  ( -0.5678270619582326262, 1.021023037790286692, 0.1250000000000000000 ) ) ;
#1983 = CIRCLE ( 'NONE', #1163, 0.2499999999999998890 ) ;
#1984 = AXIS2_PLACEMENT_3D ( 'NONE', #2810, #2094, #4378 ) ;
#1985 = ADVANCED_FACE ( 'NONE', ( #4816 ), #3258, .T. ) ;
#1986 = ORIENTED_EDGE ( 'NONE', *, *, #4078, .F. ) ;
#1987 = AXIS2_PLACEMENT_3D ( 'NONE', #4046, #2103, #1067 ) ;
#1988 = ORIENTED_EDGE ( 'NONE', *, *, #3419, .T. ) ;
#1989 = CARTESIAN_POINT ( 'NONE',  ( 1.770967754350238899, -0.09968527303516640237, 0.1250000000000000000 ) ) ;
#1990 = VERTEX_POINT ( 'NONE', #877 ) ;
#1991 = PLANE ( 'NONE',  #1740 ) ;
#1992 = TOROIDAL_SURFACE ( 'NONE', #31, 0.3750000000000000000, 0.1250000000000000000 ) ;
#1993 = EDGE_LOOP ( 'NONE', ( #2460, #3627, #3206, #4328 ) ) ;
#1994 = AXIS2_PLACEMENT_3D ( 'NONE', #2429, #3632, #3247 ) ;
#1995 = FACE_OUTER_BOUND ( 'NONE', #3135, .T. ) ;
#1996 = CIRCLE ( 'NONE', #1673, 0.2499999999999998890 ) ;
#1997 = CARTESIAN_POINT ( 'NONE',  ( 0.7842952276561578895, 2.109281673631354881, 0.000000000000000000 ) ) ;
#1998 = DIRECTION ( 'NONE',  ( -1.000000000000000000, 0.000000000000000000, 0.000000000000000000 ) ) ;
#1999 = ORIENTED_EDGE ( 'NONE', *, *, #4144, .F. ) ;
#2000 = VECTOR ( 'NONE', #2671, 100.0000000000000000 ) ;
#2001 = DIRECTION ( 'NONE',  ( 0.8745968939880143234, 0.4848507739774357006, -0.000000000000000000 ) ) ;
#2002 = CARTESIAN_POINT ( 'NONE',  ( 0.000000000000000000, 0.000000000000000000, 0.000000000000000000 ) ) ;
#2003 = ADVANCED_FACE ( 'NONE', ( #2444 ), #5039, .T. ) ;
#2004 = DIRECTION ( 'NONE',  ( 0.000000000000000000, 0.000000000000000000, -1.000000000000000000 ) ) ;
#2005 = CARTESIAN_POINT ( 'NONE',  ( 3.389957660358748459, 0.2342816736313546866, 0.8750000000000001110 ) ) ;
#2006 = EDGE_CURVE ( 'NONE', #4701, #3242, #2505, .T. ) ;
#2007 = ORIENTED_EDGE ( 'NONE', *, *, #1780, .T. ) ;
#2008 = AXIS2_PLACEMENT_3D ( 'NONE', #4200, #4484, #1021 ) ;
#2009 = ORIENTED_EDGE ( 'NONE', *, *, #1947, .T. ) ;
#2010 = AXIS2_PLACEMENT_3D ( 'NONE', #4611, #3824, #1585 ) ;
#2011 = ADVANCED_FACE ( 'NONE', ( #2876 ), #1719, .T. ) ;
#2012 = DIRECTION ( 'NONE',  ( 0.7075101241807043584, 0.7067032079889012941, 0.000000000000000000 ) ) ;
#2013 = LINE ( 'NONE', #4417, #3055 ) ;
#2014 = ORIENTED_EDGE ( 'NONE', *, *, #4519, .T. ) ;
#2015 = ORIENTED_EDGE ( 'NONE', *, *, #3728, .F. ) ;
#2016 = ADVANCED_FACE ( 'NONE', ( #4236 ), #1386, .T. ) ;
#2017 = DIRECTION ( 'NONE',  ( 0.000000000000000000, -1.000000000000000000, 0.000000000000000000 ) ) ;
#2018 = VERTEX_POINT ( 'NONE', #2572 ) ;
#2019 = CARTESIAN_POINT ( 'NONE',  ( 4.679192561369222680, 0.02531472696475779716, 0.000000000000000000 ) ) ;
#2020 = ORIENTED_EDGE ( 'NONE', *, *, #1287, .F. ) ;
#2021 = ORIENTED_EDGE ( 'NONE', *, *, #1153, .T. ) ;
#2022 = EDGE_CURVE ( 'NONE', #3292, #2755, #1110, .T. ) ;
#2023 = FACE_OUTER_BOUND ( 'NONE', #2291, .T. ) ;
#2024 = CARTESIAN_POINT ( 'NONE',  ( 3.333333333332808568, -1.666666666666644092, 0.8750000000000001110 ) ) ;
#2025 = FACE_OUTER_BOUND ( 'NONE', #2106, .T. ) ;
#2026 = CARTESIAN_POINT ( 'NONE',  ( 0.5833333333328081238, 1.934843059629778539, 0.8750000000000001110 ) ) ;
#2027 = CARTESIAN_POINT ( 'NONE',  ( 5.016026605412786665, -1.313693242624170310, 0.1249999999999999445 ) ) ;
#2028 = DIRECTION ( 'NONE',  ( -0.7067032079892088259, -0.7075101241803971597, -0.000000000000000000 ) ) ;
#2029 = LINE ( 'NONE', #2436, #423 ) ;
#2030 = CARTESIAN_POINT ( 'NONE',  ( 7.833333333332806347, 2.109281673631105303, 0.000000000000000000 ) ) ;
#2031 = ORIENTED_EDGE ( 'NONE', *, *, #1724, .T. ) ;
#2032 = ORIENTED_EDGE ( 'NONE', *, *, #3255, .F. ) ;
#2033 = EDGE_CURVE ( 'NONE', #3516, #3074, #622, .T. ) ;
#2034 = DIRECTION ( 'NONE',  ( -0.000000000000000000, 0.000000000000000000, 1.000000000000000000 ) ) ;
#2035 = DIRECTION ( 'NONE',  ( -0.000000000000000000, 0.000000000000000000, 1.000000000000000000 ) ) ;
#2036 = CARTESIAN_POINT ( 'NONE',  ( 1.408124495170728796, -0.9358728784736002337, 0.000000000000000000 ) ) ;
#2037 = ORIENTED_EDGE ( 'NONE', *, *, #4067, .F. ) ;
#2038 = ORIENTED_EDGE ( 'NONE', *, *, #1049, .F. ) ;
#2039 = ADVANCED_FACE ( 'NONE', ( #646 ), #2983, .T. ) ;
#2040 = DIRECTION ( 'NONE',  ( -0.7075101241807033592, -0.7067032079889024043, 0.000000000000000000 ) ) ;
#2041 = VERTEX_POINT ( 'NONE', #701 ) ;
#2042 = DIRECTION ( 'NONE',  ( 1.000000000000000000, 0.000000000000000000, 0.000000000000000000 ) ) ;
#2043 = DIRECTION ( 'NONE',  ( 0.5914832590436079895, -0.8063172789114421146, 0.000000000000000000 ) ) ;
#2044 =( NAMED_UNIT ( * ) PLANE_ANGLE_UNIT ( ) SI_UNIT ( $, .RADIAN. ) );
#2045 = ORIENTED_EDGE ( 'NONE', *, *, #1468, .F. ) ;
#2046 = CARTESIAN_POINT ( 'NONE',  ( 4.895698912315332940, -0.09968527303524156447, 0.1250000000000000000 ) ) ;
#2047 = CARTESIAN_POINT ( 'NONE',  ( 1.435537818814729638, -0.3545902002352068205, 0.1250000000000000000 ) ) ;
#2048 = DIRECTION ( 'NONE',  ( -0.000000000000000000, 0.000000000000000000, 1.000000000000000000 ) ) ;
#2049 = ORIENTED_EDGE ( 'NONE', *, *, #1442, .T. ) ;
#2050 = AXIS2_PLACEMENT_3D ( 'NONE', #1687, #2766, #3249 ) ;
#2051 = ORIENTED_EDGE ( 'NONE', *, *, #3782, .F. ) ;
#2052 = AXIS2_PLACEMENT_3D ( 'NONE', #1989, #1578, #4727 ) ;
#2053 = DIRECTION ( 'NONE',  ( 1.000000000000000000, -7.137148015447435579E-15, 0.000000000000000000 ) ) ;
#2054 = DIRECTION ( 'NONE',  ( 1.000000000000000000, 0.000000000000000000, 0.000000000000000000 ) ) ;
#2055 = FACE_OUTER_BOUND ( 'NONE', #776, .T. ) ;
#2056 = ORIENTED_EDGE ( 'NONE', *, *, #2690, .T. ) ;
#2057 = TOROIDAL_SURFACE ( 'NONE', #1978, 0.3750000000000000000, 0.1250000000000000000 ) ;
#2058 = EDGE_CURVE ( 'NONE', #1707, #2743, #4961, .T. ) ;
#2059 = ORIENTED_EDGE ( 'NONE', *, *, #3614, .F. ) ;
#2060 = TOROIDAL_SURFACE ( 'NONE', #753, 1.125000000000000000, 0.1250000000000000000 ) ;
#2061 = AXIS2_PLACEMENT_3D ( 'NONE', #218, #3747, #4896 ) ;
#2062 = DIRECTION ( 'NONE',  ( -1.000000000000000000, 0.000000000000000000, 0.000000000000000000 ) ) ;
#2063 = AXIS2_PLACEMENT_3D ( 'NONE', #234, #641, #1791 ) ;
#2064 = EDGE_CURVE ( 'NONE', #4551, #4399, #1200, .T. ) ;
#2065 = ORIENTED_EDGE ( 'NONE', *, *, #1028, .F. ) ;
#2066 = AXIS2_PLACEMENT_3D ( 'NONE', #2638, #4122, #3024 ) ;
#2067 = EDGE_CURVE ( 'NONE', #2118, #2725, #1854, .T. ) ;
#2068 = ORIENTED_EDGE ( 'NONE', *, *, #3923, .T. ) ;
#2069 = AXIS2_PLACEMENT_3D ( 'NONE', #2386, #2891, #2147 ) ;
#2070 = CIRCLE ( 'NONE', #1495, 0.1250000000000001110 ) ;
#2071 = AXIS2_PLACEMENT_3D ( 'NONE', #2455, #4014, #509 ) ;
#2072 = EDGE_CURVE ( 'NONE', #2650, #2954, #1000, .T. ) ;
#2073 = CARTESIAN_POINT ( 'NONE',  ( 5.258542171494885231, -0.9358728784736005668, 0.000000000000000000 ) ) ;
#2074 = DIRECTION ( 'NONE',  ( 0.7379946335230571641, -0.6748065803555628461, 0.000000000000000000 ) ) ;
#2075 = TOROIDAL_SURFACE ( 'NONE', #2972, 1.125000000000000000, 0.1250000000000000000 ) ;
#2076 = CARTESIAN_POINT ( 'NONE',  ( 4.570939385896168439, 0.08781472696475765838, 0.8750000000000001110 ) ) ;
#2077 = TOROIDAL_SURFACE ( 'NONE', #921, 0.7599999999999674793, 0.1250000000000000000 ) ;
#2078 = EDGE_CURVE ( 'NONE', #4474, #4791, #4437, .T. ) ;
#2079 = DIRECTION ( 'NONE',  ( 1.000000000000000000, 0.000000000000000000, 0.000000000000000000 ) ) ;
#2080 = ADVANCED_FACE ( 'NONE', ( #2270 ), #2060, .T. ) ;
#2081 = DIRECTION ( 'NONE',  ( -0.4999999999999982236, -0.8660254037844395958, 0.000000000000000000 ) ) ;
#2082 = DIRECTION ( 'NONE',  ( 1.000000000000000000, -7.930164461608253537E-16, 0.000000000000000000 ) ) ;
#2083 = VERTEX_POINT ( 'NONE', #3058 ) ;
#2084 = ORIENTED_EDGE ( 'NONE', *, *, #2549, .T. ) ;
#2085 = AXIS2_PLACEMENT_3D ( 'NONE', #2129, #2903, #4794 ) ;
#2086 = FACE_OUTER_BOUND ( 'NONE', #202, .T. ) ;
#2087 = EDGE_CURVE ( 'NONE', #3282, #2605, #4923, .T. ) ;
#2088 = TOROIDAL_SURFACE ( 'NONE', #290, 0.7599999999999674793, 0.1250000000000000000 ) ;
#2089 = DIRECTION ( 'NONE',  ( -0.8745968939880170989, -0.4848507739774302050, -0.000000000000000000 ) ) ;
#2090 = DIRECTION ( 'NONE',  ( 1.000000000000000000, 0.000000000000000000, 0.000000000000000000 ) ) ;
#2091 = ORIENTED_EDGE ( 'NONE', *, *, #3838, .T. ) ;
#2092 = EDGE_LOOP ( 'NONE', ( #4500, #421, #172, #3879 ) ) ;
#2093 = AXIS2_PLACEMENT_3D ( 'NONE', #3321, #2136, #4732 ) ;
#2094 = DIRECTION ( 'NONE',  ( 0.7379946335230563870, -0.6748065803555636233, 0.000000000000000000 ) ) ;
#2095 = AXIS2_PLACEMENT_3D ( 'NONE', #4079, #2910, #4353 ) ;
#2096 = ORIENTED_EDGE ( 'NONE', *, *, #1468, .T. ) ;
#2097 = DIRECTION ( 'NONE',  ( -0.6748065803555598485, 0.7379946335230598287, 0.000000000000000000 ) ) ;
#2098 = ORIENTED_EDGE ( 'NONE', *, *, #2067, .F. ) ;
#2099 = CARTESIAN_POINT ( 'NONE',  ( -0.5685241642885975333, 0.8960249816120362532, 0.1250000000000000000 ) ) ;
#2100 = ADVANCED_FACE ( 'NONE', ( #316 ), #1652, .T. ) ;
#2101 = ORIENTED_EDGE ( 'NONE', *, *, #3075, .F. ) ;
#2102 = EDGE_CURVE ( 'NONE', #470, #1215, #1816, .T. ) ;
#2103 = DIRECTION ( 'NONE',  ( 0.7379946335230597176, 0.6748065803555598485, -9.364822533491359652E-16 ) ) ;
#2104 = CARTESIAN_POINT ( 'NONE',  ( 6.333333333332806347, 1.934843059629777207, 0.000000000000000000 ) ) ;
#2105 = ORIENTED_EDGE ( 'NONE', *, *, #5040, .F. ) ;
#2106 = EDGE_LOOP ( 'NONE', ( #87, #2547, #4558, #1061 ) ) ;
#2107 = EDGE_CURVE ( 'NONE', #615, #4322, #3395, .T. ) ;
#2108 = DIRECTION ( 'NONE',  ( 0.000000000000000000, 0.000000000000000000, 1.000000000000000000 ) ) ;
#2109 = CARTESIAN_POINT ( 'NONE',  ( 3.389957660358748459, 0.8592816736313547699, 1.000000000000000000 ) ) ;
#2110 = DIRECTION ( 'NONE',  ( -0.7905577474212258648, -0.6123874982331671823, 0.000000000000000000 ) ) ;
#2111 = CARTESIAN_POINT ( 'NONE',  ( 0.5833333333328081238, 1.441144819429315049, 0.000000000000000000 ) ) ;
#2112 = EDGE_LOOP ( 'NONE', ( #4061, #4657, #2980, #4296 ) ) ;
#2113 = ORIENTED_EDGE ( 'NONE', *, *, #338, .F. ) ;
#2114 = DIRECTION ( 'NONE',  ( 0.7905577474212249767, 0.6123874982331682926, 0.000000000000000000 ) ) ;
#2115 = DIRECTION ( 'NONE',  ( 0.8660254037844400399, 0.4999999999999976685, 0.000000000000000000 ) ) ;
#2116 = EDGE_LOOP ( 'NONE', ( #2126, #2376, #3840, #3672 ) ) ;
#2117 = DIRECTION ( 'NONE',  ( 0.5914832590436081006, -0.8063172789114418926, -4.104239580440874230E-16 ) ) ;
#2118 = VERTEX_POINT ( 'NONE', #1857 ) ;
#2119 = EDGE_LOOP ( 'NONE', ( #289, #3204, #2346, #2213 ) ) ;
#2120 = FACE_OUTER_BOUND ( 'NONE', #4105, .T. ) ;
#2121 = DIRECTION ( 'NONE',  ( -0.04706007422026202425, 0.9988920609427143216, 0.000000000000000000 ) ) ;
#2122 = DIRECTION ( 'NONE',  ( -0.000000000000000000, 0.000000000000000000, 1.000000000000000000 ) ) ;
#2123 = DIRECTION ( 'NONE',  ( -0.8063172789114435579, 0.5914832590436061022, 0.000000000000000000 ) ) ;
#2124 = CARTESIAN_POINT ( 'NONE',  ( 0.7045460268271657167, 2.153492283126782869, 0.8750000000000001110 ) ) ;
#2125 = FACE_OUTER_BOUND ( 'NONE', #1727, .T. ) ;
#2126 = ORIENTED_EDGE ( 'NONE', *, *, #2631, .F. ) ;
#2127 = EDGE_CURVE ( 'NONE', #2591, #4479, #3008, .T. ) ;
#2128 = ORIENTED_EDGE ( 'NONE', *, *, #1921, .F. ) ;
#2129 = CARTESIAN_POINT ( 'NONE',  ( 0.3939396800799868648, 2.468606285379856935, 0.8750000000000001110 ) ) ;
#2130 = CARTESIAN_POINT ( 'NONE',  ( -0.5741009829315166790, -0.1039594678139655060, 0.1250000000000000000 ) ) ;
#2131 = DIRECTION ( 'NONE',  ( -0.000000000000000000, 0.000000000000000000, 1.000000000000000000 ) ) ;
#2132 = DIRECTION ( 'NONE',  ( -1.000000000000000000, 0.000000000000000000, 0.000000000000000000 ) ) ;
#2133 = ORIENTED_EDGE ( 'NONE', *, *, #1542, .F. ) ;
#2134 = ORIENTED_EDGE ( 'NONE', *, *, #1375, .T. ) ;
#2135 = AXIS2_PLACEMENT_3D ( 'NONE', #886, #4783, #1998 ) ;
#2136 = DIRECTION ( 'NONE',  ( 0.000000000000000000, -0.000000000000000000, 1.000000000000000000 ) ) ;
#2137 = CARTESIAN_POINT ( 'NONE',  ( -1.153403103456795975, 1.250264126705363132, 1.000000000000000000 ) ) ;
#2138 = EDGE_CURVE ( 'NONE', #4934, #4750, #3807, .T. ) ;
#2139 = EDGE_LOOP ( 'NONE', ( #72, #3788, #4324, #5060 ) ) ;
#2140 = AXIS2_PLACEMENT_3D ( 'NONE', #2499, #2040, #901 ) ;
#2141 = CARTESIAN_POINT ( 'NONE',  ( 3.276709006306867344, 0.8592816736313547699, 0.000000000000000000 ) ) ;
#2142 = ORIENTED_EDGE ( 'NONE', *, *, #2161, .T. ) ;
#2143 = CIRCLE ( 'NONE', #1243, 0.1250000000000000278 ) ;
#2144 = VECTOR ( 'NONE', #3453, 100.0000000000000000 ) ;
#2145 = AXIS2_PLACEMENT_3D ( 'NONE', #849, #3613, #2771 ) ;
#2146 = VECTOR ( 'NONE', #916, 100.0000000000000000 ) ;
#2147 = DIRECTION ( 'NONE',  ( 1.000000000000000000, 0.000000000000000000, 0.000000000000000000 ) ) ;
#2148 = DIRECTION ( 'NONE',  ( 1.000000000000000000, 1.156482317317871725E-16, -0.000000000000000000 ) ) ;
#2149 = CARTESIAN_POINT ( 'NONE',  ( 2.988033871712053369, 0.3592816736313547143, 0.000000000000000000 ) ) ;
#2150 = AXIS2_PLACEMENT_3D ( 'NONE', #2269, #3083, #4692 ) ;
#2151 = VECTOR ( 'NONE', #373, 100.0000000000000000 ) ;
#2152 = AXIS2_PLACEMENT_3D ( 'NONE', #396, #1956, #1569 ) ;
#2153 = CARTESIAN_POINT ( 'NONE',  ( 5.231128847850823327, -0.3545902002352911420, 0.8750000000000001110 ) ) ;
#2154 = CIRCLE ( 'NONE', #1088, 0.1250000000000000000 ) ;
#2155 = DIRECTION ( 'NONE',  ( -0.000000000000000000, -0.000000000000000000, 1.000000000000000000 ) ) ;
#2156 = CARTESIAN_POINT ( 'NONE',  ( 0.09741792021179800087, 0.1065400137138594883, 1.000000000000000000 ) ) ;
#2157 = ORIENTED_EDGE ( 'NONE', *, *, #2915, .F. ) ;
#2158 = ORIENTED_EDGE ( 'NONE', *, *, #4786, .F. ) ;
#2159 = AXIS2_PLACEMENT_3D ( 'NONE', #4403, #884, #124 ) ;
#2160 = ADVANCED_FACE ( 'NONE', ( #3029 ), #4590, .F. ) ;
#2161 = EDGE_CURVE ( 'NONE', #4343, #4928, #4517, .T. ) ;
#2162 = CARTESIAN_POINT ( 'NONE',  ( 0.01306709766735258266, 0.01429068452347727336, 0.8750000000000001110 ) ) ;
#2163 = CARTESIAN_POINT ( 'NONE',  ( 5.901514293091269181, 2.262816894875283147, 0.1250000000000000000 ) ) ;
#2164 = CARTESIAN_POINT ( 'NONE',  ( 5.111722740291312128, 2.385403991624746034, 0.000000000000000000 ) ) ;
#2165 = VECTOR ( 'NONE', #474, 100.0000000000000000 ) ;
#2166 = EDGE_LOOP ( 'NONE', ( #2525, #2749 ) ) ;
#2167 = ORIENTED_EDGE ( 'NONE', *, *, #3923, .F. ) ;
#2168 = AXIS2_PLACEMENT_3D ( 'NONE', #2720, #441, #3104 ) ;
#2169 = EDGE_CURVE ( 'NONE', #974, #4244, #986, .T. ) ;
#2170 = DIRECTION ( 'NONE',  ( -0.000000000000000000, -0.000000000000000000, -1.000000000000000000 ) ) ;
#2171 = CARTESIAN_POINT ( 'NONE',  ( 3.389957660358748459, 0.2342816736313546866, 0.000000000000000000 ) ) ;
#2172 = VERTEX_POINT ( 'NONE', #2694 ) ;
#2173 = DIRECTION ( 'NONE',  ( 0.8488333363955136157, -0.5286605404450580581, 0.000000000000000000 ) ) ;
#2174 = EDGE_LOOP ( 'NONE', ( #5010, #709, #4907, #4801 ) ) ;
#2175 = VECTOR ( 'NONE', #4711, 100.0000000000000000 ) ;
#2176 = EDGE_CURVE ( 'NONE', #1672, #3449, #3850, .T. ) ;
#2177 = AXIS2_PLACEMENT_3D ( 'NONE', #3401, #3014, #341 ) ;
#2178 = DIRECTION ( 'NONE',  ( -0.000000000000000000, -0.000000000000000000, -1.000000000000000000 ) ) ;
#2179 = CARTESIAN_POINT ( 'NONE',  ( 2.938341552395513645, -3.213484219408622167, 0.000000000000000000 ) ) ;
#2180 = PLANE ( 'NONE',  #2474 ) ;
#2181 = CIRCLE ( 'NONE', #1685, 0.1250000000000000278 ) ;
#2182 = ADVANCED_FACE ( 'NONE', ( #3131 ), #2882, .T. ) ;
#2183 = DIRECTION ( 'NONE',  ( 0.000000000000000000, 0.000000000000000000, 1.000000000000000000 ) ) ;
#2184 = FACE_OUTER_BOUND ( 'NONE', #4669, .T. ) ;
#2185 = DIRECTION ( 'NONE',  ( 0.7075101241807045804, 0.7067032079889011831, 0.000000000000000000 ) ) ;
#2186 = ORIENTED_EDGE ( 'NONE', *, *, #3656, .T. ) ;
#2187 = EDGE_LOOP ( 'NONE', ( #684, #2367, #4305, #5038 ) ) ;
#2188 = CARTESIAN_POINT ( 'NONE',  ( 0.7045460268271656057, 2.153492283126782869, 0.000000000000000000 ) ) ;
#2189 = CARTESIAN_POINT ( 'NONE',  ( 5.440127836365853398, -0.5914118660525655713, 0.000000000000000000 ) ) ;
#2190 = DIRECTION ( 'NONE',  ( -0.8660254037844397068, -0.4999999999999982792, 0.000000000000000000 ) ) ;
#2191 = LINE ( 'NONE', #3693, #4030 ) ;
#2192 = VERTEX_POINT ( 'NONE', #1618 ) ;
#2193 = PRODUCT_RELATED_PRODUCT_CATEGORY ( 'part', '', ( #4085 ) ) ;
#2194 = ORIENTED_EDGE ( 'NONE', *, *, #2506, .T. ) ;
#2195 = CARTESIAN_POINT ( 'NONE',  ( 3.276709006306867344, 0.8592816736313547699, 0.1250000000000000000 ) ) ;
#2196 = DIRECTION ( 'NONE',  ( 1.000000000000000000, 0.000000000000000000, 0.000000000000000000 ) ) ;
#2197 = EDGE_LOOP ( 'NONE', ( #3474, #4979, #879, #2987 ) ) ;
#2198 = DIRECTION ( 'NONE',  ( 1.000000000000000000, 0.000000000000000000, 0.000000000000000000 ) ) ;
#2199 = ORIENTED_EDGE ( 'NONE', *, *, #894, .T. ) ;
#2200 = EDGE_CURVE ( 'NONE', #2702, #1523, #1567, .T. ) ;
#2201 = DIRECTION ( 'NONE',  ( -0.000000000000000000, 1.000000000000000000, -0.000000000000000000 ) ) ;
#2202 = CARTESIAN_POINT ( 'NONE',  ( -1.166666666667191876, 2.109281673631104415, 0.1249999999999999445 ) ) ;
#2203 = DIRECTION ( 'NONE',  ( -0.000000000000000000, 0.000000000000000000, 1.000000000000000000 ) ) ;
#2204 = CARTESIAN_POINT ( 'NONE',  ( 2.735443128941593027, 0.5467816736313562131, 0.000000000000000000 ) ) ;
#2205 = CARTESIAN_POINT ( 'NONE',  ( 2.003223094974169172, -0.3977976810898072868, 1.000000000000000000 ) ) ;
#2206 = CARTESIAN_POINT ( 'NONE',  ( 4.751882337213856111, -0.3094597800911633723, 0.8750000000000001110 ) ) ;
#2207 = EDGE_LOOP ( 'NONE', ( #1540, #682, #3758, #3577 ) ) ;
#2208 = ORIENTED_EDGE ( 'NONE', *, *, #870, .T. ) ;
#2209 = DIRECTION ( 'NONE',  ( 1.000000000000000000, 0.000000000000000000, 0.000000000000000000 ) ) ;
#2210 = CARTESIAN_POINT ( 'NONE',  ( 1.850138181796543213, 2.080174822278668678, 1.000000000000000000 ) ) ;
#2211 = DIRECTION ( 'NONE',  ( -0.000000000000000000, 0.000000000000000000, 1.000000000000000000 ) ) ;
#2212 = ORIENTED_EDGE ( 'NONE', *, *, #4797, .F. ) ;
#2213 = ORIENTED_EDGE ( 'NONE', *, *, #1803, .T. ) ;
#2214 = FACE_OUTER_BOUND ( 'NONE', #4985, .T. ) ;
#2215 = DIRECTION ( 'NONE',  ( 0.000000000000000000, -0.000000000000000000, -1.000000000000000000 ) ) ;
#2216 = DIRECTION ( 'NONE',  ( -0.000000000000000000, -0.000000000000000000, -1.000000000000000000 ) ) ;
#2217 = EDGE_LOOP ( 'NONE', ( #2675, #862, #2015, #3660 ) ) ;
#2218 = TOROIDAL_SURFACE ( 'NONE', #252, 1.125000000000000000, 0.1250000000000000000 ) ;
#2219 = ORIENTED_EDGE ( 'NONE', *, *, #1502, .T. ) ;
#2220 = EDGE_CURVE ( 'NONE', #2446, #3449, #3616, .T. ) ;
#2221 = AXIS2_PLACEMENT_3D ( 'NONE', #527, #2911, #4059 ) ;
#2222 = EDGE_CURVE ( 'NONE', #3478, #4143, #3376, .T. ) ;
#2223 = LINE ( 'NONE', #3352, #1659 ) ;
#2224 = CARTESIAN_POINT ( 'NONE',  ( 0.5833333333328081238, 1.441144819429315049, 0.8750000000000001110 ) ) ;
#2225 = MANIFOLD_SOLID_BREP ( 'Fillet19', #917 ) ;
#2226 = CARTESIAN_POINT ( 'NONE',  ( 0.2809643537410173586, 1.219338597287962012, 0.1250000000000000000 ) ) ;
#2227 = CIRCLE ( 'NONE', #1073, 0.1250000000000002220 ) ;
#2228 = CIRCLE ( 'NONE', #1074, 1.000000000000000222 ) ;
#2229 = VECTOR ( 'NONE', #1538, 100.0000000000000000 ) ;
#2230 = EDGE_CURVE ( 'NONE', #2954, #844, #1320, .T. ) ;
#2231 = DIRECTION ( 'NONE',  ( 1.000000000000000000, 0.000000000000000000, 0.000000000000000000 ) ) ;
#2232 = CARTESIAN_POINT ( 'NONE',  ( 1.030518226609704380, 2.859281673631279386, 0.1250000000000000000 ) ) ;
#2233 = VECTOR ( 'NONE', #3470, 100.0000000000000142 ) ;
#2234 = CARTESIAN_POINT ( 'NONE',  ( 1.207153421403611926, 2.602010842977178662, 0.1250000000000000000 ) ) ;
#2235 = CIRCLE ( 'NONE', #5012, 0.3750000000000000000 ) ;
#2236 = VERTEX_POINT ( 'NONE', #4718 ) ;
#2237 = AXIS2_PLACEMENT_3D ( 'NONE', #3434, #3714, #3333 ) ;
#2238 = AXIS2_PLACEMENT_3D ( 'NONE', #67, #2466, #4373 ) ;
#2239 = EDGE_CURVE ( 'NONE', #3810, #3079, #390, .T. ) ;
#2240 = CARTESIAN_POINT ( 'NONE',  ( 8.339438268599645099, 1.555785698488627578, 1.000000000000000000 ) ) ;
#2241 = CARTESIAN_POINT ( 'NONE',  ( 0.9272108041096497333, 2.111744634020912059, 0.000000000000000000 ) ) ;
#2242 = DIRECTION ( 'NONE',  ( -0.4999999999999982236, -0.8660254037844395958, 0.000000000000000000 ) ) ;
#2243 = DIRECTION ( 'NONE',  ( -0.000000000000000000, 0.000000000000000000, 1.000000000000000000 ) ) ;
#2244 = TOROIDAL_SURFACE ( 'NONE', #4770, 1.125000000000000000, 0.1250000000000000000 ) ;
#2245 = ORIENTED_EDGE ( 'NONE', *, *, #2677, .F. ) ;
#2246 = EDGE_LOOP ( 'NONE', ( #2091, #2391, #200, #4231 ) ) ;
#2247 = ADVANCED_FACE ( 'NONE', ( #1973 ), #3471, .F. ) ;
#2248 = CIRCLE ( 'NONE', #39, 0.2499999999999998890 ) ;
#2249 = DIRECTION ( 'NONE',  ( -0.000000000000000000, 0.000000000000000000, 1.000000000000000000 ) ) ;
#2250 = CARTESIAN_POINT ( 'NONE',  ( 5.258542171494885231, -0.9358728784736005668, 0.1250000000000000000 ) ) ;
#2251 = ORIENTED_EDGE ( 'NONE', *, *, #4912, .T. ) ;
#2252 = ORIENTED_EDGE ( 'NONE', *, *, #1494, .F. ) ;
#2253 = ORIENTED_EDGE ( 'NONE', *, *, #785, .T. ) ;
#2254 = TOROIDAL_SURFACE ( 'NONE', #4616, 0.6250000000004989342, 0.1250000000000000000 ) ;
#2255 = EDGE_CURVE ( 'NONE', #4465, #3060, #3539, .T. ) ;
#2256 = CARTESIAN_POINT ( 'NONE',  ( 4.093333333332775936, -1.666666666666644092, 0.8750000000000001110 ) ) ;
#2257 = VECTOR ( 'NONE', #3975, 100.0000000000000000 ) ;
#2258 = CARTESIAN_POINT ( 'NONE',  ( 3.931223537724024109, 0.5467816736313562131, 0.1250000000000000000 ) ) ;
#2259 = DIRECTION ( 'NONE',  ( -0.4999999999999975575, -0.8660254037844400399, -0.000000000000000000 ) ) ;
#2260 = EDGE_CURVE ( 'NONE', #4791, #4422, #2143, .T. ) ;
#2261 = CIRCLE ( 'NONE', #2997, 0.4999999999999997780 ) ;
#2262 = DIRECTION ( 'NONE',  ( 0.000000000000000000, 0.000000000000000000, -1.000000000000000000 ) ) ;
#2263 = ADVANCED_FACE ( 'NONE', ( #3877 ), #5002, .T. ) ;
#2264 = DIRECTION ( 'NONE',  ( 0.000000000000000000, -0.000000000000000000, -1.000000000000000000 ) ) ;
#2265 = ORIENTED_EDGE ( 'NONE', *, *, #4369, .F. ) ;
#2266 = AXIS2_PLACEMENT_3D ( 'NONE', #3194, #3941, #3561 ) ;
#2267 = ADVANCED_FACE ( 'NONE', ( #1713 ), #1358, .F. ) ;
#2268 = DIRECTION ( 'NONE',  ( -0.000000000000000000, -0.000000000000000000, 1.000000000000000000 ) ) ;
#2269 = CARTESIAN_POINT ( 'NONE',  ( 5.882396348733595737, 2.252218469266419554, 0.1250000000000000000 ) ) ;
#2270 = FACE_OUTER_BOUND ( 'NONE', #3169, .T. ) ;
#2271 = CARTESIAN_POINT ( 'NONE',  ( 2.843696304414647269, 0.6092816736313556580, 0.8750000000000001110 ) ) ;
#2272 = ORIENTED_EDGE ( 'NONE', *, *, #4414, .F. ) ;
#2273 = EDGE_LOOP ( 'NONE', ( #3175, #13, #4345, #1624 ) ) ;
#2274 = DIRECTION ( 'NONE',  ( 1.000000000000000000, -1.850371707708592788E-15, 0.000000000000000000 ) ) ;
#2275 = DIRECTION ( 'NONE',  ( -0.005576818642918925442, -0.9999844494260018424, 0.000000000000000000 ) ) ;
#2276 = ORIENTED_EDGE ( 'NONE', *, *, #1690, .F. ) ;
#2277 = ORIENTED_EDGE ( 'NONE', *, *, #2661, .T. ) ;
#2278 = ORIENTED_EDGE ( 'NONE', *, *, #297, .T. ) ;
#2279 = DIRECTION ( 'NONE',  ( -0.000000000000000000, -0.000000000000000000, -1.000000000000000000 ) ) ;
#2280 = CARTESIAN_POINT ( 'NONE',  ( 0.7651523735743445132, 2.262816894875284923, 1.000000000000000000 ) ) ;
#2281 = FACE_OUTER_BOUND ( 'NONE', #2139, .T. ) ;
#2282 = CARTESIAN_POINT ( 'NONE',  ( 0.3333333333328081238, 1.359281673631354881, 0.1250000000000000000 ) ) ;
#2283 = CYLINDRICAL_SURFACE ( 'NONE', #2723, 0.1250000000000002498 ) ;
#2284 = DIRECTION ( 'NONE',  ( -0.000000000000000000, 0.000000000000000000, 1.000000000000000000 ) ) ;
#2285 = ORIENTED_EDGE ( 'NONE', *, *, #4813, .T. ) ;
#2286 = FACE_OUTER_BOUND ( 'NONE', #2273, .T. ) ;
#2287 = DIRECTION ( 'NONE',  ( -1.000000000000000000, 0.000000000000000000, 0.000000000000000000 ) ) ;
#2288 = EDGE_CURVE ( 'NONE', #3899, #909, #2029, .T. ) ;
#2289 = PRESENTATION_STYLE_ASSIGNMENT (( #4665 ) ) ;
#2290 = LINE ( 'NONE', #4289, #764 ) ;
#2291 = EDGE_LOOP ( 'NONE', ( #3755, #2552, #1968, #3981 ) ) ;
#2292 = ORIENTED_EDGE ( 'NONE', *, *, #3522, .F. ) ;
#2293 = EDGE_CURVE ( 'NONE', #2702, #920, #2310, .T. ) ;
#2294 = DIRECTION ( 'NONE',  ( -0.000000000000000000, 0.000000000000000000, 1.000000000000000000 ) ) ;
#2295 = DIRECTION ( 'NONE',  ( -1.000000000000000000, 0.000000000000000000, 0.000000000000000000 ) ) ;
#2296 = EDGE_LOOP ( 'NONE', ( #1205, #5069, #2297, #1806 ) ) ;
#2297 = ORIENTED_EDGE ( 'NONE', *, *, #3166, .F. ) ;
#2298 = ADVANCED_FACE ( 'NONE', ( #4432 ), #580, .T. ) ;
#2299 = CARTESIAN_POINT ( 'NONE',  ( 3.333333333332808568, -1.666666666666644092, 1.000000000000000000 ) ) ;
#2300 = DIRECTION ( 'NONE',  ( -0.000000000000000000, -0.000000000000000000, -1.000000000000000000 ) ) ;
#2301 = CIRCLE ( 'NONE', #3775, 0.3175000000004979395 ) ;
#2302 = DIRECTION ( 'NONE',  ( 1.000000000000000000, 0.000000000000000000, 0.000000000000000000 ) ) ;
#2303 = ORIENTED_EDGE ( 'NONE', *, *, #2384, .T. ) ;
#2304 = AXIS2_PLACEMENT_3D ( 'NONE', #1548, #1938, #5042 ) ;
#2305 = DIRECTION ( 'NONE',  ( 1.000000000000000000, 0.000000000000000000, 0.000000000000000000 ) ) ;
#2306 = LINE ( 'NONE', #739, #993 ) ;
#2307 = DIRECTION ( 'NONE',  ( 0.000000000000000000, -0.000000000000000000, -1.000000000000000000 ) ) ;
#2308 = VERTEX_POINT ( 'NONE', #468 ) ;
#2309 = AXIS2_PLACEMENT_3D ( 'NONE', #4302, #3033, #779 ) ;
#2310 = CIRCLE ( 'NONE', #2797, 1.000000000000000222 ) ;
#2311 = CIRCLE ( 'NONE', #23, 1.000000000000000000 ) ;
#2312 = CIRCLE ( 'NONE', #1655, 0.1250000000000000000 ) ;
#2313 = DIRECTION ( 'NONE',  ( 1.000000000000000000, 0.000000000000000000, 0.000000000000000000 ) ) ;
#2314 = DIRECTION ( 'NONE',  ( -0.4848507739774302050, 0.8745968939880170989, 0.000000000000000000 ) ) ;
#2315 = DIRECTION ( 'NONE',  ( 1.000000000000000000, 0.000000000000000000, 0.000000000000000000 ) ) ;
#2316 = CIRCLE ( 'NONE', #2237, 0.7500000000004989342 ) ;
#2317 = PLANE ( 'NONE',  #4198 ) ;
#2318 = ORIENTED_EDGE ( 'NONE', *, *, #955, .F. ) ;
#2319 = AXIS2_PLACEMENT_3D ( 'NONE', #796, #4481, #2526 ) ;
#2320 = AXIS2_PLACEMENT_3D ( 'NONE', #3167, #755, #2325 ) ;
#2321 = ORIENTED_EDGE ( 'NONE', *, *, #846, .T. ) ;
#2322 = EDGE_CURVE ( 'NONE', #962, #3649, #109, .T. ) ;
#2323 = ADVANCED_FACE ( 'NONE', ( #2416 ), #538, .T. ) ;
#2324 = DIRECTION ( 'NONE',  ( 0.000000000000000000, -0.000000000000000000, -1.000000000000000000 ) ) ;
#2325 = DIRECTION ( 'NONE',  ( -0.8660254037844390407, 0.4999999999999993339, 0.000000000000000000 ) ) ;
#2326 = AXIS2_PLACEMENT_3D ( 'NONE', #4568, #2933, #4493 ) ;
#2327 = ORIENTED_EDGE ( 'NONE', *, *, #439, .T. ) ;
#2328 = ORIENTED_EDGE ( 'NONE', *, *, #3789, .F. ) ;
#2329 = ADVANCED_FACE ( 'NONE', ( #3611 ), #2511, .T. ) ;
#2330 = CARTESIAN_POINT ( 'NONE',  ( 7.833333333332806347, 2.109281673631105303, 1.000000000000000000 ) ) ;
#2331 = FACE_OUTER_BOUND ( 'NONE', #1892, .T. ) ;
#2332 = DIRECTION ( 'NONE',  ( 1.000000000000000000, 0.000000000000000000, 0.000000000000000000 ) ) ;
#2333 = CIRCLE ( 'NONE', #1590, 0.3750000000000003331 ) ;
#2334 = VERTEX_POINT ( 'NONE', #1639 ) ;
#2335 = AXIS2_PLACEMENT_3D ( 'NONE', #3251, #915, #79 ) ;
#2336 = CARTESIAN_POINT ( 'NONE',  ( 1.554943926374584340, 2.385403991624745146, 0.8750000000000001110 ) ) ;
#2337 = PLANE ( 'NONE',  #4929 ) ;
#2338 = CARTESIAN_POINT ( 'NONE',  ( 3.333333333332808568, -1.666666666666644092, 0.1249999999999999445 ) ) ;
#2339 = ORIENTED_EDGE ( 'NONE', *, *, #2853, .T. ) ;
#2340 = EDGE_CURVE ( 'NONE', #4034, #3403, #98, .T. ) ;
#2341 = AXIS2_PLACEMENT_3D ( 'NONE', #987, #4584, #2924 ) ;
#2342 = DIRECTION ( 'NONE',  ( -0.4999999999999975575, -0.8660254037844400399, -0.000000000000000000 ) ) ;
#2343 = CARTESIAN_POINT ( 'NONE',  ( 1.609820352766027529, 0.9294302140163983594, 0.1250000000000000000 ) ) ;
#2344 = CIRCLE ( 'NONE', #300, 0.1249999999999999584 ) ;
#2345 = DIRECTION ( 'NONE',  ( -0.8660254037844412611, 0.4999999999999953926, 0.000000000000000000 ) ) ;
#2346 = ORIENTED_EDGE ( 'NONE', *, *, #2488, .F. ) ;
#2347 = ORIENTED_EDGE ( 'NONE', *, *, #2728, .T. ) ;
#2348 = AXIS2_PLACEMENT_3D ( 'NONE', #3315, #1290, #4492 ) ;
#2349 = FACE_OUTER_BOUND ( 'NONE', #2689, .T. ) ;
#2350 = CARTESIAN_POINT ( 'NONE',  ( 1.207153421403611926, 2.602010842977179106, 1.000000000000000000 ) ) ;
#2351 = EDGE_CURVE ( 'NONE', #4419, #1721, #4756, .T. ) ;
#2352 = ORIENTED_EDGE ( 'NONE', *, *, #4950, .T. ) ;
#2353 = EDGE_LOOP ( 'NONE', ( #4542, #4290, #652, #525 ) ) ;
#2354 = CARTESIAN_POINT ( 'NONE',  ( 1.092365953485158414, 1.642674822278670455, 1.000000000000000000 ) ) ;
#2355 = EDGE_CURVE ( 'NONE', #1293, #1235, #264, .T. ) ;
#2356 = CARTESIAN_POINT ( 'NONE',  ( 6.333333333332806347, 2.359281673631354881, 0.1250000000000000000 ) ) ;
#2357 = ORIENTED_EDGE ( 'NONE', *, *, #4213, .T. ) ;
#2358 = DIRECTION ( 'NONE',  ( -0.000000000000000000, 1.000000000000000000, -0.000000000000000000 ) ) ;
#2359 = LINE ( 'NONE', #3920, #678 ) ;
#2360 = CARTESIAN_POINT ( 'NONE',  ( 3.333333333332808568, -1.666666666666644092, 0.8750000000000001110 ) ) ;
#2361 = EDGE_LOOP ( 'NONE', ( #3521, #44, #4292, #409 ) ) ;
#2362 = CARTESIAN_POINT ( 'NONE',  ( 8.255087446055032530, 1.648035027679192854, 1.000000000000000000 ) ) ;
#2363 = DIRECTION ( 'NONE',  ( 1.000000000000000000, 0.000000000000000000, 0.000000000000000000 ) ) ;
#2364 = EDGE_CURVE ( 'NONE', #3640, #1165, #3201, .T. ) ;
#2365 = DIRECTION ( 'NONE',  ( 1.000000000000000000, 0.000000000000000000, 0.000000000000000000 ) ) ;
#2366 = VERTEX_POINT ( 'NONE', #4766 ) ;
#2367 = ORIENTED_EDGE ( 'NONE', *, *, #4304, .T. ) ;
#2368 = ORIENTED_EDGE ( 'NONE', *, *, #2631, .T. ) ;
#2369 = CARTESIAN_POINT ( 'NONE',  ( -1.672771601934031738, 1.555785698488627355, 0.1249999999999999445 ) ) ;
#2370 = DIRECTION ( 'NONE',  ( -0.7067032079889025153, 0.7075101241807032482, 0.000000000000000000 ) ) ;
#2371 = ORIENTED_EDGE ( 'NONE', *, *, #127, .F. ) ;
#2372 = ORIENTED_EDGE ( 'NONE', *, *, #404, .T. ) ;
#2373 = CARTESIAN_POINT ( 'NONE',  ( 1.958391357269598121, 2.142674822278668234, 0.1250000000000000000 ) ) ;
#2374 = EDGE_LOOP ( 'NONE', ( #1105, #2051, #5049, #4778 ) ) ;
#2375 = DIRECTION ( 'NONE',  ( 0.4848507739774302050, 0.8745968939880170989, 0.000000000000000000 ) ) ;
#2376 = ORIENTED_EDGE ( 'NONE', *, *, #2767, .T. ) ;
#2377 = EDGE_CURVE ( 'NONE', #2399, #518, #3306, .T. ) ;
#2378 = EDGE_CURVE ( 'NONE', #1694, #113, #4408, .T. ) ;
#2379 = CYLINDRICAL_SURFACE ( 'NONE', #2093, 0.2500000000000002220 ) ;
#2380 = CARTESIAN_POINT ( 'NONE',  ( 1.127719111872106383, -0.6679603033317109695, 0.1249999999999999445 ) ) ;
#2381 = LINE ( 'NONE', #3942, #3039 ) ;
#2382 = ORIENTED_EDGE ( 'NONE', *, *, #1139, .T. ) ;
#2383 = AXIS2_PLACEMENT_3D ( 'NONE', #740, #3051, #2688 ) ;
#2384 = EDGE_CURVE ( 'NONE', #1409, #3234, #1263, .T. ) ;
#2385 = CARTESIAN_POINT ( 'NONE',  ( 7.390833333332308186, 2.109281673631105303, 1.000000000000000000 ) ) ;
#2386 = CARTESIAN_POINT ( 'NONE',  ( 3.333333333332808568, -1.666666666666644092, 0.000000000000000000 ) ) ;
#2387 = CARTESIAN_POINT ( 'NONE',  ( 4.718821381270156934, -0.2763610750324668186, 1.000000000000000000 ) ) ;
#2388 = CIRCLE ( 'NONE', #1559, 0.1249999999999996947 ) ;
#2389 = DIRECTION ( 'NONE',  ( 0.8745968939880159887, 0.4848507739774323699, 0.000000000000000000 ) ) ;
#2390 = VERTEX_POINT ( 'NONE', #2486 ) ;
#2391 = ORIENTED_EDGE ( 'NONE', *, *, #3411, .T. ) ;
#2392 = EDGE_CURVE ( 'NONE', #1941, #827, #4441, .T. ) ;
#2393 = CIRCLE ( 'NONE', #3612, 0.1250000000000000000 ) ;
#2394 = AXIS2_PLACEMENT_3D ( 'NONE', #62, #1234, #2082 ) ;
#2395 = AXIS2_PLACEMENT_3D ( 'NONE', #3486, #1532, #434 ) ;
#2396 = DIRECTION ( 'NONE',  ( -0.000000000000000000, -0.000000000000000000, -1.000000000000000000 ) ) ;
#2397 = DIRECTION ( 'NONE',  ( 0.000000000000000000, -0.000000000000000000, -1.000000000000000000 ) ) ;
#2398 = AXIS2_PLACEMENT_3D ( 'NONE', #5004, #2370, #2679 ) ;
#2399 = VERTEX_POINT ( 'NONE', #1302 ) ;
#2400 = ORIENTED_EDGE ( 'NONE', *, *, #1877, .F. ) ;
#2401 = EDGE_CURVE ( 'NONE', #1873, #4071, #3293, .T. ) ;
#2402 = CARTESIAN_POINT ( 'NONE',  ( 3.389957660358748459, 0.3592816736313547143, 0.1250000000000000000 ) ) ;
#2403 = VERTEX_POINT ( 'NONE', #4202 ) ;
#2404 = DIRECTION ( 'NONE',  ( 1.000000000000000000, 0.000000000000000000, 0.000000000000000000 ) ) ;
#2405 = ORIENTED_EDGE ( 'NONE', *, *, #3081, .F. ) ;
#2406 = AXIS2_PLACEMENT_3D ( 'NONE', #3455, #5015, #3863 ) ;
#2407 = ADVANCED_FACE ( 'NONE', ( #694 ), #233, .F. ) ;
#2408 = CARTESIAN_POINT ( 'NONE',  ( 4.895698912315332940, -0.09968527303524156447, 0.8750000000000001110 ) ) ;
#2409 = AXIS2_PLACEMENT_3D ( 'NONE', #1462, #3027, #217 ) ;
#2410 = DIRECTION ( 'NONE',  ( -0.8488333363958264766, -0.5286605404445556822, -0.000000000000000000 ) ) ;
#2411 = DIRECTION ( 'NONE',  ( 1.000000000000000000, 0.000000000000000000, 0.000000000000000000 ) ) ;
#2412 = ORIENTED_EDGE ( 'NONE', *, *, #557, .F. ) ;
#2413 = CIRCLE ( 'NONE', #3152, 0.7599999999999675904 ) ;
#2414 = CARTESIAN_POINT ( 'NONE',  ( 3.389957660358748459, 0.3592816736313547143, 0.8750000000000001110 ) ) ;
#2415 = CARTESIAN_POINT ( 'NONE',  ( 5.459513245263182490, 2.602010842977453109, 0.1249999999999999445 ) ) ;
#2416 = FACE_OUTER_BOUND ( 'NONE', #3743, .T. ) ;
#2417 = DIRECTION ( 'NONE',  ( -0.7075101241803970487, 0.7067032079892091589, 0.000000000000000000 ) ) ;
#2418 = CIRCLE ( 'NONE', #4131, 0.1249999999999999584 ) ;
#2419 = ADVANCED_FACE ( 'NONE', ( #2184 ), #1574, .T. ) ;
#2420 = ORIENTED_EDGE ( 'NONE', *, *, #4194, .T. ) ;
#2421 = AXIS2_PLACEMENT_3D ( 'NONE', #840, #4107, #975 ) ;
#2422 = DIRECTION ( 'NONE',  ( 0.000000000000000000, -1.000000000000000000, 0.000000000000000000 ) ) ;
#2423 = DIRECTION ( 'NONE',  ( 1.000000000000000000, 0.000000000000000000, 0.000000000000000000 ) ) ;
#2424 = ORIENTED_EDGE ( 'NONE', *, *, #3980, .T. ) ;
#2425 = AXIS2_PLACEMENT_3D ( 'NONE', #2465, #1309, #4025 ) ;
#2426 = ORIENTED_EDGE ( 'NONE', *, *, #1402, .F. ) ;
#2427 = DIRECTION ( 'NONE',  ( 0.4999999999999988343, 0.8660254037844392627, -0.000000000000000000 ) ) ;
#2428 = ORIENTED_EDGE ( 'NONE', *, *, #1937, .T. ) ;
#2429 = CARTESIAN_POINT ( 'NONE',  ( 2.742877575521689870, -2.312411970999319610, 0.1250000000000000000 ) ) ;
#2430 = VERTEX_POINT ( 'NONE', #1768 ) ;
#2431 = EDGE_LOOP ( 'NONE', ( #3994, #4646, #4854, #269 ) ) ;
#2432 = CARTESIAN_POINT ( 'NONE',  ( 6.458333333332806347, 0.000000000000000000, 0.000000000000000000 ) ) ;
#2433 = FACE_OUTER_BOUND ( 'NONE', #4178, .T. ) ;
#2434 = ORIENTED_EDGE ( 'NONE', *, *, #784, .T. ) ;
#2435 = FACE_OUTER_BOUND ( 'NONE', #3061, .T. ) ;
#2436 = CARTESIAN_POINT ( 'NONE',  ( -1.588420779389419168, 1.648035027679193076, 0.000000000000000000 ) ) ;
#2437 = DIRECTION ( 'NONE',  ( 1.000000000000000000, 0.000000000000000000, 0.000000000000000000 ) ) ;
#2438 = ADVANCED_FACE ( 'NONE', ( #4150 ), #3947, .T. ) ;
#2439 = VERTEX_POINT ( 'NONE', #1480 ) ;
#2440 = VERTEX_POINT ( 'NONE', #2205 ) ;
#2441 = ADVANCED_FACE ( 'NONE', ( #3825 ), #1410, .T. ) ;
#2442 = ADVANCED_FACE ( 'NONE', ( #4946 ), #965, .T. ) ;
#2443 = DIRECTION ( 'NONE',  ( 0.7379946335230571641, -0.6748065803555627351, 0.000000000000000000 ) ) ;
#2444 = FACE_OUTER_BOUND ( 'NONE', #500, .T. ) ;
#2445 = CARTESIAN_POINT ( 'NONE',  ( 1.435537818814729860, -0.3545902002352068205, 1.000000000000000000 ) ) ;
#2446 = VERTEX_POINT ( 'NONE', #4091 ) ;
#2447 = ORIENTED_EDGE ( 'NONE', *, *, #508, .F. ) ;
#2448 = EDGE_CURVE ( 'NONE', #810, #902, #2556, .T. ) ;
#2449 = DIRECTION ( 'NONE',  ( 0.000000000000000000, 0.000000000000000000, -1.000000000000000000 ) ) ;
#2450 = ORIENTED_EDGE ( 'NONE', *, *, #2230, .F. ) ;
#2451 = CARTESIAN_POINT ( 'NONE',  ( 0.7641991189262636874, 0.5605870012248671541, 1.000000000000000000 ) ) ;
#2452 = EDGE_CURVE ( 'NONE', #3982, #2826, #2975, .T. ) ;
#2453 = DIRECTION ( 'NONE',  ( 0.000000000000000000, -0.000000000000000000, 1.000000000000000000 ) ) ;
#2454 = CARTESIAN_POINT ( 'NONE',  ( 5.100377427957232257, -1.405942571814552178, 0.8750000000000001110 ) ) ;
#2455 = CARTESIAN_POINT ( 'NONE',  ( 1.030518226609704380, 2.859281673631279386, 0.000000000000000000 ) ) ;
#2456 = EDGE_CURVE ( 'NONE', #3588, #470, #2316, .T. ) ;
#2457 = FACE_OUTER_BOUND ( 'NONE', #3405, .T. ) ;
#2458 = CARTESIAN_POINT ( 'NONE',  ( 5.574300713180298850, 1.642674822278397784, 0.8750000000000001110 ) ) ;
#2459 = DIRECTION ( 'NONE',  ( -0.000000000000000000, 0.000000000000000000, 1.000000000000000000 ) ) ;
#2460 = ORIENTED_EDGE ( 'NONE', *, *, #3230, .T. ) ;
#2461 = VECTOR ( 'NONE', #3155, 100.0000000000000142 ) ;
#2462 = EDGE_LOOP ( 'NONE', ( #3479, #3138, #2167, #4135 ) ) ;
#2463 = AXIS2_PLACEMENT_3D ( 'NONE', #47, #17, #1501 ) ;
#2464 = DIRECTION ( 'NONE',  ( 0.8488333363955135047, -0.5286605404450580581, 0.000000000000000000 ) ) ;
#2465 = CARTESIAN_POINT ( 'NONE',  ( -1.166666666667191876, 2.109281673631104415, 0.8750000000000001110 ) ) ;
#2466 = DIRECTION ( 'NONE',  ( -0.000000000000000000, 0.000000000000000000, 1.000000000000000000 ) ) ;
#2467 = ORIENTED_EDGE ( 'NONE', *, *, #1069, .F. ) ;
#2468 = EDGE_CURVE ( 'NONE', #3074, #2591, #4762, .T. ) ;
#2469 = CIRCLE ( 'NONE', #97, 1.000000000000000000 ) ;
#2470 = VERTEX_POINT ( 'NONE', #2564 ) ;
#2471 = AXIS2_PLACEMENT_3D ( 'NONE', #4832, #4001, #2898 ) ;
#2472 = EDGE_CURVE ( 'NONE', #4479, #4395, #588, .T. ) ;
#2473 = CIRCLE ( 'NONE', #2145, 1.000000000000000222 ) ;
#2474 = AXIS2_PLACEMENT_3D ( 'NONE', #2149, #2528, #3354 ) ;
#2475 = VERTEX_POINT ( 'NONE', #3390 ) ;
#2476 = VECTOR ( 'NONE', #3268, 100.0000000000000000 ) ;
#2477 = EDGE_CURVE ( 'NONE', #3060, #2118, #1870, .T. ) ;
#2478 = AXIS2_PLACEMENT_3D ( 'NONE', #3837, #3856, #4295 ) ;
#2479 = AXIS2_PLACEMENT_3D ( 'NONE', #2559, #4608, #251 ) ;
#2480 = DIRECTION ( 'NONE',  ( -0.000000000000000000, 0.000000000000000000, 1.000000000000000000 ) ) ;
#2481 = AXIS2_PLACEMENT_3D ( 'NONE', #4026, #1239, #2804 ) ;
#2482 = ADVANCED_FACE ( 'NONE', ( #613 ), #3357, .F. ) ;
#2483 = CARTESIAN_POINT ( 'NONE',  ( 5.377538074908201793, -0.9741478699281870268, 0.1250000000000000000 ) ) ;
#2484 = VECTOR ( 'NONE', #4779, 99.99999999999998579 ) ;
#2485 = DIRECTION ( 'NONE',  ( 0.7379946335230563870, 0.6748065803555636233, 9.364822533491412900E-16 ) ) ;
#2486 = CARTESIAN_POINT ( 'NONE',  ( 0.7651523735743446242, 2.262816894875284923, 0.000000000000000000 ) ) ;
#2487 = CARTESIAN_POINT ( 'NONE',  ( 0.5833333333328081238, 1.441144819429315049, 0.1250000000000001110 ) ) ;
#2488 = EDGE_CURVE ( 'NONE', #4928, #8, #4585, .T. ) ;
#2489 = VERTEX_POINT ( 'NONE', #662 ) ;
#2490 = ORIENTED_EDGE ( 'NONE', *, *, #1049, .T. ) ;
#2491 = AXIS2_PLACEMENT_3D ( 'NONE', #3404, #3347, #4963 ) ;
#2492 = CARTESIAN_POINT ( 'NONE',  ( 0.09741792021179783434, 0.1065400137138592940, 1.000000000000000000 ) ) ;
#2493 = AXIS2_PLACEMENT_3D ( 'NONE', #558, #156, #1712 ) ;
#2494 = DIRECTION ( 'NONE',  ( 0.000000000000000000, 0.000000000000000000, -1.000000000000000000 ) ) ;
#2495 = DIRECTION ( 'NONE',  ( -0.7379946335230570531, -0.6748065803555628461, -0.000000000000000000 ) ) ;
#2496 = ORIENTED_EDGE ( 'NONE', *, *, #3898, .T. ) ;
#2497 = ORIENTED_EDGE ( 'NONE', *, *, #315, .T. ) ;
#2498 = DIRECTION ( 'NONE',  ( -1.000000000000000000, 0.000000000000000000, 0.000000000000000000 ) ) ;
#2499 = CARTESIAN_POINT ( 'NONE',  ( 4.957905645358342106, -0.5157183263686453412, 0.000000000000000000 ) ) ;
#2500 = VECTOR ( 'NONE', #2396, 100.0000000000000000 ) ;
#2501 = ORIENTED_EDGE ( 'NONE', *, *, #53, .T. ) ;
#2502 = EDGE_CURVE ( 'NONE', #3282, #2308, #3132, .T. ) ;
#2503 = LINE ( 'NONE', #2451, #2484 ) ;
#2504 = ORIENTED_EDGE ( 'NONE', *, *, #4748, .T. ) ;
#2505 = CIRCLE ( 'NONE', #2425, 0.3175000000004979395 ) ;
#2506 = EDGE_CURVE ( 'NONE', #2018, #2430, #4969, .T. ) ;
#2507 = DIRECTION ( 'NONE',  ( -0.8745968939880158777, -0.4848507739774323144, 0.000000000000000000 ) ) ;
#2508 = LINE ( 'NONE', #2432, #2476 ) ;
#2509 = DIRECTION ( 'NONE',  ( -0.8660254037844383745, 0.5000000000000006661, 0.000000000000000000 ) ) ;
#2510 = DIRECTION ( 'NONE',  ( -0.7905577474212256428, 0.6123874982331672934, 0.000000000000000000 ) ) ;
#2511 = PLANE ( 'NONE',  #4100 ) ;
#2512 = CARTESIAN_POINT ( 'NONE',  ( 1.914784329451619804, -0.3094597800911561003, 0.000000000000000000 ) ) ;
#2513 = ORIENTED_EDGE ( 'NONE', *, *, #4648, .T. ) ;
#2514 = ORIENTED_EDGE ( 'NONE', *, *, #3781, .T. ) ;
#2515 = ADVANCED_FACE ( 'NONE', ( #27 ), #1207, .T. ) ;
#2516 = DIRECTION ( 'NONE',  ( -0.000000000000000000, 0.000000000000000000, 1.000000000000000000 ) ) ;
#2517 = DIRECTION ( 'NONE',  ( -0.000000000000000000, 0.000000000000000000, 1.000000000000000000 ) ) ;
#2518 = DIRECTION ( 'NONE',  ( 1.000000000000000000, 0.000000000000000000, 0.000000000000000000 ) ) ;
#2519 = CARTESIAN_POINT ( 'NONE',  ( 6.333333333332806347, 1.441144819429314827, 0.8750000000000001110 ) ) ;
#2520 = ORIENTED_EDGE ( 'NONE', *, *, #1153, .F. ) ;
#2521 = ORIENTED_EDGE ( 'NONE', *, *, #1705, .F. ) ;
#2522 = CARTESIAN_POINT ( 'NONE',  ( 4.008139913688369305, -2.404661300189701478, 0.8750000000000001110 ) ) ;
#2523 = ORIENTED_EDGE ( 'NONE', *, *, #34, .F. ) ;
#2524 = CARTESIAN_POINT ( 'NONE',  ( -0.8491666666666939367, 2.109281673631104415, 1.000000000000000000 ) ) ;
#2525 = ORIENTED_EDGE ( 'NONE', *, *, #244, .T. ) ;
#2526 = DIRECTION ( 'NONE',  ( 1.000000000000000000, 0.000000000000000000, 0.000000000000000000 ) ) ;
#2527 = CARTESIAN_POINT ( 'NONE',  ( 5.016026605412786665, -1.313693242624169422, 0.8750000000000001110 ) ) ;
#2528 = DIRECTION ( 'NONE',  ( 0.000000000000000000, -1.000000000000000000, 0.000000000000000000 ) ) ;
#2529 = EDGE_CURVE ( 'NONE', #1314, #2403, #3460, .T. ) ;
#2530 = EDGE_CURVE ( 'NONE', #3372, #3016, #4250, .T. ) ;
#2531 = CARTESIAN_POINT ( 'NONE',  ( 4.663443571691268552, -0.3977976810897766446, 0.000000000000000000 ) ) ;
#2532 = ORIENTED_EDGE ( 'NONE', *, *, #3789, .T. ) ;
#2533 = ORIENTED_EDGE ( 'NONE', *, *, #2452, .T. ) ;
#2534 = ADVANCED_BREP_SHAPE_REPRESENTATION ( 'triangular coupling', ( #2225, #2872 ), #3604 ) ;
#2535 = EDGE_CURVE ( 'NONE', #2334, #1034, #1733, .T. ) ;
#2536 = CARTESIAN_POINT ( 'NONE',  ( 0.5833333333328081238, 1.934843059629778539, 0.8750000000000001110 ) ) ;
#2537 = CARTESIAN_POINT ( 'NONE',  ( -1.916666666667689256, 2.109281673631104415, 0.1249999999999999445 ) ) ;
#2538 = DIRECTION ( 'NONE',  ( 0.000000000000000000, -0.000000000000000000, -1.000000000000000000 ) ) ;
#2539 = CYLINDRICAL_SURFACE ( 'NONE', #114, 0.1250000000000000000 ) ;
#2540 = AXIS2_PLACEMENT_3D ( 'NONE', #1553, #717, #3871 ) ;
#2541 = EDGE_CURVE ( 'NONE', #1963, #3343, #1944, .T. ) ;
#2542 = ORIENTED_EDGE ( 'NONE', *, *, #1535, .F. ) ;
#2543 = ORIENTED_EDGE ( 'NONE', *, *, #4904, .T. ) ;
#2544 = CIRCLE ( 'NONE', #2794, 0.1250000000000000278 ) ;
#2545 = CARTESIAN_POINT ( 'NONE',  ( 2.241095819063943839, -0.6679479382914945695, 0.8750000000000001110 ) ) ;
#2546 = DIRECTION ( 'NONE',  ( -0.8745968939880158777, -0.4848507739774323144, 0.000000000000000000 ) ) ;
#2547 = ORIENTED_EDGE ( 'NONE', *, *, #4949, .F. ) ;
#2548 = AXIS2_PLACEMENT_3D ( 'NONE', #2527, #4087, #4887 ) ;
#2549 = EDGE_CURVE ( 'NONE', #1368, #777, #3508, .T. ) ;
#2550 = DIRECTION ( 'NONE',  ( -0.5914832590436079895, 0.8063172789114421146, -0.000000000000000000 ) ) ;
#2551 = ORIENTED_EDGE ( 'NONE', *, *, #2468, .T. ) ;
#2552 = ORIENTED_EDGE ( 'NONE', *, *, #2322, .T. ) ;
#2553 = VECTOR ( 'NONE', #2300, 100.0000000000000000 ) ;
#2554 = AXIS2_PLACEMENT_3D ( 'NONE', #4790, #1670, #2417 ) ;
#2555 = AXIS2_PLACEMENT_3D ( 'NONE', #637, #2203, #3822 ) ;
#2556 = CIRCLE ( 'NONE', #185, 0.7599999999999675904 ) ;
#2557 = DIRECTION ( 'NONE',  ( 0.7379946335230577192, -0.6748065803555621800, 0.000000000000000000 ) ) ;
#2558 = CARTESIAN_POINT ( 'NONE',  ( 6.385702312924597557, 1.219338597287962234, 0.1250000000000000000 ) ) ;
#2559 = CARTESIAN_POINT ( 'NONE',  ( 1.725080157859752994, 2.296781673631354881, 0.8750000000000001110 ) ) ;
#2560 = TOROIDAL_SURFACE ( 'NONE', #3790, 0.8750000000000001110, 0.1250000000000000000 ) ;
#2561 = VECTOR ( 'NONE', #3548, 100.0000000000000142 ) ;
#2562 = VECTOR ( 'NONE', #2495, 100.0000000000000000 ) ;
#2563 = CARTESIAN_POINT ( 'NONE',  ( -1.166666666667192098, 2.734281673631104415, 1.000000000000000000 ) ) ;
#2564 = CARTESIAN_POINT ( 'NONE',  ( 4.708275309395858699, 2.142674822278395119, 0.1250000000000000000 ) ) ;
#2565 = CARTESIAN_POINT ( 'NONE',  ( 8.583333333333305504, 2.109281673631105303, 0.8750000000000001110 ) ) ;
#2566 = ORIENTED_EDGE ( 'NONE', *, *, #1711, .T. ) ;
#2567 = VERTEX_POINT ( 'NONE', #3896 ) ;
#2568 = CIRCLE ( 'NONE', #2814, 0.1249999999999996669 ) ;
#2569 = DIRECTION ( 'NONE',  ( 0.000000000000000000, 1.000000000000000000, 0.000000000000000000 ) ) ;
#2570 = CARTESIAN_POINT ( 'NONE',  ( 6.083333333332806347, 1.934843059629777207, 0.8750000000000001110 ) ) ;
#2571 = ADVANCED_FACE ( 'NONE', ( #5021 ), #4106, .T. ) ;
#2572 = CARTESIAN_POINT ( 'NONE',  ( 5.231128847850823327, -0.3545902002352910865, 0.000000000000000000 ) ) ;
#2573 = DIRECTION ( 'NONE',  ( 1.000000000000000000, 0.000000000000000000, 0.000000000000000000 ) ) ;
#2574 = VECTOR ( 'NONE', #2268, 100.0000000000000000 ) ;
#2575 = ORIENTED_EDGE ( 'NONE', *, *, #1378, .T. ) ;
#2576 = ORIENTED_EDGE ( 'NONE', *, *, #2881, .T. ) ;
#2577 = CARTESIAN_POINT ( 'NONE',  ( 8.275833333333304509, 2.109281673631105303, 0.1249999999999999445 ) ) ;
#2578 = CYLINDRICAL_SURFACE ( 'NONE', #4191, 0.2500000000000002220 ) ;
#2579 = ORIENTED_EDGE ( 'NONE', *, *, #3984, .T. ) ;
#2580 = DIRECTION ( 'NONE',  ( -1.000000000000000000, 0.000000000000000000, 0.000000000000000000 ) ) ;
#2581 = ORIENTED_EDGE ( 'NONE', *, *, #1648, .F. ) ;
#2582 = AXIS2_PLACEMENT_3D ( 'NONE', #2408, #3699, #3585 ) ;
#2583 = VERTEX_POINT ( 'NONE', #4330 ) ;
#2584 = VECTOR ( 'NONE', #1568, 100.0000000000000142 ) ;
#2585 = CARTESIAN_POINT ( 'NONE',  ( -1.588420779389418724, 1.648035027679192854, 0.1250000000000000000 ) ) ;
#2586 = CARTESIAN_POINT ( 'NONE',  ( 1.650640061252826252, -1.313693242624169644, 1.000000000000000000 ) ) ;
#2587 = AXIS2_PLACEMENT_3D ( 'NONE', #1748, #4005, #2518 ) ;
#2588 = CARTESIAN_POINT ( 'NONE',  ( 5.962120639838448533, 2.153492283126781093, 1.000000000000000000 ) ) ;
#2589 = DIRECTION ( 'NONE',  ( 1.000000000000000000, 0.000000000000000000, 0.000000000000000000 ) ) ;
#2590 = CARTESIAN_POINT ( 'NONE',  ( -1.609166666667689816, 2.109281673631104415, 0.8750000000000001110 ) ) ;
#2591 = VERTEX_POINT ( 'NONE', #4712 ) ;
#2592 = ORIENTED_EDGE ( 'NONE', *, *, #4965, .F. ) ;
#2593 = DIRECTION ( 'NONE',  ( -0.000000000000000000, 0.000000000000000000, 1.000000000000000000 ) ) ;
#2594 = DIRECTION ( 'NONE',  ( -1.000000000000000000, 0.000000000000000000, 0.000000000000000000 ) ) ;
#2595 = CARTESIAN_POINT ( 'NONE',  ( 0.6024512776904850098, 1.924244634020912725, 1.000000000000000000 ) ) ;
#2596 = EDGE_LOOP ( 'NONE', ( #919, #3173, #2032, #3012 ) ) ;
#2597 = ORIENTED_EDGE ( 'NONE', *, *, #1266, .F. ) ;
#2598 = ADVANCED_FACE ( 'NONE', ( #407 ), #3154, .T. ) ;
#2599 = ADVANCED_FACE ( 'NONE', ( #716 ), #2283, .T. ) ;
#2600 = DIRECTION ( 'NONE',  ( 0.000000000000000000, -1.000000000000000000, 0.000000000000000000 ) ) ;
#2601 = DIRECTION ( 'NONE',  ( -0.6123874982331676264, -0.7905577474212254208, 0.000000000000000000 ) ) ;
#2602 = ORIENTED_EDGE ( 'NONE', *, *, #2293, .T. ) ;
#2603 = LINE ( 'NONE', #2524, #3553 ) ;
#2604 = ORIENTED_EDGE ( 'NONE', *, *, #2477, .T. ) ;
#2605 = VERTEX_POINT ( 'NONE', #1127 ) ;
#2606 = ADVANCED_FACE ( 'NONE', ( #2687 ), #4524, .T. ) ;
#2607 = FACE_OUTER_BOUND ( 'NONE', #977, .T. ) ;
#2608 = CARTESIAN_POINT ( 'NONE',  ( 5.440127836365853398, -0.5914118660525654603, 1.000000000000000000 ) ) ;
#2609 = DIRECTION ( 'NONE',  ( 0.000000000000000000, -0.000000000000000000, -1.000000000000000000 ) ) ;
#2610 = EDGE_CURVE ( 'NONE', #4849, #1672, #2306, .T. ) ;
#2611 = EDGE_CURVE ( 'NONE', #4124, #4575, #2966, .T. ) ;
#2612 = DIRECTION ( 'NONE',  ( 1.000000000000000000, 0.000000000000000000, 0.000000000000000000 ) ) ;
#2613 = DIRECTION ( 'NONE',  ( 0.000000000000000000, 0.000000000000000000, -1.000000000000000000 ) ) ;
#2614 = CARTESIAN_POINT ( 'NONE',  ( 3.822970362250968535, 0.6092816736313559911, 1.000000000000000000 ) ) ;
#2615 = VERTEX_POINT ( 'NONE', #2380 ) ;
#2616 = ADVANCED_FACE ( 'NONE', ( #769 ), #2337, .F. ) ;
#2617 = DIRECTION ( 'NONE',  ( 0.000000000000000000, -1.000000000000000000, 0.000000000000000000 ) ) ;
#2618 = CARTESIAN_POINT ( 'NONE',  ( 4.630382615747569375, -0.3646989760310796469, 1.000000000000000000 ) ) ;
#2619 = DIRECTION ( 'NONE',  ( -1.000000000000000000, 0.000000000000000000, 0.000000000000000000 ) ) ;
#2620 = DIRECTION ( 'NONE',  ( -0.7379946335230571641, 0.6748065803555628461, -0.000000000000000000 ) ) ;
#2621 = VERTEX_POINT ( 'NONE', #4686 ) ;
#2622 = ORIENTED_EDGE ( 'NONE', *, *, #3419, .F. ) ;
#2623 = CARTESIAN_POINT ( 'NONE',  ( 6.083333333332806347, 1.934843059629777207, 1.000000000000000000 ) ) ;
#2624 = LINE ( 'NONE', #4139, #1572 ) ;
#2625 = ORIENTED_EDGE ( 'NONE', *, *, #4748, .F. ) ;
#2626 = ORIENTED_EDGE ( 'NONE', *, *, #4319, .F. ) ;
#2627 = ORIENTED_EDGE ( 'NONE', *, *, #4148, .F. ) ;
#2628 = EDGE_CURVE ( 'NONE', #3343, #1010, #2359, .T. ) ;
#2629 = CIRCLE ( 'NONE', #1315, 0.3175000000004979395 ) ;
#2630 = CARTESIAN_POINT ( 'NONE',  ( 0.8189576286365950475, 2.049244634020912059, 0.000000000000000000 ) ) ;
#2631 = EDGE_CURVE ( 'NONE', #4723, #2172, #3049, .T. ) ;
#2632 = DIRECTION ( 'NONE',  ( 0.6123874982331665162, 0.7905577474212263089, -5.485596334267778031E-16 ) ) ;
#2633 = CARTESIAN_POINT ( 'NONE',  ( 0.3152764829173615446, 0.5849764676983479905, 0.8750000000000001110 ) ) ;
#2634 = AXIS2_PLACEMENT_3D ( 'NONE', #4482, #4503, #961 ) ;
#2635 = CIRCLE ( 'NONE', #3866, 0.9999999999999998890 ) ;
#2636 = COLOUR_RGB ( '',0.7921568627450980005, 0.8196078431372548767, 0.9333333333333333481 ) ;
#2637 = LINE ( 'NONE', #4914, #294 ) ;
#2638 = CARTESIAN_POINT ( 'NONE',  ( 4.895698912315332940, -0.09968527303524156447, 0.000000000000000000 ) ) ;
#2639 = TOROIDAL_SURFACE ( 'NONE', #349, 0.8750000000000001110, 0.1250000000000000000 ) ;
#2640 = FACE_OUTER_BOUND ( 'NONE', #3457, .T. ) ;
#2641 = AXIS2_PLACEMENT_3D ( 'NONE', #4182, #601, #2196 ) ;
#2642 = ORIENTED_EDGE ( 'NONE', *, *, #3068, .T. ) ;
#2643 = VECTOR ( 'NONE', #1790, 100.0000000000000142 ) ;
#2644 = AXIS2_PLACEMENT_3D ( 'NONE', #1291, #546, #824 ) ;
#2645 = CARTESIAN_POINT ( 'NONE',  ( 7.833333333332806347, 2.109281673631105303, 1.000000000000000000 ) ) ;
#2646 = DIRECTION ( 'NONE',  ( 1.000000000000000000, 0.000000000000000000, 0.000000000000000000 ) ) ;
#2647 = CARTESIAN_POINT ( 'NONE',  ( 4.928759868259032118, -0.1327839780939381598, -3.037681718995442814 ) ) ;
#2648 = FACE_OUTER_BOUND ( 'NONE', #1561, .T. ) ;
#2649 = CIRCLE ( 'NONE', #2893, 0.4425000000004978840 ) ;
#2650 = VERTEX_POINT ( 'NONE', #3971 ) ;
#2651 = AXIS2_PLACEMENT_3D ( 'NONE', #2812, #863, #933 ) ;
#2652 = ORIENTED_EDGE ( 'NONE', *, *, #1055, .F. ) ;
#2653 = VECTOR ( 'NONE', #1289, 100.0000000000000000 ) ;
#2654 = DIRECTION ( 'NONE',  ( 0.000000000000000000, -0.000000000000000000, -1.000000000000000000 ) ) ;
#2655 = DIRECTION ( 'NONE',  ( 0.000000000000000000, 0.000000000000000000, -1.000000000000000000 ) ) ;
#2656 = ORIENTED_EDGE ( 'NONE', *, *, #415, .T. ) ;
#2657 = ORIENTED_EDGE ( 'NONE', *, *, #1937, .F. ) ;
#2658 = ORIENTED_EDGE ( 'NONE', *, *, #3075, .T. ) ;
#2659 = VECTOR ( 'NONE', #2342, 100.0000000000000000 ) ;
#2660 = CARTESIAN_POINT ( 'NONE',  ( 4.008139913688538059, -2.404661300189884887, 0.1249999999999999445 ) ) ;
#2661 = EDGE_CURVE ( 'NONE', #3515, #2725, #3698, .T. ) ;
#2662 = AXIS2_PLACEMENT_3D ( 'NONE', #2764, #4636, #2262 ) ;
#2663 = LINE ( 'NONE', #1503, #1565 ) ;
#2664 = CARTESIAN_POINT ( 'NONE',  ( 5.922091218152168324, 1.859281673631105303, 1.000000000000000000 ) ) ;
#2665 = CIRCLE ( 'NONE', #4222, 0.1250000000000000000 ) ;
#2666 = ADVANCED_FACE ( 'NONE', ( #3226 ), #4359, .T. ) ;
#2667 = DIRECTION ( 'NONE',  ( 1.000000000000000000, 0.000000000000000000, 0.000000000000000000 ) ) ;
#2668 = DIRECTION ( 'NONE',  ( -1.000000000000000000, -1.156482317317871725E-16, 0.000000000000000000 ) ) ;
#2669 = CARTESIAN_POINT ( 'NONE',  ( 2.698333333332841200, -1.666666666666644092, 0.1249999999999999445 ) ) ;
#2670 = ORIENTED_EDGE ( 'NONE', *, *, #4912, .F. ) ;
#2671 = DIRECTION ( 'NONE',  ( 0.7379946335230570531, 0.6748065803555628461, 0.000000000000000000 ) ) ;
#2672 = CARTESIAN_POINT ( 'NONE',  ( 4.751882337213856111, -0.3094597800911633723, 0.8750000000000001110 ) ) ;
#2673 = CARTESIAN_POINT ( 'NONE',  ( 0.7445754485141860002, 1.859281673631104415, 0.1250000000000000000 ) ) ;
#2674 = LINE ( 'NONE', #3851, #4199 ) ;
#2675 = ORIENTED_EDGE ( 'NONE', *, *, #108, .T. ) ;
#2676 = ORIENTED_EDGE ( 'NONE', *, *, #4323, .F. ) ;
#2677 = EDGE_CURVE ( 'NONE', #2851, #1293, #2508, .T. ) ;
#2678 = CARTESIAN_POINT ( 'NONE',  ( 3.931223537724024109, 0.5467816736313562131, 1.000000000000000000 ) ) ;
#2679 = DIRECTION ( 'NONE',  ( -0.7075101241807039143, -0.7067032079889018492, 0.000000000000000000 ) ) ;
#2680 = VERTEX_POINT ( 'NONE', #4758 ) ;
#2681 = EDGE_LOOP ( 'NONE', ( #1286, #528, #1678, #1393 ) ) ;
#2682 = DIRECTION ( 'NONE',  ( -0.6748065803555628461, 0.7379946335230570531, 0.000000000000000000 ) ) ;
#2683 = DIRECTION ( 'NONE',  ( 1.000000000000000000, 1.156482317317871725E-16, -0.000000000000000000 ) ) ;
#2684 = DIRECTION ( 'NONE',  ( 0.3061999316366915691, -0.9519672273065317158, 0.000000000000000000 ) ) ;
#2685 = VERTEX_POINT ( 'NONE', #2073 ) ;
#2686 = CARTESIAN_POINT ( 'NONE',  ( 3.276709006306867344, 0.8592816736313547699, 0.1250000000000000000 ) ) ;
#2687 = FACE_OUTER_BOUND ( 'NONE', #2777, .T. ) ;
#2688 = DIRECTION ( 'NONE',  ( 1.000000000000000000, 0.000000000000000000, 0.000000000000000000 ) ) ;
#2689 = EDGE_LOOP ( 'NONE', ( #3136, #4260, #3488, #1158 ) ) ;
#2690 = EDGE_CURVE ( 'NONE', #4028, #2738, #1899, .T. ) ;
#2691 = ADVANCED_FACE ( 'NONE', ( #4827 ), #1614, .F. ) ;
#2692 = DIRECTION ( 'NONE',  ( 0.9988920609427145436, 0.04706007422026204506, -6.530897242487959404E-17 ) ) ;
#2693 = CARTESIAN_POINT ( 'NONE',  ( 4.679192561369222680, 0.02531472696475779716, 0.8750000000000001110 ) ) ;
#2694 = CARTESIAN_POINT ( 'NONE',  ( 3.968333333332776380, -1.666666666666644092, 0.1249999999999999445 ) ) ;
#2695 = CARTESIAN_POINT ( 'NONE',  ( 5.130339187986892036, -0.2806547928548400739, -3.037681718995442814 ) ) ;
#2696 = EDGE_CURVE ( 'NONE', #3631, #3930, #4013, .T. ) ;
#2697 = ORIENTED_EDGE ( 'NONE', *, *, #3505, .F. ) ;
#2698 = ORIENTED_EDGE ( 'NONE', *, *, #4787, .T. ) ;
#2699 = CYLINDRICAL_SURFACE ( 'NONE', #1766, 0.1250000000000000278 ) ;
#2700 = CARTESIAN_POINT ( 'NONE',  ( 5.111722740291312128, 2.385403991624746034, 0.1250000000000000000 ) ) ;
#2701 = EDGE_CURVE ( 'NONE', #321, #298, #472, .T. ) ;
#2702 = VERTEX_POINT ( 'NONE', #1279 ) ;
#2703 = EDGE_LOOP ( 'NONE', ( #959, #562, #484, #1247, #4828, #4570 ) ) ;
#2704 = CARTESIAN_POINT ( 'NONE',  ( 0.3333333333328081238, 1.934843059629778539, 0.1249999999999999445 ) ) ;
#2705 = EDGE_CURVE ( 'NONE', #1331, #2018, #1123, .T. ) ;
#2706 = FACE_BOUND ( 'NONE', #632, .T. ) ;
#2707 = AXIS2_PLACEMENT_3D ( 'NONE', #2787, #3921, #4355 ) ;
#2708 = CARTESIAN_POINT ( 'NONE',  ( 6.950989254907947057, 1.641240885028175889, 0.1250000000000000000 ) ) ;
#2709 = ORIENTED_EDGE ( 'NONE', *, *, #3506, .F. ) ;
#2710 = AXIS2_PLACEMENT_3D ( 'NONE', #761, #807, #4269 ) ;
#2711 = LINE ( 'NONE', #4279, #4705 ) ;
#2712 = DIRECTION ( 'NONE',  ( -0.6123874982331677375, 0.7905577474212254208, -0.000000000000000000 ) ) ;
#2713 = CARTESIAN_POINT ( 'NONE',  ( 2.095727280769403844, 0.08781472696483275109, 0.000000000000000000 ) ) ;
#2714 = ORIENTED_EDGE ( 'NONE', *, *, #280, .F. ) ;
#2715 = AXIS2_PLACEMENT_3D ( 'NONE', #2024, #2863, #76 ) ;
#2716 = TOROIDAL_SURFACE ( 'NONE', #2555, 0.3750000000000000000, 0.1250000000000000000 ) ;
#2717 = VECTOR ( 'NONE', #2242, 100.0000000000000142 ) ;
#2718 = CIRCLE ( 'NONE', #3212, 0.1249999999999999306 ) ;
#2719 = CIRCLE ( 'NONE', #1732, 0.1250000000000000278 ) ;
#2720 = CARTESIAN_POINT ( 'NONE',  ( 4.583333333332808124, -0.1407183263686450636, 0.000000000000000000 ) ) ;
#2721 = CARTESIAN_POINT ( 'NONE',  ( 7.045109403348477350, -0.3565432368572524768, 0.1250000000000000000 ) ) ;
#2722 = FILL_AREA_STYLE_COLOUR ( '', #2636 ) ;
#2723 = AXIS2_PLACEMENT_3D ( 'NONE', #1966, #792, #1509 ) ;
#2724 = LINE ( 'NONE', #2104, #4435 ) ;
#2725 = VERTEX_POINT ( 'NONE', #463 ) ;
#2726 = AXIS2_PLACEMENT_3D ( 'NONE', #2250, #4574, #3035 ) ;
#2727 = ORIENTED_EDGE ( 'NONE', *, *, #1641, .F. ) ;
#2728 = EDGE_CURVE ( 'NONE', #3066, #3631, #4641, .T. ) ;
#2729 = DIRECTION ( 'NONE',  ( -0.000000000000000000, 0.000000000000000000, 1.000000000000000000 ) ) ;
#2730 = DIRECTION ( 'NONE',  ( -0.9999844494260019534, 0.005576818642918917636, 0.000000000000000000 ) ) ;
#2731 = CIRCLE ( 'NONE', #2644, 1.124999999999999556 ) ;
#2732 = ORIENTED_EDGE ( 'NONE', *, *, #12, .T. ) ;
#2733 = ORIENTED_EDGE ( 'NONE', *, *, #1724, .F. ) ;
#2734 = AXIS2_PLACEMENT_3D ( 'NONE', #171, #4380, #4012 ) ;
#2735 = CARTESIAN_POINT ( 'NONE',  ( 5.574300713180298850, 1.642674822278397784, 0.000000000000000000 ) ) ;
#2736 = CARTESIAN_POINT ( 'NONE',  ( -1.237753926001241345, 1.158014797514980820, 0.8750000000000001110 ) ) ;
#2737 = VECTOR ( 'NONE', #520, 100.0000000000000142 ) ;
#2738 = VERTEX_POINT ( 'NONE', #2843 ) ;
#2739 = VECTOR ( 'NONE', #237, 100.0000000000000000 ) ;
#2740 = DIRECTION ( 'NONE',  ( -0.000000000000000000, 0.000000000000000000, 1.000000000000000000 ) ) ;
#2741 = DIRECTION ( 'NONE',  ( -0.4999999999999975575, 0.8660254037844400399, 0.000000000000000000 ) ) ;
#2742 = CARTESIAN_POINT ( 'NONE',  ( 3.276709006306867344, 0.2342816736313547699, 0.1250000000000000000 ) ) ;
#2743 = VERTEX_POINT ( 'NONE', #2099 ) ;
#2744 = CIRCLE ( 'NONE', #3406, 0.1250000000000000000 ) ;
#2745 = DIRECTION ( 'NONE',  ( -0.4848507739774356451, 0.8745968939880142123, 0.000000000000000000 ) ) ;
#2746 = DIRECTION ( 'NONE',  ( -0.6748065803555636233, 0.7379946335230563870, 0.000000000000000000 ) ) ;
#2747 = AXIS2_PLACEMENT_3D ( 'NONE', #650, #4625, #4240 ) ;
#2748 = CARTESIAN_POINT ( 'NONE',  ( 0.5833333333328081238, 1.934843059629778539, 0.1250000000000000000 ) ) ;
#2749 = ORIENTED_EDGE ( 'NONE', *, *, #2448, .T. ) ;
#2750 = ORIENTED_EDGE ( 'NONE', *, *, #992, .F. ) ;
#2751 = ORIENTED_EDGE ( 'NONE', *, *, #1815, .F. ) ;
#2752 = AXIS2_PLACEMENT_3D ( 'NONE', #1489, #4208, #2619 ) ;
#2753 = LINE ( 'NONE', #3518, #4785 ) ;
#2754 = DIRECTION ( 'NONE',  ( 1.000000000000000000, 0.000000000000000000, 0.000000000000000000 ) ) ;
#2755 = VERTEX_POINT ( 'NONE', #4385 ) ;
#2756 = ADVANCED_FACE ( 'NONE', ( #4354 ), #4233, .T. ) ;
#2757 = EDGE_CURVE ( 'NONE', #4594, #1840, #4733, .T. ) ;
#2758 = VERTEX_POINT ( 'NONE', #4405 ) ;
#2759 = FACE_OUTER_BOUND ( 'NONE', #1124, .T. ) ;
#2760 = DIRECTION ( 'NONE',  ( -0.8063172789114422256, -0.5914832590436077675, 0.000000000000000000 ) ) ;
#2761 = ADVANCED_FACE ( 'NONE', ( #1663 ), #4805, .T. ) ;
#2762 = DIRECTION ( 'NONE',  ( 0.9519672273065316048, 0.3061999316366915136, 0.000000000000000000 ) ) ;
#2763 = ORIENTED_EDGE ( 'NONE', *, *, #3854, .F. ) ;
#2764 = CARTESIAN_POINT ( 'NONE',  ( 5.922091218152168324, 2.734281673631104859, 0.8750000000000001110 ) ) ;
#2765 = DIRECTION ( 'NONE',  ( 1.000000000000000000, -8.673617379884035472E-16, 0.000000000000000000 ) ) ;
#2766 = DIRECTION ( 'NONE',  ( 0.000000000000000000, 0.000000000000000000, -1.000000000000000000 ) ) ;
#2767 = EDGE_CURVE ( 'NONE', #4723, #2475, #1318, .T. ) ;
#2768 = ORIENTED_EDGE ( 'NONE', *, *, #1412, .T. ) ;
#2769 = FACE_OUTER_BOUND ( 'NONE', #4477, .T. ) ;
#2770 = CYLINDRICAL_SURFACE ( 'NONE', #3050, 0.2500000000000002220 ) ;
#2771 = DIRECTION ( 'NONE',  ( 1.000000000000000000, 0.000000000000000000, 0.000000000000000000 ) ) ;
#2772 = EDGE_CURVE ( 'NONE', #4883, #2702, #908, .T. ) ;
#2773 = ORIENTED_EDGE ( 'NONE', *, *, #108, .F. ) ;
#2774 = VERTEX_POINT ( 'NONE', #2817 ) ;
#2775 = LINE ( 'NONE', #4320, #2500 ) ;
#2776 = EDGE_CURVE ( 'NONE', #259, #4419, #3996, .T. ) ;
#2777 = EDGE_LOOP ( 'NONE', ( #4218, #2450, #1946, #322 ) ) ;
#2778 = ORIENTED_EDGE ( 'NONE', *, *, #1454, .F. ) ;
#2779 = CYLINDRICAL_SURFACE ( 'NONE', #1809, 0.6349999999999675904 ) ;
#2780 = ORIENTED_EDGE ( 'NONE', *, *, #1306, .T. ) ;
#2781 = DIRECTION ( 'NONE',  ( 0.6748065803555628461, 0.7379946335230570531, 0.000000000000000000 ) ) ;
#2782 = ORIENTED_EDGE ( 'NONE', *, *, #3960, .T. ) ;
#2783 = ADVANCED_FACE ( 'NONE', ( #3353 ), #2057, .T. ) ;
#2784 = ADVANCED_FACE ( 'NONE', ( #3300 ), #4910, .T. ) ;
#2785 = DIRECTION ( 'NONE',  ( 1.000000000000000000, -1.734723475976806700E-15, 0.000000000000000000 ) ) ;
#2786 = DIRECTION ( 'NONE',  ( 0.000000000000000000, 0.000000000000000000, 1.000000000000000000 ) ) ;
#2787 = CARTESIAN_POINT ( 'NONE',  ( 1.092365953485158414, 1.642674822278670455, 0.000000000000000000 ) ) ;
#2788 = ORIENTED_EDGE ( 'NONE', *, *, #752, .F. ) ;
#2789 = CIRCLE ( 'NONE', #416, 0.1250000000000000000 ) ;
#2790 = UNCERTAINTY_MEASURE_WITH_UNIT (LENGTH_MEASURE( 1.000000000000000082E-05 ), #77, 'distance_accuracy_value', 'NONE');
#2791 = DIRECTION ( 'NONE',  ( 0.7379946335230570531, -0.6748065803555630682, 0.000000000000000000 ) ) ;
#2792 = CYLINDRICAL_SURFACE ( 'NONE', #3463, 0.1250000000000000000 ) ;
#2793 = DIRECTION ( 'NONE',  ( -0.8660254037844393737, 0.4999999999999988898, 0.000000000000000000 ) ) ;
#2794 = AXIS2_PLACEMENT_3D ( 'NONE', #2942, #2557, #1062 ) ;
#2795 = DIRECTION ( 'NONE',  ( 1.000000000000000000, 0.000000000000000000, 0.000000000000000000 ) ) ;
#2796 = ORIENTED_EDGE ( 'NONE', *, *, #1784, .F. ) ;
#2797 = AXIS2_PLACEMENT_3D ( 'NONE', #2458, #1284, #3658 ) ;
#2798 = ORIENTED_EDGE ( 'NONE', *, *, #2815, .T. ) ;
#2799 = AXIS2_PLACEMENT_3D ( 'NONE', #1298, #483, #153 ) ;
#2800 = VECTOR ( 'NONE', #4834, 100.0000000000000000 ) ;
#2801 = AXIS2_PLACEMENT_3D ( 'NONE', #1818, #211, #4891 ) ;
#2802 = FACE_OUTER_BOUND ( 'NONE', #859, .T. ) ;
#2803 = DIRECTION ( 'NONE',  ( 0.000000000000000000, 0.000000000000000000, -1.000000000000000000 ) ) ;
#2804 = DIRECTION ( 'NONE',  ( -0.7905577474212256428, 0.6123874982331672934, 0.000000000000000000 ) ) ;
#2805 = VECTOR ( 'NONE', #3831, 100.0000000000000142 ) ;
#2806 = VECTOR ( 'NONE', #4497, 100.0000000000000000 ) ;
#2807 = ORIENTED_EDGE ( 'NONE', *, *, #1612, .T. ) ;
#2808 = VERTEX_POINT ( 'NONE', #2586 ) ;
#2809 = AXIS2_PLACEMENT_3D ( 'NONE', #4924, #4472, #3774 ) ;
#2810 = CARTESIAN_POINT ( 'NONE',  ( 2.742877575521689870, -2.312411970999319610, 0.8750000000000001110 ) ) ;
#2811 = ORIENTED_EDGE ( 'NONE', *, *, #2834, .T. ) ;
#2812 = CARTESIAN_POINT ( 'NONE',  ( 7.833333333332806347, 2.109281673631105303, 0.000000000000000000 ) ) ;
#2813 = ORIENTED_EDGE ( 'NONE', *, *, #1579, .T. ) ;
#2814 = AXIS2_PLACEMENT_3D ( 'NONE', #1316, #3582, #2097 ) ;
#2815 = EDGE_CURVE ( 'NONE', #1175, #4212, #2960, .T. ) ;
#2816 = CARTESIAN_POINT ( 'NONE',  ( 4.895698912315332940, -0.09968527303524156447, 0.000000000000000000 ) ) ;
#2817 = CARTESIAN_POINT ( 'NONE',  ( 4.645698912315332052, -0.09968527303524156447, 0.8750000000000001110 ) ) ;
#2818 = CYLINDRICAL_SURFACE ( 'NONE', #2707, 1.000000000000000000 ) ;
#2819 = DIRECTION ( 'NONE',  ( 0.000000000000000000, 0.000000000000000000, 1.000000000000000000 ) ) ;
#2820 = EDGE_CURVE ( 'NONE', #3514, #4925, #2227, .T. ) ;
#2821 = CIRCLE ( 'NONE', #4381, 0.7500000000004989342 ) ;
#2822 = CARTESIAN_POINT ( 'NONE',  ( 2.241095819063943839, -0.6679479382914945695, 0.8750000000000001110 ) ) ;
#2823 = DIRECTION ( 'NONE',  ( -0.000000000000000000, 0.000000000000000000, 1.000000000000000000 ) ) ;
#2824 = DIRECTION ( 'NONE',  ( 0.8660254037844400399, 0.4999999999999976685, 0.000000000000000000 ) ) ;
#2825 = PRODUCT_DEFINITION_SHAPE ( 'NONE', 'NONE',  #4447 ) ;
#2826 = VERTEX_POINT ( 'NONE', #175 ) ;
#2827 = CIRCLE ( 'NONE', #2662, 0.1250000000000000278 ) ;
#2828 = EDGE_CURVE ( 'NONE', #1092, #3108, #4268, .T. ) ;
#2829 = ORIENTED_EDGE ( 'NONE', *, *, #2078, .T. ) ;
#2830 = CIRCLE ( 'NONE', #616, 0.7500000000004977130 ) ;
#2831 = FACE_OUTER_BOUND ( 'NONE', #4876, .T. ) ;
#2832 = DIRECTION ( 'NONE',  ( 1.000000000000000000, 5.290906601729256905E-15, 0.000000000000000000 ) ) ;
#2833 = PLANE ( 'NONE',  #843 ) ;
#2834 = EDGE_CURVE ( 'NONE', #2758, #1215, #1353, .T. ) ;
#2835 = ORIENTED_EDGE ( 'NONE', *, *, #2611, .T. ) ;
#2836 = TOROIDAL_SURFACE ( 'NONE', #3243, 0.3750000000000000000, 0.1250000000000000000 ) ;
#2837 = ORIENTED_EDGE ( 'NONE', *, *, #1306, .F. ) ;
#2838 = FACE_OUTER_BOUND ( 'NONE', #2112, .T. ) ;
#2839 = ORIENTED_EDGE ( 'NONE', *, *, #4205, .F. ) ;
#2840 = EDGE_CURVE ( 'NONE', #2403, #3581, #4966, .T. ) ;
#2841 = LINE ( 'NONE', #502, #118 ) ;
#2842 = ORIENTED_EDGE ( 'NONE', *, *, #3013, .F. ) ;
#2843 = CARTESIAN_POINT ( 'NONE',  ( 6.998049329128211760, 0.6423488240854616782, 0.8750000000000001110 ) ) ;
#2844 = DIRECTION ( 'NONE',  ( -0.000000000000000000, -0.000000000000000000, 1.000000000000000000 ) ) ;
#2845 = DIRECTION ( 'NONE',  ( 0.000000000000000000, 0.000000000000000000, -1.000000000000000000 ) ) ;
#2846 = DIRECTION ( 'NONE',  ( -0.000000000000000000, 0.000000000000000000, 1.000000000000000000 ) ) ;
#2847 = ADVANCED_FACE ( 'NONE', ( #3382 ), #250, .T. ) ;
#2848 = CARTESIAN_POINT ( 'NONE',  ( 0.7445754485141860002, 1.859281673631104415, 1.000000000000000000 ) ) ;
#2849 = DIRECTION ( 'NONE',  ( 0.000000000000000000, 0.000000000000000000, -1.000000000000000000 ) ) ;
#2850 = VERTEX_POINT ( 'NONE', #3020 ) ;
#2851 = VERTEX_POINT ( 'NONE', #1763 ) ;
#2852 = LINE ( 'NONE', #4415, #41 ) ;
#2853 = EDGE_CURVE ( 'NONE', #2334, #3810, #2393, .T. ) ;
#2854 = DIRECTION ( 'NONE',  ( 0.000000000000000000, -0.000000000000000000, -1.000000000000000000 ) ) ;
#2855 = LINE ( 'NONE', #3623, #1829 ) ;
#2856 = ORIENTED_EDGE ( 'NONE', *, *, #3134, .F. ) ;
#2857 = ORIENTED_EDGE ( 'NONE', *, *, #2239, .F. ) ;
#2858 = EDGE_CURVE ( 'NONE', #345, #4143, #2968, .T. ) ;
#2859 = LINE ( 'NONE', #1703, #187 ) ;
#2860 = ORIENTED_EDGE ( 'NONE', *, *, #1199, .T. ) ;
#2861 = LINE ( 'NONE', #3265, #1006 ) ;
#2862 = EDGE_CURVE ( 'NONE', #1864, #1080, #4535, .T. ) ;
#2863 = DIRECTION ( 'NONE',  ( -0.000000000000000000, 0.000000000000000000, 1.000000000000000000 ) ) ;
#2864 = DIRECTION ( 'NONE',  ( -0.000000000000000000, 0.000000000000000000, 1.000000000000000000 ) ) ;
#2865 = DIRECTION ( 'NONE',  ( 1.000000000000000000, 0.000000000000000000, 0.000000000000000000 ) ) ;
#2866 = EDGE_CURVE ( 'NONE', #4818, #3615, #829, .T. ) ;
#2867 = DIRECTION ( 'NONE',  ( -0.000000000000000000, 0.000000000000000000, 1.000000000000000000 ) ) ;
#2868 = EDGE_CURVE ( 'NONE', #683, #3054, #4920, .T. ) ;
#2869 = DIRECTION ( 'NONE',  ( -0.8745968939880170989, 0.4848507739774301495, -0.000000000000000000 ) ) ;
#2870 = CYLINDRICAL_SURFACE ( 'NONE', #425, 0.1249999999999999306 ) ;
#2871 = ORIENTED_EDGE ( 'NONE', *, *, #3995, .F. ) ;
#2872 = AXIS2_PLACEMENT_3D ( 'NONE', #3587, #4088, #4888 ) ;
#2873 = ORIENTED_EDGE ( 'NONE', *, *, #4360, .T. ) ;
#2874 = CIRCLE ( 'NONE', #3118, 0.1250000000000000000 ) ;
#2875 = CARTESIAN_POINT ( 'NONE',  ( 0.7842703179320212881, 2.252218469266419110, 1.000000000000000000 ) ) ;
#2876 = FACE_OUTER_BOUND ( 'NONE', #4283, .T. ) ;
#2877 = FACE_OUTER_BOUND ( 'NONE', #1775, .T. ) ;
#2878 = ORIENTED_EDGE ( 'NONE', *, *, #3053, .T. ) ;
#2879 = TOROIDAL_SURFACE ( 'NONE', #756, 0.4425000000004975509, 0.1250000000000000000 ) ;
#2880 = ORIENTED_EDGE ( 'NONE', *, *, #4213, .F. ) ;
#2881 = EDGE_CURVE ( 'NONE', #2446, #4812, #16, .T. ) ;
#2882 = TOROIDAL_SURFACE ( 'NONE', #3940, 0.6250000000004976020, 0.1250000000000000000 ) ;
#2883 = AXIS2_PLACEMENT_3D ( 'NONE', #4643, #3, #4996 ) ;
#2884 = CARTESIAN_POINT ( 'NONE',  ( 0.7445754485141860002, 1.859281673631104415, 0.1250000000000000000 ) ) ;
#2885 = VECTOR ( 'NONE', #2546, 100.0000000000000142 ) ;
#2886 = ORIENTED_EDGE ( 'NONE', *, *, #2530, .T. ) ;
#2887 = AXIS2_PLACEMENT_3D ( 'NONE', #4637, #1919, #328 ) ;
#2888 = CARTESIAN_POINT ( 'NONE',  ( 0.2809643537410173586, 1.219338597287962012, 0.8750000000000001110 ) ) ;
#2889 = VERTEX_POINT ( 'NONE', #2608 ) ;
#2890 = AXIS2_PLACEMENT_3D ( 'NONE', #117, #4744, #4006 ) ;
#2891 = DIRECTION ( 'NONE',  ( -0.000000000000000000, 0.000000000000000000, 1.000000000000000000 ) ) ;
#2892 = CARTESIAN_POINT ( 'NONE',  ( 0.3333333333328081238, 1.441144819429315049, 0.8750000000000001110 ) ) ;
#2893 = AXIS2_PLACEMENT_3D ( 'NONE', #1876, #3059, #4620 ) ;
#2894 = DIRECTION ( 'NONE',  ( 0.5000000000000001110, 0.8660254037844385966, -0.000000000000000000 ) ) ;
#2895 = TOROIDAL_SURFACE ( 'NONE', #4943, 0.8750000000000001110, 0.1250000000000000000 ) ;
#2896 = EDGE_CURVE ( 'NONE', #452, #5031, #3944, .T. ) ;
#2897 = CARTESIAN_POINT ( 'NONE',  ( -1.166666666667192098, 2.859281673631353105, 0.1249999999999999445 ) ) ;
#2898 = DIRECTION ( 'NONE',  ( 0.000000000000000000, 0.000000000000000000, -1.000000000000000000 ) ) ;
#2899 = CARTESIAN_POINT ( 'NONE',  ( 2.658526752977077301, -2.404661300189884443, 1.000000000000000000 ) ) ;
#2900 = ORIENTED_EDGE ( 'NONE', *, *, #2087, .T. ) ;
#2901 = ORIENTED_EDGE ( 'NONE', *, *, #4137, .F. ) ;
#2902 = AXIS2_PLACEMENT_3D ( 'NONE', #1426, #226, #1039 ) ;
#2903 = DIRECTION ( 'NONE',  ( 0.8745968939880172099, -0.4848507739774300940, 0.000000000000000000 ) ) ;
#2904 = AXIS2_PLACEMENT_3D ( 'NONE', #744, #1184, #2313 ) ;
#2905 = CARTESIAN_POINT ( 'NONE',  ( 4.663443571691267664, -0.3977976810897764226, 0.1250000000000001110 ) ) ;
#2906 = DIRECTION ( 'NONE',  ( 0.000000000000000000, -0.000000000000000000, -1.000000000000000000 ) ) ;
#2907 = EDGE_LOOP ( 'NONE', ( #1757, #3448, #710, #277 ) ) ;
#2908 = ORIENTED_EDGE ( 'NONE', *, *, #4904, .F. ) ;
#2909 = CIRCLE ( 'NONE', #3235, 1.124999999999999556 ) ;
#2910 = DIRECTION ( 'NONE',  ( -0.000000000000000000, 0.000000000000000000, 1.000000000000000000 ) ) ;
#2911 = DIRECTION ( 'NONE',  ( -0.000000000000000000, 0.000000000000000000, 1.000000000000000000 ) ) ;
#2912 = AXIS2_PLACEMENT_3D ( 'NONE', #2990, #1056, #3476 ) ;
#2913 = EDGE_CURVE ( 'NONE', #2475, #4818, #1377, .T. ) ;
#2914 = ORIENTED_EDGE ( 'NONE', *, *, #4797, .T. ) ;
#2915 = EDGE_CURVE ( 'NONE', #2430, #298, #261, .T. ) ;
#2916 = CARTESIAN_POINT ( 'NONE',  ( 3.389957660358748459, 0.3592816736313547143, 0.000000000000000000 ) ) ;
#2917 = EDGE_LOOP ( 'NONE', ( #2113, #4134, #2521, #2829 ) ) ;
#2918 = ORIENTED_EDGE ( 'NONE', *, *, #846, .F. ) ;
#2919 = DIRECTION ( 'NONE',  ( 0.8660254037844400399, 0.4999999999999976685, 0.000000000000000000 ) ) ;
#2920 = EDGE_CURVE ( 'NONE', #8, #683, #3123, .T. ) ;
#2921 = DIRECTION ( 'NONE',  ( -0.7905577474212267530, 0.6123874982331660721, 0.000000000000000000 ) ) ;
#2922 = ORIENTED_EDGE ( 'NONE', *, *, #4755, .F. ) ;
#2923 = ADVANCED_FACE ( 'NONE', ( #3843 ), #735, .F. ) ;
#2924 = DIRECTION ( 'NONE',  ( -0.7075101241803973817, 0.7067032079892087149, 0.000000000000000000 ) ) ;
#2925 = DIRECTION ( 'NONE',  ( -0.7379946335230571641, 0.6748065803555627351, -0.000000000000000000 ) ) ;
#2926 = LINE ( 'NONE', #4564, #4185 ) ;
#2927 = EDGE_LOOP ( 'NONE', ( #1371, #630, #4356, #3348 ) ) ;
#2928 = ORIENTED_EDGE ( 'NONE', *, *, #3679, .F. ) ;
#2929 = CARTESIAN_POINT ( 'NONE',  ( 2.083333333332807236, -0.1407183263686450636, 0.000000000000000000 ) ) ;
#2930 = DIRECTION ( 'NONE',  ( 1.000000000000000000, 0.000000000000000000, 0.000000000000000000 ) ) ;
#2931 = EDGE_CURVE ( 'NONE', #4297, #4775, #666, .T. ) ;
#2932 = DIRECTION ( 'NONE',  ( -0.7075101241807045804, -0.7067032079889011831, 0.000000000000000000 ) ) ;
#2933 = DIRECTION ( 'NONE',  ( 0.000000000000000000, -0.000000000000000000, -1.000000000000000000 ) ) ;
#2934 = VERTEX_POINT ( 'NONE', #2280 ) ;
#2935 = ORIENTED_EDGE ( 'NONE', *, *, #1921, .T. ) ;
#2936 = CARTESIAN_POINT ( 'NONE',  ( 6.083333333332806347, 1.441144819429314827, 0.8750000000000001110 ) ) ;
#2937 = DIRECTION ( 'NONE',  ( -0.000000000000000000, 0.000000000000000000, 1.000000000000000000 ) ) ;
#2938 = ORIENTED_EDGE ( 'NONE', *, *, #1929, .T. ) ;
#2939 = DIRECTION ( 'NONE',  ( 0.000000000000000000, -0.000000000000000000, -1.000000000000000000 ) ) ;
#2940 = ORIENTED_EDGE ( 'NONE', *, *, #619, .F. ) ;
#2941 = ORIENTED_EDGE ( 'NONE', *, *, #963, .T. ) ;
#2942 = CARTESIAN_POINT ( 'NONE',  ( -1.153403103456795975, 1.250264126705363132, 0.8750000000000001110 ) ) ;
#2943 = DIRECTION ( 'NONE',  ( -0.7067032079892088259, -0.7075101241803971597, -0.000000000000000000 ) ) ;
#2944 = CARTESIAN_POINT ( 'NONE',  ( 1.092365953485158414, 1.642674822278670455, 0.1250000000000000000 ) ) ;
#2945 = EDGE_CURVE ( 'NONE', #3649, #3640, #1961, .T. ) ;
#2946 = CARTESIAN_POINT ( 'NONE',  ( 7.833333333332806347, 2.734281673631105303, 0.000000000000000000 ) ) ;
#2947 = DIRECTION ( 'NONE',  ( 0.6123874982331677375, -0.7905577474212254208, 0.000000000000000000 ) ) ;
#2948 = DIRECTION ( 'NONE',  ( 0.000000000000000000, -0.000000000000000000, -1.000000000000000000 ) ) ;
#2949 = ORIENTED_EDGE ( 'NONE', *, *, #2530, .F. ) ;
#2950 = EDGE_LOOP ( 'NONE', ( #883, #3933, #2842, #3617 ) ) ;
#2951 = DIRECTION ( 'NONE',  ( -0.000000000000000000, 0.000000000000000000, 1.000000000000000000 ) ) ;
#2952 = CARTESIAN_POINT ( 'NONE',  ( -0.5629473456456782765, 1.896009431038038207, 0.1250000000000000000 ) ) ;
#2953 = ORIENTED_EDGE ( 'NONE', *, *, #4094, .T. ) ;
#2954 = VERTEX_POINT ( 'NONE', #3914 ) ;
#2955 = ADVANCED_FACE ( 'NONE', ( #401 ), #1939, .T. ) ;
#2956 = TOROIDAL_SURFACE ( 'NONE', #4754, 0.3750000000000000000, 0.1250000000000000000 ) ;
#2957 = DIRECTION ( 'NONE',  ( 0.7379946335230570531, -0.6748065803555628461, 0.000000000000000000 ) ) ;
#2958 = CARTESIAN_POINT ( 'NONE',  ( 1.770967754350238899, -0.09968527303516640237, 0.8750000000000001110 ) ) ;
#2959 = ORIENTED_EDGE ( 'NONE', *, *, #1273, .T. ) ;
#2960 = CIRCLE ( 'NONE', #1895, 0.1250000000000000000 ) ;
#2961 = CARTESIAN_POINT ( 'NONE',  ( 1.566289238708380660, -1.405942571814551956, 0.8750000000000001110 ) ) ;
#2962 = ORIENTED_EDGE ( 'NONE', *, *, #1780, .F. ) ;
#2963 = AXIS2_PLACEMENT_3D ( 'NONE', #2047, #559, #1669 ) ;
#2964 = CIRCLE ( 'NONE', #836, 0.1250000000000000278 ) ;
#2965 = AXIS2_PLACEMENT_3D ( 'NONE', #2590, #4866, #4947 ) ;
#2966 = CIRCLE ( 'NONE', #3047, 0.1250000000000001110 ) ;
#2967 = CARTESIAN_POINT ( 'NONE',  ( 0.3371613644508809071, -1.280347801564878818, 0.8750000000000001110 ) ) ;
#2968 = LINE ( 'NONE', #2179, #4833 ) ;
#2969 = FACE_OUTER_BOUND ( 'NONE', #1070, .T. ) ;
#2970 = VECTOR ( 'NONE', #1865, 100.0000000000000000 ) ;
#2971 = CIRCLE ( 'NONE', #4027, 0.4999999999999997780 ) ;
#2972 = AXIS2_PLACEMENT_3D ( 'NONE', #1749, #2243, #3808 ) ;
#2973 = DIRECTION ( 'NONE',  ( 0.8660254037844393737, -0.4999999999999988898, 0.000000000000000000 ) ) ;
#2974 = AXIS2_PLACEMENT_3D ( 'NONE', #1043, #2609, #4168 ) ;
#2975 = LINE ( 'NONE', #4508, #1657 ) ;
#2976 = CARTESIAN_POINT ( 'NONE',  ( 6.083333333332806347, 1.934843059629777207, 0.1250000000000000000 ) ) ;
#2977 = ORIENTED_EDGE ( 'NONE', *, *, #3712, .F. ) ;
#2978 = EDGE_CURVE ( 'NONE', #4422, #3292, #3860, .T. ) ;
#2979 = ADVANCED_FACE ( 'NONE', ( #5014 ), #4357, .T. ) ;
#2980 = ORIENTED_EDGE ( 'NONE', *, *, #4815, .F. ) ;
#2981 = DIRECTION ( 'NONE',  ( 0.7067032079892088259, 0.7075101241803971597, 0.000000000000000000 ) ) ;
#2982 = DIRECTION ( 'NONE',  ( 1.000000000000000000, 0.000000000000000000, 0.000000000000000000 ) ) ;
#2983 = CYLINDRICAL_SURFACE ( 'NONE', #2752, 0.7500000000004989342 ) ;
#2984 = CARTESIAN_POINT ( 'NONE',  ( 5.538947554793508310, -0.6679603033317117466, 0.8750000000000001110 ) ) ;
#2985 = ADVANCED_FACE ( 'NONE', ( #3502 ), #3115, .T. ) ;
#2986 = VECTOR ( 'NONE', #1029, 100.0000000000000000 ) ;
#2987 = ORIENTED_EDGE ( 'NONE', *, *, #2293, .F. ) ;
#2988 = EDGE_LOOP ( 'NONE', ( #2056, #3377, #4768, #5032 ) ) ;
#2989 = AXIS2_PLACEMENT_3D ( 'NONE', #4765, #4407, #2079 ) ;
#2990 = CARTESIAN_POINT ( 'NONE',  ( 0.3581969507131219088, -0.5751318464301355959, 0.1250000000000000000 ) ) ;
#2991 = DIRECTION ( 'NONE',  ( -0.5286605404445537948, 0.8488333363958275868, 0.000000000000000000 ) ) ;
#2992 = EDGE_CURVE ( 'NONE', #4696, #4071, #4988, .T. ) ;
#2993 = EDGE_CURVE ( 'NONE', #4623, #3515, #1867, .T. ) ;
#2994 = EDGE_LOOP ( 'NONE', ( #3324, #3827, #1250, #979 ) ) ;
#2995 = FACE_OUTER_BOUND ( 'NONE', #2950, .T. ) ;
#2996 = VERTEX_POINT ( 'NONE', #1475 ) ;
#2997 = AXIS2_PLACEMENT_3D ( 'NONE', #2686, #5066, #3461 ) ;
#2998 = CIRCLE ( 'NONE', #3407, 0.1250000000000000555 ) ;
#2999 = DIRECTION ( 'NONE',  ( 0.000000000000000000, -1.000000000000000000, 0.000000000000000000 ) ) ;
#3000 = EDGE_CURVE ( 'NONE', #470, #3360, #2663, .T. ) ;
#3001 = CARTESIAN_POINT ( 'NONE',  ( 2.573333333332841200, -1.666666666666644092, 0.1249999999999999445 ) ) ;
#3002 = FACE_OUTER_BOUND ( 'NONE', #2431, .T. ) ;
#3003 = DIRECTION ( 'NONE',  ( 1.000000000000000000, 0.000000000000000000, 0.000000000000000000 ) ) ;
#3004 = CARTESIAN_POINT ( 'NONE',  ( 1.770967754350238899, -0.09968527303516640237, 0.1250000000000000000 ) ) ;
#3005 = CARTESIAN_POINT ( 'NONE',  ( 3.968333333332776380, -1.666666666666644092, 0.8750000000000001110 ) ) ;
#3006 = ORIENTED_EDGE ( 'NONE', *, *, #3013, .T. ) ;
#3007 = DIRECTION ( 'NONE',  ( -0.000000000000000000, -0.000000000000000000, -1.000000000000000000 ) ) ;
#3008 = LINE ( 'NONE', #671, #2717 ) ;
#3009 = CARTESIAN_POINT ( 'NONE',  ( 0.7842952276561578895, 2.109281673631354881, 0.1250000000000000000 ) ) ;
#3010 = EDGE_CURVE ( 'NONE', #4775, #3032, #1814, .T. ) ;
#3011 = ORIENTED_EDGE ( 'NONE', *, *, #1796, .T. ) ;
#3012 = ORIENTED_EDGE ( 'NONE', *, *, #3000, .F. ) ;
#3013 = EDGE_CURVE ( 'NONE', #2680, #2725, #4246, .T. ) ;
#3014 = DIRECTION ( 'NONE',  ( -0.000000000000000000, -0.000000000000000000, -1.000000000000000000 ) ) ;
#3015 = CARTESIAN_POINT ( 'NONE',  ( -1.484166666667689816, 2.109281673631104415, 1.000000000000000000 ) ) ;
#3016 = VERTEX_POINT ( 'NONE', #3482 ) ;
#3017 = EDGE_LOOP ( 'NONE', ( #1118, #4532 ) ) ;
#3018 = EDGE_CURVE ( 'NONE', #4297, #4576, #343, .T. ) ;
#3019 = CARTESIAN_POINT ( 'NONE',  ( 5.901514293091269181, 2.262816894875283147, 0.000000000000000000 ) ) ;
#3020 = CARTESIAN_POINT ( 'NONE',  ( 1.207153421403611926, 2.602010842977178662, 0.000000000000000000 ) ) ;
#3021 = DIRECTION ( 'NONE',  ( -0.000000000000000000, 0.000000000000000000, 1.000000000000000000 ) ) ;
#3022 = ADVANCED_FACE ( 'NONE', ( #5063, #808, #1143, #2706, #1549, #2331 ), #4607, .T. ) ;
#3023 = DIRECTION ( 'NONE',  ( -0.000000000000000000, 0.000000000000000000, 1.000000000000000000 ) ) ;
#3024 = DIRECTION ( 'NONE',  ( 1.000000000000000000, 0.000000000000000000, 0.000000000000000000 ) ) ;
#3025 = CARTESIAN_POINT ( 'NONE',  ( 3.822970362250968535, 0.6092816736313559911, 0.1249999999999999445 ) ) ;
#3026 = ORIENTED_EDGE ( 'NONE', *, *, #1502, .F. ) ;
#3027 = DIRECTION ( 'NONE',  ( 0.4999999999999988343, 0.8660254037844393737, 0.000000000000000000 ) ) ;
#3028 = LINE ( 'NONE', #1949, #2233 ) ;
#3029 = FACE_OUTER_BOUND ( 'NONE', #547, .T. ) ;
#3030 = CARTESIAN_POINT ( 'NONE',  ( 4.570939385896168439, 0.08781472696475706163, 0.000000000000000000 ) ) ;
#3031 = ORIENTED_EDGE ( 'NONE', *, *, #1469, .F. ) ;
#3032 = VERTEX_POINT ( 'NONE', #2736 ) ;
#3033 = DIRECTION ( 'NONE',  ( -0.7379946335230570531, 0.6748065803555628461, 0.000000000000000000 ) ) ;
#3034 = DIRECTION ( 'NONE',  ( 1.000000000000000000, 0.000000000000000000, 0.000000000000000000 ) ) ;
#3035 = DIRECTION ( 'NONE',  ( -0.9519672273065316048, 0.3061999316366911250, 0.000000000000000000 ) ) ;
#3036 = ORIENTED_EDGE ( 'NONE', *, *, #4128, .T. ) ;
#3037 = ORIENTED_EDGE ( 'NONE', *, *, #1307, .F. ) ;
#3038 = EDGE_CURVE ( 'NONE', #4252, #4936, #1650, .T. ) ;
#3039 = VECTOR ( 'NONE', #2844, 100.0000000000000000 ) ;
#3040 = CIRCLE ( 'NONE', #4096, 0.1250000000000000278 ) ;
#3041 = CARTESIAN_POINT ( 'NONE',  ( 4.425570847601670188, -0.6679479382914954577, 0.8750000000000001110 ) ) ;
#3042 = DIRECTION ( 'NONE',  ( 0.000000000000000000, -0.000000000000000000, -1.000000000000000000 ) ) ;
#3043 = VECTOR ( 'NONE', #723, 99.99999999999998579 ) ;
#3044 = DIRECTION ( 'NONE',  ( 0.000000000000000000, 0.000000000000000000, 1.000000000000000000 ) ) ;
#3045 = AXIS2_PLACEMENT_3D ( 'NONE', #3708, #4196, #689 ) ;
#3046 = AXIS2_PLACEMENT_3D ( 'NONE', #2976, #1023, #3897 ) ;
#3047 = AXIS2_PLACEMENT_3D ( 'NONE', #3120, #4280, #1180 ) ;
#3048 = DIRECTION ( 'NONE',  ( -0.000000000000000000, -0.000000000000000000, -1.000000000000000000 ) ) ;
#3049 = LINE ( 'NONE', #4613, #833 ) ;
#3050 = AXIS2_PLACEMENT_3D ( 'NONE', #3950, #4885, #3925 ) ;
#3051 = DIRECTION ( 'NONE',  ( -0.000000000000000000, 0.000000000000000000, 1.000000000000000000 ) ) ;
#3052 = AXIS2_PLACEMENT_3D ( 'NONE', #1498, #4700, #3519 ) ;
#3053 = EDGE_CURVE ( 'NONE', #22, #4422, #4649, .T. ) ;
#3054 = VERTEX_POINT ( 'NONE', #2189 ) ;
#3055 = VECTOR ( 'NONE', #3575, 100.0000000000000000 ) ;
#3056 = FACE_OUTER_BOUND ( 'NONE', #3912, .T. ) ;
#3057 = CARTESIAN_POINT ( 'NONE',  ( 0.7651523735743445132, 2.262816894875284923, 0.8750000000000001110 ) ) ;
#3058 = CARTESIAN_POINT ( 'NONE',  ( -1.166666666667192098, 2.734281673631104415, 1.000000000000000000 ) ) ;
#3059 = DIRECTION ( 'NONE',  ( 0.000000000000000000, -0.000000000000000000, -1.000000000000000000 ) ) ;
#3060 = VERTEX_POINT ( 'NONE', #4566 ) ;
#3061 = EDGE_LOOP ( 'NONE', ( #4220, #4702, #4162, #1860 ) ) ;
#3062 = AXIS2_PLACEMENT_3D ( 'NONE', #4163, #3294, #653 ) ;
#3063 = CARTESIAN_POINT ( 'NONE',  ( 2.658526752977077301, -2.404661300189884443, 0.1249999999999999445 ) ) ;
#3064 = DIRECTION ( 'NONE',  ( 0.5286605404445537948, -0.8488333363958275868, 0.000000000000000000 ) ) ;
#3065 = ORIENTED_EDGE ( 'NONE', *, *, #3140, .F. ) ;
#3066 = VERTEX_POINT ( 'NONE', #4844 ) ;
#3067 = TOROIDAL_SURFACE ( 'NONE', #4044, 0.3750000000000000000, 0.1250000000000000000 ) ;
#3068 = EDGE_CURVE ( 'NONE', #844, #2446, #4470, .T. ) ;
#3069 = EDGE_CURVE ( 'NONE', #2743, #2621, #2469, .T. ) ;
#3070 = PLANE ( 'NONE',  #1396 ) ;
#3071 = CIRCLE ( 'NONE', #4868, 0.6349999999999675904 ) ;
#3072 = CARTESIAN_POINT ( 'NONE',  ( -0.5678270619582326262, 1.021023037790286470, 0.8750000000000001110 ) ) ;
#3073 = DIRECTION ( 'NONE',  ( -0.8063172789114421146, 0.5914832590436078785, 0.000000000000000000 ) ) ;
#3074 = VERTEX_POINT ( 'NONE', #947 ) ;
#3075 = EDGE_CURVE ( 'NONE', #1644, #22, #675, .T. ) ;
#3076 = CARTESIAN_POINT ( 'NONE',  ( 7.833333333332806347, 2.734281673631105303, 1.000000000000000000 ) ) ;
#3077 = DIRECTION ( 'NONE',  ( -0.000000000000000000, 0.000000000000000000, -1.000000000000000000 ) ) ;
#3078 = CARTESIAN_POINT ( 'NONE',  ( 0.3371613644508809071, -1.280347801564878818, 0.1250000000000000000 ) ) ;
#3079 = VERTEX_POINT ( 'NONE', #564 ) ;
#3080 = CIRCLE ( 'NONE', #3323, 0.2500000000000002220 ) ;
#3081 = EDGE_CURVE ( 'NONE', #4076, #2489, #1902, .T. ) ;
#3082 = DIRECTION ( 'NONE',  ( -0.04706007422026202425, 0.9988920609427143216, 0.000000000000000000 ) ) ;
#3083 = DIRECTION ( 'NONE',  ( -0.8745968939880154336, -0.4848507739774333136, -0.000000000000000000 ) ) ;
#3084 = CARTESIAN_POINT ( 'NONE',  ( 4.928759868259032118, -0.1327839780939381598, 1.000000000000000000 ) ) ;
#3085 = DIRECTION ( 'NONE',  ( 0.4999999999999964473, 0.8660254037844407060, -0.000000000000000000 ) ) ;
#3086 = EDGE_LOOP ( 'NONE', ( #968, #703, #1388, #2773, #1642 ) ) ;
#3087 = ORIENTED_EDGE ( 'NONE', *, *, #3318, .F. ) ;
#3088 = ADVANCED_FACE ( 'NONE', ( #1795 ), #3689, .T. ) ;
#3089 = CARTESIAN_POINT ( 'NONE',  ( 6.458333333332806347, 1.441144819429314827, 1.000000000000000000 ) ) ;
#3090 = CARTESIAN_POINT ( 'NONE',  ( 0.3371613644508809071, -1.280347801564878818, 0.000000000000000000 ) ) ;
#3091 = AXIS2_PLACEMENT_3D ( 'NONE', #841, #4458, #4065 ) ;
#3092 = ORIENTED_EDGE ( 'NONE', *, *, #870, .F. ) ;
#3093 = ORIENTED_EDGE ( 'NONE', *, *, #734, .T. ) ;
#3094 = ADVANCED_FACE ( 'NONE', ( #3313 ), #2560, .T. ) ;
#3095 = CARTESIAN_POINT ( 'NONE',  ( 0.7641991189262637985, 0.5605870012248672651, 0.8750000000000001110 ) ) ;
#3096 = CARTESIAN_POINT ( 'NONE',  ( 0.7445754485141858892, 2.859281673631104415, 1.000000000000000000 ) ) ;
#3097 = LINE ( 'NONE', #3937, #766 ) ;
#3098 = EDGE_LOOP ( 'NONE', ( #4487, #3427, #4158, #3309, #393, #2327, #598, #3834, #453, #2434, #750 ) ) ;
#3099 = FACE_OUTER_BOUND ( 'NONE', #3086, .T. ) ;
#3100 = DIRECTION ( 'NONE',  ( -0.7067032079889022933, 0.7075101241807032482, -0.000000000000000000 ) ) ;
#3101 = DIRECTION ( 'NONE',  ( 0.000000000000000000, 0.000000000000000000, 1.000000000000000000 ) ) ;
#3102 = ORIENTED_EDGE ( 'NONE', *, *, #3429, .T. ) ;
#3103 = EDGE_CURVE ( 'NONE', #4322, #1621, #4872, .T. ) ;
#3104 = DIRECTION ( 'NONE',  ( -0.4999999999999982236, -0.8660254037844395958, 0.000000000000000000 ) ) ;
#3105 = DIRECTION ( 'NONE',  ( 0.000000000000000000, -0.000000000000000000, -1.000000000000000000 ) ) ;
#3106 = SURFACE_SIDE_STYLE ('',( #5028 ) ) ;
#3107 = DIRECTION ( 'NONE',  ( -0.8745968939880159887, -0.4848507739774323699, 0.000000000000000000 ) ) ;
#3108 = VERTEX_POINT ( 'NONE', #2537 ) ;
#3109 = ORIENTED_EDGE ( 'NONE', *, *, #1307, .T. ) ;
#3110 = CARTESIAN_POINT ( 'NONE',  ( 0.4802452864405954425, 0.3720110396248216822, 0.8750000000000001110 ) ) ;
#3111 = DIRECTION ( 'NONE',  ( 0.000000000000000000, -0.000000000000000000, -1.000000000000000000 ) ) ;
#3112 = VERTEX_POINT ( 'NONE', #4098 ) ;
#3113 = ORIENTED_EDGE ( 'NONE', *, *, #655, .T. ) ;
#3114 = DIRECTION ( 'NONE',  ( 0.4999999999999977240, -0.8660254037844400399, 0.000000000000000000 ) ) ;
#3115 = CYLINDRICAL_SURFACE ( 'NONE', #1160, 0.1249999999999999306 ) ;
#3116 = DIRECTION ( 'NONE',  ( 0.8745968939880174320, -0.4848507739774295944, 0.000000000000000000 ) ) ;
#3117 = ORIENTED_EDGE ( 'NONE', *, *, #1969, .T. ) ;
#3118 = AXIS2_PLACEMENT_3D ( 'NONE', #4502, #4223, #712 ) ;
#3119 = DIRECTION ( 'NONE',  ( 0.000000000000000000, -0.000000000000000000, -1.000000000000000000 ) ) ;
#3120 = CARTESIAN_POINT ( 'NONE',  ( 7.390833333332308186, 2.109281673631105303, 0.1249999999999999445 ) ) ;
#3121 = FACE_OUTER_BOUND ( 'NONE', #3817, .T. ) ;
#3122 = ORIENTED_EDGE ( 'NONE', *, *, #1069, .T. ) ;
#3123 = CIRCLE ( 'NONE', #4018, 0.9999999999999995559 ) ;
#3124 = CIRCLE ( 'NONE', #1486, 0.2500000000000002220 ) ;
#3125 = AXIS2_PLACEMENT_3D ( 'NONE', #3432, #3709, #1764 ) ;
#3126 = VECTOR ( 'NONE', #2869, 100.0000000000000000 ) ;
#3127 = VECTOR ( 'NONE', #4916, 100.0000000000000142 ) ;
#3128 = CARTESIAN_POINT ( 'NONE',  ( 5.962120639838448533, 2.153492283126781093, 0.1249999999999999445 ) ) ;
#3129 = DIRECTION ( 'NONE',  ( -0.000000000000000000, 0.000000000000000000, 1.000000000000000000 ) ) ;
#3130 = ADVANCED_FACE ( 'NONE', ( #593 ), #2639, .T. ) ;
#3131 = FACE_OUTER_BOUND ( 'NONE', #874, .T. ) ;
#3132 = CIRCLE ( 'NONE', #1166, 0.3750000000000000000 ) ;
#3133 = DIRECTION ( 'NONE',  ( 1.000000000000000000, 0.000000000000000000, 0.000000000000000000 ) ) ;
#3134 = EDGE_CURVE ( 'NONE', #4029, #1935, #3289, .T. ) ;
#3135 = EDGE_LOOP ( 'NONE', ( #4238, #3881, #4339, #973 ) ) ;
#3136 = ORIENTED_EDGE ( 'NONE', *, *, #405, .T. ) ;
#3137 = CIRCLE ( 'NONE', #4362, 0.2499999999999998890 ) ;
#3138 = ORIENTED_EDGE ( 'NONE', *, *, #3797, .F. ) ;
#3139 = VECTOR ( 'NONE', #3044, 100.0000000000000000 ) ;
#3140 = EDGE_CURVE ( 'NONE', #770, #4696, #1493, .T. ) ;
#3141 = CARTESIAN_POINT ( 'NONE',  ( 1.207153421403611926, 2.602010842977179106, 0.8750000000000001110 ) ) ;
#3142 = CARTESIAN_POINT ( 'NONE',  ( 6.064215388975132903, 1.924244634020913391, 0.1250000000000000000 ) ) ;
#3143 = AXIS2_PLACEMENT_3D ( 'NONE', #381, #2684, #2762 ) ;
#3144 = ORIENTED_EDGE ( 'NONE', *, *, #3053, .F. ) ;
#3145 = VERTEX_POINT ( 'NONE', #3363 ) ;
#3146 = DIRECTION ( 'NONE',  ( 1.000000000000000000, 0.000000000000000000, 0.000000000000000000 ) ) ;
#3147 = DIRECTION ( 'NONE',  ( -0.5914832590436079895, 0.8063172789114421146, 0.000000000000000000 ) ) ;
#3148 = DIRECTION ( 'NONE',  ( 0.000000000000000000, 0.000000000000000000, 1.000000000000000000 ) ) ;
#3149 = VECTOR ( 'NONE', #276, 100.0000000000000000 ) ;
#3150 = ORIENTED_EDGE ( 'NONE', *, *, #2127, .F. ) ;
#3151 = EDGE_CURVE ( 'NONE', #3392, #1524, #1324, .T. ) ;
#3152 = AXIS2_PLACEMENT_3D ( 'NONE', #5026, #4691, #772 ) ;
#3153 = CARTESIAN_POINT ( 'NONE',  ( 5.130339187986892036, -0.2806547928548400739, 0.1250000000000001110 ) ) ;
#3154 = CYLINDRICAL_SURFACE ( 'NONE', #25, 0.1250000000000000000 ) ;
#3155 = DIRECTION ( 'NONE',  ( 0.6123874982331676264, 0.7905577474212254208, 0.000000000000000000 ) ) ;
#3156 = ORIENTED_EDGE ( 'NONE', *, *, #404, .F. ) ;
#3157 = AXIS2_PLACEMENT_3D ( 'NONE', #1918, #4991, #3485 ) ;
#3158 = EDGE_CURVE ( 'NONE', #3938, #1026, #1983, .T. ) ;
#3159 = DIRECTION ( 'NONE',  ( 1.000000000000000000, 0.000000000000000000, 0.000000000000000000 ) ) ;
#3160 = AXIS2_PLACEMENT_3D ( 'NONE', #5058, #2035, #3594 ) ;
#3161 = DIRECTION ( 'NONE',  ( 1.000000000000000000, 0.000000000000000000, 0.000000000000000000 ) ) ;
#3162 = CARTESIAN_POINT ( 'NONE',  ( -1.166666666667192098, 2.734281673631602239, 0.8750000000000001110 ) ) ;
#3163 = ORIENTED_EDGE ( 'NONE', *, *, #3237, .T. ) ;
#3164 = ORIENTED_EDGE ( 'NONE', *, *, #2255, .F. ) ;
#3165 = AXIS2_PLACEMENT_3D ( 'NONE', #163, #1269, #1698 ) ;
#3166 = EDGE_CURVE ( 'NONE', #1744, #1963, #2718, .T. ) ;
#3167 = CARTESIAN_POINT ( 'NONE',  ( 4.475080157859752994, -0.07821832636864527177, 0.8750000000000001110 ) ) ;
#3168 = EDGE_CURVE ( 'NONE', #810, #2475, #1081, .T. ) ;
#3169 = EDGE_LOOP ( 'NONE', ( #2219, #2697, #2065, #2627 ) ) ;
#3170 = VERTEX_POINT ( 'NONE', #4975 ) ;
#3171 = ADVANCED_FACE ( 'NONE', ( #1108 ), #4023, .T. ) ;
#3172 = CYLINDRICAL_SURFACE ( 'NONE', #334, 0.1249999999999999722 ) ;
#3173 = ORIENTED_EDGE ( 'NONE', *, *, #2834, .F. ) ;
#3174 = CARTESIAN_POINT ( 'NONE',  ( 3.276709006306867344, 0.2342816736313547699, 0.000000000000000000 ) ) ;
#3175 = ORIENTED_EDGE ( 'NONE', *, *, #2868, .T. ) ;
#3176 = DIRECTION ( 'NONE',  ( 1.000000000000000000, 1.156482317317871725E-16, -0.000000000000000000 ) ) ;
#3177 = DIRECTION ( 'NONE',  ( 0.7067032079892093810, 0.7075101241803966046, -4.909337687628002383E-16 ) ) ;
#3178 = ORIENTED_EDGE ( 'NONE', *, *, #4278, .T. ) ;
#3179 = DIRECTION ( 'NONE',  ( 1.000000000000000000, 0.000000000000000000, 0.000000000000000000 ) ) ;
#3180 = CARTESIAN_POINT ( 'NONE',  ( 3.022692374939959237, -3.305733548599004479, 0.1249999999999999445 ) ) ;
#3181 = DIRECTION ( 'NONE',  ( -0.7067032079889030705, 0.7075101241807026931, 0.000000000000000000 ) ) ;
#3182 = LINE ( 'NONE', #488, #990 ) ;
#3183 = ORIENTED_EDGE ( 'NONE', *, *, #4226, .T. ) ;
#3184 = ORIENTED_EDGE ( 'NONE', *, *, #473, .T. ) ;
#3185 = DIRECTION ( 'NONE',  ( 0.000000000000000000, 0.000000000000000000, 1.000000000000000000 ) ) ;
#3186 = CYLINDRICAL_SURFACE ( 'NONE', #2481, 0.1250000000000003331 ) ;
#3187 = ORIENTED_EDGE ( 'NONE', *, *, #315, .F. ) ;
#3188 = ORIENTED_EDGE ( 'NONE', *, *, #4981, .F. ) ;
#3189 = FACE_OUTER_BOUND ( 'NONE', #1119, .T. ) ;
#3190 = EDGE_CURVE ( 'NONE', #1524, #3392, #1737, .T. ) ;
#3191 = ORIENTED_EDGE ( 'NONE', *, *, #4862, .F. ) ;
#3192 = DIRECTION ( 'NONE',  ( -0.000000000000000000, 0.000000000000000000, 1.000000000000000000 ) ) ;
#3193 = AXIS2_PLACEMENT_3D ( 'NONE', #4638, #1068, #3487 ) ;
#3194 = CARTESIAN_POINT ( 'NONE',  ( 3.389957660358748459, 0.2342816736313546866, 0.1250000000000000000 ) ) ;
#3195 = DIRECTION ( 'NONE',  ( 0.4999999999999975575, 0.8660254037844400399, -0.000000000000000000 ) ) ;
#3196 = FACE_OUTER_BOUND ( 'NONE', #1237, .T. ) ;
#3197 = DIRECTION ( 'NONE',  ( 0.000000000000000000, 0.000000000000000000, 1.000000000000000000 ) ) ;
#3198 = TOROIDAL_SURFACE ( 'NONE', #747, 0.8750000000000001110, 0.1250000000000000000 ) ;
#3199 = CARTESIAN_POINT ( 'NONE',  ( 7.045109403348477350, -0.3565432368572524768, 0.8750000000000001110 ) ) ;
#3200 = EDGE_CURVE ( 'NONE', #2934, #1165, #4190, .T. ) ;
#3201 = LINE ( 'NONE', #2124, #3126 ) ;
#3202 = VECTOR ( 'NONE', #1136, 100.0000000000000000 ) ;
#3203 = DIRECTION ( 'NONE',  ( 1.000000000000000000, 0.000000000000000000, 0.000000000000000000 ) ) ;
#3204 = ORIENTED_EDGE ( 'NONE', *, *, #4067, .T. ) ;
#3205 = AXIS2_PLACEMENT_3D ( 'NONE', #3084, #3569, #3161 ) ;
#3206 = ORIENTED_EDGE ( 'NONE', *, *, #4009, .F. ) ;
#3207 = AXIS2_PLACEMENT_3D ( 'NONE', #2415, #1762, #410 ) ;
#3208 = VECTOR ( 'NONE', #2712, 100.0000000000000000 ) ;
#3209 = CARTESIAN_POINT ( 'NONE',  ( 1.737906798406520625, -0.1327839780938539771, 0.1250000000000000000 ) ) ;
#3210 = DIRECTION ( 'NONE',  ( -0.7905577474212270861, 0.6123874982331656280, 0.000000000000000000 ) ) ;
#3211 = CARTESIAN_POINT ( 'NONE',  ( 0.3333333333328081238, 1.359281673631354881, -3.037681718995442814 ) ) ;
#3212 = AXIS2_PLACEMENT_3D ( 'NONE', #1514, #3491, #2314 ) ;
#3213 = CIRCLE ( 'NONE', #4440, 0.1250000000000000000 ) ;
#3214 = ORIENTED_EDGE ( 'NONE', *, *, #2401, .F. ) ;
#3215 = VECTOR ( 'NONE', #3197, 100.0000000000000000 ) ;
#3216 = ORIENTED_EDGE ( 'NONE', *, *, #1434, .F. ) ;
#3217 = CIRCLE ( 'NONE', #4609, 0.3750000000000003331 ) ;
#3218 = CIRCLE ( 'NONE', #3143, 0.1249999999999999722 ) ;
#3219 = DIRECTION ( 'NONE',  ( 1.224646799147353207E-16, 1.000000000000000000, 0.000000000000000000 ) ) ;
#3220 = EDGE_LOOP ( 'NONE', ( #1259, #4798, #3065, #2622 ) ) ;
#3221 = DIRECTION ( 'NONE',  ( 1.000000000000000000, 0.000000000000000000, 0.000000000000000000 ) ) ;
#3222 = AXIS2_PLACEMENT_3D ( 'NONE', #326, #736, #1887 ) ;
#3223 = EDGE_CURVE ( 'NONE', #3074, #3343, #3865, .T. ) ;
#3224 = EDGE_CURVE ( 'NONE', #2583, #3899, #1819, .T. ) ;
#3225 = VECTOR ( 'NONE', #645, 100.0000000000000000 ) ;
#3226 = FACE_OUTER_BOUND ( 'NONE', #649, .T. ) ;
#3227 = DIRECTION ( 'NONE',  ( 1.000000000000000000, 0.000000000000000000, 0.000000000000000000 ) ) ;
#3228 = DIRECTION ( 'NONE',  ( -0.000000000000000000, 0.000000000000000000, 1.000000000000000000 ) ) ;
#3229 = CIRCLE ( 'NONE', #5030, 1.125000000000000000 ) ;
#3230 = EDGE_CURVE ( 'NONE', #3145, #4928, #1571, .T. ) ;
#3231 = CARTESIAN_POINT ( 'NONE',  ( -0.5741009829315166790, -0.1039594678139655060, 0.000000000000000000 ) ) ;
#3232 = CARTESIAN_POINT ( 'NONE',  ( 6.458333333332806347, 1.934843059629777207, 0.1250000000000000000 ) ) ;
#3233 = DIRECTION ( 'NONE',  ( -0.000000000000000000, 0.000000000000000000, 1.000000000000000000 ) ) ;
#3234 = VERTEX_POINT ( 'NONE', #2693 ) ;
#3235 = AXIS2_PLACEMENT_3D ( 'NONE', #4307, #3119, #2305 ) ;
#3236 = ORIENTED_EDGE ( 'NONE', *, *, #446, .T. ) ;
#3237 = EDGE_CURVE ( 'NONE', #3449, #4714, #1463, .T. ) ;
#3238 = AXIS2_PLACEMENT_3D ( 'NONE', #2195, #2249, #1085 ) ;
#3239 = CARTESIAN_POINT ( 'NONE',  ( 1.092365953485158414, 1.642674822278670455, 0.8750000000000001110 ) ) ;
#3240 = CARTESIAN_POINT ( 'NONE',  ( -1.484166666667689816, 2.109281673631104415, 0.1249999999999999445 ) ) ;
#3241 = DIRECTION ( 'NONE',  ( -0.000000000000000000, 0.000000000000000000, 1.000000000000000000 ) ) ;
#3242 = VERTEX_POINT ( 'NONE', #1875 ) ;
#3243 = AXIS2_PLACEMENT_3D ( 'NONE', #372, #2131, #4053 ) ;
#3244 = ORIENTED_EDGE ( 'NONE', *, *, #4148, .T. ) ;
#3245 = CARTESIAN_POINT ( 'NONE',  ( 4.645698912315332052, -0.09968527303524156447, 0.1250000000000000000 ) ) ;
#3246 = ORIENTED_EDGE ( 'NONE', *, *, #297, .F. ) ;
#3247 = DIRECTION ( 'NONE',  ( 0.6748065803555636233, 0.7379946335230563870, 0.000000000000000000 ) ) ;
#3248 = DIRECTION ( 'NONE',  ( 0.9988920609427145436, 0.04706007422026210751, -0.000000000000000000 ) ) ;
#3249 = DIRECTION ( 'NONE',  ( -1.000000000000000000, 0.000000000000000000, 0.000000000000000000 ) ) ;
#3250 = DIRECTION ( 'NONE',  ( 0.000000000000000000, 0.000000000000000000, -1.000000000000000000 ) ) ;
#3251 = CARTESIAN_POINT ( 'NONE',  ( -3.162148406120687760E-16, 2.734281673631104415, 0.8750000000000001110 ) ) ;
#3252 = DIRECTION ( 'NONE',  ( 1.000000000000000000, 0.000000000000000000, 0.000000000000000000 ) ) ;
#3253 = DIRECTION ( 'NONE',  ( -0.000000000000000000, 0.000000000000000000, 1.000000000000000000 ) ) ;
#3254 = ORIENTED_EDGE ( 'NONE', *, *, #323, .T. ) ;
#3255 = EDGE_CURVE ( 'NONE', #3360, #2758, #2964, .T. ) ;
#3256 = EDGE_LOOP ( 'NONE', ( #4741, #4520, #2714, #2977 ) ) ;
#3257 = CARTESIAN_POINT ( 'NONE',  ( 1.850138181796543213, 2.080174822278668678, 0.000000000000000000 ) ) ;
#3258 = CYLINDRICAL_SURFACE ( 'NONE', #3823, 0.1250000000000001110 ) ;
#3259 = CARTESIAN_POINT ( 'NONE',  ( 7.625795835263509126, 0.9032462515051189467, 0.8750000000000001110 ) ) ;
#3260 = ORIENTED_EDGE ( 'NONE', *, *, #2701, .T. ) ;
#3261 = EDGE_LOOP ( 'NONE', ( #2199, #4869, #2007, #1312, #2811, #1188, #3285, #4239, #3532, #4153, #1196, #159, #1304, #1528, #4007, #3943, #3987, #2953, #2886, #2021, #4627, #1216, #1954, #1782, #3777, #732, #4259, #1609, #3988, #2357, #1511 ) ) ;
#3262 = DIRECTION ( 'NONE',  ( -0.000000000000000000, -0.000000000000000000, -1.000000000000000000 ) ) ;
#3263 = ADVANCED_FACE ( 'NONE', ( #4618 ), #4664, .T. ) ;
#3264 = ORIENTED_EDGE ( 'NONE', *, *, #3223, .T. ) ;
#3265 = CARTESIAN_POINT ( 'NONE',  ( 1.947845285395338299, -0.2763610750324688170, 0.000000000000000000 ) ) ;
#3266 = ORIENTED_EDGE ( 'NONE', *, *, #1222, .F. ) ;
#3267 = FACE_OUTER_BOUND ( 'NONE', #3504, .T. ) ;
#3268 = DIRECTION ( 'NONE',  ( 0.000000000000000000, 1.000000000000000000, -0.000000000000000000 ) ) ;
#3269 = EDGE_LOOP ( 'NONE', ( #757, #386, #2339, #3346 ) ) ;
#3270 = DIRECTION ( 'NONE',  ( -0.6748065803555636233, 0.7379946335230563870, 0.000000000000000000 ) ) ;
#3271 = CARTESIAN_POINT ( 'NONE',  ( 1.770967754350238899, -0.09968527303516640237, 0.8750000000000001110 ) ) ;
#3272 = DIRECTION ( 'NONE',  ( 0.000000000000000000, -1.000000000000000000, 0.000000000000000000 ) ) ;
#3273 = ORIENTED_EDGE ( 'NONE', *, *, #3166, .T. ) ;
#3274 = ORIENTED_EDGE ( 'NONE', *, *, #58, .F. ) ;
#3275 = EDGE_CURVE ( 'NONE', #4812, #4022, #3028, .T. ) ;
#3276 = CIRCLE ( 'NONE', #1071, 0.4425000000004980505 ) ;
#3277 = ADVANCED_FACE ( 'NONE', ( #4254 ), #365, .T. ) ;
#3278 = DIRECTION ( 'NONE',  ( -0.6748065803555627351, -0.7379946335230571641, 0.000000000000000000 ) ) ;
#3279 = CARTESIAN_POINT ( 'NONE',  ( 2.241095819063943839, -0.6679479382914945695, 0.000000000000000000 ) ) ;
#3280 = AXIS2_PLACEMENT_3D ( 'NONE', #2848, #157, #4068 ) ;
#3281 = CYLINDRICAL_SURFACE ( 'NONE', #2890, 0.1250000000000000000 ) ;
#3282 = VERTEX_POINT ( 'NONE', #2241 ) ;
#3283 = VECTOR ( 'NONE', #3195, 100.0000000000000000 ) ;
#3284 = CIRCLE ( 'NONE', #103, 0.1250000000000000000 ) ;
#3285 = ORIENTED_EDGE ( 'NONE', *, *, #482, .T. ) ;
#3286 = TOROIDAL_SURFACE ( 'NONE', #3125, 0.4425000000004978840, 0.1250000000000000000 ) ;
#3287 = PRESENTATION_LAYER_ASSIGNMENT (  '', '', ( #1980 ) ) ;
#3288 = DIRECTION ( 'NONE',  ( 0.5286605404450586132, 0.8488333363955133937, 0.000000000000000000 ) ) ;
#3289 = CIRCLE ( 'NONE', #4108, 0.2500000000000002220 ) ;
#3290 = CYLINDRICAL_SURFACE ( 'NONE', #1241, 0.2500000000000000000 ) ;
#3291 = CIRCLE ( 'NONE', #1414, 0.1249999999999999584 ) ;
#3292 = VERTEX_POINT ( 'NONE', #5052 ) ;
#3293 = CIRCLE ( 'NONE', #1987, 0.1249999999999997918 ) ;
#3294 = DIRECTION ( 'NONE',  ( -0.7379946335230570531, -0.6748065803555628461, 0.000000000000000000 ) ) ;
#3295 = ORIENTED_EDGE ( 'NONE', *, *, #2820, .T. ) ;
#3296 = CIRCLE ( 'NONE', #4285, 0.2500000000000000555 ) ;
#3297 = ADVANCED_FACE ( 'NONE', ( #1557 ), #1406, .T. ) ;
#3298 = AXIS2_PLACEMENT_3D ( 'NONE', #3608, #154, #4459 ) ;
#3299 = DIRECTION ( 'NONE',  ( 0.8660254037844407060, -0.4999999999999964473, 0.000000000000000000 ) ) ;
#3300 = FACE_OUTER_BOUND ( 'NONE', #3256, .T. ) ;
#3301 = TOROIDAL_SURFACE ( 'NONE', #1093, 0.8750000000000001110, 0.1250000000000000000 ) ;
#3302 = CARTESIAN_POINT ( 'NONE',  ( 0.01306709766735258266, 0.01429068452347727336, 0.8750000000000001110 ) ) ;
#3303 = EDGE_CURVE ( 'NONE', #4465, #925, #2311, .T. ) ;
#3304 = TOROIDAL_SURFACE ( 'NONE', #4293, 0.8750000000000001110, 0.1250000000000000000 ) ;
#3305 = LINE ( 'NONE', #4121, #1846 ) ;
#3306 = LINE ( 'NONE', #1692, #4277 ) ;
#3307 = DIRECTION ( 'NONE',  ( 1.000000000000000000, 0.000000000000000000, 0.000000000000000000 ) ) ;
#3308 = VERTEX_POINT ( 'NONE', #3806 ) ;
#3309 = ORIENTED_EDGE ( 'NONE', *, *, #3318, .T. ) ;
#3310 = CIRCLE ( 'NONE', #2989, 0.9999999999999995559 ) ;
#3311 = EDGE_CURVE ( 'NONE', #2489, #2041, #4763, .T. ) ;
#3312 = LINE ( 'NONE', #1674, #4377 ) ;
#3313 = FACE_OUTER_BOUND ( 'NONE', #4501, .T. ) ;
#3314 = AXIS2_PLACEMENT_3D ( 'NONE', #2153, #4562, #2123 ) ;
#3315 = CARTESIAN_POINT ( 'NONE',  ( 2.095727280769403844, 0.08781472696483275109, 0.1250000000000000000 ) ) ;
#3316 = DIRECTION ( 'NONE',  ( 1.000000000000000000, 0.000000000000000000, 0.000000000000000000 ) ) ;
#3317 = ORIENTED_EDGE ( 'NONE', *, *, #2364, .F. ) ;
#3318 = EDGE_CURVE ( 'NONE', #3907, #2440, #960, .T. ) ;
#3319 = ORIENTED_EDGE ( 'NONE', *, *, #2866, .F. ) ;
#3320 = VECTOR ( 'NONE', #1369, 99.99999999999998579 ) ;
#3321 = CARTESIAN_POINT ( 'NONE',  ( 6.083333333332806347, 1.441144819429314827, 0.000000000000000000 ) ) ;
#3322 = DIRECTION ( 'NONE',  ( 1.000000000000000000, 0.000000000000000000, 0.000000000000000000 ) ) ;
#3323 = AXIS2_PLACEMENT_3D ( 'NONE', #4074, #2854, #2832 ) ;
#3324 = ORIENTED_EDGE ( 'NONE', *, *, #3989, .T. ) ;
#3325 = CARTESIAN_POINT ( 'NONE',  ( 1.505016162775642208, 2.416499422677810038, 0.1250000000000000000 ) ) ;
#3326 = ORIENTED_EDGE ( 'NONE', *, *, #155, .T. ) ;
#3327 = ADVANCED_FACE ( 'NONE', ( #2120 ), #1352, .T. ) ;
#3328 = ORIENTED_EDGE ( 'NONE', *, *, #4802, .F. ) ;
#3329 = DIRECTION ( 'NONE',  ( -0.4848507739774323699, 0.8745968939880159887, 0.000000000000000000 ) ) ;
#3330 = DIRECTION ( 'NONE',  ( 1.224646799147353207E-16, 1.000000000000000000, 0.000000000000000000 ) ) ;
#3331 = CARTESIAN_POINT ( 'NONE',  ( 6.333333333332806347, 1.934843059629777207, 0.1250000000000000000 ) ) ;
#3332 = AXIS2_PLACEMENT_3D ( 'NONE', #554, #506, #1709 ) ;
#3333 = DIRECTION ( 'NONE',  ( 1.000000000000000000, 0.000000000000000000, 0.000000000000000000 ) ) ;
#3334 = CARTESIAN_POINT ( 'NONE',  ( 3.276709006306867344, 0.3592816736313547143, 0.8750000000000001110 ) ) ;
#3335 = ADVANCED_FACE ( 'NONE', ( #4364 ), #2770, .F. ) ;
#3336 = EDGE_LOOP ( 'NONE', ( #3273, #194, #3859, #2796 ) ) ;
#3337 = ORIENTED_EDGE ( 'NONE', *, *, #4981, .T. ) ;
#3338 = DIRECTION ( 'NONE',  ( 0.8488333363958264766, 0.5286605404445556822, 0.000000000000000000 ) ) ;
#3339 = DIRECTION ( 'NONE',  ( 1.000000000000000000, 0.000000000000000000, 0.000000000000000000 ) ) ;
#3340 = CARTESIAN_POINT ( 'NONE',  ( 0.3371613644508809071, -1.280347801564878818, 0.8750000000000001110 ) ) ;
#3341 = DIRECTION ( 'NONE',  ( 0.000000000000000000, 0.000000000000000000, 1.000000000000000000 ) ) ;
#3342 = VERTEX_POINT ( 'NONE', #848 ) ;
#3343 = VERTEX_POINT ( 'NONE', #174 ) ;
#3344 = DIRECTION ( 'NONE',  ( 0.000000000000000000, -0.000000000000000000, -1.000000000000000000 ) ) ;
#3345 = CARTESIAN_POINT ( 'NONE',  ( 5.440127836365854286, -0.5914118660525647941, 0.000000000000000000 ) ) ;
#3346 = ORIENTED_EDGE ( 'NONE', *, *, #3885, .F. ) ;
#3347 = DIRECTION ( 'NONE',  ( 0.8488333363955126165, -0.5286605404450595014, 0.000000000000000000 ) ) ;
#3348 = ORIENTED_EDGE ( 'NONE', *, *, #3573, .F. ) ;
#3349 = ORIENTED_EDGE ( 'NONE', *, *, #4606, .F. ) ;
#3350 = EDGE_CURVE ( 'NONE', #3170, #3776, #4839, .T. ) ;
#3351 = EDGE_CURVE ( 'NONE', #3234, #2774, #3618, .T. ) ;
#3352 = CARTESIAN_POINT ( 'NONE',  ( 1.536327478678660041, -0.2806547928547558080, -3.037681718995442814 ) ) ;
#3353 = FACE_OUTER_BOUND ( 'NONE', #4057, .T. ) ;
#3354 = DIRECTION ( 'NONE',  ( 0.000000000000000000, -0.000000000000000000, -1.000000000000000000 ) ) ;
#3355 = ADVANCED_FACE ( 'NONE', ( #3267 ), #1972, .T. ) ;
#3356 = CARTESIAN_POINT ( 'NONE',  ( 2.241095819063943839, -0.6679479382914945695, 1.000000000000000000 ) ) ;
#3357 = PLANE ( 'NONE',  #1078 ) ;
#3358 = CARTESIAN_POINT ( 'NONE',  ( 5.574300713180298850, 1.642674822278397784, 0.1250000000000000000 ) ) ;
#3359 = ORIENTED_EDGE ( 'NONE', *, *, #4052, .F. ) ;
#3360 = VERTEX_POINT ( 'NONE', #4826 ) ;
#3361 = ADVANCED_FACE ( 'NONE', ( #4334 ), #1231, .F. ) ;
#3362 = CARTESIAN_POINT ( 'NONE',  ( -0.8491666666666939367, 2.109281673631104415, 0.1249999999999999445 ) ) ;
#3363 = CARTESIAN_POINT ( 'NONE',  ( 5.258542171494885231, -0.9358728784736005668, 1.000000000000000000 ) ) ;
#3364 = CARTESIAN_POINT ( 'NONE',  ( 3.276709006306867344, 0.8592816736313547699, 0.8750000000000001110 ) ) ;
#3365 = DIRECTION ( 'NONE',  ( 0.4999999999999975575, -0.8660254037844400399, -0.000000000000000000 ) ) ;
#3366 = AXIS2_PLACEMENT_3D ( 'NONE', #1615, #2074, #1280 ) ;
#3367 = EDGE_LOOP ( 'NONE', ( #4020, #2768, #3031, #1627 ) ) ;
#3368 = ORIENTED_EDGE ( 'NONE', *, *, #1866, .T. ) ;
#3369 = ADVANCED_FACE ( 'NONE', ( #4313 ), #2792, .T. ) ;
#3370 = FACE_OUTER_BOUND ( 'NONE', #2116, .T. ) ;
#3371 = CARTESIAN_POINT ( 'NONE',  ( 1.127719111872107050, -0.6679603033317118577, 0.1250000000000000000 ) ) ;
#3372 = VERTEX_POINT ( 'NONE', #467 ) ;
#3373 = AXIS2_PLACEMENT_3D ( 'NONE', #3891, #3821, #4706 ) ;
#3374 = DIRECTION ( 'NONE',  ( -0.6748065803555621800, -0.7379946335230577192, 0.000000000000000000 ) ) ;
#3375 = ORIENTED_EDGE ( 'NONE', *, *, #3542, .F. ) ;
#3376 = CIRCLE ( 'NONE', #672, 0.1250000000000002498 ) ;
#3377 = ORIENTED_EDGE ( 'NONE', *, *, #3960, .F. ) ;
#3378 = AXIS2_PLACEMENT_3D ( 'NONE', #4545, #1076, #293 ) ;
#3379 = CIRCLE ( 'NONE', #4104, 0.4425000000004980505 ) ;
#3380 = VECTOR ( 'NONE', #2668, 100.0000000000000000 ) ;
#3381 = DIRECTION ( 'NONE',  ( 0.000000000000000000, 0.000000000000000000, -1.000000000000000000 ) ) ;
#3382 = FACE_OUTER_BOUND ( 'NONE', #2207, .T. ) ;
#3383 = DIRECTION ( 'NONE',  ( -0.000000000000000000, 0.000000000000000000, 1.000000000000000000 ) ) ;
#3384 = AXIS2_PLACEMENT_3D ( 'NONE', #3730, #3753, #2655 ) ;
#3385 = EDGE_CURVE ( 'NONE', #1215, #429, #590, .T. ) ;
#3386 = AXIS2_PLACEMENT_3D ( 'NONE', #231, #208, #3738 ) ;
#3387 = CIRCLE ( 'NONE', #3468, 0.1250000000000000278 ) ;
#3388 = DIRECTION ( 'NONE',  ( 0.000000000000000000, -0.000000000000000000, -1.000000000000000000 ) ) ;
#3389 = EDGE_CURVE ( 'NONE', #4418, #3615, #759, .T. ) ;
#3390 = CARTESIAN_POINT ( 'NONE',  ( 2.698333333332841200, -1.666666666666644092, 0.8750000000000001110 ) ) ;
#3391 = CARTESIAN_POINT ( 'NONE',  ( 0.2164567644897085474, 0.5084280304192022593, 0.8750000000000001110 ) ) ;
#3392 = VERTEX_POINT ( 'NONE', #33 ) ;
#3393 = ADVANCED_FACE ( 'NONE', ( #4086, #4456, #442, #3538, #3653, #936 ), #1708, .F. ) ;
#3394 = CARTESIAN_POINT ( 'NONE',  ( 0.3333333333328081238, 1.934843059629778539, 1.000000000000000000 ) ) ;
#3395 = LINE ( 'NONE', #3439, #3787 ) ;
#3396 = CARTESIAN_POINT ( 'NONE',  ( 0.6024512776904850098, 1.924244634020912725, 0.8750000000000001110 ) ) ;
#3397 = AXIS2_PLACEMENT_3D ( 'NONE', #3239, #84, #1645 ) ;
#3398 = ORIENTED_EDGE ( 'NONE', *, *, #3010, .T. ) ;
#3399 = ORIENTED_EDGE ( 'NONE', *, *, #3679, .T. ) ;
#3400 = AXIS2_PLACEMENT_3D ( 'NONE', #3566, #59, #1283 ) ;
#3401 = CARTESIAN_POINT ( 'NONE',  ( -1.166666666667191876, 2.109281673631104415, 1.000000000000000000 ) ) ;
#3402 = CARTESIAN_POINT ( 'NONE',  ( 3.389957660358748459, 0.8592816736313547699, 0.8750000000000001110 ) ) ;
#3403 = VERTEX_POINT ( 'NONE', #577 ) ;
#3404 = CARTESIAN_POINT ( 'NONE',  ( 1.554943926374584118, 2.385403991624745146, 0.1250000000000000000 ) ) ;
#3405 = EDGE_LOOP ( 'NONE', ( #2780, #1038, #3668, #5007, #1272 ) ) ;
#3406 = AXIS2_PLACEMENT_3D ( 'NONE', #600, #4058, #2114 ) ;
#3407 = AXIS2_PLACEMENT_3D ( 'NONE', #4650, #1622, #2012 ) ;
#3408 = DIRECTION ( 'NONE',  ( 1.000000000000000000, 0.000000000000000000, 0.000000000000000000 ) ) ;
#3409 = DIRECTION ( 'NONE',  ( 1.000000000000000000, 0.000000000000000000, 0.000000000000000000 ) ) ;
#3410 = DIRECTION ( 'NONE',  ( -0.6748065803555636233, 0.7379946335230563870, 0.000000000000000000 ) ) ;
#3411 = EDGE_CURVE ( 'NONE', #298, #1382, #3707, .T. ) ;
#3412 = AXIS2_PLACEMENT_3D ( 'NONE', #492, #3622, #116 ) ;
#3413 = CARTESIAN_POINT ( 'NONE',  ( 0.5833333333328081238, 1.441144819429315049, 0.8750000000000001110 ) ) ;
#3414 = DIRECTION ( 'NONE',  ( 1.000000000000000000, 0.000000000000000000, 0.000000000000000000 ) ) ;
#3415 = DIRECTION ( 'NONE',  ( 0.000000000000000000, 0.000000000000000000, 1.000000000000000000 ) ) ;
#3416 = ORIENTED_EDGE ( 'NONE', *, *, #3275, .T. ) ;
#3417 = CARTESIAN_POINT ( 'NONE',  ( 2.573333333332841200, -1.666666666666644092, 1.000000000000000000 ) ) ;
#3418 = DIRECTION ( 'NONE',  ( 1.000000000000000000, 0.000000000000000000, 0.000000000000000000 ) ) ;
#3419 = EDGE_CURVE ( 'NONE', #1873, #770, #1617, .T. ) ;
#3420 = DIRECTION ( 'NONE',  ( -0.000000000000000000, 0.000000000000000000, 1.000000000000000000 ) ) ;
#3421 = FACE_OUTER_BOUND ( 'NONE', #605, .T. ) ;
#3422 = EDGE_LOOP ( 'NONE', ( #3498, #1053, #2657, #2592 ) ) ;
#3423 = ORIENTED_EDGE ( 'NONE', *, *, #1788, .T. ) ;
#3424 = CARTESIAN_POINT ( 'NONE',  ( 5.045640172735742723, 2.491508158674224482, 0.1250000000000000000 ) ) ;
#3425 = DIRECTION ( 'NONE',  ( 1.000000000000000000, 0.000000000000000000, 0.000000000000000000 ) ) ;
#3426 = ORIENTED_EDGE ( 'NONE', *, *, #1327, .F. ) ;
#3427 = ORIENTED_EDGE ( 'NONE', *, *, #2535, .T. ) ;
#3428 = ORIENTED_EDGE ( 'NONE', *, *, #4171, .T. ) ;
#3429 = EDGE_CURVE ( 'NONE', #1722, #1707, #1096, .T. ) ;
#3430 = DIRECTION ( 'NONE',  ( 0.7379946335230571641, -0.6748065803555627351, -0.000000000000000000 ) ) ;
#3431 = DIRECTION ( 'NONE',  ( 0.005576818642918925442, 0.9999844494260018424, 0.000000000000000000 ) ) ;
#3432 = CARTESIAN_POINT ( 'NONE',  ( -1.166666666667191876, 2.109281673631104415, 0.1249999999999999445 ) ) ;
#3433 = DIRECTION ( 'NONE',  ( 1.000000000000000000, 1.156482317317871725E-16, 0.000000000000000000 ) ) ;
#3434 = CARTESIAN_POINT ( 'NONE',  ( 7.833333333332806347, 2.109281673631105303, 0.1249999999999999445 ) ) ;
#3435 = CYLINDRICAL_SURFACE ( 'NONE', #173, 1.000000000000000000 ) ;
#3436 = VERTEX_POINT ( 'NONE', #3792 ) ;
#3437 = CARTESIAN_POINT ( 'NONE',  ( 4.663443571691268552, -0.3977976810897764226, 1.000000000000000000 ) ) ;
#3438 = DIRECTION ( 'NONE',  ( 0.8745968939880172099, -0.4848507739774302050, 0.000000000000000000 ) ) ;
#3439 = CARTESIAN_POINT ( 'NONE',  ( 1.566289238708380660, -1.405942571814551956, 0.000000000000000000 ) ) ;
#3440 = CARTESIAN_POINT ( 'NONE',  ( 0.7445754485141860002, 1.859281673631104415, 0.8750000000000001110 ) ) ;
#3441 = ORIENTED_EDGE ( 'NONE', *, *, #655, .F. ) ;
#3442 = EDGE_LOOP ( 'NONE', ( #624, #3150, #704, #4688 ) ) ;
#3443 = EDGE_CURVE ( 'NONE', #3776, #2758, #4931, .T. ) ;
#3444 = EDGE_CURVE ( 'NONE', #1175, #1721, #2223, .T. ) ;
#3445 = CIRCLE ( 'NONE', #2383, 0.8750000000000001110 ) ;
#3446 = DIRECTION ( 'NONE',  ( 0.000000000000000000, -0.000000000000000000, 1.000000000000000000 ) ) ;
#3447 = CYLINDRICAL_SURFACE ( 'NONE', #591, 1.000000000000000222 ) ;
#3448 = ORIENTED_EDGE ( 'NONE', *, *, #4127, .T. ) ;
#3449 = VERTEX_POINT ( 'NONE', #635 ) ;
#3450 = EDGE_CURVE ( 'NONE', #2489, #452, #1842, .T. ) ;
#3451 = CIRCLE ( 'NONE', #2710, 0.7500000000004989342 ) ;
#3452 = DIRECTION ( 'NONE',  ( 0.000000000000000000, -0.000000000000000000, -1.000000000000000000 ) ) ;
#3453 = DIRECTION ( 'NONE',  ( -0.7379946335230570531, -0.6748065803555628461, -0.000000000000000000 ) ) ;
#3454 = AXIS2_PLACEMENT_3D ( 'NONE', #3271, #2823, #180 ) ;
#3455 = CARTESIAN_POINT ( 'NONE',  ( -1.166666666667191876, 2.109281673631104415, 0.000000000000000000 ) ) ;
#3456 = ADVANCED_FACE ( 'NONE', ( #3736 ), #4987, .F. ) ;
#3457 = EDGE_LOOP ( 'NONE', ( #765, #3852, #4412, #3398 ) ) ;
#3458 = VECTOR ( 'NONE', #1785, 100.0000000000000000 ) ;
#3459 = VECTOR ( 'NONE', #1871, 100.0000000000000000 ) ;
#3460 = CIRCLE ( 'NONE', #513, 0.1250000000000000555 ) ;
#3461 = DIRECTION ( 'NONE',  ( 1.000000000000000000, -1.040834085586084651E-15, 0.000000000000000000 ) ) ;
#3462 = DIRECTION ( 'NONE',  ( 0.4999999999999986122, -0.8660254037844395958, 0.000000000000000000 ) ) ;
#3463 = AXIS2_PLACEMENT_3D ( 'NONE', #3976, #816, #2919 ) ;
#3464 = CARTESIAN_POINT ( 'NONE',  ( 1.127719111872106383, -0.6679603033317109695, 0.8750000000000001110 ) ) ;
#3465 = CIRCLE ( 'NONE', #1660, 0.8750000000000001110 ) ;
#3466 = ORIENTED_EDGE ( 'NONE', *, *, #3151, .F. ) ;
#3467 = ADVANCED_FACE ( 'NONE', ( #2607 ), #3198, .T. ) ;
#3468 = AXIS2_PLACEMENT_3D ( 'NONE', #1774, #296, #3341 ) ;
#3469 = CARTESIAN_POINT ( 'NONE',  ( 3.333333333332808568, -1.666666666666644092, 0.1249999999999999445 ) ) ;
#3470 = DIRECTION ( 'NONE',  ( 0.4999999999999982236, 0.8660254037844395958, -0.000000000000000000 ) ) ;
#3471 = CYLINDRICAL_SURFACE ( 'NONE', #3692, 0.2500000000000000555 ) ;
#3472 = FACE_OUTER_BOUND ( 'NONE', #958, .T. ) ;
#3473 = ORIENTED_EDGE ( 'NONE', *, *, #4606, .T. ) ;
#3474 = ORIENTED_EDGE ( 'NONE', *, *, #2200, .T. ) ;
#3475 = AXIS2_PLACEMENT_3D ( 'NONE', #3785, #4906, #631 ) ;
#3476 = DIRECTION ( 'NONE',  ( -0.5286605404445555711, 0.8488333363958264766, 0.000000000000000000 ) ) ;
#3477 = CARTESIAN_POINT ( 'NONE',  ( 5.739455862555968402, 2.111744634020912947, 1.000000000000000000 ) ) ;
#3478 = VERTEX_POINT ( 'NONE', #2660 ) ;
#3479 = ORIENTED_EDGE ( 'NONE', *, *, #582, .T. ) ;
#3480 = DIRECTION ( 'NONE',  ( 0.000000000000000000, 0.000000000000000000, 1.000000000000000000 ) ) ;
#3481 = EDGE_CURVE ( 'NONE', #902, #4723, #3040, .T. ) ;
#3482 = CARTESIAN_POINT ( 'NONE',  ( 0.3152764829173616001, 0.5849764676983481015, 0.000000000000000000 ) ) ;
#3483 = DIRECTION ( 'NONE',  ( 0.000000000000000000, -0.000000000000000000, -1.000000000000000000 ) ) ;
#3484 = EDGE_LOOP ( 'NONE', ( #2096, #3961, #1901, #213 ) ) ;
#3485 = DIRECTION ( 'NONE',  ( 1.000000000000000000, 0.000000000000000000, 0.000000000000000000 ) ) ;
#3486 = CARTESIAN_POINT ( 'NONE',  ( 4.928759868259032118, -0.1327839780939381598, 0.8750000000000001110 ) ) ;
#3487 = DIRECTION ( 'NONE',  ( 1.000000000000000000, 0.000000000000000000, 0.000000000000000000 ) ) ;
#3488 = ORIENTED_EDGE ( 'NONE', *, *, #1910, .F. ) ;
#3489 = CIRCLE ( 'NONE', #1114, 0.1250000000000001110 ) ;
#3490 = PLANE ( 'NONE',  #2168 ) ;
#3491 = DIRECTION ( 'NONE',  ( 0.8745968939880172099, 0.4848507739774302050, -0.000000000000000000 ) ) ;
#3492 = DIRECTION ( 'NONE',  ( 1.000000000000000000, -1.784287003861858500E-15, 0.000000000000000000 ) ) ;
#3493 = CARTESIAN_POINT ( 'NONE',  ( 1.435537818814729638, -0.3545902002352068205, 0.000000000000000000 ) ) ;
#3494 = EDGE_LOOP ( 'NONE', ( #4273, #4577, #3592, #2447 ) ) ;
#3495 = EDGE_LOOP ( 'NONE', ( #5024, #3423, #1751, #3651 ) ) ;
#3496 = DIRECTION ( 'NONE',  ( 1.000000000000000000, 0.000000000000000000, 0.000000000000000000 ) ) ;
#3497 = LINE ( 'NONE', #5059, #4528 ) ;
#3498 = ORIENTED_EDGE ( 'NONE', *, *, #4009, .T. ) ;
#3499 = ORIENTED_EDGE ( 'NONE', *, *, #3999, .F. ) ;
#3500 = CARTESIAN_POINT ( 'NONE',  ( 0.9272108041096500664, 2.111744634020912059, 0.8750000000000001110 ) ) ;
#3501 = EDGE_CURVE ( 'NONE', #827, #2439, #2874, .T. ) ;
#3502 = FACE_OUTER_BOUND ( 'NONE', #4483, .T. ) ;
#3503 = FACE_OUTER_BOUND ( 'NONE', #2246, .T. ) ;
#3504 = EDGE_LOOP ( 'NONE', ( #3295, #5065, #3662, #4728 ) ) ;
#3505 = EDGE_CURVE ( 'NONE', #1472, #4934, #826, .T. ) ;
#3506 = EDGE_CURVE ( 'NONE', #1759, #2439, #4829, .T. ) ;
#3507 = FACE_OUTER_BOUND ( 'NONE', #4243, .T. ) ;
#3508 = LINE ( 'NONE', #360, #3380 ) ;
#3509 = ORIENTED_EDGE ( 'NONE', *, *, #3633, .F. ) ;
#3510 = EDGE_CURVE ( 'NONE', #909, #1722, #94, .T. ) ;
#3511 = CYLINDRICAL_SURFACE ( 'NONE', #1843, 0.1250000000000003331 ) ;
#3512 = CARTESIAN_POINT ( 'NONE',  ( 5.574300713180298850, 1.642674822278397784, 0.000000000000000000 ) ) ;
#3513 = DIRECTION ( 'NONE',  ( -0.6748065803555622910, 0.7379946335230577192, 0.000000000000000000 ) ) ;
#3514 = VERTEX_POINT ( 'NONE', #607 ) ;
#3515 = VERTEX_POINT ( 'NONE', #1041 ) ;
#3516 = VERTEX_POINT ( 'NONE', #3019 ) ;
#3517 = ADVANCED_FACE ( 'NONE', ( #4579 ), #2956, .T. ) ;
#3518 = CARTESIAN_POINT ( 'NONE',  ( 0.3581969507131217423, -0.5751318464301353739, 0.000000000000000000 ) ) ;
#3519 = DIRECTION ( 'NONE',  ( 1.000000000000000000, 0.000000000000000000, 0.000000000000000000 ) ) ;
#3520 = ORIENTED_EDGE ( 'NONE', *, *, #2529, .F. ) ;
#3521 = ORIENTED_EDGE ( 'NONE', *, *, #473, .F. ) ;
#3522 = EDGE_CURVE ( 'NONE', #3962, #3032, #2544, .T. ) ;
#3523 = CARTESIAN_POINT ( 'NONE',  ( 0.7236639711848424916, 2.142893857517917056, 0.8750000000000001110 ) ) ;
#3524 = CARTESIAN_POINT ( 'NONE',  ( -3.162148406120687760E-16, 2.734281673631104415, 0.000000000000000000 ) ) ;
#3525 = AXIS2_PLACEMENT_3D ( 'NONE', #3078, #2307, #4586 ) ;
#3526 = CYLINDRICAL_SURFACE ( 'NONE', #3804, 0.9999999999999995559 ) ;
#3527 = EDGE_LOOP ( 'NONE', ( #1220, #63, #4759, #2142 ) ) ;
#3528 = CIRCLE ( 'NONE', #2052, 0.2499999999999998890 ) ;
#3529 = FACE_OUTER_BOUND ( 'NONE', #4248, .T. ) ;
#3530 = CARTESIAN_POINT ( 'NONE',  ( 3.333333333332808568, -1.666666666666644092, 1.000000000000000000 ) ) ;
#3531 = DIRECTION ( 'NONE',  ( 0.000000000000000000, -0.000000000000000000, -1.000000000000000000 ) ) ;
#3532 = ORIENTED_EDGE ( 'NONE', *, *, #4583, .T. ) ;
#3533 = CIRCLE ( 'NONE', #1246, 0.7500000000004977130 ) ;
#3534 = MECHANICAL_DESIGN_GEOMETRIC_PRESENTATION_REPRESENTATION (  '', ( #1980 ), #4680 ) ;
#3535 = VECTOR ( 'NONE', #2028, 100.0000000000000000 ) ;
#3536 = VECTOR ( 'NONE', #4080, 100.0000000000000000 ) ;
#3537 = CARTESIAN_POINT ( 'NONE',  ( 3.389957660358748459, 0.8592816736313547699, 0.000000000000000000 ) ) ;
#3538 = FACE_BOUND ( 'NONE', #1743, .T. ) ;
#3539 = LINE ( 'NONE', #4, #4188 ) ;
#3540 = DIRECTION ( 'NONE',  ( -0.000000000000000000, 0.000000000000000000, 1.000000000000000000 ) ) ;
#3541 = EDGE_LOOP ( 'NONE', ( #4917, #2551, #1879, #4861, #3642, #139, #2194, #4048, #1013, #1771 ) ) ;
#3542 = EDGE_CURVE ( 'NONE', #2041, #3478, #4116, .T. ) ;
#3543 = ORIENTED_EDGE ( 'NONE', *, *, #4725, .F. ) ;
#3544 = CIRCLE ( 'NONE', #1328, 0.1250000000000002220 ) ;
#3545 = ORIENTED_EDGE ( 'NONE', *, *, #4815, .T. ) ;
#3546 = AXIS2_PLACEMENT_3D ( 'NONE', #2708, #1527, #3915 ) ;
#3547 = CARTESIAN_POINT ( 'NONE',  ( 5.901514293091269181, 2.262816894875283147, 1.000000000000000000 ) ) ;
#3548 = DIRECTION ( 'NONE',  ( 0.4999999999999982236, 0.8660254037844395958, -0.000000000000000000 ) ) ;
#3549 = AXIS2_PLACEMENT_3D ( 'NONE', #1539, #1111, #4666 ) ;
#3550 = CIRCLE ( 'NONE', #4537, 0.1250000000000000278 ) ;
#3551 = ORIENTED_EDGE ( 'NONE', *, *, #2610, .T. ) ;
#3552 = ORIENTED_EDGE ( 'NONE', *, *, #3481, .F. ) ;
#3553 = VECTOR ( 'NONE', #2216, 100.0000000000000000 ) ;
#3554 = LINE ( 'NONE', #3964, #3858 ) ;
#3555 = EDGE_CURVE ( 'NONE', #3079, #2605, #229, .T. ) ;
#3556 = ORIENTED_EDGE ( 'NONE', *, *, #4228, .T. ) ;
#3557 = CARTESIAN_POINT ( 'NONE',  ( 6.333333333332806347, 1.359281673631354881, -3.037681718995442814 ) ) ;
#3558 = AXIS2_PLACEMENT_3D ( 'NONE', #292, #4206, #3338 ) ;
#3559 = ORIENTED_EDGE ( 'NONE', *, *, #3255, .T. ) ;
#3560 = CIRCLE ( 'NONE', #46, 0.8750000000000001110 ) ;
#3561 = DIRECTION ( 'NONE',  ( 0.000000000000000000, 0.000000000000000000, -1.000000000000000000 ) ) ;
#3562 = DIRECTION ( 'NONE',  ( 0.8745968939880158777, 0.4848507739774323144, -0.000000000000000000 ) ) ;
#3563 = CARTESIAN_POINT ( 'NONE',  ( 0.2083333333328081793, 1.441144819429315049, 1.000000000000000000 ) ) ;
#3564 = EDGE_LOOP ( 'NONE', ( #1863, #2914, #477, #3726 ) ) ;
#3565 = VECTOR ( 'NONE', #2183, 100.0000000000000000 ) ;
#3566 = CARTESIAN_POINT ( 'NONE',  ( 5.459513245263181602, 2.602010842977453553, 0.8750000000000001110 ) ) ;
#3567 = DIRECTION ( 'NONE',  ( 0.4999999999999975575, 0.8660254037844400399, 0.000000000000000000 ) ) ;
#3568 = VECTOR ( 'NONE', #3446, 100.0000000000000000 ) ;
#3569 = DIRECTION ( 'NONE',  ( 0.000000000000000000, -0.000000000000000000, -1.000000000000000000 ) ) ;
#3570 = DIRECTION ( 'NONE',  ( 0.000000000000000000, -0.000000000000000000, -1.000000000000000000 ) ) ;
#3571 = ORIENTED_EDGE ( 'NONE', *, *, #196, .T. ) ;
#3572 = ORIENTED_EDGE ( 'NONE', *, *, #3989, .F. ) ;
#3573 = EDGE_CURVE ( 'NONE', #5036, #3066, #4145, .T. ) ;
#3574 = DIRECTION ( 'NONE',  ( 0.6123874982331678485, -0.7905577474212254208, 0.000000000000000000 ) ) ;
#3575 = DIRECTION ( 'NONE',  ( 0.8488333363958264766, 0.5286605404445556822, -0.000000000000000000 ) ) ;
#3576 = ORIENTED_EDGE ( 'NONE', *, *, #3510, .F. ) ;
#3577 = ORIENTED_EDGE ( 'NONE', *, *, #4226, .F. ) ;
#3578 = ADVANCED_FACE ( 'NONE', ( #3760 ), #249, .T. ) ;
#3579 = AXIS2_PLACEMENT_3D ( 'NONE', #1635, #3586, #2786 ) ;
#3580 = CARTESIAN_POINT ( 'NONE',  ( -1.609166666667689816, 2.109281673631104415, 0.1249999999999999445 ) ) ;
#3581 = VERTEX_POINT ( 'NONE', #2373 ) ;
#3582 = DIRECTION ( 'NONE',  ( 0.7379946335230579413, 0.6748065803555619580, -0.000000000000000000 ) ) ;
#3583 = ORIENTED_EDGE ( 'NONE', *, *, #482, .F. ) ;
#3584 = EDGE_CURVE ( 'NONE', #1314, #299, #665, .T. ) ;
#3585 = DIRECTION ( 'NONE',  ( 1.000000000000000000, 0.000000000000000000, 0.000000000000000000 ) ) ;
#3586 = DIRECTION ( 'NONE',  ( 0.000000000000000000, 1.000000000000000000, 0.000000000000000000 ) ) ;
#3587 = CARTESIAN_POINT ( 'NONE',  ( 0.000000000000000000, 0.000000000000000000, 0.000000000000000000 ) ) ;
#3588 = VERTEX_POINT ( 'NONE', #1608 ) ;
#3589 = CARTESIAN_POINT ( 'NONE',  ( 3.333333333332808568, -1.666666666666644092, 0.1249999999999999445 ) ) ;
#3590 = DIRECTION ( 'NONE',  ( 0.8745968939880170989, -0.4848507739774301495, -0.000000000000000000 ) ) ;
#3591 = CARTESIAN_POINT ( 'NONE',  ( 0.3152764829173615446, 0.5849764676983479905, 1.000000000000000000 ) ) ;
#3592 = ORIENTED_EDGE ( 'NONE', *, *, #4825, .T. ) ;
#3593 = ORIENTED_EDGE ( 'NONE', *, *, #752, .T. ) ;
#3594 = DIRECTION ( 'NONE',  ( 1.000000000000000000, 0.000000000000000000, 0.000000000000000000 ) ) ;
#3595 = CARTESIAN_POINT ( 'NONE',  ( -1.672771601934031738, 1.555785698488627355, 0.8750000000000001110 ) ) ;
#3596 = VERTEX_POINT ( 'NONE', #2402 ) ;
#3597 = EDGE_CURVE ( 'NONE', #1191, #648, #3528, .T. ) ;
#3598 = EDGE_CURVE ( 'NONE', #2755, #1958, #3609, .T. ) ;
#3599 = ORIENTED_EDGE ( 'NONE', *, *, #3190, .T. ) ;
#3600 = CARTESIAN_POINT ( 'NONE',  ( 6.333333333332806347, 1.359281673631354881, 0.8750000000000001110 ) ) ;
#3601 = ORIENTED_EDGE ( 'NONE', *, *, #2772, .T. ) ;
#3602 = CARTESIAN_POINT ( 'NONE',  ( 5.016026605412786665, -1.313693242624169422, 1.000000000000000000 ) ) ;
#3603 = EDGE_CURVE ( 'NONE', #770, #3588, #3451, .T. ) ;
#3604 =( GEOMETRIC_REPRESENTATION_CONTEXT ( 3 ) GLOBAL_UNCERTAINTY_ASSIGNED_CONTEXT ( ( #2790 ) ) GLOBAL_UNIT_ASSIGNED_CONTEXT ( ( #77, #2044, #130 ) ) REPRESENTATION_CONTEXT ( 'NONE', 'WORKASPACE' ) );
#3605 = CARTESIAN_POINT ( 'NONE',  ( 4.928759868259032118, -0.1327839780939381598, 0.000000000000000000 ) ) ;
#3606 = CYLINDRICAL_SURFACE ( 'NONE', #2135, 0.5000000000000001110 ) ;
#3607 = ADVANCED_FACE ( 'NONE', ( #733 ), #3172, .T. ) ;
#3608 = CARTESIAN_POINT ( 'NONE',  ( -1.166666666667191876, 2.109281673631104415, 0.1249999999999999445 ) ) ;
#3609 = CIRCLE ( 'NONE', #4751, 0.8749999999999998890 ) ;
#3610 = DIRECTION ( 'NONE',  ( 0.000000000000000000, -0.000000000000000000, -1.000000000000000000 ) ) ;
#3611 = FACE_OUTER_BOUND ( 'NONE', #4676, .T. ) ;
#3612 = AXIS2_PLACEMENT_3D ( 'NONE', #1735, #4167, #4941 ) ;
#3613 = DIRECTION ( 'NONE',  ( -0.000000000000000000, 0.000000000000000000, 1.000000000000000000 ) ) ;
#3614 = EDGE_CURVE ( 'NONE', #4719, #4701, #177, .T. ) ;
#3615 = VERTEX_POINT ( 'NONE', #1960 ) ;
#3616 = CIRCLE ( 'NONE', #1485, 0.1250000000000002220 ) ;
#3617 = ORIENTED_EDGE ( 'NONE', *, *, #4662, .T. ) ;
#3618 = CIRCLE ( 'NONE', #430, 0.2500000000000002220 ) ;
#3619 = CIRCLE ( 'NONE', #344, 0.1250000000000000000 ) ;
#3620 = VECTOR ( 'NONE', #5047, 99.99999999999998579 ) ;
#3621 = CARTESIAN_POINT ( 'NONE',  ( 2.843696304414647713, 0.6092816736313553250, 0.8750000000000001110 ) ) ;
#3622 = DIRECTION ( 'NONE',  ( -0.000000000000000000, 0.000000000000000000, 1.000000000000000000 ) ) ;
#3623 = CARTESIAN_POINT ( 'NONE',  ( -0.000000000000000000, 0.2342816736313546866, 0.000000000000000000 ) ) ;
#3624 = VECTOR ( 'NONE', #4605, 100.0000000000000000 ) ;
#3625 = ADVANCED_FACE ( 'NONE', ( #2759 ), #2779, .F. ) ;
#3626 = AXIS2_PLACEMENT_3D ( 'NONE', #1392, #3815, #2991 ) ;
#3627 = ORIENTED_EDGE ( 'NONE', *, *, #2161, .F. ) ;
#3628 = ORIENTED_EDGE ( 'NONE', *, *, #2502, .T. ) ;
#3629 = CIRCLE ( 'NONE', #1418, 0.1249999999999999445 ) ;
#3630 = CARTESIAN_POINT ( 'NONE',  ( 1.987474105296348936, 0.02531472696483310150, 0.8750000000000001110 ) ) ;
#3631 = VERTEX_POINT ( 'NONE', #830 ) ;
#3632 = DIRECTION ( 'NONE',  ( 0.7379946335230563870, -0.6748065803555636233, 0.000000000000000000 ) ) ;
#3633 = EDGE_CURVE ( 'NONE', #4348, #1092, #3554, .T. ) ;
#3634 = CARTESIAN_POINT ( 'NONE',  ( 6.992166819850679005, 0.7672103317033008851, 0.8750000000000001110 ) ) ;
#3635 = ORIENTED_EDGE ( 'NONE', *, *, #876, .T. ) ;
#3636 = CIRCLE ( 'NONE', #4210, 0.1249999999999999722 ) ;
#3637 = DIRECTION ( 'NONE',  ( 1.000000000000000000, 0.000000000000000000, 0.000000000000000000 ) ) ;
#3638 = CARTESIAN_POINT ( 'NONE',  ( -1.166666666667191876, 2.109281673631104415, 0.1249999999999999445 ) ) ;
#3639 = DIRECTION ( 'NONE',  ( -0.000000000000000000, 0.000000000000000000, 1.000000000000000000 ) ) ;
#3640 = VERTEX_POINT ( 'NONE', #3523 ) ;
#3641 = AXIS2_PLACEMENT_3D ( 'NONE', #1146, #3048, #1102 ) ;
#3642 = ORIENTED_EDGE ( 'NONE', *, *, #1016, .T. ) ;
#3643 = CIRCLE ( 'NONE', #861, 0.3750000000000003331 ) ;
#3644 = CARTESIAN_POINT ( 'NONE',  ( 8.339438268599645099, 1.555785698488627578, 0.1249999999999999445 ) ) ;
#3645 = CARTESIAN_POINT ( 'NONE',  ( 0.5833333333328081238, 1.934843059629778539, 0.1250000000000000000 ) ) ;
#3646 = FACE_OUTER_BOUND ( 'NONE', #30, .T. ) ;
#3647 = ORIENTED_EDGE ( 'NONE', *, *, #4673, .F. ) ;
#3648 = VECTOR ( 'NONE', #1051, 100.0000000000000000 ) ;
#3649 = VERTEX_POINT ( 'NONE', #4704 ) ;
#3650 = DIRECTION ( 'NONE',  ( -0.8745968939880170989, 0.4848507739774301495, -0.000000000000000000 ) ) ;
#3651 = ORIENTED_EDGE ( 'NONE', *, *, #260, .T. ) ;
#3652 = DIRECTION ( 'NONE',  ( -0.000000000000000000, -0.000000000000000000, -1.000000000000000000 ) ) ;
#3653 = FACE_BOUND ( 'NONE', #1683, .T. ) ;
#3654 = CARTESIAN_POINT ( 'NONE',  ( 1.737906798406520625, -0.1327839780938539771, 0.1250000000000000000 ) ) ;
#3655 = EDGE_LOOP ( 'NONE', ( #2807, #3092, #1264, #3328 ) ) ;
#3656 = EDGE_CURVE ( 'NONE', #4317, #4029, #1525, .T. ) ;
#3657 = ADVANCED_FACE ( 'NONE', ( #787 ), #455, .F. ) ;
#3658 = DIRECTION ( 'NONE',  ( 1.000000000000000000, 0.000000000000000000, 0.000000000000000000 ) ) ;
#3659 = DIRECTION ( 'NONE',  ( -0.000000000000000000, -0.000000000000000000, -1.000000000000000000 ) ) ;
#3660 = ORIENTED_EDGE ( 'NONE', *, *, #3275, .F. ) ;
#3661 = ADVANCED_FACE ( 'NONE', ( #1120 ), #3070, .F. ) ;
#3662 = ORIENTED_EDGE ( 'NONE', *, *, #626, .F. ) ;
#3663 = FACE_OUTER_BOUND ( 'NONE', #2994, .T. ) ;
#3664 = CARTESIAN_POINT ( 'NONE',  ( 3.333333333332808568, -1.666666666666644092, 1.000000000000000000 ) ) ;
#3665 = DIRECTION ( 'NONE',  ( 1.000000000000000000, 0.000000000000000000, 0.000000000000000000 ) ) ;
#3666 = DIRECTION ( 'NONE',  ( 0.7379946335230571641, -0.6748065803555627351, 0.000000000000000000 ) ) ;
#3667 = ADVANCED_FACE ( 'NONE', ( #351 ), #4595, .T. ) ;
#3668 = ORIENTED_EDGE ( 'NONE', *, *, #1779, .F. ) ;
#3669 = ORIENTED_EDGE ( 'NONE', *, *, #3311, .F. ) ;
#3670 = FACE_OUTER_BOUND ( 'NONE', #489, .T. ) ;
#3671 = DIRECTION ( 'NONE',  ( 1.000000000000000000, 0.000000000000000000, 0.000000000000000000 ) ) ;
#3672 = ORIENTED_EDGE ( 'NONE', *, *, #4881, .T. ) ;
#3673 = EDGE_CURVE ( 'NONE', #3242, #4701, #2629, .T. ) ;
#3674 = DIRECTION ( 'NONE',  ( 1.000000000000000000, 0.000000000000000000, 0.000000000000000000 ) ) ;
#3675 = VERTEX_POINT ( 'NONE', #2704 ) ;
#3676 = DIRECTION ( 'NONE',  ( 0.7379946335230563870, 0.6748065803555636233, -0.000000000000000000 ) ) ;
#3677 = CARTESIAN_POINT ( 'NONE',  ( 0.7445754485141858892, 2.734281673631104415, 0.1250000000000000000 ) ) ;
#3678 = FACE_OUTER_BOUND ( 'NONE', #4077, .T. ) ;
#3679 = EDGE_CURVE ( 'NONE', #625, #3079, #14, .T. ) ;
#3680 = DIRECTION ( 'NONE',  ( -0.000000000000000000, 0.000000000000000000, 1.000000000000000000 ) ) ;
#3681 = DIRECTION ( 'NONE',  ( 0.7067032079892088259, 0.7075101241803971597, 0.000000000000000000 ) ) ;
#3682 = DIRECTION ( 'NONE',  ( -0.000000000000000000, 0.000000000000000000, 1.000000000000000000 ) ) ;
#3683 = ORIENTED_EDGE ( 'NONE', *, *, #1852, .T. ) ;
#3684 = AXIS2_PLACEMENT_3D ( 'NONE', #1945, #1533, #3802 ) ;
#3685 = ORIENTED_EDGE ( 'NONE', *, *, #2978, .T. ) ;
#3686 = EDGE_CURVE ( 'NONE', #4742, #4332, #1483, .T. ) ;
#3687 = AXIS2_PLACEMENT_3D ( 'NONE', #2884, #4401, #3671 ) ;
#3688 = CARTESIAN_POINT ( 'NONE',  ( 7.833333333332806347, 2.109281673631105303, 0.000000000000000000 ) ) ;
#3689 = CYLINDRICAL_SURFACE ( 'NONE', #4926, 0.9999999999999995559 ) ;
#3690 = ADVANCED_FACE ( 'NONE', ( #2838 ), #420, .T. ) ;
#3691 = DIRECTION ( 'NONE',  ( -0.000000000000000000, 0.000000000000000000, 1.000000000000000000 ) ) ;
#3692 = AXIS2_PLACEMENT_3D ( 'NONE', #1516, #2004, #3951 ) ;
#3693 = CARTESIAN_POINT ( 'NONE',  ( 6.254551655927252263, 0.2558442613759154827, 0.1250000000000000000 ) ) ;
#3694 = ORIENTED_EDGE ( 'NONE', *, *, #2862, .F. ) ;
#3695 = AXIS2_PLACEMENT_3D ( 'NONE', #1063, #2632, #2921 ) ;
#3696 = AXIS2_PLACEMENT_3D ( 'NONE', #1303, #2048, #4434 ) ;
#3697 = ORIENTED_EDGE ( 'NONE', *, *, #1626, .T. ) ;
#3698 = CIRCLE ( 'NONE', #1490, 0.1250000000000000000 ) ;
#3699 = DIRECTION ( 'NONE',  ( -0.000000000000000000, 0.000000000000000000, 1.000000000000000000 ) ) ;
#3700 = VECTOR ( 'NONE', #970, 100.0000000000000142 ) ;
#3701 = LINE ( 'NONE', #3371, #431 ) ;
#3702 = AXIS2_PLACEMENT_3D ( 'NONE', #1424, #3780, #273 ) ;
#3703 = AXIS2_PLACEMENT_3D ( 'NONE', #2026, #101, #2865 ) ;
#3704 = CARTESIAN_POINT ( 'NONE',  ( -1.153403103456795975, 1.250264126705363132, 0.1250000000000000000 ) ) ;
#3705 = VERTEX_POINT ( 'NONE', #122 ) ;
#3706 = AXIS2_PLACEMENT_3D ( 'NONE', #4341, #1720, #1338 ) ;
#3707 = LINE ( 'NONE', #4064, #3870 ) ;
#3708 = CARTESIAN_POINT ( 'NONE',  ( 3.570117909547400270, -2.618900811799387274, 0.8750000000000001110 ) ) ;
#3709 = DIRECTION ( 'NONE',  ( -0.000000000000000000, 0.000000000000000000, 1.000000000000000000 ) ) ;
#3710 = VECTOR ( 'NONE', #1838, 100.0000000000000000 ) ;
#3711 = TOROIDAL_SURFACE ( 'NONE', #4776, 0.4425000000004975509, 0.1250000000000000000 ) ;
#3712 = EDGE_CURVE ( 'NONE', #161, #2996, #1628, .T. ) ;
#3713 = DIRECTION ( 'NONE',  ( 0.000000000000000000, -0.000000000000000000, -1.000000000000000000 ) ) ;
#3714 = DIRECTION ( 'NONE',  ( -0.000000000000000000, 0.000000000000000000, 1.000000000000000000 ) ) ;
#3715 = LINE ( 'NONE', #2512, #2800 ) ;
#3716 = ORIENTED_EDGE ( 'NONE', *, *, #4165, .F. ) ;
#3717 = EDGE_LOOP ( 'NONE', ( #3113, #6 ) ) ;
#3718 = AXIS2_PLACEMENT_3D ( 'NONE', #1230, #2791, #4363 ) ;
#3719 = ADVANCED_FACE ( 'NONE', ( #1275 ), #3778, .T. ) ;
#3720 = CARTESIAN_POINT ( 'NONE',  ( -0.5629473456456782765, 1.896009431038038207, 0.1250000000000000000 ) ) ;
#3721 = DIRECTION ( 'NONE',  ( 0.000000000000000000, -0.000000000000000000, -1.000000000000000000 ) ) ;
#3722 = TOROIDAL_SURFACE ( 'NONE', #4219, 0.8750000000000001110, 0.1250000000000000000 ) ;
#3723 = DIRECTION ( 'NONE',  ( -0.4848507739774302050, -0.8745968939880170989, 0.000000000000000000 ) ) ;
#3724 = DIRECTION ( 'NONE',  ( -0.6748065803555628461, -0.7379946335230571641, 0.000000000000000000 ) ) ;
#3725 = ORIENTED_EDGE ( 'NONE', *, *, #3069, .T. ) ;
#3726 = ORIENTED_EDGE ( 'NONE', *, *, #2828, .T. ) ;
#3727 = AXIS2_PLACEMENT_3D ( 'NONE', #1613, #4877, #167 ) ;
#3728 = EDGE_CURVE ( 'NONE', #4022, #1409, #2388, .T. ) ;
#3729 = CARTESIAN_POINT ( 'NONE',  ( 0.3333333333328081238, 2.359281673631354881, 0.000000000000000000 ) ) ;
#3730 = CARTESIAN_POINT ( 'NONE',  ( 0.2083333333328080961, 1.441144819429315049, 0.8750000000000001110 ) ) ;
#3731 = CIRCLE ( 'NONE', #3900, 0.8750000000000007772 ) ;
#3732 = ORIENTED_EDGE ( 'NONE', *, *, #3765, .T. ) ;
#3733 = DIRECTION ( 'NONE',  ( 1.000000000000000000, 0.000000000000000000, 0.000000000000000000 ) ) ;
#3734 = ORIENTED_EDGE ( 'NONE', *, *, #3510, .T. ) ;
#3735 = ADVANCED_FACE ( 'NONE', ( #1726 ), #4429, .T. ) ;
#3736 = FACE_OUTER_BOUND ( 'NONE', #2361, .T. ) ;
#3737 = DIRECTION ( 'NONE',  ( -1.000000000000000000, 0.000000000000000000, 0.000000000000000000 ) ) ;
#3738 = DIRECTION ( 'NONE',  ( 0.000000000000000000, 0.000000000000000000, 1.000000000000000000 ) ) ;
#3739 = EDGE_CURVE ( 'NONE', #1804, #1005, #3276, .T. ) ;
#3740 = CYLINDRICAL_SURFACE ( 'NONE', #1675, 0.1250000000000000278 ) ;
#3741 = DIRECTION ( 'NONE',  ( 0.000000000000000000, -0.000000000000000000, -1.000000000000000000 ) ) ;
#3742 = CARTESIAN_POINT ( 'NONE',  ( -0.8491666666666939367, 2.109281673631104415, 0.8750000000000001110 ) ) ;
#3743 = EDGE_LOOP ( 'NONE', ( #93, #2788, #7, #926 ) ) ;
#3744 = ADVANCED_FACE ( 'NONE', ( #3189 ), #4853, .F. ) ;
#3745 = ORIENTED_EDGE ( 'NONE', *, *, #1705, .T. ) ;
#3746 = FACE_OUTER_BOUND ( 'NONE', #4999, .T. ) ;
#3747 = DIRECTION ( 'NONE',  ( 0.7379946335230591625, 0.6748065803555606257, 0.000000000000000000 ) ) ;
#3748 = DIRECTION ( 'NONE',  ( -0.8745968939880158777, -0.4848507739774323144, 0.000000000000000000 ) ) ;
#3749 = CYLINDRICAL_SURFACE ( 'NONE', #4690, 0.1250000000000000000 ) ;
#3750 = ORIENTED_EDGE ( 'NONE', *, *, #3010, .F. ) ;
#3751 = ORIENTED_EDGE ( 'NONE', *, *, #155, .F. ) ;
#3752 = DIRECTION ( 'NONE',  ( -0.000000000000000000, 0.000000000000000000, 1.000000000000000000 ) ) ;
#3753 = DIRECTION ( 'NONE',  ( 0.000000000000000000, -1.000000000000000000, 0.000000000000000000 ) ) ;
#3754 = ADVANCED_FACE ( 'NONE', ( #91 ), #3290, .F. ) ;
#3755 = ORIENTED_EDGE ( 'NONE', *, *, #899, .T. ) ;
#3756 = EDGE_CURVE ( 'NONE', #2774, #3811, #71, .T. ) ;
#3757 = DIRECTION ( 'NONE',  ( 0.000000000000000000, 0.000000000000000000, -1.000000000000000000 ) ) ;
#3758 = ORIENTED_EDGE ( 'NONE', *, *, #1139, .F. ) ;
#3759 = ORIENTED_EDGE ( 'NONE', *, *, #2355, .F. ) ;
#3760 = FACE_OUTER_BOUND ( 'NONE', #4379, .T. ) ;
#3761 = EDGE_CURVE ( 'NONE', #1191, #3810, #4010, .T. ) ;
#3762 = DIRECTION ( 'NONE',  ( 0.5286605404445537948, -0.8488333363958275868, 0.000000000000000000 ) ) ;
#3763 = APPLICATION_PROTOCOL_DEFINITION ( 'draft international standard', 'automotive_design', 1998, #4830 ) ;
#3764 = CARTESIAN_POINT ( 'NONE',  ( 3.389957660358748459, 0.3592816736313547143, 0.8750000000000001110 ) ) ;
#3765 = EDGE_CURVE ( 'NONE', #782, #3581, #760, .T. ) ;
#3766 = DIRECTION ( 'NONE',  ( -0.000000000000000000, 0.000000000000000000, 1.000000000000000000 ) ) ;
#3767 = CARTESIAN_POINT ( 'NONE',  ( 7.833333333332806347, 2.109281673631105303, 0.8750000000000001110 ) ) ;
#3768 = CARTESIAN_POINT ( 'NONE',  ( -0.7241666666666939367, 2.109281673631104415, 1.000000000000000000 ) ) ;
#3769 = ORIENTED_EDGE ( 'NONE', *, *, #2529, .T. ) ;
#3770 = ORIENTED_EDGE ( 'NONE', *, *, #741, .T. ) ;
#3771 = PLANE ( 'NONE',  #690 ) ;
#3772 = DIRECTION ( 'NONE',  ( -0.7067032079889022933, 0.7075101241807032482, -0.000000000000000000 ) ) ;
#3773 = CARTESIAN_POINT ( 'NONE',  ( 7.833333333332806347, 2.109281673631105303, 0.8750000000000001110 ) ) ;
#3774 = DIRECTION ( 'NONE',  ( -1.000000000000000000, 0.000000000000000000, 0.000000000000000000 ) ) ;
#3775 = AXIS2_PLACEMENT_3D ( 'NONE', #464, #435, #3227 ) ;
#3776 = VERTEX_POINT ( 'NONE', #1344 ) ;
#3777 = ORIENTED_EDGE ( 'NONE', *, *, #1009, .T. ) ;
#3778 = TOROIDAL_SURFACE ( 'NONE', #3687, 0.8750000000000001110, 0.1250000000000000000 ) ;
#3779 = CARTESIAN_POINT ( 'NONE',  ( 4.718821381270156934, -0.2763610750324668186, 0.1249999999999999445 ) ) ;
#3780 = DIRECTION ( 'NONE',  ( 0.6123874982331665162, 0.7905577474212263089, -3.823555188080161176E-16 ) ) ;
#3781 = EDGE_CURVE ( 'NONE', #4076, #3342, #837, .T. ) ;
#3782 = EDGE_CURVE ( 'NONE', #5031, #2041, #1681, .T. ) ;
#3783 = VECTOR ( 'NONE', #983, 100.0000000000000000 ) ;
#3784 = AXIS2_PLACEMENT_3D ( 'NONE', #469, #3233, #1285 ) ;
#3785 = CARTESIAN_POINT ( 'NONE',  ( 0.7651523735743446242, 2.262816894875284923, 0.1250000000000000000 ) ) ;
#3786 = ORIENTED_EDGE ( 'NONE', *, *, #638, .F. ) ;
#3787 = VECTOR ( 'NONE', #1446, 100.0000000000000000 ) ;
#3788 = ORIENTED_EDGE ( 'NONE', *, *, #4480, .F. ) ;
#3789 = EDGE_CURVE ( 'NONE', #1941, #1759, #2070, .T. ) ;
#3790 = AXIS2_PLACEMENT_3D ( 'NONE', #1364, #2951, #2930 ) ;
#3791 = VECTOR ( 'NONE', #1862, 100.0000000000000000 ) ;
#3792 = CARTESIAN_POINT ( 'NONE',  ( 3.276709006306867344, 0.3592816736313547143, 0.1249999999999999445 ) ) ;
#3793 = DIRECTION ( 'NONE',  ( 1.000000000000000000, 0.000000000000000000, 0.000000000000000000 ) ) ;
#3794 = DIRECTION ( 'NONE',  ( -0.5914832590436082116, 0.8063172789114420036, 0.000000000000000000 ) ) ;
#3795 = CIRCLE ( 'NONE', #2478, 0.1250000000000001110 ) ;
#3796 = AXIS2_PLACEMENT_3D ( 'NONE', #308, #4582, #3410 ) ;
#3797 = EDGE_CURVE ( 'NONE', #2308, #2390, #4032, .T. ) ;
#3798 = CIRCLE ( 'NONE', #5016, 1.000000000000000000 ) ;
#3799 = LINE ( 'NONE', #1357, #4624 ) ;
#3800 = VECTOR ( 'NONE', #4247, 100.0000000000000000 ) ;
#3801 = CARTESIAN_POINT ( 'NONE',  ( 3.333333333332808568, -1.666666666666644092, 1.000000000000000000 ) ) ;
#3802 = DIRECTION ( 'NONE',  ( 1.000000000000000000, 0.000000000000000000, 0.000000000000000000 ) ) ;
#3803 = EDGE_LOOP ( 'NONE', ( #3122, #3499, #1620, #2037 ) ) ;
#3804 = AXIS2_PLACEMENT_3D ( 'NONE', #2664, #3148, #2302 ) ;
#3805 = DIRECTION ( 'NONE',  ( 1.000000000000000000, 0.000000000000000000, 0.000000000000000000 ) ) ;
#3806 = CARTESIAN_POINT ( 'NONE',  ( 7.625795835263509126, 0.9032462515051187246, 0.8750000000000001110 ) ) ;
#3807 = LINE ( 'NONE', #4997, #505 ) ;
#3808 = DIRECTION ( 'NONE',  ( 1.000000000000000000, 0.000000000000000000, 0.000000000000000000 ) ) ;
#3809 = AXIS2_PLACEMENT_3D ( 'NONE', #3688, #2516, #4469 ) ;
#3810 = VERTEX_POINT ( 'NONE', #3630 ) ;
#3811 = VERTEX_POINT ( 'NONE', #3245 ) ;
#3812 = EDGE_CURVE ( 'NONE', #1524, #1367, #2859, .T. ) ;
#3813 = AXIS2_PLACEMENT_3D ( 'NONE', #2027, #2485, #3270 ) ;
#3814 = DIRECTION ( 'NONE',  ( 1.000000000000000000, 0.000000000000000000, 0.000000000000000000 ) ) ;
#3815 = DIRECTION ( 'NONE',  ( 0.8488333363958276978, 0.5286605404445537948, -0.000000000000000000 ) ) ;
#3816 = ORIENTED_EDGE ( 'NONE', *, *, #2866, .T. ) ;
#3817 = EDGE_LOOP ( 'NONE', ( #2813, #991, #3572, #2520 ) ) ;
#3818 = AXIS2_PLACEMENT_3D ( 'NONE', #4227, #383, #1531 ) ;
#3819 = TOROIDAL_SURFACE ( 'NONE', #1603, 0.3750000000000000000, 0.1250000000000000000 ) ;
#3820 = DIRECTION ( 'NONE',  ( 1.000000000000000000, -7.930164461608267539E-15, 0.000000000000000000 ) ) ;
#3821 = DIRECTION ( 'NONE',  ( -0.000000000000000000, 0.000000000000000000, 1.000000000000000000 ) ) ;
#3822 = DIRECTION ( 'NONE',  ( 1.000000000000000000, 0.000000000000000000, 0.000000000000000000 ) ) ;
#3823 = AXIS2_PLACEMENT_3D ( 'NONE', #4772, #923, #521 ) ;
#3824 = DIRECTION ( 'NONE',  ( -0.000000000000000000, 0.000000000000000000, 1.000000000000000000 ) ) ;
#3825 = FACE_OUTER_BOUND ( 'NONE', #1089, .T. ) ;
#3826 = DIRECTION ( 'NONE',  ( 1.000000000000000000, 0.000000000000000000, 0.000000000000000000 ) ) ;
#3827 = ORIENTED_EDGE ( 'NONE', *, *, #2058, .F. ) ;
#3828 = EDGE_CURVE ( 'NONE', #2390, #1694, #2235, .T. ) ;
#3829 = EDGE_CURVE ( 'NONE', #696, #3054, #1451, .T. ) ;
#3830 = LINE ( 'NONE', #1415, #2574 ) ;
#3831 = DIRECTION ( 'NONE',  ( 0.7067032079889022933, -0.7075101241807032482, 0.000000000000000000 ) ) ;
#3832 = DIRECTION ( 'NONE',  ( -0.6748065803555579611, 0.7379946335230618271, 0.000000000000000000 ) ) ;
#3833 = DIRECTION ( 'NONE',  ( 0.6123874982331676264, 0.7905577474212254208, -0.000000000000000000 ) ) ;
#3834 = ORIENTED_EDGE ( 'NONE', *, *, #3573, .T. ) ;
#3835 = VERTEX_POINT ( 'NONE', #2171 ) ;
#3836 = CARTESIAN_POINT ( 'NONE',  ( 1.650640061252826252, -1.313693242624169644, 0.8750000000000001110 ) ) ;
#3837 = CARTESIAN_POINT ( 'NONE',  ( 5.440127836365853398, -0.5914118660525654603, 0.8750000000000001110 ) ) ;
#3838 = EDGE_CURVE ( 'NONE', #2996, #298, #199, .T. ) ;
#3839 = ORIENTED_EDGE ( 'NONE', *, *, #3761, .T. ) ;
#3840 = ORIENTED_EDGE ( 'NONE', *, *, #2913, .T. ) ;
#3841 = CARTESIAN_POINT ( 'NONE',  ( -1.166666666667191876, 2.109281673631104415, 0.000000000000000000 ) ) ;
#3842 = EDGE_CURVE ( 'NONE', #3242, #1941, #1086, .T. ) ;
#3843 = FACE_OUTER_BOUND ( 'NONE', #1427, .T. ) ;
#3844 = DIRECTION ( 'NONE',  ( 0.000000000000000000, -0.000000000000000000, -1.000000000000000000 ) ) ;
#3845 = LINE ( 'NONE', #2282, #1020 ) ;
#3846 = CARTESIAN_POINT ( 'NONE',  ( -0.000000000000000000, 0.2342816736313546866, 0.1250000000000000000 ) ) ;
#3847 = CARTESIAN_POINT ( 'NONE',  ( 3.333333333332808568, -1.666666666666644092, 0.1249999999999999445 ) ) ;
#3848 = EDGE_LOOP ( 'NONE', ( #3906, #4488, #1839, #3601 ) ) ;
#3849 = CARTESIAN_POINT ( 'NONE',  ( 3.686298393610226931, -2.855506834722219889, 0.1250000000000000000 ) ) ;
#3850 = LINE ( 'NONE', #2387, #2229 ) ;
#3851 = CARTESIAN_POINT ( 'NONE',  ( -1.672771601934031738, 1.555785698488627355, 1.000000000000000000 ) ) ;
#3852 = ORIENTED_EDGE ( 'NONE', *, *, #2058, .T. ) ;
#3853 = ORIENTED_EDGE ( 'NONE', *, *, #1784, .T. ) ;
#3854 = EDGE_CURVE ( 'NONE', #4880, #3282, #4903, .T. ) ;
#3855 = PRODUCT_DEFINITION_FORMATION_WITH_SPECIFIED_SOURCE ( 'Symmetric', '', #4085, .NOT_KNOWN. ) ;
#3856 = DIRECTION ( 'NONE',  ( 0.6123874982331660721, 0.7905577474212266420, -0.000000000000000000 ) ) ;
#3857 = ORIENTED_EDGE ( 'NONE', *, *, #2931, .F. ) ;
#3858 = VECTOR ( 'NONE', #5062, 100.0000000000000000 ) ;
#3859 = ORIENTED_EDGE ( 'NONE', *, *, #1035, .F. ) ;
#3860 = CIRCLE ( 'NONE', #1401, 0.6249999999999998890 ) ;
#3861 = DIRECTION ( 'NONE',  ( 0.000000000000000000, 1.000000000000000000, -0.000000000000000000 ) ) ;
#3862 = DIRECTION ( 'NONE',  ( 1.000000000000000000, 0.000000000000000000, 0.000000000000000000 ) ) ;
#3863 = DIRECTION ( 'NONE',  ( 1.000000000000000000, 0.000000000000000000, 0.000000000000000000 ) ) ;
#3864 = ORIENTED_EDGE ( 'NONE', *, *, #4572, .T. ) ;
#3865 = CIRCLE ( 'NONE', #2150, 0.1250000000000002776 ) ;
#3866 = AXIS2_PLACEMENT_3D ( 'NONE', #3953, #2948, #614 ) ;
#3867 = AXIS2_PLACEMENT_3D ( 'NONE', #3638, #136, #4809 ) ;
#3868 = LINE ( 'NONE', #1178, #2175 ) ;
#3869 = DIRECTION ( 'NONE',  ( -0.000000000000000000, -0.000000000000000000, -1.000000000000000000 ) ) ;
#3870 = VECTOR ( 'NONE', #4717, 99.99999999999998579 ) ;
#3871 = DIRECTION ( 'NONE',  ( 1.000000000000000000, 0.000000000000000000, 0.000000000000000000 ) ) ;
#3872 = VERTEX_POINT ( 'NONE', #1756 ) ;
#3873 = VECTOR ( 'NONE', #924, 100.0000000000000142 ) ;
#3874 = CIRCLE ( 'NONE', #1176, 0.7500000000004989342 ) ;
#3875 = CARTESIAN_POINT ( 'NONE',  ( 1.650640061252826252, -1.313693242624169866, 0.000000000000000000 ) ) ;
#3876 = DIRECTION ( 'NONE',  ( -0.9519672273065316048, 0.3061999316366911250, 0.000000000000000000 ) ) ;
#3877 = FACE_OUTER_BOUND ( 'NONE', #1265, .T. ) ;
#3878 = FACE_OUTER_BOUND ( 'NONE', #1800, .T. ) ;
#3879 = ORIENTED_EDGE ( 'NONE', *, *, #1570, .F. ) ;
#3880 = VECTOR ( 'NONE', #1706, 100.0000000000000000 ) ;
#3881 = ORIENTED_EDGE ( 'NONE', *, *, #2006, .T. ) ;
#3882 = EDGE_CURVE ( 'NONE', #1602, #3938, #2624, .T. ) ;
#3883 = VECTOR ( 'NONE', #2443, 100.0000000000000142 ) ;
#3884 = ORIENTED_EDGE ( 'NONE', *, *, #839, .F. ) ;
#3885 = EDGE_CURVE ( 'NONE', #1026, #3810, #3137, .T. ) ;
#3886 = EDGE_CURVE ( 'NONE', #1935, #1963, #976, .T. ) ;
#3887 = ORIENTED_EDGE ( 'NONE', *, *, #2502, .F. ) ;
#3888 = AXIS2_PLACEMENT_3D ( 'NONE', #1379, #3713, #4169 ) ;
#3889 = DIRECTION ( 'NONE',  ( -1.000000000000000000, 0.000000000000000000, 0.000000000000000000 ) ) ;
#3890 = AXIS2_PLACEMENT_3D ( 'NONE', #1889, #2740, #4658 ) ;
#3891 = CARTESIAN_POINT ( 'NONE',  ( 6.064215388975132903, 1.924244634020913391, 0.1250000000000000000 ) ) ;
#3892 = CARTESIAN_POINT ( 'NONE',  ( 6.385702312924597557, 1.219338597287962234, 0.8750000000000001110 ) ) ;
#3893 = ORIENTED_EDGE ( 'NONE', *, *, #3842, .F. ) ;
#3894 = VECTOR ( 'NONE', #3185, 100.0000000000000000 ) ;
#3895 = DIRECTION ( 'NONE',  ( 0.8488333363955133937, -0.5286605404450585022, 0.000000000000000000 ) ) ;
#3896 = CARTESIAN_POINT ( 'NONE',  ( 0.3817540136049476507, 1.293274004668413024, 0.1250000000000001110 ) ) ;
#3897 = DIRECTION ( 'NONE',  ( 1.000000000000000000, 0.000000000000000000, 0.000000000000000000 ) ) ;
#3898 = EDGE_CURVE ( 'NONE', #1621, #3478, #676, .T. ) ;
#3899 = VERTEX_POINT ( 'NONE', #680 ) ;
#3900 = AXIS2_PLACEMENT_3D ( 'NONE', #4743, #2729, #66 ) ;
#3901 = CARTESIAN_POINT ( 'NONE',  ( 0.7045460268271656057, 2.153492283126782869, 0.1250000000000000000 ) ) ;
#3902 = DIRECTION ( 'NONE',  ( 1.000000000000000000, 0.000000000000000000, 0.000000000000000000 ) ) ;
#3903 =( NAMED_UNIT ( * ) SI_UNIT ( $, .STERADIAN. ) SOLID_ANGLE_UNIT ( ) );
#3904 = CARTESIAN_POINT ( 'NONE',  ( 1.737906798406520625, -0.1327839780938539771, 0.000000000000000000 ) ) ;
#3905 = EDGE_CURVE ( 'NONE', #3930, #5036, #4933, .T. ) ;
#3906 = ORIENTED_EDGE ( 'NONE', *, *, #4820, .T. ) ;
#3907 = VERTEX_POINT ( 'NONE', #4878 ) ;
#3908 = VERTEX_POINT ( 'NONE', #302 ) ;
#3909 = DIRECTION ( 'NONE',  ( -0.8660254037844388186, 0.4999999999999997780, 0.000000000000000000 ) ) ;
#3910 = CARTESIAN_POINT ( 'NONE',  ( 2.742877575521689870, -2.312411970999319610, 1.000000000000000000 ) ) ;
#3911 = ORIENTED_EDGE ( 'NONE', *, *, #4420, .T. ) ;
#3912 = EDGE_LOOP ( 'NONE', ( #394, #806, #126, #2303 ) ) ;
#3913 = DIRECTION ( 'NONE',  ( -1.000000000000000000, 0.000000000000000000, 0.000000000000000000 ) ) ;
#3914 = CARTESIAN_POINT ( 'NONE',  ( 5.231128847850823327, -0.3545902002352908089, 1.000000000000000000 ) ) ;
#3915 = DIRECTION ( 'NONE',  ( 1.000000000000000000, 0.000000000000000000, 0.000000000000000000 ) ) ;
#3916 = ORIENTED_EDGE ( 'NONE', *, *, #4360, .F. ) ;
#3917 = EDGE_CURVE ( 'NONE', #8, #2685, #1325, .T. ) ;
#3918 = EDGE_CURVE ( 'NONE', #920, #1840, #4840, .T. ) ;
#3919 = LINE ( 'NONE', #791, #1351 ) ;
#3920 = CARTESIAN_POINT ( 'NONE',  ( 5.882371439009459024, 2.109281673631354881, 0.1250000000000000000 ) ) ;
#3921 = DIRECTION ( 'NONE',  ( 0.000000000000000000, 0.000000000000000000, 1.000000000000000000 ) ) ;
#3922 = ORIENTED_EDGE ( 'NONE', *, *, #4242, .F. ) ;
#3923 = EDGE_CURVE ( 'NONE', #3649, #2308, #3213, .T. ) ;
#3924 = DIRECTION ( 'NONE',  ( -0.000000000000000000, 0.000000000000000000, 1.000000000000000000 ) ) ;
#3925 = DIRECTION ( 'NONE',  ( -1.000000000000000000, 0.000000000000000000, 0.000000000000000000 ) ) ;
#3926 = CARTESIAN_POINT ( 'NONE',  ( 0.8189576286365950475, 2.049244634020912059, 0.8750000000000001110 ) ) ;
#3927 = CARTESIAN_POINT ( 'NONE',  ( 6.329505302214732509, -1.280347801564878818, 0.1250000000000000000 ) ) ;
#3928 = ORIENTED_EDGE ( 'NONE', *, *, #3765, .F. ) ;
#3929 = ORIENTED_EDGE ( 'NONE', *, *, #2993, .F. ) ;
#3930 = VERTEX_POINT ( 'NONE', #1370 ) ;
#3931 = CARTESIAN_POINT ( 'NONE',  ( -1.609166666667689816, 2.109281673631103970, -3.252606517456513302E-17 ) ) ;
#3932 = CARTESIAN_POINT ( 'NONE',  ( 7.541445012719064422, 0.9954955806955009256, 0.000000000000000000 ) ) ;
#3933 = ORIENTED_EDGE ( 'NONE', *, *, #2067, .T. ) ;
#3934 = ORIENTED_EDGE ( 'NONE', *, *, #4078, .T. ) ;
#3935 = DIRECTION ( 'NONE',  ( 0.000000000000000000, 0.000000000000000000, -1.000000000000000000 ) ) ;
#3936 = ORIENTED_EDGE ( 'NONE', *, *, #1562, .F. ) ;
#3937 = CARTESIAN_POINT ( 'NONE',  ( 0.3333333333328081238, 1.441144819429315049, 0.000000000000000000 ) ) ;
#3938 = VERTEX_POINT ( 'NONE', #4983 ) ;
#3939 = AXIS2_PLACEMENT_3D ( 'NONE', #2585, #324, #1455 ) ;
#3940 = AXIS2_PLACEMENT_3D ( 'NONE', #4288, #1154, #773 ) ;
#3941 = DIRECTION ( 'NONE',  ( 1.000000000000000000, -0.000000000000000000, 0.000000000000000000 ) ) ;
#3942 = CARTESIAN_POINT ( 'NONE',  ( -1.237753926001241345, 1.158014797514980820, 1.000000000000000000 ) ) ;
#3943 = ORIENTED_EDGE ( 'NONE', *, *, #594, .T. ) ;
#3944 = CIRCLE ( 'NONE', #2548, 0.1250000000000000000 ) ;
#3945 = VECTOR ( 'NONE', #663, 100.0000000000000000 ) ;
#3946 = ADVANCED_FACE ( 'NONE', ( #1802 ), #2578, .F. ) ;
#3947 = TOROIDAL_SURFACE ( 'NONE', #5009, 0.6250000000004989342, 0.1250000000000000000 ) ;
#3948 = AXIS2_PLACEMENT_3D ( 'NONE', #3142, #708, #4672 ) ;
#3949 = DIRECTION ( 'NONE',  ( 0.3061999316366915136, -0.9519672273065316048, 0.000000000000000000 ) ) ;
#3950 = CARTESIAN_POINT ( 'NONE',  ( 6.064215388975132903, 1.924244634020913391, 0.000000000000000000 ) ) ;
#3951 = DIRECTION ( 'NONE',  ( -1.000000000000000000, 0.000000000000000000, 0.000000000000000000 ) ) ;
#3952 = AXIS2_PLACEMENT_3D ( 'NONE', #310, #1380, #2589 ) ;
#3953 = CARTESIAN_POINT ( 'NONE',  ( 0.7445754485141860002, 1.859281673631104415, 0.8750000000000001110 ) ) ;
#3954 = ORIENTED_EDGE ( 'NONE', *, *, #3444, .F. ) ;
#3955 = ORIENTED_EDGE ( 'NONE', *, *, #3584, .F. ) ;
#3956 = AXIS2_PLACEMENT_3D ( 'NONE', #1366, #4101, #4977 ) ;
#3957 = CIRCLE ( 'NONE', #1004, 0.1249999999999998473 ) ;
#3958 = CARTESIAN_POINT ( 'NONE',  ( 8.275833333333304509, 2.109281673631105303, 0.8750000000000001110 ) ) ;
#3959 = DIRECTION ( 'NONE',  ( 1.000000000000000000, 0.000000000000000000, 0.000000000000000000 ) ) ;
#3960 = EDGE_CURVE ( 'NONE', #3308, #2738, #4764, .T. ) ;
#3961 = ORIENTED_EDGE ( 'NONE', *, *, #3598, .F. ) ;
#3962 = VERTEX_POINT ( 'NONE', #2137 ) ;
#3963 = VECTOR ( 'NONE', #2108, 100.0000000000000000 ) ;
#3964 = CARTESIAN_POINT ( 'NONE',  ( -1.166666666667192098, 2.859281673631353105, 1.000000000000000000 ) ) ;
#3965 = ORIENTED_EDGE ( 'NONE', *, *, #785, .F. ) ;
#3966 = CYLINDRICAL_SURFACE ( 'NONE', #197, 0.1250000000000001110 ) ;
#3967 = CIRCLE ( 'NONE', #4214, 0.1250000000000000278 ) ;
#3968 = ORIENTED_EDGE ( 'NONE', *, *, #1222, .T. ) ;
#3969 = AXIS2_PLACEMENT_3D ( 'NONE', #309, #1869, #3433 ) ;
#3970 = CARTESIAN_POINT ( 'NONE',  ( 1.554943926374584118, 2.385403991624745146, 0.000000000000000000 ) ) ;
#3971 = CARTESIAN_POINT ( 'NONE',  ( 6.385702312924597557, 1.219338597287962234, 1.000000000000000000 ) ) ;
#3972 = DIRECTION ( 'NONE',  ( 0.000000000000000000, 0.000000000000000000, 1.000000000000000000 ) ) ;
#3973 = CARTESIAN_POINT ( 'NONE',  ( 1.737906798406520625, -0.1327839780938539771, 0.000000000000000000 ) ) ;
#3974 = CIRCLE ( 'NONE', #1761, 0.6250000000004976020 ) ;
#3975 = DIRECTION ( 'NONE',  ( 1.000000000000000000, 0.000000000000000000, -0.000000000000000000 ) ) ;
#3976 = CARTESIAN_POINT ( 'NONE',  ( 2.288345756550462351, 1.321177038543340565, 0.1250000000000000000 ) ) ;
#3977 = CIRCLE ( 'NONE', #4630, 0.2500000000000002220 ) ;
#3978 = EDGE_CURVE ( 'NONE', #2621, #2615, #3701, .T. ) ;
#3979 = CARTESIAN_POINT ( 'NONE',  ( 0.3333333333328081238, 2.359281673631354881, 0.1250000000000000000 ) ) ;
#3980 = EDGE_CURVE ( 'NONE', #3982, #696, #1825, .T. ) ;
#3981 = ORIENTED_EDGE ( 'NONE', *, *, #2364, .T. ) ;
#3982 = VERTEX_POINT ( 'NONE', #1836 ) ;
#3983 = CARTESIAN_POINT ( 'NONE',  ( 7.833333333332806347, 2.109281673631105303, 0.1249999999999999445 ) ) ;
#3984 = EDGE_CURVE ( 'NONE', #243, #4883, #2971, .T. ) ;
#3985 = CARTESIAN_POINT ( 'NONE',  ( 1.536327478678660041, -0.2806547928547558080, 0.1250000000000001110 ) ) ;
#3986 = DIRECTION ( 'NONE',  ( -0.7379946335230571641, 0.6748065803555628461, -0.000000000000000000 ) ) ;
#3987 = ORIENTED_EDGE ( 'NONE', *, *, #2169, .T. ) ;
#3988 = ORIENTED_EDGE ( 'NONE', *, *, #3584, .T. ) ;
#3989 = EDGE_CURVE ( 'NONE', #2583, #2743, #3291, .T. ) ;
#3990 = AXIS2_PLACEMENT_3D ( 'NONE', #3605, #1686, #533 ) ;
#3991 = CARTESIAN_POINT ( 'NONE',  ( 6.083333333332806347, 1.441144819429314827, 0.1250000000000000000 ) ) ;
#3992 = ORIENTED_EDGE ( 'NONE', *, *, #4413, .T. ) ;
#3993 = CARTESIAN_POINT ( 'NONE',  ( 7.833333333332806347, 2.859281673631354881, 1.000000000000000000 ) ) ;
#3994 = ORIENTED_EDGE ( 'NONE', *, *, #4654, .T. ) ;
#3995 = EDGE_CURVE ( 'NONE', #589, #3343, #1082, .T. ) ;
#3996 = LINE ( 'NONE', #4427, #4184 ) ;
#3997 = CARTESIAN_POINT ( 'NONE',  ( 0.3371613644508809071, -1.280347801564878818, 0.1250000000000000000 ) ) ;
#3998 = DIRECTION ( 'NONE',  ( -0.7379946335230571641, 0.6748065803555627351, 0.000000000000000000 ) ) ;
#3999 = EDGE_CURVE ( 'NONE', #2685, #345, #3465, .T. ) ;
#4000 = CARTESIAN_POINT ( 'NONE',  ( 7.833333333332806347, 2.109281673631105303, 0.8750000000000001110 ) ) ;
#4001 = DIRECTION ( 'NONE',  ( 0.000000000000000000, -1.000000000000000000, 0.000000000000000000 ) ) ;
#4002 = EDGE_LOOP ( 'NONE', ( #3734, #2523, #576, #2158, #2727 ) ) ;
#4003 = ORIENTED_EDGE ( 'NONE', *, *, #3168, .T. ) ;
#4004 = DIRECTION ( 'NONE',  ( -0.000000000000000000, 0.000000000000000000, 1.000000000000000000 ) ) ;
#4005 = DIRECTION ( 'NONE',  ( -0.000000000000000000, 0.000000000000000000, 1.000000000000000000 ) ) ;
#4006 = DIRECTION ( 'NONE',  ( -0.6748065803555636233, 0.7379946335230563870, 0.000000000000000000 ) ) ;
#4007 = ORIENTED_EDGE ( 'NONE', *, *, #619, .T. ) ;
#4008 = ORIENTED_EDGE ( 'NONE', *, *, #1959, .F. ) ;
#4009 = EDGE_CURVE ( 'NONE', #2889, #4343, #3795, .T. ) ;
#4010 = LINE ( 'NONE', #4749, #1604 ) ;
#4011 = ORIENTED_EDGE ( 'NONE', *, *, #657, .T. ) ;
#4012 = DIRECTION ( 'NONE',  ( 1.000000000000000000, 0.000000000000000000, 0.000000000000000000 ) ) ;
#4013 = LINE ( 'NONE', #2892, #1326 ) ;
#4014 = DIRECTION ( 'NONE',  ( -0.5286605404450581691, -0.8488333363955136157, 0.000000000000000000 ) ) ;
#4015 = AXIS2_PLACEMENT_3D ( 'NONE', #3500, #3114, #4678 ) ;
#4016 = DIRECTION ( 'NONE',  ( -0.000000000000000000, 0.000000000000000000, 1.000000000000000000 ) ) ;
#4017 = CARTESIAN_POINT ( 'NONE',  ( 1.833333333332808124, 2.359281673631354881, 0.000000000000000000 ) ) ;
#4018 = AXIS2_PLACEMENT_3D ( 'NONE', #609, #230, #1580 ) ;
#4019 = DIRECTION ( 'NONE',  ( 1.000000000000000000, 0.000000000000000000, 0.000000000000000000 ) ) ;
#4020 = ORIENTED_EDGE ( 'NONE', *, *, #1745, .F. ) ;
#4021 = AXIS2_PLACEMENT_3D ( 'NONE', #3232, #1741, #4789 ) ;
#4022 = VERTEX_POINT ( 'NONE', #3477 ) ;
#4023 = TOROIDAL_SURFACE ( 'NONE', #4361, 0.6250000000000000000, 0.1250000000000000000 ) ;
#4024 = DIRECTION ( 'NONE',  ( 1.000000000000000000, 0.000000000000000000, 0.000000000000000000 ) ) ;
#4025 = DIRECTION ( 'NONE',  ( 1.000000000000000000, 0.000000000000000000, 0.000000000000000000 ) ) ;
#4026 = CARTESIAN_POINT ( 'NONE',  ( 3.686298393610226931, -2.855506834722219889, 0.8750000000000001110 ) ) ;
#4027 = AXIS2_PLACEMENT_3D ( 'NONE', #3402, #4960, #1057 ) ;
#4028 = VERTEX_POINT ( 'NONE', #781 ) ;
#4029 = VERTEX_POINT ( 'NONE', #1117 ) ;
#4030 = VECTOR ( 'NONE', #3833, 100.0000000000000142 ) ;
#4031 = CIRCLE ( 'NONE', #1584, 0.3750000000000000000 ) ;
#4032 = LINE ( 'NONE', #860, #914 ) ;
#4033 = EDGE_CURVE ( 'NONE', #1631, #4332, #4110, .T. ) ;
#4034 = VERTEX_POINT ( 'NONE', #2350 ) ;
#4035 = EDGE_CURVE ( 'NONE', #1990, #589, #4321, .T. ) ;
#4036 = LINE ( 'NONE', #2019, #4612 ) ;
#4037 = ORIENTED_EDGE ( 'NONE', *, *, #3450, .T. ) ;
#4038 = VERTEX_POINT ( 'NONE', #418 ) ;
#4039 = TOROIDAL_SURFACE ( 'NONE', #686, 0.3750000000000000000, 0.1250000000000000000 ) ;
#4040 = ADVANCED_FACE ( 'NONE', ( #320 ), #3447, .T. ) ;
#4041 = AXIS2_PLACEMENT_3D ( 'NONE', #2141, #3757, #2580 ) ;
#4042 = DIRECTION ( 'NONE',  ( 0.000000000000000000, 0.000000000000000000, -1.000000000000000000 ) ) ;
#4043 = CARTESIAN_POINT ( 'NONE',  ( 1.737906798406520625, -0.1327839780938539771, 0.8750000000000001110 ) ) ;
#4044 = AXIS2_PLACEMENT_3D ( 'NONE', #2046, #4431, #4736 ) ;
#4045 = CARTESIAN_POINT ( 'NONE',  ( 1.914784329451619804, -0.3094597800911561003, 0.1250000000000000000 ) ) ;
#4046 = CARTESIAN_POINT ( 'NONE',  ( 7.541445012719064422, 0.9954955806955009256, 0.1249999999999999445 ) ) ;
#4047 = CARTESIAN_POINT ( 'NONE',  ( 8.255087446055032530, 1.648035027679193743, 1.000000000000000000 ) ) ;
#4048 = ORIENTED_EDGE ( 'NONE', *, *, #670, .T. ) ;
#4049 = EDGE_LOOP ( 'NONE', ( #4556, #460, #1242, #3929 ) ) ;
#4050 = CIRCLE ( 'NONE', #2266, 0.1250000000000000000 ) ;
#4051 = LINE ( 'NONE', #3621, #2653 ) ;
#4052 = EDGE_CURVE ( 'NONE', #2680, #3403, #274, .T. ) ;
#4053 = DIRECTION ( 'NONE',  ( 1.000000000000000000, 0.000000000000000000, 0.000000000000000000 ) ) ;
#4054 = CARTESIAN_POINT ( 'NONE',  ( 0.09741792021179794536, 0.1065400137138594050, 0.8750000000000001110 ) ) ;
#4055 = ORIENTED_EDGE ( 'NONE', *, *, #196, .F. ) ;
#4056 = AXIS2_PLACEMENT_3D ( 'NONE', #4155, #1464, #3832 ) ;
#4057 = EDGE_LOOP ( 'NONE', ( #4550, #4793, #471, #2597 ) ) ;
#4058 = DIRECTION ( 'NONE',  ( 0.6123874982331680705, -0.7905577474212250877, 0.000000000000000000 ) ) ;
#4059 = DIRECTION ( 'NONE',  ( 1.000000000000000000, 0.000000000000000000, 0.000000000000000000 ) ) ;
#4060 = ADVANCED_FACE ( 'NONE', ( #1218 ), #1882, .T. ) ;
#4061 = ORIENTED_EDGE ( 'NONE', *, *, #2915, .T. ) ;
#4062 = CYLINDRICAL_SURFACE ( 'NONE', #5020, 0.1250000000000000000 ) ;
#4063 = ORIENTED_EDGE ( 'NONE', *, *, #376, .T. ) ;
#4064 = CARTESIAN_POINT ( 'NONE',  ( 5.130339187986892036, -0.2806547928548404069, 0.1250000000000000000 ) ) ;
#4065 = DIRECTION ( 'NONE',  ( 1.000000000000000000, 0.000000000000000000, 0.000000000000000000 ) ) ;
#4066 = CYLINDRICAL_SURFACE ( 'NONE', #4689, 1.000000000000000000 ) ;
#4067 = EDGE_CURVE ( 'NONE', #664, #8, #4603, .T. ) ;
#4068 = DIRECTION ( 'NONE',  ( 1.000000000000000000, 0.000000000000000000, 0.000000000000000000 ) ) ;
#4069 = DIRECTION ( 'NONE',  ( 0.000000000000000000, 0.000000000000000000, -1.000000000000000000 ) ) ;
#4070 = EDGE_LOOP ( 'NONE', ( #3559, #1850, #4449, #674 ) ) ;
#4071 = VERTEX_POINT ( 'NONE', #3932 ) ;
#4072 = CARTESIAN_POINT ( 'NONE',  ( 2.020967754350238899, -0.09968527303516640237, 0.1250000000000000000 ) ) ;
#4073 = DIRECTION ( 'NONE',  ( 1.000000000000000000, 0.000000000000000000, 0.000000000000000000 ) ) ;
#4074 = CARTESIAN_POINT ( 'NONE',  ( 4.895698912315332940, -0.09968527303524156447, 0.1250000000000000000 ) ) ;
#4075 = DIRECTION ( 'NONE',  ( 1.000000000000000000, 0.000000000000000000, 0.000000000000000000 ) ) ;
#4076 = VERTEX_POINT ( 'NONE', #3910 ) ;
#4077 = EDGE_LOOP ( 'NONE', ( #3545, #3187, #3759, #2245 ) ) ;
#4078 = EDGE_CURVE ( 'NONE', #3308, #1873, #11, .T. ) ;
#4079 = CARTESIAN_POINT ( 'NONE',  ( 1.770967754350238899, -0.09968527303516640237, 0.000000000000000000 ) ) ;
#4080 = DIRECTION ( 'NONE',  ( -0.7379946335230570531, -0.6748065803555628461, -0.000000000000000000 ) ) ;
#4081 = EDGE_LOOP ( 'NONE', ( #1922, #2940, #5055, #1448 ) ) ;
#4082 = FACE_OUTER_BOUND ( 'NONE', #2917, .T. ) ;
#4083 = ORIENTED_EDGE ( 'NONE', *, *, #657, .F. ) ;
#4084 = EDGE_LOOP ( 'NONE', ( #317, #2901, #3916, #4141 ) ) ;
#4085 = PRODUCT ( 'triangular coupling', 'triangular coupling', '', ( #1786 ) ) ;
#4086 = FACE_BOUND ( 'NONE', #1033, .T. ) ;
#4087 = DIRECTION ( 'NONE',  ( 0.7379946335230561649, 0.6748065803555639564, -0.000000000000000000 ) ) ;
#4088 = DIRECTION ( 'NONE',  ( 0.000000000000000000, 0.000000000000000000, 1.000000000000000000 ) ) ;
#4089 = AXIS2_PLACEMENT_3D ( 'NONE', #3847, #1891, #5048 ) ;
#4090 = CARTESIAN_POINT ( 'NONE',  ( 1.987474105296348936, 0.02531472696483310150, 0.1249999999999999445 ) ) ;
#4091 = CARTESIAN_POINT ( 'NONE',  ( 4.630382615747569375, -0.3646989760310797579, 1.000000000000000000 ) ) ;
#4092 = DIRECTION ( 'NONE',  ( 0.000000000000000000, 0.000000000000000000, -1.000000000000000000 ) ) ;
#4093 = ORIENTED_EDGE ( 'NONE', *, *, #2064, .T. ) ;
#4094 = EDGE_CURVE ( 'NONE', #4244, #3372, #350, .T. ) ;
#4095 = VERTEX_POINT ( 'NONE', #342 ) ;
#4096 = AXIS2_PLACEMENT_3D ( 'NONE', #2256, #2999, #3381 ) ;
#4097 = CARTESIAN_POINT ( 'NONE',  ( -1.916666666667689256, 2.109281673631104415, 0.8750000000000001110 ) ) ;
#4098 = CARTESIAN_POINT ( 'NONE',  ( 5.901514293091268293, 2.262816894875282703, 1.000000000000000000 ) ) ;
#4099 = CARTESIAN_POINT ( 'NONE',  ( 4.928759868259032118, -0.1327839780939381598, 0.8750000000000001110 ) ) ;
#4100 = AXIS2_PLACEMENT_3D ( 'NONE', #4462, #80, #487 ) ;
#4101 = DIRECTION ( 'NONE',  ( -0.6748065803555628461, 0.7379946335230570531, 0.000000000000000000 ) ) ;
#4102 = EDGE_LOOP ( 'NONE', ( #330, #3473, #1986, #2782 ) ) ;
#4103 = VECTOR ( 'NONE', #2943, 100.0000000000000000 ) ;
#4104 = AXIS2_PLACEMENT_3D ( 'NONE', #2030, #2459, #2795 ) ;
#4105 = EDGE_LOOP ( 'NONE', ( #3911, #4682, #1629, #1551 ) ) ;
#4106 = TOROIDAL_SURFACE ( 'NONE', #2887, 0.8750000000004970468, 0.1250000000000000000 ) ;
#4107 = DIRECTION ( 'NONE',  ( -0.6123874982331677375, 0.7905577474212255318, 0.000000000000000000 ) ) ;
#4108 = AXIS2_PLACEMENT_3D ( 'NONE', #2570, #621, #4130 ) ;
#4109 = CARTESIAN_POINT ( 'NONE',  ( 1.609820352766027529, 0.9294302140163981374, 0.000000000000000000 ) ) ;
#4110 = CIRCLE ( 'NONE', #996, 0.1249999999999998612 ) ;
#4111 = ADVANCED_FACE ( 'NONE', ( #1138 ), #1601, .T. ) ;
#4112 = ORIENTED_EDGE ( 'NONE', *, *, #2452, .F. ) ;
#4113 = LINE ( 'NONE', #603, #3149 ) ;
#4114 = ORIENTED_EDGE ( 'NONE', *, *, #2611, .F. ) ;
#4115 = TOROIDAL_SURFACE ( 'NONE', #1907, 0.6250000000004989342, 0.1250000000000000000 ) ;
#4116 = LINE ( 'NONE', #1015, #258 ) ;
#4117 = DIRECTION ( 'NONE',  ( -0.8063172789114394501, 0.5914832590436114312, 0.000000000000000000 ) ) ;
#4118 = DIRECTION ( 'NONE',  ( -0.000000000000000000, 0.000000000000000000, 1.000000000000000000 ) ) ;
#4119 = AXIS2_PLACEMENT_3D ( 'NONE', #245, #575, #2198 ) ;
#4120 = AXIS2_PLACEMENT_3D ( 'NONE', #2645, #4515, #3805 ) ;
#4121 = CARTESIAN_POINT ( 'NONE',  ( 3.022692374939959237, -3.305733548599004479, 0.1249999999999999445 ) ) ;
#4122 = DIRECTION ( 'NONE',  ( -0.000000000000000000, 0.000000000000000000, 1.000000000000000000 ) ) ;
#4123 = CYLINDRICAL_SURFACE ( 'NONE', #1408, 0.1250000000000000278 ) ;
#4124 = VERTEX_POINT ( 'NONE', #1934 ) ;
#4125 = ORIENTED_EDGE ( 'NONE', *, *, #4480, .T. ) ;
#4126 = CIRCLE ( 'NONE', #934, 0.1250000000000000278 ) ;
#4127 = EDGE_CURVE ( 'NONE', #3596, #3436, #3497, .T. ) ;
#4128 = EDGE_CURVE ( 'NONE', #3581, #3060, #106, .T. ) ;
#4129 = LINE ( 'NONE', #2188, #2739 ) ;
#4130 = DIRECTION ( 'NONE',  ( 1.000000000000000000, 0.000000000000000000, 0.000000000000000000 ) ) ;
#4131 = AXIS2_PLACEMENT_3D ( 'NONE', #2336, #3895, #3288 ) ;
#4132 = DIRECTION ( 'NONE',  ( -0.4999999999999988343, 0.8660254037844393737, 0.000000000000000000 ) ) ;
#4133 = CARTESIAN_POINT ( 'NONE',  ( 0.09741792021179794536, 0.1065400137138594050, 0.8750000000000001110 ) ) ;
#4134 = ORIENTED_EDGE ( 'NONE', *, *, #1335, .T. ) ;
#4135 = ORIENTED_EDGE ( 'NONE', *, *, #2322, .F. ) ;
#4136 = VECTOR ( 'NONE', #1521, 100.0000000000000000 ) ;
#4137 = EDGE_CURVE ( 'NONE', #113, #259, #4938, .T. ) ;
#4138 = DIRECTION ( 'NONE',  ( 0.000000000000000000, 1.000000000000000000, -0.000000000000000000 ) ) ;
#4139 = CARTESIAN_POINT ( 'NONE',  ( 1.947845285395338299, -0.2763610750324688170, 0.8750000000000001110 ) ) ;
#4140 = CIRCLE ( 'NONE', #135, 0.2500000000000000555 ) ;
#4141 = ORIENTED_EDGE ( 'NONE', *, *, #4267, .F. ) ;
#4142 = CARTESIAN_POINT ( 'NONE',  ( 0.9272108041096500664, 2.111744634020912059, 1.000000000000000000 ) ) ;
#4143 = VERTEX_POINT ( 'NONE', #4817 ) ;
#4144 = EDGE_CURVE ( 'NONE', #4399, #3308, #4398, .T. ) ;
#4145 = LINE ( 'NONE', #4195, #4350 ) ;
#4146 = DIRECTION ( 'NONE',  ( -0.000000000000000000, 0.000000000000000000, 1.000000000000000000 ) ) ;
#4147 = DIRECTION ( 'NONE',  ( 0.7905577474212254208, 0.6123874982331677375, 0.000000000000000000 ) ) ;
#4148 = EDGE_CURVE ( 'NONE', #38, #2366, #1174, .T. ) ;
#4149 = CARTESIAN_POINT ( 'NONE',  ( 4.425570847601670188, -0.6679479382914954577, 0.1250000000000000000 ) ) ;
#4150 = FACE_OUTER_BOUND ( 'NONE', #4203, .T. ) ;
#4151 = DIRECTION ( 'NONE',  ( 0.7067032079889025153, -0.7075101241807032482, 0.000000000000000000 ) ) ;
#4152 = ORIENTED_EDGE ( 'NONE', *, *, #2230, .T. ) ;
#4153 = ORIENTED_EDGE ( 'NONE', *, *, #4205, .T. ) ;
#4154 = DIRECTION ( 'NONE',  ( 1.000000000000000000, 0.000000000000000000, 0.000000000000000000 ) ) ;
#4155 = CARTESIAN_POINT ( 'NONE',  ( 8.255087446055032530, 1.648035027679193743, 0.8750000000000001110 ) ) ;
#4156 = DIRECTION ( 'NONE',  ( 1.000000000000000000, -1.850371707708594366E-15, 0.000000000000000000 ) ) ;
#4157 = ORIENTED_EDGE ( 'NONE', *, *, #3103, .T. ) ;
#4158 = ORIENTED_EDGE ( 'NONE', *, *, #1125, .T. ) ;
#4159 = ADVANCED_FACE ( 'NONE', ( #4846 ), #2833, .T. ) ;
#4160 = DIRECTION ( 'NONE',  ( -0.000000000000000000, -0.000000000000000000, -1.000000000000000000 ) ) ;
#4161 = DIRECTION ( 'NONE',  ( -0.4999999999999975575, 0.8660254037844400399, -0.000000000000000000 ) ) ;
#4162 = ORIENTED_EDGE ( 'NONE', *, *, #1612, .F. ) ;
#4163 = CARTESIAN_POINT ( 'NONE',  ( 2.938341552395513645, -3.213484219408622167, 0.8750000000000001110 ) ) ;
#4164 = ORIENTED_EDGE ( 'NONE', *, *, #734, .F. ) ;
#4165 = EDGE_CURVE ( 'NONE', #2850, #1518, #1677, .T. ) ;
#4166 = EDGE_LOOP ( 'NONE', ( #3399, #2857, #4893, #4856 ) ) ;
#4167 = DIRECTION ( 'NONE',  ( 0.4999999999999977796, -0.8660254037844399289, 0.000000000000000000 ) ) ;
#4168 = DIRECTION ( 'NONE',  ( 1.000000000000000000, 0.000000000000000000, 0.000000000000000000 ) ) ;
#4169 = DIRECTION ( 'NONE',  ( 1.000000000000000000, -6.476300976980073771E-15, 0.000000000000000000 ) ) ;
#4170 = CARTESIAN_POINT ( 'NONE',  ( 4.093333333332775936, -1.666666666666644092, 0.1249999999999999445 ) ) ;
#4171 = EDGE_CURVE ( 'NONE', #4750, #4775, #3798, .T. ) ;
#4172 = EDGE_LOOP ( 'NONE', ( #3037, #2285, #4973, #1792 ) ) ;
#4173 = PRODUCT_DEFINITION_CONTEXT ( 'detailed design', #4830, 'design' ) ;
#4174 = CARTESIAN_POINT ( 'NONE',  ( -0.5629473456456782765, 1.896009431038038207, 0.8750000000000001110 ) ) ;
#4175 = DIRECTION ( 'NONE',  ( 0.000000000000000000, 0.000000000000000000, 1.000000000000000000 ) ) ;
#4176 = CARTESIAN_POINT ( 'NONE',  ( 3.570117909547400270, -2.618900811799387274, 1.000000000000000000 ) ) ;
#4177 = CARTESIAN_POINT ( 'NONE',  ( -1.166666666667192098, 2.859281673631353105, 0.8750000000000001110 ) ) ;
#4178 = EDGE_LOOP ( 'NONE', ( #2922, #633, #1770, #2579 ) ) ;
#4179 = EDGE_LOOP ( 'NONE', ( #2935, #994, #1209, #2763 ) ) ;
#4180 = AXIS2_PLACEMENT_3D ( 'NONE', #399, #2017, #3935 ) ;
#4181 = LINE ( 'NONE', #5034, #375 ) ;
#4182 = CARTESIAN_POINT ( 'NONE',  ( 3.333333333332808568, -1.666666666666644092, 0.1249999999999999445 ) ) ;
#4183 = ORIENTED_EDGE ( 'NONE', *, *, #1852, .F. ) ;
#4184 = VECTOR ( 'NONE', #2043, 99.99999999999998579 ) ;
#4185 = VECTOR ( 'NONE', #3659, 100.0000000000000000 ) ;
#4186 = VERTEX_POINT ( 'NONE', #451 ) ;
#4187 = CIRCLE ( 'NONE', #432, 0.1249999999999999861 ) ;
#4188 = VECTOR ( 'NONE', #4336, 100.0000000000000000 ) ;
#4189 = ORIENTED_EDGE ( 'NONE', *, *, #4729, .F. ) ;
#4190 = CIRCLE ( 'NONE', #1251, 0.1249999999999999722 ) ;
#4191 = AXIS2_PLACEMENT_3D ( 'NONE', #651, #629, #1471 ) ;
#4192 = ADVANCED_FACE ( 'NONE', ( #2877 ), #4796, .T. ) ;
#4193 = AXIS2_PLACEMENT_3D ( 'NONE', #1256, #2453, #129 ) ;
#4194 = EDGE_CURVE ( 'NONE', #777, #4594, #4533, .T. ) ;
#4195 = CARTESIAN_POINT ( 'NONE',  ( 0.2083333333328080961, 1.934843059629778539, 1.000000000000000000 ) ) ;
#4196 = DIRECTION ( 'NONE',  ( -0.5914832590436079895, -0.8063172789114421146, 0.000000000000000000 ) ) ;
#4197 = CYLINDRICAL_SURFACE ( 'NONE', #3796, 0.1250000000000000000 ) ;
#4198 = AXIS2_PLACEMENT_3D ( 'NONE', #5054, #2365, #411 ) ;
#4199 = VECTOR ( 'NONE', #367, 100.0000000000000000 ) ;
#4200 = CARTESIAN_POINT ( 'NONE',  ( 4.630382615747569375, -0.3646989760310795914, 0.1250000000000000000 ) ) ;
#4201 = CIRCLE ( 'NONE', #1994, 0.1250000000000000000 ) ;
#4202 = CARTESIAN_POINT ( 'NONE',  ( 2.843696304414647269, 0.6092816736313556580, 0.1250000000000000000 ) ) ;
#4203 = EDGE_LOOP ( 'NONE', ( #397, #4875, #398, #1295 ) ) ;
#4204 = AXIS2_PLACEMENT_3D ( 'NONE', #1011, #2939, #3733 ) ;
#4205 = EDGE_CURVE ( 'NONE', #3908, #696, #2731, .T. ) ;
#4206 = DIRECTION ( 'NONE',  ( 0.5286605404445556822, -0.8488333363958264766, 0.000000000000000000 ) ) ;
#4207 = DIRECTION ( 'NONE',  ( -0.000000000000000000, 0.000000000000000000, 1.000000000000000000 ) ) ;
#4208 = DIRECTION ( 'NONE',  ( -0.000000000000000000, -0.000000000000000000, -1.000000000000000000 ) ) ;
#4209 = CARTESIAN_POINT ( 'NONE',  ( 4.630382615747568487, -0.3646989760310797024, 0.000000000000000000 ) ) ;
#4210 = AXIS2_PLACEMENT_3D ( 'NONE', #1513, #3949, #1897 ) ;
#4211 = ORIENTED_EDGE ( 'NONE', *, *, #3882, .T. ) ;
#4212 = VERTEX_POINT ( 'NONE', #2445 ) ;
#4213 = EDGE_CURVE ( 'NONE', #299, #3835, #2855, .T. ) ;
#4214 = AXIS2_PLACEMENT_3D ( 'NONE', #4952, #2617, #1924 ) ;
#4215 = CARTESIAN_POINT ( 'NONE',  ( 2.843696304414647269, 0.6092816736313556580, 0.000000000000000000 ) ) ;
#4216 = CARTESIAN_POINT ( 'NONE',  ( 5.943002695480775088, 2.142893857517917500, 0.8750000000000001110 ) ) ;
#4217 = ORIENTED_EDGE ( 'NONE', *, *, #2931, .T. ) ;
#4218 = ORIENTED_EDGE ( 'NONE', *, *, #1815, .T. ) ;
#4219 = AXIS2_PLACEMENT_3D ( 'NONE', #4149, #3023, #2612 ) ;
#4220 = ORIENTED_EDGE ( 'NONE', *, *, #1028, .T. ) ;
#4221 = ADVANCED_FACE ( 'NONE', ( #3646 ), #3281, .T. ) ;
#4222 = AXIS2_PLACEMENT_3D ( 'NONE', #2577, #2600, #4982 ) ;
#4223 = DIRECTION ( 'NONE',  ( 0.000000000000000000, -1.000000000000000000, 0.000000000000000000 ) ) ;
#4224 = CARTESIAN_POINT ( 'NONE',  ( 0.7236639711848424916, 2.142893857517917056, 1.000000000000000000 ) ) ;
#4225 = DIRECTION ( 'NONE',  ( 1.000000000000000000, 0.000000000000000000, 0.000000000000000000 ) ) ;
#4226 = EDGE_CURVE ( 'NONE', #920, #1702, #2013, .T. ) ;
#4227 = CARTESIAN_POINT ( 'NONE',  ( 4.928759868259032118, -0.1327839780939381598, 0.1250000000000001110 ) ) ;
#4228 = EDGE_CURVE ( 'NONE', #3872, #1368, #193, .T. ) ;
#4229 = CARTESIAN_POINT ( 'NONE',  ( 2.735443128941593027, 0.5467816736313562131, 0.1250000000000000000 ) ) ;
#4230 = CARTESIAN_POINT ( 'NONE',  ( 1.737906798406520625, -0.1327839780938539771, 0.8750000000000001110 ) ) ;
#4231 = ORIENTED_EDGE ( 'NONE', *, *, #3712, .T. ) ;
#4232 = ADVANCED_FACE ( 'NONE', ( #476 ), #3186, .T. ) ;
#4233 = TOROIDAL_SURFACE ( 'NONE', #3091, 0.8750000000000001110, 0.1250000000000000000 ) ;
#4234 = CARTESIAN_POINT ( 'NONE',  ( 3.678632794953562435, 0.3592816736313547143, 0.000000000000000000 ) ) ;
#4235 = CARTESIAN_POINT ( 'NONE',  ( 5.922091218152168324, 2.734281673631104859, 0.1249999999999999445 ) ) ;
#4236 = FACE_OUTER_BOUND ( 'NONE', #2462, .T. ) ;
#4237 = DIRECTION ( 'NONE',  ( 0.000000000000000000, 0.000000000000000000, 1.000000000000000000 ) ) ;
#4238 = ORIENTED_EDGE ( 'NONE', *, *, #634, .F. ) ;
#4239 = ORIENTED_EDGE ( 'NONE', *, *, #2992, .T. ) ;
#4240 = DIRECTION ( 'NONE',  ( -0.7075101241803971597, 0.7067032079892089369, 0.000000000000000000 ) ) ;
#4241 = DIRECTION ( 'NONE',  ( -0.000000000000000000, 0.000000000000000000, 1.000000000000000000 ) ) ;
#4242 = EDGE_CURVE ( 'NONE', #1293, #3516, #3217, .T. ) ;
#4243 = EDGE_LOOP ( 'NONE', ( #3011, #1597, #2045, #4948 ) ) ;
#4244 = VERTEX_POINT ( 'NONE', #2036 ) ;
#4245 = DIRECTION ( 'NONE',  ( -0.7379946335230570531, -0.6748065803555628461, 0.000000000000000000 ) ) ;
#4246 = LINE ( 'NONE', #3096, #2553 ) ;
#4247 = DIRECTION ( 'NONE',  ( 0.000000000000000000, 0.000000000000000000, 1.000000000000000000 ) ) ;
#4248 = EDGE_LOOP ( 'NONE', ( #944, #2856, #835, #151 ) ) ;
#4249 = CARTESIAN_POINT ( 'NONE',  ( 8.458333333333305504, 2.109281673631105303, 0.1249999999999999445 ) ) ;
#4250 = LINE ( 'NONE', #384, #3208 ) ;
#4251 = CARTESIAN_POINT ( 'NONE',  ( -3.306708695785421849E-16, 2.859281673631104415, 1.000000000000000000 ) ) ;
#4252 = VERTEX_POINT ( 'NONE', #3595 ) ;
#4253 = CARTESIAN_POINT ( 'NONE',  ( 2.020967754350238899, -0.09968527303516640237, 0.8750000000000001110 ) ) ;
#4254 = FACE_OUTER_BOUND ( 'NONE', #170, .T. ) ;
#4255 = ADVANCED_FACE ( 'NONE', ( #2055 ), #1647, .T. ) ;
#4256 = DIRECTION ( 'NONE',  ( 1.000000000000000000, 0.000000000000000000, 0.000000000000000000 ) ) ;
#4257 = DIRECTION ( 'NONE',  ( 1.000000000000000000, 2.645453300864632002E-15, 0.000000000000000000 ) ) ;
#4258 = ADVANCED_FACE ( 'NONE', ( #1699 ), #1798, .F. ) ;
#4259 = ORIENTED_EDGE ( 'NONE', *, *, #719, .T. ) ;
#4260 = ORIENTED_EDGE ( 'NONE', *, *, #2705, .F. ) ;
#4261 = VECTOR ( 'NONE', #3415, 100.0000000000000000 ) ;
#4262 = DIRECTION ( 'NONE',  ( 0.4999999999999987788, 0.8660254037844394848, -3.827177780678897250E-15 ) ) ;
#4263 = DIRECTION ( 'NONE',  ( 0.000000000000000000, 0.000000000000000000, -1.000000000000000000 ) ) ;
#4264 = ORIENTED_EDGE ( 'NONE', *, *, #422, .T. ) ;
#4265 = AXIS2_PLACEMENT_3D ( 'NONE', #3991, #4777, #550 ) ;
#4266 = ORIENTED_EDGE ( 'NONE', *, *, #2288, .F. ) ;
#4267 = EDGE_CURVE ( 'NONE', #2567, #4095, #3296, .T. ) ;
#4268 = CIRCLE ( 'NONE', #4760, 0.7500000000004977130 ) ;
#4269 = DIRECTION ( 'NONE',  ( 1.000000000000000000, 0.000000000000000000, 0.000000000000000000 ) ) ;
#4270 = DIRECTION ( 'NONE',  ( 0.000000000000000000, 0.000000000000000000, 1.000000000000000000 ) ) ;
#4271 = AXIS2_PLACEMENT_3D ( 'NONE', #3364, #4954, #219 ) ;
#4272 = DIRECTION ( 'NONE',  ( -0.7075101241803966046, 0.7067032079892093810, 0.000000000000000000 ) ) ;
#4273 = ORIENTED_EDGE ( 'NONE', *, *, #3351, .T. ) ;
#4274 = AXIS2_PLACEMENT_3D ( 'NONE', #205, #3567, #152 ) ;
#4275 = CIRCLE ( 'NONE', #2063, 0.4425000000004978840 ) ;
#4276 = TOROIDAL_SURFACE ( 'NONE', #512, 0.8750000000000001110, 0.1250000000000000000 ) ;
#4277 = VECTOR ( 'NONE', #3681, 100.0000000000000000 ) ;
#4278 = EDGE_CURVE ( 'NONE', #2605, #1191, #1417, .T. ) ;
#4279 = CARTESIAN_POINT ( 'NONE',  ( 0.2164567644897085474, 0.5084280304192022593, 0.000000000000000000 ) ) ;
#4280 = DIRECTION ( 'NONE',  ( 1.224646799147353207E-16, 1.000000000000000000, 0.000000000000000000 ) ) ;
#4281 = DIRECTION ( 'NONE',  ( 0.000000000000000000, 1.000000000000000000, 0.000000000000000000 ) ) ;
#4282 = VECTOR ( 'NONE', #4161, 100.0000000000000000 ) ;
#4283 = EDGE_LOOP ( 'NONE', ( #1374, #5044, #1808, #4811 ) ) ;
#4284 = AXIS2_PLACEMENT_3D ( 'NONE', #78, #555, #2819 ) ;
#4285 = AXIS2_PLACEMENT_3D ( 'NONE', #596, #2906, #4075 ) ;
#4286 = CARTESIAN_POINT ( 'NONE',  ( 2.135483922938033796, 2.133048400822015633, 0.000000000000000000 ) ) ;
#4287 = DIRECTION ( 'NONE',  ( -0.000000000000000000, 0.000000000000000000, 1.000000000000000000 ) ) ;
#4288 = CARTESIAN_POINT ( 'NONE',  ( -1.166666666667191876, 2.109281673631104415, 0.8750000000000001110 ) ) ;
#4289 = CARTESIAN_POINT ( 'NONE',  ( 5.538947554793508310, -0.6679603033317117466, 0.000000000000000000 ) ) ;
#4290 = ORIENTED_EDGE ( 'NONE', *, *, #2169, .F. ) ;
#4291 = CIRCLE ( 'NONE', #3222, 0.4425000000004980505 ) ;
#4292 = ORIENTED_EDGE ( 'NONE', *, *, #323, .F. ) ;
#4293 = AXIS2_PLACEMENT_3D ( 'NONE', #3720, #1075, #1363 ) ;
#4294 = DIRECTION ( 'NONE',  ( -0.000000000000000000, 0.000000000000000000, 1.000000000000000000 ) ) ;
#4295 = DIRECTION ( 'NONE',  ( -0.7905577474212270861, 0.6123874982331656280, 0.000000000000000000 ) ) ;
#4296 = ORIENTED_EDGE ( 'NONE', *, *, #670, .F. ) ;
#4297 = VERTEX_POINT ( 'NONE', #647 ) ;
#4298 = AXIS2_PLACEMENT_3D ( 'NONE', #2822, #889, #3637 ) ;
#4299 = ADVANCED_FACE ( 'NONE', ( #3421 ), #354, .T. ) ;
#4300 = DIRECTION ( 'NONE',  ( 0.000000000000000000, -0.000000000000000000, -1.000000000000000000 ) ) ;
#4301 = TOROIDAL_SURFACE ( 'NONE', #4863, 0.3750000000000000000, 0.1250000000000000000 ) ;
#4302 = CARTESIAN_POINT ( 'NONE',  ( -1.588420779389418724, 1.648035027679192854, 0.8750000000000001110 ) ) ;
#4303 = DIRECTION ( 'NONE',  ( -0.5914832590436078785, -0.8063172789114421146, 0.000000000000000000 ) ) ;
#4304 = EDGE_CURVE ( 'NONE', #3649, #2605, #278, .T. ) ;
#4305 = ORIENTED_EDGE ( 'NONE', *, *, #3555, .F. ) ;
#4306 = AXIS2_PLACEMENT_3D ( 'NONE', #450, #823, #3496 ) ;
#4307 = CARTESIAN_POINT ( 'NONE',  ( 6.329505302214732509, -1.280347801564878818, 1.000000000000000000 ) ) ;
#4308 = DIRECTION ( 'NONE',  ( -1.000000000000000000, 0.000000000000000000, 0.000000000000000000 ) ) ;
#4309 = DIRECTION ( 'NONE',  ( 0.000000000000000000, 0.000000000000000000, -1.000000000000000000 ) ) ;
#4310 = ORIENTED_EDGE ( 'NONE', *, *, #1765, .F. ) ;
#4311 = VECTOR ( 'NONE', #3748, 100.0000000000000142 ) ;
#4312 = CARTESIAN_POINT ( 'NONE',  ( 6.992166819850679005, 0.7672103317033009962, 0.1250000000000000000 ) ) ;
#4313 = FACE_OUTER_BOUND ( 'NONE', #1425, .T. ) ;
#4314 = CARTESIAN_POINT ( 'NONE',  ( 4.630382615747569375, -0.3646989760310797579, 0.8750000000000001110 ) ) ;
#4315 = DIRECTION ( 'NONE',  ( 0.000000000000000000, 0.000000000000000000, 1.000000000000000000 ) ) ;
#4316 = ORIENTED_EDGE ( 'NONE', *, *, #2377, .T. ) ;
#4317 = VERTEX_POINT ( 'NONE', #2519 ) ;
#4318 = ORIENTED_EDGE ( 'NONE', *, *, #3797, .T. ) ;
#4319 = EDGE_CURVE ( 'NONE', #3079, #3640, #681, .T. ) ;
#4320 = CARTESIAN_POINT ( 'NONE',  ( 4.751882337213856111, -0.3094597800911633723, 0.000000000000000000 ) ) ;
#4321 = LINE ( 'NONE', #1194, #2561 ) ;
#4322 = VERTEX_POINT ( 'NONE', #1052 ) ;
#4323 = EDGE_CURVE ( 'NONE', #1005, #3392, #1738, .T. ) ;
#4324 = ORIENTED_EDGE ( 'NONE', *, *, #3614, .T. ) ;
#4325 = DIRECTION ( 'NONE',  ( -0.000000000000000000, 0.000000000000000000, 1.000000000000000000 ) ) ;
#4326 = ADVANCED_FACE ( 'NONE', ( #265 ), #3749, .T. ) ;
#4327 = DIRECTION ( 'NONE',  ( -1.000000000000000000, -1.156482317317871725E-16, 0.000000000000000000 ) ) ;
#4328 = ORIENTED_EDGE ( 'NONE', *, *, #1400, .F. ) ;
#4329 = LINE ( 'NONE', #1777, #4781 ) ;
#4330 = CARTESIAN_POINT ( 'NONE',  ( -0.5678270619582326262, 1.021023037790286692, 0.000000000000000000 ) ) ;
#4331 = DIRECTION ( 'NONE',  ( 1.000000000000000000, 0.000000000000000000, 0.000000000000000000 ) ) ;
#4332 = VERTEX_POINT ( 'NONE', #2164 ) ;
#4333 = DIRECTION ( 'NONE',  ( 1.000000000000000000, 0.000000000000000000, 0.000000000000000000 ) ) ;
#4334 = FACE_OUTER_BOUND ( 'NONE', #551, .T. ) ;
#4335 = ADVANCED_FACE ( 'NONE', ( #972 ), #2539, .T. ) ;
#4336 = DIRECTION ( 'NONE',  ( -0.000000000000000000, -0.000000000000000000, -1.000000000000000000 ) ) ;
#4337 = FACE_OUTER_BOUND ( 'NONE', #3269, .T. ) ;
#4338 = ORIENTED_EDGE ( 'NONE', *, *, #2222, .T. ) ;
#4339 = ORIENTED_EDGE ( 'NONE', *, *, #3842, .T. ) ;
#4340 = CARTESIAN_POINT ( 'NONE',  ( 7.833333333332806347, 2.859281673631354881, 0.8750000000000001110 ) ) ;
#4341 = CARTESIAN_POINT ( 'NONE',  ( 5.922091218152168324, 1.859281673631105303, 1.000000000000000000 ) ) ;
#4342 = ORIENTED_EDGE ( 'NONE', *, *, #594, .F. ) ;
#4343 = VERTEX_POINT ( 'NONE', #2984 ) ;
#4344 = DIRECTION ( 'NONE',  ( -0.000000000000000000, -0.000000000000000000, -1.000000000000000000 ) ) ;
#4345 = ORIENTED_EDGE ( 'NONE', *, *, #3980, .F. ) ;
#4346 = AXIS2_PLACEMENT_3D ( 'NONE', #4251, #1460, #288 ) ;
#4347 = FACE_OUTER_BOUND ( 'NONE', #4393, .T. ) ;
#4348 = VERTEX_POINT ( 'NONE', #4177 ) ;
#4349 = ADVANCED_FACE ( 'NONE', ( #220 ), #566, .F. ) ;
#4350 = VECTOR ( 'NONE', #2201, 100.0000000000000000 ) ;
#4351 = ADVANCED_FACE ( 'NONE', ( #1447 ), #2075, .T. ) ;
#4352 = AXIS2_PLACEMENT_3D ( 'NONE', #1927, #443, #3492 ) ;
#4353 = DIRECTION ( 'NONE',  ( 1.000000000000000000, 0.000000000000000000, 0.000000000000000000 ) ) ;
#4354 = FACE_OUTER_BOUND ( 'NONE', #4070, .T. ) ;
#4355 = DIRECTION ( 'NONE',  ( 1.000000000000000000, 0.000000000000000000, 0.000000000000000000 ) ) ;
#4356 = ORIENTED_EDGE ( 'NONE', *, *, #2728, .F. ) ;
#4357 = TOROIDAL_SURFACE ( 'NONE', #3373, 0.3750000000000000000, 0.1250000000000000000 ) ;
#4358 = AXIS2_PLACEMENT_3D ( 'NONE', #1693, #3253, #3203 ) ;
#4359 = TOROIDAL_SURFACE ( 'NONE', #758, 0.3750000000000000000, 0.1250000000000000000 ) ;
#4360 = EDGE_CURVE ( 'NONE', #4095, #113, #3387, .T. ) ;
#4361 = AXIS2_PLACEMENT_3D ( 'NONE', #333, #3129, #1132 ) ;
#4362 = AXIS2_PLACEMENT_3D ( 'NONE', #2958, #4554, #3322 ) ;
#4363 = DIRECTION ( 'NONE',  ( 0.6748065803555628461, 0.7379946335230570531, 0.000000000000000000 ) ) ;
#4364 = FACE_OUTER_BOUND ( 'NONE', #4424, .T. ) ;
#4365 = FACE_OUTER_BOUND ( 'NONE', #240, .T. ) ;
#4366 = EDGE_LOOP ( 'NONE', ( #2428, #138, #4600, #2105 ) ) ;
#4367 = ORIENTED_EDGE ( 'NONE', *, *, #2840, .F. ) ;
#4368 = AXIS2_PLACEMENT_3D ( 'NONE', #4549, #1032, #2132 ) ;
#4369 = EDGE_CURVE ( 'NONE', #1140, #625, #1258, .T. ) ;
#4370 = AXIS2_PLACEMENT_3D ( 'NONE', #2944, #4118, #4911 ) ;
#4371 = CARTESIAN_POINT ( 'NONE',  ( 1.092365953485158414, 1.642674822278670455, 0.000000000000000000 ) ) ;
#4372 = FACE_OUTER_BOUND ( 'NONE', #1134, .T. ) ;
#4373 = DIRECTION ( 'NONE',  ( 1.000000000000000000, 0.000000000000000000, 0.000000000000000000 ) ) ;
#4374 = ORIENTED_EDGE ( 'NONE', *, *, #1055, .T. ) ;
#4375 = VERTEX_POINT ( 'NONE', #4899 ) ;
#4376 = ADVANCED_FACE ( 'NONE', ( #1858 ), #4115, .T. ) ;
#4377 = VECTOR ( 'NONE', #2464, 100.0000000000000142 ) ;
#4378 = DIRECTION ( 'NONE',  ( 0.6748065803555636233, 0.7379946335230563870, 0.000000000000000000 ) ) ;
#4379 = EDGE_LOOP ( 'NONE', ( #83, #3144, #1878, #4901 ) ) ;
#4380 = DIRECTION ( 'NONE',  ( 0.000000000000000000, -0.000000000000000000, -1.000000000000000000 ) ) ;
#4381 = AXIS2_PLACEMENT_3D ( 'NONE', #4000, #3610, #1691 ) ;
#4382 = ORIENTED_EDGE ( 'NONE', *, *, #58, .T. ) ;
#4383 = CIRCLE ( 'NONE', #3818, 0.2500000000000002220 ) ;
#4384 = DIRECTION ( 'NONE',  ( 0.000000000000000000, 0.000000000000000000, -1.000000000000000000 ) ) ;
#4385 = CARTESIAN_POINT ( 'NONE',  ( 1.850138181796543213, 2.080174822278668678, 1.000000000000000000 ) ) ;
#4386 = DIRECTION ( 'NONE',  ( 1.000000000000000000, 4.433182216385175439E-15, 0.000000000000000000 ) ) ;
#4387 = LINE ( 'NONE', #3302, #1090 ) ;
#4388 = EDGE_CURVE ( 'NONE', #683, #3982, #2191, .T. ) ;
#4389 = CIRCLE ( 'NONE', #706, 0.6250000000004976020 ) ;
#4390 = CARTESIAN_POINT ( 'NONE',  ( 0.7842703179320212881, 2.252218469266419110, 1.000000000000000000 ) ) ;
#4391 = DIRECTION ( 'NONE',  ( -0.8660254037844397068, -0.4999999999999980571, 0.000000000000000000 ) ) ;
#4392 = DIRECTION ( 'NONE',  ( 0.4999999999999977240, -0.8660254037844400399, 0.000000000000000000 ) ) ;
#4393 = EDGE_LOOP ( 'NONE', ( #945, #2625, #1411, #419 ) ) ;
#4394 = ADVANCED_FACE ( 'NONE', ( #2648 ), #2244, .T. ) ;
#4395 = VERTEX_POINT ( 'NONE', #4209 ) ;
#4396 = DIRECTION ( 'NONE',  ( 1.000000000000000000, 0.000000000000000000, 0.000000000000000000 ) ) ;
#4397 = CARTESIAN_POINT ( 'NONE',  ( 6.083333333332806347, 1.441144819429314827, 0.8750000000000001110 ) ) ;
#4398 = LINE ( 'NONE', #3259, #2562 ) ;
#4399 = VERTEX_POINT ( 'NONE', #391 ) ;
#4400 = ORIENTED_EDGE ( 'NONE', *, *, #4729, .T. ) ;
#4401 = DIRECTION ( 'NONE',  ( -0.000000000000000000, 0.000000000000000000, 1.000000000000000000 ) ) ;
#4402 = ORIENTED_EDGE ( 'NONE', *, *, #1273, .F. ) ;
#4403 = CARTESIAN_POINT ( 'NONE',  ( 5.231128847850823327, -0.3545902002352910865, 0.1250000000000000000 ) ) ;
#4404 = ORIENTED_EDGE ( 'NONE', *, *, #1535, .T. ) ;
#4405 = CARTESIAN_POINT ( 'NONE',  ( 5.922091218152168324, 2.734281673631105303, 0.000000000000000000 ) ) ;
#4406 = FACE_OUTER_BOUND ( 'NONE', #1332, .T. ) ;
#4407 = DIRECTION ( 'NONE',  ( 0.000000000000000000, -0.000000000000000000, -1.000000000000000000 ) ) ;
#4408 = LINE ( 'NONE', #890, #2146 ) ;
#4409 = DIRECTION ( 'NONE',  ( 0.000000000000000000, 0.000000000000000000, -1.000000000000000000 ) ) ;
#4410 = EDGE_CURVE ( 'NONE', #1382, #161, #5, .T. ) ;
#4411 = EDGE_LOOP ( 'NONE', ( #2543, #148, #2412, #3716 ) ) ;
#4412 = ORIENTED_EDGE ( 'NONE', *, *, #4842, .T. ) ;
#4413 = EDGE_CURVE ( 'NONE', #4343, #683, #2290, .T. ) ;
#4414 = EDGE_CURVE ( 'NONE', #4317, #1793, #3629, .T. ) ;
#4415 = CARTESIAN_POINT ( 'NONE',  ( 6.458333333332806347, 1.441144819429314827, 1.000000000000000000 ) ) ;
#4416 = DIRECTION ( 'NONE',  ( -0.7067032079889014051, 0.7075101241807043584, -3.922990865428692372E-15 ) ) ;
#4417 = CARTESIAN_POINT ( 'NONE',  ( 5.393430677707613086, 2.708115010026932001, 0.8750000000000001110 ) ) ;
#4418 = VERTEX_POINT ( 'NONE', #1560 ) ;
#4419 = VERTEX_POINT ( 'NONE', #3493 ) ;
#4420 = EDGE_CURVE ( 'NONE', #4883, #1644, #3544, .T. ) ;
#4421 = DIRECTION ( 'NONE',  ( -0.000000000000000000, 0.000000000000000000, 1.000000000000000000 ) ) ;
#4422 = VERTEX_POINT ( 'NONE', #748 ) ;
#4423 = DIRECTION ( 'NONE',  ( -1.000000000000000000, -1.156482317317871725E-16, 0.000000000000000000 ) ) ;
#4424 = EDGE_LOOP ( 'NONE', ( #3786, #1347, #1420, #4668 ) ) ;
#4425 = ADVANCED_FACE ( 'NONE', ( #3472 ), #2317, .F. ) ;
#4426 = CIRCLE ( 'NONE', #743, 0.1250000000000000000 ) ;
#4427 = CARTESIAN_POINT ( 'NONE',  ( 1.435537818814730526, -0.3545902002352079307, 0.000000000000000000 ) ) ;
#4428 = DIRECTION ( 'NONE',  ( 1.000000000000000000, 0.000000000000000000, 0.000000000000000000 ) ) ;
#4429 = TOROIDAL_SURFACE ( 'NONE', #2221, 0.6250000000004976020, 0.1250000000000000000 ) ;
#4430 = ADVANCED_FACE ( 'NONE', ( #3878 ), #1517, .F. ) ;
#4431 = DIRECTION ( 'NONE',  ( -0.000000000000000000, 0.000000000000000000, 1.000000000000000000 ) ) ;
#4432 = FACE_OUTER_BOUND ( 'NONE', #3495, .T. ) ;
#4433 = AXIS2_PLACEMENT_3D ( 'NONE', #1097, #4679, #1172 ) ;
#4434 = DIRECTION ( 'NONE',  ( 1.000000000000000000, 0.000000000000000000, 0.000000000000000000 ) ) ;
#4435 = VECTOR ( 'NONE', #3570, 100.0000000000000000 ) ;
#4436 = ORIENTED_EDGE ( 'NONE', *, *, #2006, .F. ) ;
#4437 = CIRCLE ( 'NONE', #4271, 0.4999999999999997780 ) ;
#4438 = EDGE_LOOP ( 'NONE', ( #3745, #1977, #3326, #3770 ) ) ;
#4439 = AXIS2_PLACEMENT_3D ( 'NONE', #2343, #722, #1898 ) ;
#4440 = AXIS2_PLACEMENT_3D ( 'NONE', #4527, #1008, #1037 ) ;
#4441 = CIRCLE ( 'NONE', #3867, 0.3175000000004979395 ) ;
#4442 = DIRECTION ( 'NONE',  ( 0.8745968939880170989, -0.4848507739774301495, 0.000000000000000000 ) ) ;
#4443 = DIRECTION ( 'NONE',  ( -0.6123874982331674044, 0.7905577474212257538, 0.000000000000000000 ) ) ;
#4444 = CARTESIAN_POINT ( 'NONE',  ( 0.3371613644508809071, -1.280347801564878818, 1.000000000000000000 ) ) ;
#4445 = VECTOR ( 'NONE', #1187, 100.0000000000000000 ) ;
#4446 = EDGE_LOOP ( 'NONE', ( #2513, #3694, #2581, #561 ) ) ;
#4447 = PRODUCT_DEFINITION ( 'General', '', #3855, #4173 ) ;
#4448 = CIRCLE ( 'NONE', #3386, 0.1250000000000000000 ) ;
#4449 = ORIENTED_EDGE ( 'NONE', *, *, #3350, .F. ) ;
#4450 = ADVANCED_FACE ( 'NONE', ( #1974 ), #3301, .T. ) ;
#4451 = DIRECTION ( 'NONE',  ( 1.000000000000000000, 7.137148015447434001E-15, 0.000000000000000000 ) ) ;
#4452 = ORIENTED_EDGE ( 'NONE', *, *, #4194, .F. ) ;
#4453 = FACE_OUTER_BOUND ( 'NONE', #2296, .T. ) ;
#4454 = ADVANCED_FACE ( 'NONE', ( #702 ), #1992, .T. ) ;
#4455 = CIRCLE ( 'NONE', #2159, 0.1250000000000001665 ) ;
#4456 = FACE_BOUND ( 'NONE', #3717, .T. ) ;
#4457 = AXIS2_PLACEMENT_3D ( 'NONE', #190, #3278, #141 ) ;
#4458 = DIRECTION ( 'NONE',  ( -0.000000000000000000, 0.000000000000000000, 1.000000000000000000 ) ) ;
#4459 = DIRECTION ( 'NONE',  ( 1.000000000000000000, 0.000000000000000000, 0.000000000000000000 ) ) ;
#4460 = TOROIDAL_SURFACE ( 'NONE', #775, 1.125000000000000000, 0.1250000000000000000 ) ;
#4461 = FACE_OUTER_BOUND ( 'NONE', #131, .T. ) ;
#4462 = CARTESIAN_POINT ( 'NONE',  ( 6.818819055703764676, 0.9842816736313548809, -3.037681718995442814 ) ) ;
#4463 = FACE_OUTER_BOUND ( 'NONE', #1953, .T. ) ;
#4464 = EDGE_CURVE ( 'NONE', #3982, #1616, #1333, .T. ) ;
#4465 = VERTEX_POINT ( 'NONE', #1079 ) ;
#4466 = VECTOR ( 'NONE', #639, 100.0000000000000000 ) ;
#4467 = ORIENTED_EDGE ( 'NONE', *, *, #2456, .T. ) ;
#4468 = AXIS2_PLACEMENT_3D ( 'NONE', #3836, #2957, #1881 ) ;
#4469 = DIRECTION ( 'NONE',  ( 1.000000000000000000, 0.000000000000000000, 0.000000000000000000 ) ) ;
#4470 = LINE ( 'NONE', #2618, #4514 ) ;
#4471 = FACE_OUTER_BOUND ( 'NONE', #4774, .T. ) ;
#4472 = DIRECTION ( 'NONE',  ( 1.224646799147353207E-16, 1.000000000000000000, 0.000000000000000000 ) ) ;
#4473 = ORIENTED_EDGE ( 'NONE', *, *, #3429, .F. ) ;
#4474 = VERTEX_POINT ( 'NONE', #2271 ) ;
#4475 = CARTESIAN_POINT ( 'NONE',  ( 7.833333333332806347, 2.859281673631105303, 0.8750000000000001110 ) ) ;
#4476 = CARTESIAN_POINT ( 'NONE',  ( 1.850138181796543213, 2.080174822278668678, 0.1250000000000000000 ) ) ;
#4477 = EDGE_LOOP ( 'NONE', ( #3319, #2670, #275, #2318 ) ) ;
#4478 = DIRECTION ( 'NONE',  ( -0.7379946335230571641, 0.6748065803555627351, -0.000000000000000000 ) ) ;
#4479 = VERTEX_POINT ( 'NONE', #3030 ) ;
#4480 = EDGE_CURVE ( 'NONE', #4719, #4038, #2649, .T. ) ;
#4481 = DIRECTION ( 'NONE',  ( 0.000000000000000000, -0.000000000000000000, -1.000000000000000000 ) ) ;
#4482 = CARTESIAN_POINT ( 'NONE',  ( 4.895698912315332940, -0.09968527303524156447, 1.000000000000000000 ) ) ;
#4483 = EDGE_LOOP ( 'NONE', ( #4494, #3087, #1904, #1936 ) ) ;
#4484 = DIRECTION ( 'NONE',  ( -0.7067032079889016272, 0.7075101241807040253, 1.468322021613630951E-15 ) ) ;
#4485 = CARTESIAN_POINT ( 'NONE',  ( 7.833333333332806347, 2.109281673631105303, 1.000000000000000000 ) ) ;
#4486 = LINE ( 'NONE', #1047, #1979 ) ;
#4487 = ORIENTED_EDGE ( 'NONE', *, *, #643, .T. ) ;
#4488 = ORIENTED_EDGE ( 'NONE', *, *, #133, .T. ) ;
#4489 = EDGE_CURVE ( 'NONE', #4474, #3292, #685, .T. ) ;
#4490 = PLANE ( 'NONE',  #3558 ) ;
#4491 = CARTESIAN_POINT ( 'NONE',  ( 2.658526752977244278, -2.404661300189701922, 0.1250000000000000000 ) ) ;
#4492 = DIRECTION ( 'NONE',  ( -0.8660254037844400399, -0.4999999999999975575, 0.000000000000000000 ) ) ;
#4493 = DIRECTION ( 'NONE',  ( 1.000000000000000000, -1.387778780781445281E-15, 0.000000000000000000 ) ) ;
#4494 = ORIENTED_EDGE ( 'NONE', *, *, #5045, .T. ) ;
#4495 = ORIENTED_EDGE ( 'NONE', *, *, #3505, .T. ) ;
#4496 = LINE ( 'NONE', #4475, #1276 ) ;
#4497 = DIRECTION ( 'NONE',  ( -0.000000000000000000, -0.000000000000000000, -1.000000000000000000 ) ) ;
#4498 = ORIENTED_EDGE ( 'NONE', *, *, #1400, .T. ) ;
#4499 = LINE ( 'NONE', #1372, #1841 ) ;
#4500 = ORIENTED_EDGE ( 'NONE', *, *, #479, .T. ) ;
#4501 = EDGE_LOOP ( 'NONE', ( #2382, #4452, #3216, #4653 ) ) ;
#4502 = CARTESIAN_POINT ( 'NONE',  ( -0.7241666666666939367, 2.109281673631104415, 0.1249999999999999445 ) ) ;
#4503 = DIRECTION ( 'NONE',  ( 0.000000000000000000, -0.000000000000000000, -1.000000000000000000 ) ) ;
#4504 = FACE_OUTER_BOUND ( 'NONE', #1931, .T. ) ;
#4505 = EDGE_CURVE ( 'NONE', #4252, #1722, #2674, .T. ) ;
#4506 = ADVANCED_FACE ( 'NONE', ( #335 ), #1900, .T. ) ;
#4507 = CYLINDRICAL_SURFACE ( 'NONE', #2341, 0.1250000000000001110 ) ;
#4508 = CARTESIAN_POINT ( 'NONE',  ( 6.254551655927252263, 0.2558442613759148165, 1.000000000000000000 ) ) ;
#4509 = DIRECTION ( 'NONE',  ( 0.000000000000000000, 0.000000000000000000, -1.000000000000000000 ) ) ;
#4510 = ORIENTED_EDGE ( 'NONE', *, *, #4897, .T. ) ;
#4511 = VECTOR ( 'NONE', #3861, 100.0000000000000000 ) ;
#4512 = ORIENTED_EDGE ( 'NONE', *, *, #4949, .T. ) ;
#4513 = EDGE_CURVE ( 'NONE', #4029, #1235, #2724, .T. ) ;
#4514 = VECTOR ( 'NONE', #3772, 100.0000000000000142 ) ;
#4515 = DIRECTION ( 'NONE',  ( -0.000000000000000000, 0.000000000000000000, 1.000000000000000000 ) ) ;
#4516 = DIRECTION ( 'NONE',  ( 1.000000000000000000, 0.000000000000000000, 0.000000000000000000 ) ) ;
#4517 = CIRCLE ( 'NONE', #1072, 0.9999999999999995559 ) ;
#4518 = CARTESIAN_POINT ( 'NONE',  ( 7.833333333332806347, 2.109281673631105303, 0.1249999999999999445 ) ) ;
#4519 = EDGE_CURVE ( 'NONE', #4348, #2083, #2719, .T. ) ;
#4520 = ORIENTED_EDGE ( 'NONE', *, *, #2072, .F. ) ;
#4521 = AXIS2_PLACEMENT_3D ( 'NONE', #1212, #3676, #2746 ) ;
#4522 = CIRCLE ( 'NONE', #3046, 0.2500000000000002220 ) ;
#4523 = ORIENTED_EDGE ( 'NONE', *, *, #2239, .T. ) ;
#4524 = TOROIDAL_SURFACE ( 'NONE', #2395, 0.3750000000000000000, 0.1250000000000000000 ) ;
#4525 = CARTESIAN_POINT ( 'NONE',  ( 5.574300713180298850, 1.642674822278397784, 1.000000000000000000 ) ) ;
#4526 = AXIS2_PLACEMENT_3D ( 'NONE', #2002, #60, #2363 ) ;
#4527 = CARTESIAN_POINT ( 'NONE',  ( 0.7842703179320213991, 2.252218469266419110, 0.1250000000000000000 ) ) ;
#4528 = VECTOR ( 'NONE', #1544, 100.0000000000000000 ) ;
#4529 = ORIENTED_EDGE ( 'NONE', *, *, #2078, .F. ) ;
#4530 = ADVANCED_FACE ( 'NONE', ( #539 ), #2870, .T. ) ;
#4531 = CARTESIAN_POINT ( 'NONE',  ( 5.847709038029023532, 2.049244634020913391, 0.1249999999999999445 ) ) ;
#4532 = ORIENTED_EDGE ( 'NONE', *, *, #363, .T. ) ;
#4533 = CIRCLE ( 'NONE', #3706, 0.8749999999999993339 ) ;
#4534 = DIRECTION ( 'NONE',  ( -0.000000000000000000, 0.000000000000000000, 1.000000000000000000 ) ) ;
#4535 = LINE ( 'NONE', #1432, #4103 ) ;
#4536 = CARTESIAN_POINT ( 'NONE',  ( 1.958391357269598121, 2.142674822278668234, 0.000000000000000000 ) ) ;
#4537 = AXIS2_PLACEMENT_3D ( 'NONE', #2888, #2117, #4823 ) ;
#4538 = DIRECTION ( 'NONE',  ( 1.000000000000000000, 0.000000000000000000, 0.000000000000000000 ) ) ;
#4539 = DIRECTION ( 'NONE',  ( -0.000000000000000000, 0.000000000000000000, 1.000000000000000000 ) ) ;
#4540 = LINE ( 'NONE', #2899, #667 ) ;
#4541 = ORIENTED_EDGE ( 'NONE', *, *, #705, .T. ) ;
#4542 = ORIENTED_EDGE ( 'NONE', *, *, #253, .T. ) ;
#4543 = AXIS2_PLACEMENT_3D ( 'NONE', #3199, #2846, #514 ) ;
#4544 = DIRECTION ( 'NONE',  ( 0.7075101241803971597, -0.7067032079892088259, 0.000000000000000000 ) ) ;
#4545 = CARTESIAN_POINT ( 'NONE',  ( 7.833333333332806347, 2.109281673631105303, 0.8750000000000001110 ) ) ;
#4546 = CIRCLE ( 'NONE', #1598, 0.3750000000000000000 ) ;
#4547 = EDGE_CURVE ( 'NONE', #1963, #1409, #3124, .T. ) ;
#4548 = DIRECTION ( 'NONE',  ( -0.000000000000000000, 0.000000000000000000, 1.000000000000000000 ) ) ;
#4549 = CARTESIAN_POINT ( 'NONE',  ( 0.5833333333328081238, 1.934843059629778539, 0.000000000000000000 ) ) ;
#4550 = ORIENTED_EDGE ( 'NONE', *, *, #3905, .T. ) ;
#4551 = VERTEX_POINT ( 'NONE', #4047 ) ;
#4552 = CIRCLE ( 'NONE', #1926, 0.1249999999999997780 ) ;
#4553 = CARTESIAN_POINT ( 'NONE',  ( -1.237753926001241345, 1.158014797514980820, 0.1249999999999999445 ) ) ;
#4554 = DIRECTION ( 'NONE',  ( -0.000000000000000000, 0.000000000000000000, 1.000000000000000000 ) ) ;
#4555 = AXIS2_PLACEMENT_3D ( 'NONE', #4795, #4443, #2110 ) ;
#4556 = ORIENTED_EDGE ( 'NONE', *, *, #4786, .T. ) ;
#4557 = CYLINDRICAL_SURFACE ( 'NONE', #526, 0.1249999999999999584 ) ;
#4558 = ORIENTED_EDGE ( 'NONE', *, *, #1929, .F. ) ;
#4559 = DIRECTION ( 'NONE',  ( -0.000000000000000000, 0.000000000000000000, 1.000000000000000000 ) ) ;
#4560 = CARTESIAN_POINT ( 'NONE',  ( 2.698333333332841200, -1.666666666666644092, 1.000000000000000000 ) ) ;
#4561 = FACE_OUTER_BOUND ( 'NONE', #1141, .T. ) ;
#4562 = DIRECTION ( 'NONE',  ( 0.5914832590436067683, 0.8063172789114431138, -1.398737512813419940E-15 ) ) ;
#4563 = DIRECTION ( 'NONE',  ( 1.000000000000000000, 0.000000000000000000, 0.000000000000000000 ) ) ;
#4564 = CARTESIAN_POINT ( 'NONE',  ( -1.916666666667689256, 2.109281673631104415, 1.000000000000000000 ) ) ;
#4565 = ORIENTED_EDGE ( 'NONE', *, *, #53, .F. ) ;
#4566 = CARTESIAN_POINT ( 'NONE',  ( 1.621026493930216583, 2.491508158674184070, 0.1250000000000000000 ) ) ;
#4567 = DIRECTION ( 'NONE',  ( 1.000000000000000000, 0.000000000000000000, 0.000000000000000000 ) ) ;
#4568 = CARTESIAN_POINT ( 'NONE',  ( 0.6024512776904850098, 1.924244634020912725, 0.1250000000000000000 ) ) ;
#4569 = ORIENTED_EDGE ( 'NONE', *, *, #4571, .F. ) ;
#4570 = ORIENTED_EDGE ( 'NONE', *, *, #3885, .T. ) ;
#4571 = EDGE_CURVE ( 'NONE', #3170, #1631, #3182, .T. ) ;
#4572 = EDGE_CURVE ( 'NONE', #243, #22, #4835, .T. ) ;
#4573 = CARTESIAN_POINT ( 'NONE',  ( 6.998049329128211760, 0.6423488240854616782, 0.000000000000000000 ) ) ;
#4574 = DIRECTION ( 'NONE',  ( 0.3061999316366910695, 0.9519672273065317158, 0.000000000000000000 ) ) ;
#4575 = VERTEX_POINT ( 'NONE', #81 ) ;
#4576 = VERTEX_POINT ( 'NONE', #3591 ) ;
#4577 = ORIENTED_EDGE ( 'NONE', *, *, #3756, .T. ) ;
#4578 = EDGE_CURVE ( 'NONE', #4575, #246, #3379, .T. ) ;
#4579 = FACE_OUTER_BOUND ( 'NONE', #1461, .T. ) ;
#4580 = APPLICATION_CONTEXT ( 'automotive_design' ) ;
#4581 = DIRECTION ( 'NONE',  ( -0.000000000000000000, 0.000000000000000000, 1.000000000000000000 ) ) ;
#4582 = DIRECTION ( 'NONE',  ( 0.7379946335230570531, 0.6748065803555628461, 0.000000000000000000 ) ) ;
#4583 = EDGE_CURVE ( 'NONE', #4071, #3908, #906, .T. ) ;
#4584 = DIRECTION ( 'NONE',  ( 0.7067032079892088259, 0.7075101241803972707, 0.000000000000000000 ) ) ;
#4585 = LINE ( 'NONE', #1046, #4685 ) ;
#4586 = DIRECTION ( 'NONE',  ( 1.000000000000000000, -4.510281037539699234E-15, 0.000000000000000000 ) ) ;
#4587 = EDGE_LOOP ( 'NONE', ( #1362, #4003, #82, #3552 ) ) ;
#4588 = ADVANCED_FACE ( 'NONE', ( #4365 ), #911, .T. ) ;
#4589 = CARTESIAN_POINT ( 'NONE',  ( 1.092365953485158414, 1.642674822278670455, 0.8750000000000001110 ) ) ;
#4590 = CYLINDRICAL_SURFACE ( 'NONE', #427, 0.2500000000000002220 ) ;
#4591 = CARTESIAN_POINT ( 'NONE',  ( 6.458333333332806347, 1.441144819429314827, 0.8750000000000001110 ) ) ;
#4592 = ORIENTED_EDGE ( 'NONE', *, *, #3350, .T. ) ;
#4593 = ADVANCED_FACE ( 'NONE', ( #1640 ), #4684, .T. ) ;
#4594 = VERTEX_POINT ( 'NONE', #35 ) ;
#4595 = TOROIDAL_SURFACE ( 'NONE', #2304, 0.6250000000000000000, 0.1250000000000000000 ) ;
#4596 = DIRECTION ( 'NONE',  ( 1.000000000000000000, 0.000000000000000000, 0.000000000000000000 ) ) ;
#4597 = DIRECTION ( 'NONE',  ( 1.000000000000000000, 1.040834085586084651E-15, 0.000000000000000000 ) ) ;
#4598 = ORIENTED_EDGE ( 'NONE', *, *, #1287, .T. ) ;
#4599 = AXIS2_PLACEMENT_3D ( 'NONE', #352, #3147, #2760 ) ;
#4600 = ORIENTED_EDGE ( 'NONE', *, *, #2690, .F. ) ;
#4601 = VECTOR ( 'NONE', #2081, 100.0000000000000142 ) ;
#4602 = AXIS2_PLACEMENT_3D ( 'NONE', #4858, #3329, #2507 ) ;
#4603 = CIRCLE ( 'NONE', #3052, 1.000000000000000222 ) ;
#4604 = CIRCLE ( 'NONE', #3703, 0.2500000000000000555 ) ;
#4605 = DIRECTION ( 'NONE',  ( 0.7379946335230570531, 0.6748065803555628461, 0.000000000000000000 ) ) ;
#4606 = EDGE_CURVE ( 'NONE', #1616, #1873, #4761, .T. ) ;
#4607 = PLANE ( 'NONE',  #4433 ) ;
#4608 = DIRECTION ( 'NONE',  ( -0.4999999999999981126, 0.8660254037844398178, 0.000000000000000000 ) ) ;
#4609 = AXIS2_PLACEMENT_3D ( 'NONE', #856, #522, #2423 ) ;
#4610 = CIRCLE ( 'NONE', #3298, 0.7500000000004977130 ) ;
#4611 = CARTESIAN_POINT ( 'NONE',  ( 5.922091218152168324, 1.859281673631105303, 0.1249999999999999445 ) ) ;
#4612 = VECTOR ( 'NONE', #1630, 100.0000000000000000 ) ;
#4613 = CARTESIAN_POINT ( 'NONE',  ( 3.968333333332776380, -1.666666666666644092, 1.000000000000000000 ) ) ;
#4614 = FACE_OUTER_BOUND ( 'NONE', #227, .T. ) ;
#4615 = ORIENTED_EDGE ( 'NONE', *, *, #627, .T. ) ;
#4616 = AXIS2_PLACEMENT_3D ( 'NONE', #3983, #2034, #491 ) ;
#4617 = CARTESIAN_POINT ( 'NONE',  ( 0.7445754485141860002, 1.859281673631104415, 0.000000000000000000 ) ) ;
#4618 = FACE_OUTER_BOUND ( 'NONE', #4179, .T. ) ;
#4619 = CARTESIAN_POINT ( 'NONE',  ( 0.9272108041096497333, 2.111744634020912059, 0.1250000000000000000 ) ) ;
#4620 = DIRECTION ( 'NONE',  ( 1.000000000000000000, 0.000000000000000000, 0.000000000000000000 ) ) ;
#4621 = CIRCLE ( 'NONE', #3400, 0.1249999999999998612 ) ;
#4622 = ORIENTED_EDGE ( 'NONE', *, *, #912, .T. ) ;
#4623 = VERTEX_POINT ( 'NONE', #1619 ) ;
#4624 = VECTOR ( 'NONE', #964, 100.0000000000000000 ) ;
#4625 = DIRECTION ( 'NONE',  ( 0.7067032079892082708, 0.7075101241803978258, 0.000000000000000000 ) ) ;
#4626 = CARTESIAN_POINT ( 'NONE',  ( 4.425570847601670188, -0.6679479382914954577, 0.000000000000000000 ) ) ;
#4627 = ORIENTED_EDGE ( 'NONE', *, *, #3224, .T. ) ;
#4628 = TOROIDAL_SURFACE ( 'NONE', #3238, 0.6250000000000000000, 0.1250000000000000000 ) ;
#4629 = ORIENTED_EDGE ( 'NONE', *, *, #3812, .F. ) ;
#4630 = AXIS2_PLACEMENT_3D ( 'NONE', #4397, #3691, #2054 ) ;
#4631 = CARTESIAN_POINT ( 'NONE',  ( 3.022692374939959237, -3.305733548599004479, 1.000000000000000000 ) ) ;
#4632 = CARTESIAN_POINT ( 'NONE',  ( 2.171772098855356603, -0.2290562273672961391, 0.8750000000000001110 ) ) ;
#4633 = DIRECTION ( 'NONE',  ( 1.000000000000000000, 0.000000000000000000, 0.000000000000000000 ) ) ;
#4634 = ORIENTED_EDGE ( 'NONE', *, *, #3237, .F. ) ;
#4635 = EDGE_CURVE ( 'NONE', #4186, #4322, #2473, .T. ) ;
#4636 = DIRECTION ( 'NONE',  ( 1.000000000000000000, 0.000000000000000000, 0.000000000000000000 ) ) ;
#4637 = CARTESIAN_POINT ( 'NONE',  ( 3.333333333332808568, -1.666666666666644092, 0.1249999999999999445 ) ) ;
#4638 = CARTESIAN_POINT ( 'NONE',  ( -1.166666666667191876, 2.109281673631104415, 0.1249999999999999445 ) ) ;
#4639 = ORIENTED_EDGE ( 'NONE', *, *, #3978, .F. ) ;
#4640 = ADVANCED_FACE ( 'NONE', ( #918 ), #1566, .T. ) ;
#4641 = CIRCLE ( 'NONE', #3579, 0.1249999999999999445 ) ;
#4642 = DIRECTION ( 'NONE',  ( 0.000000000000000000, -0.000000000000000000, -1.000000000000000000 ) ) ;
#4643 = CARTESIAN_POINT ( 'NONE',  ( 2.573333333332841200, -1.666666666666644092, 0.8750000000000001110 ) ) ;
#4644 = DIRECTION ( 'NONE',  ( 0.4999999999999988343, 0.8660254037844392627, -3.718542035834283715E-16 ) ) ;
#4645 = CARTESIAN_POINT ( 'NONE',  ( 0.4277843928999522927, -0.7716578407365022318, 0.1250000000000000000 ) ) ;
#4646 = ORIENTED_EDGE ( 'NONE', *, *, #2022, .F. ) ;
#4647 = VERTEX_POINT ( 'NONE', #111 ) ;
#4648 = EDGE_CURVE ( 'NONE', #2399, #1080, #1319, .T. ) ;
#4649 = LINE ( 'NONE', #1084, #3202 ) ;
#4650 = CARTESIAN_POINT ( 'NONE',  ( 4.663443571691268552, -0.3977976810897761450, 0.8750000000000001110 ) ) ;
#4651 = DIRECTION ( 'NONE',  ( 1.000000000000000000, 0.000000000000000000, 0.000000000000000000 ) ) ;
#4652 = ORIENTED_EDGE ( 'NONE', *, *, #376, .F. ) ;
#4653 = ORIENTED_EDGE ( 'NONE', *, *, #1101, .F. ) ;
#4654 = EDGE_CURVE ( 'NONE', #925, #2755, #3619, .T. ) ;
#4655 = DIRECTION ( 'NONE',  ( 0.9999844494260018424, -0.005576818642918924575, 0.000000000000000000 ) ) ;
#4656 = DIRECTION ( 'NONE',  ( 1.000000000000000000, 8.673617379884035472E-16, 0.000000000000000000 ) ) ;
#4657 = ORIENTED_EDGE ( 'NONE', *, *, #2701, .F. ) ;
#4658 = DIRECTION ( 'NONE',  ( 1.000000000000000000, 0.000000000000000000, 0.000000000000000000 ) ) ;
#4659 = CARTESIAN_POINT ( 'NONE',  ( -0.5685241642885975333, 0.8960249816120362532, 0.000000000000000000 ) ) ;
#4660 = ORIENTED_EDGE ( 'NONE', *, *, #456, .F. ) ;
#4661 = ADVANCED_FACE ( 'NONE', ( #4337 ), #511, .T. ) ;
#4662 = EDGE_CURVE ( 'NONE', #2680, #2192, #2635, .T. ) ;
#4663 = PLANE ( 'NONE',  #206 ) ;
#4664 = CYLINDRICAL_SURFACE ( 'NONE', #4439, 0.1250000000000000000 ) ;
#4665 = SURFACE_STYLE_USAGE ( .BOTH. , #3106 ) ;
#4666 = DIRECTION ( 'NONE',  ( 0.8660254037844397068, 0.4999999999999981126, 0.000000000000000000 ) ) ;
#4667 = EDGE_CURVE ( 'NONE', #4038, #3242, #1164, .T. ) ;
#4668 = ORIENTED_EDGE ( 'NONE', *, *, #4547, .T. ) ;
#4669 = EDGE_LOOP ( 'NONE', ( #4114, #548, #5000, #1716 ) ) ;
#4670 = CIRCLE ( 'NONE', #4089, 0.6349999999999675904 ) ;
#4671 = CARTESIAN_POINT ( 'NONE',  ( 1.947845285395338299, -0.2763610750324688170, 0.1250000000000000000 ) ) ;
#4672 = DIRECTION ( 'NONE',  ( 1.000000000000000000, 0.000000000000000000, 0.000000000000000000 ) ) ;
#4673 = EDGE_CURVE ( 'NONE', #1080, #1602, #3715, .T. ) ;
#4674 = ORIENTED_EDGE ( 'NONE', *, *, #2468, .F. ) ;
#4675 = AXIS2_PLACEMENT_3D ( 'NONE', #1810, #3913, #3480 ) ;
#4676 = EDGE_LOOP ( 'NONE', ( #3992, #4964, #2533, #414 ) ) ;
#4677 = AXIS2_PLACEMENT_3D ( 'NONE', #1202, #5043, #1526 ) ;
#4678 = DIRECTION ( 'NONE',  ( 0.8660254037844400399, 0.4999999999999976685, 0.000000000000000000 ) ) ;
#4679 = DIRECTION ( 'NONE',  ( -0.000000000000000000, 0.000000000000000000, 1.000000000000000000 ) ) ;
#4680 =( GEOMETRIC_REPRESENTATION_CONTEXT ( 3 ) GLOBAL_UNCERTAINTY_ASSIGNED_CONTEXT ( ( #387 ) ) GLOBAL_UNIT_ASSIGNED_CONTEXT ( ( #1593, #797, #3903 ) ) REPRESENTATION_CONTEXT ( 'NONE', 'WORKASPACE' ) );
#4681 = CARTESIAN_POINT ( 'NONE',  ( 1.737906798406520625, -0.1327839780938539771, 1.000000000000000000 ) ) ;
#4682 = ORIENTED_EDGE ( 'NONE', *, *, #932, .F. ) ;
#4683 = AXIS2_PLACEMENT_3D ( 'NONE', #1856, #314, #3418 ) ;
#4684 = TOROIDAL_SURFACE ( 'NONE', #4358, 0.3750000000000000000, 0.1250000000000000000 ) ;
#4685 = VECTOR ( 'NONE', #2613, 100.0000000000000000 ) ;
#4686 = CARTESIAN_POINT ( 'NONE',  ( 0.2164567644897085474, 0.5084280304192022593, 0.1250000000000000000 ) ) ;
#4687 = CARTESIAN_POINT ( 'NONE',  ( -0.5741009829315166790, -0.1039594678139655060, 0.1250000000000000000 ) ) ;
#4688 = ORIENTED_EDGE ( 'NONE', *, *, #4035, .F. ) ;
#4689 = AXIS2_PLACEMENT_3D ( 'NONE', #465, #3250, #1637 ) ;
#4690 = AXIS2_PLACEMENT_3D ( 'NONE', #4874, #1387, #4955 ) ;
#4691 = DIRECTION ( 'NONE',  ( -0.000000000000000000, 0.000000000000000000, 1.000000000000000000 ) ) ;
#4692 = DIRECTION ( 'NONE',  ( 0.4848507739774344238, -0.8745968939880147675, 0.000000000000000000 ) ) ;
#4693 = CARTESIAN_POINT ( 'NONE',  ( 4.816528484868913829, 2.080174822278395563, 0.8750000000000001110 ) ) ;
#4694 = EDGE_LOOP ( 'NONE', ( #2020, #3260, #1696, #119 ) ) ;
#4695 = ORIENTED_EDGE ( 'NONE', *, *, #1282, .F. ) ;
#4696 = VERTEX_POINT ( 'NONE', #1359 ) ;
#4697 = EDGE_CURVE ( 'NONE', #864, #3108, #2926, .T. ) ;
#4698 = CIRCLE ( 'NONE', #2902, 0.1249999999999996947 ) ;
#4699 = CARTESIAN_POINT ( 'NONE',  ( 5.922091218152168324, 2.859281673631104859, 1.000000000000000000 ) ) ;
#4700 = DIRECTION ( 'NONE',  ( -0.000000000000000000, 0.000000000000000000, 1.000000000000000000 ) ) ;
#4701 = VERTEX_POINT ( 'NONE', #3742 ) ;
#4702 = ORIENTED_EDGE ( 'NONE', *, *, #1499, .F. ) ;
#4703 = TOROIDAL_SURFACE ( 'NONE', #2904, 0.7599999999999674793, 0.1250000000000000000 ) ;
#4704 = CARTESIAN_POINT ( 'NONE',  ( 0.7236639711848424916, 2.142893857517917056, 0.1249999999999999445 ) ) ;
#4705 = VECTOR ( 'NONE', #767, 100.0000000000000000 ) ;
#4706 = DIRECTION ( 'NONE',  ( 1.000000000000000000, 0.000000000000000000, 0.000000000000000000 ) ) ;
#4707 = CARTESIAN_POINT ( 'NONE',  ( 3.389957660358748459, 0.8592816736313547699, 0.1250000000000000000 ) ) ;
#4708 = ORIENTED_EDGE ( 'NONE', *, *, #3603, .T. ) ;
#4709 = EDGE_CURVE ( 'NONE', #2826, #4343, #4486, .T. ) ;
#4710 = CIRCLE ( 'NONE', #2747, 0.1249999999999999029 ) ;
#4711 = DIRECTION ( 'NONE',  ( -0.000000000000000000, -0.000000000000000000, -1.000000000000000000 ) ) ;
#4712 = CARTESIAN_POINT ( 'NONE',  ( 5.739455862555968402, 2.111744634020912947, 0.000000000000000000 ) ) ;
#4713 = DIRECTION ( 'NONE',  ( 0.000000000000000000, -0.000000000000000000, -1.000000000000000000 ) ) ;
#4714 = VERTEX_POINT ( 'NONE', #2206 ) ;
#4715 = AXIS2_PLACEMENT_3D ( 'NONE', #2673, #3420, #1077 ) ;
#4716 = CARTESIAN_POINT ( 'NONE',  ( 5.045640172735742723, 2.491508158674224482, 0.8750000000000001110 ) ) ;
#4717 = DIRECTION ( 'NONE',  ( -0.5914832590436079895, -0.8063172789114421146, -0.000000000000000000 ) ) ;
#4718 = CARTESIAN_POINT ( 'NONE',  ( 2.742877575521355471, -2.312411970999685540, 0.000000000000000000 ) ) ;
#4719 = VERTEX_POINT ( 'NONE', #3768 ) ;
#4720 = VERTEX_POINT ( 'NONE', #2565 ) ;
#4721 = DIRECTION ( 'NONE',  ( 1.000000000000000000, 0.000000000000000000, 0.000000000000000000 ) ) ;
#4722 = CARTESIAN_POINT ( 'NONE',  ( 4.425570847601670188, -0.6679479382914954577, 0.000000000000000000 ) ) ;
#4723 = VERTEX_POINT ( 'NONE', #3005 ) ;
#4724 = ADVANCED_FACE ( 'NONE', ( #2125 ), #4123, .T. ) ;
#4725 = EDGE_CURVE ( 'NONE', #2172, #4418, #2312, .T. ) ;
#4726 = ORIENTED_EDGE ( 'NONE', *, *, #5057, .F. ) ;
#4727 = DIRECTION ( 'NONE',  ( 1.000000000000000000, 0.000000000000000000, 0.000000000000000000 ) ) ;
#4728 = ORIENTED_EDGE ( 'NONE', *, *, #894, .F. ) ;
#4729 = EDGE_CURVE ( 'NONE', #4038, #4719, #4275, .T. ) ;
#4730 = FACE_OUTER_BOUND ( 'NONE', #377, .T. ) ;
#4731 = ORIENTED_EDGE ( 'NONE', *, *, #932, .T. ) ;
#4732 = DIRECTION ( 'NONE',  ( 1.000000000000000000, 0.000000000000000000, 0.000000000000000000 ) ) ;
#4733 = LINE ( 'NONE', #937, #4970 ) ;
#4734 = CARTESIAN_POINT ( 'NONE',  ( 7.045109403348477350, -0.3565432368572524768, 1.000000000000000000 ) ) ;
#4735 = ORIENTED_EDGE ( 'NONE', *, *, #4505, .F. ) ;
#4736 = DIRECTION ( 'NONE',  ( 1.000000000000000000, 0.000000000000000000, 0.000000000000000000 ) ) ;
#4737 = CARTESIAN_POINT ( 'NONE',  ( 3.786885970426618009, 0.2967816736313549919, 0.8750000000000001110 ) ) ;
#4738 = DIRECTION ( 'NONE',  ( -0.7075101241807034702, -0.7067032079889021823, 0.000000000000000000 ) ) ;
#4739 = DIRECTION ( 'NONE',  ( 1.000000000000000000, 0.000000000000000000, 0.000000000000000000 ) ) ;
#4740 = EDGE_CURVE ( 'NONE', #648, #347, #3284, .T. ) ;
#4741 = ORIENTED_EDGE ( 'NONE', *, *, #1232, .T. ) ;
#4742 = VERTEX_POINT ( 'NONE', #1820 ) ;
#4743 = CARTESIAN_POINT ( 'NONE',  ( 6.950989254907947057, 1.641240885028175889, 1.000000000000000000 ) ) ;
#4744 = DIRECTION ( 'NONE',  ( 0.7379946335230570531, 0.6748065803555628461, 0.000000000000000000 ) ) ;
#4745 = ORIENTED_EDGE ( 'NONE', *, *, #2978, .F. ) ;
#4746 = ORIENTED_EDGE ( 'NONE', *, *, #363, .F. ) ;
#4747 = CIRCLE ( 'NONE', #90, 1.124999999999999556 ) ;
#4748 = EDGE_CURVE ( 'NONE', #1631, #2470, #2228, .T. ) ;
#4749 = CARTESIAN_POINT ( 'NONE',  ( 1.987474105296348936, 0.02531472696483310150, 1.000000000000000000 ) ) ;
#4750 = VERTEX_POINT ( 'NONE', #3391 ) ;
#4751 = AXIS2_PLACEMENT_3D ( 'NONE', #2354, #4325, #3146 ) ;
#4752 = CARTESIAN_POINT ( 'NONE',  ( 1.770967754350238899, -0.09968527303516640237, 0.1250000000000000000 ) ) ;
#4753 = ORIENTED_EDGE ( 'NONE', *, *, #4323, .T. ) ;
#4754 = AXIS2_PLACEMENT_3D ( 'NONE', #1885, #4534, #1376 ) ;
#4755 = EDGE_CURVE ( 'NONE', #4925, #4883, #1439, .T. ) ;
#4756 = CIRCLE ( 'NONE', #2963, 0.1249999999999999722 ) ;
#4757 = FACE_OUTER_BOUND ( 'NONE', #3494, .T. ) ;
#4758 = CARTESIAN_POINT ( 'NONE',  ( 0.7445754485141858892, 2.859281673631104415, 0.8750000000000001110 ) ) ;
#4759 = ORIENTED_EDGE ( 'NONE', *, *, #4413, .F. ) ;
#4760 = AXIS2_PLACEMENT_3D ( 'NONE', #2202, #4581, #3409 ) ;
#4761 = CIRCLE ( 'NONE', #3696, 0.9999999999999995559 ) ;
#4762 = CIRCLE ( 'NONE', #2801, 0.3750000000000003331 ) ;
#4763 = CIRCLE ( 'NONE', #4521, 0.1250000000000000000 ) ;
#4764 = CIRCLE ( 'NONE', #1168, 0.9999999999999995559 ) ;
#4765 = CARTESIAN_POINT ( 'NONE',  ( 5.922091218152168324, 1.859281673631105303, 0.8750000000000001110 ) ) ;
#4766 = CARTESIAN_POINT ( 'NONE',  ( 1.408124495170728796, -0.9358728784736002337, 1.000000000000000000 ) ) ;
#4767 = CARTESIAN_POINT ( 'NONE',  ( 1.850138181796543213, 2.080174822278668678, 0.8750000000000001110 ) ) ;
#4768 = ORIENTED_EDGE ( 'NONE', *, *, #415, .F. ) ;
#4769 = EDGE_LOOP ( 'NONE', ( #3864, #2101, #1957, #677 ) ) ;
#4770 = AXIS2_PLACEMENT_3D ( 'NONE', #3927, #4998, #5029 ) ;
#4771 = DIRECTION ( 'NONE',  ( 0.000000000000000000, -0.000000000000000000, -1.000000000000000000 ) ) ;
#4772 = CARTESIAN_POINT ( 'NONE',  ( -3.162148406120688253E-16, 2.734281673631104415, 0.1249999999999999445 ) ) ;
#4773 = DIRECTION ( 'NONE',  ( 0.8063172789114421146, 0.5914832590436078785, -0.000000000000000000 ) ) ;
#4774 = EDGE_LOOP ( 'NONE', ( #2014, #1564, #3359, #4310 ) ) ;
#4775 = VERTEX_POINT ( 'NONE', #1330 ) ;
#4776 = AXIS2_PLACEMENT_3D ( 'NONE', #4895, #1050, #2209 ) ;
#4777 = DIRECTION ( 'NONE',  ( -0.000000000000000000, 0.000000000000000000, 1.000000000000000000 ) ) ;
#4778 = ORIENTED_EDGE ( 'NONE', *, *, #3450, .F. ) ;
#4779 = DIRECTION ( 'NONE',  ( -0.5914832590436079895, 0.8063172789114421146, -0.000000000000000000 ) ) ;
#4780 = VECTOR ( 'NONE', #4968, 100.0000000000000000 ) ;
#4781 = VECTOR ( 'NONE', #2170, 100.0000000000000000 ) ;
#4782 = DIRECTION ( 'NONE',  ( 1.000000000000000000, 0.000000000000000000, 0.000000000000000000 ) ) ;
#4783 = DIRECTION ( 'NONE',  ( 0.000000000000000000, 0.000000000000000000, -1.000000000000000000 ) ) ;
#4784 = CARTESIAN_POINT ( 'NONE',  ( 0.2083333333328080961, 0.000000000000000000, 0.1250000000000000000 ) ) ;
#4785 = VECTOR ( 'NONE', #1981, 100.0000000000000000 ) ;
#4786 = EDGE_CURVE ( 'NONE', #4623, #1092, #18, .T. ) ;
#4787 = EDGE_CURVE ( 'NONE', #3342, #1621, #4540, .T. ) ;
#4788 = CYLINDRICAL_SURFACE ( 'NONE', #1917, 0.1249999999999996947 ) ;
#4789 = DIRECTION ( 'NONE',  ( 0.000000000000000000, 0.000000000000000000, 1.000000000000000000 ) ) ;
#4790 = CARTESIAN_POINT ( 'NONE',  ( 2.003223094974169172, -0.3977976810898072868, 0.1250000000000000000 ) ) ;
#4791 = VERTEX_POINT ( 'NONE', #3334 ) ;
#4792 = ADVANCED_FACE ( 'NONE', ( #4463 ), #2879, .T. ) ;
#4793 = ORIENTED_EDGE ( 'NONE', *, *, #1317, .F. ) ;
#4794 = DIRECTION ( 'NONE',  ( 0.4848507739774302050, 0.8745968939880170989, 0.000000000000000000 ) ) ;
#4795 = CARTESIAN_POINT ( 'NONE',  ( 1.226538830299759519, -0.5914118660525651272, 0.1250000000000000000 ) ) ;
#4796 = CYLINDRICAL_SURFACE ( 'NONE', #519, 0.1250000000000000000 ) ;
#4797 = EDGE_CURVE ( 'NONE', #864, #4348, #3533, .T. ) ;
#4798 = ORIENTED_EDGE ( 'NONE', *, *, #2992, .F. ) ;
#4799 = ORIENTED_EDGE ( 'NONE', *, *, #1718, .T. ) ;
#4800 = CARTESIAN_POINT ( 'NONE',  ( 7.833333333332806347, 2.109281673631105303, 1.000000000000000000 ) ) ;
#4801 = ORIENTED_EDGE ( 'NONE', *, *, #2776, .F. ) ;
#4802 = EDGE_CURVE ( 'NONE', #2808, #4076, #989, .T. ) ;
#4803 = FACE_OUTER_BOUND ( 'NONE', #2596, .T. ) ;
#4804 = ORIENTED_EDGE ( 'NONE', *, *, #446, .F. ) ;
#4805 = CYLINDRICAL_SURFACE ( 'NONE', #2799, 0.1249999999999996531 ) ;
#4806 = LINE ( 'NONE', #1664, #2461 ) ;
#4807 = CARTESIAN_POINT ( 'NONE',  ( 1.273235988959244169, 2.708115010026618030, 0.000000000000000000 ) ) ;
#4808 = CARTESIAN_POINT ( 'NONE',  ( 3.390179647233197091, -1.957321131931267777, 0.1250000000000000000 ) ) ;
#4809 = DIRECTION ( 'NONE',  ( 1.000000000000000000, 0.000000000000000000, 0.000000000000000000 ) ) ;
#4810 = DIRECTION ( 'NONE',  ( -0.8488333363958264766, -0.5286605404445556822, -0.000000000000000000 ) ) ;
#4811 = ORIENTED_EDGE ( 'NONE', *, *, #1499, .T. ) ;
#4812 = VERTEX_POINT ( 'NONE', #1407 ) ;
#4813 = EDGE_CURVE ( 'NONE', #1010, #1235, #4522, .T. ) ;
#4814 = LINE ( 'NONE', #2875, #692 ) ;
#4815 = EDGE_CURVE ( 'NONE', #2851, #321, #831, .T. ) ;
#4816 = FACE_OUTER_BOUND ( 'NONE', #4049, .T. ) ;
#4817 = CARTESIAN_POINT ( 'NONE',  ( 3.923789091143924157, -2.312411970999318722, 0.000000000000000000 ) ) ;
#4818 = VERTEX_POINT ( 'NONE', #2669 ) ;
#4819 = ORIENTED_EDGE ( 'NONE', *, *, #4464, .T. ) ;
#4820 = EDGE_CURVE ( 'NONE', #2702, #2470, #385, .T. ) ;
#4821 = CARTESIAN_POINT ( 'NONE',  ( 0.5833333333328081238, 1.934843059629778539, 0.000000000000000000 ) ) ;
#4822 = ORIENTED_EDGE ( 'NONE', *, *, #2696, .T. ) ;
#4823 = DIRECTION ( 'NONE',  ( 0.8063172789114417816, 0.5914832590436082116, 0.000000000000000000 ) ) ;
#4824 = ORIENTED_EDGE ( 'NONE', *, *, #3140, .T. ) ;
#4825 = EDGE_CURVE ( 'NONE', #3811, #1990, #1896, .T. ) ;
#4826 = CARTESIAN_POINT ( 'NONE',  ( 5.922091218152168324, 2.859281673631104859, 0.1249999999999999445 ) ) ;
#4827 = FACE_OUTER_BOUND ( 'NONE', #1633, .T. ) ;
#4828 = ORIENTED_EDGE ( 'NONE', *, *, #3158, .T. ) ;
#4829 = CIRCLE ( 'NONE', #1893, 0.4425000000004978840 ) ;
#4830 = APPLICATION_CONTEXT ( 'automotive_design' ) ;
#4831 = DIRECTION ( 'NONE',  ( -0.000000000000000000, 0.000000000000000000, 1.000000000000000000 ) ) ;
#4832 = CARTESIAN_POINT ( 'NONE',  ( 6.458333333332806347, 2.359281673631354881, 0.8750000000000001110 ) ) ;
#4833 = VECTOR ( 'NONE', #1398, 100.0000000000000000 ) ;
#4834 = DIRECTION ( 'NONE',  ( 0.000000000000000000, 0.000000000000000000, 1.000000000000000000 ) ) ;
#4835 = CIRCLE ( 'NONE', #183, 0.1250000000000000278 ) ;
#4836 = ORIENTED_EDGE ( 'NONE', *, *, #3917, .T. ) ;
#4837 = AXIS2_PLACEMENT_3D ( 'NONE', #942, #1329, #3252 ) ;
#4838 = ORIENTED_EDGE ( 'NONE', *, *, #280, .T. ) ;
#4839 = CIRCLE ( 'NONE', #3207, 0.1249999999999999306 ) ;
#4840 = CIRCLE ( 'NONE', #3626, 0.1249999999999998612 ) ;
#4841 = AXIS2_PLACEMENT_3D ( 'NONE', #583, #1459, #2947 ) ;
#4842 = EDGE_CURVE ( 'NONE', #2743, #4775, #4971, .T. ) ;
#4843 = LINE ( 'NONE', #2492, #3883 ) ;
#4844 = CARTESIAN_POINT ( 'NONE',  ( 0.2083333333328080961, 1.934843059629778539, 1.000000000000000000 ) ) ;
#4845 = DIRECTION ( 'NONE',  ( 1.000000000000000000, 1.387778780781445281E-15, 0.000000000000000000 ) ) ;
#4846 = FACE_OUTER_BOUND ( 'NONE', #1229, .T. ) ;
#4847 = ORIENTED_EDGE ( 'NONE', *, *, #4965, .T. ) ;
#4848 = CIRCLE ( 'NONE', #1905, 0.3750000000000000000 ) ;
#4849 = VERTEX_POINT ( 'NONE', #1128 ) ;
#4850 = ADVANCED_FACE ( 'NONE', ( #695 ), #822, .T. ) ;
#4851 = AXIS2_PLACEMENT_3D ( 'NONE', #1465, #1133, #4257 ) ;
#4852 = CARTESIAN_POINT ( 'NONE',  ( 1.289128591757412234, -0.9741478699281866938, 0.8749999999999997780 ) ) ;
#4853 = PLANE ( 'NONE',  #2140 ) ;
#4854 = ORIENTED_EDGE ( 'NONE', *, *, #4489, .F. ) ;
#4855 = CARTESIAN_POINT ( 'NONE',  ( 0.3817540136049474842, 1.293274004668413246, 0.1250000000000000000 ) ) ;
#4856 = ORIENTED_EDGE ( 'NONE', *, *, #643, .F. ) ;
#4857 = TOROIDAL_SURFACE ( 'NONE', #3397, 0.8750000000000001110, 0.1250000000000000000 ) ;
#4858 = CARTESIAN_POINT ( 'NONE',  ( 5.882371439009459024, 2.109281673631354881, 0.000000000000000000 ) ) ;
#4859 = AXIS2_PLACEMENT_3D ( 'NONE', #721, #1151, #1948 ) ;
#4860 = CARTESIAN_POINT ( 'NONE',  ( 1.435537818814729860, -0.3545902002352067650, 0.8750000000000001110 ) ) ;
#4861 = ORIENTED_EDGE ( 'NONE', *, *, #2472, .T. ) ;
#4862 = EDGE_CURVE ( 'NONE', #452, #3145, #3445, .T. ) ;
#4863 = AXIS2_PLACEMENT_3D ( 'NONE', #715, #406, #2667 ) ;
#4864 = DIRECTION ( 'NONE',  ( 1.000000000000000000, 0.000000000000000000, 0.000000000000000000 ) ) ;
#4865 = DIRECTION ( 'NONE',  ( 0.4999999999999980571, -0.8660254037844397068, 0.000000000000000000 ) ) ;
#4866 = DIRECTION ( 'NONE',  ( 1.224646799147353207E-16, 1.000000000000000000, 0.000000000000000000 ) ) ;
#4867 = ORIENTED_EDGE ( 'NONE', *, *, #557, .T. ) ;
#4868 = AXIS2_PLACEMENT_3D ( 'NONE', #1458, #581, #3003 ) ;
#4869 = ORIENTED_EDGE ( 'NONE', *, *, #3686, .T. ) ;
#4870 = AXIS2_PLACEMENT_3D ( 'NONE', #2816, #4384, #2498 ) ;
#4871 = LINE ( 'NONE', #115, #2737 ) ;
#4872 = LINE ( 'NONE', #4491, #3700 ) ;
#4873 = DIRECTION ( 'NONE',  ( 0.6123874982331659611, 0.7905577474212268640, -0.000000000000000000 ) ) ;
#4874 = CARTESIAN_POINT ( 'NONE',  ( 0.8925484031292129083, 2.171781673631354437, 0.8750000000000001110 ) ) ;
#4875 = ORIENTED_EDGE ( 'NONE', *, *, #1169, .F. ) ;
#4876 = EDGE_LOOP ( 'NONE', ( #4919, #3317, #3246, #1054 ) ) ;
#4877 = DIRECTION ( 'NONE',  ( -0.000000000000000000, -0.000000000000000000, -1.000000000000000000 ) ) ;
#4878 = CARTESIAN_POINT ( 'NONE',  ( 2.036284050917887889, -0.3646989760311197815, 1.000000000000000000 ) ) ;
#4879 = ADVANCED_FACE ( 'NONE', ( #4614 ), #498, .T. ) ;
#4880 = VERTEX_POINT ( 'NONE', #2713 ) ;
#4881 = EDGE_CURVE ( 'NONE', #4818, #2172, #1478, .T. ) ;
#4882 = CYLINDRICAL_SURFACE ( 'NONE', #3062, 0.1250000000000002498 ) ;
#4883 = VERTEX_POINT ( 'NONE', #329 ) ;
#4884 = ORIENTED_EDGE ( 'NONE', *, *, #2506, .F. ) ;
#4885 = DIRECTION ( 'NONE',  ( 0.000000000000000000, 0.000000000000000000, -1.000000000000000000 ) ) ;
#4886 = ADVANCED_FACE ( 'NONE', ( #3121 ), #1643, .T. ) ;
#4887 = DIRECTION ( 'NONE',  ( -0.6748065803555636233, 0.7379946335230563870, 0.000000000000000000 ) ) ;
#4888 = DIRECTION ( 'NONE',  ( 1.000000000000000000, 0.000000000000000000, 0.000000000000000000 ) ) ;
#4889 = FACE_OUTER_BOUND ( 'NONE', #2907, .T. ) ;
#4890 = ADVANCED_FACE ( 'NONE', ( #1104 ), #1181, .F. ) ;
#4891 = DIRECTION ( 'NONE',  ( 1.000000000000000000, 0.000000000000000000, 0.000000000000000000 ) ) ;
#4892 = CARTESIAN_POINT ( 'NONE',  ( 7.833333333332806347, 2.109281673631105303, 0.1249999999999999445 ) ) ;
#4893 = ORIENTED_EDGE ( 'NONE', *, *, #2853, .F. ) ;
#4894 = ORIENTED_EDGE ( 'NONE', *, *, #4648, .F. ) ;
#4895 = CARTESIAN_POINT ( 'NONE',  ( 7.833333333332806347, 2.109281673631105303, 0.8750000000000001110 ) ) ;
#4896 = DIRECTION ( 'NONE',  ( -0.6748065803555591824, 0.7379946335230603838, 0.000000000000000000 ) ) ;
#4897 = EDGE_CURVE ( 'NONE', #299, #3436, #4426, .T. ) ;
#4898 = DIRECTION ( 'NONE',  ( -0.8745968939880172099, 0.4848507739774300940, -0.000000000000000000 ) ) ;
#4899 = CARTESIAN_POINT ( 'NONE',  ( 5.922091218152168324, 2.859281673631104859, 0.8750000000000001110 ) ) ;
#4900 = ORIENTED_EDGE ( 'NONE', *, *, #3828, .F. ) ;
#4901 = ORIENTED_EDGE ( 'NONE', *, *, #1161, .F. ) ;
#4902 = DIRECTION ( 'NONE',  ( 0.4848507739774302050, 0.8745968939880172099, 0.000000000000000000 ) ) ;
#4903 = LINE ( 'NONE', #4109, #4282 ) ;
#4904 = EDGE_CURVE ( 'NONE', #2850, #2118, #1807, .T. ) ;
#4905 = ORIENTED_EDGE ( 'NONE', *, *, #1195, .T. ) ;
#4906 = DIRECTION ( 'NONE',  ( 0.8745968939880168769, -0.4848507739774307046, -6.068735056069646660E-16 ) ) ;
#4907 = ORIENTED_EDGE ( 'NONE', *, *, #2351, .F. ) ;
#4908 = ORIENTED_EDGE ( 'NONE', *, *, #355, .F. ) ;
#4909 = CARTESIAN_POINT ( 'NONE',  ( 0.5833333333328081238, 1.441144819429315049, -3.037681718995442814 ) ) ;
#4910 = CYLINDRICAL_SURFACE ( 'NONE', #3045, 0.1249999999999996531 ) ;
#4911 = DIRECTION ( 'NONE',  ( 1.000000000000000000, 0.000000000000000000, 0.000000000000000000 ) ) ;
#4912 = EDGE_CURVE ( 'NONE', #2172, #4818, #4670, .T. ) ;
#4913 = AXIS2_PLACEMENT_3D ( 'NONE', #2360, #4713, #4331 ) ;
#4914 = CARTESIAN_POINT ( 'NONE',  ( 6.333333333332806347, 1.441144819429314827, 0.000000000000000000 ) ) ;
#4915 = CARTESIAN_POINT ( 'NONE',  ( 0.3333333333328081238, 1.359281673631354881, 0.000000000000000000 ) ) ;
#4916 = DIRECTION ( 'NONE',  ( 0.7379946335230571641, -0.6748065803555627351, 0.000000000000000000 ) ) ;
#4917 = ORIENTED_EDGE ( 'NONE', *, *, #2033, .T. ) ;
#4918 = VECTOR ( 'NONE', #1245, 99.99999999999998579 ) ;
#4919 = ORIENTED_EDGE ( 'NONE', *, *, #3200, .T. ) ;
#4920 = CIRCLE ( 'NONE', #3695, 0.1250000000000001665 ) ;
#4921 = DIRECTION ( 'NONE',  ( -0.7379946335230571641, 0.6748065803555627351, 0.000000000000000000 ) ) ;
#4922 = CARTESIAN_POINT ( 'NONE',  ( 1.139417427276564032, 2.055335365718709006, 0.1250000000000000000 ) ) ;
#4923 = CIRCLE ( 'NONE', #1731, 0.1249999999999998473 ) ;
#4924 = CARTESIAN_POINT ( 'NONE',  ( 7.390833333332308186, 2.109281673631105303, 0.8750000000000001110 ) ) ;
#4925 = VERTEX_POINT ( 'NONE', #3025 ) ;
#4926 = AXIS2_PLACEMENT_3D ( 'NONE', #191, #1747, #2982 ) ;
#4927 = AXIS2_PLACEMENT_3D ( 'NONE', #4645, #3107, #1156 ) ;
#4928 = VERTEX_POINT ( 'NONE', #1920 ) ;
#4929 = AXIS2_PLACEMENT_3D ( 'NONE', #1997, #1552, #2741 ) ;
#4930 = LINE ( 'NONE', #4215, #783 ) ;
#4931 = CIRCLE ( 'NONE', #1413, 0.8749999999999993339 ) ;
#4932 = DIRECTION ( 'NONE',  ( 0.6123874982331677375, -0.7905577474212254208, -0.000000000000000000 ) ) ;
#4933 = CIRCLE ( 'NONE', #3384, 0.1250000000000000278 ) ;
#4934 = VERTEX_POINT ( 'NONE', #3464 ) ;
#4935 = CYLINDRICAL_SURFACE ( 'NONE', #4119, 0.9999999999999998890 ) ;
#4936 = VERTEX_POINT ( 'NONE', #5022 ) ;
#4937 = ORIENTED_EDGE ( 'NONE', *, *, #4127, .F. ) ;
#4938 = CIRCLE ( 'NONE', #1582, 0.3750000000000000000 ) ;
#4939 = VECTOR ( 'NONE', #353, 100.0000000000000000 ) ;
#4940 = DIRECTION ( 'NONE',  ( -0.000000000000000000, 0.000000000000000000, 1.000000000000000000 ) ) ;
#4941 = DIRECTION ( 'NONE',  ( 0.8660254037844400399, 0.4999999999999978351, 0.000000000000000000 ) ) ;
#4942 = DIRECTION ( 'NONE',  ( 1.000000000000000000, 0.000000000000000000, 0.000000000000000000 ) ) ;
#4943 = AXIS2_PLACEMENT_3D ( 'NONE', #481, #1296, #2042 ) ;
#4944 = CIRCLE ( 'NONE', #3809, 0.4425000000004980505 ) ;
#4945 = LINE ( 'NONE', #2563, #4780 ) ;
#4946 = FACE_OUTER_BOUND ( 'NONE', #236, .T. ) ;
#4947 = DIRECTION ( 'NONE',  ( -1.000000000000000000, 0.000000000000000000, 0.000000000000000000 ) ) ;
#4948 = ORIENTED_EDGE ( 'NONE', *, *, #705, .F. ) ;
#4949 = EDGE_CURVE ( 'NONE', #2615, #4186, #331, .T. ) ;
#4950 = EDGE_CURVE ( 'NONE', #827, #1941, #1723, .T. ) ;
#4951 = CIRCLE ( 'NONE', #3813, 0.1250000000000000000 ) ;
#4952 = CARTESIAN_POINT ( 'NONE',  ( 8.458333333333305504, 2.109281673631105303, 0.8750000000000001110 ) ) ;
#4953 = AXIS2_PLACEMENT_3D ( 'NONE', #2545, #3344, #2785 ) ;
#4954 = DIRECTION ( 'NONE',  ( -0.000000000000000000, 0.000000000000000000, 1.000000000000000000 ) ) ;
#4955 = DIRECTION ( 'NONE',  ( 0.8660254037844400399, 0.4999999999999976685, 0.000000000000000000 ) ) ;
#4956 = ADVANCED_FACE ( 'NONE', ( #2640 ), #3435, .T. ) ;
#4957 = ORIENTED_EDGE ( 'NONE', *, *, #4667, .T. ) ;
#4958 = ORIENTED_EDGE ( 'NONE', *, *, #963, .F. ) ;
#4959 = DIRECTION ( 'NONE',  ( 1.000000000000000000, 0.000000000000000000, 0.000000000000000000 ) ) ;
#4960 = DIRECTION ( 'NONE',  ( -0.000000000000000000, 0.000000000000000000, 1.000000000000000000 ) ) ;
#4961 = CIRCLE ( 'NONE', #537, 1.000000000000000000 ) ;
#4962 = ORIENTED_EDGE ( 'NONE', *, *, #2820, .F. ) ;
#4963 = DIRECTION ( 'NONE',  ( 0.5286605404450595014, 0.8488333363955127275, 0.000000000000000000 ) ) ;
#4964 = ORIENTED_EDGE ( 'NONE', *, *, #4388, .T. ) ;
#4965 = EDGE_CURVE ( 'NONE', #2889, #225, #4806, .T. ) ;
#4966 = LINE ( 'NONE', #1456, #3458 ) ;
#4967 = DIRECTION ( 'NONE',  ( 0.6123874982331675154, -0.7905577474212256428, 0.000000000000000000 ) ) ;
#4968 = DIRECTION ( 'NONE',  ( -1.000000000000000000, -1.156482317317871725E-16, 0.000000000000000000 ) ) ;
#4969 = LINE ( 'NONE', #1890, #3620 ) ;
#4970 = VECTOR ( 'NONE', #2410, 100.0000000000000000 ) ;
#4971 = LINE ( 'NONE', #4659, #4261 ) ;
#4972 = ADVANCED_FACE ( 'NONE', ( #1208 ), #1588, .F. ) ;
#4973 = ORIENTED_EDGE ( 'NONE', *, *, #4513, .F. ) ;
#4974 = LINE ( 'NONE', #1385, #3225 ) ;
#4975 = CARTESIAN_POINT ( 'NONE',  ( 5.393430677707613086, 2.708115010026932001, 0.1250000000000000000 ) ) ;
#4976 = DIRECTION ( 'NONE',  ( -0.6123874982331677375, 0.7905577474212254208, -0.000000000000000000 ) ) ;
#4977 = DIRECTION ( 'NONE',  ( -0.7379946335230570531, -0.6748065803555628461, 0.000000000000000000 ) ) ;
#4978 = ADVANCED_FACE ( 'NONE', ( #2433 ), #3606, .F. ) ;
#4979 = ORIENTED_EDGE ( 'NONE', *, *, #1689, .F. ) ;
#4980 = ORIENTED_EDGE ( 'NONE', *, *, #3103, .F. ) ;
#4981 = EDGE_CURVE ( 'NONE', #2041, #3342, #660, .T. ) ;
#4982 = DIRECTION ( 'NONE',  ( 0.000000000000000000, 0.000000000000000000, -1.000000000000000000 ) ) ;
#4983 = CARTESIAN_POINT ( 'NONE',  ( 1.947845285395338299, -0.2763610750324688170, 0.8750000000000001110 ) ) ;
#4984 = EDGE_LOOP ( 'NONE', ( #3236, #266, #305, #1159 ) ) ;
#4985 = EDGE_LOOP ( 'NONE', ( #4592, #2962, #478, #4569 ) ) ;
#4986 = ORIENTED_EDGE ( 'NONE', *, *, #3389, .T. ) ;
#4987 = CYLINDRICAL_SURFACE ( 'NONE', #501, 0.2500000000000000555 ) ;
#4988 = LINE ( 'NONE', #1886, #2144 ) ;
#4989 = LINE ( 'NONE', #1019, #1170 ) ;
#4990 = ADVANCED_FACE ( 'NONE', ( #2025 ), #2218, .T. ) ;
#4991 = DIRECTION ( 'NONE',  ( -0.000000000000000000, 0.000000000000000000, 1.000000000000000000 ) ) ;
#4992 = DIRECTION ( 'NONE',  ( -0.000000000000000000, -0.000000000000000000, -1.000000000000000000 ) ) ;
#4993 = CARTESIAN_POINT ( 'NONE',  ( 4.708275309395858699, 2.142674822278395119, 0.000000000000000000 ) ) ;
#4994 = ORIENTED_EDGE ( 'NONE', *, *, #5008, .T. ) ;
#4995 = DIRECTION ( 'NONE',  ( 0.8660254037844400399, -0.4999999999999975575, 0.000000000000000000 ) ) ;
#4996 = DIRECTION ( 'NONE',  ( -1.000000000000000000, 0.000000000000000000, 0.000000000000000000 ) ) ;
#4997 = CARTESIAN_POINT ( 'NONE',  ( -0.1521523890381501487, 0.9842816736313548809, 0.8750000000000001110 ) ) ;
#4998 = DIRECTION ( 'NONE',  ( -0.000000000000000000, 0.000000000000000000, 1.000000000000000000 ) ) ;
#4999 = EDGE_LOOP ( 'NONE', ( #4746, #4753, #165, #4183 ) ) ;
#5000 = ORIENTED_EDGE ( 'NONE', *, *, #1636, .T. ) ;
#5001 = EDGE_CURVE ( 'NONE', #1707, #3032, #2381, .T. ) ;
#5002 = TOROIDAL_SURFACE ( 'NONE', #4837, 0.4425000000004975509, 0.1250000000000000000 ) ;
#5003 = DIRECTION ( 'NONE',  ( -0.000000000000000000, 0.000000000000000000, 1.000000000000000000 ) ) ;
#5004 = CARTESIAN_POINT ( 'NONE',  ( 4.869466879835753659, -0.6040562273672581695, 0.8750000000000001110 ) ) ;
#5005 = AXIS2_PLACEMENT_3D ( 'NONE', #307, #4270, #380 ) ;
#5006 = AXIS2_PLACEMENT_3D ( 'NONE', #2487, #818, #1594 ) ;
#5007 = ORIENTED_EDGE ( 'NONE', *, *, #4825, .F. ) ;
#5008 = EDGE_CURVE ( 'NONE', #1367, #4124, #2301, .T. ) ;
#5009 = AXIS2_PLACEMENT_3D ( 'NONE', #3767, #255, #988 ) ;
#5010 = ORIENTED_EDGE ( 'NONE', *, *, #247, .F. ) ;
#5011 = AXIS2_PLACEMENT_3D ( 'NONE', #3664, #2517, #162 ) ;
#5012 = AXIS2_PLACEMENT_3D ( 'NONE', #4821, #2937, #3425 ) ;
#5013 = DIRECTION ( 'NONE',  ( -0.000000000000000000, -0.000000000000000000, -1.000000000000000000 ) ) ;
#5014 = FACE_OUTER_BOUND ( 'NONE', #1048, .T. ) ;
#5015 = DIRECTION ( 'NONE',  ( -0.000000000000000000, 0.000000000000000000, 1.000000000000000000 ) ) ;
#5016 = AXIS2_PLACEMENT_3D ( 'NONE', #86, #3241, #3959 ) ;
#5017 = ORIENTED_EDGE ( 'NONE', *, *, #5045, .F. ) ;
#5018 = TOROIDAL_SURFACE ( 'NONE', #438, 0.4425000000004978840, 0.1250000000000000000 ) ;
#5019 = CYLINDRICAL_SURFACE ( 'NONE', #5033, 0.1249999999999999584 ) ;
#5020 = AXIS2_PLACEMENT_3D ( 'NONE', #552, #1224, #2781 ) ;
#5021 = FACE_OUTER_BOUND ( 'NONE', #4081, .T. ) ;
#5022 = CARTESIAN_POINT ( 'NONE',  ( -1.588420779389753790, 1.648035027678826037, 1.000000000000000000 ) ) ;
#5023 = EDGE_CURVE ( 'NONE', #4186, #1472, #1299, .T. ) ;
#5024 = ORIENTED_EDGE ( 'NONE', *, *, #1125, .F. ) ;
#5025 = CIRCLE ( 'NONE', #2409, 0.1249999999999996947 ) ;
#5026 = CARTESIAN_POINT ( 'NONE',  ( 3.333333333332808568, -1.666666666666644092, 0.000000000000000000 ) ) ;
#5027 = CARTESIAN_POINT ( 'NONE',  ( 7.833333333332806347, 2.109281673631105303, 0.8750000000000001110 ) ) ;
#5028 = SURFACE_STYLE_FILL_AREA ( #1186 ) ;
#5029 = DIRECTION ( 'NONE',  ( 1.000000000000000000, 0.000000000000000000, 0.000000000000000000 ) ) ;
#5030 = AXIS2_PLACEMENT_3D ( 'NONE', #3231, #4016, #3179 ) ;
#5031 = VERTEX_POINT ( 'NONE', #2454 ) ;
#5032 = ORIENTED_EDGE ( 'NONE', *, *, #1866, .F. ) ;
#5033 = AXIS2_PLACEMENT_3D ( 'NONE', #26, #693, #358 ) ;
#5034 = CARTESIAN_POINT ( 'NONE',  ( -3.306708695785421849E-16, 2.859281673631104415, 0.1249999999999999445 ) ) ;
#5035 = DIRECTION ( 'NONE',  ( -0.8488333363958275868, -0.5286605404445537948, -0.000000000000000000 ) ) ;
#5036 = VERTEX_POINT ( 'NONE', #3563 ) ;
#5037 = CIRCLE ( 'NONE', #1441, 0.9999999999999995559 ) ;
#5038 = ORIENTED_EDGE ( 'NONE', *, *, #4319, .T. ) ;
#5039 = TOROIDAL_SURFACE ( 'NONE', #3412, 0.4425000000004978840, 0.1250000000000000000 ) ;
#5040 = EDGE_CURVE ( 'NONE', #225, #4028, #4747, .T. ) ;
#5041 = ADVANCED_FACE ( 'NONE', ( #56 ), #867, .T. ) ;
#5042 = DIRECTION ( 'NONE',  ( 1.000000000000000000, 0.000000000000000000, 0.000000000000000000 ) ) ;
#5043 = DIRECTION ( 'NONE',  ( 0.000000000000000000, -0.000000000000000000, -1.000000000000000000 ) ) ;
#5044 = ORIENTED_EDGE ( 'NONE', *, *, #4635, .T. ) ;
#5045 = EDGE_CURVE ( 'NONE', #1602, #2440, #2789, .T. ) ;
#5046 = CYLINDRICAL_SURFACE ( 'NONE', #3641, 0.7500000000004974909 ) ;
#5047 = DIRECTION ( 'NONE',  ( 0.5914832590436079895, 0.8063172789114421146, 0.000000000000000000 ) ) ;
#5048 = DIRECTION ( 'NONE',  ( 1.000000000000000000, 0.000000000000000000, 0.000000000000000000 ) ) ;
#5049 = ORIENTED_EDGE ( 'NONE', *, *, #2896, .F. ) ;
#5050 = ADVANCED_FACE ( 'NONE', ( #3196 ), #2818, .T. ) ;
#5051 = CARTESIAN_POINT ( 'NONE',  ( 2.145967754350238899, -0.09968527303516640237, 1.000000000000000000 ) ) ;
#5052 = CARTESIAN_POINT ( 'NONE',  ( 2.735443128941592583, 0.5467816736313557691, 1.000000000000000000 ) ) ;
#5053 = DIRECTION ( 'NONE',  ( 0.7379946335230577192, 0.6748065803555622910, 0.000000000000000000 ) ) ;
#5054 = CARTESIAN_POINT ( 'NONE',  ( 6.333333333332806347, 2.359281673631354881, 0.000000000000000000 ) ) ;
#5055 = ORIENTED_EDGE ( 'NONE', *, *, #2222, .F. ) ;
#5056 = ORIENTED_EDGE ( 'NONE', *, *, #4813, .F. ) ;
#5057 = EDGE_CURVE ( 'NONE', #3962, #4297, #980, .T. ) ;
#5058 = CARTESIAN_POINT ( 'NONE',  ( -1.166666666667191876, 2.109281673631104415, 0.1249999999999999445 ) ) ;
#5059 = CARTESIAN_POINT ( 'NONE',  ( 2.988033871712053369, 0.3592816736313547143, 0.1250000000000000000 ) ) ;
#5060 = ORIENTED_EDGE ( 'NONE', *, *, #3673, .F. ) ;
#5061 = ORIENTED_EDGE ( 'NONE', *, *, #3223, .F. ) ;
#5062 = DIRECTION ( 'NONE',  ( -0.000000000000000000, -0.000000000000000000, -1.000000000000000000 ) ) ;
#5063 = FACE_BOUND ( 'NONE', #2166, .T. ) ;
#5064 = LINE ( 'NONE', #2356, #4939 ) ;
#5065 = ORIENTED_EDGE ( 'NONE', *, *, #133, .F. ) ;
#5066 = DIRECTION ( 'NONE',  ( 0.000000000000000000, -0.000000000000000000, -1.000000000000000000 ) ) ;
#5067 = DIRECTION ( 'NONE',  ( 0.000000000000000000, -0.000000000000000000, -1.000000000000000000 ) ) ;
#5068 = CARTESIAN_POINT ( 'NONE',  ( 6.458333333332806347, 1.441144819429314827, 0.1250000000000000000 ) ) ;
#5069 = ORIENTED_EDGE ( 'NONE', *, *, #4547, .F. ) ;
ENDSEC;
END-ISO-10303-21;
