ISO-10303-21;
HEADER;
FILE_DESCRIPTION((''),'2;1');
FILE_NAME('HS-425BB_ASM','2017-08-30T',('servo-csw'),(''),
'CREO PARAMETRIC BY PTC INC, 2014440','CREO PARAMETRIC BY PTC INC, 2014440','');
FILE_SCHEMA(('CONFIG_CONTROL_DESIGN'));
ENDSEC;
DATA;
#121=DIRECTION('',(0.E0,-2.442490654175E-14,1.E0));
#122=VECTOR('',#121,2.8E0);
#123=CARTESIAN_POINT('',(1.87E1,-1.5E0,-1.3E0));
#124=LINE('',#123,#122);
#125=CARTESIAN_POINT('',(1.87E1,-8.000000000001E-1,1.5E0));
#126=DIRECTION('',(-1.E0,0.E0,0.E0));
#127=DIRECTION('',(0.E0,-1.E0,2.089756938923E-12));
#128=AXIS2_PLACEMENT_3D('',#125,#126,#127);
#130=DIRECTION('',(0.E0,0.E0,-1.E0));
#131=VECTOR('',#130,2.8E0);
#132=CARTESIAN_POINT('',(1.87E1,-9.999999999999E-2,1.5E0));
#133=LINE('',#132,#131);
#134=CARTESIAN_POINT('',(1.87E1,-8.E-1,-1.3E0));
#135=DIRECTION('',(-1.E0,0.E0,0.E0));
#136=DIRECTION('',(0.E0,1.E0,-3.432175178984E-13));
#137=AXIS2_PLACEMENT_3D('',#134,#135,#136);
#139=DIRECTION('',(-1.E0,1.757731387342E-14,1.567129350265E-9));
#140=VECTOR('',#139,7.6E0);
#141=CARTESIAN_POINT('',(2.63E1,-1.000000000001E-1,-1.300000011910E0));
#142=LINE('',#141,#140);
#143=DIRECTION('',(1.E0,-1.744218804477E-14,-1.567155586588E-9));
#144=VECTOR('',#143,7.6E0);
#145=CARTESIAN_POINT('',(1.87E1,-1.5E0,-1.3E0));
#146=LINE('',#145,#144);
#147=DIRECTION('',(-1.E0,1.747140444015E-14,-1.567088155147E-9));
#148=VECTOR('',#147,7.6E0);
#149=CARTESIAN_POINT('',(2.63E1,-1.5E0,1.500000011910E0));
#150=LINE('',#149,#148);
#151=DIRECTION('',(1.E0,-1.757913989814E-14,1.567138962459E-9));
#152=VECTOR('',#151,7.6E0);
#153=CARTESIAN_POINT('',(1.87E1,-9.999999999999E-2,1.5E0));
#154=LINE('',#153,#152);
#155=CARTESIAN_POINT('',(2.629999991756E1,-7.999999255760E-1,1.600000111110E0));
#156=DIRECTION('',(9.999999999999E-1,-1.227258829408E-7,-3.018773729468E-7));
#157=DIRECTION('',(1.227258427366E-7,1.E0,-1.336279094596E-7));
#158=AXIS2_PLACEMENT_3D('',#155,#156,#157);
#160=CARTESIAN_POINT('',(2.629999991778E1,-7.999999336392E-1,
-1.400000108950E0));
#161=DIRECTION('',(9.999999999999E-1,-1.235129231288E-7,3.017315402972E-7));
#162=DIRECTION('',(-1.235129634008E-7,-1.E0,1.310301156788E-7));
#163=AXIS2_PLACEMENT_3D('',#160,#161,#162);
#165=DIRECTION('',(0.E0,-2.450420797790E-14,1.E0));
#166=VECTOR('',#165,2.800000023821E0);
#167=CARTESIAN_POINT('',(2.63E1,-1.5E0,-1.300000011910E0));
#168=LINE('',#167,#166);
#169=CARTESIAN_POINT('',(2.63E1,-8.E-1,-1.3E0));
#170=DIRECTION('',(-1.E0,0.E0,0.E0));
#171=DIRECTION('',(0.E0,1.E0,-4.504333414193E-14));
#172=AXIS2_PLACEMENT_3D('',#169,#170,#171);
#174=DIRECTION('',(0.E0,0.E0,-1.E0));
#175=VECTOR('',#174,2.800000023820E0);
#176=CARTESIAN_POINT('',(2.63E1,-1.000000000001E-1,1.500000011910E0));
#177=LINE('',#176,#175);
#178=CARTESIAN_POINT('',(2.63E1,-8.000000000001E-1,1.5E0));
#179=DIRECTION('',(-1.E0,0.E0,0.E0));
#180=DIRECTION('',(0.E0,-1.E0,1.811249563031E-13));
#181=AXIS2_PLACEMENT_3D('',#178,#179,#180);
#183=DIRECTION('',(-4.853362156610E-11,8.112029566595E-14,-1.E0));
#184=VECTOR('',#183,3.E0);
#185=CARTESIAN_POINT('',(2.629999869144E1,-1.631487129418E0,1.6E0));
#186=LINE('',#185,#184);
#187=DIRECTION('',(-1.091954360475E-10,9.769777492460E-10,1.E0));
#188=VECTOR('',#187,2.999988662885E0);
#189=CARTESIAN_POINT('',(2.603312938468E1,-1.929651189583E0,-1.399994324751E0));
#190=LINE('',#189,#188);
#191=CARTESIAN_POINT('',(2.600000000001E1,-1.631487162070E0,1.6E0));
#192=DIRECTION('',(0.E0,0.E0,1.E0));
#193=DIRECTION('',(1.104313638150E-1,-9.938837527025E-1,0.E0));
#194=AXIS2_PLACEMENT_3D('',#191,#192,#193);
#196=CARTESIAN_POINT('',(2.599999990829E1,-1.631486626281E0,-1.400000090339E0));
#197=DIRECTION('',(3.017315240865E-7,-1.312472281193E-7,-9.999999999999E-1));
#198=DIRECTION('',(9.999999999986E-1,-1.622730366534E-6,3.017317371257E-7));
#199=AXIS2_PLACEMENT_3D('',#196,#197,#198);
#201=DIRECTION('',(-9.688842321037E-11,0.E0,1.E0));
#202=VECTOR('',#201,3.E0);
#203=CARTESIAN_POINT('',(2.629999875976E1,3.148712941718E-2,-1.4E0));
#204=LINE('',#203,#202);
#205=CARTESIAN_POINT('',(2.600000000001E1,3.148716206956E-2,1.599999999996E0));
#206=DIRECTION('',(0.E0,0.E0,1.E0));
#207=DIRECTION('',(1.E0,-1.632511844958E-7,0.E0));
#208=AXIS2_PLACEMENT_3D('',#205,#206,#207);
#210=DIRECTION('',(-3.266378547120E-11,-2.996308086140E-10,-1.E0));
#211=VECTOR('',#210,2.999987517524E0);
#212=CARTESIAN_POINT('',(2.603312939108E1,3.296512471919E-1,1.599993761900E0));
#213=LINE('',#212,#211);
#214=CARTESIAN_POINT('',(2.600000000001E1,3.148716206956E-2,-1.4E0));
#215=DIRECTION('',(0.E0,0.E0,-1.E0));
#216=DIRECTION('',(1.104313638162E-1,9.938837527023E-1,0.E0));
#217=AXIS2_PLACEMENT_3D('',#214,#215,#216);
#219=DIRECTION('',(-1.657933016604E-14,-1.465494362891E-14,1.E0));
#220=VECTOR('',#219,3.000000060623E0);
#221=CARTESIAN_POINT('',(2.180000013606E1,7.999999848827E-1,-1.400000030311E0));
#222=LINE('',#221,#220);
#223=CARTESIAN_POINT('',(2.603312963091E1,-8.000000000001E-1,1.599999999999E0));
#224=DIRECTION('',(-1.E0,0.E0,0.E0));
#225=DIRECTION('',(0.E0,-9.999999999500E-1,-9.995685675674E-6));
#226=AXIS2_PLACEMENT_3D('',#223,#224,#225);
#228=DIRECTION('',(-9.938837078032E-1,1.104317678988E-1,1.471741446729E-6));
#229=VECTOR('',#228,4.259179642235E0);
#230=CARTESIAN_POINT('',(2.603312939108E1,3.296512471919E-1,1.599993761900E0));
#231=LINE('',#230,#229);
#232=DIRECTION('',(2.250051951109E-14,0.E0,-1.E0));
#233=VECTOR('',#232,3.000000060619E0);
#234=CARTESIAN_POINT('',(2.180000013605E1,-2.399999984883E0,1.600000030309E0));
#235=LINE('',#234,#233);
#236=DIRECTION('',(-9.938837062240E-1,-1.104317821128E-1,1.336448665177E-6));
#237=VECTOR('',#236,4.259179642236E0);
#238=CARTESIAN_POINT('',(2.603312938435E1,-1.929651186652E0,1.599994338135E0));
#239=LINE('',#238,#237);
#240=CARTESIAN_POINT('',(2.603312963091E1,-8.000000000001E-1,-1.4E0));
#241=DIRECTION('',(-1.E0,0.E0,0.E0));
#242=DIRECTION('',(0.E0,9.999999999392E-1,1.102699455644E-5));
#243=AXIS2_PLACEMENT_3D('',#240,#241,#242);
#245=DIRECTION('',(9.938837077797E-1,-1.104317681098E-1,1.473215054576E-6));
#246=VECTOR('',#245,4.259179642237E0);
#247=CARTESIAN_POINT('',(2.180000013606E1,7.999999848827E-1,-1.400000030311E0));
#248=LINE('',#247,#246);
#249=DIRECTION('',(-9.938837063005E-1,-1.104317814246E-1,-1.339591004385E-6));
#250=VECTOR('',#249,4.259179642238E0);
#251=CARTESIAN_POINT('',(2.603312938468E1,-1.929651189583E0,-1.399994324751E0));
#252=LINE('',#251,#250);
#253=CARTESIAN_POINT('',(2.180000028677E1,-8.000000000001E-1,1.599999999999E0));
#254=DIRECTION('',(1.E0,0.E0,0.E0));
#255=DIRECTION('',(0.E0,1.E0,3.481937030322E-13));
#256=AXIS2_PLACEMENT_3D('',#253,#254,#255);
#258=CARTESIAN_POINT('',(2.179999954207E1,4.000000000003E-1,2.700000000001E0));
#259=DIRECTION('',(-1.E0,-6.615161544889E-13,-1.593675034551E-12));
#260=DIRECTION('',(-1.591620347242E-12,-5.562233495873E-13,1.E0));
#261=AXIS2_PLACEMENT_3D('',#258,#259,#260);
#263=CARTESIAN_POINT('',(2.179999954207E1,3.999999999998E-1,-2.499999999999E0));
#264=DIRECTION('',(-1.E0,4.792307524271E-13,-1.480725125716E-12));
#265=DIRECTION('',(4.760650145759E-13,1.E0,-1.162628925522E-12));
#266=AXIS2_PLACEMENT_3D('',#263,#264,#265);
#268=CARTESIAN_POINT('',(2.180000028677E1,-8.000000000001E-1,-1.4E0));
#269=DIRECTION('',(1.E0,0.E0,0.E0));
#270=DIRECTION('',(0.E0,5.474787399209E-14,-1.E0));
#271=AXIS2_PLACEMENT_3D('',#268,#269,#270);
#273=DIRECTION('',(1.271947230138E-7,-1.E0,1.840409687716E-7));
#274=VECTOR('',#273,1.200071475139E0);
#275=CARTESIAN_POINT('',(2.179999984736E1,3.999999967350E-1,3.199999769118E0));
#276=LINE('',#275,#274);
#277=DIRECTION('',(-1.272097790041E-7,-1.E0,-1.840630245361E-7));
#278=VECTOR('',#277,1.199928518331E0);
#279=CARTESIAN_POINT('',(2.18E1,-8.000714784043E-1,3.199999989980E0));
#280=LINE('',#279,#278);
#281=DIRECTION('',(-1.672736037466E-13,1.E0,0.E0));
#282=VECTOR('',#281,2.399999980347E0);
#283=CARTESIAN_POINT('',(2.130000009947E1,-1.999999990174E0,3.699999102129E0));
#284=LINE('',#283,#282);
#285=CARTESIAN_POINT('',(2.180000028676E1,-8.000000000001E-1,1.599999999999E0));
#286=DIRECTION('',(1.E0,0.E0,0.E0));
#287=DIRECTION('',(0.E0,-4.467407078498E-5,9.999999990021E-1));
#288=AXIS2_PLACEMENT_3D('',#285,#286,#287);
#290=CARTESIAN_POINT('',(2.180000028677E1,-8.000000000001E-1,-1.4E0));
#291=DIRECTION('',(1.E0,0.E0,0.E0));
#292=DIRECTION('',(0.E0,-1.E0,-9.617307142338E-14));
#293=AXIS2_PLACEMENT_3D('',#290,#291,#292);
#295=CARTESIAN_POINT('',(2.179999954207E1,-2.E0,-2.5E0));
#296=DIRECTION('',(-1.E0,-7.981319191334E-13,1.659214317021E-13));
#297=DIRECTION('',(-1.634253035113E-13,-5.715444717907E-13,-1.E0));
#298=AXIS2_PLACEMENT_3D('',#295,#296,#297);
#300=CARTESIAN_POINT('',(2.179999954207E1,-2.E0,2.7E0));
#301=DIRECTION('',(-1.E0,1.837203253094E-13,7.586223070444E-13));
#302=DIRECTION('',(-1.847416474475E-13,-1.E0,5.613303903213E-13));
#303=AXIS2_PLACEMENT_3D('',#300,#301,#302);
#305=DIRECTION('',(1.272022461196E-7,1.E0,-1.843846743270E-7));
#306=VECTOR('',#305,1.199999996736E0);
#307=CARTESIAN_POINT('',(2.179999984736E1,-1.999999996735E0,-2.999999769118E0));
#308=LINE('',#307,#306);
#309=DIRECTION('',(-1.272021099325E-7,1.E0,1.843848042235E-7));
#310=VECTOR('',#309,1.199999996734E0);
#311=CARTESIAN_POINT('',(2.18E1,-7.999999999986E-1,-2.999999990379E0));
#312=LINE('',#311,#310);
#313=DIRECTION('',(-1.376676561809E-13,-1.E0,1.831868005632E-14));
#314=VECTOR('',#313,2.399999980347E0);
#315=CARTESIAN_POINT('',(2.130000009947E1,3.999999901735E-1,-3.499999102129E0));
#316=LINE('',#315,#314);
#317=CARTESIAN_POINT('',(2.130000043635E1,8.999991057245E-1,-2.499999990174E0));
#318=DIRECTION('',(-1.480725135134E-12,-1.965259831954E-8,1.E0));
#319=DIRECTION('',(9.999999999985E-1,1.711585612059E-6,1.514346914076E-12));
#320=AXIS2_PLACEMENT_3D('',#317,#318,#319);
#322=CARTESIAN_POINT('',(2.130000043635E1,4.E-1,-2.5E0));
#323=DIRECTION('',(-1.E0,4.792307524271E-13,-1.480725125716E-12));
#324=DIRECTION('',(4.796172044580E-13,1.E0,1.959177127422E-8));
#325=AXIS2_PLACEMENT_3D('',#322,#323,#324);
#327=CARTESIAN_POINT('',(2.130000043635E1,3.999999901892E-1,-2.999999105725E0));
#328=DIRECTION('',(-4.792307814814E-13,-1.E0,1.962168658109E-8));
#329=DIRECTION('',(-9.496596650018E-7,-1.962168662019E-8,-9.999999999995E-1));
#330=AXIS2_PLACEMENT_3D('',#327,#328,#329);
#332=DIRECTION('',(4.030963602163E-14,-2.931415797547E-14,1.E0));
#333=VECTOR('',#332,5.199999993470E0);
#334=CARTESIAN_POINT('',(2.179999984736E1,8.999997691176E-1,-2.499999996735E0));
#335=LINE('',#334,#333);
#336=DIRECTION('',(0.E0,0.E0,-1.E0));
#337=VECTOR('',#336,5.199999980347E0);
#338=CARTESIAN_POINT('',(2.130000009947E1,1.399999102129E0,2.699999990174E0));
#339=LINE('',#338,#337);
#340=CARTESIAN_POINT('',(2.130000043635E1,3.999999901734E-1,3.199999105724E0));
#341=DIRECTION('',(6.615161858096E-13,-1.E0,-1.965307913632E-8));
#342=DIRECTION('',(9.999999999985E-1,6.278322433355E-13,1.711585990868E-6));
#343=AXIS2_PLACEMENT_3D('',#340,#341,#342);
#345=CARTESIAN_POINT('',(2.130000043635E1,3.999999999999E-1,2.7E0));
#346=DIRECTION('',(-1.E0,-6.615161544889E-13,-1.593675034551E-12));
#347=DIRECTION('',(-1.595171294827E-12,-1.959115038088E-8,1.E0));
#348=AXIS2_PLACEMENT_3D('',#345,#346,#347);
#350=CARTESIAN_POINT('',(2.130000043635E1,8.999991057245E-1,2.699999990189E0));
#351=DIRECTION('',(1.593675047531E-12,-1.962212205220E-8,-1.E0));
#352=DIRECTION('',(-9.496597289506E-7,9.999999999995E-1,-1.962212216146E-8));
#353=AXIS2_PLACEMENT_3D('',#350,#351,#352);
#355=DIRECTION('',(9.999999999895E-1,-2.968934220672E-7,4.568108776908E-6));
#356=VECTOR('',#355,1.000000099477E0);
#357=CARTESIAN_POINT('',(2.03E1,1.399999399023E0,2.699995422064E0));
#358=LINE('',#357,#356);
#359=DIRECTION('',(-9.999999999895E-1,-4.568108942610E-6,2.968934464922E-7));
#360=VECTOR('',#359,1.000000099477E0);
#361=CARTESIAN_POINT('',(2.130000009947E1,3.999999901733E-1,3.699999102129E0));
#362=LINE('',#361,#360);
#363=CARTESIAN_POINT('',(2.03E1,4.000000000009E-1,2.700000000001E0));
#364=DIRECTION('',(1.E0,0.E0,0.E0));
#365=DIRECTION('',(0.E0,9.999999999060E-1,-1.371421722343E-5));
#366=AXIS2_PLACEMENT_3D('',#363,#364,#365);
#368=DIRECTION('',(0.E0,1.E0,0.E0));
#369=VECTOR('',#368,2.399988574496E0);
#370=CARTESIAN_POINT('',(2.03E1,-1.999993152432E0,3.699999399023E0));
#371=LINE('',#370,#369);
#372=CARTESIAN_POINT('',(2.03E1,-2.000000000001E0,2.700000000001E0));
#373=DIRECTION('',(1.E0,0.E0,0.E0));
#374=DIRECTION('',(0.E0,2.052311537831E-5,9.999999997894E-1));
#375=AXIS2_PLACEMENT_3D('',#372,#373,#374);
#377=DIRECTION('',(-2.870592652470E-12,-1.E0,0.E0));
#378=VECTOR('',#377,5.000000000001E-1);
#379=CARTESIAN_POINT('',(2.03E1,-2.E0,5.7E0));
#380=LINE('',#379,#378);
#381=DIRECTION('',(0.E0,-1.E0,7.800546116902E-11));
#382=VECTOR('',#381,2.46E1);
#383=CARTESIAN_POINT('',(2.03E1,2.26E1,-8.299999957502E0));
#384=LINE('',#383,#382);
#385=DIRECTION('',(1.284442659663E-13,4.346950224524E-14,-1.E0));
#386=VECTOR('',#385,2.599999955583E0);
#387=CARTESIAN_POINT('',(2.03E1,-2.E0,-5.7E0));
#388=LINE('',#387,#386);
#389=DIRECTION('',(2.870592652470E-12,1.E0,0.E0));
#390=VECTOR('',#389,5.000000000001E-1);
#391=CARTESIAN_POINT('',(2.03E1,-2.5E0,-5.7E0));
#392=LINE('',#391,#390);
#393=CARTESIAN_POINT('',(2.03E1,-2.000000000001E0,-2.500000000001E0));
#394=DIRECTION('',(1.E0,0.E0,0.E0));
#395=DIRECTION('',(0.E0,-5.000009014629E-1,-8.660248833239E-1));
#396=AXIS2_PLACEMENT_3D('',#393,#394,#395);
#398=DIRECTION('',(0.E0,-1.E0,0.E0));
#399=VECTOR('',#398,2.399988574495E0);
#400=CARTESIAN_POINT('',(2.03E1,3.999954220643E-1,-3.499999399023E0));
#401=LINE('',#400,#399);
#402=CARTESIAN_POINT('',(2.03E1,4.000000000008E-1,-2.500000000001E0));
#403=DIRECTION('',(1.E0,0.E0,0.E0));
#404=DIRECTION('',(0.E0,-1.371421742449E-5,-9.999999999060E-1));
#405=AXIS2_PLACEMENT_3D('',#402,#403,#404);
#407=DIRECTION('',(0.E0,0.E0,-1.E0));
#408=VECTOR('',#407,5.199990844128E0);
#409=CARTESIAN_POINT('',(2.03E1,1.399999399023E0,2.699995422064E0));
#410=LINE('',#409,#408);
#411=DIRECTION('',(9.999999999766E-1,-6.837741272583E-6,-2.968934273924E-7));
#412=VECTOR('',#411,1.000000099490E0);
#413=CARTESIAN_POINT('',(2.03E1,-1.999993152432E0,3.699999399023E0));
#414=LINE('',#413,#412);
#415=DIRECTION('',(-1.E0,-2.968934531566E-7,3.296222078272E-9));
#416=VECTOR('',#415,1.000000099466E0);
#417=CARTESIAN_POINT('',(2.130000009947E1,-2.999999102129E0,2.699999990173E0));
#418=LINE('',#417,#416);
#419=CARTESIAN_POINT('',(2.130000043635E1,-2.499999105724E0,2.699999990174E0));
#420=DIRECTION('',(-7.586223034338E-13,1.965283465133E-8,-1.E0));
#421=DIRECTION('',(9.999999999985E-1,-1.711585865634E-6,-7.922565673639E-13));
#422=AXIS2_PLACEMENT_3D('',#419,#420,#421);
#424=CARTESIAN_POINT('',(2.130000043635E1,-2.E0,2.7E0));
#425=DIRECTION('',(-1.E0,1.837203253094E-13,7.586223070444E-13));
#426=DIRECTION('',(-1.847414417171E-13,-1.E0,-1.959171132207E-8));
#427=AXIS2_PLACEMENT_3D('',#424,#425,#426);
#429=CARTESIAN_POINT('',(2.130000043635E1,-1.999999990189E0,3.199999105725E0));
#430=DIRECTION('',(1.837203104240E-13,1.E0,-1.962170456671E-8));
#431=DIRECTION('',(-9.496596650018E-7,1.962170471686E-8,9.999999999995E-1));
#432=AXIS2_PLACEMENT_3D('',#429,#430,#431);
#434=DIRECTION('',(3.006142347376E-14,2.954901284636E-14,-1.E0));
#435=VECTOR('',#434,5.199999993470E0);
#436=CARTESIAN_POINT('',(2.179999984736E1,-2.499999769118E0,2.699999996735E0));
#437=LINE('',#436,#435);
#438=DIRECTION('',(-4.645856366759E-14,0.E0,1.E0));
#439=VECTOR('',#438,5.199999980347E0);
#440=CARTESIAN_POINT('',(2.130000009947E1,-2.999999102129E0,-2.499999990174E0));
#441=LINE('',#440,#439);
#442=CARTESIAN_POINT('',(2.130000043635E1,-1.999999990174E0,-2.999999105724E0));
#443=DIRECTION('',(-7.981319158726E-13,1.E0,1.965283615013E-8));
#444=DIRECTION('',(9.999999999985E-1,8.317805777313E-13,-1.711585866523E-6));
#445=AXIS2_PLACEMENT_3D('',#442,#443,#444);
#447=CARTESIAN_POINT('',(2.130000043635E1,-2.E0,-2.5E0));
#448=DIRECTION('',(-1.E0,-7.981319191334E-13,1.659214317021E-13));
#449=DIRECTION('',(-1.669778415520E-13,1.959172597704E-8,-1.E0));
#450=AXIS2_PLACEMENT_3D('',#447,#448,#449);
#452=CARTESIAN_POINT('',(2.130000043635E1,-2.499999105725E0,-2.499999990189E0));
#453=DIRECTION('',(1.659214160414E-13,1.962170449732E-8,1.E0));
#454=DIRECTION('',(-9.496596436855E-7,-9.999999999995E-1,1.962170471686E-8));
#455=AXIS2_PLACEMENT_3D('',#452,#453,#454);
#457=DIRECTION('',(1.E0,2.968934282875E-7,3.296224298717E-9));
#458=VECTOR('',#457,1.000000099466E0);
#459=CARTESIAN_POINT('',(2.03E1,-2.999999399023E0,-2.499999993470E0));
#460=LINE('',#459,#458);
#461=DIRECTION('',(-9.999999999766E-1,6.837741686254E-6,-2.968934544819E-7));
#462=VECTOR('',#461,1.000000099490E0);
#463=CARTESIAN_POINT('',(2.130000009947E1,-1.999999990173E0,-3.499999102129E0));
#464=LINE('',#463,#462);
#465=CARTESIAN_POINT('',(2.03E1,-2.000000000001E0,2.700000000001E0));
#466=DIRECTION('',(1.E0,0.E0,0.E0));
#467=DIRECTION('',(0.E0,-5.000009014629E-1,8.660248833239E-1));
#468=AXIS2_PLACEMENT_3D('',#465,#466,#467);
#470=CARTESIAN_POINT('',(2.03E1,-2.000000000001E0,-2.500000000001E0));
#471=DIRECTION('',(1.E0,0.E0,0.E0));
#472=DIRECTION('',(0.E0,-1.E0,8.508764601454E-13));
#473=AXIS2_PLACEMENT_3D('',#470,#471,#472);
#475=DIRECTION('',(0.E0,0.E0,-1.E0));
#476=VECTOR('',#475,6.932046643881E0);
#477=CARTESIAN_POINT('',(2.03E1,-2.499999999996E0,3.566023321941E0));
#478=LINE('',#477,#476);
#479=DIRECTION('',(1.013766475185E-12,1.731280247318E-12,1.E0));
#480=VECTOR('',#479,2.333976678059E0);
#481=CARTESIAN_POINT('',(2.03E1,-2.5E0,-5.7E0));
#482=LINE('',#481,#480);
#483=DIRECTION('',(0.E0,0.E0,-1.E0));
#484=VECTOR('',#483,1.14E1);
#485=CARTESIAN_POINT('',(1.93E1,-3.5E0,5.7E0));
#486=LINE('',#485,#484);
#487=DIRECTION('',(-1.107113597207E-12,-1.893538838531E-12,1.E0));
#488=VECTOR('',#487,2.133976678059E0);
#489=CARTESIAN_POINT('',(2.03E1,-2.499999999996E0,3.566023321941E0));
#490=LINE('',#489,#488);
#491=DIRECTION('',(9.999999999988E-1,0.E0,1.519417730179E-6));
#492=VECTOR('',#491,7.822027146054E-2);
#493=CARTESIAN_POINT('',(1.862177972854E1,-2.1E0,-5.700000118849E0));
#494=LINE('',#493,#492);
#495=DIRECTION('',(1.E0,0.E0,-1.363291391352E-7));
#496=VECTOR('',#495,8.717796802896E-1);
#497=CARTESIAN_POINT('',(1.775000004825E1,-2.E0,-5.7E0));
#498=LINE('',#497,#496);
#499=DIRECTION('',(-1.E0,8.881784473491E-14,-1.902420932386E-13));
#500=VECTOR('',#499,1.549999951749E0);
#501=CARTESIAN_POINT('',(1.93E1,-3.5E0,-5.7E0));
#502=LINE('',#501,#500);
#503=DIRECTION('',(-7.071067811865E-1,-7.071067811866E-1,0.E0));
#504=VECTOR('',#503,1.414213562373E0);
#505=CARTESIAN_POINT('',(2.03E1,-2.5E0,-5.7E0));
#506=LINE('',#505,#504);
#507=DIRECTION('',(1.E0,0.E0,0.E0));
#508=VECTOR('',#507,1.6E0);
#509=CARTESIAN_POINT('',(1.87E1,-2.E0,-5.7E0));
#510=LINE('',#509,#508);
#511=DIRECTION('',(-7.105427357601E-14,1.E0,0.E0));
#512=VECTOR('',#511,1.E-1);
#513=CARTESIAN_POINT('',(1.87E1,-2.1E0,-5.7E0));
#514=LINE('',#513,#512);
#515=CARTESIAN_POINT('',(1.774963016778E1,-2.1E0,-7.500722695566E0));
#516=DIRECTION('',(0.E0,-1.E0,0.E0));
#517=DIRECTION('',(4.749921566401E-1,0.E0,8.799900289949E-1));
#518=AXIS2_PLACEMENT_3D('',#515,#516,#517);
#520=DIRECTION('',(1.528913982106E-6,-1.924864151871E-12,9.999999999988E-1));
#521=VECTOR('',#520,4.002852764133E-2);
#522=CARTESIAN_POINT('',(1.869999993880E1,-2.E0,-5.740028527641E0));
#523=LINE('',#522,#521);
#524=DIRECTION('',(-1.528913804597E-6,1.908222675054E-12,-9.999999999988E-1));
#525=VECTOR('',#524,4.002852764133E-2);
#526=CARTESIAN_POINT('',(1.87E1,-2.1E0,-5.7E0));
#527=LINE('',#526,#525);
#528=CARTESIAN_POINT('',(1.88E1,-2.E0,-8.300000000001E0));
#529=DIRECTION('',(0.E0,1.E0,0.E0));
#530=DIRECTION('',(1.E0,0.E0,5.731711401808E-13));
#531=AXIS2_PLACEMENT_3D('',#528,#529,#530);
#533=CARTESIAN_POINT('',(1.774999999999E1,-2.E0,-7.499999999989E0));
#534=DIRECTION('',(0.E0,1.E0,0.E0));
#535=DIRECTION('',(-1.E0,0.E0,-6.095864553915E-12));
#536=AXIS2_PLACEMENT_3D('',#533,#534,#535);
#538=CARTESIAN_POINT('',(1.774963016778E1,-2.E0,-7.500722695566E0));
#539=DIRECTION('',(0.E0,1.E0,0.E0));
#540=DIRECTION('',(4.358979160675E-1,0.E0,8.999961148627E-1));
#541=AXIS2_PLACEMENT_3D('',#538,#539,#540);
#543=CARTESIAN_POINT('',(1.775E1,-2.E0,-7.5E0));
#544=DIRECTION('',(0.E0,1.E0,0.E0));
#545=DIRECTION('',(1.E0,0.E0,-6.653501279346E-12));
#546=AXIS2_PLACEMENT_3D('',#543,#544,#545);
#548=CARTESIAN_POINT('',(1.775E1,-2.E0,-7.5E0));
#549=DIRECTION('',(0.E0,1.E0,0.E0));
#550=DIRECTION('',(-1.E0,0.E0,6.764784810756E-12));
#551=AXIS2_PLACEMENT_3D('',#548,#549,#550);
#553=DIRECTION('',(4.019497948142E-10,-1.E0,-9.241030438366E-8));
#554=VECTOR('',#553,3.130000242269E1);
#555=CARTESIAN_POINT('',(1.879999994300E1,2.930000242269E1,-9.799997107557E0));
#556=LINE('',#555,#554);
#557=DIRECTION('',(0.E0,9.999999999986E-1,1.676769076822E-6));
#558=VECTOR('',#557,2.300001615045E0);
#559=CARTESIAN_POINT('',(1.970000000238E1,2.26E1,-9.499999998213E0));
#560=LINE('',#559,#558);
#561=CARTESIAN_POINT('',(1.970000000238E1,2.490000161504E1,-9.499996141641E0));
#562=CARTESIAN_POINT('',(1.970000065683E1,2.492026147117E1,-9.499995650804E0));
#563=CARTESIAN_POINT('',(1.970781428444E1,2.495896055128E1,-9.494211945293E0));
#564=CARTESIAN_POINT('',(1.974226916930E1,2.501486938827E1,-9.467519811701E0));
#565=CARTESIAN_POINT('',(1.979130851531E1,2.505875953829E1,-9.426525261614E0));
#566=CARTESIAN_POINT('',(1.985071957584E1,2.509053329986E1,-9.371716864251E0));
#567=CARTESIAN_POINT('',(1.989501243621E1,2.509999551987E1,-9.325740422815E0));
#568=CARTESIAN_POINT('',(1.991803353554E1,2.509999614343E1,-9.300002121724E0));
#570=DIRECTION('',(-6.886730332671E-7,9.999999999998E-1,3.436063140676E-9));
#571=VECTOR('',#570,4.200001211280E0);
#572=CARTESIAN_POINT('',(2.03E1,2.51E1,-8.299999957502E0));
#573=LINE('',#572,#571);
#574=DIRECTION('',(-1.E0,3.965638795381E-14,1.695330062622E-13));
#575=VECTOR('',#574,2.849999955581E0);
#576=CARTESIAN_POINT('',(-1.595E1,-2.E0,-9.8E0));
#577=LINE('',#576,#575);
#578=DIRECTION('',(0.E0,-1.E0,2.060573933704E-13));
#579=VECTOR('',#578,5.000000000001E-1);
#580=CARTESIAN_POINT('',(1.595E1,-2.E0,-9.8E0));
#581=LINE('',#580,#579);
#582=DIRECTION('',(-1.E0,-3.965638795377E-14,-1.844918009323E-13));
#583=VECTOR('',#582,2.849999955584E0);
#584=CARTESIAN_POINT('',(1.879999995558E1,-2.E0,-9.799999999999E0));
#585=LINE('',#584,#583);
#586=DIRECTION('',(0.E0,-1.E0,7.809991136194E-11));
#587=VECTOR('',#586,2.46E1);
#588=CARTESIAN_POINT('',(-2.03E1,2.26E1,-8.299999957502E0));
#589=LINE('',#588,#587);
#590=DIRECTION('',(3.997362314737E-10,1.E0,9.240984020519E-8));
#591=VECTOR('',#590,3.130000121129E1);
#592=CARTESIAN_POINT('',(-1.879999995558E1,-2.E0,-9.799999999999E0));
#593=LINE('',#592,#591);
#594=DIRECTION('',(-6.886761378082E-7,-9.999999999998E-1,-3.451787550929E-9));
#595=VECTOR('',#594,4.200002422691E0);
#596=CARTESIAN_POINT('',(-2.029999710756E1,2.930000242269E1,-8.299999943005E0));
#597=LINE('',#596,#595);
#598=CARTESIAN_POINT('',(-1.991803353556E1,2.509999614343E1,-9.300002121724E0));
#599=CARTESIAN_POINT('',(-1.989501569021E1,2.509999551995E1,-9.325736784762E0));
#600=CARTESIAN_POINT('',(-1.985072811903E1,2.509053611861E1,-9.371708376515E0));
#601=CARTESIAN_POINT('',(-1.979131741098E1,2.505876586984E1,-9.426517461058E0));
#602=CARTESIAN_POINT('',(-1.974227759757E1,2.501487829623E1,-9.467513079722E0));
#603=CARTESIAN_POINT('',(-1.970781648503E1,2.495896956351E1,-9.494210341811E0));
#604=CARTESIAN_POINT('',(-1.970000065695E1,2.492026517501E1,-9.499995650715E0));
#605=CARTESIAN_POINT('',(-1.970000000238E1,2.490000161504E1,-9.499996141641E0));
#607=DIRECTION('',(6.796490960905E-14,-9.999999999986E-1,-1.676769069871E-6));
#608=VECTOR('',#607,2.300001615045E0);
#609=CARTESIAN_POINT('',(-1.970000000238E1,2.490000161504E1,-9.499996141641E0));
#610=LINE('',#609,#608);
#611=DIRECTION('',(-1.284442659663E-13,4.346950224524E-14,1.E0));
#612=VECTOR('',#611,2.599999955583E0);
#613=CARTESIAN_POINT('',(-2.03E1,-2.E0,5.7E0));
#614=LINE('',#613,#612);
#615=DIRECTION('',(2.792432951538E-12,1.E0,0.E0));
#616=VECTOR('',#615,4.999999999999E-1);
#617=CARTESIAN_POINT('',(-2.03E1,-2.5E0,5.7E0));
#618=LINE('',#617,#616);
#619=DIRECTION('',(-2.799538378895E-12,-1.E0,0.E0));
#620=VECTOR('',#619,4.999999999999E-1);
#621=CARTESIAN_POINT('',(-2.03E1,-2.E0,-5.7E0));
#622=LINE('',#621,#620);
#623=DIRECTION('',(0.E0,-4.346950224528E-14,1.E0));
#624=VECTOR('',#623,2.599999955581E0);
#625=CARTESIAN_POINT('',(-2.03E1,-2.E0,-8.299999955581E0));
#626=LINE('',#625,#624);
#627=DIRECTION('',(-4.019497948142E-10,-1.E0,9.241030438366E-8));
#628=VECTOR('',#627,3.130000242269E1);
#629=CARTESIAN_POINT('',(-1.879999994300E1,2.930000242269E1,9.799997107557E0));
#630=LINE('',#629,#628);
#631=DIRECTION('',(0.E0,1.E0,7.800553337865E-11));
#632=VECTOR('',#631,2.46E1);
#633=CARTESIAN_POINT('',(-2.03E1,-2.E0,8.299999955583E0));
#634=LINE('',#633,#632);
#635=DIRECTION('',(0.E0,9.999999999986E-1,-1.676769077594E-6));
#636=VECTOR('',#635,2.300001615045E0);
#637=CARTESIAN_POINT('',(-1.970000000238E1,2.26E1,9.499999998213E0));
#638=LINE('',#637,#636);
#639=CARTESIAN_POINT('',(-1.970000000238E1,2.490000161504E1,9.499996141641E0));
#640=CARTESIAN_POINT('',(-1.970000065683E1,2.492026147117E1,9.499995650804E0));
#641=CARTESIAN_POINT('',(-1.970781428444E1,2.495896055128E1,9.494211945293E0));
#642=CARTESIAN_POINT('',(-1.974226916930E1,2.501486938827E1,9.467519811701E0));
#643=CARTESIAN_POINT('',(-1.979130851531E1,2.505875953829E1,9.426525261614E0));
#644=CARTESIAN_POINT('',(-1.985071957584E1,2.509053329986E1,9.371716864251E0));
#645=CARTESIAN_POINT('',(-1.989501243621E1,2.509999551987E1,9.325740422815E0));
#646=CARTESIAN_POINT('',(-1.991803353554E1,2.509999614343E1,9.300002121724E0));
#648=DIRECTION('',(6.886730332671E-7,9.999999999998E-1,-3.436063140676E-9));
#649=VECTOR('',#648,4.200001211280E0);
#650=CARTESIAN_POINT('',(-2.03E1,2.51E1,8.299999957502E0));
#651=LINE('',#650,#649);
#652=DIRECTION('',(3.997362314737E-10,-1.E0,9.240984020519E-8));
#653=VECTOR('',#652,3.130000121129E1);
#654=CARTESIAN_POINT('',(1.879999994307E1,2.930000121129E1,9.799997107571E0));
#655=LINE('',#654,#653);
#656=DIRECTION('',(1.E0,3.965638795381E-14,-1.695330062622E-13));
#657=VECTOR('',#656,2.849999955581E0);
#658=CARTESIAN_POINT('',(1.595E1,-2.E0,9.8E0));
#659=LINE('',#658,#657);
#660=DIRECTION('',(0.E0,1.E0,-1.243449787580E-13));
#661=VECTOR('',#660,4.999999999999E-1);
#662=CARTESIAN_POINT('',(1.595E1,-2.5E0,9.8E0));
#663=LINE('',#662,#661);
#664=DIRECTION('',(1.E0,0.E0,0.E0));
#665=VECTOR('',#664,3.19E1);
#666=CARTESIAN_POINT('',(-1.595E1,-2.5E0,9.8E0));
#667=LINE('',#666,#665);
#668=DIRECTION('',(0.E0,-1.E0,1.243449787580E-13));
#669=VECTOR('',#668,4.999999999999E-1);
#670=CARTESIAN_POINT('',(-1.595E1,-2.E0,9.8E0));
#671=LINE('',#670,#669);
#672=DIRECTION('',(1.E0,-3.965638795377E-14,1.844918009323E-13));
#673=VECTOR('',#672,2.849999955584E0);
#674=CARTESIAN_POINT('',(-1.879999995558E1,-2.E0,9.799999999999E0));
#675=LINE('',#674,#673);
#676=DIRECTION('',(0.E0,-1.E0,-7.809983915232E-11));
#677=VECTOR('',#676,2.46E1);
#678=CARTESIAN_POINT('',(2.03E1,2.26E1,8.299999957502E0));
#679=LINE('',#678,#677);
#680=DIRECTION('',(6.886761378082E-7,-9.999999999998E-1,3.451787550929E-9));
#681=VECTOR('',#680,4.200002422691E0);
#682=CARTESIAN_POINT('',(2.029999710756E1,2.930000242269E1,8.299999943005E0));
#683=LINE('',#682,#681);
#684=CARTESIAN_POINT('',(1.991803353556E1,2.509999614343E1,9.300002121724E0));
#685=CARTESIAN_POINT('',(1.989501569021E1,2.509999551995E1,9.325736784762E0));
#686=CARTESIAN_POINT('',(1.985072811903E1,2.509053611861E1,9.371708376515E0));
#687=CARTESIAN_POINT('',(1.979131741098E1,2.505876586984E1,9.426517461058E0));
#688=CARTESIAN_POINT('',(1.974227759757E1,2.501487829623E1,9.467513079722E0));
#689=CARTESIAN_POINT('',(1.970781648503E1,2.495896956351E1,9.494210341811E0));
#690=CARTESIAN_POINT('',(1.970000065695E1,2.492026517501E1,9.499995650715E0));
#691=CARTESIAN_POINT('',(1.970000000238E1,2.490000161504E1,9.499996141641E0));
#693=DIRECTION('',(-6.796490960905E-14,-9.999999999986E-1,1.676769070643E-6));
#694=VECTOR('',#693,2.300001615045E0);
#695=CARTESIAN_POINT('',(1.970000000238E1,2.490000161504E1,9.499996141641E0));
#696=LINE('',#695,#694);
#697=CARTESIAN_POINT('',(1.774963016779E1,-2.E0,7.500722695568E0));
#698=DIRECTION('',(0.E0,-1.E0,0.E0));
#699=DIRECTION('',(4.358979160650E-1,0.E0,-8.999961148639E-1));
#700=AXIS2_PLACEMENT_3D('',#697,#698,#699);
#702=DIRECTION('',(1.E0,8.838182358561E-14,1.363286765950E-7));
#703=VECTOR('',#702,8.717796802909E-1);
#704=CARTESIAN_POINT('',(1.775000004825E1,-2.E0,5.7E0));
#705=LINE('',#704,#703);
#706=CARTESIAN_POINT('',(1.774999999999E1,-2.E0,7.499999999989E0));
#707=DIRECTION('',(0.E0,-1.E0,0.E0));
#708=DIRECTION('',(-1.E0,0.E0,6.095864553915E-12));
#709=AXIS2_PLACEMENT_3D('',#706,#707,#708);
#711=CARTESIAN_POINT('',(1.88E1,-2.E0,8.300000000003E0));
#712=DIRECTION('',(0.E0,-1.E0,0.E0));
#713=DIRECTION('',(1.E0,0.E0,-1.895964866592E-12));
#714=AXIS2_PLACEMENT_3D('',#711,#712,#713);
#716=DIRECTION('',(0.E0,4.346950224528E-14,1.E0));
#717=VECTOR('',#716,2.599999955581E0);
#718=CARTESIAN_POINT('',(2.03E1,-2.E0,5.7E0));
#719=LINE('',#718,#717);
#720=DIRECTION('',(1.E0,0.E0,-8.382183835920E-14));
#721=VECTOR('',#720,1.6E0);
#722=CARTESIAN_POINT('',(1.87E1,-2.E0,5.7E0));
#723=LINE('',#722,#721);
#724=CARTESIAN_POINT('',(1.775E1,-2.E0,7.5E0));
#725=DIRECTION('',(0.E0,1.E0,0.E0));
#726=DIRECTION('',(1.E0,0.E0,-6.652978821452E-12));
#727=AXIS2_PLACEMENT_3D('',#724,#725,#726);
#729=CARTESIAN_POINT('',(1.775E1,-2.E0,7.5E0));
#730=DIRECTION('',(0.E0,1.E0,0.E0));
#731=DIRECTION('',(-1.E0,0.E0,6.764784810756E-12));
#732=AXIS2_PLACEMENT_3D('',#729,#730,#731);
#734=DIRECTION('',(0.E0,1.E0,0.E0));
#735=VECTOR('',#734,1.E-1);
#736=CARTESIAN_POINT('',(1.869999993880E1,-2.1E0,5.740028527641E0));
#737=LINE('',#736,#735);
#738=DIRECTION('',(0.E0,-1.E0,0.E0));
#739=VECTOR('',#738,1.E-1);
#740=CARTESIAN_POINT('',(1.862177972854E1,-2.E0,5.700000118849E0));
#741=LINE('',#740,#739);
#742=DIRECTION('',(-1.528880166640E-6,1.919316992950E-12,9.999999999988E-1));
#743=VECTOR('',#742,4.002852764096E-2);
#744=CARTESIAN_POINT('',(1.87E1,-2.E0,5.7E0));
#745=LINE('',#744,#743);
#746=DIRECTION('',(0.E0,1.E0,0.E0));
#747=VECTOR('',#746,1.E-1);
#748=CARTESIAN_POINT('',(1.87E1,-2.1E0,5.7E0));
#749=LINE('',#748,#747);
#750=DIRECTION('',(1.528880255394E-6,-1.908222675071E-12,-9.999999999988E-1));
#751=VECTOR('',#750,4.002852764096E-2);
#752=CARTESIAN_POINT('',(1.869999993880E1,-2.1E0,5.740028527641E0));
#753=LINE('',#752,#751);
#754=DIRECTION('',(-7.071067811865E-1,-7.071067811866E-1,0.E0));
#755=VECTOR('',#754,1.414213562373E0);
#756=CARTESIAN_POINT('',(2.03E1,-2.5E0,5.7E0));
#757=LINE('',#756,#755);
#758=DIRECTION('',(-1.E0,3.867873883617E-14,1.896690748855E-13));
#759=VECTOR('',#758,1.549999951749E0);
#760=CARTESIAN_POINT('',(1.93E1,-3.5E0,5.7E0));
#761=LINE('',#760,#759);
#762=DIRECTION('',(-9.999999999988E-1,0.E0,1.519410894593E-6));
#763=VECTOR('',#762,7.822027145920E-2);
#764=CARTESIAN_POINT('',(1.87E1,-2.1E0,5.7E0));
#765=LINE('',#764,#763);
#766=CARTESIAN_POINT('',(1.774963016779E1,-2.1E0,7.500722695568E0));
#767=DIRECTION('',(0.E0,-1.E0,0.E0));
#768=DIRECTION('',(4.358979160650E-1,0.E0,-8.999961148639E-1));
#769=AXIS2_PLACEMENT_3D('',#766,#767,#768);
#771=CARTESIAN_POINT('',(1.774999999999E1,-3.5E0,-7.499999999989E0));
#772=DIRECTION('',(0.E0,-1.E0,0.E0));
#773=DIRECTION('',(4.456681937102E-12,0.E0,1.E0));
#774=AXIS2_PLACEMENT_3D('',#771,#772,#773);
#776=CARTESIAN_POINT('',(-1.774999999999E1,-3.5E0,-7.499999999989E0));
#777=DIRECTION('',(0.E0,-1.E0,0.E0));
#778=DIRECTION('',(1.E0,0.E0,-6.097344851281E-12));
#779=AXIS2_PLACEMENT_3D('',#776,#777,#778);
#781=CARTESIAN_POINT('',(-1.774999999999E1,-3.5E0,7.499999999989E0));
#782=DIRECTION('',(0.E0,-1.E0,0.E0));
#783=DIRECTION('',(-4.450760747638E-12,0.E0,-1.E0));
#784=AXIS2_PLACEMENT_3D('',#781,#782,#783);
#786=CARTESIAN_POINT('',(1.774999999999E1,-3.5E0,7.499999999989E0));
#787=DIRECTION('',(0.E0,-1.E0,0.E0));
#788=DIRECTION('',(-1.E0,0.E0,6.096357986371E-12));
#789=AXIS2_PLACEMENT_3D('',#786,#787,#788);
#791=DIRECTION('',(0.E0,-1.E0,0.E0));
#792=VECTOR('',#791,1.5E0);
#793=CARTESIAN_POINT('',(1.775000004825E1,-2.E0,-5.7E0));
#794=LINE('',#793,#792);
#795=DIRECTION('',(0.E0,1.E0,0.E0));
#796=VECTOR('',#795,1.5E0);
#797=CARTESIAN_POINT('',(1.595E1,-3.5E0,-7.500000048250E0));
#798=LINE('',#797,#796);
#799=DIRECTION('',(-9.838284398756E-13,-1.052149859311E-13,-1.E0));
#800=VECTOR('',#799,1.299999951750E0);
#801=CARTESIAN_POINT('',(1.595E1,-3.5E0,-7.500000048250E0));
#802=LINE('',#801,#800);
#803=DIRECTION('',(5.576215934576E-13,0.E0,1.E0));
#804=VECTOR('',#803,2.299999951750E0);
#805=CARTESIAN_POINT('',(1.595E1,-2.E0,-9.8E0));
#806=LINE('',#805,#804);
#807=DIRECTION('',(0.E0,7.071067811866E-1,-7.071067811865E-1));
#808=VECTOR('',#807,1.414213562373E0);
#809=CARTESIAN_POINT('',(1.595E1,-3.5E0,-8.8E0));
#810=LINE('',#809,#808);
#811=DIRECTION('',(1.E0,0.E0,0.E0));
#812=VECTOR('',#811,3.19E1);
#813=CARTESIAN_POINT('',(-1.595E1,-2.5E0,-9.8E0));
#814=LINE('',#813,#812);
#815=DIRECTION('',(-1.E0,0.E0,0.E0));
#816=VECTOR('',#815,3.19E1);
#817=CARTESIAN_POINT('',(1.595E1,-3.5E0,-8.8E0));
#818=LINE('',#817,#816);
#819=DIRECTION('',(9.838284398756E-13,-4.645856521635E-14,-1.E0));
#820=VECTOR('',#819,1.299999951750E0);
#821=CARTESIAN_POINT('',(-1.595E1,-3.5E0,-7.500000048250E0));
#822=LINE('',#821,#820);
#823=DIRECTION('',(0.E0,7.071067811866E-1,-7.071067811865E-1));
#824=VECTOR('',#823,1.414213562373E0);
#825=CARTESIAN_POINT('',(-1.595E1,-3.5E0,-8.8E0));
#826=LINE('',#825,#824);
#827=DIRECTION('',(0.E0,1.E0,-2.060573933704E-13));
#828=VECTOR('',#827,5.000000000001E-1);
#829=CARTESIAN_POINT('',(-1.595E1,-2.5E0,-9.8E0));
#830=LINE('',#829,#828);
#831=DIRECTION('',(-5.560769353039E-13,-2.915542264962E-14,1.E0));
#832=VECTOR('',#831,2.299999951750E0);
#833=CARTESIAN_POINT('',(-1.595E1,-2.E0,-9.8E0));
#834=LINE('',#833,#832);
#835=DIRECTION('',(-1.528880166640E-6,-1.924864151889E-12,9.999999999988E-1));
#836=VECTOR('',#835,4.002852764096E-2);
#837=CARTESIAN_POINT('',(-1.869999993880E1,-2.E0,-5.740028527641E0));
#838=LINE('',#837,#836);
#839=CARTESIAN_POINT('',(-1.774963016779E1,-2.E0,-7.500722695558E0));
#840=DIRECTION('',(0.E0,-1.E0,0.E0));
#841=DIRECTION('',(-4.358979160649E-1,0.E0,8.999961148640E-1));
#842=AXIS2_PLACEMENT_3D('',#839,#840,#841);
#844=DIRECTION('',(-1.E0,8.838182358555E-14,-1.363290107648E-7));
#845=VECTOR('',#844,8.717796802915E-1);
#846=CARTESIAN_POINT('',(-1.775000004825E1,-2.E0,-5.7E0));
#847=LINE('',#846,#845);
#848=CARTESIAN_POINT('',(-1.774999999999E1,-2.E0,-7.499999999989E0));
#849=DIRECTION('',(0.E0,-1.E0,0.E0));
#850=DIRECTION('',(1.E0,0.E0,-6.095864553915E-12));
#851=AXIS2_PLACEMENT_3D('',#848,#849,#850);
#853=CARTESIAN_POINT('',(-1.88E1,-2.E0,-8.300000000003E0));
#854=DIRECTION('',(0.E0,-1.E0,0.E0));
#855=DIRECTION('',(-1.E0,0.E0,1.895964866592E-12));
#856=AXIS2_PLACEMENT_3D('',#853,#854,#855);
#858=DIRECTION('',(-1.E0,0.E0,0.E0));
#859=VECTOR('',#858,1.6E0);
#860=CARTESIAN_POINT('',(-1.87E1,-2.E0,-5.7E0));
#861=LINE('',#860,#859);
#862=CARTESIAN_POINT('',(-1.775E1,-2.E0,-7.5E0));
#863=DIRECTION('',(0.E0,1.E0,0.E0));
#864=DIRECTION('',(1.E0,0.E0,-6.683803837195E-12));
#865=AXIS2_PLACEMENT_3D('',#862,#863,#864);
#867=CARTESIAN_POINT('',(-1.775E1,-2.E0,-7.5E0));
#868=DIRECTION('',(0.E0,1.E0,0.E0));
#869=DIRECTION('',(-1.E0,0.E0,6.777323800210E-12));
#870=AXIS2_PLACEMENT_3D('',#867,#868,#869);
#872=DIRECTION('',(3.552713678800E-14,1.E0,0.E0));
#873=VECTOR('',#872,1.E-1);
#874=CARTESIAN_POINT('',(-1.87E1,-2.1E0,-5.7E0));
#875=LINE('',#874,#873);
#876=DIRECTION('',(-1.528880166640E-6,-1.908222675071E-12,9.999999999988E-1));
#877=VECTOR('',#876,4.002852764096E-2);
#878=CARTESIAN_POINT('',(-1.869999993880E1,-2.1E0,-5.740028527641E0));
#879=LINE('',#878,#877);
#880=DIRECTION('',(-9.999999999988E-1,0.E0,1.519416288152E-6));
#881=VECTOR('',#880,7.822027145861E-2);
#882=CARTESIAN_POINT('',(-1.862177972854E1,-2.1E0,-5.700000118849E0));
#883=LINE('',#882,#881);
#884=DIRECTION('',(7.071067811865E-1,-7.071067811866E-1,0.E0));
#885=VECTOR('',#884,1.414213562373E0);
#886=CARTESIAN_POINT('',(-2.03E1,-2.5E0,-5.7E0));
#887=LINE('',#886,#885);
#888=DIRECTION('',(1.E0,-6.847569319872E-14,-1.896690748852E-13));
#889=VECTOR('',#888,1.549999951751E0);
#890=CARTESIAN_POINT('',(-1.93E1,-3.5E0,-5.7E0));
#891=LINE('',#890,#889);
#892=CARTESIAN_POINT('',(-1.774963016779E1,-2.1E0,-7.500722695558E0));
#893=DIRECTION('',(0.E0,-1.E0,0.E0));
#894=DIRECTION('',(-4.358979160649E-1,0.E0,8.999961148640E-1));
#895=AXIS2_PLACEMENT_3D('',#892,#893,#894);
#897=DIRECTION('',(0.E0,1.E0,0.E0));
#898=VECTOR('',#897,1.E-1);
#899=CARTESIAN_POINT('',(-1.869999993880E1,-2.1E0,-5.740028527641E0));
#900=LINE('',#899,#898);
#901=DIRECTION('',(0.E0,-1.E0,0.E0));
#902=VECTOR('',#901,1.E-1);
#903=CARTESIAN_POINT('',(-1.862177972854E1,-2.E0,-5.700000118849E0));
#904=LINE('',#903,#902);
#905=DIRECTION('',(0.E0,0.E0,1.E0));
#906=VECTOR('',#905,1.14E1);
#907=CARTESIAN_POINT('',(-1.93E1,-3.5E0,-5.7E0));
#908=LINE('',#907,#906);
#909=DIRECTION('',(0.E0,0.E0,-1.E0));
#910=VECTOR('',#909,1.14E1);
#911=CARTESIAN_POINT('',(-2.03E1,-2.5E0,5.7E0));
#912=LINE('',#911,#910);
#913=DIRECTION('',(-9.999999999988E-1,0.E0,-1.519418604501E-6));
#914=VECTOR('',#913,7.822027146054E-2);
#915=CARTESIAN_POINT('',(-1.862177972854E1,-2.1E0,5.700000118849E0));
#916=LINE('',#915,#914);
#917=DIRECTION('',(1.E0,-1.833658730008E-14,1.896690748852E-13));
#918=VECTOR('',#917,1.549999951751E0);
#919=CARTESIAN_POINT('',(-1.93E1,-3.5E0,5.7E0));
#920=LINE('',#919,#918);
#921=DIRECTION('',(7.071067811865E-1,-7.071067811866E-1,0.E0));
#922=VECTOR('',#921,1.414213562373E0);
#923=CARTESIAN_POINT('',(-2.03E1,-2.5E0,5.7E0));
#924=LINE('',#923,#922);
#925=DIRECTION('',(7.105427357601E-14,1.E0,0.E0));
#926=VECTOR('',#925,1.E-1);
#927=CARTESIAN_POINT('',(-1.87E1,-2.1E0,5.7E0));
#928=LINE('',#927,#926);
#929=CARTESIAN_POINT('',(-1.774963016779E1,-2.1E0,7.500722695554E0));
#930=DIRECTION('',(0.E0,-1.E0,0.E0));
#931=DIRECTION('',(-4.749921566402E-1,0.E0,-8.799900289948E-1));
#932=AXIS2_PLACEMENT_3D('',#929,#930,#931);
#934=DIRECTION('',(1.528928626618E-6,1.908222675069E-12,9.999999999988E-1));
#935=VECTOR('',#934,4.002852764101E-2);
#936=CARTESIAN_POINT('',(-1.87E1,-2.1E0,5.7E0));
#937=LINE('',#936,#935);
#938=DIRECTION('',(-1.528928626618E-6,-1.924864151886E-12,-9.999999999988E-1));
#939=VECTOR('',#938,4.002852764102E-2);
#940=CARTESIAN_POINT('',(-1.869999993880E1,-2.E0,5.740028527641E0));
#941=LINE('',#940,#939);
#942=DIRECTION('',(-1.E0,0.E0,4.163336342344E-14));
#943=VECTOR('',#942,1.6E0);
#944=CARTESIAN_POINT('',(-1.87E1,-2.E0,5.7E0));
#945=LINE('',#944,#943);
#946=CARTESIAN_POINT('',(-1.88E1,-2.E0,8.300000000001E0));
#947=DIRECTION('',(0.E0,1.E0,0.E0));
#948=DIRECTION('',(-1.E0,0.E0,-5.731711401808E-13));
#949=AXIS2_PLACEMENT_3D('',#946,#947,#948);
#951=DIRECTION('',(-5.576215934576E-13,0.E0,-1.E0));
#952=VECTOR('',#951,2.299999951750E0);
#953=CARTESIAN_POINT('',(-1.595E1,-2.E0,9.8E0));
#954=LINE('',#953,#952);
#955=CARTESIAN_POINT('',(-1.774999999999E1,-2.E0,7.499999999989E0));
#956=DIRECTION('',(0.E0,1.E0,0.E0));
#957=DIRECTION('',(1.E0,0.E0,6.095864553915E-12));
#958=AXIS2_PLACEMENT_3D('',#955,#956,#957);
#960=DIRECTION('',(-1.E0,0.E0,1.363291391352E-7));
#961=VECTOR('',#960,8.717796802896E-1);
#962=CARTESIAN_POINT('',(-1.775000004825E1,-2.E0,5.7E0));
#963=LINE('',#962,#961);
#964=CARTESIAN_POINT('',(-1.774963016779E1,-2.E0,7.500722695554E0));
#965=DIRECTION('',(0.E0,1.E0,0.E0));
#966=DIRECTION('',(-4.358979160674E-1,0.E0,-8.999961148628E-1));
#967=AXIS2_PLACEMENT_3D('',#964,#965,#966);
#969=CARTESIAN_POINT('',(-1.775E1,-2.E0,7.5E0));
#970=DIRECTION('',(0.E0,1.E0,0.E0));
#971=DIRECTION('',(1.E0,0.E0,-6.683281379301E-12));
#972=AXIS2_PLACEMENT_3D('',#969,#970,#971);
#974=CARTESIAN_POINT('',(-1.775E1,-2.E0,7.5E0));
#975=DIRECTION('',(0.E0,1.E0,0.E0));
#976=DIRECTION('',(-1.E0,0.E0,6.776801342316E-12));
#977=AXIS2_PLACEMENT_3D('',#974,#975,#976);
#979=DIRECTION('',(9.838284398754E-13,2.254606841381E-14,1.E0));
#980=VECTOR('',#979,1.299999951750E0);
#981=CARTESIAN_POINT('',(-1.595E1,-3.5E0,7.500000048250E0));
#982=LINE('',#981,#980);
#983=DIRECTION('',(0.E0,7.071067811866E-1,7.071067811865E-1));
#984=VECTOR('',#983,1.414213562373E0);
#985=CARTESIAN_POINT('',(-1.595E1,-3.5E0,8.8E0));
#986=LINE('',#985,#984);
#987=DIRECTION('',(0.E0,-1.E0,0.E0));
#988=VECTOR('',#987,1.5E0);
#989=CARTESIAN_POINT('',(-1.775000004825E1,-2.E0,5.7E0));
#990=LINE('',#989,#988);
#991=DIRECTION('',(0.E0,1.E0,0.E0));
#992=VECTOR('',#991,1.5E0);
#993=CARTESIAN_POINT('',(-1.595E1,-3.5E0,7.500000048250E0));
#994=LINE('',#993,#992);
#995=DIRECTION('',(1.E0,0.E0,0.E0));
#996=VECTOR('',#995,3.19E1);
#997=CARTESIAN_POINT('',(-1.595E1,-3.5E0,8.8E0));
#998=LINE('',#997,#996);
#999=DIRECTION('',(-9.838284398754E-13,8.130248912859E-14,1.E0));
#1000=VECTOR('',#999,1.299999951750E0);
#1001=CARTESIAN_POINT('',(1.595E1,-3.5E0,7.500000048250E0));
#1002=LINE('',#1001,#1000);
#1003=DIRECTION('',(0.E0,7.071067811866E-1,7.071067811865E-1));
#1004=VECTOR('',#1003,1.414213562373E0);
#1005=CARTESIAN_POINT('',(1.595E1,-3.5E0,8.8E0));
#1006=LINE('',#1005,#1004);
#1007=DIRECTION('',(5.560769353039E-13,-2.915542264962E-14,-1.E0));
#1008=VECTOR('',#1007,2.299999951750E0);
#1009=CARTESIAN_POINT('',(1.595E1,-2.E0,9.8E0));
#1010=LINE('',#1009,#1008);
#1011=DIRECTION('',(0.E0,-1.E0,0.E0));
#1012=VECTOR('',#1011,1.5E0);
#1013=CARTESIAN_POINT('',(1.595E1,-2.E0,7.500000048250E0));
#1014=LINE('',#1013,#1012);
#1015=DIRECTION('',(0.E0,1.E0,0.E0));
#1016=VECTOR('',#1015,1.5E0);
#1017=CARTESIAN_POINT('',(1.775000004825E1,-3.5E0,5.7E0));
#1018=LINE('',#1017,#1016);
#1019=DIRECTION('',(0.E0,1.E0,0.E0));
#1020=VECTOR('',#1019,1.E-1);
#1021=CARTESIAN_POINT('',(-1.862177972854E1,-2.1E0,5.700000118849E0));
#1022=LINE('',#1021,#1020);
#1023=DIRECTION('',(0.E0,-1.E0,-2.664535259100E-14));
#1024=VECTOR('',#1023,1.E-1);
#1025=CARTESIAN_POINT('',(-1.869999993880E1,-2.E0,5.740028527641E0));
#1026=LINE('',#1025,#1024);
#1027=DIRECTION('',(-8.472078150115E-9,-1.E0,7.634781695725E-12));
#1028=VECTOR('',#1027,5.000000000012E-1);
#1029=CARTESIAN_POINT('',(-1.604999999576E1,-2.E0,7.499999999997E0));
#1030=LINE('',#1029,#1028);
#1031=DIRECTION('',(-8.472170520670E-9,1.E0,7.648992550440E-12));
#1032=VECTOR('',#1031,5.000000000012E-1);
#1033=CARTESIAN_POINT('',(-1.945E1,-2.500000000001E0,7.5E0));
#1034=LINE('',#1033,#1032);
#1035=CARTESIAN_POINT('',(-1.675000128590E1,-3.453939605814E0,7.5E0));
#1036=CARTESIAN_POINT('',(-1.675000128590E1,-3.453939605317E0,
7.527868901875E0));
#1037=CARTESIAN_POINT('',(-1.674999947229E1,-3.453215028251E0,
7.583554933325E0));
#1038=CARTESIAN_POINT('',(-1.674999991814E1,-3.449842885743E0,
7.667640037102E0));
#1039=CARTESIAN_POINT('',(-1.675000054282E1,-3.446034804641E0,
7.722644782611E0));
#1040=CARTESIAN_POINT('',(-1.675000054282E1,-3.443709347366E0,
7.749999906737E0));
#1042=CARTESIAN_POINT('',(-1.675000054282E1,-3.443709347366E0,
7.749999906737E0));
#1043=CARTESIAN_POINT('',(-1.678612871509E1,-3.455994355154E0,
7.749999906737E0));
#1044=CARTESIAN_POINT('',(-1.685991465131E1,-3.476628397962E0,
7.750000013397E0));
#1045=CARTESIAN_POINT('',(-1.697516450588E1,-3.495623235159E0,
7.750000093004E0));
#1046=CARTESIAN_POINT('',(-1.705529640463E1,-3.500000064834E0,
7.749999774058E0));
#1047=CARTESIAN_POINT('',(-1.709616567820E1,-3.499999999999E0,
7.749999774058E0));
#1049=CARTESIAN_POINT('',(-1.750000000528E1,-3.5E0,8.153834836341E0));
#1050=CARTESIAN_POINT('',(-1.750000000528E1,-3.500000000771E0,
8.194712990900E0));
#1051=CARTESIAN_POINT('',(-1.750000002395E1,-3.495621611182E0,
8.274856023556E0));
#1052=CARTESIAN_POINT('',(-1.749999990827E1,-3.476621568581E0,
8.390115766845E0));
#1053=CARTESIAN_POINT('',(-1.750000019806E1,-3.455990095553E0,
8.463883805695E0));
#1054=CARTESIAN_POINT('',(-1.750000019806E1,-3.443709380177E0,
8.499999386897E0));
#1056=CARTESIAN_POINT('',(-1.750000019806E1,-3.443709380177E0,
8.499999386897E0));
#1057=CARTESIAN_POINT('',(-1.755513345740E1,-3.448396245786E0,
8.499999386897E0));
#1058=CARTESIAN_POINT('',(-1.766573465535E1,-3.454308215350E0,
8.500000204368E0));
#1059=CARTESIAN_POINT('',(-1.783430481201E1,-3.454306949509E0,
8.500000204368E0));
#1060=CARTESIAN_POINT('',(-1.794488339149E1,-3.448394813466E0,
8.499999386897E0));
#1061=CARTESIAN_POINT('',(-1.799999980194E1,-3.443709380178E0,
8.499999386897E0));
#1063=CARTESIAN_POINT('',(-1.799999980194E1,-3.443709380178E0,
8.499999386897E0));
#1064=CARTESIAN_POINT('',(-1.799999980194E1,-3.455994765289E0,
8.463870072767E0));
#1065=CARTESIAN_POINT('',(-1.800000009173E1,-3.476629158944E0,
8.390082734241E0));
#1066=CARTESIAN_POINT('',(-1.799999997605E1,-3.495623811836E0,
8.274830050931E0));
#1067=CARTESIAN_POINT('',(-1.799999999472E1,-3.500000000772E0,
8.194701870734E0));
#1068=CARTESIAN_POINT('',(-1.799999999472E1,-3.500000000001E0,
8.153834836341E0));
#1070=CARTESIAN_POINT('',(-1.840383432181E1,-3.500000000001E0,
7.749999774058E0));
#1071=CARTESIAN_POINT('',(-1.844471421657E1,-3.500000064853E0,
7.749999774058E0));
#1072=CARTESIAN_POINT('',(-1.852486032099E1,-3.495621188802E0,
7.750000093004E0));
#1073=CARTESIAN_POINT('',(-1.864011895143E1,-3.476620721793E0,
7.750000013397E0));
#1074=CARTESIAN_POINT('',(-1.871388525505E1,-3.455989604758E0,
7.749999906737E0));
#1075=CARTESIAN_POINT('',(-1.874999945719E1,-3.443709347369E0,
7.749999906737E0));
#1077=CARTESIAN_POINT('',(-1.874999945719E1,-3.443709347369E0,
7.749999906737E0));
#1078=CARTESIAN_POINT('',(-1.874999945719E1,-3.446034725914E0,
7.722645708732E0));
#1079=CARTESIAN_POINT('',(-1.875000008186E1,-3.449842817150E0,
7.667642127978E0));
#1080=CARTESIAN_POINT('',(-1.875000052771E1,-3.453215180284E0,
7.583550162938E0));
#1081=CARTESIAN_POINT('',(-1.874999871410E1,-3.453939605317E0,
7.527866823276E0));
#1082=CARTESIAN_POINT('',(-1.874999871410E1,-3.453939605814E0,7.5E0));
#1084=CARTESIAN_POINT('',(-1.775E1,-2.500000000002E0,7.500000000001E0));
#1085=DIRECTION('',(-5.035109760752E-12,1.E0,2.603198588702E-12));
#1086=DIRECTION('',(-1.E0,-5.035187952857E-12,5.679083399623E-8));
#1087=AXIS2_PLACEMENT_3D('',#1084,#1085,#1086);
#1089=CARTESIAN_POINT('',(-1.675000128590E1,-3.453939605814E0,7.5E0));
#1090=CARTESIAN_POINT('',(-1.675000128590E1,-3.453939605304E0,
7.471430194563E0));
#1091=CARTESIAN_POINT('',(-1.674999947229E1,-3.453173077745E0,
7.414818028519E0));
#1092=CARTESIAN_POINT('',(-1.674999991814E1,-3.449783610682E0,
7.331446358749E0));
#1093=CARTESIAN_POINT('',(-1.675000054281E1,-3.446001870609E0,
7.276967803433E0));
#1094=CARTESIAN_POINT('',(-1.675000054281E1,-3.443709347369E0,
7.250000093263E0));
#1096=CARTESIAN_POINT('',(-1.799999980194E1,-3.443709380177E0,
6.500000613103E0));
#1097=CARTESIAN_POINT('',(-1.794486654260E1,-3.448396245786E0,
6.500000613103E0));
#1098=CARTESIAN_POINT('',(-1.783426534465E1,-3.454308215350E0,
6.499999795632E0));
#1099=CARTESIAN_POINT('',(-1.766569518799E1,-3.454306949509E0,
6.499999795632E0));
#1100=CARTESIAN_POINT('',(-1.755511660851E1,-3.448394813466E0,
6.500000613103E0));
#1101=CARTESIAN_POINT('',(-1.750000019806E1,-3.443709380178E0,
6.500000613103E0));
#1103=CARTESIAN_POINT('',(-1.750000019806E1,-3.443709380178E0,
6.500000613103E0));
#1104=CARTESIAN_POINT('',(-1.750000019806E1,-3.455994765289E0,
6.536129927233E0));
#1105=CARTESIAN_POINT('',(-1.749999990828E1,-3.476629158944E0,
6.609917265758E0));
#1106=CARTESIAN_POINT('',(-1.750000002394E1,-3.495623811836E0,
6.725169949069E0));
#1107=CARTESIAN_POINT('',(-1.750000000528E1,-3.500000000772E0,
6.805298129266E0));
#1108=CARTESIAN_POINT('',(-1.750000000528E1,-3.500000000001E0,
6.846165163659E0));
#1110=CARTESIAN_POINT('',(-1.709616567819E1,-3.500000000001E0,
7.250000225942E0));
#1111=CARTESIAN_POINT('',(-1.705528578344E1,-3.500000064853E0,
7.250000225942E0));
#1112=CARTESIAN_POINT('',(-1.697513967901E1,-3.495621188802E0,
7.249999906996E0));
#1113=CARTESIAN_POINT('',(-1.685988104857E1,-3.476620721793E0,
7.249999986603E0));
#1114=CARTESIAN_POINT('',(-1.678611474495E1,-3.455989604758E0,
7.250000093263E0));
#1115=CARTESIAN_POINT('',(-1.675000054281E1,-3.443709347369E0,
7.250000093263E0));
#1117=CARTESIAN_POINT('',(-1.704999999999E1,-2.500000000006E0,
7.499999960244E0));
#1118=DIRECTION('',(5.679218942345E-8,2.595703428029E-12,1.E0));
#1119=DIRECTION('',(2.999980711352E-1,-9.539398080147E-1,-1.703507113153E-8));
#1120=AXIS2_PLACEMENT_3D('',#1117,#1118,#1119);
#1122=CARTESIAN_POINT('',(-1.775E1,-2.500000000002E0,7.499999999999E0));
#1123=DIRECTION('',(5.024607696333E-12,1.E0,-2.595703194909E-12));
#1124=DIRECTION('',(1.E0,-5.024477566032E-12,-5.679005083184E-8));
#1125=AXIS2_PLACEMENT_3D('',#1122,#1123,#1124);
#1127=CARTESIAN_POINT('',(-1.845E1,-2.499999999999E0,7.499999960245E0));
#1128=DIRECTION('',(-5.679131154235E-8,2.595703998740E-12,1.E0));
#1129=DIRECTION('',(-1.E0,5.024425320256E-12,-5.679131120943E-8));
#1130=AXIS2_PLACEMENT_3D('',#1127,#1128,#1129);
#1132=CARTESIAN_POINT('',(-1.874999871410E1,-3.453939605814E0,7.5E0));
#1133=CARTESIAN_POINT('',(-1.874999871410E1,-3.453939605317E0,
7.472131098125E0));
#1134=CARTESIAN_POINT('',(-1.875000052771E1,-3.453215028251E0,
7.416445066677E0));
#1135=CARTESIAN_POINT('',(-1.875000008186E1,-3.449842885743E0,
7.332359962903E0));
#1136=CARTESIAN_POINT('',(-1.874999945718E1,-3.446034804641E0,
7.277355217391E0));
#1137=CARTESIAN_POINT('',(-1.874999945718E1,-3.443709347366E0,
7.250000093263E0));
#1139=CARTESIAN_POINT('',(-1.874999945718E1,-3.443709347366E0,
7.250000093263E0));
#1140=CARTESIAN_POINT('',(-1.871387128491E1,-3.455994355154E0,
7.250000093263E0));
#1141=CARTESIAN_POINT('',(-1.864008534869E1,-3.476628397962E0,
7.249999986603E0));
#1142=CARTESIAN_POINT('',(-1.852483549412E1,-3.495623235159E0,
7.249999906996E0));
#1143=CARTESIAN_POINT('',(-1.844470359537E1,-3.500000064834E0,
7.250000225942E0));
#1144=CARTESIAN_POINT('',(-1.840383432181E1,-3.499999999999E0,
7.250000225942E0));
#1146=CARTESIAN_POINT('',(-1.799999999472E1,-3.5E0,6.846165163659E0));
#1147=CARTESIAN_POINT('',(-1.799999999472E1,-3.500000000771E0,
6.805287009100E0));
#1148=CARTESIAN_POINT('',(-1.799999997605E1,-3.495621611182E0,
6.725143976443E0));
#1149=CARTESIAN_POINT('',(-1.800000009173E1,-3.476621568581E0,
6.609884233155E0));
#1150=CARTESIAN_POINT('',(-1.799999980194E1,-3.455990095553E0,
6.536116194305E0));
#1151=CARTESIAN_POINT('',(-1.799999980194E1,-3.443709380177E0,
6.500000613103E0));
#1153=DIRECTION('',(4.463800610380E-7,-9.999999999989E-1,1.381766755638E-6));
#1154=VECTOR('',#1153,4.437093801779E-1);
#1155=CARTESIAN_POINT('',(-1.8E1,-3.E0,6.5E0));
#1156=LINE('',#1155,#1154);
#1157=DIRECTION('',(1.306258311319E-8,-2.639232695470E-13,-1.E0));
#1158=VECTOR('',#1157,4.038348363406E-1);
#1159=CARTESIAN_POINT('',(-1.8E1,-3.5E0,7.25E0));
#1160=LINE('',#1159,#1158);
#1161=CARTESIAN_POINT('',(-1.775E1,-3.499999999999E0,7.500000000001E0));
#1162=DIRECTION('',(5.024607696333E-12,1.E0,-2.595703194909E-12));
#1163=DIRECTION('',(-3.571428571450E-1,-6.299732666580E-13,-9.340497736151E-1));
#1164=AXIS2_PLACEMENT_3D('',#1161,#1162,#1163);
#1166=DIRECTION('',(-9.999999999998E-1,3.469495734809E-12,5.594911659131E-7));
#1167=VECTOR('',#1166,4.038343218065E-1);
#1168=CARTESIAN_POINT('',(-1.8E1,-3.5E0,7.25E0));
#1169=LINE('',#1168,#1167);
#1170=DIRECTION('',(1.E0,0.E0,0.E0));
#1171=VECTOR('',#1170,7.5E-1);
#1172=CARTESIAN_POINT('',(-1.875E1,-3.E0,7.25E0));
#1173=LINE('',#1172,#1171);
#1174=DIRECTION('',(-2.664535259100E-12,-1.E0,0.E0));
#1175=VECTOR('',#1174,5.E-1);
#1176=CARTESIAN_POINT('',(-1.8E1,-3.E0,7.25E0));
#1177=LINE('',#1176,#1175);
#1178=DIRECTION('',(6.508571459563E-12,0.E0,-1.E0));
#1179=VECTOR('',#1178,5.E-1);
#1180=CARTESIAN_POINT('',(-1.875E1,-3.E0,7.75E0));
#1181=LINE('',#1180,#1179);
#1182=DIRECTION('',(1.223357620631E-6,-9.999999999992E-1,2.101898389800E-7));
#1183=VECTOR('',#1182,4.437093473665E-1);
#1184=CARTESIAN_POINT('',(-1.875E1,-3.E0,7.25E0));
#1185=LINE('',#1184,#1183);
#1186=DIRECTION('',(9.999999999998E-1,1.964031499958E-12,5.594909569736E-7));
#1187=VECTOR('',#1186,4.038343218064E-1);
#1188=CARTESIAN_POINT('',(-1.840383432181E1,-3.500000000001E0,
7.749999774058E0));
#1189=LINE('',#1188,#1187);
#1190=DIRECTION('',(-1.E0,0.E0,0.E0));
#1191=VECTOR('',#1190,7.5E-1);
#1192=CARTESIAN_POINT('',(-1.8E1,-3.E0,7.75E0));
#1193=LINE('',#1192,#1191);
#1194=DIRECTION('',(1.223355058432E-6,-9.999999999992E-1,-2.101895086963E-7));
#1195=VECTOR('',#1194,4.437093473691E-1);
#1196=CARTESIAN_POINT('',(-1.875E1,-3.E0,7.75E0));
#1197=LINE('',#1196,#1195);
#1198=CARTESIAN_POINT('',(-1.775E1,-3.499999999999E0,7.499999999999E0));
#1199=DIRECTION('',(-5.035109760752E-12,1.E0,2.603198588702E-12));
#1200=DIRECTION('',(-9.340497736164E-1,-5.632963378285E-12,3.571428571415E-1));
#1201=AXIS2_PLACEMENT_3D('',#1198,#1199,#1200);
#1203=DIRECTION('',(0.E0,0.E0,-1.E0));
#1204=VECTOR('',#1203,7.5E-1);
#1205=CARTESIAN_POINT('',(-1.8E1,-3.E0,8.5E0));
#1206=LINE('',#1205,#1204);
#1207=DIRECTION('',(-2.664535259100E-12,-1.E0,0.E0));
#1208=VECTOR('',#1207,5.E-1);
#1209=CARTESIAN_POINT('',(-1.8E1,-3.E0,7.75E0));
#1210=LINE('',#1209,#1208);
#1211=DIRECTION('',(1.307116941689E-8,-2.343418697519E-12,1.E0));
#1212=VECTOR('',#1211,4.038348363407E-1);
#1213=CARTESIAN_POINT('',(-1.8E1,-3.5E0,7.75E0));
#1214=LINE('',#1213,#1212);
#1215=DIRECTION('',(-1.E0,0.E0,1.563194018672E-13));
#1216=VECTOR('',#1215,5.E-1);
#1217=CARTESIAN_POINT('',(-1.75E1,-3.E0,8.5E0));
#1218=LINE('',#1217,#1216);
#1219=DIRECTION('',(4.463793644416E-7,-9.999999999989E-1,-1.381766321264E-6));
#1220=VECTOR('',#1219,4.437093801786E-1);
#1221=CARTESIAN_POINT('',(-1.8E1,-3.E0,8.5E0));
#1222=LINE('',#1221,#1220);
#1223=DIRECTION('',(1.306312855461E-8,2.661226301265E-13,-1.E0));
#1224=VECTOR('',#1223,4.038348363407E-1);
#1225=CARTESIAN_POINT('',(-1.750000000528E1,-3.5E0,8.153834836341E0));
#1226=LINE('',#1225,#1224);
#1227=DIRECTION('',(0.E0,0.E0,1.E0));
#1228=VECTOR('',#1227,7.5E-1);
#1229=CARTESIAN_POINT('',(-1.75E1,-3.E0,7.75E0));
#1230=LINE('',#1229,#1228);
#1231=DIRECTION('',(-4.463801170860E-7,-9.999999999989E-1,-1.381766721609E-6));
#1232=VECTOR('',#1231,4.437093801779E-1);
#1233=CARTESIAN_POINT('',(-1.75E1,-3.E0,8.5E0));
#1234=LINE('',#1233,#1232);
#1235=CARTESIAN_POINT('',(-1.775E1,-3.499999999999E0,7.499999999999E0));
#1236=DIRECTION('',(-5.035109760752E-12,1.E0,2.603198588702E-12));
#1237=DIRECTION('',(3.571428571350E-1,-6.331453374871E-13,9.340497736189E-1));
#1238=AXIS2_PLACEMENT_3D('',#1235,#1236,#1237);
#1240=DIRECTION('',(1.223357604618E-6,9.999999999992E-1,2.101899991170E-7));
#1241=VECTOR('',#1240,4.437093473665E-1);
#1242=CARTESIAN_POINT('',(-1.675000054282E1,-3.443709347366E0,
7.749999906737E0));
#1243=LINE('',#1242,#1241);
#1244=DIRECTION('',(-1.E0,0.E0,0.E0));
#1245=VECTOR('',#1244,7.5E-1);
#1246=CARTESIAN_POINT('',(-1.675E1,-3.E0,7.75E0));
#1247=LINE('',#1246,#1245);
#1248=DIRECTION('',(-2.671640686458E-12,-1.E0,0.E0));
#1249=VECTOR('',#1248,5.E-1);
#1250=CARTESIAN_POINT('',(-1.75E1,-3.E0,7.75E0));
#1251=LINE('',#1250,#1249);
#1252=DIRECTION('',(9.999999999998E-1,3.471695098191E-12,-5.594910009609E-7));
#1253=VECTOR('',#1252,4.038343218065E-1);
#1254=CARTESIAN_POINT('',(-1.75E1,-3.5E0,7.75E0));
#1255=LINE('',#1254,#1253);
#1256=DIRECTION('',(1.E0,0.E0,-1.616484723854E-13));
#1257=VECTOR('',#1256,5.E-1);
#1258=CARTESIAN_POINT('',(-1.8E1,-3.E0,6.5E0));
#1259=LINE('',#1258,#1257);
#1260=DIRECTION('',(0.E0,0.E0,-1.E0));
#1261=VECTOR('',#1260,7.5E-1);
#1262=CARTESIAN_POINT('',(-1.8E1,-3.E0,7.25E0));
#1263=LINE('',#1262,#1261);
#1264=DIRECTION('',(-6.508571459563E-12,0.E0,1.E0));
#1265=VECTOR('',#1264,5.E-1);
#1266=CARTESIAN_POINT('',(-1.675E1,-3.E0,7.25E0));
#1267=LINE('',#1266,#1265);
#1268=DIRECTION('',(0.E0,0.E0,1.E0));
#1269=VECTOR('',#1268,7.5E-1);
#1270=CARTESIAN_POINT('',(-1.75E1,-3.E0,6.5E0));
#1271=LINE('',#1270,#1269);
#1272=DIRECTION('',(-9.999999999998E-1,1.955234046431E-12,-5.594909899641E-7));
#1273=VECTOR('',#1272,4.038343218065E-1);
#1274=CARTESIAN_POINT('',(-1.709616567819E1,-3.500000000001E0,
7.250000225942E0));
#1275=LINE('',#1274,#1273);
#1276=DIRECTION('',(2.671640686458E-12,1.E0,0.E0));
#1277=VECTOR('',#1276,5.E-1);
#1278=CARTESIAN_POINT('',(-1.75E1,-3.5E0,7.25E0));
#1279=LINE('',#1278,#1277);
#1280=DIRECTION('',(1.E0,0.E0,0.E0));
#1281=VECTOR('',#1280,7.5E-1);
#1282=CARTESIAN_POINT('',(-1.75E1,-3.E0,7.25E0));
#1283=LINE('',#1282,#1281);
#1284=DIRECTION('',(-1.223355066439E-6,-9.999999999992E-1,2.101894446415E-7));
#1285=VECTOR('',#1284,4.437093473691E-1);
#1286=CARTESIAN_POINT('',(-1.675E1,-3.E0,7.25E0));
#1287=LINE('',#1286,#1285);
#1288=CARTESIAN_POINT('',(-1.775E1,-3.499999999999E0,7.500000000001E0));
#1289=DIRECTION('',(5.024607696333E-12,1.E0,-2.595703194909E-12));
#1290=DIRECTION('',(9.340497736149E-1,-5.620275094969E-12,-3.571428571453E-1));
#1291=AXIS2_PLACEMENT_3D('',#1288,#1289,#1290);
#1293=DIRECTION('',(-1.307118701178E-8,-2.335720935491E-12,-1.E0));
#1294=VECTOR('',#1293,4.038348363407E-1);
#1295=CARTESIAN_POINT('',(-1.75E1,-3.5E0,7.25E0));
#1296=LINE('',#1295,#1294);
#1297=DIRECTION('',(4.463793564347E-7,9.999999999989E-1,-1.381766333275E-6));
#1298=VECTOR('',#1297,4.437093801786E-1);
#1299=CARTESIAN_POINT('',(-1.750000019806E1,-3.443709380178E0,
6.500000613103E0));
#1300=LINE('',#1299,#1298);
#1301=DIRECTION('',(0.E0,-1.E0,0.E0));
#1302=VECTOR('',#1301,1.5E0);
#1303=CARTESIAN_POINT('',(-1.595E1,-2.E0,-7.500000048250E0));
#1304=LINE('',#1303,#1302);
#1305=DIRECTION('',(0.E0,1.E0,0.E0));
#1306=VECTOR('',#1305,1.5E0);
#1307=CARTESIAN_POINT('',(-1.775000004825E1,-3.5E0,-5.7E0));
#1308=LINE('',#1307,#1306);
#1309=DIRECTION('',(-8.472078150115E-9,-1.E0,7.631228982046E-12));
#1310=VECTOR('',#1309,5.000000000012E-1);
#1311=CARTESIAN_POINT('',(-1.604999999576E1,-2.E0,-7.500000000003E0));
#1312=LINE('',#1311,#1310);
#1313=DIRECTION('',(-8.472170520670E-9,1.E0,7.650768907279E-12));
#1314=VECTOR('',#1313,5.000000000012E-1);
#1315=CARTESIAN_POINT('',(-1.945E1,-2.500000000001E0,-7.5E0));
#1316=LINE('',#1315,#1314);
#1317=CARTESIAN_POINT('',(-1.675000128590E1,-3.453939605814E0,-7.5E0));
#1318=CARTESIAN_POINT('',(-1.675000128590E1,-3.453939605317E0,
-7.472131098125E0));
#1319=CARTESIAN_POINT('',(-1.674999947229E1,-3.453215028251E0,
-7.416445066675E0));
#1320=CARTESIAN_POINT('',(-1.674999991814E1,-3.449842885743E0,
-7.332359962898E0));
#1321=CARTESIAN_POINT('',(-1.675000054282E1,-3.446034804641E0,
-7.277355217389E0));
#1322=CARTESIAN_POINT('',(-1.675000054282E1,-3.443709347366E0,
-7.250000093263E0));
#1324=CARTESIAN_POINT('',(-1.675000054282E1,-3.443709347366E0,
-7.250000093263E0));
#1325=CARTESIAN_POINT('',(-1.678612871509E1,-3.455994355154E0,
-7.250000093263E0));
#1326=CARTESIAN_POINT('',(-1.685991465131E1,-3.476628397962E0,
-7.249999986603E0));
#1327=CARTESIAN_POINT('',(-1.697516450588E1,-3.495623235159E0,
-7.249999906996E0));
#1328=CARTESIAN_POINT('',(-1.705529640463E1,-3.500000064834E0,
-7.250000225942E0));
#1329=CARTESIAN_POINT('',(-1.709616567820E1,-3.499999999999E0,
-7.250000225942E0));
#1331=CARTESIAN_POINT('',(-1.750000000528E1,-3.5E0,-6.846165163659E0));
#1332=CARTESIAN_POINT('',(-1.750000000528E1,-3.500000000771E0,
-6.805287009100E0));
#1333=CARTESIAN_POINT('',(-1.750000002395E1,-3.495621611182E0,
-6.725143976444E0));
#1334=CARTESIAN_POINT('',(-1.749999990827E1,-3.476621568581E0,
-6.609884233155E0));
#1335=CARTESIAN_POINT('',(-1.750000019806E1,-3.455990095553E0,
-6.536116194305E0));
#1336=CARTESIAN_POINT('',(-1.750000019806E1,-3.443709380177E0,
-6.500000613103E0));
#1338=CARTESIAN_POINT('',(-1.750000019806E1,-3.443709380177E0,
-6.500000613103E0));
#1339=CARTESIAN_POINT('',(-1.755513345740E1,-3.448396245786E0,
-6.500000613103E0));
#1340=CARTESIAN_POINT('',(-1.766573465535E1,-3.454308215350E0,
-6.499999795632E0));
#1341=CARTESIAN_POINT('',(-1.783430481201E1,-3.454306949509E0,
-6.499999795632E0));
#1342=CARTESIAN_POINT('',(-1.794488339149E1,-3.448394813466E0,
-6.500000613103E0));
#1343=CARTESIAN_POINT('',(-1.799999980194E1,-3.443709380178E0,
-6.500000613103E0));
#1345=CARTESIAN_POINT('',(-1.799999980194E1,-3.443709380178E0,
-6.500000613103E0));
#1346=CARTESIAN_POINT('',(-1.799999980194E1,-3.455994765289E0,
-6.536129927233E0));
#1347=CARTESIAN_POINT('',(-1.800000009173E1,-3.476629158944E0,
-6.609917265759E0));
#1348=CARTESIAN_POINT('',(-1.799999997605E1,-3.495623811836E0,
-6.725169949069E0));
#1349=CARTESIAN_POINT('',(-1.799999999472E1,-3.500000000772E0,
-6.805298129266E0));
#1350=CARTESIAN_POINT('',(-1.799999999472E1,-3.500000000001E0,
-6.846165163659E0));
#1352=CARTESIAN_POINT('',(-1.840383432181E1,-3.500000000001E0,
-7.250000225942E0));
#1353=CARTESIAN_POINT('',(-1.844471421657E1,-3.500000064853E0,
-7.250000225942E0));
#1354=CARTESIAN_POINT('',(-1.852486032099E1,-3.495621188802E0,
-7.249999906996E0));
#1355=CARTESIAN_POINT('',(-1.864011895143E1,-3.476620721793E0,
-7.249999986603E0));
#1356=CARTESIAN_POINT('',(-1.871388525505E1,-3.455989604758E0,
-7.250000093263E0));
#1357=CARTESIAN_POINT('',(-1.874999945719E1,-3.443709347369E0,
-7.250000093263E0));
#1359=CARTESIAN_POINT('',(-1.874999945719E1,-3.443709347369E0,
-7.250000093263E0));
#1360=CARTESIAN_POINT('',(-1.874999945719E1,-3.446034725914E0,
-7.277354291268E0));
#1361=CARTESIAN_POINT('',(-1.875000008186E1,-3.449842817150E0,
-7.332357872022E0));
#1362=CARTESIAN_POINT('',(-1.875000052771E1,-3.453215180284E0,
-7.416449837062E0));
#1363=CARTESIAN_POINT('',(-1.874999871410E1,-3.453939605317E0,
-7.472133176724E0));
#1364=CARTESIAN_POINT('',(-1.874999871410E1,-3.453939605814E0,-7.5E0));
#1366=CARTESIAN_POINT('',(-1.775E1,-2.500000000002E0,-7.499999999999E0));
#1367=DIRECTION('',(-5.034110904043E-12,1.E0,2.604736430195E-12));
#1368=DIRECTION('',(-1.E0,-5.034143037070E-12,5.679083399623E-8));
#1369=AXIS2_PLACEMENT_3D('',#1366,#1367,#1368);
#1371=CARTESIAN_POINT('',(-1.675000128590E1,-3.453939605814E0,-7.5E0));
#1372=CARTESIAN_POINT('',(-1.675000128590E1,-3.453939605304E0,
-7.528569805437E0));
#1373=CARTESIAN_POINT('',(-1.674999947229E1,-3.453173077745E0,
-7.585181971481E0));
#1374=CARTESIAN_POINT('',(-1.674999991814E1,-3.449783610682E0,
-7.668553641251E0));
#1375=CARTESIAN_POINT('',(-1.675000054281E1,-3.446001870609E0,
-7.723032196567E0));
#1376=CARTESIAN_POINT('',(-1.675000054281E1,-3.443709347369E0,
-7.749999906737E0));
#1378=CARTESIAN_POINT('',(-1.799999980194E1,-3.443709380177E0,
-8.499999386897E0));
#1379=CARTESIAN_POINT('',(-1.794486654260E1,-3.448396245786E0,
-8.499999386897E0));
#1380=CARTESIAN_POINT('',(-1.783426534465E1,-3.454308215350E0,
-8.500000204368E0));
#1381=CARTESIAN_POINT('',(-1.766569518799E1,-3.454306949509E0,
-8.500000204368E0));
#1382=CARTESIAN_POINT('',(-1.755511660851E1,-3.448394813466E0,
-8.499999386897E0));
#1383=CARTESIAN_POINT('',(-1.750000019806E1,-3.443709380178E0,
-8.499999386897E0));
#1385=CARTESIAN_POINT('',(-1.750000019806E1,-3.443709380178E0,
-8.499999386897E0));
#1386=CARTESIAN_POINT('',(-1.750000019806E1,-3.455994765289E0,
-8.463870072767E0));
#1387=CARTESIAN_POINT('',(-1.749999990828E1,-3.476629158944E0,
-8.390082734242E0));
#1388=CARTESIAN_POINT('',(-1.750000002394E1,-3.495623811836E0,
-8.274830050931E0));
#1389=CARTESIAN_POINT('',(-1.750000000528E1,-3.500000000772E0,
-8.194701870734E0));
#1390=CARTESIAN_POINT('',(-1.750000000528E1,-3.500000000001E0,
-8.153834836341E0));
#1392=CARTESIAN_POINT('',(-1.709616567819E1,-3.500000000001E0,
-7.749999774058E0));
#1393=CARTESIAN_POINT('',(-1.705528578344E1,-3.500000064853E0,
-7.749999774058E0));
#1394=CARTESIAN_POINT('',(-1.697513967901E1,-3.495621188802E0,
-7.750000093004E0));
#1395=CARTESIAN_POINT('',(-1.685988104857E1,-3.476620721793E0,
-7.750000013397E0));
#1396=CARTESIAN_POINT('',(-1.678611474495E1,-3.455989604758E0,
-7.749999906737E0));
#1397=CARTESIAN_POINT('',(-1.675000054281E1,-3.443709347369E0,
-7.749999906737E0));
#1399=CARTESIAN_POINT('',(-1.704999999999E1,-2.500000000006E0,
-7.500000039756E0));
#1400=DIRECTION('',(5.679218556542E-8,2.593365425681E-12,1.E0));
#1401=DIRECTION('',(2.999980711352E-1,-9.539398080147E-1,-1.703507201971E-8));
#1402=AXIS2_PLACEMENT_3D('',#1399,#1400,#1401);
#1404=CARTESIAN_POINT('',(-1.775E1,-2.500000000002E0,-7.500000000001E0));
#1405=DIRECTION('',(5.023437225487E-12,1.E0,-2.593365539516E-12));
#1406=DIRECTION('',(1.E0,-5.023432650244E-12,-5.679005083184E-8));
#1407=AXIS2_PLACEMENT_3D('',#1404,#1405,#1406);
#1409=CARTESIAN_POINT('',(-1.845E1,-2.499999999999E0,-7.500000039755E0));
#1410=DIRECTION('',(-5.679130894720E-8,2.593365996260E-12,1.E0));
#1411=DIRECTION('',(-1.E0,5.023537141837E-12,-5.679130854489E-8));
#1412=AXIS2_PLACEMENT_3D('',#1409,#1410,#1411);
#1414=CARTESIAN_POINT('',(-1.874999871410E1,-3.453939605814E0,-7.5E0));
#1415=CARTESIAN_POINT('',(-1.874999871410E1,-3.453939605317E0,
-7.527868901875E0));
#1416=CARTESIAN_POINT('',(-1.875000052771E1,-3.453215028251E0,
-7.583554933323E0));
#1417=CARTESIAN_POINT('',(-1.875000008186E1,-3.449842885743E0,
-7.667640037097E0));
#1418=CARTESIAN_POINT('',(-1.874999945718E1,-3.446034804641E0,
-7.722644782609E0));
#1419=CARTESIAN_POINT('',(-1.874999945718E1,-3.443709347366E0,
-7.749999906737E0));
#1421=CARTESIAN_POINT('',(-1.874999945718E1,-3.443709347366E0,
-7.749999906737E0));
#1422=CARTESIAN_POINT('',(-1.871387128491E1,-3.455994355154E0,
-7.749999906737E0));
#1423=CARTESIAN_POINT('',(-1.864008534869E1,-3.476628397962E0,
-7.750000013397E0));
#1424=CARTESIAN_POINT('',(-1.852483549412E1,-3.495623235159E0,
-7.750000093004E0));
#1425=CARTESIAN_POINT('',(-1.844470359537E1,-3.500000064834E0,
-7.749999774058E0));
#1426=CARTESIAN_POINT('',(-1.840383432181E1,-3.499999999999E0,
-7.749999774058E0));
#1428=CARTESIAN_POINT('',(-1.799999999472E1,-3.5E0,-8.153834836341E0));
#1429=CARTESIAN_POINT('',(-1.799999999472E1,-3.500000000771E0,
-8.194712990900E0));
#1430=CARTESIAN_POINT('',(-1.799999997605E1,-3.495621611182E0,
-8.274856023557E0));
#1431=CARTESIAN_POINT('',(-1.800000009173E1,-3.476621568581E0,
-8.390115766845E0));
#1432=CARTESIAN_POINT('',(-1.799999980194E1,-3.455990095553E0,
-8.463883805695E0));
#1433=CARTESIAN_POINT('',(-1.799999980194E1,-3.443709380177E0,
-8.499999386897E0));
#1435=DIRECTION('',(4.463800610380E-7,-9.999999999989E-1,1.381766757640E-6));
#1436=VECTOR('',#1435,4.437093801779E-1);
#1437=CARTESIAN_POINT('',(-1.8E1,-3.E0,-8.5E0));
#1438=LINE('',#1437,#1436);
#1439=DIRECTION('',(1.306258311319E-8,-2.639232695470E-13,-1.E0));
#1440=VECTOR('',#1439,4.038348363406E-1);
#1441=CARTESIAN_POINT('',(-1.8E1,-3.5E0,-7.75E0));
#1442=LINE('',#1441,#1440);
#1443=CARTESIAN_POINT('',(-1.775E1,-3.499999999999E0,-7.499999999999E0));
#1444=DIRECTION('',(5.023437225487E-12,1.E0,-2.593365539516E-12));
#1445=DIRECTION('',(-3.571428571450E-1,-6.280700241606E-13,-9.340497736151E-1));
#1446=AXIS2_PLACEMENT_3D('',#1443,#1444,#1445);
#1448=DIRECTION('',(-9.999999999998E-1,3.469495734809E-12,5.594911637137E-7));
#1449=VECTOR('',#1448,4.038343218065E-1);
#1450=CARTESIAN_POINT('',(-1.8E1,-3.5E0,-7.75E0));
#1451=LINE('',#1450,#1449);
#1452=DIRECTION('',(1.E0,0.E0,0.E0));
#1453=VECTOR('',#1452,7.5E-1);
#1454=CARTESIAN_POINT('',(-1.875E1,-3.E0,-7.75E0));
#1455=LINE('',#1454,#1453);
#1456=DIRECTION('',(-2.664535259100E-12,-1.E0,0.E0));
#1457=VECTOR('',#1456,5.E-1);
#1458=CARTESIAN_POINT('',(-1.8E1,-3.E0,-7.75E0));
#1459=LINE('',#1458,#1457);
#1460=DIRECTION('',(6.508571459563E-12,0.E0,-1.E0));
#1461=VECTOR('',#1460,5.E-1);
#1462=CARTESIAN_POINT('',(-1.875E1,-3.E0,-7.25E0));
#1463=LINE('',#1462,#1461);
#1464=DIRECTION('',(1.223357620631E-6,-9.999999999992E-1,2.101898389800E-7));
#1465=VECTOR('',#1464,4.437093473665E-1);
#1466=CARTESIAN_POINT('',(-1.875E1,-3.E0,-7.75E0));
#1467=LINE('',#1466,#1465);
#1468=DIRECTION('',(9.999999999998E-1,1.964031499958E-12,5.594909569736E-7));
#1469=VECTOR('',#1468,4.038343218064E-1);
#1470=CARTESIAN_POINT('',(-1.840383432181E1,-3.500000000001E0,
-7.250000225942E0));
#1471=LINE('',#1470,#1469);
#1472=DIRECTION('',(-1.E0,0.E0,0.E0));
#1473=VECTOR('',#1472,7.5E-1);
#1474=CARTESIAN_POINT('',(-1.8E1,-3.E0,-7.25E0));
#1475=LINE('',#1474,#1473);
#1476=DIRECTION('',(1.223355058432E-6,-9.999999999992E-1,-2.101895106980E-7));
#1477=VECTOR('',#1476,4.437093473691E-1);
#1478=CARTESIAN_POINT('',(-1.875E1,-3.E0,-7.25E0));
#1479=LINE('',#1478,#1477);
#1480=CARTESIAN_POINT('',(-1.775E1,-3.499999999999E0,-7.500000000001E0));
#1481=DIRECTION('',(-5.034110904043E-12,1.E0,2.604736430195E-12));
#1482=DIRECTION('',(-9.340497736164E-1,-5.632328964120E-12,3.571428571415E-1));
#1483=AXIS2_PLACEMENT_3D('',#1480,#1481,#1482);
#1485=DIRECTION('',(0.E0,0.E0,-1.E0));
#1486=VECTOR('',#1485,7.5E-1);
#1487=CARTESIAN_POINT('',(-1.8E1,-3.E0,-6.5E0));
#1488=LINE('',#1487,#1486);
#1489=DIRECTION('',(-2.664535259100E-12,-1.E0,0.E0));
#1490=VECTOR('',#1489,5.E-1);
#1491=CARTESIAN_POINT('',(-1.8E1,-3.E0,-7.25E0));
#1492=LINE('',#1491,#1490);
#1493=DIRECTION('',(1.307116941689E-8,-2.343418697519E-12,1.E0));
#1494=VECTOR('',#1493,4.038348363407E-1);
#1495=CARTESIAN_POINT('',(-1.8E1,-3.5E0,-7.25E0));
#1496=LINE('',#1495,#1494);
#1497=DIRECTION('',(-1.E0,0.E0,1.616484723854E-13));
#1498=VECTOR('',#1497,5.E-1);
#1499=CARTESIAN_POINT('',(-1.75E1,-3.E0,-6.5E0));
#1500=LINE('',#1499,#1498);
#1501=DIRECTION('',(4.463793644416E-7,-9.999999999989E-1,-1.381766319263E-6));
#1502=VECTOR('',#1501,4.437093801786E-1);
#1503=CARTESIAN_POINT('',(-1.8E1,-3.E0,-6.5E0));
#1504=LINE('',#1503,#1502);
#1505=DIRECTION('',(1.306312855461E-8,2.683219907061E-13,-1.E0));
#1506=VECTOR('',#1505,4.038348363407E-1);
#1507=CARTESIAN_POINT('',(-1.750000000528E1,-3.5E0,-6.846165163659E0));
#1508=LINE('',#1507,#1506);
#1509=DIRECTION('',(0.E0,0.E0,1.E0));
#1510=VECTOR('',#1509,7.5E-1);
#1511=CARTESIAN_POINT('',(-1.75E1,-3.E0,-7.25E0));
#1512=LINE('',#1511,#1510);
#1513=DIRECTION('',(-4.463801090791E-7,-9.999999999989E-1,-1.381766723611E-6));
#1514=VECTOR('',#1513,4.437093801779E-1);
#1515=CARTESIAN_POINT('',(-1.75E1,-3.E0,-6.5E0));
#1516=LINE('',#1515,#1514);
#1517=CARTESIAN_POINT('',(-1.775E1,-3.499999999999E0,-7.500000000001E0));
#1518=DIRECTION('',(-5.034110904043E-12,1.E0,2.604736430195E-12));
#1519=DIRECTION('',(3.571428571350E-1,-6.350485799846E-13,9.340497736189E-1));
#1520=AXIS2_PLACEMENT_3D('',#1517,#1518,#1519);
#1522=DIRECTION('',(1.223357604618E-6,9.999999999992E-1,2.101899991170E-7));
#1523=VECTOR('',#1522,4.437093473665E-1);
#1524=CARTESIAN_POINT('',(-1.675000054282E1,-3.443709347366E0,
-7.250000093263E0));
#1525=LINE('',#1524,#1523);
#1526=DIRECTION('',(-1.E0,0.E0,0.E0));
#1527=VECTOR('',#1526,7.5E-1);
#1528=CARTESIAN_POINT('',(-1.675E1,-3.E0,-7.25E0));
#1529=LINE('',#1528,#1527);
#1530=DIRECTION('',(-2.671640686458E-12,-1.E0,0.E0));
#1531=VECTOR('',#1530,5.E-1);
#1532=CARTESIAN_POINT('',(-1.75E1,-3.E0,-7.25E0));
#1533=LINE('',#1532,#1531);
#1534=DIRECTION('',(9.999999999998E-1,3.470595416500E-12,-5.594910031602E-7));
#1535=VECTOR('',#1534,4.038343218065E-1);
#1536=CARTESIAN_POINT('',(-1.75E1,-3.5E0,-7.25E0));
#1537=LINE('',#1536,#1535);
#1538=DIRECTION('',(1.E0,0.E0,-1.563194018672E-13));
#1539=VECTOR('',#1538,5.E-1);
#1540=CARTESIAN_POINT('',(-1.8E1,-3.E0,-8.5E0));
#1541=LINE('',#1540,#1539);
#1542=DIRECTION('',(0.E0,0.E0,-1.E0));
#1543=VECTOR('',#1542,7.5E-1);
#1544=CARTESIAN_POINT('',(-1.8E1,-3.E0,-7.75E0));
#1545=LINE('',#1544,#1543);
#1546=DIRECTION('',(-6.508571459563E-12,0.E0,1.E0));
#1547=VECTOR('',#1546,5.E-1);
#1548=CARTESIAN_POINT('',(-1.675E1,-3.E0,-7.75E0));
#1549=LINE('',#1548,#1547);
#1550=DIRECTION('',(0.E0,0.E0,1.E0));
#1551=VECTOR('',#1550,7.5E-1);
#1552=CARTESIAN_POINT('',(-1.75E1,-3.E0,-8.5E0));
#1553=LINE('',#1552,#1551);
#1554=DIRECTION('',(-9.999999999998E-1,1.955234046431E-12,-5.594909877647E-7));
#1555=VECTOR('',#1554,4.038343218065E-1);
#1556=CARTESIAN_POINT('',(-1.709616567819E1,-3.500000000001E0,
-7.749999774058E0));
#1557=LINE('',#1556,#1555);
#1558=DIRECTION('',(2.671640686458E-12,1.E0,0.E0));
#1559=VECTOR('',#1558,5.E-1);
#1560=CARTESIAN_POINT('',(-1.75E1,-3.5E0,-7.75E0));
#1561=LINE('',#1560,#1559);
#1562=DIRECTION('',(1.E0,0.E0,0.E0));
#1563=VECTOR('',#1562,7.5E-1);
#1564=CARTESIAN_POINT('',(-1.75E1,-3.E0,-7.75E0));
#1565=LINE('',#1564,#1563);
#1566=DIRECTION('',(-1.223355066439E-6,-9.999999999992E-1,2.101894446415E-7));
#1567=VECTOR('',#1566,4.437093473691E-1);
#1568=CARTESIAN_POINT('',(-1.675E1,-3.E0,-7.75E0));
#1569=LINE('',#1568,#1567);
#1570=CARTESIAN_POINT('',(-1.775E1,-3.499999999999E0,-7.499999999999E0));
#1571=DIRECTION('',(5.023437225487E-12,1.E0,-2.593365539516E-12));
#1572=DIRECTION('',(9.340497736149E-1,-5.618371852472E-12,-3.571428571453E-1));
#1573=AXIS2_PLACEMENT_3D('',#1570,#1571,#1572);
#1575=DIRECTION('',(-1.307118701178E-8,-2.334621255201E-12,-1.E0));
#1576=VECTOR('',#1575,4.038348363407E-1);
#1577=CARTESIAN_POINT('',(-1.75E1,-3.5E0,-7.75E0));
#1578=LINE('',#1577,#1576);
#1579=DIRECTION('',(4.463793484279E-7,9.999999999989E-1,-1.381766333275E-6));
#1580=VECTOR('',#1579,4.437093801786E-1);
#1581=CARTESIAN_POINT('',(-1.750000019806E1,-3.443709380178E0,
-8.499999386897E0));
#1582=LINE('',#1581,#1580);
#1583=DIRECTION('',(-8.472063939260E-9,-1.E0,7.599254558937E-12));
#1584=VECTOR('',#1583,5.000000000012E-1);
#1585=CARTESIAN_POINT('',(1.945000000424E1,-2.E0,7.499999999997E0));
#1586=LINE('',#1585,#1584);
#1587=DIRECTION('',(-8.472184731525E-9,1.E0,7.631228982046E-12));
#1588=VECTOR('',#1587,5.000000000012E-1);
#1589=CARTESIAN_POINT('',(1.605E1,-2.500000000001E0,7.5E0));
#1590=LINE('',#1589,#1588);
#1591=CARTESIAN_POINT('',(1.874999871410E1,-3.453939605814E0,7.5E0));
#1592=CARTESIAN_POINT('',(1.874999871410E1,-3.453939605317E0,7.527868901875E0));
#1593=CARTESIAN_POINT('',(1.875000052771E1,-3.453215028251E0,7.583554933325E0));
#1594=CARTESIAN_POINT('',(1.875000008186E1,-3.449842885743E0,7.667640037102E0));
#1595=CARTESIAN_POINT('',(1.874999945718E1,-3.446034804641E0,7.722644782611E0));
#1596=CARTESIAN_POINT('',(1.874999945718E1,-3.443709347366E0,7.749999906737E0));
#1598=CARTESIAN_POINT('',(1.874999945718E1,-3.443709347366E0,7.749999906737E0));
#1599=CARTESIAN_POINT('',(1.871387128491E1,-3.455994355154E0,7.749999906737E0));
#1600=CARTESIAN_POINT('',(1.864008534869E1,-3.476628397962E0,7.750000013397E0));
#1601=CARTESIAN_POINT('',(1.852483549412E1,-3.495623235159E0,7.750000093004E0));
#1602=CARTESIAN_POINT('',(1.844470359537E1,-3.500000064834E0,7.749999774058E0));
#1603=CARTESIAN_POINT('',(1.840383432180E1,-3.499999999999E0,7.749999774058E0));
#1605=CARTESIAN_POINT('',(1.799999999472E1,-3.5E0,8.153834836341E0));
#1606=CARTESIAN_POINT('',(1.799999999472E1,-3.500000000771E0,8.194712990900E0));
#1607=CARTESIAN_POINT('',(1.799999997605E1,-3.495621611182E0,8.274856023556E0));
#1608=CARTESIAN_POINT('',(1.800000009173E1,-3.476621568581E0,8.390115766845E0));
#1609=CARTESIAN_POINT('',(1.799999980194E1,-3.455990095553E0,8.463883805695E0));
#1610=CARTESIAN_POINT('',(1.799999980194E1,-3.443709380177E0,8.499999386897E0));
#1612=CARTESIAN_POINT('',(1.799999980194E1,-3.443709380177E0,8.499999386897E0));
#1613=CARTESIAN_POINT('',(1.794486654260E1,-3.448396245786E0,8.499999386897E0));
#1614=CARTESIAN_POINT('',(1.783426534465E1,-3.454308215350E0,8.500000204368E0));
#1615=CARTESIAN_POINT('',(1.766569518799E1,-3.454306949509E0,8.500000204368E0));
#1616=CARTESIAN_POINT('',(1.755511660851E1,-3.448394813466E0,8.499999386897E0));
#1617=CARTESIAN_POINT('',(1.750000019806E1,-3.443709380178E0,8.499999386897E0));
#1619=CARTESIAN_POINT('',(1.750000019806E1,-3.443709380178E0,8.499999386897E0));
#1620=CARTESIAN_POINT('',(1.750000019806E1,-3.455994765289E0,8.463870072767E0));
#1621=CARTESIAN_POINT('',(1.749999990827E1,-3.476629158944E0,8.390082734241E0));
#1622=CARTESIAN_POINT('',(1.750000002395E1,-3.495623811836E0,8.274830050931E0));
#1623=CARTESIAN_POINT('',(1.750000000528E1,-3.500000000772E0,8.194701870734E0));
#1624=CARTESIAN_POINT('',(1.750000000528E1,-3.500000000001E0,8.153834836341E0));
#1626=CARTESIAN_POINT('',(1.709616567819E1,-3.500000000001E0,7.749999774058E0));
#1627=CARTESIAN_POINT('',(1.705528578343E1,-3.500000064853E0,7.749999774058E0));
#1628=CARTESIAN_POINT('',(1.697513967901E1,-3.495621188802E0,7.750000093004E0));
#1629=CARTESIAN_POINT('',(1.685988104857E1,-3.476620721793E0,7.750000013397E0));
#1630=CARTESIAN_POINT('',(1.678611474495E1,-3.455989604758E0,7.749999906737E0));
#1631=CARTESIAN_POINT('',(1.675000054281E1,-3.443709347369E0,7.749999906737E0));
#1633=CARTESIAN_POINT('',(1.675000054281E1,-3.443709347369E0,7.749999906737E0));
#1634=CARTESIAN_POINT('',(1.675000054281E1,-3.446034725914E0,7.722645708732E0));
#1635=CARTESIAN_POINT('',(1.674999991814E1,-3.449842817150E0,7.667642127978E0));
#1636=CARTESIAN_POINT('',(1.674999947229E1,-3.453215180284E0,7.583550162938E0));
#1637=CARTESIAN_POINT('',(1.675000128590E1,-3.453939605317E0,7.527866823276E0));
#1638=CARTESIAN_POINT('',(1.675000128590E1,-3.453939605814E0,7.5E0));
#1640=CARTESIAN_POINT('',(1.775E1,-2.500000000002E0,7.500000000001E0));
#1641=DIRECTION('',(-5.027763993293E-12,1.E0,2.595240383894E-12));
#1642=DIRECTION('',(-1.E0,-5.027873542342E-12,5.679083817589E-8));
#1643=AXIS2_PLACEMENT_3D('',#1640,#1641,#1642);
#1645=CARTESIAN_POINT('',(1.874999871410E1,-3.453939605814E0,7.5E0));
#1646=CARTESIAN_POINT('',(1.874999871410E1,-3.453939605304E0,7.471430194563E0));
#1647=CARTESIAN_POINT('',(1.875000052771E1,-3.453173077745E0,7.414818028519E0));
#1648=CARTESIAN_POINT('',(1.875000008186E1,-3.449783610682E0,7.331446358749E0));
#1649=CARTESIAN_POINT('',(1.874999945719E1,-3.446001870609E0,7.276967803433E0));
#1650=CARTESIAN_POINT('',(1.874999945719E1,-3.443709347369E0,7.250000093263E0));
#1652=CARTESIAN_POINT('',(1.750000019806E1,-3.443709380177E0,6.500000613103E0));
#1653=CARTESIAN_POINT('',(1.755513345740E1,-3.448396245786E0,6.500000613103E0));
#1654=CARTESIAN_POINT('',(1.766573465535E1,-3.454308215350E0,6.499999795632E0));
#1655=CARTESIAN_POINT('',(1.783430481201E1,-3.454306949509E0,6.499999795632E0));
#1656=CARTESIAN_POINT('',(1.794488339149E1,-3.448394813466E0,6.500000613103E0));
#1657=CARTESIAN_POINT('',(1.799999980194E1,-3.443709380178E0,6.500000613103E0));
#1659=CARTESIAN_POINT('',(1.799999980194E1,-3.443709380178E0,6.500000613103E0));
#1660=CARTESIAN_POINT('',(1.799999980194E1,-3.455994765289E0,6.536129927233E0));
#1661=CARTESIAN_POINT('',(1.800000009172E1,-3.476629158944E0,6.609917265758E0));
#1662=CARTESIAN_POINT('',(1.799999997606E1,-3.495623811836E0,6.725169949069E0));
#1663=CARTESIAN_POINT('',(1.799999999472E1,-3.500000000772E0,6.805298129266E0));
#1664=CARTESIAN_POINT('',(1.799999999472E1,-3.500000000001E0,6.846165163659E0));
#1666=CARTESIAN_POINT('',(1.840383432181E1,-3.500000000001E0,7.250000225942E0));
#1667=CARTESIAN_POINT('',(1.844471421656E1,-3.500000064853E0,7.250000225942E0));
#1668=CARTESIAN_POINT('',(1.852486032099E1,-3.495621188802E0,7.249999906996E0));
#1669=CARTESIAN_POINT('',(1.864011895143E1,-3.476620721793E0,7.249999986603E0));
#1670=CARTESIAN_POINT('',(1.871388525505E1,-3.455989604758E0,7.250000093263E0));
#1671=CARTESIAN_POINT('',(1.874999945719E1,-3.443709347369E0,7.250000093263E0));
#1673=CARTESIAN_POINT('',(1.845000000001E1,-2.500000000006E0,7.499999960244E0));
#1674=DIRECTION('',(5.679219058918E-8,2.603436841777E-12,1.E0));
#1675=DIRECTION('',(2.999980711352E-1,-9.539398080147E-1,-1.703506402610E-8));
#1676=AXIS2_PLACEMENT_3D('',#1673,#1674,#1675);
#1678=CARTESIAN_POINT('',(1.775E1,-2.500000000002E0,7.499999999999E0));
#1679=DIRECTION('',(5.036122873692E-12,1.E0,-2.603437220749E-12));
#1680=DIRECTION('',(1.E0,-5.036232868645E-12,-5.679004665218E-8));
#1681=AXIS2_PLACEMENT_3D('',#1678,#1679,#1680);
#1683=CARTESIAN_POINT('',(1.705E1,-2.499999999999E0,7.499999960245E0));
#1684=DIRECTION('',(-5.679130793412E-8,2.603437413798E-12,1.E0));
#1685=DIRECTION('',(-1.E0,5.036415728922E-12,-5.679130765671E-8));
#1686=AXIS2_PLACEMENT_3D('',#1683,#1684,#1685);
#1688=CARTESIAN_POINT('',(1.675000128590E1,-3.453939605814E0,7.5E0));
#1689=CARTESIAN_POINT('',(1.675000128590E1,-3.453939605317E0,7.472131098125E0));
#1690=CARTESIAN_POINT('',(1.674999947229E1,-3.453215028251E0,7.416445066677E0));
#1691=CARTESIAN_POINT('',(1.674999991814E1,-3.449842885743E0,7.332359962903E0));
#1692=CARTESIAN_POINT('',(1.675000054282E1,-3.446034804641E0,7.277355217391E0));
#1693=CARTESIAN_POINT('',(1.675000054282E1,-3.443709347366E0,7.250000093263E0));
#1695=CARTESIAN_POINT('',(1.675000054282E1,-3.443709347366E0,7.250000093263E0));
#1696=CARTESIAN_POINT('',(1.678612871509E1,-3.455994355154E0,7.250000093263E0));
#1697=CARTESIAN_POINT('',(1.685991465131E1,-3.476628397962E0,7.249999986603E0));
#1698=CARTESIAN_POINT('',(1.697516450588E1,-3.495623235159E0,7.249999906996E0));
#1699=CARTESIAN_POINT('',(1.705529640463E1,-3.500000064834E0,7.250000225942E0));
#1700=CARTESIAN_POINT('',(1.709616567819E1,-3.499999999999E0,7.250000225942E0));
#1702=CARTESIAN_POINT('',(1.750000000528E1,-3.5E0,6.846165163659E0));
#1703=CARTESIAN_POINT('',(1.750000000528E1,-3.500000000771E0,6.805287009100E0));
#1704=CARTESIAN_POINT('',(1.750000002395E1,-3.495621611182E0,6.725143976443E0));
#1705=CARTESIAN_POINT('',(1.749999990827E1,-3.476621568581E0,6.609884233155E0));
#1706=CARTESIAN_POINT('',(1.750000019806E1,-3.455990095553E0,6.536116194305E0));
#1707=CARTESIAN_POINT('',(1.750000019806E1,-3.443709380177E0,6.500000613103E0));
#1709=DIRECTION('',(4.463800530312E-7,-9.999999999989E-1,1.381766753636E-6));
#1710=VECTOR('',#1709,4.437093801779E-1);
#1711=CARTESIAN_POINT('',(1.75E1,-3.E0,6.5E0));
#1712=LINE('',#1711,#1710);
#1713=DIRECTION('',(1.306258311319E-8,-2.661226301266E-13,-1.E0));
#1714=VECTOR('',#1713,4.038348363406E-1);
#1715=CARTESIAN_POINT('',(1.75E1,-3.5E0,7.25E0));
#1716=LINE('',#1715,#1714);
#1717=CARTESIAN_POINT('',(1.775E1,-3.499999999999E0,7.500000000001E0));
#1718=DIRECTION('',(5.036122873692E-12,1.E0,-2.603437220749E-12));
#1719=DIRECTION('',(-3.571428571449E-1,-6.331453374871E-13,-9.340497736151E-1));
#1720=AXIS2_PLACEMENT_3D('',#1717,#1718,#1719);
#1722=DIRECTION('',(-9.999999999998E-1,3.471695098190E-12,5.594911659131E-7));
#1723=VECTOR('',#1722,4.038343218065E-1);
#1724=CARTESIAN_POINT('',(1.75E1,-3.5E0,7.25E0));
#1725=LINE('',#1724,#1723);
#1726=DIRECTION('',(1.E0,0.E0,0.E0));
#1727=VECTOR('',#1726,7.5E-1);
#1728=CARTESIAN_POINT('',(1.675E1,-3.E0,7.25E0));
#1729=LINE('',#1728,#1727);
#1730=DIRECTION('',(-2.664535259100E-12,-1.E0,0.E0));
#1731=VECTOR('',#1730,5.E-1);
#1732=CARTESIAN_POINT('',(1.75E1,-3.E0,7.25E0));
#1733=LINE('',#1732,#1731);
#1734=DIRECTION('',(6.508571459563E-12,0.E0,-1.E0));
#1735=VECTOR('',#1734,5.E-1);
#1736=CARTESIAN_POINT('',(1.675E1,-3.E0,7.75E0));
#1737=LINE('',#1736,#1735);
#1738=DIRECTION('',(1.223357620631E-6,-9.999999999992E-1,2.101898389800E-7));
#1739=VECTOR('',#1738,4.437093473665E-1);
#1740=CARTESIAN_POINT('',(1.675E1,-3.E0,7.25E0));
#1741=LINE('',#1740,#1739);
#1742=DIRECTION('',(9.999999999998E-1,1.958533091504E-12,5.594909569737E-7));
#1743=VECTOR('',#1742,4.038343218064E-1);
#1744=CARTESIAN_POINT('',(1.709616567819E1,-3.500000000001E0,7.749999774058E0));
#1745=LINE('',#1744,#1743);
#1746=DIRECTION('',(-1.E0,0.E0,0.E0));
#1747=VECTOR('',#1746,7.5E-1);
#1748=CARTESIAN_POINT('',(1.75E1,-3.E0,7.75E0));
#1749=LINE('',#1748,#1747);
#1750=DIRECTION('',(1.223355058432E-6,-9.999999999992E-1,-2.101895086963E-7));
#1751=VECTOR('',#1750,4.437093473691E-1);
#1752=CARTESIAN_POINT('',(1.675E1,-3.E0,7.75E0));
#1753=LINE('',#1752,#1751);
#1754=CARTESIAN_POINT('',(1.775E1,-3.499999999999E0,7.499999999999E0));
#1755=DIRECTION('',(-5.027763993293E-12,1.E0,2.595240383894E-12));
#1756=DIRECTION('',(-9.340497736164E-1,-5.622812751632E-12,3.571428571415E-1));
#1757=AXIS2_PLACEMENT_3D('',#1754,#1755,#1756);
#1759=DIRECTION('',(0.E0,0.E0,-1.E0));
#1760=VECTOR('',#1759,7.5E-1);
#1761=CARTESIAN_POINT('',(1.75E1,-3.E0,8.5E0));
#1762=LINE('',#1761,#1760);
#1763=DIRECTION('',(-2.664535259100E-12,-1.E0,0.E0));
#1764=VECTOR('',#1763,5.E-1);
#1765=CARTESIAN_POINT('',(1.75E1,-3.E0,7.75E0));
#1766=LINE('',#1765,#1764);
#1767=DIRECTION('',(1.307118701178E-8,-2.336820615781E-12,1.E0));
#1768=VECTOR('',#1767,4.038348363407E-1);
#1769=CARTESIAN_POINT('',(1.75E1,-3.5E0,7.75E0));
#1770=LINE('',#1769,#1768);
#1771=DIRECTION('',(-1.E0,0.E0,1.563194018672E-13));
#1772=VECTOR('',#1771,5.E-1);
#1773=CARTESIAN_POINT('',(1.8E1,-3.E0,8.5E0));
#1774=LINE('',#1773,#1772);
#1775=DIRECTION('',(4.463793724484E-7,-9.999999999989E-1,-1.381766321264E-6));
#1776=VECTOR('',#1775,4.437093801786E-1);
#1777=CARTESIAN_POINT('',(1.75E1,-3.E0,8.5E0));
#1778=LINE('',#1777,#1776);
#1779=DIRECTION('',(1.306311095973E-8,2.639232695470E-13,-1.E0));
#1780=VECTOR('',#1779,4.038348363407E-1);
#1781=CARTESIAN_POINT('',(1.799999999472E1,-3.5E0,8.153834836341E0));
#1782=LINE('',#1781,#1780);
#1783=DIRECTION('',(0.E0,0.E0,1.E0));
#1784=VECTOR('',#1783,7.5E-1);
#1785=CARTESIAN_POINT('',(1.8E1,-3.E0,7.75E0));
#1786=LINE('',#1785,#1784);
#1787=DIRECTION('',(-4.463801250928E-7,-9.999999999989E-1,-1.381766725612E-6));
#1788=VECTOR('',#1787,4.437093801779E-1);
#1789=CARTESIAN_POINT('',(1.8E1,-3.E0,8.5E0));
#1790=LINE('',#1789,#1788);
#1791=CARTESIAN_POINT('',(1.775E1,-3.499999999999E0,7.499999999999E0));
#1792=DIRECTION('',(-5.027763993293E-12,1.E0,2.595240383894E-12));
#1793=DIRECTION('',(3.571428571350E-1,-6.287044383264E-13,9.340497736189E-1));
#1794=AXIS2_PLACEMENT_3D('',#1791,#1792,#1793);
#1796=DIRECTION('',(1.223357604618E-6,9.999999999992E-1,2.101900011187E-7));
#1797=VECTOR('',#1796,4.437093473665E-1);
#1798=CARTESIAN_POINT('',(1.874999945718E1,-3.443709347366E0,7.749999906737E0));
#1799=LINE('',#1798,#1797);
#1800=DIRECTION('',(-1.E0,0.E0,0.E0));
#1801=VECTOR('',#1800,7.5E-1);
#1802=CARTESIAN_POINT('',(1.875E1,-3.E0,7.75E0));
#1803=LINE('',#1802,#1801);
#1804=DIRECTION('',(-2.664535259100E-12,-1.E0,0.E0));
#1805=VECTOR('',#1804,5.E-1);
#1806=CARTESIAN_POINT('',(1.8E1,-3.E0,7.75E0));
#1807=LINE('',#1806,#1805);
#1808=DIRECTION('',(9.999999999998E-1,3.469495734809E-12,-5.594910053596E-7));
#1809=VECTOR('',#1808,4.038343218065E-1);
#1810=CARTESIAN_POINT('',(1.8E1,-3.5E0,7.75E0));
#1811=LINE('',#1810,#1809);
#1812=DIRECTION('',(1.E0,0.E0,-1.616484723854E-13));
#1813=VECTOR('',#1812,5.E-1);
#1814=CARTESIAN_POINT('',(1.75E1,-3.E0,6.5E0));
#1815=LINE('',#1814,#1813);
#1816=DIRECTION('',(0.E0,0.E0,-1.E0));
#1817=VECTOR('',#1816,7.5E-1);
#1818=CARTESIAN_POINT('',(1.75E1,-3.E0,7.25E0));
#1819=LINE('',#1818,#1817);
#1820=DIRECTION('',(-6.508571459563E-12,0.E0,1.E0));
#1821=VECTOR('',#1820,5.E-1);
#1822=CARTESIAN_POINT('',(1.875E1,-3.E0,7.25E0));
#1823=LINE('',#1822,#1821);
#1824=DIRECTION('',(0.E0,0.E0,1.E0));
#1825=VECTOR('',#1824,7.5E-1);
#1826=CARTESIAN_POINT('',(1.8E1,-3.E0,6.5E0));
#1827=LINE('',#1826,#1825);
#1828=DIRECTION('',(-9.999999999998E-1,1.964031499958E-12,-5.594909899641E-7));
#1829=VECTOR('',#1828,4.038343218065E-1);
#1830=CARTESIAN_POINT('',(1.840383432181E1,-3.500000000001E0,7.250000225942E0));
#1831=LINE('',#1830,#1829);
#1832=DIRECTION('',(2.664535259100E-12,1.E0,0.E0));
#1833=VECTOR('',#1832,5.E-1);
#1834=CARTESIAN_POINT('',(1.8E1,-3.5E0,7.25E0));
#1835=LINE('',#1834,#1833);
#1836=DIRECTION('',(1.E0,0.E0,0.E0));
#1837=VECTOR('',#1836,7.5E-1);
#1838=CARTESIAN_POINT('',(1.8E1,-3.E0,7.25E0));
#1839=LINE('',#1838,#1837);
#1840=DIRECTION('',(-1.223355058432E-6,-9.999999999992E-1,2.101894426398E-7));
#1841=VECTOR('',#1840,4.437093473691E-1);
#1842=CARTESIAN_POINT('',(1.875E1,-3.E0,7.25E0));
#1843=LINE('',#1842,#1841);
#1844=CARTESIAN_POINT('',(1.775E1,-3.499999999999E0,7.500000000001E0));
#1845=DIRECTION('',(5.036122873692E-12,1.E0,-2.603437220749E-12));
#1846=DIRECTION('',(9.340497736149E-1,-5.633597792451E-12,-3.571428571453E-1));
#1847=AXIS2_PLACEMENT_3D('',#1844,#1845,#1846);
#1849=DIRECTION('',(-1.307116941689E-8,-2.343418697519E-12,-1.E0));
#1850=VECTOR('',#1849,4.038348363407E-1);
#1851=CARTESIAN_POINT('',(1.8E1,-3.5E0,7.25E0));
#1852=LINE('',#1851,#1850);
#1853=DIRECTION('',(4.463793564347E-7,9.999999999989E-1,-1.381766333275E-6));
#1854=VECTOR('',#1853,4.437093801786E-1);
#1855=CARTESIAN_POINT('',(1.799999980194E1,-3.443709380178E0,6.500000613103E0));
#1856=LINE('',#1855,#1854);
#1857=CARTESIAN_POINT('',(1.88E1,2.93E1,8.299999999999E0));
#1858=DIRECTION('',(-2.311579270231E-12,-1.E0,1.355177357517E-11));
#1859=DIRECTION('',(1.E0,-2.311632367001E-12,-8.499465190900E-8));
#1860=AXIS2_PLACEMENT_3D('',#1857,#1858,#1859);
#1862=DIRECTION('',(-1.E0,3.221822289176E-8,-3.905150446535E-13));
#1863=VECTOR('',#1862,3.759999988607E1);
#1864=CARTESIAN_POINT('',(1.879999994307E1,2.930000121129E1,9.799997107571E0));
#1865=LINE('',#1864,#1863);
#1866=DIRECTION('',(1.E0,-3.240906366045E-14,0.E0));
#1867=VECTOR('',#1866,3.759999994432E1);
#1868=CARTESIAN_POINT('',(-1.879999997216E1,2.949999614342E1,9.600000499411E0));
#1869=LINE('',#1868,#1867);
#1870=CARTESIAN_POINT('',(1.88E1,2.929999999999E1,9.599999999995E0));
#1871=DIRECTION('',(1.E0,0.E0,0.E0));
#1872=DIRECTION('',(0.E0,9.999999997065E-1,2.422706485318E-5));
#1873=AXIS2_PLACEMENT_3D('',#1870,#1871,#1872);
#1875=CARTESIAN_POINT('',(-1.88E1,2.929999999999E1,8.300000000003E0));
#1876=DIRECTION('',(9.461678584507E-13,-1.E0,2.062360898486E-11));
#1877=DIRECTION('',(8.500024743331E-8,2.062468714335E-11,1.E0));
#1878=AXIS2_PLACEMENT_3D('',#1875,#1876,#1877);
#1880=CARTESIAN_POINT('',(-1.879999991470E1,2.930000000002E1,9.600000000004E0));
#1881=DIRECTION('',(1.E0,9.461665051802E-13,-6.561753743833E-8));
#1882=DIRECTION('',(6.394884621901E-13,9.999999997065E-1,2.422701896010E-5));
#1883=AXIS2_PLACEMENT_3D('',#1880,#1881,#1882);
#1885=DIRECTION('',(8.556475533328E-13,7.297661876991E-8,-1.E0));
#1886=VECTOR('',#1885,1.659999988607E1);
#1887=CARTESIAN_POINT('',(-2.029999710757E1,2.930000121128E1,8.299999943070E0));
#1888=LINE('',#1887,#1886);
#1889=DIRECTION('',(8.646363440057E-14,-7.576268954901E-14,1.E0));
#1890=VECTOR('',#1889,1.659999994432E1);
#1891=CARTESIAN_POINT('',(-2.010000049941E1,2.949999614342E1,
-8.299999972162E0));
#1892=LINE('',#1891,#1890);
#1893=CARTESIAN_POINT('',(-2.01E1,2.929999999999E1,8.3E0));
#1894=DIRECTION('',(0.E0,0.E0,1.E0));
#1895=DIRECTION('',(-2.422706037673E-5,9.999999997065E-1,0.E0));
#1896=AXIS2_PLACEMENT_3D('',#1893,#1894,#1895);
#1898=CARTESIAN_POINT('',(-2.030000000009E1,2.639999999999E1,
2.999999999948E-1));
#1899=DIRECTION('',(1.E0,0.E0,0.E0));
#1900=DIRECTION('',(0.E0,1.E0,2.609924487986E-11));
#1901=AXIS2_PLACEMENT_3D('',#1898,#1899,#1900);
#1903=CARTESIAN_POINT('',(-2.03E1,2.639999999999E1,-2.999999999948E-1));
#1904=DIRECTION('',(1.E0,0.E0,0.E0));
#1905=DIRECTION('',(0.E0,2.845888286388E-11,-1.E0));
#1906=AXIS2_PLACEMENT_3D('',#1903,#1904,#1905);
#1908=CARTESIAN_POINT('',(-2.660000094933E1,2.509999533471E1,
4.862400128630E-1));
#1909=CARTESIAN_POINT('',(-2.658807105041E1,2.509999533471E1,
4.892074780084E-1));
#1910=CARTESIAN_POINT('',(-2.656367241825E1,2.510000234339E1,
4.942207869795E-1));
#1911=CARTESIAN_POINT('',(-2.652526926114E1,2.509999879606E1,
4.989076037292E-1));
#1912=CARTESIAN_POINT('',(-2.649879287362E1,2.510000124692E1,
4.999959357928E-1));
#1913=CARTESIAN_POINT('',(-2.648530760116E1,2.510000124692E1,
4.999961434286E-1));
#1915=DIRECTION('',(7.560903511463E-14,-2.049642518168E-14,1.E0));
#1916=VECTOR('',#1915,7.799999957502E0);
#1917=CARTESIAN_POINT('',(-2.03E1,2.51E1,5.E-1));
#1918=LINE('',#1917,#1916);
#1919=CARTESIAN_POINT('',(-1.88E1,2.51E1,8.300000000001E0));
#1920=DIRECTION('',(0.E0,1.E0,0.E0));
#1921=DIRECTION('',(-1.E0,0.E0,-5.731711401808E-13));
#1922=AXIS2_PLACEMENT_3D('',#1919,#1920,#1921);
#1924=CARTESIAN_POINT('',(-2.53E1,2.509999999997E1,7.999999999996E0));
#1925=DIRECTION('',(-1.005353130455E-12,-1.E0,1.656097036423E-11));
#1926=DIRECTION('',(2.448634618617E-12,1.656107788931E-11,1.E0));
#1927=AXIS2_PLACEMENT_3D('',#1924,#1925,#1926);
#1929=CARTESIAN_POINT('',(-2.42E1,2.509999975829E1,5.099999999998E0));
#1930=DIRECTION('',(2.595103765491E-12,1.E0,2.265614189740E-11));
#1931=DIRECTION('',(-8.060578635961E-1,-1.131660133097E-11,5.918367346954E-1));
#1932=AXIS2_PLACEMENT_3D('',#1929,#1930,#1931);
#1934=DIRECTION('',(-2.104162446928E-7,-9.633647852611E-7,9.999999999995E-1));
#1935=VECTOR('',#1934,3.163761602181E0);
#1936=CARTESIAN_POINT('',(-2.660000094933E1,2.509999533471E1,
4.862400128630E-1));
#1937=LINE('',#1936,#1935);
#1938=CARTESIAN_POINT('',(-2.660000161504E1,2.509999228686E1,3.650001615043E0));
#1939=CARTESIAN_POINT('',(-2.662309155594E1,2.509999172745E1,3.673091555952E0));
#1940=CARTESIAN_POINT('',(-2.666699074971E1,2.509205838472E1,3.717002000944E0));
#1941=CARTESIAN_POINT('',(-2.672270067373E1,2.506196931571E1,3.772739483067E0));
#1942=CARTESIAN_POINT('',(-2.676632992046E1,2.501687089182E1,3.816316424915E0));
#1943=CARTESIAN_POINT('',(-2.679416446394E1,2.495985574311E1,3.844194740601E0));
#1944=CARTESIAN_POINT('',(-2.679999662878E1,2.491976487607E1,3.849996628785E0));
#1945=CARTESIAN_POINT('',(-2.679999710757E1,2.490000242256E1,3.849997107571E0));
#1947=DIRECTION('',(3.017807116037E-7,-2.274710754835E-7,-9.999999999999E-1));
#1948=VECTOR('',#1947,3.549997131808E0);
#1949=CARTESIAN_POINT('',(-2.679999710757E1,2.490000242256E1,3.849997107571E0));
#1950=LINE('',#1949,#1948);
#1951=CARTESIAN_POINT('',(-2.679999603625E1,2.490000161504E1,
2.999999757629E-1));
#1952=CARTESIAN_POINT('',(-2.679999404615E1,2.491308434457E1,
3.129284206582E-1));
#1953=CARTESIAN_POINT('',(-2.679745622513E1,2.493833267054E1,
3.384168959210E-1));
#1954=CARTESIAN_POINT('',(-2.678706035106E1,2.497380571165E1,
3.737866788400E-1));
#1955=CARTESIAN_POINT('',(-2.677618678810E1,2.499539672136E1,
3.953925146792E-1));
#1956=CARTESIAN_POINT('',(-2.676985215326E1,2.500558699017E1,
4.055892340652E-1));
#1958=CARTESIAN_POINT('',(-2.676985215326E1,2.500558699017E1,
4.055892340652E-1));
#1959=CARTESIAN_POINT('',(-2.676270667682E1,2.501708162682E1,
4.170833572406E-1));
#1960=CARTESIAN_POINT('',(-2.674522198837E1,2.503989160983E1,
4.363456998993E-1));
#1961=CARTESIAN_POINT('',(-2.671008833758E1,2.506905662140E1,
4.569934171118E-1));
#1962=CARTESIAN_POINT('',(-2.668249443607E1,2.508284884290E1,
4.657517346024E-1));
#1963=CARTESIAN_POINT('',(-2.666792957296E1,2.508810841166E1,
4.690376191513E-1));
#1965=CARTESIAN_POINT('',(-2.666792957296E1,2.508810841166E1,
4.690376191513E-1));
#1966=CARTESIAN_POINT('',(-2.666088863995E1,2.509065098765E1,
4.706257650806E-1));
#1967=CARTESIAN_POINT('',(-2.664640876525E1,2.509498319290E1,
4.741779854258E-1));
#1968=CARTESIAN_POINT('',(-2.662332312550E1,2.509908237636E1,
4.802617346330E-1));
#1969=CARTESIAN_POINT('',(-2.660781011484E1,2.509999514552E1,
4.842976037476E-1));
#1970=CARTESIAN_POINT('',(-2.660000094933E1,2.509999533471E1,
4.862400128630E-1));
#1972=DIRECTION('',(-9.999999999946E-1,1.619221543906E-6,-2.858935750630E-6));
#1973=VECTOR('',#1972,7.291724849018E-1);
#1974=CARTESIAN_POINT('',(-2.607082462267E1,2.490000124187E1,3.849999192228E0));
#1975=LINE('',#1974,#1973);
#1976=DIRECTION('',(9.999999999118E-1,8.881335022153E-6,9.878295114260E-6));
#1977=VECTOR('',#1976,4.251669509948E-1);
#1978=CARTESIAN_POINT('',(-2.660000161504E1,2.509999228686E1,3.650001615043E0));
#1979=LINE('',#1978,#1977);
#1980=CARTESIAN_POINT('',(-2.617483466408E1,2.509999606291E1,3.650005814967E0));
#1981=CARTESIAN_POINT('',(-2.616021311123E1,2.509999469836E1,3.678879119453E0));
#1982=CARTESIAN_POINT('',(-2.613181367687E1,2.508758620185E1,3.734257790185E0));
#1983=CARTESIAN_POINT('',(-2.609704759411E1,2.503921583301E1,3.800802908569E0));
#1984=CARTESIAN_POINT('',(-2.607536335855E1,2.497246501478E1,3.841441277458E0));
#1985=CARTESIAN_POINT('',(-2.607082423882E1,2.492371424595E1,3.849998617732E0));
#1986=CARTESIAN_POINT('',(-2.607082462267E1,2.490000124187E1,3.849999192228E0));
#1988=DIRECTION('',(7.252821932338E-7,9.999999999994E-1,8.650413222553E-7));
#1989=VECTOR('',#1988,2.300002422581E0);
#1990=CARTESIAN_POINT('',(-2.607082629082E1,2.26E1,6.349998818183E0));
#1991=LINE('',#1990,#1989);
#1992=DIRECTION('',(-7.252777477724E-7,-9.999999999994E-1,8.650385275654E-7));
#1993=VECTOR('',#1992,2.300001241872E0);
#1994=CARTESIAN_POINT('',(-2.607082462267E1,2.490000124187E1,3.849999192228E0));
#1995=LINE('',#1994,#1993);
#1996=CARTESIAN_POINT('',(-2.42E1,2.490000012232E1,5.099999999993E0));
#1997=DIRECTION('',(2.595103765491E-12,1.E0,2.265614189740E-11));
#1998=DIRECTION('',(-8.314791584614E-1,-1.042923569648E-11,5.555559459176E-1));
#1999=AXIS2_PLACEMENT_3D('',#1996,#1997,#1998);
#2001=CARTESIAN_POINT('',(-2.617483466408E1,2.509999606288E1,6.549994185033E0));
#2002=CARTESIAN_POINT('',(-2.616020112386E1,2.509999469722E1,6.521097208993E0));
#2003=CARTESIAN_POINT('',(-2.613181423846E1,2.508755323781E1,6.465674805564E0));
#2004=CARTESIAN_POINT('',(-2.609696414205E1,2.503920545991E1,6.399186844288E0));
#2005=CARTESIAN_POINT('',(-2.607540496981E1,2.497238689692E1,6.358525327972E0));
#2006=CARTESIAN_POINT('',(-2.607082491186E1,2.492368160181E1,6.350001381456E0));
#2007=CARTESIAN_POINT('',(-2.607082462266E1,2.490000242258E1,6.350000807780E0));
#2009=DIRECTION('',(-9.999999999118E-1,-8.881283523764E-6,9.878295328282E-6));
#2010=VECTOR('',#2009,4.251669509991E-1);
#2011=CARTESIAN_POINT('',(-2.617483466408E1,2.509999606288E1,6.549994185033E0));
#2012=LINE('',#2011,#2010);
#2013=CARTESIAN_POINT('',(-2.660000161504E1,2.509999228686E1,6.549998384957E0));
#2014=CARTESIAN_POINT('',(-2.662309155594E1,2.509999172745E1,6.526908444068E0));
#2015=CARTESIAN_POINT('',(-2.666700200089E1,2.509205838472E1,6.483009250274E0));
#2016=CARTESIAN_POINT('',(-2.672273948300E1,2.506196931571E1,6.427299326267E0));
#2017=CARTESIAN_POINT('',(-2.676631642486E1,2.501687089184E1,6.383670079553E0));
#2018=CARTESIAN_POINT('',(-2.679419474058E1,2.495985574317E1,6.355835536077E0));
#2019=CARTESIAN_POINT('',(-2.679999662879E1,2.491976487609E1,6.350003371215E0));
#2020=CARTESIAN_POINT('',(-2.679999710757E1,2.490000242256E1,6.350002892429E0));
#2022=DIRECTION('',(9.999999999959E-1,2.362068820641E-11,-2.858925231998E-6));
#2023=VECTOR('',#2022,7.291724849131E-1);
#2024=CARTESIAN_POINT('',(-2.679999710757E1,2.490000242256E1,6.350002892429E0));
#2025=LINE('',#2024,#2023);
#2026=DIRECTION('',(7.694016293346E-7,2.659693208676E-6,9.999999999962E-1));
#2027=VECTOR('',#2026,1.450001587210E0);
#2028=CARTESIAN_POINT('',(-2.660000161504E1,2.509999228686E1,6.549998384957E0));
#2029=LINE('',#2028,#2027);
#2030=DIRECTION('',(-2.015361180313E-12,7.341138422085E-7,-9.999999999997E-1));
#2031=VECTOR('',#2030,1.649997050574E0);
#2032=CARTESIAN_POINT('',(-2.679999710757E1,2.490000121128E1,7.999999943003E0));
#2033=LINE('',#2032,#2031);
#2034=CARTESIAN_POINT('',(-2.659999999999E1,2.489999999998E1,7.999999914699E0));
#2035=DIRECTION('',(6.561582068659E-8,-1.656097043020E-11,-1.E0));
#2036=DIRECTION('',(-9.999999997065E-1,2.422710947357E-5,-6.561581944299E-8));
#2037=AXIS2_PLACEMENT_3D('',#2034,#2035,#2036);
#2039=CARTESIAN_POINT('',(-2.53E1,2.49E1,7.999999999996E0));
#2040=DIRECTION('',(0.E0,1.E0,0.E0));
#2041=DIRECTION('',(-1.E0,0.E0,-8.499750651450E-8));
#2042=AXIS2_PLACEMENT_3D('',#2039,#2040,#2041);
#2044=DIRECTION('',(-6.274108917836E-9,-9.999999999992E-1,1.257582745063E-6));
#2045=VECTOR('',#2044,2.300002422692E0);
#2046=CARTESIAN_POINT('',(-2.529999994307E1,2.490000242269E1,9.499997107556E0));
#2047=LINE('',#2046,#2045);
#2048=DIRECTION('',(1.257577343881E-6,9.999999999992E-1,-6.303134788569E-9));
#2049=VECTOR('',#2048,2.300001211280E0);
#2050=CARTESIAN_POINT('',(-2.68E1,2.26E1,7.999999957500E0));
#2051=LINE('',#2050,#2049);
#2052=DIRECTION('',(-1.E0,1.442229265587E-7,1.724848038237E-7));
#2053=VECTOR('',#2052,5.599999940687E0);
#2054=CARTESIAN_POINT('',(-1.970000000238E1,2.490000161504E1,9.499996141641E0));
#2055=LINE('',#2054,#2053);
#2056=CARTESIAN_POINT('',(-2.53E1,2.489999999999E1,9.299999999995E0));
#2057=DIRECTION('',(-1.E0,0.E0,0.E0));
#2058=DIRECTION('',(0.E0,2.422706089167E-5,9.999999997065E-1));
#2059=AXIS2_PLACEMENT_3D('',#2056,#2057,#2058);
#2061=DIRECTION('',(1.E0,1.176984019485E-12,3.014349381074E-7));
#2062=VECTOR('',#2061,5.381966436618E0);
#2063=CARTESIAN_POINT('',(-2.529999997216E1,2.509999614342E1,9.300000499411E0));
#2064=LINE('',#2063,#2062);
#2065=DIRECTION('',(1.E0,-1.522591588832E-14,-3.190479652094E-10));
#2066=VECTOR('',#2065,5.599999955117E0);
#2067=CARTESIAN_POINT('',(-2.529999995750E1,2.26E1,9.499999999999E0));
#2068=LINE('',#2067,#2066);
#2069=CARTESIAN_POINT('',(-1.88E1,2.26E1,8.300000000001E0));
#2070=DIRECTION('',(0.E0,-1.E0,0.E0));
#2071=DIRECTION('',(-5.999999999999E-1,0.E0,8.000000000001E-1));
#2072=AXIS2_PLACEMENT_3D('',#2069,#2070,#2071);
#2074=DIRECTION('',(2.011777635646E-14,0.E0,-1.E0));
#2075=VECTOR('',#2074,1.659999991500E1);
#2076=CARTESIAN_POINT('',(-2.03E1,2.26E1,8.299999957502E0));
#2077=LINE('',#2076,#2075);
#2078=CARTESIAN_POINT('',(-1.88E1,2.26E1,-8.300000000003E0));
#2079=DIRECTION('',(0.E0,-1.E0,0.E0));
#2080=DIRECTION('',(-1.E0,0.E0,1.898333342378E-12));
#2081=AXIS2_PLACEMENT_3D('',#2078,#2079,#2080);
#2083=CARTESIAN_POINT('',(-2.53E1,2.26E1,-7.999999999996E0));
#2084=DIRECTION('',(0.E0,1.E0,0.E0));
#2085=DIRECTION('',(-5.423809549628E-13,0.E0,-1.E0));
#2086=AXIS2_PLACEMENT_3D('',#2083,#2084,#2085);
#2088=CARTESIAN_POINT('',(-2.39E1,2.26E1,-5.100000000002E0));
#2089=DIRECTION('',(0.E0,-1.E0,0.E0));
#2090=DIRECTION('',(-8.314794192834E-1,0.E0,-5.555555555551E-1));
#2091=AXIS2_PLACEMENT_3D('',#2088,#2089,#2090);
#2093=DIRECTION('',(9.999999999987E-1,1.369101122495E-12,1.620763015379E-6));
#2094=VECTOR('',#2093,7.291737091880E-1);
#2095=CARTESIAN_POINT('',(-2.68E1,2.26E1,3.85E0));
#2096=LINE('',#2095,#2094);
#2097=CARTESIAN_POINT('',(-2.42E1,2.26E1,5.100000000002E0));
#2098=DIRECTION('',(0.E0,-1.E0,0.E0));
#2099=DIRECTION('',(-8.314794192826E-1,0.E0,-5.555555555564E-1));
#2100=AXIS2_PLACEMENT_3D('',#2097,#2098,#2099);
#2102=CARTESIAN_POINT('',(-2.53E1,2.26E1,7.999999999996E0));
#2103=DIRECTION('',(0.E0,1.E0,0.E0));
#2104=DIRECTION('',(-1.E0,0.E0,2.478609909906E-12));
#2105=AXIS2_PLACEMENT_3D('',#2102,#2103,#2104);
#2107=DIRECTION('',(1.E0,8.881784268187E-14,3.190035562881E-10));
#2108=VECTOR('',#2107,5.599999955117E0);
#2109=CARTESIAN_POINT('',(-2.529999995750E1,2.26E1,-9.499999999999E0));
#2110=LINE('',#2109,#2108);
#2111=DIRECTION('',(-1.E0,-1.048921821069E-12,3.014349945479E-7));
#2112=VECTOR('',#2111,5.381966436604E0);
#2113=CARTESIAN_POINT('',(-1.991803353556E1,2.509999614343E1,
-9.300002121724E0));
#2114=LINE('',#2113,#2112);
#2115=DIRECTION('',(1.E0,7.209947001571E-8,1.724874797785E-7));
#2116=VECTOR('',#2115,5.599999940686E0);
#2117=CARTESIAN_POINT('',(-2.529999994307E1,2.490000121129E1,
-9.499997107571E0));
#2118=LINE('',#2117,#2116);
#2119=CARTESIAN_POINT('',(-2.648530760116E1,2.510000124692E1,
-4.999961434279E-1));
#2120=CARTESIAN_POINT('',(-2.649879334979E1,2.510000124692E1,
-4.999959357847E-1));
#2121=CARTESIAN_POINT('',(-2.652527037054E1,2.509999879606E1,
-4.989075261024E-1));
#2122=CARTESIAN_POINT('',(-2.656367347007E1,2.510000234339E1,
-4.942206024804E-1));
#2123=CARTESIAN_POINT('',(-2.658807149363E1,2.509999533471E1,
-4.892073677589E-1));
#2124=CARTESIAN_POINT('',(-2.660000094933E1,2.509999533471E1,
-4.862400128625E-1));
#2126=CARTESIAN_POINT('',(-2.39E1,2.509999987501E1,-5.099999999994E0));
#2127=DIRECTION('',(1.854342604693E-12,1.E0,1.116975190260E-11));
#2128=DIRECTION('',(-8.060578635976E-1,-5.115962262374E-12,5.918367346933E-1));
#2129=AXIS2_PLACEMENT_3D('',#2126,#2127,#2128);
#2131=CARTESIAN_POINT('',(-2.53E1,2.509999999998E1,-7.999999999996E0));
#2132=DIRECTION('',(2.241765386383E-12,-1.E0,-1.357621015907E-11));
#2133=DIRECTION('',(-1.E0,-2.240937932213E-12,-3.191286915051E-12));
#2134=AXIS2_PLACEMENT_3D('',#2131,#2132,#2133);
#2136=CARTESIAN_POINT('',(-1.88E1,2.51E1,-8.300000000003E0));
#2137=DIRECTION('',(0.E0,1.E0,0.E0));
#2138=DIRECTION('',(-7.453559924989E-1,0.E0,-6.666666666678E-1));
#2139=AXIS2_PLACEMENT_3D('',#2136,#2137,#2138);
#2141=DIRECTION('',(-1.184237899386E-13,2.049642518168E-14,1.E0));
#2142=VECTOR('',#2141,7.799999957502E0);
#2143=CARTESIAN_POINT('',(-2.03E1,2.51E1,-8.299999957502E0));
#2144=LINE('',#2143,#2142);
#2145=DIRECTION('',(7.720683033604E-1,6.355395620615E-1,9.426973445279E-7));
#2146=VECTOR('',#2145,2.045508929810E0);
#2147=CARTESIAN_POINT('',(-2.648530760116E1,2.510000124692E1,
-4.999961434279E-1));
#2148=LINE('',#2147,#2146);
#2149=DIRECTION('',(-9.999999999998E-1,2.015944759067E-7,6.235053087975E-7));
#2150=VECTOR('',#2149,6.185307601164E0);
#2151=CARTESIAN_POINT('',(-2.03E1,2.51E1,-5.E-1));
#2152=LINE('',#2151,#2150);
#2153=DIRECTION('',(1.254379655913E-12,-9.999999999956E-1,-2.966589843125E-6));
#2154=VECTOR('',#2153,1.300001615048E0);
#2155=CARTESIAN_POINT('',(-2.03E1,2.640000161504E1,-4.999961434284E-1));
#2156=LINE('',#2155,#2154);
#2157=DIRECTION('',(-7.720686754433E-1,-6.355391100462E-1,-9.827690877890E-7));
#2158=VECTOR('',#2157,2.194063070143E0);
#2159=CARTESIAN_POINT('',(-2.503314029567E1,2.655441149900E1,
-2.999999183691E-1));
#2160=LINE('',#2159,#2158);
#2161=DIRECTION('',(2.037683419922E-6,-3.357330964931E-6,-9.999999999923E-1));
#2162=VECTOR('',#2161,6.000022824243E-1);
#2163=CARTESIAN_POINT('',(-2.503314151828E1,2.655441351340E1,
3.000023640506E-1));
#2164=LINE('',#2163,#2162);
#2165=DIRECTION('',(-1.675327077482E-6,3.887092116972E-6,9.999999999910E-1));
#2166=VECTOR('',#2165,6.000045252309E-1);
#2167=CARTESIAN_POINT('',(-2.490603416990E1,2.659999692175E1,
-3.000021611749E-1));
#2168=LINE('',#2167,#2166);
#2169=CARTESIAN_POINT('',(-2.490603517510E1,2.659999925402E1,
3.000023640506E-1));
#2170=CARTESIAN_POINT('',(-2.495194205634E1,2.659997497282E1,
3.000023640506E-1));
#2171=CARTESIAN_POINT('',(-2.499768282411E1,2.658357038810E1,
3.000023640506E-1));
#2172=CARTESIAN_POINT('',(-2.503314151828E1,2.655441351340E1,
3.000023640506E-1));
#2174=CARTESIAN_POINT('',(-2.490603460074E1,2.64E1,-3.000000000007E-1));
#2175=DIRECTION('',(9.999999999427E-1,-7.566676214837E-6,7.566677792209E-6));
#2176=DIRECTION('',(7.566861111015E-6,2.422697420452E-5,-9.999999996779E-1));
#2177=AXIS2_PLACEMENT_3D('',#2174,#2175,#2176);
#2179=CARTESIAN_POINT('',(-2.490603416990E1,2.659999692175E1,
-3.000021611749E-1));
#2180=CARTESIAN_POINT('',(-2.495194105114E1,2.659997264054E1,
-3.000021611749E-1));
#2181=CARTESIAN_POINT('',(-2.499768160149E1,2.658356837369E1,
-2.999999183691E-1));
#2182=CARTESIAN_POINT('',(-2.503314029567E1,2.655441149900E1,
-2.999999183691E-1));
#2184=CARTESIAN_POINT('',(-2.490603460073E1,2.640000000001E1,
-2.999999999971E-1));
#2185=DIRECTION('',(-7.720686216307E-1,-6.355391754198E-1,2.895138697935E-14));
#2186=DIRECTION('',(-6.355391752333E-1,7.720686214041E-1,-2.422705463404E-5));
#2187=AXIS2_PLACEMENT_3D('',#2184,#2185,#2186);
#2189=DIRECTION('',(-1.E0,1.689779904938E-7,-1.185688864105E-7));
#2190=VECTOR('',#2189,4.606034169902E0);
#2191=CARTESIAN_POINT('',(-2.03E1,2.659999614343E1,-3.000016150426E-1));
#2192=LINE('',#2191,#2190);
#2193=DIRECTION('',(9.999999999999E-1,-3.216054337446E-7,-4.186456200160E-7));
#2194=VECTOR('',#2193,4.606034992215E0);
#2195=CARTESIAN_POINT('',(-2.490603499221E1,2.640000309637E1,
-4.999942151320E-1));
#2196=LINE('',#2195,#2194);
#2197=DIRECTION('',(-4.999825467529E-11,0.E0,1.E0));
#2198=VECTOR('',#2197,6.000032300852E-1);
#2199=CARTESIAN_POINT('',(-2.03E1,2.659999614343E1,-3.000016150426E-1));
#2200=LINE('',#2199,#2198);
#2201=DIRECTION('',(-9.999999999999E-1,3.656497778897E-7,8.770648737912E-8));
#2202=VECTOR('',#2201,4.606035783969E0);
#2203=CARTESIAN_POINT('',(-2.030000000003E1,2.640000161504E1,
4.999961434284E-1));
#2204=LINE('',#2203,#2202);
#2205=DIRECTION('',(9.999999999998E-1,-6.753294608071E-7,-1.626144827427E-7));
#2206=VECTOR('',#2205,4.606035175076E0);
#2207=CARTESIAN_POINT('',(-2.490603517510E1,2.659999925402E1,
3.000023640506E-1));
#2208=LINE('',#2207,#2206);
#2209=DIRECTION('',(7.720680983485E-1,6.355398111153E-1,1.974956464434E-7));
#2210=VECTOR('',#2209,2.045508447429E0);
#2211=CARTESIAN_POINT('',(-2.648530760116E1,2.510000124692E1,
4.999961434286E-1));
#2212=LINE('',#2211,#2210);
#2213=DIRECTION('',(2.433332561274E-11,-9.999999999956E-1,2.966589842826E-6));
#2214=VECTOR('',#2213,1.300001615048E0);
#2215=CARTESIAN_POINT('',(-2.030000000003E1,2.640000161504E1,
4.999961434284E-1));
#2216=LINE('',#2215,#2214);
#2217=DIRECTION('',(-9.999999999998E-1,2.015945356421E-7,-6.235051883124E-7));
#2218=VECTOR('',#2217,6.185307601164E0);
#2219=CARTESIAN_POINT('',(-2.03E1,2.51E1,5.E-1));
#2220=LINE('',#2219,#2218);
#2221=DIRECTION('',(7.720679998413E-1,6.355399307830E-1,-1.184582781030E-6));
#2222=VECTOR('',#2221,2.194061426135E0);
#2223=CARTESIAN_POINT('',(-2.672710613508E1,2.515999986650E1,
3.000049630980E-1));
#2224=LINE('',#2223,#2222);
#2225=CARTESIAN_POINT('',(-2.676985215326E1,2.500558699017E1,
4.055892340652E-1));
#2226=CARTESIAN_POINT('',(-2.678941723279E1,2.500558699017E1,
3.740957651061E-1));
#2227=CARTESIAN_POINT('',(-2.679998941416E1,2.500559033702E1,
3.370739810445E-1));
#2228=CARTESIAN_POINT('',(-2.679999991954E1,2.500559033702E1,
2.999979670541E-1));
#2230=CARTESIAN_POINT('',(-2.66E1,2.500558848932E1,3.E-1));
#2231=DIRECTION('',(0.E0,0.E0,-1.E0));
#2232=DIRECTION('',(-1.E0,-2.078622784980E-7,0.E0));
#2233=AXIS2_PLACEMENT_3D('',#2230,#2231,#2232);
#2235=CARTESIAN_POINT('',(-2.66E1,2.500558848932E1,2.999999999992E-1));
#2236=DIRECTION('',(7.720662120659E-1,6.355421025957E-1,3.791317015833E-6));
#2237=DIRECTION('',(-6.355421024847E-1,7.720662117865E-1,2.422702972051E-5));
#2238=AXIS2_PLACEMENT_3D('',#2235,#2236,#2237);
#2240=DIRECTION('',(-3.677750981050E-5,9.999999991428E-1,-1.902389543781E-5));
#2241=VECTOR('',#2240,1.055887220697E-1);
#2242=CARTESIAN_POINT('',(-2.679999603625E1,2.490000161504E1,
2.999999757629E-1));
#2243=LINE('',#2242,#2241);
#2244=DIRECTION('',(-1.257576462241E-6,-9.999999999984E-1,1.257576586007E-6));
#2245=VECTOR('',#2244,2.300002422567E0);
#2246=CARTESIAN_POINT('',(-2.679999710757E1,2.490000242256E1,3.849997107571E0));
#2247=LINE('',#2246,#2245);
#2248=DIRECTION('',(0.E0,0.E0,-1.E0));
#2249=VECTOR('',#2248,7.7E0);
#2250=CARTESIAN_POINT('',(-2.68E1,2.26E1,3.85E0));
#2251=LINE('',#2250,#2249);
#2252=DIRECTION('',(-1.257575374803E-6,-9.999999999984E-1,-1.257576585041E-6));
#2253=VECTOR('',#2252,2.300002422567E0);
#2254=CARTESIAN_POINT('',(-2.679999710757E1,2.490000242256E1,
-3.849997107571E0));
#2255=LINE('',#2254,#2253);
#2256=DIRECTION('',(9.999999999993E-1,3.866246567256E-13,-1.148317108484E-6));
#2257=VECTOR('',#2256,1.029173709188E0);
#2258=CARTESIAN_POINT('',(-2.68E1,2.26E1,-3.85E0));
#2259=LINE('',#2258,#2257);
#2260=DIRECTION('',(-9.999999999694E-1,-5.260777226519E-6,5.791663710066E-6));
#2261=VECTOR('',#2260,7.251669509808E-1);
#2262=CARTESIAN_POINT('',(-2.587483466409E1,2.509999610180E1,
-3.650005814966E0));
#2263=LINE('',#2262,#2261);
#2264=CARTESIAN_POINT('',(-2.660000161504E1,2.509999228686E1,
-3.650001615043E0));
#2265=CARTESIAN_POINT('',(-2.662309155594E1,2.509999172745E1,
-3.673091555932E0));
#2266=CARTESIAN_POINT('',(-2.666700200089E1,2.509205838472E1,
-3.716990749726E0));
#2267=CARTESIAN_POINT('',(-2.672273948300E1,2.506196931571E1,
-3.772700673733E0));
#2268=CARTESIAN_POINT('',(-2.676631642486E1,2.501687089184E1,
-3.816329920447E0));
#2269=CARTESIAN_POINT('',(-2.679419474058E1,2.495985574317E1,
-3.844164463923E0));
#2270=CARTESIAN_POINT('',(-2.679999662879E1,2.491976487609E1,
-3.849996628785E0));
#2271=CARTESIAN_POINT('',(-2.679999710757E1,2.490000242256E1,
-3.849997107571E0));
#2273=DIRECTION('',(9.999999999979E-1,1.604148995300E-11,-2.041309608293E-6));
#2274=VECTOR('',#2273,1.029172509147E0);
#2275=CARTESIAN_POINT('',(-2.679999710757E1,2.490000242256E1,
-3.849997107571E0));
#2276=LINE('',#2275,#2274);
#2277=CARTESIAN_POINT('',(-2.577082459843E1,2.490000242258E1,
-3.849999208431E0));
#2278=CARTESIAN_POINT('',(-2.577082484864E1,2.492384966228E1,
-3.849998630683E0));
#2279=CARTESIAN_POINT('',(-2.577541021527E1,2.497279196214E1,
-3.841356127501E0));
#2280=CARTESIAN_POINT('',(-2.579723624920E1,2.503958485940E1,
-3.800443330852E0));
#2281=CARTESIAN_POINT('',(-2.583191357502E1,2.508762635638E1,
-3.734064449294E0));
#2282=CARTESIAN_POINT('',(-2.586024936306E1,2.509999476124E1,
-3.678807563075E0));
#2283=CARTESIAN_POINT('',(-2.587483466409E1,2.509999610180E1,
-3.650005814966E0));
#2285=DIRECTION('',(2.104176697033E-7,9.633646156970E-7,9.999999999995E-1));
#2286=VECTOR('',#2285,3.163761602182E0);
#2287=CARTESIAN_POINT('',(-2.660000161504E1,2.509999228686E1,
-3.650001615043E0));
#2288=LINE('',#2287,#2286);
#2289=CARTESIAN_POINT('',(-2.660000094933E1,2.509999533471E1,
-4.862400128625E-1));
#2290=CARTESIAN_POINT('',(-2.660781136849E1,2.509999514549E1,
-4.842972919214E-1));
#2291=CARTESIAN_POINT('',(-2.662332565840E1,2.509908191696E1,
-4.802611936492E-1));
#2292=CARTESIAN_POINT('',(-2.664641298422E1,2.509498304589E1,
-4.741764239228E-1));
#2293=CARTESIAN_POINT('',(-2.666088703740E1,2.509064928009E1,
-4.706272428318E-1));
#2294=CARTESIAN_POINT('',(-2.666792675629E1,2.508810714253E1,
-4.690393707565E-1));
#2296=CARTESIAN_POINT('',(-2.666792675629E1,2.508810714253E1,
-4.690393707565E-1));
#2297=CARTESIAN_POINT('',(-2.668251524729E1,2.508283904142E1,
-4.657488685771E-1));
#2298=CARTESIAN_POINT('',(-2.671013955785E1,2.506902842561E1,
-4.569737088181E-1));
#2299=CARTESIAN_POINT('',(-2.674527134903E1,2.503983592873E1,
-4.363046313152E-1));
#2300=CARTESIAN_POINT('',(-2.676272168478E1,2.501706042681E1,
-4.170590265225E-1));
#2301=CARTESIAN_POINT('',(-2.676985276875E1,2.500558894275E1,
-4.055882438912E-1));
#2303=CARTESIAN_POINT('',(-2.676985276875E1,2.500558894275E1,
-4.055882438912E-1));
#2304=CARTESIAN_POINT('',(-2.677618740316E1,2.499539867463E1,
-3.953915251895E-1));
#2305=CARTESIAN_POINT('',(-2.678706005440E1,2.497380480267E1,
-3.737871429391E-1));
#2306=CARTESIAN_POINT('',(-2.679745627117E1,2.493833309899E1,
-3.384169325705E-1));
#2307=CARTESIAN_POINT('',(-2.679999404614E1,2.491308441862E1,
-3.129284938297E-1));
#2308=CARTESIAN_POINT('',(-2.679999603625E1,2.490000161504E1,
-2.999999757629E-1));
#2310=DIRECTION('',(-3.017810788846E-7,2.274710724812E-7,-9.999999999999E-1));
#2311=VECTOR('',#2310,3.549997131808E0);
#2312=CARTESIAN_POINT('',(-2.679999603625E1,2.490000161504E1,
-2.999999757629E-1));
#2313=LINE('',#2312,#2311);
#2314=CARTESIAN_POINT('',(-2.679999991956E1,2.500559064881E1,
-3.000008451667E-1));
#2315=CARTESIAN_POINT('',(-2.679998941418E1,2.500559064881E1,
-3.370768591570E-1));
#2316=CARTESIAN_POINT('',(-2.678941784827E1,2.500558894275E1,
-3.740947749322E-1));
#2317=CARTESIAN_POINT('',(-2.676985276875E1,2.500558894275E1,
-4.055882438912E-1));
#2319=CARTESIAN_POINT('',(-2.66E1,2.500558848932E1,-2.999999999970E-1));
#2320=DIRECTION('',(7.720686216307E-1,6.355391754198E-1,-2.895138697935E-14));
#2321=DIRECTION('',(-3.396455912677E-1,4.126098179861E-1,-8.452183211655E-1));
#2322=AXIS2_PLACEMENT_3D('',#2319,#2320,#2321);
#2324=CARTESIAN_POINT('',(-2.66E1,2.500558848932E1,-3.000000000020E-1));
#2325=DIRECTION('',(-1.726653054056E-5,8.150786001416E-6,9.999999998177E-1));
#2326=DIRECTION('',(-6.355390147205E-1,7.720687537195E-1,-1.726652100041E-5));
#2327=AXIS2_PLACEMENT_3D('',#2324,#2325,#2326);
#2329=DIRECTION('',(3.677760824595E-5,-9.999999992898E-1,8.233845128754E-6));
#2330=VECTOR('',#2329,1.055890338402E-1);
#2331=CARTESIAN_POINT('',(-2.679999991956E1,2.500559064881E1,
-3.000008451667E-1));
#2332=LINE('',#2331,#2330);
#2333=DIRECTION('',(2.548277736996E-6,2.097460019290E-6,9.999999999946E-1));
#2334=VECTOR('',#2333,6.000070377277E-1);
#2335=CARTESIAN_POINT('',(-2.672710766407E1,2.515999860801E1,
-3.000020746264E-1));
#2336=LINE('',#2335,#2334);
#2337=DIRECTION('',(-3.842267449898E-11,5.196444799366E-7,-9.999999999999E-1));
#2338=VECTOR('',#2337,5.999988122209E-1);
#2339=CARTESIAN_POINT('',(-2.679999991954E1,2.500559033702E1,
2.999979670541E-1));
#2340=LINE('',#2339,#2338);
#2341=CARTESIAN_POINT('',(-2.577082459841E1,2.490000131342E1,
-6.350000791563E0));
#2342=CARTESIAN_POINT('',(-2.577082421294E1,2.492381462280E1,
-6.350001368489E0));
#2343=CARTESIAN_POINT('',(-2.577544984392E1,2.497271405942E1,
-6.358610077024E0));
#2344=CARTESIAN_POINT('',(-2.579715374469E1,2.503957170092E1,
-6.399545082641E0));
#2345=CARTESIAN_POINT('',(-2.583190830984E1,2.508758942610E1,
-6.465859411391E0));
#2346=CARTESIAN_POINT('',(-2.586023524775E1,2.509999475995E1,
-6.521164563261E0));
#2347=CARTESIAN_POINT('',(-2.587483466408E1,2.509999610181E1,
-6.549994185034E0));
#2349=CARTESIAN_POINT('',(-2.39E1,2.49E1,-5.100000000002E0));
#2350=DIRECTION('',(0.E0,1.E0,0.E0));
#2351=DIRECTION('',(-8.314791584622E-1,0.E0,5.555559459164E-1));
#2352=AXIS2_PLACEMENT_3D('',#2349,#2350,#2351);
#2354=DIRECTION('',(7.358185608619E-7,9.999999999994E-1,8.579935483830E-7));
#2355=VECTOR('',#2354,2.300002422581E0);
#2356=CARTESIAN_POINT('',(-2.577082629081E1,2.26E1,-3.850001181818E0));
#2357=LINE('',#2356,#2355);
#2358=DIRECTION('',(-7.358263717661E-7,-9.999999999994E-1,8.579910143595E-7));
#2359=VECTOR('',#2358,2.300001313421E0);
#2360=CARTESIAN_POINT('',(-2.577082459841E1,2.490000131342E1,
-6.350000791563E0));
#2361=LINE('',#2360,#2359);
#2362=DIRECTION('',(-9.999999999993E-1,-3.866246567259E-13,-1.148316831462E-6));
#2363=VECTOR('',#2362,1.029173709187E0);
#2364=CARTESIAN_POINT('',(-2.577082629082E1,2.26E1,-6.349998818183E0));
#2365=LINE('',#2364,#2363);
#2366=DIRECTION('',(1.257576619796E-6,9.999999999984E-1,-1.257576476915E-6));
#2367=VECTOR('',#2366,2.300002422567E0);
#2368=CARTESIAN_POINT('',(-2.68E1,2.26E1,-6.35E0));
#2369=LINE('',#2368,#2367);
#2370=DIRECTION('',(-9.999999999973E-1,1.077704545666E-6,-2.041315678624E-6));
#2371=VECTOR('',#2370,1.029172509161E0);
#2372=CARTESIAN_POINT('',(-2.577082459841E1,2.490000131342E1,
-6.350000791563E0));
#2373=LINE('',#2372,#2371);
#2374=CARTESIAN_POINT('',(-2.679999710757E1,2.490000242256E1,
-6.350002892429E0));
#2375=CARTESIAN_POINT('',(-2.679999663283E1,2.491959775168E1,
-6.350003367166E0));
#2376=CARTESIAN_POINT('',(-2.679432300441E1,2.495948690520E1,
-6.355707422532E0));
#2377=CARTESIAN_POINT('',(-2.676634155092E1,2.501688470114E1,
-6.383644932718E0));
#2378=CARTESIAN_POINT('',(-2.672272634258E1,2.506197564862E1,
-6.427312454762E0));
#2379=CARTESIAN_POINT('',(-2.666694980894E1,2.509207944412E1,
-6.483061434567E0));
#2380=CARTESIAN_POINT('',(-2.662306755580E1,2.509999172804E1,
-6.526932444211E0));
#2381=CARTESIAN_POINT('',(-2.660000161504E1,2.509999228686E1,
-6.549998384957E0));
#2383=DIRECTION('',(9.999999999694E-1,5.26079212E-6,5.791663394698E-6));
#2384=VECTOR('',#2383,7.251669509788E-1);
#2385=CARTESIAN_POINT('',(-2.660000161504E1,2.509999228686E1,
-6.549998384957E0));
#2386=LINE('',#2385,#2384);
#2387=DIRECTION('',(8.993764583515E-12,7.690239307274E-11,-1.E0));
#2388=VECTOR('',#2387,1.649997050573E0);
#2389=CARTESIAN_POINT('',(-2.679999710757E1,2.490000242256E1,
-6.350002892429E0));
#2390=LINE('',#2389,#2388);
#2391=CARTESIAN_POINT('',(-2.66E1,2.489999999999E1,-7.999999999999E0));
#2392=DIRECTION('',(0.E0,0.E0,-1.E0));
#2393=DIRECTION('',(-9.999999997065E-1,2.422705753439E-5,0.E0));
#2394=AXIS2_PLACEMENT_3D('',#2391,#2392,#2393);
#2396=DIRECTION('',(-7.693993384494E-7,-2.659693610500E-6,9.999999999962E-1));
#2397=VECTOR('',#2396,1.450001587210E0);
#2398=CARTESIAN_POINT('',(-2.660000049941E1,2.509999614342E1,
-7.999999972161E0));
#2399=LINE('',#2398,#2397);
#2400=DIRECTION('',(4.091003735508E-13,-4.047940538292E-13,-1.E0));
#2401=VECTOR('',#2400,1.649999957500E0);
#2402=CARTESIAN_POINT('',(-2.68E1,2.26E1,-6.35E0));
#2403=LINE('',#2402,#2401);
#2404=CARTESIAN_POINT('',(-2.53E1,2.49E1,-7.999999999996E0));
#2405=DIRECTION('',(0.E0,1.E0,0.E0));
#2406=DIRECTION('',(8.500155246326E-8,0.E0,-1.E0));
#2407=AXIS2_PLACEMENT_3D('',#2404,#2405,#2406);
#2409=DIRECTION('',(-1.257582776728E-6,-9.999999999992E-1,-6.303438083017E-9));
#2410=VECTOR('',#2409,2.300002422693E0);
#2411=CARTESIAN_POINT('',(-2.679999710756E1,2.490000242269E1,
-7.999999943002E0));
#2412=LINE('',#2411,#2410);
#2413=DIRECTION('',(6.274132302938E-9,9.999999999992E-1,1.257576778532E-6));
#2414=VECTOR('',#2413,2.300001211287E0);
#2415=CARTESIAN_POINT('',(-2.529999995750E1,2.26E1,-9.499999999999E0));
#2416=LINE('',#2415,#2414);
#2417=CARTESIAN_POINT('',(-2.529999991481E1,2.490000000001E1,
-9.300000000003E0));
#2418=DIRECTION('',(1.E0,2.241764496783E-12,6.552642604213E-8));
#2419=DIRECTION('',(6.552642872792E-8,2.422696770326E-5,-9.999999997065E-1));
#2420=AXIS2_PLACEMENT_3D('',#2417,#2418,#2419);
#2422=CARTESIAN_POINT('',(-2.490603460079E1,2.639999999999E1,
2.999999999948E-1));
#2423=DIRECTION('',(1.E0,0.E0,0.E0));
#2424=DIRECTION('',(0.E0,9.999999997065E-1,2.422706624440E-5));
#2425=AXIS2_PLACEMENT_3D('',#2422,#2423,#2424);
#2427=CARTESIAN_POINT('',(-2.490603460074E1,2.64E1,3.000000000039E-1));
#2428=DIRECTION('',(-7.720686216307E-1,-6.355391754198E-1,0.E0));
#2429=DIRECTION('',(-1.539722538155E-5,1.870492807576E-5,9.999999997065E-1));
#2430=AXIS2_PLACEMENT_3D('',#2427,#2428,#2429);
#2432=DIRECTION('',(1.257575536992E-6,9.999999999984E-1,1.257576614776E-6));
#2433=VECTOR('',#2432,2.300002422567E0);
#2434=CARTESIAN_POINT('',(-2.68E1,2.26E1,6.35E0));
#2435=LINE('',#2434,#2433);
#2436=DIRECTION('',(-9.999999999987E-1,-1.364228876509E-12,1.620762625601E-6));
#2437=VECTOR('',#2436,7.291737091871E-1);
#2438=CARTESIAN_POINT('',(-2.607082629082E1,2.26E1,6.349998818183E0));
#2439=LINE('',#2438,#2437);
#2440=DIRECTION('',(-4.177130129940E-13,4.952267679826E-14,-1.E0));
#2441=VECTOR('',#2440,1.649999957500E0);
#2442=CARTESIAN_POINT('',(-2.68E1,2.26E1,7.999999957500E0));
#2443=LINE('',#2442,#2441);
#2444=CARTESIAN_POINT('',(-1.88E1,2.93E1,-8.299999999999E0));
#2445=DIRECTION('',(2.311579270231E-12,-1.E0,-1.355177357517E-11));
#2446=DIRECTION('',(-1.E0,-2.311632367001E-12,8.499465190900E-8));
#2447=AXIS2_PLACEMENT_3D('',#2444,#2445,#2446);
#2449=CARTESIAN_POINT('',(-2.01E1,2.929999999999E1,-8.299999914697E0));
#2450=DIRECTION('',(6.561622146323E-8,-1.355177342350E-11,1.E0));
#2451=DIRECTION('',(-2.422702282361E-5,9.999999997065E-1,1.514344205599E-11));
#2452=AXIS2_PLACEMENT_3D('',#2449,#2450,#2451);
#2454=DIRECTION('',(1.E0,3.221822289176E-8,3.905150446535E-13));
#2455=VECTOR('',#2454,3.759999988607E1);
#2456=CARTESIAN_POINT('',(-1.879999994307E1,2.930000121129E1,
-9.799997107571E0));
#2457=LINE('',#2456,#2455);
#2458=DIRECTION('',(-1.E0,-3.240906366045E-14,0.E0));
#2459=VECTOR('',#2458,3.759999994432E1);
#2460=CARTESIAN_POINT('',(1.879999997216E1,2.949999614342E1,-9.600000499411E0));
#2461=LINE('',#2460,#2459);
#2462=CARTESIAN_POINT('',(-1.88E1,2.929999999999E1,-9.599999999995E0));
#2463=DIRECTION('',(-1.E0,0.E0,0.E0));
#2464=DIRECTION('',(0.E0,9.999999997065E-1,-2.422706485318E-5));
#2465=AXIS2_PLACEMENT_3D('',#2462,#2463,#2464);
#2467=CARTESIAN_POINT('',(1.88E1,2.929999999999E1,-8.300000000003E0));
#2468=DIRECTION('',(-9.461678584507E-13,-1.E0,-2.062360898486E-11));
#2469=DIRECTION('',(-8.500024743331E-8,2.062468714335E-11,-1.E0));
#2470=AXIS2_PLACEMENT_3D('',#2467,#2468,#2469);
#2472=CARTESIAN_POINT('',(1.879999991470E1,2.930000000002E1,-9.600000000004E0));
#2473=DIRECTION('',(-1.E0,9.461665051802E-13,6.561753743833E-8));
#2474=DIRECTION('',(-6.394884621901E-13,9.999999997065E-1,-2.422701896010E-5));
#2475=AXIS2_PLACEMENT_3D('',#2472,#2473,#2474);
#2477=DIRECTION('',(-8.556475533328E-13,7.297661876991E-8,1.E0));
#2478=VECTOR('',#2477,1.659999988607E1);
#2479=CARTESIAN_POINT('',(2.029999710757E1,2.930000121128E1,-8.299999943070E0));
#2480=LINE('',#2479,#2478);
#2481=CARTESIAN_POINT('',(2.01E1,2.929999999999E1,8.300000000003E0));
#2482=DIRECTION('',(0.E0,0.E0,1.E0));
#2483=DIRECTION('',(9.999999997065E-1,2.422705753439E-5,0.E0));
#2484=AXIS2_PLACEMENT_3D('',#2481,#2482,#2483);
#2486=DIRECTION('',(-8.646363440057E-14,-7.576268954901E-14,-1.E0));
#2487=VECTOR('',#2486,1.659999994432E1);
#2488=CARTESIAN_POINT('',(2.010000049941E1,2.949999614342E1,8.299999972162E0));
#2489=LINE('',#2488,#2487);
#2490=CARTESIAN_POINT('',(2.01E1,2.929999999999E1,-8.3E0));
#2491=DIRECTION('',(0.E0,0.E0,-1.E0));
#2492=DIRECTION('',(2.422706037673E-5,9.999999997065E-1,0.E0));
#2493=AXIS2_PLACEMENT_3D('',#2490,#2491,#2492);
#2495=CARTESIAN_POINT('',(2.029999999999E1,2.639999999999E1,
-2.999999999948E-1));
#2496=DIRECTION('',(-1.E0,0.E0,0.E0));
#2497=DIRECTION('',(0.E0,1.E0,-2.611923005041E-11));
#2498=AXIS2_PLACEMENT_3D('',#2495,#2496,#2497);
#2500=CARTESIAN_POINT('',(2.03E1,2.639999999999E1,2.999999999948E-1));
#2501=DIRECTION('',(-1.E0,0.E0,0.E0));
#2502=DIRECTION('',(0.E0,2.845888286388E-11,1.E0));
#2503=AXIS2_PLACEMENT_3D('',#2500,#2501,#2502);
#2505=CARTESIAN_POINT('',(2.648530760116E1,2.510000124692E1,
-4.999961434286E-1));
#2506=CARTESIAN_POINT('',(2.649879334979E1,2.510000124692E1,
-4.999959357855E-1));
#2507=CARTESIAN_POINT('',(2.652527037054E1,2.509999879606E1,
-4.989075261021E-1));
#2508=CARTESIAN_POINT('',(2.656367347007E1,2.510000234339E1,
-4.942206024801E-1));
#2509=CARTESIAN_POINT('',(2.658807149363E1,2.509999533471E1,
-4.892073677596E-1));
#2510=CARTESIAN_POINT('',(2.660000094933E1,2.509999533471E1,
-4.862400128630E-1));
#2512=DIRECTION('',(7.560903511463E-14,2.049642518168E-14,1.E0));
#2513=VECTOR('',#2512,7.799999957502E0);
#2514=CARTESIAN_POINT('',(2.03E1,2.51E1,-8.299999957502E0));
#2515=LINE('',#2514,#2513);
#2516=CARTESIAN_POINT('',(1.88E1,2.51E1,-8.300000000001E0));
#2517=DIRECTION('',(0.E0,-1.E0,0.E0));
#2518=DIRECTION('',(7.453559924985E-1,0.E0,-6.666666666683E-1));
#2519=AXIS2_PLACEMENT_3D('',#2516,#2517,#2518);
#2521=CARTESIAN_POINT('',(2.53E1,2.509999999997E1,-7.999999999996E0));
#2522=DIRECTION('',(-8.089699782534E-13,1.E0,1.648245306996E-11));
#2523=DIRECTION('',(1.E0,8.089239365073E-13,-3.122965636634E-12));
#2524=AXIS2_PLACEMENT_3D('',#2521,#2522,#2523);
#2526=CARTESIAN_POINT('',(2.39E1,2.509999975829E1,-5.099999999998E0));
#2527=DIRECTION('',(2.663056976378E-12,-1.E0,2.287708348158E-11));
#2528=DIRECTION('',(8.060578635969E-1,1.568576071208E-11,5.918367346943E-1));
#2529=AXIS2_PLACEMENT_3D('',#2526,#2527,#2528);
#2531=DIRECTION('',(2.104162446928E-7,-9.633647852611E-7,-9.999999999995E-1));
#2532=VECTOR('',#2531,3.163761602181E0);
#2533=CARTESIAN_POINT('',(2.660000094933E1,2.509999533471E1,
-4.862400128630E-1));
#2534=LINE('',#2533,#2532);
#2535=CARTESIAN_POINT('',(2.660000161504E1,2.509999228686E1,-3.650001615043E0));
#2536=CARTESIAN_POINT('',(2.662309155594E1,2.509999172745E1,-3.673091555952E0));
#2537=CARTESIAN_POINT('',(2.666699074971E1,2.509205838472E1,-3.717002000944E0));
#2538=CARTESIAN_POINT('',(2.672270067373E1,2.506196931571E1,-3.772739483067E0));
#2539=CARTESIAN_POINT('',(2.676632992046E1,2.501687089182E1,-3.816316424915E0));
#2540=CARTESIAN_POINT('',(2.679416446394E1,2.495985574311E1,-3.844194740601E0));
#2541=CARTESIAN_POINT('',(2.679999662878E1,2.491976487607E1,-3.849996628785E0));
#2542=CARTESIAN_POINT('',(2.679999710757E1,2.490000242256E1,-3.849997107571E0));
#2544=DIRECTION('',(-3.017807116037E-7,-2.274710754835E-7,9.999999999999E-1));
#2545=VECTOR('',#2544,3.549997131808E0);
#2546=CARTESIAN_POINT('',(2.679999710757E1,2.490000242256E1,-3.849997107571E0));
#2547=LINE('',#2546,#2545);
#2548=CARTESIAN_POINT('',(2.679999603625E1,2.490000161504E1,
-2.999999757629E-1));
#2549=CARTESIAN_POINT('',(2.679999404615E1,2.491308434457E1,
-3.129284206582E-1));
#2550=CARTESIAN_POINT('',(2.679745622513E1,2.493833267054E1,
-3.384168959210E-1));
#2551=CARTESIAN_POINT('',(2.678706035106E1,2.497380571165E1,
-3.737866788400E-1));
#2552=CARTESIAN_POINT('',(2.677618678810E1,2.499539672136E1,
-3.953925146792E-1));
#2553=CARTESIAN_POINT('',(2.676985215326E1,2.500558699017E1,
-4.055892340652E-1));
#2555=CARTESIAN_POINT('',(2.676985215326E1,2.500558699017E1,
-4.055892340652E-1));
#2556=CARTESIAN_POINT('',(2.676270667682E1,2.501708162682E1,
-4.170833572406E-1));
#2557=CARTESIAN_POINT('',(2.674522198837E1,2.503989160983E1,
-4.363456998993E-1));
#2558=CARTESIAN_POINT('',(2.671008833758E1,2.506905662140E1,
-4.569934171118E-1));
#2559=CARTESIAN_POINT('',(2.668249443607E1,2.508284884290E1,
-4.657517346024E-1));
#2560=CARTESIAN_POINT('',(2.666792957296E1,2.508810841166E1,
-4.690376191513E-1));
#2562=CARTESIAN_POINT('',(2.666792957296E1,2.508810841166E1,
-4.690376191513E-1));
#2563=CARTESIAN_POINT('',(2.666088863995E1,2.509065098765E1,
-4.706257650806E-1));
#2564=CARTESIAN_POINT('',(2.664640876525E1,2.509498319290E1,
-4.741779854258E-1));
#2565=CARTESIAN_POINT('',(2.662332312550E1,2.509908237636E1,
-4.802617346330E-1));
#2566=CARTESIAN_POINT('',(2.660781011484E1,2.509999514552E1,
-4.842976037476E-1));
#2567=CARTESIAN_POINT('',(2.660000094933E1,2.509999533471E1,
-4.862400128630E-1));
#2569=DIRECTION('',(9.999999999973E-1,1.147224309890E-6,2.025566476673E-6));
#2570=VECTOR('',#2569,1.029172484901E0);
#2571=CARTESIAN_POINT('',(2.577082462267E1,2.490000124187E1,-3.849999192228E0));
#2572=LINE('',#2571,#2570);
#2573=DIRECTION('',(-9.999999999697E-1,5.207146148149E-6,-5.791665776914E-6));
#2574=VECTOR('',#2573,7.251669509792E-1);
#2575=CARTESIAN_POINT('',(2.660000161504E1,2.509999228686E1,-3.650001615043E0));
#2576=LINE('',#2575,#2574);
#2577=CARTESIAN_POINT('',(2.587483466408E1,2.509999606291E1,-3.650005814967E0));
#2578=CARTESIAN_POINT('',(2.586021311123E1,2.509999469836E1,-3.678879119453E0));
#2579=CARTESIAN_POINT('',(2.583181367687E1,2.508758620185E1,-3.734257790185E0));
#2580=CARTESIAN_POINT('',(2.579704759411E1,2.503921583301E1,-3.800802908569E0));
#2581=CARTESIAN_POINT('',(2.577536335855E1,2.497246501478E1,-3.841441277458E0));
#2582=CARTESIAN_POINT('',(2.577082423882E1,2.492371424595E1,-3.849998617732E0));
#2583=CARTESIAN_POINT('',(2.577082462267E1,2.490000124187E1,-3.849999192228E0));
#2585=DIRECTION('',(-9.999999999993E-1,9.700136476775E-13,-1.148317109347E-6));
#2586=VECTOR('',#2585,1.029173709188E0);
#2587=CARTESIAN_POINT('',(2.68E1,2.26E1,-3.85E0));
#2588=LINE('',#2587,#2586);
#2589=DIRECTION('',(1.257576462241E-6,-9.999999999984E-1,-1.257576585620E-6));
#2590=VECTOR('',#2589,2.300002422567E0);
#2591=CARTESIAN_POINT('',(2.679999710757E1,2.490000242256E1,-3.849997107571E0));
#2592=LINE('',#2591,#2590);
#2593=DIRECTION('',(-7.252713265754E-7,9.999999999994E-1,-8.650413222553E-7));
#2594=VECTOR('',#2593,2.300002422581E0);
#2595=CARTESIAN_POINT('',(2.577082629082E1,2.26E1,-6.349998818183E0));
#2596=LINE('',#2595,#2594);
#2597=DIRECTION('',(7.252777446831E-7,-9.999999999994E-1,-8.650385279515E-7));
#2598=VECTOR('',#2597,2.300001241872E0);
#2599=CARTESIAN_POINT('',(2.577082462267E1,2.490000124187E1,-3.849999192228E0));
#2600=LINE('',#2599,#2598);
#2601=CARTESIAN_POINT('',(2.39E1,2.490000012232E1,-5.099999999993E0));
#2602=DIRECTION('',(-2.663056976378E-12,1.E0,-2.287708348158E-11));
#2603=DIRECTION('',(8.314791584614E-1,-1.049555331938E-11,-5.555559459176E-1));
#2604=AXIS2_PLACEMENT_3D('',#2601,#2602,#2603);
#2606=CARTESIAN_POINT('',(2.587483466408E1,2.509999606288E1,-6.549994185033E0));
#2607=CARTESIAN_POINT('',(2.586020112386E1,2.509999469722E1,-6.521097208993E0));
#2608=CARTESIAN_POINT('',(2.583181423846E1,2.508755323781E1,-6.465674805564E0));
#2609=CARTESIAN_POINT('',(2.579696414205E1,2.503920545991E1,-6.399186844288E0));
#2610=CARTESIAN_POINT('',(2.577540496980E1,2.497238689692E1,-6.358525327972E0));
#2611=CARTESIAN_POINT('',(2.577082491189E1,2.492368160182E1,-6.350001381456E0));
#2612=CARTESIAN_POINT('',(2.577082462269E1,2.490000242258E1,-6.350000807780E0));
#2614=DIRECTION('',(9.999999999697E-1,-5.207115655705E-6,-5.791666125945E-6));
#2615=VECTOR('',#2614,7.251669509836E-1);
#2616=CARTESIAN_POINT('',(2.587483466408E1,2.509999606288E1,-6.549994185033E0));
#2617=LINE('',#2616,#2615);
#2618=DIRECTION('',(-9.999999999979E-1,1.673189232515E-11,2.025559143767E-6));
#2619=VECTOR('',#2618,1.029172484887E0);
#2620=CARTESIAN_POINT('',(2.679999710757E1,2.490000242256E1,-6.350002892429E0));
#2621=LINE('',#2620,#2619);
#2622=DIRECTION('',(-7.694016342350E-7,2.659693191525E-6,-9.999999999962E-1));
#2623=VECTOR('',#2622,1.450001587210E0);
#2624=CARTESIAN_POINT('',(2.660000161504E1,2.509999228686E1,-6.549998384958E0));
#2625=LINE('',#2624,#2623);
#2626=CARTESIAN_POINT('',(2.66E1,2.489999999999E1,-8.E0));
#2627=DIRECTION('',(0.E0,0.E0,-1.E0));
#2628=DIRECTION('',(2.422706050108E-5,9.999999997065E-1,0.E0));
#2629=AXIS2_PLACEMENT_3D('',#2626,#2627,#2628);
#2631=DIRECTION('',(2.017514343967E-12,7.341137711541E-7,9.999999999997E-1));
#2632=VECTOR('',#2631,1.649997050574E0);
#2633=CARTESIAN_POINT('',(2.679999710757E1,2.490000121128E1,-7.999999943003E0));
#2634=LINE('',#2633,#2632);
#2635=CARTESIAN_POINT('',(2.679999710757E1,2.490000242256E1,-6.350002892429E0));
#2636=CARTESIAN_POINT('',(2.679999663284E1,2.491959775168E1,-6.350003367166E0));
#2637=CARTESIAN_POINT('',(2.679429257747E1,2.495948690521E1,-6.355676995590E0));
#2638=CARTESIAN_POINT('',(2.676635506728E1,2.501688470114E1,-6.383658449084E0));
#2639=CARTESIAN_POINT('',(2.672268754524E1,2.506197564862E1,-6.427273657417E0));
#2640=CARTESIAN_POINT('',(2.666693856543E1,2.509207944412E1,-6.483050191070E0));
#2641=CARTESIAN_POINT('',(2.662306755579E1,2.509999172804E1,-6.526932444203E0));
#2642=CARTESIAN_POINT('',(2.660000161504E1,2.509999228686E1,-6.549998384958E0));
#2644=CARTESIAN_POINT('',(2.529999991481E1,2.49E1,-9.299999999995E0));
#2645=DIRECTION('',(-1.E0,-8.089710583428E-13,6.552964926243E-8));
#2646=DIRECTION('',(-2.398081733134E-12,9.999999997065E-1,-2.422706365244E-5));
#2647=AXIS2_PLACEMENT_3D('',#2644,#2645,#2646);
#2649=CARTESIAN_POINT('',(2.53E1,2.49E1,-7.999999999996E0));
#2650=DIRECTION('',(0.E0,1.E0,0.E0));
#2651=DIRECTION('',(1.E0,0.E0,8.499750651450E-8));
#2652=AXIS2_PLACEMENT_3D('',#2649,#2650,#2651);
#2654=DIRECTION('',(6.274104283866E-9,-9.999999999992E-1,-1.257582743518E-6));
#2655=VECTOR('',#2654,2.300002422692E0);
#2656=CARTESIAN_POINT('',(2.529999994307E1,2.490000242269E1,-9.499997107556E0));
#2657=LINE('',#2656,#2655);
#2658=DIRECTION('',(-1.257577346970E-6,9.999999999992E-1,6.303133243912E-9));
#2659=VECTOR('',#2658,2.300001211280E0);
#2660=CARTESIAN_POINT('',(2.68E1,2.26E1,-7.999999957500E0));
#2661=LINE('',#2660,#2659);
#2662=DIRECTION('',(-1.E0,-1.459150272631E-14,3.190479652094E-10));
#2663=VECTOR('',#2662,5.599999955117E0);
#2664=CARTESIAN_POINT('',(2.529999995750E1,2.26E1,-9.499999999999E0));
#2665=LINE('',#2664,#2663);
#2666=DIRECTION('',(1.E0,1.442229309996E-7,-1.724848041409E-7));
#2667=VECTOR('',#2666,5.599999940687E0);
#2668=CARTESIAN_POINT('',(1.970000000238E1,2.490000161504E1,-9.499996141641E0));
#2669=LINE('',#2668,#2667);
#2670=DIRECTION('',(-1.E0,1.173023332936E-12,-3.014349381074E-7));
#2671=VECTOR('',#2670,5.381966436618E0);
#2672=CARTESIAN_POINT('',(2.529999997216E1,2.509999614342E1,-9.300000499411E0));
#2673=LINE('',#2672,#2671);
#2674=CARTESIAN_POINT('',(1.88E1,2.26E1,-8.300000000001E0));
#2675=DIRECTION('',(0.E0,1.E0,0.E0));
#2676=DIRECTION('',(1.E0,0.E0,5.755396159667E-13));
#2677=AXIS2_PLACEMENT_3D('',#2674,#2675,#2676);
#2679=DIRECTION('',(2.011777635646E-14,0.E0,-1.E0));
#2680=VECTOR('',#2679,1.659999991500E1);
#2681=CARTESIAN_POINT('',(2.03E1,2.26E1,8.299999957502E0));
#2682=LINE('',#2681,#2680);
#2683=CARTESIAN_POINT('',(1.88E1,2.26E1,8.300000000003E0));
#2684=DIRECTION('',(0.E0,1.E0,0.E0));
#2685=DIRECTION('',(6.000000000002E-1,0.E0,7.999999999999E-1));
#2686=AXIS2_PLACEMENT_3D('',#2683,#2684,#2685);
#2688=CARTESIAN_POINT('',(2.53E1,2.26E1,7.999999999996E0));
#2689=DIRECTION('',(0.E0,-1.E0,0.E0));
#2690=DIRECTION('',(1.E0,0.E0,2.478609909906E-12));
#2691=AXIS2_PLACEMENT_3D('',#2688,#2689,#2690);
#2693=CARTESIAN_POINT('',(2.42E1,2.26E1,5.100000000002E0));
#2694=DIRECTION('',(0.E0,1.E0,0.E0));
#2695=DIRECTION('',(8.314794192826E-1,0.E0,-5.555555555564E-1));
#2696=AXIS2_PLACEMENT_3D('',#2693,#2694,#2695);
#2698=CARTESIAN_POINT('',(2.39E1,2.26E1,-5.100000000002E0));
#2699=DIRECTION('',(0.E0,1.E0,0.E0));
#2700=DIRECTION('',(8.314794192834E-1,0.E0,-5.555555555551E-1));
#2701=AXIS2_PLACEMENT_3D('',#2698,#2699,#2700);
#2703=CARTESIAN_POINT('',(2.53E1,2.26E1,-7.999999999996E0));
#2704=DIRECTION('',(0.E0,-1.E0,0.E0));
#2705=DIRECTION('',(5.423809549628E-13,0.E0,-1.E0));
#2706=AXIS2_PLACEMENT_3D('',#2703,#2704,#2705);
#2708=DIRECTION('',(1.E0,-5.900042406724E-14,3.190035562881E-10));
#2709=VECTOR('',#2708,5.599999955117E0);
#2710=CARTESIAN_POINT('',(1.970000000238E1,2.26E1,9.499999998213E0));
#2711=LINE('',#2710,#2709);
#2712=DIRECTION('',(1.E0,-1.052222393193E-12,-3.014349952080E-7));
#2713=VECTOR('',#2712,5.381966436604E0);
#2714=CARTESIAN_POINT('',(1.991803353556E1,2.509999614343E1,9.300002121724E0));
#2715=LINE('',#2714,#2713);
#2716=CARTESIAN_POINT('',(2.53E1,2.489999999999E1,9.299999999995E0));
#2717=DIRECTION('',(1.E0,0.E0,0.E0));
#2718=DIRECTION('',(0.E0,9.999999997065E-1,2.422706832620E-5));
#2719=AXIS2_PLACEMENT_3D('',#2716,#2717,#2718);
#2721=DIRECTION('',(-1.E0,7.209944844566E-8,-1.724874788268E-7));
#2722=VECTOR('',#2721,5.599999940686E0);
#2723=CARTESIAN_POINT('',(2.529999994307E1,2.490000121129E1,9.499997107571E0));
#2724=LINE('',#2723,#2722);
#2725=CARTESIAN_POINT('',(2.660000094933E1,2.509999533471E1,4.862400128625E-1));
#2726=CARTESIAN_POINT('',(2.658807105041E1,2.509999533471E1,4.892074780077E-1));
#2727=CARTESIAN_POINT('',(2.656367241825E1,2.510000234339E1,4.942207869797E-1));
#2728=CARTESIAN_POINT('',(2.652526926114E1,2.509999879606E1,4.989076037295E-1));
#2729=CARTESIAN_POINT('',(2.649879287362E1,2.510000124692E1,4.999959357920E-1));
#2730=CARTESIAN_POINT('',(2.648530760116E1,2.510000124692E1,4.999961434279E-1));
#2732=CARTESIAN_POINT('',(2.42E1,2.509999987501E1,5.099999999994E0));
#2733=DIRECTION('',(1.828684483090E-12,-1.E0,1.123700482449E-11));
#2734=DIRECTION('',(8.060578635953E-1,8.124925327687E-12,5.918367346965E-1));
#2735=AXIS2_PLACEMENT_3D('',#2732,#2733,#2734);
#2737=CARTESIAN_POINT('',(2.53E1,2.509999999998E1,7.999999999996E0));
#2738=DIRECTION('',(2.107229282258E-12,1.E0,-1.360264146692E-11));
#2739=DIRECTION('',(-2.749248243666E-12,1.360140010808E-11,1.E0));
#2740=AXIS2_PLACEMENT_3D('',#2737,#2738,#2739);
#2742=CARTESIAN_POINT('',(1.88E1,2.51E1,8.300000000003E0));
#2743=DIRECTION('',(0.E0,-1.E0,0.E0));
#2744=DIRECTION('',(1.E0,0.E0,-1.895964866592E-12));
#2745=AXIS2_PLACEMENT_3D('',#2742,#2743,#2744);
#2747=DIRECTION('',(-1.184237899386E-13,-2.049642518168E-14,1.E0));
#2748=VECTOR('',#2747,7.799999957502E0);
#2749=CARTESIAN_POINT('',(2.03E1,2.51E1,5.E-1));
#2750=LINE('',#2749,#2748);
#2751=DIRECTION('',(-7.720683033604E-1,6.355395620614E-1,-9.426973443651E-7));
#2752=VECTOR('',#2751,2.045508929810E0);
#2753=CARTESIAN_POINT('',(2.648530760116E1,2.510000124692E1,4.999961434279E-1));
#2754=LINE('',#2753,#2752);
#2755=DIRECTION('',(9.999999999998E-1,2.015944759067E-7,-6.235053088154E-7));
#2756=VECTOR('',#2755,6.185307601164E0);
#2757=CARTESIAN_POINT('',(2.03E1,2.51E1,5.E-1));
#2758=LINE('',#2757,#2756);
#2759=DIRECTION('',(-1.254379655913E-12,-9.999999999956E-1,2.966589843594E-6));
#2760=VECTOR('',#2759,1.300001615048E0);
#2761=CARTESIAN_POINT('',(2.03E1,2.640000161504E1,4.999961434284E-1));
#2762=LINE('',#2761,#2760);
#2763=DIRECTION('',(7.720686754433E-1,-6.355391100462E-1,9.827690881938E-7));
#2764=VECTOR('',#2763,2.194063070143E0);
#2765=CARTESIAN_POINT('',(2.503314029567E1,2.655441149900E1,2.999999183691E-1));
#2766=LINE('',#2765,#2764);
#2767=DIRECTION('',(1.675285410386E-6,3.887092105130E-6,-9.999999999910E-1));
#2768=VECTOR('',#2767,6.000045252309E-1);
#2769=CARTESIAN_POINT('',(2.490603416990E1,2.659999692175E1,3.000021611749E-1));
#2770=LINE('',#2769,#2768);
#2771=CARTESIAN_POINT('',(2.490603517508E1,2.659999925402E1,
-3.000023640506E-1));
#2772=CARTESIAN_POINT('',(2.495194205631E1,2.659997497282E1,
-3.000023640506E-1));
#2773=CARTESIAN_POINT('',(2.499768282411E1,2.658357038810E1,
-3.000023640506E-1));
#2774=CARTESIAN_POINT('',(2.503314151828E1,2.655441351340E1,
-3.000023640506E-1));
#2776=DIRECTION('',(-2.037683414001E-6,-3.357330953089E-6,9.999999999923E-1));
#2777=VECTOR('',#2776,6.000022824243E-1);
#2778=CARTESIAN_POINT('',(2.503314151828E1,2.655441351340E1,
-3.000023640506E-1));
#2779=LINE('',#2778,#2777);
#2780=DIRECTION('',(5.565888132966E-12,0.E0,1.E0));
#2781=VECTOR('',#2780,6.000032300852E-1);
#2782=CARTESIAN_POINT('',(2.03E1,2.659999614343E1,-3.000016150426E-1));
#2783=LINE('',#2782,#2781);
#2784=DIRECTION('',(1.E0,1.689779920364E-7,1.185688863623E-7));
#2785=VECTOR('',#2784,4.606034169902E0);
#2786=CARTESIAN_POINT('',(2.03E1,2.659999614343E1,3.000016150426E-1));
#2787=LINE('',#2786,#2785);
#2788=DIRECTION('',(-9.999999999999E-1,-3.216054337446E-7,4.186456198232E-7));
#2789=VECTOR('',#2788,4.606034992215E0);
#2790=CARTESIAN_POINT('',(2.490603499221E1,2.640000309637E1,4.999942151320E-1));
#2791=LINE('',#2790,#2789);
#2792=CARTESIAN_POINT('',(2.490603416990E1,2.659999692175E1,3.000021611749E-1));
#2793=CARTESIAN_POINT('',(2.495194105114E1,2.659997264054E1,3.000021611749E-1));
#2794=CARTESIAN_POINT('',(2.499768160149E1,2.658356837369E1,2.999999183691E-1));
#2795=CARTESIAN_POINT('',(2.503314029567E1,2.655441149900E1,2.999999183691E-1));
#2797=CARTESIAN_POINT('',(2.490603460073E1,2.640000000001E1,2.999999999971E-1));
#2798=DIRECTION('',(7.720686216307E-1,-6.355391754198E-1,-2.704981804803E-14));
#2799=DIRECTION('',(6.355391752333E-1,7.720686214041E-1,2.422705466818E-5));
#2800=AXIS2_PLACEMENT_3D('',#2797,#2798,#2799);
#2802=CARTESIAN_POINT('',(2.490603460074E1,2.64E1,3.000000000007E-1));
#2803=DIRECTION('',(-9.999999999427E-1,-7.566676190266E-6,-7.566677767636E-6));
#2804=DIRECTION('',(-7.566861075488E-6,2.422697416899E-5,9.999999996779E-1));
#2805=AXIS2_PLACEMENT_3D('',#2802,#2803,#2804);
#2807=DIRECTION('',(9.999999999999E-1,3.656497640053E-7,-8.770648748743E-8));
#2808=VECTOR('',#2807,4.606035783977E0);
#2809=CARTESIAN_POINT('',(2.03E1,2.640000161504E1,-4.999961434284E-1));
#2810=LINE('',#2809,#2808);
#2811=DIRECTION('',(-9.999999999998E-1,-6.753294608059E-7,1.626144826942E-7));
#2812=VECTOR('',#2811,4.606035175085E0);
#2813=CARTESIAN_POINT('',(2.490603517508E1,2.659999925402E1,
-3.000023640506E-1));
#2814=LINE('',#2813,#2812);
#2815=DIRECTION('',(1.309036721530E-12,-9.999999999956E-1,-2.966589843039E-6));
#2816=VECTOR('',#2815,1.300001615048E0);
#2817=CARTESIAN_POINT('',(2.03E1,2.640000161504E1,-4.999961434284E-1));
#2818=LINE('',#2817,#2816);
#2819=DIRECTION('',(9.999999999998E-1,2.015945356421E-7,6.235051883034E-7));
#2820=VECTOR('',#2819,6.185307601164E0);
#2821=CARTESIAN_POINT('',(2.03E1,2.51E1,-5.E-1));
#2822=LINE('',#2821,#2820);
#2823=DIRECTION('',(-7.720680983535E-1,6.355398111093E-1,-1.974956465773E-7));
#2824=VECTOR('',#2823,2.045508447448E0);
#2825=CARTESIAN_POINT('',(2.648530760116E1,2.510000124692E1,
-4.999961434286E-1));
#2826=LINE('',#2825,#2824);
#2827=DIRECTION('',(-7.720679998413E-1,6.355399307830E-1,1.184582779866E-6));
#2828=VECTOR('',#2827,2.194061426135E0);
#2829=CARTESIAN_POINT('',(2.672710613508E1,2.515999986650E1,
-3.000049630980E-1));
#2830=LINE('',#2829,#2828);
#2831=CARTESIAN_POINT('',(2.676985215326E1,2.500558699017E1,
-4.055892340652E-1));
#2832=CARTESIAN_POINT('',(2.678941723279E1,2.500558699017E1,
-3.740957651061E-1));
#2833=CARTESIAN_POINT('',(2.679998941416E1,2.500559033702E1,
-3.370739810445E-1));
#2834=CARTESIAN_POINT('',(2.679999991954E1,2.500559033702E1,
-2.999979670541E-1));
#2836=CARTESIAN_POINT('',(2.66E1,2.500558848932E1,-3.E-1));
#2837=DIRECTION('',(0.E0,0.E0,1.E0));
#2838=DIRECTION('',(1.E0,-2.078622607344E-7,0.E0));
#2839=AXIS2_PLACEMENT_3D('',#2836,#2837,#2838);
#2841=CARTESIAN_POINT('',(2.66E1,2.500558848932E1,-2.999999999992E-1));
#2842=DIRECTION('',(-7.720662120659E-1,6.355421025957E-1,-3.791316984025E-6));
#2843=DIRECTION('',(6.355421024847E-1,7.720662117865E-1,-2.422702970719E-5));
#2844=AXIS2_PLACEMENT_3D('',#2841,#2842,#2843);
#2846=DIRECTION('',(3.677750981050E-5,9.999999991428E-1,1.902389544674E-5));
#2847=VECTOR('',#2846,1.055887220697E-1);
#2848=CARTESIAN_POINT('',(2.679999603625E1,2.490000161504E1,
-2.999999757629E-1));
#2849=LINE('',#2848,#2847);
#2850=DIRECTION('',(0.E0,0.E0,-1.E0));
#2851=VECTOR('',#2850,7.7E0);
#2852=CARTESIAN_POINT('',(2.68E1,2.26E1,3.85E0));
#2853=LINE('',#2852,#2851);
#2854=DIRECTION('',(1.257575377892E-6,-9.999999999984E-1,1.257576585234E-6));
#2855=VECTOR('',#2854,2.300002422567E0);
#2856=CARTESIAN_POINT('',(2.679999710757E1,2.490000242256E1,3.849997107571E0));
#2857=LINE('',#2856,#2855);
#2858=DIRECTION('',(-9.999999999987E-1,5.456915506029E-13,1.620763013552E-6));
#2859=VECTOR('',#2858,7.291737091880E-1);
#2860=CARTESIAN_POINT('',(2.68E1,2.26E1,3.85E0));
#2861=LINE('',#2860,#2859);
#2862=DIRECTION('',(9.999999999110E-1,-8.972808734229E-6,-9.878291585882E-6));
#2863=VECTOR('',#2862,4.251669509964E-1);
#2864=CARTESIAN_POINT('',(2.617483466409E1,2.509999610180E1,3.650005814966E0));
#2865=LINE('',#2864,#2863);
#2866=DIRECTION('',(-9.999999999958E-1,2.263649211212E-11,2.881155974357E-6));
#2867=VECTOR('',#2866,7.291725091481E-1);
#2868=CARTESIAN_POINT('',(2.679999710757E1,2.490000242256E1,3.849997107571E0));
#2869=LINE('',#2868,#2867);
#2870=CARTESIAN_POINT('',(2.607082459843E1,2.490000242258E1,3.849999208431E0));
#2871=CARTESIAN_POINT('',(2.607082484864E1,2.492384966241E1,3.849998630683E0));
#2872=CARTESIAN_POINT('',(2.607541021539E1,2.497279196244E1,3.841356127394E0));
#2873=CARTESIAN_POINT('',(2.609723624934E1,2.503958485953E1,3.800443330703E0));
#2874=CARTESIAN_POINT('',(2.613191357513E1,2.508762635641E1,3.734064449188E0));
#2875=CARTESIAN_POINT('',(2.616024936309E1,2.509999476124E1,3.678807563028E0));
#2876=CARTESIAN_POINT('',(2.617483466409E1,2.509999610180E1,3.650005814966E0));
#2878=DIRECTION('',(-2.104176719492E-7,9.633646168200E-7,-9.999999999995E-1));
#2879=VECTOR('',#2878,3.163761602182E0);
#2880=CARTESIAN_POINT('',(2.660000161504E1,2.509999228686E1,3.650001615043E0));
#2881=LINE('',#2880,#2879);
#2882=CARTESIAN_POINT('',(2.660000094933E1,2.509999533471E1,4.862400128625E-1));
#2883=CARTESIAN_POINT('',(2.660781136849E1,2.509999514549E1,4.842972919214E-1));
#2884=CARTESIAN_POINT('',(2.662332565840E1,2.509908191696E1,4.802611936492E-1));
#2885=CARTESIAN_POINT('',(2.664641298422E1,2.509498304589E1,4.741764239228E-1));
#2886=CARTESIAN_POINT('',(2.666088703740E1,2.509064928009E1,4.706272428318E-1));
#2887=CARTESIAN_POINT('',(2.666792675629E1,2.508810714253E1,4.690393707565E-1));
#2889=DIRECTION('',(3.017810778838E-7,2.274710724812E-7,9.999999999999E-1));
#2890=VECTOR('',#2889,3.549997131808E0);
#2891=CARTESIAN_POINT('',(2.679999603625E1,2.490000161504E1,2.999999757629E-1));
#2892=LINE('',#2891,#2890);
#2893=CARTESIAN_POINT('',(2.679999710757E1,2.490000242256E1,3.849997107571E0));
#2894=CARTESIAN_POINT('',(2.679999663284E1,2.491959775168E1,3.849996632834E0));
#2895=CARTESIAN_POINT('',(2.679429257747E1,2.495948690520E1,3.844323004413E0));
#2896=CARTESIAN_POINT('',(2.676635506728E1,2.501688470114E1,3.816341550920E0));
#2897=CARTESIAN_POINT('',(2.672268754524E1,2.506197564862E1,3.772726342583E0));
#2898=CARTESIAN_POINT('',(2.666693856543E1,2.509207944412E1,3.716949808934E0));
#2899=CARTESIAN_POINT('',(2.662306755579E1,2.509999172804E1,3.673067555798E0));
#2900=CARTESIAN_POINT('',(2.660000161504E1,2.509999228686E1,3.650001615043E0));
#2902=CARTESIAN_POINT('',(2.679999991956E1,2.500559064881E1,3.000008451667E-1));
#2903=CARTESIAN_POINT('',(2.679998941418E1,2.500559064881E1,3.370768591570E-1));
#2904=CARTESIAN_POINT('',(2.678941784827E1,2.500558894275E1,3.740947749322E-1));
#2905=CARTESIAN_POINT('',(2.676985276875E1,2.500558894275E1,4.055882438912E-1));
#2907=CARTESIAN_POINT('',(2.676985276875E1,2.500558894275E1,4.055882438912E-1));
#2908=CARTESIAN_POINT('',(2.676282332077E1,2.501689692914E1,4.168955388497E-1));
#2909=CARTESIAN_POINT('',(2.674567726682E1,2.503947315252E1,4.360524734460E-1));
#2910=CARTESIAN_POINT('',(2.670969288954E1,2.506937664921E1,4.572139090388E-1));
#2911=CARTESIAN_POINT('',(2.668227511576E1,2.508292575616E1,4.658030313622E-1));
#2912=CARTESIAN_POINT('',(2.666792675629E1,2.508810714253E1,4.690393707565E-1));
#2914=CARTESIAN_POINT('',(2.66E1,2.500558848932E1,2.999999999970E-1));
#2915=DIRECTION('',(-7.720686216307E-1,6.355391754198E-1,2.704981804803E-14));
#2916=DIRECTION('',(3.396455912677E-1,4.126098179861E-1,8.452183211655E-1));
#2917=AXIS2_PLACEMENT_3D('',#2914,#2915,#2916);
#2919=CARTESIAN_POINT('',(2.66E1,2.500558848932E1,3.000000000020E-1));
#2920=DIRECTION('',(1.726653054375E-5,8.150786000900E-6,-9.999999998177E-1));
#2921=DIRECTION('',(6.355390147205E-1,7.720687537195E-1,1.726652100207E-5));
#2922=AXIS2_PLACEMENT_3D('',#2919,#2920,#2921);
#2924=DIRECTION('',(-3.677760821230E-5,-9.999999992898E-1,-8.233845126125E-6));
#2925=VECTOR('',#2924,1.055890338402E-1);
#2926=CARTESIAN_POINT('',(2.679999991956E1,2.500559064881E1,3.000008451667E-1));
#2927=LINE('',#2926,#2925);
#2928=CARTESIAN_POINT('',(2.679999603625E1,2.490000161504E1,2.999999757629E-1));
#2929=CARTESIAN_POINT('',(2.679999404620E1,2.491308401567E1,3.129280956357E-1));
#2930=CARTESIAN_POINT('',(2.679745420537E1,2.493835068688E1,3.383978864933E-1));
#2931=CARTESIAN_POINT('',(2.678705238525E1,2.497382096179E1,3.737711569779E-1));
#2932=CARTESIAN_POINT('',(2.677618685843E1,2.499539955092E1,3.953924020345E-1));
#2933=CARTESIAN_POINT('',(2.676985276875E1,2.500558894275E1,4.055882438912E-1));
#2935=DIRECTION('',(3.841083209661E-11,5.196444799366E-7,9.999999999999E-1));
#2936=VECTOR('',#2935,5.999988122209E-1);
#2937=CARTESIAN_POINT('',(2.679999991954E1,2.500559033702E1,
-2.999979670541E-1));
#2938=LINE('',#2937,#2936);
#2939=DIRECTION('',(-2.548277736996E-6,2.097460025211E-6,-9.999999999946E-1));
#2940=VECTOR('',#2939,6.000070377277E-1);
#2941=CARTESIAN_POINT('',(2.672710766407E1,2.515999860801E1,3.000020746264E-1));
#2942=LINE('',#2941,#2940);
#2943=CARTESIAN_POINT('',(2.42E1,2.490000040853E1,5.099999999996E0));
#2944=DIRECTION('',(-1.828684483090E-12,1.E0,-1.123700482449E-11));
#2945=DIRECTION('',(8.314791584634E-1,-4.722762390036E-12,-5.555559459145E-1));
#2946=AXIS2_PLACEMENT_3D('',#2943,#2944,#2945);
#2948=CARTESIAN_POINT('',(2.607082459841E1,2.490000131342E1,6.350000791563E0));
#2949=CARTESIAN_POINT('',(2.607082421294E1,2.492381462280E1,6.350001368489E0));
#2950=CARTESIAN_POINT('',(2.607544984392E1,2.497271405942E1,6.358610077024E0));
#2951=CARTESIAN_POINT('',(2.609715374469E1,2.503957170092E1,6.399545082641E0));
#2952=CARTESIAN_POINT('',(2.613190830984E1,2.508758942610E1,6.465859411391E0));
#2953=CARTESIAN_POINT('',(2.616023524775E1,2.509999475995E1,6.521164563261E0));
#2954=CARTESIAN_POINT('',(2.617483466408E1,2.509999610181E1,6.549994185034E0));
#2956=DIRECTION('',(-7.358185624066E-7,9.999999999994E-1,-8.579935481899E-7));
#2957=VECTOR('',#2956,2.300002422581E0);
#2958=CARTESIAN_POINT('',(2.607082629081E1,2.26E1,3.850001181818E0));
#2959=LINE('',#2958,#2957);
#2960=DIRECTION('',(7.358263733107E-7,-9.999999999994E-1,-8.579910135871E-7));
#2961=VECTOR('',#2960,2.300001313421E0);
#2962=CARTESIAN_POINT('',(2.607082459841E1,2.490000131342E1,6.350000791563E0));
#2963=LINE('',#2962,#2961);
#2964=DIRECTION('',(9.999999999987E-1,-5.456915506036E-13,1.620762620729E-6));
#2965=VECTOR('',#2964,7.291737091871E-1);
#2966=CARTESIAN_POINT('',(2.607082629082E1,2.26E1,6.349998818183E0));
#2967=LINE('',#2966,#2965);
#2968=DIRECTION('',(-1.257576619796E-6,9.999999999984E-1,1.257576476143E-6));
#2969=VECTOR('',#2968,2.300002422567E0);
#2970=CARTESIAN_POINT('',(2.68E1,2.26E1,6.35E0));
#2971=LINE('',#2970,#2969);
#2972=DIRECTION('',(9.999999999947E-1,1.521099424835E-6,2.881164541550E-6));
#2973=VECTOR('',#2972,7.291725091624E-1);
#2974=CARTESIAN_POINT('',(2.607082459841E1,2.490000131342E1,6.350000791563E0));
#2975=LINE('',#2974,#2973);
#2976=CARTESIAN_POINT('',(2.679999710757E1,2.490000242256E1,6.350002892429E0));
#2977=CARTESIAN_POINT('',(2.679999663283E1,2.491959775168E1,6.350003367166E0));
#2978=CARTESIAN_POINT('',(2.679432300441E1,2.495948690520E1,6.355707422532E0));
#2979=CARTESIAN_POINT('',(2.676634155092E1,2.501688470114E1,6.383644932718E0));
#2980=CARTESIAN_POINT('',(2.672272634258E1,2.506197564862E1,6.427312454762E0));
#2981=CARTESIAN_POINT('',(2.666694980894E1,2.509207944412E1,6.483061434567E0));
#2982=CARTESIAN_POINT('',(2.662306755580E1,2.509999172804E1,6.526932444211E0));
#2983=CARTESIAN_POINT('',(2.660000161504E1,2.509999228686E1,6.549998384957E0));
#2985=DIRECTION('',(-9.999999999110E-1,8.972834278697E-6,-9.878291043830E-6));
#2986=VECTOR('',#2985,4.251669509944E-1);
#2987=CARTESIAN_POINT('',(2.660000161504E1,2.509999228686E1,6.549998384957E0));
#2988=LINE('',#2987,#2986);
#2989=DIRECTION('',(-8.993764583515E-12,7.690239307274E-11,1.E0));
#2990=VECTOR('',#2989,1.649997050573E0);
#2991=CARTESIAN_POINT('',(2.679999710757E1,2.490000242256E1,6.350002892429E0));
#2992=LINE('',#2991,#2990);
#2993=DIRECTION('',(7.693993408996E-7,-2.659693625201E-6,-9.999999999962E-1));
#2994=VECTOR('',#2993,1.450001587210E0);
#2995=CARTESIAN_POINT('',(2.660000049941E1,2.509999614342E1,7.999999972161E0));
#2996=LINE('',#2995,#2994);
#2997=DIRECTION('',(4.134066932724E-13,3.035955403719E-13,-1.E0));
#2998=VECTOR('',#2997,1.649999957500E0);
#2999=CARTESIAN_POINT('',(2.68E1,2.26E1,7.999999957500E0));
#3000=LINE('',#2999,#2998);
#3001=CARTESIAN_POINT('',(2.53E1,2.49E1,7.999999999996E0));
#3002=DIRECTION('',(0.E0,1.E0,0.E0));
#3003=DIRECTION('',(-8.500155246326E-8,0.E0,1.E0));
#3004=AXIS2_PLACEMENT_3D('',#3001,#3002,#3003);
#3006=DIRECTION('',(1.257582776728E-6,-9.999999999992E-1,6.303439241510E-9));
#3007=VECTOR('',#3006,2.300002422693E0);
#3008=CARTESIAN_POINT('',(2.679999710756E1,2.490000242269E1,7.999999943002E0));
#3009=LINE('',#3008,#3007);
#3010=DIRECTION('',(-6.274132302938E-9,9.999999999992E-1,-1.257576780849E-6));
#3011=VECTOR('',#3010,2.300001211287E0);
#3012=CARTESIAN_POINT('',(2.529999995750E1,2.26E1,9.499999999999E0));
#3013=LINE('',#3012,#3011);
#3014=CARTESIAN_POINT('',(2.66E1,2.489999999999E1,7.999999914697E0));
#3015=DIRECTION('',(-6.561623563245E-8,-1.360264132865E-11,-1.E0));
#3016=DIRECTION('',(2.422702266375E-5,9.999999997065E-1,-1.519229186907E-11));
#3017=AXIS2_PLACEMENT_3D('',#3014,#3015,#3016);
#3019=CARTESIAN_POINT('',(2.490603460074E1,2.64E1,-3.000000000039E-1));
#3020=DIRECTION('',(7.720686216307E-1,-6.355391754198E-1,0.E0));
#3021=DIRECTION('',(1.539722538155E-5,1.870492807576E-5,-9.999999997065E-1));
#3022=AXIS2_PLACEMENT_3D('',#3019,#3020,#3021);
#3024=CARTESIAN_POINT('',(2.490603460069E1,2.639999999999E1,
-2.999999999948E-1));
#3025=DIRECTION('',(-1.E0,0.E0,0.E0));
#3026=DIRECTION('',(0.E0,9.999999997065E-1,-2.422706627465E-5));
#3027=AXIS2_PLACEMENT_3D('',#3024,#3025,#3026);
#3029=DIRECTION('',(-1.257575533902E-6,9.999999999984E-1,-1.257576667680E-6));
#3030=VECTOR('',#3029,2.300002422567E0);
#3031=CARTESIAN_POINT('',(2.68E1,2.26E1,-6.35E0));
#3032=LINE('',#3031,#3030);
#3033=DIRECTION('',(9.999999999993E-1,-9.700136476783E-13,-1.148316830599E-6));
#3034=VECTOR('',#3033,1.029173709187E0);
#3035=CARTESIAN_POINT('',(2.577082629081E1,2.26E1,-6.349998818183E0));
#3036=LINE('',#3035,#3034);
#3037=DIRECTION('',(-4.177130129940E-13,-4.952267679826E-14,-1.E0));
#3038=VECTOR('',#3037,1.649999957500E0);
#3039=CARTESIAN_POINT('',(2.68E1,2.26E1,-6.35E0));
#3040=LINE('',#3039,#3038);
#3041=CARTESIAN_POINT('',(-1.88E1,2.949999999998E1,-8.299999999996E0));
#3042=DIRECTION('',(-2.311579270231E-12,1.E0,1.355177357517E-11));
#3043=DIRECTION('',(-1.024819176317E-12,1.355220878761E-11,-1.E0));
#3044=AXIS2_PLACEMENT_3D('',#3041,#3042,#3043);
#3046=CARTESIAN_POINT('',(1.88E1,2.949999999997E1,-8.299999999999E0));
#3047=DIRECTION('',(9.461678584507E-13,1.E0,2.062360898486E-11));
#3048=DIRECTION('',(1.E0,-9.455664933513E-13,-5.684330364655E-13));
#3049=AXIS2_PLACEMENT_3D('',#3046,#3047,#3048);
#3051=CARTESIAN_POINT('',(1.88E1,2.949999999998E1,8.299999999996E0));
#3052=DIRECTION('',(2.311579270231E-12,1.E0,-1.355177357517E-11));
#3053=DIRECTION('',(1.033017729727E-12,1.355220878761E-11,1.E0));
#3054=AXIS2_PLACEMENT_3D('',#3051,#3052,#3053);
#3056=CARTESIAN_POINT('',(-1.88E1,2.949999999997E1,8.299999999999E0));
#3057=DIRECTION('',(-9.461678584507E-13,1.E0,-2.062360898486E-11));
#3058=DIRECTION('',(-1.E0,-9.455664933513E-13,5.697994620340E-13));
#3059=AXIS2_PLACEMENT_3D('',#3056,#3057,#3058);
#3061=CARTESIAN_POINT('',(1.88E1,2.95E1,-8.300000000008E0));
#3062=DIRECTION('',(0.E0,-1.E0,0.E0));
#3063=DIRECTION('',(-3.449736053726E-12,0.E0,-1.E0));
#3064=AXIS2_PLACEMENT_3D('',#3061,#3062,#3063);
#3066=CARTESIAN_POINT('',(-1.88E1,2.95E1,-8.300000000001E0));
#3067=DIRECTION('',(0.E0,-1.E0,0.E0));
#3068=DIRECTION('',(-1.E0,0.E0,1.195505851772E-12));
#3069=AXIS2_PLACEMENT_3D('',#3066,#3067,#3068);
#3071=CARTESIAN_POINT('',(-1.88E1,2.95E1,8.300000000008E0));
#3072=DIRECTION('',(0.E0,-1.E0,0.E0));
#3073=DIRECTION('',(3.456841586277E-12,0.E0,1.E0));
#3074=AXIS2_PLACEMENT_3D('',#3071,#3072,#3073);
#3076=CARTESIAN_POINT('',(1.88E1,2.95E1,8.300000000001E0));
#3077=DIRECTION('',(0.E0,-1.E0,0.E0));
#3078=DIRECTION('',(1.E0,0.E0,-1.191953085497E-12));
#3079=AXIS2_PLACEMENT_3D('',#3076,#3077,#3078);
#3081=DIRECTION('',(4.044957161210E-14,0.E0,1.E0));
#3082=VECTOR('',#3081,1.659999991427E1);
#3083=CARTESIAN_POINT('',(1.979999506517E1,2.95E1,-8.299999957137E0));
#3084=LINE('',#3083,#3082);
#3085=DIRECTION('',(-1.562337932940E-14,-1.523814531854E-13,-1.E0));
#3086=VECTOR('',#3085,1.660000010781E1);
#3087=CARTESIAN_POINT('',(1.959999725838E1,2.999999599452E1,8.300000053905E0));
#3088=LINE('',#3087,#3086);
#3089=DIRECTION('',(4.344583586075E-14,-2.011777621138E-14,1.E0));
#3090=VECTOR('',#3089,1.660000003471E1);
#3091=CARTESIAN_POINT('',(1.979998959939E1,2.980000157803E1,-8.300000016412E0));
#3092=LINE('',#3091,#3090);
#3093=CARTESIAN_POINT('',(1.E1,3.E1,-1.953127819308E-13));
#3094=DIRECTION('',(0.E0,-1.E0,0.E0));
#3095=DIRECTION('',(2.062723235839E-1,0.E0,-9.784946236558E-1));
#3096=AXIS2_PLACEMENT_3D('',#3093,#3094,#3095);
#3098=CARTESIAN_POINT('',(1.88E1,2.999999955285E1,-8.300000000001E0));
#3099=DIRECTION('',(1.532147454166E-12,1.E0,9.175191472222E-13));
#3100=DIRECTION('',(1.E0,-1.532108160381E-12,7.971403327199E-13));
#3101=AXIS2_PLACEMENT_3D('',#3098,#3099,#3100);
#3103=CARTESIAN_POINT('',(1.88E1,2.999999955289E1,8.300000000007E0));
#3104=DIRECTION('',(4.547033088764E-11,1.E0,5.121211984086E-11));
#3105=DIRECTION('',(-5.240253997865E-12,-5.121238059608E-11,1.E0));
#3106=AXIS2_PLACEMENT_3D('',#3103,#3104,#3105);
#3108=DIRECTION('',(1.E0,-2.163811608195E-8,-1.307667343265E-7));
#3109=VECTOR('',#3108,6.881675379202E0);
#3110=CARTESIAN_POINT('',(1.191832467470E1,2.999999614343E1,9.099998158280E0));
#3111=LINE('',#3110,#3109);
#3112=DIRECTION('',(-1.E0,9.596963860512E-8,2.156583135234E-7));
#3113=VECTOR('',#3112,8.800000193851E0);
#3114=CARTESIAN_POINT('',(1.880000001640E1,2.980000157803E1,9.299989599391E0));
#3115=LINE('',#3114,#3113);
#3116=CARTESIAN_POINT('',(9.999999822547E0,2.980000242256E1,9.299991497184E0));
#3117=CARTESIAN_POINT('',(1.023920758713E1,2.983508055698E1,9.299991081393E0));
#3118=CARTESIAN_POINT('',(1.070058682928E1,2.990254608242E1,9.281540758651E0));
#3119=CARTESIAN_POINT('',(1.133924614166E1,2.997753259347E1,9.210008765622E0));
#3120=CARTESIAN_POINT('',(1.173143560715E1,2.999999518895E1,9.139395426929E0));
#3121=CARTESIAN_POINT('',(1.191832467470E1,2.999999614343E1,9.099998158280E0));
#3123=CARTESIAN_POINT('',(1.959998668549E1,2.980000146701E1,8.300000161563E0));
#3124=DIRECTION('',(2.019613607462E-7,5.121211065761E-11,-1.E0));
#3125=DIRECTION('',(9.080408110814E-5,9.999999958773E-1,6.955391758187E-11));
#3126=AXIS2_PLACEMENT_3D('',#3123,#3124,#3125);
#3128=CARTESIAN_POINT('',(1.88E1,2.980000146705E1,8.299999999996E0));
#3129=DIRECTION('',(-4.547033088764E-11,-1.E0,-5.121211984086E-11));
#3130=DIRECTION('',(1.E0,-4.547187483095E-11,-1.285871717424E-7));
#3131=AXIS2_PLACEMENT_3D('',#3128,#3129,#3130);
#3133=CARTESIAN_POINT('',(1.880000016013E1,2.980000146701E1,9.099986685495E0));
#3134=DIRECTION('',(-1.E0,4.547032063650E-11,2.001701943088E-7));
#3135=DIRECTION('',(2.001701884208E-7,1.689045815759E-5,9.999999998573E-1));
#3136=AXIS2_PLACEMENT_3D('',#3133,#3134,#3135);
#3138=DIRECTION('',(1.821916765269E-5,-9.999999998340E-1,-2.038674170993E-7));
#3139=VECTOR('',#3138,3.000015780818E-1);
#3140=CARTESIAN_POINT('',(1.979998959939E1,2.980000157803E1,8.300000018298E0));
#3141=LINE('',#3140,#3139);
#3142=DIRECTION('',(1.975362837017E-7,9.999999998340E-1,-1.821916759948E-5));
#3143=VECTOR('',#3142,3.000015780803E-1);
#3144=CARTESIAN_POINT('',(1.879999995714E1,2.95E1,9.299995065170E0));
#3145=LINE('',#3144,#3143);
#3146=DIRECTION('',(-1.E0,0.E0,0.E0));
#3147=VECTOR('',#3146,3.759999991427E1);
#3148=CARTESIAN_POINT('',(1.879999995714E1,2.95E1,9.299995065170E0));
#3149=LINE('',#3148,#3147);
#3150=DIRECTION('',(-1.E0,-2.932397464525E-8,-6.589560618793E-8));
#3151=VECTOR('',#3150,2.879999984085E1);
#3152=CARTESIAN_POINT('',(9.999999822547E0,2.980000242256E1,9.299991497184E0));
#3153=LINE('',#3152,#3151);
#3154=DIRECTION('',(1.E0,5.539343819871E-9,3.255293296491E-8));
#3155=VECTOR('',#3154,2.688167410235E1);
#3156=CARTESIAN_POINT('',(-1.880000005390E1,2.999999599452E1,9.099997258386E0));
#3157=LINE('',#3156,#3155);
#3158=CARTESIAN_POINT('',(8.081674048450E0,2.999999614343E1,9.099998133464E0));
#3159=CARTESIAN_POINT('',(8.269125871429E0,2.999999518607E1,9.139514041726E0));
#3160=CARTESIAN_POINT('',(8.662052328750E0,2.997736018941E1,9.210298689725E0));
#3161=CARTESIAN_POINT('',(9.300655604614E0,2.990238724476E1,9.281593833336E0));
#3162=CARTESIAN_POINT('',(9.761322120315E0,2.983500282707E1,9.299991064098E0));
#3163=CARTESIAN_POINT('',(9.999999822547E0,2.980000242256E1,9.299991497184E0));
#3165=CARTESIAN_POINT('',(-1.880000016157E1,2.980000146700E1,9.099986685494E0));
#3166=DIRECTION('',(1.E0,1.532147639472E-12,2.019649495005E-7));
#3167=DIRECTION('',(-1.987762323437E-11,9.999999958773E-1,9.080408900417E-5));
#3168=AXIS2_PLACEMENT_3D('',#3165,#3166,#3167);
#3170=CARTESIAN_POINT('',(-1.88E1,2.980000146700E1,8.300000000001E0));
#3171=DIRECTION('',(1.532147454166E-12,-1.E0,9.175191472222E-13));
#3172=DIRECTION('',(1.285893957758E-7,9.166140875419E-13,1.E0));
#3173=AXIS2_PLACEMENT_3D('',#3170,#3171,#3172);
#3175=CARTESIAN_POINT('',(-1.959998668549E1,2.980000146700E1,8.300000160134E0));
#3176=DIRECTION('',(-2.001694832110E-7,-9.175194539114E-13,-1.E0));
#3177=DIRECTION('',(-9.999999998573E-1,1.689047251070E-5,2.001694867532E-7));
#3178=AXIS2_PLACEMENT_3D('',#3175,#3176,#3177);
#3180=CARTESIAN_POINT('',(-1.88E1,2.999999955285E1,8.300000000001E0));
#3181=DIRECTION('',(-1.532147454166E-12,1.E0,-9.175191472222E-13));
#3182=DIRECTION('',(-1.E0,-1.532108160381E-12,-7.993607793292E-13));
#3183=AXIS2_PLACEMENT_3D('',#3180,#3181,#3182);
#3185=CARTESIAN_POINT('',(-1.88E1,2.999999955289E1,-8.300000000007E0));
#3186=DIRECTION('',(-4.547033088764E-11,1.E0,-5.121211984086E-11));
#3187=DIRECTION('',(5.244694891084E-12,-5.121238059608E-11,-1.E0));
#3188=AXIS2_PLACEMENT_3D('',#3185,#3186,#3187);
#3190=CARTESIAN_POINT('',(1.E1,3.E1,-1.953127819308E-13));
#3191=DIRECTION('',(0.E0,-1.E0,0.E0));
#3192=DIRECTION('',(-2.901233884566E-1,0.E0,-9.569892473118E-1));
#3193=AXIS2_PLACEMENT_3D('',#3190,#3191,#3192);
#3195=CARTESIAN_POINT('',(-1.41E1,3.E1,-7.900000000001E0));
#3196=DIRECTION('',(0.E0,-1.E0,0.E0));
#3197=DIRECTION('',(-1.E0,0.E0,1.194617660204E-12));
#3198=AXIS2_PLACEMENT_3D('',#3195,#3196,#3197);
#3200=CARTESIAN_POINT('',(-1.07E1,3.E1,-1.142943275477E-12));
#3201=DIRECTION('',(0.E0,-1.E0,0.E0));
#3202=DIRECTION('',(-7.333333333335E-1,0.E0,6.798692684788E-1));
#3203=AXIS2_PLACEMENT_3D('',#3200,#3201,#3202);
#3205=CARTESIAN_POINT('',(-1.41E1,3.E1,7.900000000001E0));
#3206=DIRECTION('',(0.E0,-1.E0,0.E0));
#3207=DIRECTION('',(-1.060500733296E-12,0.E0,1.E0));
#3208=AXIS2_PLACEMENT_3D('',#3205,#3206,#3207);
#3210=CARTESIAN_POINT('',(1.E1,3.E1,-1.953127819308E-13));
#3211=DIRECTION('',(0.E0,-1.E0,0.E0));
#3212=DIRECTION('',(-2.062723235833E-1,0.E0,9.784946236559E-1));
#3213=AXIS2_PLACEMENT_3D('',#3210,#3211,#3212);
#3215=DIRECTION('',(1.540936043448E-14,-1.523814531854E-13,1.E0));
#3216=VECTOR('',#3215,1.660000010781E1);
#3217=CARTESIAN_POINT('',(-1.959999725838E1,2.999999599452E1,
-8.300000053905E0));
#3218=LINE('',#3217,#3216);
#3219=DIRECTION('',(-4.344583586075E-14,-2.011777621138E-14,-1.E0));
#3220=VECTOR('',#3219,1.660000003471E1);
#3221=CARTESIAN_POINT('',(-1.979998959939E1,2.980000157803E1,8.300000016412E0));
#3222=LINE('',#3221,#3220);
#3223=DIRECTION('',(-4.044957161210E-14,0.E0,-1.E0));
#3224=VECTOR('',#3223,1.659999991427E1);
#3225=CARTESIAN_POINT('',(-1.979999506517E1,2.95E1,8.299999957137E0));
#3226=LINE('',#3225,#3224);
#3227=DIRECTION('',(2.038678019739E-7,-9.999999998340E-1,1.821916850528E-5));
#3228=VECTOR('',#3227,3.000015780827E-1);
#3229=CARTESIAN_POINT('',(-1.880000001830E1,2.980000157803E1,9.299989599391E0));
#3230=LINE('',#3229,#3228);
#3231=DIRECTION('',(1.821916778293E-5,9.999999998340E-1,1.975820542543E-7));
#3232=VECTOR('',#3231,3.000015780821E-1);
#3233=CARTESIAN_POINT('',(-1.979999506517E1,2.95E1,8.299999957137E0));
#3234=LINE('',#3233,#3232);
#3235=DIRECTION('',(-1.821916765269E-5,-9.999999998340E-1,2.038674170993E-7));
#3236=VECTOR('',#3235,3.000015780818E-1);
#3237=CARTESIAN_POINT('',(-1.979998959939E1,2.980000157803E1,
-8.300000018298E0));
#3238=LINE('',#3237,#3236);
#3239=DIRECTION('',(-1.975429864529E-7,9.999999998340E-1,1.821916761133E-5));
#3240=VECTOR('',#3239,3.000015780803E-1);
#3241=CARTESIAN_POINT('',(-1.879999995714E1,2.95E1,-9.299995065170E0));
#3242=LINE('',#3241,#3240);
#3243=CARTESIAN_POINT('',(-1.959998668549E1,2.980000146701E1,
-8.300000161563E0));
#3244=DIRECTION('',(-2.019613607462E-7,5.121211065761E-11,1.E0));
#3245=DIRECTION('',(-9.080408110814E-5,9.999999958773E-1,-6.955391758187E-11));
#3246=AXIS2_PLACEMENT_3D('',#3243,#3244,#3245);
#3248=CARTESIAN_POINT('',(-1.88E1,2.980000146705E1,-8.299999999996E0));
#3249=DIRECTION('',(4.547033088764E-11,-1.E0,5.121211984086E-11));
#3250=DIRECTION('',(-1.E0,-4.547187483095E-11,1.285871717424E-7));
#3251=AXIS2_PLACEMENT_3D('',#3248,#3249,#3250);
#3253=CARTESIAN_POINT('',(-1.880000016013E1,2.980000146701E1,
-9.099986685495E0));
#3254=DIRECTION('',(1.E0,4.547032063650E-11,-2.001701943088E-7));
#3255=DIRECTION('',(-2.001701884208E-7,1.689045819311E-5,-9.999999998573E-1));
#3256=AXIS2_PLACEMENT_3D('',#3253,#3254,#3255);
#3258=DIRECTION('',(-1.E0,-5.539331000236E-9,3.255294670967E-8));
#3259=VECTOR('',#3258,2.688167410236E1);
#3260=CARTESIAN_POINT('',(8.081674048450E0,2.999999614343E1,-9.099998133464E0));
#3261=LINE('',#3260,#3259);
#3262=DIRECTION('',(1.E0,2.932405692704E-8,-6.589560101123E-8));
#3263=VECTOR('',#3262,2.879999983895E1);
#3264=CARTESIAN_POINT('',(-1.880000001640E1,2.980000157803E1,
-9.299989599391E0));
#3265=LINE('',#3264,#3263);
#3266=DIRECTION('',(1.E0,0.E0,0.E0));
#3267=VECTOR('',#3266,3.759999991427E1);
#3268=CARTESIAN_POINT('',(-1.879999995714E1,2.95E1,-9.299995065170E0));
#3269=LINE('',#3268,#3267);
#3270=DIRECTION('',(-2.038678019739E-7,-9.999999998340E-1,-1.821916849936E-5));
#3271=VECTOR('',#3270,3.000015780827E-1);
#3272=CARTESIAN_POINT('',(1.880000001830E1,2.980000157803E1,-9.299989599391E0));
#3273=LINE('',#3272,#3271);
#3274=DIRECTION('',(-1.821916778293E-5,9.999999998340E-1,-1.975820542543E-7));
#3275=VECTOR('',#3274,3.000015780821E-1);
#3276=CARTESIAN_POINT('',(1.979999506517E1,2.95E1,-8.299999957137E0));
#3277=LINE('',#3276,#3275);
#3278=CARTESIAN_POINT('',(1.880000016157E1,2.980000146700E1,-9.099986685494E0));
#3279=DIRECTION('',(-1.E0,1.532147639472E-12,-2.019649495005E-7));
#3280=DIRECTION('',(1.987762323437E-11,9.999999958773E-1,-9.080408901305E-5));
#3281=AXIS2_PLACEMENT_3D('',#3278,#3279,#3280);
#3283=CARTESIAN_POINT('',(1.88E1,2.980000146700E1,-8.300000000001E0));
#3284=DIRECTION('',(-1.532147454166E-12,-1.E0,-9.175191472222E-13));
#3285=DIRECTION('',(-1.285893957758E-7,9.166140875419E-13,-1.E0));
#3286=AXIS2_PLACEMENT_3D('',#3283,#3284,#3285);
#3288=CARTESIAN_POINT('',(1.959998668549E1,2.980000146700E1,-8.300000160134E0));
#3289=DIRECTION('',(2.001694832110E-7,-9.175194539114E-13,1.E0));
#3290=DIRECTION('',(9.999999998573E-1,1.689047251070E-5,-2.001694867532E-7));
#3291=AXIS2_PLACEMENT_3D('',#3288,#3289,#3290);
#3293=DIRECTION('',(1.E0,-9.596936970860E-8,2.156583526375E-7));
#3294=VECTOR('',#3293,8.800000195749E0);
#3295=CARTESIAN_POINT('',(9.999999822550E0,2.980000242256E1,-9.299991497184E0));
#3296=LINE('',#3295,#3294);
#3297=DIRECTION('',(-1.E0,2.163816615894E-8,-1.307667211623E-7));
#3298=VECTOR('',#3297,6.881675379183E0);
#3299=CARTESIAN_POINT('',(1.880000005390E1,2.999999599452E1,-9.099997258386E0));
#3300=LINE('',#3299,#3298);
#3301=DIRECTION('',(2.108441937710E-7,9.999999999987E-1,-1.599374520131E-6));
#3302=VECTOR('',#3301,2.600001233732E0);
#3303=CARTESIAN_POINT('',(7.301853829136E0,3.E1,8.899996619962E0));
#3304=LINE('',#3303,#3302);
#3305=DIRECTION('',(-2.108392964939E-7,-9.999999999987E-1,-1.599374505098E-6));
#3306=VECTOR('',#3305,2.600001233734E0);
#3307=CARTESIAN_POINT('',(7.301854377321E0,3.260000123373E1,-8.899992461586E0));
#3308=LINE('',#3307,#3306);
#3309=CARTESIAN_POINT('',(8.081674048450E0,2.999999614343E1,-9.099998133464E0));
#3310=CARTESIAN_POINT('',(8.270043561019E0,2.999999518139E1,-9.139707495900E0));
#3311=CARTESIAN_POINT('',(8.663633643866E0,2.997742805330E1,-9.210443780539E0));
#3312=CARTESIAN_POINT('',(9.302563199960E0,2.990206763653E1,-9.281752946878E0));
#3313=CARTESIAN_POINT('',(9.762062604088E0,2.983489424034E1,-9.299991065442E0));
#3314=CARTESIAN_POINT('',(9.999999822550E0,2.980000242256E1,-9.299991497184E0));
#3316=CARTESIAN_POINT('',(9.999999822550E0,2.980000242256E1,-9.299991497184E0));
#3317=CARTESIAN_POINT('',(1.023875367898E1,2.983501399455E1,-9.299991082182E0));
#3318=CARTESIAN_POINT('',(1.069933445661E1,2.990237601195E1,-9.281630540371E0));
#3319=CARTESIAN_POINT('',(1.133832484978E1,2.997745972330E1,-9.210141371804E0));
#3320=CARTESIAN_POINT('',(1.173078571058E1,2.999999518563E1,-9.139532428791E0));
#3321=CARTESIAN_POINT('',(1.191832467472E1,2.999999614343E1,-9.099998158281E0));
#3323=DIRECTION('',(1.E0,2.158003614342E-14,7.264752071804E-8));
#3324=VECTOR('',#3323,2.140185378627E1);
#3325=CARTESIAN_POINT('',(-1.409999995714E1,3.E1,8.899995065170E0));
#3326=LINE('',#3325,#3324);
#3327=DIRECTION('',(1.E0,-9.098041879970E-10,-8.428939958055E-8));
#3328=VECTOR('',#3327,1.003167232290E1);
#3329=CARTESIAN_POINT('',(-2.700003506574E0,3.279999614343E1,8.699998076434E0));
#3330=LINE('',#3329,#3328);
#3331=CARTESIAN_POINT('',(7.331668816331E0,3.279999613430E1,8.699997230870E0));
#3332=CARTESIAN_POINT('',(7.327679904458E0,3.279999614582E1,8.726589271021E0));
#3333=CARTESIAN_POINT('',(7.319782648462E0,3.278924706603E1,8.779407955759E0));
#3334=CARTESIAN_POINT('',(7.309914150679E0,3.274444779214E1,8.845666659556E0));
#3335=CARTESIAN_POINT('',(7.303384313069E0,3.267818696837E1,8.889645875425E0));
#3336=CARTESIAN_POINT('',(7.301852294446E0,3.262606520426E1,8.899991830133E0));
#3337=CARTESIAN_POINT('',(7.301854377331E0,3.260000123373E1,8.899992461586E0));
#3339=DIRECTION('',(-1.E0,3.596669406280E-8,-1.181857349936E-7));
#3340=VECTOR('',#3339,1.060185442020E1);
#3341=CARTESIAN_POINT('',(7.301854377331E0,3.260000123373E1,8.899992461586E0));
#3342=LINE('',#3341,#3340);
#3343=CARTESIAN_POINT('',(-3.300000042865E0,3.260000161504E1,8.899991208598E0));
#3344=CARTESIAN_POINT('',(-3.237975730522E0,3.262773913378E1,8.899990876587E0));
#3345=CARTESIAN_POINT('',(-3.119321303807E0,3.268069149510E1,8.888486081464E0));
#3346=CARTESIAN_POINT('',(-2.959860549197E0,3.274477941003E1,8.844872103578E0));
#3347=CARTESIAN_POINT('',(-2.818250303975E0,3.278852623436E1,8.780648213350E0));
#3348=CARTESIAN_POINT('',(-2.736929348835E0,3.279999547248E1,8.727692340065E0));
#3349=CARTESIAN_POINT('',(-2.700003506574E0,3.279999614343E1,8.699998076434E0));
#3351=CARTESIAN_POINT('',(-3.300000000001E0,3.28E1,7.9E0));
#3352=DIRECTION('',(0.E0,-1.E0,0.E0));
#3353=DIRECTION('',(1.E0,0.E0,-9.770107258154E-14));
#3354=AXIS2_PLACEMENT_3D('',#3351,#3352,#3353);
#3356=CARTESIAN_POINT('',(-3.3E0,3.28E1,-7.899999999999E0));
#3357=DIRECTION('',(0.E0,-1.E0,0.E0));
#3358=DIRECTION('',(5.999999999997E-1,0.E0,-8.000000000003E-1));
#3359=AXIS2_PLACEMENT_3D('',#3356,#3357,#3358);
#3361=CARTESIAN_POINT('',(1.E1,3.279999997260E1,2.352175352542E-14));
#3362=DIRECTION('',(4.811225673788E-12,1.E0,5.533111741634E-13));
#3363=DIRECTION('',(-2.932233860249E-1,8.815428832581E-13,9.560439560439E-1));
#3364=AXIS2_PLACEMENT_3D('',#3361,#3362,#3363);
#3366=CARTESIAN_POINT('',(9.999999999998E0,3.28E1,-1.316280417996E-12));
#3367=DIRECTION('',(0.E0,-1.E0,0.E0));
#3368=DIRECTION('',(-1.E0,0.E0,2.026413225255E-13));
#3369=AXIS2_PLACEMENT_3D('',#3366,#3367,#3368);
#3371=CARTESIAN_POINT('',(1.E1,3.28E1,-1.350031197944E-13));
#3372=DIRECTION('',(0.E0,-1.E0,0.E0));
#3373=DIRECTION('',(1.E0,0.E0,2.090635357140E-14));
#3374=AXIS2_PLACEMENT_3D('',#3371,#3372,#3373);
#3376=DIRECTION('',(1.952607634727E-7,9.999999999837E-1,-5.713272766874E-6));
#3377=VECTOR('',#3376,2.999997060590E-1);
#3378=CARTESIAN_POINT('',(-3.300000042865E0,3.260000161504E1,8.899991208598E0));
#3379=LINE('',#3378,#3377);
#3380=DIRECTION('',(5.570429488252E-5,-9.999999984483E-1,-5.859200830863E-7));
#3381=VECTOR('',#3380,1.000024228198E-1);
#3382=CARTESIAN_POINT('',(-2.300010505395E0,3.290000242266E1,7.900000015731E0));
#3383=LINE('',#3382,#3381);
#3384=CARTESIAN_POINT('',(-3.3E0,3.290000043926E1,7.9E0));
#3385=DIRECTION('',(2.372607720698E-13,-1.E0,8.479625299553E-13));
#3386=DIRECTION('',(1.E0,2.344827718289E-13,-1.285906034294E-7));
#3387=AXIS2_PLACEMENT_3D('',#3384,#3385,#3386);
#3389=DIRECTION('',(-1.E0,1.019970534690E-7,-1.140486878569E-12));
#3390=VECTOR('',#3389,1.080000003144E1);
#3391=CARTESIAN_POINT('',(-3.299999984287E0,3.290000132110E1,8.899989494618E0));
#3392=LINE('',#3391,#3390);
#3393=DIRECTION('',(1.E0,-1.282924371205E-13,0.E0));
#3394=VECTOR('',#3393,1.080000010781E1);
#3395=CARTESIAN_POINT('',(-1.410000005391E1,3.309999585483E1,8.699997258402E0));
#3396=LINE('',#3395,#3394);
#3397=CARTESIAN_POINT('',(-3.3E0,3.289999999999E1,8.699999999995E0));
#3398=DIRECTION('',(1.E0,0.E0,0.E0));
#3399=DIRECTION('',(0.E0,9.999999997065E-1,2.422706544830E-5));
#3400=AXIS2_PLACEMENT_3D('',#3397,#3398,#3399);
#3402=CARTESIAN_POINT('',(-1.410000015746E1,3.290000043926E1,8.699985657734E0));
#3403=DIRECTION('',(1.E0,2.416689356103E-11,1.968359832488E-7));
#3404=DIRECTION('',(-4.305028891858E-11,9.999999953975E-1,9.594272878789E-5));
#3405=AXIS2_PLACEMENT_3D('',#3402,#3403,#3404);
#3407=CARTESIAN_POINT('',(-1.41E1,3.29E1,7.900000000001E0));
#3408=DIRECTION('',(0.E0,1.E0,0.E0));
#3409=DIRECTION('',(-1.E0,0.E0,-1.285918966136E-7));
#3410=AXIS2_PLACEMENT_3D('',#3407,#3408,#3409);
#3412=DIRECTION('',(2.020417821993E-8,-9.999999999982E-1,1.920882717390E-6));
#3413=VECTOR('',#3412,2.900002422670E0);
#3414=CARTESIAN_POINT('',(-1.410000001573E1,3.290000242266E1,8.899989494605E0));
#3415=LINE('',#3414,#3413);
#3416=DIRECTION('',(1.920879349171E-6,9.999999999982E-1,2.019893860006E-8));
#3417=VECTOR('',#3416,2.900001321100E0);
#3418=CARTESIAN_POINT('',(-1.509999506517E1,3.E1,7.899999957137E0));
#3419=LINE('',#3418,#3417);
#3420=CARTESIAN_POINT('',(-1.509999680847E1,3.279999998390E1,3.778885773477E0));
#3421=CARTESIAN_POINT('',(-1.509999680847E1,3.280000031242E1,3.813545692374E0));
#3422=CARTESIAN_POINT('',(-1.510000143229E1,3.279261312059E1,3.877975282447E0));
#3423=CARTESIAN_POINT('',(-1.509999977428E1,3.276359023735E1,3.961443349448E0));
#3424=CARTESIAN_POINT('',(-1.509999947059E1,3.271928871616E1,4.027292693506E0));
#3425=CARTESIAN_POINT('',(-1.510000234338E1,3.266086908108E1,4.070311452902E0));
#3426=CARTESIAN_POINT('',(-1.509999488506E1,3.262092374486E1,4.079210952231E0));
#3427=CARTESIAN_POINT('',(-1.509999488506E1,3.260000005277E1,4.079210952231E0));
#3429=DIRECTION('',(-1.024761832462E-13,-4.699802202273E-12,1.E0));
#3430=VECTOR('',#3429,7.557771546954E0);
#3431=CARTESIAN_POINT('',(-1.509999680847E1,3.279999998394E1,
-3.778885773476E0));
#3432=LINE('',#3431,#3430);
#3433=CARTESIAN_POINT('',(-1.509999488506E1,3.260000005281E1,
-4.079210952233E0));
#3434=CARTESIAN_POINT('',(-1.509999488506E1,3.262083209723E1,
-4.079210952232E0));
#3435=CARTESIAN_POINT('',(-1.510000234338E1,3.266065920338E1,
-4.070429150810E0));
#3436=CARTESIAN_POINT('',(-1.509999947059E1,3.271934441022E1,
-4.027268637723E0));
#3437=CARTESIAN_POINT('',(-1.509999977428E1,3.276361719198E1,
-3.961379663838E0));
#3438=CARTESIAN_POINT('',(-1.510000143229E1,3.279263507752E1,
-3.877876829928E0));
#3439=CARTESIAN_POINT('',(-1.509999680847E1,3.280000031206E1,
-3.813503741854E0));
#3440=CARTESIAN_POINT('',(-1.509999680847E1,3.279999998394E1,
-3.778885773476E0));
#3442=DIRECTION('',(-6.192282598308E-7,0.E0,9.999999999998E-1));
#3443=VECTOR('',#3442,3.820786686175E0);
#3444=CARTESIAN_POINT('',(-1.509999506517E1,3.E1,-7.899999957137E0));
#3445=LINE('',#3444,#3443);
#3446=DIRECTION('',(6.192280678190E-7,-1.190192984423E-13,9.999999999998E-1));
#3447=VECTOR('',#3446,3.820786686176E0);
#3448=CARTESIAN_POINT('',(-1.509999743111E1,3.E1,4.079213270961E0));
#3449=LINE('',#3448,#3447);
#3450=DIRECTION('',(-9.792489656142E-7,-9.999999999991E-1,8.918192908987E-7));
#3451=VECTOR('',#3450,2.600000052771E0);
#3452=CARTESIAN_POINT('',(-1.509999488506E1,3.260000005277E1,4.079210952231E0));
#3453=LINE('',#3452,#3451);
#3454=DIRECTION('',(9.792485966641E-7,9.999999999991E-1,8.918192656066E-7));
#3455=VECTOR('',#3454,2.600000052810E0);
#3456=CARTESIAN_POINT('',(-1.509999743111E1,3.E1,-4.079213270963E0));
#3457=LINE('',#3456,#3455);
#3458=CARTESIAN_POINT('',(-1.07E1,3.260000015828E1,-1.650262585096E-12));
#3459=DIRECTION('',(-1.816441186003E-11,-1.E0,-1.409737834055E-11));
#3460=DIRECTION('',(-7.333333229392E-1,3.736276985205E-12,6.798692796905E-1));
#3461=AXIS2_PLACEMENT_3D('',#3458,#3459,#3460);
#3463=CARTESIAN_POINT('',(-1.07E1,3.279999995152E1,1.169210168158E-12));
#3464=DIRECTION('',(1.816441186003E-11,1.E0,1.409737834055E-11));
#3465=DIRECTION('',(-7.586206896553E-1,2.296523752586E-11,-6.515325388858E-1));
#3466=AXIS2_PLACEMENT_3D('',#3463,#3464,#3465);
#3468=DIRECTION('',(-1.884752145629E-6,-9.999999999982E-1,2.019920381255E-8));
#3469=VECTOR('',#3468,2.900002422649E0);
#3470=CARTESIAN_POINT('',(-1.509998959938E1,3.290000242264E1,
-7.900000015715E0));
#3471=LINE('',#3470,#3469);
#3472=DIRECTION('',(-2.020453263774E-8,9.999999999982E-1,1.884750308726E-6));
#3473=VECTOR('',#3472,2.900001578034E0);
#3474=CARTESIAN_POINT('',(-1.409999995714E1,3.E1,-8.899995065170E0));
#3475=LINE('',#3474,#3473);
#3476=CARTESIAN_POINT('',(-1.409999999999E1,3.290000146704E1,
-7.899999999993E0));
#3477=DIRECTION('',(3.853541478529E-11,-1.E0,4.925315100274E-11));
#3478=DIRECTION('',(-1.E0,-3.853331935427E-11,1.285835212733E-7));
#3479=AXIS2_PLACEMENT_3D('',#3476,#3477,#3478);
#3481=DIRECTION('',(1.E0,7.820696824547E-8,9.702371388312E-9));
#3482=VECTOR('',#3481,1.080000003146E1);
#3483=CARTESIAN_POINT('',(-1.410000001573E1,3.290000157803E1,
-8.899989599391E0));
#3484=LINE('',#3483,#3482);
#3485=DIRECTION('',(-1.E0,1.293456061845E-8,1.555299083860E-12));
#3486=VECTOR('',#3485,1.080000010781E1);
#3487=CARTESIAN_POINT('',(-3.299999946094E0,3.309999585483E1,
-8.699997258402E0));
#3488=LINE('',#3487,#3486);
#3489=CARTESIAN_POINT('',(-1.41E1,3.289999999999E1,-8.699999999995E0));
#3490=DIRECTION('',(-1.E0,0.E0,0.E0));
#3491=DIRECTION('',(0.E0,9.999999997065E-1,-2.422706541277E-5));
#3492=AXIS2_PLACEMENT_3D('',#3489,#3490,#3491);
#3494=DIRECTION('',(-1.E0,0.E0,7.264754221507E-8));
#3495=VECTOR('',#3494,2.140185378627E1);
#3496=CARTESIAN_POINT('',(7.301853829139E0,3.E1,-8.899996619962E0));
#3497=LINE('',#3496,#3495);
#3498=DIRECTION('',(1.E0,-3.596646485236E-8,-1.181858031872E-7));
#3499=VECTOR('',#3498,1.060185442018E1);
#3500=CARTESIAN_POINT('',(-3.300000042862E0,3.260000161504E1,
-8.899991208598E0));
#3501=LINE('',#3500,#3499);
#3502=CARTESIAN_POINT('',(7.301854377321E0,3.260000123373E1,-8.899992461586E0));
#3503=CARTESIAN_POINT('',(7.301852288035E0,3.262614530411E1,-8.899991828193E0));
#3504=CARTESIAN_POINT('',(7.303392674892E0,3.267838817363E1,-8.889590441066E0));
#3505=CARTESIAN_POINT('',(7.309951076139E0,3.274469706950E1,-8.845417615651E0));
#3506=CARTESIAN_POINT('',(7.319811135424E0,3.278929885432E1,-8.779217172564E0));
#3507=CARTESIAN_POINT('',(7.327691174532E0,3.279999614579E1,-8.726514139128E0));
#3508=CARTESIAN_POINT('',(7.331668816322E0,3.279999613430E1,-8.699997230870E0));
#3510=DIRECTION('',(-1.E0,9.094875781718E-10,-8.428937107158E-8));
#3511=VECTOR('',#3510,1.003167232290E1);
#3512=CARTESIAN_POINT('',(7.331668816322E0,3.279999613430E1,-8.699997230870E0));
#3513=LINE('',#3512,#3511);
#3514=CARTESIAN_POINT('',(-2.700003506573E0,3.279999614343E1,
-8.699998076434E0));
#3515=CARTESIAN_POINT('',(-2.736977505064E0,3.279999547160E1,
-8.727728457083E0));
#3516=CARTESIAN_POINT('',(-2.818374047119E0,3.278849652553E1,
-8.780735372954E0));
#3517=CARTESIAN_POINT('',(-2.960109737814E0,3.274469556673E1,
-8.844955302526E0));
#3518=CARTESIAN_POINT('',(-3.119478503443E0,3.268060989782E1,
-8.888512419219E0));
#3519=CARTESIAN_POINT('',(-3.238041320418E0,3.262770980171E1,
-8.899990876938E0));
#3520=CARTESIAN_POINT('',(-3.300000042862E0,3.260000161504E1,
-8.899991208598E0));
#3522=CARTESIAN_POINT('',(1.E1,3.260000008978E1,-8.714041647057E-14));
#3523=DIRECTION('',(-4.811225673788E-12,-1.E0,-5.533111741634E-13));
#3524=DIRECTION('',(-2.901232947810E-1,1.925343491776E-12,-9.569892757108E-1));
#3525=AXIS2_PLACEMENT_3D('',#3522,#3523,#3524);
#3527=DIRECTION('',(-1.953120329211E-7,-9.999999999837E-1,-5.713291928035E-6));
#3528=VECTOR('',#3527,3.000008076272E-1);
#3529=CARTESIAN_POINT('',(-3.299999984268E0,3.290000242266E1,
-8.899989494605E0));
#3530=LINE('',#3529,#3528);
#3531=DIRECTION('',(-5.570478805535E-5,9.999999984483E-1,-5.857617291E-7));
#3532=VECTOR('',#3531,1.000013212516E-1);
#3533=CARTESIAN_POINT('',(-2.300004934830E0,3.28E1,-7.899999957137E0));
#3534=LINE('',#3533,#3532);
#3535=DIRECTION('',(1.436263211801E-14,0.E0,-1.E0));
#3536=VECTOR('',#3535,1.579999991427E1);
#3537=CARTESIAN_POINT('',(-2.300004934830E0,3.28E1,7.899999957137E0));
#3538=LINE('',#3537,#3536);
#3539=DIRECTION('',(-7.766220843637E-13,6.971950181913E-8,1.E0));
#3540=VECTOR('',#3539,1.580000003144E1);
#3541=CARTESIAN_POINT('',(-2.300010505382E0,3.290000132110E1,
-7.900000015714E0));
#3542=LINE('',#3541,#3540);
#3543=CARTESIAN_POINT('',(-2.500000000005E0,3.289999999999E1,7.900000000003E0));
#3544=DIRECTION('',(0.E0,0.E0,1.E0));
#3545=DIRECTION('',(9.999999997065E-1,2.422706062521E-5,0.E0));
#3546=AXIS2_PLACEMENT_3D('',#3543,#3544,#3545);
#3548=DIRECTION('',(0.E0,0.E0,-1.E0));
#3549=VECTOR('',#3548,1.580000010781E1);
#3550=CARTESIAN_POINT('',(-2.500002741598E0,3.309999585483E1,7.900000053906E0));
#3551=LINE('',#3550,#3549);
#3552=CARTESIAN_POINT('',(-1.41E1,3.309999955289E1,-7.900000000003E0));
#3553=DIRECTION('',(-3.853541478529E-11,1.E0,-4.925315100274E-11));
#3554=DIRECTION('',(2.304823580409E-12,-4.924950579332E-11,-1.E0));
#3555=AXIS2_PLACEMENT_3D('',#3552,#3553,#3554);
#3557=CARTESIAN_POINT('',(-3.3E0,3.309999913370E1,-7.9E0));
#3558=DIRECTION('',(-8.869435069287E-13,1.E0,2.733641879234E-13));
#3559=DIRECTION('',(1.E0,8.881786436730E-13,2.153833210907E-13));
#3560=AXIS2_PLACEMENT_3D('',#3557,#3558,#3559);
#3562=CARTESIAN_POINT('',(-3.3E0,3.309999913370E1,7.9E0));
#3563=DIRECTION('',(-2.372607720698E-13,1.E0,-8.479625299553E-13));
#3564=DIRECTION('',(-2.298162240504E-13,8.437697114893E-13,1.E0));
#3565=AXIS2_PLACEMENT_3D('',#3562,#3563,#3564);
#3567=CARTESIAN_POINT('',(-1.41E1,3.309999913372E1,7.899999999997E0));
#3568=DIRECTION('',(-2.416689647011E-11,1.E0,1.477924722280E-11));
#3569=DIRECTION('',(-1.E0,-2.416734089424E-11,4.244383693434E-12));
#3570=AXIS2_PLACEMENT_3D('',#3567,#3568,#3569);
#3572=CARTESIAN_POINT('',(-3.3E0,3.290000043926E1,-7.9E0));
#3573=DIRECTION('',(8.869435069287E-13,-1.E0,-2.733641879234E-13));
#3574=DIRECTION('',(-1.285906056499E-7,2.700104645303E-13,-1.E0));
#3575=AXIS2_PLACEMENT_3D('',#3572,#3573,#3574);
#3577=CARTESIAN_POINT('',(-2.500014342268E0,3.290000043926E1,
-7.900000157436E0));
#3578=DIRECTION('',(1.967976430567E-7,-2.733640133750E-13,1.E0));
#3579=DIRECTION('',(9.999999997573E-1,2.202902788476E-5,-1.967976411491E-7));
#3580=AXIS2_PLACEMENT_3D('',#3577,#3578,#3579);
#3582=CARTESIAN_POINT('',(-3.299999842539E0,3.290000043926E1,
-8.699985657733E0));
#3583=DIRECTION('',(-1.E0,-8.869434531225E-13,-1.968297139443E-7));
#3584=DIRECTION('',(1.799683266366E-11,9.999999953975E-1,-9.594273327265E-5));
#3585=AXIS2_PLACEMENT_3D('',#3582,#3583,#3584);
#3587=DIRECTION('',(-6.630814028112E-9,6.971830468960E-8,-1.E0));
#3588=VECTOR('',#3587,1.580000003143E1);
#3589=CARTESIAN_POINT('',(-1.509998949462E1,3.290000132109E1,7.900000015714E0));
#3590=LINE('',#3589,#3588);
#3591=CARTESIAN_POINT('',(-1.49E1,3.289999999999E1,-7.900000000003E0));
#3592=DIRECTION('',(0.E0,0.E0,-1.E0));
#3593=DIRECTION('',(-9.999999997065E-1,2.422705739228E-5,0.E0));
#3594=AXIS2_PLACEMENT_3D('',#3591,#3592,#3593);
#3596=DIRECTION('',(-1.103702213506E-12,-8.841587205093E-9,1.E0));
#3597=VECTOR('',#3596,1.580000010781E1);
#3598=CARTESIAN_POINT('',(-1.489999725838E1,3.309999599452E1,
-7.900000053906E0));
#3599=LINE('',#3598,#3597);
#3600=CARTESIAN_POINT('',(-1.49E1,3.289999999999E1,7.9E0));
#3601=DIRECTION('',(0.E0,0.E0,1.E0));
#3602=DIRECTION('',(-2.422706118502E-5,9.999999997065E-1,0.E0));
#3603=AXIS2_PLACEMENT_3D('',#3600,#3601,#3602);
#3605=DIRECTION('',(0.E0,0.E0,-1.E0));
#3606=VECTOR('',#3605,1.58E1);
#3607=CARTESIAN_POINT('',(-1.41E1,3.31E1,7.9E0));
#3608=LINE('',#3607,#3606);
#3609=DIRECTION('',(1.E0,0.E0,0.E0));
#3610=VECTOR('',#3609,1.08E1);
#3611=CARTESIAN_POINT('',(-1.41E1,3.31E1,-7.9E0));
#3612=LINE('',#3611,#3610);
#3613=DIRECTION('',(0.E0,1.E0,0.E0));
#3614=VECTOR('',#3613,5.E-1);
#3615=CARTESIAN_POINT('',(-1.41E1,3.26E1,-7.9E0));
#3616=LINE('',#3615,#3614);
#3617=DIRECTION('',(0.E0,1.E0,0.E0));
#3618=VECTOR('',#3617,5.E-1);
#3619=CARTESIAN_POINT('',(-3.3E0,3.26E1,-7.9E0));
#3620=LINE('',#3619,#3618);
#3621=DIRECTION('',(0.E0,0.E0,1.E0));
#3622=VECTOR('',#3621,1.58E1);
#3623=CARTESIAN_POINT('',(-3.3E0,3.31E1,-7.9E0));
#3624=LINE('',#3623,#3622);
#3625=DIRECTION('',(0.E0,0.E0,1.E0));
#3626=VECTOR('',#3625,1.58E1);
#3627=CARTESIAN_POINT('',(-1.41E1,3.26E1,-7.9E0));
#3628=LINE('',#3627,#3626);
#3629=DIRECTION('',(-1.E0,0.E0,0.E0));
#3630=VECTOR('',#3629,1.08E1);
#3631=CARTESIAN_POINT('',(-3.3E0,3.26E1,-7.9E0));
#3632=LINE('',#3631,#3630);
#3633=DIRECTION('',(0.E0,0.E0,-1.E0));
#3634=VECTOR('',#3633,1.58E1);
#3635=CARTESIAN_POINT('',(-3.3E0,3.26E1,7.9E0));
#3636=LINE('',#3635,#3634);
#3637=DIRECTION('',(-1.E0,0.E0,0.E0));
#3638=VECTOR('',#3637,1.08E1);
#3639=CARTESIAN_POINT('',(-3.3E0,3.31E1,7.9E0));
#3640=LINE('',#3639,#3638);
#3641=DIRECTION('',(0.E0,-1.E0,0.E0));
#3642=VECTOR('',#3641,5.E-1);
#3643=CARTESIAN_POINT('',(-1.41E1,3.31E1,7.9E0));
#3644=LINE('',#3643,#3642);
#3645=DIRECTION('',(1.E0,0.E0,0.E0));
#3646=VECTOR('',#3645,1.08E1);
#3647=CARTESIAN_POINT('',(-1.41E1,3.26E1,7.9E0));
#3648=LINE('',#3647,#3646);
#3649=DIRECTION('',(0.E0,1.E0,0.E0));
#3650=VECTOR('',#3649,5.E-1);
#3651=CARTESIAN_POINT('',(-3.3E0,3.26E1,7.9E0));
#3652=LINE('',#3651,#3650);
#3653=CARTESIAN_POINT('',(1.E1,3.420000015074E1,4.898797548596E-13));
#3654=DIRECTION('',(-9.462332491167E-13,-1.E0,4.105116312541E-12));
#3655=DIRECTION('',(-1.E0,9.466631050862E-13,-5.933710165650E-8));
#3656=AXIS2_PLACEMENT_3D('',#3653,#3654,#3655);
#3658=CARTESIAN_POINT('',(1.E1,3.439999995393E1,-3.311426997130E-13));
#3659=DIRECTION('',(9.462332491167E-13,1.E0,-4.105116312541E-12));
#3660=DIRECTION('',(1.E0,-9.462627725114E-13,5.263285366288E-14));
#3661=AXIS2_PLACEMENT_3D('',#3658,#3659,#3660);
#3663=CARTESIAN_POINT('',(9.999999999999E0,3.439999995393E1,
1.912632528542E-12));
#3664=DIRECTION('',(1.526786102816E-13,1.E0,4.563992119186E-12));
#3665=DIRECTION('',(-1.E0,1.522592065424E-13,-3.035220078702E-13));
#3666=AXIS2_PLACEMENT_3D('',#3663,#3664,#3665);
#3668=CARTESIAN_POINT('',(9.999999999999E0,3.44E1,-5.440092820663E-13));
#3669=DIRECTION('',(0.E0,-1.E0,0.E0));
#3670=DIRECTION('',(-1.E0,0.E0,1.088906742553E-13));
#3671=AXIS2_PLACEMENT_3D('',#3668,#3669,#3670);
#3673=CARTESIAN_POINT('',(9.999999999999E0,3.44E1,1.486810674578E-12));
#3674=DIRECTION('',(0.E0,-1.E0,0.E0));
#3675=DIRECTION('',(1.E0,0.E0,-2.972733170736E-13));
#3676=AXIS2_PLACEMENT_3D('',#3673,#3674,#3675);
#3678=CARTESIAN_POINT('',(1.629998953668E1,3.420000015074E1,3.738243034249E-7));
#3679=DIRECTION('',(5.933713086159E-8,4.563992127650E-12,-1.E0));
#3680=DIRECTION('',(-1.045253248437E-5,9.999999999454E-1,3.943768839575E-12));
#3681=AXIS2_PLACEMENT_3D('',#3678,#3679,#3680);
#3683=CARTESIAN_POINT('',(9.999999999999E0,3.420000015074E1,
9.998350029520E-13));
#3684=DIRECTION('',(-1.526786102816E-13,-1.E0,-4.563992119186E-12));
#3685=DIRECTION('',(1.E0,-1.530402248408E-13,5.933687264858E-8));
#3686=AXIS2_PLACEMENT_3D('',#3683,#3684,#3685);
#3688=CARTESIAN_POINT('',(3.700010463313E0,3.420000015074E1,3.734572220596E-7));
#3689=DIRECTION('',(-5.927886388701E-8,4.563992145760E-12,-1.E0));
#3690=DIRECTION('',(-1.E0,1.776358585859E-13,5.927886388701E-8));
#3691=AXIS2_PLACEMENT_3D('',#3688,#3689,#3690);
#3693=DIRECTION('',(2.527491804109E-6,-9.999999999968E-1,-8.995956255105E-11));
#3694=VECTOR('',#3693,1.400000075374E0);
#3695=CARTESIAN_POINT('',(1.649998929557E1,3.420000007537E1,
1.254678488232E-10));
#3696=LINE('',#3695,#3694);
#3697=DIRECTION('',(2.527491642962E-6,9.999999999968E-1,-8.999758143619E-11));
#3698=VECTOR('',#3697,1.400000075377E0);
#3699=CARTESIAN_POINT('',(3.500007165939E0,3.28E1,6.870985262234E-13));
#3700=LINE('',#3699,#3698);
#3701=DIRECTION('',(0.E0,1.E0,0.E0));
#3702=VECTOR('',#3701,5.E-1);
#3703=CARTESIAN_POINT('',(4.999999999999E0,3.44E1,1.239489992126E-12));
#3704=LINE('',#3703,#3702);
#3705=DIRECTION('',(0.E0,-1.E0,0.E0));
#3706=VECTOR('',#3705,5.E-1);
#3707=CARTESIAN_POINT('',(1.5E1,3.49E1,-7.978247692127E-13));
#3708=LINE('',#3707,#3706);
#3709=CARTESIAN_POINT('',(9.999999999999E0,3.49E1,-5.440092820663E-13));
#3710=DIRECTION('',(0.E0,1.E0,0.E0));
#3711=DIRECTION('',(1.E0,0.E0,1.088018564132E-13));
#3712=AXIS2_PLACEMENT_3D('',#3709,#3710,#3711);
#3714=CARTESIAN_POINT('',(9.999999999999E0,3.49E1,1.486810674578E-12));
#3715=DIRECTION('',(0.E0,1.E0,0.E0));
#3716=DIRECTION('',(-1.E0,0.E0,-2.973621349157E-13));
#3717=AXIS2_PLACEMENT_3D('',#3714,#3715,#3716);
#3719=CARTESIAN_POINT('',(1.000000000003E1,3.49E1,-6.078790248942E-12));
#3720=DIRECTION('',(0.E0,1.E0,0.E0));
#3721=DIRECTION('',(-3.724946297742E-1,0.E0,-9.280343478500E-1));
#3722=AXIS2_PLACEMENT_3D('',#3719,#3720,#3721);
#3724=DIRECTION('',(8.377165429732E-9,9.999999999997E-1,7.949927141435E-7));
#3725=VECTOR('',#3724,2.319982030831E0);
#3726=CARTESIAN_POINT('',(8.927215466276E0,3.49E1,-2.672738921813E0));
#3727=LINE('',#3726,#3725);
#3728=DIRECTION('',(8.008802646595E-8,-9.999999999998E-1,-6.253713768766E-7));
#3729=VECTOR('',#3728,2.319981573183E0);
#3730=CARTESIAN_POINT('',(8.868661216790E0,3.721998157318E1,-2.648483583652E0));
#3731=LINE('',#3730,#3729);
#3732=DIRECTION('',(9.238795325113E-1,0.E0,3.826834323651E-1));
#3733=VECTOR('',#3732,4.342006696400E-1);
#3734=CARTESIAN_POINT('',(8.927215466276E0,3.49E1,-2.672738921813E0));
#3735=LINE('',#3734,#3733);
#3736=DIRECTION('',(6.087614290087E-1,0.E0,-7.933533402912E-1));
#3737=VECTOR('',#3736,4.342006696489E-1);
#3738=CARTESIAN_POINT('',(9.328364577959E0,3.49E1,-2.506577519220E0));
#3739=LINE('',#3738,#3737);
#3740=DIRECTION('',(3.048228336411E-13,-1.E0,7.815970093361E-14));
#3741=VECTOR('',#3740,2.5E0);
#3742=CARTESIAN_POINT('',(9.328364577959E0,3.74E1,-2.506577519220E0));
#3743=LINE('',#3742,#3741);
#3744=CARTESIAN_POINT('',(1.000000000003E1,3.49E1,-6.078790248942E-12));
#3745=DIRECTION('',(0.E0,1.E0,0.E0));
#3746=DIRECTION('',(-1.196092193226E-1,0.E0,-9.928210486553E-1));
#3747=AXIS2_PLACEMENT_3D('',#3744,#3745,#3746);
#3749=DIRECTION('',(3.820473562957E-7,9.999999999998E-1,5.015454817511E-7));
#3750=VECTOR('',#3749,2.319981573183E0);
#3751=CARTESIAN_POINT('',(9.655525448377E0,3.49E1,-2.859324620132E0));
#3752=LINE('',#3751,#3750);
#3753=DIRECTION('',(-3.902387643336E-7,-9.999999999997E-1,-6.926750299185E-7));
#3754=VECTOR('',#3753,2.319982030831E0);
#3755=CARTESIAN_POINT('',(9.592690103438E0,3.721998203083E1,-2.851050463849E0));
#3756=LINE('',#3755,#3754);
#3757=DIRECTION('',(7.933533402912E-1,0.E0,6.087614290087E-1));
#3758=VECTOR('',#3757,4.342006696488E-1);
#3759=CARTESIAN_POINT('',(9.655525448377E0,3.49E1,-2.859324620132E0));
#3760=LINE('',#3759,#3758);
#3761=CARTESIAN_POINT('',(9.867429365623E0,3.740000012061E1,-2.696724810915E0));
#3762=CARTESIAN_POINT('',(9.843957226489E0,3.738085841036E1,-2.714735616739E0));
#3763=CARTESIAN_POINT('',(9.796975848788E0,3.734197935709E1,-2.750785946147E0));
#3764=CARTESIAN_POINT('',(9.726344591487E0,3.728193053876E1,-2.804983377353E0));
#3765=CARTESIAN_POINT('',(9.679154987805E0,3.724080865442E1,-2.841192553354E0));
#3766=CARTESIAN_POINT('',(9.655526334720E0,3.721998157318E1,-2.859323456556E0));
#3768=DIRECTION('',(7.933533402912E-1,0.E0,-6.087614290087E-1));
#3769=VECTOR('',#3768,4.342006696578E-1);
#3770=CARTESIAN_POINT('',(9.999999999999E0,3.49E1,-2.595E0));
#3771=LINE('',#3770,#3769);
#3772=DIRECTION('',(-5.186961971049E-14,-1.E0,-1.350031197944E-14));
#3773=VECTOR('',#3772,2.5E0);
#3774=CARTESIAN_POINT('',(9.999999999999E0,3.74E1,-2.595E0));
#3775=LINE('',#3774,#3773);
#3776=CARTESIAN_POINT('',(1.000000000003E1,3.49E1,-6.078790248942E-12));
#3777=DIRECTION('',(0.E0,1.E0,0.E0));
#3778=DIRECTION('',(1.414273617624E-1,0.E0,-9.899486357104E-1));
#3779=AXIS2_PLACEMENT_3D('',#3776,#3777,#3778);
#3781=DIRECTION('',(-5.645420382803E-8,1.E0,1.413784054537E-8));
#3782=VECTOR('',#3781,2.319980362924E0);
#3783=CARTESIAN_POINT('',(1.040731080190E1,3.49E1,-2.851052070851E0));
#3784=LINE('',#3783,#3782);
#3785=DIRECTION('',(-7.440655257628E-8,-1.E0,-6.249855698712E-8));
#3786=VECTOR('',#3785,2.319980435239E0);
#3787=CARTESIAN_POINT('',(1.034447472425E1,3.721998043524E1,-2.859324475142E0));
#3788=LINE('',#3787,#3786);
#3789=DIRECTION('',(6.087614290087E-1,0.E0,7.933533402912E-1));
#3790=VECTOR('',#3789,4.342006696604E-1);
#3791=CARTESIAN_POINT('',(1.040731080190E1,3.49E1,-2.851052070851E0));
#3792=LINE('',#3791,#3790);
#3793=DIRECTION('',(2.501110429876E-13,1.E0,-4.822808818972E-13));
#3794=VECTOR('',#3793,2.5E0);
#3795=CARTESIAN_POINT('',(1.067163542204E1,3.49E1,-2.506577519219E0));
#3796=LINE('',#3795,#3794);
#3797=DIRECTION('',(9.238795325113E-1,0.E0,-3.826834323651E-1));
#3798=VECTOR('',#3797,4.342006696685E-1);
#3799=CARTESIAN_POINT('',(1.067163542204E1,3.49E1,-2.506577519219E0));
#3800=LINE('',#3799,#3798);
#3801=CARTESIAN_POINT('',(1.000000000003E1,3.49E1,-6.078790248942E-12));
#3802=DIRECTION('',(0.E0,1.E0,0.E0));
#3803=DIRECTION('',(3.928259018633E-1,0.E0,-9.196128592105E-1));
#3804=AXIS2_PLACEMENT_3D('',#3801,#3802,#3803);
#3806=DIRECTION('',(-4.040812735258E-7,9.999999999997E-1,6.030799837077E-7));
#3807=VECTOR('',#3806,2.319981966858E0);
#3808=CARTESIAN_POINT('',(1.113133859739E1,3.49E1,-2.648485034531E0));
#3809=LINE('',#3808,#3807);
#3810=DIRECTION('',(3.666457752768E-7,-9.999999999999E-1,-3.824940640338E-7));
#3811=VECTOR('',#3810,2.319981452300E0);
#3812=CARTESIAN_POINT('',(1.107278368314E1,3.721998145230E1,-2.672738034444E0));
#3813=LINE('',#3812,#3811);
#3814=DIRECTION('',(3.826834323651E-1,0.E0,9.238795325113E-1));
#3815=VECTOR('',#3814,4.342006696701E-1);
#3816=CARTESIAN_POINT('',(1.113133859739E1,3.49E1,-2.648485034531E0));
#3817=LINE('',#3816,#3815);
#3818=DIRECTION('',(7.361222742475E-13,1.E0,-1.925570813910E-13));
#3819=VECTOR('',#3818,2.5E0);
#3820=CARTESIAN_POINT('',(1.12975E1,3.49E1,-2.247335922820E0));
#3821=LINE('',#3820,#3819);
#3822=DIRECTION('',(9.914448613738E-1,0.E0,-1.305261922201E-1));
#3823=VECTOR('',#3822,4.342006696777E-1);
#3824=CARTESIAN_POINT('',(1.12975E1,3.49E1,-2.247335922820E0));
#3825=LINE('',#3824,#3823);
#3826=CARTESIAN_POINT('',(1.000000000003E1,3.49E1,-6.078790248942E-12));
#3827=DIRECTION('',(0.E0,1.E0,0.E0));
#3828=DIRECTION('',(6.174540059297E-1,0.E0,-7.866069860873E-1));
#3829=AXIS2_PLACEMENT_3D('',#3826,#3827,#3828);
#3831=DIRECTION('',(-1.847174857429E-7,9.999999999998E-1,5.416838185411E-7));
#3832=VECTOR('',#3831,2.319981565060E0);
#3833=CARTESIAN_POINT('',(1.177826753710E1,3.49E1,-2.265428119936E0));
#3834=LINE('',#3833,#3832);
#3835=DIRECTION('',(3.555015705650E-7,-9.999999999997E-1,-6.604576446021E-7));
#3836=VECTOR('',#3835,2.319982032589E0);
#3837=CARTESIAN_POINT('',(1.172798519800E1,3.721998203259E1,-2.304008950643E0));
#3838=LINE('',#3837,#3836);
#3839=DIRECTION('',(1.305261922201E-1,0.E0,9.914448613738E-1));
#3840=VECTOR('',#3839,4.342006696771E-1);
#3841=CARTESIAN_POINT('',(1.177826753710E1,3.49E1,-2.265428119936E0));
#3842=LINE('',#3841,#3840);
#3843=DIRECTION('',(9.677592061053E-13,1.E0,3.320010932839E-13));
#3844=VECTOR('',#3843,2.5E0);
#3845=CARTESIAN_POINT('',(1.183494209717E1,3.49E1,-1.834942097180E0));
#3846=LINE('',#3845,#3844);
#3847=DIRECTION('',(9.914448613738E-1,0.E0,1.305261922201E-1));
#3848=VECTOR('',#3847,4.342006696830E-1);
#3849=CARTESIAN_POINT('',(1.183494209717E1,3.49E1,-1.834942097180E0));
#3850=LINE('',#3849,#3848);
#3851=CARTESIAN_POINT('',(1.000000000003E1,3.49E1,-6.078790248942E-12));
#3852=DIRECTION('',(0.E0,1.E0,0.E0));
#3853=DIRECTION('',(8.000036398863E-1,0.E0,-5.999951467876E-1));
#3854=AXIS2_PLACEMENT_3D('',#3851,#3852,#3853);
#3856=DIRECTION('',(-5.796369473960E-8,1.E0,-3.399631592840E-8));
#3857=VECTOR('',#3856,2.319980372178E0);
#3858=CARTESIAN_POINT('',(1.230401048290E1,3.49E1,-1.727986022754E0));
#3859=LINE('',#3858,#3857);
#3860=DIRECTION('',(-1.440945356241E-8,-1.E0,-9.533285746634E-8));
#3861=VECTOR('',#3860,2.319980422186E0);
#3862=CARTESIAN_POINT('',(1.226542815337E1,3.721998042219E1,-1.778267315936E0));
#3863=LINE('',#3862,#3861);
#3864=DIRECTION('',(-1.305261922201E-1,0.E0,9.914448613738E-1));
#3865=VECTOR('',#3864,4.342006696752E-1);
#3866=CARTESIAN_POINT('',(1.230401048290E1,3.49E1,-1.727986022754E0));
#3867=LINE('',#3866,#3865);
#3868=DIRECTION('',(-8.775202786637E-13,1.E0,-3.623767952377E-13));
#3869=VECTOR('',#3868,2.5E0);
#3870=CARTESIAN_POINT('',(1.224733592282E1,3.49E1,-1.297499999999E0));
#3871=LINE('',#3870,#3869);
#3872=DIRECTION('',(9.238795325113E-1,0.E0,3.826834323651E-1));
#3873=VECTOR('',#3872,4.342006696767E-1);
#3874=CARTESIAN_POINT('',(1.224733592282E1,3.49E1,-1.297499999999E0));
#3875=LINE('',#3874,#3873);
#3876=CARTESIAN_POINT('',(1.000000000003E1,3.49E1,-6.078790248942E-12));
#3877=DIRECTION('',(0.E0,1.E0,0.E0));
#3878=DIRECTION('',(9.280343478496E-1,0.E0,-3.724946297752E-1));
#3879=AXIS2_PLACEMENT_3D('',#3876,#3877,#3878);
#3881=DIRECTION('',(-7.139135391982E-7,9.999999999997E-1,1.485726784070E-7));
#3882=VECTOR('',#3881,2.319981977396E0);
#3883=CARTESIAN_POINT('',(1.267273892183E1,3.49E1,-1.072784533758E0));
#3884=LINE('',#3883,#3882);
#3885=DIRECTION('',(5.353175297970E-7,-9.999999999999E-1,-1.792478481977E-8));
#3886=VECTOR('',#3885,2.319981470353E0);
#3887=CARTESIAN_POINT('',(1.264848379262E1,3.721998147035E1,-1.131338555807E0));
#3888=LINE('',#3887,#3886);
#3889=DIRECTION('',(-3.826834323651E-1,0.E0,9.238795325113E-1));
#3890=VECTOR('',#3889,4.342006696815E-1);
#3891=CARTESIAN_POINT('',(1.267273892183E1,3.49E1,-1.072784533758E0));
#3892=LINE('',#3891,#3890);
#3893=DIRECTION('',(-9.087841590372E-13,1.E0,-1.716626840675E-12));
#3894=VECTOR('',#3893,2.5E0);
#3895=CARTESIAN_POINT('',(1.250657751922E1,3.49E1,-6.716354220369E-1));
#3896=LINE('',#3895,#3894);
#3897=DIRECTION('',(7.933533402912E-1,0.E0,6.087614290087E-1));
#3898=VECTOR('',#3897,4.342006696802E-1);
#3899=CARTESIAN_POINT('',(1.250657751922E1,3.49E1,-6.716354220369E-1));
#3900=LINE('',#3899,#3898);
#3901=CARTESIAN_POINT('',(1.000000000003E1,3.49E1,-6.078790248942E-12));
#3902=DIRECTION('',(0.E0,1.E0,0.E0));
#3903=DIRECTION('',(9.928210486556E-1,0.E0,-1.196092193202E-1));
#3904=AXIS2_PLACEMENT_3D('',#3901,#3902,#3903);
#3906=DIRECTION('',(-5.056875043077E-7,9.999999999998E-1,2.522423674810E-7));
#3907=VECTOR('',#3906,2.319981546684E0);
#3908=CARTESIAN_POINT('',(1.285932462015E1,3.49E1,-3.444745516481E-1));
#3909=LINE('',#3908,#3907);
#3910=DIRECTION('',(7.136995048068E-7,-9.999999999997E-1,-2.178707099337E-7));
#3911=VECTOR('',#3910,2.319982022540E0);
#3912=CARTESIAN_POINT('',(1.285105041510E1,3.721998202254E1,
-4.073102964297E-1));
#3913=LINE('',#3912,#3911);
#3914=DIRECTION('',(-6.087614290087E-1,0.E0,7.933533402912E-1));
#3915=VECTOR('',#3914,4.342006696830E-1);
#3916=CARTESIAN_POINT('',(1.285932462015E1,3.49E1,-3.444745516481E-1));
#3917=LINE('',#3916,#3915);
#3918=DIRECTION('',(-8.242295734817E-14,1.E0,-6.345683238133E-13));
#3919=VECTOR('',#3918,2.5E0);
#3920=CARTESIAN_POINT('',(1.2595E1,3.49E1,1.581656102386E-12));
#3921=LINE('',#3920,#3919);
#3922=DIRECTION('',(6.087614290087E-1,0.E0,7.933533402912E-1));
#3923=VECTOR('',#3922,4.342006696804E-1);
#3924=CARTESIAN_POINT('',(1.2595E1,3.49E1,1.581656102386E-12));
#3925=LINE('',#3924,#3923);
#3926=CARTESIAN_POINT('',(1.000000000003E1,3.49E1,-6.078790248942E-12));
#3927=DIRECTION('',(0.E0,1.E0,0.E0));
#3928=DIRECTION('',(9.899486357093E-1,0.E0,1.414273617703E-1));
#3929=AXIS2_PLACEMENT_3D('',#3926,#3927,#3928);
#3931=DIRECTION('',(-2.013432361246E-8,1.E0,-7.001071495370E-8));
#3932=VECTOR('',#3931,2.319980381132E0);
#3933=CARTESIAN_POINT('',(1.285105207087E1,3.49E1,4.073108018921E-1));
#3934=LINE('',#3933,#3932);
#3935=DIRECTION('',(5.198710143601E-8,-1.E0,-7.392654372528E-8));
#3936=VECTOR('',#3935,2.319980411147E0);
#3937=CARTESIAN_POINT('',(1.285932449954E1,3.721998041115E1,3.444747231573E-1));
#3938=LINE('',#3937,#3936);
#3939=DIRECTION('',(-7.933533402912E-1,0.E0,6.087614290087E-1));
#3940=VECTOR('',#3939,4.342006696787E-1);
#3941=CARTESIAN_POINT('',(1.285105207087E1,3.49E1,4.073108018921E-1));
#3942=LINE('',#3941,#3940);
#3943=DIRECTION('',(-9.237055564881E-14,1.E0,-4.855671420501E-13));
#3944=VECTOR('',#3943,2.5E0);
#3945=CARTESIAN_POINT('',(1.250657751922E1,3.49E1,6.716354220422E-1));
#3946=LINE('',#3945,#3944);
#3947=DIRECTION('',(3.826834323651E-1,0.E0,9.238795325113E-1));
#3948=VECTOR('',#3947,4.342006696741E-1);
#3949=CARTESIAN_POINT('',(1.250657751922E1,3.49E1,6.716354220422E-1));
#3950=LINE('',#3949,#3948);
#3951=CARTESIAN_POINT('',(1.000000000003E1,3.49E1,-6.078790248942E-12));
#3952=DIRECTION('',(0.E0,1.E0,0.E0));
#3953=DIRECTION('',(9.196128592057E-1,0.E0,3.928259018744E-1));
#3954=AXIS2_PLACEMENT_3D('',#3951,#3952,#3953);
#3956=DIRECTION('',(-6.158068436713E-7,9.999999999997E-1,-3.987625654079E-7));
#3957=VECTOR('',#3956,2.319981989159E0);
#3958=CARTESIAN_POINT('',(1.264848503454E1,3.49E1,1.131338597392E0));
#3959=LINE('',#3958,#3957);
#3960=DIRECTION('',(3.992294365824E-7,-9.999999999999E-1,3.681800749973E-7));
#3961=VECTOR('',#3960,2.319981489653E0);
#3962=CARTESIAN_POINT('',(1.267273799562E1,3.721998148965E1,1.072783679586E0));
#3963=LINE('',#3962,#3961);
#3964=DIRECTION('',(-9.238795325113E-1,0.E0,3.826834323651E-1));
#3965=VECTOR('',#3964,4.342006696802E-1);
#3966=CARTESIAN_POINT('',(1.264848503454E1,3.49E1,1.131338597392E0));
#3967=LINE('',#3966,#3965);
#3968=DIRECTION('',(5.549338766286E-13,1.E0,-1.561417661833E-13));
#3969=VECTOR('',#3968,2.5E0);
#3970=CARTESIAN_POINT('',(1.224733592282E1,3.49E1,1.2975E0));
#3971=LINE('',#3970,#3969);
#3972=DIRECTION('',(1.305261922201E-1,0.E0,9.914448613738E-1));
#3973=VECTOR('',#3972,4.342006696733E-1);
#3974=CARTESIAN_POINT('',(1.224733592282E1,3.49E1,1.2975E0));
#3975=LINE('',#3974,#3973);
#3976=CARTESIAN_POINT('',(1.000000000003E1,3.49E1,-6.078790248942E-12));
#3977=DIRECTION('',(0.E0,1.E0,0.E0));
#3978=DIRECTION('',(7.866069860774E-1,0.E0,6.174540059424E-1));
#3979=AXIS2_PLACEMENT_3D('',#3976,#3977,#3978);
#3981=DIRECTION('',(-5.302213807645E-7,9.999999999998E-1,-1.733302187178E-7));
#3982=VECTOR('',#3981,2.319981527833E0);
#3983=CARTESIAN_POINT('',(1.226542811993E1,3.49E1,1.778267537107E0));
#3984=LINE('',#3983,#3982);
#3985=DIRECTION('',(6.570386407316E-7,-9.999999999997E-1,3.450824495683E-7));
#3986=VECTOR('',#3985,2.319982011743E0);
#3987=CARTESIAN_POINT('',(1.230400895857E1,3.721998201174E1,1.727985222168E0));
#3988=LINE('',#3987,#3986);
#3989=DIRECTION('',(-9.914448613738E-1,0.E0,1.305261922201E-1));
#3990=VECTOR('',#3989,4.342006696644E-1);
#3991=CARTESIAN_POINT('',(1.226542811993E1,3.49E1,1.778267537107E0));
#3992=LINE('',#3991,#3990);
#3993=DIRECTION('',(-1.906386160044E-12,1.E0,4.327205260779E-13));
#3994=VECTOR('',#3993,2.5E0);
#3995=CARTESIAN_POINT('',(1.183494209718E1,3.49E1,1.834942097178E0));
#3996=LINE('',#3995,#3994);
#3997=DIRECTION('',(-1.305261922201E-1,0.E0,9.914448613738E-1));
#3998=VECTOR('',#3997,4.342006696581E-1);
#3999=CARTESIAN_POINT('',(1.183494209718E1,3.49E1,1.834942097178E0));
#4000=LINE('',#3999,#3998);
#4001=CARTESIAN_POINT('',(1.000000000003E1,3.49E1,-6.078790248942E-12));
#4002=DIRECTION('',(0.E0,1.E0,0.E0));
#4003=DIRECTION('',(5.999951467759E-1,0.E0,8.000036398950E-1));
#4004=AXIS2_PLACEMENT_3D('',#4001,#4002,#4003);
#4006=DIRECTION('',(3.636885924948E-8,1.E0,-6.967189133289E-8));
#4007=VECTOR('',#4006,2.319980390617E0);
#4008=CARTESIAN_POINT('',(1.172798602274E1,3.49E1,2.304010482891E0));
#4009=LINE('',#4008,#4007);
#4010=DIRECTION('',(8.282679206602E-8,-1.E0,-1.641252179144E-8));
#4011=VECTOR('',#4010,2.319980400627E0);
#4012=CARTESIAN_POINT('',(1.177826734496E1,3.721998040063E1,2.265428157992E0));
#4013=LINE('',#4012,#4011);
#4014=DIRECTION('',(-9.914448613738E-1,0.E0,-1.305261922201E-1));
#4015=VECTOR('',#4014,4.342006696603E-1);
#4016=CARTESIAN_POINT('',(1.172798602274E1,3.49E1,2.304010482891E0));
#4017=LINE('',#4016,#4015);
#4018=DIRECTION('',(6.203038083186E-13,1.E0,1.518785097687E-13));
#4019=VECTOR('',#4018,2.5E0);
#4020=CARTESIAN_POINT('',(1.12975E1,3.49E1,2.247335922820E0));
#4021=LINE('',#4020,#4019);
#4022=DIRECTION('',(-3.826834323651E-1,0.E0,9.238795325113E-1));
#4023=VECTOR('',#4022,4.342006696517E-1);
#4024=CARTESIAN_POINT('',(1.12975E1,3.49E1,2.247335922820E0));
#4025=LINE('',#4024,#4023);
#4026=CARTESIAN_POINT('',(1.000000000003E1,3.49E1,-6.078790248942E-12));
#4027=DIRECTION('',(0.E0,1.E0,0.E0));
#4028=DIRECTION('',(3.724946297593E-1,0.E0,9.280343478560E-1));
#4029=AXIS2_PLACEMENT_3D('',#4026,#4027,#4028);
#4031=DIRECTION('',(-1.583619202380E-7,9.999999999997E-1,-7.207602030810E-7));
#4032=VECTOR('',#4031,2.319982000614E0);
#4033=CARTESIAN_POINT('',(1.107278453373E1,3.49E1,2.672738921818E0));
#4034=LINE('',#4033,#4032);
#4035=DIRECTION('',(2.604831611158E-8,-9.999999999998E-1,5.498692667278E-7));
#4036=VECTOR('',#4035,2.319981508820E0);
#4037=CARTESIAN_POINT('',(1.113133853697E1,3.721998150882E1,2.648483758828E0));
#4038=LINE('',#4037,#4036);
#4039=DIRECTION('',(-9.238795325113E-1,0.E0,-3.826834323651E-1));
#4040=VECTOR('',#4039,4.342006696492E-1);
#4041=CARTESIAN_POINT('',(1.107278453373E1,3.49E1,2.672738921818E0));
#4042=LINE('',#4041,#4040);
#4043=DIRECTION('',(-2.792432951537E-13,1.E0,-5.503153488462E-13));
#4044=VECTOR('',#4043,2.5E0);
#4045=CARTESIAN_POINT('',(1.067163542204E1,3.49E1,2.506577519221E0));
#4046=LINE('',#4045,#4044);
#4047=DIRECTION('',(-6.087614290087E-1,0.E0,7.933533402912E-1));
#4048=VECTOR('',#4047,4.342006696399E-1);
#4049=CARTESIAN_POINT('',(1.067163542204E1,3.49E1,2.506577519221E0));
#4050=LINE('',#4049,#4048);
#4051=CARTESIAN_POINT('',(1.000000000003E1,3.49E1,-6.078790248942E-12));
#4052=DIRECTION('',(0.E0,1.E0,0.E0));
#4053=DIRECTION('',(1.196092193030E-1,0.E0,9.928210486577E-1));
#4054=AXIS2_PLACEMENT_3D('',#4051,#4052,#4053);
#4056=DIRECTION('',(-2.523723154572E-7,9.999999999998E-1,-4.892227704306E-7));
#4057=VECTOR('',#4056,2.319981508821E0);
#4058=CARTESIAN_POINT('',(1.034447455162E1,3.49E1,2.859324620127E0));
#4059=LINE('',#4058,#4057);
#4060=DIRECTION('',(2.232358030179E-7,-9.999999999997E-1,7.033751781224E-7));
#4061=VECTOR('',#4060,2.319982000614E0);
#4062=CARTESIAN_POINT('',(1.040731028401E1,3.721998200061E1,2.851050439019E0));
#4063=LINE('',#4062,#4061);
#4064=DIRECTION('',(-7.933533402912E-1,0.E0,-6.087614290087E-1));
#4065=VECTOR('',#4064,4.342006696393E-1);
#4066=CARTESIAN_POINT('',(1.034447455162E1,3.49E1,2.859324620127E0));
#4067=LINE('',#4066,#4065);
#4068=DIRECTION('',(-6.522782314278E-13,1.E0,-1.671551785876E-13));
#4069=VECTOR('',#4068,2.5E0);
#4070=CARTESIAN_POINT('',(1.E1,3.49E1,2.595000000001E0));
#4071=LINE('',#4070,#4069);
#4072=DIRECTION('',(-7.933533402912E-1,0.E0,6.087614290087E-1));
#4073=VECTOR('',#4072,4.342006696316E-1);
#4074=CARTESIAN_POINT('',(1.E1,3.49E1,2.595000000001E0));
#4075=LINE('',#4074,#4073);
#4076=CARTESIAN_POINT('',(1.000000000003E1,3.49E1,-6.078790248942E-12));
#4077=DIRECTION('',(0.E0,1.E0,0.E0));
#4078=DIRECTION('',(-1.414273617868E-1,0.E0,9.899486357069E-1));
#4079=AXIS2_PLACEMENT_3D('',#4076,#4077,#4078);
#4081=DIRECTION('',(7.994206525717E-8,1.E0,-2.719235604956E-8));
#4082=VECTOR('',#4081,2.319980400629E0);
#4083=CARTESIAN_POINT('',(9.592689198080E0,3.49E1,2.851052070829E0));
#4084=LINE('',#4083,#4082);
#4085=DIRECTION('',(6.634264812846E-8,-1.E0,4.214842251511E-8));
#4086=VECTOR('',#4085,2.319980390619E0);
#4087=CARTESIAN_POINT('',(9.655525294481E0,3.721998039062E1,2.859324522338E0));
#4088=LINE('',#4087,#4086);
#4089=DIRECTION('',(-6.087614290087E-1,0.E0,-7.933533402912E-1));
#4090=VECTOR('',#4089,4.342006696309E-1);
#4091=CARTESIAN_POINT('',(9.592689198080E0,3.49E1,2.851052070829E0));
#4092=LINE('',#4091,#4090);
#4093=DIRECTION('',(-1.023181539495E-13,1.E0,-2.078337502098E-14));
#4094=VECTOR('',#4093,2.5E0);
#4095=CARTESIAN_POINT('',(9.328364577959E0,3.49E1,2.506577519220E0));
#4096=LINE('',#4095,#4094);
#4097=DIRECTION('',(-9.238795325113E-1,0.E0,3.826834323651E-1));
#4098=VECTOR('',#4097,4.342006696229E-1);
#4099=CARTESIAN_POINT('',(9.328364577959E0,3.49E1,2.506577519220E0));
#4100=LINE('',#4099,#4098);
#4101=CARTESIAN_POINT('',(1.000000000003E1,3.49E1,-6.078790248942E-12));
#4102=DIRECTION('',(0.E0,1.E0,0.E0));
#4103=DIRECTION('',(-3.928259018887E-1,0.E0,9.196128591996E-1));
#4104=AXIS2_PLACEMENT_3D('',#4101,#4102,#4103);
#4106=DIRECTION('',(3.964817317120E-7,9.999999999997E-1,-6.273526980503E-7));
#4107=VECTOR('',#4106,2.319982011745E0);
#4108=CARTESIAN_POINT('',(8.868661402587E0,3.49E1,2.648485034488E0));
#4109=LINE('',#4108,#4107);
#4110=DIRECTION('',(-3.725021904837E-7,-9.999999999998E-1,4.152144781452E-7));
#4111=VECTOR('',#4110,2.319981527836E0);
#4112=CARTESIAN_POINT('',(8.927216330490E0,3.721998152784E1,2.672737958517E0));
#4113=LINE('',#4112,#4111);
#4114=DIRECTION('',(-3.826834323651E-1,0.E0,-9.238795325113E-1));
#4115=VECTOR('',#4114,4.342006696227E-1);
#4116=CARTESIAN_POINT('',(8.868661402587E0,3.49E1,2.648485034488E0));
#4117=LINE('',#4116,#4115);
#4118=DIRECTION('',(-1.328714915871E-13,1.E0,4.245492846167E-14));
#4119=VECTOR('',#4118,2.5E0);
#4120=CARTESIAN_POINT('',(8.7025E0,3.49E1,2.247335922821E0));
#4121=LINE('',#4120,#4119);
#4122=DIRECTION('',(-9.914448613738E-1,0.E0,1.305261922201E-1));
#4123=VECTOR('',#4122,4.342006696161E-1);
#4124=CARTESIAN_POINT('',(8.7025E0,3.49E1,2.247335922821E0));
#4125=LINE('',#4124,#4123);
#4126=CARTESIAN_POINT('',(1.000000000003E1,3.49E1,-6.078790248942E-12));
#4127=DIRECTION('',(0.E0,1.E0,0.E0));
#4128=DIRECTION('',(-6.174540059517E-1,0.E0,7.866069860700E-1));
#4129=AXIS2_PLACEMENT_3D('',#4126,#4127,#4128);
#4131=DIRECTION('',(1.616586983418E-7,9.999999999999E-1,-5.184457556064E-7));
#4132=VECTOR('',#4131,2.319981489656E0);
#4133=CARTESIAN_POINT('',(8.221732462885E0,3.49E1,2.265428119875E0));
#4134=LINE('',#4133,#4132);
#4135=DIRECTION('',(-3.338993032042E-7,-9.999999999997E-1,6.532421273280E-7));
#4136=VECTOR('',#4135,2.319981989162E0);
#4137=CARTESIAN_POINT('',(8.272014751945E0,3.721998198916E1,2.304008967375E0));
#4138=LINE('',#4137,#4136);
#4139=DIRECTION('',(-1.305261922201E-1,0.E0,-9.914448613738E-1));
#4140=VECTOR('',#4139,4.342006696152E-1);
#4141=CARTESIAN_POINT('',(8.221732462885E0,3.49E1,2.265428119875E0));
#4142=LINE('',#4141,#4140);
#4143=DIRECTION('',(-1.392663762090E-13,1.E0,-1.307398633799E-13));
#4144=VECTOR('',#4143,2.5E0);
#4145=CARTESIAN_POINT('',(8.165057902821E0,3.49E1,1.834942097179E0));
#4146=LINE('',#4145,#4144);
#4147=DIRECTION('',(-9.914448613738E-1,0.E0,-1.305261922201E-1));
#4148=VECTOR('',#4147,4.342006696106E-1);
#4149=CARTESIAN_POINT('',(8.165057902821E0,3.49E1,1.834942097179E0));
#4150=LINE('',#4149,#4148);
#4151=CARTESIAN_POINT('',(1.000000000003E1,3.49E1,-6.078790248942E-12));
#4152=DIRECTION('',(0.E0,1.E0,0.E0));
#4153=DIRECTION('',(-8.000036398998E-1,0.E0,5.999951467696E-1));
#4154=AXIS2_PLACEMENT_3D('',#4151,#4152,#4153);
#4156=DIRECTION('',(8.198601460882E-8,1.E0,3.805611212393E-8));
#4157=VECTOR('',#4156,2.319980411152E0);
#4158=CARTESIAN_POINT('',(7.695989517115E0,3.49E1,1.727986022690E0));
#4159=LINE('',#4158,#4157);
#4160=DIRECTION('',(1.759310192236E-8,-1.E0,7.070485644891E-8));
#4161=VECTOR('',#4160,2.319980381137E0);
#4162=CARTESIAN_POINT('',(7.734571839315E0,3.721998038114E1,1.778267373082E0));
#4163=LINE('',#4162,#4161);
#4164=DIRECTION('',(1.305261922201E-1,0.E0,-9.914448613738E-1));
#4165=VECTOR('',#4164,4.342006696104E-1);
#4166=CARTESIAN_POINT('',(7.695989517115E0,3.49E1,1.727986022690E0));
#4167=LINE('',#4166,#4165);
#4168=DIRECTION('',(-3.730349362741E-14,1.E0,2.036593116372E-13));
#4169=VECTOR('',#4168,2.5E0);
#4170=CARTESIAN_POINT('',(7.752664077179E0,3.49E1,1.297499999999E0));
#4171=LINE('',#4170,#4169);
#4172=DIRECTION('',(-9.238795325113E-1,0.E0,-3.826834323651E-1));
#4173=VECTOR('',#4172,4.342006696076E-1);
#4174=CARTESIAN_POINT('',(7.752664077179E0,3.49E1,1.297499999999E0));
#4175=LINE('',#4174,#4173);
#4176=CARTESIAN_POINT('',(1.000000000003E1,3.49E1,-6.078790248942E-12));
#4177=DIRECTION('',(0.E0,1.E0,0.E0));
#4178=DIRECTION('',(-9.280343478568E-1,0.E0,3.724946297573E-1));
#4179=AXIS2_PLACEMENT_3D('',#4176,#4177,#4178);
#4181=DIRECTION('',(7.270099944566E-7,9.999999999997E-1,-1.681390431181E-7));
#4182=VECTOR('',#4181,2.319982022545E0);
#4183=CARTESIAN_POINT('',(7.327261078199E0,3.49E1,1.072784533694E0));
#4184=LINE('',#4183,#4182);
#4185=DIRECTION('',(-5.640352333559E-7,-9.999999999998E-1,3.440935961790E-8));
#4186=VECTOR('',#4185,2.319981546689E0);
#4187=CARTESIAN_POINT('',(7.351516274077E0,3.721998154669E1,1.131338517590E0));
#4188=LINE('',#4187,#4186);
#4189=DIRECTION('',(3.826834323651E-1,0.E0,-9.238795325113E-1));
#4190=VECTOR('',#4189,4.342006696080E-1);
#4191=CARTESIAN_POINT('',(7.327261078199E0,3.49E1,1.072784533694E0));
#4192=LINE('',#4191,#4190);
#4193=DIRECTION('',(-1.481481604060E-13,1.E0,8.579803534303E-14));
#4194=VECTOR('',#4193,2.5E0);
#4195=CARTESIAN_POINT('',(7.493422480780E0,3.49E1,6.716354220409E-1));
#4196=LINE('',#4195,#4194);
#4197=DIRECTION('',(-7.933533402912E-1,0.E0,-6.087614290087E-1));
#4198=VECTOR('',#4197,4.342006696077E-1);
#4199=CARTESIAN_POINT('',(7.493422480780E0,3.49E1,6.716354220409E-1));
#4200=LINE('',#4199,#4198);
#4201=CARTESIAN_POINT('',(1.000000000003E1,3.49E1,-6.078790248942E-12));
#4202=DIRECTION('',(0.E0,1.E0,0.E0));
#4203=DIRECTION('',(-9.928210486575E-1,0.E0,1.196092193042E-1));
#4204=AXIS2_PLACEMENT_3D('',#4201,#4202,#4203);
#4206=DIRECTION('',(4.725470250820E-7,9.999999999999E-1,-2.521114154338E-7));
#4207=VECTOR('',#4206,2.319981470358E0);
#4208=CARTESIAN_POINT('',(7.140675379893E0,3.49E1,3.444745515899E-1));
#4209=LINE('',#4208,#4207);
#4210=DIRECTION('',(-6.925342815146E-7,-9.999999999997E-1,2.283072172804E-7));
#4211=VECTOR('',#4210,2.319981977400E0);
#4212=CARTESIAN_POINT('',(7.148949535857E0,3.721998197740E1,4.073102722654E-1));
#4213=LINE('',#4212,#4211);
#4214=DIRECTION('',(6.087614290087E-1,0.E0,-7.933533402912E-1));
#4215=VECTOR('',#4214,4.342006696072E-1);
#4216=CARTESIAN_POINT('',(7.140675379893E0,3.49E1,3.444745515899E-1));
#4217=LINE('',#4216,#4215);
#4218=DIRECTION('',(-1.172395514004E-13,1.E0,-1.469028602467E-13));
#4219=VECTOR('',#4218,2.5E0);
#4220=CARTESIAN_POINT('',(7.405E0,3.49E1,3.722253986519E-13));
#4221=LINE('',#4220,#4219);
#4222=DIRECTION('',(-6.087614290087E-1,0.E0,-7.933533402912E-1));
#4223=VECTOR('',#4222,4.342006696094E-1);
#4224=CARTESIAN_POINT('',(7.405E0,3.49E1,3.722253986519E-13));
#4225=LINE('',#4224,#4223);
#4226=CARTESIAN_POINT('',(1.000000000003E1,3.49E1,-6.078790248942E-12));
#4227=DIRECTION('',(0.E0,1.E0,0.E0));
#4228=DIRECTION('',(-9.899486357079E-1,0.E0,-1.414273617802E-1));
#4229=AXIS2_PLACEMENT_3D('',#4226,#4227,#4228);
#4231=DIRECTION('',(3.516907501611E-8,1.E0,8.978375871214E-8));
#4232=VECTOR('',#4231,2.319980422190E0);
#4233=CARTESIAN_POINT('',(7.148947929188E0,3.49E1,-4.073108019330E-1));
#4234=LINE('',#4233,#4232);
#4235=DIRECTION('',(-3.318708197139E-8,-1.E0,5.844493725561E-8));
#4236=VECTOR('',#4235,2.319980372183E0);
#4237=CARTESIAN_POINT('',(7.140675456885E0,3.721998037218E1,
-3.444746871820E-1));
#4238=LINE('',#4237,#4236);
#4239=DIRECTION('',(7.933533402912E-1,0.E0,-6.087614290087E-1));
#4240=VECTOR('',#4239,4.342006696096E-1);
#4241=CARTESIAN_POINT('',(7.148947929188E0,3.49E1,-4.073108019330E-1));
#4242=LINE('',#4241,#4240);
#4243=DIRECTION('',(-1.104893954107E-13,1.E0,2.913225216616E-14));
#4244=VECTOR('',#4243,2.5E0);
#4245=CARTESIAN_POINT('',(7.493422480780E0,3.49E1,-6.716354220411E-1));
#4246=LINE('',#4245,#4244);
#4247=DIRECTION('',(-3.826834323651E-1,0.E0,-9.238795325113E-1));
#4248=VECTOR('',#4247,4.342006696139E-1);
#4249=CARTESIAN_POINT('',(7.493422480780E0,3.49E1,-6.716354220411E-1));
#4250=LINE('',#4249,#4248);
#4251=CARTESIAN_POINT('',(1.000000000003E1,3.49E1,-6.078790248942E-12));
#4252=DIRECTION('',(0.E0,1.E0,0.E0));
#4253=DIRECTION('',(-9.196128592039E-1,0.E0,-3.928259018788E-1));
#4254=AXIS2_PLACEMENT_3D('',#4251,#4252,#4253);
#4256=DIRECTION('',(6.380827667375E-7,9.999999999997E-1,3.942338411293E-7));
#4257=VECTOR('',#4256,2.319982032593E0);
#4258=CARTESIAN_POINT('',(7.351514965520E0,3.49E1,-1.131338597416E0));
#4259=LINE('',#4258,#4257);
#4260=DIRECTION('',(-4.308068238468E-7,-9.999999999998E-1,-3.767286472584E-7));
#4261=VECTOR('',#4260,2.319981565064E0);
#4262=CARTESIAN_POINT('',(7.327262077661E0,3.721998156506E1,-1.072783659697E0));
#4263=LINE('',#4262,#4261);
#4264=DIRECTION('',(9.238795325113E-1,0.E0,-3.826834323651E-1));
#4265=VECTOR('',#4264,4.342006696148E-1);
#4266=CARTESIAN_POINT('',(7.351514965520E0,3.49E1,-1.131338597416E0));
#4267=LINE('',#4266,#4265);
#4268=DIRECTION('',(-1.762145984685E-13,1.E0,0.E0));
#4269=VECTOR('',#4268,2.5E0);
#4270=CARTESIAN_POINT('',(7.752664077179E0,3.49E1,-1.2975E0));
#4271=LINE('',#4270,#4269);
#4272=DIRECTION('',(-1.305261922201E-1,0.E0,-9.914448613738E-1));
#4273=VECTOR('',#4272,4.342006696210E-1);
#4274=CARTESIAN_POINT('',(7.752664077179E0,3.49E1,-1.2975E0));
#4275=LINE('',#4274,#4273);
#4276=CARTESIAN_POINT('',(1.000000000003E1,3.49E1,-6.078790248942E-12));
#4277=DIRECTION('',(0.E0,1.E0,0.E0));
#4278=DIRECTION('',(-7.866069860789E-1,0.E0,-6.174540059405E-1));
#4279=AXIS2_PLACEMENT_3D('',#4276,#4277,#4278);
#4281=DIRECTION('',(5.087544436472E-7,9.999999999999E-1,1.479320241945E-7));
#4282=VECTOR('',#4281,2.319981452303E0);
#4283=CARTESIAN_POINT('',(7.734571880119E0,3.49E1,-1.778267537114E0));
#4284=LINE('',#4283,#4282);
#4285=DIRECTION('',(-6.514854412422E-7,-9.999999999997E-1,-3.202227956542E-7));
#4286=VECTOR('',#4285,2.319981966861E0);
#4287=CARTESIAN_POINT('',(7.695991028549E0,3.721998196686E1,-1.727985279790E0));
#4288=LINE('',#4287,#4286);
#4289=DIRECTION('',(9.914448613738E-1,0.E0,-1.305261922201E-1));
#4290=VECTOR('',#4289,4.342006696213E-1);
#4291=CARTESIAN_POINT('',(7.734571880119E0,3.49E1,-1.778267537114E0));
#4292=LINE('',#4291,#4290);
#4293=DIRECTION('',(0.E0,1.E0,0.E0));
#4294=VECTOR('',#4293,2.5E0);
#4295=CARTESIAN_POINT('',(8.165057902821E0,3.49E1,-1.834942097179E0));
#4296=LINE('',#4295,#4294);
#4297=DIRECTION('',(1.305261922201E-1,0.E0,-9.914448613738E-1));
#4298=VECTOR('',#4297,4.342006696290E-1);
#4299=CARTESIAN_POINT('',(8.165057902821E0,3.49E1,-1.834942097179E0));
#4300=LINE('',#4299,#4298);
#4301=CARTESIAN_POINT('',(1.000000000003E1,3.49E1,-6.078790248942E-12));
#4302=DIRECTION('',(0.E0,1.E0,0.E0));
#4303=DIRECTION('',(-5.999951467831E-1,0.E0,-8.000036398897E-1));
#4304=AXIS2_PLACEMENT_3D('',#4301,#4302,#4303);
#4306=DIRECTION('',(-3.319976145457E-8,1.E0,9.132892575918E-8));
#4307=VECTOR('',#4306,2.319980435241E0);
#4308=CARTESIAN_POINT('',(8.272013977291E0,3.49E1,-2.304010482887E0));
#4309=LINE('',#4308,#4307);
#4310=DIRECTION('',(-5.596285783599E-8,-1.E0,1.599443647530E-8));
#4311=VECTOR('',#4310,2.319980362925E0);
#4312=CARTESIAN_POINT('',(8.221732592719E0,3.721998036293E1,-2.265428156994E0));
#4313=LINE('',#4312,#4311);
#4314=DIRECTION('',(9.914448613738E-1,0.E0,1.305261922201E-1));
#4315=VECTOR('',#4314,4.342006696298E-1);
#4316=CARTESIAN_POINT('',(8.272013977291E0,3.49E1,-2.304010482887E0));
#4317=LINE('',#4316,#4315);
#4318=DIRECTION('',(-3.240074875066E-13,1.E0,9.805489753489E-14));
#4319=VECTOR('',#4318,2.5E0);
#4320=CARTESIAN_POINT('',(8.702500000001E0,3.49E1,-2.247335922821E0));
#4321=LINE('',#4320,#4319);
#4322=DIRECTION('',(3.826834323651E-1,0.E0,-9.238795325113E-1));
#4323=VECTOR('',#4322,4.342006696382E-1);
#4324=CARTESIAN_POINT('',(8.702500000001E0,3.49E1,-2.247335922821E0));
#4325=LINE('',#4324,#4323);
#4326=CARTESIAN_POINT('',(8.868661216790E0,3.721998157318E1,-2.648483583652E0));
#4327=CARTESIAN_POINT('',(8.857263654647E0,3.724080865427E1,-2.620967434548E0));
#4328=CARTESIAN_POINT('',(8.834500847100E0,3.728193053812E1,-2.566014566531E0));
#4329=CARTESIAN_POINT('',(8.800431099585E0,3.734197935727E1,-2.483762585646E0));
#4330=CARTESIAN_POINT('',(8.777769197591E0,3.738085841032E1,-2.429051395468E0));
#4331=CARTESIAN_POINT('',(8.766447131707E0,3.740000012061E1,-2.401717510457E0));
#4333=CARTESIAN_POINT('',(9.999999999994E0,3.721998487074E1,
1.744108144583E-12));
#4334=DIRECTION('',(-2.539910582940E-12,-1.E0,6.874863052188E-13));
#4335=DIRECTION('',(-3.928262566937E-1,3.651405949721E-13,-9.196127076395E-1));
#4336=AXIS2_PLACEMENT_3D('',#4333,#4334,#4335);
#4338=CARTESIAN_POINT('',(8.927215485711E0,3.721998203083E1,-2.672737077444E0));
#4339=CARTESIAN_POINT('',(8.955199644670E0,3.724116336631E1,-2.661145659272E0));
#4340=CARTESIAN_POINT('',(9.010783462453E0,3.728274877346E1,-2.638124681324E0));
#4341=CARTESIAN_POINT('',(9.093018304363E0,3.734275782452E1,-2.604061242896E0));
#4342=CARTESIAN_POINT('',(9.147116310732E0,3.738118622371E1,-2.581652259359E0));
#4343=CARTESIAN_POINT('',(9.173983212422E0,3.740000090626E1,-2.570523624300E0));
#4345=DIRECTION('',(7.933539606944E-1,-7.217907822130E-7,6.087606204823E-1));
#4346=VECTOR('',#4345,1.671014968653E-1);
#4347=CARTESIAN_POINT('',(9.867429365623E0,3.740000012061E1,-2.696724810915E0));
#4348=LINE('',#4347,#4346);
#4349=DIRECTION('',(7.933581202087E-1,1.012231248291E-5,-6.087551995642E-1));
#4350=VECTOR('',#4349,1.671004146033E-1);
#4351=CARTESIAN_POINT('',(9.999999999999E0,3.74E1,-2.595E0));
#4352=LINE('',#4351,#4350);
#4353=CARTESIAN_POINT('',(9.999999999994E0,3.740000120575E1,
1.620349379550E-12));
#4354=DIRECTION('',(-2.539910582940E-12,-1.E0,6.874863052188E-13));
#4355=DIRECTION('',(4.910052801873E-2,-8.105509496841E-13,-9.987938416652E-1));
#4356=AXIS2_PLACEMENT_3D('',#4353,#4354,#4355);
#4358=DIRECTION('',(6.087676091894E-1,-9.708488260073E-6,7.933485979741E-1));
#4359=VECTOR('',#4358,1.671005092761E-1);
#4360=CARTESIAN_POINT('',(1.056991004451E1,3.740000162229E1,-2.639146473975E0));
#4361=LINE('',#4360,#4359);
#4362=DIRECTION('',(9.238800840599E-1,1.228927262852E-6,-3.826821008042E-1));
#4363=VECTOR('',#4362,1.671014490190E-1);
#4364=CARTESIAN_POINT('',(1.067163542204E1,3.74E1,-2.506577519220E0));
#4365=LINE('',#4364,#4363);
#4366=CARTESIAN_POINT('',(9.999999999994E0,3.740000353678E1,
1.620347777001E-12));
#4367=DIRECTION('',(-2.539910582940E-12,-1.E0,6.874863052188E-13));
#4368=DIRECTION('',(3.059343364516E-1,-1.431623692569E-12,-9.520526150271E-1));
#4369=AXIS2_PLACEMENT_3D('',#4366,#4367,#4368);
#4371=DIRECTION('',(3.826870786877E-1,-6.245493691396E-6,9.238780221254E-1));
#4372=VECTOR('',#4371,1.671006467922E-1);
#4373=CARTESIAN_POINT('',(1.123355274163E1,3.740000104363E1,-2.401716537875E0));
#4374=LINE('',#4373,#4372);
#4375=DIRECTION('',(9.914453073366E-1,5.564950742973E-6,-1.305228046328E-1));
#4376=VECTOR('',#4375,1.671007181924E-1);
#4377=CARTESIAN_POINT('',(1.12975E1,3.74E1,-2.247335922821E0));
#4378=LINE('',#4377,#4376);
#4379=CARTESIAN_POINT('',(9.999999999994E0,3.740000372986E1,
1.620347644257E-12));
#4380=DIRECTION('',(-2.539910582940E-12,-1.E0,6.874863052188E-13));
#4381=DIRECTION('',(5.419192254356E-1,-1.955324411116E-12,-8.404305760164E-1));
#4382=AXIS2_PLACEMENT_3D('',#4379,#4380,#4381);
#4384=DIRECTION('',(1.305271700808E-1,-7.751720152282E-7,9.914447326352E-1));
#4385=VECTOR('',#4384,1.671014766095E-1);
#4386=CARTESIAN_POINT('',(1.181313081432E1,3.740000012953E1,-2.000613975979E0));
#4387=LINE('',#4386,#4385);
#4388=DIRECTION('',(9.914438166993E-1,1.002992210121E-5,1.305341266797E-1));
#4389=VECTOR('',#4388,1.671004681920E-1);
#4390=CARTESIAN_POINT('',(1.183494209718E1,3.74E1,-1.834942097179E0));
#4391=LINE('',#4390,#4389);
#4392=CARTESIAN_POINT('',(9.999999999994E0,3.740000120209E1,
1.620349382066E-12));
#4393=DIRECTION('',(-2.539910582940E-12,-1.E0,6.874863052188E-13));
#4394=DIRECTION('',(7.409732147701E-1,-2.344808101266E-12,-6.715345821276E-1));
#4395=AXIS2_PLACEMENT_3D('',#4392,#4393,#4394);
#4397=DIRECTION('',(-1.305183640145E-1,-9.786650747320E-6,9.914458918969E-1));
#4398=VECTOR('',#4397,1.671005099088E-1);
#4399=CARTESIAN_POINT('',(1.226914560800E1,3.740000163535E1,-1.463171114083E0));
#4400=LINE('',#4399,#4398);
#4401=DIRECTION('',(9.238790133475E-1,1.151659130414E-6,3.826846857333E-1));
#4402=VECTOR('',#4401,1.671014523023E-1);
#4403=CARTESIAN_POINT('',(1.224733592282E1,3.74E1,-1.2975E0));
#4404=LINE('',#4403,#4402);
#4405=CARTESIAN_POINT('',(9.999999999994E0,3.740000356715E1,
1.620347756124E-12));
#4406=DIRECTION('',(-2.539910582940E-12,-1.E0,6.874863052188E-13));
#4407=DIRECTION('',(8.895311040342E-1,-2.573764682132E-12,-4.568746162304E-1));
#4408=AXIS2_PLACEMENT_3D('',#4405,#4406,#4407);
#4410=DIRECTION('',(-3.826798761156E-1,-6.129788220059E-6,9.238810055297E-1));
#4411=VECTOR('',#4410,1.671006574705E-1);
#4412=CARTESIAN_POINT('',(1.257052357812E1,3.740000102429E1,
-8.260165454897E-1));
#4413=LINE('',#4412,#4411);
#4414=DIRECTION('',(7.933512081555E-1,5.680873674874E-6,6.087642076256E-1));
#4415=VECTOR('',#4414,1.671007050997E-1);
#4416=CARTESIAN_POINT('',(1.250657751922E1,3.74E1,-6.716354220412E-1));
#4417=LINE('',#4416,#4415);
#4418=CARTESIAN_POINT('',(9.999999999994E0,3.740000369905E1,
1.620347665439E-12));
#4419=DIRECTION('',(-2.539910582940E-12,-1.E0,6.874863052188E-13));
#4420=DIRECTION('',(9.774689185783E-1,-2.629029696385E-12,-2.110794002583E-1));
#4421=AXIS2_PLACEMENT_3D('',#4418,#4419,#4420);
#4423=DIRECTION('',(-6.087605905389E-1,-8.454690525667E-7,7.933539836706E-1));
#4424=VECTOR('',#4423,1.671014723510E-1);
#4425=CARTESIAN_POINT('',(1.269672479099E1,3.740000014128E1,
-1.325706187669E-1));
#4426=LINE('',#4425,#4424);
#4427=DIRECTION('',(6.087550941487E-1,9.984651963351E-6,7.933582010973E-1));
#4428=VECTOR('',#4427,1.671004763202E-1);
#4429=CARTESIAN_POINT('',(1.2595E1,3.74E1,0.E0));
#4430=LINE('',#4429,#4428);
#4431=CARTESIAN_POINT('',(9.999999999994E0,3.740000120085E1,
1.620349382916E-12));
#4432=DIRECTION('',(-2.539910582940E-12,-1.E0,6.874863052188E-13));
#4433=DIRECTION('',(9.987938416653E-1,-2.502707635558E-12,4.910052801631E-2));
#4434=AXIS2_PLACEMENT_3D('',#4431,#4432,#4433);
#4436=DIRECTION('',(-7.933485183818E-1,-9.839268678738E-6,6.087677129124E-1));
#4437=VECTOR('',#4436,1.671005012446E-1);
#4438=CARTESIAN_POINT('',(1.263914645430E1,3.740000164415E1,5.699100320718E-1));
#4439=LINE('',#4438,#4437);
#4440=DIRECTION('',(3.826822502348E-1,1.071738997638E-6,9.238800221642E-1));
#4441=VECTOR('',#4440,1.671014577604E-1);
#4442=CARTESIAN_POINT('',(1.250657751922E1,3.74E1,6.716354220410E-1));
#4443=LINE('',#4442,#4441);
#4444=CARTESIAN_POINT('',(9.999999999994E0,3.740000360079E1,
1.620347732995E-12));
#4445=DIRECTION('',(-2.539910582940E-12,-1.E0,6.874863052188E-13));
#4446=DIRECTION('',(9.520526150279E-1,-2.207963798789E-12,3.059343364491E-1));
#4447=AXIS2_PLACEMENT_3D('',#4444,#4445,#4446);
#4449=DIRECTION('',(-9.238780926305E-1,-6.018365143374E-6,3.826869084791E-1));
#4450=VECTOR('',#4449,1.671006691721E-1);
#4451=CARTESIAN_POINT('',(1.240171657033E1,3.740000100567E1,1.233552761510E0));
#4452=LINE('',#4451,#4450);
#4453=DIRECTION('',(1.305226338397E-1,5.793889713450E-6,9.914453298201E-1));
#4454=VECTOR('',#4453,1.671006929901E-1);
#4455=CARTESIAN_POINT('',(1.224733592282E1,3.74E1,1.2975E0));
#4456=LINE('',#4455,#4454);
#4457=CARTESIAN_POINT('',(9.999999999994E0,3.740000366677E1,
1.620347687630E-12));
#4458=DIRECTION('',(-2.539910582940E-12,-1.E0,6.874863052188E-13));
#4459=DIRECTION('',(8.404305760178E-1,-1.763213088608E-12,5.419192254334E-1));
#4460=AXIS2_PLACEMENT_3D('',#4457,#4458,#4459);
#4462=DIRECTION('',(-9.914447139345E-1,-9.185497313326E-7,1.305273121250E-1));
#4463=VECTOR('',#4462,1.671014677944E-1);
#4464=CARTESIAN_POINT('',(1.200061396411E1,3.740000015349E1,1.813130791736E0));
#4465=LINE('',#4464,#4463);
#4466=DIRECTION('',(-1.305340892050E-1,9.938162089577E-6,9.914438216342E-1));
#4467=VECTOR('',#4466,1.671004844499E-1);
#4468=CARTESIAN_POINT('',(1.183494209718E1,3.74E1,1.834942097179E0));
#4469=LINE('',#4468,#4467);
#4470=CARTESIAN_POINT('',(9.999999999994E0,3.740000120025E1,
1.620349383332E-12));
#4471=DIRECTION('',(-2.539910582940E-12,-1.E0,6.874863052188E-13));
#4472=DIRECTION('',(6.715345821294E-1,-1.197404809594E-12,7.409732147684E-1));
#4473=AXIS2_PLACEMENT_3D('',#4470,#4471,#4472);
#4475=DIRECTION('',(-9.914458981647E-1,-9.889699194415E-6,-1.305183163953E-1));
#4476=VECTOR('',#4475,1.671004927589E-1);
#4477=CARTESIAN_POINT('',(1.146317109813E1,3.740000165257E1,2.269145597804E0));
#4478=LINE('',#4477,#4476);
#4479=DIRECTION('',(-3.826845445450E-1,9.940018474697E-7,9.238790718300E-1));
#4480=VECTOR('',#4479,1.671014629309E-1);
#4481=CARTESIAN_POINT('',(1.12975E1,3.74E1,2.247335922821E0));
#4482=LINE('',#4481,#4480);
#4483=CARTESIAN_POINT('',(9.999999999994E0,3.740000363401E1,
1.620347710153E-12));
#4484=DIRECTION('',(-2.539910582940E-12,-1.E0,6.874863052188E-13));
#4485=DIRECTION('',(4.568746162323E-1,-5.500172105189E-13,8.895311040332E-1));
#4486=AXIS2_PLACEMENT_3D('',#4483,#4484,#4485);
#4488=DIRECTION('',(-9.238809391573E-1,-5.906399498771E-6,-3.826800363580E-1));
#4489=VECTOR('',#4488,1.671006810131E-1);
#4490=CARTESIAN_POINT('',(1.082601655615E1,3.740000098696E1,2.570523613905E0));
#4491=LINE('',#4490,#4489);
#4492=DIRECTION('',(-6.087643451967E-1,5.906400519338E-6,7.933511025910E-1));
#4493=VECTOR('',#4492,1.671006810118E-1);
#4494=CARTESIAN_POINT('',(1.067163542204E1,3.74E1,2.506577519220E0));
#4495=LINE('',#4494,#4493);
#4496=CARTESIAN_POINT('',(9.999999999994E0,3.740000363401E1,
1.620347710156E-12));
#4497=DIRECTION('',(-2.539910582940E-12,-1.E0,6.874863052188E-13));
#4498=DIRECTION('',(2.110794002599E-1,1.368463873060E-13,9.774689185779E-1));
#4499=AXIS2_PLACEMENT_3D('',#4496,#4497,#4498);
#4501=DIRECTION('',(-7.933540731145E-1,-9.940060145942E-7,-6.087604739729E-1));
#4502=VECTOR('',#4501,1.671014629302E-1);
#4503=CARTESIAN_POINT('',(1.013257062624E1,3.740000016610E1,2.696724765775E0));
#4504=LINE('',#4503,#4502);
#4505=DIRECTION('',(-7.933581760920E-1,9.889705870191E-6,6.087551267383E-1));
#4506=VECTOR('',#4505,1.671004927616E-1);
#4507=CARTESIAN_POINT('',(1.E1,3.74E1,2.595E0));
#4508=LINE('',#4507,#4506);
#4509=CARTESIAN_POINT('',(9.999999999994E0,3.740000120025E1,
1.620349383332E-12));
#4510=DIRECTION('',(-2.539910582940E-12,-1.E0,6.874863052188E-13));
#4511=DIRECTION('',(-4.910052801526E-2,8.105509480327E-13,9.987938416653E-1));
#4512=AXIS2_PLACEMENT_3D('',#4509,#4510,#4511);
#4514=DIRECTION('',(-6.087677481285E-1,-9.938173060133E-6,-7.933484913579E-1));
#4515=VECTOR('',#4514,1.671004844514E-1);
#4516=CARTESIAN_POINT('',(9.430089963589E0,3.740000166067E1,2.639146436465E0));
#4517=LINE('',#4516,#4515);
#4518=DIRECTION('',(-9.238799647720E-1,9.185627004173E-7,3.826823887926E-1));
#4519=VECTOR('',#4518,1.671014677968E-1);
#4520=CARTESIAN_POINT('',(9.328364577959E0,3.74E1,2.506577519220E0));
#4521=LINE('',#4520,#4519);
#4522=CARTESIAN_POINT('',(9.999999999994E0,3.740000366678E1,
1.620347687629E-12));
#4523=DIRECTION('',(-2.539910582940E-12,-1.E0,6.874863052188E-13));
#4524=DIRECTION('',(-3.059343364487E-1,1.431623761498E-12,9.520526150280E-1));
#4525=AXIS2_PLACEMENT_3D('',#4522,#4523,#4524);
#4527=DIRECTION('',(-3.826867482249E-1,-5.793903915689E-6,-9.238781590121E-1));
#4528=VECTOR('',#4527,1.671006929916E-1);
#4529=CARTESIAN_POINT('',(8.766447220827E0,3.740000096817E1,2.401716603431E0));
#4530=LINE('',#4529,#4528);
#4531=DIRECTION('',(-9.914453524559E-1,6.018380323590E-6,1.305224618880E-1));
#4532=VECTOR('',#4531,1.671006691743E-1);
#4533=CARTESIAN_POINT('',(8.7025E0,3.74E1,2.247335922821E0));
#4534=LINE('',#4533,#4532);
#4535=CARTESIAN_POINT('',(9.999999999994E0,3.740000360078E1,
1.620347732998E-12));
#4536=DIRECTION('',(-2.539910582940E-12,-1.E0,6.874863052188E-13));
#4537=DIRECTION('',(-5.419192254336E-1,1.955324317636E-12,8.404305760177E-1));
#4538=AXIS2_PLACEMENT_3D('',#4535,#4536,#4537);
#4540=DIRECTION('',(-1.305274607787E-1,-1.071759578093E-6,-9.914446943635E-1));
#4541=VECTOR('',#4540,1.671014577631E-1);
#4542=CARTESIAN_POINT('',(8.186869231795E0,3.740000017909E1,2.000613950899E0));
#4543=LINE('',#4542,#4541);
#4544=DIRECTION('',(-9.914438274320E-1,9.839293001109E-6,-1.305340451763E-1));
#4545=VECTOR('',#4544,1.671005012470E-1);
#4546=CARTESIAN_POINT('',(8.165057902821E0,3.74E1,1.834942097179E0));
#4547=LINE('',#4546,#4545);
#4548=CARTESIAN_POINT('',(9.999999999994E0,3.740000120085E1,
1.620349382916E-12));
#4549=DIRECTION('',(-2.539910582940E-12,-1.E0,6.874863052188E-13));
#4550=DIRECTION('',(-7.409732147691E-1,2.344808100192E-12,6.715345821287E-1));
#4551=AXIS2_PLACEMENT_3D('',#4548,#4549,#4550);
#4553=DIRECTION('',(1.305182756854E-1,-9.984680580430E-6,-9.914459035229E-1));
#4554=VECTOR('',#4553,1.671004763227E-1);
#4555=CARTESIAN_POINT('',(7.730854411143E0,3.740000166844E1,1.463171082727E0));
#4556=LINE('',#4555,#4554);
#4557=DIRECTION('',(-9.238791280697E-1,8.454970317903E-7,-3.826844087712E-1));
#4558=VECTOR('',#4557,1.671014723531E-1);
#4559=CARTESIAN_POINT('',(7.752664077179E0,3.74E1,1.2975E0));
#4560=LINE('',#4559,#4558);
#4561=CARTESIAN_POINT('',(9.999999999994E0,3.740000369905E1,
1.620347665438E-12));
#4562=DIRECTION('',(-2.539910582940E-12,-1.E0,6.874863052188E-13));
#4563=DIRECTION('',(-8.895311040340E-1,2.573764807874E-12,4.568746162309E-1));
#4564=AXIS2_PLACEMENT_3D('',#4561,#4562,#4563);
#4566=DIRECTION('',(3.826801965996E-1,-5.680896041202E-6,-9.238808727851E-1));
#4567=VECTOR('',#4566,1.671007051042E-1);
#4568=CARTESIAN_POINT('',(7.429476350099E0,3.740000094928E1,8.260165673158E-1));
#4569=LINE('',#4568,#4567);
#4570=DIRECTION('',(-7.933509970104E-1,6.129810246305E-6,-6.087644827887E-1));
#4571=VECTOR('',#4570,1.671006574723E-1);
#4572=CARTESIAN_POINT('',(7.493422480780E0,3.74E1,6.716354220412E-1));
#4573=LINE('',#4572,#4571);
#4574=CARTESIAN_POINT('',(9.999999999994E0,3.740000356714E1,
1.620347756127E-12));
#4575=DIRECTION('',(-2.539910582940E-12,-1.E0,6.874863052188E-13));
#4576=DIRECTION('',(-9.774689185784E-1,2.629029567940E-12,2.110794002578E-1));
#4577=AXIS2_PLACEMENT_3D('',#4574,#4575,#4576);
#4579=DIRECTION('',(6.087603527375E-1,-1.151685153634E-6,-7.933541661412E-1));
#4580=VECTOR('',#4579,1.671014523056E-1);
#4581=CARTESIAN_POINT('',(7.303275260951E0,3.740000019245E1,1.325706333549E-1));
#4582=LINE('',#4581,#4580);
#4583=DIRECTION('',(-6.087551648599E-1,9.786677535898E-6,-7.933581468420E-1));
#4584=VECTOR('',#4583,1.671005099123E-1);
#4585=CARTESIAN_POINT('',(7.405E0,3.74E1,0.E0));
#4586=LINE('',#4585,#4584);
#4587=CARTESIAN_POINT('',(9.999999999994E0,3.740000120209E1,
1.620349382066E-12));
#4588=DIRECTION('',(-2.539910582940E-12,-1.E0,6.874863052188E-13));
#4589=DIRECTION('',(-9.987938416652E-1,2.502707636705E-12,-4.910052801768E-2));
#4590=AXIS2_PLACEMENT_3D('',#4587,#4588,#4589);
#4592=DIRECTION('',(7.933484683571E-1,-1.002994748677E-5,-6.087677781017E-1));
#4593=VECTOR('',#4592,1.671004681921E-1);
#4594=CARTESIAN_POINT('',(7.360853580278E0,3.740000167601E1,
-5.699100412999E-1));
#4595=LINE('',#4594,#4593);
#4596=DIRECTION('',(-3.826825211539E-1,7.751960824587E-7,-9.238799099465E-1));
#4597=VECTOR('',#4596,1.671014766122E-1);
#4598=CARTESIAN_POINT('',(7.493422480779E0,3.74E1,-6.716354220410E-1));
#4599=LINE('',#4598,#4597);
#4600=CARTESIAN_POINT('',(9.999999999994E0,3.740000372987E1,
1.620347644254E-12));
#4601=DIRECTION('',(-2.539910582940E-12,-1.E0,6.874863052188E-13));
#4602=DIRECTION('',(-9.520526150272E-1,2.207963904345E-12,-3.059343364512E-1));
#4603=AXIS2_PLACEMENT_3D('',#4600,#4601,#4602);
#4605=DIRECTION('',(9.238782249400E-1,-5.564973194524E-6,-3.826865890657E-1));
#4606=VECTOR('',#4605,1.671007181916E-1);
#4607=CARTESIAN_POINT('',(7.598283362270E0,3.740000092991E1,-1.233552796125E0));
#4608=LINE('',#4607,#4606);
#4609=DIRECTION('',(-1.305222792252E-1,6.245512400894E-6,-9.914453765018E-1));
#4610=VECTOR('',#4609,1.671006467952E-1);
#4611=CARTESIAN_POINT('',(7.752664077179E0,3.74E1,-1.2975E0));
#4612=LINE('',#4611,#4610);
#4613=CARTESIAN_POINT('',(9.999999999994E0,3.740000353677E1,
1.620347777004E-12));
#4614=DIRECTION('',(-2.539910582940E-12,-1.E0,6.874863052188E-13));
#4615=DIRECTION('',(-8.404305760162E-1,1.763213003712E-12,-5.419192254359E-1));
#4616=AXIS2_PLACEMENT_3D('',#4613,#4614,#4615);
#4618=DIRECTION('',(9.914446732497E-1,-1.228939551589E-6,-1.305276211505E-1));
#4619=VECTOR('',#4618,1.671014490211E-1);
#4620=CARTESIAN_POINT('',(7.999386061296E0,3.740000020536E1,-1.813130742547E0));
#4621=LINE('',#4620,#4619);
#4622=DIRECTION('',(1.305339155522E-1,9.708499060624E-6,-9.914438444997E-1));
#4623=VECTOR('',#4622,1.671005092762E-1);
#4624=CARTESIAN_POINT('',(8.165057902821E0,3.74E1,-1.834942097179E0));
#4625=LINE('',#4624,#4623);
#4626=CARTESIAN_POINT('',(9.999999999994E0,3.740000120575E1,
1.620349379551E-12));
#4627=DIRECTION('',(-2.539910582940E-12,-1.E0,6.874863052188E-13));
#4628=DIRECTION('',(-6.715345821269E-1,1.197404812033E-12,-7.409732147707E-1));
#4629=AXIS2_PLACEMENT_3D('',#4626,#4627,#4628);
#4631=DIRECTION('',(9.914458861810E-1,-1.012232064703E-5,1.305184074079E-1));
#4632=VECTOR('',#4631,1.671004146047E-1);
#4633=CARTESIAN_POINT('',(8.536828981361E0,3.740000169144E1,-2.269145602812E0));
#4634=LINE('',#4633,#4632);
#4635=DIRECTION('',(3.826843739097E-1,7.217960974146E-7,-9.238791425099E-1));
#4636=VECTOR('',#4635,1.671014968657E-1);
#4637=CARTESIAN_POINT('',(8.7025E0,3.74E1,-2.247335922821E0));
#4638=LINE('',#4637,#4636);
#4639=CARTESIAN_POINT('',(9.999999999994E0,3.740000373326E1,
1.620347641919E-12));
#4640=DIRECTION('',(-2.539910582940E-12,-1.E0,6.874863052188E-13));
#4641=DIRECTION('',(-4.568746162290E-1,5.500172307374E-13,-8.895311040349E-1));
#4642=AXIS2_PLACEMENT_3D('',#4639,#4640,#4641);
#4644=DIRECTION('',(9.238811199867E-1,-5.423459676766E-6,3.826795997995E-1));
#4645=VECTOR('',#4644,1.671008988033E-1);
#4646=CARTESIAN_POINT('',(9.173983212422E0,3.740000090626E1,-2.570523624300E0));
#4647=LINE('',#4646,#4645);
#4648=DIRECTION('',(6.087647200865E-1,5.423458401134E-6,-7.933508149290E-1));
#4649=VECTOR('',#4648,1.671008988026E-1);
#4650=CARTESIAN_POINT('',(9.328364577959E0,3.74E1,-2.506577519220E0));
#4651=LINE('',#4650,#4649);
#4652=CARTESIAN_POINT('',(9.999999999994E0,3.740000373326E1,
1.620347641920E-12));
#4653=DIRECTION('',(-2.539910582940E-12,-1.E0,6.874863052188E-13));
#4654=DIRECTION('',(-2.110794002562E-1,-1.368463923366E-13,-9.774689185787E-1));
#4655=AXIS2_PLACEMENT_3D('',#4652,#4653,#4654);
#4657=CARTESIAN_POINT('',(9.999999999999E0,3.740001355482E1,
9.390436664349E-13));
#4658=DIRECTION('',(-2.967375260844E-14,1.E0,0.E0));
#4659=DIRECTION('',(-1.E0,-2.940230552331E-14,-6.476163621327E-13));
#4660=AXIS2_PLACEMENT_3D('',#4657,#4658,#4659);
#4662=CARTESIAN_POINT('',(1.E1,3.740001355621E1,0.E0));
#4663=DIRECTION('',(3.461937804318E-14,1.E0,0.E0));
#4664=DIRECTION('',(1.E0,-3.430268974447E-14,0.E0));
#4665=AXIS2_PLACEMENT_3D('',#4662,#4663,#4664);
#4667=CARTESIAN_POINT('',(1.013257047082E1,3.740000169144E1,-2.696723246239E0));
#4668=CARTESIAN_POINT('',(1.015564132379E1,3.738118723528E1,-2.714426134361E0));
#4669=CARTESIAN_POINT('',(1.020209595640E1,3.734275812736E1,-2.750074416302E0));
#4670=CARTESIAN_POINT('',(1.027271450685E1,3.728274499163E1,-2.804261110090E0));
#4671=CARTESIAN_POINT('',(1.032044536331E1,3.724116072420E1,-2.840886097992E0));
#4672=CARTESIAN_POINT('',(1.034447472425E1,3.721998043524E1,-2.859324475142E0));
#4674=CARTESIAN_POINT('',(9.999999999994E0,3.721998035529E1,
1.744111248898E-12));
#4675=DIRECTION('',(-2.539910582940E-12,-1.E0,6.874863052188E-13));
#4676=DIRECTION('',(1.196093169073E-1,-9.868649256325E-13,-9.928210368989E-1));
#4677=AXIS2_PLACEMENT_3D('',#4674,#4675,#4676);
#4679=CARTESIAN_POINT('',(1.040731067093E1,3.721998036292E1,-2.851052038051E0));
#4680=CARTESIAN_POINT('',(1.042574898287E1,3.724116057626E1,-2.827022762096E0));
#4681=CARTESIAN_POINT('',(1.046237410226E1,3.728274460855E1,-2.779291990568E0));
#4682=CARTESIAN_POINT('',(1.051656181711E1,3.734275779544E1,-2.708674346557E0));
#4683=CARTESIAN_POINT('',(1.055220707028E1,3.738118707299E1,-2.662217439176E0));
#4684=CARTESIAN_POINT('',(1.056991004451E1,3.740000162229E1,-2.639146473975E0));
#4686=CARTESIAN_POINT('',(1.082601712281E1,3.740000020536E1,-2.570524252778E0));
#4687=CARTESIAN_POINT('',(1.085288506618E1,3.738118479019E1,-2.581653319316E0));
#4688=CARTESIAN_POINT('',(1.090698234837E1,3.734275385829E1,-2.604061458281E0));
#4689=CARTESIAN_POINT('',(1.098921673821E1,3.728274541393E1,-2.638124222463E0));
#4690=CARTESIAN_POINT('',(1.104480010604E1,3.724116233464E1,-2.661146857287E0));
#4691=CARTESIAN_POINT('',(1.107278368314E1,3.721998145230E1,-2.672738034444E0));
#4693=CARTESIAN_POINT('',(9.999999999994E0,3.721998458168E1,
1.744108343311E-12));
#4694=DIRECTION('',(-2.539910582940E-12,-1.E0,6.874863052188E-13));
#4695=DIRECTION('',(3.724944079886E-1,-1.583920530023E-12,-9.280344368703E-1));
#4696=AXIS2_PLACEMENT_3D('',#4693,#4694,#4695);
#4698=CARTESIAN_POINT('',(1.113133765993E1,3.721998196686E1,-2.648483635396E0));
#4699=CARTESIAN_POINT('',(1.114292912041E1,3.724116337562E1,-2.620499374302E0));
#4700=CARTESIAN_POINT('',(1.116595415953E1,3.728274871036E1,-2.564917154272E0));
#4701=CARTESIAN_POINT('',(1.120001674106E1,3.734275808619E1,-2.482681644565E0));
#4702=CARTESIAN_POINT('',(1.122242422142E1,3.738118656052E1,-2.428583162287E0));
#4703=CARTESIAN_POINT('',(1.123355274163E1,3.740000104363E1,-2.401716537875E0));
#4705=CARTESIAN_POINT('',(1.146317122290E1,3.740000092991E1,-2.269146377215E0));
#4706=CARTESIAN_POINT('',(1.149200275643E1,3.738118638542E1,-2.272942120613E0));
#4707=CARTESIAN_POINT('',(1.155005705951E1,3.734275781919E1,-2.280585769410E0));
#4708=CARTESIAN_POINT('',(1.163830623939E1,3.728274874126E1,-2.292204503025E0));
#4709=CARTESIAN_POINT('',(1.169795432894E1,3.724116348153E1,-2.300055311727E0));
#4710=CARTESIAN_POINT('',(1.172798519800E1,3.721998203259E1,-2.304008950643E0));
#4712=CARTESIAN_POINT('',(9.999999999994E0,3.721998486018E1,
1.744108151845E-12));
#4713=DIRECTION('',(-2.539910582940E-12,-1.E0,6.874863052188E-13));
#4714=DIRECTION('',(5.999952549277E-1,-2.074886751657E-12,-8.000035587823E-1));
#4715=AXIS2_PLACEMENT_3D('',#4712,#4713,#4714);
#4717=CARTESIAN_POINT('',(1.177826710856E1,3.721998156506E1,-2.265426863240E0));
#4718=CARTESIAN_POINT('',(1.178222065808E1,3.724116252720E1,-2.235396673186E0));
#4719=CARTESIAN_POINT('',(1.179007429197E1,3.728274572744E1,-2.175748850245E0));
#4720=CARTESIAN_POINT('',(1.180169215714E1,3.734275387203E1,-2.087500453584E0));
#4721=CARTESIAN_POINT('',(1.180933489589E1,3.738118470971E1,-2.029446838966E0));
#4722=CARTESIAN_POINT('',(1.181313081432E1,3.740000012953E1,-2.000613975979E0));
#4724=CARTESIAN_POINT('',(1.200061282313E1,3.740000167600E1,-1.813129783496E0));
#4725=CARTESIAN_POINT('',(1.202944427E1,3.738118718055E1,-1.809334051507E0));
#4726=CARTESIAN_POINT('',(1.208749982348E1,3.734275807327E1,-1.801692842281E0));
#4727=CARTESIAN_POINT('',(1.217575039061E1,3.728274492580E1,-1.790073755466E0));
#4728=CARTESIAN_POINT('',(1.223539896050E1,3.724116068813E1,-1.782220734177E0));
#4729=CARTESIAN_POINT('',(1.226542815337E1,3.721998042219E1,-1.778267315936E0));
#4731=CARTESIAN_POINT('',(9.999999999994E0,3.721998034838E1,
1.744111253649E-12));
#4732=DIRECTION('',(-2.539910582940E-12,-1.E0,6.874863052188E-13));
#4733=DIRECTION('',(7.866070486728E-1,-2.422753386614E-12,-6.174539261988E-1));
#4734=AXIS2_PLACEMENT_3D('',#4731,#4732,#4733);
#4736=CARTESIAN_POINT('',(1.230401034842E1,3.721998037218E1,-1.727986101624E0));
#4737=CARTESIAN_POINT('',(1.230005693872E1,3.724116059178E1,-1.697956973650E0));
#4738=CARTESIAN_POINT('',(1.229220408486E1,3.728274467005E1,-1.638308360608E0));
#4739=CARTESIAN_POINT('',(1.228058636982E1,3.734275785851E1,-1.550057649080E0));
#4740=CARTESIAN_POINT('',(1.227294134964E1,3.738118709156E1,-1.492002634269E0));
#4741=CARTESIAN_POINT('',(1.226914560800E1,3.740000163535E1,-1.463171114083E0));
#4743=CARTESIAN_POINT('',(1.240171744770E1,3.740000019244E1,-1.233552833240E0));
#4744=CARTESIAN_POINT('',(1.242858539314E1,3.738118477600E1,-1.222423765849E0));
#4745=CARTESIAN_POINT('',(1.248268287869E1,3.734275385631E1,-1.200016139390E0));
#4746=CARTESIAN_POINT('',(1.256491738509E1,3.728274546483E1,-1.165953677925E0));
#4747=CARTESIAN_POINT('',(1.262050020026E1,3.724116236435E1,-1.142929739284E0));
#4748=CARTESIAN_POINT('',(1.264848379262E1,3.721998147035E1,-1.131338555807E0));
#4750=CARTESIAN_POINT('',(9.999999999994E0,3.721998462640E1,
1.744108312569E-12));
#4751=DIRECTION('',(-2.539910582940E-12,-1.E0,6.874863052188E-13));
#4752=DIRECTION('',(9.196127672193E-1,-2.605327267407E-12,-3.928261172164E-1));
#4753=AXIS2_PLACEMENT_3D('',#4750,#4751,#4752);
#4755=CARTESIAN_POINT('',(1.267273726556E1,3.721998197740E1,-1.072784189072E0));
#4756=CARTESIAN_POINT('',(1.266114580095E1,3.724116339353E1,-1.044799918004E0));
#4757=CARTESIAN_POINT('',(1.263812439888E1,3.728274871256E1,
-9.892162019526E-1));
#4758=CARTESIAN_POINT('',(1.260406099688E1,3.734275803868E1,
-9.069810587123E-1));
#4759=CARTESIAN_POINT('',(1.258165210423E1,3.738118653126E1,
-8.528831841622E-1));
#4760=CARTESIAN_POINT('',(1.257052357812E1,3.740000102429E1,
-8.260165454897E-1));
#4762=CARTESIAN_POINT('',(1.263914706549E1,3.740000094928E1,
-5.699104937075E-1));
#4763=CARTESIAN_POINT('',(1.266221801961E1,3.738118641676E1,
-5.522075279765E-1));
#4764=CARTESIAN_POINT('',(1.270867351322E1,3.734275786718E1,
-5.165618191419E-1));
#4765=CARTESIAN_POINT('',(1.277929080577E1,3.728274873984E1,
-4.623758877176E-1));
#4766=CARTESIAN_POINT('',(1.282701974469E1,3.724116346659E1,
-4.257496783742E-1));
#4767=CARTESIAN_POINT('',(1.285105041510E1,3.721998202254E1,
-4.073102964297E-1));
#4769=CARTESIAN_POINT('',(9.999999999994E0,3.721998481584E1,
1.744108182327E-12));
#4770=DIRECTION('',(-2.539910582940E-12,-1.E0,6.874863052188E-13));
#4771=DIRECTION('',(9.899486553194E-1,-2.612728937189E-12,-1.414272245056E-1));
#4772=AXIS2_PLACEMENT_3D('',#4769,#4770,#4771);
#4774=CARTESIAN_POINT('',(1.285932344697E1,3.721998154668E1,
-3.444739664505E-1));
#4775=CARTESIAN_POINT('',(1.284088448894E1,3.724116249581E1,
-3.204438484971E-1));
#4776=CARTESIAN_POINT('',(1.280426043945E1,3.728274567633E1,
-2.727131124915E-1));
#4777=CARTESIAN_POINT('',(1.275007447617E1,3.734275386655E1,
-2.020969824674E-1));
#4778=CARTESIAN_POINT('',(1.271442858372E1,3.738118472193E1,
-1.556426506470E-1));
#4779=CARTESIAN_POINT('',(1.269672479099E1,3.740000014128E1,
-1.325706187669E-1));
#4781=CARTESIAN_POINT('',(1.269672326619E1,3.740000166844E1,1.325705332959E-1));
#4782=CARTESIAN_POINT('',(1.271442619891E1,3.738118716337E1,1.556414443827E-1));
#4783=CARTESIAN_POINT('',(1.275007451790E1,3.734275803125E1,2.020960674006E-1));
#4784=CARTESIAN_POINT('',(1.280426114846E1,3.728274487246E1,2.727145770742E-1));
#4785=CARTESIAN_POINT('',(1.284088615137E1,3.724116066678E1,3.204453999806E-1));
#4786=CARTESIAN_POINT('',(1.285932449954E1,3.721998041115E1,3.444747231573E-1));
#4788=CARTESIAN_POINT('',(9.999999999994E0,3.721998034432E1,
1.744111256441E-12));
#4789=DIRECTION('',(-2.539910582940E-12,-1.E0,6.874863052188E-13));
#4790=DIRECTION('',(9.928210371487E-1,-2.440023519331E-12,1.196093148335E-1));
#4791=AXIS2_PLACEMENT_3D('',#4788,#4789,#4790);
#4793=CARTESIAN_POINT('',(1.285105202416E1,3.721998038113E1,4.073106394686E-1));
#4794=CARTESIAN_POINT('',(1.282702273145E1,3.724116060956E1,4.257489642618E-1));
#4795=CARTESIAN_POINT('',(1.277929200110E1,3.728274472050E1,4.623741101666E-1));
#4796=CARTESIAN_POINT('',(1.270867434996E1,3.734275790262E1,5.165618217411E-1));
#4797=CARTESIAN_POINT('',(1.266221740044E1,3.738118711019E1,5.522070724617E-1));
#4798=CARTESIAN_POINT('',(1.263914645430E1,3.740000164415E1,5.699100320718E-1));
#4800=CARTESIAN_POINT('',(1.257052428109E1,3.740000017909E1,8.260171205403E-1));
#4801=CARTESIAN_POINT('',(1.258165334958E1,3.738118476090E1,8.528850686166E-1));
#4802=CARTESIAN_POINT('',(1.260406144046E1,3.734275385507E1,9.069823503374E-1));
#4803=CARTESIAN_POINT('',(1.263812423026E1,3.728274551680E1,9.892167055361E-1));
#4804=CARTESIAN_POINT('',(1.266114680472E1,3.724116239724E1,1.044800069303E0));
#4805=CARTESIAN_POINT('',(1.267273799562E1,3.721998148965E1,1.072783679586E0));
#4807=CARTESIAN_POINT('',(9.999999999994E0,3.721998467485E1,
1.744108279255E-12));
#4808=DIRECTION('',(-2.539910582940E-12,-1.E0,6.874863052188E-13));
#4809=DIRECTION('',(9.280344347054E-1,-2.102025444298E-12,3.724944133823E-1));
#4810=AXIS2_PLACEMENT_3D('',#4807,#4808,#4809);
#4812=CARTESIAN_POINT('',(1.264848360588E1,3.721998198916E1,1.131337672270E0));
#4813=CARTESIAN_POINT('',(1.262049932580E1,3.724116341203E1,1.142929140612E0));
#4814=CARTESIAN_POINT('',(1.256491712449E1,3.728274871956E1,1.165954176258E0));
#4815=CARTESIAN_POINT('',(1.248268165322E1,3.734275799482E1,1.200016721944E0));
#4816=CARTESIAN_POINT('',(1.242858322394E1,3.738118650219E1,1.222424229209E0));
#4817=CARTESIAN_POINT('',(1.240171657033E1,3.740000100567E1,1.233552761510E0));
#4819=CARTESIAN_POINT('',(1.226914634538E1,3.740000096816E1,1.463171201675E0));
#4820=CARTESIAN_POINT('',(1.227294208415E1,3.738118644664E1,1.492002700031E0));
#4821=CARTESIAN_POINT('',(1.228058577993E1,3.734275791323E1,1.550057031697E0));
#4822=CARTESIAN_POINT('',(1.229220450009E1,3.728274873607E1,1.638306263392E0));
#4823=CARTESIAN_POINT('',(1.230005532170E1,3.724116344986E1,1.697954368684E0));
#4824=CARTESIAN_POINT('',(1.230400895857E1,3.721998201174E1,1.727985222168E0));
#4826=CARTESIAN_POINT('',(9.999999999994E0,3.721998476962E1,
1.744108214107E-12));
#4827=DIRECTION('',(-2.539910582940E-12,-1.E0,6.874863052188E-13));
#4828=DIRECTION('',(8.000035542273E-1,-1.618460958721E-12,5.999952610010E-1));
#4829=AXIS2_PLACEMENT_3D('',#4826,#4827,#4828);
#4831=CARTESIAN_POINT('',(1.226542688982E1,3.721998152783E1,1.778267134984E0));
#4832=CARTESIAN_POINT('',(1.223539673686E1,3.724116246377E1,1.782220679625E0));
#4833=CARTESIAN_POINT('',(1.217574887801E1,3.728274562450E1,1.790074271135E0));
#4834=CARTESIAN_POINT('',(1.208750046144E1,3.734275386269E1,1.801692171372E0));
#4835=CARTESIAN_POINT('',(1.202944682482E1,3.738118473494E1,1.809334873611E0));
#4836=CARTESIAN_POINT('',(1.200061396411E1,3.740000015349E1,1.813130791736E0));
#4838=CARTESIAN_POINT('',(1.181312978764E1,3.740000166067E1,2.000612840079E0));
#4839=CARTESIAN_POINT('',(1.180933405181E1,3.738118714602E1,2.029444316057E0));
#4840=CARTESIAN_POINT('',(1.180169283897E1,3.734275798891E1,2.087499856117E0));
#4841=CARTESIAN_POINT('',(1.179007373986E1,3.728274481990E1,2.175750410596E0));
#4842=CARTESIAN_POINT('',(1.178222075946E1,3.724116064633E1,2.235398993509E0));
#4843=CARTESIAN_POINT('',(1.177826734496E1,3.721998040063E1,2.265428157992E0));
#4845=CARTESIAN_POINT('',(9.999999999994E0,3.721998034229E1,
1.744111257833E-12));
#4846=DIRECTION('',(-2.539910582940E-12,-1.E0,6.874863052188E-13));
#4847=DIRECTION('',(6.174539343831E-1,-1.026339518026E-12,7.866070422485E-1));
#4848=AXIS2_PLACEMENT_3D('',#4845,#4846,#4847);
#4850=CARTESIAN_POINT('',(1.172798610711E1,3.721998039062E1,2.304010321253E0));
#4851=CARTESIAN_POINT('',(1.169795695397E1,3.724116062821E1,2.300056908241E0));
#4852=CARTESIAN_POINT('',(1.163830834282E1,3.728274477158E1,2.292204094451E0));
#4853=CARTESIAN_POINT('',(1.155005761842E1,3.734275794600E1,2.280586365840E0));
#4854=CARTESIAN_POINT('',(1.149200258863E1,3.738118712834E1,2.272941335538E0));
#4855=CARTESIAN_POINT('',(1.146317109813E1,3.740000165257E1,2.269145597804E0));
#4857=CARTESIAN_POINT('',(1.123355285277E1,3.740000016610E1,2.401717467295E0));
#4858=CARTESIAN_POINT('',(1.122242378340E1,3.738118474652E1,2.428585417501E0));
#4859=CARTESIAN_POINT('',(1.120001612651E1,3.734275385568E1,2.482682868076E0));
#4860=CARTESIAN_POINT('',(1.116595370652E1,3.728274556882E1,2.564917361932E0));
#4861=CARTESIAN_POINT('',(1.114292973524E1,3.724116242990E1,2.620500130751E0));
#4862=CARTESIAN_POINT('',(1.113133853697E1,3.721998150882E1,2.648483758828E0));
#4864=CARTESIAN_POINT('',(9.999999999994E0,3.721998472261E1,
1.744108246423E-12));
#4865=DIRECTION('',(-2.539910582940E-12,-1.E0,6.874863052188E-13));
#4866=DIRECTION('',(3.928261152802E-1,-3.651405761910E-13,9.196127680464E-1));
#4867=AXIS2_PLACEMENT_3D('',#4864,#4865,#4866);
#4869=CARTESIAN_POINT('',(1.107278416634E1,3.721998200061E1,2.672737249667E0));
#4870=CARTESIAN_POINT('',(1.104479987758E1,3.724116342997E1,2.661145777732E0));
#4871=CARTESIAN_POINT('',(1.098921617314E1,3.728274872553E1,2.638124394148E0));
#4872=CARTESIAN_POINT('',(1.090698108344E1,3.734275795025E1,2.604060991614E0));
#4873=CARTESIAN_POINT('',(1.085288322494E1,3.738118647286E1,2.581652152497E0));
#4874=CARTESIAN_POINT('',(1.082601655615E1,3.740000098696E1,2.570523613905E0));
#4876=CARTESIAN_POINT('',(1.056991048538E1,3.740000098696E1,2.639147028744E0));
#4877=CARTESIAN_POINT('',(1.055220754019E1,3.738118647626E1,2.662217956091E0));
#4878=CARTESIAN_POINT('',(1.051656184410E1,3.734275795856E1,2.708673503945E0));
#4879=CARTESIAN_POINT('',(1.046237586665E1,3.728274873120E1,2.779290823272E0));
#4880=CARTESIAN_POINT('',(1.042574965524E1,3.724116343252E1,2.827019782578E0));
#4881=CARTESIAN_POINT('',(1.040731028401E1,3.721998200061E1,2.851050439019E0));
#4883=CARTESIAN_POINT('',(9.999999999994E0,3.721998472261E1,
1.744108246423E-12));
#4884=DIRECTION('',(-2.539910582940E-12,-1.E0,6.874863052188E-13));
#4885=DIRECTION('',(1.414272164231E-1,3.207315871947E-13,9.899486564741E-1));
#4886=AXIS2_PLACEMENT_3D('',#4883,#4884,#4885);
#4888=CARTESIAN_POINT('',(1.034447396612E1,3.721998150882E1,2.859323485139E0));
#4889=CARTESIAN_POINT('',(1.032044387814E1,3.724116243146E1,2.840884550112E0));
#4890=CARTESIAN_POINT('',(1.027271314744E1,3.728274557268E1,2.804260444200E0));
#4891=CARTESIAN_POINT('',(1.020209697731E1,3.734275386055E1,2.750074491769E0));
#4892=CARTESIAN_POINT('',(1.015564265549E1,3.738118474868E1,2.714428556487E0));
#4893=CARTESIAN_POINT('',(1.013257062624E1,3.740000016610E1,2.696724765775E0));
#4895=CARTESIAN_POINT('',(9.867429457840E0,3.740000165257E1,2.696723281649E0));
#4896=CARTESIAN_POINT('',(9.844358523354E0,3.738118712822E1,2.714426232318E0));
#4897=CARTESIAN_POINT('',(9.797903907516E0,3.734275794594E1,2.750074537956E0));
#4898=CARTESIAN_POINT('',(9.727285399332E0,3.728274476798E1,2.804261150770E0));
#4899=CARTESIAN_POINT('',(9.679554595770E0,3.724116062673E1,2.840886190957E0));
#4900=CARTESIAN_POINT('',(9.655525294481E0,3.721998039062E1,2.859324522338E0));
#4902=CARTESIAN_POINT('',(9.999999999994E0,3.721998034229E1,
1.744111257833E-12));
#4903=DIRECTION('',(-2.539910582940E-12,-1.E0,6.874863052188E-13));
#4904=DIRECTION('',(-1.196093043679E-1,9.868649211788E-13,9.928210384096E-1));
#4905=AXIS2_PLACEMENT_3D('',#4902,#4903,#4904);
#4907=CARTESIAN_POINT('',(9.592689383544E0,3.721998040063E1,2.851052007743E0));
#4908=CARTESIAN_POINT('',(9.574251042692E0,3.724116064773E1,2.827022694111E0));
#4909=CARTESIAN_POINT('',(9.537625869206E0,3.728274482332E1,2.779291994245E0));
#4910=CARTESIAN_POINT('',(9.483438159485E0,3.734275798879E1,2.708674324991E0));
#4911=CARTESIAN_POINT('',(9.447792905188E0,3.738118714606E1,2.662217359131E0));
#4912=CARTESIAN_POINT('',(9.430089963589E0,3.740000166067E1,2.639146436465E0));
#4914=CARTESIAN_POINT('',(9.173982879777E0,3.740000015349E1,2.570524308087E0));
#4915=CARTESIAN_POINT('',(9.147114927935E0,3.738118473288E1,2.581653378134E0));
#4916=CARTESIAN_POINT('',(9.093017648721E0,3.734275385805E1,2.604061423804E0));
#4917=CARTESIAN_POINT('',(9.010783330513E0,3.728274562085E1,2.638124234314E0));
#4918=CARTESIAN_POINT('',(8.955199976210E0,3.724116246230E1,2.661146752935E0));
#4919=CARTESIAN_POINT('',(8.927216330490E0,3.721998152784E1,2.672737958517E0));
#4921=CARTESIAN_POINT('',(9.999999999994E0,3.721998476961E1,
1.744108214109E-12));
#4922=DIRECTION('',(-2.539910582940E-12,-1.E0,6.874863052188E-13));
#4923=DIRECTION('',(-3.724944155433E-1,1.583920633382E-12,9.280344338380E-1));
#4924=AXIS2_PLACEMENT_3D('',#4921,#4922,#4923);
#4926=CARTESIAN_POINT('',(8.868662322417E0,3.721998201174E1,2.648483579041E0));
#4927=CARTESIAN_POINT('',(8.857070847038E0,3.724116344730E1,2.620499281972E0));
#4928=CARTESIAN_POINT('',(8.834045807308E0,3.728274873040E1,2.564917101458E0));
#4929=CARTESIAN_POINT('',(8.799983299500E0,3.734275790495E1,2.482681667783E0));
#4930=CARTESIAN_POINT('',(8.777575765815E0,3.738118644325E1,2.428583287672E0));
#4931=CARTESIAN_POINT('',(8.766447220827E0,3.740000096817E1,2.401716603431E0));
#4933=CARTESIAN_POINT('',(8.536828818155E0,3.740000100568E1,2.269146313544E0));
#4934=CARTESIAN_POINT('',(8.507997352698E0,3.738118650561E1,2.272942047981E0));
#4935=CARTESIAN_POINT('',(8.449942991683E0,3.734275800316E1,2.280585791213E0));
#4936=CARTESIAN_POINT('',(8.361693708404E0,3.728274872525E1,2.292204497396E0));
#4937=CARTESIAN_POINT('',(8.302045587193E0,3.724116341459E1,2.300055332910E0));
#4938=CARTESIAN_POINT('',(8.272014751945E0,3.721998198916E1,2.304008967375E0));
#4940=CARTESIAN_POINT('',(9.999999999994E0,3.721998467485E1,
1.744108279256E-12));
#4941=DIRECTION('',(-2.539910582940E-12,-1.E0,6.874863052188E-13));
#4942=DIRECTION('',(-5.999952674297E-1,2.074886618137E-12,8.000035494058E-1));
#4943=AXIS2_PLACEMENT_3D('',#4940,#4941,#4942);
#4945=CARTESIAN_POINT('',(8.221732837931E0,3.721998148966E1,2.265426917090E0));
#4946=CARTESIAN_POINT('',(8.217779298263E0,3.724116239890E1,2.235396801902E0));
#4947=CARTESIAN_POINT('',(8.209925750316E0,3.728274552088E1,2.175748906632E0));
#4948=CARTESIAN_POINT('',(8.198307813647E0,3.734275386018E1,2.087500468293E0));
#4949=CARTESIAN_POINT('',(8.190665149349E0,3.738118476316E1,2.029446807271E0));
#4950=CARTESIAN_POINT('',(8.186869231795E0,3.740000017909E1,2.000613950899E0));
#4952=CARTESIAN_POINT('',(7.999387142299E0,3.740000164415E1,1.813129792800E0));
#4953=CARTESIAN_POINT('',(7.970555636737E0,3.738118710999E1,1.809334053084E0));
#4954=CARTESIAN_POINT('',(7.912500112283E0,3.734275790237E1,1.801692835105E0));
#4955=CARTESIAN_POINT('',(7.824249572589E0,3.728274471673E1,1.790073725350E0));
#4956=CARTESIAN_POINT('',(7.764600977412E0,3.724116060800E1,1.782220784113E0));
#4957=CARTESIAN_POINT('',(7.734571839315E0,3.721998038114E1,1.778267373082E0));
#4959=CARTESIAN_POINT('',(9.999999999994E0,3.721998034432E1,
1.744111256441E-12));
#4960=DIRECTION('',(-2.539910582940E-12,-1.E0,6.874863052188E-13));
#4961=DIRECTION('',(-7.866070356689E-1,2.422753383198E-12,6.174539427651E-1));
#4962=AXIS2_PLACEMENT_3D('',#4959,#4960,#4961);
#4964=CARTESIAN_POINT('',(7.695989707321E0,3.721998041115E1,1.727986110979E0));
#4965=CARTESIAN_POINT('',(7.699943123904E0,3.724116066810E1,1.697956930712E0));
#4966=CARTESIAN_POINT('',(7.707795895667E0,3.728274487571E1,1.638308321791E0));
#4967=CARTESIAN_POINT('',(7.719413638911E0,3.734275803095E1,1.550057587253E0));
#4968=CARTESIAN_POINT('',(7.727058677227E0,3.738118716333E1,1.492002544233E0));
#4969=CARTESIAN_POINT('',(7.730854411143E0,3.740000166844E1,1.463171082727E0));
#4971=CARTESIAN_POINT('',(7.598282514602E0,3.740000014128E1,1.233552871848E0));
#4972=CARTESIAN_POINT('',(7.571414561608E0,3.738118471997E1,1.222423801324E0));
#4973=CARTESIAN_POINT('',(7.517317143481E0,3.734275386215E1,1.200016114490E0));
#4974=CARTESIAN_POINT('',(7.435082660192E0,3.728274567290E1,1.165953734635E0));
#4975=CARTESIAN_POINT('',(7.379499937299E0,3.724116249443E1,1.142929730421E0));
#4976=CARTESIAN_POINT('',(7.351516274077E0,3.721998154669E1,1.131338517590E0));
#4978=CARTESIAN_POINT('',(9.999999999994E0,3.721998481584E1,
1.744108182328E-12));
#4979=DIRECTION('',(-2.539910582940E-12,-1.E0,6.874863052188E-13));
#4980=DIRECTION('',(-9.196127690494E-1,2.605327438782E-12,3.928261129321E-1));
#4981=AXIS2_PLACEMENT_3D('',#4978,#4979,#4980);
#4983=CARTESIAN_POINT('',(7.327262764849E0,3.721998202254E1,1.072784143615E0));
#4984=CARTESIAN_POINT('',(7.338854243522E0,3.724116346403E1,1.044799838594E0));
#4985=CARTESIAN_POINT('',(7.361875610463E0,3.728274873417E1,9.892161461604E-1));
#4986=CARTESIAN_POINT('',(7.395939012859E0,3.734275785893E1,9.069811096325E-1));
#4987=CARTESIAN_POINT('',(7.418347798607E0,3.738118641337E1,8.528832672553E-1));
#4988=CARTESIAN_POINT('',(7.429476350099E0,3.740000094928E1,8.260165673158E-1));
#4990=CARTESIAN_POINT('',(7.360853007573E0,3.740000102430E1,5.699104767214E-1));
#4991=CARTESIAN_POINT('',(7.337782106113E0,3.738118653469E1,5.522075513938E-1));
#4992=CARTESIAN_POINT('',(7.291326503903E0,3.734275804705E1,5.165618681681E-1));
#4993=CARTESIAN_POINT('',(7.220709158193E0,3.728274871825E1,4.623758440427E-1));
#4994=CARTESIAN_POINT('',(7.172980177104E0,3.724116339609E1,4.257496318325E-1));
#4995=CARTESIAN_POINT('',(7.148949535857E0,3.721998197740E1,4.073102722654E-1));
#4997=CARTESIAN_POINT('',(9.999999999994E0,3.721998462639E1,
1.744108312570E-12));
#4998=DIRECTION('',(-2.539910582940E-12,-1.E0,6.874863052188E-13));
#4999=DIRECTION('',(-9.899486575925E-1,2.612728765324E-12,1.414272085942E-1));
#5000=AXIS2_PLACEMENT_3D('',#4997,#4998,#4999);
#5002=CARTESIAN_POINT('',(7.140676476194E0,3.721998147036E1,3.444739666961E-1));
#5003=CARTESIAN_POINT('',(7.159115387840E0,3.724116236610E1,3.204439091908E-1));
#5004=CARTESIAN_POINT('',(7.195739550403E0,3.728274546912E1,2.727131833096E-1));
#5005=CARTESIAN_POINT('',(7.249925493010E0,3.734275386165E1,2.020969709241E-1));
#5006=CARTESIAN_POINT('',(7.285571473563E0,3.738118477836E1,1.556426582742E-1));
#5007=CARTESIAN_POINT('',(7.303275260951E0,3.740000019245E1,1.325706333549E-1));
#5009=CARTESIAN_POINT('',(7.303276701540E0,3.740000163536E1,
-1.325705508803E-1));
#5010=CARTESIAN_POINT('',(7.285573732490E0,3.738118709128E1,
-1.556415093201E-1));
#5011=CARTESIAN_POINT('',(7.249925442916E0,3.734275785807E1,
-2.020961175161E-1));
#5012=CARTESIAN_POINT('',(7.195738848304E0,3.728274466609E1,
-2.727146213148E-1));
#5013=CARTESIAN_POINT('',(7.159113772671E0,3.724116059014E1,
-3.204454062174E-1));
#5014=CARTESIAN_POINT('',(7.140675456885E0,3.721998037218E1,
-3.444746871820E-1));
#5016=CARTESIAN_POINT('',(9.999999999994E0,3.721998034838E1,
1.744111253649E-12));
#5017=DIRECTION('',(-2.539910582940E-12,-1.E0,6.874863052188E-13));
#5018=DIRECTION('',(-9.928210396982E-1,2.440023522771E-12,-1.196092936717E-1));
#5019=AXIS2_PLACEMENT_3D('',#5016,#5017,#5018);
#5021=CARTESIAN_POINT('',(7.148948010780E0,3.721998042219E1,
-4.073105936364E-1));
#5022=CARTESIAN_POINT('',(7.172977346941E0,3.724116068938E1,
-4.257489517761E-1));
#5023=CARTESIAN_POINT('',(7.220708014830E0,3.728274492886E1,
-4.623741539782E-1));
#5024=CARTESIAN_POINT('',(7.291325701168E0,3.734275807279E1,
-5.165618593627E-1));
#5025=CARTESIAN_POINT('',(7.337782680713E0,3.738118718044E1,
-5.522071174268E-1));
#5026=CARTESIAN_POINT('',(7.360853580278E0,3.740000167601E1,
-5.699100412999E-1));
#5028=CARTESIAN_POINT('',(7.429475666421E0,3.740000012954E1,
-8.260171192054E-1));
#5029=CARTESIAN_POINT('',(7.418346595608E0,3.738118470784E1,
-8.528850728992E-1));
#5030=CARTESIAN_POINT('',(7.395938592706E0,3.734275386786E1,
-9.069823509515E-1));
#5031=CARTESIAN_POINT('',(7.361875761747E0,3.728274572421E1,
-9.892166344770E-1));
#5032=CARTESIAN_POINT('',(7.338853297656E0,3.724116252591E1,-1.044799979179E0));
#5033=CARTESIAN_POINT('',(7.327262077661E0,3.721998156506E1,-1.072783659697E0));
#5035=CARTESIAN_POINT('',(9.999999999994E0,3.721998486018E1,
1.744108151844E-12));
#5036=DIRECTION('',(-2.539910582940E-12,-1.E0,6.874863052188E-13));
#5037=DIRECTION('',(-9.280344329893E-1,2.102025579562E-12,-3.724944176578E-1));
#5038=AXIS2_PLACEMENT_3D('',#5035,#5036,#5037);
#5040=CARTESIAN_POINT('',(7.351516445860E0,3.721998203259E1,-1.131337682801E0));
#5041=CARTESIAN_POINT('',(7.379500757442E0,3.724116347897E1,-1.142929164192E0));
#5042=CARTESIAN_POINT('',(7.435082917863E0,3.728274873559E1,-1.165954207228E0));
#5043=CARTESIAN_POINT('',(7.517318313462E0,3.734275781096E1,-1.200016677511E0));
#5044=CARTESIAN_POINT('',(7.571416645291E0,3.738118638205E1,-1.222424237575E0));
#5045=CARTESIAN_POINT('',(7.598283362270E0,3.740000092991E1,-1.233552796125E0));
#5047=CARTESIAN_POINT('',(7.730853719899E0,3.740000104363E1,-1.463171163675E0));
#5048=CARTESIAN_POINT('',(7.727057989590E0,3.738118656395E1,-1.492002597783E0));
#5049=CARTESIAN_POINT('',(7.719414196562E0,3.734275809456E1,-1.550056991216E0));
#5050=CARTESIAN_POINT('',(7.707795502197E0,3.728274871602E1,-1.638306325775E0));
#5051=CARTESIAN_POINT('',(7.699944660330E0,3.724116337817E1,-1.697954464930E0));
#5052=CARTESIAN_POINT('',(7.695991028549E0,3.721998196686E1,-1.727985279790E0));
#5054=CARTESIAN_POINT('',(9.999999999994E0,3.721998458168E1,
1.744108343312E-12));
#5055=DIRECTION('',(-2.539910582940E-12,-1.E0,6.874863052188E-13));
#5056=DIRECTION('',(-8.000035422344E-1,1.618460853107E-12,-5.999952769917E-1));
#5057=AXIS2_PLACEMENT_3D('',#5054,#5055,#5056);
#5059=CARTESIAN_POINT('',(7.734573060420E0,3.721998145230E1,-1.778267193914E0));
#5060=CARTESIAN_POINT('',(7.764603140241E0,3.724116233647E1,-1.782220728925E0));
#5061=CARTESIAN_POINT('',(7.824251069554E0,3.728274541842E1,-1.790074226671E0));
#5062=CARTESIAN_POINT('',(7.912499525133E0,3.734275386383E1,-1.801692202851E0));
#5063=CARTESIAN_POINT('',(7.970553210244E0,3.738118479263E1,-1.809334825694E0));
#5064=CARTESIAN_POINT('',(7.999386061296E0,3.740000020536E1,-1.813130742547E0));
#5066=CARTESIAN_POINT('',(8.186870186587E0,3.740000162230E1,-2.000612868514E0));
#5067=CARTESIAN_POINT('',(8.190665929471E0,3.738118707263E1,-2.029444398136E0));
#5068=CARTESIAN_POINT('',(8.198307170672E0,3.734275779482E1,-2.087499887632E0));
#5069=CARTESIAN_POINT('',(8.209926286832E0,3.728274460440E1,-2.175750422757E0));
#5070=CARTESIAN_POINT('',(8.217779184473E0,3.724116057454E1,-2.235399040049E0));
#5071=CARTESIAN_POINT('',(8.221732592719E0,3.721998036293E1,-2.265428156994E0));
#5073=CARTESIAN_POINT('',(9.999999999994E0,3.721998035529E1,
1.744111248898E-12));
#5074=DIRECTION('',(-2.539910582940E-12,-1.E0,6.874863052188E-13));
#5075=DIRECTION('',(-6.174539547173E-1,1.026339522658E-12,-7.866070262869E-1));
#5076=AXIS2_PLACEMENT_3D('',#5073,#5074,#5075);
#5078=CARTESIAN_POINT('',(8.272013900268E0,3.721998043524E1,-2.304010271006E0));
#5079=CARTESIAN_POINT('',(8.302043127501E0,3.724116072536E1,-2.300056848240E0));
#5080=CARTESIAN_POINT('',(8.361691757697E0,3.728274499451E1,-2.292204106277E0));
#5081=CARTESIAN_POINT('',(8.449942559110E0,3.734275812668E1,-2.280586328678E0));
#5082=CARTESIAN_POINT('',(8.507997592234E0,3.738118723508E1,-2.272941327200E0));
#5083=CARTESIAN_POINT('',(8.536828981361E0,3.740000169144E1,-2.269145602812E0));
#5085=CARTESIAN_POINT('',(9.430089709844E0,3.740000090626E1,-2.639147153460E0));
#5086=CARTESIAN_POINT('',(9.447792808685E0,3.738118622692E1,-2.662218281047E0));
#5087=CARTESIAN_POINT('',(9.483438560881E0,3.734275783235E1,-2.708674028236E0));
#5088=CARTESIAN_POINT('',(9.537624305606E0,3.728274877885E1,-2.779291254515E0));
#5089=CARTESIAN_POINT('',(9.574250817847E0,3.724116336874E1,-2.827019919009E0));
#5090=CARTESIAN_POINT('',(9.592690103438E0,3.721998203083E1,-2.851050463849E0));
#5092=CARTESIAN_POINT('',(9.999999999994E0,3.721998487074E1,
1.744108144582E-12));
#5093=DIRECTION('',(-2.539910582940E-12,-1.E0,6.874863052188E-13));
#5094=DIRECTION('',(-1.414270168494E-1,-3.207316036917E-13,-9.899486849858E-1));
#5095=AXIS2_PLACEMENT_3D('',#5092,#5093,#5094);
#5097=CARTESIAN_POINT('',(9.999999999999E0,3.49E1,1.367683744036E-12));
#5098=DIRECTION('',(0.E0,-1.E0,0.E0));
#5099=DIRECTION('',(1.E0,0.E0,-1.587122705696E-11));
#5100=AXIS2_PLACEMENT_3D('',#5097,#5098,#5099);
#5102=CARTESIAN_POINT('',(9.999999999999E0,3.710000432263E1,
1.367683744036E-12));
#5103=DIRECTION('',(0.E0,1.E0,0.E0));
#5104=DIRECTION('',(-1.E0,0.E0,3.549692993041E-8));
#5105=AXIS2_PLACEMENT_3D('',#5102,#5103,#5104);
#5107=CARTESIAN_POINT('',(1.E1,3.49E1,8.223421943399E-13));
#5108=DIRECTION('',(0.E0,-1.E0,0.E0));
#5109=DIRECTION('',(-1.E0,0.E0,-2.664723035667E-12));
#5110=AXIS2_PLACEMENT_3D('',#5107,#5108,#5109);
#5112=DIRECTION('',(-3.150277931987E-6,-9.999999999950E-1,9.235841121847E-10));
#5113=VECTOR('',#5112,2.200006556058E0);
#5114=CARTESIAN_POINT('',(8.850011718878E0,3.710000655605E1,
-2.032366372819E-9));
#5115=LINE('',#5114,#5113);
#5116=DIRECTION('',(-3.150278954199E-6,9.999999999950E-1,9.262979518650E-10));
#5117=VECTOR('',#5116,2.200006556056E0);
#5118=CARTESIAN_POINT('',(1.114999521175E1,3.49E1,-5.711428228564E-12));
#5119=LINE('',#5118,#5117);
#5120=CARTESIAN_POINT('',(1.E1,3.710001541389E1,0.E0));
#5121=DIRECTION('',(-3.461937804318E-14,-1.E0,0.E0));
#5122=DIRECTION('',(-1.E0,3.707232184638E-14,-3.549740865690E-8));
#5123=AXIS2_PLACEMENT_3D('',#5120,#5121,#5122);
#5125=DIRECTION('',(7.070968561851E-1,-7.071167060487E-1,3.263215797369E-9));
#5126=VECTOR('',#5125,4.242644292600E-1);
#5127=CARTESIAN_POINT('',(8.550015674757E0,3.740001102176E1,
-3.416832760642E-9));
#5128=LINE('',#5127,#5126);
#5129=DIRECTION('',(7.070968561844E-1,7.071167060494E-1,3.263068930099E-9));
#5130=VECTOR('',#5129,4.242644292591E-1);
#5131=CARTESIAN_POINT('',(1.114998828112E1,3.710000655604E1,2.032150138735E-9));
#5132=LINE('',#5131,#5130);
#5133=DIRECTION('',(0.E0,1.E0,0.E0));
#5134=VECTOR('',#5133,1.E-1);
#5135=CARTESIAN_POINT('',(1.862177972854E1,-2.1E0,-5.700000118849E0));
#5136=LINE('',#5135,#5134);
#5137=DIRECTION('',(-3.552713678800E-14,-1.E0,-1.776356839400E-14));
#5138=VECTOR('',#5137,1.E-1);
#5139=CARTESIAN_POINT('',(1.869999993880E1,-2.E0,-5.740028527641E0));
#5140=LINE('',#5139,#5138);
#5141=DIRECTION('',(-8.472063939260E-9,-1.E0,7.597478202097E-12));
#5142=VECTOR('',#5141,5.000000000012E-1);
#5143=CARTESIAN_POINT('',(1.945000000424E1,-2.E0,-7.500000000003E0));
#5144=LINE('',#5143,#5142);
#5145=DIRECTION('',(-8.472177626098E-9,1.E0,7.629452625206E-12));
#5146=VECTOR('',#5145,5.000000000012E-1);
#5147=CARTESIAN_POINT('',(1.605E1,-2.500000000001E0,-7.5E0));
#5148=LINE('',#5147,#5146);
#5149=CARTESIAN_POINT('',(1.874999871410E1,-3.453939605814E0,-7.5E0));
#5150=CARTESIAN_POINT('',(1.874999871410E1,-3.453939605317E0,
-7.472131098125E0));
#5151=CARTESIAN_POINT('',(1.875000052771E1,-3.453215028251E0,
-7.416445066675E0));
#5152=CARTESIAN_POINT('',(1.875000008186E1,-3.449842885743E0,
-7.332359962898E0));
#5153=CARTESIAN_POINT('',(1.874999945718E1,-3.446034804641E0,
-7.277355217389E0));
#5154=CARTESIAN_POINT('',(1.874999945718E1,-3.443709347366E0,
-7.250000093263E0));
#5156=CARTESIAN_POINT('',(1.874999945718E1,-3.443709347366E0,
-7.250000093263E0));
#5157=CARTESIAN_POINT('',(1.871387128491E1,-3.455994355154E0,
-7.250000093263E0));
#5158=CARTESIAN_POINT('',(1.864008534869E1,-3.476628397962E0,
-7.249999986603E0));
#5159=CARTESIAN_POINT('',(1.852483549412E1,-3.495623235159E0,
-7.249999906996E0));
#5160=CARTESIAN_POINT('',(1.844470359537E1,-3.500000064834E0,
-7.250000225942E0));
#5161=CARTESIAN_POINT('',(1.840383432180E1,-3.499999999999E0,
-7.250000225942E0));
#5163=CARTESIAN_POINT('',(1.799999999472E1,-3.5E0,-6.846165163659E0));
#5164=CARTESIAN_POINT('',(1.799999999472E1,-3.500000000771E0,
-6.805287009100E0));
#5165=CARTESIAN_POINT('',(1.799999997605E1,-3.495621611182E0,
-6.725143976444E0));
#5166=CARTESIAN_POINT('',(1.800000009173E1,-3.476621568581E0,
-6.609884233155E0));
#5167=CARTESIAN_POINT('',(1.799999980194E1,-3.455990095553E0,
-6.536116194305E0));
#5168=CARTESIAN_POINT('',(1.799999980194E1,-3.443709380177E0,
-6.500000613103E0));
#5170=CARTESIAN_POINT('',(1.799999980194E1,-3.443709380177E0,
-6.500000613103E0));
#5171=CARTESIAN_POINT('',(1.794486654260E1,-3.448396245786E0,
-6.500000613103E0));
#5172=CARTESIAN_POINT('',(1.783426534465E1,-3.454308215350E0,
-6.499999795632E0));
#5173=CARTESIAN_POINT('',(1.766569518799E1,-3.454306949509E0,
-6.499999795632E0));
#5174=CARTESIAN_POINT('',(1.755511660851E1,-3.448394813466E0,
-6.500000613103E0));
#5175=CARTESIAN_POINT('',(1.750000019806E1,-3.443709380178E0,
-6.500000613103E0));
#5177=CARTESIAN_POINT('',(1.750000019806E1,-3.443709380178E0,
-6.500000613103E0));
#5178=CARTESIAN_POINT('',(1.750000019806E1,-3.455994765289E0,
-6.536129927233E0));
#5179=CARTESIAN_POINT('',(1.749999990827E1,-3.476629158944E0,
-6.609917265759E0));
#5180=CARTESIAN_POINT('',(1.750000002395E1,-3.495623811836E0,
-6.725169949069E0));
#5181=CARTESIAN_POINT('',(1.750000000528E1,-3.500000000772E0,
-6.805298129266E0));
#5182=CARTESIAN_POINT('',(1.750000000528E1,-3.500000000001E0,
-6.846165163659E0));
#5184=CARTESIAN_POINT('',(1.709616567819E1,-3.500000000001E0,
-7.250000225942E0));
#5185=CARTESIAN_POINT('',(1.705528578343E1,-3.500000064853E0,
-7.250000225942E0));
#5186=CARTESIAN_POINT('',(1.697513967901E1,-3.495621188802E0,
-7.249999906996E0));
#5187=CARTESIAN_POINT('',(1.685988104857E1,-3.476620721793E0,
-7.249999986603E0));
#5188=CARTESIAN_POINT('',(1.678611474495E1,-3.455989604758E0,
-7.250000093263E0));
#5189=CARTESIAN_POINT('',(1.675000054281E1,-3.443709347369E0,
-7.250000093263E0));
#5191=CARTESIAN_POINT('',(1.675000054281E1,-3.443709347369E0,
-7.250000093263E0));
#5192=CARTESIAN_POINT('',(1.675000054281E1,-3.446034725914E0,
-7.277354291268E0));
#5193=CARTESIAN_POINT('',(1.674999991814E1,-3.449842817150E0,
-7.332357872022E0));
#5194=CARTESIAN_POINT('',(1.674999947229E1,-3.453215180284E0,
-7.416449837062E0));
#5195=CARTESIAN_POINT('',(1.675000128590E1,-3.453939605317E0,
-7.472133176724E0));
#5196=CARTESIAN_POINT('',(1.675000128590E1,-3.453939605814E0,-7.5E0));
#5198=CARTESIAN_POINT('',(1.775E1,-2.500000000002E0,-7.499999999999E0));
#5199=DIRECTION('',(-5.026765136585E-12,1.E0,2.596778225387E-12));
#5200=DIRECTION('',(-1.E0,-5.026828626554E-12,5.679083817589E-8));
#5201=AXIS2_PLACEMENT_3D('',#5198,#5199,#5200);
#5203=CARTESIAN_POINT('',(1.874999871410E1,-3.453939605814E0,-7.5E0));
#5204=CARTESIAN_POINT('',(1.874999871410E1,-3.453939605304E0,
-7.528569805437E0));
#5205=CARTESIAN_POINT('',(1.875000052771E1,-3.453173077745E0,
-7.585181971481E0));
#5206=CARTESIAN_POINT('',(1.875000008186E1,-3.449783610682E0,
-7.668553641251E0));
#5207=CARTESIAN_POINT('',(1.874999945719E1,-3.446001870609E0,
-7.723032196567E0));
#5208=CARTESIAN_POINT('',(1.874999945719E1,-3.443709347369E0,
-7.749999906737E0));
#5210=CARTESIAN_POINT('',(1.750000019806E1,-3.443709380177E0,
-8.499999386897E0));
#5211=CARTESIAN_POINT('',(1.755513345740E1,-3.448396245786E0,
-8.499999386897E0));
#5212=CARTESIAN_POINT('',(1.766573465535E1,-3.454308215350E0,
-8.500000204368E0));
#5213=CARTESIAN_POINT('',(1.783430481201E1,-3.454306949509E0,
-8.500000204368E0));
#5214=CARTESIAN_POINT('',(1.794488339149E1,-3.448394813466E0,
-8.499999386897E0));
#5215=CARTESIAN_POINT('',(1.799999980194E1,-3.443709380178E0,
-8.499999386897E0));
#5217=CARTESIAN_POINT('',(1.799999980194E1,-3.443709380178E0,
-8.499999386897E0));
#5218=CARTESIAN_POINT('',(1.799999980194E1,-3.455994765289E0,
-8.463870072767E0));
#5219=CARTESIAN_POINT('',(1.800000009172E1,-3.476629158944E0,
-8.390082734242E0));
#5220=CARTESIAN_POINT('',(1.799999997606E1,-3.495623811836E0,
-8.274830050931E0));
#5221=CARTESIAN_POINT('',(1.799999999472E1,-3.500000000772E0,
-8.194701870734E0));
#5222=CARTESIAN_POINT('',(1.799999999472E1,-3.500000000001E0,
-8.153834836341E0));
#5224=CARTESIAN_POINT('',(1.840383432181E1,-3.500000000001E0,
-7.749999774058E0));
#5225=CARTESIAN_POINT('',(1.844471421656E1,-3.500000064853E0,
-7.749999774058E0));
#5226=CARTESIAN_POINT('',(1.852486032099E1,-3.495621188802E0,
-7.750000093004E0));
#5227=CARTESIAN_POINT('',(1.864011895143E1,-3.476620721793E0,
-7.750000013397E0));
#5228=CARTESIAN_POINT('',(1.871388525505E1,-3.455989604758E0,
-7.749999906737E0));
#5229=CARTESIAN_POINT('',(1.874999945719E1,-3.443709347369E0,
-7.749999906737E0));
#5231=CARTESIAN_POINT('',(1.845000000001E1,-2.500000000006E0,
-7.500000039756E0));
#5232=DIRECTION('',(5.679218989529E-8,2.601099458710E-12,1.E0));
#5233=DIRECTION('',(2.999980711352E-1,-9.539398080147E-1,-1.703506580246E-8));
#5234=AXIS2_PLACEMENT_3D('',#5231,#5232,#5233);
#5236=CARTESIAN_POINT('',(1.775E1,-2.500000000002E0,-7.500000000001E0));
#5237=DIRECTION('',(5.034952402847E-12,1.E0,-2.601099565357E-12));
#5238=DIRECTION('',(1.E0,-5.034926723910E-12,-5.679005030938E-8));
#5239=AXIS2_PLACEMENT_3D('',#5236,#5237,#5238);
#5241=CARTESIAN_POINT('',(1.705E1,-2.499999999999E0,-7.500000039755E0));
#5242=DIRECTION('',(-5.679130773983E-8,2.601100030597E-12,1.E0));
#5243=DIRECTION('',(-1.E0,5.035083461293E-12,-5.679130765671E-8));
#5244=AXIS2_PLACEMENT_3D('',#5241,#5242,#5243);
#5246=CARTESIAN_POINT('',(1.675000128590E1,-3.453939605814E0,-7.5E0));
#5247=CARTESIAN_POINT('',(1.675000128590E1,-3.453939605317E0,
-7.527868901875E0));
#5248=CARTESIAN_POINT('',(1.674999947229E1,-3.453215028251E0,
-7.583554933323E0));
#5249=CARTESIAN_POINT('',(1.674999991814E1,-3.449842885743E0,
-7.667640037097E0));
#5250=CARTESIAN_POINT('',(1.675000054282E1,-3.446034804641E0,
-7.722644782609E0));
#5251=CARTESIAN_POINT('',(1.675000054282E1,-3.443709347366E0,
-7.749999906737E0));
#5253=CARTESIAN_POINT('',(1.675000054282E1,-3.443709347366E0,
-7.749999906737E0));
#5254=CARTESIAN_POINT('',(1.678612871509E1,-3.455994355154E0,
-7.749999906737E0));
#5255=CARTESIAN_POINT('',(1.685991465131E1,-3.476628397962E0,
-7.750000013397E0));
#5256=CARTESIAN_POINT('',(1.697516450588E1,-3.495623235159E0,
-7.750000093004E0));
#5257=CARTESIAN_POINT('',(1.705529640463E1,-3.500000064834E0,
-7.749999774058E0));
#5258=CARTESIAN_POINT('',(1.709616567819E1,-3.499999999999E0,
-7.749999774058E0));
#5260=CARTESIAN_POINT('',(1.750000000528E1,-3.5E0,-8.153834836341E0));
#5261=CARTESIAN_POINT('',(1.750000000528E1,-3.500000000771E0,
-8.194712990900E0));
#5262=CARTESIAN_POINT('',(1.750000002395E1,-3.495621611182E0,
-8.274856023557E0));
#5263=CARTESIAN_POINT('',(1.749999990827E1,-3.476621568581E0,
-8.390115766845E0));
#5264=CARTESIAN_POINT('',(1.750000019806E1,-3.455990095553E0,
-8.463883805695E0));
#5265=CARTESIAN_POINT('',(1.750000019806E1,-3.443709380177E0,
-8.499999386897E0));
#5267=DIRECTION('',(4.463800530312E-7,-9.999999999989E-1,1.381766753636E-6));
#5268=VECTOR('',#5267,4.437093801779E-1);
#5269=CARTESIAN_POINT('',(1.75E1,-3.E0,-8.5E0));
#5270=LINE('',#5269,#5268);
#5271=DIRECTION('',(1.306258311319E-8,-2.650229498368E-13,-1.E0));
#5272=VECTOR('',#5271,4.038348363406E-1);
#5273=CARTESIAN_POINT('',(1.75E1,-3.5E0,-7.75E0));
#5274=LINE('',#5273,#5272);
#5275=CARTESIAN_POINT('',(1.775E1,-3.499999999999E0,-7.499999999999E0));
#5276=DIRECTION('',(5.034952402847E-12,1.E0,-2.601099565357E-12));
#5277=DIRECTION('',(-3.571428571450E-1,-6.312420949897E-13,-9.340497736151E-1));
#5278=AXIS2_PLACEMENT_3D('',#5275,#5276,#5277);
#5280=DIRECTION('',(-9.999999999998E-1,3.473894461572E-12,5.594911637137E-7));
#5281=VECTOR('',#5280,4.038343218065E-1);
#5282=CARTESIAN_POINT('',(1.75E1,-3.5E0,-7.75E0));
#5283=LINE('',#5282,#5281);
#5284=DIRECTION('',(1.E0,0.E0,0.E0));
#5285=VECTOR('',#5284,7.5E-1);
#5286=CARTESIAN_POINT('',(1.675E1,-3.E0,-7.75E0));
#5287=LINE('',#5286,#5285);
#5288=DIRECTION('',(-2.664535259100E-12,-1.E0,0.E0));
#5289=VECTOR('',#5288,5.E-1);
#5290=CARTESIAN_POINT('',(1.75E1,-3.E0,-7.75E0));
#5291=LINE('',#5290,#5289);
#5292=DIRECTION('',(6.508571459563E-12,0.E0,-1.E0));
#5293=VECTOR('',#5292,5.E-1);
#5294=CARTESIAN_POINT('',(1.675E1,-3.E0,-7.25E0));
#5295=LINE('',#5294,#5293);
#5296=DIRECTION('',(1.223357620631E-6,-9.999999999992E-1,2.101898389800E-7));
#5297=VECTOR('',#5296,4.437093473665E-1);
#5298=CARTESIAN_POINT('',(1.675E1,-3.E0,-7.75E0));
#5299=LINE('',#5298,#5297);
#5300=DIRECTION('',(9.999999999998E-1,1.958533091504E-12,5.594909569737E-7));
#5301=VECTOR('',#5300,4.038343218064E-1);
#5302=CARTESIAN_POINT('',(1.709616567819E1,-3.500000000001E0,
-7.250000225942E0));
#5303=LINE('',#5302,#5301);
#5304=DIRECTION('',(-1.E0,0.E0,0.E0));
#5305=VECTOR('',#5304,7.5E-1);
#5306=CARTESIAN_POINT('',(1.75E1,-3.E0,-7.25E0));
#5307=LINE('',#5306,#5305);
#5308=DIRECTION('',(1.223355066439E-6,-9.999999999992E-1,-2.101895106980E-7));
#5309=VECTOR('',#5308,4.437093473691E-1);
#5310=CARTESIAN_POINT('',(1.675E1,-3.E0,-7.25E0));
#5311=LINE('',#5310,#5309);
#5312=CARTESIAN_POINT('',(1.775E1,-3.499999999999E0,-7.500000000001E0));
#5313=DIRECTION('',(-5.026765136585E-12,1.E0,2.596778225387E-12));
#5314=DIRECTION('',(-9.340497736164E-1,-5.622812751632E-12,3.571428571415E-1));
#5315=AXIS2_PLACEMENT_3D('',#5312,#5313,#5314);
#5317=DIRECTION('',(0.E0,0.E0,-1.E0));
#5318=VECTOR('',#5317,7.5E-1);
#5319=CARTESIAN_POINT('',(1.75E1,-3.E0,-6.5E0));
#5320=LINE('',#5319,#5318);
#5321=DIRECTION('',(-2.664535259100E-12,-1.E0,0.E0));
#5322=VECTOR('',#5321,5.E-1);
#5323=CARTESIAN_POINT('',(1.75E1,-3.E0,-7.25E0));
#5324=LINE('',#5323,#5322);
#5325=DIRECTION('',(1.307118701178E-8,-2.336820615781E-12,1.E0));
#5326=VECTOR('',#5325,4.038348363407E-1);
#5327=CARTESIAN_POINT('',(1.75E1,-3.5E0,-7.25E0));
#5328=LINE('',#5327,#5326);
#5329=DIRECTION('',(-1.E0,0.E0,1.616484723854E-13));
#5330=VECTOR('',#5329,5.E-1);
#5331=CARTESIAN_POINT('',(1.8E1,-3.E0,-6.5E0));
#5332=LINE('',#5331,#5330);
#5333=DIRECTION('',(4.463793724484E-7,-9.999999999989E-1,-1.381766321264E-6));
#5334=VECTOR('',#5333,4.437093801786E-1);
#5335=CARTESIAN_POINT('',(1.75E1,-3.E0,-6.5E0));
#5336=LINE('',#5335,#5334);
#5337=DIRECTION('',(1.306311095973E-8,2.639232695470E-13,-1.E0));
#5338=VECTOR('',#5337,4.038348363407E-1);
#5339=CARTESIAN_POINT('',(1.799999999472E1,-3.5E0,-6.846165163659E0));
#5340=LINE('',#5339,#5338);
#5341=DIRECTION('',(0.E0,0.E0,1.E0));
#5342=VECTOR('',#5341,7.5E-1);
#5343=CARTESIAN_POINT('',(1.8E1,-3.E0,-7.25E0));
#5344=LINE('',#5343,#5342);
#5345=DIRECTION('',(-4.463801170860E-7,-9.999999999989E-1,-1.381766727614E-6));
#5346=VECTOR('',#5345,4.437093801779E-1);
#5347=CARTESIAN_POINT('',(1.8E1,-3.E0,-6.5E0));
#5348=LINE('',#5347,#5346);
#5349=CARTESIAN_POINT('',(1.775E1,-3.499999999999E0,-7.500000000001E0));
#5350=DIRECTION('',(-5.026765136585E-12,1.E0,2.596778225387E-12));
#5351=DIRECTION('',(3.571428571350E-1,-6.299732666580E-13,9.340497736189E-1));
#5352=AXIS2_PLACEMENT_3D('',#5349,#5350,#5351);
#5354=DIRECTION('',(1.223357604618E-6,9.999999999992E-1,2.101899991170E-7));
#5355=VECTOR('',#5354,4.437093473665E-1);
#5356=CARTESIAN_POINT('',(1.874999945718E1,-3.443709347366E0,
-7.250000093263E0));
#5357=LINE('',#5356,#5355);
#5358=DIRECTION('',(-1.E0,0.E0,0.E0));
#5359=VECTOR('',#5358,7.5E-1);
#5360=CARTESIAN_POINT('',(1.875E1,-3.E0,-7.25E0));
#5361=LINE('',#5360,#5359);
#5362=DIRECTION('',(-2.664535259100E-12,-1.E0,0.E0));
#5363=VECTOR('',#5362,5.E-1);
#5364=CARTESIAN_POINT('',(1.8E1,-3.E0,-7.25E0));
#5365=LINE('',#5364,#5363);
#5366=DIRECTION('',(9.999999999998E-1,3.469495734809E-12,-5.594910031602E-7));
#5367=VECTOR('',#5366,4.038343218065E-1);
#5368=CARTESIAN_POINT('',(1.8E1,-3.5E0,-7.25E0));
#5369=LINE('',#5368,#5367);
#5370=DIRECTION('',(1.E0,0.E0,-1.563194018672E-13));
#5371=VECTOR('',#5370,5.E-1);
#5372=CARTESIAN_POINT('',(1.75E1,-3.E0,-8.5E0));
#5373=LINE('',#5372,#5371);
#5374=DIRECTION('',(0.E0,0.E0,-1.E0));
#5375=VECTOR('',#5374,7.5E-1);
#5376=CARTESIAN_POINT('',(1.75E1,-3.E0,-7.75E0));
#5377=LINE('',#5376,#5375);
#5378=DIRECTION('',(-6.508571459563E-12,0.E0,1.E0));
#5379=VECTOR('',#5378,5.E-1);
#5380=CARTESIAN_POINT('',(1.875E1,-3.E0,-7.75E0));
#5381=LINE('',#5380,#5379);
#5382=DIRECTION('',(0.E0,0.E0,1.E0));
#5383=VECTOR('',#5382,7.5E-1);
#5384=CARTESIAN_POINT('',(1.8E1,-3.E0,-8.5E0));
#5385=LINE('',#5384,#5383);
#5386=DIRECTION('',(-9.999999999998E-1,1.964031499958E-12,-5.594909877647E-7));
#5387=VECTOR('',#5386,4.038343218065E-1);
#5388=CARTESIAN_POINT('',(1.840383432181E1,-3.500000000001E0,
-7.749999774058E0));
#5389=LINE('',#5388,#5387);
#5390=DIRECTION('',(2.664535259100E-12,1.E0,0.E0));
#5391=VECTOR('',#5390,5.E-1);
#5392=CARTESIAN_POINT('',(1.8E1,-3.5E0,-7.75E0));
#5393=LINE('',#5392,#5391);
#5394=DIRECTION('',(1.E0,0.E0,0.E0));
#5395=VECTOR('',#5394,7.5E-1);
#5396=CARTESIAN_POINT('',(1.8E1,-3.E0,-7.75E0));
#5397=LINE('',#5396,#5395);
#5398=DIRECTION('',(-1.223355066439E-6,-9.999999999992E-1,2.101894446415E-7));
#5399=VECTOR('',#5398,4.437093473691E-1);
#5400=CARTESIAN_POINT('',(1.875E1,-3.E0,-7.75E0));
#5401=LINE('',#5400,#5399);
#5402=CARTESIAN_POINT('',(1.775E1,-3.499999999999E0,-7.499999999999E0));
#5403=DIRECTION('',(5.034952402847E-12,1.E0,-2.601099565357E-12));
#5404=DIRECTION('',(9.340497736149E-1,-5.631694549954E-12,-3.571428571453E-1));
#5405=AXIS2_PLACEMENT_3D('',#5402,#5403,#5404);
#5407=DIRECTION('',(-1.307116941689E-8,-2.341219336940E-12,-1.E0));
#5408=VECTOR('',#5407,4.038348363407E-1);
#5409=CARTESIAN_POINT('',(1.8E1,-3.5E0,-7.75E0));
#5410=LINE('',#5409,#5408);
#5411=DIRECTION('',(4.463793564347E-7,9.999999999989E-1,-1.381766333275E-6));
#5412=VECTOR('',#5411,4.437093801786E-1);
#5413=CARTESIAN_POINT('',(1.799999980194E1,-3.443709380178E0,
-8.499999386897E0));
#5414=LINE('',#5413,#5412);
#5415=DIRECTION('',(0.E0,0.E0,-1.E0));
#5416=VECTOR('',#5415,5.199999986939E0);
#5417=CARTESIAN_POINT('',(2.03E1,-2.999999399023E0,2.699999993469E0));
#5418=LINE('',#5417,#5416);
#5419=DIRECTION('',(9.999999999895E-1,4.568108728945E-6,2.968934149617E-7));
#5420=VECTOR('',#5419,1.000000099477E0);
#5421=CARTESIAN_POINT('',(2.03E1,3.999954220643E-1,-3.499999399023E0));
#5422=LINE('',#5421,#5420);
#5423=DIRECTION('',(-9.999999999895E-1,2.968934473803E-7,4.568109232099E-6));
#5424=VECTOR('',#5423,1.000000099477E0);
#5425=CARTESIAN_POINT('',(2.130000009947E1,1.399999102129E0,-2.499999990173E0));
#5426=LINE('',#5425,#5424);
#5427=CARTESIAN_POINT('',(1.945E1,-2.500000000011E0,7.499999903455E0));
#5428=CARTESIAN_POINT('',(1.605E1,-2.499999999994E0,7.499999903453E0));
#5429=VERTEX_POINT('',#5427);
#5430=VERTEX_POINT('',#5428);
#5431=VERTEX_POINT('',#1591);
#5432=VERTEX_POINT('',#1596);
#5433=VERTEX_POINT('',#1603);
#5434=CARTESIAN_POINT('',(1.799999960243E1,-3.5E0,8.153833801758E0));
#5435=VERTEX_POINT('',#5434);
#5436=VERTEX_POINT('',#1610);
#5437=VERTEX_POINT('',#1617);
#5438=VERTEX_POINT('',#1624);
#5439=CARTESIAN_POINT('',(1.709616619824E1,-3.500000000003E0,7.749999602431E0));
#5440=VERTEX_POINT('',#5439);
#5441=VERTEX_POINT('',#1631);
#5442=VERTEX_POINT('',#1638);
#5443=CARTESIAN_POINT('',(1.875E1,-3.E0,7.75E0));
#5444=VERTEX_POINT('',#5443);
#5445=CARTESIAN_POINT('',(1.875E1,-3.E0,7.25E0));
#5446=VERTEX_POINT('',#5445);
#5447=CARTESIAN_POINT('',(1.874999945719E1,-3.443709347369E0,7.250000093263E0));
#5448=VERTEX_POINT('',#5447);
#5449=VERTEX_POINT('',#1652);
#5450=VERTEX_POINT('',#1657);
#5451=VERTEX_POINT('',#1664);
#5452=CARTESIAN_POINT('',(1.840383380176E1,-3.500000000003E0,7.250000397566E0));
#5453=VERTEX_POINT('',#5452);
#5454=VERTEX_POINT('',#1693);
#5455=VERTEX_POINT('',#1700);
#5456=CARTESIAN_POINT('',(1.750000039756E1,-3.5E0,6.846166198245E0));
#5457=VERTEX_POINT('',#5456);
#5458=CARTESIAN_POINT('',(1.8E1,-3.E0,6.5E0));
#5459=VERTEX_POINT('',#5458);
#5460=CARTESIAN_POINT('',(1.75E1,-3.E0,6.5E0));
#5461=VERTEX_POINT('',#5460);
#5462=CARTESIAN_POINT('',(1.75E1,-3.5E0,7.25E0));
#5463=VERTEX_POINT('',#5462);
#5464=CARTESIAN_POINT('',(1.75E1,-3.E0,7.25E0));
#5465=VERTEX_POINT('',#5464);
#5466=CARTESIAN_POINT('',(1.8E1,-3.5E0,7.25E0));
#5467=VERTEX_POINT('',#5466);
#5468=CARTESIAN_POINT('',(1.8E1,-3.5E0,7.75E0));
#5469=VERTEX_POINT('',#5468);
#5470=CARTESIAN_POINT('',(1.75E1,-3.5E0,7.75E0));
#5471=VERTEX_POINT('',#5470);
#5472=CARTESIAN_POINT('',(1.8E1,-3.E0,7.25E0));
#5473=VERTEX_POINT('',#5472);
#5474=CARTESIAN_POINT('',(1.675E1,-3.E0,7.25E0));
#5475=VERTEX_POINT('',#5474);
#5476=CARTESIAN_POINT('',(1.675E1,-3.E0,7.75E0));
#5477=VERTEX_POINT('',#5476);
#5478=CARTESIAN_POINT('',(1.75E1,-3.E0,7.75E0));
#5479=VERTEX_POINT('',#5478);
#5480=CARTESIAN_POINT('',(1.75E1,-3.E0,8.5E0));
#5481=VERTEX_POINT('',#5480);
#5482=CARTESIAN_POINT('',(1.8E1,-3.E0,8.5E0));
#5483=VERTEX_POINT('',#5482);
#5484=CARTESIAN_POINT('',(1.8E1,-3.E0,7.75E0));
#5485=VERTEX_POINT('',#5484);
#5486=CARTESIAN_POINT('',(1.945E1,-2.500000000011E0,-7.500000096545E0));
#5487=CARTESIAN_POINT('',(1.605E1,-2.499999999994E0,-7.500000096547E0));
#5488=VERTEX_POINT('',#5486);
#5489=VERTEX_POINT('',#5487);
#5490=VERTEX_POINT('',#5149);
#5491=VERTEX_POINT('',#5154);
#5492=VERTEX_POINT('',#5161);
#5493=CARTESIAN_POINT('',(1.799999960243E1,-3.5E0,-6.846166198242E0));
#5494=VERTEX_POINT('',#5493);
#5495=VERTEX_POINT('',#5168);
#5496=VERTEX_POINT('',#5175);
#5497=VERTEX_POINT('',#5182);
#5498=CARTESIAN_POINT('',(1.709616619824E1,-3.500000000003E0,
-7.250000397569E0));
#5499=VERTEX_POINT('',#5498);
#5500=VERTEX_POINT('',#5189);
#5501=VERTEX_POINT('',#5196);
#5502=CARTESIAN_POINT('',(1.875E1,-3.E0,-7.25E0));
#5503=VERTEX_POINT('',#5502);
#5504=CARTESIAN_POINT('',(1.875E1,-3.E0,-7.75E0));
#5505=VERTEX_POINT('',#5504);
#5506=CARTESIAN_POINT('',(1.874999945719E1,-3.443709347369E0,
-7.749999906737E0));
#5507=VERTEX_POINT('',#5506);
#5508=VERTEX_POINT('',#5210);
#5509=VERTEX_POINT('',#5215);
#5510=VERTEX_POINT('',#5222);
#5511=CARTESIAN_POINT('',(1.840383380176E1,-3.500000000003E0,
-7.749999602434E0));
#5512=VERTEX_POINT('',#5511);
#5513=VERTEX_POINT('',#5251);
#5514=VERTEX_POINT('',#5258);
#5515=CARTESIAN_POINT('',(1.750000039756E1,-3.5E0,-8.153833801755E0));
#5516=VERTEX_POINT('',#5515);
#5517=CARTESIAN_POINT('',(1.8E1,-3.E0,-8.5E0));
#5518=VERTEX_POINT('',#5517);
#5519=CARTESIAN_POINT('',(1.75E1,-3.E0,-8.5E0));
#5520=VERTEX_POINT('',#5519);
#5521=CARTESIAN_POINT('',(1.75E1,-3.5E0,-7.75E0));
#5522=VERTEX_POINT('',#5521);
#5523=CARTESIAN_POINT('',(1.75E1,-3.E0,-7.75E0));
#5524=VERTEX_POINT('',#5523);
#5525=CARTESIAN_POINT('',(1.8E1,-3.5E0,-7.75E0));
#5526=VERTEX_POINT('',#5525);
#5527=CARTESIAN_POINT('',(1.8E1,-3.5E0,-7.25E0));
#5528=VERTEX_POINT('',#5527);
#5529=CARTESIAN_POINT('',(1.75E1,-3.5E0,-7.25E0));
#5530=VERTEX_POINT('',#5529);
#5531=CARTESIAN_POINT('',(1.8E1,-3.E0,-7.75E0));
#5532=VERTEX_POINT('',#5531);
#5533=CARTESIAN_POINT('',(1.675E1,-3.E0,-7.75E0));
#5534=VERTEX_POINT('',#5533);
#5535=CARTESIAN_POINT('',(1.675E1,-3.E0,-7.25E0));
#5536=VERTEX_POINT('',#5535);
#5537=CARTESIAN_POINT('',(1.75E1,-3.E0,-7.25E0));
#5538=VERTEX_POINT('',#5537);
#5539=CARTESIAN_POINT('',(1.75E1,-3.E0,-6.5E0));
#5540=VERTEX_POINT('',#5539);
#5541=CARTESIAN_POINT('',(1.8E1,-3.E0,-6.5E0));
#5542=VERTEX_POINT('',#5541);
#5543=CARTESIAN_POINT('',(1.8E1,-3.E0,-7.25E0));
#5544=VERTEX_POINT('',#5543);
#5545=CARTESIAN_POINT('',(-1.605E1,-2.500000000011E0,-7.500000096545E0));
#5546=CARTESIAN_POINT('',(-1.945E1,-2.499999999994E0,-7.500000096547E0));
#5547=VERTEX_POINT('',#5545);
#5548=VERTEX_POINT('',#5546);
#5549=VERTEX_POINT('',#1317);
#5550=VERTEX_POINT('',#1322);
#5551=VERTEX_POINT('',#1329);
#5552=CARTESIAN_POINT('',(-1.750000039757E1,-3.5E0,-6.846166198242E0));
#5553=VERTEX_POINT('',#5552);
#5554=VERTEX_POINT('',#1336);
#5555=VERTEX_POINT('',#1343);
#5556=VERTEX_POINT('',#1350);
#5557=CARTESIAN_POINT('',(-1.840383380176E1,-3.500000000003E0,
-7.250000397569E0));
#5558=VERTEX_POINT('',#5557);
#5559=VERTEX_POINT('',#1357);
#5560=VERTEX_POINT('',#1364);
#5561=CARTESIAN_POINT('',(-1.675E1,-3.E0,-7.25E0));
#5562=VERTEX_POINT('',#5561);
#5563=CARTESIAN_POINT('',(-1.675E1,-3.E0,-7.75E0));
#5564=VERTEX_POINT('',#5563);
#5565=CARTESIAN_POINT('',(-1.675000054281E1,-3.443709347369E0,
-7.749999906737E0));
#5566=VERTEX_POINT('',#5565);
#5567=VERTEX_POINT('',#1378);
#5568=VERTEX_POINT('',#1383);
#5569=VERTEX_POINT('',#1390);
#5570=CARTESIAN_POINT('',(-1.709616619824E1,-3.500000000003E0,
-7.749999602434E0));
#5571=VERTEX_POINT('',#5570);
#5572=VERTEX_POINT('',#1419);
#5573=VERTEX_POINT('',#1426);
#5574=CARTESIAN_POINT('',(-1.799999960244E1,-3.5E0,-8.153833801755E0));
#5575=VERTEX_POINT('',#5574);
#5576=CARTESIAN_POINT('',(-1.75E1,-3.E0,-8.5E0));
#5577=VERTEX_POINT('',#5576);
#5578=CARTESIAN_POINT('',(-1.8E1,-3.E0,-8.5E0));
#5579=VERTEX_POINT('',#5578);
#5580=CARTESIAN_POINT('',(-1.8E1,-3.5E0,-7.75E0));
#5581=VERTEX_POINT('',#5580);
#5582=CARTESIAN_POINT('',(-1.8E1,-3.E0,-7.75E0));
#5583=VERTEX_POINT('',#5582);
#5584=CARTESIAN_POINT('',(-1.75E1,-3.5E0,-7.75E0));
#5585=VERTEX_POINT('',#5584);
#5586=CARTESIAN_POINT('',(-1.75E1,-3.5E0,-7.25E0));
#5587=VERTEX_POINT('',#5586);
#5588=CARTESIAN_POINT('',(-1.8E1,-3.5E0,-7.25E0));
#5589=VERTEX_POINT('',#5588);
#5590=CARTESIAN_POINT('',(-1.75E1,-3.E0,-7.75E0));
#5591=VERTEX_POINT('',#5590);
#5592=CARTESIAN_POINT('',(-1.875E1,-3.E0,-7.75E0));
#5593=VERTEX_POINT('',#5592);
#5594=CARTESIAN_POINT('',(-1.875E1,-3.E0,-7.25E0));
#5595=VERTEX_POINT('',#5594);
#5596=CARTESIAN_POINT('',(-1.8E1,-3.E0,-7.25E0));
#5597=VERTEX_POINT('',#5596);
#5598=CARTESIAN_POINT('',(-1.8E1,-3.E0,-6.5E0));
#5599=VERTEX_POINT('',#5598);
#5600=CARTESIAN_POINT('',(-1.75E1,-3.E0,-6.5E0));
#5601=VERTEX_POINT('',#5600);
#5602=CARTESIAN_POINT('',(-1.75E1,-3.E0,-7.25E0));
#5603=VERTEX_POINT('',#5602);
#5604=CARTESIAN_POINT('',(-1.605E1,-2.500000000011E0,7.499999903455E0));
#5605=CARTESIAN_POINT('',(-1.945E1,-2.499999999994E0,7.499999903453E0));
#5606=VERTEX_POINT('',#5604);
#5607=VERTEX_POINT('',#5605);
#5608=VERTEX_POINT('',#1035);
#5609=VERTEX_POINT('',#1040);
#5610=VERTEX_POINT('',#1047);
#5611=CARTESIAN_POINT('',(-1.750000039757E1,-3.5E0,8.153833801758E0));
#5612=VERTEX_POINT('',#5611);
#5613=VERTEX_POINT('',#1054);
#5614=VERTEX_POINT('',#1061);
#5615=VERTEX_POINT('',#1068);
#5616=CARTESIAN_POINT('',(-1.840383380176E1,-3.500000000003E0,
7.749999602431E0));
#5617=VERTEX_POINT('',#5616);
#5618=VERTEX_POINT('',#1075);
#5619=VERTEX_POINT('',#1082);
#5620=CARTESIAN_POINT('',(-1.675E1,-3.E0,7.75E0));
#5621=VERTEX_POINT('',#5620);
#5622=CARTESIAN_POINT('',(-1.675E1,-3.E0,7.25E0));
#5623=VERTEX_POINT('',#5622);
#5624=CARTESIAN_POINT('',(-1.675000054281E1,-3.443709347369E0,
7.250000093263E0));
#5625=VERTEX_POINT('',#5624);
#5626=VERTEX_POINT('',#1096);
#5627=VERTEX_POINT('',#1101);
#5628=VERTEX_POINT('',#1108);
#5629=CARTESIAN_POINT('',(-1.709616619824E1,-3.500000000003E0,
7.250000397566E0));
#5630=VERTEX_POINT('',#5629);
#5631=VERTEX_POINT('',#1137);
#5632=VERTEX_POINT('',#1144);
#5633=CARTESIAN_POINT('',(-1.799999960244E1,-3.5E0,6.846166198245E0));
#5634=VERTEX_POINT('',#5633);
#5635=CARTESIAN_POINT('',(-1.75E1,-3.E0,6.5E0));
#5636=VERTEX_POINT('',#5635);
#5637=CARTESIAN_POINT('',(-1.8E1,-3.E0,6.5E0));
#5638=VERTEX_POINT('',#5637);
#5639=CARTESIAN_POINT('',(-1.8E1,-3.5E0,7.25E0));
#5640=VERTEX_POINT('',#5639);
#5641=CARTESIAN_POINT('',(-1.8E1,-3.E0,7.25E0));
#5642=VERTEX_POINT('',#5641);
#5643=CARTESIAN_POINT('',(-1.75E1,-3.5E0,7.25E0));
#5644=VERTEX_POINT('',#5643);
#5645=CARTESIAN_POINT('',(-1.75E1,-3.5E0,7.75E0));
#5646=VERTEX_POINT('',#5645);
#5647=CARTESIAN_POINT('',(-1.8E1,-3.5E0,7.75E0));
#5648=VERTEX_POINT('',#5647);
#5649=CARTESIAN_POINT('',(-1.75E1,-3.E0,7.25E0));
#5650=VERTEX_POINT('',#5649);
#5651=CARTESIAN_POINT('',(-1.875E1,-3.E0,7.25E0));
#5652=VERTEX_POINT('',#5651);
#5653=CARTESIAN_POINT('',(-1.875E1,-3.E0,7.75E0));
#5654=VERTEX_POINT('',#5653);
#5655=CARTESIAN_POINT('',(-1.8E1,-3.E0,7.75E0));
#5656=VERTEX_POINT('',#5655);
#5657=CARTESIAN_POINT('',(-1.8E1,-3.E0,8.5E0));
#5658=VERTEX_POINT('',#5657);
#5659=CARTESIAN_POINT('',(-1.75E1,-3.E0,8.5E0));
#5660=VERTEX_POINT('',#5659);
#5661=CARTESIAN_POINT('',(-1.75E1,-3.E0,7.75E0));
#5662=VERTEX_POINT('',#5661);
#5663=CARTESIAN_POINT('',(2.18E1,-8.000714784043E-1,3.199999989980E0));
#5664=CARTESIAN_POINT('',(2.179999984736E1,-1.999999996735E0,3.199999769117E0));
#5665=VERTEX_POINT('',#5663);
#5666=VERTEX_POINT('',#5664);
#5667=CARTESIAN_POINT('',(2.179999954207E1,-2.499998548920E0,2.7E0));
#5668=VERTEX_POINT('',#5667);
#5669=CARTESIAN_POINT('',(2.179999984736E1,-2.499999769117E0,
-2.499999996735E0));
#5670=VERTEX_POINT('',#5669);
#5671=CARTESIAN_POINT('',(2.179999954207E1,-2.E0,-2.999998548920E0));
#5672=VERTEX_POINT('',#5671);
#5673=CARTESIAN_POINT('',(2.18E1,-7.999999999986E-1,-2.999999990379E0));
#5674=VERTEX_POINT('',#5673);
#5675=CARTESIAN_POINT('',(2.180000028677E1,-2.399999968137E0,-1.4E0));
#5676=VERTEX_POINT('',#5675);
#5677=CARTESIAN_POINT('',(2.180000013605E1,-2.399999984883E0,1.600000030309E0));
#5678=VERTEX_POINT('',#5677);
#5679=CARTESIAN_POINT('',(2.180000028677E1,7.999999681364E-1,1.6E0));
#5680=VERTEX_POINT('',#5679);
#5681=CARTESIAN_POINT('',(2.180000013606E1,7.999999848827E-1,
-1.400000030311E0));
#5682=VERTEX_POINT('',#5681);
#5683=CARTESIAN_POINT('',(2.179999984736E1,3.999999967351E-1,
-2.999999769117E0));
#5684=VERTEX_POINT('',#5683);
#5685=CARTESIAN_POINT('',(2.179999954207E1,8.999985489200E-1,-2.5E0));
#5686=VERTEX_POINT('',#5685);
#5687=CARTESIAN_POINT('',(2.179999984736E1,8.999997691174E-1,2.699999996735E0));
#5688=VERTEX_POINT('',#5687);
#5689=CARTESIAN_POINT('',(2.179999954207E1,4.E-1,3.199998548920E0));
#5690=VERTEX_POINT('',#5689);
#5691=CARTESIAN_POINT('',(2.129999996152E1,-1.999999980378E0,3.699998211449E0));
#5692=VERTEX_POINT('',#5691);
#5693=CARTESIAN_POINT('',(2.130000009947E1,3.999999901733E-1,3.699999102129E0));
#5694=VERTEX_POINT('',#5693);
#5695=CARTESIAN_POINT('',(2.129999996152E1,-2.999998211449E0,2.699999980347E0));
#5696=VERTEX_POINT('',#5695);
#5697=CARTESIAN_POINT('',(2.129999996152E1,-2.999998211449E0,
-2.499999980378E0));
#5698=VERTEX_POINT('',#5697);
#5699=CARTESIAN_POINT('',(2.129999996152E1,-1.999999980347E0,
-3.499998211449E0));
#5700=VERTEX_POINT('',#5699);
#5701=CARTESIAN_POINT('',(2.129999996152E1,3.999999803784E-1,
-3.499998211449E0));
#5702=VERTEX_POINT('',#5701);
#5703=CARTESIAN_POINT('',(2.129999996152E1,1.399998211449E0,-2.499999980348E0));
#5704=VERTEX_POINT('',#5703);
#5705=CARTESIAN_POINT('',(2.129999996152E1,1.399998211449E0,2.699999980378E0));
#5706=VERTEX_POINT('',#5705);
#5707=CARTESIAN_POINT('',(2.03E1,-2.999999399023E0,2.699999993469E0));
#5708=CARTESIAN_POINT('',(2.03E1,-2.999999399023E0,-2.499999993470E0));
#5709=VERTEX_POINT('',#5707);
#5710=VERTEX_POINT('',#5708);
#5711=CARTESIAN_POINT('',(2.63E1,-1.5E0,-1.300000011910E0));
#5712=CARTESIAN_POINT('',(2.63E1,-1.5E0,1.500000011910E0));
#5713=VERTEX_POINT('',#5711);
#5714=VERTEX_POINT('',#5712);
#5715=CARTESIAN_POINT('',(2.63E1,-9.999999999996E-2,-1.3E0));
#5716=VERTEX_POINT('',#5715);
#5717=CARTESIAN_POINT('',(2.63E1,-1.000000000001E-1,1.500000011910E0));
#5718=VERTEX_POINT('',#5717);
#5719=CARTESIAN_POINT('',(2.630000001960E1,3.148722212042E-2,1.6E0));
#5720=CARTESIAN_POINT('',(2.629999981551E1,-1.631487073272E0,1.6E0));
#5721=VERTEX_POINT('',#5719);
#5722=VERTEX_POINT('',#5720);
#5723=CARTESIAN_POINT('',(2.629999875976E1,3.148712941718E-2,-1.4E0));
#5724=VERTEX_POINT('',#5723);
#5725=CARTESIAN_POINT('',(2.629999981508E1,-1.631487082938E0,-1.4E0));
#5726=VERTEX_POINT('',#5725);
#5727=CARTESIAN_POINT('',(2.603312899601E1,-1.929648569560E0,1.6E0));
#5728=VERTEX_POINT('',#5727);
#5729=CARTESIAN_POINT('',(2.603312963091E1,3.296522631640E-1,1.599987555886E0));
#5730=VERTEX_POINT('',#5729);
#5731=CARTESIAN_POINT('',(2.603312933893E1,-1.929651655916E0,
-1.400000041210E0));
#5732=VERTEX_POINT('',#5731);
#5733=CARTESIAN_POINT('',(2.603312899601E1,3.296485695604E-1,-1.4E0));
#5734=VERTEX_POINT('',#5733);
#5735=CARTESIAN_POINT('',(1.93E1,-3.5E0,5.7E0));
#5736=CARTESIAN_POINT('',(1.775000004825E1,-3.5E0,5.7E0));
#5737=VERTEX_POINT('',#5735);
#5738=VERTEX_POINT('',#5736);
#5739=CARTESIAN_POINT('',(1.595E1,-3.5E0,7.5E0));
#5740=VERTEX_POINT('',#5739);
#5741=CARTESIAN_POINT('',(1.595E1,-3.5E0,8.8E0));
#5742=VERTEX_POINT('',#5741);
#5743=CARTESIAN_POINT('',(-1.595E1,-3.5E0,8.8E0));
#5744=VERTEX_POINT('',#5743);
#5745=CARTESIAN_POINT('',(-1.595E1,-3.5E0,7.500000048250E0));
#5746=VERTEX_POINT('',#5745);
#5747=CARTESIAN_POINT('',(-1.775E1,-3.5E0,5.700000000001E0));
#5748=VERTEX_POINT('',#5747);
#5749=CARTESIAN_POINT('',(-1.93E1,-3.5E0,5.7E0));
#5750=VERTEX_POINT('',#5749);
#5751=CARTESIAN_POINT('',(-1.93E1,-3.5E0,-5.7E0));
#5752=VERTEX_POINT('',#5751);
#5753=CARTESIAN_POINT('',(-1.775000004825E1,-3.5E0,-5.7E0));
#5754=VERTEX_POINT('',#5753);
#5755=CARTESIAN_POINT('',(-1.595E1,-3.5E0,-7.5E0));
#5756=VERTEX_POINT('',#5755);
#5757=CARTESIAN_POINT('',(-1.595E1,-3.5E0,-8.8E0));
#5758=VERTEX_POINT('',#5757);
#5759=CARTESIAN_POINT('',(1.595E1,-3.5E0,-8.8E0));
#5760=VERTEX_POINT('',#5759);
#5761=CARTESIAN_POINT('',(1.595E1,-3.5E0,-7.500000048250E0));
#5762=VERTEX_POINT('',#5761);
#5763=CARTESIAN_POINT('',(1.775E1,-3.5E0,-5.700000000001E0));
#5764=VERTEX_POINT('',#5763);
#5765=CARTESIAN_POINT('',(1.93E1,-3.5E0,-5.7E0));
#5766=VERTEX_POINT('',#5765);
#5767=CARTESIAN_POINT('',(1.87E1,-2.1E0,5.7E0));
#5768=CARTESIAN_POINT('',(1.862177972854E1,-2.1E0,5.700000118849E0));
#5769=VERTEX_POINT('',#5767);
#5770=VERTEX_POINT('',#5768);
#5771=CARTESIAN_POINT('',(1.862177972854E1,-2.E0,5.700000118849E0));
#5772=VERTEX_POINT('',#5771);
#5773=CARTESIAN_POINT('',(1.775000004825E1,-2.E0,5.7E0));
#5774=VERTEX_POINT('',#5773);
#5775=CARTESIAN_POINT('',(2.03E1,-2.5E0,5.7E0));
#5776=VERTEX_POINT('',#5775);
#5777=CARTESIAN_POINT('',(2.03E1,-2.E0,5.7E0));
#5778=VERTEX_POINT('',#5777);
#5779=CARTESIAN_POINT('',(1.87E1,-2.E0,5.7E0));
#5780=VERTEX_POINT('',#5779);
#5781=CARTESIAN_POINT('',(-1.862177972854E1,-2.1E0,-5.700000118849E0));
#5782=CARTESIAN_POINT('',(-1.87E1,-2.1E0,-5.7E0));
#5783=VERTEX_POINT('',#5781);
#5784=VERTEX_POINT('',#5782);
#5785=CARTESIAN_POINT('',(-1.869999993880E1,-2.1E0,-5.740028527641E0));
#5786=VERTEX_POINT('',#5785);
#5787=CARTESIAN_POINT('',(1.862177972854E1,-2.1E0,-5.700000118849E0));
#5788=CARTESIAN_POINT('',(1.87E1,-2.1E0,-5.7E0));
#5789=VERTEX_POINT('',#5787);
#5790=VERTEX_POINT('',#5788);
#5791=CARTESIAN_POINT('',(1.869999981021E1,-2.1E0,-5.740028760942E0));
#5792=VERTEX_POINT('',#5791);
#5793=CARTESIAN_POINT('',(-1.862177972854E1,-2.1E0,5.700000118849E0));
#5794=CARTESIAN_POINT('',(-1.87E1,-2.1E0,5.7E0));
#5795=VERTEX_POINT('',#5793);
#5796=VERTEX_POINT('',#5794);
#5797=CARTESIAN_POINT('',(-1.869999981021E1,-2.1E0,5.740028760942E0));
#5798=VERTEX_POINT('',#5797);
#5799=CARTESIAN_POINT('',(1.869999993880E1,-2.1E0,5.740028527641E0));
#5800=VERTEX_POINT('',#5799);
#5801=CARTESIAN_POINT('',(-1.862177972854E1,-2.E0,-5.700000118849E0));
#5802=VERTEX_POINT('',#5801);
#5803=CARTESIAN_POINT('',(-1.775000004825E1,-2.E0,-5.7E0));
#5804=VERTEX_POINT('',#5803);
#5805=CARTESIAN_POINT('',(-2.03E1,-2.5E0,-5.7E0));
#5806=VERTEX_POINT('',#5805);
#5807=CARTESIAN_POINT('',(-2.03E1,-2.E0,-5.7E0));
#5808=VERTEX_POINT('',#5807);
#5809=CARTESIAN_POINT('',(-1.87E1,-2.E0,-5.7E0));
#5810=VERTEX_POINT('',#5809);
#5811=CARTESIAN_POINT('',(-1.869999993880E1,-2.E0,-5.740028527641E0));
#5812=VERTEX_POINT('',#5811);
#5813=CARTESIAN_POINT('',(-1.869999993880E1,-2.E0,5.740028527641E0));
#5814=CARTESIAN_POINT('',(-1.87E1,-2.E0,5.7E0));
#5815=VERTEX_POINT('',#5813);
#5816=VERTEX_POINT('',#5814);
#5817=CARTESIAN_POINT('',(-1.595E1,-2.E0,-7.5E0));
#5818=VERTEX_POINT('',#5817);
#5819=CARTESIAN_POINT('',(-1.595E1,-2.E0,-9.8E0));
#5820=VERTEX_POINT('',#5819);
#5821=CARTESIAN_POINT('',(-1.879999995558E1,-2.E0,-9.799999999999E0));
#5822=VERTEX_POINT('',#5821);
#5823=CARTESIAN_POINT('',(-2.03E1,-2.E0,-8.3E0));
#5824=VERTEX_POINT('',#5823);
#5825=CARTESIAN_POINT('',(1.869999993880E1,-2.E0,-5.740028527641E0));
#5826=CARTESIAN_POINT('',(1.87E1,-2.E0,-5.7E0));
#5827=VERTEX_POINT('',#5825);
#5828=VERTEX_POINT('',#5826);
#5829=CARTESIAN_POINT('',(1.862177961454E1,-2.E0,-5.700000359616E0));
#5830=VERTEX_POINT('',#5829);
#5831=CARTESIAN_POINT('',(1.775000004825E1,-2.E0,-5.7E0));
#5832=VERTEX_POINT('',#5831);
#5833=CARTESIAN_POINT('',(1.595E1,-2.E0,-7.5E0));
#5834=VERTEX_POINT('',#5833);
#5835=CARTESIAN_POINT('',(1.595E1,-2.E0,-9.8E0));
#5836=VERTEX_POINT('',#5835);
#5837=CARTESIAN_POINT('',(1.879999995558E1,-2.E0,-9.799999999999E0));
#5838=VERTEX_POINT('',#5837);
#5839=CARTESIAN_POINT('',(2.03E1,-2.E0,-8.3E0));
#5840=VERTEX_POINT('',#5839);
#5841=CARTESIAN_POINT('',(2.03E1,-2.E0,-5.7E0));
#5842=VERTEX_POINT('',#5841);
#5843=CARTESIAN_POINT('',(2.03E1,-2.5E0,-5.7E0));
#5844=VERTEX_POINT('',#5843);
#5845=CARTESIAN_POINT('',(1.595E1,-2.5E0,-9.8E0));
#5846=VERTEX_POINT('',#5845);
#5847=CARTESIAN_POINT('',(-1.595E1,-2.5E0,-9.8E0));
#5848=VERTEX_POINT('',#5847);
#5849=CARTESIAN_POINT('',(2.03E1,-2.E0,8.299999955581E0));
#5850=VERTEX_POINT('',#5849);
#5851=CARTESIAN_POINT('',(1.88E1,-2.E0,9.799999999998E0));
#5852=VERTEX_POINT('',#5851);
#5853=CARTESIAN_POINT('',(1.869999981021E1,-2.E0,5.740028760939E0));
#5854=VERTEX_POINT('',#5853);
#5855=CARTESIAN_POINT('',(1.595E1,-2.E0,7.5E0));
#5856=VERTEX_POINT('',#5855);
#5857=CARTESIAN_POINT('',(1.595E1,-2.E0,9.8E0));
#5858=VERTEX_POINT('',#5857);
#5859=CARTESIAN_POINT('',(1.595E1,-2.5E0,9.8E0));
#5860=VERTEX_POINT('',#5859);
#5861=CARTESIAN_POINT('',(-1.595E1,-2.5E0,9.8E0));
#5862=VERTEX_POINT('',#5861);
#5863=CARTESIAN_POINT('',(-1.595E1,-2.E0,7.500000048250E0));
#5864=VERTEX_POINT('',#5863);
#5865=CARTESIAN_POINT('',(-1.595E1,-2.E0,9.8E0));
#5866=VERTEX_POINT('',#5865);
#5867=CARTESIAN_POINT('',(-1.775E1,-2.E0,5.700000000001E0));
#5868=VERTEX_POINT('',#5867);
#5869=CARTESIAN_POINT('',(-1.862177972854E1,-2.E0,5.700000118849E0));
#5870=VERTEX_POINT('',#5869);
#5871=CARTESIAN_POINT('',(-2.03E1,-2.5E0,5.7E0));
#5872=VERTEX_POINT('',#5871);
#5873=CARTESIAN_POINT('',(-2.03E1,-2.E0,5.7E0));
#5874=VERTEX_POINT('',#5873);
#5875=CARTESIAN_POINT('',(-1.879999995558E1,-2.E0,9.799999999999E0));
#5876=VERTEX_POINT('',#5875);
#5877=CARTESIAN_POINT('',(-2.03E1,-2.E0,8.3E0));
#5878=VERTEX_POINT('',#5877);
#5879=CARTESIAN_POINT('',(8.868662171523E0,3.721998487075E1,-2.648480405690E0));
#5880=CARTESIAN_POINT('',(8.927216233140E0,3.721998487075E1,-2.672734317329E0));
#5881=VERTEX_POINT('',#5879);
#5882=VERTEX_POINT('',#5880);
#5883=CARTESIAN_POINT('',(8.221732637175E0,3.721998035529E1,-2.265428201605E0));
#5884=CARTESIAN_POINT('',(8.272013776801E0,3.721998035529E1,-2.304010278352E0));
#5885=VERTEX_POINT('',#5883);
#5886=VERTEX_POINT('',#5884);
#5887=CARTESIAN_POINT('',(7.695993214144E0,3.721998458168E1,-1.727983835927E0));
#5888=CARTESIAN_POINT('',(7.734575663642E0,3.721998458168E1,-1.778265442147E0));
#5889=VERTEX_POINT('',#5887);
#5890=VERTEX_POINT('',#5888);
#5891=CARTESIAN_POINT('',(7.327265053884E0,3.721998486019E1,-1.072782228668E0));
#5892=CARTESIAN_POINT('',(7.351518995144E0,3.721998486019E1,-1.131336452719E0));
#5893=VERTEX_POINT('',#5891);
#5894=VERTEX_POINT('',#5892);
#5895=CARTESIAN_POINT('',(7.140675441841E0,3.721998034838E1,
-3.444747614143E-1));
#5896=CARTESIAN_POINT('',(7.148947923936E0,3.721998034838E1,
-4.073105077352E-1));
#5897=VERTEX_POINT('',#5895);
#5898=VERTEX_POINT('',#5896);
#5899=CARTESIAN_POINT('',(7.148952137190E0,3.721998462640E1,4.073097505753E-1));
#5900=CARTESIAN_POINT('',(7.140679582655E0,3.721998462640E1,3.444733660252E-1));
#5901=VERTEX_POINT('',#5899);
#5902=VERTEX_POINT('',#5900);
#5903=CARTESIAN_POINT('',(7.351519366952E0,3.721998481585E1,1.131337436007E0));
#5904=CARTESIAN_POINT('',(7.327265406684E0,3.721998481585E1,1.072783226675E0));
#5905=VERTEX_POINT('',#5903);
#5906=VERTEX_POINT('',#5904);
#5907=CARTESIAN_POINT('',(7.734571762737E0,3.721998034432E1,1.778267335173E0));
#5908=CARTESIAN_POINT('',(7.695989709264E0,3.721998034432E1,1.727986224977E0));
#5909=VERTEX_POINT('',#5907);
#5910=VERTEX_POINT('',#5908);
#5911=CARTESIAN_POINT('',(8.272016247507E0,3.721998467486E1,2.304006731966E0));
#5912=CARTESIAN_POINT('',(8.221734628554E0,3.721998467486E1,2.265424273407E0));
#5913=VERTEX_POINT('',#5911);
#5914=VERTEX_POINT('',#5912);
#5915=CARTESIAN_POINT('',(8.927217743678E0,3.721998476962E1,2.672735032605E0));
#5916=CARTESIAN_POINT('',(8.868663531817E0,3.721998476962E1,2.648481096733E0));
#5917=VERTEX_POINT('',#5915);
#5918=VERTEX_POINT('',#5916);
#5919=CARTESIAN_POINT('',(9.655525207045E0,3.721998034229E1,2.859324560486E0));
#5920=CARTESIAN_POINT('',(9.592689461748E0,3.721998034229E1,2.851052077849E0));
#5921=VERTEX_POINT('',#5919);
#5922=VERTEX_POINT('',#5920);
#5923=CARTESIAN_POINT('',(1.040730975951E1,3.721998472261E1,2.851047764336E0));
#5924=CARTESIAN_POINT('',(1.034447336055E1,3.721998472261E1,2.859320321089E0));
#5925=VERTEX_POINT('',#5923);
#5926=VERTEX_POINT('',#5924);
#5927=CARTESIAN_POINT('',(1.113133747938E1,3.721998472261E1,2.648480715891E0));
#5928=CARTESIAN_POINT('',(1.107278328323E1,3.721998472261E1,2.672734671068E0));
#5929=VERTEX_POINT('',#5927);
#5930=VERTEX_POINT('',#5928);
#5931=CARTESIAN_POINT('',(1.177826731227E1,3.721998034229E1,2.265428257801E0));
#5932=CARTESIAN_POINT('',(1.172798620190E1,3.721998034229E1,2.304010310563E0));
#5933=VERTEX_POINT('',#5931);
#5934=VERTEX_POINT('',#5932);
#5935=CARTESIAN_POINT('',(1.230400667003E1,3.721998476961E1,1.727983677116E0));
#5936=CARTESIAN_POINT('',(1.226542420300E1,3.721998476961E1,1.778265307653E0));
#5937=VERTEX_POINT('',#5935);
#5938=VERTEX_POINT('',#5936);
#5939=CARTESIAN_POINT('',(1.267273512303E1,3.721998467485E1,1.072782285391E0));
#5940=CARTESIAN_POINT('',(1.264848119296E1,3.721998467485E1,1.131336484120E0));
#5941=VERTEX_POINT('',#5939);
#5942=VERTEX_POINT('',#5940);
#5943=CARTESIAN_POINT('',(1.285932455484E1,3.721998034431E1,3.444748228493E-1));
#5944=CARTESIAN_POINT('',(1.285105207150E1,3.721998034431E1,4.073105683458E-1));
#5945=VERTEX_POINT('',#5943);
#5946=VERTEX_POINT('',#5944);
#5947=CARTESIAN_POINT('',(1.285104766871E1,3.721998481583E1,
-4.073097696037E-1));
#5948=CARTESIAN_POINT('',(1.285932022764E1,3.721998481583E1,
-3.444733566878E-1));
#5949=VERTEX_POINT('',#5947);
#5950=VERTEX_POINT('',#5948);
#5951=CARTESIAN_POINT('',(1.264848080198E1,3.721998462639E1,-1.131337522760E0));
#5952=CARTESIAN_POINT('',(1.267273475187E1,3.721998462639E1,-1.072783340191E0));
#5953=VERTEX_POINT('',#5951);
#5954=VERTEX_POINT('',#5952);
#5955=CARTESIAN_POINT('',(1.226542827151E1,3.721998034837E1,-1.778267284951E0));
#5956=CARTESIAN_POINT('',(1.230401032431E1,3.721998034837E1,-1.727986173419E0));
#5957=VERTEX_POINT('',#5955);
#5958=VERTEX_POINT('',#5956);
#5959=CARTESIAN_POINT('',(1.172798360528E1,3.721998486018E1,-2.304006610704E0));
#5960=CARTESIAN_POINT('',(1.177826524658E1,3.721998486018E1,-2.265424135807E0));
#5961=VERTEX_POINT('',#5959);
#5962=VERTEX_POINT('',#5960);
#5963=CARTESIAN_POINT('',(1.107278230456E1,3.721998458167E1,-2.672735215744E0));
#5964=CARTESIAN_POINT('',(1.113133648907E1,3.721998458167E1,-2.648481292163E0));
#5965=VERTEX_POINT('',#5963);
#5966=VERTEX_POINT('',#5964);
#5967=CARTESIAN_POINT('',(9.592690836202E0,3.721998487074E1,-2.851047699801E0));
#5968=CARTESIAN_POINT('',(9.655527096877E0,3.721998487074E1,-2.859320226989E0));
#5969=VERTEX_POINT('',#5967);
#5970=VERTEX_POINT('',#5968);
#5971=CARTESIAN_POINT('',(1.034447482750E1,3.721998035528E1,-2.859324543228E0));
#5972=CARTESIAN_POINT('',(1.040731061012E1,3.721998035528E1,-2.851052054447E0));
#5973=VERTEX_POINT('',#5971);
#5974=VERTEX_POINT('',#5972);
#5975=CARTESIAN_POINT('',(8.7025E0,3.74E1,-2.247335922821E0));
#5976=CARTESIAN_POINT('',(8.766447131707E0,3.740000012061E1,-2.401717510457E0));
#5977=VERTEX_POINT('',#5975);
#5978=VERTEX_POINT('',#5976);
#5979=CARTESIAN_POINT('',(9.867429365623E0,3.740000012061E1,-2.696724810915E0));
#5980=CARTESIAN_POINT('',(9.999999999999E0,3.74E1,-2.595E0));
#5981=VERTEX_POINT('',#5979);
#5982=VERTEX_POINT('',#5980);
#5983=CARTESIAN_POINT('',(9.430090303296E0,3.740000373326E1,-2.639144389469E0));
#5984=VERTEX_POINT('',#5983);
#5985=CARTESIAN_POINT('',(9.328364577959E0,3.74E1,-2.506577519220E0));
#5986=VERTEX_POINT('',#5985);
#5987=CARTESIAN_POINT('',(9.173983212422E0,3.740000090626E1,-2.570523624300E0));
#5988=VERTEX_POINT('',#5987);
#5989=CARTESIAN_POINT('',(8.536828981361E0,3.740000169144E1,-2.269145602812E0));
#5990=VERTEX_POINT('',#5989);
#5991=CARTESIAN_POINT('',(8.186869832754E0,3.740000120575E1,-2.000613109993E0));
#5992=VERTEX_POINT('',#5991);
#5993=CARTESIAN_POINT('',(8.165057902821E0,3.74E1,-1.834942097179E0));
#5994=VERTEX_POINT('',#5993);
#5995=CARTESIAN_POINT('',(7.999386061296E0,3.740000020536E1,-1.813130742547E0));
#5996=VERTEX_POINT('',#5995);
#5997=CARTESIAN_POINT('',(7.730855929335E0,3.740000353678E1,-1.463169989604E0));
#5998=VERTEX_POINT('',#5997);
#5999=CARTESIAN_POINT('',(7.752664077179E0,3.74E1,-1.2975E0));
#6000=VERTEX_POINT('',#5999);
#6001=CARTESIAN_POINT('',(7.598283362270E0,3.740000092991E1,-1.233552796125E0));
#6002=VERTEX_POINT('',#6001);
#6003=CARTESIAN_POINT('',(7.429479062875E0,3.740000372987E1,
-8.260159205671E-1));
#6004=VERTEX_POINT('',#6003);
#6005=CARTESIAN_POINT('',(7.493422480779E0,3.74E1,-6.716354220410E-1));
#6006=VERTEX_POINT('',#6005);
#6007=CARTESIAN_POINT('',(7.360853580278E0,3.740000167601E1,
-5.699100412999E-1));
#6008=VERTEX_POINT('',#6007);
#6009=CARTESIAN_POINT('',(7.303276263303E0,3.740000120210E1,
-1.325704603535E-1));
#6010=VERTEX_POINT('',#6009);
#6011=CARTESIAN_POINT('',(7.405E0,3.74E1,0.E0));
#6012=VERTEX_POINT('',#6011);
#6013=CARTESIAN_POINT('',(7.303275260951E0,3.740000019245E1,1.325706333549E-1));
#6014=VERTEX_POINT('',#6013);
#6015=CARTESIAN_POINT('',(7.360855448146E0,3.740000356715E1,5.699097317690E-1));
#6016=VERTEX_POINT('',#6015);
#6017=CARTESIAN_POINT('',(7.493422480780E0,3.74E1,6.716354220412E-1));
#6018=VERTEX_POINT('',#6017);
#6019=CARTESIAN_POINT('',(7.429476350099E0,3.740000094928E1,8.260165673158E-1));
#6020=VERTEX_POINT('',#6019);
#6021=CARTESIAN_POINT('',(7.598285727966E0,3.740000369906E1,1.233551341099E0));
#6022=VERTEX_POINT('',#6021);
#6023=CARTESIAN_POINT('',(7.752664077179E0,3.74E1,1.2975E0));
#6024=VERTEX_POINT('',#6023);
#6025=CARTESIAN_POINT('',(7.730854411143E0,3.740000166844E1,1.463171082727E0));
#6026=VERTEX_POINT('',#6025);
#6027=CARTESIAN_POINT('',(7.999386886377E0,3.740000120086E1,1.813130170534E0));
#6028=VERTEX_POINT('',#6027);
#6029=CARTESIAN_POINT('',(8.165057902821E0,3.74E1,1.834942097179E0));
#6030=VERTEX_POINT('',#6029);
#6031=CARTESIAN_POINT('',(8.186869231795E0,3.740000017909E1,2.000613950899E0));
#6032=VERTEX_POINT('',#6031);
#6033=CARTESIAN_POINT('',(8.536830045082E0,3.740000360079E1,2.269144016870E0));
#6034=VERTEX_POINT('',#6033);
#6035=CARTESIAN_POINT('',(8.7025E0,3.74E1,2.247335922821E0));
#6036=VERTEX_POINT('',#6035);
#6037=CARTESIAN_POINT('',(8.766447220827E0,3.740000096817E1,2.401716603431E0));
#6038=VERTEX_POINT('',#6037);
#6039=CARTESIAN_POINT('',(9.173984060131E0,3.740000366678E1,2.570520997189E0));
#6040=VERTEX_POINT('',#6039);
#6041=CARTESIAN_POINT('',(9.328364577959E0,3.74E1,2.506577519220E0));
#6042=VERTEX_POINT('',#6041);
#6043=CARTESIAN_POINT('',(9.430089963589E0,3.740000166067E1,2.639146436465E0));
#6044=VERTEX_POINT('',#6043);
#6045=CARTESIAN_POINT('',(9.867429539555E0,3.740000120025E1,2.696723738533E0));
#6046=VERTEX_POINT('',#6045);
#6047=CARTESIAN_POINT('',(1.E1,3.74E1,2.595E0));
#6048=VERTEX_POINT('',#6047);
#6049=CARTESIAN_POINT('',(1.013257062624E1,3.740000016610E1,2.696724765775E0));
#6050=VERTEX_POINT('',#6049);
#6051=CARTESIAN_POINT('',(1.056990971765E1,3.740000363401E1,2.639144486487E0));
#6052=VERTEX_POINT('',#6051);
#6053=CARTESIAN_POINT('',(1.067163542204E1,3.74E1,2.506577519220E0));
#6054=VERTEX_POINT('',#6053);
#6055=CARTESIAN_POINT('',(1.082601655615E1,3.740000098696E1,2.570523613905E0));
#6056=VERTEX_POINT('',#6055);
#6057=CARTESIAN_POINT('',(1.123355137081E1,3.740000363401E1,2.401714329884E0));
#6058=VERTEX_POINT('',#6057);
#6059=CARTESIAN_POINT('',(1.12975E1,3.74E1,2.247335922821E0));
#6060=VERTEX_POINT('',#6059);
#6061=CARTESIAN_POINT('',(1.146317109813E1,3.740000165257E1,2.269145597804E0));
#6062=VERTEX_POINT('',#6061);
#6063=CARTESIAN_POINT('',(1.181313017093E1,3.740000120025E1,2.000613114065E0));
#6064=VERTEX_POINT('',#6063);
#6065=CARTESIAN_POINT('',(1.183494209718E1,3.74E1,1.834942097179E0));
#6066=VERTEX_POINT('',#6065);
#6067=CARTESIAN_POINT('',(1.200061396411E1,3.740000015349E1,1.813130791736E0));
#6068=VERTEX_POINT('',#6067);
#6069=CARTESIAN_POINT('',(1.226914396140E1,3.740000366677E1,1.463169919151E0));
#6070=VERTEX_POINT('',#6069);
#6071=CARTESIAN_POINT('',(1.224733592282E1,3.74E1,1.2975E0));
#6072=VERTEX_POINT('',#6071);
#6073=CARTESIAN_POINT('',(1.240171657033E1,3.740000100567E1,1.233552761510E0));
#6074=VERTEX_POINT('',#6073);
#6075=CARTESIAN_POINT('',(1.257052106E1,3.740000360078E1,8.260159600541E-1));
#6076=VERTEX_POINT('',#6075);
#6077=CARTESIAN_POINT('',(1.250657751922E1,3.74E1,6.716354220410E-1));
#6078=VERTEX_POINT('',#6077);
#6079=CARTESIAN_POINT('',(1.263914645430E1,3.740000164415E1,5.699100320718E-1));
#6080=VERTEX_POINT('',#6079);
#6081=CARTESIAN_POINT('',(1.269672373792E1,3.740000120085E1,1.325704604137E-1));
#6082=VERTEX_POINT('',#6081);
#6083=CARTESIAN_POINT('',(1.2595E1,3.74E1,0.E0));
#6084=VERTEX_POINT('',#6083);
#6085=CARTESIAN_POINT('',(1.269672479099E1,3.740000014128E1,
-1.325706187669E-1));
#6086=VERTEX_POINT('',#6085);
#6087=CARTESIAN_POINT('',(1.263914442290E1,3.740000369905E1,
-5.699097039230E-1));
#6088=VERTEX_POINT('',#6087);
#6089=CARTESIAN_POINT('',(1.250657751922E1,3.74E1,-6.716354220412E-1));
#6090=VERTEX_POINT('',#6089);
#6091=CARTESIAN_POINT('',(1.257052357812E1,3.740000102429E1,
-8.260165454897E-1));
#6092=VERTEX_POINT('',#6091);
#6093=CARTESIAN_POINT('',(1.240171438936E1,3.740000356714E1,-1.233551401360E0));
#6094=VERTEX_POINT('',#6093);
#6095=CARTESIAN_POINT('',(1.224733592282E1,3.74E1,-1.2975E0));
#6096=VERTEX_POINT('',#6095);
#6097=CARTESIAN_POINT('',(1.226914560800E1,3.740000163535E1,-1.463171114083E0));
#6098=VERTEX_POINT('',#6097);
#6099=CARTESIAN_POINT('',(1.200061311270E1,3.740000120209E1,-1.813130169697E0));
#6100=VERTEX_POINT('',#6099);
#6101=CARTESIAN_POINT('',(1.183494209718E1,3.74E1,-1.834942097179E0));
#6102=VERTEX_POINT('',#6101);
#6103=CARTESIAN_POINT('',(1.181313081432E1,3.740000012953E1,-2.000613975979E0));
#6104=VERTEX_POINT('',#6103);
#6105=CARTESIAN_POINT('',(1.146316988496E1,3.740000372986E1,-2.269143908381E0));
#6106=VERTEX_POINT('',#6105);
#6107=CARTESIAN_POINT('',(1.12975E1,3.74E1,-2.247335922821E0));
#6108=VERTEX_POINT('',#6107);
#6109=CARTESIAN_POINT('',(1.123355274163E1,3.740000104363E1,-2.401716537875E0));
#6110=VERTEX_POINT('',#6109);
#6111=CARTESIAN_POINT('',(1.082601597964E1,3.740000353677E1,-2.570521120948E0));
#6112=VERTEX_POINT('',#6111);
#6113=CARTESIAN_POINT('',(1.067163542204E1,3.74E1,-2.506577519220E0));
#6114=VERTEX_POINT('',#6113);
#6115=CARTESIAN_POINT('',(1.056991004451E1,3.740000162229E1,-2.639146473975E0));
#6116=VERTEX_POINT('',#6115);
#6117=CARTESIAN_POINT('',(1.013257046017E1,3.740000120575E1,-2.696723733035E0));
#6118=VERTEX_POINT('',#6117);
#6119=CARTESIAN_POINT('',(8.550026489867E0,3.740001355482E1,0.E0));
#6120=CARTESIAN_POINT('',(1.144997351013E1,3.740001355482E1,0.E0));
#6121=VERTEX_POINT('',#6119);
#6122=VERTEX_POINT('',#6120);
#6123=CARTESIAN_POINT('',(8.850004790203E0,3.710000432263E1,4.082266706618E-8));
#6124=CARTESIAN_POINT('',(1.114999520979E1,3.710000432263E1,4.082286566144E-8));
#6125=VERTEX_POINT('',#6123);
#6126=VERTEX_POINT('',#6124);
#6127=CARTESIAN_POINT('',(2.03E1,2.929999999999E1,8.299999872507E0));
#6128=CARTESIAN_POINT('',(1.879999987250E1,2.930000000002E1,9.800000000002E0));
#6129=VERTEX_POINT('',#6127);
#6130=VERTEX_POINT('',#6128);
#6131=CARTESIAN_POINT('',(2.03E1,2.51E1,8.299999957502E0));
#6132=VERTEX_POINT('',#6131);
#6133=CARTESIAN_POINT('',(1.991803398875E1,2.51E1,9.300000000002E0));
#6134=VERTEX_POINT('',#6133);
#6135=VERTEX_POINT('',#691);
#6136=CARTESIAN_POINT('',(1.970000000238E1,2.26E1,9.499999998213E0));
#6137=VERTEX_POINT('',#6136);
#6138=CARTESIAN_POINT('',(2.03E1,2.26E1,8.3E0));
#6139=VERTEX_POINT('',#6138);
#6140=CARTESIAN_POINT('',(1.88E1,2.949998843028E1,9.600004845127E0));
#6141=VERTEX_POINT('',#6140);
#6142=CARTESIAN_POINT('',(2.010000263494E1,2.949999999997E1,8.3E0));
#6143=VERTEX_POINT('',#6142);
#6144=CARTESIAN_POINT('',(-1.879999994300E1,2.930000242269E1,9.799997107557E0));
#6145=VERTEX_POINT('',#6144);
#6146=CARTESIAN_POINT('',(-1.879999991470E1,2.949999999996E1,9.600004845408E0));
#6147=VERTEX_POINT('',#6146);
#6148=CARTESIAN_POINT('',(-2.03E1,2.929999999999E1,8.299999872505E0));
#6149=VERTEX_POINT('',#6148);
#6150=CARTESIAN_POINT('',(-1.97E1,2.26E1,9.499999999999E0));
#6151=CARTESIAN_POINT('',(-2.03E1,2.26E1,8.3E0));
#6152=VERTEX_POINT('',#6150);
#6153=VERTEX_POINT('',#6151);
#6154=CARTESIAN_POINT('',(-1.970000000238E1,2.490000161504E1,9.499996141641E0));
#6155=VERTEX_POINT('',#6154);
#6156=VERTEX_POINT('',#646);
#6157=CARTESIAN_POINT('',(-2.03E1,2.51E1,8.3E0));
#6158=VERTEX_POINT('',#6157);
#6159=CARTESIAN_POINT('',(-2.010000484513E1,2.949998843028E1,8.3E0));
#6160=VERTEX_POINT('',#6159);
#6161=CARTESIAN_POINT('',(-2.029999710756E1,2.930000242269E1,
-8.299999943005E0));
#6162=VERTEX_POINT('',#6161);
#6163=CARTESIAN_POINT('',(-2.010000484541E1,2.949999999993E1,
-8.299999914694E0));
#6164=VERTEX_POINT('',#6163);
#6165=CARTESIAN_POINT('',(-2.03E1,2.26E1,-8.299999957502E0));
#6166=VERTEX_POINT('',#6165);
#6167=CARTESIAN_POINT('',(-2.03E1,2.51E1,5.E-1));
#6168=VERTEX_POINT('',#6167);
#6169=CARTESIAN_POINT('',(-2.030000000003E1,2.640000161504E1,
4.999961434284E-1));
#6170=VERTEX_POINT('',#6169);
#6171=CARTESIAN_POINT('',(-2.030000000009E1,2.659998843034E1,3.E-1));
#6172=VERTEX_POINT('',#6171);
#6173=CARTESIAN_POINT('',(-2.03E1,2.659999614343E1,-3.000016150426E-1));
#6174=VERTEX_POINT('',#6173);
#6175=CARTESIAN_POINT('',(-2.03E1,2.64E1,-4.999884303439E-1));
#6176=VERTEX_POINT('',#6175);
#6177=CARTESIAN_POINT('',(-2.03E1,2.51E1,-5.E-1));
#6178=VERTEX_POINT('',#6177);
#6179=CARTESIAN_POINT('',(-2.03E1,2.51E1,-8.299999957502E0));
#6180=VERTEX_POINT('',#6179);
#6181=CARTESIAN_POINT('',(-1.879999987250E1,2.930000000002E1,
-9.800000000002E0));
#6182=VERTEX_POINT('',#6181);
#6183=CARTESIAN_POINT('',(-1.991803398875E1,2.51E1,-9.300000000002E0));
#6184=VERTEX_POINT('',#6183);
#6185=VERTEX_POINT('',#605);
#6186=CARTESIAN_POINT('',(-1.970000000238E1,2.26E1,-9.499999998213E0));
#6187=VERTEX_POINT('',#6186);
#6188=CARTESIAN_POINT('',(-1.88E1,2.949998843028E1,-9.600004845127E0));
#6189=VERTEX_POINT('',#6188);
#6190=CARTESIAN_POINT('',(1.879999994300E1,2.930000242269E1,-9.799997107557E0));
#6191=VERTEX_POINT('',#6190);
#6192=CARTESIAN_POINT('',(1.879999991470E1,2.949999999996E1,-9.600004845408E0));
#6193=VERTEX_POINT('',#6192);
#6194=CARTESIAN_POINT('',(2.03E1,2.929999999999E1,-8.299999872505E0));
#6195=VERTEX_POINT('',#6194);
#6196=CARTESIAN_POINT('',(2.03E1,2.26E1,-8.3E0));
#6197=CARTESIAN_POINT('',(1.97E1,2.26E1,-9.499999999999E0));
#6198=VERTEX_POINT('',#6196);
#6199=VERTEX_POINT('',#6197);
#6200=CARTESIAN_POINT('',(1.970000000238E1,2.490000161504E1,-9.499996141641E0));
#6201=VERTEX_POINT('',#6200);
#6202=VERTEX_POINT('',#568);
#6203=CARTESIAN_POINT('',(2.03E1,2.51E1,-8.3E0));
#6204=VERTEX_POINT('',#6203);
#6205=CARTESIAN_POINT('',(2.010000484513E1,2.949998843028E1,-8.3E0));
#6206=VERTEX_POINT('',#6205);
#6207=CARTESIAN_POINT('',(2.03E1,2.51E1,-5.E-1));
#6208=VERTEX_POINT('',#6207);
#6209=CARTESIAN_POINT('',(2.03E1,2.640000161504E1,-4.999961434284E-1));
#6210=VERTEX_POINT('',#6209);
#6211=CARTESIAN_POINT('',(2.029999999999E1,2.659998843034E1,-3.E-1));
#6212=VERTEX_POINT('',#6211);
#6213=CARTESIAN_POINT('',(2.03E1,2.659999614343E1,3.000016150426E-1));
#6214=VERTEX_POINT('',#6213);
#6215=CARTESIAN_POINT('',(2.03E1,2.64E1,4.999884303439E-1));
#6216=VERTEX_POINT('',#6215);
#6217=CARTESIAN_POINT('',(2.03E1,2.51E1,5.E-1));
#6218=VERTEX_POINT('',#6217);
#6219=CARTESIAN_POINT('',(2.529999995750E1,2.26E1,-9.499999999999E0));
#6220=VERTEX_POINT('',#6219);
#6221=CARTESIAN_POINT('',(2.529999995750E1,2.26E1,9.499999999999E0));
#6222=VERTEX_POINT('',#6221);
#6223=CARTESIAN_POINT('',(2.68E1,2.26E1,8.E0));
#6224=VERTEX_POINT('',#6223);
#6225=CARTESIAN_POINT('',(2.68E1,2.26E1,6.35E0));
#6226=VERTEX_POINT('',#6225);
#6227=CARTESIAN_POINT('',(2.607082629082E1,2.26E1,6.349998818183E0));
#6228=VERTEX_POINT('',#6227);
#6229=CARTESIAN_POINT('',(2.607082207251E1,2.26E1,3.850004423760E0));
#6230=VERTEX_POINT('',#6229);
#6231=CARTESIAN_POINT('',(2.68E1,2.26E1,3.85E0));
#6232=VERTEX_POINT('',#6231);
#6233=CARTESIAN_POINT('',(2.68E1,2.26E1,-3.85E0));
#6234=VERTEX_POINT('',#6233);
#6235=CARTESIAN_POINT('',(2.577082629081E1,2.26E1,-3.850001181818E0));
#6236=VERTEX_POINT('',#6235);
#6237=CARTESIAN_POINT('',(2.577082207251E1,2.26E1,-6.349995576241E0));
#6238=VERTEX_POINT('',#6237);
#6239=CARTESIAN_POINT('',(2.68E1,2.26E1,-6.35E0));
#6240=VERTEX_POINT('',#6239);
#6241=CARTESIAN_POINT('',(2.68E1,2.26E1,-7.999999957500E0));
#6242=VERTEX_POINT('',#6241);
#6243=CARTESIAN_POINT('',(2.529999994307E1,2.490000242269E1,-9.499997107556E0));
#6244=VERTEX_POINT('',#6243);
#6245=CARTESIAN_POINT('',(2.529999991481E1,2.509999999995E1,-9.300004845408E0));
#6246=VERTEX_POINT('',#6245);
#6247=CARTESIAN_POINT('',(2.68E1,2.49E1,-7.999999872500E0));
#6248=VERTEX_POINT('',#6247);
#6249=CARTESIAN_POINT('',(2.660000484513E1,2.509998843028E1,-8.E0));
#6250=VERTEX_POINT('',#6249);
#6251=CARTESIAN_POINT('',(2.679999710757E1,2.490000242256E1,-6.350002892429E0));
#6252=VERTEX_POINT('',#6251);
#6253=CARTESIAN_POINT('',(2.679999710757E1,2.490000242256E1,-3.849997107571E0));
#6254=CARTESIAN_POINT('',(2.679999603625E1,2.490000161504E1,
-2.999999757629E-1));
#6255=VERTEX_POINT('',#6253);
#6256=VERTEX_POINT('',#6254);
#6257=CARTESIAN_POINT('',(2.679999710757E1,2.490000242256E1,3.849997107571E0));
#6258=VERTEX_POINT('',#6257);
#6259=CARTESIAN_POINT('',(2.679999603625E1,2.490000161504E1,2.999999757629E-1));
#6260=VERTEX_POINT('',#6259);
#6261=CARTESIAN_POINT('',(2.679999991956E1,2.500559064881E1,3.000008451667E-1));
#6262=VERTEX_POINT('',#6261);
#6263=CARTESIAN_POINT('',(2.679999991954E1,2.500559033702E1,
-2.999979670541E-1));
#6264=VERTEX_POINT('',#6263);
#6265=CARTESIAN_POINT('',(2.679999710757E1,2.490000242256E1,6.350002892429E0));
#6266=CARTESIAN_POINT('',(2.679999710756E1,2.490000242269E1,7.999999943002E0));
#6267=VERTEX_POINT('',#6265);
#6268=VERTEX_POINT('',#6266);
#6269=CARTESIAN_POINT('',(2.660000161504E1,2.509999228686E1,-6.549998384958E0));
#6270=VERTEX_POINT('',#6269);
#6271=CARTESIAN_POINT('',(2.660000094933E1,2.509999533471E1,
-4.862400128630E-1));
#6272=CARTESIAN_POINT('',(2.660000161504E1,2.509999228686E1,-3.650001615043E0));
#6273=VERTEX_POINT('',#6271);
#6274=VERTEX_POINT('',#6272);
#6275=VERTEX_POINT('',#2505);
#6276=CARTESIAN_POINT('',(2.587483466408E1,2.509999606288E1,-6.549994185033E0));
#6277=VERTEX_POINT('',#6276);
#6278=CARTESIAN_POINT('',(2.587482070290E1,2.509999975832E1,-3.650015465147E0));
#6279=VERTEX_POINT('',#6278);
#6280=CARTESIAN_POINT('',(2.648530760116E1,2.510000124692E1,4.999961434279E-1));
#6281=VERTEX_POINT('',#6280);
#6282=VERTEX_POINT('',#2725);
#6283=CARTESIAN_POINT('',(2.660000161504E1,2.509999228686E1,3.650001615043E0));
#6284=VERTEX_POINT('',#6283);
#6285=CARTESIAN_POINT('',(2.617483466409E1,2.509999610180E1,3.650005814966E0));
#6286=VERTEX_POINT('',#6285);
#6287=CARTESIAN_POINT('',(2.617482070290E1,2.509999987503E1,6.549984534854E0));
#6288=VERTEX_POINT('',#6287);
#6289=CARTESIAN_POINT('',(2.660000161504E1,2.509999228686E1,6.549998384957E0));
#6290=VERTEX_POINT('',#6289);
#6291=CARTESIAN_POINT('',(2.660000049941E1,2.509999614342E1,7.999999972161E0));
#6292=VERTEX_POINT('',#6291);
#6293=CARTESIAN_POINT('',(2.53E1,2.509999999999E1,9.300002634937E0));
#6294=VERTEX_POINT('',#6293);
#6295=VERTEX_POINT('',#2553);
#6296=VERTEX_POINT('',#2560);
#6297=CARTESIAN_POINT('',(2.577082462267E1,2.490000124187E1,-3.849999192228E0));
#6298=VERTEX_POINT('',#6297);
#6299=CARTESIAN_POINT('',(2.577081961824E1,2.490000012230E1,-6.349995206821E0));
#6300=VERTEX_POINT('',#6299);
#6301=CARTESIAN_POINT('',(2.672710780298E1,2.516000224007E1,-3.E-1));
#6302=VERTEX_POINT('',#6301);
#6303=CARTESIAN_POINT('',(2.672710780295E1,2.516000224007E1,3.000034533062E-1));
#6304=VERTEX_POINT('',#6303);
#6305=VERTEX_POINT('',#2905);
#6306=VERTEX_POINT('',#2912);
#6307=CARTESIAN_POINT('',(2.503314029567E1,2.655441149900E1,2.999999183691E-1));
#6308=VERTEX_POINT('',#6307);
#6309=CARTESIAN_POINT('',(2.490603499221E1,2.640000309637E1,4.999942151320E-1));
#6310=VERTEX_POINT('',#6309);
#6311=CARTESIAN_POINT('',(2.503314151828E1,2.655441351340E1,
-3.000023640506E-1));
#6312=VERTEX_POINT('',#6311);
#6313=CARTESIAN_POINT('',(2.490603416990E1,2.659999692175E1,3.000021611749E-1));
#6314=CARTESIAN_POINT('',(2.490603517508E1,2.659999925402E1,
-3.000023640506E-1));
#6315=VERTEX_POINT('',#6313);
#6316=VERTEX_POINT('',#6314);
#6317=CARTESIAN_POINT('',(2.490603578397E1,2.640000329924E1,
-4.999965474076E-1));
#6318=VERTEX_POINT('',#6317);
#6319=CARTESIAN_POINT('',(2.607082459843E1,2.490000242258E1,3.849999208431E0));
#6320=VERTEX_POINT('',#6319);
#6321=CARTESIAN_POINT('',(2.607081952121E1,2.490000040855E1,6.349995141986E0));
#6322=VERTEX_POINT('',#6321);
#6323=CARTESIAN_POINT('',(2.529999987250E1,2.49E1,9.499999999998E0));
#6324=VERTEX_POINT('',#6323);
#6325=CARTESIAN_POINT('',(1.979999506517E1,2.95E1,-8.299999957137E0));
#6326=CARTESIAN_POINT('',(1.979999506517E1,2.95E1,8.299999957137E0));
#6327=VERTEX_POINT('',#6325);
#6328=VERTEX_POINT('',#6326);
#6329=CARTESIAN_POINT('',(1.88E1,2.95E1,-9.299985195510E0));
#6330=VERTEX_POINT('',#6329);
#6331=CARTESIAN_POINT('',(-1.879999995714E1,2.95E1,-9.299995065170E0));
#6332=VERTEX_POINT('',#6331);
#6333=CARTESIAN_POINT('',(-1.979998519551E1,2.95E1,-8.3E0));
#6334=VERTEX_POINT('',#6333);
#6335=CARTESIAN_POINT('',(-1.979999506517E1,2.95E1,8.299999957137E0));
#6336=VERTEX_POINT('',#6335);
#6337=CARTESIAN_POINT('',(-1.88E1,2.95E1,9.299985195510E0));
#6338=VERTEX_POINT('',#6337);
#6339=CARTESIAN_POINT('',(1.879999995714E1,2.95E1,9.299995065170E0));
#6340=VERTEX_POINT('',#6339);
#6341=CARTESIAN_POINT('',(1.979998959939E1,2.980000157803E1,-8.300000016412E0));
#6342=CARTESIAN_POINT('',(1.979998959939E1,2.980000157803E1,8.300000018298E0));
#6343=VERTEX_POINT('',#6341);
#6344=VERTEX_POINT('',#6342);
#6345=CARTESIAN_POINT('',(1.959999725838E1,2.999999599452E1,8.300000053905E0));
#6346=CARTESIAN_POINT('',(1.959999725838E1,2.999999599452E1,-8.300000053904E0));
#6347=VERTEX_POINT('',#6345);
#6348=VERTEX_POINT('',#6346);
#6349=CARTESIAN_POINT('',(-1.880000005390E1,2.999999599452E1,9.099997258386E0));
#6350=CARTESIAN_POINT('',(8.081674048450E0,2.999999614343E1,9.099998133464E0));
#6351=VERTEX_POINT('',#6349);
#6352=VERTEX_POINT('',#6350);
#6353=CARTESIAN_POINT('',(-1.959999979824E1,2.999999955285E1,8.3E0));
#6354=VERTEX_POINT('',#6353);
#6355=CARTESIAN_POINT('',(-1.959999725838E1,2.999999599452E1,
-8.300000053905E0));
#6356=VERTEX_POINT('',#6355);
#6357=CARTESIAN_POINT('',(-1.88E1,2.999999955285E1,-9.099999798240E0));
#6358=VERTEX_POINT('',#6357);
#6359=CARTESIAN_POINT('',(8.081674048450E0,2.999999614343E1,-9.099998133464E0));
#6360=VERTEX_POINT('',#6359);
#6361=CARTESIAN_POINT('',(7.301855641526E0,3.E1,-8.899989595776E0));
#6362=VERTEX_POINT('',#6361);
#6363=CARTESIAN_POINT('',(-1.409999995714E1,3.E1,-8.899995065170E0));
#6364=VERTEX_POINT('',#6363);
#6365=CARTESIAN_POINT('',(-1.509998519551E1,3.E1,-7.9E0));
#6366=VERTEX_POINT('',#6365);
#6367=CARTESIAN_POINT('',(-1.509999743111E1,3.E1,-4.079213270963E0));
#6368=VERTEX_POINT('',#6367);
#6369=CARTESIAN_POINT('',(-1.509999235569E1,3.E1,4.079208523873E0));
#6370=VERTEX_POINT('',#6369);
#6371=CARTESIAN_POINT('',(-1.509999506517E1,3.E1,7.899999957137E0));
#6372=VERTEX_POINT('',#6371);
#6373=CARTESIAN_POINT('',(-1.41E1,3.E1,8.899985195510E0));
#6374=VERTEX_POINT('',#6373);
#6375=CARTESIAN_POINT('',(7.301853829136E0,3.E1,8.899996619962E0));
#6376=VERTEX_POINT('',#6375);
#6377=CARTESIAN_POINT('',(1.191832467470E1,2.999999614343E1,9.099998158280E0));
#6378=CARTESIAN_POINT('',(1.880000005390E1,2.999999599452E1,9.099997258386E0));
#6379=VERTEX_POINT('',#6377);
#6380=VERTEX_POINT('',#6378);
#6381=CARTESIAN_POINT('',(1.191833036677E1,3.E1,-9.099989361972E0));
#6382=VERTEX_POINT('',#6381);
#6383=CARTESIAN_POINT('',(1.880000005390E1,2.999999599452E1,-9.099997258386E0));
#6384=VERTEX_POINT('',#6383);
#6385=CARTESIAN_POINT('',(9.999999822547E0,2.980000242256E1,9.299991497184E0));
#6386=CARTESIAN_POINT('',(-1.880000001830E1,2.980000157803E1,9.299989599391E0));
#6387=VERTEX_POINT('',#6385);
#6388=VERTEX_POINT('',#6386);
#6389=CARTESIAN_POINT('',(1.880000001640E1,2.980000157803E1,9.299989599391E0));
#6390=VERTEX_POINT('',#6389);
#6391=CARTESIAN_POINT('',(7.301854377331E0,3.260000123373E1,8.899992461586E0));
#6392=VERTEX_POINT('',#6391);
#6393=CARTESIAN_POINT('',(7.301856000428E0,3.260000008980E1,-8.899991549674E0));
#6394=VERTEX_POINT('',#6393);
#6395=VERTEX_POINT('',#3314);
#6396=CARTESIAN_POINT('',(-3.300000042865E0,3.260000161504E1,8.899991208598E0));
#6397=VERTEX_POINT('',#6396);
#6398=CARTESIAN_POINT('',(-1.410000001573E1,3.290000242266E1,8.899989494605E0));
#6399=VERTEX_POINT('',#6398);
#6400=CARTESIAN_POINT('',(-3.299999984287E0,3.290000132110E1,8.899989494618E0));
#6401=VERTEX_POINT('',#6400);
#6402=CARTESIAN_POINT('',(-2.700003506574E0,3.279999614343E1,8.699998076434E0));
#6403=CARTESIAN_POINT('',(7.331668816331E0,3.279999613430E1,8.699997230870E0));
#6404=VERTEX_POINT('',#6402);
#6405=VERTEX_POINT('',#6403);
#6406=CARTESIAN_POINT('',(-2.300014804490E0,3.28E1,7.9E0));
#6407=VERTEX_POINT('',#6406);
#6408=CARTESIAN_POINT('',(-2.300004934830E0,3.28E1,-7.899999957137E0));
#6409=VERTEX_POINT('',#6408);
#6410=CARTESIAN_POINT('',(-2.700008882694E0,3.28E1,-8.699988156408E0));
#6411=VERTEX_POINT('',#6410);
#6412=CARTESIAN_POINT('',(7.331668816322E0,3.279999613430E1,-8.699997230870E0));
#6413=VERTEX_POINT('',#6412);
#6414=CARTESIAN_POINT('',(3.500010748908E0,3.28E1,0.E0));
#6415=CARTESIAN_POINT('',(1.649998925109E1,3.28E1,0.E0));
#6416=VERTEX_POINT('',#6414);
#6417=VERTEX_POINT('',#6415);
#6418=CARTESIAN_POINT('',(-1.509999879744E1,3.279999995165E1,
-3.778887692730E0));
#6419=CARTESIAN_POINT('',(-1.509999879744E1,3.279999995155E1,3.778887692731E0));
#6420=VERTEX_POINT('',#6418);
#6421=VERTEX_POINT('',#6419);
#6422=CARTESIAN_POINT('',(3.500010659946E0,3.420000015075E1,
-3.856900383572E-7));
#6423=CARTESIAN_POINT('',(1.649998934005E1,3.420000015073E1,
-3.856914682692E-7));
#6424=VERTEX_POINT('',#6422);
#6425=VERTEX_POINT('',#6423);
#6426=CARTESIAN_POINT('',(1.629999797752E1,3.439999995392E1,0.E0));
#6427=CARTESIAN_POINT('',(3.700002022477E0,3.439999995393E1,0.E0));
#6428=VERTEX_POINT('',#6426);
#6429=VERTEX_POINT('',#6427);
#6430=CARTESIAN_POINT('',(4.999999999999E0,3.44E1,0.E0));
#6431=CARTESIAN_POINT('',(1.5E1,3.44E1,0.E0));
#6432=VERTEX_POINT('',#6430);
#6433=VERTEX_POINT('',#6431);
#6434=CARTESIAN_POINT('',(1.5E1,3.49E1,-7.978247692127E-13));
#6435=VERTEX_POINT('',#6434);
#6436=CARTESIAN_POINT('',(4.999999999999E0,3.49E1,0.E0));
#6437=VERTEX_POINT('',#6436);
#6438=CARTESIAN_POINT('',(-2.300015647325E0,3.290000043926E1,7.899999871411E0));
#6439=VERTEX_POINT('',#6438);
#6440=CARTESIAN_POINT('',(-3.3E0,3.309998843028E1,8.700004845127E0));
#6441=VERTEX_POINT('',#6440);
#6442=CARTESIAN_POINT('',(-2.500000201737E0,3.309999913370E1,7.9E0));
#6443=VERTEX_POINT('',#6442);
#6444=CARTESIAN_POINT('',(-1.410000015747E1,3.309999913329E1,8.700004846154E0));
#6445=VERTEX_POINT('',#6444);
#6446=CARTESIAN_POINT('',(-1.509998519551E1,3.29E1,7.899999871411E0));
#6447=VERTEX_POINT('',#6446);
#6448=CARTESIAN_POINT('',(-1.490000484513E1,3.309998843028E1,7.9E0));
#6449=VERTEX_POINT('',#6448);
#6450=CARTESIAN_POINT('',(-1.509999488506E1,3.260000005277E1,4.079210952231E0));
#6451=VERTEX_POINT('',#6450);
#6452=VERTEX_POINT('',#3433);
#6453=CARTESIAN_POINT('',(-1.509998959938E1,3.290000242264E1,
-7.900000015715E0));
#6454=VERTEX_POINT('',#6453);
#6455=CARTESIAN_POINT('',(-1.409999987141E1,3.290000146699E1,
-8.899984771769E0));
#6456=VERTEX_POINT('',#6455);
#6457=CARTESIAN_POINT('',(-1.41E1,3.309998843028E1,-8.700004845127E0));
#6458=VERTEX_POINT('',#6457);
#6459=CARTESIAN_POINT('',(-1.489999979824E1,3.309999955286E1,-7.9E0));
#6460=VERTEX_POINT('',#6459);
#6461=CARTESIAN_POINT('',(-3.299999984268E0,3.290000242266E1,
-8.899989494605E0));
#6462=VERTEX_POINT('',#6461);
#6463=CARTESIAN_POINT('',(-3.299999842535E0,3.309999913328E1,
-8.700004846154E0));
#6464=VERTEX_POINT('',#6463);
#6465=CARTESIAN_POINT('',(-3.300000042862E0,3.260000161504E1,
-8.899991208598E0));
#6466=VERTEX_POINT('',#6465);
#6467=CARTESIAN_POINT('',(-2.300010505382E0,3.290000132110E1,
-7.900000015714E0));
#6468=VERTEX_POINT('',#6467);
#6469=CARTESIAN_POINT('',(-2.500002741598E0,3.309999585483E1,
-7.900000053905E0));
#6470=VERTEX_POINT('',#6469);
#6471=CARTESIAN_POINT('',(-1.41E1,3.31E1,7.9E0));
#6472=CARTESIAN_POINT('',(-1.41E1,3.31E1,-7.9E0));
#6473=VERTEX_POINT('',#6471);
#6474=VERTEX_POINT('',#6472);
#6475=CARTESIAN_POINT('',(-3.3E0,3.31E1,7.9E0));
#6476=VERTEX_POINT('',#6475);
#6477=CARTESIAN_POINT('',(-3.3E0,3.31E1,-7.9E0));
#6478=VERTEX_POINT('',#6477);
#6479=CARTESIAN_POINT('',(-1.41E1,3.26E1,7.9E0));
#6480=VERTEX_POINT('',#6479);
#6481=CARTESIAN_POINT('',(-1.41E1,3.26E1,-7.9E0));
#6482=VERTEX_POINT('',#6481);
#6483=CARTESIAN_POINT('',(-3.3E0,3.26E1,-7.9E0));
#6484=VERTEX_POINT('',#6483);
#6485=CARTESIAN_POINT('',(-3.3E0,3.26E1,7.9E0));
#6486=VERTEX_POINT('',#6485);
#6487=CARTESIAN_POINT('',(-1.880000020016E1,2.980000484507E1,
-9.299984771742E0));
#6488=VERTEX_POINT('',#6487);
#6489=CARTESIAN_POINT('',(-1.979998477174E1,2.980000484507E1,
-8.300000201955E0));
#6490=VERTEX_POINT('',#6489);
#6491=CARTESIAN_POINT('',(-1.979998477174E1,2.980000484507E1,8.300000200167E0));
#6492=VERTEX_POINT('',#6491);
#6493=CARTESIAN_POINT('',(1.880000001830E1,2.980000157803E1,-9.299989599391E0));
#6494=VERTEX_POINT('',#6493);
#6495=CARTESIAN_POINT('',(-2.660000094933E1,2.509999533471E1,
4.862400128630E-1));
#6496=CARTESIAN_POINT('',(-2.660000161504E1,2.509999228686E1,3.650001615043E0));
#6497=VERTEX_POINT('',#6495);
#6498=VERTEX_POINT('',#6496);
#6499=CARTESIAN_POINT('',(-2.617483466408E1,2.509999606291E1,3.650005814967E0));
#6500=VERTEX_POINT('',#6499);
#6501=CARTESIAN_POINT('',(-2.617482070290E1,2.509999975826E1,6.549984534852E0));
#6502=VERTEX_POINT('',#6501);
#6503=CARTESIAN_POINT('',(-2.660000161504E1,2.509999228686E1,6.549998384957E0));
#6504=VERTEX_POINT('',#6503);
#6505=CARTESIAN_POINT('',(-2.660000049941E1,2.509999614342E1,7.999999972162E0));
#6506=VERTEX_POINT('',#6505);
#6507=CARTESIAN_POINT('',(-2.53E1,2.509999999999E1,9.300002634935E0));
#6508=VERTEX_POINT('',#6507);
#6509=CARTESIAN_POINT('',(-2.648530760116E1,2.510000124692E1,
4.999961434286E-1));
#6510=VERTEX_POINT('',#6509);
#6511=CARTESIAN_POINT('',(-2.648530760116E1,2.510000124692E1,
-4.999961434279E-1));
#6512=VERTEX_POINT('',#6511);
#6513=CARTESIAN_POINT('',(-2.529999997216E1,2.509999614342E1,
-9.300000499411E0));
#6514=VERTEX_POINT('',#6513);
#6515=CARTESIAN_POINT('',(-2.660000263494E1,2.509999999997E1,-8.E0));
#6516=VERTEX_POINT('',#6515);
#6517=CARTESIAN_POINT('',(-2.660000161504E1,2.509999228686E1,
-6.549998384957E0));
#6518=VERTEX_POINT('',#6517);
#6519=CARTESIAN_POINT('',(-2.587483466408E1,2.509999610181E1,
-6.549994185034E0));
#6520=VERTEX_POINT('',#6519);
#6521=CARTESIAN_POINT('',(-2.587482070291E1,2.509999987500E1,
-3.650015465142E0));
#6522=VERTEX_POINT('',#6521);
#6523=CARTESIAN_POINT('',(-2.660000161504E1,2.509999228686E1,
-3.650001615043E0));
#6524=VERTEX_POINT('',#6523);
#6525=CARTESIAN_POINT('',(-2.660000094933E1,2.509999533471E1,
-4.862400128625E-1));
#6526=VERTEX_POINT('',#6525);
#6527=VERTEX_POINT('',#1945);
#6528=CARTESIAN_POINT('',(-2.679999603625E1,2.490000161504E1,
2.999999757629E-1));
#6529=VERTEX_POINT('',#6528);
#6530=VERTEX_POINT('',#1956);
#6531=VERTEX_POINT('',#1963);
#6532=CARTESIAN_POINT('',(-2.607082462267E1,2.490000124187E1,3.849999192228E0));
#6533=VERTEX_POINT('',#6532);
#6534=CARTESIAN_POINT('',(-2.607082629081E1,2.26E1,3.850001181818E0));
#6535=VERTEX_POINT('',#6534);
#6536=CARTESIAN_POINT('',(-2.68E1,2.26E1,3.85E0));
#6537=VERTEX_POINT('',#6536);
#6538=CARTESIAN_POINT('',(-2.607081961824E1,2.490000012230E1,6.349995206821E0));
#6539=VERTEX_POINT('',#6538);
#6540=CARTESIAN_POINT('',(-2.607082207251E1,2.26E1,6.349995576241E0));
#6541=VERTEX_POINT('',#6540);
#6542=VERTEX_POINT('',#2020);
#6543=CARTESIAN_POINT('',(-2.679999999994E1,2.490000484541E1,7.999999901576E0));
#6544=VERTEX_POINT('',#6543);
#6545=CARTESIAN_POINT('',(-2.529999987250E1,2.49E1,9.499999999998E0));
#6546=VERTEX_POINT('',#6545);
#6547=CARTESIAN_POINT('',(-2.529999995750E1,2.26E1,9.499999999999E0));
#6548=VERTEX_POINT('',#6547);
#6549=CARTESIAN_POINT('',(-2.68E1,2.26E1,8.E0));
#6550=VERTEX_POINT('',#6549);
#6551=CARTESIAN_POINT('',(-2.68E1,2.26E1,6.35E0));
#6552=VERTEX_POINT('',#6551);
#6553=CARTESIAN_POINT('',(-2.68E1,2.26E1,-3.85E0));
#6554=VERTEX_POINT('',#6553);
#6555=CARTESIAN_POINT('',(-2.577082629081E1,2.26E1,-3.850001181818E0));
#6556=VERTEX_POINT('',#6555);
#6557=CARTESIAN_POINT('',(-2.577082207251E1,2.26E1,-6.349995576241E0));
#6558=VERTEX_POINT('',#6557);
#6559=CARTESIAN_POINT('',(-2.68E1,2.26E1,-6.35E0));
#6560=VERTEX_POINT('',#6559);
#6561=CARTESIAN_POINT('',(-2.68E1,2.26E1,-7.999999957500E0));
#6562=VERTEX_POINT('',#6561);
#6563=CARTESIAN_POINT('',(-2.53E1,2.26E1,-9.499999999998E0));
#6564=VERTEX_POINT('',#6563);
#6565=CARTESIAN_POINT('',(-2.529999994307E1,2.490000121129E1,
-9.499997107571E0));
#6566=VERTEX_POINT('',#6565);
#6567=CARTESIAN_POINT('',(-2.68E1,2.49E1,-7.999999872500E0));
#6568=VERTEX_POINT('',#6567);
#6569=CARTESIAN_POINT('',(-2.679999991954E1,2.500559033702E1,
2.999979670541E-1));
#6570=VERTEX_POINT('',#6569);
#6571=CARTESIAN_POINT('',(-2.679999991956E1,2.500559064881E1,
-3.000008451667E-1));
#6572=VERTEX_POINT('',#6571);
#6573=CARTESIAN_POINT('',(-2.679999603625E1,2.490000161504E1,
-2.999999757629E-1));
#6574=VERTEX_POINT('',#6573);
#6575=CARTESIAN_POINT('',(-2.679999710757E1,2.490000242256E1,
-3.849997107571E0));
#6576=VERTEX_POINT('',#6575);
#6577=CARTESIAN_POINT('',(-2.679999710757E1,2.490000242256E1,
-6.350002892429E0));
#6578=VERTEX_POINT('',#6577);
#6579=CARTESIAN_POINT('',(-2.577082459843E1,2.490000242258E1,
-3.849999208431E0));
#6580=VERTEX_POINT('',#6579);
#6581=VERTEX_POINT('',#2294);
#6582=VERTEX_POINT('',#2301);
#6583=CARTESIAN_POINT('',(-2.503314029567E1,2.655441149900E1,
-2.999999183691E-1));
#6584=CARTESIAN_POINT('',(-2.672710766407E1,2.515999860801E1,
-3.000020746264E-1));
#6585=VERTEX_POINT('',#6583);
#6586=VERTEX_POINT('',#6584);
#6587=CARTESIAN_POINT('',(-2.490603499221E1,2.640000309637E1,
-4.999942151320E-1));
#6588=VERTEX_POINT('',#6587);
#6589=CARTESIAN_POINT('',(-2.672710613508E1,2.515999986650E1,
3.000049630980E-1));
#6590=VERTEX_POINT('',#6589);
#6591=CARTESIAN_POINT('',(-2.503314151828E1,2.655441351340E1,
3.000023640506E-1));
#6592=VERTEX_POINT('',#6591);
#6593=VERTEX_POINT('',#2179);
#6594=CARTESIAN_POINT('',(-2.490603517510E1,2.659999925402E1,
3.000023640506E-1));
#6595=VERTEX_POINT('',#6594);
#6596=CARTESIAN_POINT('',(-2.490603578400E1,2.640000329924E1,
4.999965474076E-1));
#6597=VERTEX_POINT('',#6596);
#6598=CARTESIAN_POINT('',(-2.577082148567E1,2.49E1,-6.349996454548E0));
#6599=VERTEX_POINT('',#6598);
#6600=CARTESIAN_POINT('',(8.927215466276E0,3.49E1,-2.672738921813E0));
#6601=CARTESIAN_POINT('',(8.868661402593E0,3.49E1,-2.648485034502E0));
#6602=VERTEX_POINT('',#6600);
#6603=VERTEX_POINT('',#6601);
#6604=CARTESIAN_POINT('',(8.272013977291E0,3.49E1,-2.304010482887E0));
#6605=CARTESIAN_POINT('',(8.221732462887E0,3.49E1,-2.265428119888E0));
#6606=VERTEX_POINT('',#6604);
#6607=VERTEX_POINT('',#6605);
#6608=CARTESIAN_POINT('',(7.734571880120E0,3.49E1,-1.778267537114E0));
#6609=CARTESIAN_POINT('',(7.695989517114E0,3.49E1,-1.727986022701E0));
#6610=VERTEX_POINT('',#6608);
#6611=VERTEX_POINT('',#6609);
#6612=CARTESIAN_POINT('',(7.351514965520E0,3.49E1,-1.131338597416E0));
#6613=CARTESIAN_POINT('',(7.327261078197E0,3.49E1,-1.072784533700E0));
#6614=VERTEX_POINT('',#6612);
#6615=VERTEX_POINT('',#6613);
#6616=CARTESIAN_POINT('',(7.148947929188E0,3.49E1,-4.073108019330E-1));
#6617=CARTESIAN_POINT('',(7.140675379892E0,3.49E1,-3.444745515909E-1));
#6618=VERTEX_POINT('',#6616);
#6619=VERTEX_POINT('',#6617);
#6620=CARTESIAN_POINT('',(7.140675379893E0,3.49E1,3.444745515899E-1));
#6621=CARTESIAN_POINT('',(7.148947929190E0,3.49E1,4.073108019340E-1));
#6622=VERTEX_POINT('',#6620);
#6623=VERTEX_POINT('',#6621);
#6624=CARTESIAN_POINT('',(7.327261078199E0,3.49E1,1.072784533694E0));
#6625=CARTESIAN_POINT('',(7.351514965526E0,3.49E1,1.131338597419E0));
#6626=VERTEX_POINT('',#6624);
#6627=VERTEX_POINT('',#6625);
#6628=CARTESIAN_POINT('',(7.695989517115E0,3.49E1,1.727986022690E0));
#6629=CARTESIAN_POINT('',(7.734571880131E0,3.49E1,1.778267537116E0));
#6630=VERTEX_POINT('',#6628);
#6631=VERTEX_POINT('',#6629);
#6632=CARTESIAN_POINT('',(8.221732462885E0,3.49E1,2.265428119875E0));
#6633=CARTESIAN_POINT('',(8.272013977304E0,3.49E1,2.304010482885E0));
#6634=VERTEX_POINT('',#6632);
#6635=VERTEX_POINT('',#6633);
#6636=CARTESIAN_POINT('',(8.868661402587E0,3.49E1,2.648485034488E0));
#6637=CARTESIAN_POINT('',(8.927215466292E0,3.49E1,2.672738921807E0));
#6638=VERTEX_POINT('',#6636);
#6639=VERTEX_POINT('',#6637);
#6640=CARTESIAN_POINT('',(9.592689198080E0,3.49E1,2.851052070829E0));
#6641=CARTESIAN_POINT('',(9.655525448394E0,3.49E1,2.859324620122E0));
#6642=VERTEX_POINT('',#6640);
#6643=VERTEX_POINT('',#6641);
#6644=CARTESIAN_POINT('',(1.034447455162E1,3.49E1,2.859324620127E0));
#6645=CARTESIAN_POINT('',(1.040731080191E1,3.49E1,2.851052070837E0));
#6646=VERTEX_POINT('',#6644);
#6647=VERTEX_POINT('',#6645);
#6648=CARTESIAN_POINT('',(1.107278453373E1,3.49E1,2.672738921818E0));
#6649=CARTESIAN_POINT('',(1.113133859740E1,3.49E1,2.648485034514E0));
#6650=VERTEX_POINT('',#6648);
#6651=VERTEX_POINT('',#6649);
#6652=CARTESIAN_POINT('',(1.172798602274E1,3.49E1,2.304010482891E0));
#6653=CARTESIAN_POINT('',(1.177826753711E1,3.49E1,2.265428119915E0));
#6654=VERTEX_POINT('',#6652);
#6655=VERTEX_POINT('',#6653);
#6656=CARTESIAN_POINT('',(1.226542811993E1,3.49E1,1.778267537107E0));
#6657=CARTESIAN_POINT('',(1.230401048289E1,3.49E1,1.727986022753E0));
#6658=VERTEX_POINT('',#6656);
#6659=VERTEX_POINT('',#6657);
#6660=CARTESIAN_POINT('',(1.264848503454E1,3.49E1,1.131338597392E0));
#6661=CARTESIAN_POINT('',(1.267273892183E1,3.49E1,1.072784533757E0));
#6662=VERTEX_POINT('',#6660);
#6663=VERTEX_POINT('',#6661);
#6664=CARTESIAN_POINT('',(1.285105207087E1,3.49E1,4.073108018921E-1));
#6665=CARTESIAN_POINT('',(1.285932462015E1,3.49E1,3.444745516492E-1));
#6666=VERTEX_POINT('',#6664);
#6667=VERTEX_POINT('',#6665);
#6668=CARTESIAN_POINT('',(1.285932462015E1,3.49E1,-3.444745516481E-1));
#6669=CARTESIAN_POINT('',(1.285105207087E1,3.49E1,-4.073108018858E-1));
#6670=VERTEX_POINT('',#6668);
#6671=VERTEX_POINT('',#6669);
#6672=CARTESIAN_POINT('',(1.267273892183E1,3.49E1,-1.072784533758E0));
#6673=CARTESIAN_POINT('',(1.264848503454E1,3.49E1,-1.131338597392E0));
#6674=VERTEX_POINT('',#6672);
#6675=VERTEX_POINT('',#6673);
#6676=CARTESIAN_POINT('',(1.230401048290E1,3.49E1,-1.727986022754E0));
#6677=CARTESIAN_POINT('',(1.226542811994E1,3.49E1,-1.778267537107E0));
#6678=VERTEX_POINT('',#6676);
#6679=VERTEX_POINT('',#6677);
#6680=CARTESIAN_POINT('',(1.177826753710E1,3.49E1,-2.265428119936E0));
#6681=CARTESIAN_POINT('',(1.172798602275E1,3.49E1,-2.304010482893E0));
#6682=VERTEX_POINT('',#6680);
#6683=VERTEX_POINT('',#6681);
#6684=CARTESIAN_POINT('',(1.113133859739E1,3.49E1,-2.648485034531E0));
#6685=CARTESIAN_POINT('',(1.107278453375E1,3.49E1,-2.672738921823E0));
#6686=VERTEX_POINT('',#6684);
#6687=VERTEX_POINT('',#6685);
#6688=CARTESIAN_POINT('',(9.655525448377E0,3.49E1,-2.859324620132E0));
#6689=CARTESIAN_POINT('',(9.592689198091E0,3.49E1,-2.851052070842E0));
#6690=VERTEX_POINT('',#6688);
#6691=VERTEX_POINT('',#6689);
#6692=CARTESIAN_POINT('',(1.040731080190E1,3.49E1,-2.851052070851E0));
#6693=CARTESIAN_POINT('',(1.034447455163E1,3.49E1,-2.859324620138E0));
#6694=VERTEX_POINT('',#6692);
#6695=VERTEX_POINT('',#6693);
#6696=CARTESIAN_POINT('',(8.702500000001E0,3.49E1,-2.247335922821E0));
#6697=VERTEX_POINT('',#6696);
#6698=CARTESIAN_POINT('',(1.114999520979E1,3.49E1,-1.688415134505E-11));
#6699=CARTESIAN_POINT('',(8.850004790203E0,3.49E1,-2.241895097657E-12));
#6700=VERTEX_POINT('',#6698);
#6701=VERTEX_POINT('',#6699);
#6702=CARTESIAN_POINT('',(9.999999999999E0,3.49E1,-2.595E0));
#6703=VERTEX_POINT('',#6702);
#6704=CARTESIAN_POINT('',(9.328364577959E0,3.49E1,-2.506577519220E0));
#6705=VERTEX_POINT('',#6704);
#6706=CARTESIAN_POINT('',(8.165057902821E0,3.49E1,-1.834942097179E0));
#6707=VERTEX_POINT('',#6706);
#6708=CARTESIAN_POINT('',(7.752664077179E0,3.49E1,-1.2975E0));
#6709=VERTEX_POINT('',#6708);
#6710=CARTESIAN_POINT('',(7.493422480780E0,3.49E1,-6.716354220411E-1));
#6711=VERTEX_POINT('',#6710);
#6712=CARTESIAN_POINT('',(7.405E0,3.49E1,3.722253986519E-13));
#6713=VERTEX_POINT('',#6712);
#6714=CARTESIAN_POINT('',(7.493422480780E0,3.49E1,6.716354220409E-1));
#6715=VERTEX_POINT('',#6714);
#6716=CARTESIAN_POINT('',(7.752664077179E0,3.49E1,1.297499999999E0));
#6717=VERTEX_POINT('',#6716);
#6718=CARTESIAN_POINT('',(8.165057902821E0,3.49E1,1.834942097179E0));
#6719=VERTEX_POINT('',#6718);
#6720=CARTESIAN_POINT('',(8.7025E0,3.49E1,2.247335922821E0));
#6721=VERTEX_POINT('',#6720);
#6722=CARTESIAN_POINT('',(9.328364577959E0,3.49E1,2.506577519220E0));
#6723=VERTEX_POINT('',#6722);
#6724=CARTESIAN_POINT('',(1.E1,3.49E1,2.595000000001E0));
#6725=VERTEX_POINT('',#6724);
#6726=CARTESIAN_POINT('',(1.067163542204E1,3.49E1,2.506577519221E0));
#6727=VERTEX_POINT('',#6726);
#6728=CARTESIAN_POINT('',(1.12975E1,3.49E1,2.247335922820E0));
#6729=VERTEX_POINT('',#6728);
#6730=CARTESIAN_POINT('',(1.183494209718E1,3.49E1,1.834942097178E0));
#6731=VERTEX_POINT('',#6730);
#6732=CARTESIAN_POINT('',(1.224733592282E1,3.49E1,1.2975E0));
#6733=VERTEX_POINT('',#6732);
#6734=CARTESIAN_POINT('',(1.250657751922E1,3.49E1,6.716354220422E-1));
#6735=VERTEX_POINT('',#6734);
#6736=CARTESIAN_POINT('',(1.2595E1,3.49E1,1.581656102386E-12));
#6737=VERTEX_POINT('',#6736);
#6738=CARTESIAN_POINT('',(1.250657751922E1,3.49E1,-6.716354220369E-1));
#6739=VERTEX_POINT('',#6738);
#6740=CARTESIAN_POINT('',(1.224733592282E1,3.49E1,-1.297499999999E0));
#6741=VERTEX_POINT('',#6740);
#6742=CARTESIAN_POINT('',(1.183494209717E1,3.49E1,-1.834942097180E0));
#6743=VERTEX_POINT('',#6742);
#6744=CARTESIAN_POINT('',(1.12975E1,3.49E1,-2.247335922820E0));
#6745=VERTEX_POINT('',#6744);
#6746=CARTESIAN_POINT('',(1.067163542204E1,3.49E1,-2.506577519219E0));
#6747=VERTEX_POINT('',#6746);
#6748=CARTESIAN_POINT('',(2.03E1,1.399998196974E0,2.699986285808E0));
#6749=CARTESIAN_POINT('',(2.03E1,3.999862858075E-1,3.699998196974E0));
#6750=VERTEX_POINT('',#6748);
#6751=VERTEX_POINT('',#6749);
#6752=CARTESIAN_POINT('',(2.03E1,3.999954220643E-1,-3.499999399023E0));
#6753=CARTESIAN_POINT('',(2.03E1,-1.999993152431E0,-3.499999399023E0));
#6754=VERTEX_POINT('',#6752);
#6755=VERTEX_POINT('',#6753);
#6756=CARTESIAN_POINT('',(2.03E1,1.399998196974E0,-2.499986285807E0));
#6757=VERTEX_POINT('',#6756);
#6758=CARTESIAN_POINT('',(2.03E1,-1.999993152432E0,3.699999399023E0));
#6759=VERTEX_POINT('',#6758);
#6760=CARTESIAN_POINT('',(2.03E1,-2.499999999996E0,3.566023321941E0));
#6761=VERTEX_POINT('',#6760);
#6762=CARTESIAN_POINT('',(2.03E1,-2.499999999996E0,-3.366023321941E0));
#6763=VERTEX_POINT('',#6762);
#6764=CARTESIAN_POINT('',(1.87E1,-1.5E0,-1.3E0));
#6765=CARTESIAN_POINT('',(1.87E1,-1.5E0,1.5E0));
#6766=VERTEX_POINT('',#6764);
#6767=VERTEX_POINT('',#6765);
#6768=CARTESIAN_POINT('',(1.87E1,-9.999999999996E-2,-1.3E0));
#6769=VERTEX_POINT('',#6768);
#6770=CARTESIAN_POINT('',(1.87E1,-9.999999999999E-2,1.5E0));
#6771=VERTEX_POINT('',#6770);
#6772=CARTESIAN_POINT('',(1.945E1,-2.E0,7.499999999989E0));
#6773=CARTESIAN_POINT('',(1.605E1,-2.E0,7.500000000011E0));
#6774=VERTEX_POINT('',#6772);
#6775=VERTEX_POINT('',#6773);
#6776=CARTESIAN_POINT('',(1.945E1,-2.E0,-7.500000000011E0));
#6777=CARTESIAN_POINT('',(1.605E1,-2.E0,-7.499999999989E0));
#6778=VERTEX_POINT('',#6776);
#6779=VERTEX_POINT('',#6777);
#6780=CARTESIAN_POINT('',(-1.605E1,-2.E0,-7.500000000011E0));
#6781=CARTESIAN_POINT('',(-1.945E1,-2.E0,-7.499999999989E0));
#6782=VERTEX_POINT('',#6780);
#6783=VERTEX_POINT('',#6781);
#6784=CARTESIAN_POINT('',(-1.605E1,-2.E0,7.499999999989E0));
#6785=CARTESIAN_POINT('',(-1.945E1,-2.E0,7.500000000011E0));
#6786=VERTEX_POINT('',#6784);
#6787=VERTEX_POINT('',#6785);
#6788=CARTESIAN_POINT('',(1.87E1,-5.499999999998E-1,0.E0));
#6789=DIRECTION('',(1.E0,0.E0,0.E0));
#6790=DIRECTION('',(0.E0,0.E0,-1.E0));
#6791=AXIS2_PLACEMENT_3D('',#6788,#6789,#6790);
#6792=PLANE('',#6791);
#6794=ORIENTED_EDGE('',*,*,#6793,.T.);
#6796=ORIENTED_EDGE('',*,*,#6795,.T.);
#6798=ORIENTED_EDGE('',*,*,#6797,.T.);
#6800=ORIENTED_EDGE('',*,*,#6799,.T.);
#6801=EDGE_LOOP('',(#6794,#6796,#6798,#6800));
#6802=FACE_OUTER_BOUND('',#6801,.F.);
#6803=ADVANCED_FACE('',(#6802),#6792,.T.);
#6804=FILL_AREA_STYLE_COLOUR('',#60);
#6805=FILL_AREA_STYLE('',(#6804));
#6806=SURFACE_STYLE_FILL_AREA(#6805);
#6807=SURFACE_SIDE_STYLE('',(#6806));
#6808=SURFACE_STYLE_USAGE(.BOTH.,#6807);
#6809=PRESENTATION_STYLE_ASSIGNMENT((#6808));
#6810=STYLED_ITEM('',(#6809),#6803);
#6811=CARTESIAN_POINT('',(2.18E1,-1.5E0,1.E-1));
#6812=DIRECTION('',(0.E0,1.E0,0.E0));
#6813=DIRECTION('',(0.E0,0.E0,1.E0));
#6814=AXIS2_PLACEMENT_3D('',#6811,#6812,#6813);
#6815=PLANE('',#6814);
#6816=ORIENTED_EDGE('',*,*,#6793,.F.);
#6818=ORIENTED_EDGE('',*,*,#6817,.T.);
#6820=ORIENTED_EDGE('',*,*,#6819,.T.);
#6822=ORIENTED_EDGE('',*,*,#6821,.T.);
#6823=EDGE_LOOP('',(#6816,#6818,#6820,#6822));
#6824=FACE_OUTER_BOUND('',#6823,.F.);
#6825=ADVANCED_FACE('',(#6824),#6815,.T.);
#6826=FILL_AREA_STYLE_COLOUR('',#35);
#6827=FILL_AREA_STYLE('',(#6826));
#6828=SURFACE_STYLE_FILL_AREA(#6827);
#6829=SURFACE_SIDE_STYLE('',(#6828));
#6830=SURFACE_STYLE_USAGE(.BOTH.,#6829);
#6831=PRESENTATION_STYLE_ASSIGNMENT((#6830));
#6832=STYLED_ITEM('',(#6831),#6825);
#6833=CARTESIAN_POINT('',(2.18E1,-8.E-1,-1.3E0));
#6834=DIRECTION('',(-1.E0,0.E0,0.E0));
#6835=DIRECTION('',(0.E0,9.980267284282E-1,6.279051952995E-2));
#6836=AXIS2_PLACEMENT_3D('',#6833,#6834,#6835);
#6837=CYLINDRICAL_SURFACE('',#6836,7.E-1);
#6838=ORIENTED_EDGE('',*,*,#6799,.F.);
#6840=ORIENTED_EDGE('',*,*,#6839,.F.);
#6842=ORIENTED_EDGE('',*,*,#6841,.T.);
#6843=ORIENTED_EDGE('',*,*,#6817,.F.);
#6844=EDGE_LOOP('',(#6838,#6840,#6842,#6843));
#6845=FACE_OUTER_BOUND('',#6844,.F.);
#6846=ADVANCED_FACE('',(#6845),#6837,.F.);
#6847=FILL_AREA_STYLE_COLOUR('',#35);
#6848=FILL_AREA_STYLE('',(#6847));
#6849=SURFACE_STYLE_FILL_AREA(#6848);
#6850=SURFACE_SIDE_STYLE('',(#6849));
#6851=SURFACE_STYLE_USAGE(.BOTH.,#6850);
#6852=PRESENTATION_STYLE_ASSIGNMENT((#6851));
#6853=STYLED_ITEM('',(#6852),#6846);
#6854=CARTESIAN_POINT('',(2.18E1,-1.E-1,1.E-1));
#6855=DIRECTION('',(0.E0,1.E0,0.E0));
#6856=DIRECTION('',(0.E0,0.E0,-1.E0));
#6857=AXIS2_PLACEMENT_3D('',#6854,#6855,#6856);
#6858=PLANE('',#6857);
#6859=ORIENTED_EDGE('',*,*,#6797,.F.);
#6861=ORIENTED_EDGE('',*,*,#6860,.T.);
#6863=ORIENTED_EDGE('',*,*,#6862,.T.);
#6864=ORIENTED_EDGE('',*,*,#6839,.T.);
#6865=EDGE_LOOP('',(#6859,#6861,#6863,#6864));
#6866=FACE_OUTER_BOUND('',#6865,.F.);
#6867=ADVANCED_FACE('',(#6866),#6858,.F.);
#6868=FILL_AREA_STYLE_COLOUR('',#35);
#6869=FILL_AREA_STYLE('',(#6868));
#6870=SURFACE_STYLE_FILL_AREA(#6869);
#6871=SURFACE_SIDE_STYLE('',(#6870));
#6872=SURFACE_STYLE_USAGE(.BOTH.,#6871);
#6873=PRESENTATION_STYLE_ASSIGNMENT((#6872));
#6874=STYLED_ITEM('',(#6873),#6867);
#6875=CARTESIAN_POINT('',(2.18E1,-8.000000000001E-1,1.5E0));
#6876=DIRECTION('',(-1.E0,0.E0,0.E0));
#6877=DIRECTION('',(0.E0,-9.980267284282E-1,-6.279051952981E-2));
#6878=AXIS2_PLACEMENT_3D('',#6875,#6876,#6877);
#6879=CYLINDRICAL_SURFACE('',#6878,7.000000000001E-1);
#6880=ORIENTED_EDGE('',*,*,#6795,.F.);
#6881=ORIENTED_EDGE('',*,*,#6821,.F.);
#6883=ORIENTED_EDGE('',*,*,#6882,.T.);
#6884=ORIENTED_EDGE('',*,*,#6860,.F.);
#6885=EDGE_LOOP('',(#6880,#6881,#6883,#6884));
#6886=FACE_OUTER_BOUND('',#6885,.F.);
#6887=ADVANCED_FACE('',(#6886),#6879,.F.);
#6888=FILL_AREA_STYLE_COLOUR('',#35);
#6889=FILL_AREA_STYLE('',(#6888));
#6890=SURFACE_STYLE_FILL_AREA(#6889);
#6891=SURFACE_SIDE_STYLE('',(#6890));
#6892=SURFACE_STYLE_USAGE(.BOTH.,#6891);
#6893=PRESENTATION_STYLE_ASSIGNMENT((#6892));
#6894=STYLED_ITEM('',(#6893),#6887);
#6895=CARTESIAN_POINT('',(2.63E1,-8.000000000004E-1,1.000000000298E-1));
#6896=DIRECTION('',(1.E0,0.E0,0.E0));
#6897=DIRECTION('',(0.E0,0.E0,-1.E0));
#6898=AXIS2_PLACEMENT_3D('',#6895,#6896,#6897);
#6899=PLANE('',#6898);
#6901=ORIENTED_EDGE('',*,*,#6900,.F.);
#6903=ORIENTED_EDGE('',*,*,#6902,.F.);
#6905=ORIENTED_EDGE('',*,*,#6904,.F.);
#6907=ORIENTED_EDGE('',*,*,#6906,.F.);
#6908=EDGE_LOOP('',(#6901,#6903,#6905,#6907));
#6909=FACE_OUTER_BOUND('',#6908,.F.);
#6910=ORIENTED_EDGE('',*,*,#6819,.F.);
#6911=ORIENTED_EDGE('',*,*,#6841,.F.);
#6912=ORIENTED_EDGE('',*,*,#6862,.F.);
#6913=ORIENTED_EDGE('',*,*,#6882,.F.);
#6914=EDGE_LOOP('',(#6910,#6911,#6912,#6913));
#6915=FACE_BOUND('',#6914,.F.);
#6916=ADVANCED_FACE('',(#6909,#6915),#6899,.T.);
#6917=FILL_AREA_STYLE_COLOUR('',#35);
#6918=FILL_AREA_STYLE('',(#6917));
#6919=SURFACE_STYLE_FILL_AREA(#6918);
#6920=SURFACE_SIDE_STYLE('',(#6919));
#6921=SURFACE_STYLE_USAGE(.BOTH.,#6920);
#6922=PRESENTATION_STYLE_ASSIGNMENT((#6921));
#6923=STYLED_ITEM('',(#6922),#6916);
#6924=CARTESIAN_POINT('',(2.600000001065E1,-7.999998887583E-1,
1.600000201673E0));
#6925=DIRECTION('',(-9.999999999999E-1,1.227258829408E-7,3.018773729468E-7));
#6926=DIRECTION('',(1.131810707188E-7,9.995063489083E-1,-3.141748704269E-2));
#6927=AXIS2_PLACEMENT_3D('',#6924,#6925,#6926);
#6928=TOROIDAL_SURFACE('',#6927,8.314867254984E-1,2.999999069060E-1);
#6929=ORIENTED_EDGE('',*,*,#6900,.T.);
#6931=ORIENTED_EDGE('',*,*,#6930,.F.);
#6933=ORIENTED_EDGE('',*,*,#6932,.T.);
#6935=ORIENTED_EDGE('',*,*,#6934,.F.);
#6936=EDGE_LOOP('',(#6929,#6931,#6933,#6935));
#6937=FACE_OUTER_BOUND('',#6936,.F.);
#6938=ADVANCED_FACE('',(#6937),#6928,.T.);
#6939=FILL_AREA_STYLE_COLOUR('',#35);
#6940=FILL_AREA_STYLE('',(#6939));
#6941=SURFACE_STYLE_FILL_AREA(#6940);
#6942=SURFACE_SIDE_STYLE('',(#6941));
#6943=SURFACE_STYLE_USAGE(.BOTH.,#6942);
#6944=PRESENTATION_STYLE_ASSIGNMENT((#6943));
#6945=STYLED_ITEM('',(#6944),#6938);
#6946=CARTESIAN_POINT('',(2.600000000001E1,-1.631487162070E0,
9.999999989203E-2));
#6947=DIRECTION('',(0.E0,0.E0,-1.E0));
#6948=DIRECTION('',(9.987826470702E-1,4.932771950382E-2,0.E0));
#6949=AXIS2_PLACEMENT_3D('',#6946,#6947,#6948);
#6950=CYLINDRICAL_SURFACE('',#6949,2.999962587975E-1);
#6951=ORIENTED_EDGE('',*,*,#6906,.T.);
#6953=ORIENTED_EDGE('',*,*,#6952,.T.);
#6955=ORIENTED_EDGE('',*,*,#6954,.T.);
#6956=ORIENTED_EDGE('',*,*,#6930,.T.);
#6957=EDGE_LOOP('',(#6951,#6953,#6955,#6956));
#6958=FACE_OUTER_BOUND('',#6957,.F.);
#6959=ADVANCED_FACE('',(#6958),#6950,.T.);
#6960=FILL_AREA_STYLE_COLOUR('',#35);
#6961=FILL_AREA_STYLE('',(#6960));
#6962=SURFACE_STYLE_FILL_AREA(#6961);
#6963=SURFACE_SIDE_STYLE('',(#6962));
#6964=SURFACE_STYLE_USAGE(.BOTH.,#6963);
#6965=PRESENTATION_STYLE_ASSIGNMENT((#6964));
#6966=STYLED_ITEM('',(#6965),#6959);
#6967=CARTESIAN_POINT('',(2.600000001099E1,-7.999998965853E-1,
-1.400000199469E0));
#6968=DIRECTION('',(-9.999999999999E-1,1.235129231288E-7,-3.017315402972E-7));
#6969=DIRECTION('',(-1.329309345081E-7,-9.995064188842E-1,3.141526077066E-2));
#6970=AXIS2_PLACEMENT_3D('',#6967,#6968,#6969);
#6971=TOROIDAL_SURFACE('',#6970,8.314867296961E-1,2.999999067868E-1);
#6972=ORIENTED_EDGE('',*,*,#6904,.T.);
#6974=ORIENTED_EDGE('',*,*,#6973,.F.);
#6976=ORIENTED_EDGE('',*,*,#6975,.T.);
#6977=ORIENTED_EDGE('',*,*,#6952,.F.);
#6978=EDGE_LOOP('',(#6972,#6974,#6976,#6977));
#6979=FACE_OUTER_BOUND('',#6978,.F.);
#6980=ADVANCED_FACE('',(#6979),#6971,.T.);
#6981=FILL_AREA_STYLE_COLOUR('',#35);
#6982=FILL_AREA_STYLE('',(#6981));
#6983=SURFACE_STYLE_FILL_AREA(#6982);
#6984=SURFACE_SIDE_STYLE('',(#6983));
#6985=SURFACE_STYLE_USAGE(.BOTH.,#6984);
#6986=PRESENTATION_STYLE_ASSIGNMENT((#6985));
#6987=STYLED_ITEM('',(#6986),#6980);
#6988=CARTESIAN_POINT('',(2.600000000001E1,3.148716206956E-2,
1.000000001075E-1));
#6989=DIRECTION('',(0.E0,0.E0,1.E0));
#6990=DIRECTION('',(9.987826470703E-1,-4.932771950229E-2,0.E0));
#6991=AXIS2_PLACEMENT_3D('',#6988,#6989,#6990);
#6992=CYLINDRICAL_SURFACE('',#6991,2.999962587980E-1);
#6993=ORIENTED_EDGE('',*,*,#6902,.T.);
#6994=ORIENTED_EDGE('',*,*,#6934,.T.);
#6996=ORIENTED_EDGE('',*,*,#6995,.T.);
#6997=ORIENTED_EDGE('',*,*,#6973,.T.);
#6998=EDGE_LOOP('',(#6993,#6994,#6996,#6997));
#6999=FACE_OUTER_BOUND('',#6998,.F.);
#7000=ADVANCED_FACE('',(#6999),#6992,.T.);
#7001=FILL_AREA_STYLE_COLOUR('',#35);
#7002=FILL_AREA_STYLE('',(#7001));
#7003=SURFACE_STYLE_FILL_AREA(#7002);
#7004=SURFACE_SIDE_STYLE('',(#7003));
#7005=SURFACE_STYLE_USAGE(.BOTH.,#7004);
#7006=PRESENTATION_STYLE_ASSIGNMENT((#7005));
#7007=STYLED_ITEM('',(#7006),#7000);
#7008=CARTESIAN_POINT('',(2.391656472891E1,5.648261412320E-1,1.E-1));
#7009=DIRECTION('',(1.104315260748E-1,9.938837346736E-1,0.E0));
#7010=DIRECTION('',(-9.938837346736E-1,1.104315260748E-1,0.E0));
#7011=AXIS2_PLACEMENT_3D('',#7008,#7009,#7010);
#7012=PLANE('',#7011);
#7013=ORIENTED_EDGE('',*,*,#6995,.F.);
#7015=ORIENTED_EDGE('',*,*,#7014,.T.);
#7017=ORIENTED_EDGE('',*,*,#7016,.F.);
#7019=ORIENTED_EDGE('',*,*,#7018,.T.);
#7020=EDGE_LOOP('',(#7013,#7015,#7017,#7019));
#7021=FACE_OUTER_BOUND('',#7020,.F.);
#7022=ADVANCED_FACE('',(#7021),#7012,.T.);
#7023=FILL_AREA_STYLE_COLOUR('',#35);
#7024=FILL_AREA_STYLE('',(#7023));
#7025=SURFACE_STYLE_FILL_AREA(#7024);
#7026=SURFACE_SIDE_STYLE('',(#7025));
#7027=SURFACE_STYLE_USAGE(.BOTH.,#7026);
#7028=PRESENTATION_STYLE_ASSIGNMENT((#7027));
#7029=STYLED_ITEM('',(#7028),#7022);
#7030=CARTESIAN_POINT('',(2.391656495406E1,-8.000000000001E-1,
1.599999999999E0));
#7031=DIRECTION('',(-1.E0,0.E0,0.E0));
#7032=DIRECTION('',(0.E0,-9.980260706439E-1,-6.280097383852E-2));
#7033=AXIS2_PLACEMENT_3D('',#7030,#7031,#7032);
#7034=CONICAL_SURFACE('',#7033,1.364826116215E0,6.340191745909E0);
#7035=ORIENTED_EDGE('',*,*,#6932,.F.);
#7037=ORIENTED_EDGE('',*,*,#7036,.T.);
#7039=ORIENTED_EDGE('',*,*,#7038,.F.);
#7041=ORIENTED_EDGE('',*,*,#7040,.F.);
#7042=ORIENTED_EDGE('',*,*,#7014,.F.);
#7043=EDGE_LOOP('',(#7035,#7037,#7039,#7041,#7042));
#7044=FACE_OUTER_BOUND('',#7043,.F.);
#7045=ADVANCED_FACE('',(#7044),#7034,.T.);
#7046=FILL_AREA_STYLE_COLOUR('',#35);
#7047=FILL_AREA_STYLE('',(#7046));
#7048=SURFACE_STYLE_FILL_AREA(#7047);
#7049=SURFACE_SIDE_STYLE('',(#7048));
#7050=SURFACE_STYLE_USAGE(.BOTH.,#7049);
#7051=PRESENTATION_STYLE_ASSIGNMENT((#7050));
#7052=STYLED_ITEM('',(#7051),#7045);
#7053=CARTESIAN_POINT('',(2.391656472891E1,-2.164826141232E0,1.E-1));
#7054=DIRECTION('',(-1.104315260748E-1,9.938837346736E-1,0.E0));
#7055=DIRECTION('',(-9.938837346736E-1,-1.104315260748E-1,0.E0));
#7056=AXIS2_PLACEMENT_3D('',#7053,#7054,#7055);
#7057=PLANE('',#7056);
#7058=ORIENTED_EDGE('',*,*,#6954,.F.);
#7060=ORIENTED_EDGE('',*,*,#7059,.T.);
#7062=ORIENTED_EDGE('',*,*,#7061,.F.);
#7063=ORIENTED_EDGE('',*,*,#7036,.F.);
#7064=EDGE_LOOP('',(#7058,#7060,#7062,#7063));
#7065=FACE_OUTER_BOUND('',#7064,.F.);
#7066=ADVANCED_FACE('',(#7065),#7057,.F.);
#7067=FILL_AREA_STYLE_COLOUR('',#35);
#7068=FILL_AREA_STYLE('',(#7067));
#7069=SURFACE_STYLE_FILL_AREA(#7068);
#7070=SURFACE_SIDE_STYLE('',(#7069));
#7071=SURFACE_STYLE_USAGE(.BOTH.,#7070);
#7072=PRESENTATION_STYLE_ASSIGNMENT((#7071));
#7073=STYLED_ITEM('',(#7072),#7066);
#7074=CARTESIAN_POINT('',(2.391656495406E1,-8.000000000001E-1,-1.4E0));
#7075=DIRECTION('',(-1.E0,0.E0,0.E0));
#7076=DIRECTION('',(0.E0,9.980260691122E-1,-6.280099818114E-2));
#7077=AXIS2_PLACEMENT_3D('',#7074,#7075,#7076);
#7078=CONICAL_SURFACE('',#7077,1.364826116215E0,6.340191745909E0);
#7079=ORIENTED_EDGE('',*,*,#6975,.F.);
#7080=ORIENTED_EDGE('',*,*,#7018,.F.);
#7082=ORIENTED_EDGE('',*,*,#7081,.F.);
#7084=ORIENTED_EDGE('',*,*,#7083,.F.);
#7085=ORIENTED_EDGE('',*,*,#7059,.F.);
#7086=EDGE_LOOP('',(#7079,#7080,#7082,#7084,#7085));
#7087=FACE_OUTER_BOUND('',#7086,.F.);
#7088=ADVANCED_FACE('',(#7087),#7078,.T.);
#7089=FILL_AREA_STYLE_COLOUR('',#35);
#7090=FILL_AREA_STYLE('',(#7089));
#7091=SURFACE_STYLE_FILL_AREA(#7090);
#7092=SURFACE_SIDE_STYLE('',(#7091));
#7093=SURFACE_STYLE_USAGE(.BOTH.,#7092);
#7094=PRESENTATION_STYLE_ASSIGNMENT((#7093));
#7095=STYLED_ITEM('',(#7094),#7088);
#7096=CARTESIAN_POINT('',(2.18E1,4.996426074328E-2,1.E-1));
#7097=DIRECTION('',(1.E0,0.E0,0.E0));
#7098=DIRECTION('',(0.E0,0.E0,1.E0));
#7099=AXIS2_PLACEMENT_3D('',#7096,#7097,#7098);
#7100=PLANE('',#7099);
#7101=ORIENTED_EDGE('',*,*,#7040,.T.);
#7103=ORIENTED_EDGE('',*,*,#7102,.F.);
#7105=ORIENTED_EDGE('',*,*,#7104,.T.);
#7107=ORIENTED_EDGE('',*,*,#7106,.F.);
#7109=ORIENTED_EDGE('',*,*,#7108,.T.);
#7111=ORIENTED_EDGE('',*,*,#7110,.F.);
#7112=ORIENTED_EDGE('',*,*,#7081,.T.);
#7113=ORIENTED_EDGE('',*,*,#7016,.T.);
#7114=EDGE_LOOP('',(#7101,#7103,#7105,#7107,#7109,#7111,#7112,#7113));
#7115=FACE_OUTER_BOUND('',#7114,.F.);
#7116=ADVANCED_FACE('',(#7115),#7100,.T.);
#7117=FILL_AREA_STYLE_COLOUR('',#35);
#7118=FILL_AREA_STYLE('',(#7117));
#7119=SURFACE_STYLE_FILL_AREA(#7118);
#7120=SURFACE_SIDE_STYLE('',(#7119));
#7121=SURFACE_STYLE_USAGE(.BOTH.,#7120);
#7122=PRESENTATION_STYLE_ASSIGNMENT((#7121));
#7123=STYLED_ITEM('',(#7122),#7116);
#7124=CARTESIAN_POINT('',(2.13E1,-8.000000000002E-1,3.199999999999E0));
#7125=DIRECTION('',(0.E0,-1.E0,0.E0));
#7126=DIRECTION('',(9.995065603658E-1,0.E0,-3.141075907569E-2));
#7127=AXIS2_PLACEMENT_3D('',#7124,#7125,#7126);
#7128=CYLINDRICAL_SURFACE('',#7127,5.000000000012E-1);
#7129=ORIENTED_EDGE('',*,*,#7102,.T.);
#7131=ORIENTED_EDGE('',*,*,#7130,.T.);
#7133=ORIENTED_EDGE('',*,*,#7132,.F.);
#7135=ORIENTED_EDGE('',*,*,#7134,.T.);
#7137=ORIENTED_EDGE('',*,*,#7136,.F.);
#7138=EDGE_LOOP('',(#7129,#7131,#7133,#7135,#7137));
#7139=FACE_OUTER_BOUND('',#7138,.F.);
#7140=ADVANCED_FACE('',(#7139),#7128,.T.);
#7141=FILL_AREA_STYLE_COLOUR('',#35);
#7142=FILL_AREA_STYLE('',(#7141));
#7143=SURFACE_STYLE_FILL_AREA(#7142);
#7144=SURFACE_SIDE_STYLE('',(#7143));
#7145=SURFACE_STYLE_USAGE(.BOTH.,#7144);
#7146=PRESENTATION_STYLE_ASSIGNMENT((#7145));
#7147=STYLED_ITEM('',(#7146),#7140);
#7148=CARTESIAN_POINT('',(2.18E1,-1.65E0,1.E-1));
#7149=DIRECTION('',(1.E0,0.E0,0.E0));
#7150=DIRECTION('',(0.E0,0.E0,1.E0));
#7151=AXIS2_PLACEMENT_3D('',#7148,#7149,#7150);
#7152=PLANE('',#7151);
#7153=ORIENTED_EDGE('',*,*,#7130,.F.);
#7154=ORIENTED_EDGE('',*,*,#7038,.T.);
#7155=ORIENTED_EDGE('',*,*,#7061,.T.);
#7156=ORIENTED_EDGE('',*,*,#7083,.T.);
#7158=ORIENTED_EDGE('',*,*,#7157,.F.);
#7160=ORIENTED_EDGE('',*,*,#7159,.T.);
#7162=ORIENTED_EDGE('',*,*,#7161,.F.);
#7164=ORIENTED_EDGE('',*,*,#7163,.T.);
#7165=EDGE_LOOP('',(#7153,#7154,#7155,#7156,#7158,#7160,#7162,#7164));
#7166=FACE_OUTER_BOUND('',#7165,.F.);
#7167=ADVANCED_FACE('',(#7166),#7152,.T.);
#7168=FILL_AREA_STYLE_COLOUR('',#35);
#7169=FILL_AREA_STYLE('',(#7168));
#7170=SURFACE_STYLE_FILL_AREA(#7169);
#7171=SURFACE_SIDE_STYLE('',(#7170));
#7172=SURFACE_STYLE_USAGE(.BOTH.,#7171);
#7173=PRESENTATION_STYLE_ASSIGNMENT((#7172));
#7174=STYLED_ITEM('',(#7173),#7167);
#7175=CARTESIAN_POINT('',(2.13E1,-7.999999999998E-1,-2.999999999999E0));
#7176=DIRECTION('',(0.E0,1.E0,0.E0));
#7177=DIRECTION('',(9.995065603658E-1,0.E0,3.141075907569E-2));
#7178=AXIS2_PLACEMENT_3D('',#7175,#7176,#7177);
#7179=CYLINDRICAL_SURFACE('',#7178,5.000000000012E-1);
#7180=ORIENTED_EDGE('',*,*,#7157,.T.);
#7181=ORIENTED_EDGE('',*,*,#7110,.T.);
#7183=ORIENTED_EDGE('',*,*,#7182,.F.);
#7185=ORIENTED_EDGE('',*,*,#7184,.T.);
#7187=ORIENTED_EDGE('',*,*,#7186,.F.);
#7188=EDGE_LOOP('',(#7180,#7181,#7183,#7185,#7187));
#7189=FACE_OUTER_BOUND('',#7188,.F.);
#7190=ADVANCED_FACE('',(#7189),#7179,.T.);
#7191=FILL_AREA_STYLE_COLOUR('',#35);
#7192=FILL_AREA_STYLE('',(#7191));
#7193=SURFACE_STYLE_FILL_AREA(#7192);
#7194=SURFACE_SIDE_STYLE('',(#7193));
#7195=SURFACE_STYLE_USAGE(.BOTH.,#7194);
#7196=PRESENTATION_STYLE_ASSIGNMENT((#7195));
#7197=STYLED_ITEM('',(#7196),#7190);
#7198=CARTESIAN_POINT('',(2.121511098950E1,2.314532897324E-1,
-3.478326786418E0));
#7199=CARTESIAN_POINT('',(2.158892276663E1,2.205194230535E-1,
-3.541792247321E0));
#7200=CARTESIAN_POINT('',(2.185714140559E1,2.660574883275E-1,
-3.277467248105E0));
#7201=CARTESIAN_POINT('',(2.179274051138E1,3.295230248302E-1,
-2.909082517983E0));
#7202=CARTESIAN_POINT('',(2.121511098950E1,9.736494298810E-1,
-3.606192771007E0));
#7203=CARTESIAN_POINT('',(2.158892276663E1,1.010862890628E0,-3.677953081605E0));
#7204=CARTESIAN_POINT('',(2.185714140559E1,8.558738959399E-1,
-3.379081163358E0));
#7205=CARTESIAN_POINT('',(2.179274051138E1,6.398686783119E-1,
-2.962549048457E0));
#7206=CARTESIAN_POINT('',(2.121511098950E1,1.506192771043E0,-3.073649429812E0));
#7207=CARTESIAN_POINT('',(2.158892276663E1,1.577953081643E0,-3.110862890554E0));
#7208=CARTESIAN_POINT('',(2.185714140559E1,1.279081163387E0,-2.955873895885E0));
#7209=CARTESIAN_POINT('',(2.179274051138E1,8.625490484726E-1,
-2.739868678283E0));
#7210=CARTESIAN_POINT('',(2.121511098950E1,1.378326786407E0,-2.331453289672E0));
#7211=CARTESIAN_POINT('',(2.158892276663E1,1.441792247310E0,-2.320519422988E0));
#7212=CARTESIAN_POINT('',(2.185714140559E1,1.177467248097E0,-2.366057488278E0));
#7213=CARTESIAN_POINT('',(2.179274051137E1,8.090825179785E-1,
-2.429523024804E0));
#7214=(BOUNDED_SURFACE()B_SPLINE_SURFACE(3,3,((#7198,#7199,#7200,#7201),(#7202,
#7203,#7204,#7205),(#7206,#7207,#7208,#7209),(#7210,#7211,#7212,#7213)),
.UNSPECIFIED.,.F.,.F.,.F.)B_SPLINE_SURFACE_WITH_KNOTS((4,4),(4,4),(0.E0,1.E0),(
0.E0,1.E0),.UNSPECIFIED.)GEOMETRIC_REPRESENTATION_ITEM()RATIONAL_B_SPLINE_SURFACE(((1.608840473800E0,1.154920673732E0,1.154920673732E0,1.608840473800E0),(
1.154921022174E0,8.290704931646E-1,8.290704931646E-1,1.154921022174E0),(
1.154921022174E0,8.290704931646E-1,8.290704931646E-1,1.154921022174E0),(
1.608840473800E0,1.154920673732E0,1.154920673732E0,1.608840473800E0)))REPRESENTATION_ITEM('')SURFACE());
#7215=ORIENTED_EDGE('',*,*,#7108,.F.);
#7217=ORIENTED_EDGE('',*,*,#7216,.T.);
#7219=ORIENTED_EDGE('',*,*,#7218,.T.);
#7220=ORIENTED_EDGE('',*,*,#7182,.T.);
#7221=EDGE_LOOP('',(#7215,#7217,#7219,#7220));
#7222=FACE_OUTER_BOUND('',#7221,.F.);
#7223=ADVANCED_FACE('',(#7222),#7214,.T.);
#7224=FILL_AREA_STYLE_COLOUR('',#35);
#7225=FILL_AREA_STYLE('',(#7224));
#7226=SURFACE_STYLE_FILL_AREA(#7225);
#7227=SURFACE_SIDE_STYLE('',(#7226));
#7228=SURFACE_STYLE_USAGE(.BOTH.,#7227);
#7229=PRESENTATION_STYLE_ASSIGNMENT((#7228));
#7230=STYLED_ITEM('',(#7229),#7223);
#7231=CARTESIAN_POINT('',(2.13E1,8.999999999989E-1,1.000000000002E-1));
#7232=DIRECTION('',(0.E0,0.E0,1.E0));
#7233=DIRECTION('',(9.995065603658E-1,-3.141075907588E-2,0.E0));
#7234=AXIS2_PLACEMENT_3D('',#7231,#7232,#7233);
#7235=CYLINDRICAL_SURFACE('',#7234,5.000000000012E-1);
#7236=ORIENTED_EDGE('',*,*,#7106,.T.);
#7238=ORIENTED_EDGE('',*,*,#7237,.F.);
#7240=ORIENTED_EDGE('',*,*,#7239,.T.);
#7241=ORIENTED_EDGE('',*,*,#7216,.F.);
#7242=EDGE_LOOP('',(#7236,#7238,#7240,#7241));
#7243=FACE_OUTER_BOUND('',#7242,.F.);
#7244=ADVANCED_FACE('',(#7243),#7235,.T.);
#7245=FILL_AREA_STYLE_COLOUR('',#35);
#7246=FILL_AREA_STYLE('',(#7245));
#7247=SURFACE_STYLE_FILL_AREA(#7246);
#7248=SURFACE_SIDE_STYLE('',(#7247));
#7249=SURFACE_STYLE_USAGE(.BOTH.,#7248);
#7250=PRESENTATION_STYLE_ASSIGNMENT((#7249));
#7251=STYLED_ITEM('',(#7250),#7244);
#7252=CARTESIAN_POINT('',(2.121511098950E1,1.378326786417E0,2.531453289732E0));
#7253=CARTESIAN_POINT('',(2.158892276663E1,1.441792247321E0,2.520519423054E0));
#7254=CARTESIAN_POINT('',(2.185714140559E1,1.177467248105E0,2.566057488329E0));
#7255=CARTESIAN_POINT('',(2.179274051138E1,8.090825179823E-1,2.629523024831E0));
#7256=CARTESIAN_POINT('',(2.121511098950E1,1.506192771007E0,3.273649429881E0));
#7257=CARTESIAN_POINT('',(2.158892276663E1,1.577953081606E0,3.310862890629E0));
#7258=CARTESIAN_POINT('',(2.185714140559E1,1.279081163358E0,3.155873895941E0));
#7259=CARTESIAN_POINT('',(2.179274051137E1,8.625490484568E-1,2.939868678312E0));
#7260=CARTESIAN_POINT('',(2.121511098950E1,9.736494298113E-1,3.806192771043E0));
#7261=CARTESIAN_POINT('',(2.158892276662E1,1.010862890555E0,3.877953081644E0));
#7262=CARTESIAN_POINT('',(2.185714140559E1,8.558738958849E-1,3.579081163387E0));
#7263=CARTESIAN_POINT('',(2.179274051137E1,6.398686782826E-1,3.162549048472E0));
#7264=CARTESIAN_POINT('',(2.121511098950E1,2.314532896705E-1,3.678326786407E0));
#7265=CARTESIAN_POINT('',(2.158892276663E1,2.205194229880E-1,3.741792247310E0));
#7266=CARTESIAN_POINT('',(2.185714140559E1,2.660574882791E-1,3.477467248097E0));
#7267=CARTESIAN_POINT('',(2.179274051137E1,3.295230248051E-1,3.109082517978E0));
#7268=(BOUNDED_SURFACE()B_SPLINE_SURFACE(3,3,((#7252,#7253,#7254,#7255),(#7256,
#7257,#7258,#7259),(#7260,#7261,#7262,#7263),(#7264,#7265,#7266,#7267)),
.UNSPECIFIED.,.F.,.F.,.F.)B_SPLINE_SURFACE_WITH_KNOTS((4,4),(4,4),(0.E0,1.E0),(
0.E0,1.E0),.UNSPECIFIED.)GEOMETRIC_REPRESENTATION_ITEM()RATIONAL_B_SPLINE_SURFACE(((1.608840473801E0,1.154920673732E0,1.154920673732E0,1.608840473801E0),(
1.154921022174E0,8.290704931644E-1,8.290704931644E-1,1.154921022174E0),(
1.154921022174E0,8.290704931644E-1,8.290704931644E-1,1.154921022174E0),(
1.608840473801E0,1.154920673732E0,1.154920673732E0,1.608840473801E0)))REPRESENTATION_ITEM('')SURFACE());
#7269=ORIENTED_EDGE('',*,*,#7104,.F.);
#7270=ORIENTED_EDGE('',*,*,#7136,.T.);
#7272=ORIENTED_EDGE('',*,*,#7271,.T.);
#7273=ORIENTED_EDGE('',*,*,#7237,.T.);
#7274=EDGE_LOOP('',(#7269,#7270,#7272,#7273));
#7275=FACE_OUTER_BOUND('',#7274,.F.);
#7276=ADVANCED_FACE('',(#7275),#7268,.T.);
#7277=FILL_AREA_STYLE_COLOUR('',#35);
#7278=FILL_AREA_STYLE('',(#7277));
#7279=SURFACE_STYLE_FILL_AREA(#7278);
#7280=SURFACE_SIDE_STYLE('',(#7279));
#7281=SURFACE_STYLE_USAGE(.BOTH.,#7280);
#7282=PRESENTATION_STYLE_ASSIGNMENT((#7281));
#7283=STYLED_ITEM('',(#7282),#7276);
#7284=CARTESIAN_POINT('',(1.93E1,4.000000000009E-1,2.700000000001E0));
#7285=DIRECTION('',(1.E0,0.E0,0.E0));
#7286=DIRECTION('',(0.E0,9.995065603657E-1,-3.141075907888E-2));
#7287=AXIS2_PLACEMENT_3D('',#7284,#7285,#7286);
#7288=CYLINDRICAL_SURFACE('',#7287,9.999981970676E-1);
#7290=ORIENTED_EDGE('',*,*,#7289,.F.);
#7292=ORIENTED_EDGE('',*,*,#7291,.T.);
#7293=ORIENTED_EDGE('',*,*,#7271,.F.);
#7295=ORIENTED_EDGE('',*,*,#7294,.T.);
#7296=EDGE_LOOP('',(#7290,#7292,#7293,#7295));
#7297=FACE_OUTER_BOUND('',#7296,.F.);
#7298=ADVANCED_FACE('',(#7297),#7288,.T.);
#7299=FILL_AREA_STYLE_COLOUR('',#35);
#7300=FILL_AREA_STYLE('',(#7299));
#7301=SURFACE_STYLE_FILL_AREA(#7300);
#7302=SURFACE_SIDE_STYLE('',(#7301));
#7303=SURFACE_STYLE_USAGE(.BOTH.,#7302);
#7304=PRESENTATION_STYLE_ASSIGNMENT((#7303));
#7305=STYLED_ITEM('',(#7304),#7298);
#7306=CARTESIAN_POINT('',(2.03E1,1.02E1,0.E0));
#7307=DIRECTION('',(1.E0,0.E0,0.E0));
#7308=DIRECTION('',(0.E0,0.E0,-1.E0));
#7309=AXIS2_PLACEMENT_3D('',#7306,#7307,#7308);
#7310=PLANE('',#7309);
#7311=ORIENTED_EDGE('',*,*,#7289,.T.);
#7313=ORIENTED_EDGE('',*,*,#7312,.F.);
#7315=ORIENTED_EDGE('',*,*,#7314,.T.);
#7317=ORIENTED_EDGE('',*,*,#7316,.T.);
#7319=ORIENTED_EDGE('',*,*,#7318,.F.);
#7321=ORIENTED_EDGE('',*,*,#7320,.T.);
#7323=ORIENTED_EDGE('',*,*,#7322,.F.);
#7325=ORIENTED_EDGE('',*,*,#7324,.T.);
#7327=ORIENTED_EDGE('',*,*,#7326,.T.);
#7329=ORIENTED_EDGE('',*,*,#7328,.F.);
#7331=ORIENTED_EDGE('',*,*,#7330,.F.);
#7333=ORIENTED_EDGE('',*,*,#7332,.T.);
#7335=ORIENTED_EDGE('',*,*,#7334,.T.);
#7337=ORIENTED_EDGE('',*,*,#7336,.F.);
#7339=ORIENTED_EDGE('',*,*,#7338,.T.);
#7341=ORIENTED_EDGE('',*,*,#7340,.F.);
#7342=EDGE_LOOP('',(#7311,#7313,#7315,#7317,#7319,#7321,#7323,#7325,#7327,#7329,
#7331,#7333,#7335,#7337,#7339,#7341));
#7343=FACE_OUTER_BOUND('',#7342,.F.);
#7344=ADVANCED_FACE('',(#7343),#7310,.T.);
#7345=FILL_AREA_STYLE_COLOUR('',#60);
#7346=FILL_AREA_STYLE('',(#7345));
#7347=SURFACE_STYLE_FILL_AREA(#7346);
#7348=SURFACE_SIDE_STYLE('',(#7347));
#7349=SURFACE_STYLE_USAGE(.BOTH.,#7348);
#7350=PRESENTATION_STYLE_ASSIGNMENT((#7349));
#7351=STYLED_ITEM('',(#7350),#7344);
#7352=CARTESIAN_POINT('',(2.08E1,-8.E-1,3.7E0));
#7353=DIRECTION('',(0.E0,0.E0,1.E0));
#7354=DIRECTION('',(0.E0,1.E0,0.E0));
#7355=AXIS2_PLACEMENT_3D('',#7352,#7353,#7354);
#7356=PLANE('',#7355);
#7357=ORIENTED_EDGE('',*,*,#7312,.T.);
#7358=ORIENTED_EDGE('',*,*,#7294,.F.);
#7359=ORIENTED_EDGE('',*,*,#7134,.F.);
#7361=ORIENTED_EDGE('',*,*,#7360,.F.);
#7362=EDGE_LOOP('',(#7357,#7358,#7359,#7361));
#7363=FACE_OUTER_BOUND('',#7362,.F.);
#7364=ADVANCED_FACE('',(#7363),#7356,.T.);
#7365=FILL_AREA_STYLE_COLOUR('',#35);
#7366=FILL_AREA_STYLE('',(#7365));
#7367=SURFACE_STYLE_FILL_AREA(#7366);
#7368=SURFACE_SIDE_STYLE('',(#7367));
#7369=SURFACE_STYLE_USAGE(.BOTH.,#7368);
#7370=PRESENTATION_STYLE_ASSIGNMENT((#7369));
#7371=STYLED_ITEM('',(#7370),#7364);
#7372=CARTESIAN_POINT('',(1.93E1,-2.000000000001E0,2.700000000001E0));
#7373=DIRECTION('',(1.E0,0.E0,0.E0));
#7374=DIRECTION('',(0.E0,3.141075907887E-2,9.995065603657E-1));
#7375=AXIS2_PLACEMENT_3D('',#7372,#7373,#7374);
#7376=CYLINDRICAL_SURFACE('',#7375,9.999981970676E-1);
#7377=ORIENTED_EDGE('',*,*,#7314,.F.);
#7378=ORIENTED_EDGE('',*,*,#7360,.T.);
#7380=ORIENTED_EDGE('',*,*,#7379,.F.);
#7382=ORIENTED_EDGE('',*,*,#7381,.T.);
#7384=ORIENTED_EDGE('',*,*,#7383,.F.);
#7385=EDGE_LOOP('',(#7377,#7378,#7380,#7382,#7384));
#7386=FACE_OUTER_BOUND('',#7385,.F.);
#7387=ADVANCED_FACE('',(#7386),#7376,.T.);
#7388=FILL_AREA_STYLE_COLOUR('',#35);
#7389=FILL_AREA_STYLE('',(#7388));
#7390=SURFACE_STYLE_FILL_AREA(#7389);
#7391=SURFACE_SIDE_STYLE('',(#7390));
#7392=SURFACE_STYLE_USAGE(.BOTH.,#7391);
#7393=PRESENTATION_STYLE_ASSIGNMENT((#7392));
#7394=STYLED_ITEM('',(#7393),#7387);
#7395=CARTESIAN_POINT('',(2.121511098950E1,-1.831453289733E0,3.678326786417E0));
#7396=CARTESIAN_POINT('',(2.158892276663E1,-1.820519423054E0,3.741792247321E0));
#7397=CARTESIAN_POINT('',(2.185714140559E1,-1.866057488328E0,3.477467248105E0));
#7398=CARTESIAN_POINT('',(2.179274051138E1,-1.929523024831E0,3.109082517982E0));
#7399=CARTESIAN_POINT('',(2.121511098950E1,-2.573649429881E0,3.806192771007E0));
#7400=CARTESIAN_POINT('',(2.158892276663E1,-2.610862890629E0,3.877953081605E0));
#7401=CARTESIAN_POINT('',(2.185714140559E1,-2.455873895940E0,3.579081163358E0));
#7402=CARTESIAN_POINT('',(2.179274051138E1,-2.239868678312E0,3.162549048457E0));
#7403=CARTESIAN_POINT('',(2.121511098950E1,-3.106192771042E0,3.273649429812E0));
#7404=CARTESIAN_POINT('',(2.158892276663E1,-3.177953081644E0,3.310862890554E0));
#7405=CARTESIAN_POINT('',(2.185714140559E1,-2.879081163387E0,3.155873895885E0));
#7406=CARTESIAN_POINT('',(2.179274051137E1,-2.462549048472E0,2.939868678283E0));
#7407=CARTESIAN_POINT('',(2.121511098950E1,-2.978326786407E0,2.531453289671E0));
#7408=CARTESIAN_POINT('',(2.158892276663E1,-3.041792247310E0,2.520519422988E0));
#7409=CARTESIAN_POINT('',(2.185714140559E1,-2.777467248097E0,2.566057488279E0));
#7410=CARTESIAN_POINT('',(2.179274051137E1,-2.409082517978E0,2.629523024805E0));
#7411=(BOUNDED_SURFACE()B_SPLINE_SURFACE(3,3,((#7395,#7396,#7397,#7398),(#7399,
#7400,#7401,#7402),(#7403,#7404,#7405,#7406),(#7407,#7408,#7409,#7410)),
.UNSPECIFIED.,.F.,.F.,.F.)B_SPLINE_SURFACE_WITH_KNOTS((4,4),(4,4),(0.E0,1.E0),(
0.E0,1.E0),.UNSPECIFIED.)GEOMETRIC_REPRESENTATION_ITEM()RATIONAL_B_SPLINE_SURFACE(((1.608840473800E0,1.154920673732E0,1.154920673732E0,1.608840473800E0),(
1.154921022174E0,8.290704931646E-1,8.290704931646E-1,1.154921022174E0),(
1.154921022174E0,8.290704931646E-1,8.290704931646E-1,1.154921022174E0),(
1.608840473800E0,1.154920673732E0,1.154920673732E0,1.608840473800E0)))REPRESENTATION_ITEM('')SURFACE());
#7412=ORIENTED_EDGE('',*,*,#7163,.F.);
#7414=ORIENTED_EDGE('',*,*,#7413,.T.);
#7415=ORIENTED_EDGE('',*,*,#7379,.T.);
#7416=ORIENTED_EDGE('',*,*,#7132,.T.);
#7417=EDGE_LOOP('',(#7412,#7414,#7415,#7416));
#7418=FACE_OUTER_BOUND('',#7417,.F.);
#7419=ADVANCED_FACE('',(#7418),#7411,.T.);
#7420=FILL_AREA_STYLE_COLOUR('',#35);
#7421=FILL_AREA_STYLE('',(#7420));
#7422=SURFACE_STYLE_FILL_AREA(#7421);
#7423=SURFACE_SIDE_STYLE('',(#7422));
#7424=SURFACE_STYLE_USAGE(.BOTH.,#7423);
#7425=PRESENTATION_STYLE_ASSIGNMENT((#7424));
#7426=STYLED_ITEM('',(#7425),#7419);
#7427=CARTESIAN_POINT('',(2.13E1,-2.499999999999E0,9.999999999976E-2));
#7428=DIRECTION('',(0.E0,0.E0,-1.E0));
#7429=DIRECTION('',(9.995065603658E-1,3.141075907569E-2,0.E0));
#7430=AXIS2_PLACEMENT_3D('',#7427,#7428,#7429);
#7431=CYLINDRICAL_SURFACE('',#7430,5.000000000011E-1);
#7432=ORIENTED_EDGE('',*,*,#7161,.T.);
#7434=ORIENTED_EDGE('',*,*,#7433,.F.);
#7436=ORIENTED_EDGE('',*,*,#7435,.T.);
#7437=ORIENTED_EDGE('',*,*,#7413,.F.);
#7438=EDGE_LOOP('',(#7432,#7434,#7436,#7437));
#7439=FACE_OUTER_BOUND('',#7438,.F.);
#7440=ADVANCED_FACE('',(#7439),#7431,.T.);
#7441=FILL_AREA_STYLE_COLOUR('',#35);
#7442=FILL_AREA_STYLE('',(#7441));
#7443=SURFACE_STYLE_FILL_AREA(#7442);
#7444=SURFACE_SIDE_STYLE('',(#7443));
#7445=SURFACE_STYLE_USAGE(.BOTH.,#7444);
#7446=PRESENTATION_STYLE_ASSIGNMENT((#7445));
#7447=STYLED_ITEM('',(#7446),#7440);
#7448=CARTESIAN_POINT('',(2.121511098950E1,-2.978326786417E0,
-2.331453289733E0));
#7449=CARTESIAN_POINT('',(2.158892276663E1,-3.041792247321E0,
-2.320519423054E0));
#7450=CARTESIAN_POINT('',(2.185714140559E1,-2.777467248105E0,
-2.366057488328E0));
#7451=CARTESIAN_POINT('',(2.179274051138E1,-2.409082517982E0,
-2.429523024831E0));
#7452=CARTESIAN_POINT('',(2.121511098950E1,-3.106192771007E0,
-3.073649429881E0));
#7453=CARTESIAN_POINT('',(2.158892276663E1,-3.177953081605E0,
-3.110862890629E0));
#7454=CARTESIAN_POINT('',(2.185714140559E1,-2.879081163358E0,
-2.955873895940E0));
#7455=CARTESIAN_POINT('',(2.179274051138E1,-2.462549048457E0,
-2.739868678312E0));
#7456=CARTESIAN_POINT('',(2.121511098950E1,-2.573649429812E0,
-3.606192771042E0));
#7457=CARTESIAN_POINT('',(2.158892276663E1,-2.610862890554E0,
-3.677953081644E0));
#7458=CARTESIAN_POINT('',(2.185714140559E1,-2.455873895885E0,
-3.379081163387E0));
#7459=CARTESIAN_POINT('',(2.179274051137E1,-2.239868678283E0,
-2.962549048472E0));
#7460=CARTESIAN_POINT('',(2.121511098950E1,-1.831453289671E0,
-3.478326786407E0));
#7461=CARTESIAN_POINT('',(2.158892276663E1,-1.820519422988E0,
-3.541792247310E0));
#7462=CARTESIAN_POINT('',(2.185714140559E1,-1.866057488279E0,
-3.277467248097E0));
#7463=CARTESIAN_POINT('',(2.179274051137E1,-1.929523024805E0,
-2.909082517978E0));
#7464=(BOUNDED_SURFACE()B_SPLINE_SURFACE(3,3,((#7448,#7449,#7450,#7451),(#7452,
#7453,#7454,#7455),(#7456,#7457,#7458,#7459),(#7460,#7461,#7462,#7463)),
.UNSPECIFIED.,.F.,.F.,.F.)B_SPLINE_SURFACE_WITH_KNOTS((4,4),(4,4),(0.E0,1.E0),(
0.E0,1.E0),.UNSPECIFIED.)GEOMETRIC_REPRESENTATION_ITEM()RATIONAL_B_SPLINE_SURFACE(((1.608840473800E0,1.154920673732E0,1.154920673732E0,1.608840473800E0),(
1.154921022174E0,8.290704931646E-1,8.290704931646E-1,1.154921022174E0),(
1.154921022174E0,8.290704931646E-1,8.290704931646E-1,1.154921022174E0),(
1.608840473800E0,1.154920673732E0,1.154920673732E0,1.608840473800E0)))REPRESENTATION_ITEM('')SURFACE());
#7465=ORIENTED_EDGE('',*,*,#7159,.F.);
#7466=ORIENTED_EDGE('',*,*,#7186,.T.);
#7468=ORIENTED_EDGE('',*,*,#7467,.T.);
#7469=ORIENTED_EDGE('',*,*,#7433,.T.);
#7470=EDGE_LOOP('',(#7465,#7466,#7468,#7469));
#7471=FACE_OUTER_BOUND('',#7470,.F.);
#7472=ADVANCED_FACE('',(#7471),#7464,.T.);
#7473=FILL_AREA_STYLE_COLOUR('',#35);
#7474=FILL_AREA_STYLE('',(#7473));
#7475=SURFACE_STYLE_FILL_AREA(#7474);
#7476=SURFACE_SIDE_STYLE('',(#7475));
#7477=SURFACE_STYLE_USAGE(.BOTH.,#7476);
#7478=PRESENTATION_STYLE_ASSIGNMENT((#7477));
#7479=STYLED_ITEM('',(#7478),#7472);
#7480=CARTESIAN_POINT('',(1.93E1,-2.000000000001E0,-2.500000000001E0));
#7481=DIRECTION('',(1.E0,0.E0,0.E0));
#7482=DIRECTION('',(0.E0,-9.995065603657E-1,3.141075907887E-2));
#7483=AXIS2_PLACEMENT_3D('',#7480,#7481,#7482);
#7484=CYLINDRICAL_SURFACE('',#7483,9.999981970676E-1);
#7485=ORIENTED_EDGE('',*,*,#7334,.F.);
#7487=ORIENTED_EDGE('',*,*,#7486,.F.);
#7489=ORIENTED_EDGE('',*,*,#7488,.T.);
#7490=ORIENTED_EDGE('',*,*,#7467,.F.);
#7492=ORIENTED_EDGE('',*,*,#7491,.T.);
#7493=EDGE_LOOP('',(#7485,#7487,#7489,#7490,#7492));
#7494=FACE_OUTER_BOUND('',#7493,.F.);
#7495=ADVANCED_FACE('',(#7494),#7484,.T.);
#7496=FILL_AREA_STYLE_COLOUR('',#35);
#7497=FILL_AREA_STYLE('',(#7496));
#7498=SURFACE_STYLE_FILL_AREA(#7497);
#7499=SURFACE_SIDE_STYLE('',(#7498));
#7500=SURFACE_STYLE_USAGE(.BOTH.,#7499);
#7501=PRESENTATION_STYLE_ASSIGNMENT((#7500));
#7502=STYLED_ITEM('',(#7501),#7495);
#7503=CARTESIAN_POINT('',(2.03E1,-8.E-1,1.E-1));
#7504=DIRECTION('',(1.E0,0.E0,0.E0));
#7505=DIRECTION('',(0.E0,-1.E0,0.E0));
#7506=AXIS2_PLACEMENT_3D('',#7503,#7504,#7505);
#7507=PLANE('',#7506);
#7509=ORIENTED_EDGE('',*,*,#7508,.F.);
#7510=ORIENTED_EDGE('',*,*,#7383,.T.);
#7512=ORIENTED_EDGE('',*,*,#7511,.T.);
#7513=ORIENTED_EDGE('',*,*,#7486,.T.);
#7514=EDGE_LOOP('',(#7509,#7510,#7512,#7513));
#7515=FACE_OUTER_BOUND('',#7514,.F.);
#7516=ADVANCED_FACE('',(#7515),#7507,.F.);
#7517=FILL_AREA_STYLE_COLOUR('',#35);
#7518=FILL_AREA_STYLE('',(#7517));
#7519=SURFACE_STYLE_FILL_AREA(#7518);
#7520=SURFACE_SIDE_STYLE('',(#7519));
#7521=SURFACE_STYLE_USAGE(.BOTH.,#7520);
#7522=PRESENTATION_STYLE_ASSIGNMENT((#7521));
#7523=STYLED_ITEM('',(#7522),#7516);
#7524=CARTESIAN_POINT('',(1.98E1,-3.E0,0.E0));
#7525=DIRECTION('',(7.071067811865E-1,-7.071067811865E-1,0.E0));
#7526=DIRECTION('',(0.E0,0.E0,-1.E0));
#7527=AXIS2_PLACEMENT_3D('',#7524,#7525,#7526);
#7528=PLANE('',#7527);
#7529=ORIENTED_EDGE('',*,*,#7508,.T.);
#7530=ORIENTED_EDGE('',*,*,#7332,.F.);
#7532=ORIENTED_EDGE('',*,*,#7531,.T.);
#7534=ORIENTED_EDGE('',*,*,#7533,.F.);
#7536=ORIENTED_EDGE('',*,*,#7535,.F.);
#7537=ORIENTED_EDGE('',*,*,#7316,.F.);
#7538=EDGE_LOOP('',(#7529,#7530,#7532,#7534,#7536,#7537));
#7539=FACE_OUTER_BOUND('',#7538,.F.);
#7540=ADVANCED_FACE('',(#7539),#7528,.T.);
#7541=FILL_AREA_STYLE_COLOUR('',#60);
#7542=FILL_AREA_STYLE('',(#7541));
#7543=SURFACE_STYLE_FILL_AREA(#7542);
#7544=SURFACE_SIDE_STYLE('',(#7543));
#7545=SURFACE_STYLE_USAGE(.BOTH.,#7544);
#7546=PRESENTATION_STYLE_ASSIGNMENT((#7545));
#7547=STYLED_ITEM('',(#7546),#7540);
#7548=CARTESIAN_POINT('',(1.9025E1,-2.75E0,-5.7E0));
#7549=DIRECTION('',(0.E0,0.E0,1.E0));
#7550=DIRECTION('',(1.E0,0.E0,0.E0));
#7551=AXIS2_PLACEMENT_3D('',#7548,#7549,#7550);
#7552=PLANE('',#7551);
#7554=ORIENTED_EDGE('',*,*,#7553,.F.);
#7556=ORIENTED_EDGE('',*,*,#7555,.T.);
#7558=ORIENTED_EDGE('',*,*,#7557,.F.);
#7560=ORIENTED_EDGE('',*,*,#7559,.T.);
#7562=ORIENTED_EDGE('',*,*,#7561,.F.);
#7563=ORIENTED_EDGE('',*,*,#7531,.F.);
#7564=ORIENTED_EDGE('',*,*,#7330,.T.);
#7566=ORIENTED_EDGE('',*,*,#7565,.F.);
#7568=ORIENTED_EDGE('',*,*,#7567,.F.);
#7569=EDGE_LOOP('',(#7554,#7556,#7558,#7560,#7562,#7563,#7564,#7566,#7568));
#7570=FACE_OUTER_BOUND('',#7569,.F.);
#7571=ADVANCED_FACE('',(#7570),#7552,.F.);
#7572=FILL_AREA_STYLE_COLOUR('',#60);
#7573=FILL_AREA_STYLE('',(#7572));
#7574=SURFACE_STYLE_FILL_AREA(#7573);
#7575=SURFACE_SIDE_STYLE('',(#7574));
#7576=SURFACE_STYLE_USAGE(.BOTH.,#7575);
#7577=PRESENTATION_STYLE_ASSIGNMENT((#7576));
#7578=STYLED_ITEM('',(#7577),#7571);
#7579=CARTESIAN_POINT('',(1.866088989436E1,-2.1E0,-5.720014204660E0));
#7580=DIRECTION('',(0.E0,1.E0,0.E0));
#7581=DIRECTION('',(1.E0,0.E0,0.E0));
#7582=AXIS2_PLACEMENT_3D('',#7579,#7580,#7581);
#7583=PLANE('',#7582);
#7584=ORIENTED_EDGE('',*,*,#7553,.T.);
#7586=ORIENTED_EDGE('',*,*,#7585,.T.);
#7588=ORIENTED_EDGE('',*,*,#7587,.T.);
#7589=EDGE_LOOP('',(#7584,#7586,#7588));
#7590=FACE_OUTER_BOUND('',#7589,.F.);
#7591=ADVANCED_FACE('',(#7590),#7583,.F.);
#7592=FILL_AREA_STYLE_COLOUR('',#60);
#7593=FILL_AREA_STYLE('',(#7592));
#7594=SURFACE_STYLE_FILL_AREA(#7593);
#7595=SURFACE_SIDE_STYLE('',(#7594));
#7596=SURFACE_STYLE_USAGE(.BOTH.,#7595);
#7597=PRESENTATION_STYLE_ASSIGNMENT((#7596));
#7598=STYLED_ITEM('',(#7597),#7591);
#7599=CARTESIAN_POINT('',(1.87E1,-2.05E0,-5.720014204660E0));
#7600=DIRECTION('',(1.E0,0.E0,0.E0));
#7601=DIRECTION('',(0.E0,0.E0,-1.E0));
#7602=AXIS2_PLACEMENT_3D('',#7599,#7600,#7601);
#7603=PLANE('',#7602);
#7605=ORIENTED_EDGE('',*,*,#7604,.F.);
#7607=ORIENTED_EDGE('',*,*,#7606,.T.);
#7608=ORIENTED_EDGE('',*,*,#7585,.F.);
#7609=ORIENTED_EDGE('',*,*,#7567,.T.);
#7610=EDGE_LOOP('',(#7605,#7607,#7608,#7609));
#7611=FACE_OUTER_BOUND('',#7610,.F.);
#7612=ADVANCED_FACE('',(#7611),#7603,.T.);
#7613=FILL_AREA_STYLE_COLOUR('',#60);
#7614=FILL_AREA_STYLE('',(#7613));
#7615=SURFACE_STYLE_FILL_AREA(#7614);
#7616=SURFACE_SIDE_STYLE('',(#7615));
#7617=SURFACE_STYLE_USAGE(.BOTH.,#7616);
#7618=PRESENTATION_STYLE_ASSIGNMENT((#7617));
#7619=STYLED_ITEM('',(#7618),#7612);
#7620=CARTESIAN_POINT('',(1.8125E1,-2.E0,-7.75E0));
#7621=DIRECTION('',(0.E0,1.E0,0.E0));
#7622=DIRECTION('',(-1.E0,0.E0,0.E0));
#7623=AXIS2_PLACEMENT_3D('',#7620,#7621,#7622);
#7624=PLANE('',#7623);
#7625=ORIENTED_EDGE('',*,*,#7604,.T.);
#7626=ORIENTED_EDGE('',*,*,#7565,.T.);
#7627=ORIENTED_EDGE('',*,*,#7328,.T.);
#7629=ORIENTED_EDGE('',*,*,#7628,.T.);
#7631=ORIENTED_EDGE('',*,*,#7630,.T.);
#7633=ORIENTED_EDGE('',*,*,#7632,.T.);
#7635=ORIENTED_EDGE('',*,*,#7634,.T.);
#7636=ORIENTED_EDGE('',*,*,#7557,.T.);
#7638=ORIENTED_EDGE('',*,*,#7637,.T.);
#7639=EDGE_LOOP('',(#7625,#7626,#7627,#7629,#7631,#7633,#7635,#7636,#7638));
#7640=FACE_OUTER_BOUND('',#7639,.F.);
#7642=ORIENTED_EDGE('',*,*,#7641,.F.);
#7644=ORIENTED_EDGE('',*,*,#7643,.F.);
#7645=EDGE_LOOP('',(#7642,#7644));
#7646=FACE_BOUND('',#7645,.F.);
#7647=ADVANCED_FACE('',(#7640,#7646),#7624,.F.);
#7648=FILL_AREA_STYLE_COLOUR('',#60);
#7649=FILL_AREA_STYLE('',(#7648));
#7650=SURFACE_STYLE_FILL_AREA(#7649);
#7651=SURFACE_SIDE_STYLE('',(#7650));
#7652=SURFACE_STYLE_USAGE(.BOTH.,#7651);
#7653=PRESENTATION_STYLE_ASSIGNMENT((#7652));
#7654=STYLED_ITEM('',(#7653),#7647);
#7655=CARTESIAN_POINT('',(1.88E1,1.02E1,-8.300000000001E0));
#7656=DIRECTION('',(0.E0,-1.E0,0.E0));
#7657=DIRECTION('',(-3.987894976062E-2,0.E0,-9.992045182874E-1));
#7658=AXIS2_PLACEMENT_3D('',#7655,#7656,#7657);
#7659=CYLINDRICAL_SURFACE('',#7658,1.499999999997E0);
#7661=ORIENTED_EDGE('',*,*,#7660,.T.);
#7662=ORIENTED_EDGE('',*,*,#7628,.F.);
#7663=ORIENTED_EDGE('',*,*,#7326,.F.);
#7665=ORIENTED_EDGE('',*,*,#7664,.T.);
#7667=ORIENTED_EDGE('',*,*,#7666,.T.);
#7669=ORIENTED_EDGE('',*,*,#7668,.T.);
#7671=ORIENTED_EDGE('',*,*,#7670,.T.);
#7673=ORIENTED_EDGE('',*,*,#7672,.T.);
#7675=ORIENTED_EDGE('',*,*,#7674,.F.);
#7676=EDGE_LOOP('',(#7661,#7662,#7663,#7665,#7667,#7669,#7671,#7673,#7675));
#7677=FACE_OUTER_BOUND('',#7676,.F.);
#7678=ADVANCED_FACE('',(#7677),#7659,.T.);
#7679=FILL_AREA_STYLE_COLOUR('',#60);
#7680=FILL_AREA_STYLE('',(#7679));
#7681=SURFACE_STYLE_FILL_AREA(#7680);
#7682=SURFACE_SIDE_STYLE('',(#7681));
#7683=SURFACE_STYLE_USAGE(.BOTH.,#7682);
#7684=PRESENTATION_STYLE_ASSIGNMENT((#7683));
#7685=STYLED_ITEM('',(#7684),#7678);
#7686=CARTESIAN_POINT('',(0.E0,1.02E1,-9.8E0));
#7687=DIRECTION('',(0.E0,0.E0,1.E0));
#7688=DIRECTION('',(-1.E0,0.E0,0.E0));
#7689=AXIS2_PLACEMENT_3D('',#7686,#7687,#7688);
#7690=PLANE('',#7689);
#7692=ORIENTED_EDGE('',*,*,#7691,.F.);
#7694=ORIENTED_EDGE('',*,*,#7693,.F.);
#7696=ORIENTED_EDGE('',*,*,#7695,.F.);
#7698=ORIENTED_EDGE('',*,*,#7697,.T.);
#7700=ORIENTED_EDGE('',*,*,#7699,.F.);
#7701=ORIENTED_EDGE('',*,*,#7630,.F.);
#7702=ORIENTED_EDGE('',*,*,#7660,.F.);
#7704=ORIENTED_EDGE('',*,*,#7703,.F.);
#7705=EDGE_LOOP('',(#7692,#7694,#7696,#7698,#7700,#7701,#7702,#7704));
#7706=FACE_OUTER_BOUND('',#7705,.F.);
#7707=ADVANCED_FACE('',(#7706),#7690,.F.);
#7708=FILL_AREA_STYLE_COLOUR('',#60);
#7709=FILL_AREA_STYLE('',(#7708));
#7710=SURFACE_STYLE_FILL_AREA(#7709);
#7711=SURFACE_SIDE_STYLE('',(#7710));
#7712=SURFACE_STYLE_USAGE(.BOTH.,#7711);
#7713=PRESENTATION_STYLE_ASSIGNMENT((#7712));
#7714=STYLED_ITEM('',(#7713),#7707);
#7715=CARTESIAN_POINT('',(-1.88E1,1.02E1,-8.300000000003E0));
#7716=DIRECTION('',(0.E0,-1.E0,0.E0));
#7717=DIRECTION('',(-9.992045182875E-1,0.E0,3.987894975864E-2));
#7718=AXIS2_PLACEMENT_3D('',#7715,#7716,#7717);
#7719=CYLINDRICAL_SURFACE('',#7718,1.499999999995E0);
#7721=ORIENTED_EDGE('',*,*,#7720,.T.);
#7723=ORIENTED_EDGE('',*,*,#7722,.T.);
#7724=ORIENTED_EDGE('',*,*,#7691,.T.);
#7726=ORIENTED_EDGE('',*,*,#7725,.F.);
#7728=ORIENTED_EDGE('',*,*,#7727,.T.);
#7730=ORIENTED_EDGE('',*,*,#7729,.F.);
#7732=ORIENTED_EDGE('',*,*,#7731,.T.);
#7734=ORIENTED_EDGE('',*,*,#7733,.T.);
#7736=ORIENTED_EDGE('',*,*,#7735,.F.);
#7737=EDGE_LOOP('',(#7721,#7723,#7724,#7726,#7728,#7730,#7732,#7734,#7736));
#7738=FACE_OUTER_BOUND('',#7737,.F.);
#7739=ADVANCED_FACE('',(#7738),#7719,.T.);
#7740=FILL_AREA_STYLE_COLOUR('',#60);
#7741=FILL_AREA_STYLE('',(#7740));
#7742=SURFACE_STYLE_FILL_AREA(#7741);
#7743=SURFACE_SIDE_STYLE('',(#7742));
#7744=SURFACE_STYLE_USAGE(.BOTH.,#7743);
#7745=PRESENTATION_STYLE_ASSIGNMENT((#7744));
#7746=STYLED_ITEM('',(#7745),#7739);
#7747=CARTESIAN_POINT('',(-2.03E1,1.02E1,0.E0));
#7748=DIRECTION('',(1.E0,0.E0,0.E0));
#7749=DIRECTION('',(0.E0,0.E0,1.E0));
#7750=AXIS2_PLACEMENT_3D('',#7747,#7748,#7749);
#7751=PLANE('',#7750);
#7753=ORIENTED_EDGE('',*,*,#7752,.F.);
#7755=ORIENTED_EDGE('',*,*,#7754,.F.);
#7757=ORIENTED_EDGE('',*,*,#7756,.F.);
#7759=ORIENTED_EDGE('',*,*,#7758,.T.);
#7761=ORIENTED_EDGE('',*,*,#7760,.F.);
#7763=ORIENTED_EDGE('',*,*,#7762,.F.);
#7764=ORIENTED_EDGE('',*,*,#7720,.F.);
#7766=ORIENTED_EDGE('',*,*,#7765,.F.);
#7767=EDGE_LOOP('',(#7753,#7755,#7757,#7759,#7761,#7763,#7764,#7766));
#7768=FACE_OUTER_BOUND('',#7767,.F.);
#7769=ADVANCED_FACE('',(#7768),#7751,.F.);
#7770=FILL_AREA_STYLE_COLOUR('',#60);
#7771=FILL_AREA_STYLE('',(#7770));
#7772=SURFACE_STYLE_FILL_AREA(#7771);
#7773=SURFACE_SIDE_STYLE('',(#7772));
#7774=SURFACE_STYLE_USAGE(.BOTH.,#7773);
#7775=PRESENTATION_STYLE_ASSIGNMENT((#7774));
#7776=STYLED_ITEM('',(#7775),#7769);
#7777=CARTESIAN_POINT('',(-1.88E1,1.02E1,8.300000000001E0));
#7778=DIRECTION('',(0.E0,-1.E0,0.E0));
#7779=DIRECTION('',(3.987894976062E-2,0.E0,9.992045182874E-1));
#7780=AXIS2_PLACEMENT_3D('',#7777,#7778,#7779);
#7781=CYLINDRICAL_SURFACE('',#7780,1.499999999997E0);
#7783=ORIENTED_EDGE('',*,*,#7782,.T.);
#7785=ORIENTED_EDGE('',*,*,#7784,.F.);
#7786=ORIENTED_EDGE('',*,*,#7752,.T.);
#7788=ORIENTED_EDGE('',*,*,#7787,.F.);
#7790=ORIENTED_EDGE('',*,*,#7789,.T.);
#7792=ORIENTED_EDGE('',*,*,#7791,.T.);
#7794=ORIENTED_EDGE('',*,*,#7793,.F.);
#7796=ORIENTED_EDGE('',*,*,#7795,.T.);
#7798=ORIENTED_EDGE('',*,*,#7797,.F.);
#7799=EDGE_LOOP('',(#7783,#7785,#7786,#7788,#7790,#7792,#7794,#7796,#7798));
#7800=FACE_OUTER_BOUND('',#7799,.F.);
#7801=ADVANCED_FACE('',(#7800),#7781,.T.);
#7802=FILL_AREA_STYLE_COLOUR('',#60);
#7803=FILL_AREA_STYLE('',(#7802));
#7804=SURFACE_STYLE_FILL_AREA(#7803);
#7805=SURFACE_SIDE_STYLE('',(#7804));
#7806=SURFACE_STYLE_USAGE(.BOTH.,#7805);
#7807=PRESENTATION_STYLE_ASSIGNMENT((#7806));
#7808=STYLED_ITEM('',(#7807),#7801);
#7809=CARTESIAN_POINT('',(0.E0,1.02E1,9.8E0));
#7810=DIRECTION('',(0.E0,0.E0,1.E0));
#7811=DIRECTION('',(1.E0,0.E0,0.E0));
#7812=AXIS2_PLACEMENT_3D('',#7809,#7810,#7811);
#7813=PLANE('',#7812);
#7815=ORIENTED_EDGE('',*,*,#7814,.T.);
#7817=ORIENTED_EDGE('',*,*,#7816,.F.);
#7819=ORIENTED_EDGE('',*,*,#7818,.F.);
#7821=ORIENTED_EDGE('',*,*,#7820,.F.);
#7823=ORIENTED_EDGE('',*,*,#7822,.F.);
#7825=ORIENTED_EDGE('',*,*,#7824,.F.);
#7826=ORIENTED_EDGE('',*,*,#7782,.F.);
#7828=ORIENTED_EDGE('',*,*,#7827,.F.);
#7829=EDGE_LOOP('',(#7815,#7817,#7819,#7821,#7823,#7825,#7826,#7828));
#7830=FACE_OUTER_BOUND('',#7829,.F.);
#7831=ADVANCED_FACE('',(#7830),#7813,.T.);
#7832=FILL_AREA_STYLE_COLOUR('',#60);
#7833=FILL_AREA_STYLE('',(#7832));
#7834=SURFACE_STYLE_FILL_AREA(#7833);
#7835=SURFACE_SIDE_STYLE('',(#7834));
#7836=SURFACE_STYLE_USAGE(.BOTH.,#7835);
#7837=PRESENTATION_STYLE_ASSIGNMENT((#7836));
#7838=STYLED_ITEM('',(#7837),#7831);
#7839=CARTESIAN_POINT('',(1.88E1,1.02E1,8.300000000003E0));
#7840=DIRECTION('',(0.E0,-1.E0,0.E0));
#7841=DIRECTION('',(9.992045182875E-1,0.E0,-3.987894975864E-2));
#7842=AXIS2_PLACEMENT_3D('',#7839,#7840,#7841);
#7843=CYLINDRICAL_SURFACE('',#7842,1.499999999995E0);
#7844=ORIENTED_EDGE('',*,*,#7322,.T.);
#7846=ORIENTED_EDGE('',*,*,#7845,.T.);
#7847=ORIENTED_EDGE('',*,*,#7814,.F.);
#7849=ORIENTED_EDGE('',*,*,#7848,.F.);
#7851=ORIENTED_EDGE('',*,*,#7850,.T.);
#7853=ORIENTED_EDGE('',*,*,#7852,.T.);
#7855=ORIENTED_EDGE('',*,*,#7854,.T.);
#7857=ORIENTED_EDGE('',*,*,#7856,.T.);
#7859=ORIENTED_EDGE('',*,*,#7858,.T.);
#7860=EDGE_LOOP('',(#7844,#7846,#7847,#7849,#7851,#7853,#7855,#7857,#7859));
#7861=FACE_OUTER_BOUND('',#7860,.F.);
#7862=ADVANCED_FACE('',(#7861),#7843,.T.);
#7863=FILL_AREA_STYLE_COLOUR('',#60);
#7864=FILL_AREA_STYLE('',(#7863));
#7865=SURFACE_STYLE_FILL_AREA(#7864);
#7866=SURFACE_SIDE_STYLE('',(#7865));
#7867=SURFACE_STYLE_USAGE(.BOTH.,#7866);
#7868=PRESENTATION_STYLE_ASSIGNMENT((#7867));
#7869=STYLED_ITEM('',(#7868),#7862);
#7870=CARTESIAN_POINT('',(1.8125E1,-2.E0,7.75E0));
#7871=DIRECTION('',(0.E0,1.E0,0.E0));
#7872=DIRECTION('',(-1.E0,0.E0,0.E0));
#7873=AXIS2_PLACEMENT_3D('',#7870,#7871,#7872);
#7874=PLANE('',#7873);
#7876=ORIENTED_EDGE('',*,*,#7875,.F.);
#7878=ORIENTED_EDGE('',*,*,#7877,.F.);
#7880=ORIENTED_EDGE('',*,*,#7879,.F.);
#7882=ORIENTED_EDGE('',*,*,#7881,.F.);
#7883=ORIENTED_EDGE('',*,*,#7816,.T.);
#7884=ORIENTED_EDGE('',*,*,#7845,.F.);
#7885=ORIENTED_EDGE('',*,*,#7320,.F.);
#7887=ORIENTED_EDGE('',*,*,#7886,.F.);
#7889=ORIENTED_EDGE('',*,*,#7888,.T.);
#7890=EDGE_LOOP('',(#7876,#7878,#7880,#7882,#7883,#7884,#7885,#7887,#7889));
#7891=FACE_OUTER_BOUND('',#7890,.F.);
#7893=ORIENTED_EDGE('',*,*,#7892,.F.);
#7895=ORIENTED_EDGE('',*,*,#7894,.F.);
#7896=EDGE_LOOP('',(#7893,#7895));
#7897=FACE_BOUND('',#7896,.F.);
#7898=ADVANCED_FACE('',(#7891,#7897),#7874,.F.);
#7899=FILL_AREA_STYLE_COLOUR('',#60);
#7900=FILL_AREA_STYLE('',(#7899));
#7901=SURFACE_STYLE_FILL_AREA(#7900);
#7902=SURFACE_SIDE_STYLE('',(#7901));
#7903=SURFACE_STYLE_USAGE(.BOTH.,#7902);
#7904=PRESENTATION_STYLE_ASSIGNMENT((#7903));
#7905=STYLED_ITEM('',(#7904),#7898);
#7906=CARTESIAN_POINT('',(1.774963016779E1,-2.05E0,7.500722695568E0));
#7907=DIRECTION('',(0.E0,1.E0,0.E0));
#7908=DIRECTION('',(4.749921597335E-1,0.E0,-8.799900273251E-1));
#7909=AXIS2_PLACEMENT_3D('',#7906,#7907,#7908);
#7910=CYLINDRICAL_SURFACE('',#7909,2.000811232642E0);
#7911=ORIENTED_EDGE('',*,*,#7875,.T.);
#7913=ORIENTED_EDGE('',*,*,#7912,.F.);
#7915=ORIENTED_EDGE('',*,*,#7914,.F.);
#7917=ORIENTED_EDGE('',*,*,#7916,.F.);
#7918=EDGE_LOOP('',(#7911,#7913,#7915,#7917));
#7919=FACE_OUTER_BOUND('',#7918,.F.);
#7920=ADVANCED_FACE('',(#7919),#7910,.F.);
#7921=FILL_AREA_STYLE_COLOUR('',#60);
#7922=FILL_AREA_STYLE('',(#7921));
#7923=SURFACE_STYLE_FILL_AREA(#7922);
#7924=SURFACE_SIDE_STYLE('',(#7923));
#7925=SURFACE_STYLE_USAGE(.BOTH.,#7924);
#7926=PRESENTATION_STYLE_ASSIGNMENT((#7925));
#7927=STYLED_ITEM('',(#7926),#7920);
#7928=CARTESIAN_POINT('',(1.87E1,-2.05E0,5.720014204660E0));
#7929=DIRECTION('',(1.E0,0.E0,0.E0));
#7930=DIRECTION('',(0.E0,0.E0,-1.E0));
#7931=AXIS2_PLACEMENT_3D('',#7928,#7929,#7930);
#7932=PLANE('',#7931);
#7933=ORIENTED_EDGE('',*,*,#7888,.F.);
#7935=ORIENTED_EDGE('',*,*,#7934,.F.);
#7937=ORIENTED_EDGE('',*,*,#7936,.F.);
#7938=ORIENTED_EDGE('',*,*,#7912,.T.);
#7939=EDGE_LOOP('',(#7933,#7935,#7937,#7938));
#7940=FACE_OUTER_BOUND('',#7939,.F.);
#7941=ADVANCED_FACE('',(#7940),#7932,.T.);
#7942=FILL_AREA_STYLE_COLOUR('',#60);
#7943=FILL_AREA_STYLE('',(#7942));
#7944=SURFACE_STYLE_FILL_AREA(#7943);
#7945=SURFACE_SIDE_STYLE('',(#7944));
#7946=SURFACE_STYLE_USAGE(.BOTH.,#7945);
#7947=PRESENTATION_STYLE_ASSIGNMENT((#7946));
#7948=STYLED_ITEM('',(#7947),#7941);
#7949=CARTESIAN_POINT('',(1.9025E1,-2.75E0,5.7E0));
#7950=DIRECTION('',(0.E0,0.E0,1.E0));
#7951=DIRECTION('',(1.E0,0.E0,0.E0));
#7952=AXIS2_PLACEMENT_3D('',#7949,#7950,#7951);
#7953=PLANE('',#7952);
#7955=ORIENTED_EDGE('',*,*,#7954,.F.);
#7956=ORIENTED_EDGE('',*,*,#7934,.T.);
#7957=ORIENTED_EDGE('',*,*,#7886,.T.);
#7958=ORIENTED_EDGE('',*,*,#7318,.T.);
#7959=ORIENTED_EDGE('',*,*,#7535,.T.);
#7961=ORIENTED_EDGE('',*,*,#7960,.T.);
#7963=ORIENTED_EDGE('',*,*,#7962,.T.);
#7964=ORIENTED_EDGE('',*,*,#7877,.T.);
#7965=ORIENTED_EDGE('',*,*,#7916,.T.);
#7966=EDGE_LOOP('',(#7955,#7956,#7957,#7958,#7959,#7961,#7963,#7964,#7965));
#7967=FACE_OUTER_BOUND('',#7966,.F.);
#7968=ADVANCED_FACE('',(#7967),#7953,.T.);
#7969=FILL_AREA_STYLE_COLOUR('',#60);
#7970=FILL_AREA_STYLE('',(#7969));
#7971=SURFACE_STYLE_FILL_AREA(#7970);
#7972=SURFACE_SIDE_STYLE('',(#7971));
#7973=SURFACE_STYLE_USAGE(.BOTH.,#7972);
#7974=PRESENTATION_STYLE_ASSIGNMENT((#7973));
#7975=STYLED_ITEM('',(#7974),#7968);
#7976=CARTESIAN_POINT('',(1.866088989436E1,-2.1E0,5.720014204660E0));
#7977=DIRECTION('',(0.E0,1.E0,0.E0));
#7978=DIRECTION('',(1.E0,0.E0,0.E0));
#7979=AXIS2_PLACEMENT_3D('',#7976,#7977,#7978);
#7980=PLANE('',#7979);
#7981=ORIENTED_EDGE('',*,*,#7954,.T.);
#7982=ORIENTED_EDGE('',*,*,#7914,.T.);
#7983=ORIENTED_EDGE('',*,*,#7936,.T.);
#7984=EDGE_LOOP('',(#7981,#7982,#7983));
#7985=FACE_OUTER_BOUND('',#7984,.F.);
#7986=ADVANCED_FACE('',(#7985),#7980,.F.);
#7987=FILL_AREA_STYLE_COLOUR('',#60);
#7988=FILL_AREA_STYLE('',(#7987));
#7989=SURFACE_STYLE_FILL_AREA(#7988);
#7990=SURFACE_SIDE_STYLE('',(#7989));
#7991=SURFACE_STYLE_USAGE(.BOTH.,#7990);
#7992=PRESENTATION_STYLE_ASSIGNMENT((#7991));
#7993=STYLED_ITEM('',(#7992),#7986);
#7994=CARTESIAN_POINT('',(0.E0,-3.5E0,0.E0));
#7995=DIRECTION('',(0.E0,1.E0,0.E0));
#7996=DIRECTION('',(1.E0,0.E0,0.E0));
#7997=AXIS2_PLACEMENT_3D('',#7994,#7995,#7996);
#7998=PLANE('',#7997);
#7999=ORIENTED_EDGE('',*,*,#7960,.F.);
#8000=ORIENTED_EDGE('',*,*,#7533,.T.);
#8001=ORIENTED_EDGE('',*,*,#7561,.T.);
#8003=ORIENTED_EDGE('',*,*,#8002,.T.);
#8005=ORIENTED_EDGE('',*,*,#8004,.T.);
#8007=ORIENTED_EDGE('',*,*,#8006,.T.);
#8009=ORIENTED_EDGE('',*,*,#8008,.F.);
#8011=ORIENTED_EDGE('',*,*,#8010,.T.);
#8013=ORIENTED_EDGE('',*,*,#8012,.F.);
#8015=ORIENTED_EDGE('',*,*,#8014,.T.);
#8017=ORIENTED_EDGE('',*,*,#8016,.T.);
#8019=ORIENTED_EDGE('',*,*,#8018,.T.);
#8021=ORIENTED_EDGE('',*,*,#8020,.T.);
#8023=ORIENTED_EDGE('',*,*,#8022,.T.);
#8025=ORIENTED_EDGE('',*,*,#8024,.F.);
#8027=ORIENTED_EDGE('',*,*,#8026,.T.);
#8028=EDGE_LOOP('',(#7999,#8000,#8001,#8003,#8005,#8007,#8009,#8011,#8013,#8015,
#8017,#8019,#8021,#8023,#8025,#8027));
#8029=FACE_OUTER_BOUND('',#8028,.F.);
#8030=ADVANCED_FACE('',(#8029),#7998,.F.);
#8031=FILL_AREA_STYLE_COLOUR('',#60);
#8032=FILL_AREA_STYLE('',(#8031));
#8033=SURFACE_STYLE_FILL_AREA(#8032);
#8034=SURFACE_SIDE_STYLE('',(#8033));
#8035=SURFACE_STYLE_USAGE(.BOTH.,#8034);
#8036=PRESENTATION_STYLE_ASSIGNMENT((#8035));
#8037=STYLED_ITEM('',(#8036),#8030);
#8038=CARTESIAN_POINT('',(1.774999999999E1,-2.75E0,-7.499999999989E0));
#8039=DIRECTION('',(0.E0,1.E0,0.E0));
#8040=DIRECTION('',(-9.994535277346E-1,0.E0,-3.305519473351E-2));
#8041=AXIS2_PLACEMENT_3D('',#8038,#8039,#8040);
#8042=CYLINDRICAL_SURFACE('',#8041,1.799999999988E0);
#8043=ORIENTED_EDGE('',*,*,#8002,.F.);
#8044=ORIENTED_EDGE('',*,*,#7559,.F.);
#8045=ORIENTED_EDGE('',*,*,#7634,.F.);
#8047=ORIENTED_EDGE('',*,*,#8046,.F.);
#8048=EDGE_LOOP('',(#8043,#8044,#8045,#8047));
#8049=FACE_OUTER_BOUND('',#8048,.F.);
#8050=ADVANCED_FACE('',(#8049),#8042,.F.);
#8051=FILL_AREA_STYLE_COLOUR('',#60);
#8052=FILL_AREA_STYLE('',(#8051));
#8053=SURFACE_STYLE_FILL_AREA(#8052);
#8054=SURFACE_SIDE_STYLE('',(#8053));
#8055=SURFACE_STYLE_USAGE(.BOTH.,#8054);
#8056=PRESENTATION_STYLE_ASSIGNMENT((#8055));
#8057=STYLED_ITEM('',(#8056),#8050);
#8058=CARTESIAN_POINT('',(1.595E1,-2.75E0,-8.65E0));
#8059=DIRECTION('',(1.E0,0.E0,0.E0));
#8060=DIRECTION('',(0.E0,0.E0,1.E0));
#8061=AXIS2_PLACEMENT_3D('',#8058,#8059,#8060);
#8062=PLANE('',#8061);
#8063=ORIENTED_EDGE('',*,*,#8004,.F.);
#8064=ORIENTED_EDGE('',*,*,#8046,.T.);
#8065=ORIENTED_EDGE('',*,*,#7632,.F.);
#8066=ORIENTED_EDGE('',*,*,#7699,.T.);
#8068=ORIENTED_EDGE('',*,*,#8067,.F.);
#8069=EDGE_LOOP('',(#8063,#8064,#8065,#8066,#8068));
#8070=FACE_OUTER_BOUND('',#8069,.F.);
#8071=ADVANCED_FACE('',(#8070),#8062,.T.);
#8072=FILL_AREA_STYLE_COLOUR('',#60);
#8073=FILL_AREA_STYLE('',(#8072));
#8074=SURFACE_STYLE_FILL_AREA(#8073);
#8075=SURFACE_SIDE_STYLE('',(#8074));
#8076=SURFACE_STYLE_USAGE(.BOTH.,#8075);
#8077=PRESENTATION_STYLE_ASSIGNMENT((#8076));
#8078=STYLED_ITEM('',(#8077),#8071);
#8079=CARTESIAN_POINT('',(0.E0,-3.E0,-9.3E0));
#8080=DIRECTION('',(0.E0,7.071067811865E-1,7.071067811865E-1));
#8081=DIRECTION('',(-1.E0,0.E0,0.E0));
#8082=AXIS2_PLACEMENT_3D('',#8079,#8080,#8081);
#8083=PLANE('',#8082);
#8084=ORIENTED_EDGE('',*,*,#8067,.T.);
#8085=ORIENTED_EDGE('',*,*,#7697,.F.);
#8087=ORIENTED_EDGE('',*,*,#8086,.F.);
#8088=ORIENTED_EDGE('',*,*,#8006,.F.);
#8089=EDGE_LOOP('',(#8084,#8085,#8087,#8088));
#8090=FACE_OUTER_BOUND('',#8089,.F.);
#8091=ADVANCED_FACE('',(#8090),#8083,.F.);
#8092=FILL_AREA_STYLE_COLOUR('',#60);
#8093=FILL_AREA_STYLE('',(#8092));
#8094=SURFACE_STYLE_FILL_AREA(#8093);
#8095=SURFACE_SIDE_STYLE('',(#8094));
#8096=SURFACE_STYLE_USAGE(.BOTH.,#8095);
#8097=PRESENTATION_STYLE_ASSIGNMENT((#8096));
#8098=STYLED_ITEM('',(#8097),#8091);
#8099=CARTESIAN_POINT('',(-1.595E1,-2.75E0,-8.65E0));
#8100=DIRECTION('',(1.E0,0.E0,0.E0));
#8101=DIRECTION('',(0.E0,0.E0,1.E0));
#8102=AXIS2_PLACEMENT_3D('',#8099,#8100,#8101);
#8103=PLANE('',#8102);
#8104=ORIENTED_EDGE('',*,*,#8008,.T.);
#8105=ORIENTED_EDGE('',*,*,#8086,.T.);
#8106=ORIENTED_EDGE('',*,*,#7695,.T.);
#8108=ORIENTED_EDGE('',*,*,#8107,.T.);
#8110=ORIENTED_EDGE('',*,*,#8109,.T.);
#8111=EDGE_LOOP('',(#8104,#8105,#8106,#8108,#8110));
#8112=FACE_OUTER_BOUND('',#8111,.F.);
#8113=ADVANCED_FACE('',(#8112),#8103,.F.);
#8114=FILL_AREA_STYLE_COLOUR('',#60);
#8115=FILL_AREA_STYLE('',(#8114));
#8116=SURFACE_STYLE_FILL_AREA(#8115);
#8117=SURFACE_SIDE_STYLE('',(#8116));
#8118=SURFACE_STYLE_USAGE(.BOTH.,#8117);
#8119=PRESENTATION_STYLE_ASSIGNMENT((#8118));
#8120=STYLED_ITEM('',(#8119),#8113);
#8121=CARTESIAN_POINT('',(-1.8125E1,-2.E0,-7.75E0));
#8122=DIRECTION('',(0.E0,1.E0,0.E0));
#8123=DIRECTION('',(1.E0,0.E0,0.E0));
#8124=AXIS2_PLACEMENT_3D('',#8121,#8122,#8123);
#8125=PLANE('',#8124);
#8127=ORIENTED_EDGE('',*,*,#8126,.F.);
#8129=ORIENTED_EDGE('',*,*,#8128,.F.);
#8131=ORIENTED_EDGE('',*,*,#8130,.F.);
#8133=ORIENTED_EDGE('',*,*,#8132,.F.);
#8134=ORIENTED_EDGE('',*,*,#8107,.F.);
#8135=ORIENTED_EDGE('',*,*,#7693,.T.);
#8136=ORIENTED_EDGE('',*,*,#7722,.F.);
#8137=ORIENTED_EDGE('',*,*,#7762,.T.);
#8139=ORIENTED_EDGE('',*,*,#8138,.F.);
#8140=EDGE_LOOP('',(#8127,#8129,#8131,#8133,#8134,#8135,#8136,#8137,#8139));
#8141=FACE_OUTER_BOUND('',#8140,.F.);
#8143=ORIENTED_EDGE('',*,*,#8142,.F.);
#8145=ORIENTED_EDGE('',*,*,#8144,.F.);
#8146=EDGE_LOOP('',(#8143,#8145));
#8147=FACE_BOUND('',#8146,.F.);
#8148=ADVANCED_FACE('',(#8141,#8147),#8125,.F.);
#8149=FILL_AREA_STYLE_COLOUR('',#60);
#8150=FILL_AREA_STYLE('',(#8149));
#8151=SURFACE_STYLE_FILL_AREA(#8150);
#8152=SURFACE_SIDE_STYLE('',(#8151));
#8153=SURFACE_STYLE_USAGE(.BOTH.,#8152);
#8154=PRESENTATION_STYLE_ASSIGNMENT((#8153));
#8155=STYLED_ITEM('',(#8154),#8148);
#8156=CARTESIAN_POINT('',(-1.87E1,-2.05E0,-5.720014204660E0));
#8157=DIRECTION('',(1.E0,0.E0,0.E0));
#8158=DIRECTION('',(0.E0,0.E0,1.E0));
#8159=AXIS2_PLACEMENT_3D('',#8156,#8157,#8158);
#8160=PLANE('',#8159);
#8161=ORIENTED_EDGE('',*,*,#8126,.T.);
#8163=ORIENTED_EDGE('',*,*,#8162,.F.);
#8165=ORIENTED_EDGE('',*,*,#8164,.F.);
#8167=ORIENTED_EDGE('',*,*,#8166,.T.);
#8168=EDGE_LOOP('',(#8161,#8163,#8165,#8167));
#8169=FACE_OUTER_BOUND('',#8168,.F.);
#8170=ADVANCED_FACE('',(#8169),#8160,.F.);
#8171=FILL_AREA_STYLE_COLOUR('',#60);
#8172=FILL_AREA_STYLE('',(#8171));
#8173=SURFACE_STYLE_FILL_AREA(#8172);
#8174=SURFACE_SIDE_STYLE('',(#8173));
#8175=SURFACE_STYLE_USAGE(.BOTH.,#8174);
#8176=PRESENTATION_STYLE_ASSIGNMENT((#8175));
#8177=STYLED_ITEM('',(#8176),#8170);
#8178=CARTESIAN_POINT('',(-1.9025E1,-2.75E0,-5.7E0));
#8179=DIRECTION('',(0.E0,0.E0,1.E0));
#8180=DIRECTION('',(-1.E0,0.E0,0.E0));
#8181=AXIS2_PLACEMENT_3D('',#8178,#8179,#8180);
#8182=PLANE('',#8181);
#8184=ORIENTED_EDGE('',*,*,#8183,.T.);
#8185=ORIENTED_EDGE('',*,*,#8162,.T.);
#8186=ORIENTED_EDGE('',*,*,#8138,.T.);
#8187=ORIENTED_EDGE('',*,*,#7760,.T.);
#8189=ORIENTED_EDGE('',*,*,#8188,.T.);
#8190=ORIENTED_EDGE('',*,*,#8012,.T.);
#8192=ORIENTED_EDGE('',*,*,#8191,.T.);
#8193=ORIENTED_EDGE('',*,*,#8130,.T.);
#8195=ORIENTED_EDGE('',*,*,#8194,.T.);
#8196=EDGE_LOOP('',(#8184,#8185,#8186,#8187,#8189,#8190,#8192,#8193,#8195));
#8197=FACE_OUTER_BOUND('',#8196,.F.);
#8198=ADVANCED_FACE('',(#8197),#8182,.F.);
#8199=FILL_AREA_STYLE_COLOUR('',#60);
#8200=FILL_AREA_STYLE('',(#8199));
#8201=SURFACE_STYLE_FILL_AREA(#8200);
#8202=SURFACE_SIDE_STYLE('',(#8201));
#8203=SURFACE_STYLE_USAGE(.BOTH.,#8202);
#8204=PRESENTATION_STYLE_ASSIGNMENT((#8203));
#8205=STYLED_ITEM('',(#8204),#8198);
#8206=CARTESIAN_POINT('',(-1.866088989436E1,-2.1E0,-5.720014204660E0));
#8207=DIRECTION('',(0.E0,1.E0,0.E0));
#8208=DIRECTION('',(1.E0,0.E0,0.E0));
#8209=AXIS2_PLACEMENT_3D('',#8206,#8207,#8208);
#8210=PLANE('',#8209);
#8211=ORIENTED_EDGE('',*,*,#8183,.F.);
#8213=ORIENTED_EDGE('',*,*,#8212,.T.);
#8214=ORIENTED_EDGE('',*,*,#8164,.T.);
#8215=EDGE_LOOP('',(#8211,#8213,#8214));
#8216=FACE_OUTER_BOUND('',#8215,.F.);
#8217=ADVANCED_FACE('',(#8216),#8210,.F.);
#8218=FILL_AREA_STYLE_COLOUR('',#60);
#8219=FILL_AREA_STYLE('',(#8218));
#8220=SURFACE_STYLE_FILL_AREA(#8219);
#8221=SURFACE_SIDE_STYLE('',(#8220));
#8222=SURFACE_STYLE_USAGE(.BOTH.,#8221);
#8223=PRESENTATION_STYLE_ASSIGNMENT((#8222));
#8224=STYLED_ITEM('',(#8223),#8217);
#8225=CARTESIAN_POINT('',(-1.774963016779E1,-2.05E0,-7.500722695558E0));
#8226=DIRECTION('',(0.E0,1.E0,0.E0));
#8227=DIRECTION('',(-4.749921597336E-1,0.E0,8.799900273251E-1));
#8228=AXIS2_PLACEMENT_3D('',#8225,#8226,#8227);
#8229=CYLINDRICAL_SURFACE('',#8228,2.000811232631E0);
#8230=ORIENTED_EDGE('',*,*,#8128,.T.);
#8231=ORIENTED_EDGE('',*,*,#8166,.F.);
#8232=ORIENTED_EDGE('',*,*,#8212,.F.);
#8233=ORIENTED_EDGE('',*,*,#8194,.F.);
#8234=EDGE_LOOP('',(#8230,#8231,#8232,#8233));
#8235=FACE_OUTER_BOUND('',#8234,.F.);
#8236=ADVANCED_FACE('',(#8235),#8229,.F.);
#8237=FILL_AREA_STYLE_COLOUR('',#60);
#8238=FILL_AREA_STYLE('',(#8237));
#8239=SURFACE_STYLE_FILL_AREA(#8238);
#8240=SURFACE_SIDE_STYLE('',(#8239));
#8241=SURFACE_STYLE_USAGE(.BOTH.,#8240);
#8242=PRESENTATION_STYLE_ASSIGNMENT((#8241));
#8243=STYLED_ITEM('',(#8242),#8236);
#8244=CARTESIAN_POINT('',(-1.98E1,-3.E0,0.E0));
#8245=DIRECTION('',(7.071067811865E-1,7.071067811865E-1,0.E0));
#8246=DIRECTION('',(0.E0,0.E0,-1.E0));
#8247=AXIS2_PLACEMENT_3D('',#8244,#8245,#8246);
#8248=PLANE('',#8247);
#8250=ORIENTED_EDGE('',*,*,#8249,.T.);
#8251=ORIENTED_EDGE('',*,*,#8014,.F.);
#8252=ORIENTED_EDGE('',*,*,#8188,.F.);
#8253=ORIENTED_EDGE('',*,*,#7758,.F.);
#8254=EDGE_LOOP('',(#8250,#8251,#8252,#8253));
#8255=FACE_OUTER_BOUND('',#8254,.F.);
#8256=ADVANCED_FACE('',(#8255),#8248,.F.);
#8257=FILL_AREA_STYLE_COLOUR('',#60);
#8258=FILL_AREA_STYLE('',(#8257));
#8259=SURFACE_STYLE_FILL_AREA(#8258);
#8260=SURFACE_SIDE_STYLE('',(#8259));
#8261=SURFACE_STYLE_USAGE(.BOTH.,#8260);
#8262=PRESENTATION_STYLE_ASSIGNMENT((#8261));
#8263=STYLED_ITEM('',(#8262),#8256);
#8264=CARTESIAN_POINT('',(-1.9025E1,-2.75E0,5.7E0));
#8265=DIRECTION('',(0.E0,0.E0,1.E0));
#8266=DIRECTION('',(-1.E0,0.E0,0.E0));
#8267=AXIS2_PLACEMENT_3D('',#8264,#8265,#8266);
#8268=PLANE('',#8267);
#8270=ORIENTED_EDGE('',*,*,#8269,.F.);
#8272=ORIENTED_EDGE('',*,*,#8271,.T.);
#8274=ORIENTED_EDGE('',*,*,#8273,.F.);
#8276=ORIENTED_EDGE('',*,*,#8275,.T.);
#8277=ORIENTED_EDGE('',*,*,#8016,.F.);
#8278=ORIENTED_EDGE('',*,*,#8249,.F.);
#8279=ORIENTED_EDGE('',*,*,#7756,.T.);
#8281=ORIENTED_EDGE('',*,*,#8280,.F.);
#8283=ORIENTED_EDGE('',*,*,#8282,.F.);
#8284=EDGE_LOOP('',(#8270,#8272,#8274,#8276,#8277,#8278,#8279,#8281,#8283));
#8285=FACE_OUTER_BOUND('',#8284,.F.);
#8286=ADVANCED_FACE('',(#8285),#8268,.T.);
#8287=FILL_AREA_STYLE_COLOUR('',#60);
#8288=FILL_AREA_STYLE('',(#8287));
#8289=SURFACE_STYLE_FILL_AREA(#8288);
#8290=SURFACE_SIDE_STYLE('',(#8289));
#8291=SURFACE_STYLE_USAGE(.BOTH.,#8290);
#8292=PRESENTATION_STYLE_ASSIGNMENT((#8291));
#8293=STYLED_ITEM('',(#8292),#8286);
#8294=CARTESIAN_POINT('',(-1.866088989436E1,-2.1E0,5.720014204660E0));
#8295=DIRECTION('',(0.E0,1.E0,0.E0));
#8296=DIRECTION('',(1.E0,0.E0,0.E0));
#8297=AXIS2_PLACEMENT_3D('',#8294,#8295,#8296);
#8298=PLANE('',#8297);
#8299=ORIENTED_EDGE('',*,*,#8269,.T.);
#8301=ORIENTED_EDGE('',*,*,#8300,.T.);
#8303=ORIENTED_EDGE('',*,*,#8302,.T.);
#8304=EDGE_LOOP('',(#8299,#8301,#8303));
#8305=FACE_OUTER_BOUND('',#8304,.F.);
#8306=ADVANCED_FACE('',(#8305),#8298,.F.);
#8307=FILL_AREA_STYLE_COLOUR('',#60);
#8308=FILL_AREA_STYLE('',(#8307));
#8309=SURFACE_STYLE_FILL_AREA(#8308);
#8310=SURFACE_SIDE_STYLE('',(#8309));
#8311=SURFACE_STYLE_USAGE(.BOTH.,#8310);
#8312=PRESENTATION_STYLE_ASSIGNMENT((#8311));
#8313=STYLED_ITEM('',(#8312),#8306);
#8314=CARTESIAN_POINT('',(-1.87E1,-2.05E0,5.720014204660E0));
#8315=DIRECTION('',(1.E0,0.E0,0.E0));
#8316=DIRECTION('',(0.E0,0.E0,1.E0));
#8317=AXIS2_PLACEMENT_3D('',#8314,#8315,#8316);
#8318=PLANE('',#8317);
#8320=ORIENTED_EDGE('',*,*,#8319,.F.);
#8322=ORIENTED_EDGE('',*,*,#8321,.T.);
#8323=ORIENTED_EDGE('',*,*,#8300,.F.);
#8324=ORIENTED_EDGE('',*,*,#8282,.T.);
#8325=EDGE_LOOP('',(#8320,#8322,#8323,#8324));
#8326=FACE_OUTER_BOUND('',#8325,.F.);
#8327=ADVANCED_FACE('',(#8326),#8318,.F.);
#8328=FILL_AREA_STYLE_COLOUR('',#60);
#8329=FILL_AREA_STYLE('',(#8328));
#8330=SURFACE_STYLE_FILL_AREA(#8329);
#8331=SURFACE_SIDE_STYLE('',(#8330));
#8332=SURFACE_STYLE_USAGE(.BOTH.,#8331);
#8333=PRESENTATION_STYLE_ASSIGNMENT((#8332));
#8334=STYLED_ITEM('',(#8333),#8327);
#8335=CARTESIAN_POINT('',(-1.8125E1,-2.E0,7.75E0));
#8336=DIRECTION('',(0.E0,1.E0,0.E0));
#8337=DIRECTION('',(1.E0,0.E0,0.E0));
#8338=AXIS2_PLACEMENT_3D('',#8335,#8336,#8337);
#8339=PLANE('',#8338);
#8340=ORIENTED_EDGE('',*,*,#8319,.T.);
#8341=ORIENTED_EDGE('',*,*,#8280,.T.);
#8342=ORIENTED_EDGE('',*,*,#7754,.T.);
#8343=ORIENTED_EDGE('',*,*,#7784,.T.);
#8344=ORIENTED_EDGE('',*,*,#7824,.T.);
#8346=ORIENTED_EDGE('',*,*,#8345,.T.);
#8348=ORIENTED_EDGE('',*,*,#8347,.T.);
#8349=ORIENTED_EDGE('',*,*,#8273,.T.);
#8351=ORIENTED_EDGE('',*,*,#8350,.T.);
#8352=EDGE_LOOP('',(#8340,#8341,#8342,#8343,#8344,#8346,#8348,#8349,#8351));
#8353=FACE_OUTER_BOUND('',#8352,.F.);
#8355=ORIENTED_EDGE('',*,*,#8354,.F.);
#8357=ORIENTED_EDGE('',*,*,#8356,.F.);
#8358=EDGE_LOOP('',(#8355,#8357));
#8359=FACE_BOUND('',#8358,.F.);
#8360=ADVANCED_FACE('',(#8353,#8359),#8339,.F.);
#8361=FILL_AREA_STYLE_COLOUR('',#60);
#8362=FILL_AREA_STYLE('',(#8361));
#8363=SURFACE_STYLE_FILL_AREA(#8362);
#8364=SURFACE_SIDE_STYLE('',(#8363));
#8365=SURFACE_STYLE_USAGE(.BOTH.,#8364);
#8366=PRESENTATION_STYLE_ASSIGNMENT((#8365));
#8367=STYLED_ITEM('',(#8366),#8360);
#8368=CARTESIAN_POINT('',(-1.595E1,-2.75E0,8.65E0));
#8369=DIRECTION('',(1.E0,0.E0,0.E0));
#8370=DIRECTION('',(0.E0,0.E0,-1.E0));
#8371=AXIS2_PLACEMENT_3D('',#8368,#8369,#8370);
#8372=PLANE('',#8371);
#8373=ORIENTED_EDGE('',*,*,#8020,.F.);
#8375=ORIENTED_EDGE('',*,*,#8374,.T.);
#8376=ORIENTED_EDGE('',*,*,#8345,.F.);
#8377=ORIENTED_EDGE('',*,*,#7822,.T.);
#8379=ORIENTED_EDGE('',*,*,#8378,.F.);
#8380=EDGE_LOOP('',(#8373,#8375,#8376,#8377,#8379));
#8381=FACE_OUTER_BOUND('',#8380,.F.);
#8382=ADVANCED_FACE('',(#8381),#8372,.F.);
#8383=FILL_AREA_STYLE_COLOUR('',#60);
#8384=FILL_AREA_STYLE('',(#8383));
#8385=SURFACE_STYLE_FILL_AREA(#8384);
#8386=SURFACE_SIDE_STYLE('',(#8385));
#8387=SURFACE_STYLE_USAGE(.BOTH.,#8386);
#8388=PRESENTATION_STYLE_ASSIGNMENT((#8387));
#8389=STYLED_ITEM('',(#8388),#8382);
#8390=CARTESIAN_POINT('',(-1.774999999999E1,-2.75E0,7.499999999989E0));
#8391=DIRECTION('',(0.E0,1.E0,0.E0));
#8392=DIRECTION('',(9.994535277346E-1,0.E0,3.305519473351E-2));
#8393=AXIS2_PLACEMENT_3D('',#8390,#8391,#8392);
#8394=CYLINDRICAL_SURFACE('',#8393,1.799999999988E0);
#8395=ORIENTED_EDGE('',*,*,#8018,.F.);
#8396=ORIENTED_EDGE('',*,*,#8275,.F.);
#8397=ORIENTED_EDGE('',*,*,#8347,.F.);
#8398=ORIENTED_EDGE('',*,*,#8374,.F.);
#8399=EDGE_LOOP('',(#8395,#8396,#8397,#8398));
#8400=FACE_OUTER_BOUND('',#8399,.F.);
#8401=ADVANCED_FACE('',(#8400),#8394,.F.);
#8402=FILL_AREA_STYLE_COLOUR('',#60);
#8403=FILL_AREA_STYLE('',(#8402));
#8404=SURFACE_STYLE_FILL_AREA(#8403);
#8405=SURFACE_SIDE_STYLE('',(#8404));
#8406=SURFACE_STYLE_USAGE(.BOTH.,#8405);
#8407=PRESENTATION_STYLE_ASSIGNMENT((#8406));
#8408=STYLED_ITEM('',(#8407),#8401);
#8409=CARTESIAN_POINT('',(0.E0,-3.E0,9.3E0));
#8410=DIRECTION('',(0.E0,7.071067811865E-1,-7.071067811865E-1));
#8411=DIRECTION('',(-1.E0,0.E0,0.E0));
#8412=AXIS2_PLACEMENT_3D('',#8409,#8410,#8411);
#8413=PLANE('',#8412);
#8415=ORIENTED_EDGE('',*,*,#8414,.F.);
#8416=ORIENTED_EDGE('',*,*,#8022,.F.);
#8417=ORIENTED_EDGE('',*,*,#8378,.T.);
#8418=ORIENTED_EDGE('',*,*,#7820,.T.);
#8419=EDGE_LOOP('',(#8415,#8416,#8417,#8418));
#8420=FACE_OUTER_BOUND('',#8419,.F.);
#8421=ADVANCED_FACE('',(#8420),#8413,.F.);
#8422=FILL_AREA_STYLE_COLOUR('',#60);
#8423=FILL_AREA_STYLE('',(#8422));
#8424=SURFACE_STYLE_FILL_AREA(#8423);
#8425=SURFACE_SIDE_STYLE('',(#8424));
#8426=SURFACE_STYLE_USAGE(.BOTH.,#8425);
#8427=PRESENTATION_STYLE_ASSIGNMENT((#8426));
#8428=STYLED_ITEM('',(#8427),#8421);
#8429=CARTESIAN_POINT('',(1.595E1,-2.75E0,8.65E0));
#8430=DIRECTION('',(1.E0,0.E0,0.E0));
#8431=DIRECTION('',(0.E0,0.E0,-1.E0));
#8432=AXIS2_PLACEMENT_3D('',#8429,#8430,#8431);
#8433=PLANE('',#8432);
#8434=ORIENTED_EDGE('',*,*,#8024,.T.);
#8435=ORIENTED_EDGE('',*,*,#8414,.T.);
#8436=ORIENTED_EDGE('',*,*,#7818,.T.);
#8437=ORIENTED_EDGE('',*,*,#7881,.T.);
#8439=ORIENTED_EDGE('',*,*,#8438,.T.);
#8440=EDGE_LOOP('',(#8434,#8435,#8436,#8437,#8439));
#8441=FACE_OUTER_BOUND('',#8440,.F.);
#8442=ADVANCED_FACE('',(#8441),#8433,.T.);
#8443=FILL_AREA_STYLE_COLOUR('',#60);
#8444=FILL_AREA_STYLE('',(#8443));
#8445=SURFACE_STYLE_FILL_AREA(#8444);
#8446=SURFACE_SIDE_STYLE('',(#8445));
#8447=SURFACE_STYLE_USAGE(.BOTH.,#8446);
#8448=PRESENTATION_STYLE_ASSIGNMENT((#8447));
#8449=STYLED_ITEM('',(#8448),#8442);
#8450=CARTESIAN_POINT('',(1.774999999999E1,-2.75E0,7.499999999989E0));
#8451=DIRECTION('',(0.E0,-1.E0,0.E0));
#8452=DIRECTION('',(-9.994535277346E-1,0.E0,3.305519473351E-2));
#8453=AXIS2_PLACEMENT_3D('',#8450,#8451,#8452);
#8454=CYLINDRICAL_SURFACE('',#8453,1.799999999988E0);
#8455=ORIENTED_EDGE('',*,*,#8026,.F.);
#8456=ORIENTED_EDGE('',*,*,#8438,.F.);
#8457=ORIENTED_EDGE('',*,*,#7879,.T.);
#8458=ORIENTED_EDGE('',*,*,#7962,.F.);
#8459=EDGE_LOOP('',(#8455,#8456,#8457,#8458));
#8460=FACE_OUTER_BOUND('',#8459,.F.);
#8461=ADVANCED_FACE('',(#8460),#8454,.F.);
#8462=FILL_AREA_STYLE_COLOUR('',#60);
#8463=FILL_AREA_STYLE('',(#8462));
#8464=SURFACE_STYLE_FILL_AREA(#8463);
#8465=SURFACE_SIDE_STYLE('',(#8464));
#8466=SURFACE_STYLE_USAGE(.BOTH.,#8465);
#8467=PRESENTATION_STYLE_ASSIGNMENT((#8466));
#8468=STYLED_ITEM('',(#8467),#8461);
#8469=CARTESIAN_POINT('',(-1.774963016779E1,-2.049999999999E0,
7.500722695554E0));
#8470=DIRECTION('',(0.E0,1.E0,0.E0));
#8471=DIRECTION('',(-4.358979129010E-1,0.E0,-8.999961163964E-1));
#8472=AXIS2_PLACEMENT_3D('',#8469,#8470,#8471);
#8473=CYLINDRICAL_SURFACE('',#8472,2.000811232626E0);
#8474=ORIENTED_EDGE('',*,*,#8350,.F.);
#8475=ORIENTED_EDGE('',*,*,#8271,.F.);
#8476=ORIENTED_EDGE('',*,*,#8302,.F.);
#8477=ORIENTED_EDGE('',*,*,#8321,.F.);
#8478=EDGE_LOOP('',(#8474,#8475,#8476,#8477));
#8479=FACE_OUTER_BOUND('',#8478,.F.);
#8480=ADVANCED_FACE('',(#8479),#8473,.F.);
#8481=FILL_AREA_STYLE_COLOUR('',#60);
#8482=FILL_AREA_STYLE('',(#8481));
#8483=SURFACE_STYLE_FILL_AREA(#8482);
#8484=SURFACE_SIDE_STYLE('',(#8483));
#8485=SURFACE_STYLE_USAGE(.BOTH.,#8484);
#8486=PRESENTATION_STYLE_ASSIGNMENT((#8485));
#8487=STYLED_ITEM('',(#8486),#8480);
#8488=CARTESIAN_POINT('',(-1.775E1,-2.25E0,7.5E0));
#8489=DIRECTION('',(0.E0,1.E0,0.E0));
#8490=DIRECTION('',(9.980267284283E-1,0.E0,6.279051952917E-2));
#8491=AXIS2_PLACEMENT_3D('',#8488,#8489,#8490);
#8492=CYLINDRICAL_SURFACE('',#8491,1.699999999999E0);
#8493=ORIENTED_EDGE('',*,*,#8354,.T.);
#8495=ORIENTED_EDGE('',*,*,#8494,.F.);
#8497=ORIENTED_EDGE('',*,*,#8496,.F.);
#8499=ORIENTED_EDGE('',*,*,#8498,.F.);
#8500=EDGE_LOOP('',(#8493,#8495,#8497,#8499));
#8501=FACE_OUTER_BOUND('',#8500,.F.);
#8502=ADVANCED_FACE('',(#8501),#8492,.T.);
#8503=CARTESIAN_POINT('',(-1.775E1,-2.25E0,7.5E0));
#8504=DIRECTION('',(0.E0,1.E0,0.E0));
#8505=DIRECTION('',(-9.980267284283E-1,0.E0,-6.279051952917E-2));
#8506=AXIS2_PLACEMENT_3D('',#8503,#8504,#8505);
#8507=CYLINDRICAL_SURFACE('',#8506,1.699999999999E0);
#8508=ORIENTED_EDGE('',*,*,#8356,.T.);
#8509=ORIENTED_EDGE('',*,*,#8498,.T.);
#8511=ORIENTED_EDGE('',*,*,#8510,.F.);
#8512=ORIENTED_EDGE('',*,*,#8494,.T.);
#8513=EDGE_LOOP('',(#8508,#8509,#8511,#8512));
#8514=FACE_OUTER_BOUND('',#8513,.F.);
#8515=ADVANCED_FACE('',(#8514),#8507,.T.);
#8516=CARTESIAN_POINT('',(-1.836023978814E1,-3.496363789703E0,
7.425265157308E0));
#8517=CARTESIAN_POINT('',(-1.902121675175E1,-3.553307453573E0,
7.344316634518E0));
#8518=CARTESIAN_POINT('',(-1.949030414223E1,-3.080716175644E0,
7.286868442812E0));
#8519=CARTESIAN_POINT('',(-1.943378388885E1,-2.414800761667E0,
7.293790364865E0));
#8520=CARTESIAN_POINT('',(-1.840837223186E1,-3.496363789704E0,
7.818285751188E0));
#8521=CARTESIAN_POINT('',(-1.912148351565E1,-3.553307453576E0,
8.163034739159E0));
#8522=CARTESIAN_POINT('',(-1.962757000527E1,-3.080716175647E0,
8.407698943880E0));
#8523=CARTESIAN_POINT('',(-1.956659173724E1,-2.414800761671E0,
8.378219398861E0));
#8524=CARTESIAN_POINT('',(-1.814595696654E1,-3.496363789703E0,
8.114799069404E0));
#8525=CARTESIAN_POINT('',(-1.857483498883E1,-3.553307453575E0,
8.780714386666E0));
#8526=CARTESIAN_POINT('',(-1.887920455599E1,-3.080716175646E0,
9.253306467263E0));
#8527=CARTESIAN_POINT('',(-1.884253112284E1,-2.414800761669E0,
9.196363934409E0));
#8528=CARTESIAN_POINT('',(-1.775E1,-3.496363789701E0,8.114799069404E0));
#8529=CARTESIAN_POINT('',(-1.775E1,-3.553307453571E0,8.780714386666E0));
#8530=CARTESIAN_POINT('',(-1.775E1,-3.080716175640E0,9.253306467263E0));
#8531=CARTESIAN_POINT('',(-1.775E1,-2.414800761664E0,9.196363934408E0));
#8532=CARTESIAN_POINT('',(-1.735404303346E1,-3.496363789699E0,
8.114799069404E0));
#8533=CARTESIAN_POINT('',(-1.692516501116E1,-3.553307453566E0,
8.780714386666E0));
#8534=CARTESIAN_POINT('',(-1.662079544401E1,-3.080716175634E0,
9.253306467263E0));
#8535=CARTESIAN_POINT('',(-1.665746887717E1,-2.414800761658E0,
9.196363934408E0));
#8536=CARTESIAN_POINT('',(-1.709162776814E1,-3.496363789697E0,
7.818285751187E0));
#8537=CARTESIAN_POINT('',(-1.637851648435E1,-3.553307453562E0,
8.163034739158E0));
#8538=CARTESIAN_POINT('',(-1.587242999473E1,-3.080716175628E0,
8.407698943879E0));
#8539=CARTESIAN_POINT('',(-1.593340826277E1,-2.414800761652E0,
8.378219398861E0));
#8540=CARTESIAN_POINT('',(-1.713976021186E1,-3.496363789696E0,
7.425265157308E0));
#8541=CARTESIAN_POINT('',(-1.647878324825E1,-3.553307453560E0,
7.344316634518E0));
#8542=CARTESIAN_POINT('',(-1.600969585777E1,-3.080716175626E0,
7.286868442812E0));
#8543=CARTESIAN_POINT('',(-1.606621611116E1,-2.414800761650E0,
7.293790364865E0));
#8544=(BOUNDED_SURFACE()B_SPLINE_SURFACE(3,3,((#8516,#8517,#8518,#8519),(#8520,
#8521,#8522,#8523),(#8524,#8525,#8526,#8527),(#8528,#8529,#8530,#8531),(#8532,
#8533,#8534,#8535),(#8536,#8537,#8538,#8539),(#8540,#8541,#8542,#8543)),
.UNSPECIFIED.,.F.,.F.,.F.)B_SPLINE_SURFACE_WITH_KNOTS((4,3,4),(4,4),(0.E0,1.E0,
2.E0),(0.E0,1.E0),.UNSPECIFIED.)GEOMETRIC_REPRESENTATION_ITEM()RATIONAL_B_SPLINE_SURFACE(((1.463046185361E0,1.116099496749E0,1.116099496749E0,1.463046185361E0),(
1.134091790365E0,8.651533281440E-1,8.651533281440E-1,1.134091790365E0),(
1.134091790365E0,8.651533281440E-1,8.651533281440E-1,1.134091790365E0),(
1.463046185361E0,1.116099496749E0,1.116099496749E0,1.463046185361E0),(
1.134091790365E0,8.651533281440E-1,8.651533281440E-1,1.134091790365E0),(
1.134091790365E0,8.651533281440E-1,8.651533281440E-1,1.134091790365E0),(
1.463046185361E0,1.116099496749E0,1.116099496749E0,1.463046185361E0)))REPRESENTATION_ITEM('')SURFACE());
#8546=ORIENTED_EDGE('',*,*,#8545,.T.);
#8548=ORIENTED_EDGE('',*,*,#8547,.T.);
#8550=ORIENTED_EDGE('',*,*,#8549,.F.);
#8552=ORIENTED_EDGE('',*,*,#8551,.T.);
#8554=ORIENTED_EDGE('',*,*,#8553,.T.);
#8556=ORIENTED_EDGE('',*,*,#8555,.T.);
#8558=ORIENTED_EDGE('',*,*,#8557,.F.);
#8560=ORIENTED_EDGE('',*,*,#8559,.T.);
#8562=ORIENTED_EDGE('',*,*,#8561,.T.);
#8564=ORIENTED_EDGE('',*,*,#8563,.F.);
#8565=ORIENTED_EDGE('',*,*,#8510,.T.);
#8567=ORIENTED_EDGE('',*,*,#8566,.F.);
#8568=EDGE_LOOP('',(#8546,#8548,#8550,#8552,#8554,#8556,#8558,#8560,#8562,#8564,
#8565,#8567));
#8569=FACE_OUTER_BOUND('',#8568,.F.);
#8570=ADVANCED_FACE('',(#8569),#8544,.T.);
#8571=CARTESIAN_POINT('',(-1.675E1,-3.226969600708E0,7.5E0));
#8572=DIRECTION('',(1.E0,0.E0,0.E0));
#8573=DIRECTION('',(0.E0,0.E0,1.E0));
#8574=AXIS2_PLACEMENT_3D('',#8571,#8572,#8573);
#8575=PLANE('',#8574);
#8576=ORIENTED_EDGE('',*,*,#8545,.F.);
#8578=ORIENTED_EDGE('',*,*,#8577,.T.);
#8580=ORIENTED_EDGE('',*,*,#8579,.F.);
#8582=ORIENTED_EDGE('',*,*,#8581,.T.);
#8584=ORIENTED_EDGE('',*,*,#8583,.F.);
#8585=EDGE_LOOP('',(#8576,#8578,#8580,#8582,#8584));
#8586=FACE_OUTER_BOUND('',#8585,.F.);
#8587=ADVANCED_FACE('',(#8586),#8575,.F.);
#8588=CARTESIAN_POINT('',(-1.713976021186E1,-3.496363789703E0,
7.574734842692E0));
#8589=CARTESIAN_POINT('',(-1.647878324825E1,-3.553307453573E0,
7.655683365483E0));
#8590=CARTESIAN_POINT('',(-1.600969585777E1,-3.080716175644E0,
7.713131557189E0));
#8591=CARTESIAN_POINT('',(-1.606621611115E1,-2.414800761667E0,
7.706209635136E0));
#8592=CARTESIAN_POINT('',(-1.709162776814E1,-3.496363789704E0,
7.181714248813E0));
#8593=CARTESIAN_POINT('',(-1.637851648435E1,-3.553307453576E0,
6.836965260842E0));
#8594=CARTESIAN_POINT('',(-1.587242999472E1,-3.080716175647E0,
6.592301056122E0));
#8595=CARTESIAN_POINT('',(-1.593340826276E1,-2.414800761671E0,
6.621780601140E0));
#8596=CARTESIAN_POINT('',(-1.735404303346E1,-3.496363789703E0,
6.885200930597E0));
#8597=CARTESIAN_POINT('',(-1.692516501116E1,-3.553307453575E0,
6.219285613335E0));
#8598=CARTESIAN_POINT('',(-1.662079544400E1,-3.080716175646E0,
5.746693532738E0));
#8599=CARTESIAN_POINT('',(-1.665746887716E1,-2.414800761669E0,
5.803636065592E0));
#8600=CARTESIAN_POINT('',(-1.775E1,-3.496363789701E0,6.885200930596E0));
#8601=CARTESIAN_POINT('',(-1.775E1,-3.553307453571E0,6.219285613334E0));
#8602=CARTESIAN_POINT('',(-1.775E1,-3.080716175640E0,5.746693532737E0));
#8603=CARTESIAN_POINT('',(-1.775E1,-2.414800761664E0,5.803636065592E0));
#8604=CARTESIAN_POINT('',(-1.814595696654E1,-3.496363789699E0,
6.885200930596E0));
#8605=CARTESIAN_POINT('',(-1.857483498884E1,-3.553307453566E0,
6.219285613334E0));
#8606=CARTESIAN_POINT('',(-1.887920455599E1,-3.080716175634E0,
5.746693532736E0));
#8607=CARTESIAN_POINT('',(-1.884253112283E1,-2.414800761658E0,
5.803636065591E0));
#8608=CARTESIAN_POINT('',(-1.840837223186E1,-3.496363789697E0,
7.181714248812E0));
#8609=CARTESIAN_POINT('',(-1.912148351565E1,-3.553307453562E0,
6.836965260841E0));
#8610=CARTESIAN_POINT('',(-1.962757000527E1,-3.080716175628E0,
6.592301056119E0));
#8611=CARTESIAN_POINT('',(-1.956659173723E1,-2.414800761652E0,
6.621780601138E0));
#8612=CARTESIAN_POINT('',(-1.836023978814E1,-3.496363789696E0,
7.574734842692E0));
#8613=CARTESIAN_POINT('',(-1.902121675175E1,-3.553307453561E0,
7.655683365481E0));
#8614=CARTESIAN_POINT('',(-1.949030414223E1,-3.080716175626E0,
7.713131557187E0));
#8615=CARTESIAN_POINT('',(-1.943378388884E1,-2.414800761650E0,
7.706209635134E0));
#8616=(BOUNDED_SURFACE()B_SPLINE_SURFACE(3,3,((#8588,#8589,#8590,#8591),(#8592,
#8593,#8594,#8595),(#8596,#8597,#8598,#8599),(#8600,#8601,#8602,#8603),(#8604,
#8605,#8606,#8607),(#8608,#8609,#8610,#8611),(#8612,#8613,#8614,#8615)),
.UNSPECIFIED.,.F.,.F.,.F.)B_SPLINE_SURFACE_WITH_KNOTS((4,3,4),(4,4),(0.E0,1.E0,
2.E0),(0.E0,1.E0),.UNSPECIFIED.)GEOMETRIC_REPRESENTATION_ITEM()RATIONAL_B_SPLINE_SURFACE(((1.463046185361E0,1.116099496749E0,1.116099496749E0,1.463046185361E0),(
1.134091790365E0,8.651533281440E-1,8.651533281440E-1,1.134091790365E0),(
1.134091790365E0,8.651533281440E-1,8.651533281440E-1,1.134091790365E0),(
1.463046185361E0,1.116099496749E0,1.116099496749E0,1.463046185361E0),(
1.134091790365E0,8.651533281440E-1,8.651533281440E-1,1.134091790365E0),(
1.134091790365E0,8.651533281440E-1,8.651533281440E-1,1.134091790365E0),(
1.463046185361E0,1.116099496749E0,1.116099496749E0,1.463046185361E0)))REPRESENTATION_ITEM('')SURFACE());
#8618=ORIENTED_EDGE('',*,*,#8617,.T.);
#8620=ORIENTED_EDGE('',*,*,#8619,.T.);
#8622=ORIENTED_EDGE('',*,*,#8621,.F.);
#8624=ORIENTED_EDGE('',*,*,#8623,.T.);
#8625=ORIENTED_EDGE('',*,*,#8577,.F.);
#8626=ORIENTED_EDGE('',*,*,#8566,.T.);
#8627=ORIENTED_EDGE('',*,*,#8496,.T.);
#8628=ORIENTED_EDGE('',*,*,#8563,.T.);
#8630=ORIENTED_EDGE('',*,*,#8629,.T.);
#8632=ORIENTED_EDGE('',*,*,#8631,.T.);
#8634=ORIENTED_EDGE('',*,*,#8633,.F.);
#8636=ORIENTED_EDGE('',*,*,#8635,.T.);
#8637=EDGE_LOOP('',(#8618,#8620,#8622,#8624,#8625,#8626,#8627,#8628,#8630,#8632,
#8634,#8636));
#8638=FACE_OUTER_BOUND('',#8637,.F.);
#8639=ADVANCED_FACE('',(#8638),#8616,.T.);
#8640=CARTESIAN_POINT('',(-1.775E1,-3.227137742376E0,6.5E0));
#8641=DIRECTION('',(0.E0,0.E0,1.E0));
#8642=DIRECTION('',(1.E0,0.E0,0.E0));
#8643=AXIS2_PLACEMENT_3D('',#8640,#8641,#8642);
#8644=PLANE('',#8643);
#8645=ORIENTED_EDGE('',*,*,#8617,.F.);
#8647=ORIENTED_EDGE('',*,*,#8646,.F.);
#8649=ORIENTED_EDGE('',*,*,#8648,.T.);
#8651=ORIENTED_EDGE('',*,*,#8650,.F.);
#8652=EDGE_LOOP('',(#8645,#8647,#8649,#8651));
#8653=FACE_OUTER_BOUND('',#8652,.F.);
#8654=ADVANCED_FACE('',(#8653),#8644,.T.);
#8655=CARTESIAN_POINT('',(-1.8E1,-3.25E0,6.875E0));
#8656=DIRECTION('',(1.E0,0.E0,0.E0));
#8657=DIRECTION('',(0.E0,0.E0,-1.E0));
#8658=AXIS2_PLACEMENT_3D('',#8655,#8656,#8657);
#8659=PLANE('',#8658);
#8661=ORIENTED_EDGE('',*,*,#8660,.F.);
#8663=ORIENTED_EDGE('',*,*,#8662,.F.);
#8665=ORIENTED_EDGE('',*,*,#8664,.T.);
#8666=ORIENTED_EDGE('',*,*,#8646,.T.);
#8667=ORIENTED_EDGE('',*,*,#8635,.F.);
#8668=EDGE_LOOP('',(#8661,#8663,#8665,#8666,#8667));
#8669=FACE_OUTER_BOUND('',#8668,.F.);
#8670=ADVANCED_FACE('',(#8669),#8659,.T.);
#8671=CARTESIAN_POINT('',(-1.820191742077E1,-3.5E0,7.048082579234E0));
#8672=DIRECTION('',(0.E0,1.E0,0.E0));
#8673=DIRECTION('',(1.E0,0.E0,0.E0));
#8674=AXIS2_PLACEMENT_3D('',#8671,#8672,#8673);
#8675=PLANE('',#8674);
#8677=ORIENTED_EDGE('',*,*,#8676,.F.);
#8678=ORIENTED_EDGE('',*,*,#8660,.T.);
#8679=ORIENTED_EDGE('',*,*,#8633,.T.);
#8680=EDGE_LOOP('',(#8677,#8678,#8679));
#8681=FACE_OUTER_BOUND('',#8680,.F.);
#8682=ADVANCED_FACE('',(#8681),#8675,.F.);
#8683=CARTESIAN_POINT('',(-1.8375E1,-3.25E0,7.25E0));
#8684=DIRECTION('',(0.E0,0.E0,1.E0));
#8685=DIRECTION('',(1.E0,0.E0,0.E0));
#8686=AXIS2_PLACEMENT_3D('',#8683,#8684,#8685);
#8687=PLANE('',#8686);
#8688=ORIENTED_EDGE('',*,*,#8676,.T.);
#8689=ORIENTED_EDGE('',*,*,#8631,.F.);
#8691=ORIENTED_EDGE('',*,*,#8690,.F.);
#8693=ORIENTED_EDGE('',*,*,#8692,.T.);
#8694=ORIENTED_EDGE('',*,*,#8662,.T.);
#8695=EDGE_LOOP('',(#8688,#8689,#8691,#8693,#8694));
#8696=FACE_OUTER_BOUND('',#8695,.F.);
#8697=ADVANCED_FACE('',(#8696),#8687,.T.);
#8698=CARTESIAN_POINT('',(-1.875E1,-3.226969600708E0,7.5E0));
#8699=DIRECTION('',(1.E0,0.E0,0.E0));
#8700=DIRECTION('',(0.E0,0.E0,-1.E0));
#8701=AXIS2_PLACEMENT_3D('',#8698,#8699,#8700);
#8702=PLANE('',#8701);
#8703=ORIENTED_EDGE('',*,*,#8561,.F.);
#8705=ORIENTED_EDGE('',*,*,#8704,.F.);
#8707=ORIENTED_EDGE('',*,*,#8706,.T.);
#8708=ORIENTED_EDGE('',*,*,#8690,.T.);
#8709=ORIENTED_EDGE('',*,*,#8629,.F.);
#8710=EDGE_LOOP('',(#8703,#8705,#8707,#8708,#8709));
#8711=FACE_OUTER_BOUND('',#8710,.F.);
#8712=ADVANCED_FACE('',(#8711),#8702,.T.);
#8713=CARTESIAN_POINT('',(-1.8375E1,-3.25E0,7.75E0));
#8714=DIRECTION('',(0.E0,0.E0,1.E0));
#8715=DIRECTION('',(-1.E0,0.E0,0.E0));
#8716=AXIS2_PLACEMENT_3D('',#8713,#8714,#8715);
#8717=PLANE('',#8716);
#8718=ORIENTED_EDGE('',*,*,#8559,.F.);
#8720=ORIENTED_EDGE('',*,*,#8719,.T.);
#8722=ORIENTED_EDGE('',*,*,#8721,.F.);
#8724=ORIENTED_EDGE('',*,*,#8723,.T.);
#8725=ORIENTED_EDGE('',*,*,#8704,.T.);
#8726=EDGE_LOOP('',(#8718,#8720,#8722,#8724,#8725));
#8727=FACE_OUTER_BOUND('',#8726,.F.);
#8728=ADVANCED_FACE('',(#8727),#8717,.F.);
#8729=CARTESIAN_POINT('',(-1.820191742077E1,-3.5E0,7.951917420766E0));
#8730=DIRECTION('',(0.E0,1.E0,0.E0));
#8731=DIRECTION('',(1.E0,0.E0,0.E0));
#8732=AXIS2_PLACEMENT_3D('',#8729,#8730,#8731);
#8733=PLANE('',#8732);
#8735=ORIENTED_EDGE('',*,*,#8734,.F.);
#8736=ORIENTED_EDGE('',*,*,#8719,.F.);
#8737=ORIENTED_EDGE('',*,*,#8557,.T.);
#8738=EDGE_LOOP('',(#8735,#8736,#8737));
#8739=FACE_OUTER_BOUND('',#8738,.F.);
#8740=ADVANCED_FACE('',(#8739),#8733,.F.);
#8741=CARTESIAN_POINT('',(-1.8E1,-3.25E0,8.125E0));
#8742=DIRECTION('',(1.E0,0.E0,0.E0));
#8743=DIRECTION('',(0.E0,0.E0,-1.E0));
#8744=AXIS2_PLACEMENT_3D('',#8741,#8742,#8743);
#8745=PLANE('',#8744);
#8746=ORIENTED_EDGE('',*,*,#8555,.F.);
#8748=ORIENTED_EDGE('',*,*,#8747,.F.);
#8750=ORIENTED_EDGE('',*,*,#8749,.T.);
#8751=ORIENTED_EDGE('',*,*,#8721,.T.);
#8752=ORIENTED_EDGE('',*,*,#8734,.T.);
#8753=EDGE_LOOP('',(#8746,#8748,#8750,#8751,#8752));
#8754=FACE_OUTER_BOUND('',#8753,.F.);
#8755=ADVANCED_FACE('',(#8754),#8745,.T.);
#8756=CARTESIAN_POINT('',(-1.775E1,-3.227137742376E0,8.5E0));
#8757=DIRECTION('',(0.E0,0.E0,1.E0));
#8758=DIRECTION('',(-1.E0,0.E0,0.E0));
#8759=AXIS2_PLACEMENT_3D('',#8756,#8757,#8758);
#8760=PLANE('',#8759);
#8761=ORIENTED_EDGE('',*,*,#8553,.F.);
#8763=ORIENTED_EDGE('',*,*,#8762,.F.);
#8765=ORIENTED_EDGE('',*,*,#8764,.T.);
#8766=ORIENTED_EDGE('',*,*,#8747,.T.);
#8767=EDGE_LOOP('',(#8761,#8763,#8765,#8766));
#8768=FACE_OUTER_BOUND('',#8767,.F.);
#8769=ADVANCED_FACE('',(#8768),#8760,.F.);
#8770=CARTESIAN_POINT('',(-1.75E1,-3.25E0,8.125E0));
#8771=DIRECTION('',(1.E0,0.E0,0.E0));
#8772=DIRECTION('',(0.E0,0.E0,1.E0));
#8773=AXIS2_PLACEMENT_3D('',#8770,#8771,#8772);
#8774=PLANE('',#8773);
#8775=ORIENTED_EDGE('',*,*,#8551,.F.);
#8777=ORIENTED_EDGE('',*,*,#8776,.T.);
#8779=ORIENTED_EDGE('',*,*,#8778,.F.);
#8781=ORIENTED_EDGE('',*,*,#8780,.T.);
#8782=ORIENTED_EDGE('',*,*,#8762,.T.);
#8783=EDGE_LOOP('',(#8775,#8777,#8779,#8781,#8782));
#8784=FACE_OUTER_BOUND('',#8783,.F.);
#8785=ADVANCED_FACE('',(#8784),#8774,.F.);
#8786=CARTESIAN_POINT('',(-1.729808257924E1,-3.5E0,7.951917420766E0));
#8787=DIRECTION('',(0.E0,1.E0,0.E0));
#8788=DIRECTION('',(1.E0,0.E0,0.E0));
#8789=AXIS2_PLACEMENT_3D('',#8786,#8787,#8788);
#8790=PLANE('',#8789);
#8792=ORIENTED_EDGE('',*,*,#8791,.F.);
#8793=ORIENTED_EDGE('',*,*,#8776,.F.);
#8794=ORIENTED_EDGE('',*,*,#8549,.T.);
#8795=EDGE_LOOP('',(#8792,#8793,#8794));
#8796=FACE_OUTER_BOUND('',#8795,.F.);
#8797=ADVANCED_FACE('',(#8796),#8790,.F.);
#8798=CARTESIAN_POINT('',(-1.7125E1,-3.25E0,7.75E0));
#8799=DIRECTION('',(0.E0,0.E0,1.E0));
#8800=DIRECTION('',(-1.E0,0.E0,0.E0));
#8801=AXIS2_PLACEMENT_3D('',#8798,#8799,#8800);
#8802=PLANE('',#8801);
#8803=ORIENTED_EDGE('',*,*,#8547,.F.);
#8804=ORIENTED_EDGE('',*,*,#8583,.T.);
#8806=ORIENTED_EDGE('',*,*,#8805,.T.);
#8807=ORIENTED_EDGE('',*,*,#8778,.T.);
#8808=ORIENTED_EDGE('',*,*,#8791,.T.);
#8809=EDGE_LOOP('',(#8803,#8804,#8806,#8807,#8808));
#8810=FACE_OUTER_BOUND('',#8809,.F.);
#8811=ADVANCED_FACE('',(#8810),#8802,.F.);
#8812=CARTESIAN_POINT('',(-1.775E1,-3.E0,7.5E0));
#8813=DIRECTION('',(0.E0,1.E0,0.E0));
#8814=DIRECTION('',(-1.E0,0.E0,0.E0));
#8815=AXIS2_PLACEMENT_3D('',#8812,#8813,#8814);
#8816=PLANE('',#8815);
#8817=ORIENTED_EDGE('',*,*,#8648,.F.);
#8818=ORIENTED_EDGE('',*,*,#8664,.F.);
#8819=ORIENTED_EDGE('',*,*,#8692,.F.);
#8820=ORIENTED_EDGE('',*,*,#8706,.F.);
#8821=ORIENTED_EDGE('',*,*,#8723,.F.);
#8822=ORIENTED_EDGE('',*,*,#8749,.F.);
#8823=ORIENTED_EDGE('',*,*,#8764,.F.);
#8824=ORIENTED_EDGE('',*,*,#8780,.F.);
#8825=ORIENTED_EDGE('',*,*,#8805,.F.);
#8826=ORIENTED_EDGE('',*,*,#8581,.F.);
#8828=ORIENTED_EDGE('',*,*,#8827,.F.);
#8830=ORIENTED_EDGE('',*,*,#8829,.F.);
#8831=EDGE_LOOP('',(#8817,#8818,#8819,#8820,#8821,#8822,#8823,#8824,#8825,#8826,
#8828,#8830));
#8832=FACE_OUTER_BOUND('',#8831,.F.);
#8833=ADVANCED_FACE('',(#8832),#8816,.F.);
#8834=CARTESIAN_POINT('',(-1.7125E1,-3.25E0,7.25E0));
#8835=DIRECTION('',(0.E0,0.E0,1.E0));
#8836=DIRECTION('',(1.E0,0.E0,0.E0));
#8837=AXIS2_PLACEMENT_3D('',#8834,#8835,#8836);
#8838=PLANE('',#8837);
#8840=ORIENTED_EDGE('',*,*,#8839,.T.);
#8842=ORIENTED_EDGE('',*,*,#8841,.T.);
#8843=ORIENTED_EDGE('',*,*,#8827,.T.);
#8844=ORIENTED_EDGE('',*,*,#8579,.T.);
#8845=ORIENTED_EDGE('',*,*,#8623,.F.);
#8846=EDGE_LOOP('',(#8840,#8842,#8843,#8844,#8845));
#8847=FACE_OUTER_BOUND('',#8846,.F.);
#8848=ADVANCED_FACE('',(#8847),#8838,.T.);
#8849=CARTESIAN_POINT('',(-1.729808257924E1,-3.5E0,7.048082579234E0));
#8850=DIRECTION('',(0.E0,1.E0,0.E0));
#8851=DIRECTION('',(1.E0,0.E0,0.E0));
#8852=AXIS2_PLACEMENT_3D('',#8849,#8850,#8851);
#8853=PLANE('',#8852);
#8855=ORIENTED_EDGE('',*,*,#8854,.F.);
#8856=ORIENTED_EDGE('',*,*,#8839,.F.);
#8857=ORIENTED_EDGE('',*,*,#8621,.T.);
#8858=EDGE_LOOP('',(#8855,#8856,#8857));
#8859=FACE_OUTER_BOUND('',#8858,.F.);
#8860=ADVANCED_FACE('',(#8859),#8853,.F.);
#8861=CARTESIAN_POINT('',(-1.75E1,-3.25E0,6.875E0));
#8862=DIRECTION('',(1.E0,0.E0,0.E0));
#8863=DIRECTION('',(0.E0,0.E0,1.E0));
#8864=AXIS2_PLACEMENT_3D('',#8861,#8862,#8863);
#8865=PLANE('',#8864);
#8866=ORIENTED_EDGE('',*,*,#8854,.T.);
#8867=ORIENTED_EDGE('',*,*,#8619,.F.);
#8868=ORIENTED_EDGE('',*,*,#8650,.T.);
#8869=ORIENTED_EDGE('',*,*,#8829,.T.);
#8870=ORIENTED_EDGE('',*,*,#8841,.F.);
#8871=EDGE_LOOP('',(#8866,#8867,#8868,#8869,#8870));
#8872=FACE_OUTER_BOUND('',#8871,.F.);
#8873=ADVANCED_FACE('',(#8872),#8865,.F.);
#8874=CARTESIAN_POINT('',(-1.774999999999E1,-2.75E0,-7.499999999989E0));
#8875=DIRECTION('',(0.E0,-1.E0,0.E0));
#8876=DIRECTION('',(9.994535277346E-1,0.E0,-3.305519473351E-2));
#8877=AXIS2_PLACEMENT_3D('',#8874,#8875,#8876);
#8878=CYLINDRICAL_SURFACE('',#8877,1.799999999988E0);
#8879=ORIENTED_EDGE('',*,*,#8010,.F.);
#8880=ORIENTED_EDGE('',*,*,#8109,.F.);
#8881=ORIENTED_EDGE('',*,*,#8132,.T.);
#8882=ORIENTED_EDGE('',*,*,#8191,.F.);
#8883=EDGE_LOOP('',(#8879,#8880,#8881,#8882));
#8884=FACE_OUTER_BOUND('',#8883,.F.);
#8885=ADVANCED_FACE('',(#8884),#8878,.F.);
#8886=FILL_AREA_STYLE_COLOUR('',#60);
#8887=FILL_AREA_STYLE('',(#8886));
#8888=SURFACE_STYLE_FILL_AREA(#8887);
#8889=SURFACE_SIDE_STYLE('',(#8888));
#8890=SURFACE_STYLE_USAGE(.BOTH.,#8889);
#8891=PRESENTATION_STYLE_ASSIGNMENT((#8890));
#8892=STYLED_ITEM('',(#8891),#8885);
#8893=CARTESIAN_POINT('',(-1.775E1,-2.25E0,-7.5E0));
#8894=DIRECTION('',(0.E0,1.E0,0.E0));
#8895=DIRECTION('',(9.980267284283E-1,0.E0,6.279051952917E-2));
#8896=AXIS2_PLACEMENT_3D('',#8893,#8894,#8895);
#8897=CYLINDRICAL_SURFACE('',#8896,1.699999999999E0);
#8898=ORIENTED_EDGE('',*,*,#8142,.T.);
#8900=ORIENTED_EDGE('',*,*,#8899,.F.);
#8902=ORIENTED_EDGE('',*,*,#8901,.F.);
#8904=ORIENTED_EDGE('',*,*,#8903,.F.);
#8905=EDGE_LOOP('',(#8898,#8900,#8902,#8904));
#8906=FACE_OUTER_BOUND('',#8905,.F.);
#8907=ADVANCED_FACE('',(#8906),#8897,.T.);
#8908=CARTESIAN_POINT('',(-1.775E1,-2.25E0,-7.5E0));
#8909=DIRECTION('',(0.E0,1.E0,0.E0));
#8910=DIRECTION('',(-9.980267284283E-1,0.E0,-6.279051952917E-2));
#8911=AXIS2_PLACEMENT_3D('',#8908,#8909,#8910);
#8912=CYLINDRICAL_SURFACE('',#8911,1.699999999999E0);
#8913=ORIENTED_EDGE('',*,*,#8144,.T.);
#8914=ORIENTED_EDGE('',*,*,#8903,.T.);
#8916=ORIENTED_EDGE('',*,*,#8915,.F.);
#8917=ORIENTED_EDGE('',*,*,#8899,.T.);
#8918=EDGE_LOOP('',(#8913,#8914,#8916,#8917));
#8919=FACE_OUTER_BOUND('',#8918,.F.);
#8920=ADVANCED_FACE('',(#8919),#8912,.T.);
#8921=CARTESIAN_POINT('',(-1.836023978814E1,-3.496363789703E0,
-7.574734842692E0));
#8922=CARTESIAN_POINT('',(-1.902121675175E1,-3.553307453573E0,
-7.655683365482E0));
#8923=CARTESIAN_POINT('',(-1.949030414223E1,-3.080716175644E0,
-7.713131557188E0));
#8924=CARTESIAN_POINT('',(-1.943378388885E1,-2.414800761667E0,
-7.706209635135E0));
#8925=CARTESIAN_POINT('',(-1.840837223186E1,-3.496363789704E0,
-7.181714248812E0));
#8926=CARTESIAN_POINT('',(-1.912148351565E1,-3.553307453576E0,
-6.836965260841E0));
#8927=CARTESIAN_POINT('',(-1.962757000527E1,-3.080716175647E0,
-6.592301056120E0));
#8928=CARTESIAN_POINT('',(-1.956659173724E1,-2.414800761671E0,
-6.621780601139E0));
#8929=CARTESIAN_POINT('',(-1.814595696654E1,-3.496363789703E0,
-6.885200930596E0));
#8930=CARTESIAN_POINT('',(-1.857483498883E1,-3.553307453575E0,
-6.219285613334E0));
#8931=CARTESIAN_POINT('',(-1.887920455599E1,-3.080716175646E0,
-5.746693532737E0));
#8932=CARTESIAN_POINT('',(-1.884253112284E1,-2.414800761669E0,
-5.803636065591E0));
#8933=CARTESIAN_POINT('',(-1.775E1,-3.496363789701E0,-6.885200930596E0));
#8934=CARTESIAN_POINT('',(-1.775E1,-3.553307453571E0,-6.219285613334E0));
#8935=CARTESIAN_POINT('',(-1.775E1,-3.080716175640E0,-5.746693532737E0));
#8936=CARTESIAN_POINT('',(-1.775E1,-2.414800761664E0,-5.803636065592E0));
#8937=CARTESIAN_POINT('',(-1.735404303346E1,-3.496363789699E0,
-6.885200930596E0));
#8938=CARTESIAN_POINT('',(-1.692516501116E1,-3.553307453566E0,
-6.219285613334E0));
#8939=CARTESIAN_POINT('',(-1.662079544401E1,-3.080716175634E0,
-5.746693532737E0));
#8940=CARTESIAN_POINT('',(-1.665746887717E1,-2.414800761658E0,
-5.803636065592E0));
#8941=CARTESIAN_POINT('',(-1.709162776814E1,-3.496363789697E0,
-7.181714248813E0));
#8942=CARTESIAN_POINT('',(-1.637851648435E1,-3.553307453562E0,
-6.836965260842E0));
#8943=CARTESIAN_POINT('',(-1.587242999473E1,-3.080716175628E0,
-6.592301056121E0));
#8944=CARTESIAN_POINT('',(-1.593340826277E1,-2.414800761652E0,
-6.621780601139E0));
#8945=CARTESIAN_POINT('',(-1.713976021186E1,-3.496363789696E0,
-7.574734842692E0));
#8946=CARTESIAN_POINT('',(-1.647878324825E1,-3.553307453560E0,
-7.655683365482E0));
#8947=CARTESIAN_POINT('',(-1.600969585777E1,-3.080716175626E0,
-7.713131557188E0));
#8948=CARTESIAN_POINT('',(-1.606621611116E1,-2.414800761650E0,
-7.706209635135E0));
#8949=(BOUNDED_SURFACE()B_SPLINE_SURFACE(3,3,((#8921,#8922,#8923,#8924),(#8925,
#8926,#8927,#8928),(#8929,#8930,#8931,#8932),(#8933,#8934,#8935,#8936),(#8937,
#8938,#8939,#8940),(#8941,#8942,#8943,#8944),(#8945,#8946,#8947,#8948)),
.UNSPECIFIED.,.F.,.F.,.F.)B_SPLINE_SURFACE_WITH_KNOTS((4,3,4),(4,4),(0.E0,1.E0,
2.E0),(0.E0,1.E0),.UNSPECIFIED.)GEOMETRIC_REPRESENTATION_ITEM()RATIONAL_B_SPLINE_SURFACE(((1.463046185361E0,1.116099496749E0,1.116099496749E0,1.463046185361E0),(
1.134091790365E0,8.651533281440E-1,8.651533281440E-1,1.134091790365E0),(
1.134091790365E0,8.651533281440E-1,8.651533281440E-1,1.134091790365E0),(
1.463046185361E0,1.116099496749E0,1.116099496749E0,1.463046185361E0),(
1.134091790365E0,8.651533281440E-1,8.651533281440E-1,1.134091790365E0),(
1.134091790365E0,8.651533281440E-1,8.651533281440E-1,1.134091790365E0),(
1.463046185361E0,1.116099496749E0,1.116099496749E0,1.463046185361E0)))REPRESENTATION_ITEM('')SURFACE());
#8951=ORIENTED_EDGE('',*,*,#8950,.T.);
#8953=ORIENTED_EDGE('',*,*,#8952,.T.);
#8955=ORIENTED_EDGE('',*,*,#8954,.F.);
#8957=ORIENTED_EDGE('',*,*,#8956,.T.);
#8959=ORIENTED_EDGE('',*,*,#8958,.T.);
#8961=ORIENTED_EDGE('',*,*,#8960,.T.);
#8963=ORIENTED_EDGE('',*,*,#8962,.F.);
#8965=ORIENTED_EDGE('',*,*,#8964,.T.);
#8967=ORIENTED_EDGE('',*,*,#8966,.T.);
#8969=ORIENTED_EDGE('',*,*,#8968,.F.);
#8970=ORIENTED_EDGE('',*,*,#8915,.T.);
#8972=ORIENTED_EDGE('',*,*,#8971,.F.);
#8973=EDGE_LOOP('',(#8951,#8953,#8955,#8957,#8959,#8961,#8963,#8965,#8967,#8969,
#8970,#8972));
#8974=FACE_OUTER_BOUND('',#8973,.F.);
#8975=ADVANCED_FACE('',(#8974),#8949,.T.);
#8976=CARTESIAN_POINT('',(-1.675E1,-3.226969600708E0,-7.5E0));
#8977=DIRECTION('',(1.E0,0.E0,0.E0));
#8978=DIRECTION('',(0.E0,0.E0,1.E0));
#8979=AXIS2_PLACEMENT_3D('',#8976,#8977,#8978);
#8980=PLANE('',#8979);
#8981=ORIENTED_EDGE('',*,*,#8950,.F.);
#8983=ORIENTED_EDGE('',*,*,#8982,.T.);
#8985=ORIENTED_EDGE('',*,*,#8984,.F.);
#8987=ORIENTED_EDGE('',*,*,#8986,.T.);
#8989=ORIENTED_EDGE('',*,*,#8988,.F.);
#8990=EDGE_LOOP('',(#8981,#8983,#8985,#8987,#8989));
#8991=FACE_OUTER_BOUND('',#8990,.F.);
#8992=ADVANCED_FACE('',(#8991),#8980,.F.);
#8993=CARTESIAN_POINT('',(-1.713976021186E1,-3.496363789703E0,
-7.425265157308E0));
#8994=CARTESIAN_POINT('',(-1.647878324825E1,-3.553307453573E0,
-7.344316634517E0));
#8995=CARTESIAN_POINT('',(-1.600969585777E1,-3.080716175644E0,
-7.286868442811E0));
#8996=CARTESIAN_POINT('',(-1.606621611115E1,-2.414800761667E0,
-7.293790364864E0));
#8997=CARTESIAN_POINT('',(-1.709162776814E1,-3.496363789704E0,
-7.818285751187E0));
#8998=CARTESIAN_POINT('',(-1.637851648435E1,-3.553307453576E0,
-8.163034739158E0));
#8999=CARTESIAN_POINT('',(-1.587242999472E1,-3.080716175647E0,
-8.407698943878E0));
#9000=CARTESIAN_POINT('',(-1.593340826276E1,-2.414800761671E0,
-8.378219398860E0));
#9001=CARTESIAN_POINT('',(-1.735404303346E1,-3.496363789703E0,
-8.114799069403E0));
#9002=CARTESIAN_POINT('',(-1.692516501116E1,-3.553307453575E0,
-8.780714386665E0));
#9003=CARTESIAN_POINT('',(-1.662079544400E1,-3.080716175646E0,
-9.253306467262E0));
#9004=CARTESIAN_POINT('',(-1.665746887716E1,-2.414800761669E0,
-9.196363934408E0));
#9005=CARTESIAN_POINT('',(-1.775E1,-3.496363789701E0,-8.114799069404E0));
#9006=CARTESIAN_POINT('',(-1.775E1,-3.553307453571E0,-8.780714386666E0));
#9007=CARTESIAN_POINT('',(-1.775E1,-3.080716175640E0,-9.253306467263E0));
#9008=CARTESIAN_POINT('',(-1.775E1,-2.414800761664E0,-9.196363934408E0));
#9009=CARTESIAN_POINT('',(-1.814595696654E1,-3.496363789699E0,
-8.114799069404E0));
#9010=CARTESIAN_POINT('',(-1.857483498884E1,-3.553307453566E0,
-8.780714386666E0));
#9011=CARTESIAN_POINT('',(-1.887920455599E1,-3.080716175634E0,
-9.253306467264E0));
#9012=CARTESIAN_POINT('',(-1.884253112283E1,-2.414800761658E0,
-9.196363934409E0));
#9013=CARTESIAN_POINT('',(-1.840837223186E1,-3.496363789697E0,
-7.818285751188E0));
#9014=CARTESIAN_POINT('',(-1.912148351565E1,-3.553307453562E0,
-8.163034739159E0));
#9015=CARTESIAN_POINT('',(-1.962757000527E1,-3.080716175628E0,
-8.407698943881E0));
#9016=CARTESIAN_POINT('',(-1.956659173723E1,-2.414800761652E0,
-8.378219398862E0));
#9017=CARTESIAN_POINT('',(-1.836023978814E1,-3.496363789696E0,
-7.425265157308E0));
#9018=CARTESIAN_POINT('',(-1.902121675175E1,-3.553307453560E0,
-7.344316634519E0));
#9019=CARTESIAN_POINT('',(-1.949030414223E1,-3.080716175626E0,
-7.286868442813E0));
#9020=CARTESIAN_POINT('',(-1.943378388884E1,-2.414800761650E0,
-7.293790364866E0));
#9021=(BOUNDED_SURFACE()B_SPLINE_SURFACE(3,3,((#8993,#8994,#8995,#8996),(#8997,
#8998,#8999,#9000),(#9001,#9002,#9003,#9004),(#9005,#9006,#9007,#9008),(#9009,
#9010,#9011,#9012),(#9013,#9014,#9015,#9016),(#9017,#9018,#9019,#9020)),
.UNSPECIFIED.,.F.,.F.,.F.)B_SPLINE_SURFACE_WITH_KNOTS((4,3,4),(4,4),(0.E0,1.E0,
2.E0),(0.E0,1.E0),.UNSPECIFIED.)GEOMETRIC_REPRESENTATION_ITEM()RATIONAL_B_SPLINE_SURFACE(((1.463046185361E0,1.116099496749E0,1.116099496749E0,1.463046185361E0),(
1.134091790365E0,8.651533281440E-1,8.651533281440E-1,1.134091790365E0),(
1.134091790365E0,8.651533281440E-1,8.651533281440E-1,1.134091790365E0),(
1.463046185361E0,1.116099496749E0,1.116099496749E0,1.463046185361E0),(
1.134091790365E0,8.651533281440E-1,8.651533281440E-1,1.134091790365E0),(
1.134091790365E0,8.651533281440E-1,8.651533281440E-1,1.134091790365E0),(
1.463046185361E0,1.116099496749E0,1.116099496749E0,1.463046185361E0)))REPRESENTATION_ITEM('')SURFACE());
#9023=ORIENTED_EDGE('',*,*,#9022,.T.);
#9025=ORIENTED_EDGE('',*,*,#9024,.T.);
#9027=ORIENTED_EDGE('',*,*,#9026,.F.);
#9029=ORIENTED_EDGE('',*,*,#9028,.T.);
#9030=ORIENTED_EDGE('',*,*,#8982,.F.);
#9031=ORIENTED_EDGE('',*,*,#8971,.T.);
#9032=ORIENTED_EDGE('',*,*,#8901,.T.);
#9033=ORIENTED_EDGE('',*,*,#8968,.T.);
#9035=ORIENTED_EDGE('',*,*,#9034,.T.);
#9037=ORIENTED_EDGE('',*,*,#9036,.T.);
#9039=ORIENTED_EDGE('',*,*,#9038,.F.);
#9041=ORIENTED_EDGE('',*,*,#9040,.T.);
#9042=EDGE_LOOP('',(#9023,#9025,#9027,#9029,#9030,#9031,#9032,#9033,#9035,#9037,
#9039,#9041));
#9043=FACE_OUTER_BOUND('',#9042,.F.);
#9044=ADVANCED_FACE('',(#9043),#9021,.T.);
#9045=CARTESIAN_POINT('',(-1.775E1,-3.227137742376E0,-8.5E0));
#9046=DIRECTION('',(0.E0,0.E0,1.E0));
#9047=DIRECTION('',(1.E0,0.E0,0.E0));
#9048=AXIS2_PLACEMENT_3D('',#9045,#9046,#9047);
#9049=PLANE('',#9048);
#9050=ORIENTED_EDGE('',*,*,#9022,.F.);
#9052=ORIENTED_EDGE('',*,*,#9051,.F.);
#9054=ORIENTED_EDGE('',*,*,#9053,.T.);
#9056=ORIENTED_EDGE('',*,*,#9055,.F.);
#9057=EDGE_LOOP('',(#9050,#9052,#9054,#9056));
#9058=FACE_OUTER_BOUND('',#9057,.F.);
#9059=ADVANCED_FACE('',(#9058),#9049,.T.);
#9060=CARTESIAN_POINT('',(-1.8E1,-3.25E0,-8.125E0));
#9061=DIRECTION('',(1.E0,0.E0,0.E0));
#9062=DIRECTION('',(0.E0,0.E0,-1.E0));
#9063=AXIS2_PLACEMENT_3D('',#9060,#9061,#9062);
#9064=PLANE('',#9063);
#9066=ORIENTED_EDGE('',*,*,#9065,.F.);
#9068=ORIENTED_EDGE('',*,*,#9067,.F.);
#9070=ORIENTED_EDGE('',*,*,#9069,.T.);
#9071=ORIENTED_EDGE('',*,*,#9051,.T.);
#9072=ORIENTED_EDGE('',*,*,#9040,.F.);
#9073=EDGE_LOOP('',(#9066,#9068,#9070,#9071,#9072));
#9074=FACE_OUTER_BOUND('',#9073,.F.);
#9075=ADVANCED_FACE('',(#9074),#9064,.T.);
#9076=CARTESIAN_POINT('',(-1.820191742077E1,-3.5E0,-7.951917420766E0));
#9077=DIRECTION('',(0.E0,1.E0,0.E0));
#9078=DIRECTION('',(1.E0,0.E0,0.E0));
#9079=AXIS2_PLACEMENT_3D('',#9076,#9077,#9078);
#9080=PLANE('',#9079);
#9082=ORIENTED_EDGE('',*,*,#9081,.F.);
#9083=ORIENTED_EDGE('',*,*,#9065,.T.);
#9084=ORIENTED_EDGE('',*,*,#9038,.T.);
#9085=EDGE_LOOP('',(#9082,#9083,#9084));
#9086=FACE_OUTER_BOUND('',#9085,.F.);
#9087=ADVANCED_FACE('',(#9086),#9080,.F.);
#9088=CARTESIAN_POINT('',(-1.8375E1,-3.25E0,-7.75E0));
#9089=DIRECTION('',(0.E0,0.E0,1.E0));
#9090=DIRECTION('',(1.E0,0.E0,0.E0));
#9091=AXIS2_PLACEMENT_3D('',#9088,#9089,#9090);
#9092=PLANE('',#9091);
#9093=ORIENTED_EDGE('',*,*,#9081,.T.);
#9094=ORIENTED_EDGE('',*,*,#9036,.F.);
#9096=ORIENTED_EDGE('',*,*,#9095,.F.);
#9098=ORIENTED_EDGE('',*,*,#9097,.T.);
#9099=ORIENTED_EDGE('',*,*,#9067,.T.);
#9100=EDGE_LOOP('',(#9093,#9094,#9096,#9098,#9099));
#9101=FACE_OUTER_BOUND('',#9100,.F.);
#9102=ADVANCED_FACE('',(#9101),#9092,.T.);
#9103=CARTESIAN_POINT('',(-1.875E1,-3.226969600708E0,-7.5E0));
#9104=DIRECTION('',(1.E0,0.E0,0.E0));
#9105=DIRECTION('',(0.E0,0.E0,-1.E0));
#9106=AXIS2_PLACEMENT_3D('',#9103,#9104,#9105);
#9107=PLANE('',#9106);
#9108=ORIENTED_EDGE('',*,*,#8966,.F.);
#9110=ORIENTED_EDGE('',*,*,#9109,.F.);
#9112=ORIENTED_EDGE('',*,*,#9111,.T.);
#9113=ORIENTED_EDGE('',*,*,#9095,.T.);
#9114=ORIENTED_EDGE('',*,*,#9034,.F.);
#9115=EDGE_LOOP('',(#9108,#9110,#9112,#9113,#9114));
#9116=FACE_OUTER_BOUND('',#9115,.F.);
#9117=ADVANCED_FACE('',(#9116),#9107,.T.);
#9118=CARTESIAN_POINT('',(-1.8375E1,-3.25E0,-7.25E0));
#9119=DIRECTION('',(0.E0,0.E0,1.E0));
#9120=DIRECTION('',(-1.E0,0.E0,0.E0));
#9121=AXIS2_PLACEMENT_3D('',#9118,#9119,#9120);
#9122=PLANE('',#9121);
#9123=ORIENTED_EDGE('',*,*,#8964,.F.);
#9125=ORIENTED_EDGE('',*,*,#9124,.T.);
#9127=ORIENTED_EDGE('',*,*,#9126,.F.);
#9129=ORIENTED_EDGE('',*,*,#9128,.T.);
#9130=ORIENTED_EDGE('',*,*,#9109,.T.);
#9131=EDGE_LOOP('',(#9123,#9125,#9127,#9129,#9130));
#9132=FACE_OUTER_BOUND('',#9131,.F.);
#9133=ADVANCED_FACE('',(#9132),#9122,.F.);
#9134=CARTESIAN_POINT('',(-1.820191742077E1,-3.5E0,-7.048082579234E0));
#9135=DIRECTION('',(0.E0,1.E0,0.E0));
#9136=DIRECTION('',(1.E0,0.E0,0.E0));
#9137=AXIS2_PLACEMENT_3D('',#9134,#9135,#9136);
#9138=PLANE('',#9137);
#9140=ORIENTED_EDGE('',*,*,#9139,.F.);
#9141=ORIENTED_EDGE('',*,*,#9124,.F.);
#9142=ORIENTED_EDGE('',*,*,#8962,.T.);
#9143=EDGE_LOOP('',(#9140,#9141,#9142));
#9144=FACE_OUTER_BOUND('',#9143,.F.);
#9145=ADVANCED_FACE('',(#9144),#9138,.F.);
#9146=CARTESIAN_POINT('',(-1.8E1,-3.25E0,-6.875E0));
#9147=DIRECTION('',(1.E0,0.E0,0.E0));
#9148=DIRECTION('',(0.E0,0.E0,-1.E0));
#9149=AXIS2_PLACEMENT_3D('',#9146,#9147,#9148);
#9150=PLANE('',#9149);
#9151=ORIENTED_EDGE('',*,*,#8960,.F.);
#9153=ORIENTED_EDGE('',*,*,#9152,.F.);
#9155=ORIENTED_EDGE('',*,*,#9154,.T.);
#9156=ORIENTED_EDGE('',*,*,#9126,.T.);
#9157=ORIENTED_EDGE('',*,*,#9139,.T.);
#9158=EDGE_LOOP('',(#9151,#9153,#9155,#9156,#9157));
#9159=FACE_OUTER_BOUND('',#9158,.F.);
#9160=ADVANCED_FACE('',(#9159),#9150,.T.);
#9161=CARTESIAN_POINT('',(-1.775E1,-3.227137742376E0,-6.5E0));
#9162=DIRECTION('',(0.E0,0.E0,1.E0));
#9163=DIRECTION('',(-1.E0,0.E0,0.E0));
#9164=AXIS2_PLACEMENT_3D('',#9161,#9162,#9163);
#9165=PLANE('',#9164);
#9166=ORIENTED_EDGE('',*,*,#8958,.F.);
#9168=ORIENTED_EDGE('',*,*,#9167,.F.);
#9170=ORIENTED_EDGE('',*,*,#9169,.T.);
#9171=ORIENTED_EDGE('',*,*,#9152,.T.);
#9172=EDGE_LOOP('',(#9166,#9168,#9170,#9171));
#9173=FACE_OUTER_BOUND('',#9172,.F.);
#9174=ADVANCED_FACE('',(#9173),#9165,.F.);
#9175=CARTESIAN_POINT('',(-1.75E1,-3.25E0,-6.875E0));
#9176=DIRECTION('',(1.E0,0.E0,0.E0));
#9177=DIRECTION('',(0.E0,0.E0,1.E0));
#9178=AXIS2_PLACEMENT_3D('',#9175,#9176,#9177);
#9179=PLANE('',#9178);
#9180=ORIENTED_EDGE('',*,*,#8956,.F.);
#9182=ORIENTED_EDGE('',*,*,#9181,.T.);
#9184=ORIENTED_EDGE('',*,*,#9183,.F.);
#9186=ORIENTED_EDGE('',*,*,#9185,.T.);
#9187=ORIENTED_EDGE('',*,*,#9167,.T.);
#9188=EDGE_LOOP('',(#9180,#9182,#9184,#9186,#9187));
#9189=FACE_OUTER_BOUND('',#9188,.F.);
#9190=ADVANCED_FACE('',(#9189),#9179,.F.);
#9191=CARTESIAN_POINT('',(-1.729808257924E1,-3.5E0,-7.048082579234E0));
#9192=DIRECTION('',(0.E0,1.E0,0.E0));
#9193=DIRECTION('',(1.E0,0.E0,0.E0));
#9194=AXIS2_PLACEMENT_3D('',#9191,#9192,#9193);
#9195=PLANE('',#9194);
#9197=ORIENTED_EDGE('',*,*,#9196,.F.);
#9198=ORIENTED_EDGE('',*,*,#9181,.F.);
#9199=ORIENTED_EDGE('',*,*,#8954,.T.);
#9200=EDGE_LOOP('',(#9197,#9198,#9199));
#9201=FACE_OUTER_BOUND('',#9200,.F.);
#9202=ADVANCED_FACE('',(#9201),#9195,.F.);
#9203=CARTESIAN_POINT('',(-1.7125E1,-3.25E0,-7.25E0));
#9204=DIRECTION('',(0.E0,0.E0,1.E0));
#9205=DIRECTION('',(-1.E0,0.E0,0.E0));
#9206=AXIS2_PLACEMENT_3D('',#9203,#9204,#9205);
#9207=PLANE('',#9206);
#9208=ORIENTED_EDGE('',*,*,#8952,.F.);
#9209=ORIENTED_EDGE('',*,*,#8988,.T.);
#9211=ORIENTED_EDGE('',*,*,#9210,.T.);
#9212=ORIENTED_EDGE('',*,*,#9183,.T.);
#9213=ORIENTED_EDGE('',*,*,#9196,.T.);
#9214=EDGE_LOOP('',(#9208,#9209,#9211,#9212,#9213));
#9215=FACE_OUTER_BOUND('',#9214,.F.);
#9216=ADVANCED_FACE('',(#9215),#9207,.F.);
#9217=CARTESIAN_POINT('',(-1.775E1,-3.E0,-7.5E0));
#9218=DIRECTION('',(0.E0,1.E0,0.E0));
#9219=DIRECTION('',(-1.E0,0.E0,0.E0));
#9220=AXIS2_PLACEMENT_3D('',#9217,#9218,#9219);
#9221=PLANE('',#9220);
#9222=ORIENTED_EDGE('',*,*,#9053,.F.);
#9223=ORIENTED_EDGE('',*,*,#9069,.F.);
#9224=ORIENTED_EDGE('',*,*,#9097,.F.);
#9225=ORIENTED_EDGE('',*,*,#9111,.F.);
#9226=ORIENTED_EDGE('',*,*,#9128,.F.);
#9227=ORIENTED_EDGE('',*,*,#9154,.F.);
#9228=ORIENTED_EDGE('',*,*,#9169,.F.);
#9229=ORIENTED_EDGE('',*,*,#9185,.F.);
#9230=ORIENTED_EDGE('',*,*,#9210,.F.);
#9231=ORIENTED_EDGE('',*,*,#8986,.F.);
#9233=ORIENTED_EDGE('',*,*,#9232,.F.);
#9235=ORIENTED_EDGE('',*,*,#9234,.F.);
#9236=EDGE_LOOP('',(#9222,#9223,#9224,#9225,#9226,#9227,#9228,#9229,#9230,#9231,
#9233,#9235));
#9237=FACE_OUTER_BOUND('',#9236,.F.);
#9238=ADVANCED_FACE('',(#9237),#9221,.F.);
#9239=CARTESIAN_POINT('',(-1.7125E1,-3.25E0,-7.75E0));
#9240=DIRECTION('',(0.E0,0.E0,1.E0));
#9241=DIRECTION('',(1.E0,0.E0,0.E0));
#9242=AXIS2_PLACEMENT_3D('',#9239,#9240,#9241);
#9243=PLANE('',#9242);
#9245=ORIENTED_EDGE('',*,*,#9244,.T.);
#9247=ORIENTED_EDGE('',*,*,#9246,.T.);
#9248=ORIENTED_EDGE('',*,*,#9232,.T.);
#9249=ORIENTED_EDGE('',*,*,#8984,.T.);
#9250=ORIENTED_EDGE('',*,*,#9028,.F.);
#9251=EDGE_LOOP('',(#9245,#9247,#9248,#9249,#9250));
#9252=FACE_OUTER_BOUND('',#9251,.F.);
#9253=ADVANCED_FACE('',(#9252),#9243,.T.);
#9254=CARTESIAN_POINT('',(-1.729808257924E1,-3.5E0,-7.951917420766E0));
#9255=DIRECTION('',(0.E0,1.E0,0.E0));
#9256=DIRECTION('',(1.E0,0.E0,0.E0));
#9257=AXIS2_PLACEMENT_3D('',#9254,#9255,#9256);
#9258=PLANE('',#9257);
#9260=ORIENTED_EDGE('',*,*,#9259,.F.);
#9261=ORIENTED_EDGE('',*,*,#9244,.F.);
#9262=ORIENTED_EDGE('',*,*,#9026,.T.);
#9263=EDGE_LOOP('',(#9260,#9261,#9262));
#9264=FACE_OUTER_BOUND('',#9263,.F.);
#9265=ADVANCED_FACE('',(#9264),#9258,.F.);
#9266=CARTESIAN_POINT('',(-1.75E1,-3.25E0,-8.125E0));
#9267=DIRECTION('',(1.E0,0.E0,0.E0));
#9268=DIRECTION('',(0.E0,0.E0,1.E0));
#9269=AXIS2_PLACEMENT_3D('',#9266,#9267,#9268);
#9270=PLANE('',#9269);
#9271=ORIENTED_EDGE('',*,*,#9259,.T.);
#9272=ORIENTED_EDGE('',*,*,#9024,.F.);
#9273=ORIENTED_EDGE('',*,*,#9055,.T.);
#9274=ORIENTED_EDGE('',*,*,#9234,.T.);
#9275=ORIENTED_EDGE('',*,*,#9246,.F.);
#9276=EDGE_LOOP('',(#9271,#9272,#9273,#9274,#9275));
#9277=FACE_OUTER_BOUND('',#9276,.F.);
#9278=ADVANCED_FACE('',(#9277),#9270,.F.);
#9279=CARTESIAN_POINT('',(1.775E1,-2.25E0,7.5E0));
#9280=DIRECTION('',(0.E0,1.E0,0.E0));
#9281=DIRECTION('',(9.980267284283E-1,0.E0,6.279051952917E-2));
#9282=AXIS2_PLACEMENT_3D('',#9279,#9280,#9281);
#9283=CYLINDRICAL_SURFACE('',#9282,1.699999999999E0);
#9284=ORIENTED_EDGE('',*,*,#7892,.T.);
#9286=ORIENTED_EDGE('',*,*,#9285,.F.);
#9288=ORIENTED_EDGE('',*,*,#9287,.F.);
#9290=ORIENTED_EDGE('',*,*,#9289,.F.);
#9291=EDGE_LOOP('',(#9284,#9286,#9288,#9290));
#9292=FACE_OUTER_BOUND('',#9291,.F.);
#9293=ADVANCED_FACE('',(#9292),#9283,.T.);
#9294=CARTESIAN_POINT('',(1.775E1,-2.25E0,7.5E0));
#9295=DIRECTION('',(0.E0,1.E0,0.E0));
#9296=DIRECTION('',(-9.980267284283E-1,0.E0,-6.279051952916E-2));
#9297=AXIS2_PLACEMENT_3D('',#9294,#9295,#9296);
#9298=CYLINDRICAL_SURFACE('',#9297,1.699999999999E0);
#9299=ORIENTED_EDGE('',*,*,#7894,.T.);
#9300=ORIENTED_EDGE('',*,*,#9289,.T.);
#9302=ORIENTED_EDGE('',*,*,#9301,.F.);
#9303=ORIENTED_EDGE('',*,*,#9285,.T.);
#9304=EDGE_LOOP('',(#9299,#9300,#9302,#9303));
#9305=FACE_OUTER_BOUND('',#9304,.F.);
#9306=ADVANCED_FACE('',(#9305),#9298,.T.);
#9307=CARTESIAN_POINT('',(1.713976021186E1,-3.496363789703E0,7.425265157308E0));
#9308=CARTESIAN_POINT('',(1.647878324825E1,-3.553307453573E0,7.344316634518E0));
#9309=CARTESIAN_POINT('',(1.600969585777E1,-3.080716175644E0,7.286868442812E0));
#9310=CARTESIAN_POINT('',(1.606621611115E1,-2.414800761667E0,7.293790364865E0));
#9311=CARTESIAN_POINT('',(1.709162776814E1,-3.496363789704E0,7.818285751188E0));
#9312=CARTESIAN_POINT('',(1.637851648435E1,-3.553307453576E0,8.163034739159E0));
#9313=CARTESIAN_POINT('',(1.587242999473E1,-3.080716175647E0,8.407698943880E0));
#9314=CARTESIAN_POINT('',(1.593340826276E1,-2.414800761671E0,8.378219398861E0));
#9315=CARTESIAN_POINT('',(1.735404303346E1,-3.496363789703E0,8.114799069404E0));
#9316=CARTESIAN_POINT('',(1.692516501117E1,-3.553307453575E0,8.780714386666E0));
#9317=CARTESIAN_POINT('',(1.662079544401E1,-3.080716175646E0,9.253306467263E0));
#9318=CARTESIAN_POINT('',(1.665746887716E1,-2.414800761669E0,9.196363934409E0));
#9319=CARTESIAN_POINT('',(1.775E1,-3.496363789701E0,8.114799069404E0));
#9320=CARTESIAN_POINT('',(1.775E1,-3.553307453571E0,8.780714386666E0));
#9321=CARTESIAN_POINT('',(1.775E1,-3.080716175640E0,9.253306467263E0));
#9322=CARTESIAN_POINT('',(1.775E1,-2.414800761664E0,9.196363934408E0));
#9323=CARTESIAN_POINT('',(1.814595696654E1,-3.496363789699E0,8.114799069404E0));
#9324=CARTESIAN_POINT('',(1.857483498884E1,-3.553307453566E0,8.780714386666E0));
#9325=CARTESIAN_POINT('',(1.887920455599E1,-3.080716175634E0,9.253306467263E0));
#9326=CARTESIAN_POINT('',(1.884253112283E1,-2.414800761658E0,9.196363934408E0));
#9327=CARTESIAN_POINT('',(1.840837223186E1,-3.496363789697E0,7.818285751187E0));
#9328=CARTESIAN_POINT('',(1.912148351565E1,-3.553307453562E0,8.163034739158E0));
#9329=CARTESIAN_POINT('',(1.962757000527E1,-3.080716175628E0,8.407698943879E0));
#9330=CARTESIAN_POINT('',(1.956659173723E1,-2.414800761652E0,8.378219398861E0));
#9331=CARTESIAN_POINT('',(1.836023978814E1,-3.496363789696E0,7.425265157308E0));
#9332=CARTESIAN_POINT('',(1.902121675175E1,-3.553307453560E0,7.344316634518E0));
#9333=CARTESIAN_POINT('',(1.949030414223E1,-3.080716175626E0,7.286868442812E0));
#9334=CARTESIAN_POINT('',(1.943378388884E1,-2.414800761650E0,7.293790364865E0));
#9335=(BOUNDED_SURFACE()B_SPLINE_SURFACE(3,3,((#9307,#9308,#9309,#9310),(#9311,
#9312,#9313,#9314),(#9315,#9316,#9317,#9318),(#9319,#9320,#9321,#9322),(#9323,
#9324,#9325,#9326),(#9327,#9328,#9329,#9330),(#9331,#9332,#9333,#9334)),
.UNSPECIFIED.,.F.,.F.,.F.)B_SPLINE_SURFACE_WITH_KNOTS((4,3,4),(4,4),(0.E0,1.E0,
2.E0),(0.E0,1.E0),.UNSPECIFIED.)GEOMETRIC_REPRESENTATION_ITEM()RATIONAL_B_SPLINE_SURFACE(((1.463046185361E0,1.116099496749E0,1.116099496749E0,1.463046185361E0),(
1.134091790365E0,8.651533281440E-1,8.651533281440E-1,1.134091790365E0),(
1.134091790365E0,8.651533281441E-1,8.651533281441E-1,1.134091790365E0),(
1.463046185361E0,1.116099496749E0,1.116099496749E0,1.463046185361E0),(
1.134091790365E0,8.651533281441E-1,8.651533281441E-1,1.134091790365E0),(
1.134091790365E0,8.651533281440E-1,8.651533281440E-1,1.134091790365E0),(
1.463046185361E0,1.116099496749E0,1.116099496749E0,1.463046185361E0)))REPRESENTATION_ITEM('')SURFACE());
#9337=ORIENTED_EDGE('',*,*,#9336,.T.);
#9339=ORIENTED_EDGE('',*,*,#9338,.T.);
#9341=ORIENTED_EDGE('',*,*,#9340,.F.);
#9343=ORIENTED_EDGE('',*,*,#9342,.T.);
#9345=ORIENTED_EDGE('',*,*,#9344,.T.);
#9347=ORIENTED_EDGE('',*,*,#9346,.T.);
#9349=ORIENTED_EDGE('',*,*,#9348,.F.);
#9351=ORIENTED_EDGE('',*,*,#9350,.T.);
#9353=ORIENTED_EDGE('',*,*,#9352,.T.);
#9355=ORIENTED_EDGE('',*,*,#9354,.F.);
#9356=ORIENTED_EDGE('',*,*,#9301,.T.);
#9358=ORIENTED_EDGE('',*,*,#9357,.F.);
#9359=EDGE_LOOP('',(#9337,#9339,#9341,#9343,#9345,#9347,#9349,#9351,#9353,#9355,
#9356,#9358));
#9360=FACE_OUTER_BOUND('',#9359,.F.);
#9361=ADVANCED_FACE('',(#9360),#9335,.T.);
#9362=CARTESIAN_POINT('',(1.875E1,-3.226969600708E0,7.5E0));
#9363=DIRECTION('',(1.E0,0.E0,0.E0));
#9364=DIRECTION('',(0.E0,0.E0,1.E0));
#9365=AXIS2_PLACEMENT_3D('',#9362,#9363,#9364);
#9366=PLANE('',#9365);
#9367=ORIENTED_EDGE('',*,*,#9336,.F.);
#9369=ORIENTED_EDGE('',*,*,#9368,.T.);
#9371=ORIENTED_EDGE('',*,*,#9370,.F.);
#9373=ORIENTED_EDGE('',*,*,#9372,.T.);
#9375=ORIENTED_EDGE('',*,*,#9374,.F.);
#9376=EDGE_LOOP('',(#9367,#9369,#9371,#9373,#9375));
#9377=FACE_OUTER_BOUND('',#9376,.F.);
#9378=ADVANCED_FACE('',(#9377),#9366,.F.);
#9379=CARTESIAN_POINT('',(1.836023978814E1,-3.496363789703E0,7.574734842692E0));
#9380=CARTESIAN_POINT('',(1.902121675175E1,-3.553307453573E0,7.655683365483E0));
#9381=CARTESIAN_POINT('',(1.949030414223E1,-3.080716175644E0,7.713131557189E0));
#9382=CARTESIAN_POINT('',(1.943378388885E1,-2.414800761667E0,7.706209635136E0));
#9383=CARTESIAN_POINT('',(1.840837223186E1,-3.496363789704E0,7.181714248813E0));
#9384=CARTESIAN_POINT('',(1.912148351565E1,-3.553307453576E0,6.836965260842E0));
#9385=CARTESIAN_POINT('',(1.962757000528E1,-3.080716175647E0,6.592301056122E0));
#9386=CARTESIAN_POINT('',(1.956659173724E1,-2.414800761671E0,6.621780601140E0));
#9387=CARTESIAN_POINT('',(1.814595696654E1,-3.496363789703E0,6.885200930597E0));
#9388=CARTESIAN_POINT('',(1.857483498884E1,-3.553307453575E0,6.219285613335E0));
#9389=CARTESIAN_POINT('',(1.887920455600E1,-3.080716175646E0,5.746693532738E0));
#9390=CARTESIAN_POINT('',(1.884253112284E1,-2.414800761669E0,5.803636065592E0));
#9391=CARTESIAN_POINT('',(1.775E1,-3.496363789701E0,6.885200930596E0));
#9392=CARTESIAN_POINT('',(1.775E1,-3.553307453571E0,6.219285613334E0));
#9393=CARTESIAN_POINT('',(1.775E1,-3.080716175640E0,5.746693532737E0));
#9394=CARTESIAN_POINT('',(1.775E1,-2.414800761664E0,5.803636065592E0));
#9395=CARTESIAN_POINT('',(1.735404303346E1,-3.496363789699E0,6.885200930596E0));
#9396=CARTESIAN_POINT('',(1.692516501116E1,-3.553307453566E0,6.219285613334E0));
#9397=CARTESIAN_POINT('',(1.662079544401E1,-3.080716175634E0,5.746693532736E0));
#9398=CARTESIAN_POINT('',(1.665746887717E1,-2.414800761658E0,5.803636065591E0));
#9399=CARTESIAN_POINT('',(1.709162776814E1,-3.496363789697E0,7.181714248812E0));
#9400=CARTESIAN_POINT('',(1.637851648435E1,-3.553307453562E0,6.836965260841E0));
#9401=CARTESIAN_POINT('',(1.587242999473E1,-3.080716175628E0,6.592301056119E0));
#9402=CARTESIAN_POINT('',(1.593340826277E1,-2.414800761652E0,6.621780601138E0));
#9403=CARTESIAN_POINT('',(1.713976021186E1,-3.496363789696E0,7.574734842692E0));
#9404=CARTESIAN_POINT('',(1.647878324825E1,-3.553307453560E0,7.655683365481E0));
#9405=CARTESIAN_POINT('',(1.600969585777E1,-3.080716175626E0,7.713131557187E0));
#9406=CARTESIAN_POINT('',(1.606621611116E1,-2.414800761650E0,7.706209635134E0));
#9407=(BOUNDED_SURFACE()B_SPLINE_SURFACE(3,3,((#9379,#9380,#9381,#9382),(#9383,
#9384,#9385,#9386),(#9387,#9388,#9389,#9390),(#9391,#9392,#9393,#9394),(#9395,
#9396,#9397,#9398),(#9399,#9400,#9401,#9402),(#9403,#9404,#9405,#9406)),
.UNSPECIFIED.,.F.,.F.,.F.)B_SPLINE_SURFACE_WITH_KNOTS((4,3,4),(4,4),(0.E0,1.E0,
2.E0),(0.E0,1.E0),.UNSPECIFIED.)GEOMETRIC_REPRESENTATION_ITEM()RATIONAL_B_SPLINE_SURFACE(((1.463046185361E0,1.116099496749E0,1.116099496749E0,1.463046185361E0),(
1.134091790365E0,8.651533281440E-1,8.651533281440E-1,1.134091790365E0),(
1.134091790365E0,8.651533281440E-1,8.651533281440E-1,1.134091790365E0),(
1.463046185361E0,1.116099496749E0,1.116099496749E0,1.463046185361E0),(
1.134091790365E0,8.651533281440E-1,8.651533281440E-1,1.134091790365E0),(
1.134091790365E0,8.651533281440E-1,8.651533281440E-1,1.134091790365E0),(
1.463046185361E0,1.116099496749E0,1.116099496749E0,1.463046185361E0)))REPRESENTATION_ITEM('')SURFACE());
#9409=ORIENTED_EDGE('',*,*,#9408,.T.);
#9411=ORIENTED_EDGE('',*,*,#9410,.T.);
#9413=ORIENTED_EDGE('',*,*,#9412,.F.);
#9415=ORIENTED_EDGE('',*,*,#9414,.T.);
#9416=ORIENTED_EDGE('',*,*,#9368,.F.);
#9417=ORIENTED_EDGE('',*,*,#9357,.T.);
#9418=ORIENTED_EDGE('',*,*,#9287,.T.);
#9419=ORIENTED_EDGE('',*,*,#9354,.T.);
#9421=ORIENTED_EDGE('',*,*,#9420,.T.);
#9423=ORIENTED_EDGE('',*,*,#9422,.T.);
#9425=ORIENTED_EDGE('',*,*,#9424,.F.);
#9427=ORIENTED_EDGE('',*,*,#9426,.T.);
#9428=EDGE_LOOP('',(#9409,#9411,#9413,#9415,#9416,#9417,#9418,#9419,#9421,#9423,
#9425,#9427));
#9429=FACE_OUTER_BOUND('',#9428,.F.);
#9430=ADVANCED_FACE('',(#9429),#9407,.T.);
#9431=CARTESIAN_POINT('',(1.775E1,-3.227137742376E0,6.5E0));
#9432=DIRECTION('',(0.E0,0.E0,1.E0));
#9433=DIRECTION('',(1.E0,0.E0,0.E0));
#9434=AXIS2_PLACEMENT_3D('',#9431,#9432,#9433);
#9435=PLANE('',#9434);
#9436=ORIENTED_EDGE('',*,*,#9408,.F.);
#9438=ORIENTED_EDGE('',*,*,#9437,.F.);
#9440=ORIENTED_EDGE('',*,*,#9439,.T.);
#9442=ORIENTED_EDGE('',*,*,#9441,.F.);
#9443=EDGE_LOOP('',(#9436,#9438,#9440,#9442));
#9444=FACE_OUTER_BOUND('',#9443,.F.);
#9445=ADVANCED_FACE('',(#9444),#9435,.T.);
#9446=CARTESIAN_POINT('',(1.75E1,-3.25E0,6.875E0));
#9447=DIRECTION('',(1.E0,0.E0,0.E0));
#9448=DIRECTION('',(0.E0,0.E0,-1.E0));
#9449=AXIS2_PLACEMENT_3D('',#9446,#9447,#9448);
#9450=PLANE('',#9449);
#9452=ORIENTED_EDGE('',*,*,#9451,.F.);
#9454=ORIENTED_EDGE('',*,*,#9453,.F.);
#9456=ORIENTED_EDGE('',*,*,#9455,.T.);
#9457=ORIENTED_EDGE('',*,*,#9437,.T.);
#9458=ORIENTED_EDGE('',*,*,#9426,.F.);
#9459=EDGE_LOOP('',(#9452,#9454,#9456,#9457,#9458));
#9460=FACE_OUTER_BOUND('',#9459,.F.);
#9461=ADVANCED_FACE('',(#9460),#9450,.T.);
#9462=CARTESIAN_POINT('',(1.729808257923E1,-3.5E0,7.048082579234E0));
#9463=DIRECTION('',(0.E0,1.E0,0.E0));
#9464=DIRECTION('',(1.E0,0.E0,0.E0));
#9465=AXIS2_PLACEMENT_3D('',#9462,#9463,#9464);
#9466=PLANE('',#9465);
#9468=ORIENTED_EDGE('',*,*,#9467,.F.);
#9469=ORIENTED_EDGE('',*,*,#9451,.T.);
#9470=ORIENTED_EDGE('',*,*,#9424,.T.);
#9471=EDGE_LOOP('',(#9468,#9469,#9470));
#9472=FACE_OUTER_BOUND('',#9471,.F.);
#9473=ADVANCED_FACE('',(#9472),#9466,.F.);
#9474=CARTESIAN_POINT('',(1.7125E1,-3.25E0,7.25E0));
#9475=DIRECTION('',(0.E0,0.E0,1.E0));
#9476=DIRECTION('',(1.E0,0.E0,0.E0));
#9477=AXIS2_PLACEMENT_3D('',#9474,#9475,#9476);
#9478=PLANE('',#9477);
#9479=ORIENTED_EDGE('',*,*,#9467,.T.);
#9480=ORIENTED_EDGE('',*,*,#9422,.F.);
#9482=ORIENTED_EDGE('',*,*,#9481,.F.);
#9484=ORIENTED_EDGE('',*,*,#9483,.T.);
#9485=ORIENTED_EDGE('',*,*,#9453,.T.);
#9486=EDGE_LOOP('',(#9479,#9480,#9482,#9484,#9485));
#9487=FACE_OUTER_BOUND('',#9486,.F.);
#9488=ADVANCED_FACE('',(#9487),#9478,.T.);
#9489=CARTESIAN_POINT('',(1.675E1,-3.226969600708E0,7.5E0));
#9490=DIRECTION('',(1.E0,0.E0,0.E0));
#9491=DIRECTION('',(0.E0,0.E0,-1.E0));
#9492=AXIS2_PLACEMENT_3D('',#9489,#9490,#9491);
#9493=PLANE('',#9492);
#9494=ORIENTED_EDGE('',*,*,#9352,.F.);
#9496=ORIENTED_EDGE('',*,*,#9495,.F.);
#9498=ORIENTED_EDGE('',*,*,#9497,.T.);
#9499=ORIENTED_EDGE('',*,*,#9481,.T.);
#9500=ORIENTED_EDGE('',*,*,#9420,.F.);
#9501=EDGE_LOOP('',(#9494,#9496,#9498,#9499,#9500));
#9502=FACE_OUTER_BOUND('',#9501,.F.);
#9503=ADVANCED_FACE('',(#9502),#9493,.T.);
#9504=CARTESIAN_POINT('',(1.7125E1,-3.25E0,7.75E0));
#9505=DIRECTION('',(0.E0,0.E0,1.E0));
#9506=DIRECTION('',(-1.E0,0.E0,0.E0));
#9507=AXIS2_PLACEMENT_3D('',#9504,#9505,#9506);
#9508=PLANE('',#9507);
#9509=ORIENTED_EDGE('',*,*,#9350,.F.);
#9511=ORIENTED_EDGE('',*,*,#9510,.T.);
#9513=ORIENTED_EDGE('',*,*,#9512,.F.);
#9515=ORIENTED_EDGE('',*,*,#9514,.T.);
#9516=ORIENTED_EDGE('',*,*,#9495,.T.);
#9517=EDGE_LOOP('',(#9509,#9511,#9513,#9515,#9516));
#9518=FACE_OUTER_BOUND('',#9517,.F.);
#9519=ADVANCED_FACE('',(#9518),#9508,.F.);
#9520=CARTESIAN_POINT('',(1.729808257923E1,-3.5E0,7.951917420766E0));
#9521=DIRECTION('',(0.E0,1.E0,0.E0));
#9522=DIRECTION('',(1.E0,0.E0,0.E0));
#9523=AXIS2_PLACEMENT_3D('',#9520,#9521,#9522);
#9524=PLANE('',#9523);
#9526=ORIENTED_EDGE('',*,*,#9525,.F.);
#9527=ORIENTED_EDGE('',*,*,#9510,.F.);
#9528=ORIENTED_EDGE('',*,*,#9348,.T.);
#9529=EDGE_LOOP('',(#9526,#9527,#9528));
#9530=FACE_OUTER_BOUND('',#9529,.F.);
#9531=ADVANCED_FACE('',(#9530),#9524,.F.);
#9532=CARTESIAN_POINT('',(1.75E1,-3.25E0,8.125E0));
#9533=DIRECTION('',(1.E0,0.E0,0.E0));
#9534=DIRECTION('',(0.E0,0.E0,-1.E0));
#9535=AXIS2_PLACEMENT_3D('',#9532,#9533,#9534);
#9536=PLANE('',#9535);
#9537=ORIENTED_EDGE('',*,*,#9346,.F.);
#9539=ORIENTED_EDGE('',*,*,#9538,.F.);
#9541=ORIENTED_EDGE('',*,*,#9540,.T.);
#9542=ORIENTED_EDGE('',*,*,#9512,.T.);
#9543=ORIENTED_EDGE('',*,*,#9525,.T.);
#9544=EDGE_LOOP('',(#9537,#9539,#9541,#9542,#9543));
#9545=FACE_OUTER_BOUND('',#9544,.F.);
#9546=ADVANCED_FACE('',(#9545),#9536,.T.);
#9547=CARTESIAN_POINT('',(1.775E1,-3.227137742376E0,8.5E0));
#9548=DIRECTION('',(0.E0,0.E0,1.E0));
#9549=DIRECTION('',(-1.E0,0.E0,0.E0));
#9550=AXIS2_PLACEMENT_3D('',#9547,#9548,#9549);
#9551=PLANE('',#9550);
#9552=ORIENTED_EDGE('',*,*,#9344,.F.);
#9554=ORIENTED_EDGE('',*,*,#9553,.F.);
#9556=ORIENTED_EDGE('',*,*,#9555,.T.);
#9557=ORIENTED_EDGE('',*,*,#9538,.T.);
#9558=EDGE_LOOP('',(#9552,#9554,#9556,#9557));
#9559=FACE_OUTER_BOUND('',#9558,.F.);
#9560=ADVANCED_FACE('',(#9559),#9551,.F.);
#9561=CARTESIAN_POINT('',(1.8E1,-3.25E0,8.125E0));
#9562=DIRECTION('',(1.E0,0.E0,0.E0));
#9563=DIRECTION('',(0.E0,0.E0,1.E0));
#9564=AXIS2_PLACEMENT_3D('',#9561,#9562,#9563);
#9565=PLANE('',#9564);
#9566=ORIENTED_EDGE('',*,*,#9342,.F.);
#9568=ORIENTED_EDGE('',*,*,#9567,.T.);
#9570=ORIENTED_EDGE('',*,*,#9569,.F.);
#9572=ORIENTED_EDGE('',*,*,#9571,.T.);
#9573=ORIENTED_EDGE('',*,*,#9553,.T.);
#9574=EDGE_LOOP('',(#9566,#9568,#9570,#9572,#9573));
#9575=FACE_OUTER_BOUND('',#9574,.F.);
#9576=ADVANCED_FACE('',(#9575),#9565,.F.);
#9577=CARTESIAN_POINT('',(1.820191742076E1,-3.5E0,7.951917420766E0));
#9578=DIRECTION('',(0.E0,1.E0,0.E0));
#9579=DIRECTION('',(1.E0,0.E0,0.E0));
#9580=AXIS2_PLACEMENT_3D('',#9577,#9578,#9579);
#9581=PLANE('',#9580);
#9583=ORIENTED_EDGE('',*,*,#9582,.F.);
#9584=ORIENTED_EDGE('',*,*,#9567,.F.);
#9585=ORIENTED_EDGE('',*,*,#9340,.T.);
#9586=EDGE_LOOP('',(#9583,#9584,#9585));
#9587=FACE_OUTER_BOUND('',#9586,.F.);
#9588=ADVANCED_FACE('',(#9587),#9581,.F.);
#9589=CARTESIAN_POINT('',(1.8375E1,-3.25E0,7.75E0));
#9590=DIRECTION('',(0.E0,0.E0,1.E0));
#9591=DIRECTION('',(-1.E0,0.E0,0.E0));
#9592=AXIS2_PLACEMENT_3D('',#9589,#9590,#9591);
#9593=PLANE('',#9592);
#9594=ORIENTED_EDGE('',*,*,#9338,.F.);
#9595=ORIENTED_EDGE('',*,*,#9374,.T.);
#9597=ORIENTED_EDGE('',*,*,#9596,.T.);
#9598=ORIENTED_EDGE('',*,*,#9569,.T.);
#9599=ORIENTED_EDGE('',*,*,#9582,.T.);
#9600=EDGE_LOOP('',(#9594,#9595,#9597,#9598,#9599));
#9601=FACE_OUTER_BOUND('',#9600,.F.);
#9602=ADVANCED_FACE('',(#9601),#9593,.F.);
#9603=CARTESIAN_POINT('',(1.775E1,-3.E0,7.5E0));
#9604=DIRECTION('',(0.E0,1.E0,0.E0));
#9605=DIRECTION('',(-1.E0,0.E0,0.E0));
#9606=AXIS2_PLACEMENT_3D('',#9603,#9604,#9605);
#9607=PLANE('',#9606);
#9608=ORIENTED_EDGE('',*,*,#9439,.F.);
#9609=ORIENTED_EDGE('',*,*,#9455,.F.);
#9610=ORIENTED_EDGE('',*,*,#9483,.F.);
#9611=ORIENTED_EDGE('',*,*,#9497,.F.);
#9612=ORIENTED_EDGE('',*,*,#9514,.F.);
#9613=ORIENTED_EDGE('',*,*,#9540,.F.);
#9614=ORIENTED_EDGE('',*,*,#9555,.F.);
#9615=ORIENTED_EDGE('',*,*,#9571,.F.);
#9616=ORIENTED_EDGE('',*,*,#9596,.F.);
#9617=ORIENTED_EDGE('',*,*,#9372,.F.);
#9619=ORIENTED_EDGE('',*,*,#9618,.F.);
#9621=ORIENTED_EDGE('',*,*,#9620,.F.);
#9622=EDGE_LOOP('',(#9608,#9609,#9610,#9611,#9612,#9613,#9614,#9615,#9616,#9617,
#9619,#9621));
#9623=FACE_OUTER_BOUND('',#9622,.F.);
#9624=ADVANCED_FACE('',(#9623),#9607,.F.);
#9625=CARTESIAN_POINT('',(1.8375E1,-3.25E0,7.25E0));
#9626=DIRECTION('',(0.E0,0.E0,1.E0));
#9627=DIRECTION('',(1.E0,0.E0,0.E0));
#9628=AXIS2_PLACEMENT_3D('',#9625,#9626,#9627);
#9629=PLANE('',#9628);
#9631=ORIENTED_EDGE('',*,*,#9630,.T.);
#9633=ORIENTED_EDGE('',*,*,#9632,.T.);
#9634=ORIENTED_EDGE('',*,*,#9618,.T.);
#9635=ORIENTED_EDGE('',*,*,#9370,.T.);
#9636=ORIENTED_EDGE('',*,*,#9414,.F.);
#9637=EDGE_LOOP('',(#9631,#9633,#9634,#9635,#9636));
#9638=FACE_OUTER_BOUND('',#9637,.F.);
#9639=ADVANCED_FACE('',(#9638),#9629,.T.);
#9640=CARTESIAN_POINT('',(1.820191742076E1,-3.5E0,7.048082579234E0));
#9641=DIRECTION('',(0.E0,1.E0,0.E0));
#9642=DIRECTION('',(1.E0,0.E0,0.E0));
#9643=AXIS2_PLACEMENT_3D('',#9640,#9641,#9642);
#9644=PLANE('',#9643);
#9646=ORIENTED_EDGE('',*,*,#9645,.F.);
#9647=ORIENTED_EDGE('',*,*,#9630,.F.);
#9648=ORIENTED_EDGE('',*,*,#9412,.T.);
#9649=EDGE_LOOP('',(#9646,#9647,#9648));
#9650=FACE_OUTER_BOUND('',#9649,.F.);
#9651=ADVANCED_FACE('',(#9650),#9644,.F.);
#9652=CARTESIAN_POINT('',(1.8E1,-3.25E0,6.875E0));
#9653=DIRECTION('',(1.E0,0.E0,0.E0));
#9654=DIRECTION('',(0.E0,0.E0,1.E0));
#9655=AXIS2_PLACEMENT_3D('',#9652,#9653,#9654);
#9656=PLANE('',#9655);
#9657=ORIENTED_EDGE('',*,*,#9645,.T.);
#9658=ORIENTED_EDGE('',*,*,#9410,.F.);
#9659=ORIENTED_EDGE('',*,*,#9441,.T.);
#9660=ORIENTED_EDGE('',*,*,#9620,.T.);
#9661=ORIENTED_EDGE('',*,*,#9632,.F.);
#9662=EDGE_LOOP('',(#9657,#9658,#9659,#9660,#9661));
#9663=FACE_OUTER_BOUND('',#9662,.F.);
#9664=ADVANCED_FACE('',(#9663),#9656,.F.);
#9665=CARTESIAN_POINT('',(1.88E1,2.93E1,8.299999999999E0));
#9666=DIRECTION('',(-2.311579270231E-12,-1.E0,1.355177357517E-11));
#9667=DIRECTION('',(9.985231407908E-1,-3.044403878377E-12,-5.432805265445E-2));
#9668=AXIS2_PLACEMENT_3D('',#9665,#9666,#9667);
#9669=TOROIDAL_SURFACE('',#9668,1.300000000005E0,1.999999999987E-1);
#9670=ORIENTED_EDGE('',*,*,#7848,.T.);
#9672=ORIENTED_EDGE('',*,*,#9671,.F.);
#9674=ORIENTED_EDGE('',*,*,#9673,.T.);
#9676=ORIENTED_EDGE('',*,*,#9675,.F.);
#9677=EDGE_LOOP('',(#9670,#9672,#9674,#9676));
#9678=FACE_OUTER_BOUND('',#9677,.F.);
#9679=ADVANCED_FACE('',(#9678),#9669,.T.);
#9680=FILL_AREA_STYLE_COLOUR('',#60);
#9681=FILL_AREA_STYLE('',(#9680));
#9682=SURFACE_STYLE_FILL_AREA(#9681);
#9683=SURFACE_SIDE_STYLE('',(#9682));
#9684=SURFACE_STYLE_USAGE(.BOTH.,#9683);
#9685=PRESENTATION_STYLE_ASSIGNMENT((#9684));
#9686=STYLED_ITEM('',(#9685),#9679);
#9687=CARTESIAN_POINT('',(-1.403321903126E-12,2.929999999999E1,
9.599999999995E0));
#9688=DIRECTION('',(-1.E0,0.E0,0.E0));
#9689=DIRECTION('',(0.E0,-3.460017468635E-1,9.382338680561E-1));
#9690=AXIS2_PLACEMENT_3D('',#9687,#9688,#9689);
#9691=CYLINDRICAL_SURFACE('',#9690,1.999884303494E-1);
#9692=ORIENTED_EDGE('',*,*,#7827,.T.);
#9694=ORIENTED_EDGE('',*,*,#9693,.F.);
#9696=ORIENTED_EDGE('',*,*,#9695,.T.);
#9697=ORIENTED_EDGE('',*,*,#9671,.T.);
#9698=EDGE_LOOP('',(#9692,#9694,#9696,#9697));
#9699=FACE_OUTER_BOUND('',#9698,.F.);
#9700=ADVANCED_FACE('',(#9699),#9691,.T.);
#9701=FILL_AREA_STYLE_COLOUR('',#60);
#9702=FILL_AREA_STYLE('',(#9701));
#9703=SURFACE_STYLE_FILL_AREA(#9702);
#9704=SURFACE_SIDE_STYLE('',(#9703));
#9705=SURFACE_STYLE_USAGE(.BOTH.,#9704);
#9706=PRESENTATION_STYLE_ASSIGNMENT((#9705));
#9707=STYLED_ITEM('',(#9706),#9700);
#9708=CARTESIAN_POINT('',(-1.88E1,2.929999999999E1,8.300000000003E0));
#9709=DIRECTION('',(9.461678584507E-13,-1.E0,2.062360898486E-11));
#9710=DIRECTION('',(5.432805265490E-2,2.064455314817E-11,9.985231407908E-1));
#9711=AXIS2_PLACEMENT_3D('',#9708,#9709,#9710);
#9712=TOROIDAL_SURFACE('',#9711,1.3E0,1.999999999981E-1);
#9713=ORIENTED_EDGE('',*,*,#7797,.T.);
#9715=ORIENTED_EDGE('',*,*,#9714,.F.);
#9717=ORIENTED_EDGE('',*,*,#9716,.T.);
#9718=ORIENTED_EDGE('',*,*,#9693,.T.);
#9719=EDGE_LOOP('',(#9713,#9715,#9717,#9718));
#9720=FACE_OUTER_BOUND('',#9719,.F.);
#9721=ADVANCED_FACE('',(#9720),#9712,.T.);
#9722=FILL_AREA_STYLE_COLOUR('',#60);
#9723=FILL_AREA_STYLE('',(#9722));
#9724=SURFACE_STYLE_FILL_AREA(#9723);
#9725=SURFACE_SIDE_STYLE('',(#9724));
#9726=SURFACE_STYLE_USAGE(.BOTH.,#9725);
#9727=PRESENTATION_STYLE_ASSIGNMENT((#9726));
#9728=STYLED_ITEM('',(#9727),#9721);
#9729=CARTESIAN_POINT('',(-2.01E1,2.929999999999E1,-1.399769189447E-12));
#9730=DIRECTION('',(0.E0,0.E0,-1.E0));
#9731=DIRECTION('',(-9.382338680545E-1,-3.460017468676E-1,0.E0));
#9732=AXIS2_PLACEMENT_3D('',#9729,#9730,#9731);
#9733=CYLINDRICAL_SURFACE('',#9732,1.999884303475E-1);
#9735=ORIENTED_EDGE('',*,*,#9734,.T.);
#9737=ORIENTED_EDGE('',*,*,#9736,.F.);
#9739=ORIENTED_EDGE('',*,*,#9738,.T.);
#9740=ORIENTED_EDGE('',*,*,#9714,.T.);
#9741=EDGE_LOOP('',(#9735,#9737,#9739,#9740));
#9742=FACE_OUTER_BOUND('',#9741,.F.);
#9743=ADVANCED_FACE('',(#9742),#9733,.T.);
#9744=FILL_AREA_STYLE_COLOUR('',#60);
#9745=FILL_AREA_STYLE('',(#9744));
#9746=SURFACE_STYLE_FILL_AREA(#9745);
#9747=SURFACE_SIDE_STYLE('',(#9746));
#9748=SURFACE_STYLE_USAGE(.BOTH.,#9747);
#9749=PRESENTATION_STYLE_ASSIGNMENT((#9748));
#9750=STYLED_ITEM('',(#9749),#9743);
#9751=CARTESIAN_POINT('',(-2.03E1,2.72E1,0.E0));
#9752=DIRECTION('',(1.E0,0.E0,0.E0));
#9753=DIRECTION('',(0.E0,0.E0,1.E0));
#9754=AXIS2_PLACEMENT_3D('',#9751,#9752,#9753);
#9755=PLANE('',#9754);
#9756=ORIENTED_EDGE('',*,*,#9734,.F.);
#9757=ORIENTED_EDGE('',*,*,#7795,.F.);
#9759=ORIENTED_EDGE('',*,*,#9758,.F.);
#9761=ORIENTED_EDGE('',*,*,#9760,.F.);
#9763=ORIENTED_EDGE('',*,*,#9762,.F.);
#9765=ORIENTED_EDGE('',*,*,#9764,.F.);
#9767=ORIENTED_EDGE('',*,*,#9766,.F.);
#9769=ORIENTED_EDGE('',*,*,#9768,.T.);
#9771=ORIENTED_EDGE('',*,*,#9770,.F.);
#9772=ORIENTED_EDGE('',*,*,#7727,.F.);
#9773=EDGE_LOOP('',(#9756,#9757,#9759,#9761,#9763,#9765,#9767,#9769,#9771,
#9772));
#9774=FACE_OUTER_BOUND('',#9773,.F.);
#9775=ADVANCED_FACE('',(#9774),#9755,.F.);
#9776=FILL_AREA_STYLE_COLOUR('',#60);
#9777=FILL_AREA_STYLE('',(#9776));
#9778=SURFACE_STYLE_FILL_AREA(#9777);
#9779=SURFACE_SIDE_STYLE('',(#9778));
#9780=SURFACE_STYLE_USAGE(.BOTH.,#9779);
#9781=PRESENTATION_STYLE_ASSIGNMENT((#9780));
#9782=STYLED_ITEM('',(#9781),#9775);
#9783=CARTESIAN_POINT('',(-2.325901699437E1,2.51E1,4.893121872154E0));
#9784=DIRECTION('',(0.E0,1.E0,0.E0));
#9785=DIRECTION('',(0.E0,0.E0,1.E0));
#9786=AXIS2_PLACEMENT_3D('',#9783,#9784,#9785);
#9787=PLANE('',#9786);
#9789=ORIENTED_EDGE('',*,*,#9788,.F.);
#9791=ORIENTED_EDGE('',*,*,#9790,.T.);
#9793=ORIENTED_EDGE('',*,*,#9792,.F.);
#9794=ORIENTED_EDGE('',*,*,#9758,.T.);
#9795=ORIENTED_EDGE('',*,*,#7793,.T.);
#9797=ORIENTED_EDGE('',*,*,#9796,.F.);
#9799=ORIENTED_EDGE('',*,*,#9798,.T.);
#9801=ORIENTED_EDGE('',*,*,#9800,.F.);
#9803=ORIENTED_EDGE('',*,*,#9802,.F.);
#9805=ORIENTED_EDGE('',*,*,#9804,.T.);
#9807=ORIENTED_EDGE('',*,*,#9806,.F.);
#9808=EDGE_LOOP('',(#9789,#9791,#9793,#9794,#9795,#9797,#9799,#9801,#9803,#9805,
#9807));
#9809=FACE_OUTER_BOUND('',#9808,.F.);
#9810=ADVANCED_FACE('',(#9809),#9787,.T.);
#9811=FILL_AREA_STYLE_COLOUR('',#60);
#9812=FILL_AREA_STYLE('',(#9811));
#9813=SURFACE_STYLE_FILL_AREA(#9812);
#9814=SURFACE_SIDE_STYLE('',(#9813));
#9815=SURFACE_STYLE_USAGE(.BOTH.,#9814);
#9816=PRESENTATION_STYLE_ASSIGNMENT((#9815));
#9817=STYLED_ITEM('',(#9816),#9810);
#9818=CARTESIAN_POINT('',(-2.66E1,2.489999999999E1,2.075E0));
#9819=DIRECTION('',(0.E0,0.E0,-1.E0));
#9820=DIRECTION('',(-9.382338680546E-1,-3.460017468675E-1,0.E0));
#9821=AXIS2_PLACEMENT_3D('',#9818,#9819,#9820);
#9822=CYLINDRICAL_SURFACE('',#9821,1.999884303476E-1);
#9823=ORIENTED_EDGE('',*,*,#9788,.T.);
#9825=ORIENTED_EDGE('',*,*,#9824,.T.);
#9827=ORIENTED_EDGE('',*,*,#9826,.T.);
#9829=ORIENTED_EDGE('',*,*,#9828,.T.);
#9831=ORIENTED_EDGE('',*,*,#9830,.T.);
#9833=ORIENTED_EDGE('',*,*,#9832,.T.);
#9834=EDGE_LOOP('',(#9823,#9825,#9827,#9829,#9831,#9833));
#9835=FACE_OUTER_BOUND('',#9834,.F.);
#9836=ADVANCED_FACE('',(#9835),#9822,.T.);
#9837=FILL_AREA_STYLE_COLOUR('',#60);
#9838=FILL_AREA_STYLE('',(#9837));
#9839=SURFACE_STYLE_FILL_AREA(#9838);
#9840=SURFACE_SIDE_STYLE('',(#9839));
#9841=SURFACE_STYLE_USAGE(.BOTH.,#9840);
#9842=PRESENTATION_STYLE_ASSIGNMENT((#9841));
#9843=STYLED_ITEM('',(#9842),#9836);
#9844=CARTESIAN_POINT('',(-2.643541434669E1,2.49E1,3.650000000001E0));
#9845=DIRECTION('',(1.E0,0.E0,0.E0));
#9846=DIRECTION('',(0.E0,9.382338680482E-1,-3.460017468849E-1));
#9847=AXIS2_PLACEMENT_3D('',#9844,#9845,#9846);
#9848=CYLINDRICAL_SURFACE('',#9847,1.999884303411E-1);
#9850=ORIENTED_EDGE('',*,*,#9849,.T.);
#9851=ORIENTED_EDGE('',*,*,#9824,.F.);
#9852=ORIENTED_EDGE('',*,*,#9806,.T.);
#9854=ORIENTED_EDGE('',*,*,#9853,.T.);
#9855=EDGE_LOOP('',(#9850,#9851,#9852,#9854));
#9856=FACE_OUTER_BOUND('',#9855,.F.);
#9857=ADVANCED_FACE('',(#9856),#9848,.T.);
#9858=FILL_AREA_STYLE_COLOUR('',#60);
#9859=FILL_AREA_STYLE('',(#9858));
#9860=SURFACE_STYLE_FILL_AREA(#9859);
#9861=SURFACE_SIDE_STYLE('',(#9860));
#9862=SURFACE_STYLE_USAGE(.BOTH.,#9861);
#9863=PRESENTATION_STYLE_ASSIGNMENT((#9862));
#9864=STYLED_ITEM('',(#9863),#9857);
#9865=CARTESIAN_POINT('',(-2.643541434669E1,2.375E1,3.85E0));
#9866=DIRECTION('',(0.E0,0.E0,1.E0));
#9867=DIRECTION('',(1.E0,0.E0,0.E0));
#9868=AXIS2_PLACEMENT_3D('',#9865,#9866,#9867);
#9869=PLANE('',#9868);
#9870=ORIENTED_EDGE('',*,*,#9849,.F.);
#9872=ORIENTED_EDGE('',*,*,#9871,.T.);
#9874=ORIENTED_EDGE('',*,*,#9873,.F.);
#9876=ORIENTED_EDGE('',*,*,#9875,.F.);
#9877=EDGE_LOOP('',(#9870,#9872,#9874,#9876));
#9878=FACE_OUTER_BOUND('',#9877,.F.);
#9879=ADVANCED_FACE('',(#9878),#9869,.T.);
#9880=FILL_AREA_STYLE_COLOUR('',#60);
#9881=FILL_AREA_STYLE('',(#9880));
#9882=SURFACE_STYLE_FILL_AREA(#9881);
#9883=SURFACE_SIDE_STYLE('',(#9882));
#9884=SURFACE_STYLE_USAGE(.BOTH.,#9883);
#9885=PRESENTATION_STYLE_ASSIGNMENT((#9884));
#9886=STYLED_ITEM('',(#9885),#9879);
#9887=CARTESIAN_POINT('',(-2.42E1,2.375E1,5.100000000002E0));
#9888=DIRECTION('',(0.E0,1.E0,0.E0));
#9889=DIRECTION('',(-8.837742203949E-1,0.E0,4.679135896353E-1));
#9890=AXIS2_PLACEMENT_3D('',#9887,#9888,#9889);
#9891=CYLINDRICAL_SURFACE('',#9890,2.249992037232E0);
#9893=ORIENTED_EDGE('',*,*,#9892,.F.);
#9895=ORIENTED_EDGE('',*,*,#9894,.F.);
#9897=ORIENTED_EDGE('',*,*,#9896,.F.);
#9898=ORIENTED_EDGE('',*,*,#9871,.F.);
#9899=EDGE_LOOP('',(#9893,#9895,#9897,#9898));
#9900=FACE_OUTER_BOUND('',#9899,.F.);
#9901=ADVANCED_FACE('',(#9900),#9891,.F.);
#9902=FILL_AREA_STYLE_COLOUR('',#60);
#9903=FILL_AREA_STYLE('',(#9902));
#9904=SURFACE_STYLE_FILL_AREA(#9903);
#9905=SURFACE_SIDE_STYLE('',(#9904));
#9906=SURFACE_STYLE_USAGE(.BOTH.,#9905);
#9907=PRESENTATION_STYLE_ASSIGNMENT((#9906));
#9908=STYLED_ITEM('',(#9907),#9901);
#9909=CARTESIAN_POINT('',(-2.42E1,2.490000012232E1,5.099999999993E0));
#9910=DIRECTION('',(-2.595103765491E-12,-1.E0,-2.265614189740E-11));
#9911=DIRECTION('',(-8.837742203939E-1,-8.307631692005E-12,4.679135896373E-1));
#9912=AXIS2_PLACEMENT_3D('',#9909,#9910,#9911);
#9913=TOROIDAL_SURFACE('',#9912,2.449989427899E0,1.999996365675E-1);
#9914=ORIENTED_EDGE('',*,*,#9892,.T.);
#9915=ORIENTED_EDGE('',*,*,#9853,.F.);
#9916=ORIENTED_EDGE('',*,*,#9804,.F.);
#9918=ORIENTED_EDGE('',*,*,#9917,.T.);
#9919=EDGE_LOOP('',(#9914,#9915,#9916,#9918));
#9920=FACE_OUTER_BOUND('',#9919,.F.);
#9921=ADVANCED_FACE('',(#9920),#9913,.T.);
#9922=FILL_AREA_STYLE_COLOUR('',#60);
#9923=FILL_AREA_STYLE('',(#9922));
#9924=SURFACE_STYLE_FILL_AREA(#9923);
#9925=SURFACE_SIDE_STYLE('',(#9924));
#9926=SURFACE_STYLE_USAGE(.BOTH.,#9925);
#9927=PRESENTATION_STYLE_ASSIGNMENT((#9926));
#9928=STYLED_ITEM('',(#9927),#9921);
#9929=CARTESIAN_POINT('',(-2.643541434666E1,2.49E1,6.549999999999E0));
#9930=DIRECTION('',(-1.E0,0.E0,0.E0));
#9931=DIRECTION('',(0.E0,9.382338680482E-1,3.460017468849E-1));
#9932=AXIS2_PLACEMENT_3D('',#9929,#9930,#9931);
#9933=CYLINDRICAL_SURFACE('',#9932,1.999884303411E-1);
#9934=ORIENTED_EDGE('',*,*,#9802,.T.);
#9936=ORIENTED_EDGE('',*,*,#9935,.T.);
#9938=ORIENTED_EDGE('',*,*,#9937,.T.);
#9939=ORIENTED_EDGE('',*,*,#9917,.F.);
#9940=EDGE_LOOP('',(#9934,#9936,#9938,#9939));
#9941=FACE_OUTER_BOUND('',#9940,.F.);
#9942=ADVANCED_FACE('',(#9941),#9933,.T.);
#9943=FILL_AREA_STYLE_COLOUR('',#60);
#9944=FILL_AREA_STYLE('',(#9943));
#9945=SURFACE_STYLE_FILL_AREA(#9944);
#9946=SURFACE_SIDE_STYLE('',(#9945));
#9947=SURFACE_STYLE_USAGE(.BOTH.,#9946);
#9948=PRESENTATION_STYLE_ASSIGNMENT((#9947));
#9949=STYLED_ITEM('',(#9948),#9942);
#9950=CARTESIAN_POINT('',(-2.66E1,2.489999999999E1,7.175E0));
#9951=DIRECTION('',(0.E0,0.E0,-1.E0));
#9952=DIRECTION('',(-9.382338680546E-1,-3.460017468674E-1,0.E0));
#9953=AXIS2_PLACEMENT_3D('',#9950,#9951,#9952);
#9954=CYLINDRICAL_SURFACE('',#9953,1.999884303476E-1);
#9955=ORIENTED_EDGE('',*,*,#9800,.T.);
#9957=ORIENTED_EDGE('',*,*,#9956,.F.);
#9959=ORIENTED_EDGE('',*,*,#9958,.T.);
#9960=ORIENTED_EDGE('',*,*,#9935,.F.);
#9961=EDGE_LOOP('',(#9955,#9957,#9959,#9960));
#9962=FACE_OUTER_BOUND('',#9961,.F.);
#9963=ADVANCED_FACE('',(#9962),#9954,.T.);
#9964=FILL_AREA_STYLE_COLOUR('',#60);
#9965=FILL_AREA_STYLE('',(#9964));
#9966=SURFACE_STYLE_FILL_AREA(#9965);
#9967=SURFACE_SIDE_STYLE('',(#9966));
#9968=SURFACE_STYLE_USAGE(.BOTH.,#9967);
#9969=PRESENTATION_STYLE_ASSIGNMENT((#9968));
#9970=STYLED_ITEM('',(#9969),#9963);
#9971=CARTESIAN_POINT('',(-2.53E1,2.489999999998E1,7.999999999999E0));
#9972=DIRECTION('',(1.005353130455E-12,1.E0,-1.656097036423E-11));
#9973=DIRECTION('',(-9.985231407908E-1,1.041456296554E-13,-5.432805265408E-2));
#9974=AXIS2_PLACEMENT_3D('',#9971,#9972,#9973);
#9975=TOROIDAL_SURFACE('',#9974,1.299999999996E0,2.000000000047E-1);
#9977=ORIENTED_EDGE('',*,*,#9976,.F.);
#9978=ORIENTED_EDGE('',*,*,#9956,.T.);
#9979=ORIENTED_EDGE('',*,*,#9798,.F.);
#9981=ORIENTED_EDGE('',*,*,#9980,.F.);
#9982=EDGE_LOOP('',(#9977,#9978,#9979,#9981));
#9983=FACE_OUTER_BOUND('',#9982,.F.);
#9984=ADVANCED_FACE('',(#9983),#9975,.T.);
#9985=FILL_AREA_STYLE_COLOUR('',#60);
#9986=FILL_AREA_STYLE('',(#9985));
#9987=SURFACE_STYLE_FILL_AREA(#9986);
#9988=SURFACE_SIDE_STYLE('',(#9987));
#9989=SURFACE_STYLE_USAGE(.BOTH.,#9988);
#9990=PRESENTATION_STYLE_ASSIGNMENT((#9989));
#9991=STYLED_ITEM('',(#9990),#9984);
#9992=CARTESIAN_POINT('',(-2.53E1,2.375E1,7.999999999996E0));
#9993=DIRECTION('',(0.E0,1.E0,0.E0));
#9994=DIRECTION('',(-9.988906467716E-1,0.E0,-4.709008167608E-2));
#9995=AXIS2_PLACEMENT_3D('',#9992,#9993,#9994);
#9996=CYLINDRICAL_SURFACE('',#9995,1.500000000002E0);
#9997=ORIENTED_EDGE('',*,*,#9976,.T.);
#9999=ORIENTED_EDGE('',*,*,#9998,.T.);
#10001=ORIENTED_EDGE('',*,*,#10000,.F.);
#10003=ORIENTED_EDGE('',*,*,#10002,.T.);
#10004=EDGE_LOOP('',(#9997,#9999,#10001,#10003));
#10005=FACE_OUTER_BOUND('',#10004,.F.);
#10006=ADVANCED_FACE('',(#10005),#9996,.T.);
#10007=FILL_AREA_STYLE_COLOUR('',#60);
#10008=FILL_AREA_STYLE('',(#10007));
#10009=SURFACE_STYLE_FILL_AREA(#10008);
#10010=SURFACE_SIDE_STYLE('',(#10009));
#10011=SURFACE_STYLE_USAGE(.BOTH.,#10010);
#10012=PRESENTATION_STYLE_ASSIGNMENT((#10011));
#10013=STYLED_ITEM('',(#10012),#10006);
#10014=CARTESIAN_POINT('',(-2.25E1,2.375E1,9.5E0));
#10015=DIRECTION('',(0.E0,0.E0,1.E0));
#10016=DIRECTION('',(0.E0,-1.E0,0.E0));
#10017=AXIS2_PLACEMENT_3D('',#10014,#10015,#10016);
#10018=PLANE('',#10017);
#10020=ORIENTED_EDGE('',*,*,#10019,.F.);
#10021=ORIENTED_EDGE('',*,*,#7789,.F.);
#10023=ORIENTED_EDGE('',*,*,#10022,.F.);
#10024=ORIENTED_EDGE('',*,*,#9998,.F.);
#10025=EDGE_LOOP('',(#10020,#10021,#10023,#10024));
#10026=FACE_OUTER_BOUND('',#10025,.F.);
#10027=ADVANCED_FACE('',(#10026),#10018,.T.);
#10028=FILL_AREA_STYLE_COLOUR('',#60);
#10029=FILL_AREA_STYLE('',(#10028));
#10030=SURFACE_STYLE_FILL_AREA(#10029);
#10031=SURFACE_SIDE_STYLE('',(#10030));
#10032=SURFACE_STYLE_USAGE(.BOTH.,#10031);
#10033=PRESENTATION_STYLE_ASSIGNMENT((#10032));
#10034=STYLED_ITEM('',(#10033),#10027);
#10035=CARTESIAN_POINT('',(-2.25E1,2.489999999999E1,9.299999999995E0));
#10036=DIRECTION('',(-1.E0,0.E0,0.E0));
#10037=DIRECTION('',(0.E0,-3.460017468635E-1,9.382338680560E-1));
#10038=AXIS2_PLACEMENT_3D('',#10035,#10036,#10037);
#10039=CYLINDRICAL_SURFACE('',#10038,1.999884303494E-1);
#10040=ORIENTED_EDGE('',*,*,#10019,.T.);
#10041=ORIENTED_EDGE('',*,*,#9980,.T.);
#10042=ORIENTED_EDGE('',*,*,#9796,.T.);
#10043=ORIENTED_EDGE('',*,*,#7791,.F.);
#10044=EDGE_LOOP('',(#10040,#10041,#10042,#10043));
#10045=FACE_OUTER_BOUND('',#10044,.F.);
#10046=ADVANCED_FACE('',(#10045),#10039,.T.);
#10047=FILL_AREA_STYLE_COLOUR('',#60);
#10048=FILL_AREA_STYLE('',(#10047));
#10049=SURFACE_STYLE_FILL_AREA(#10048);
#10050=SURFACE_SIDE_STYLE('',(#10049));
#10051=SURFACE_STYLE_USAGE(.BOTH.,#10050);
#10052=PRESENTATION_STYLE_ASSIGNMENT((#10051));
#10053=STYLED_ITEM('',(#10052),#10046);
#10054=CARTESIAN_POINT('',(-2.325E1,2.26E1,0.E0));
#10055=DIRECTION('',(0.E0,1.E0,0.E0));
#10056=DIRECTION('',(0.E0,0.E0,-1.E0));
#10057=AXIS2_PLACEMENT_3D('',#10054,#10055,#10056);
#10058=PLANE('',#10057);
#10059=ORIENTED_EDGE('',*,*,#10022,.T.);
#10060=ORIENTED_EDGE('',*,*,#7787,.T.);
#10061=ORIENTED_EDGE('',*,*,#7765,.T.);
#10062=ORIENTED_EDGE('',*,*,#7735,.T.);
#10064=ORIENTED_EDGE('',*,*,#10063,.F.);
#10066=ORIENTED_EDGE('',*,*,#10065,.T.);
#10068=ORIENTED_EDGE('',*,*,#10067,.F.);
#10070=ORIENTED_EDGE('',*,*,#10069,.F.);
#10072=ORIENTED_EDGE('',*,*,#10071,.T.);
#10074=ORIENTED_EDGE('',*,*,#10073,.F.);
#10076=ORIENTED_EDGE('',*,*,#10075,.F.);
#10077=ORIENTED_EDGE('',*,*,#9873,.T.);
#10078=ORIENTED_EDGE('',*,*,#9896,.T.);
#10080=ORIENTED_EDGE('',*,*,#10079,.T.);
#10082=ORIENTED_EDGE('',*,*,#10081,.F.);
#10083=ORIENTED_EDGE('',*,*,#10000,.T.);
#10084=EDGE_LOOP('',(#10059,#10060,#10061,#10062,#10064,#10066,#10068,#10070,
#10072,#10074,#10076,#10077,#10078,#10080,#10082,#10083));
#10085=FACE_OUTER_BOUND('',#10084,.F.);
#10086=ADVANCED_FACE('',(#10085),#10058,.F.);
#10087=FILL_AREA_STYLE_COLOUR('',#60);
#10088=FILL_AREA_STYLE('',(#10087));
#10089=SURFACE_STYLE_FILL_AREA(#10088);
#10090=SURFACE_SIDE_STYLE('',(#10089));
#10091=SURFACE_STYLE_USAGE(.BOTH.,#10090);
#10092=PRESENTATION_STYLE_ASSIGNMENT((#10091));
#10093=STYLED_ITEM('',(#10092),#10086);
#10094=CARTESIAN_POINT('',(-2.25E1,2.375E1,-9.5E0));
#10095=DIRECTION('',(0.E0,0.E0,1.E0));
#10096=DIRECTION('',(0.E0,1.E0,0.E0));
#10097=AXIS2_PLACEMENT_3D('',#10094,#10095,#10096);
#10098=PLANE('',#10097);
#10100=ORIENTED_EDGE('',*,*,#10099,.F.);
#10102=ORIENTED_EDGE('',*,*,#10101,.F.);
#10103=ORIENTED_EDGE('',*,*,#10063,.T.);
#10104=ORIENTED_EDGE('',*,*,#7733,.F.);
#10105=EDGE_LOOP('',(#10100,#10102,#10103,#10104));
#10106=FACE_OUTER_BOUND('',#10105,.F.);
#10107=ADVANCED_FACE('',(#10106),#10098,.F.);
#10108=FILL_AREA_STYLE_COLOUR('',#60);
#10109=FILL_AREA_STYLE('',(#10108));
#10110=SURFACE_STYLE_FILL_AREA(#10109);
#10111=SURFACE_SIDE_STYLE('',(#10110));
#10112=SURFACE_STYLE_USAGE(.BOTH.,#10111);
#10113=PRESENTATION_STYLE_ASSIGNMENT((#10112));
#10114=STYLED_ITEM('',(#10113),#10107);
#10115=CARTESIAN_POINT('',(-2.25E1,2.489999999999E1,-9.299999999995E0));
#10116=DIRECTION('',(1.E0,0.E0,0.E0));
#10117=DIRECTION('',(0.E0,-3.460017468647E-1,-9.382338680556E-1));
#10118=AXIS2_PLACEMENT_3D('',#10115,#10116,#10117);
#10119=CYLINDRICAL_SURFACE('',#10118,1.999884303491E-1);
#10121=ORIENTED_EDGE('',*,*,#10120,.T.);
#10123=ORIENTED_EDGE('',*,*,#10122,.F.);
#10124=ORIENTED_EDGE('',*,*,#10099,.T.);
#10125=ORIENTED_EDGE('',*,*,#7731,.F.);
#10126=EDGE_LOOP('',(#10121,#10123,#10124,#10125));
#10127=FACE_OUTER_BOUND('',#10126,.F.);
#10128=ADVANCED_FACE('',(#10127),#10119,.T.);
#10129=FILL_AREA_STYLE_COLOUR('',#60);
#10130=FILL_AREA_STYLE('',(#10129));
#10131=SURFACE_STYLE_FILL_AREA(#10130);
#10132=SURFACE_SIDE_STYLE('',(#10131));
#10133=SURFACE_STYLE_USAGE(.BOTH.,#10132);
#10134=PRESENTATION_STYLE_ASSIGNMENT((#10133));
#10135=STYLED_ITEM('',(#10134),#10128);
#10136=CARTESIAN_POINT('',(-2.325901699437E1,2.51E1,-4.893121872154E0));
#10137=DIRECTION('',(0.E0,1.E0,0.E0));
#10138=DIRECTION('',(0.E0,0.E0,1.E0));
#10139=AXIS2_PLACEMENT_3D('',#10136,#10137,#10138);
#10140=PLANE('',#10139);
#10142=ORIENTED_EDGE('',*,*,#10141,.T.);
#10144=ORIENTED_EDGE('',*,*,#10143,.T.);
#10146=ORIENTED_EDGE('',*,*,#10145,.F.);
#10148=ORIENTED_EDGE('',*,*,#10147,.F.);
#10150=ORIENTED_EDGE('',*,*,#10149,.T.);
#10152=ORIENTED_EDGE('',*,*,#10151,.F.);
#10154=ORIENTED_EDGE('',*,*,#10153,.F.);
#10156=ORIENTED_EDGE('',*,*,#10155,.T.);
#10157=ORIENTED_EDGE('',*,*,#10120,.F.);
#10158=ORIENTED_EDGE('',*,*,#7729,.T.);
#10159=ORIENTED_EDGE('',*,*,#9770,.T.);
#10160=EDGE_LOOP('',(#10142,#10144,#10146,#10148,#10150,#10152,#10154,#10156,
#10157,#10158,#10159));
#10161=FACE_OUTER_BOUND('',#10160,.F.);
#10162=ADVANCED_FACE('',(#10161),#10140,.T.);
#10163=FILL_AREA_STYLE_COLOUR('',#60);
#10164=FILL_AREA_STYLE('',(#10163));
#10165=SURFACE_STYLE_FILL_AREA(#10164);
#10166=SURFACE_SIDE_STYLE('',(#10165));
#10167=SURFACE_STYLE_USAGE(.BOTH.,#10166);
#10168=PRESENTATION_STYLE_ASSIGNMENT((#10167));
#10169=STYLED_ITEM('',(#10168),#10162);
#10170=CARTESIAN_POINT('',(-2.339265328737E1,2.575E1,-5.E-1));
#10171=DIRECTION('',(0.E0,0.E0,1.E0));
#10172=DIRECTION('',(-1.E0,0.E0,0.E0));
#10173=AXIS2_PLACEMENT_3D('',#10170,#10171,#10172);
#10174=PLANE('',#10173);
#10176=ORIENTED_EDGE('',*,*,#10175,.F.);
#10177=ORIENTED_EDGE('',*,*,#10141,.F.);
#10178=ORIENTED_EDGE('',*,*,#9768,.F.);
#10180=ORIENTED_EDGE('',*,*,#10179,.F.);
#10181=EDGE_LOOP('',(#10176,#10177,#10178,#10180));
#10182=FACE_OUTER_BOUND('',#10181,.F.);
#10183=ADVANCED_FACE('',(#10182),#10174,.F.);
#10184=FILL_AREA_STYLE_COLOUR('',#60);
#10185=FILL_AREA_STYLE('',(#10184));
#10186=SURFACE_STYLE_FILL_AREA(#10185);
#10187=SURFACE_SIDE_STYLE('',(#10186));
#10188=SURFACE_STYLE_USAGE(.BOTH.,#10187);
#10189=PRESENTATION_STYLE_ASSIGNMENT((#10188));
#10190=STYLED_ITEM('',(#10189),#10183);
#10191=CARTESIAN_POINT('',(-2.575301730037E1,2.570279424466E1,
-2.999999999971E-1));
#10192=DIRECTION('',(7.720686216307E-1,6.355391754198E-1,-2.895138697935E-14));
#10193=DIRECTION('',(2.198976648871E-1,-2.671370917727E-1,-9.382338680609E-1));
#10194=AXIS2_PLACEMENT_3D('',#10191,#10192,#10193);
#10195=CYLINDRICAL_SURFACE('',#10194,1.999884303453E-1);
#10197=ORIENTED_EDGE('',*,*,#10196,.T.);
#10199=ORIENTED_EDGE('',*,*,#10198,.F.);
#10201=ORIENTED_EDGE('',*,*,#10200,.F.);
#10202=ORIENTED_EDGE('',*,*,#10143,.F.);
#10203=ORIENTED_EDGE('',*,*,#10175,.T.);
#10205=ORIENTED_EDGE('',*,*,#10204,.F.);
#10206=EDGE_LOOP('',(#10197,#10199,#10201,#10202,#10203,#10205));
#10207=FACE_OUTER_BOUND('',#10206,.F.);
#10208=ADVANCED_FACE('',(#10207),#10195,.T.);
#10209=FILL_AREA_STYLE_COLOUR('',#60);
#10210=FILL_AREA_STYLE('',(#10209));
#10211=SURFACE_STYLE_FILL_AREA(#10210);
#10212=SURFACE_SIDE_STYLE('',(#10211));
#10213=SURFACE_STYLE_USAGE(.BOTH.,#10212);
#10214=PRESENTATION_STYLE_ASSIGNMENT((#10213));
#10215=STYLED_ITEM('',(#10214),#10208);
#10216=CARTESIAN_POINT('',(-2.588012513545E1,2.585720796899E1,0.E0));
#10217=DIRECTION('',(-6.355391754198E-1,7.720686216307E-1,0.E0));
#10218=DIRECTION('',(7.720686216307E-1,6.355391754198E-1,0.E0));
#10219=AXIS2_PLACEMENT_3D('',#10216,#10217,#10218);
#10220=PLANE('',#10219);
#10221=ORIENTED_EDGE('',*,*,#10196,.F.);
#10223=ORIENTED_EDGE('',*,*,#10222,.F.);
#10225=ORIENTED_EDGE('',*,*,#10224,.F.);
#10227=ORIENTED_EDGE('',*,*,#10226,.F.);
#10228=EDGE_LOOP('',(#10221,#10223,#10225,#10227));
#10229=FACE_OUTER_BOUND('',#10228,.F.);
#10230=ADVANCED_FACE('',(#10229),#10220,.T.);
#10231=FILL_AREA_STYLE_COLOUR('',#60);
#10232=FILL_AREA_STYLE('',(#10231));
#10233=SURFACE_STYLE_FILL_AREA(#10232);
#10234=SURFACE_SIDE_STYLE('',(#10233));
#10235=SURFACE_STYLE_USAGE(.BOTH.,#10234);
#10236=PRESENTATION_STYLE_ASSIGNMENT((#10235));
#10237=STYLED_ITEM('',(#10236),#10230);
#10238=CARTESIAN_POINT('',(-2.486368019367E1,2.659521095663E1,-3.12E-1));
#10239=CARTESIAN_POINT('',(-2.487761428427E1,2.659844648628E1,-3.12E-1));
#10240=CARTESIAN_POINT('',(-2.493779006128E1,2.660505020156E1,-3.12E-1));
#10241=CARTESIAN_POINT('',(-2.501186447003E1,2.657848396813E1,-3.12E-1));
#10242=CARTESIAN_POINT('',(-2.505413964249E1,2.653510890451E1,-3.12E-1));
#10243=CARTESIAN_POINT('',(-2.506285432748E1,2.652372656037E1,-3.12E-1));
#10245=DRAUGHTING_PRE_DEFINED_CURVE_FONT('continuous');
#10246=CURVE_STYLE('',#10245,POSITIVE_LENGTH_MEASURE(2.E-2),#60);
#10247=PRESENTATION_STYLE_ASSIGNMENT((#10246));
#10248=STYLED_ITEM('',(#10247),#10244);
#10249=DIRECTION('',(0.E0,0.E0,1.E0));
#10250=VECTOR('',#10249,1.E0);
#10251=SURFACE_OF_LINEAR_EXTRUSION('',#10244,#10250);
#10252=ORIENTED_EDGE('',*,*,#10222,.T.);
#10254=ORIENTED_EDGE('',*,*,#10253,.F.);
#10256=ORIENTED_EDGE('',*,*,#10255,.T.);
#10258=ORIENTED_EDGE('',*,*,#10257,.T.);
#10259=EDGE_LOOP('',(#10252,#10254,#10256,#10258));
#10260=FACE_OUTER_BOUND('',#10259,.F.);
#10261=ADVANCED_FACE('',(#10260),#10251,.T.);
#10262=FILL_AREA_STYLE_COLOUR('',#60);
#10263=FILL_AREA_STYLE('',(#10262));
#10264=SURFACE_STYLE_FILL_AREA(#10263);
#10265=SURFACE_SIDE_STYLE('',(#10264));
#10266=SURFACE_STYLE_USAGE(.BOTH.,#10265);
#10267=PRESENTATION_STYLE_ASSIGNMENT((#10266));
#10268=STYLED_ITEM('',(#10267),#10261);
#10269=CARTESIAN_POINT('',(-2.490603460074E1,2.64E1,-3.000000000007E-1));
#10270=DIRECTION('',(-1.115498192715E-12,7.071067811781E-1,7.071067811950E-1));
#10271=DIRECTION('',(4.791188099011E-1,6.206630188832E-1,-6.206630188676E-1));
#10272=AXIS2_PLACEMENT_3D('',#10269,#10270,#10271);
#10273=SPHERICAL_SURFACE('',#10272,2.000000000004E-1);
#10275=ORIENTED_EDGE('',*,*,#10274,.T.);
#10276=ORIENTED_EDGE('',*,*,#10253,.T.);
#10277=ORIENTED_EDGE('',*,*,#10204,.T.);
#10278=EDGE_LOOP('',(#10275,#10276,#10277));
#10279=FACE_OUTER_BOUND('',#10278,.F.);
#10280=ADVANCED_FACE('',(#10279),#10273,.T.);
#10281=FILL_AREA_STYLE_COLOUR('',#60);
#10282=FILL_AREA_STYLE('',(#10281));
#10283=SURFACE_STYLE_FILL_AREA(#10282);
#10284=SURFACE_SIDE_STYLE('',(#10283));
#10285=SURFACE_STYLE_USAGE(.BOTH.,#10284);
#10286=PRESENTATION_STYLE_ASSIGNMENT((#10285));
#10287=STYLED_ITEM('',(#10286),#10280);
#10288=CARTESIAN_POINT('',(-2.260301730037E1,2.639999999999E1,
-2.999999999948E-1));
#10289=DIRECTION('',(1.E0,0.E0,0.E0));
#10290=DIRECTION('',(0.E0,-3.460017468639E-1,-9.382338680559E-1));
#10291=AXIS2_PLACEMENT_3D('',#10288,#10289,#10290);
#10292=CYLINDRICAL_SURFACE('',#10291,1.999884303492E-1);
#10294=ORIENTED_EDGE('',*,*,#10293,.T.);
#10295=ORIENTED_EDGE('',*,*,#10274,.F.);
#10296=ORIENTED_EDGE('',*,*,#10179,.T.);
#10297=ORIENTED_EDGE('',*,*,#9766,.T.);
#10298=EDGE_LOOP('',(#10294,#10295,#10296,#10297));
#10299=FACE_OUTER_BOUND('',#10298,.F.);
#10300=ADVANCED_FACE('',(#10299),#10292,.T.);
#10301=FILL_AREA_STYLE_COLOUR('',#60);
#10302=FILL_AREA_STYLE('',(#10301));
#10303=SURFACE_STYLE_FILL_AREA(#10302);
#10304=SURFACE_SIDE_STYLE('',(#10303));
#10305=SURFACE_STYLE_USAGE(.BOTH.,#10304);
#10306=PRESENTATION_STYLE_ASSIGNMENT((#10305));
#10307=STYLED_ITEM('',(#10306),#10300);
#10308=CARTESIAN_POINT('',(-2.260301730037E1,2.66E1,0.E0));
#10309=DIRECTION('',(0.E0,1.E0,0.E0));
#10310=DIRECTION('',(1.E0,0.E0,0.E0));
#10311=AXIS2_PLACEMENT_3D('',#10308,#10309,#10310);
#10312=PLANE('',#10311);
#10314=ORIENTED_EDGE('',*,*,#10313,.F.);
#10315=ORIENTED_EDGE('',*,*,#10255,.F.);
#10316=ORIENTED_EDGE('',*,*,#10293,.F.);
#10317=ORIENTED_EDGE('',*,*,#9764,.T.);
#10318=EDGE_LOOP('',(#10314,#10315,#10316,#10317));
#10319=FACE_OUTER_BOUND('',#10318,.F.);
#10320=ADVANCED_FACE('',(#10319),#10312,.T.);
#10321=FILL_AREA_STYLE_COLOUR('',#60);
#10322=FILL_AREA_STYLE('',(#10321));
#10323=SURFACE_STYLE_FILL_AREA(#10322);
#10324=SURFACE_SIDE_STYLE('',(#10323));
#10325=SURFACE_STYLE_USAGE(.BOTH.,#10324);
#10326=PRESENTATION_STYLE_ASSIGNMENT((#10325));
#10327=STYLED_ITEM('',(#10326),#10320);
#10328=CARTESIAN_POINT('',(-2.260301730039E1,2.639999999999E1,
2.999999999948E-1));
#10329=DIRECTION('',(-1.E0,0.E0,0.E0));
#10330=DIRECTION('',(0.E0,-3.460017468639E-1,9.382338680559E-1));
#10331=AXIS2_PLACEMENT_3D('',#10328,#10329,#10330);
#10332=CYLINDRICAL_SURFACE('',#10331,1.999884303492E-1);
#10334=ORIENTED_EDGE('',*,*,#10333,.T.);
#10336=ORIENTED_EDGE('',*,*,#10335,.F.);
#10337=ORIENTED_EDGE('',*,*,#10313,.T.);
#10338=ORIENTED_EDGE('',*,*,#9762,.T.);
#10339=EDGE_LOOP('',(#10334,#10336,#10337,#10338));
#10340=FACE_OUTER_BOUND('',#10339,.F.);
#10341=ADVANCED_FACE('',(#10340),#10332,.T.);
#10342=FILL_AREA_STYLE_COLOUR('',#60);
#10343=FILL_AREA_STYLE('',(#10342));
#10344=SURFACE_STYLE_FILL_AREA(#10343);
#10345=SURFACE_SIDE_STYLE('',(#10344));
#10346=SURFACE_STYLE_USAGE(.BOTH.,#10345);
#10347=PRESENTATION_STYLE_ASSIGNMENT((#10346));
#10348=STYLED_ITEM('',(#10347),#10341);
#10349=CARTESIAN_POINT('',(-2.339265328737E1,2.575E1,5.E-1));
#10350=DIRECTION('',(0.E0,0.E0,1.E0));
#10351=DIRECTION('',(-1.E0,0.E0,0.E0));
#10352=AXIS2_PLACEMENT_3D('',#10349,#10350,#10351);
#10353=PLANE('',#10352);
#10355=ORIENTED_EDGE('',*,*,#10354,.T.);
#10356=ORIENTED_EDGE('',*,*,#10333,.F.);
#10357=ORIENTED_EDGE('',*,*,#9760,.T.);
#10358=ORIENTED_EDGE('',*,*,#9792,.T.);
#10359=EDGE_LOOP('',(#10355,#10356,#10357,#10358));
#10360=FACE_OUTER_BOUND('',#10359,.F.);
#10361=ADVANCED_FACE('',(#10360),#10353,.T.);
#10362=FILL_AREA_STYLE_COLOUR('',#60);
#10363=FILL_AREA_STYLE('',(#10362));
#10364=SURFACE_STYLE_FILL_AREA(#10363);
#10365=SURFACE_SIDE_STYLE('',(#10364));
#10366=SURFACE_STYLE_USAGE(.BOTH.,#10365);
#10367=PRESENTATION_STYLE_ASSIGNMENT((#10366));
#10368=STYLED_ITEM('',(#10367),#10361);
#10369=CARTESIAN_POINT('',(-2.575301730037E1,2.570279424467E1,
3.000000000039E-1));
#10370=DIRECTION('',(-7.720686216307E-1,-6.355391754198E-1,0.E0));
#10371=DIRECTION('',(2.198976649133E-1,-2.671370918045E-1,9.382338680457E-1));
#10372=AXIS2_PLACEMENT_3D('',#10369,#10370,#10371);
#10373=CYLINDRICAL_SURFACE('',#10372,1.999884303407E-1);
#10374=ORIENTED_EDGE('',*,*,#10354,.F.);
#10375=ORIENTED_EDGE('',*,*,#9790,.F.);
#10376=ORIENTED_EDGE('',*,*,#9832,.F.);
#10378=ORIENTED_EDGE('',*,*,#10377,.F.);
#10379=ORIENTED_EDGE('',*,*,#10224,.T.);
#10381=ORIENTED_EDGE('',*,*,#10380,.F.);
#10382=EDGE_LOOP('',(#10374,#10375,#10376,#10378,#10379,#10381));
#10383=FACE_OUTER_BOUND('',#10382,.F.);
#10384=ADVANCED_FACE('',(#10383),#10373,.T.);
#10385=FILL_AREA_STYLE_COLOUR('',#60);
#10386=FILL_AREA_STYLE('',(#10385));
#10387=SURFACE_STYLE_FILL_AREA(#10386);
#10388=SURFACE_SIDE_STYLE('',(#10387));
#10389=SURFACE_STYLE_USAGE(.BOTH.,#10388);
#10390=PRESENTATION_STYLE_ASSIGNMENT((#10389));
#10391=STYLED_ITEM('',(#10390),#10384);
#10392=CARTESIAN_POINT('',(-2.66E1,2.500558848932E1,2.999999999992E-1));
#10393=DIRECTION('',(4.493940606700E-1,-5.459349578812E-1,7.071067811850E-1));
#10394=DIRECTION('',(-2.454306410049E-2,7.836932148507E-1,6.206630188771E-1));
#10395=AXIS2_PLACEMENT_3D('',#10392,#10393,#10394);
#10396=SPHERICAL_SURFACE('',#10395,1.999999999994E-1);
#10398=ORIENTED_EDGE('',*,*,#10397,.T.);
#10400=ORIENTED_EDGE('',*,*,#10399,.T.);
#10401=ORIENTED_EDGE('',*,*,#10377,.T.);
#10402=ORIENTED_EDGE('',*,*,#9830,.F.);
#10403=EDGE_LOOP('',(#10398,#10400,#10401,#10402));
#10404=FACE_OUTER_BOUND('',#10403,.F.);
#10405=ADVANCED_FACE('',(#10404),#10396,.T.);
#10406=FILL_AREA_STYLE_COLOUR('',#60);
#10407=FILL_AREA_STYLE('',(#10406));
#10408=SURFACE_STYLE_FILL_AREA(#10407);
#10409=SURFACE_SIDE_STYLE('',(#10408));
#10410=SURFACE_STYLE_USAGE(.BOTH.,#10409);
#10411=PRESENTATION_STYLE_ASSIGNMENT((#10410));
#10412=STYLED_ITEM('',(#10411),#10405);
#10413=CARTESIAN_POINT('',(-2.676867103020E1,2.500770025911E1,
4.074713151092E-1));
#10414=CARTESIAN_POINT('',(-2.676906951666E1,2.500770025911E1,
4.068459098794E-1));
#10415=CARTESIAN_POINT('',(-2.678920943055E1,2.500770025911E1,
3.748352917845E-1));
#10416=CARTESIAN_POINT('',(-2.680020054058E1,2.500770025911E1,
3.363355618575E-1));
#10417=CARTESIAN_POINT('',(-2.679999587553E1,2.500770025911E1,
2.985168639120E-1));
#10418=CARTESIAN_POINT('',(-2.679998762686E1,2.500770025911E1,
2.977753417456E-1));
#10420=CURVE_STYLE('',#10245,POSITIVE_LENGTH_MEASURE(2.E-2),#60);
#10421=PRESENTATION_STYLE_ASSIGNMENT((#10420));
#10422=STYLED_ITEM('',(#10421),#10419);
#10423=DIRECTION('',(0.E0,-1.E0,0.E0));
#10424=VECTOR('',#10423,1.E0);
#10425=SURFACE_OF_LINEAR_EXTRUSION('',#10419,#10424);
#10427=ORIENTED_EDGE('',*,*,#10426,.T.);
#10428=ORIENTED_EDGE('',*,*,#10397,.F.);
#10429=ORIENTED_EDGE('',*,*,#9828,.F.);
#10430=EDGE_LOOP('',(#10427,#10428,#10429));
#10431=FACE_OUTER_BOUND('',#10430,.F.);
#10432=ADVANCED_FACE('',(#10431),#10425,.T.);
#10433=FILL_AREA_STYLE_COLOUR('',#60);
#10434=FILL_AREA_STYLE('',(#10433));
#10435=SURFACE_STYLE_FILL_AREA(#10434);
#10436=SURFACE_SIDE_STYLE('',(#10435));
#10437=SURFACE_STYLE_USAGE(.BOTH.,#10436);
#10438=PRESENTATION_STYLE_ASSIGNMENT((#10437));
#10439=STYLED_ITEM('',(#10438),#10432);
#10440=CARTESIAN_POINT('',(-2.68E1,2.380279424466E1,0.E0));
#10441=DIRECTION('',(1.E0,0.E0,0.E0));
#10442=DIRECTION('',(0.E0,-1.E0,0.E0));
#10443=AXIS2_PLACEMENT_3D('',#10440,#10441,#10442);
#10444=PLANE('',#10443);
#10445=ORIENTED_EDGE('',*,*,#9826,.F.);
#10446=ORIENTED_EDGE('',*,*,#9875,.T.);
#10447=ORIENTED_EDGE('',*,*,#10075,.T.);
#10449=ORIENTED_EDGE('',*,*,#10448,.F.);
#10451=ORIENTED_EDGE('',*,*,#10450,.F.);
#10453=ORIENTED_EDGE('',*,*,#10452,.F.);
#10455=ORIENTED_EDGE('',*,*,#10454,.F.);
#10456=ORIENTED_EDGE('',*,*,#10426,.F.);
#10457=EDGE_LOOP('',(#10445,#10446,#10447,#10449,#10451,#10453,#10455,#10456));
#10458=FACE_OUTER_BOUND('',#10457,.F.);
#10459=ADVANCED_FACE('',(#10458),#10444,.F.);
#10460=FILL_AREA_STYLE_COLOUR('',#60);
#10461=FILL_AREA_STYLE('',(#10460));
#10462=SURFACE_STYLE_FILL_AREA(#10461);
#10463=SURFACE_SIDE_STYLE('',(#10462));
#10464=SURFACE_STYLE_USAGE(.BOTH.,#10463);
#10465=PRESENTATION_STYLE_ASSIGNMENT((#10464));
#10466=STYLED_ITEM('',(#10465),#10459);
#10467=CARTESIAN_POINT('',(-2.628541434669E1,2.375E1,-3.85E0));
#10468=DIRECTION('',(0.E0,0.E0,1.E0));
#10469=DIRECTION('',(1.E0,0.E0,0.E0));
#10470=AXIS2_PLACEMENT_3D('',#10467,#10468,#10469);
#10471=PLANE('',#10470);
#10473=ORIENTED_EDGE('',*,*,#10472,.F.);
#10474=ORIENTED_EDGE('',*,*,#10448,.T.);
#10475=ORIENTED_EDGE('',*,*,#10073,.T.);
#10477=ORIENTED_EDGE('',*,*,#10476,.T.);
#10478=EDGE_LOOP('',(#10473,#10474,#10475,#10477));
#10479=FACE_OUTER_BOUND('',#10478,.F.);
#10480=ADVANCED_FACE('',(#10479),#10471,.F.);
#10481=FILL_AREA_STYLE_COLOUR('',#60);
#10482=FILL_AREA_STYLE('',(#10481));
#10483=SURFACE_STYLE_FILL_AREA(#10482);
#10484=SURFACE_SIDE_STYLE('',(#10483));
#10485=SURFACE_STYLE_USAGE(.BOTH.,#10484);
#10486=PRESENTATION_STYLE_ASSIGNMENT((#10485));
#10487=STYLED_ITEM('',(#10486),#10480);
#10488=CARTESIAN_POINT('',(-2.628541434666E1,2.49E1,-3.650000000001E0));
#10489=DIRECTION('',(-1.E0,0.E0,0.E0));
#10490=DIRECTION('',(0.E0,9.382338680482E-1,3.460017468849E-1));
#10491=AXIS2_PLACEMENT_3D('',#10488,#10489,#10490);
#10492=CYLINDRICAL_SURFACE('',#10491,1.999884303411E-1);
#10493=ORIENTED_EDGE('',*,*,#10147,.T.);
#10495=ORIENTED_EDGE('',*,*,#10494,.T.);
#10496=ORIENTED_EDGE('',*,*,#10472,.T.);
#10498=ORIENTED_EDGE('',*,*,#10497,.T.);
#10499=EDGE_LOOP('',(#10493,#10495,#10496,#10498));
#10500=FACE_OUTER_BOUND('',#10499,.F.);
#10501=ADVANCED_FACE('',(#10500),#10492,.T.);
#10502=FILL_AREA_STYLE_COLOUR('',#60);
#10503=FILL_AREA_STYLE('',(#10502));
#10504=SURFACE_STYLE_FILL_AREA(#10503);
#10505=SURFACE_SIDE_STYLE('',(#10504));
#10506=SURFACE_STYLE_USAGE(.BOTH.,#10505);
#10507=PRESENTATION_STYLE_ASSIGNMENT((#10506));
#10508=STYLED_ITEM('',(#10507),#10501);
#10509=CARTESIAN_POINT('',(-2.66E1,2.489999999999E1,-2.075E0));
#10510=DIRECTION('',(0.E0,0.E0,-1.E0));
#10511=DIRECTION('',(-9.382338680546E-1,-3.460017468674E-1,0.E0));
#10512=AXIS2_PLACEMENT_3D('',#10509,#10510,#10511);
#10513=CYLINDRICAL_SURFACE('',#10512,1.999884303476E-1);
#10514=ORIENTED_EDGE('',*,*,#10145,.T.);
#10515=ORIENTED_EDGE('',*,*,#10200,.T.);
#10517=ORIENTED_EDGE('',*,*,#10516,.T.);
#10519=ORIENTED_EDGE('',*,*,#10518,.T.);
#10520=ORIENTED_EDGE('',*,*,#10450,.T.);
#10521=ORIENTED_EDGE('',*,*,#10494,.F.);
#10522=EDGE_LOOP('',(#10514,#10515,#10517,#10519,#10520,#10521));
#10523=FACE_OUTER_BOUND('',#10522,.F.);
#10524=ADVANCED_FACE('',(#10523),#10513,.T.);
#10525=FILL_AREA_STYLE_COLOUR('',#60);
#10526=FILL_AREA_STYLE('',(#10525));
#10527=SURFACE_STYLE_FILL_AREA(#10526);
#10528=SURFACE_SIDE_STYLE('',(#10527));
#10529=SURFACE_STYLE_USAGE(.BOTH.,#10528);
#10530=PRESENTATION_STYLE_ASSIGNMENT((#10529));
#10531=STYLED_ITEM('',(#10530),#10524);
#10532=CARTESIAN_POINT('',(-2.66E1,2.500558848932E1,-3.000000000020E-1));
#10533=DIRECTION('',(-4.268845421056E-1,-9.043061360575E-1,
-9.188787878819E-12));
#10534=DIRECTION('',(-8.361624060529E-1,3.947167796367E-1,3.808294822844E-1));
#10535=AXIS2_PLACEMENT_3D('',#10532,#10533,#10534);
#10536=SPHERICAL_SURFACE('',#10535,2.000000000041E-1);
#10538=ORIENTED_EDGE('',*,*,#10537,.T.);
#10539=ORIENTED_EDGE('',*,*,#10516,.F.);
#10540=ORIENTED_EDGE('',*,*,#10198,.T.);
#10542=ORIENTED_EDGE('',*,*,#10541,.T.);
#10543=EDGE_LOOP('',(#10538,#10539,#10540,#10542));
#10544=FACE_OUTER_BOUND('',#10543,.F.);
#10545=ADVANCED_FACE('',(#10544),#10536,.T.);
#10546=FILL_AREA_STYLE_COLOUR('',#60);
#10547=FILL_AREA_STYLE('',(#10546));
#10548=SURFACE_STYLE_FILL_AREA(#10547);
#10549=SURFACE_SIDE_STYLE('',(#10548));
#10550=SURFACE_STYLE_USAGE(.BOTH.,#10549);
#10551=PRESENTATION_STYLE_ASSIGNMENT((#10550));
#10552=STYLED_ITEM('',(#10551),#10545);
#10553=CARTESIAN_POINT('',(-2.679998762686E1,2.500770025911E1,
-2.977753417455E-1));
#10554=CARTESIAN_POINT('',(-2.679999587554E1,2.500770025911E1,
-2.985168639120E-1));
#10555=CARTESIAN_POINT('',(-2.680020054059E1,2.500770025911E1,
-3.363355618574E-1));
#10556=CARTESIAN_POINT('',(-2.678920943055E1,2.500770025911E1,
-3.748352917845E-1));
#10557=CARTESIAN_POINT('',(-2.676906951667E1,2.500770025911E1,
-4.068459098793E-1));
#10558=CARTESIAN_POINT('',(-2.676867103020E1,2.500770025911E1,
-4.074713151091E-1));
#10560=CURVE_STYLE('',#10245,POSITIVE_LENGTH_MEASURE(2.E-2),#60);
#10561=PRESENTATION_STYLE_ASSIGNMENT((#10560));
#10562=STYLED_ITEM('',(#10561),#10559);
#10563=DIRECTION('',(0.E0,-1.E0,0.E0));
#10564=VECTOR('',#10563,1.E0);
#10565=SURFACE_OF_LINEAR_EXTRUSION('',#10559,#10564);
#10566=ORIENTED_EDGE('',*,*,#10452,.T.);
#10567=ORIENTED_EDGE('',*,*,#10518,.F.);
#10568=ORIENTED_EDGE('',*,*,#10537,.F.);
#10569=EDGE_LOOP('',(#10566,#10567,#10568));
#10570=FACE_OUTER_BOUND('',#10569,.F.);
#10571=ADVANCED_FACE('',(#10570),#10565,.T.);
#10572=FILL_AREA_STYLE_COLOUR('',#60);
#10573=FILL_AREA_STYLE('',(#10572));
#10574=SURFACE_STYLE_FILL_AREA(#10573);
#10575=SURFACE_SIDE_STYLE('',(#10574));
#10576=SURFACE_STYLE_USAGE(.BOTH.,#10575);
#10577=PRESENTATION_STYLE_ASSIGNMENT((#10576));
#10578=STYLED_ITEM('',(#10577),#10571);
#10579=CARTESIAN_POINT('',(-2.66E1,2.500558848932E1,0.E0));
#10580=DIRECTION('',(0.E0,0.E0,-1.E0));
#10581=DIRECTION('',(-9.998443876044E-1,-1.764087798460E-2,0.E0));
#10582=AXIS2_PLACEMENT_3D('',#10579,#10580,#10581);
#10583=CYLINDRICAL_SURFACE('',#10582,2.000000000026E-1);
#10584=ORIENTED_EDGE('',*,*,#10226,.T.);
#10585=ORIENTED_EDGE('',*,*,#10399,.F.);
#10586=ORIENTED_EDGE('',*,*,#10454,.T.);
#10587=ORIENTED_EDGE('',*,*,#10541,.F.);
#10588=EDGE_LOOP('',(#10584,#10585,#10586,#10587));
#10589=FACE_OUTER_BOUND('',#10588,.F.);
#10590=ADVANCED_FACE('',(#10589),#10583,.T.);
#10591=FILL_AREA_STYLE_COLOUR('',#60);
#10592=FILL_AREA_STYLE('',(#10591));
#10593=SURFACE_STYLE_FILL_AREA(#10592);
#10594=SURFACE_SIDE_STYLE('',(#10593));
#10595=SURFACE_STYLE_USAGE(.BOTH.,#10594);
#10596=PRESENTATION_STYLE_ASSIGNMENT((#10595));
#10597=STYLED_ITEM('',(#10596),#10590);
#10598=CARTESIAN_POINT('',(-2.39E1,2.490000040853E1,-5.099999999996E0));
#10599=DIRECTION('',(1.854342604693E-12,1.E0,1.116975190260E-11));
#10600=DIRECTION('',(-8.837742203934E-1,6.865296847914E-12,-4.679135896381E-1));
#10601=AXIS2_PLACEMENT_3D('',#10598,#10599,#10600);
#10602=TOROIDAL_SURFACE('',#10601,2.449989141690E0,1.999994670639E-1);
#10604=ORIENTED_EDGE('',*,*,#10603,.T.);
#10606=ORIENTED_EDGE('',*,*,#10605,.T.);
#10607=ORIENTED_EDGE('',*,*,#10149,.F.);
#10608=ORIENTED_EDGE('',*,*,#10497,.F.);
#10609=EDGE_LOOP('',(#10604,#10606,#10607,#10608));
#10610=FACE_OUTER_BOUND('',#10609,.F.);
#10611=ADVANCED_FACE('',(#10610),#10602,.T.);
#10612=FILL_AREA_STYLE_COLOUR('',#60);
#10613=FILL_AREA_STYLE('',(#10612));
#10614=SURFACE_STYLE_FILL_AREA(#10613);
#10615=SURFACE_SIDE_STYLE('',(#10614));
#10616=SURFACE_STYLE_USAGE(.BOTH.,#10615);
#10617=PRESENTATION_STYLE_ASSIGNMENT((#10616));
#10618=STYLED_ITEM('',(#10617),#10611);
#10619=CARTESIAN_POINT('',(-2.39E1,2.375E1,-5.100000000002E0));
#10620=DIRECTION('',(0.E0,-1.E0,0.E0));
#10621=DIRECTION('',(-8.837742203949E-1,0.E0,-4.679135896353E-1));
#10622=AXIS2_PLACEMENT_3D('',#10619,#10620,#10621);
#10623=CYLINDRICAL_SURFACE('',#10622,2.249992037232E0);
#10624=ORIENTED_EDGE('',*,*,#10603,.F.);
#10625=ORIENTED_EDGE('',*,*,#10476,.F.);
#10626=ORIENTED_EDGE('',*,*,#10071,.F.);
#10628=ORIENTED_EDGE('',*,*,#10627,.F.);
#10629=EDGE_LOOP('',(#10624,#10625,#10626,#10628));
#10630=FACE_OUTER_BOUND('',#10629,.F.);
#10631=ADVANCED_FACE('',(#10630),#10623,.F.);
#10632=FILL_AREA_STYLE_COLOUR('',#60);
#10633=FILL_AREA_STYLE('',(#10632));
#10634=SURFACE_STYLE_FILL_AREA(#10633);
#10635=SURFACE_SIDE_STYLE('',(#10634));
#10636=SURFACE_STYLE_USAGE(.BOTH.,#10635);
#10637=PRESENTATION_STYLE_ASSIGNMENT((#10636));
#10638=STYLED_ITEM('',(#10637),#10631);
#10639=CARTESIAN_POINT('',(-2.628541434670E1,2.375E1,-6.35E0));
#10640=DIRECTION('',(0.E0,0.E0,1.E0));
#10641=DIRECTION('',(-1.E0,0.E0,0.E0));
#10642=AXIS2_PLACEMENT_3D('',#10639,#10640,#10641);
#10643=PLANE('',#10642);
#10645=ORIENTED_EDGE('',*,*,#10644,.F.);
#10646=ORIENTED_EDGE('',*,*,#10627,.T.);
#10647=ORIENTED_EDGE('',*,*,#10069,.T.);
#10649=ORIENTED_EDGE('',*,*,#10648,.T.);
#10650=EDGE_LOOP('',(#10645,#10646,#10647,#10649));
#10651=FACE_OUTER_BOUND('',#10650,.F.);
#10652=ADVANCED_FACE('',(#10651),#10643,.T.);
#10653=FILL_AREA_STYLE_COLOUR('',#60);
#10654=FILL_AREA_STYLE('',(#10653));
#10655=SURFACE_STYLE_FILL_AREA(#10654);
#10656=SURFACE_SIDE_STYLE('',(#10655));
#10657=SURFACE_STYLE_USAGE(.BOTH.,#10656);
#10658=PRESENTATION_STYLE_ASSIGNMENT((#10657));
#10659=STYLED_ITEM('',(#10658),#10652);
#10660=CARTESIAN_POINT('',(-2.628541434669E1,2.49E1,-6.549999999999E0));
#10661=DIRECTION('',(1.E0,0.E0,0.E0));
#10662=DIRECTION('',(0.E0,9.382338680482E-1,-3.460017468849E-1));
#10663=AXIS2_PLACEMENT_3D('',#10660,#10661,#10662);
#10664=CYLINDRICAL_SURFACE('',#10663,1.999884303411E-1);
#10665=ORIENTED_EDGE('',*,*,#10644,.T.);
#10667=ORIENTED_EDGE('',*,*,#10666,.T.);
#10668=ORIENTED_EDGE('',*,*,#10151,.T.);
#10669=ORIENTED_EDGE('',*,*,#10605,.F.);
#10670=EDGE_LOOP('',(#10665,#10667,#10668,#10669));
#10671=FACE_OUTER_BOUND('',#10670,.F.);
#10672=ADVANCED_FACE('',(#10671),#10664,.T.);
#10673=FILL_AREA_STYLE_COLOUR('',#60);
#10674=FILL_AREA_STYLE('',(#10673));
#10675=SURFACE_STYLE_FILL_AREA(#10674);
#10676=SURFACE_SIDE_STYLE('',(#10675));
#10677=SURFACE_STYLE_USAGE(.BOTH.,#10676);
#10678=PRESENTATION_STYLE_ASSIGNMENT((#10677));
#10679=STYLED_ITEM('',(#10678),#10672);
#10680=CARTESIAN_POINT('',(-2.66E1,2.489999999999E1,-7.174999999999E0));
#10681=DIRECTION('',(0.E0,0.E0,-1.E0));
#10682=DIRECTION('',(-9.382338680546E-1,-3.460017468675E-1,0.E0));
#10683=AXIS2_PLACEMENT_3D('',#10680,#10681,#10682);
#10684=CYLINDRICAL_SURFACE('',#10683,1.999884303475E-1);
#10686=ORIENTED_EDGE('',*,*,#10685,.T.);
#10688=ORIENTED_EDGE('',*,*,#10687,.T.);
#10689=ORIENTED_EDGE('',*,*,#10153,.T.);
#10690=ORIENTED_EDGE('',*,*,#10666,.F.);
#10691=EDGE_LOOP('',(#10686,#10688,#10689,#10690));
#10692=FACE_OUTER_BOUND('',#10691,.F.);
#10693=ADVANCED_FACE('',(#10692),#10684,.T.);
#10694=FILL_AREA_STYLE_COLOUR('',#60);
#10695=FILL_AREA_STYLE('',(#10694));
#10696=SURFACE_STYLE_FILL_AREA(#10695);
#10697=SURFACE_SIDE_STYLE('',(#10696));
#10698=SURFACE_STYLE_USAGE(.BOTH.,#10697);
#10699=PRESENTATION_STYLE_ASSIGNMENT((#10698));
#10700=STYLED_ITEM('',(#10699),#10693);
#10701=CARTESIAN_POINT('',(-2.68E1,2.375E1,-7.175E0));
#10702=DIRECTION('',(1.E0,0.E0,0.E0));
#10703=DIRECTION('',(0.E0,-1.E0,0.E0));
#10704=AXIS2_PLACEMENT_3D('',#10701,#10702,#10703);
#10705=PLANE('',#10704);
#10706=ORIENTED_EDGE('',*,*,#10685,.F.);
#10707=ORIENTED_EDGE('',*,*,#10648,.F.);
#10708=ORIENTED_EDGE('',*,*,#10067,.T.);
#10710=ORIENTED_EDGE('',*,*,#10709,.F.);
#10711=EDGE_LOOP('',(#10706,#10707,#10708,#10710));
#10712=FACE_OUTER_BOUND('',#10711,.F.);
#10713=ADVANCED_FACE('',(#10712),#10705,.F.);
#10714=FILL_AREA_STYLE_COLOUR('',#60);
#10715=FILL_AREA_STYLE('',(#10714));
#10716=SURFACE_STYLE_FILL_AREA(#10715);
#10717=SURFACE_SIDE_STYLE('',(#10716));
#10718=SURFACE_STYLE_USAGE(.BOTH.,#10717);
#10719=PRESENTATION_STYLE_ASSIGNMENT((#10718));
#10720=STYLED_ITEM('',(#10719),#10713);
#10721=CARTESIAN_POINT('',(-2.53E1,2.375E1,-7.999999999996E0));
#10722=DIRECTION('',(0.E0,-1.E0,0.E0));
#10723=DIRECTION('',(-9.988906467716E-1,0.E0,4.709008167608E-2));
#10724=AXIS2_PLACEMENT_3D('',#10721,#10722,#10723);
#10725=CYLINDRICAL_SURFACE('',#10724,1.500000000002E0);
#10727=ORIENTED_EDGE('',*,*,#10726,.T.);
#10728=ORIENTED_EDGE('',*,*,#10709,.T.);
#10729=ORIENTED_EDGE('',*,*,#10065,.F.);
#10730=ORIENTED_EDGE('',*,*,#10101,.T.);
#10731=EDGE_LOOP('',(#10727,#10728,#10729,#10730));
#10732=FACE_OUTER_BOUND('',#10731,.F.);
#10733=ADVANCED_FACE('',(#10732),#10725,.T.);
#10734=FILL_AREA_STYLE_COLOUR('',#60);
#10735=FILL_AREA_STYLE('',(#10734));
#10736=SURFACE_STYLE_FILL_AREA(#10735);
#10737=SURFACE_SIDE_STYLE('',(#10736));
#10738=SURFACE_STYLE_USAGE(.BOTH.,#10737);
#10739=PRESENTATION_STYLE_ASSIGNMENT((#10738));
#10740=STYLED_ITEM('',(#10739),#10733);
#10741=CARTESIAN_POINT('',(-2.53E1,2.49E1,-7.999999999999E0));
#10742=DIRECTION('',(2.241765386383E-12,-1.E0,-1.357621015907E-11));
#10743=DIRECTION('',(-9.985231407908E-1,-2.976021301449E-12,5.432805265446E-2));
#10744=AXIS2_PLACEMENT_3D('',#10741,#10742,#10743);
#10745=TOROIDAL_SURFACE('',#10744,1.300000000005E0,1.999999999987E-1);
#10746=ORIENTED_EDGE('',*,*,#10726,.F.);
#10747=ORIENTED_EDGE('',*,*,#10122,.T.);
#10748=ORIENTED_EDGE('',*,*,#10155,.F.);
#10749=ORIENTED_EDGE('',*,*,#10687,.F.);
#10750=EDGE_LOOP('',(#10746,#10747,#10748,#10749));
#10751=FACE_OUTER_BOUND('',#10750,.F.);
#10752=ADVANCED_FACE('',(#10751),#10745,.T.);
#10753=FILL_AREA_STYLE_COLOUR('',#60);
#10754=FILL_AREA_STYLE('',(#10753));
#10755=SURFACE_STYLE_FILL_AREA(#10754);
#10756=SURFACE_SIDE_STYLE('',(#10755));
#10757=SURFACE_STYLE_USAGE(.BOTH.,#10756);
#10758=PRESENTATION_STYLE_ASSIGNMENT((#10757));
#10759=STYLED_ITEM('',(#10758),#10752);
#10760=CARTESIAN_POINT('',(-2.490603460074E1,2.64E1,2.999999999999E-1));
#10761=DIRECTION('',(9.412939555871E-1,3.375880465525E-1,-2.198548660251E-11));
#10762=DIRECTION('',(-3.140860605338E-1,8.757635625009E-1,-3.665898650727E-1));
#10763=AXIS2_PLACEMENT_3D('',#10760,#10761,#10762);
#10764=SPHERICAL_SURFACE('',#10763,2.000093291195E-1);
#10765=ORIENTED_EDGE('',*,*,#10257,.F.);
#10766=ORIENTED_EDGE('',*,*,#10335,.T.);
#10767=ORIENTED_EDGE('',*,*,#10380,.T.);
#10768=EDGE_LOOP('',(#10765,#10766,#10767));
#10769=FACE_OUTER_BOUND('',#10768,.F.);
#10770=ADVANCED_FACE('',(#10769),#10764,.T.);
#10771=FILL_AREA_STYLE_COLOUR('',#60);
#10772=FILL_AREA_STYLE('',(#10771));
#10773=SURFACE_STYLE_FILL_AREA(#10772);
#10774=SURFACE_SIDE_STYLE('',(#10773));
#10775=SURFACE_STYLE_USAGE(.BOTH.,#10774);
#10776=PRESENTATION_STYLE_ASSIGNMENT((#10775));
#10777=STYLED_ITEM('',(#10776),#10770);
#10778=CARTESIAN_POINT('',(-2.643541434670E1,2.375E1,6.35E0));
#10779=DIRECTION('',(0.E0,0.E0,1.E0));
#10780=DIRECTION('',(-1.E0,0.E0,0.E0));
#10781=AXIS2_PLACEMENT_3D('',#10778,#10779,#10780);
#10782=PLANE('',#10781);
#10783=ORIENTED_EDGE('',*,*,#9937,.F.);
#10785=ORIENTED_EDGE('',*,*,#10784,.F.);
#10786=ORIENTED_EDGE('',*,*,#10079,.F.);
#10787=ORIENTED_EDGE('',*,*,#9894,.T.);
#10788=EDGE_LOOP('',(#10783,#10785,#10786,#10787));
#10789=FACE_OUTER_BOUND('',#10788,.F.);
#10790=ADVANCED_FACE('',(#10789),#10782,.F.);
#10791=FILL_AREA_STYLE_COLOUR('',#60);
#10792=FILL_AREA_STYLE('',(#10791));
#10793=SURFACE_STYLE_FILL_AREA(#10792);
#10794=SURFACE_SIDE_STYLE('',(#10793));
#10795=SURFACE_STYLE_USAGE(.BOTH.,#10794);
#10796=PRESENTATION_STYLE_ASSIGNMENT((#10795));
#10797=STYLED_ITEM('',(#10796),#10790);
#10798=CARTESIAN_POINT('',(-2.68E1,2.375E1,7.175E0));
#10799=DIRECTION('',(1.E0,0.E0,0.E0));
#10800=DIRECTION('',(0.E0,-1.E0,0.E0));
#10801=AXIS2_PLACEMENT_3D('',#10798,#10799,#10800);
#10802=PLANE('',#10801);
#10803=ORIENTED_EDGE('',*,*,#9958,.F.);
#10804=ORIENTED_EDGE('',*,*,#10002,.F.);
#10805=ORIENTED_EDGE('',*,*,#10081,.T.);
#10806=ORIENTED_EDGE('',*,*,#10784,.T.);
#10807=EDGE_LOOP('',(#10803,#10804,#10805,#10806));
#10808=FACE_OUTER_BOUND('',#10807,.F.);
#10809=ADVANCED_FACE('',(#10808),#10802,.F.);
#10810=FILL_AREA_STYLE_COLOUR('',#60);
#10811=FILL_AREA_STYLE('',(#10810));
#10812=SURFACE_STYLE_FILL_AREA(#10811);
#10813=SURFACE_SIDE_STYLE('',(#10812));
#10814=SURFACE_STYLE_USAGE(.BOTH.,#10813);
#10815=PRESENTATION_STYLE_ASSIGNMENT((#10814));
#10816=STYLED_ITEM('',(#10815),#10809);
#10817=CARTESIAN_POINT('',(-1.88E1,2.93E1,-8.299999999999E0));
#10818=DIRECTION('',(2.311579270231E-12,-1.E0,-1.355177357517E-11));
#10819=DIRECTION('',(-9.985231407908E-1,-3.044403878377E-12,5.432805265445E-2));
#10820=AXIS2_PLACEMENT_3D('',#10817,#10818,#10819);
#10821=TOROIDAL_SURFACE('',#10820,1.300000000005E0,1.999999999987E-1);
#10822=ORIENTED_EDGE('',*,*,#7725,.T.);
#10824=ORIENTED_EDGE('',*,*,#10823,.F.);
#10826=ORIENTED_EDGE('',*,*,#10825,.T.);
#10827=ORIENTED_EDGE('',*,*,#9736,.T.);
#10828=EDGE_LOOP('',(#10822,#10824,#10826,#10827));
#10829=FACE_OUTER_BOUND('',#10828,.F.);
#10830=ADVANCED_FACE('',(#10829),#10821,.T.);
#10831=FILL_AREA_STYLE_COLOUR('',#60);
#10832=FILL_AREA_STYLE('',(#10831));
#10833=SURFACE_STYLE_FILL_AREA(#10832);
#10834=SURFACE_SIDE_STYLE('',(#10833));
#10835=SURFACE_STYLE_USAGE(.BOTH.,#10834);
#10836=PRESENTATION_STYLE_ASSIGNMENT((#10835));
#10837=STYLED_ITEM('',(#10836),#10830);
#10838=CARTESIAN_POINT('',(1.403321903126E-12,2.929999999999E1,
-9.599999999995E0));
#10839=DIRECTION('',(1.E0,0.E0,0.E0));
#10840=DIRECTION('',(0.E0,-3.460017468635E-1,-9.382338680561E-1));
#10841=AXIS2_PLACEMENT_3D('',#10838,#10839,#10840);
#10842=CYLINDRICAL_SURFACE('',#10841,1.999884303494E-1);
#10843=ORIENTED_EDGE('',*,*,#7703,.T.);
#10845=ORIENTED_EDGE('',*,*,#10844,.F.);
#10847=ORIENTED_EDGE('',*,*,#10846,.T.);
#10848=ORIENTED_EDGE('',*,*,#10823,.T.);
#10849=EDGE_LOOP('',(#10843,#10845,#10847,#10848));
#10850=FACE_OUTER_BOUND('',#10849,.F.);
#10851=ADVANCED_FACE('',(#10850),#10842,.T.);
#10852=FILL_AREA_STYLE_COLOUR('',#60);
#10853=FILL_AREA_STYLE('',(#10852));
#10854=SURFACE_STYLE_FILL_AREA(#10853);
#10855=SURFACE_SIDE_STYLE('',(#10854));
#10856=SURFACE_STYLE_USAGE(.BOTH.,#10855);
#10857=PRESENTATION_STYLE_ASSIGNMENT((#10856));
#10858=STYLED_ITEM('',(#10857),#10851);
#10859=CARTESIAN_POINT('',(1.88E1,2.929999999999E1,-8.300000000003E0));
#10860=DIRECTION('',(-9.461678584507E-13,-1.E0,-2.062360898486E-11));
#10861=DIRECTION('',(-5.432805265490E-2,2.064455314817E-11,-9.985231407908E-1));
#10862=AXIS2_PLACEMENT_3D('',#10859,#10860,#10861);
#10863=TOROIDAL_SURFACE('',#10862,1.3E0,1.999999999981E-1);
#10864=ORIENTED_EDGE('',*,*,#7674,.T.);
#10866=ORIENTED_EDGE('',*,*,#10865,.F.);
#10868=ORIENTED_EDGE('',*,*,#10867,.T.);
#10869=ORIENTED_EDGE('',*,*,#10844,.T.);
#10870=EDGE_LOOP('',(#10864,#10866,#10868,#10869));
#10871=FACE_OUTER_BOUND('',#10870,.F.);
#10872=ADVANCED_FACE('',(#10871),#10863,.T.);
#10873=FILL_AREA_STYLE_COLOUR('',#60);
#10874=FILL_AREA_STYLE('',(#10873));
#10875=SURFACE_STYLE_FILL_AREA(#10874);
#10876=SURFACE_SIDE_STYLE('',(#10875));
#10877=SURFACE_STYLE_USAGE(.BOTH.,#10876);
#10878=PRESENTATION_STYLE_ASSIGNMENT((#10877));
#10879=STYLED_ITEM('',(#10878),#10872);
#10880=CARTESIAN_POINT('',(2.01E1,2.929999999999E1,1.399769189447E-12));
#10881=DIRECTION('',(0.E0,0.E0,1.E0));
#10882=DIRECTION('',(9.382338680545E-1,-3.460017468676E-1,0.E0));
#10883=AXIS2_PLACEMENT_3D('',#10880,#10881,#10882);
#10884=CYLINDRICAL_SURFACE('',#10883,1.999884303475E-1);
#10886=ORIENTED_EDGE('',*,*,#10885,.T.);
#10887=ORIENTED_EDGE('',*,*,#9675,.T.);
#10889=ORIENTED_EDGE('',*,*,#10888,.T.);
#10890=ORIENTED_EDGE('',*,*,#10865,.T.);
#10891=EDGE_LOOP('',(#10886,#10887,#10889,#10890));
#10892=FACE_OUTER_BOUND('',#10891,.F.);
#10893=ADVANCED_FACE('',(#10892),#10884,.T.);
#10894=FILL_AREA_STYLE_COLOUR('',#60);
#10895=FILL_AREA_STYLE('',(#10894));
#10896=SURFACE_STYLE_FILL_AREA(#10895);
#10897=SURFACE_SIDE_STYLE('',(#10896));
#10898=SURFACE_STYLE_USAGE(.BOTH.,#10897);
#10899=PRESENTATION_STYLE_ASSIGNMENT((#10898));
#10900=STYLED_ITEM('',(#10899),#10893);
#10901=CARTESIAN_POINT('',(2.03E1,2.72E1,0.E0));
#10902=DIRECTION('',(1.E0,0.E0,0.E0));
#10903=DIRECTION('',(0.E0,0.E0,-1.E0));
#10904=AXIS2_PLACEMENT_3D('',#10901,#10902,#10903);
#10905=PLANE('',#10904);
#10906=ORIENTED_EDGE('',*,*,#10885,.F.);
#10907=ORIENTED_EDGE('',*,*,#7672,.F.);
#10909=ORIENTED_EDGE('',*,*,#10908,.T.);
#10911=ORIENTED_EDGE('',*,*,#10910,.F.);
#10913=ORIENTED_EDGE('',*,*,#10912,.F.);
#10915=ORIENTED_EDGE('',*,*,#10914,.T.);
#10917=ORIENTED_EDGE('',*,*,#10916,.F.);
#10919=ORIENTED_EDGE('',*,*,#10918,.T.);
#10921=ORIENTED_EDGE('',*,*,#10920,.T.);
#10922=ORIENTED_EDGE('',*,*,#7850,.F.);
#10923=EDGE_LOOP('',(#10906,#10907,#10909,#10911,#10913,#10915,#10917,#10919,
#10921,#10922));
#10924=FACE_OUTER_BOUND('',#10923,.F.);
#10925=ADVANCED_FACE('',(#10924),#10905,.T.);
#10926=FILL_AREA_STYLE_COLOUR('',#60);
#10927=FILL_AREA_STYLE('',(#10926));
#10928=SURFACE_STYLE_FILL_AREA(#10927);
#10929=SURFACE_SIDE_STYLE('',(#10928));
#10930=SURFACE_STYLE_USAGE(.BOTH.,#10929);
#10931=PRESENTATION_STYLE_ASSIGNMENT((#10930));
#10932=STYLED_ITEM('',(#10931),#10925);
#10933=CARTESIAN_POINT('',(2.325901699437E1,2.51E1,-4.893121872154E0));
#10934=DIRECTION('',(0.E0,1.E0,0.E0));
#10935=DIRECTION('',(0.E0,0.E0,1.E0));
#10936=AXIS2_PLACEMENT_3D('',#10933,#10934,#10935);
#10937=PLANE('',#10936);
#10939=ORIENTED_EDGE('',*,*,#10938,.F.);
#10941=ORIENTED_EDGE('',*,*,#10940,.F.);
#10943=ORIENTED_EDGE('',*,*,#10942,.F.);
#10944=ORIENTED_EDGE('',*,*,#10908,.F.);
#10945=ORIENTED_EDGE('',*,*,#7670,.F.);
#10947=ORIENTED_EDGE('',*,*,#10946,.F.);
#10949=ORIENTED_EDGE('',*,*,#10948,.F.);
#10951=ORIENTED_EDGE('',*,*,#10950,.F.);
#10953=ORIENTED_EDGE('',*,*,#10952,.F.);
#10955=ORIENTED_EDGE('',*,*,#10954,.F.);
#10957=ORIENTED_EDGE('',*,*,#10956,.F.);
#10958=EDGE_LOOP('',(#10939,#10941,#10943,#10944,#10945,#10947,#10949,#10951,
#10953,#10955,#10957));
#10959=FACE_OUTER_BOUND('',#10958,.F.);
#10960=ADVANCED_FACE('',(#10959),#10937,.T.);
#10961=FILL_AREA_STYLE_COLOUR('',#60);
#10962=FILL_AREA_STYLE('',(#10961));
#10963=SURFACE_STYLE_FILL_AREA(#10962);
#10964=SURFACE_SIDE_STYLE('',(#10963));
#10965=SURFACE_STYLE_USAGE(.BOTH.,#10964);
#10966=PRESENTATION_STYLE_ASSIGNMENT((#10965));
#10967=STYLED_ITEM('',(#10966),#10960);
#10968=CARTESIAN_POINT('',(2.66E1,2.489999999999E1,-2.075E0));
#10969=DIRECTION('',(0.E0,0.E0,1.E0));
#10970=DIRECTION('',(9.382338680546E-1,-3.460017468675E-1,0.E0));
#10971=AXIS2_PLACEMENT_3D('',#10968,#10969,#10970);
#10972=CYLINDRICAL_SURFACE('',#10971,1.999884303476E-1);
#10973=ORIENTED_EDGE('',*,*,#10938,.T.);
#10975=ORIENTED_EDGE('',*,*,#10974,.T.);
#10977=ORIENTED_EDGE('',*,*,#10976,.T.);
#10979=ORIENTED_EDGE('',*,*,#10978,.T.);
#10981=ORIENTED_EDGE('',*,*,#10980,.T.);
#10983=ORIENTED_EDGE('',*,*,#10982,.T.);
#10984=EDGE_LOOP('',(#10973,#10975,#10977,#10979,#10981,#10983));
#10985=FACE_OUTER_BOUND('',#10984,.F.);
#10986=ADVANCED_FACE('',(#10985),#10972,.T.);
#10987=FILL_AREA_STYLE_COLOUR('',#60);
#10988=FILL_AREA_STYLE('',(#10987));
#10989=SURFACE_STYLE_FILL_AREA(#10988);
#10990=SURFACE_SIDE_STYLE('',(#10989));
#10991=SURFACE_STYLE_USAGE(.BOTH.,#10990);
#10992=PRESENTATION_STYLE_ASSIGNMENT((#10991));
#10993=STYLED_ITEM('',(#10992),#10986);
#10994=CARTESIAN_POINT('',(2.628541434669E1,2.49E1,-3.650000000001E0));
#10995=DIRECTION('',(-1.E0,0.E0,0.E0));
#10996=DIRECTION('',(0.E0,9.382338680482E-1,3.460017468849E-1));
#10997=AXIS2_PLACEMENT_3D('',#10994,#10995,#10996);
#10998=CYLINDRICAL_SURFACE('',#10997,1.999884303411E-1);
#11000=ORIENTED_EDGE('',*,*,#10999,.T.);
#11001=ORIENTED_EDGE('',*,*,#10974,.F.);
#11002=ORIENTED_EDGE('',*,*,#10956,.T.);
#11004=ORIENTED_EDGE('',*,*,#11003,.T.);
#11005=EDGE_LOOP('',(#11000,#11001,#11002,#11004));
#11006=FACE_OUTER_BOUND('',#11005,.F.);
#11007=ADVANCED_FACE('',(#11006),#10998,.T.);
#11008=FILL_AREA_STYLE_COLOUR('',#60);
#11009=FILL_AREA_STYLE('',(#11008));
#11010=SURFACE_STYLE_FILL_AREA(#11009);
#11011=SURFACE_SIDE_STYLE('',(#11010));
#11012=SURFACE_STYLE_USAGE(.BOTH.,#11011);
#11013=PRESENTATION_STYLE_ASSIGNMENT((#11012));
#11014=STYLED_ITEM('',(#11013),#11007);
#11015=CARTESIAN_POINT('',(2.628541434669E1,2.375E1,-3.85E0));
#11016=DIRECTION('',(0.E0,0.E0,1.E0));
#11017=DIRECTION('',(-1.E0,0.E0,0.E0));
#11018=AXIS2_PLACEMENT_3D('',#11015,#11016,#11017);
#11019=PLANE('',#11018);
#11020=ORIENTED_EDGE('',*,*,#10999,.F.);
#11022=ORIENTED_EDGE('',*,*,#11021,.T.);
#11024=ORIENTED_EDGE('',*,*,#11023,.F.);
#11026=ORIENTED_EDGE('',*,*,#11025,.F.);
#11027=EDGE_LOOP('',(#11020,#11022,#11024,#11026));
#11028=FACE_OUTER_BOUND('',#11027,.F.);
#11029=ADVANCED_FACE('',(#11028),#11019,.F.);
#11030=FILL_AREA_STYLE_COLOUR('',#60);
#11031=FILL_AREA_STYLE('',(#11030));
#11032=SURFACE_STYLE_FILL_AREA(#11031);
#11033=SURFACE_SIDE_STYLE('',(#11032));
#11034=SURFACE_STYLE_USAGE(.BOTH.,#11033);
#11035=PRESENTATION_STYLE_ASSIGNMENT((#11034));
#11036=STYLED_ITEM('',(#11035),#11029);
#11037=CARTESIAN_POINT('',(2.39E1,2.375E1,-5.100000000002E0));
#11038=DIRECTION('',(0.E0,1.E0,0.E0));
#11039=DIRECTION('',(8.837742203949E-1,0.E0,-4.679135896353E-1));
#11040=AXIS2_PLACEMENT_3D('',#11037,#11038,#11039);
#11041=CYLINDRICAL_SURFACE('',#11040,2.249992037232E0);
#11043=ORIENTED_EDGE('',*,*,#11042,.F.);
#11045=ORIENTED_EDGE('',*,*,#11044,.F.);
#11047=ORIENTED_EDGE('',*,*,#11046,.T.);
#11048=ORIENTED_EDGE('',*,*,#11021,.F.);
#11049=EDGE_LOOP('',(#11043,#11045,#11047,#11048));
#11050=FACE_OUTER_BOUND('',#11049,.F.);
#11051=ADVANCED_FACE('',(#11050),#11041,.F.);
#11052=FILL_AREA_STYLE_COLOUR('',#60);
#11053=FILL_AREA_STYLE('',(#11052));
#11054=SURFACE_STYLE_FILL_AREA(#11053);
#11055=SURFACE_SIDE_STYLE('',(#11054));
#11056=SURFACE_STYLE_USAGE(.BOTH.,#11055);
#11057=PRESENTATION_STYLE_ASSIGNMENT((#11056));
#11058=STYLED_ITEM('',(#11057),#11051);
#11059=CARTESIAN_POINT('',(2.39E1,2.490000012232E1,-5.099999999993E0));
#11060=DIRECTION('',(2.663056976378E-12,-1.E0,2.287708348158E-11));
#11061=DIRECTION('',(8.837742203939E-1,-8.350955538969E-12,-4.679135896373E-1));
#11062=AXIS2_PLACEMENT_3D('',#11059,#11060,#11061);
#11063=TOROIDAL_SURFACE('',#11062,2.449989427899E0,1.999996365675E-1);
#11064=ORIENTED_EDGE('',*,*,#11042,.T.);
#11065=ORIENTED_EDGE('',*,*,#11003,.F.);
#11066=ORIENTED_EDGE('',*,*,#10954,.T.);
#11068=ORIENTED_EDGE('',*,*,#11067,.T.);
#11069=EDGE_LOOP('',(#11064,#11065,#11066,#11068));
#11070=FACE_OUTER_BOUND('',#11069,.F.);
#11071=ADVANCED_FACE('',(#11070),#11063,.T.);
#11072=FILL_AREA_STYLE_COLOUR('',#60);
#11073=FILL_AREA_STYLE('',(#11072));
#11074=SURFACE_STYLE_FILL_AREA(#11073);
#11075=SURFACE_SIDE_STYLE('',(#11074));
#11076=SURFACE_STYLE_USAGE(.BOTH.,#11075);
#11077=PRESENTATION_STYLE_ASSIGNMENT((#11076));
#11078=STYLED_ITEM('',(#11077),#11071);
#11079=CARTESIAN_POINT('',(2.628541434671E1,2.49E1,-6.549999999999E0));
#11080=DIRECTION('',(1.E0,0.E0,0.E0));
#11081=DIRECTION('',(0.E0,9.382338680482E-1,-3.460017468849E-1));
#11082=AXIS2_PLACEMENT_3D('',#11079,#11080,#11081);
#11083=CYLINDRICAL_SURFACE('',#11082,1.999884303411E-1);
#11084=ORIENTED_EDGE('',*,*,#10952,.T.);
#11086=ORIENTED_EDGE('',*,*,#11085,.F.);
#11088=ORIENTED_EDGE('',*,*,#11087,.T.);
#11089=ORIENTED_EDGE('',*,*,#11067,.F.);
#11090=EDGE_LOOP('',(#11084,#11086,#11088,#11089));
#11091=FACE_OUTER_BOUND('',#11090,.F.);
#11092=ADVANCED_FACE('',(#11091),#11083,.T.);
#11093=FILL_AREA_STYLE_COLOUR('',#60);
#11094=FILL_AREA_STYLE('',(#11093));
#11095=SURFACE_STYLE_FILL_AREA(#11094);
#11096=SURFACE_SIDE_STYLE('',(#11095));
#11097=SURFACE_STYLE_USAGE(.BOTH.,#11096);
#11098=PRESENTATION_STYLE_ASSIGNMENT((#11097));
#11099=STYLED_ITEM('',(#11098),#11092);
#11100=CARTESIAN_POINT('',(2.66E1,2.489999999999E1,-7.175E0));
#11101=DIRECTION('',(0.E0,0.E0,1.E0));
#11102=DIRECTION('',(9.382338680546E-1,-3.460017468674E-1,0.E0));
#11103=AXIS2_PLACEMENT_3D('',#11100,#11101,#11102);
#11104=CYLINDRICAL_SURFACE('',#11103,1.999884303476E-1);
#11105=ORIENTED_EDGE('',*,*,#10950,.T.);
#11107=ORIENTED_EDGE('',*,*,#11106,.T.);
#11109=ORIENTED_EDGE('',*,*,#11108,.T.);
#11110=ORIENTED_EDGE('',*,*,#11085,.T.);
#11111=EDGE_LOOP('',(#11105,#11107,#11109,#11110));
#11112=FACE_OUTER_BOUND('',#11111,.F.);
#11113=ADVANCED_FACE('',(#11112),#11104,.T.);
#11114=FILL_AREA_STYLE_COLOUR('',#60);
#11115=FILL_AREA_STYLE('',(#11114));
#11116=SURFACE_STYLE_FILL_AREA(#11115);
#11117=SURFACE_SIDE_STYLE('',(#11116));
#11118=SURFACE_STYLE_USAGE(.BOTH.,#11117);
#11119=PRESENTATION_STYLE_ASSIGNMENT((#11118));
#11120=STYLED_ITEM('',(#11119),#11113);
#11121=CARTESIAN_POINT('',(2.53E1,2.489999999998E1,-7.999999999999E0));
#11122=DIRECTION('',(-8.089699782534E-13,1.E0,1.648245306996E-11));
#11123=DIRECTION('',(9.985231407908E-1,-8.768182021558E-14,5.432805265408E-2));
#11124=AXIS2_PLACEMENT_3D('',#11121,#11122,#11123);
#11125=TOROIDAL_SURFACE('',#11124,1.299999999996E0,2.000000000047E-1);
#11127=ORIENTED_EDGE('',*,*,#11126,.F.);
#11128=ORIENTED_EDGE('',*,*,#11106,.F.);
#11129=ORIENTED_EDGE('',*,*,#10948,.T.);
#11131=ORIENTED_EDGE('',*,*,#11130,.T.);
#11132=EDGE_LOOP('',(#11127,#11128,#11129,#11131));
#11133=FACE_OUTER_BOUND('',#11132,.F.);
#11134=ADVANCED_FACE('',(#11133),#11125,.T.);
#11135=FILL_AREA_STYLE_COLOUR('',#60);
#11136=FILL_AREA_STYLE('',(#11135));
#11137=SURFACE_STYLE_FILL_AREA(#11136);
#11138=SURFACE_SIDE_STYLE('',(#11137));
#11139=SURFACE_STYLE_USAGE(.BOTH.,#11138);
#11140=PRESENTATION_STYLE_ASSIGNMENT((#11139));
#11141=STYLED_ITEM('',(#11140),#11134);
#11142=CARTESIAN_POINT('',(2.53E1,2.375E1,-7.999999999996E0));
#11143=DIRECTION('',(0.E0,1.E0,0.E0));
#11144=DIRECTION('',(9.988906467716E-1,0.E0,4.709008167609E-2));
#11145=AXIS2_PLACEMENT_3D('',#11142,#11143,#11144);
#11146=CYLINDRICAL_SURFACE('',#11145,1.500000000002E0);
#11147=ORIENTED_EDGE('',*,*,#11126,.T.);
#11149=ORIENTED_EDGE('',*,*,#11148,.T.);
#11151=ORIENTED_EDGE('',*,*,#11150,.T.);
#11153=ORIENTED_EDGE('',*,*,#11152,.T.);
#11154=EDGE_LOOP('',(#11147,#11149,#11151,#11153));
#11155=FACE_OUTER_BOUND('',#11154,.F.);
#11156=ADVANCED_FACE('',(#11155),#11146,.T.);
#11157=FILL_AREA_STYLE_COLOUR('',#60);
#11158=FILL_AREA_STYLE('',(#11157));
#11159=SURFACE_STYLE_FILL_AREA(#11158);
#11160=SURFACE_SIDE_STYLE('',(#11159));
#11161=SURFACE_STYLE_USAGE(.BOTH.,#11160);
#11162=PRESENTATION_STYLE_ASSIGNMENT((#11161));
#11163=STYLED_ITEM('',(#11162),#11156);
#11164=CARTESIAN_POINT('',(2.25E1,2.375E1,-9.5E0));
#11165=DIRECTION('',(0.E0,0.E0,1.E0));
#11166=DIRECTION('',(0.E0,1.E0,0.E0));
#11167=AXIS2_PLACEMENT_3D('',#11164,#11165,#11166);
#11168=PLANE('',#11167);
#11170=ORIENTED_EDGE('',*,*,#11169,.F.);
#11171=ORIENTED_EDGE('',*,*,#7666,.F.);
#11173=ORIENTED_EDGE('',*,*,#11172,.F.);
#11174=ORIENTED_EDGE('',*,*,#11148,.F.);
#11175=EDGE_LOOP('',(#11170,#11171,#11173,#11174));
#11176=FACE_OUTER_BOUND('',#11175,.F.);
#11177=ADVANCED_FACE('',(#11176),#11168,.F.);
#11178=FILL_AREA_STYLE_COLOUR('',#60);
#11179=FILL_AREA_STYLE('',(#11178));
#11180=SURFACE_STYLE_FILL_AREA(#11179);
#11181=SURFACE_SIDE_STYLE('',(#11180));
#11182=SURFACE_STYLE_USAGE(.BOTH.,#11181);
#11183=PRESENTATION_STYLE_ASSIGNMENT((#11182));
#11184=STYLED_ITEM('',(#11183),#11177);
#11185=CARTESIAN_POINT('',(2.25E1,2.489999999999E1,-9.299999999995E0));
#11186=DIRECTION('',(1.E0,0.E0,0.E0));
#11187=DIRECTION('',(0.E0,-3.460017468635E-1,-9.382338680560E-1));
#11188=AXIS2_PLACEMENT_3D('',#11185,#11186,#11187);
#11189=CYLINDRICAL_SURFACE('',#11188,1.999884303494E-1);
#11190=ORIENTED_EDGE('',*,*,#11169,.T.);
#11191=ORIENTED_EDGE('',*,*,#11130,.F.);
#11192=ORIENTED_EDGE('',*,*,#10946,.T.);
#11193=ORIENTED_EDGE('',*,*,#7668,.F.);
#11194=EDGE_LOOP('',(#11190,#11191,#11192,#11193));
#11195=FACE_OUTER_BOUND('',#11194,.F.);
#11196=ADVANCED_FACE('',(#11195),#11189,.T.);
#11197=FILL_AREA_STYLE_COLOUR('',#60);
#11198=FILL_AREA_STYLE('',(#11197));
#11199=SURFACE_STYLE_FILL_AREA(#11198);
#11200=SURFACE_SIDE_STYLE('',(#11199));
#11201=SURFACE_STYLE_USAGE(.BOTH.,#11200);
#11202=PRESENTATION_STYLE_ASSIGNMENT((#11201));
#11203=STYLED_ITEM('',(#11202),#11196);
#11204=CARTESIAN_POINT('',(2.325E1,2.26E1,0.E0));
#11205=DIRECTION('',(0.E0,1.E0,0.E0));
#11206=DIRECTION('',(0.E0,0.E0,-1.E0));
#11207=AXIS2_PLACEMENT_3D('',#11204,#11205,#11206);
#11208=PLANE('',#11207);
#11209=ORIENTED_EDGE('',*,*,#11172,.T.);
#11210=ORIENTED_EDGE('',*,*,#7664,.F.);
#11211=ORIENTED_EDGE('',*,*,#7324,.F.);
#11212=ORIENTED_EDGE('',*,*,#7858,.F.);
#11214=ORIENTED_EDGE('',*,*,#11213,.T.);
#11216=ORIENTED_EDGE('',*,*,#11215,.F.);
#11218=ORIENTED_EDGE('',*,*,#11217,.T.);
#11220=ORIENTED_EDGE('',*,*,#11219,.F.);
#11222=ORIENTED_EDGE('',*,*,#11221,.F.);
#11224=ORIENTED_EDGE('',*,*,#11223,.F.);
#11226=ORIENTED_EDGE('',*,*,#11225,.T.);
#11227=ORIENTED_EDGE('',*,*,#11023,.T.);
#11228=ORIENTED_EDGE('',*,*,#11046,.F.);
#11230=ORIENTED_EDGE('',*,*,#11229,.T.);
#11232=ORIENTED_EDGE('',*,*,#11231,.T.);
#11233=ORIENTED_EDGE('',*,*,#11150,.F.);
#11234=EDGE_LOOP('',(#11209,#11210,#11211,#11212,#11214,#11216,#11218,#11220,
#11222,#11224,#11226,#11227,#11228,#11230,#11232,#11233));
#11235=FACE_OUTER_BOUND('',#11234,.F.);
#11236=ADVANCED_FACE('',(#11235),#11208,.F.);
#11237=FILL_AREA_STYLE_COLOUR('',#60);
#11238=FILL_AREA_STYLE('',(#11237));
#11239=SURFACE_STYLE_FILL_AREA(#11238);
#11240=SURFACE_SIDE_STYLE('',(#11239));
#11241=SURFACE_STYLE_USAGE(.BOTH.,#11240);
#11242=PRESENTATION_STYLE_ASSIGNMENT((#11241));
#11243=STYLED_ITEM('',(#11242),#11236);
#11244=CARTESIAN_POINT('',(2.25E1,2.375E1,9.5E0));
#11245=DIRECTION('',(0.E0,0.E0,1.E0));
#11246=DIRECTION('',(0.E0,-1.E0,0.E0));
#11247=AXIS2_PLACEMENT_3D('',#11244,#11245,#11246);
#11248=PLANE('',#11247);
#11250=ORIENTED_EDGE('',*,*,#11249,.F.);
#11252=ORIENTED_EDGE('',*,*,#11251,.F.);
#11253=ORIENTED_EDGE('',*,*,#11213,.F.);
#11254=ORIENTED_EDGE('',*,*,#7856,.F.);
#11255=EDGE_LOOP('',(#11250,#11252,#11253,#11254));
#11256=FACE_OUTER_BOUND('',#11255,.F.);
#11257=ADVANCED_FACE('',(#11256),#11248,.T.);
#11258=FILL_AREA_STYLE_COLOUR('',#60);
#11259=FILL_AREA_STYLE('',(#11258));
#11260=SURFACE_STYLE_FILL_AREA(#11259);
#11261=SURFACE_SIDE_STYLE('',(#11260));
#11262=SURFACE_STYLE_USAGE(.BOTH.,#11261);
#11263=PRESENTATION_STYLE_ASSIGNMENT((#11262));
#11264=STYLED_ITEM('',(#11263),#11257);
#11265=CARTESIAN_POINT('',(2.25E1,2.489999999999E1,9.299999999995E0));
#11266=DIRECTION('',(-1.E0,0.E0,0.E0));
#11267=DIRECTION('',(0.E0,-3.460017468647E-1,9.382338680556E-1));
#11268=AXIS2_PLACEMENT_3D('',#11265,#11266,#11267);
#11269=CYLINDRICAL_SURFACE('',#11268,1.999884303491E-1);
#11271=ORIENTED_EDGE('',*,*,#11270,.T.);
#11273=ORIENTED_EDGE('',*,*,#11272,.T.);
#11274=ORIENTED_EDGE('',*,*,#11249,.T.);
#11275=ORIENTED_EDGE('',*,*,#7854,.F.);
#11276=EDGE_LOOP('',(#11271,#11273,#11274,#11275));
#11277=FACE_OUTER_BOUND('',#11276,.F.);
#11278=ADVANCED_FACE('',(#11277),#11269,.T.);
#11279=FILL_AREA_STYLE_COLOUR('',#60);
#11280=FILL_AREA_STYLE('',(#11279));
#11281=SURFACE_STYLE_FILL_AREA(#11280);
#11282=SURFACE_SIDE_STYLE('',(#11281));
#11283=SURFACE_STYLE_USAGE(.BOTH.,#11282);
#11284=PRESENTATION_STYLE_ASSIGNMENT((#11283));
#11285=STYLED_ITEM('',(#11284),#11278);
#11286=CARTESIAN_POINT('',(2.325901699437E1,2.51E1,4.893121872154E0));
#11287=DIRECTION('',(0.E0,1.E0,0.E0));
#11288=DIRECTION('',(0.E0,0.E0,1.E0));
#11289=AXIS2_PLACEMENT_3D('',#11286,#11287,#11288);
#11290=PLANE('',#11289);
#11292=ORIENTED_EDGE('',*,*,#11291,.T.);
#11294=ORIENTED_EDGE('',*,*,#11293,.F.);
#11296=ORIENTED_EDGE('',*,*,#11295,.F.);
#11298=ORIENTED_EDGE('',*,*,#11297,.F.);
#11300=ORIENTED_EDGE('',*,*,#11299,.F.);
#11302=ORIENTED_EDGE('',*,*,#11301,.F.);
#11304=ORIENTED_EDGE('',*,*,#11303,.F.);
#11306=ORIENTED_EDGE('',*,*,#11305,.F.);
#11307=ORIENTED_EDGE('',*,*,#11270,.F.);
#11308=ORIENTED_EDGE('',*,*,#7852,.F.);
#11309=ORIENTED_EDGE('',*,*,#10920,.F.);
#11310=EDGE_LOOP('',(#11292,#11294,#11296,#11298,#11300,#11302,#11304,#11306,
#11307,#11308,#11309));
#11311=FACE_OUTER_BOUND('',#11310,.F.);
#11312=ADVANCED_FACE('',(#11311),#11290,.T.);
#11313=FILL_AREA_STYLE_COLOUR('',#60);
#11314=FILL_AREA_STYLE('',(#11313));
#11315=SURFACE_STYLE_FILL_AREA(#11314);
#11316=SURFACE_SIDE_STYLE('',(#11315));
#11317=SURFACE_STYLE_USAGE(.BOTH.,#11316);
#11318=PRESENTATION_STYLE_ASSIGNMENT((#11317));
#11319=STYLED_ITEM('',(#11318),#11312);
#11320=CARTESIAN_POINT('',(2.339265328737E1,2.575E1,5.E-1));
#11321=DIRECTION('',(0.E0,0.E0,1.E0));
#11322=DIRECTION('',(1.E0,0.E0,0.E0));
#11323=AXIS2_PLACEMENT_3D('',#11320,#11321,#11322);
#11324=PLANE('',#11323);
#11326=ORIENTED_EDGE('',*,*,#11325,.F.);
#11327=ORIENTED_EDGE('',*,*,#11291,.F.);
#11328=ORIENTED_EDGE('',*,*,#10918,.F.);
#11330=ORIENTED_EDGE('',*,*,#11329,.F.);
#11331=EDGE_LOOP('',(#11326,#11327,#11328,#11330));
#11332=FACE_OUTER_BOUND('',#11331,.F.);
#11333=ADVANCED_FACE('',(#11332),#11324,.T.);
#11334=FILL_AREA_STYLE_COLOUR('',#60);
#11335=FILL_AREA_STYLE('',(#11334));
#11336=SURFACE_STYLE_FILL_AREA(#11335);
#11337=SURFACE_SIDE_STYLE('',(#11336));
#11338=SURFACE_STYLE_USAGE(.BOTH.,#11337);
#11339=PRESENTATION_STYLE_ASSIGNMENT((#11338));
#11340=STYLED_ITEM('',(#11339),#11333);
#11341=CARTESIAN_POINT('',(2.575301730037E1,2.570279424466E1,
2.999999999971E-1));
#11342=DIRECTION('',(-7.720686216307E-1,6.355391754198E-1,2.704981804803E-14));
#11343=DIRECTION('',(-2.198976648871E-1,-2.671370917726E-1,9.382338680609E-1));
#11344=AXIS2_PLACEMENT_3D('',#11341,#11342,#11343);
#11345=CYLINDRICAL_SURFACE('',#11344,1.999884303453E-1);
#11347=ORIENTED_EDGE('',*,*,#11346,.T.);
#11349=ORIENTED_EDGE('',*,*,#11348,.F.);
#11351=ORIENTED_EDGE('',*,*,#11350,.F.);
#11352=ORIENTED_EDGE('',*,*,#11293,.T.);
#11353=ORIENTED_EDGE('',*,*,#11325,.T.);
#11355=ORIENTED_EDGE('',*,*,#11354,.F.);
#11356=EDGE_LOOP('',(#11347,#11349,#11351,#11352,#11353,#11355));
#11357=FACE_OUTER_BOUND('',#11356,.F.);
#11358=ADVANCED_FACE('',(#11357),#11345,.T.);
#11359=FILL_AREA_STYLE_COLOUR('',#60);
#11360=FILL_AREA_STYLE('',(#11359));
#11361=SURFACE_STYLE_FILL_AREA(#11360);
#11362=SURFACE_SIDE_STYLE('',(#11361));
#11363=SURFACE_STYLE_USAGE(.BOTH.,#11362);
#11364=PRESENTATION_STYLE_ASSIGNMENT((#11363));
#11365=STYLED_ITEM('',(#11364),#11358);
#11366=CARTESIAN_POINT('',(2.588012513545E1,2.585720796899E1,0.E0));
#11367=DIRECTION('',(6.355391754198E-1,7.720686216307E-1,0.E0));
#11368=DIRECTION('',(-7.720686216307E-1,6.355391754198E-1,0.E0));
#11369=AXIS2_PLACEMENT_3D('',#11366,#11367,#11368);
#11370=PLANE('',#11369);
#11371=ORIENTED_EDGE('',*,*,#11346,.F.);
#11373=ORIENTED_EDGE('',*,*,#11372,.F.);
#11375=ORIENTED_EDGE('',*,*,#11374,.F.);
#11377=ORIENTED_EDGE('',*,*,#11376,.F.);
#11378=EDGE_LOOP('',(#11371,#11373,#11375,#11377));
#11379=FACE_OUTER_BOUND('',#11378,.F.);
#11380=ADVANCED_FACE('',(#11379),#11370,.T.);
#11381=FILL_AREA_STYLE_COLOUR('',#60);
#11382=FILL_AREA_STYLE('',(#11381));
#11383=SURFACE_STYLE_FILL_AREA(#11382);
#11384=SURFACE_SIDE_STYLE('',(#11383));
#11385=SURFACE_STYLE_USAGE(.BOTH.,#11384);
#11386=PRESENTATION_STYLE_ASSIGNMENT((#11385));
#11387=STYLED_ITEM('',(#11386),#11380);
#11388=CARTESIAN_POINT('',(2.486368019367E1,2.659521095663E1,3.12E-1));
#11389=CARTESIAN_POINT('',(2.487761428427E1,2.659844648628E1,3.12E-1));
#11390=CARTESIAN_POINT('',(2.493779006128E1,2.660505020156E1,3.12E-1));
#11391=CARTESIAN_POINT('',(2.501186447003E1,2.657848396813E1,3.12E-1));
#11392=CARTESIAN_POINT('',(2.505413964249E1,2.653510890451E1,3.12E-1));
#11393=CARTESIAN_POINT('',(2.506285432748E1,2.652372656037E1,3.12E-1));
#11395=CURVE_STYLE('',#10245,POSITIVE_LENGTH_MEASURE(2.E-2),#60);
#11396=PRESENTATION_STYLE_ASSIGNMENT((#11395));
#11397=STYLED_ITEM('',(#11396),#11394);
#11398=DIRECTION('',(0.E0,0.E0,-1.E0));
#11399=VECTOR('',#11398,1.E0);
#11400=SURFACE_OF_LINEAR_EXTRUSION('',#11394,#11399);
#11402=ORIENTED_EDGE('',*,*,#11401,.T.);
#11404=ORIENTED_EDGE('',*,*,#11403,.T.);
#11405=ORIENTED_EDGE('',*,*,#11372,.T.);
#11407=ORIENTED_EDGE('',*,*,#11406,.F.);
#11408=EDGE_LOOP('',(#11402,#11404,#11405,#11407));
#11409=FACE_OUTER_BOUND('',#11408,.F.);
#11410=ADVANCED_FACE('',(#11409),#11400,.T.);
#11411=FILL_AREA_STYLE_COLOUR('',#60);
#11412=FILL_AREA_STYLE('',(#11411));
#11413=SURFACE_STYLE_FILL_AREA(#11412);
#11414=SURFACE_SIDE_STYLE('',(#11413));
#11415=SURFACE_STYLE_USAGE(.BOTH.,#11414);
#11416=PRESENTATION_STYLE_ASSIGNMENT((#11415));
#11417=STYLED_ITEM('',(#11416),#11410);
#11418=CARTESIAN_POINT('',(2.260301730037E1,2.66E1,0.E0));
#11419=DIRECTION('',(0.E0,1.E0,0.E0));
#11420=DIRECTION('',(-1.E0,0.E0,0.E0));
#11421=AXIS2_PLACEMENT_3D('',#11418,#11419,#11420);
#11422=PLANE('',#11421);
#11424=ORIENTED_EDGE('',*,*,#11423,.F.);
#11425=ORIENTED_EDGE('',*,*,#10914,.F.);
#11427=ORIENTED_EDGE('',*,*,#11426,.F.);
#11428=ORIENTED_EDGE('',*,*,#11401,.F.);
#11429=EDGE_LOOP('',(#11424,#11425,#11427,#11428));
#11430=FACE_OUTER_BOUND('',#11429,.F.);
#11431=ADVANCED_FACE('',(#11430),#11422,.T.);
#11432=FILL_AREA_STYLE_COLOUR('',#60);
#11433=FILL_AREA_STYLE('',(#11432));
#11434=SURFACE_STYLE_FILL_AREA(#11433);
#11435=SURFACE_SIDE_STYLE('',(#11434));
#11436=SURFACE_STYLE_USAGE(.BOTH.,#11435);
#11437=PRESENTATION_STYLE_ASSIGNMENT((#11436));
#11438=STYLED_ITEM('',(#11437),#11431);
#11439=CARTESIAN_POINT('',(2.260301730037E1,2.639999999999E1,
2.999999999948E-1));
#11440=DIRECTION('',(-1.E0,0.E0,0.E0));
#11441=DIRECTION('',(0.E0,-3.460017468639E-1,9.382338680559E-1));
#11442=AXIS2_PLACEMENT_3D('',#11439,#11440,#11441);
#11443=CYLINDRICAL_SURFACE('',#11442,1.999884303492E-1);
#11444=ORIENTED_EDGE('',*,*,#11423,.T.);
#11446=ORIENTED_EDGE('',*,*,#11445,.F.);
#11447=ORIENTED_EDGE('',*,*,#11329,.T.);
#11448=ORIENTED_EDGE('',*,*,#10916,.T.);
#11449=EDGE_LOOP('',(#11444,#11446,#11447,#11448));
#11450=FACE_OUTER_BOUND('',#11449,.F.);
#11451=ADVANCED_FACE('',(#11450),#11443,.T.);
#11452=FILL_AREA_STYLE_COLOUR('',#60);
#11453=FILL_AREA_STYLE('',(#11452));
#11454=SURFACE_STYLE_FILL_AREA(#11453);
#11455=SURFACE_SIDE_STYLE('',(#11454));
#11456=SURFACE_STYLE_USAGE(.BOTH.,#11455);
#11457=PRESENTATION_STYLE_ASSIGNMENT((#11456));
#11458=STYLED_ITEM('',(#11457),#11451);
#11459=CARTESIAN_POINT('',(2.490603460074E1,2.64E1,3.000000000007E-1));
#11460=DIRECTION('',(1.115498192715E-12,7.071067811780E-1,-7.071067811951E-1));
#11461=DIRECTION('',(-4.791188099011E-1,6.206630188833E-1,6.206630188675E-1));
#11462=AXIS2_PLACEMENT_3D('',#11459,#11460,#11461);
#11463=SPHERICAL_SURFACE('',#11462,2.000000000004E-1);
#11464=ORIENTED_EDGE('',*,*,#11406,.T.);
#11465=ORIENTED_EDGE('',*,*,#11354,.T.);
#11466=ORIENTED_EDGE('',*,*,#11445,.T.);
#11467=EDGE_LOOP('',(#11464,#11465,#11466));
#11468=FACE_OUTER_BOUND('',#11467,.F.);
#11469=ADVANCED_FACE('',(#11468),#11463,.T.);
#11470=FILL_AREA_STYLE_COLOUR('',#60);
#11471=FILL_AREA_STYLE('',(#11470));
#11472=SURFACE_STYLE_FILL_AREA(#11471);
#11473=SURFACE_SIDE_STYLE('',(#11472));
#11474=SURFACE_STYLE_USAGE(.BOTH.,#11473);
#11475=PRESENTATION_STYLE_ASSIGNMENT((#11474));
#11476=STYLED_ITEM('',(#11475),#11469);
#11477=CARTESIAN_POINT('',(2.260301730034E1,2.639999999999E1,
-2.999999999948E-1));
#11478=DIRECTION('',(1.E0,0.E0,0.E0));
#11479=DIRECTION('',(0.E0,-3.460017468639E-1,-9.382338680559E-1));
#11480=AXIS2_PLACEMENT_3D('',#11477,#11478,#11479);
#11481=CYLINDRICAL_SURFACE('',#11480,1.999884303492E-1);
#11483=ORIENTED_EDGE('',*,*,#11482,.T.);
#11485=ORIENTED_EDGE('',*,*,#11484,.F.);
#11486=ORIENTED_EDGE('',*,*,#11426,.T.);
#11487=ORIENTED_EDGE('',*,*,#10912,.T.);
#11488=EDGE_LOOP('',(#11483,#11485,#11486,#11487));
#11489=FACE_OUTER_BOUND('',#11488,.F.);
#11490=ADVANCED_FACE('',(#11489),#11481,.T.);
#11491=FILL_AREA_STYLE_COLOUR('',#60);
#11492=FILL_AREA_STYLE('',(#11491));
#11493=SURFACE_STYLE_FILL_AREA(#11492);
#11494=SURFACE_SIDE_STYLE('',(#11493));
#11495=SURFACE_STYLE_USAGE(.BOTH.,#11494);
#11496=PRESENTATION_STYLE_ASSIGNMENT((#11495));
#11497=STYLED_ITEM('',(#11496),#11490);
#11498=CARTESIAN_POINT('',(2.339265328737E1,2.575E1,-5.E-1));
#11499=DIRECTION('',(0.E0,0.E0,1.E0));
#11500=DIRECTION('',(1.E0,0.E0,0.E0));
#11501=AXIS2_PLACEMENT_3D('',#11498,#11499,#11500);
#11502=PLANE('',#11501);
#11503=ORIENTED_EDGE('',*,*,#11482,.F.);
#11504=ORIENTED_EDGE('',*,*,#10910,.T.);
#11505=ORIENTED_EDGE('',*,*,#10942,.T.);
#11507=ORIENTED_EDGE('',*,*,#11506,.T.);
#11508=EDGE_LOOP('',(#11503,#11504,#11505,#11507));
#11509=FACE_OUTER_BOUND('',#11508,.F.);
#11510=ADVANCED_FACE('',(#11509),#11502,.F.);
#11511=FILL_AREA_STYLE_COLOUR('',#60);
#11512=FILL_AREA_STYLE('',(#11511));
#11513=SURFACE_STYLE_FILL_AREA(#11512);
#11514=SURFACE_SIDE_STYLE('',(#11513));
#11515=SURFACE_STYLE_USAGE(.BOTH.,#11514);
#11516=PRESENTATION_STYLE_ASSIGNMENT((#11515));
#11517=STYLED_ITEM('',(#11516),#11510);
#11518=CARTESIAN_POINT('',(2.575301730037E1,2.570279424467E1,
-3.000000000039E-1));
#11519=DIRECTION('',(7.720686216307E-1,-6.355391754198E-1,0.E0));
#11520=DIRECTION('',(-2.198976649133E-1,-2.671370918045E-1,-9.382338680457E-1));
#11521=AXIS2_PLACEMENT_3D('',#11518,#11519,#11520);
#11522=CYLINDRICAL_SURFACE('',#11521,1.999884303407E-1);
#11523=ORIENTED_EDGE('',*,*,#11506,.F.);
#11524=ORIENTED_EDGE('',*,*,#10940,.T.);
#11525=ORIENTED_EDGE('',*,*,#10982,.F.);
#11527=ORIENTED_EDGE('',*,*,#11526,.F.);
#11528=ORIENTED_EDGE('',*,*,#11374,.T.);
#11530=ORIENTED_EDGE('',*,*,#11529,.F.);
#11531=EDGE_LOOP('',(#11523,#11524,#11525,#11527,#11528,#11530));
#11532=FACE_OUTER_BOUND('',#11531,.F.);
#11533=ADVANCED_FACE('',(#11532),#11522,.T.);
#11534=FILL_AREA_STYLE_COLOUR('',#60);
#11535=FILL_AREA_STYLE('',(#11534));
#11536=SURFACE_STYLE_FILL_AREA(#11535);
#11537=SURFACE_SIDE_STYLE('',(#11536));
#11538=SURFACE_STYLE_USAGE(.BOTH.,#11537);
#11539=PRESENTATION_STYLE_ASSIGNMENT((#11538));
#11540=STYLED_ITEM('',(#11539),#11533);
#11541=CARTESIAN_POINT('',(2.66E1,2.500558848932E1,-2.999999999992E-1));
#11542=DIRECTION('',(-4.493940606699E-1,-5.459349578812E-1,-7.071067811850E-1));
#11543=DIRECTION('',(2.454306410049E-2,7.836932148507E-1,-6.206630188770E-1));
#11544=AXIS2_PLACEMENT_3D('',#11541,#11542,#11543);
#11545=SPHERICAL_SURFACE('',#11544,1.999999999993E-1);
#11547=ORIENTED_EDGE('',*,*,#11546,.T.);
#11549=ORIENTED_EDGE('',*,*,#11548,.T.);
#11550=ORIENTED_EDGE('',*,*,#11526,.T.);
#11551=ORIENTED_EDGE('',*,*,#10980,.F.);
#11552=EDGE_LOOP('',(#11547,#11549,#11550,#11551));
#11553=FACE_OUTER_BOUND('',#11552,.F.);
#11554=ADVANCED_FACE('',(#11553),#11545,.T.);
#11555=FILL_AREA_STYLE_COLOUR('',#60);
#11556=FILL_AREA_STYLE('',(#11555));
#11557=SURFACE_STYLE_FILL_AREA(#11556);
#11558=SURFACE_SIDE_STYLE('',(#11557));
#11559=SURFACE_STYLE_USAGE(.BOTH.,#11558);
#11560=PRESENTATION_STYLE_ASSIGNMENT((#11559));
#11561=STYLED_ITEM('',(#11560),#11554);
#11562=CARTESIAN_POINT('',(2.676867103020E1,2.500770025911E1,
-4.074713151092E-1));
#11563=CARTESIAN_POINT('',(2.676906951666E1,2.500770025911E1,
-4.068459098794E-1));
#11564=CARTESIAN_POINT('',(2.678920943055E1,2.500770025911E1,
-3.748352917845E-1));
#11565=CARTESIAN_POINT('',(2.680020054058E1,2.500770025911E1,
-3.363355618575E-1));
#11566=CARTESIAN_POINT('',(2.679999587553E1,2.500770025911E1,
-2.985168639120E-1));
#11567=CARTESIAN_POINT('',(2.679998762686E1,2.500770025911E1,
-2.977753417456E-1));
#11569=CURVE_STYLE('',#10245,POSITIVE_LENGTH_MEASURE(2.E-2),#60);
#11570=PRESENTATION_STYLE_ASSIGNMENT((#11569));
#11571=STYLED_ITEM('',(#11570),#11568);
#11572=DIRECTION('',(0.E0,-1.E0,0.E0));
#11573=VECTOR('',#11572,1.E0);
#11574=SURFACE_OF_LINEAR_EXTRUSION('',#11568,#11573);
#11576=ORIENTED_EDGE('',*,*,#11575,.T.);
#11577=ORIENTED_EDGE('',*,*,#11546,.F.);
#11578=ORIENTED_EDGE('',*,*,#10978,.F.);
#11579=EDGE_LOOP('',(#11576,#11577,#11578));
#11580=FACE_OUTER_BOUND('',#11579,.F.);
#11581=ADVANCED_FACE('',(#11580),#11574,.T.);
#11582=FILL_AREA_STYLE_COLOUR('',#60);
#11583=FILL_AREA_STYLE('',(#11582));
#11584=SURFACE_STYLE_FILL_AREA(#11583);
#11585=SURFACE_SIDE_STYLE('',(#11584));
#11586=SURFACE_STYLE_USAGE(.BOTH.,#11585);
#11587=PRESENTATION_STYLE_ASSIGNMENT((#11586));
#11588=STYLED_ITEM('',(#11587),#11581);
#11589=CARTESIAN_POINT('',(2.68E1,2.380279424466E1,0.E0));
#11590=DIRECTION('',(1.E0,0.E0,0.E0));
#11591=DIRECTION('',(0.E0,-1.E0,0.E0));
#11592=AXIS2_PLACEMENT_3D('',#11589,#11590,#11591);
#11593=PLANE('',#11592);
#11594=ORIENTED_EDGE('',*,*,#10976,.F.);
#11595=ORIENTED_EDGE('',*,*,#11025,.T.);
#11596=ORIENTED_EDGE('',*,*,#11225,.F.);
#11598=ORIENTED_EDGE('',*,*,#11597,.F.);
#11600=ORIENTED_EDGE('',*,*,#11599,.F.);
#11602=ORIENTED_EDGE('',*,*,#11601,.F.);
#11604=ORIENTED_EDGE('',*,*,#11603,.F.);
#11605=ORIENTED_EDGE('',*,*,#11575,.F.);
#11606=EDGE_LOOP('',(#11594,#11595,#11596,#11598,#11600,#11602,#11604,#11605));
#11607=FACE_OUTER_BOUND('',#11606,.F.);
#11608=ADVANCED_FACE('',(#11607),#11593,.T.);
#11609=FILL_AREA_STYLE_COLOUR('',#60);
#11610=FILL_AREA_STYLE('',(#11609));
#11611=SURFACE_STYLE_FILL_AREA(#11610);
#11612=SURFACE_SIDE_STYLE('',(#11611));
#11613=SURFACE_STYLE_USAGE(.BOTH.,#11612);
#11614=PRESENTATION_STYLE_ASSIGNMENT((#11613));
#11615=STYLED_ITEM('',(#11614),#11608);
#11616=CARTESIAN_POINT('',(2.643541434669E1,2.375E1,3.85E0));
#11617=DIRECTION('',(0.E0,0.E0,1.E0));
#11618=DIRECTION('',(-1.E0,0.E0,0.E0));
#11619=AXIS2_PLACEMENT_3D('',#11616,#11617,#11618);
#11620=PLANE('',#11619);
#11622=ORIENTED_EDGE('',*,*,#11621,.F.);
#11623=ORIENTED_EDGE('',*,*,#11597,.T.);
#11624=ORIENTED_EDGE('',*,*,#11223,.T.);
#11626=ORIENTED_EDGE('',*,*,#11625,.T.);
#11627=EDGE_LOOP('',(#11622,#11623,#11624,#11626));
#11628=FACE_OUTER_BOUND('',#11627,.F.);
#11629=ADVANCED_FACE('',(#11628),#11620,.T.);
#11630=FILL_AREA_STYLE_COLOUR('',#60);
#11631=FILL_AREA_STYLE('',(#11630));
#11632=SURFACE_STYLE_FILL_AREA(#11631);
#11633=SURFACE_SIDE_STYLE('',(#11632));
#11634=SURFACE_STYLE_USAGE(.BOTH.,#11633);
#11635=PRESENTATION_STYLE_ASSIGNMENT((#11634));
#11636=STYLED_ITEM('',(#11635),#11629);
#11637=CARTESIAN_POINT('',(2.643541434671E1,2.49E1,3.650000000001E0));
#11638=DIRECTION('',(1.E0,0.E0,0.E0));
#11639=DIRECTION('',(0.E0,9.382338680482E-1,-3.460017468849E-1));
#11640=AXIS2_PLACEMENT_3D('',#11637,#11638,#11639);
#11641=CYLINDRICAL_SURFACE('',#11640,1.999884303411E-1);
#11642=ORIENTED_EDGE('',*,*,#11297,.T.);
#11644=ORIENTED_EDGE('',*,*,#11643,.F.);
#11645=ORIENTED_EDGE('',*,*,#11621,.T.);
#11647=ORIENTED_EDGE('',*,*,#11646,.T.);
#11648=EDGE_LOOP('',(#11642,#11644,#11645,#11647));
#11649=FACE_OUTER_BOUND('',#11648,.F.);
#11650=ADVANCED_FACE('',(#11649),#11641,.T.);
#11651=FILL_AREA_STYLE_COLOUR('',#60);
#11652=FILL_AREA_STYLE('',(#11651));
#11653=SURFACE_STYLE_FILL_AREA(#11652);
#11654=SURFACE_SIDE_STYLE('',(#11653));
#11655=SURFACE_STYLE_USAGE(.BOTH.,#11654);
#11656=PRESENTATION_STYLE_ASSIGNMENT((#11655));
#11657=STYLED_ITEM('',(#11656),#11650);
#11658=CARTESIAN_POINT('',(2.66E1,2.489999999999E1,2.075E0));
#11659=DIRECTION('',(0.E0,0.E0,1.E0));
#11660=DIRECTION('',(9.382338680546E-1,-3.460017468674E-1,0.E0));
#11661=AXIS2_PLACEMENT_3D('',#11658,#11659,#11660);
#11662=CYLINDRICAL_SURFACE('',#11661,1.999884303476E-1);
#11663=ORIENTED_EDGE('',*,*,#11295,.T.);
#11664=ORIENTED_EDGE('',*,*,#11350,.T.);
#11666=ORIENTED_EDGE('',*,*,#11665,.F.);
#11668=ORIENTED_EDGE('',*,*,#11667,.F.);
#11669=ORIENTED_EDGE('',*,*,#11599,.T.);
#11670=ORIENTED_EDGE('',*,*,#11643,.T.);
#11671=EDGE_LOOP('',(#11663,#11664,#11666,#11668,#11669,#11670));
#11672=FACE_OUTER_BOUND('',#11671,.F.);
#11673=ADVANCED_FACE('',(#11672),#11662,.T.);
#11674=FILL_AREA_STYLE_COLOUR('',#60);
#11675=FILL_AREA_STYLE('',(#11674));
#11676=SURFACE_STYLE_FILL_AREA(#11675);
#11677=SURFACE_SIDE_STYLE('',(#11676));
#11678=SURFACE_STYLE_USAGE(.BOTH.,#11677);
#11679=PRESENTATION_STYLE_ASSIGNMENT((#11678));
#11680=STYLED_ITEM('',(#11679),#11673);
#11681=CARTESIAN_POINT('',(2.66E1,2.500558848932E1,3.000000000020E-1));
#11682=DIRECTION('',(4.268845421056E-1,-9.043061360575E-1,9.190617022752E-12));
#11683=DIRECTION('',(8.361624060529E-1,3.947167796367E-1,-3.808294822844E-1));
#11684=AXIS2_PLACEMENT_3D('',#11681,#11682,#11683);
#11685=SPHERICAL_SURFACE('',#11684,2.000000000041E-1);
#11687=ORIENTED_EDGE('',*,*,#11686,.T.);
#11688=ORIENTED_EDGE('',*,*,#11665,.T.);
#11689=ORIENTED_EDGE('',*,*,#11348,.T.);
#11691=ORIENTED_EDGE('',*,*,#11690,.T.);
#11692=EDGE_LOOP('',(#11687,#11688,#11689,#11691));
#11693=FACE_OUTER_BOUND('',#11692,.F.);
#11694=ADVANCED_FACE('',(#11693),#11685,.T.);
#11695=FILL_AREA_STYLE_COLOUR('',#60);
#11696=FILL_AREA_STYLE('',(#11695));
#11697=SURFACE_STYLE_FILL_AREA(#11696);
#11698=SURFACE_SIDE_STYLE('',(#11697));
#11699=SURFACE_STYLE_USAGE(.BOTH.,#11698);
#11700=PRESENTATION_STYLE_ASSIGNMENT((#11699));
#11701=STYLED_ITEM('',(#11700),#11694);
#11702=CARTESIAN_POINT('',(2.679998762686E1,2.500770025911E1,
2.977753417455E-1));
#11703=CARTESIAN_POINT('',(2.679999587554E1,2.500770025911E1,
2.985168639120E-1));
#11704=CARTESIAN_POINT('',(2.680020054059E1,2.500770025911E1,
3.363355618574E-1));
#11705=CARTESIAN_POINT('',(2.678920943055E1,2.500770025911E1,
3.748352917844E-1));
#11706=CARTESIAN_POINT('',(2.676906951667E1,2.500770025911E1,
4.068459098793E-1));
#11707=CARTESIAN_POINT('',(2.676867103020E1,2.500770025911E1,
4.074713151091E-1));
#11709=CURVE_STYLE('',#10245,POSITIVE_LENGTH_MEASURE(2.E-2),#60);
#11710=PRESENTATION_STYLE_ASSIGNMENT((#11709));
#11711=STYLED_ITEM('',(#11710),#11708);
#11712=DIRECTION('',(0.E0,-1.E0,0.E0));
#11713=VECTOR('',#11712,1.E0);
#11714=SURFACE_OF_LINEAR_EXTRUSION('',#11708,#11713);
#11715=ORIENTED_EDGE('',*,*,#11601,.T.);
#11716=ORIENTED_EDGE('',*,*,#11667,.T.);
#11717=ORIENTED_EDGE('',*,*,#11686,.F.);
#11718=EDGE_LOOP('',(#11715,#11716,#11717));
#11719=FACE_OUTER_BOUND('',#11718,.F.);
#11720=ADVANCED_FACE('',(#11719),#11714,.T.);
#11721=FILL_AREA_STYLE_COLOUR('',#60);
#11722=FILL_AREA_STYLE('',(#11721));
#11723=SURFACE_STYLE_FILL_AREA(#11722);
#11724=SURFACE_SIDE_STYLE('',(#11723));
#11725=SURFACE_STYLE_USAGE(.BOTH.,#11724);
#11726=PRESENTATION_STYLE_ASSIGNMENT((#11725));
#11727=STYLED_ITEM('',(#11726),#11720);
#11728=CARTESIAN_POINT('',(2.66E1,2.500558848932E1,0.E0));
#11729=DIRECTION('',(0.E0,0.E0,1.E0));
#11730=DIRECTION('',(9.998443876044E-1,-1.764087798460E-2,0.E0));
#11731=AXIS2_PLACEMENT_3D('',#11728,#11729,#11730);
#11732=CYLINDRICAL_SURFACE('',#11731,2.000000000026E-1);
#11733=ORIENTED_EDGE('',*,*,#11603,.T.);
#11734=ORIENTED_EDGE('',*,*,#11690,.F.);
#11735=ORIENTED_EDGE('',*,*,#11376,.T.);
#11736=ORIENTED_EDGE('',*,*,#11548,.F.);
#11737=EDGE_LOOP('',(#11733,#11734,#11735,#11736));
#11738=FACE_OUTER_BOUND('',#11737,.F.);
#11739=ADVANCED_FACE('',(#11738),#11732,.T.);
#11740=FILL_AREA_STYLE_COLOUR('',#60);
#11741=FILL_AREA_STYLE('',(#11740));
#11742=SURFACE_STYLE_FILL_AREA(#11741);
#11743=SURFACE_SIDE_STYLE('',(#11742));
#11744=SURFACE_STYLE_USAGE(.BOTH.,#11743);
#11745=PRESENTATION_STYLE_ASSIGNMENT((#11744));
#11746=STYLED_ITEM('',(#11745),#11739);
#11747=CARTESIAN_POINT('',(2.42E1,2.490000040853E1,5.099999999996E0));
#11748=DIRECTION('',(-1.828684483090E-12,1.E0,-1.123700482449E-11));
#11749=DIRECTION('',(8.837742203934E-1,6.874091462609E-12,4.679135896381E-1));
#11750=AXIS2_PLACEMENT_3D('',#11747,#11748,#11749);
#11751=TOROIDAL_SURFACE('',#11750,2.449989141690E0,1.999994670639E-1);
#11753=ORIENTED_EDGE('',*,*,#11752,.T.);
#11755=ORIENTED_EDGE('',*,*,#11754,.T.);
#11756=ORIENTED_EDGE('',*,*,#11299,.T.);
#11757=ORIENTED_EDGE('',*,*,#11646,.F.);
#11758=EDGE_LOOP('',(#11753,#11755,#11756,#11757));
#11759=FACE_OUTER_BOUND('',#11758,.F.);
#11760=ADVANCED_FACE('',(#11759),#11751,.T.);
#11761=FILL_AREA_STYLE_COLOUR('',#60);
#11762=FILL_AREA_STYLE('',(#11761));
#11763=SURFACE_STYLE_FILL_AREA(#11762);
#11764=SURFACE_SIDE_STYLE('',(#11763));
#11765=SURFACE_STYLE_USAGE(.BOTH.,#11764);
#11766=PRESENTATION_STYLE_ASSIGNMENT((#11765));
#11767=STYLED_ITEM('',(#11766),#11760);
#11768=CARTESIAN_POINT('',(2.42E1,2.375E1,5.100000000002E0));
#11769=DIRECTION('',(0.E0,-1.E0,0.E0));
#11770=DIRECTION('',(8.837742203949E-1,0.E0,4.679135896353E-1));
#11771=AXIS2_PLACEMENT_3D('',#11768,#11769,#11770);
#11772=CYLINDRICAL_SURFACE('',#11771,2.249992037232E0);
#11773=ORIENTED_EDGE('',*,*,#11752,.F.);
#11774=ORIENTED_EDGE('',*,*,#11625,.F.);
#11775=ORIENTED_EDGE('',*,*,#11221,.T.);
#11777=ORIENTED_EDGE('',*,*,#11776,.F.);
#11778=EDGE_LOOP('',(#11773,#11774,#11775,#11777));
#11779=FACE_OUTER_BOUND('',#11778,.F.);
#11780=ADVANCED_FACE('',(#11779),#11772,.F.);
#11781=FILL_AREA_STYLE_COLOUR('',#60);
#11782=FILL_AREA_STYLE('',(#11781));
#11783=SURFACE_STYLE_FILL_AREA(#11782);
#11784=SURFACE_SIDE_STYLE('',(#11783));
#11785=SURFACE_STYLE_USAGE(.BOTH.,#11784);
#11786=PRESENTATION_STYLE_ASSIGNMENT((#11785));
#11787=STYLED_ITEM('',(#11786),#11780);
#11788=CARTESIAN_POINT('',(2.643541434670E1,2.375E1,6.35E0));
#11789=DIRECTION('',(0.E0,0.E0,1.E0));
#11790=DIRECTION('',(1.E0,0.E0,0.E0));
#11791=AXIS2_PLACEMENT_3D('',#11788,#11789,#11790);
#11792=PLANE('',#11791);
#11794=ORIENTED_EDGE('',*,*,#11793,.F.);
#11795=ORIENTED_EDGE('',*,*,#11776,.T.);
#11796=ORIENTED_EDGE('',*,*,#11219,.T.);
#11798=ORIENTED_EDGE('',*,*,#11797,.T.);
#11799=EDGE_LOOP('',(#11794,#11795,#11796,#11798));
#11800=FACE_OUTER_BOUND('',#11799,.F.);
#11801=ADVANCED_FACE('',(#11800),#11792,.F.);
#11802=FILL_AREA_STYLE_COLOUR('',#60);
#11803=FILL_AREA_STYLE('',(#11802));
#11804=SURFACE_STYLE_FILL_AREA(#11803);
#11805=SURFACE_SIDE_STYLE('',(#11804));
#11806=SURFACE_STYLE_USAGE(.BOTH.,#11805);
#11807=PRESENTATION_STYLE_ASSIGNMENT((#11806));
#11808=STYLED_ITEM('',(#11807),#11801);
#11809=CARTESIAN_POINT('',(2.643541434669E1,2.49E1,6.549999999999E0));
#11810=DIRECTION('',(-1.E0,0.E0,0.E0));
#11811=DIRECTION('',(0.E0,9.382338680482E-1,3.460017468849E-1));
#11812=AXIS2_PLACEMENT_3D('',#11809,#11810,#11811);
#11813=CYLINDRICAL_SURFACE('',#11812,1.999884303411E-1);
#11814=ORIENTED_EDGE('',*,*,#11793,.T.);
#11816=ORIENTED_EDGE('',*,*,#11815,.T.);
#11817=ORIENTED_EDGE('',*,*,#11301,.T.);
#11818=ORIENTED_EDGE('',*,*,#11754,.F.);
#11819=EDGE_LOOP('',(#11814,#11816,#11817,#11818));
#11820=FACE_OUTER_BOUND('',#11819,.F.);
#11821=ADVANCED_FACE('',(#11820),#11813,.T.);
#11822=FILL_AREA_STYLE_COLOUR('',#60);
#11823=FILL_AREA_STYLE('',(#11822));
#11824=SURFACE_STYLE_FILL_AREA(#11823);
#11825=SURFACE_SIDE_STYLE('',(#11824));
#11826=SURFACE_STYLE_USAGE(.BOTH.,#11825);
#11827=PRESENTATION_STYLE_ASSIGNMENT((#11826));
#11828=STYLED_ITEM('',(#11827),#11821);
#11829=CARTESIAN_POINT('',(2.66E1,2.489999999999E1,7.174999999999E0));
#11830=DIRECTION('',(0.E0,0.E0,1.E0));
#11831=DIRECTION('',(9.382338680545E-1,-3.460017468676E-1,0.E0));
#11832=AXIS2_PLACEMENT_3D('',#11829,#11830,#11831);
#11833=CYLINDRICAL_SURFACE('',#11832,1.999884303475E-1);
#11835=ORIENTED_EDGE('',*,*,#11834,.T.);
#11837=ORIENTED_EDGE('',*,*,#11836,.F.);
#11838=ORIENTED_EDGE('',*,*,#11303,.T.);
#11839=ORIENTED_EDGE('',*,*,#11815,.F.);
#11840=EDGE_LOOP('',(#11835,#11837,#11838,#11839));
#11841=FACE_OUTER_BOUND('',#11840,.F.);
#11842=ADVANCED_FACE('',(#11841),#11833,.T.);
#11843=FILL_AREA_STYLE_COLOUR('',#60);
#11844=FILL_AREA_STYLE('',(#11843));
#11845=SURFACE_STYLE_FILL_AREA(#11844);
#11846=SURFACE_SIDE_STYLE('',(#11845));
#11847=SURFACE_STYLE_USAGE(.BOTH.,#11846);
#11848=PRESENTATION_STYLE_ASSIGNMENT((#11847));
#11849=STYLED_ITEM('',(#11848),#11842);
#11850=CARTESIAN_POINT('',(2.68E1,2.375E1,7.175E0));
#11851=DIRECTION('',(1.E0,0.E0,0.E0));
#11852=DIRECTION('',(0.E0,-1.E0,0.E0));
#11853=AXIS2_PLACEMENT_3D('',#11850,#11851,#11852);
#11854=PLANE('',#11853);
#11855=ORIENTED_EDGE('',*,*,#11834,.F.);
#11856=ORIENTED_EDGE('',*,*,#11797,.F.);
#11857=ORIENTED_EDGE('',*,*,#11217,.F.);
#11859=ORIENTED_EDGE('',*,*,#11858,.F.);
#11860=EDGE_LOOP('',(#11855,#11856,#11857,#11859));
#11861=FACE_OUTER_BOUND('',#11860,.F.);
#11862=ADVANCED_FACE('',(#11861),#11854,.T.);
#11863=FILL_AREA_STYLE_COLOUR('',#60);
#11864=FILL_AREA_STYLE('',(#11863));
#11865=SURFACE_STYLE_FILL_AREA(#11864);
#11866=SURFACE_SIDE_STYLE('',(#11865));
#11867=SURFACE_STYLE_USAGE(.BOTH.,#11866);
#11868=PRESENTATION_STYLE_ASSIGNMENT((#11867));
#11869=STYLED_ITEM('',(#11868),#11862);
#11870=CARTESIAN_POINT('',(2.53E1,2.375E1,7.999999999996E0));
#11871=DIRECTION('',(0.E0,-1.E0,0.E0));
#11872=DIRECTION('',(9.988906467716E-1,0.E0,-4.709008167608E-2));
#11873=AXIS2_PLACEMENT_3D('',#11870,#11871,#11872);
#11874=CYLINDRICAL_SURFACE('',#11873,1.500000000002E0);
#11876=ORIENTED_EDGE('',*,*,#11875,.T.);
#11877=ORIENTED_EDGE('',*,*,#11858,.T.);
#11878=ORIENTED_EDGE('',*,*,#11215,.T.);
#11879=ORIENTED_EDGE('',*,*,#11251,.T.);
#11880=EDGE_LOOP('',(#11876,#11877,#11878,#11879));
#11881=FACE_OUTER_BOUND('',#11880,.F.);
#11882=ADVANCED_FACE('',(#11881),#11874,.T.);
#11883=FILL_AREA_STYLE_COLOUR('',#60);
#11884=FILL_AREA_STYLE('',(#11883));
#11885=SURFACE_STYLE_FILL_AREA(#11884);
#11886=SURFACE_SIDE_STYLE('',(#11885));
#11887=SURFACE_STYLE_USAGE(.BOTH.,#11886);
#11888=PRESENTATION_STYLE_ASSIGNMENT((#11887));
#11889=STYLED_ITEM('',(#11888),#11882);
#11890=CARTESIAN_POINT('',(2.53E1,2.49E1,7.999999999999E0));
#11891=DIRECTION('',(-2.107229282258E-12,-1.E0,1.360264146692E-11));
#11892=DIRECTION('',(9.985231407908E-1,-2.843121773027E-12,-5.432805265446E-2));
#11893=AXIS2_PLACEMENT_3D('',#11890,#11891,#11892);
#11894=TOROIDAL_SURFACE('',#11893,1.300000000004E0,1.999999999986E-1);
#11895=ORIENTED_EDGE('',*,*,#11875,.F.);
#11896=ORIENTED_EDGE('',*,*,#11272,.F.);
#11897=ORIENTED_EDGE('',*,*,#11305,.T.);
#11898=ORIENTED_EDGE('',*,*,#11836,.T.);
#11899=EDGE_LOOP('',(#11895,#11896,#11897,#11898));
#11900=FACE_OUTER_BOUND('',#11899,.F.);
#11901=ADVANCED_FACE('',(#11900),#11894,.T.);
#11902=FILL_AREA_STYLE_COLOUR('',#60);
#11903=FILL_AREA_STYLE('',(#11902));
#11904=SURFACE_STYLE_FILL_AREA(#11903);
#11905=SURFACE_SIDE_STYLE('',(#11904));
#11906=SURFACE_STYLE_USAGE(.BOTH.,#11905);
#11907=PRESENTATION_STYLE_ASSIGNMENT((#11906));
#11908=STYLED_ITEM('',(#11907),#11901);
#11909=CARTESIAN_POINT('',(2.490603460074E1,2.64E1,-2.999999999999E-1));
#11910=DIRECTION('',(-9.412939555871E-1,3.375880465525E-1,2.202453034952E-11));
#11911=DIRECTION('',(3.140860605338E-1,8.757635625010E-1,3.665898650727E-1));
#11912=AXIS2_PLACEMENT_3D('',#11909,#11910,#11911);
#11913=SPHERICAL_SURFACE('',#11912,2.000093291195E-1);
#11914=ORIENTED_EDGE('',*,*,#11529,.T.);
#11915=ORIENTED_EDGE('',*,*,#11403,.F.);
#11916=ORIENTED_EDGE('',*,*,#11484,.T.);
#11917=EDGE_LOOP('',(#11914,#11915,#11916));
#11918=FACE_OUTER_BOUND('',#11917,.F.);
#11919=ADVANCED_FACE('',(#11918),#11913,.T.);
#11920=FILL_AREA_STYLE_COLOUR('',#60);
#11921=FILL_AREA_STYLE('',(#11920));
#11922=SURFACE_STYLE_FILL_AREA(#11921);
#11923=SURFACE_SIDE_STYLE('',(#11922));
#11924=SURFACE_STYLE_USAGE(.BOTH.,#11923);
#11925=PRESENTATION_STYLE_ASSIGNMENT((#11924));
#11926=STYLED_ITEM('',(#11925),#11919);
#11927=CARTESIAN_POINT('',(2.628541434670E1,2.375E1,-6.35E0));
#11928=DIRECTION('',(0.E0,0.E0,1.E0));
#11929=DIRECTION('',(1.E0,0.E0,0.E0));
#11930=AXIS2_PLACEMENT_3D('',#11927,#11928,#11929);
#11931=PLANE('',#11930);
#11932=ORIENTED_EDGE('',*,*,#11087,.F.);
#11934=ORIENTED_EDGE('',*,*,#11933,.F.);
#11935=ORIENTED_EDGE('',*,*,#11229,.F.);
#11936=ORIENTED_EDGE('',*,*,#11044,.T.);
#11937=EDGE_LOOP('',(#11932,#11934,#11935,#11936));
#11938=FACE_OUTER_BOUND('',#11937,.F.);
#11939=ADVANCED_FACE('',(#11938),#11931,.T.);
#11940=FILL_AREA_STYLE_COLOUR('',#60);
#11941=FILL_AREA_STYLE('',(#11940));
#11942=SURFACE_STYLE_FILL_AREA(#11941);
#11943=SURFACE_SIDE_STYLE('',(#11942));
#11944=SURFACE_STYLE_USAGE(.BOTH.,#11943);
#11945=PRESENTATION_STYLE_ASSIGNMENT((#11944));
#11946=STYLED_ITEM('',(#11945),#11939);
#11947=CARTESIAN_POINT('',(2.68E1,2.375E1,-7.175E0));
#11948=DIRECTION('',(1.E0,0.E0,0.E0));
#11949=DIRECTION('',(0.E0,-1.E0,0.E0));
#11950=AXIS2_PLACEMENT_3D('',#11947,#11948,#11949);
#11951=PLANE('',#11950);
#11952=ORIENTED_EDGE('',*,*,#11108,.F.);
#11953=ORIENTED_EDGE('',*,*,#11152,.F.);
#11954=ORIENTED_EDGE('',*,*,#11231,.F.);
#11955=ORIENTED_EDGE('',*,*,#11933,.T.);
#11956=EDGE_LOOP('',(#11952,#11953,#11954,#11955));
#11957=FACE_OUTER_BOUND('',#11956,.F.);
#11958=ADVANCED_FACE('',(#11957),#11951,.T.);
#11959=FILL_AREA_STYLE_COLOUR('',#60);
#11960=FILL_AREA_STYLE('',(#11959));
#11961=SURFACE_STYLE_FILL_AREA(#11960);
#11962=SURFACE_SIDE_STYLE('',(#11961));
#11963=SURFACE_STYLE_USAGE(.BOTH.,#11962);
#11964=PRESENTATION_STYLE_ASSIGNMENT((#11963));
#11965=STYLED_ITEM('',(#11964),#11958);
#11966=CARTESIAN_POINT('',(0.E0,2.95E1,0.E0));
#11967=DIRECTION('',(0.E0,1.E0,0.E0));
#11968=DIRECTION('',(1.E0,0.E0,0.E0));
#11969=AXIS2_PLACEMENT_3D('',#11966,#11967,#11968);
#11970=PLANE('',#11969);
#11971=ORIENTED_EDGE('',*,*,#9738,.F.);
#11972=ORIENTED_EDGE('',*,*,#10825,.F.);
#11973=ORIENTED_EDGE('',*,*,#10846,.F.);
#11974=ORIENTED_EDGE('',*,*,#10867,.F.);
#11975=ORIENTED_EDGE('',*,*,#10888,.F.);
#11976=ORIENTED_EDGE('',*,*,#9673,.F.);
#11977=ORIENTED_EDGE('',*,*,#9695,.F.);
#11978=ORIENTED_EDGE('',*,*,#9716,.F.);
#11979=EDGE_LOOP('',(#11971,#11972,#11973,#11974,#11975,#11976,#11977,#11978));
#11980=FACE_OUTER_BOUND('',#11979,.F.);
#11982=ORIENTED_EDGE('',*,*,#11981,.F.);
#11984=ORIENTED_EDGE('',*,*,#11983,.F.);
#11986=ORIENTED_EDGE('',*,*,#11985,.F.);
#11988=ORIENTED_EDGE('',*,*,#11987,.F.);
#11990=ORIENTED_EDGE('',*,*,#11989,.F.);
#11992=ORIENTED_EDGE('',*,*,#11991,.F.);
#11994=ORIENTED_EDGE('',*,*,#11993,.F.);
#11996=ORIENTED_EDGE('',*,*,#11995,.F.);
#11997=EDGE_LOOP('',(#11982,#11984,#11986,#11988,#11990,#11992,#11994,#11996));
#11998=FACE_BOUND('',#11997,.F.);
#11999=ADVANCED_FACE('',(#11980,#11998),#11970,.T.);
#12000=FILL_AREA_STYLE_COLOUR('',#60);
#12001=FILL_AREA_STYLE('',(#12000));
#12002=SURFACE_STYLE_FILL_AREA(#12001);
#12003=SURFACE_SIDE_STYLE('',(#12002));
#12004=SURFACE_STYLE_USAGE(.BOTH.,#12003);
#12005=PRESENTATION_STYLE_ASSIGNMENT((#12004));
#12006=STYLED_ITEM('',(#12005),#11999);
#12007=CARTESIAN_POINT('',(1.98E1,2.965E1,0.E0));
#12008=DIRECTION('',(1.E0,0.E0,0.E0));
#12009=DIRECTION('',(0.E0,0.E0,1.E0));
#12010=AXIS2_PLACEMENT_3D('',#12007,#12008,#12009);
#12011=PLANE('',#12010);
#12013=ORIENTED_EDGE('',*,*,#12012,.F.);
#12015=ORIENTED_EDGE('',*,*,#12014,.F.);
#12016=ORIENTED_EDGE('',*,*,#11981,.T.);
#12018=ORIENTED_EDGE('',*,*,#12017,.F.);
#12019=EDGE_LOOP('',(#12013,#12015,#12016,#12018));
#12020=FACE_OUTER_BOUND('',#12019,.F.);
#12021=ADVANCED_FACE('',(#12020),#12011,.T.);
#12022=FILL_AREA_STYLE_COLOUR('',#60);
#12023=FILL_AREA_STYLE('',(#12022));
#12024=SURFACE_STYLE_FILL_AREA(#12023);
#12025=SURFACE_SIDE_STYLE('',(#12024));
#12026=SURFACE_STYLE_USAGE(.BOTH.,#12025);
#12027=PRESENTATION_STYLE_ASSIGNMENT((#12026));
#12028=STYLED_ITEM('',(#12027),#12021);
#12029=CARTESIAN_POINT('',(1.959999999999E1,2.98E1,-1.898499135677E-10));
#12030=DIRECTION('',(0.E0,0.E0,-1.E0));
#12031=DIRECTION('',(-3.460017468674E-1,9.382338680546E-1,0.E0));
#12032=AXIS2_PLACEMENT_3D('',#12029,#12030,#12031);
#12033=CYLINDRICAL_SURFACE('',#12032,1.999884303476E-1);
#12035=ORIENTED_EDGE('',*,*,#12034,.T.);
#12037=ORIENTED_EDGE('',*,*,#12036,.F.);
#12038=ORIENTED_EDGE('',*,*,#12012,.T.);
#12040=ORIENTED_EDGE('',*,*,#12039,.F.);
#12041=EDGE_LOOP('',(#12035,#12037,#12038,#12040));
#12042=FACE_OUTER_BOUND('',#12041,.F.);
#12043=ADVANCED_FACE('',(#12042),#12033,.T.);
#12044=FILL_AREA_STYLE_COLOUR('',#60);
#12045=FILL_AREA_STYLE('',(#12044));
#12046=SURFACE_STYLE_FILL_AREA(#12045);
#12047=SURFACE_SIDE_STYLE('',(#12046));
#12048=SURFACE_STYLE_USAGE(.BOTH.,#12047);
#12049=PRESENTATION_STYLE_ASSIGNMENT((#12048));
#12050=STYLED_ITEM('',(#12049),#12043);
#12051=CARTESIAN_POINT('',(1.575916630466E1,3.E1,0.E0));
#12052=DIRECTION('',(0.E0,1.E0,0.E0));
#12053=DIRECTION('',(1.E0,0.E0,0.E0));
#12054=AXIS2_PLACEMENT_3D('',#12051,#12052,#12053);
#12055=PLANE('',#12054);
#12057=ORIENTED_EDGE('',*,*,#12056,.F.);
#12059=ORIENTED_EDGE('',*,*,#12058,.F.);
#12061=ORIENTED_EDGE('',*,*,#12060,.F.);
#12063=ORIENTED_EDGE('',*,*,#12062,.F.);
#12064=ORIENTED_EDGE('',*,*,#12034,.F.);
#12066=ORIENTED_EDGE('',*,*,#12065,.F.);
#12067=EDGE_LOOP('',(#12057,#12059,#12061,#12063,#12064,#12066));
#12068=FACE_OUTER_BOUND('',#12067,.F.);
#12069=ADVANCED_FACE('',(#12068),#12055,.T.);
#12070=FILL_AREA_STYLE_COLOUR('',#60);
#12071=FILL_AREA_STYLE('',(#12070));
#12072=SURFACE_STYLE_FILL_AREA(#12071);
#12073=SURFACE_SIDE_STYLE('',(#12072));
#12074=SURFACE_STYLE_USAGE(.BOTH.,#12073);
#12075=PRESENTATION_STYLE_ASSIGNMENT((#12074));
#12076=STYLED_ITEM('',(#12075),#12069);
#12077=CARTESIAN_POINT('',(1.440000000019E1,2.98E1,9.100000000001E0));
#12078=DIRECTION('',(1.E0,0.E0,0.E0));
#12079=DIRECTION('',(0.E0,9.382338680482E-1,-3.460017468848E-1));
#12080=AXIS2_PLACEMENT_3D('',#12077,#12078,#12079);
#12081=CYLINDRICAL_SURFACE('',#12080,1.999884303411E-1);
#12082=ORIENTED_EDGE('',*,*,#12056,.T.);
#12084=ORIENTED_EDGE('',*,*,#12083,.F.);
#12086=ORIENTED_EDGE('',*,*,#12085,.T.);
#12088=ORIENTED_EDGE('',*,*,#12087,.T.);
#12089=EDGE_LOOP('',(#12082,#12084,#12086,#12088));
#12090=FACE_OUTER_BOUND('',#12089,.F.);
#12091=ADVANCED_FACE('',(#12090),#12081,.T.);
#12092=FILL_AREA_STYLE_COLOUR('',#60);
#12093=FILL_AREA_STYLE('',(#12092));
#12094=SURFACE_STYLE_FILL_AREA(#12093);
#12095=SURFACE_SIDE_STYLE('',(#12094));
#12096=SURFACE_STYLE_USAGE(.BOTH.,#12095);
#12097=PRESENTATION_STYLE_ASSIGNMENT((#12096));
#12098=STYLED_ITEM('',(#12097),#12091);
#12099=CARTESIAN_POINT('',(1.88E1,2.980000146705E1,8.299999999996E0));
#12100=DIRECTION('',(4.547033088764E-11,1.E0,5.121211984086E-11));
#12101=DIRECTION('',(-8.821176825311E-2,-4.700146223987E-11,9.961017437700E-1));
#12102=AXIS2_PLACEMENT_3D('',#12099,#12100,#12101);
#12103=TOROIDAL_SURFACE('',#12102,7.999866854985E-1,1.999980862756E-1);
#12104=ORIENTED_EDGE('',*,*,#12065,.T.);
#12105=ORIENTED_EDGE('',*,*,#12039,.T.);
#12107=ORIENTED_EDGE('',*,*,#12106,.T.);
#12108=ORIENTED_EDGE('',*,*,#12083,.T.);
#12109=EDGE_LOOP('',(#12104,#12105,#12107,#12108));
#12110=FACE_OUTER_BOUND('',#12109,.F.);
#12111=ADVANCED_FACE('',(#12110),#12103,.T.);
#12112=FILL_AREA_STYLE_COLOUR('',#60);
#12113=FILL_AREA_STYLE('',(#12112));
#12114=SURFACE_STYLE_FILL_AREA(#12113);
#12115=SURFACE_SIDE_STYLE('',(#12114));
#12116=SURFACE_STYLE_USAGE(.BOTH.,#12115);
#12117=PRESENTATION_STYLE_ASSIGNMENT((#12116));
#12118=STYLED_ITEM('',(#12117),#12111);
#12119=CARTESIAN_POINT('',(1.88E1,2.965E1,8.300000000001E0));
#12120=DIRECTION('',(0.E0,1.E0,0.E0));
#12121=DIRECTION('',(-7.060246646905E-2,0.E0,9.975045321844E-1));
#12122=AXIS2_PLACEMENT_3D('',#12119,#12120,#12121);
#12123=CYLINDRICAL_SURFACE('',#12122,9.999851955086E-1);
#12124=ORIENTED_EDGE('',*,*,#12106,.F.);
#12125=ORIENTED_EDGE('',*,*,#12017,.T.);
#12126=ORIENTED_EDGE('',*,*,#11995,.T.);
#12128=ORIENTED_EDGE('',*,*,#12127,.T.);
#12129=EDGE_LOOP('',(#12124,#12125,#12126,#12128));
#12130=FACE_OUTER_BOUND('',#12129,.F.);
#12131=ADVANCED_FACE('',(#12130),#12123,.T.);
#12132=FILL_AREA_STYLE_COLOUR('',#60);
#12133=FILL_AREA_STYLE('',(#12132));
#12134=SURFACE_STYLE_FILL_AREA(#12133);
#12135=SURFACE_SIDE_STYLE('',(#12134));
#12136=SURFACE_STYLE_USAGE(.BOTH.,#12135);
#12137=PRESENTATION_STYLE_ASSIGNMENT((#12136));
#12138=STYLED_ITEM('',(#12137),#12131);
#12139=CARTESIAN_POINT('',(0.E0,2.965E1,9.3E0));
#12140=DIRECTION('',(0.E0,0.E0,1.E0));
#12141=DIRECTION('',(-1.E0,0.E0,0.E0));
#12142=AXIS2_PLACEMENT_3D('',#12139,#12140,#12141);
#12143=PLANE('',#12142);
#12145=ORIENTED_EDGE('',*,*,#12144,.F.);
#12146=ORIENTED_EDGE('',*,*,#12085,.F.);
#12147=ORIENTED_EDGE('',*,*,#12127,.F.);
#12148=ORIENTED_EDGE('',*,*,#11993,.T.);
#12150=ORIENTED_EDGE('',*,*,#12149,.F.);
#12151=EDGE_LOOP('',(#12145,#12146,#12147,#12148,#12150));
#12152=FACE_OUTER_BOUND('',#12151,.F.);
#12153=ADVANCED_FACE('',(#12152),#12143,.T.);
#12154=FILL_AREA_STYLE_COLOUR('',#60);
#12155=FILL_AREA_STYLE('',(#12154));
#12156=SURFACE_STYLE_FILL_AREA(#12155);
#12157=SURFACE_SIDE_STYLE('',(#12156));
#12158=SURFACE_STYLE_USAGE(.BOTH.,#12157);
#12159=PRESENTATION_STYLE_ASSIGNMENT((#12158));
#12160=STYLED_ITEM('',(#12159),#12153);
#12161=CARTESIAN_POINT('',(-4.400000000001E0,2.98E1,9.100000000001E0));
#12162=DIRECTION('',(1.E0,0.E0,0.E0));
#12163=DIRECTION('',(0.E0,9.382338680482E-1,-3.460017468849E-1));
#12164=AXIS2_PLACEMENT_3D('',#12161,#12162,#12163);
#12165=CYLINDRICAL_SURFACE('',#12164,1.999884303411E-1);
#12166=ORIENTED_EDGE('',*,*,#12144,.T.);
#12168=ORIENTED_EDGE('',*,*,#12167,.F.);
#12170=ORIENTED_EDGE('',*,*,#12169,.T.);
#12172=ORIENTED_EDGE('',*,*,#12171,.T.);
#12173=EDGE_LOOP('',(#12166,#12168,#12170,#12172));
#12174=FACE_OUTER_BOUND('',#12173,.F.);
#12175=ADVANCED_FACE('',(#12174),#12165,.T.);
#12176=FILL_AREA_STYLE_COLOUR('',#60);
#12177=FILL_AREA_STYLE('',(#12176));
#12178=SURFACE_STYLE_FILL_AREA(#12177);
#12179=SURFACE_SIDE_STYLE('',(#12178));
#12180=SURFACE_STYLE_USAGE(.BOTH.,#12179);
#12181=PRESENTATION_STYLE_ASSIGNMENT((#12180));
#12182=STYLED_ITEM('',(#12181),#12175);
#12183=CARTESIAN_POINT('',(-1.88E1,2.980000146700E1,8.300000000001E0));
#12184=DIRECTION('',(-1.532147454166E-12,1.E0,-9.175191472222E-13));
#12185=DIRECTION('',(-9.961017437704E-1,-1.607111241410E-12,
-8.821176824919E-2));
#12186=AXIS2_PLACEMENT_3D('',#12183,#12184,#12185);
#12187=TOROIDAL_SURFACE('',#12186,7.999866854932E-1,1.999980862755E-1);
#12189=ORIENTED_EDGE('',*,*,#12188,.T.);
#12190=ORIENTED_EDGE('',*,*,#12167,.T.);
#12192=ORIENTED_EDGE('',*,*,#12191,.T.);
#12194=ORIENTED_EDGE('',*,*,#12193,.T.);
#12195=EDGE_LOOP('',(#12189,#12190,#12192,#12194));
#12196=FACE_OUTER_BOUND('',#12195,.F.);
#12197=ADVANCED_FACE('',(#12196),#12187,.T.);
#12198=FILL_AREA_STYLE_COLOUR('',#60);
#12199=FILL_AREA_STYLE('',(#12198));
#12200=SURFACE_STYLE_FILL_AREA(#12199);
#12201=SURFACE_SIDE_STYLE('',(#12200));
#12202=SURFACE_STYLE_USAGE(.BOTH.,#12201);
#12203=PRESENTATION_STYLE_ASSIGNMENT((#12202));
#12204=STYLED_ITEM('',(#12203),#12197);
#12205=CARTESIAN_POINT('',(-5.759166304663E0,3.E1,0.E0));
#12206=DIRECTION('',(0.E0,1.E0,0.E0));
#12207=DIRECTION('',(1.E0,0.E0,0.E0));
#12208=AXIS2_PLACEMENT_3D('',#12205,#12206,#12207);
#12209=PLANE('',#12208);
#12210=ORIENTED_EDGE('',*,*,#12169,.F.);
#12211=ORIENTED_EDGE('',*,*,#12188,.F.);
#12213=ORIENTED_EDGE('',*,*,#12212,.F.);
#12215=ORIENTED_EDGE('',*,*,#12214,.F.);
#12217=ORIENTED_EDGE('',*,*,#12216,.F.);
#12219=ORIENTED_EDGE('',*,*,#12218,.F.);
#12221=ORIENTED_EDGE('',*,*,#12220,.T.);
#12223=ORIENTED_EDGE('',*,*,#12222,.F.);
#12225=ORIENTED_EDGE('',*,*,#12224,.T.);
#12227=ORIENTED_EDGE('',*,*,#12226,.F.);
#12229=ORIENTED_EDGE('',*,*,#12228,.T.);
#12231=ORIENTED_EDGE('',*,*,#12230,.F.);
#12233=ORIENTED_EDGE('',*,*,#12232,.T.);
#12235=ORIENTED_EDGE('',*,*,#12234,.F.);
#12236=EDGE_LOOP('',(#12210,#12211,#12213,#12215,#12217,#12219,#12221,#12223,
#12225,#12227,#12229,#12231,#12233,#12235));
#12237=FACE_OUTER_BOUND('',#12236,.F.);
#12238=ADVANCED_FACE('',(#12237),#12209,.T.);
#12239=FILL_AREA_STYLE_COLOUR('',#60);
#12240=FILL_AREA_STYLE('',(#12239));
#12241=SURFACE_STYLE_FILL_AREA(#12240);
#12242=SURFACE_SIDE_STYLE('',(#12241));
#12243=SURFACE_STYLE_USAGE(.BOTH.,#12242);
#12244=PRESENTATION_STYLE_ASSIGNMENT((#12243));
#12245=STYLED_ITEM('',(#12244),#12238);
#12246=CARTESIAN_POINT('',(-1.959999999999E1,2.98E1,1.898499135677E-10));
#12247=DIRECTION('',(0.E0,0.E0,1.E0));
#12248=DIRECTION('',(3.460017468674E-1,9.382338680546E-1,0.E0));
#12249=AXIS2_PLACEMENT_3D('',#12246,#12247,#12248);
#12250=CYLINDRICAL_SURFACE('',#12249,1.999884303476E-1);
#12251=ORIENTED_EDGE('',*,*,#12212,.T.);
#12252=ORIENTED_EDGE('',*,*,#12193,.F.);
#12254=ORIENTED_EDGE('',*,*,#12253,.T.);
#12256=ORIENTED_EDGE('',*,*,#12255,.F.);
#12257=EDGE_LOOP('',(#12251,#12252,#12254,#12256));
#12258=FACE_OUTER_BOUND('',#12257,.F.);
#12259=ADVANCED_FACE('',(#12258),#12250,.T.);
#12260=FILL_AREA_STYLE_COLOUR('',#60);
#12261=FILL_AREA_STYLE('',(#12260));
#12262=SURFACE_STYLE_FILL_AREA(#12261);
#12263=SURFACE_SIDE_STYLE('',(#12262));
#12264=SURFACE_STYLE_USAGE(.BOTH.,#12263);
#12265=PRESENTATION_STYLE_ASSIGNMENT((#12264));
#12266=STYLED_ITEM('',(#12265),#12259);
#12267=CARTESIAN_POINT('',(-1.98E1,2.965E1,0.E0));
#12268=DIRECTION('',(1.E0,0.E0,0.E0));
#12269=DIRECTION('',(0.E0,0.E0,-1.E0));
#12270=AXIS2_PLACEMENT_3D('',#12267,#12268,#12269);
#12271=PLANE('',#12270);
#12272=ORIENTED_EDGE('',*,*,#12253,.F.);
#12274=ORIENTED_EDGE('',*,*,#12273,.F.);
#12275=ORIENTED_EDGE('',*,*,#11989,.T.);
#12277=ORIENTED_EDGE('',*,*,#12276,.F.);
#12278=EDGE_LOOP('',(#12272,#12274,#12275,#12277));
#12279=FACE_OUTER_BOUND('',#12278,.F.);
#12280=ADVANCED_FACE('',(#12279),#12271,.F.);
#12281=FILL_AREA_STYLE_COLOUR('',#60);
#12282=FILL_AREA_STYLE('',(#12281));
#12283=SURFACE_STYLE_FILL_AREA(#12282);
#12284=SURFACE_SIDE_STYLE('',(#12283));
#12285=SURFACE_STYLE_USAGE(.BOTH.,#12284);
#12286=PRESENTATION_STYLE_ASSIGNMENT((#12285));
#12287=STYLED_ITEM('',(#12286),#12280);
#12288=CARTESIAN_POINT('',(-1.88E1,2.965E1,8.300000000008E0));
#12289=DIRECTION('',(0.E0,1.E0,0.E0));
#12290=DIRECTION('',(-9.975045321839E-1,0.E0,-7.060246647633E-2));
#12291=AXIS2_PLACEMENT_3D('',#12288,#12289,#12290);
#12292=CYLINDRICAL_SURFACE('',#12291,9.999851955020E-1);
#12293=ORIENTED_EDGE('',*,*,#12191,.F.);
#12294=ORIENTED_EDGE('',*,*,#12149,.T.);
#12295=ORIENTED_EDGE('',*,*,#11991,.T.);
#12296=ORIENTED_EDGE('',*,*,#12273,.T.);
#12297=EDGE_LOOP('',(#12293,#12294,#12295,#12296));
#12298=FACE_OUTER_BOUND('',#12297,.F.);
#12299=ADVANCED_FACE('',(#12298),#12292,.T.);
#12300=FILL_AREA_STYLE_COLOUR('',#60);
#12301=FILL_AREA_STYLE('',(#12300));
#12302=SURFACE_STYLE_FILL_AREA(#12301);
#12303=SURFACE_SIDE_STYLE('',(#12302));
#12304=SURFACE_STYLE_USAGE(.BOTH.,#12303);
#12305=PRESENTATION_STYLE_ASSIGNMENT((#12304));
#12306=STYLED_ITEM('',(#12305),#12299);
#12307=CARTESIAN_POINT('',(-1.88E1,2.965E1,-8.300000000001E0));
#12308=DIRECTION('',(0.E0,1.E0,0.E0));
#12309=DIRECTION('',(7.060246646905E-2,0.E0,-9.975045321844E-1));
#12310=AXIS2_PLACEMENT_3D('',#12307,#12308,#12309);
#12311=CYLINDRICAL_SURFACE('',#12310,9.999851955086E-1);
#12313=ORIENTED_EDGE('',*,*,#12312,.F.);
#12314=ORIENTED_EDGE('',*,*,#12276,.T.);
#12315=ORIENTED_EDGE('',*,*,#11987,.T.);
#12317=ORIENTED_EDGE('',*,*,#12316,.T.);
#12318=EDGE_LOOP('',(#12313,#12314,#12315,#12317));
#12319=FACE_OUTER_BOUND('',#12318,.F.);
#12320=ADVANCED_FACE('',(#12319),#12311,.T.);
#12321=FILL_AREA_STYLE_COLOUR('',#60);
#12322=FILL_AREA_STYLE('',(#12321));
#12323=SURFACE_STYLE_FILL_AREA(#12322);
#12324=SURFACE_SIDE_STYLE('',(#12323));
#12325=SURFACE_STYLE_USAGE(.BOTH.,#12324);
#12326=PRESENTATION_STYLE_ASSIGNMENT((#12325));
#12327=STYLED_ITEM('',(#12326),#12320);
#12328=CARTESIAN_POINT('',(-1.88E1,2.980000146705E1,-8.299999999996E0));
#12329=DIRECTION('',(-4.547033088764E-11,1.E0,-5.121211984086E-11));
#12330=DIRECTION('',(8.821176825311E-2,-4.700146223987E-11,-9.961017437700E-1));
#12331=AXIS2_PLACEMENT_3D('',#12328,#12329,#12330);
#12332=TOROIDAL_SURFACE('',#12331,7.999866854985E-1,1.999980862756E-1);
#12333=ORIENTED_EDGE('',*,*,#12214,.T.);
#12334=ORIENTED_EDGE('',*,*,#12255,.T.);
#12335=ORIENTED_EDGE('',*,*,#12312,.T.);
#12337=ORIENTED_EDGE('',*,*,#12336,.T.);
#12338=EDGE_LOOP('',(#12333,#12334,#12335,#12337));
#12339=FACE_OUTER_BOUND('',#12338,.F.);
#12340=ADVANCED_FACE('',(#12339),#12332,.T.);
#12341=FILL_AREA_STYLE_COLOUR('',#60);
#12342=FILL_AREA_STYLE('',(#12341));
#12343=SURFACE_STYLE_FILL_AREA(#12342);
#12344=SURFACE_SIDE_STYLE('',(#12343));
#12345=SURFACE_STYLE_USAGE(.BOTH.,#12344);
#12346=PRESENTATION_STYLE_ASSIGNMENT((#12345));
#12347=STYLED_ITEM('',(#12346),#12340);
#12348=CARTESIAN_POINT('',(-4.400000000195E0,2.98E1,-9.100000000001E0));
#12349=DIRECTION('',(-1.E0,0.E0,0.E0));
#12350=DIRECTION('',(0.E0,9.382338680482E-1,3.460017468849E-1));
#12351=AXIS2_PLACEMENT_3D('',#12348,#12349,#12350);
#12352=CYLINDRICAL_SURFACE('',#12351,1.999884303411E-1);
#12353=ORIENTED_EDGE('',*,*,#12216,.T.);
#12354=ORIENTED_EDGE('',*,*,#12336,.F.);
#12356=ORIENTED_EDGE('',*,*,#12355,.T.);
#12358=ORIENTED_EDGE('',*,*,#12357,.F.);
#12359=EDGE_LOOP('',(#12353,#12354,#12356,#12358));
#12360=FACE_OUTER_BOUND('',#12359,.F.);
#12361=ADVANCED_FACE('',(#12360),#12352,.T.);
#12362=FILL_AREA_STYLE_COLOUR('',#60);
#12363=FILL_AREA_STYLE('',(#12362));
#12364=SURFACE_STYLE_FILL_AREA(#12363);
#12365=SURFACE_SIDE_STYLE('',(#12364));
#12366=SURFACE_STYLE_USAGE(.BOTH.,#12365);
#12367=PRESENTATION_STYLE_ASSIGNMENT((#12366));
#12368=STYLED_ITEM('',(#12367),#12361);
#12369=CARTESIAN_POINT('',(0.E0,2.965E1,-9.3E0));
#12370=DIRECTION('',(0.E0,0.E0,1.E0));
#12371=DIRECTION('',(1.E0,0.E0,0.E0));
#12372=AXIS2_PLACEMENT_3D('',#12369,#12370,#12371);
#12373=PLANE('',#12372);
#12374=ORIENTED_EDGE('',*,*,#12355,.F.);
#12375=ORIENTED_EDGE('',*,*,#12316,.F.);
#12376=ORIENTED_EDGE('',*,*,#11985,.T.);
#12378=ORIENTED_EDGE('',*,*,#12377,.F.);
#12380=ORIENTED_EDGE('',*,*,#12379,.F.);
#12381=EDGE_LOOP('',(#12374,#12375,#12376,#12378,#12380));
#12382=FACE_OUTER_BOUND('',#12381,.F.);
#12383=ADVANCED_FACE('',(#12382),#12373,.F.);
#12384=FILL_AREA_STYLE_COLOUR('',#60);
#12385=FILL_AREA_STYLE('',(#12384));
#12386=SURFACE_STYLE_FILL_AREA(#12385);
#12387=SURFACE_SIDE_STYLE('',(#12386));
#12388=SURFACE_STYLE_USAGE(.BOTH.,#12387);
#12389=PRESENTATION_STYLE_ASSIGNMENT((#12388));
#12390=STYLED_ITEM('',(#12389),#12383);
#12391=CARTESIAN_POINT('',(1.88E1,2.965E1,-8.300000000008E0));
#12392=DIRECTION('',(0.E0,1.E0,0.E0));
#12393=DIRECTION('',(9.975045321839E-1,0.E0,7.060246647633E-2));
#12394=AXIS2_PLACEMENT_3D('',#12391,#12392,#12393);
#12395=CYLINDRICAL_SURFACE('',#12394,9.999851955020E-1);
#12397=ORIENTED_EDGE('',*,*,#12396,.F.);
#12398=ORIENTED_EDGE('',*,*,#12377,.T.);
#12399=ORIENTED_EDGE('',*,*,#11983,.T.);
#12400=ORIENTED_EDGE('',*,*,#12014,.T.);
#12401=EDGE_LOOP('',(#12397,#12398,#12399,#12400));
#12402=FACE_OUTER_BOUND('',#12401,.F.);
#12403=ADVANCED_FACE('',(#12402),#12395,.T.);
#12404=FILL_AREA_STYLE_COLOUR('',#60);
#12405=FILL_AREA_STYLE('',(#12404));
#12406=SURFACE_STYLE_FILL_AREA(#12405);
#12407=SURFACE_SIDE_STYLE('',(#12406));
#12408=SURFACE_STYLE_USAGE(.BOTH.,#12407);
#12409=PRESENTATION_STYLE_ASSIGNMENT((#12408));
#12410=STYLED_ITEM('',(#12409),#12403);
#12411=CARTESIAN_POINT('',(1.88E1,2.980000146700E1,-8.300000000001E0));
#12412=DIRECTION('',(1.532147454166E-12,1.E0,9.175191472222E-13));
#12413=DIRECTION('',(9.961017437704E-1,-1.607111241410E-12,8.821176824919E-2));
#12414=AXIS2_PLACEMENT_3D('',#12411,#12412,#12413);
#12415=TOROIDAL_SURFACE('',#12414,7.999866854932E-1,1.999980862755E-1);
#12416=ORIENTED_EDGE('',*,*,#12062,.T.);
#12418=ORIENTED_EDGE('',*,*,#12417,.T.);
#12419=ORIENTED_EDGE('',*,*,#12396,.T.);
#12420=ORIENTED_EDGE('',*,*,#12036,.T.);
#12421=EDGE_LOOP('',(#12416,#12418,#12419,#12420));
#12422=FACE_OUTER_BOUND('',#12421,.F.);
#12423=ADVANCED_FACE('',(#12422),#12415,.T.);
#12424=FILL_AREA_STYLE_COLOUR('',#60);
#12425=FILL_AREA_STYLE('',(#12424));
#12426=SURFACE_STYLE_FILL_AREA(#12425);
#12427=SURFACE_SIDE_STYLE('',(#12426));
#12428=SURFACE_STYLE_USAGE(.BOTH.,#12427);
#12429=PRESENTATION_STYLE_ASSIGNMENT((#12428));
#12430=STYLED_ITEM('',(#12429),#12423);
#12431=CARTESIAN_POINT('',(1.44E1,2.98E1,-9.100000000001E0));
#12432=DIRECTION('',(-1.E0,0.E0,0.E0));
#12433=DIRECTION('',(0.E0,9.382338680482E-1,3.460017468849E-1));
#12434=AXIS2_PLACEMENT_3D('',#12431,#12432,#12433);
#12435=CYLINDRICAL_SURFACE('',#12434,1.999884303411E-1);
#12436=ORIENTED_EDGE('',*,*,#12379,.T.);
#12437=ORIENTED_EDGE('',*,*,#12417,.F.);
#12438=ORIENTED_EDGE('',*,*,#12060,.T.);
#12440=ORIENTED_EDGE('',*,*,#12439,.F.);
#12441=EDGE_LOOP('',(#12436,#12437,#12438,#12440));
#12442=FACE_OUTER_BOUND('',#12441,.F.);
#12443=ADVANCED_FACE('',(#12442),#12435,.T.);
#12444=FILL_AREA_STYLE_COLOUR('',#60);
#12445=FILL_AREA_STYLE('',(#12444));
#12446=SURFACE_STYLE_FILL_AREA(#12445);
#12447=SURFACE_SIDE_STYLE('',(#12446));
#12448=SURFACE_STYLE_USAGE(.BOTH.,#12447);
#12449=PRESENTATION_STYLE_ASSIGNMENT((#12448));
#12450=STYLED_ITEM('',(#12449),#12443);
#12451=CARTESIAN_POINT('',(1.E1,3.12E1,-1.953127819308E-13));
#12452=DIRECTION('',(0.E0,1.E0,0.E0));
#12453=DIRECTION('',(-3.606473445074E-1,0.E0,9.327022530796E-1));
#12454=AXIS2_PLACEMENT_3D('',#12451,#12452,#12453);
#12455=CYLINDRICAL_SURFACE('',#12454,9.299989128170E0);
#12456=ORIENTED_EDGE('',*,*,#12058,.T.);
#12457=ORIENTED_EDGE('',*,*,#12087,.F.);
#12458=ORIENTED_EDGE('',*,*,#12171,.F.);
#12459=ORIENTED_EDGE('',*,*,#12234,.T.);
#12461=ORIENTED_EDGE('',*,*,#12460,.T.);
#12463=ORIENTED_EDGE('',*,*,#12462,.F.);
#12465=ORIENTED_EDGE('',*,*,#12464,.T.);
#12466=ORIENTED_EDGE('',*,*,#12218,.T.);
#12467=ORIENTED_EDGE('',*,*,#12357,.T.);
#12468=ORIENTED_EDGE('',*,*,#12439,.T.);
#12469=EDGE_LOOP('',(#12456,#12457,#12458,#12459,#12461,#12463,#12465,#12466,
#12467,#12468));
#12470=FACE_OUTER_BOUND('',#12469,.F.);
#12471=ADVANCED_FACE('',(#12470),#12455,.T.);
#12472=FILL_AREA_STYLE_COLOUR('',#60);
#12473=FILL_AREA_STYLE('',(#12472));
#12474=SURFACE_STYLE_FILL_AREA(#12473);
#12475=SURFACE_SIDE_STYLE('',(#12474));
#12476=SURFACE_STYLE_USAGE(.BOTH.,#12475);
#12477=PRESENTATION_STYLE_ASSIGNMENT((#12476));
#12478=STYLED_ITEM('',(#12477),#12471);
#12479=CARTESIAN_POINT('',(-3.399073756328E0,3.145E1,8.9E0));
#12480=DIRECTION('',(0.E0,0.E0,1.E0));
#12481=DIRECTION('',(1.E0,0.E0,0.E0));
#12482=AXIS2_PLACEMENT_3D('',#12479,#12480,#12481);
#12483=PLANE('',#12482);
#12485=ORIENTED_EDGE('',*,*,#12484,.F.);
#12486=ORIENTED_EDGE('',*,*,#12460,.F.);
#12487=ORIENTED_EDGE('',*,*,#12232,.F.);
#12489=ORIENTED_EDGE('',*,*,#12488,.F.);
#12491=ORIENTED_EDGE('',*,*,#12490,.F.);
#12493=ORIENTED_EDGE('',*,*,#12492,.F.);
#12494=EDGE_LOOP('',(#12485,#12486,#12487,#12489,#12491,#12493));
#12495=FACE_OUTER_BOUND('',#12494,.F.);
#12496=ADVANCED_FACE('',(#12495),#12483,.T.);
#12497=FILL_AREA_STYLE_COLOUR('',#60);
#12498=FILL_AREA_STYLE('',(#12497));
#12499=SURFACE_STYLE_FILL_AREA(#12498);
#12500=SURFACE_SIDE_STYLE('',(#12499));
#12501=SURFACE_STYLE_USAGE(.BOTH.,#12500);
#12502=PRESENTATION_STYLE_ASSIGNMENT((#12501));
#12503=STYLED_ITEM('',(#12502),#12496);
#12504=CARTESIAN_POINT('',(2.015833593577E0,3.26E1,8.700000000001E0));
#12505=DIRECTION('',(1.E0,0.E0,0.E0));
#12506=DIRECTION('',(0.E0,9.382338680482E-1,-3.460017468848E-1));
#12507=AXIS2_PLACEMENT_3D('',#12504,#12505,#12506);
#12508=CYLINDRICAL_SURFACE('',#12507,1.999884303411E-1);
#12510=ORIENTED_EDGE('',*,*,#12509,.T.);
#12512=ORIENTED_EDGE('',*,*,#12511,.T.);
#12513=ORIENTED_EDGE('',*,*,#12484,.T.);
#12515=ORIENTED_EDGE('',*,*,#12514,.T.);
#12516=EDGE_LOOP('',(#12510,#12512,#12513,#12515));
#12517=FACE_OUTER_BOUND('',#12516,.F.);
#12518=ADVANCED_FACE('',(#12517),#12508,.T.);
#12519=FILL_AREA_STYLE_COLOUR('',#60);
#12520=FILL_AREA_STYLE('',(#12519));
#12521=SURFACE_STYLE_FILL_AREA(#12520);
#12522=SURFACE_SIDE_STYLE('',(#12521));
#12523=SURFACE_STYLE_USAGE(.BOTH.,#12522);
#12524=PRESENTATION_STYLE_ASSIGNMENT((#12523));
#12525=STYLED_ITEM('',(#12524),#12518);
#12526=CARTESIAN_POINT('',(8.205259369582E0,3.28E1,8.224411921720E-6));
#12527=DIRECTION('',(0.E0,1.E0,0.E0));
#12528=DIRECTION('',(1.E0,0.E0,0.E0));
#12529=AXIS2_PLACEMENT_3D('',#12526,#12527,#12528);
#12530=PLANE('',#12529);
#12531=ORIENTED_EDGE('',*,*,#12509,.F.);
#12533=ORIENTED_EDGE('',*,*,#12532,.F.);
#12535=ORIENTED_EDGE('',*,*,#12534,.T.);
#12537=ORIENTED_EDGE('',*,*,#12536,.F.);
#12539=ORIENTED_EDGE('',*,*,#12538,.F.);
#12541=ORIENTED_EDGE('',*,*,#12540,.F.);
#12542=EDGE_LOOP('',(#12531,#12533,#12535,#12537,#12539,#12541));
#12543=FACE_OUTER_BOUND('',#12542,.F.);
#12545=ORIENTED_EDGE('',*,*,#12544,.F.);
#12547=ORIENTED_EDGE('',*,*,#12546,.F.);
#12548=EDGE_LOOP('',(#12545,#12547));
#12549=FACE_BOUND('',#12548,.F.);
#12550=ADVANCED_FACE('',(#12543,#12549),#12530,.T.);
#12551=FILL_AREA_STYLE_COLOUR('',#60);
#12552=FILL_AREA_STYLE('',(#12551));
#12553=SURFACE_STYLE_FILL_AREA(#12552);
#12554=SURFACE_SIDE_STYLE('',(#12553));
#12555=SURFACE_STYLE_USAGE(.BOTH.,#12554);
#12556=PRESENTATION_STYLE_ASSIGNMENT((#12555));
#12557=STYLED_ITEM('',(#12556),#12550);
#12558=CARTESIAN_POINT('',(-3.300000000001E0,3.275E1,7.9E0));
#12559=DIRECTION('',(0.E0,-1.E0,0.E0));
#12560=DIRECTION('',(9.975045321845E-1,0.E0,-7.060246646809E-2));
#12561=AXIS2_PLACEMENT_3D('',#12558,#12559,#12560);
#12562=CYLINDRICAL_SURFACE('',#12561,9.999851955103E-1);
#12563=ORIENTED_EDGE('',*,*,#12532,.T.);
#12564=ORIENTED_EDGE('',*,*,#12514,.F.);
#12565=ORIENTED_EDGE('',*,*,#12492,.T.);
#12567=ORIENTED_EDGE('',*,*,#12566,.F.);
#12569=ORIENTED_EDGE('',*,*,#12568,.T.);
#12570=EDGE_LOOP('',(#12563,#12564,#12565,#12567,#12569));
#12571=FACE_OUTER_BOUND('',#12570,.F.);
#12572=ADVANCED_FACE('',(#12571),#12562,.T.);
#12573=FILL_AREA_STYLE_COLOUR('',#60);
#12574=FILL_AREA_STYLE('',(#12573));
#12575=SURFACE_STYLE_FILL_AREA(#12574);
#12576=SURFACE_SIDE_STYLE('',(#12575));
#12577=SURFACE_STYLE_USAGE(.BOTH.,#12576);
#12578=PRESENTATION_STYLE_ASSIGNMENT((#12577));
#12579=STYLED_ITEM('',(#12578),#12572);
#12580=CARTESIAN_POINT('',(-3.3E0,3.290000043926E1,7.9E0));
#12581=DIRECTION('',(2.372607720698E-13,-1.E0,8.479625299553E-13));
#12582=DIRECTION('',(9.961017431809E-1,1.615381262299E-13,-8.821177490501E-2));
#12583=AXIS2_PLACEMENT_3D('',#12580,#12581,#12582);
#12584=TOROIDAL_SURFACE('',#12583,7.999856577324E-1,1.999986949428E-1);
#12585=ORIENTED_EDGE('',*,*,#12566,.T.);
#12587=ORIENTED_EDGE('',*,*,#12586,.F.);
#12589=ORIENTED_EDGE('',*,*,#12588,.T.);
#12591=ORIENTED_EDGE('',*,*,#12590,.F.);
#12592=EDGE_LOOP('',(#12585,#12587,#12589,#12591));
#12593=FACE_OUTER_BOUND('',#12592,.F.);
#12594=ADVANCED_FACE('',(#12593),#12584,.T.);
#12595=FILL_AREA_STYLE_COLOUR('',#60);
#12596=FILL_AREA_STYLE('',(#12595));
#12597=SURFACE_STYLE_FILL_AREA(#12596);
#12598=SURFACE_SIDE_STYLE('',(#12597));
#12599=SURFACE_STYLE_USAGE(.BOTH.,#12598);
#12600=PRESENTATION_STYLE_ASSIGNMENT((#12599));
#12601=STYLED_ITEM('',(#12600),#12594);
#12602=CARTESIAN_POINT('',(-8.699999999999E0,3.289999999999E1,
8.699999999995E0));
#12603=DIRECTION('',(-1.E0,0.E0,0.E0));
#12604=DIRECTION('',(0.E0,-3.460017468637E-1,9.382338680560E-1));
#12605=AXIS2_PLACEMENT_3D('',#12602,#12603,#12604);
#12606=CYLINDRICAL_SURFACE('',#12605,1.999884303493E-1);
#12607=ORIENTED_EDGE('',*,*,#12490,.T.);
#12609=ORIENTED_EDGE('',*,*,#12608,.F.);
#12611=ORIENTED_EDGE('',*,*,#12610,.T.);
#12612=ORIENTED_EDGE('',*,*,#12586,.T.);
#12613=EDGE_LOOP('',(#12607,#12609,#12611,#12612));
#12614=FACE_OUTER_BOUND('',#12613,.F.);
#12615=ADVANCED_FACE('',(#12614),#12606,.T.);
#12616=FILL_AREA_STYLE_COLOUR('',#60);
#12617=FILL_AREA_STYLE('',(#12616));
#12618=SURFACE_STYLE_FILL_AREA(#12617);
#12619=SURFACE_SIDE_STYLE('',(#12618));
#12620=SURFACE_STYLE_USAGE(.BOTH.,#12619);
#12621=PRESENTATION_STYLE_ASSIGNMENT((#12620));
#12622=STYLED_ITEM('',(#12621),#12615);
#12623=CARTESIAN_POINT('',(-1.409999999999E1,3.290000043928E1,
7.899999999994E0));
#12624=DIRECTION('',(2.416689647011E-11,-1.E0,-1.477924722280E-11));
#12625=DIRECTION('',(8.821177489804E-2,-1.258982427480E-11,9.961017431816E-1));
#12626=AXIS2_PLACEMENT_3D('',#12623,#12624,#12625);
#12627=TOROIDAL_SURFACE('',#12626,7.999856577399E-1,1.999986949416E-1);
#12629=ORIENTED_EDGE('',*,*,#12628,.F.);
#12631=ORIENTED_EDGE('',*,*,#12630,.F.);
#12633=ORIENTED_EDGE('',*,*,#12632,.T.);
#12634=ORIENTED_EDGE('',*,*,#12608,.T.);
#12635=EDGE_LOOP('',(#12629,#12631,#12633,#12634));
#12636=FACE_OUTER_BOUND('',#12635,.F.);
#12637=ADVANCED_FACE('',(#12636),#12627,.T.);
#12638=FILL_AREA_STYLE_COLOUR('',#60);
#12639=FILL_AREA_STYLE('',(#12638));
#12640=SURFACE_STYLE_FILL_AREA(#12639);
#12641=SURFACE_SIDE_STYLE('',(#12640));
#12642=SURFACE_STYLE_USAGE(.BOTH.,#12641);
#12643=PRESENTATION_STYLE_ASSIGNMENT((#12642));
#12644=STYLED_ITEM('',(#12643),#12637);
#12645=CARTESIAN_POINT('',(-1.41E1,3.145E1,7.900000000001E0));
#12646=DIRECTION('',(0.E0,-1.E0,0.E0));
#12647=DIRECTION('',(7.060246646906E-2,0.E0,9.975045321844E-1));
#12648=AXIS2_PLACEMENT_3D('',#12645,#12646,#12647);
#12649=CYLINDRICAL_SURFACE('',#12648,9.999851955086E-1);
#12650=ORIENTED_EDGE('',*,*,#12628,.T.);
#12651=ORIENTED_EDGE('',*,*,#12488,.T.);
#12652=ORIENTED_EDGE('',*,*,#12230,.T.);
#12654=ORIENTED_EDGE('',*,*,#12653,.T.);
#12655=EDGE_LOOP('',(#12650,#12651,#12652,#12654));
#12656=FACE_OUTER_BOUND('',#12655,.F.);
#12657=ADVANCED_FACE('',(#12656),#12649,.T.);
#12658=FILL_AREA_STYLE_COLOUR('',#60);
#12659=FILL_AREA_STYLE('',(#12658));
#12660=SURFACE_STYLE_FILL_AREA(#12659);
#12661=SURFACE_SIDE_STYLE('',(#12660));
#12662=SURFACE_STYLE_USAGE(.BOTH.,#12661);
#12663=PRESENTATION_STYLE_ASSIGNMENT((#12662));
#12664=STYLED_ITEM('',(#12663),#12657);
#12665=CARTESIAN_POINT('',(-1.51E1,3.145E1,0.E0));
#12666=DIRECTION('',(1.E0,0.E0,0.E0));
#12667=DIRECTION('',(0.E0,0.E0,1.E0));
#12668=AXIS2_PLACEMENT_3D('',#12665,#12666,#12667);
#12669=PLANE('',#12668);
#12671=ORIENTED_EDGE('',*,*,#12670,.F.);
#12673=ORIENTED_EDGE('',*,*,#12672,.F.);
#12675=ORIENTED_EDGE('',*,*,#12674,.F.);
#12677=ORIENTED_EDGE('',*,*,#12676,.F.);
#12679=ORIENTED_EDGE('',*,*,#12678,.F.);
#12680=ORIENTED_EDGE('',*,*,#12224,.F.);
#12682=ORIENTED_EDGE('',*,*,#12681,.F.);
#12684=ORIENTED_EDGE('',*,*,#12683,.F.);
#12685=ORIENTED_EDGE('',*,*,#12653,.F.);
#12686=ORIENTED_EDGE('',*,*,#12228,.F.);
#12687=EDGE_LOOP('',(#12671,#12673,#12675,#12677,#12679,#12680,#12682,#12684,
#12685,#12686));
#12688=FACE_OUTER_BOUND('',#12687,.F.);
#12689=ADVANCED_FACE('',(#12688),#12669,.F.);
#12690=FILL_AREA_STYLE_COLOUR('',#60);
#12691=FILL_AREA_STYLE('',(#12690));
#12692=SURFACE_STYLE_FILL_AREA(#12691);
#12693=SURFACE_SIDE_STYLE('',(#12692));
#12694=SURFACE_STYLE_USAGE(.BOTH.,#12693);
#12695=PRESENTATION_STYLE_ASSIGNMENT((#12694));
#12696=STYLED_ITEM('',(#12695),#12689);
#12697=CARTESIAN_POINT('',(-1.07E1,3.13E1,-1.142943275477E-12));
#12698=DIRECTION('',(0.E0,1.E0,0.E0));
#12699=DIRECTION('',(-7.126781249268E-1,0.E0,-7.014911904299E-1));
#12700=AXIS2_PLACEMENT_3D('',#12697,#12698,#12699);
#12701=CYLINDRICAL_SURFACE('',#12700,5.999989575938E0);
#12703=ORIENTED_EDGE('',*,*,#12702,.F.);
#12704=ORIENTED_EDGE('',*,*,#12670,.T.);
#12705=ORIENTED_EDGE('',*,*,#12226,.T.);
#12706=ORIENTED_EDGE('',*,*,#12678,.T.);
#12707=EDGE_LOOP('',(#12703,#12704,#12705,#12706));
#12708=FACE_OUTER_BOUND('',#12707,.F.);
#12709=ADVANCED_FACE('',(#12708),#12701,.T.);
#12710=FILL_AREA_STYLE_COLOUR('',#60);
#12711=FILL_AREA_STYLE('',(#12710));
#12712=SURFACE_STYLE_FILL_AREA(#12711);
#12713=SURFACE_SIDE_STYLE('',(#12712));
#12714=SURFACE_STYLE_USAGE(.BOTH.,#12713);
#12715=PRESENTATION_STYLE_ASSIGNMENT((#12714));
#12716=STYLED_ITEM('',(#12715),#12709);
#12717=CARTESIAN_POINT('',(-1.07E1,3.260000015828E1,-1.650262585096E-12));
#12718=DIRECTION('',(1.816441186003E-11,1.E0,1.409737834055E-11));
#12719=DIRECTION('',(-7.126781249263E-1,2.283456513346E-11,-7.014911904304E-1));
#12720=AXIS2_PLACEMENT_3D('',#12717,#12718,#12719);
#12721=TOROIDAL_SURFACE('',#12720,5.799989875980E0,1.999997934164E-1);
#12723=ORIENTED_EDGE('',*,*,#12722,.T.);
#12724=ORIENTED_EDGE('',*,*,#12672,.T.);
#12725=ORIENTED_EDGE('',*,*,#12702,.T.);
#12726=ORIENTED_EDGE('',*,*,#12676,.T.);
#12727=EDGE_LOOP('',(#12723,#12724,#12725,#12726));
#12728=FACE_OUTER_BOUND('',#12727,.F.);
#12729=ADVANCED_FACE('',(#12728),#12721,.T.);
#12730=FILL_AREA_STYLE_COLOUR('',#60);
#12731=FILL_AREA_STYLE('',(#12730));
#12732=SURFACE_STYLE_FILL_AREA(#12731);
#12733=SURFACE_SIDE_STYLE('',(#12732));
#12734=SURFACE_STYLE_USAGE(.BOTH.,#12733);
#12735=PRESENTATION_STYLE_ASSIGNMENT((#12734));
#12736=STYLED_ITEM('',(#12735),#12729);
#12737=CARTESIAN_POINT('',(-1.580000000149E1,3.28E1,0.E0));
#12738=DIRECTION('',(0.E0,1.E0,0.E0));
#12739=DIRECTION('',(1.E0,0.E0,0.E0));
#12740=AXIS2_PLACEMENT_3D('',#12737,#12738,#12739);
#12741=PLANE('',#12740);
#12742=ORIENTED_EDGE('',*,*,#12722,.F.);
#12743=ORIENTED_EDGE('',*,*,#12674,.T.);
#12744=EDGE_LOOP('',(#12742,#12743));
#12745=FACE_OUTER_BOUND('',#12744,.F.);
#12746=ADVANCED_FACE('',(#12745),#12741,.T.);
#12747=FILL_AREA_STYLE_COLOUR('',#60);
#12748=FILL_AREA_STYLE('',(#12747));
#12749=SURFACE_STYLE_FILL_AREA(#12748);
#12750=SURFACE_SIDE_STYLE('',(#12749));
#12751=SURFACE_STYLE_USAGE(.BOTH.,#12750);
#12752=PRESENTATION_STYLE_ASSIGNMENT((#12751));
#12753=STYLED_ITEM('',(#12752),#12746);
#12754=CARTESIAN_POINT('',(-1.41E1,3.145E1,-7.900000000001E0));
#12755=DIRECTION('',(0.E0,1.E0,0.E0));
#12756=DIRECTION('',(7.060246646906E-2,0.E0,-9.975045321844E-1));
#12757=AXIS2_PLACEMENT_3D('',#12754,#12755,#12756);
#12758=CYLINDRICAL_SURFACE('',#12757,9.999851955086E-1);
#12760=ORIENTED_EDGE('',*,*,#12759,.F.);
#12761=ORIENTED_EDGE('',*,*,#12681,.T.);
#12762=ORIENTED_EDGE('',*,*,#12222,.T.);
#12764=ORIENTED_EDGE('',*,*,#12763,.T.);
#12765=EDGE_LOOP('',(#12760,#12761,#12762,#12764));
#12766=FACE_OUTER_BOUND('',#12765,.F.);
#12767=ADVANCED_FACE('',(#12766),#12758,.T.);
#12768=FILL_AREA_STYLE_COLOUR('',#60);
#12769=FILL_AREA_STYLE('',(#12768));
#12770=SURFACE_STYLE_FILL_AREA(#12769);
#12771=SURFACE_SIDE_STYLE('',(#12770));
#12772=SURFACE_STYLE_USAGE(.BOTH.,#12771);
#12773=PRESENTATION_STYLE_ASSIGNMENT((#12772));
#12774=STYLED_ITEM('',(#12773),#12767);
#12775=CARTESIAN_POINT('',(-1.409999999999E1,3.290000146704E1,
-7.899999999993E0));
#12776=DIRECTION('',(-3.853541478529E-11,1.E0,-4.925315100274E-11));
#12777=DIRECTION('',(8.821177490278E-2,-4.566186627264E-11,-9.961017431811E-1));
#12778=AXIS2_PLACEMENT_3D('',#12775,#12776,#12777);
#12779=TOROIDAL_SURFACE('',#12778,7.999866854988E-1,1.999980862775E-1);
#12780=ORIENTED_EDGE('',*,*,#12759,.T.);
#12782=ORIENTED_EDGE('',*,*,#12781,.F.);
#12784=ORIENTED_EDGE('',*,*,#12783,.T.);
#12786=ORIENTED_EDGE('',*,*,#12785,.F.);
#12787=EDGE_LOOP('',(#12780,#12782,#12784,#12786));
#12788=FACE_OUTER_BOUND('',#12787,.F.);
#12789=ADVANCED_FACE('',(#12788),#12779,.T.);
#12790=FILL_AREA_STYLE_COLOUR('',#60);
#12791=FILL_AREA_STYLE('',(#12790));
#12792=SURFACE_STYLE_FILL_AREA(#12791);
#12793=SURFACE_SIDE_STYLE('',(#12792));
#12794=SURFACE_STYLE_USAGE(.BOTH.,#12793);
#12795=PRESENTATION_STYLE_ASSIGNMENT((#12794));
#12796=STYLED_ITEM('',(#12795),#12789);
#12797=CARTESIAN_POINT('',(-8.699999999999E0,3.289999999999E1,
-8.699999999995E0));
#12798=DIRECTION('',(1.E0,0.E0,0.E0));
#12799=DIRECTION('',(0.E0,-3.460017468637E-1,-9.382338680560E-1));
#12800=AXIS2_PLACEMENT_3D('',#12797,#12798,#12799);
#12801=CYLINDRICAL_SURFACE('',#12800,1.999884303493E-1);
#12803=ORIENTED_EDGE('',*,*,#12802,.T.);
#12805=ORIENTED_EDGE('',*,*,#12804,.F.);
#12807=ORIENTED_EDGE('',*,*,#12806,.T.);
#12808=ORIENTED_EDGE('',*,*,#12781,.T.);
#12809=EDGE_LOOP('',(#12803,#12805,#12807,#12808));
#12810=FACE_OUTER_BOUND('',#12809,.F.);
#12811=ADVANCED_FACE('',(#12810),#12801,.T.);
#12812=FILL_AREA_STYLE_COLOUR('',#60);
#12813=FILL_AREA_STYLE('',(#12812));
#12814=SURFACE_STYLE_FILL_AREA(#12813);
#12815=SURFACE_SIDE_STYLE('',(#12814));
#12816=SURFACE_STYLE_USAGE(.BOTH.,#12815);
#12817=PRESENTATION_STYLE_ASSIGNMENT((#12816));
#12818=STYLED_ITEM('',(#12817),#12811);
#12819=CARTESIAN_POINT('',(-3.399073756321E0,3.145E1,-8.9E0));
#12820=DIRECTION('',(0.E0,0.E0,1.E0));
#12821=DIRECTION('',(-1.E0,0.E0,0.E0));
#12822=AXIS2_PLACEMENT_3D('',#12819,#12820,#12821);
#12823=PLANE('',#12822);
#12825=ORIENTED_EDGE('',*,*,#12824,.F.);
#12827=ORIENTED_EDGE('',*,*,#12826,.F.);
#12828=ORIENTED_EDGE('',*,*,#12802,.F.);
#12829=ORIENTED_EDGE('',*,*,#12763,.F.);
#12830=ORIENTED_EDGE('',*,*,#12220,.F.);
#12831=ORIENTED_EDGE('',*,*,#12464,.F.);
#12832=EDGE_LOOP('',(#12825,#12827,#12828,#12829,#12830,#12831));
#12833=FACE_OUTER_BOUND('',#12832,.F.);
#12834=ADVANCED_FACE('',(#12833),#12823,.F.);
#12835=FILL_AREA_STYLE_COLOUR('',#60);
#12836=FILL_AREA_STYLE('',(#12835));
#12837=SURFACE_STYLE_FILL_AREA(#12836);
#12838=SURFACE_SIDE_STYLE('',(#12837));
#12839=SURFACE_STYLE_USAGE(.BOTH.,#12838);
#12840=PRESENTATION_STYLE_ASSIGNMENT((#12839));
#12841=STYLED_ITEM('',(#12840),#12834);
#12842=CARTESIAN_POINT('',(2.015833593608E0,3.26E1,-8.700000000001E0));
#12843=DIRECTION('',(-1.E0,0.E0,0.E0));
#12844=DIRECTION('',(0.E0,9.382338680482E-1,3.460017468848E-1));
#12845=AXIS2_PLACEMENT_3D('',#12842,#12843,#12844);
#12846=CYLINDRICAL_SURFACE('',#12845,1.999884303411E-1);
#12847=ORIENTED_EDGE('',*,*,#12824,.T.);
#12849=ORIENTED_EDGE('',*,*,#12848,.T.);
#12850=ORIENTED_EDGE('',*,*,#12538,.T.);
#12852=ORIENTED_EDGE('',*,*,#12851,.T.);
#12853=EDGE_LOOP('',(#12847,#12849,#12850,#12852));
#12854=FACE_OUTER_BOUND('',#12853,.F.);
#12855=ADVANCED_FACE('',(#12854),#12846,.T.);
#12856=FILL_AREA_STYLE_COLOUR('',#60);
#12857=FILL_AREA_STYLE('',(#12856));
#12858=SURFACE_STYLE_FILL_AREA(#12857);
#12859=SURFACE_SIDE_STYLE('',(#12858));
#12860=SURFACE_STYLE_USAGE(.BOTH.,#12859);
#12861=PRESENTATION_STYLE_ASSIGNMENT((#12860));
#12862=STYLED_ITEM('',(#12861),#12855);
#12863=CARTESIAN_POINT('',(1.E1,3.260000008978E1,-8.714041647057E-14));
#12864=DIRECTION('',(4.811225673788E-12,1.E0,5.533111741634E-13));
#12865=DIRECTION('',(-3.637890169675E-1,1.234872264728E-12,9.314813745501E-1));
#12866=AXIS2_PLACEMENT_3D('',#12863,#12864,#12865);
#12867=TOROIDAL_SURFACE('',#12866,9.099991011009E0,1.999998828955E-1);
#12868=ORIENTED_EDGE('',*,*,#12540,.T.);
#12869=ORIENTED_EDGE('',*,*,#12848,.F.);
#12870=ORIENTED_EDGE('',*,*,#12462,.T.);
#12871=ORIENTED_EDGE('',*,*,#12511,.F.);
#12872=EDGE_LOOP('',(#12868,#12869,#12870,#12871));
#12873=FACE_OUTER_BOUND('',#12872,.F.);
#12874=ADVANCED_FACE('',(#12873),#12867,.T.);
#12875=FILL_AREA_STYLE_COLOUR('',#60);
#12876=FILL_AREA_STYLE('',(#12875));
#12877=SURFACE_STYLE_FILL_AREA(#12876);
#12878=SURFACE_SIDE_STYLE('',(#12877));
#12879=SURFACE_STYLE_USAGE(.BOTH.,#12878);
#12880=PRESENTATION_STYLE_ASSIGNMENT((#12879));
#12881=STYLED_ITEM('',(#12880),#12874);
#12882=CARTESIAN_POINT('',(-3.3E0,3.275E1,-7.899999999999E0));
#12883=DIRECTION('',(0.E0,-1.E0,0.E0));
#12884=DIRECTION('',(-7.060246646809E-2,0.E0,-9.975045321845E-1));
#12885=AXIS2_PLACEMENT_3D('',#12882,#12883,#12884);
#12886=CYLINDRICAL_SURFACE('',#12885,9.999851955103E-1);
#12887=ORIENTED_EDGE('',*,*,#12826,.T.);
#12888=ORIENTED_EDGE('',*,*,#12851,.F.);
#12889=ORIENTED_EDGE('',*,*,#12536,.T.);
#12891=ORIENTED_EDGE('',*,*,#12890,.T.);
#12893=ORIENTED_EDGE('',*,*,#12892,.F.);
#12894=EDGE_LOOP('',(#12887,#12888,#12889,#12891,#12893));
#12895=FACE_OUTER_BOUND('',#12894,.F.);
#12896=ADVANCED_FACE('',(#12895),#12886,.T.);
#12897=FILL_AREA_STYLE_COLOUR('',#60);
#12898=FILL_AREA_STYLE('',(#12897));
#12899=SURFACE_STYLE_FILL_AREA(#12898);
#12900=SURFACE_SIDE_STYLE('',(#12899));
#12901=SURFACE_STYLE_USAGE(.BOTH.,#12900);
#12902=PRESENTATION_STYLE_ASSIGNMENT((#12901));
#12903=STYLED_ITEM('',(#12902),#12896);
#12904=CARTESIAN_POINT('',(-2.3E0,3.285E1,0.E0));
#12905=DIRECTION('',(1.E0,0.E0,0.E0));
#12906=DIRECTION('',(0.E0,0.E0,-1.E0));
#12907=AXIS2_PLACEMENT_3D('',#12904,#12905,#12906);
#12908=PLANE('',#12907);
#12910=ORIENTED_EDGE('',*,*,#12909,.F.);
#12911=ORIENTED_EDGE('',*,*,#12890,.F.);
#12912=ORIENTED_EDGE('',*,*,#12534,.F.);
#12913=ORIENTED_EDGE('',*,*,#12568,.F.);
#12914=EDGE_LOOP('',(#12910,#12911,#12912,#12913));
#12915=FACE_OUTER_BOUND('',#12914,.F.);
#12916=ADVANCED_FACE('',(#12915),#12908,.T.);
#12917=FILL_AREA_STYLE_COLOUR('',#60);
#12918=FILL_AREA_STYLE('',(#12917));
#12919=SURFACE_STYLE_FILL_AREA(#12918);
#12920=SURFACE_SIDE_STYLE('',(#12919));
#12921=SURFACE_STYLE_USAGE(.BOTH.,#12920);
#12922=PRESENTATION_STYLE_ASSIGNMENT((#12921));
#12923=STYLED_ITEM('',(#12922),#12916);
#12924=CARTESIAN_POINT('',(-2.500000000005E0,3.289999999999E1,
1.401545546287E-12));
#12925=DIRECTION('',(0.E0,0.E0,1.E0));
#12926=DIRECTION('',(9.382338680559E-1,-3.460017468638E-1,0.E0));
#12927=AXIS2_PLACEMENT_3D('',#12924,#12925,#12926);
#12928=CYLINDRICAL_SURFACE('',#12927,1.999884303493E-1);
#12929=ORIENTED_EDGE('',*,*,#12909,.T.);
#12930=ORIENTED_EDGE('',*,*,#12590,.T.);
#12932=ORIENTED_EDGE('',*,*,#12931,.T.);
#12934=ORIENTED_EDGE('',*,*,#12933,.F.);
#12935=EDGE_LOOP('',(#12929,#12930,#12932,#12934));
#12936=FACE_OUTER_BOUND('',#12935,.F.);
#12937=ADVANCED_FACE('',(#12936),#12928,.T.);
#12938=FILL_AREA_STYLE_COLOUR('',#60);
#12939=FILL_AREA_STYLE('',(#12938));
#12940=SURFACE_STYLE_FILL_AREA(#12939);
#12941=SURFACE_SIDE_STYLE('',(#12940));
#12942=SURFACE_STYLE_USAGE(.BOTH.,#12941);
#12943=PRESENTATION_STYLE_ASSIGNMENT((#12942));
#12944=STYLED_ITEM('',(#12943),#12937);
#12945=CARTESIAN_POINT('',(-8.7E0,3.31E1,0.E0));
#12946=DIRECTION('',(0.E0,1.E0,0.E0));
#12947=DIRECTION('',(1.E0,0.E0,0.E0));
#12948=AXIS2_PLACEMENT_3D('',#12945,#12946,#12947);
#12949=PLANE('',#12948);
#12950=ORIENTED_EDGE('',*,*,#12783,.F.);
#12951=ORIENTED_EDGE('',*,*,#12806,.F.);
#12953=ORIENTED_EDGE('',*,*,#12952,.F.);
#12954=ORIENTED_EDGE('',*,*,#12931,.F.);
#12955=ORIENTED_EDGE('',*,*,#12588,.F.);
#12956=ORIENTED_EDGE('',*,*,#12610,.F.);
#12957=ORIENTED_EDGE('',*,*,#12632,.F.);
#12959=ORIENTED_EDGE('',*,*,#12958,.F.);
#12960=EDGE_LOOP('',(#12950,#12951,#12953,#12954,#12955,#12956,#12957,#12959));
#12961=FACE_OUTER_BOUND('',#12960,.F.);
#12963=ORIENTED_EDGE('',*,*,#12962,.F.);
#12965=ORIENTED_EDGE('',*,*,#12964,.F.);
#12967=ORIENTED_EDGE('',*,*,#12966,.F.);
#12969=ORIENTED_EDGE('',*,*,#12968,.F.);
#12970=EDGE_LOOP('',(#12963,#12965,#12967,#12969));
#12971=FACE_BOUND('',#12970,.F.);
#12972=ADVANCED_FACE('',(#12961,#12971),#12949,.T.);
#12973=FILL_AREA_STYLE_COLOUR('',#60);
#12974=FILL_AREA_STYLE('',(#12973));
#12975=SURFACE_STYLE_FILL_AREA(#12974);
#12976=SURFACE_SIDE_STYLE('',(#12975));
#12977=SURFACE_STYLE_USAGE(.BOTH.,#12976);
#12978=PRESENTATION_STYLE_ASSIGNMENT((#12977));
#12979=STYLED_ITEM('',(#12978),#12972);
#12980=CARTESIAN_POINT('',(-3.3E0,3.290000043926E1,-7.9E0));
#12981=DIRECTION('',(8.869435069287E-13,-1.E0,-2.733641879234E-13));
#12982=DIRECTION('',(-8.821177490500E-2,1.940580300867E-13,-9.961017431809E-1));
#12983=AXIS2_PLACEMENT_3D('',#12980,#12981,#12982);
#12984=TOROIDAL_SURFACE('',#12983,7.999856577324E-1,1.999986949428E-1);
#12985=ORIENTED_EDGE('',*,*,#12892,.T.);
#12986=ORIENTED_EDGE('',*,*,#12933,.T.);
#12987=ORIENTED_EDGE('',*,*,#12952,.T.);
#12988=ORIENTED_EDGE('',*,*,#12804,.T.);
#12989=EDGE_LOOP('',(#12985,#12986,#12987,#12988));
#12990=FACE_OUTER_BOUND('',#12989,.F.);
#12991=ADVANCED_FACE('',(#12990),#12984,.T.);
#12992=FILL_AREA_STYLE_COLOUR('',#60);
#12993=FILL_AREA_STYLE('',(#12992));
#12994=SURFACE_STYLE_FILL_AREA(#12993);
#12995=SURFACE_SIDE_STYLE('',(#12994));
#12996=SURFACE_STYLE_USAGE(.BOTH.,#12995);
#12997=PRESENTATION_STYLE_ASSIGNMENT((#12996));
#12998=STYLED_ITEM('',(#12997),#12991);
#12999=CARTESIAN_POINT('',(-1.49E1,3.289999999999E1,-1.401545546287E-12));
#13000=DIRECTION('',(0.E0,0.E0,-1.E0));
#13001=DIRECTION('',(-9.382338680545E-1,-3.460017468677E-1,0.E0));
#13002=AXIS2_PLACEMENT_3D('',#12999,#13000,#13001);
#13003=CYLINDRICAL_SURFACE('',#13002,1.999884303475E-1);
#13004=ORIENTED_EDGE('',*,*,#12683,.T.);
#13005=ORIENTED_EDGE('',*,*,#12785,.T.);
#13006=ORIENTED_EDGE('',*,*,#12958,.T.);
#13007=ORIENTED_EDGE('',*,*,#12630,.T.);
#13008=EDGE_LOOP('',(#13004,#13005,#13006,#13007));
#13009=FACE_OUTER_BOUND('',#13008,.F.);
#13010=ADVANCED_FACE('',(#13009),#13003,.T.);
#13011=FILL_AREA_STYLE_COLOUR('',#60);
#13012=FILL_AREA_STYLE('',(#13011));
#13013=SURFACE_STYLE_FILL_AREA(#13012);
#13014=SURFACE_SIDE_STYLE('',(#13013));
#13015=SURFACE_STYLE_USAGE(.BOTH.,#13014);
#13016=PRESENTATION_STYLE_ASSIGNMENT((#13015));
#13017=STYLED_ITEM('',(#13016),#13010);
#13018=CARTESIAN_POINT('',(-1.41E1,3.285E1,0.E0));
#13019=DIRECTION('',(1.E0,0.E0,0.E0));
#13020=DIRECTION('',(0.E0,0.E0,1.E0));
#13021=AXIS2_PLACEMENT_3D('',#13018,#13019,#13020);
#13022=PLANE('',#13021);
#13023=ORIENTED_EDGE('',*,*,#12962,.T.);
#13025=ORIENTED_EDGE('',*,*,#13024,.F.);
#13027=ORIENTED_EDGE('',*,*,#13026,.T.);
#13029=ORIENTED_EDGE('',*,*,#13028,.F.);
#13030=EDGE_LOOP('',(#13023,#13025,#13027,#13029));
#13031=FACE_OUTER_BOUND('',#13030,.F.);
#13032=ADVANCED_FACE('',(#13031),#13022,.T.);
#13033=FILL_AREA_STYLE_COLOUR('',#60);
#13034=FILL_AREA_STYLE('',(#13033));
#13035=SURFACE_STYLE_FILL_AREA(#13034);
#13036=SURFACE_SIDE_STYLE('',(#13035));
#13037=SURFACE_STYLE_USAGE(.BOTH.,#13036);
#13038=PRESENTATION_STYLE_ASSIGNMENT((#13037));
#13039=STYLED_ITEM('',(#13038),#13032);
#13040=CARTESIAN_POINT('',(-8.7E0,3.285E1,-7.9E0));
#13041=DIRECTION('',(0.E0,0.E0,1.E0));
#13042=DIRECTION('',(-1.E0,0.E0,0.E0));
#13043=AXIS2_PLACEMENT_3D('',#13040,#13041,#13042);
#13044=PLANE('',#13043);
#13045=ORIENTED_EDGE('',*,*,#12968,.T.);
#13047=ORIENTED_EDGE('',*,*,#13046,.F.);
#13049=ORIENTED_EDGE('',*,*,#13048,.T.);
#13050=ORIENTED_EDGE('',*,*,#13024,.T.);
#13051=EDGE_LOOP('',(#13045,#13047,#13049,#13050));
#13052=FACE_OUTER_BOUND('',#13051,.F.);
#13053=ADVANCED_FACE('',(#13052),#13044,.T.);
#13054=FILL_AREA_STYLE_COLOUR('',#60);
#13055=FILL_AREA_STYLE('',(#13054));
#13056=SURFACE_STYLE_FILL_AREA(#13055);
#13057=SURFACE_SIDE_STYLE('',(#13056));
#13058=SURFACE_STYLE_USAGE(.BOTH.,#13057);
#13059=PRESENTATION_STYLE_ASSIGNMENT((#13058));
#13060=STYLED_ITEM('',(#13059),#13053);
#13061=CARTESIAN_POINT('',(-3.3E0,3.285E1,0.E0));
#13062=DIRECTION('',(1.E0,0.E0,0.E0));
#13063=DIRECTION('',(0.E0,0.E0,-1.E0));
#13064=AXIS2_PLACEMENT_3D('',#13061,#13062,#13063);
#13065=PLANE('',#13064);
#13067=ORIENTED_EDGE('',*,*,#13066,.T.);
#13068=ORIENTED_EDGE('',*,*,#13046,.T.);
#13069=ORIENTED_EDGE('',*,*,#12966,.T.);
#13071=ORIENTED_EDGE('',*,*,#13070,.F.);
#13072=EDGE_LOOP('',(#13067,#13068,#13069,#13071));
#13073=FACE_OUTER_BOUND('',#13072,.F.);
#13074=ADVANCED_FACE('',(#13073),#13065,.F.);
#13075=FILL_AREA_STYLE_COLOUR('',#60);
#13076=FILL_AREA_STYLE('',(#13075));
#13077=SURFACE_STYLE_FILL_AREA(#13076);
#13078=SURFACE_SIDE_STYLE('',(#13077));
#13079=SURFACE_STYLE_USAGE(.BOTH.,#13078);
#13080=PRESENTATION_STYLE_ASSIGNMENT((#13079));
#13081=STYLED_ITEM('',(#13080),#13074);
#13082=CARTESIAN_POINT('',(-8.7E0,3.26E1,0.E0));
#13083=DIRECTION('',(0.E0,1.E0,0.E0));
#13084=DIRECTION('',(1.E0,0.E0,0.E0));
#13085=AXIS2_PLACEMENT_3D('',#13082,#13083,#13084);
#13086=PLANE('',#13085);
#13087=ORIENTED_EDGE('',*,*,#13026,.F.);
#13088=ORIENTED_EDGE('',*,*,#13048,.F.);
#13089=ORIENTED_EDGE('',*,*,#13066,.F.);
#13091=ORIENTED_EDGE('',*,*,#13090,.F.);
#13092=EDGE_LOOP('',(#13087,#13088,#13089,#13091));
#13093=FACE_OUTER_BOUND('',#13092,.F.);
#13094=ADVANCED_FACE('',(#13093),#13086,.T.);
#13095=FILL_AREA_STYLE_COLOUR('',#60);
#13096=FILL_AREA_STYLE('',(#13095));
#13097=SURFACE_STYLE_FILL_AREA(#13096);
#13098=SURFACE_SIDE_STYLE('',(#13097));
#13099=SURFACE_STYLE_USAGE(.BOTH.,#13098);
#13100=PRESENTATION_STYLE_ASSIGNMENT((#13099));
#13101=STYLED_ITEM('',(#13100),#13094);
#13102=CARTESIAN_POINT('',(-8.7E0,3.285E1,7.9E0));
#13103=DIRECTION('',(0.E0,0.E0,1.E0));
#13104=DIRECTION('',(1.E0,0.E0,0.E0));
#13105=AXIS2_PLACEMENT_3D('',#13102,#13103,#13104);
#13106=PLANE('',#13105);
#13107=ORIENTED_EDGE('',*,*,#12964,.T.);
#13108=ORIENTED_EDGE('',*,*,#13028,.T.);
#13109=ORIENTED_EDGE('',*,*,#13090,.T.);
#13110=ORIENTED_EDGE('',*,*,#13070,.T.);
#13111=EDGE_LOOP('',(#13107,#13108,#13109,#13110));
#13112=FACE_OUTER_BOUND('',#13111,.F.);
#13113=ADVANCED_FACE('',(#13112),#13106,.F.);
#13114=FILL_AREA_STYLE_COLOUR('',#60);
#13115=FILL_AREA_STYLE('',(#13114));
#13116=SURFACE_STYLE_FILL_AREA(#13115);
#13117=SURFACE_SIDE_STYLE('',(#13116));
#13118=SURFACE_STYLE_USAGE(.BOTH.,#13117);
#13119=PRESENTATION_STYLE_ASSIGNMENT((#13118));
#13120=STYLED_ITEM('',(#13119),#13113);
#13121=CARTESIAN_POINT('',(9.999999999998E0,3.35E1,-1.316280417996E-12));
#13122=DIRECTION('',(0.E0,1.E0,0.E0));
#13123=DIRECTION('',(9.980267284283E-1,0.E0,6.279051952953E-2));
#13124=AXIS2_PLACEMENT_3D('',#13121,#13122,#13123);
#13125=CYLINDRICAL_SURFACE('',#13124,6.499989251090E0);
#13127=ORIENTED_EDGE('',*,*,#13126,.F.);
#13129=ORIENTED_EDGE('',*,*,#13128,.F.);
#13130=ORIENTED_EDGE('',*,*,#12544,.T.);
#13132=ORIENTED_EDGE('',*,*,#13131,.F.);
#13133=EDGE_LOOP('',(#13127,#13129,#13130,#13132));
#13134=FACE_OUTER_BOUND('',#13133,.F.);
#13135=ADVANCED_FACE('',(#13134),#13125,.T.);
#13136=FILL_AREA_STYLE_COLOUR('',#60);
#13137=FILL_AREA_STYLE('',(#13136));
#13138=SURFACE_STYLE_FILL_AREA(#13137);
#13139=SURFACE_SIDE_STYLE('',(#13138));
#13140=SURFACE_STYLE_USAGE(.BOTH.,#13139);
#13141=PRESENTATION_STYLE_ASSIGNMENT((#13140));
#13142=STYLED_ITEM('',(#13141),#13135);
#13143=CARTESIAN_POINT('',(1.E1,3.420000015074E1,4.898797548596E-13));
#13144=DIRECTION('',(9.462332491167E-13,1.E0,-4.105116312541E-12));
#13145=DIRECTION('',(9.980267284243E-1,-6.866035257411E-13,6.279051959186E-2));
#13146=AXIS2_PLACEMENT_3D('',#13143,#13144,#13145);
#13147=TOROIDAL_SURFACE('',#13146,6.299989536688E0,1.999998033662E-1);
#13149=ORIENTED_EDGE('',*,*,#13148,.T.);
#13151=ORIENTED_EDGE('',*,*,#13150,.F.);
#13152=ORIENTED_EDGE('',*,*,#13126,.T.);
#13154=ORIENTED_EDGE('',*,*,#13153,.F.);
#13155=EDGE_LOOP('',(#13149,#13151,#13152,#13154));
#13156=FACE_OUTER_BOUND('',#13155,.F.);
#13157=ADVANCED_FACE('',(#13156),#13147,.T.);
#13158=FILL_AREA_STYLE_COLOUR('',#60);
#13159=FILL_AREA_STYLE('',(#13158));
#13160=SURFACE_STYLE_FILL_AREA(#13159);
#13161=SURFACE_SIDE_STYLE('',(#13160));
#13162=SURFACE_STYLE_USAGE(.BOTH.,#13161);
#13163=PRESENTATION_STYLE_ASSIGNMENT((#13162));
#13164=STYLED_ITEM('',(#13163),#13157);
#13165=CARTESIAN_POINT('',(1.E1,3.44E1,-4.267697306659E-13));
#13166=DIRECTION('',(0.E0,1.E0,0.E0));
#13167=DIRECTION('',(1.E0,0.E0,0.E0));
#13168=AXIS2_PLACEMENT_3D('',#13165,#13166,#13167);
#13169=PLANE('',#13168);
#13170=ORIENTED_EDGE('',*,*,#13148,.F.);
#13172=ORIENTED_EDGE('',*,*,#13171,.F.);
#13173=EDGE_LOOP('',(#13170,#13172));
#13174=FACE_OUTER_BOUND('',#13173,.F.);
#13176=ORIENTED_EDGE('',*,*,#13175,.F.);
#13178=ORIENTED_EDGE('',*,*,#13177,.F.);
#13179=EDGE_LOOP('',(#13176,#13178));
#13180=FACE_BOUND('',#13179,.F.);
#13181=ADVANCED_FACE('',(#13174,#13180),#13169,.T.);
#13182=FILL_AREA_STYLE_COLOUR('',#60);
#13183=FILL_AREA_STYLE('',(#13182));
#13184=SURFACE_STYLE_FILL_AREA(#13183);
#13185=SURFACE_SIDE_STYLE('',(#13184));
#13186=SURFACE_STYLE_USAGE(.BOTH.,#13185);
#13187=PRESENTATION_STYLE_ASSIGNMENT((#13186));
#13188=STYLED_ITEM('',(#13187),#13181);
#13189=CARTESIAN_POINT('',(9.999999999999E0,3.420000015074E1,
9.998350029520E-13));
#13190=DIRECTION('',(1.526786102816E-13,1.E0,4.563992119186E-12));
#13191=DIRECTION('',(-9.980267284243E-1,4.389530495702E-13,-6.279051959207E-2));
#13192=AXIS2_PLACEMENT_3D('',#13189,#13190,#13191);
#13193=TOROIDAL_SURFACE('',#13192,6.299989536686E0,1.999998033664E-1);
#13194=ORIENTED_EDGE('',*,*,#13171,.T.);
#13195=ORIENTED_EDGE('',*,*,#13153,.T.);
#13197=ORIENTED_EDGE('',*,*,#13196,.T.);
#13198=ORIENTED_EDGE('',*,*,#13150,.T.);
#13199=EDGE_LOOP('',(#13194,#13195,#13197,#13198));
#13200=FACE_OUTER_BOUND('',#13199,.F.);
#13201=ADVANCED_FACE('',(#13200),#13193,.T.);
#13202=FILL_AREA_STYLE_COLOUR('',#60);
#13203=FILL_AREA_STYLE('',(#13202));
#13204=SURFACE_STYLE_FILL_AREA(#13203);
#13205=SURFACE_SIDE_STYLE('',(#13204));
#13206=SURFACE_STYLE_USAGE(.BOTH.,#13205);
#13207=PRESENTATION_STYLE_ASSIGNMENT((#13206));
#13208=STYLED_ITEM('',(#13207),#13201);
#13209=CARTESIAN_POINT('',(1.E1,3.35E1,-1.350031197944E-13));
#13210=DIRECTION('',(0.E0,1.E0,0.E0));
#13211=DIRECTION('',(-9.980267284283E-1,0.E0,-6.279051952928E-2));
#13212=AXIS2_PLACEMENT_3D('',#13209,#13210,#13211);
#13213=CYLINDRICAL_SURFACE('',#13212,6.499989251092E0);
#13214=ORIENTED_EDGE('',*,*,#13196,.F.);
#13215=ORIENTED_EDGE('',*,*,#13131,.T.);
#13216=ORIENTED_EDGE('',*,*,#12546,.T.);
#13217=ORIENTED_EDGE('',*,*,#13128,.T.);
#13218=EDGE_LOOP('',(#13214,#13215,#13216,#13217));
#13219=FACE_OUTER_BOUND('',#13218,.F.);
#13220=ADVANCED_FACE('',(#13219),#13213,.T.);
#13221=FILL_AREA_STYLE_COLOUR('',#60);
#13222=FILL_AREA_STYLE('',(#13221));
#13223=SURFACE_STYLE_FILL_AREA(#13222);
#13224=SURFACE_SIDE_STYLE('',(#13223));
#13225=SURFACE_STYLE_USAGE(.BOTH.,#13224);
#13226=PRESENTATION_STYLE_ASSIGNMENT((#13225));
#13227=STYLED_ITEM('',(#13226),#13220);
#13228=CARTESIAN_POINT('',(9.999999999999E0,3.465E1,-5.440092820663E-13));
#13229=DIRECTION('',(0.E0,1.E0,0.E0));
#13230=DIRECTION('',(9.980267284283E-1,0.E0,6.279051952944E-2));
#13231=AXIS2_PLACEMENT_3D('',#13228,#13229,#13230);
#13232=CYLINDRICAL_SURFACE('',#13231,5.E0);
#13233=ORIENTED_EDGE('',*,*,#13175,.T.);
#13235=ORIENTED_EDGE('',*,*,#13234,.F.);
#13237=ORIENTED_EDGE('',*,*,#13236,.T.);
#13239=ORIENTED_EDGE('',*,*,#13238,.F.);
#13240=EDGE_LOOP('',(#13233,#13235,#13237,#13239));
#13241=FACE_OUTER_BOUND('',#13240,.F.);
#13242=ADVANCED_FACE('',(#13241),#13232,.T.);
#13243=FILL_AREA_STYLE_COLOUR('',#60);
#13244=FILL_AREA_STYLE('',(#13243));
#13245=SURFACE_STYLE_FILL_AREA(#13244);
#13246=SURFACE_SIDE_STYLE('',(#13245));
#13247=SURFACE_STYLE_USAGE(.BOTH.,#13246);
#13248=PRESENTATION_STYLE_ASSIGNMENT((#13247));
#13249=STYLED_ITEM('',(#13248),#13242);
#13250=CARTESIAN_POINT('',(9.999999999999E0,3.465E1,1.486810674578E-12));
#13251=DIRECTION('',(0.E0,1.E0,0.E0));
#13252=DIRECTION('',(-9.980267284283E-1,0.E0,-6.279051952964E-2));
#13253=AXIS2_PLACEMENT_3D('',#13250,#13251,#13252);
#13254=CYLINDRICAL_SURFACE('',#13253,5.E0);
#13255=ORIENTED_EDGE('',*,*,#13177,.T.);
#13256=ORIENTED_EDGE('',*,*,#13238,.T.);
#13258=ORIENTED_EDGE('',*,*,#13257,.T.);
#13259=ORIENTED_EDGE('',*,*,#13234,.T.);
#13260=EDGE_LOOP('',(#13255,#13256,#13258,#13259));
#13261=FACE_OUTER_BOUND('',#13260,.F.);
#13262=ADVANCED_FACE('',(#13261),#13254,.T.);
#13263=FILL_AREA_STYLE_COLOUR('',#60);
#13264=FILL_AREA_STYLE('',(#13263));
#13265=SURFACE_STYLE_FILL_AREA(#13264);
#13266=SURFACE_SIDE_STYLE('',(#13265));
#13267=SURFACE_STYLE_USAGE(.BOTH.,#13266);
#13268=PRESENTATION_STYLE_ASSIGNMENT((#13267));
#13269=STYLED_ITEM('',(#13268),#13262);
#13270=CARTESIAN_POINT('',(1.E1,3.49E1,0.E0));
#13271=DIRECTION('',(0.E0,1.E0,0.E0));
#13272=DIRECTION('',(1.E0,0.E0,0.E0));
#13273=AXIS2_PLACEMENT_3D('',#13270,#13271,#13272);
#13274=PLANE('',#13273);
#13275=ORIENTED_EDGE('',*,*,#13236,.F.);
#13276=ORIENTED_EDGE('',*,*,#13257,.F.);
#13277=EDGE_LOOP('',(#13275,#13276));
#13278=FACE_OUTER_BOUND('',#13277,.F.);
#13280=ORIENTED_EDGE('',*,*,#13279,.T.);
#13282=ORIENTED_EDGE('',*,*,#13281,.F.);
#13284=ORIENTED_EDGE('',*,*,#13283,.F.);
#13286=ORIENTED_EDGE('',*,*,#13285,.T.);
#13288=ORIENTED_EDGE('',*,*,#13287,.F.);
#13290=ORIENTED_EDGE('',*,*,#13289,.F.);
#13292=ORIENTED_EDGE('',*,*,#13291,.T.);
#13294=ORIENTED_EDGE('',*,*,#13293,.F.);
#13296=ORIENTED_EDGE('',*,*,#13295,.F.);
#13298=ORIENTED_EDGE('',*,*,#13297,.T.);
#13300=ORIENTED_EDGE('',*,*,#13299,.F.);
#13302=ORIENTED_EDGE('',*,*,#13301,.F.);
#13304=ORIENTED_EDGE('',*,*,#13303,.T.);
#13306=ORIENTED_EDGE('',*,*,#13305,.F.);
#13308=ORIENTED_EDGE('',*,*,#13307,.F.);
#13310=ORIENTED_EDGE('',*,*,#13309,.T.);
#13312=ORIENTED_EDGE('',*,*,#13311,.F.);
#13314=ORIENTED_EDGE('',*,*,#13313,.F.);
#13316=ORIENTED_EDGE('',*,*,#13315,.T.);
#13318=ORIENTED_EDGE('',*,*,#13317,.F.);
#13320=ORIENTED_EDGE('',*,*,#13319,.F.);
#13322=ORIENTED_EDGE('',*,*,#13321,.T.);
#13324=ORIENTED_EDGE('',*,*,#13323,.F.);
#13326=ORIENTED_EDGE('',*,*,#13325,.F.);
#13328=ORIENTED_EDGE('',*,*,#13327,.T.);
#13330=ORIENTED_EDGE('',*,*,#13329,.F.);
#13332=ORIENTED_EDGE('',*,*,#13331,.F.);
#13334=ORIENTED_EDGE('',*,*,#13333,.T.);
#13336=ORIENTED_EDGE('',*,*,#13335,.F.);
#13338=ORIENTED_EDGE('',*,*,#13337,.F.);
#13340=ORIENTED_EDGE('',*,*,#13339,.T.);
#13342=ORIENTED_EDGE('',*,*,#13341,.F.);
#13344=ORIENTED_EDGE('',*,*,#13343,.F.);
#13346=ORIENTED_EDGE('',*,*,#13345,.T.);
#13348=ORIENTED_EDGE('',*,*,#13347,.F.);
#13350=ORIENTED_EDGE('',*,*,#13349,.F.);
#13352=ORIENTED_EDGE('',*,*,#13351,.T.);
#13354=ORIENTED_EDGE('',*,*,#13353,.F.);
#13356=ORIENTED_EDGE('',*,*,#13355,.F.);
#13358=ORIENTED_EDGE('',*,*,#13357,.T.);
#13360=ORIENTED_EDGE('',*,*,#13359,.F.);
#13362=ORIENTED_EDGE('',*,*,#13361,.F.);
#13364=ORIENTED_EDGE('',*,*,#13363,.T.);
#13366=ORIENTED_EDGE('',*,*,#13365,.F.);
#13368=ORIENTED_EDGE('',*,*,#13367,.F.);
#13370=ORIENTED_EDGE('',*,*,#13369,.T.);
#13372=ORIENTED_EDGE('',*,*,#13371,.F.);
#13374=ORIENTED_EDGE('',*,*,#13373,.F.);
#13376=ORIENTED_EDGE('',*,*,#13375,.T.);
#13378=ORIENTED_EDGE('',*,*,#13377,.F.);
#13380=ORIENTED_EDGE('',*,*,#13379,.F.);
#13382=ORIENTED_EDGE('',*,*,#13381,.T.);
#13384=ORIENTED_EDGE('',*,*,#13383,.F.);
#13386=ORIENTED_EDGE('',*,*,#13385,.F.);
#13388=ORIENTED_EDGE('',*,*,#13387,.T.);
#13390=ORIENTED_EDGE('',*,*,#13389,.F.);
#13392=ORIENTED_EDGE('',*,*,#13391,.F.);
#13394=ORIENTED_EDGE('',*,*,#13393,.T.);
#13396=ORIENTED_EDGE('',*,*,#13395,.F.);
#13398=ORIENTED_EDGE('',*,*,#13397,.F.);
#13400=ORIENTED_EDGE('',*,*,#13399,.T.);
#13402=ORIENTED_EDGE('',*,*,#13401,.F.);
#13404=ORIENTED_EDGE('',*,*,#13403,.F.);
#13406=ORIENTED_EDGE('',*,*,#13405,.T.);
#13408=ORIENTED_EDGE('',*,*,#13407,.F.);
#13410=ORIENTED_EDGE('',*,*,#13409,.F.);
#13412=ORIENTED_EDGE('',*,*,#13411,.T.);
#13414=ORIENTED_EDGE('',*,*,#13413,.F.);
#13416=ORIENTED_EDGE('',*,*,#13415,.F.);
#13418=ORIENTED_EDGE('',*,*,#13417,.T.);
#13420=ORIENTED_EDGE('',*,*,#13419,.F.);
#13422=ORIENTED_EDGE('',*,*,#13421,.F.);
#13423=EDGE_LOOP('',(#13280,#13282,#13284,#13286,#13288,#13290,#13292,#13294,
#13296,#13298,#13300,#13302,#13304,#13306,#13308,#13310,#13312,#13314,#13316,
#13318,#13320,#13322,#13324,#13326,#13328,#13330,#13332,#13334,#13336,#13338,
#13340,#13342,#13344,#13346,#13348,#13350,#13352,#13354,#13356,#13358,#13360,
#13362,#13364,#13366,#13368,#13370,#13372,#13374,#13376,#13378,#13380,#13382,
#13384,#13386,#13388,#13390,#13392,#13394,#13396,#13398,#13400,#13402,#13404,
#13406,#13408,#13410,#13412,#13414,#13416,#13418,#13420,#13422));
#13424=FACE_BOUND('',#13423,.F.);
#13425=ADVANCED_FACE('',(#13278,#13424),#13274,.T.);
#13426=FILL_AREA_STYLE_COLOUR('',#60);
#13427=FILL_AREA_STYLE('',(#13426));
#13428=SURFACE_STYLE_FILL_AREA(#13427);
#13429=SURFACE_SIDE_STYLE('',(#13428));
#13430=SURFACE_STYLE_USAGE(.BOTH.,#13429);
#13431=PRESENTATION_STYLE_ASSIGNMENT((#13430));
#13432=STYLED_ITEM('',(#13431),#13425);
#13433=CARTESIAN_POINT('',(1.E1,3.49E1,0.E0));
#13434=DIRECTION('',(0.E0,1.E0,0.E0));
#13435=DIRECTION('',(1.E0,0.E0,0.E0));
#13436=AXIS2_PLACEMENT_3D('',#13433,#13434,#13435);
#13437=PLANE('',#13436);
#13439=ORIENTED_EDGE('',*,*,#13438,.T.);
#13441=ORIENTED_EDGE('',*,*,#13440,.T.);
#13442=EDGE_LOOP('',(#13439,#13441));
#13443=FACE_OUTER_BOUND('',#13442,.F.);
#13444=ADVANCED_FACE('',(#13443),#13437,.T.);
#13445=FILL_AREA_STYLE_COLOUR('',#60);
#13446=FILL_AREA_STYLE('',(#13445));
#13447=SURFACE_STYLE_FILL_AREA(#13446);
#13448=SURFACE_SIDE_STYLE('',(#13447));
#13449=SURFACE_STYLE_USAGE(.POSITIVE.,#13448);
#13450=PRESENTATION_STYLE_ASSIGNMENT((#13449));
#13451=STYLED_ITEM('',(#13450),#13444);
#13452=CARTESIAN_POINT('',(1.000000000003E1,3.555999015597E1,
-6.078790248942E-12));
#13453=DIRECTION('',(0.E0,1.E0,0.E0));
#13454=DIRECTION('',(-2.615226193210E-1,0.E0,-9.651973474806E-1));
#13455=AXIS2_PLACEMENT_3D('',#13452,#13453,#13454);
#13456=CYLINDRICAL_SURFACE('',#13455,2.879999999999E0);
#13457=ORIENTED_EDGE('',*,*,#13279,.F.);
#13459=ORIENTED_EDGE('',*,*,#13458,.T.);
#13461=ORIENTED_EDGE('',*,*,#13460,.F.);
#13463=ORIENTED_EDGE('',*,*,#13462,.T.);
#13464=EDGE_LOOP('',(#13457,#13459,#13461,#13463));
#13465=FACE_OUTER_BOUND('',#13464,.F.);
#13466=ADVANCED_FACE('',(#13465),#13456,.T.);
#13467=CARTESIAN_POINT('',(9.127790022114E0,3.565E1,-2.589658220518E0));
#13468=DIRECTION('',(-3.826834323651E-1,0.E0,9.238795325113E-1));
#13469=DIRECTION('',(9.238795325113E-1,0.E0,3.826834323651E-1));
#13470=AXIS2_PLACEMENT_3D('',#13467,#13468,#13469);
#13471=PLANE('',#13470);
#13472=ORIENTED_EDGE('',*,*,#13421,.T.);
#13474=ORIENTED_EDGE('',*,*,#13473,.F.);
#13476=ORIENTED_EDGE('',*,*,#13475,.F.);
#13478=ORIENTED_EDGE('',*,*,#13477,.F.);
#13479=ORIENTED_EDGE('',*,*,#13458,.F.);
#13480=EDGE_LOOP('',(#13472,#13474,#13476,#13478,#13479));
#13481=FACE_OUTER_BOUND('',#13480,.F.);
#13482=ADVANCED_FACE('',(#13481),#13471,.F.);
#13483=CARTESIAN_POINT('',(9.460526888025E0,3.565E1,-2.678814795030E0));
#13484=DIRECTION('',(7.933533402912E-1,0.E0,6.087614290087E-1));
#13485=DIRECTION('',(6.087614290087E-1,0.E0,-7.933533402912E-1));
#13486=AXIS2_PLACEMENT_3D('',#13483,#13484,#13485);
#13487=PLANE('',#13486);
#13488=ORIENTED_EDGE('',*,*,#13419,.T.);
#13490=ORIENTED_EDGE('',*,*,#13489,.F.);
#13492=ORIENTED_EDGE('',*,*,#13491,.F.);
#13494=ORIENTED_EDGE('',*,*,#13493,.F.);
#13495=ORIENTED_EDGE('',*,*,#13473,.T.);
#13496=EDGE_LOOP('',(#13488,#13490,#13492,#13494,#13495));
#13497=FACE_OUTER_BOUND('',#13496,.F.);
#13498=ADVANCED_FACE('',(#13497),#13487,.F.);
#13499=CARTESIAN_POINT('',(1.000000000003E1,3.555999015597E1,
-6.078790248942E-12));
#13500=DIRECTION('',(0.E0,1.E0,0.E0));
#13501=DIRECTION('',(-2.615226193210E-1,0.E0,-9.651973474806E-1));
#13502=AXIS2_PLACEMENT_3D('',#13499,#13500,#13501);
#13503=CYLINDRICAL_SURFACE('',#13502,2.879999999999E0);
#13504=ORIENTED_EDGE('',*,*,#13417,.F.);
#13506=ORIENTED_EDGE('',*,*,#13505,.T.);
#13508=ORIENTED_EDGE('',*,*,#13507,.F.);
#13509=ORIENTED_EDGE('',*,*,#13489,.T.);
#13510=EDGE_LOOP('',(#13504,#13506,#13508,#13509));
#13511=FACE_OUTER_BOUND('',#13510,.F.);
#13512=ADVANCED_FACE('',(#13511),#13503,.T.);
#13513=CARTESIAN_POINT('',(9.827762724189E0,3.565E1,-2.727162310065E0));
#13514=DIRECTION('',(-6.087614290087E-1,0.E0,7.933533402912E-1));
#13515=DIRECTION('',(7.933533402912E-1,0.E0,6.087614290087E-1));
#13516=AXIS2_PLACEMENT_3D('',#13513,#13514,#13515);
#13517=PLANE('',#13516);
#13518=ORIENTED_EDGE('',*,*,#13415,.T.);
#13520=ORIENTED_EDGE('',*,*,#13519,.F.);
#13522=ORIENTED_EDGE('',*,*,#13521,.F.);
#13524=ORIENTED_EDGE('',*,*,#13523,.T.);
#13525=ORIENTED_EDGE('',*,*,#13505,.F.);
#13526=EDGE_LOOP('',(#13518,#13520,#13522,#13524,#13525));
#13527=FACE_OUTER_BOUND('',#13526,.F.);
#13528=ADVANCED_FACE('',(#13527),#13517,.F.);
#13529=CARTESIAN_POINT('',(1.017223727581E1,3.565E1,-2.727162310066E0));
#13530=DIRECTION('',(6.087614290087E-1,0.E0,7.933533402912E-1));
#13531=DIRECTION('',(7.933533402912E-1,0.E0,-6.087614290087E-1));
#13532=AXIS2_PLACEMENT_3D('',#13529,#13530,#13531);
#13533=PLANE('',#13532);
#13534=ORIENTED_EDGE('',*,*,#13413,.T.);
#13536=ORIENTED_EDGE('',*,*,#13535,.F.);
#13538=ORIENTED_EDGE('',*,*,#13537,.F.);
#13540=ORIENTED_EDGE('',*,*,#13539,.F.);
#13541=ORIENTED_EDGE('',*,*,#13519,.T.);
#13542=EDGE_LOOP('',(#13534,#13536,#13538,#13540,#13541));
#13543=FACE_OUTER_BOUND('',#13542,.F.);
#13544=ADVANCED_FACE('',(#13543),#13533,.F.);
#13545=CARTESIAN_POINT('',(1.000000000003E1,3.555999015597E1,
-6.078790248942E-12));
#13546=DIRECTION('',(0.E0,1.E0,0.E0));
#13547=DIRECTION('',(-2.615226193210E-1,0.E0,-9.651973474806E-1));
#13548=AXIS2_PLACEMENT_3D('',#13545,#13546,#13547);
#13549=CYLINDRICAL_SURFACE('',#13548,2.879999999999E0);
#13550=ORIENTED_EDGE('',*,*,#13411,.F.);
#13552=ORIENTED_EDGE('',*,*,#13551,.T.);
#13554=ORIENTED_EDGE('',*,*,#13553,.F.);
#13555=ORIENTED_EDGE('',*,*,#13535,.T.);
#13556=EDGE_LOOP('',(#13550,#13552,#13554,#13555));
#13557=FACE_OUTER_BOUND('',#13556,.F.);
#13558=ADVANCED_FACE('',(#13557),#13549,.T.);
#13559=CARTESIAN_POINT('',(1.053947311197E1,3.565E1,-2.678814795031E0));
#13560=DIRECTION('',(7.933533402912E-1,0.E0,-6.087614290087E-1));
#13561=DIRECTION('',(6.087614290087E-1,0.E0,7.933533402912E-1));
#13562=AXIS2_PLACEMENT_3D('',#13559,#13560,#13561);
#13563=PLANE('',#13562);
#13564=ORIENTED_EDGE('',*,*,#13409,.T.);
#13566=ORIENTED_EDGE('',*,*,#13565,.T.);
#13568=ORIENTED_EDGE('',*,*,#13567,.F.);
#13570=ORIENTED_EDGE('',*,*,#13569,.F.);
#13571=ORIENTED_EDGE('',*,*,#13551,.F.);
#13572=EDGE_LOOP('',(#13564,#13566,#13568,#13570,#13571));
#13573=FACE_OUTER_BOUND('',#13572,.F.);
#13574=ADVANCED_FACE('',(#13573),#13563,.T.);
#13575=CARTESIAN_POINT('',(1.087220997789E1,3.565E1,-2.589658220518E0));
#13576=DIRECTION('',(3.826834323651E-1,0.E0,9.238795325113E-1));
#13577=DIRECTION('',(9.238795325113E-1,0.E0,-3.826834323651E-1));
#13578=AXIS2_PLACEMENT_3D('',#13575,#13576,#13577);
#13579=PLANE('',#13578);
#13580=ORIENTED_EDGE('',*,*,#13407,.T.);
#13582=ORIENTED_EDGE('',*,*,#13581,.F.);
#13584=ORIENTED_EDGE('',*,*,#13583,.F.);
#13586=ORIENTED_EDGE('',*,*,#13585,.F.);
#13587=ORIENTED_EDGE('',*,*,#13565,.F.);
#13588=EDGE_LOOP('',(#13580,#13582,#13584,#13586,#13587));
#13589=FACE_OUTER_BOUND('',#13588,.F.);
#13590=ADVANCED_FACE('',(#13589),#13579,.F.);
#13591=CARTESIAN_POINT('',(1.000000000003E1,3.555999015597E1,
-6.078790248942E-12));
#13592=DIRECTION('',(0.E0,1.E0,0.E0));
#13593=DIRECTION('',(-2.615226193210E-1,0.E0,-9.651973474806E-1));
#13594=AXIS2_PLACEMENT_3D('',#13591,#13592,#13593);
#13595=CYLINDRICAL_SURFACE('',#13594,2.879999999999E0);
#13596=ORIENTED_EDGE('',*,*,#13405,.F.);
#13598=ORIENTED_EDGE('',*,*,#13597,.T.);
#13600=ORIENTED_EDGE('',*,*,#13599,.F.);
#13601=ORIENTED_EDGE('',*,*,#13581,.T.);
#13602=EDGE_LOOP('',(#13596,#13598,#13600,#13601));
#13603=FACE_OUTER_BOUND('',#13602,.F.);
#13604=ADVANCED_FACE('',(#13603),#13595,.T.);
#13605=CARTESIAN_POINT('',(1.121441929870E1,3.565E1,-2.447910478665E0));
#13606=DIRECTION('',(9.238795325113E-1,0.E0,-3.826834323651E-1));
#13607=DIRECTION('',(3.826834323651E-1,0.E0,9.238795325113E-1));
#13608=AXIS2_PLACEMENT_3D('',#13605,#13606,#13607);
#13609=PLANE('',#13608);
#13610=ORIENTED_EDGE('',*,*,#13403,.T.);
#13612=ORIENTED_EDGE('',*,*,#13611,.T.);
#13614=ORIENTED_EDGE('',*,*,#13613,.F.);
#13616=ORIENTED_EDGE('',*,*,#13615,.F.);
#13617=ORIENTED_EDGE('',*,*,#13597,.F.);
#13618=EDGE_LOOP('',(#13610,#13612,#13614,#13616,#13617));
#13619=FACE_OUTER_BOUND('',#13618,.F.);
#13620=ADVANCED_FACE('',(#13619),#13609,.T.);
#13621=CARTESIAN_POINT('',(1.151274301136E1,3.565E1,-2.275673202855E0));
#13622=DIRECTION('',(1.305261922201E-1,0.E0,9.914448613738E-1));
#13623=DIRECTION('',(9.914448613738E-1,0.E0,-1.305261922201E-1));
#13624=AXIS2_PLACEMENT_3D('',#13621,#13622,#13623);
#13625=PLANE('',#13624);
#13626=ORIENTED_EDGE('',*,*,#13401,.T.);
#13628=ORIENTED_EDGE('',*,*,#13627,.F.);
#13630=ORIENTED_EDGE('',*,*,#13629,.F.);
#13632=ORIENTED_EDGE('',*,*,#13631,.F.);
#13633=ORIENTED_EDGE('',*,*,#13611,.F.);
#13634=EDGE_LOOP('',(#13626,#13628,#13630,#13632,#13633));
#13635=FACE_OUTER_BOUND('',#13634,.F.);
#13636=ADVANCED_FACE('',(#13635),#13625,.F.);
#13637=CARTESIAN_POINT('',(1.000000000003E1,3.555999015597E1,
-6.078790248942E-12));
#13638=DIRECTION('',(0.E0,1.E0,0.E0));
#13639=DIRECTION('',(-2.615226193210E-1,0.E0,-9.651973474806E-1));
#13640=AXIS2_PLACEMENT_3D('',#13637,#13638,#13639);
#13641=CYLINDRICAL_SURFACE('',#13640,2.879999999999E0);
#13642=ORIENTED_EDGE('',*,*,#13399,.F.);
#13644=ORIENTED_EDGE('',*,*,#13643,.T.);
#13646=ORIENTED_EDGE('',*,*,#13645,.F.);
#13647=ORIENTED_EDGE('',*,*,#13627,.T.);
#13648=EDGE_LOOP('',(#13642,#13644,#13646,#13647));
#13649=FACE_OUTER_BOUND('',#13648,.F.);
#13650=ADVANCED_FACE('',(#13649),#13641,.T.);
#13651=CARTESIAN_POINT('',(1.180660481714E1,3.565E1,-2.050185108542E0));
#13652=DIRECTION('',(9.914448613738E-1,0.E0,-1.305261922201E-1));
#13653=DIRECTION('',(1.305261922201E-1,0.E0,9.914448613738E-1));
#13654=AXIS2_PLACEMENT_3D('',#13651,#13652,#13653);
#13655=PLANE('',#13654);
#13656=ORIENTED_EDGE('',*,*,#13397,.T.);
#13658=ORIENTED_EDGE('',*,*,#13657,.T.);
#13660=ORIENTED_EDGE('',*,*,#13659,.F.);
#13662=ORIENTED_EDGE('',*,*,#13661,.F.);
#13663=ORIENTED_EDGE('',*,*,#13643,.F.);
#13664=EDGE_LOOP('',(#13656,#13658,#13660,#13662,#13663));
#13665=FACE_OUTER_BOUND('',#13664,.F.);
#13666=ADVANCED_FACE('',(#13665),#13655,.T.);
#13667=CARTESIAN_POINT('',(1.205018510854E1,3.565E1,-1.806604817145E0));
#13668=DIRECTION('',(-1.305261922201E-1,0.E0,9.914448613738E-1));
#13669=DIRECTION('',(9.914448613738E-1,0.E0,1.305261922201E-1));
#13670=AXIS2_PLACEMENT_3D('',#13667,#13668,#13669);
#13671=PLANE('',#13670);
#13672=ORIENTED_EDGE('',*,*,#13395,.T.);
#13674=ORIENTED_EDGE('',*,*,#13673,.F.);
#13676=ORIENTED_EDGE('',*,*,#13675,.F.);
#13678=ORIENTED_EDGE('',*,*,#13677,.F.);
#13679=ORIENTED_EDGE('',*,*,#13657,.F.);
#13680=EDGE_LOOP('',(#13672,#13674,#13676,#13678,#13679));
#13681=FACE_OUTER_BOUND('',#13680,.F.);
#13682=ADVANCED_FACE('',(#13681),#13671,.F.);
#13683=CARTESIAN_POINT('',(1.000000000003E1,3.555999015597E1,
-6.078790248942E-12));
#13684=DIRECTION('',(0.E0,1.E0,0.E0));
#13685=DIRECTION('',(-2.615226193210E-1,0.E0,-9.651973474806E-1));
#13686=AXIS2_PLACEMENT_3D('',#13683,#13684,#13685);
#13687=CYLINDRICAL_SURFACE('',#13686,2.879999999999E0);
#13688=ORIENTED_EDGE('',*,*,#13393,.F.);
#13690=ORIENTED_EDGE('',*,*,#13689,.T.);
#13692=ORIENTED_EDGE('',*,*,#13691,.F.);
#13693=ORIENTED_EDGE('',*,*,#13673,.T.);
#13694=EDGE_LOOP('',(#13688,#13690,#13692,#13693));
#13695=FACE_OUTER_BOUND('',#13694,.F.);
#13696=ADVANCED_FACE('',(#13695),#13687,.T.);
#13697=CARTESIAN_POINT('',(1.227567320286E1,3.565E1,-1.512743011363E0));
#13698=DIRECTION('',(9.914448613738E-1,0.E0,1.305261922201E-1));
#13699=DIRECTION('',(-1.305261922201E-1,0.E0,9.914448613738E-1));
#13700=AXIS2_PLACEMENT_3D('',#13697,#13698,#13699);
#13701=PLANE('',#13700);
#13702=ORIENTED_EDGE('',*,*,#13391,.T.);
#13704=ORIENTED_EDGE('',*,*,#13703,.T.);
#13706=ORIENTED_EDGE('',*,*,#13705,.F.);
#13708=ORIENTED_EDGE('',*,*,#13707,.F.);
#13709=ORIENTED_EDGE('',*,*,#13689,.F.);
#13710=EDGE_LOOP('',(#13702,#13704,#13706,#13708,#13709));
#13711=FACE_OUTER_BOUND('',#13710,.F.);
#13712=ADVANCED_FACE('',(#13711),#13701,.T.);
#13713=CARTESIAN_POINT('',(1.244791047867E1,3.565E1,-1.214419298702E0));
#13714=DIRECTION('',(-3.826834323651E-1,0.E0,9.238795325113E-1));
#13715=DIRECTION('',(9.238795325113E-1,0.E0,3.826834323651E-1));
#13716=AXIS2_PLACEMENT_3D('',#13713,#13714,#13715);
#13717=PLANE('',#13716);
#13718=ORIENTED_EDGE('',*,*,#13389,.T.);
#13720=ORIENTED_EDGE('',*,*,#13719,.F.);
#13722=ORIENTED_EDGE('',*,*,#13721,.F.);
#13724=ORIENTED_EDGE('',*,*,#13723,.F.);
#13725=ORIENTED_EDGE('',*,*,#13703,.F.);
#13726=EDGE_LOOP('',(#13718,#13720,#13722,#13724,#13725));
#13727=FACE_OUTER_BOUND('',#13726,.F.);
#13728=ADVANCED_FACE('',(#13727),#13717,.F.);
#13729=CARTESIAN_POINT('',(1.000000000003E1,3.555999015597E1,
-6.078790248942E-12));
#13730=DIRECTION('',(0.E0,1.E0,0.E0));
#13731=DIRECTION('',(-2.615226193210E-1,0.E0,-9.651973474806E-1));
#13732=AXIS2_PLACEMENT_3D('',#13729,#13730,#13731);
#13733=CYLINDRICAL_SURFACE('',#13732,2.879999999999E0);
#13734=ORIENTED_EDGE('',*,*,#13387,.F.);
#13736=ORIENTED_EDGE('',*,*,#13735,.T.);
#13738=ORIENTED_EDGE('',*,*,#13737,.F.);
#13739=ORIENTED_EDGE('',*,*,#13719,.T.);
#13740=EDGE_LOOP('',(#13734,#13736,#13738,#13739));
#13741=FACE_OUTER_BOUND('',#13740,.F.);
#13742=ADVANCED_FACE('',(#13741),#13733,.T.);
#13743=CARTESIAN_POINT('',(1.258965822052E1,3.565E1,-8.722099778861E-1));
#13744=DIRECTION('',(9.238795325113E-1,0.E0,3.826834323651E-1));
#13745=DIRECTION('',(-3.826834323651E-1,0.E0,9.238795325113E-1));
#13746=AXIS2_PLACEMENT_3D('',#13743,#13744,#13745);
#13747=PLANE('',#13746);
#13748=ORIENTED_EDGE('',*,*,#13385,.T.);
#13750=ORIENTED_EDGE('',*,*,#13749,.T.);
#13752=ORIENTED_EDGE('',*,*,#13751,.F.);
#13754=ORIENTED_EDGE('',*,*,#13753,.F.);
#13755=ORIENTED_EDGE('',*,*,#13735,.F.);
#13756=EDGE_LOOP('',(#13748,#13750,#13752,#13754,#13755));
#13757=FACE_OUTER_BOUND('',#13756,.F.);
#13758=ADVANCED_FACE('',(#13757),#13747,.T.);
#13759=CARTESIAN_POINT('',(1.267881479503E1,3.565E1,-5.394731119757E-1));
#13760=DIRECTION('',(-6.087614290087E-1,0.E0,7.933533402912E-1));
#13761=DIRECTION('',(7.933533402912E-1,0.E0,6.087614290087E-1));
#13762=AXIS2_PLACEMENT_3D('',#13759,#13760,#13761);
#13763=PLANE('',#13762);
#13764=ORIENTED_EDGE('',*,*,#13383,.T.);
#13766=ORIENTED_EDGE('',*,*,#13765,.F.);
#13768=ORIENTED_EDGE('',*,*,#13767,.F.);
#13770=ORIENTED_EDGE('',*,*,#13769,.F.);
#13771=ORIENTED_EDGE('',*,*,#13749,.F.);
#13772=EDGE_LOOP('',(#13764,#13766,#13768,#13770,#13771));
#13773=FACE_OUTER_BOUND('',#13772,.F.);
#13774=ADVANCED_FACE('',(#13773),#13763,.F.);
#13775=CARTESIAN_POINT('',(1.000000000003E1,3.555999015597E1,
-6.078790248942E-12));
#13776=DIRECTION('',(0.E0,1.E0,0.E0));
#13777=DIRECTION('',(-2.615226193210E-1,0.E0,-9.651973474806E-1));
#13778=AXIS2_PLACEMENT_3D('',#13775,#13776,#13777);
#13779=CYLINDRICAL_SURFACE('',#13778,2.879999999999E0);
#13780=ORIENTED_EDGE('',*,*,#13381,.F.);
#13782=ORIENTED_EDGE('',*,*,#13781,.T.);
#13784=ORIENTED_EDGE('',*,*,#13783,.F.);
#13785=ORIENTED_EDGE('',*,*,#13765,.T.);
#13786=EDGE_LOOP('',(#13780,#13782,#13784,#13785));
#13787=FACE_OUTER_BOUND('',#13786,.F.);
#13788=ADVANCED_FACE('',(#13787),#13779,.T.);
#13789=CARTESIAN_POINT('',(1.272716231007E1,3.565E1,-1.722372758105E-1));
#13790=DIRECTION('',(7.933533402912E-1,0.E0,6.087614290087E-1));
#13791=DIRECTION('',(-6.087614290087E-1,0.E0,7.933533402912E-1));
#13792=AXIS2_PLACEMENT_3D('',#13789,#13790,#13791);
#13793=PLANE('',#13792);
#13794=ORIENTED_EDGE('',*,*,#13379,.T.);
#13796=ORIENTED_EDGE('',*,*,#13795,.T.);
#13798=ORIENTED_EDGE('',*,*,#13797,.F.);
#13800=ORIENTED_EDGE('',*,*,#13799,.F.);
#13801=ORIENTED_EDGE('',*,*,#13781,.F.);
#13802=EDGE_LOOP('',(#13794,#13796,#13798,#13800,#13801));
#13803=FACE_OUTER_BOUND('',#13802,.F.);
#13804=ADVANCED_FACE('',(#13803),#13793,.T.);
#13805=CARTESIAN_POINT('',(1.272716231006E1,3.565E1,1.722372758105E-1));
#13806=DIRECTION('',(7.933533402912E-1,0.E0,-6.087614290087E-1));
#13807=DIRECTION('',(6.087614290087E-1,0.E0,7.933533402912E-1));
#13808=AXIS2_PLACEMENT_3D('',#13805,#13806,#13807);
#13809=PLANE('',#13808);
#13810=ORIENTED_EDGE('',*,*,#13377,.T.);
#13812=ORIENTED_EDGE('',*,*,#13811,.F.);
#13814=ORIENTED_EDGE('',*,*,#13813,.F.);
#13816=ORIENTED_EDGE('',*,*,#13815,.F.);
#13817=ORIENTED_EDGE('',*,*,#13795,.F.);
#13818=EDGE_LOOP('',(#13810,#13812,#13814,#13816,#13817));
#13819=FACE_OUTER_BOUND('',#13818,.F.);
#13820=ADVANCED_FACE('',(#13819),#13809,.T.);
#13821=CARTESIAN_POINT('',(1.000000000003E1,3.555999015597E1,
-6.078790248942E-12));
#13822=DIRECTION('',(0.E0,1.E0,0.E0));
#13823=DIRECTION('',(-2.615226193210E-1,0.E0,-9.651973474806E-1));
#13824=AXIS2_PLACEMENT_3D('',#13821,#13822,#13823);
#13825=CYLINDRICAL_SURFACE('',#13824,2.879999999999E0);
#13826=ORIENTED_EDGE('',*,*,#13375,.F.);
#13828=ORIENTED_EDGE('',*,*,#13827,.T.);
#13830=ORIENTED_EDGE('',*,*,#13829,.F.);
#13831=ORIENTED_EDGE('',*,*,#13811,.T.);
#13832=EDGE_LOOP('',(#13826,#13828,#13830,#13831));
#13833=FACE_OUTER_BOUND('',#13832,.F.);
#13834=ADVANCED_FACE('',(#13833),#13825,.T.);
#13835=CARTESIAN_POINT('',(1.267881479503E1,3.565E1,5.394731119757E-1));
#13836=DIRECTION('',(6.087614290087E-1,0.E0,7.933533402912E-1));
#13837=DIRECTION('',(-7.933533402912E-1,0.E0,6.087614290087E-1));
#13838=AXIS2_PLACEMENT_3D('',#13835,#13836,#13837);
#13839=PLANE('',#13838);
#13840=ORIENTED_EDGE('',*,*,#13373,.T.);
#13842=ORIENTED_EDGE('',*,*,#13841,.T.);
#13844=ORIENTED_EDGE('',*,*,#13843,.F.);
#13846=ORIENTED_EDGE('',*,*,#13845,.F.);
#13847=ORIENTED_EDGE('',*,*,#13827,.F.);
#13848=EDGE_LOOP('',(#13840,#13842,#13844,#13846,#13847));
#13849=FACE_OUTER_BOUND('',#13848,.F.);
#13850=ADVANCED_FACE('',(#13849),#13839,.T.);
#13851=CARTESIAN_POINT('',(1.258965822052E1,3.565E1,8.722099778857E-1));
#13852=DIRECTION('',(9.238795325113E-1,0.E0,-3.826834323651E-1));
#13853=DIRECTION('',(3.826834323651E-1,0.E0,9.238795325113E-1));
#13854=AXIS2_PLACEMENT_3D('',#13851,#13852,#13853);
#13855=PLANE('',#13854);
#13856=ORIENTED_EDGE('',*,*,#13371,.T.);
#13858=ORIENTED_EDGE('',*,*,#13857,.F.);
#13860=ORIENTED_EDGE('',*,*,#13859,.F.);
#13862=ORIENTED_EDGE('',*,*,#13861,.F.);
#13863=ORIENTED_EDGE('',*,*,#13841,.F.);
#13864=EDGE_LOOP('',(#13856,#13858,#13860,#13862,#13863));
#13865=FACE_OUTER_BOUND('',#13864,.F.);
#13866=ADVANCED_FACE('',(#13865),#13855,.T.);
#13867=CARTESIAN_POINT('',(1.000000000003E1,3.555999015597E1,
-6.078790248942E-12));
#13868=DIRECTION('',(0.E0,1.E0,0.E0));
#13869=DIRECTION('',(-2.615226193210E-1,0.E0,-9.651973474806E-1));
#13870=AXIS2_PLACEMENT_3D('',#13867,#13868,#13869);
#13871=CYLINDRICAL_SURFACE('',#13870,2.879999999999E0);
#13872=ORIENTED_EDGE('',*,*,#13369,.F.);
#13874=ORIENTED_EDGE('',*,*,#13873,.T.);
#13876=ORIENTED_EDGE('',*,*,#13875,.F.);
#13877=ORIENTED_EDGE('',*,*,#13857,.T.);
#13878=EDGE_LOOP('',(#13872,#13874,#13876,#13877));
#13879=FACE_OUTER_BOUND('',#13878,.F.);
#13880=ADVANCED_FACE('',(#13879),#13871,.T.);
#13881=CARTESIAN_POINT('',(1.244791047866E1,3.565E1,1.214419298702E0));
#13882=DIRECTION('',(3.826834323651E-1,0.E0,9.238795325113E-1));
#13883=DIRECTION('',(-9.238795325113E-1,0.E0,3.826834323651E-1));
#13884=AXIS2_PLACEMENT_3D('',#13881,#13882,#13883);
#13885=PLANE('',#13884);
#13886=ORIENTED_EDGE('',*,*,#13367,.T.);
#13888=ORIENTED_EDGE('',*,*,#13887,.T.);
#13890=ORIENTED_EDGE('',*,*,#13889,.F.);
#13892=ORIENTED_EDGE('',*,*,#13891,.F.);
#13893=ORIENTED_EDGE('',*,*,#13873,.F.);
#13894=EDGE_LOOP('',(#13886,#13888,#13890,#13892,#13893));
#13895=FACE_OUTER_BOUND('',#13894,.F.);
#13896=ADVANCED_FACE('',(#13895),#13885,.T.);
#13897=CARTESIAN_POINT('',(1.227567320285E1,3.565E1,1.512743011363E0));
#13898=DIRECTION('',(9.914448613738E-1,0.E0,-1.305261922201E-1));
#13899=DIRECTION('',(1.305261922201E-1,0.E0,9.914448613738E-1));
#13900=AXIS2_PLACEMENT_3D('',#13897,#13898,#13899);
#13901=PLANE('',#13900);
#13902=ORIENTED_EDGE('',*,*,#13365,.T.);
#13904=ORIENTED_EDGE('',*,*,#13903,.F.);
#13906=ORIENTED_EDGE('',*,*,#13905,.F.);
#13908=ORIENTED_EDGE('',*,*,#13907,.F.);
#13909=ORIENTED_EDGE('',*,*,#13887,.F.);
#13910=EDGE_LOOP('',(#13902,#13904,#13906,#13908,#13909));
#13911=FACE_OUTER_BOUND('',#13910,.F.);
#13912=ADVANCED_FACE('',(#13911),#13901,.T.);
#13913=CARTESIAN_POINT('',(1.000000000003E1,3.555999015597E1,
-6.078790248942E-12));
#13914=DIRECTION('',(0.E0,1.E0,0.E0));
#13915=DIRECTION('',(-2.615226193210E-1,0.E0,-9.651973474806E-1));
#13916=AXIS2_PLACEMENT_3D('',#13913,#13914,#13915);
#13917=CYLINDRICAL_SURFACE('',#13916,2.879999999999E0);
#13918=ORIENTED_EDGE('',*,*,#13363,.F.);
#13920=ORIENTED_EDGE('',*,*,#13919,.T.);
#13922=ORIENTED_EDGE('',*,*,#13921,.F.);
#13923=ORIENTED_EDGE('',*,*,#13903,.T.);
#13924=EDGE_LOOP('',(#13918,#13920,#13922,#13923));
#13925=FACE_OUTER_BOUND('',#13924,.F.);
#13926=ADVANCED_FACE('',(#13925),#13917,.T.);
#13927=CARTESIAN_POINT('',(1.205018510854E1,3.565E1,1.806604817145E0));
#13928=DIRECTION('',(1.305261922201E-1,0.E0,9.914448613738E-1));
#13929=DIRECTION('',(-9.914448613738E-1,0.E0,1.305261922201E-1));
#13930=AXIS2_PLACEMENT_3D('',#13927,#13928,#13929);
#13931=PLANE('',#13930);
#13932=ORIENTED_EDGE('',*,*,#13361,.T.);
#13934=ORIENTED_EDGE('',*,*,#13933,.T.);
#13936=ORIENTED_EDGE('',*,*,#13935,.F.);
#13938=ORIENTED_EDGE('',*,*,#13937,.F.);
#13939=ORIENTED_EDGE('',*,*,#13919,.F.);
#13940=EDGE_LOOP('',(#13932,#13934,#13936,#13938,#13939));
#13941=FACE_OUTER_BOUND('',#13940,.F.);
#13942=ADVANCED_FACE('',(#13941),#13931,.T.);
#13943=CARTESIAN_POINT('',(1.180660481715E1,3.565E1,2.050185108542E0));
#13944=DIRECTION('',(9.914448613738E-1,0.E0,1.305261922201E-1));
#13945=DIRECTION('',(-1.305261922201E-1,0.E0,9.914448613738E-1));
#13946=AXIS2_PLACEMENT_3D('',#13943,#13944,#13945);
#13947=PLANE('',#13946);
#13948=ORIENTED_EDGE('',*,*,#13359,.T.);
#13950=ORIENTED_EDGE('',*,*,#13949,.F.);
#13952=ORIENTED_EDGE('',*,*,#13951,.F.);
#13954=ORIENTED_EDGE('',*,*,#13953,.F.);
#13955=ORIENTED_EDGE('',*,*,#13933,.F.);
#13956=EDGE_LOOP('',(#13948,#13950,#13952,#13954,#13955));
#13957=FACE_OUTER_BOUND('',#13956,.F.);
#13958=ADVANCED_FACE('',(#13957),#13947,.T.);
#13959=CARTESIAN_POINT('',(1.000000000003E1,3.555999015597E1,
-6.078790248942E-12));
#13960=DIRECTION('',(0.E0,1.E0,0.E0));
#13961=DIRECTION('',(-2.615226193210E-1,0.E0,-9.651973474806E-1));
#13962=AXIS2_PLACEMENT_3D('',#13959,#13960,#13961);
#13963=CYLINDRICAL_SURFACE('',#13962,2.879999999999E0);
#13964=ORIENTED_EDGE('',*,*,#13357,.F.);
#13966=ORIENTED_EDGE('',*,*,#13965,.T.);
#13968=ORIENTED_EDGE('',*,*,#13967,.F.);
#13969=ORIENTED_EDGE('',*,*,#13949,.T.);
#13970=EDGE_LOOP('',(#13964,#13966,#13968,#13969));
#13971=FACE_OUTER_BOUND('',#13970,.F.);
#13972=ADVANCED_FACE('',(#13971),#13963,.T.);
#13973=CARTESIAN_POINT('',(1.151274301137E1,3.565E1,2.275673202855E0));
#13974=DIRECTION('',(-1.305261922201E-1,0.E0,9.914448613738E-1));
#13975=DIRECTION('',(-9.914448613738E-1,0.E0,-1.305261922201E-1));
#13976=AXIS2_PLACEMENT_3D('',#13973,#13974,#13975);
#13977=PLANE('',#13976);
#13978=ORIENTED_EDGE('',*,*,#13355,.T.);
#13980=ORIENTED_EDGE('',*,*,#13979,.T.);
#13982=ORIENTED_EDGE('',*,*,#13981,.F.);
#13984=ORIENTED_EDGE('',*,*,#13983,.F.);
#13985=ORIENTED_EDGE('',*,*,#13965,.F.);
#13986=EDGE_LOOP('',(#13978,#13980,#13982,#13984,#13985));
#13987=FACE_OUTER_BOUND('',#13986,.F.);
#13988=ADVANCED_FACE('',(#13987),#13977,.T.);
#13989=CARTESIAN_POINT('',(1.121441929870E1,3.565E1,2.447910478665E0));
#13990=DIRECTION('',(9.238795325113E-1,0.E0,3.826834323651E-1));
#13991=DIRECTION('',(-3.826834323651E-1,0.E0,9.238795325113E-1));
#13992=AXIS2_PLACEMENT_3D('',#13989,#13990,#13991);
#13993=PLANE('',#13992);
#13994=ORIENTED_EDGE('',*,*,#13353,.T.);
#13996=ORIENTED_EDGE('',*,*,#13995,.F.);
#13998=ORIENTED_EDGE('',*,*,#13997,.F.);
#14000=ORIENTED_EDGE('',*,*,#13999,.F.);
#14001=ORIENTED_EDGE('',*,*,#13979,.F.);
#14002=EDGE_LOOP('',(#13994,#13996,#13998,#14000,#14001));
#14003=FACE_OUTER_BOUND('',#14002,.F.);
#14004=ADVANCED_FACE('',(#14003),#13993,.T.);
#14005=CARTESIAN_POINT('',(1.000000000003E1,3.555999015597E1,
-6.078790248942E-12));
#14006=DIRECTION('',(0.E0,1.E0,0.E0));
#14007=DIRECTION('',(-2.615226193210E-1,0.E0,-9.651973474806E-1));
#14008=AXIS2_PLACEMENT_3D('',#14005,#14006,#14007);
#14009=CYLINDRICAL_SURFACE('',#14008,2.879999999999E0);
#14010=ORIENTED_EDGE('',*,*,#13351,.F.);
#14012=ORIENTED_EDGE('',*,*,#14011,.T.);
#14014=ORIENTED_EDGE('',*,*,#14013,.F.);
#14015=ORIENTED_EDGE('',*,*,#13995,.T.);
#14016=EDGE_LOOP('',(#14010,#14012,#14014,#14015));
#14017=FACE_OUTER_BOUND('',#14016,.F.);
#14018=ADVANCED_FACE('',(#14017),#14009,.T.);
#14019=CARTESIAN_POINT('',(1.087220997788E1,3.565E1,2.589658220518E0));
#14020=DIRECTION('',(-3.826834323651E-1,0.E0,9.238795325113E-1));
#14021=DIRECTION('',(-9.238795325113E-1,0.E0,-3.826834323651E-1));
#14022=AXIS2_PLACEMENT_3D('',#14019,#14020,#14021);
#14023=PLANE('',#14022);
#14024=ORIENTED_EDGE('',*,*,#13349,.T.);
#14026=ORIENTED_EDGE('',*,*,#14025,.T.);
#14028=ORIENTED_EDGE('',*,*,#14027,.F.);
#14030=ORIENTED_EDGE('',*,*,#14029,.F.);
#14031=ORIENTED_EDGE('',*,*,#14011,.F.);
#14032=EDGE_LOOP('',(#14024,#14026,#14028,#14030,#14031));
#14033=FACE_OUTER_BOUND('',#14032,.F.);
#14034=ADVANCED_FACE('',(#14033),#14023,.T.);
#14035=CARTESIAN_POINT('',(1.053947311198E1,3.565E1,2.678814795030E0));
#14036=DIRECTION('',(7.933533402912E-1,0.E0,6.087614290087E-1));
#14037=DIRECTION('',(-6.087614290087E-1,0.E0,7.933533402912E-1));
#14038=AXIS2_PLACEMENT_3D('',#14035,#14036,#14037);
#14039=PLANE('',#14038);
#14040=ORIENTED_EDGE('',*,*,#13347,.T.);
#14042=ORIENTED_EDGE('',*,*,#14041,.F.);
#14044=ORIENTED_EDGE('',*,*,#14043,.F.);
#14046=ORIENTED_EDGE('',*,*,#14045,.F.);
#14047=ORIENTED_EDGE('',*,*,#14025,.F.);
#14048=EDGE_LOOP('',(#14040,#14042,#14044,#14046,#14047));
#14049=FACE_OUTER_BOUND('',#14048,.F.);
#14050=ADVANCED_FACE('',(#14049),#14039,.T.);
#14051=CARTESIAN_POINT('',(1.000000000003E1,3.555999015597E1,
-6.078790248942E-12));
#14052=DIRECTION('',(0.E0,1.E0,0.E0));
#14053=DIRECTION('',(-2.615226193210E-1,0.E0,-9.651973474806E-1));
#14054=AXIS2_PLACEMENT_3D('',#14051,#14052,#14053);
#14055=CYLINDRICAL_SURFACE('',#14054,2.879999999999E0);
#14056=ORIENTED_EDGE('',*,*,#13345,.F.);
#14058=ORIENTED_EDGE('',*,*,#14057,.T.);
#14060=ORIENTED_EDGE('',*,*,#14059,.F.);
#14061=ORIENTED_EDGE('',*,*,#14041,.T.);
#14062=EDGE_LOOP('',(#14056,#14058,#14060,#14061));
#14063=FACE_OUTER_BOUND('',#14062,.F.);
#14064=ADVANCED_FACE('',(#14063),#14055,.T.);
#14065=CARTESIAN_POINT('',(1.017223727581E1,3.565E1,2.727162310065E0));
#14066=DIRECTION('',(-6.087614290087E-1,0.E0,7.933533402912E-1));
#14067=DIRECTION('',(-7.933533402912E-1,0.E0,-6.087614290087E-1));
#14068=AXIS2_PLACEMENT_3D('',#14065,#14066,#14067);
#14069=PLANE('',#14068);
#14070=ORIENTED_EDGE('',*,*,#13343,.T.);
#14072=ORIENTED_EDGE('',*,*,#14071,.T.);
#14074=ORIENTED_EDGE('',*,*,#14073,.F.);
#14076=ORIENTED_EDGE('',*,*,#14075,.F.);
#14077=ORIENTED_EDGE('',*,*,#14057,.F.);
#14078=EDGE_LOOP('',(#14070,#14072,#14074,#14076,#14077));
#14079=FACE_OUTER_BOUND('',#14078,.F.);
#14080=ADVANCED_FACE('',(#14079),#14069,.T.);
#14081=CARTESIAN_POINT('',(9.827762724193E0,3.565E1,2.727162310066E0));
#14082=DIRECTION('',(6.087614290087E-1,0.E0,7.933533402912E-1));
#14083=DIRECTION('',(-7.933533402912E-1,0.E0,6.087614290087E-1));
#14084=AXIS2_PLACEMENT_3D('',#14081,#14082,#14083);
#14085=PLANE('',#14084);
#14086=ORIENTED_EDGE('',*,*,#13341,.T.);
#14088=ORIENTED_EDGE('',*,*,#14087,.F.);
#14090=ORIENTED_EDGE('',*,*,#14089,.F.);
#14092=ORIENTED_EDGE('',*,*,#14091,.F.);
#14093=ORIENTED_EDGE('',*,*,#14071,.F.);
#14094=EDGE_LOOP('',(#14086,#14088,#14090,#14092,#14093));
#14095=FACE_OUTER_BOUND('',#14094,.F.);
#14096=ADVANCED_FACE('',(#14095),#14085,.T.);
#14097=CARTESIAN_POINT('',(1.000000000003E1,3.555999015597E1,
-6.078790248942E-12));
#14098=DIRECTION('',(0.E0,1.E0,0.E0));
#14099=DIRECTION('',(-2.615226193210E-1,0.E0,-9.651973474806E-1));
#14100=AXIS2_PLACEMENT_3D('',#14097,#14098,#14099);
#14101=CYLINDRICAL_SURFACE('',#14100,2.879999999999E0);
#14102=ORIENTED_EDGE('',*,*,#13339,.F.);
#14104=ORIENTED_EDGE('',*,*,#14103,.T.);
#14106=ORIENTED_EDGE('',*,*,#14105,.F.);
#14107=ORIENTED_EDGE('',*,*,#14087,.T.);
#14108=EDGE_LOOP('',(#14102,#14104,#14106,#14107));
#14109=FACE_OUTER_BOUND('',#14108,.F.);
#14110=ADVANCED_FACE('',(#14109),#14101,.T.);
#14111=CARTESIAN_POINT('',(9.460526888024E0,3.565E1,2.678814795031E0));
#14112=DIRECTION('',(7.933533402912E-1,0.E0,-6.087614290087E-1));
#14113=DIRECTION('',(-6.087614290087E-1,0.E0,-7.933533402912E-1));
#14114=AXIS2_PLACEMENT_3D('',#14111,#14112,#14113);
#14115=PLANE('',#14114);
#14116=ORIENTED_EDGE('',*,*,#13337,.T.);
#14118=ORIENTED_EDGE('',*,*,#14117,.T.);
#14120=ORIENTED_EDGE('',*,*,#14119,.F.);
#14122=ORIENTED_EDGE('',*,*,#14121,.F.);
#14123=ORIENTED_EDGE('',*,*,#14103,.F.);
#14124=EDGE_LOOP('',(#14116,#14118,#14120,#14122,#14123));
#14125=FACE_OUTER_BOUND('',#14124,.F.);
#14126=ADVANCED_FACE('',(#14125),#14115,.F.);
#14127=CARTESIAN_POINT('',(9.127790022114E0,3.565E1,2.589658220518E0));
#14128=DIRECTION('',(3.826834323651E-1,0.E0,9.238795325113E-1));
#14129=DIRECTION('',(-9.238795325113E-1,0.E0,3.826834323651E-1));
#14130=AXIS2_PLACEMENT_3D('',#14127,#14128,#14129);
#14131=PLANE('',#14130);
#14132=ORIENTED_EDGE('',*,*,#13335,.T.);
#14134=ORIENTED_EDGE('',*,*,#14133,.F.);
#14136=ORIENTED_EDGE('',*,*,#14135,.F.);
#14138=ORIENTED_EDGE('',*,*,#14137,.F.);
#14139=ORIENTED_EDGE('',*,*,#14117,.F.);
#14140=EDGE_LOOP('',(#14132,#14134,#14136,#14138,#14139));
#14141=FACE_OUTER_BOUND('',#14140,.F.);
#14142=ADVANCED_FACE('',(#14141),#14131,.T.);
#14143=CARTESIAN_POINT('',(1.000000000003E1,3.555999015597E1,
-6.078790248942E-12));
#14144=DIRECTION('',(0.E0,1.E0,0.E0));
#14145=DIRECTION('',(-2.615226193210E-1,0.E0,-9.651973474806E-1));
#14146=AXIS2_PLACEMENT_3D('',#14143,#14144,#14145);
#14147=CYLINDRICAL_SURFACE('',#14146,2.879999999999E0);
#14148=ORIENTED_EDGE('',*,*,#13333,.F.);
#14150=ORIENTED_EDGE('',*,*,#14149,.T.);
#14152=ORIENTED_EDGE('',*,*,#14151,.F.);
#14153=ORIENTED_EDGE('',*,*,#14133,.T.);
#14154=EDGE_LOOP('',(#14148,#14150,#14152,#14153));
#14155=FACE_OUTER_BOUND('',#14154,.F.);
#14156=ADVANCED_FACE('',(#14155),#14147,.T.);
#14157=CARTESIAN_POINT('',(8.785580701298E0,3.565E1,2.447910478665E0));
#14158=DIRECTION('',(9.238795325113E-1,0.E0,-3.826834323651E-1));
#14159=DIRECTION('',(-3.826834323651E-1,0.E0,-9.238795325113E-1));
#14160=AXIS2_PLACEMENT_3D('',#14157,#14158,#14159);
#14161=PLANE('',#14160);
#14162=ORIENTED_EDGE('',*,*,#13331,.T.);
#14164=ORIENTED_EDGE('',*,*,#14163,.T.);
#14166=ORIENTED_EDGE('',*,*,#14165,.F.);
#14168=ORIENTED_EDGE('',*,*,#14167,.F.);
#14169=ORIENTED_EDGE('',*,*,#14149,.F.);
#14170=EDGE_LOOP('',(#14162,#14164,#14166,#14168,#14169));
#14171=FACE_OUTER_BOUND('',#14170,.F.);
#14172=ADVANCED_FACE('',(#14171),#14161,.F.);
#14173=CARTESIAN_POINT('',(8.487256988637E0,3.565E1,2.275673202855E0));
#14174=DIRECTION('',(1.305261922201E-1,0.E0,9.914448613738E-1));
#14175=DIRECTION('',(-9.914448613738E-1,0.E0,1.305261922201E-1));
#14176=AXIS2_PLACEMENT_3D('',#14173,#14174,#14175);
#14177=PLANE('',#14176);
#14178=ORIENTED_EDGE('',*,*,#13329,.T.);
#14180=ORIENTED_EDGE('',*,*,#14179,.F.);
#14182=ORIENTED_EDGE('',*,*,#14181,.F.);
#14184=ORIENTED_EDGE('',*,*,#14183,.F.);
#14185=ORIENTED_EDGE('',*,*,#14163,.F.);
#14186=EDGE_LOOP('',(#14178,#14180,#14182,#14184,#14185));
#14187=FACE_OUTER_BOUND('',#14186,.F.);
#14188=ADVANCED_FACE('',(#14187),#14177,.T.);
#14189=CARTESIAN_POINT('',(1.000000000003E1,3.555999015597E1,
-6.078790248942E-12));
#14190=DIRECTION('',(0.E0,1.E0,0.E0));
#14191=DIRECTION('',(-2.615226193210E-1,0.E0,-9.651973474806E-1));
#14192=AXIS2_PLACEMENT_3D('',#14189,#14190,#14191);
#14193=CYLINDRICAL_SURFACE('',#14192,2.879999999999E0);
#14194=ORIENTED_EDGE('',*,*,#13327,.F.);
#14196=ORIENTED_EDGE('',*,*,#14195,.T.);
#14198=ORIENTED_EDGE('',*,*,#14197,.F.);
#14199=ORIENTED_EDGE('',*,*,#14179,.T.);
#14200=EDGE_LOOP('',(#14194,#14196,#14198,#14199));
#14201=FACE_OUTER_BOUND('',#14200,.F.);
#14202=ADVANCED_FACE('',(#14201),#14193,.T.);
#14203=CARTESIAN_POINT('',(8.193395182855E0,3.565E1,2.050185108542E0));
#14204=DIRECTION('',(9.914448613738E-1,0.E0,-1.305261922201E-1));
#14205=DIRECTION('',(-1.305261922201E-1,0.E0,-9.914448613738E-1));
#14206=AXIS2_PLACEMENT_3D('',#14203,#14204,#14205);
#14207=PLANE('',#14206);
#14208=ORIENTED_EDGE('',*,*,#13325,.T.);
#14210=ORIENTED_EDGE('',*,*,#14209,.T.);
#14212=ORIENTED_EDGE('',*,*,#14211,.F.);
#14214=ORIENTED_EDGE('',*,*,#14213,.F.);
#14215=ORIENTED_EDGE('',*,*,#14195,.F.);
#14216=EDGE_LOOP('',(#14208,#14210,#14212,#14214,#14215));
#14217=FACE_OUTER_BOUND('',#14216,.F.);
#14218=ADVANCED_FACE('',(#14217),#14207,.F.);
#14219=CARTESIAN_POINT('',(7.949814891458E0,3.565E1,1.806604817145E0));
#14220=DIRECTION('',(-1.305261922201E-1,0.E0,9.914448613738E-1));
#14221=DIRECTION('',(-9.914448613738E-1,0.E0,-1.305261922201E-1));
#14222=AXIS2_PLACEMENT_3D('',#14219,#14220,#14221);
#14223=PLANE('',#14222);
#14224=ORIENTED_EDGE('',*,*,#13323,.T.);
#14226=ORIENTED_EDGE('',*,*,#14225,.F.);
#14228=ORIENTED_EDGE('',*,*,#14227,.F.);
#14230=ORIENTED_EDGE('',*,*,#14229,.F.);
#14231=ORIENTED_EDGE('',*,*,#14209,.F.);
#14232=EDGE_LOOP('',(#14224,#14226,#14228,#14230,#14231));
#14233=FACE_OUTER_BOUND('',#14232,.F.);
#14234=ADVANCED_FACE('',(#14233),#14223,.T.);
#14235=CARTESIAN_POINT('',(1.000000000003E1,3.555999015597E1,
-6.078790248942E-12));
#14236=DIRECTION('',(0.E0,1.E0,0.E0));
#14237=DIRECTION('',(-2.615226193210E-1,0.E0,-9.651973474806E-1));
#14238=AXIS2_PLACEMENT_3D('',#14235,#14236,#14237);
#14239=CYLINDRICAL_SURFACE('',#14238,2.879999999999E0);
#14240=ORIENTED_EDGE('',*,*,#13321,.F.);
#14242=ORIENTED_EDGE('',*,*,#14241,.T.);
#14244=ORIENTED_EDGE('',*,*,#14243,.F.);
#14245=ORIENTED_EDGE('',*,*,#14225,.T.);
#14246=EDGE_LOOP('',(#14240,#14242,#14244,#14245));
#14247=FACE_OUTER_BOUND('',#14246,.F.);
#14248=ADVANCED_FACE('',(#14247),#14239,.T.);
#14249=CARTESIAN_POINT('',(7.724326797145E0,3.565E1,1.512743011363E0));
#14250=DIRECTION('',(9.914448613738E-1,0.E0,1.305261922201E-1));
#14251=DIRECTION('',(1.305261922201E-1,0.E0,-9.914448613738E-1));
#14252=AXIS2_PLACEMENT_3D('',#14249,#14250,#14251);
#14253=PLANE('',#14252);
#14254=ORIENTED_EDGE('',*,*,#13319,.T.);
#14256=ORIENTED_EDGE('',*,*,#14255,.T.);
#14258=ORIENTED_EDGE('',*,*,#14257,.F.);
#14260=ORIENTED_EDGE('',*,*,#14259,.F.);
#14261=ORIENTED_EDGE('',*,*,#14241,.F.);
#14262=EDGE_LOOP('',(#14254,#14256,#14258,#14260,#14261));
#14263=FACE_OUTER_BOUND('',#14262,.F.);
#14264=ADVANCED_FACE('',(#14263),#14253,.F.);
#14265=CARTESIAN_POINT('',(7.552089521335E0,3.565E1,1.214419298702E0));
#14266=DIRECTION('',(-3.826834323651E-1,0.E0,9.238795325113E-1));
#14267=DIRECTION('',(-9.238795325113E-1,0.E0,-3.826834323651E-1));
#14268=AXIS2_PLACEMENT_3D('',#14265,#14266,#14267);
#14269=PLANE('',#14268);
#14270=ORIENTED_EDGE('',*,*,#13317,.T.);
#14272=ORIENTED_EDGE('',*,*,#14271,.F.);
#14274=ORIENTED_EDGE('',*,*,#14273,.F.);
#14276=ORIENTED_EDGE('',*,*,#14275,.F.);
#14277=ORIENTED_EDGE('',*,*,#14255,.F.);
#14278=EDGE_LOOP('',(#14270,#14272,#14274,#14276,#14277));
#14279=FACE_OUTER_BOUND('',#14278,.F.);
#14280=ADVANCED_FACE('',(#14279),#14269,.T.);
#14281=CARTESIAN_POINT('',(1.000000000003E1,3.555999015597E1,
-6.078790248942E-12));
#14282=DIRECTION('',(0.E0,1.E0,0.E0));
#14283=DIRECTION('',(-2.615226193210E-1,0.E0,-9.651973474806E-1));
#14284=AXIS2_PLACEMENT_3D('',#14281,#14282,#14283);
#14285=CYLINDRICAL_SURFACE('',#14284,2.879999999999E0);
#14286=ORIENTED_EDGE('',*,*,#13315,.F.);
#14288=ORIENTED_EDGE('',*,*,#14287,.T.);
#14290=ORIENTED_EDGE('',*,*,#14289,.F.);
#14291=ORIENTED_EDGE('',*,*,#14271,.T.);
#14292=EDGE_LOOP('',(#14286,#14288,#14290,#14291));
#14293=FACE_OUTER_BOUND('',#14292,.F.);
#14294=ADVANCED_FACE('',(#14293),#14285,.T.);
#14295=CARTESIAN_POINT('',(7.410341779482E0,3.565E1,8.722099778861E-1));
#14296=DIRECTION('',(9.238795325113E-1,0.E0,3.826834323651E-1));
#14297=DIRECTION('',(3.826834323651E-1,0.E0,-9.238795325113E-1));
#14298=AXIS2_PLACEMENT_3D('',#14295,#14296,#14297);
#14299=PLANE('',#14298);
#14300=ORIENTED_EDGE('',*,*,#13313,.T.);
#14302=ORIENTED_EDGE('',*,*,#14301,.T.);
#14304=ORIENTED_EDGE('',*,*,#14303,.F.);
#14306=ORIENTED_EDGE('',*,*,#14305,.F.);
#14307=ORIENTED_EDGE('',*,*,#14287,.F.);
#14308=EDGE_LOOP('',(#14300,#14302,#14304,#14306,#14307));
#14309=FACE_OUTER_BOUND('',#14308,.F.);
#14310=ADVANCED_FACE('',(#14309),#14299,.F.);
#14311=CARTESIAN_POINT('',(7.321185204970E0,3.565E1,5.394731119757E-1));
#14312=DIRECTION('',(-6.087614290087E-1,0.E0,7.933533402912E-1));
#14313=DIRECTION('',(-7.933533402912E-1,0.E0,-6.087614290087E-1));
#14314=AXIS2_PLACEMENT_3D('',#14311,#14312,#14313);
#14315=PLANE('',#14314);
#14316=ORIENTED_EDGE('',*,*,#13311,.T.);
#14318=ORIENTED_EDGE('',*,*,#14317,.F.);
#14320=ORIENTED_EDGE('',*,*,#14319,.F.);
#14322=ORIENTED_EDGE('',*,*,#14321,.F.);
#14323=ORIENTED_EDGE('',*,*,#14301,.F.);
#14324=EDGE_LOOP('',(#14316,#14318,#14320,#14322,#14323));
#14325=FACE_OUTER_BOUND('',#14324,.F.);
#14326=ADVANCED_FACE('',(#14325),#14315,.T.);
#14327=CARTESIAN_POINT('',(1.000000000003E1,3.555999015597E1,
-6.078790248942E-12));
#14328=DIRECTION('',(0.E0,1.E0,0.E0));
#14329=DIRECTION('',(-2.615226193210E-1,0.E0,-9.651973474806E-1));
#14330=AXIS2_PLACEMENT_3D('',#14327,#14328,#14329);
#14331=CYLINDRICAL_SURFACE('',#14330,2.879999999999E0);
#14332=ORIENTED_EDGE('',*,*,#13309,.F.);
#14334=ORIENTED_EDGE('',*,*,#14333,.T.);
#14336=ORIENTED_EDGE('',*,*,#14335,.F.);
#14337=ORIENTED_EDGE('',*,*,#14317,.T.);
#14338=EDGE_LOOP('',(#14332,#14334,#14336,#14337));
#14339=FACE_OUTER_BOUND('',#14338,.F.);
#14340=ADVANCED_FACE('',(#14339),#14331,.T.);
#14341=CARTESIAN_POINT('',(7.272837689935E0,3.565E1,1.722372758105E-1));
#14342=DIRECTION('',(7.933533402912E-1,0.E0,6.087614290087E-1));
#14343=DIRECTION('',(6.087614290087E-1,0.E0,-7.933533402912E-1));
#14344=AXIS2_PLACEMENT_3D('',#14341,#14342,#14343);
#14345=PLANE('',#14344);
#14346=ORIENTED_EDGE('',*,*,#13307,.T.);
#14348=ORIENTED_EDGE('',*,*,#14347,.T.);
#14350=ORIENTED_EDGE('',*,*,#14349,.F.);
#14352=ORIENTED_EDGE('',*,*,#14351,.F.);
#14353=ORIENTED_EDGE('',*,*,#14333,.F.);
#14354=EDGE_LOOP('',(#14346,#14348,#14350,#14352,#14353));
#14355=FACE_OUTER_BOUND('',#14354,.F.);
#14356=ADVANCED_FACE('',(#14355),#14345,.F.);
#14357=CARTESIAN_POINT('',(7.272837689934E0,3.565E1,-1.722372758104E-1));
#14358=DIRECTION('',(7.933533402912E-1,0.E0,-6.087614290087E-1));
#14359=DIRECTION('',(-6.087614290087E-1,0.E0,-7.933533402912E-1));
#14360=AXIS2_PLACEMENT_3D('',#14357,#14358,#14359);
#14361=PLANE('',#14360);
#14362=ORIENTED_EDGE('',*,*,#13305,.T.);
#14364=ORIENTED_EDGE('',*,*,#14363,.F.);
#14366=ORIENTED_EDGE('',*,*,#14365,.F.);
#14368=ORIENTED_EDGE('',*,*,#14367,.F.);
#14369=ORIENTED_EDGE('',*,*,#14347,.F.);
#14370=EDGE_LOOP('',(#14362,#14364,#14366,#14368,#14369));
#14371=FACE_OUTER_BOUND('',#14370,.F.);
#14372=ADVANCED_FACE('',(#14371),#14361,.F.);
#14373=CARTESIAN_POINT('',(1.000000000003E1,3.555999015597E1,
-6.078790248942E-12));
#14374=DIRECTION('',(0.E0,1.E0,0.E0));
#14375=DIRECTION('',(-2.615226193210E-1,0.E0,-9.651973474806E-1));
#14376=AXIS2_PLACEMENT_3D('',#14373,#14374,#14375);
#14377=CYLINDRICAL_SURFACE('',#14376,2.879999999999E0);
#14378=ORIENTED_EDGE('',*,*,#13303,.F.);
#14380=ORIENTED_EDGE('',*,*,#14379,.T.);
#14382=ORIENTED_EDGE('',*,*,#14381,.F.);
#14383=ORIENTED_EDGE('',*,*,#14363,.T.);
#14384=EDGE_LOOP('',(#14378,#14380,#14382,#14383));
#14385=FACE_OUTER_BOUND('',#14384,.F.);
#14386=ADVANCED_FACE('',(#14385),#14377,.T.);
#14387=CARTESIAN_POINT('',(7.321185204969E0,3.565E1,-5.394731119757E-1));
#14388=DIRECTION('',(6.087614290087E-1,0.E0,7.933533402912E-1));
#14389=DIRECTION('',(7.933533402912E-1,0.E0,-6.087614290087E-1));
#14390=AXIS2_PLACEMENT_3D('',#14387,#14388,#14389);
#14391=PLANE('',#14390);
#14392=ORIENTED_EDGE('',*,*,#13301,.T.);
#14394=ORIENTED_EDGE('',*,*,#14393,.T.);
#14396=ORIENTED_EDGE('',*,*,#14395,.F.);
#14398=ORIENTED_EDGE('',*,*,#14397,.F.);
#14399=ORIENTED_EDGE('',*,*,#14379,.F.);
#14400=EDGE_LOOP('',(#14392,#14394,#14396,#14398,#14399));
#14401=FACE_OUTER_BOUND('',#14400,.F.);
#14402=ADVANCED_FACE('',(#14401),#14391,.F.);
#14403=CARTESIAN_POINT('',(7.410341779482E0,3.565E1,-8.722099778857E-1));
#14404=DIRECTION('',(9.238795325113E-1,0.E0,-3.826834323651E-1));
#14405=DIRECTION('',(-3.826834323651E-1,0.E0,-9.238795325113E-1));
#14406=AXIS2_PLACEMENT_3D('',#14403,#14404,#14405);
#14407=PLANE('',#14406);
#14408=ORIENTED_EDGE('',*,*,#13299,.T.);
#14410=ORIENTED_EDGE('',*,*,#14409,.F.);
#14412=ORIENTED_EDGE('',*,*,#14411,.F.);
#14414=ORIENTED_EDGE('',*,*,#14413,.F.);
#14415=ORIENTED_EDGE('',*,*,#14393,.F.);
#14416=EDGE_LOOP('',(#14408,#14410,#14412,#14414,#14415));
#14417=FACE_OUTER_BOUND('',#14416,.F.);
#14418=ADVANCED_FACE('',(#14417),#14407,.F.);
#14419=CARTESIAN_POINT('',(1.000000000003E1,3.555999015597E1,
-6.078790248942E-12));
#14420=DIRECTION('',(0.E0,1.E0,0.E0));
#14421=DIRECTION('',(-2.615226193210E-1,0.E0,-9.651973474806E-1));
#14422=AXIS2_PLACEMENT_3D('',#14419,#14420,#14421);
#14423=CYLINDRICAL_SURFACE('',#14422,2.879999999999E0);
#14424=ORIENTED_EDGE('',*,*,#13297,.F.);
#14426=ORIENTED_EDGE('',*,*,#14425,.T.);
#14428=ORIENTED_EDGE('',*,*,#14427,.F.);
#14429=ORIENTED_EDGE('',*,*,#14409,.T.);
#14430=EDGE_LOOP('',(#14424,#14426,#14428,#14429));
#14431=FACE_OUTER_BOUND('',#14430,.F.);
#14432=ADVANCED_FACE('',(#14431),#14423,.T.);
#14433=CARTESIAN_POINT('',(7.552089521335E0,3.565E1,-1.214419298702E0));
#14434=DIRECTION('',(3.826834323651E-1,0.E0,9.238795325113E-1));
#14435=DIRECTION('',(9.238795325113E-1,0.E0,-3.826834323651E-1));
#14436=AXIS2_PLACEMENT_3D('',#14433,#14434,#14435);
#14437=PLANE('',#14436);
#14438=ORIENTED_EDGE('',*,*,#13295,.T.);
#14440=ORIENTED_EDGE('',*,*,#14439,.T.);
#14442=ORIENTED_EDGE('',*,*,#14441,.F.);
#14444=ORIENTED_EDGE('',*,*,#14443,.F.);
#14445=ORIENTED_EDGE('',*,*,#14425,.F.);
#14446=EDGE_LOOP('',(#14438,#14440,#14442,#14444,#14445));
#14447=FACE_OUTER_BOUND('',#14446,.F.);
#14448=ADVANCED_FACE('',(#14447),#14437,.F.);
#14449=CARTESIAN_POINT('',(7.724326797145E0,3.565E1,-1.512743011363E0));
#14450=DIRECTION('',(9.914448613738E-1,0.E0,-1.305261922201E-1));
#14451=DIRECTION('',(-1.305261922201E-1,0.E0,-9.914448613738E-1));
#14452=AXIS2_PLACEMENT_3D('',#14449,#14450,#14451);
#14453=PLANE('',#14452);
#14454=ORIENTED_EDGE('',*,*,#13293,.T.);
#14456=ORIENTED_EDGE('',*,*,#14455,.F.);
#14458=ORIENTED_EDGE('',*,*,#14457,.F.);
#14460=ORIENTED_EDGE('',*,*,#14459,.F.);
#14461=ORIENTED_EDGE('',*,*,#14439,.F.);
#14462=EDGE_LOOP('',(#14454,#14456,#14458,#14460,#14461));
#14463=FACE_OUTER_BOUND('',#14462,.F.);
#14464=ADVANCED_FACE('',(#14463),#14453,.F.);
#14465=CARTESIAN_POINT('',(1.000000000003E1,3.555999015597E1,
-6.078790248942E-12));
#14466=DIRECTION('',(0.E0,1.E0,0.E0));
#14467=DIRECTION('',(-2.615226193210E-1,0.E0,-9.651973474806E-1));
#14468=AXIS2_PLACEMENT_3D('',#14465,#14466,#14467);
#14469=CYLINDRICAL_SURFACE('',#14468,2.879999999999E0);
#14470=ORIENTED_EDGE('',*,*,#13291,.F.);
#14472=ORIENTED_EDGE('',*,*,#14471,.T.);
#14474=ORIENTED_EDGE('',*,*,#14473,.F.);
#14475=ORIENTED_EDGE('',*,*,#14455,.T.);
#14476=EDGE_LOOP('',(#14470,#14472,#14474,#14475));
#14477=FACE_OUTER_BOUND('',#14476,.F.);
#14478=ADVANCED_FACE('',(#14477),#14469,.T.);
#14479=CARTESIAN_POINT('',(7.949814891458E0,3.565E1,-1.806604817145E0));
#14480=DIRECTION('',(1.305261922201E-1,0.E0,9.914448613738E-1));
#14481=DIRECTION('',(9.914448613738E-1,0.E0,-1.305261922201E-1));
#14482=AXIS2_PLACEMENT_3D('',#14479,#14480,#14481);
#14483=PLANE('',#14482);
#14484=ORIENTED_EDGE('',*,*,#13289,.T.);
#14486=ORIENTED_EDGE('',*,*,#14485,.T.);
#14488=ORIENTED_EDGE('',*,*,#14487,.F.);
#14490=ORIENTED_EDGE('',*,*,#14489,.F.);
#14491=ORIENTED_EDGE('',*,*,#14471,.F.);
#14492=EDGE_LOOP('',(#14484,#14486,#14488,#14490,#14491));
#14493=FACE_OUTER_BOUND('',#14492,.F.);
#14494=ADVANCED_FACE('',(#14493),#14483,.F.);
#14495=CARTESIAN_POINT('',(8.193395182855E0,3.565E1,-2.050185108542E0));
#14496=DIRECTION('',(9.914448613738E-1,0.E0,1.305261922201E-1));
#14497=DIRECTION('',(1.305261922201E-1,0.E0,-9.914448613738E-1));
#14498=AXIS2_PLACEMENT_3D('',#14495,#14496,#14497);
#14499=PLANE('',#14498);
#14500=ORIENTED_EDGE('',*,*,#13287,.T.);
#14502=ORIENTED_EDGE('',*,*,#14501,.F.);
#14504=ORIENTED_EDGE('',*,*,#14503,.F.);
#14506=ORIENTED_EDGE('',*,*,#14505,.F.);
#14507=ORIENTED_EDGE('',*,*,#14485,.F.);
#14508=EDGE_LOOP('',(#14500,#14502,#14504,#14506,#14507));
#14509=FACE_OUTER_BOUND('',#14508,.F.);
#14510=ADVANCED_FACE('',(#14509),#14499,.F.);
#14511=CARTESIAN_POINT('',(1.000000000003E1,3.555999015597E1,
-6.078790248942E-12));
#14512=DIRECTION('',(0.E0,1.E0,0.E0));
#14513=DIRECTION('',(-2.615226193210E-1,0.E0,-9.651973474806E-1));
#14514=AXIS2_PLACEMENT_3D('',#14511,#14512,#14513);
#14515=CYLINDRICAL_SURFACE('',#14514,2.879999999999E0);
#14516=ORIENTED_EDGE('',*,*,#13285,.F.);
#14518=ORIENTED_EDGE('',*,*,#14517,.T.);
#14520=ORIENTED_EDGE('',*,*,#14519,.F.);
#14521=ORIENTED_EDGE('',*,*,#14501,.T.);
#14522=EDGE_LOOP('',(#14516,#14518,#14520,#14521));
#14523=FACE_OUTER_BOUND('',#14522,.F.);
#14524=ADVANCED_FACE('',(#14523),#14515,.T.);
#14525=CARTESIAN_POINT('',(8.487256988637E0,3.565E1,-2.275673202855E0));
#14526=DIRECTION('',(-1.305261922201E-1,0.E0,9.914448613738E-1));
#14527=DIRECTION('',(9.914448613738E-1,0.E0,1.305261922201E-1));
#14528=AXIS2_PLACEMENT_3D('',#14525,#14526,#14527);
#14529=PLANE('',#14528);
#14530=ORIENTED_EDGE('',*,*,#13283,.T.);
#14532=ORIENTED_EDGE('',*,*,#14531,.T.);
#14534=ORIENTED_EDGE('',*,*,#14533,.F.);
#14536=ORIENTED_EDGE('',*,*,#14535,.F.);
#14537=ORIENTED_EDGE('',*,*,#14517,.F.);
#14538=EDGE_LOOP('',(#14530,#14532,#14534,#14536,#14537));
#14539=FACE_OUTER_BOUND('',#14538,.F.);
#14540=ADVANCED_FACE('',(#14539),#14529,.F.);
#14541=CARTESIAN_POINT('',(8.785580701298E0,3.565E1,-2.447910478665E0));
#14542=DIRECTION('',(9.238795325113E-1,0.E0,3.826834323651E-1));
#14543=DIRECTION('',(3.826834323651E-1,0.E0,-9.238795325113E-1));
#14544=AXIS2_PLACEMENT_3D('',#14541,#14542,#14543);
#14545=PLANE('',#14544);
#14546=ORIENTED_EDGE('',*,*,#13281,.T.);
#14547=ORIENTED_EDGE('',*,*,#13462,.F.);
#14549=ORIENTED_EDGE('',*,*,#14548,.T.);
#14551=ORIENTED_EDGE('',*,*,#14550,.F.);
#14552=ORIENTED_EDGE('',*,*,#14531,.F.);
#14553=EDGE_LOOP('',(#14546,#14547,#14549,#14551,#14552));
#14554=FACE_OUTER_BOUND('',#14553,.F.);
#14555=ADVANCED_FACE('',(#14554),#14545,.F.);
#14556=CARTESIAN_POINT('',(9.999999999994E0,3.730999410408E1,
1.682228029322E-12));
#14557=DIRECTION('',(-2.539910582940E-12,-1.E0,6.874863052188E-13));
#14558=DIRECTION('',(-2.561134417506E-1,-1.405114926539E-14,
-9.666467322423E-1));
#14559=AXIS2_PLACEMENT_3D('',#14556,#14557,#14558);
#14560=CONICAL_SURFACE('',#14559,2.789986823199E0,4.499980415990E1);
#14561=ORIENTED_EDGE('',*,*,#14548,.F.);
#14562=ORIENTED_EDGE('',*,*,#13460,.T.);
#14563=ORIENTED_EDGE('',*,*,#13477,.T.);
#14565=ORIENTED_EDGE('',*,*,#14564,.F.);
#14566=EDGE_LOOP('',(#14561,#14562,#14563,#14565));
#14567=FACE_OUTER_BOUND('',#14566,.F.);
#14568=ADVANCED_FACE('',(#14567),#14560,.T.);
#14569=CARTESIAN_POINT('',(9.999999999999E0,3.74E1,0.E0));
#14570=DIRECTION('',(0.E0,1.E0,0.E0));
#14571=DIRECTION('',(-1.E0,0.E0,0.E0));
#14572=AXIS2_PLACEMENT_3D('',#14569,#14570,#14571);
#14573=PLANE('',#14572);
#14574=ORIENTED_EDGE('',*,*,#13521,.T.);
#14575=ORIENTED_EDGE('',*,*,#13539,.T.);
#14577=ORIENTED_EDGE('',*,*,#14576,.T.);
#14578=ORIENTED_EDGE('',*,*,#13567,.T.);
#14579=ORIENTED_EDGE('',*,*,#13585,.T.);
#14581=ORIENTED_EDGE('',*,*,#14580,.T.);
#14582=ORIENTED_EDGE('',*,*,#13613,.T.);
#14583=ORIENTED_EDGE('',*,*,#13631,.T.);
#14585=ORIENTED_EDGE('',*,*,#14584,.T.);
#14586=ORIENTED_EDGE('',*,*,#13659,.T.);
#14587=ORIENTED_EDGE('',*,*,#13677,.T.);
#14589=ORIENTED_EDGE('',*,*,#14588,.T.);
#14590=ORIENTED_EDGE('',*,*,#13705,.T.);
#14591=ORIENTED_EDGE('',*,*,#13723,.T.);
#14593=ORIENTED_EDGE('',*,*,#14592,.T.);
#14594=ORIENTED_EDGE('',*,*,#13751,.T.);
#14595=ORIENTED_EDGE('',*,*,#13769,.T.);
#14597=ORIENTED_EDGE('',*,*,#14596,.T.);
#14598=ORIENTED_EDGE('',*,*,#13797,.T.);
#14599=ORIENTED_EDGE('',*,*,#13815,.T.);
#14601=ORIENTED_EDGE('',*,*,#14600,.T.);
#14602=ORIENTED_EDGE('',*,*,#13843,.T.);
#14603=ORIENTED_EDGE('',*,*,#13861,.T.);
#14605=ORIENTED_EDGE('',*,*,#14604,.T.);
#14606=ORIENTED_EDGE('',*,*,#13889,.T.);
#14607=ORIENTED_EDGE('',*,*,#13907,.T.);
#14609=ORIENTED_EDGE('',*,*,#14608,.T.);
#14610=ORIENTED_EDGE('',*,*,#13935,.T.);
#14611=ORIENTED_EDGE('',*,*,#13953,.T.);
#14613=ORIENTED_EDGE('',*,*,#14612,.T.);
#14614=ORIENTED_EDGE('',*,*,#13981,.T.);
#14615=ORIENTED_EDGE('',*,*,#13999,.T.);
#14617=ORIENTED_EDGE('',*,*,#14616,.T.);
#14618=ORIENTED_EDGE('',*,*,#14027,.T.);
#14619=ORIENTED_EDGE('',*,*,#14045,.T.);
#14621=ORIENTED_EDGE('',*,*,#14620,.T.);
#14622=ORIENTED_EDGE('',*,*,#14073,.T.);
#14623=ORIENTED_EDGE('',*,*,#14091,.T.);
#14625=ORIENTED_EDGE('',*,*,#14624,.T.);
#14626=ORIENTED_EDGE('',*,*,#14119,.T.);
#14627=ORIENTED_EDGE('',*,*,#14137,.T.);
#14629=ORIENTED_EDGE('',*,*,#14628,.T.);
#14630=ORIENTED_EDGE('',*,*,#14165,.T.);
#14631=ORIENTED_EDGE('',*,*,#14183,.T.);
#14633=ORIENTED_EDGE('',*,*,#14632,.T.);
#14634=ORIENTED_EDGE('',*,*,#14211,.T.);
#14635=ORIENTED_EDGE('',*,*,#14229,.T.);
#14637=ORIENTED_EDGE('',*,*,#14636,.T.);
#14638=ORIENTED_EDGE('',*,*,#14257,.T.);
#14639=ORIENTED_EDGE('',*,*,#14275,.T.);
#14641=ORIENTED_EDGE('',*,*,#14640,.T.);
#14642=ORIENTED_EDGE('',*,*,#14303,.T.);
#14643=ORIENTED_EDGE('',*,*,#14321,.T.);
#14645=ORIENTED_EDGE('',*,*,#14644,.T.);
#14646=ORIENTED_EDGE('',*,*,#14349,.T.);
#14647=ORIENTED_EDGE('',*,*,#14367,.T.);
#14649=ORIENTED_EDGE('',*,*,#14648,.T.);
#14650=ORIENTED_EDGE('',*,*,#14395,.T.);
#14651=ORIENTED_EDGE('',*,*,#14413,.T.);
#14653=ORIENTED_EDGE('',*,*,#14652,.T.);
#14654=ORIENTED_EDGE('',*,*,#14441,.T.);
#14655=ORIENTED_EDGE('',*,*,#14459,.T.);
#14657=ORIENTED_EDGE('',*,*,#14656,.T.);
#14658=ORIENTED_EDGE('',*,*,#14487,.T.);
#14659=ORIENTED_EDGE('',*,*,#14505,.T.);
#14661=ORIENTED_EDGE('',*,*,#14660,.T.);
#14662=ORIENTED_EDGE('',*,*,#14533,.T.);
#14663=ORIENTED_EDGE('',*,*,#14550,.T.);
#14664=ORIENTED_EDGE('',*,*,#14564,.T.);
#14665=ORIENTED_EDGE('',*,*,#13475,.T.);
#14666=ORIENTED_EDGE('',*,*,#13493,.T.);
#14668=ORIENTED_EDGE('',*,*,#14667,.T.);
#14669=EDGE_LOOP('',(#14574,#14575,#14577,#14578,#14579,#14581,#14582,#14583,
#14585,#14586,#14587,#14589,#14590,#14591,#14593,#14594,#14595,#14597,#14598,
#14599,#14601,#14602,#14603,#14605,#14606,#14607,#14609,#14610,#14611,#14613,
#14614,#14615,#14617,#14618,#14619,#14621,#14622,#14623,#14625,#14626,#14627,
#14629,#14630,#14631,#14633,#14634,#14635,#14637,#14638,#14639,#14641,#14642,
#14643,#14645,#14646,#14647,#14649,#14650,#14651,#14653,#14654,#14655,#14657,
#14658,#14659,#14661,#14662,#14663,#14664,#14665,#14666,#14668));
#14670=FACE_OUTER_BOUND('',#14669,.F.);
#14672=ORIENTED_EDGE('',*,*,#14671,.T.);
#14674=ORIENTED_EDGE('',*,*,#14673,.T.);
#14675=EDGE_LOOP('',(#14672,#14674));
#14676=FACE_BOUND('',#14675,.F.);
#14677=ADVANCED_FACE('',(#14670,#14676),#14573,.T.);
#14678=CARTESIAN_POINT('',(9.999999999994E0,3.730999269309E1,
1.682228999355E-12));
#14679=DIRECTION('',(-2.539910582940E-12,-1.E0,6.874863052188E-13));
#14680=DIRECTION('',(-2.561134417506E-1,-1.405114926539E-14,
-9.666467322423E-1));
#14681=AXIS2_PLACEMENT_3D('',#14678,#14679,#14680);
#14682=CONICAL_SURFACE('',#14681,2.789988234174E0,4.499980415990E1);
#14683=ORIENTED_EDGE('',*,*,#13537,.T.);
#14684=ORIENTED_EDGE('',*,*,#13553,.T.);
#14685=ORIENTED_EDGE('',*,*,#13569,.T.);
#14686=ORIENTED_EDGE('',*,*,#14576,.F.);
#14687=EDGE_LOOP('',(#14683,#14684,#14685,#14686));
#14688=FACE_OUTER_BOUND('',#14687,.F.);
#14689=ADVANCED_FACE('',(#14688),#14682,.T.);
#14690=CARTESIAN_POINT('',(9.999999999994E0,3.730999378582E1,
1.682228248120E-12));
#14691=DIRECTION('',(-2.539910582940E-12,-1.E0,6.874863052188E-13));
#14692=DIRECTION('',(-2.561134417506E-1,-1.405114926539E-14,
-9.666467322423E-1));
#14693=AXIS2_PLACEMENT_3D('',#14690,#14691,#14692);
#14694=CONICAL_SURFACE('',#14693,2.789987141455E0,4.499980415990E1);
#14695=ORIENTED_EDGE('',*,*,#13583,.T.);
#14696=ORIENTED_EDGE('',*,*,#13599,.T.);
#14697=ORIENTED_EDGE('',*,*,#13615,.T.);
#14698=ORIENTED_EDGE('',*,*,#14580,.F.);
#14699=EDGE_LOOP('',(#14695,#14696,#14697,#14698));
#14700=FACE_OUTER_BOUND('',#14699,.F.);
#14701=ADVANCED_FACE('',(#14700),#14694,.T.);
#14702=CARTESIAN_POINT('',(9.999999999994E0,3.730999408657E1,
1.682228041360E-12));
#14703=DIRECTION('',(-2.539910582940E-12,-1.E0,6.874863052188E-13));
#14704=DIRECTION('',(-2.561134417506E-1,-1.405114926539E-14,
-9.666467322423E-1));
#14705=AXIS2_PLACEMENT_3D('',#14702,#14703,#14704);
#14706=CONICAL_SURFACE('',#14705,2.789986840709E0,4.499980415990E1);
#14707=ORIENTED_EDGE('',*,*,#13629,.T.);
#14708=ORIENTED_EDGE('',*,*,#13645,.T.);
#14709=ORIENTED_EDGE('',*,*,#13661,.T.);
#14710=ORIENTED_EDGE('',*,*,#14584,.F.);
#14711=EDGE_LOOP('',(#14707,#14708,#14709,#14710));
#14712=FACE_OUTER_BOUND('',#14711,.F.);
#14713=ADVANCED_FACE('',(#14712),#14706,.T.);
#14714=CARTESIAN_POINT('',(9.999999999994E0,3.730999266964E1,
1.682229015480E-12));
#14715=DIRECTION('',(-2.539910582940E-12,-1.E0,6.874863052188E-13));
#14716=DIRECTION('',(-2.561134417506E-1,-1.405114926539E-14,
-9.666467322423E-1));
#14717=AXIS2_PLACEMENT_3D('',#14714,#14715,#14716);
#14718=CONICAL_SURFACE('',#14717,2.789988257630E0,4.499980415990E1);
#14719=ORIENTED_EDGE('',*,*,#13675,.T.);
#14720=ORIENTED_EDGE('',*,*,#13691,.T.);
#14721=ORIENTED_EDGE('',*,*,#13707,.T.);
#14722=ORIENTED_EDGE('',*,*,#14588,.F.);
#14723=EDGE_LOOP('',(#14719,#14720,#14721,#14722));
#14724=FACE_OUTER_BOUND('',#14723,.F.);
#14725=ADVANCED_FACE('',(#14724),#14718,.T.);
#14726=CARTESIAN_POINT('',(9.999999999994E0,3.730999383378E1,
1.682228215152E-12));
#14727=DIRECTION('',(-2.539910582940E-12,-1.E0,6.874863052188E-13));
#14728=DIRECTION('',(-2.561134417506E-1,-1.405114926539E-14,
-9.666467322423E-1));
#14729=AXIS2_PLACEMENT_3D('',#14726,#14727,#14728);
#14730=CONICAL_SURFACE('',#14729,2.789987093501E0,4.499980415990E1);
#14731=ORIENTED_EDGE('',*,*,#13721,.T.);
#14732=ORIENTED_EDGE('',*,*,#13737,.T.);
#14733=ORIENTED_EDGE('',*,*,#13753,.T.);
#14734=ORIENTED_EDGE('',*,*,#14592,.F.);
#14735=EDGE_LOOP('',(#14731,#14732,#14733,#14734));
#14736=FACE_OUTER_BOUND('',#14735,.F.);
#14737=ADVANCED_FACE('',(#14736),#14730,.T.);
#14738=CARTESIAN_POINT('',(9.999999999994E0,3.730999403787E1,
1.682228074839E-12));
#14739=DIRECTION('',(-2.539910582940E-12,-1.E0,6.874863052188E-13));
#14740=DIRECTION('',(-2.561134417506E-1,-1.405114926539E-14,
-9.666467322423E-1));
#14741=AXIS2_PLACEMENT_3D('',#14738,#14739,#14740);
#14742=CONICAL_SURFACE('',#14741,2.789986889407E0,4.499980415990E1);
#14743=ORIENTED_EDGE('',*,*,#13767,.T.);
#14744=ORIENTED_EDGE('',*,*,#13783,.T.);
#14745=ORIENTED_EDGE('',*,*,#13799,.T.);
#14746=ORIENTED_EDGE('',*,*,#14596,.F.);
#14747=EDGE_LOOP('',(#14743,#14744,#14745,#14746));
#14748=FACE_OUTER_BOUND('',#14747,.F.);
#14749=ADVANCED_FACE('',(#14748),#14742,.T.);
#14750=CARTESIAN_POINT('',(9.999999999994E0,3.730999265765E1,
1.682229023722E-12));
#14751=DIRECTION('',(-2.539910582940E-12,-1.E0,6.874863052188E-13));
#14752=DIRECTION('',(-2.561134417506E-1,-1.405114926539E-14,
-9.666467322423E-1));
#14753=AXIS2_PLACEMENT_3D('',#14750,#14751,#14752);
#14754=CONICAL_SURFACE('',#14753,2.789988269619E0,4.499980415990E1);
#14755=ORIENTED_EDGE('',*,*,#13813,.T.);
#14756=ORIENTED_EDGE('',*,*,#13829,.T.);
#14757=ORIENTED_EDGE('',*,*,#13845,.T.);
#14758=ORIENTED_EDGE('',*,*,#14600,.F.);
#14759=EDGE_LOOP('',(#14755,#14756,#14757,#14758));
#14760=FACE_OUTER_BOUND('',#14759,.F.);
#14761=ADVANCED_FACE('',(#14760),#14754,.T.);
#14762=CARTESIAN_POINT('',(9.999999999994E0,3.730999388553E1,
1.682228179574E-12));
#14763=DIRECTION('',(-2.539910582940E-12,-1.E0,6.874863052188E-13));
#14764=DIRECTION('',(-2.561134417506E-1,-1.405114926539E-14,
-9.666467322423E-1));
#14765=AXIS2_PLACEMENT_3D('',#14762,#14763,#14764);
#14766=CONICAL_SURFACE('',#14765,2.789987041751E0,4.499980415990E1);
#14767=ORIENTED_EDGE('',*,*,#13859,.T.);
#14768=ORIENTED_EDGE('',*,*,#13875,.T.);
#14769=ORIENTED_EDGE('',*,*,#13891,.T.);
#14770=ORIENTED_EDGE('',*,*,#14604,.F.);
#14771=EDGE_LOOP('',(#14767,#14768,#14769,#14770));
#14772=FACE_OUTER_BOUND('',#14771,.F.);
#14773=ADVANCED_FACE('',(#14772),#14766,.T.);
#14774=CARTESIAN_POINT('',(9.999999999994E0,3.730999398762E1,
1.682228109387E-12));
#14775=DIRECTION('',(-2.539910582940E-12,-1.E0,6.874863052188E-13));
#14776=DIRECTION('',(-2.561134417506E-1,-1.405114926539E-14,
-9.666467322423E-1));
#14777=AXIS2_PLACEMENT_3D('',#14774,#14775,#14776);
#14778=CONICAL_SURFACE('',#14777,2.789986939660E0,4.499980415990E1);
#14779=ORIENTED_EDGE('',*,*,#13905,.T.);
#14780=ORIENTED_EDGE('',*,*,#13921,.T.);
#14781=ORIENTED_EDGE('',*,*,#13937,.T.);
#14782=ORIENTED_EDGE('',*,*,#14608,.F.);
#14783=EDGE_LOOP('',(#14779,#14780,#14781,#14782));
#14784=FACE_OUTER_BOUND('',#14783,.F.);
#14785=ADVANCED_FACE('',(#14784),#14778,.T.);
#14786=CARTESIAN_POINT('',(9.999999999994E0,3.730999264486E1,
1.682229032512E-12));
#14787=DIRECTION('',(-2.539910582940E-12,-1.E0,6.874863052188E-13));
#14788=DIRECTION('',(-2.561134417506E-1,-1.405114926539E-14,
-9.666467322423E-1));
#14789=AXIS2_PLACEMENT_3D('',#14786,#14787,#14788);
#14790=CONICAL_SURFACE('',#14789,2.789988282403E0,4.499980415990E1);
#14791=ORIENTED_EDGE('',*,*,#13951,.T.);
#14792=ORIENTED_EDGE('',*,*,#13967,.T.);
#14793=ORIENTED_EDGE('',*,*,#13983,.T.);
#14794=ORIENTED_EDGE('',*,*,#14612,.F.);
#14795=EDGE_LOOP('',(#14791,#14792,#14793,#14794));
#14796=FACE_OUTER_BOUND('',#14795,.F.);
#14797=ADVANCED_FACE('',(#14796),#14790,.T.);
#14798=CARTESIAN_POINT('',(9.999999999994E0,3.730999393683E1,
1.682228144306E-12));
#14799=DIRECTION('',(-2.539910582940E-12,-1.E0,6.874863052188E-13));
#14800=DIRECTION('',(-2.561134417506E-1,-1.405114926539E-14,
-9.666467322423E-1));
#14801=AXIS2_PLACEMENT_3D('',#14798,#14799,#14800);
#14802=CONICAL_SURFACE('',#14801,2.789986990451E0,4.499980415990E1);
#14803=ORIENTED_EDGE('',*,*,#13997,.T.);
#14804=ORIENTED_EDGE('',*,*,#14013,.T.);
#14805=ORIENTED_EDGE('',*,*,#14029,.T.);
#14806=ORIENTED_EDGE('',*,*,#14616,.F.);
#14807=EDGE_LOOP('',(#14803,#14804,#14805,#14806));
#14808=FACE_OUTER_BOUND('',#14807,.F.);
#14809=ADVANCED_FACE('',(#14808),#14802,.T.);
#14810=CARTESIAN_POINT('',(9.999999999994E0,3.730999393682E1,
1.682228144308E-12));
#14811=DIRECTION('',(-2.539910582940E-12,-1.E0,6.874863052188E-13));
#14812=DIRECTION('',(-2.561134417506E-1,-1.405114926539E-14,
-9.666467322423E-1));
#14813=AXIS2_PLACEMENT_3D('',#14810,#14811,#14812);
#14814=CONICAL_SURFACE('',#14813,2.789986990454E0,4.499980415990E1);
#14815=ORIENTED_EDGE('',*,*,#14043,.T.);
#14816=ORIENTED_EDGE('',*,*,#14059,.T.);
#14817=ORIENTED_EDGE('',*,*,#14075,.T.);
#14818=ORIENTED_EDGE('',*,*,#14620,.F.);
#14819=EDGE_LOOP('',(#14815,#14816,#14817,#14818));
#14820=FACE_OUTER_BOUND('',#14819,.F.);
#14821=ADVANCED_FACE('',(#14820),#14814,.T.);
#14822=CARTESIAN_POINT('',(9.999999999994E0,3.730999264486E1,
1.682229032512E-12));
#14823=DIRECTION('',(-2.539910582940E-12,-1.E0,6.874863052188E-13));
#14824=DIRECTION('',(-2.561134417506E-1,-1.405114926539E-14,
-9.666467322423E-1));
#14825=AXIS2_PLACEMENT_3D('',#14822,#14823,#14824);
#14826=CONICAL_SURFACE('',#14825,2.789988282404E0,4.499980415990E1);
#14827=ORIENTED_EDGE('',*,*,#14089,.T.);
#14828=ORIENTED_EDGE('',*,*,#14105,.T.);
#14829=ORIENTED_EDGE('',*,*,#14121,.T.);
#14830=ORIENTED_EDGE('',*,*,#14624,.F.);
#14831=EDGE_LOOP('',(#14827,#14828,#14829,#14830));
#14832=FACE_OUTER_BOUND('',#14831,.F.);
#14833=ADVANCED_FACE('',(#14832),#14826,.T.);
#14834=CARTESIAN_POINT('',(9.999999999994E0,3.730999398762E1,
1.682228109387E-12));
#14835=DIRECTION('',(-2.539910582940E-12,-1.E0,6.874863052188E-13));
#14836=DIRECTION('',(-2.561134417506E-1,-1.405114926539E-14,
-9.666467322423E-1));
#14837=AXIS2_PLACEMENT_3D('',#14834,#14835,#14836);
#14838=CONICAL_SURFACE('',#14837,2.789986939659E0,4.499980415990E1);
#14839=ORIENTED_EDGE('',*,*,#14135,.T.);
#14840=ORIENTED_EDGE('',*,*,#14151,.T.);
#14841=ORIENTED_EDGE('',*,*,#14167,.T.);
#14842=ORIENTED_EDGE('',*,*,#14628,.F.);
#14843=EDGE_LOOP('',(#14839,#14840,#14841,#14842));
#14844=FACE_OUTER_BOUND('',#14843,.F.);
#14845=ADVANCED_FACE('',(#14844),#14838,.T.);
#14846=CARTESIAN_POINT('',(9.999999999994E0,3.730999388552E1,
1.682228179577E-12));
#14847=DIRECTION('',(-2.539910582940E-12,-1.E0,6.874863052188E-13));
#14848=DIRECTION('',(-2.561134417506E-1,-1.405114926539E-14,
-9.666467322423E-1));
#14849=AXIS2_PLACEMENT_3D('',#14846,#14847,#14848);
#14850=CONICAL_SURFACE('',#14849,2.789987041755E0,4.499980415990E1);
#14851=ORIENTED_EDGE('',*,*,#14181,.T.);
#14852=ORIENTED_EDGE('',*,*,#14197,.T.);
#14853=ORIENTED_EDGE('',*,*,#14213,.T.);
#14854=ORIENTED_EDGE('',*,*,#14632,.F.);
#14855=EDGE_LOOP('',(#14851,#14852,#14853,#14854));
#14856=FACE_OUTER_BOUND('',#14855,.F.);
#14857=ADVANCED_FACE('',(#14856),#14850,.T.);
#14858=CARTESIAN_POINT('',(9.999999999994E0,3.730999265765E1,
1.682229023722E-12));
#14859=DIRECTION('',(-2.539910582940E-12,-1.E0,6.874863052188E-13));
#14860=DIRECTION('',(-2.561134417506E-1,-1.405114926539E-14,
-9.666467322423E-1));
#14861=AXIS2_PLACEMENT_3D('',#14858,#14859,#14860);
#14862=CONICAL_SURFACE('',#14861,2.789988269618E0,4.499980415990E1);
#14863=ORIENTED_EDGE('',*,*,#14227,.T.);
#14864=ORIENTED_EDGE('',*,*,#14243,.T.);
#14865=ORIENTED_EDGE('',*,*,#14259,.T.);
#14866=ORIENTED_EDGE('',*,*,#14636,.F.);
#14867=EDGE_LOOP('',(#14863,#14864,#14865,#14866));
#14868=FACE_OUTER_BOUND('',#14867,.F.);
#14869=ADVANCED_FACE('',(#14868),#14862,.T.);
#14870=CARTESIAN_POINT('',(9.999999999994E0,3.730999403787E1,
1.682228074839E-12));
#14871=DIRECTION('',(-2.539910582940E-12,-1.E0,6.874863052188E-13));
#14872=DIRECTION('',(-2.561134417506E-1,-1.405114926539E-14,
-9.666467322423E-1));
#14873=AXIS2_PLACEMENT_3D('',#14870,#14871,#14872);
#14874=CONICAL_SURFACE('',#14873,2.789986889406E0,4.499980415990E1);
#14875=ORIENTED_EDGE('',*,*,#14273,.T.);
#14876=ORIENTED_EDGE('',*,*,#14289,.T.);
#14877=ORIENTED_EDGE('',*,*,#14305,.T.);
#14878=ORIENTED_EDGE('',*,*,#14640,.F.);
#14879=EDGE_LOOP('',(#14875,#14876,#14877,#14878));
#14880=FACE_OUTER_BOUND('',#14879,.F.);
#14881=ADVANCED_FACE('',(#14880),#14874,.T.);
#14882=CARTESIAN_POINT('',(9.999999999994E0,3.730999383377E1,
1.682228215154E-12));
#14883=DIRECTION('',(-2.539910582940E-12,-1.E0,6.874863052188E-13));
#14884=DIRECTION('',(-2.561134417506E-1,-1.405114926539E-14,
-9.666467322423E-1));
#14885=AXIS2_PLACEMENT_3D('',#14882,#14883,#14884);
#14886=CONICAL_SURFACE('',#14885,2.789987093504E0,4.499980415990E1);
#14887=ORIENTED_EDGE('',*,*,#14319,.T.);
#14888=ORIENTED_EDGE('',*,*,#14335,.T.);
#14889=ORIENTED_EDGE('',*,*,#14351,.T.);
#14890=ORIENTED_EDGE('',*,*,#14644,.F.);
#14891=EDGE_LOOP('',(#14887,#14888,#14889,#14890));
#14892=FACE_OUTER_BOUND('',#14891,.F.);
#14893=ADVANCED_FACE('',(#14892),#14886,.T.);
#14894=CARTESIAN_POINT('',(9.999999999994E0,3.730999266964E1,
1.682229015480E-12));
#14895=DIRECTION('',(-2.539910582940E-12,-1.E0,6.874863052188E-13));
#14896=DIRECTION('',(-2.561134417506E-1,-1.405114926539E-14,
-9.666467322423E-1));
#14897=AXIS2_PLACEMENT_3D('',#14894,#14895,#14896);
#14898=CONICAL_SURFACE('',#14897,2.789988257629E0,4.499980415990E1);
#14899=ORIENTED_EDGE('',*,*,#14365,.T.);
#14900=ORIENTED_EDGE('',*,*,#14381,.T.);
#14901=ORIENTED_EDGE('',*,*,#14397,.T.);
#14902=ORIENTED_EDGE('',*,*,#14648,.F.);
#14903=EDGE_LOOP('',(#14899,#14900,#14901,#14902));
#14904=FACE_OUTER_BOUND('',#14903,.F.);
#14905=ADVANCED_FACE('',(#14904),#14898,.T.);
#14906=CARTESIAN_POINT('',(9.999999999994E0,3.730999408657E1,
1.682228041358E-12));
#14907=DIRECTION('',(-2.539910582940E-12,-1.E0,6.874863052188E-13));
#14908=DIRECTION('',(-2.561134417506E-1,-1.405114926539E-14,
-9.666467322423E-1));
#14909=AXIS2_PLACEMENT_3D('',#14906,#14907,#14908);
#14910=CONICAL_SURFACE('',#14909,2.789986840706E0,4.499980415990E1);
#14911=ORIENTED_EDGE('',*,*,#14411,.T.);
#14912=ORIENTED_EDGE('',*,*,#14427,.T.);
#14913=ORIENTED_EDGE('',*,*,#14443,.T.);
#14914=ORIENTED_EDGE('',*,*,#14652,.F.);
#14915=EDGE_LOOP('',(#14911,#14912,#14913,#14914));
#14916=FACE_OUTER_BOUND('',#14915,.F.);
#14917=ADVANCED_FACE('',(#14916),#14910,.T.);
#14918=CARTESIAN_POINT('',(9.999999999994E0,3.730999378582E1,
1.682228248122E-12));
#14919=DIRECTION('',(-2.539910582940E-12,-1.E0,6.874863052188E-13));
#14920=DIRECTION('',(-2.561134417506E-1,-1.405114926539E-14,
-9.666467322423E-1));
#14921=AXIS2_PLACEMENT_3D('',#14918,#14919,#14920);
#14922=CONICAL_SURFACE('',#14921,2.789987141458E0,4.499980415990E1);
#14923=ORIENTED_EDGE('',*,*,#14457,.T.);
#14924=ORIENTED_EDGE('',*,*,#14473,.T.);
#14925=ORIENTED_EDGE('',*,*,#14489,.T.);
#14926=ORIENTED_EDGE('',*,*,#14656,.F.);
#14927=EDGE_LOOP('',(#14923,#14924,#14925,#14926));
#14928=FACE_OUTER_BOUND('',#14927,.F.);
#14929=ADVANCED_FACE('',(#14928),#14922,.T.);
#14930=CARTESIAN_POINT('',(9.999999999994E0,3.730999269309E1,
1.682228999355E-12));
#14931=DIRECTION('',(-2.539910582940E-12,-1.E0,6.874863052188E-13));
#14932=DIRECTION('',(-2.561134417506E-1,-1.405114926539E-14,
-9.666467322423E-1));
#14933=AXIS2_PLACEMENT_3D('',#14930,#14931,#14932);
#14934=CONICAL_SURFACE('',#14933,2.789988234175E0,4.499980415990E1);
#14935=ORIENTED_EDGE('',*,*,#14503,.T.);
#14936=ORIENTED_EDGE('',*,*,#14519,.T.);
#14937=ORIENTED_EDGE('',*,*,#14535,.T.);
#14938=ORIENTED_EDGE('',*,*,#14660,.F.);
#14939=EDGE_LOOP('',(#14935,#14936,#14937,#14938));
#14940=FACE_OUTER_BOUND('',#14939,.F.);
#14941=ADVANCED_FACE('',(#14940),#14934,.T.);
#14942=CARTESIAN_POINT('',(9.999999999994E0,3.730999410408E1,
1.682228029322E-12));
#14943=DIRECTION('',(-2.539910582940E-12,-1.E0,6.874863052188E-13));
#14944=DIRECTION('',(-2.561134417506E-1,-1.405114926539E-14,
-9.666467322423E-1));
#14945=AXIS2_PLACEMENT_3D('',#14942,#14943,#14944);
#14946=CONICAL_SURFACE('',#14945,2.789986823200E0,4.499980415990E1);
#14947=ORIENTED_EDGE('',*,*,#13523,.F.);
#14948=ORIENTED_EDGE('',*,*,#14667,.F.);
#14949=ORIENTED_EDGE('',*,*,#13491,.T.);
#14950=ORIENTED_EDGE('',*,*,#13507,.T.);
#14951=EDGE_LOOP('',(#14947,#14948,#14949,#14950));
#14952=FACE_OUTER_BOUND('',#14951,.F.);
#14953=ADVANCED_FACE('',(#14952),#14946,.T.);
#14954=CARTESIAN_POINT('',(9.999999999999E0,3.725001482238E1,
9.396927742880E-13));
#14955=DIRECTION('',(-2.967375260844E-14,1.E0,0.E0));
#14956=DIRECTION('',(-9.980267249802E-1,-2.988691946248E-14,
-6.279057433434E-2));
#14957=AXIS2_PLACEMENT_3D('',#14954,#14955,#14956);
#14958=CONICAL_SURFACE('',#14957,1.299978920172E0,4.499920882681E1);
#14960=ORIENTED_EDGE('',*,*,#14959,.T.);
#14962=ORIENTED_EDGE('',*,*,#14961,.T.);
#14963=ORIENTED_EDGE('',*,*,#14671,.F.);
#14965=ORIENTED_EDGE('',*,*,#14964,.T.);
#14966=EDGE_LOOP('',(#14960,#14962,#14963,#14965));
#14967=FACE_OUTER_BOUND('',#14966,.F.);
#14968=ADVANCED_FACE('',(#14967),#14958,.F.);
#14969=CARTESIAN_POINT('',(9.999999999999E0,3.360002217300E1,
1.367683744036E-12));
#14970=DIRECTION('',(0.E0,-1.E0,0.E0));
#14971=DIRECTION('',(9.980267284282E-1,0.E0,-6.279051953057E-2));
#14972=AXIS2_PLACEMENT_3D('',#14969,#14970,#14971);
#14973=CYLINDRICAL_SURFACE('',#14972,1.149995209796E0);
#14974=ORIENTED_EDGE('',*,*,#13438,.F.);
#14976=ORIENTED_EDGE('',*,*,#14975,.T.);
#14977=ORIENTED_EDGE('',*,*,#14959,.F.);
#14979=ORIENTED_EDGE('',*,*,#14978,.T.);
#14980=EDGE_LOOP('',(#14974,#14976,#14977,#14979));
#14981=FACE_OUTER_BOUND('',#14980,.F.);
#14982=ADVANCED_FACE('',(#14981),#14973,.F.);
#14983=CARTESIAN_POINT('',(1.E1,3.360002217300E1,8.223421943399E-13));
#14984=DIRECTION('',(0.E0,-1.E0,0.E0));
#14985=DIRECTION('',(-9.980267284283E-1,0.E0,6.279051952853E-2));
#14986=AXIS2_PLACEMENT_3D('',#14983,#14984,#14985);
#14987=CYLINDRICAL_SURFACE('',#14986,1.149995209799E0);
#14988=ORIENTED_EDGE('',*,*,#13440,.F.);
#14989=ORIENTED_EDGE('',*,*,#14978,.F.);
#14991=ORIENTED_EDGE('',*,*,#14990,.T.);
#14992=ORIENTED_EDGE('',*,*,#14975,.F.);
#14993=EDGE_LOOP('',(#14988,#14989,#14991,#14992));
#14994=FACE_OUTER_BOUND('',#14993,.F.);
#14995=ADVANCED_FACE('',(#14994),#14987,.F.);
#14996=CARTESIAN_POINT('',(1.E1,3.725001409150E1,0.E0));
#14997=DIRECTION('',(3.461937804318E-14,1.E0,0.E0));
#14998=DIRECTION('',(9.980267249803E-1,-3.511391581323E-14,6.279057433357E-2));
#14999=AXIS2_PLACEMENT_3D('',#14996,#14997,#14998);
#15000=CONICAL_SURFACE('',#14999,1.299978189306E0,4.499920882681E1);
#15001=ORIENTED_EDGE('',*,*,#14990,.F.);
#15002=ORIENTED_EDGE('',*,*,#14964,.F.);
#15003=ORIENTED_EDGE('',*,*,#14673,.F.);
#15004=ORIENTED_EDGE('',*,*,#14961,.F.);
#15005=EDGE_LOOP('',(#15001,#15002,#15003,#15004));
#15006=FACE_OUTER_BOUND('',#15005,.F.);
#15007=ADVANCED_FACE('',(#15006),#15000,.F.);
#15008=CARTESIAN_POINT('',(1.774963016778E1,-2.049999999999E0,
-7.500722695566E0));
#15009=DIRECTION('',(0.E0,1.E0,0.E0));
#15010=DIRECTION('',(4.358979129011E-1,0.E0,8.999961163963E-1));
#15011=AXIS2_PLACEMENT_3D('',#15008,#15009,#15010);
#15012=CYLINDRICAL_SURFACE('',#15011,2.000811232640E0);
#15013=ORIENTED_EDGE('',*,*,#7637,.F.);
#15014=ORIENTED_EDGE('',*,*,#7555,.F.);
#15015=ORIENTED_EDGE('',*,*,#7587,.F.);
#15016=ORIENTED_EDGE('',*,*,#7606,.F.);
#15017=EDGE_LOOP('',(#15013,#15014,#15015,#15016));
#15018=FACE_OUTER_BOUND('',#15017,.F.);
#15019=ADVANCED_FACE('',(#15018),#15012,.F.);
#15020=FILL_AREA_STYLE_COLOUR('',#60);
#15021=FILL_AREA_STYLE('',(#15020));
#15022=SURFACE_STYLE_FILL_AREA(#15021);
#15023=SURFACE_SIDE_STYLE('',(#15022));
#15024=SURFACE_STYLE_USAGE(.BOTH.,#15023);
#15025=PRESENTATION_STYLE_ASSIGNMENT((#15024));
#15026=STYLED_ITEM('',(#15025),#15019);
#15027=CARTESIAN_POINT('',(1.775E1,-2.25E0,-7.5E0));
#15028=DIRECTION('',(0.E0,1.E0,0.E0));
#15029=DIRECTION('',(9.980267284283E-1,0.E0,6.279051952917E-2));
#15030=AXIS2_PLACEMENT_3D('',#15027,#15028,#15029);
#15031=CYLINDRICAL_SURFACE('',#15030,1.699999999999E0);
#15032=ORIENTED_EDGE('',*,*,#7641,.T.);
#15034=ORIENTED_EDGE('',*,*,#15033,.F.);
#15036=ORIENTED_EDGE('',*,*,#15035,.F.);
#15038=ORIENTED_EDGE('',*,*,#15037,.F.);
#15039=EDGE_LOOP('',(#15032,#15034,#15036,#15038));
#15040=FACE_OUTER_BOUND('',#15039,.F.);
#15041=ADVANCED_FACE('',(#15040),#15031,.T.);
#15042=CARTESIAN_POINT('',(1.775E1,-2.25E0,-7.5E0));
#15043=DIRECTION('',(0.E0,1.E0,0.E0));
#15044=DIRECTION('',(-9.980267284283E-1,0.E0,-6.279051952917E-2));
#15045=AXIS2_PLACEMENT_3D('',#15042,#15043,#15044);
#15046=CYLINDRICAL_SURFACE('',#15045,1.699999999999E0);
#15047=ORIENTED_EDGE('',*,*,#7643,.T.);
#15048=ORIENTED_EDGE('',*,*,#15037,.T.);
#15050=ORIENTED_EDGE('',*,*,#15049,.F.);
#15051=ORIENTED_EDGE('',*,*,#15033,.T.);
#15052=EDGE_LOOP('',(#15047,#15048,#15050,#15051));
#15053=FACE_OUTER_BOUND('',#15052,.F.);
#15054=ADVANCED_FACE('',(#15053),#15046,.T.);
#15055=CARTESIAN_POINT('',(1.713976021186E1,-3.496363789703E0,
-7.574734842692E0));
#15056=CARTESIAN_POINT('',(1.647878324825E1,-3.553307453573E0,
-7.655683365482E0));
#15057=CARTESIAN_POINT('',(1.600969585777E1,-3.080716175644E0,
-7.713131557188E0));
#15058=CARTESIAN_POINT('',(1.606621611115E1,-2.414800761667E0,
-7.706209635135E0));
#15059=CARTESIAN_POINT('',(1.709162776814E1,-3.496363789704E0,
-7.181714248812E0));
#15060=CARTESIAN_POINT('',(1.637851648435E1,-3.553307453576E0,
-6.836965260841E0));
#15061=CARTESIAN_POINT('',(1.587242999473E1,-3.080716175647E0,
-6.592301056120E0));
#15062=CARTESIAN_POINT('',(1.593340826276E1,-2.414800761671E0,
-6.621780601139E0));
#15063=CARTESIAN_POINT('',(1.735404303346E1,-3.496363789703E0,
-6.885200930596E0));
#15064=CARTESIAN_POINT('',(1.692516501117E1,-3.553307453575E0,
-6.219285613334E0));
#15065=CARTESIAN_POINT('',(1.662079544401E1,-3.080716175646E0,
-5.746693532737E0));
#15066=CARTESIAN_POINT('',(1.665746887716E1,-2.414800761669E0,
-5.803636065591E0));
#15067=CARTESIAN_POINT('',(1.775E1,-3.496363789701E0,-6.885200930596E0));
#15068=CARTESIAN_POINT('',(1.775E1,-3.553307453571E0,-6.219285613334E0));
#15069=CARTESIAN_POINT('',(1.775E1,-3.080716175640E0,-5.746693532737E0));
#15070=CARTESIAN_POINT('',(1.775E1,-2.414800761664E0,-5.803636065592E0));
#15071=CARTESIAN_POINT('',(1.814595696654E1,-3.496363789699E0,
-6.885200930596E0));
#15072=CARTESIAN_POINT('',(1.857483498884E1,-3.553307453566E0,
-6.219285613334E0));
#15073=CARTESIAN_POINT('',(1.887920455599E1,-3.080716175634E0,
-5.746693532737E0));
#15074=CARTESIAN_POINT('',(1.884253112283E1,-2.414800761658E0,
-5.803636065592E0));
#15075=CARTESIAN_POINT('',(1.840837223186E1,-3.496363789697E0,
-7.181714248812E0));
#15076=CARTESIAN_POINT('',(1.912148351565E1,-3.553307453562E0,
-6.836965260842E0));
#15077=CARTESIAN_POINT('',(1.962757000527E1,-3.080716175628E0,
-6.592301056121E0));
#15078=CARTESIAN_POINT('',(1.956659173723E1,-2.414800761652E0,
-6.621780601139E0));
#15079=CARTESIAN_POINT('',(1.836023978814E1,-3.496363789696E0,
-7.574734842692E0));
#15080=CARTESIAN_POINT('',(1.902121675175E1,-3.553307453560E0,
-7.655683365482E0));
#15081=CARTESIAN_POINT('',(1.949030414223E1,-3.080716175626E0,
-7.713131557188E0));
#15082=CARTESIAN_POINT('',(1.943378388884E1,-2.414800761650E0,
-7.706209635135E0));
#15083=(BOUNDED_SURFACE()B_SPLINE_SURFACE(3,3,((#15055,#15056,#15057,#15058),(
#15059,#15060,#15061,#15062),(#15063,#15064,#15065,#15066),(#15067,#15068,
#15069,#15070),(#15071,#15072,#15073,#15074),(#15075,#15076,#15077,#15078),(
#15079,#15080,#15081,#15082)),.UNSPECIFIED.,.F.,.F.,.F.)B_SPLINE_SURFACE_WITH_KNOTS((4,3,4),(4,4),(0.E0,1.E0,2.E0),(0.E0,1.E0),.UNSPECIFIED.)GEOMETRIC_REPRESENTATION_ITEM()RATIONAL_B_SPLINE_SURFACE(((1.463046185361E0,1.116099496749E0,
1.116099496749E0,1.463046185361E0),(1.134091790365E0,8.651533281440E-1,
8.651533281440E-1,1.134091790365E0),(1.134091790365E0,8.651533281441E-1,
8.651533281441E-1,1.134091790365E0),(1.463046185361E0,1.116099496749E0,
1.116099496749E0,1.463046185361E0),(1.134091790365E0,8.651533281441E-1,
8.651533281441E-1,1.134091790365E0),(1.134091790365E0,8.651533281440E-1,
8.651533281440E-1,1.134091790365E0),(1.463046185361E0,1.116099496749E0,
1.116099496749E0,1.463046185361E0)))REPRESENTATION_ITEM('')SURFACE());
#15085=ORIENTED_EDGE('',*,*,#15084,.T.);
#15087=ORIENTED_EDGE('',*,*,#15086,.T.);
#15089=ORIENTED_EDGE('',*,*,#15088,.F.);
#15091=ORIENTED_EDGE('',*,*,#15090,.T.);
#15093=ORIENTED_EDGE('',*,*,#15092,.T.);
#15095=ORIENTED_EDGE('',*,*,#15094,.T.);
#15097=ORIENTED_EDGE('',*,*,#15096,.F.);
#15099=ORIENTED_EDGE('',*,*,#15098,.T.);
#15101=ORIENTED_EDGE('',*,*,#15100,.T.);
#15103=ORIENTED_EDGE('',*,*,#15102,.F.);
#15104=ORIENTED_EDGE('',*,*,#15049,.T.);
#15106=ORIENTED_EDGE('',*,*,#15105,.F.);
#15107=EDGE_LOOP('',(#15085,#15087,#15089,#15091,#15093,#15095,#15097,#15099,
#15101,#15103,#15104,#15106));
#15108=FACE_OUTER_BOUND('',#15107,.F.);
#15109=ADVANCED_FACE('',(#15108),#15083,.T.);
#15110=CARTESIAN_POINT('',(1.875E1,-3.226969600708E0,-7.5E0));
#15111=DIRECTION('',(1.E0,0.E0,0.E0));
#15112=DIRECTION('',(0.E0,0.E0,1.E0));
#15113=AXIS2_PLACEMENT_3D('',#15110,#15111,#15112);
#15114=PLANE('',#15113);
#15115=ORIENTED_EDGE('',*,*,#15084,.F.);
#15117=ORIENTED_EDGE('',*,*,#15116,.T.);
#15119=ORIENTED_EDGE('',*,*,#15118,.F.);
#15121=ORIENTED_EDGE('',*,*,#15120,.T.);
#15123=ORIENTED_EDGE('',*,*,#15122,.F.);
#15124=EDGE_LOOP('',(#15115,#15117,#15119,#15121,#15123));
#15125=FACE_OUTER_BOUND('',#15124,.F.);
#15126=ADVANCED_FACE('',(#15125),#15114,.F.);
#15127=CARTESIAN_POINT('',(1.836023978814E1,-3.496363789703E0,
-7.425265157308E0));
#15128=CARTESIAN_POINT('',(1.902121675175E1,-3.553307453573E0,
-7.344316634517E0));
#15129=CARTESIAN_POINT('',(1.949030414223E1,-3.080716175644E0,
-7.286868442811E0));
#15130=CARTESIAN_POINT('',(1.943378388885E1,-2.414800761667E0,
-7.293790364864E0));
#15131=CARTESIAN_POINT('',(1.840837223186E1,-3.496363789704E0,
-7.818285751187E0));
#15132=CARTESIAN_POINT('',(1.912148351565E1,-3.553307453576E0,
-8.163034739158E0));
#15133=CARTESIAN_POINT('',(1.962757000528E1,-3.080716175647E0,
-8.407698943878E0));
#15134=CARTESIAN_POINT('',(1.956659173724E1,-2.414800761671E0,
-8.378219398860E0));
#15135=CARTESIAN_POINT('',(1.814595696654E1,-3.496363789703E0,
-8.114799069403E0));
#15136=CARTESIAN_POINT('',(1.857483498884E1,-3.553307453575E0,
-8.780714386665E0));
#15137=CARTESIAN_POINT('',(1.887920455600E1,-3.080716175646E0,
-9.253306467262E0));
#15138=CARTESIAN_POINT('',(1.884253112284E1,-2.414800761669E0,
-9.196363934408E0));
#15139=CARTESIAN_POINT('',(1.775E1,-3.496363789701E0,-8.114799069404E0));
#15140=CARTESIAN_POINT('',(1.775E1,-3.553307453571E0,-8.780714386666E0));
#15141=CARTESIAN_POINT('',(1.775E1,-3.080716175640E0,-9.253306467263E0));
#15142=CARTESIAN_POINT('',(1.775E1,-2.414800761664E0,-9.196363934408E0));
#15143=CARTESIAN_POINT('',(1.735404303346E1,-3.496363789699E0,
-8.114799069404E0));
#15144=CARTESIAN_POINT('',(1.692516501116E1,-3.553307453566E0,
-8.780714386666E0));
#15145=CARTESIAN_POINT('',(1.662079544401E1,-3.080716175634E0,
-9.253306467264E0));
#15146=CARTESIAN_POINT('',(1.665746887717E1,-2.414800761658E0,
-9.196363934409E0));
#15147=CARTESIAN_POINT('',(1.709162776814E1,-3.496363789697E0,
-7.818285751188E0));
#15148=CARTESIAN_POINT('',(1.637851648435E1,-3.553307453562E0,
-8.163034739159E0));
#15149=CARTESIAN_POINT('',(1.587242999473E1,-3.080716175628E0,
-8.407698943881E0));
#15150=CARTESIAN_POINT('',(1.593340826277E1,-2.414800761652E0,
-8.378219398862E0));
#15151=CARTESIAN_POINT('',(1.713976021186E1,-3.496363789696E0,
-7.425265157308E0));
#15152=CARTESIAN_POINT('',(1.647878324825E1,-3.553307453560E0,
-7.344316634518E0));
#15153=CARTESIAN_POINT('',(1.600969585777E1,-3.080716175626E0,
-7.286868442813E0));
#15154=CARTESIAN_POINT('',(1.606621611116E1,-2.414800761650E0,
-7.293790364866E0));
#15155=(BOUNDED_SURFACE()B_SPLINE_SURFACE(3,3,((#15127,#15128,#15129,#15130),(
#15131,#15132,#15133,#15134),(#15135,#15136,#15137,#15138),(#15139,#15140,
#15141,#15142),(#15143,#15144,#15145,#15146),(#15147,#15148,#15149,#15150),(
#15151,#15152,#15153,#15154)),.UNSPECIFIED.,.F.,.F.,.F.)B_SPLINE_SURFACE_WITH_KNOTS((4,3,4),(4,4),(0.E0,1.E0,2.E0),(0.E0,1.E0),.UNSPECIFIED.)GEOMETRIC_REPRESENTATION_ITEM()RATIONAL_B_SPLINE_SURFACE(((1.463046185361E0,1.116099496749E0,
1.116099496749E0,1.463046185361E0),(1.134091790365E0,8.651533281440E-1,
8.651533281440E-1,1.134091790365E0),(1.134091790365E0,8.651533281440E-1,
8.651533281440E-1,1.134091790365E0),(1.463046185361E0,1.116099496749E0,
1.116099496749E0,1.463046185361E0),(1.134091790365E0,8.651533281440E-1,
8.651533281440E-1,1.134091790365E0),(1.134091790365E0,8.651533281440E-1,
8.651533281440E-1,1.134091790365E0),(1.463046185361E0,1.116099496749E0,
1.116099496749E0,1.463046185361E0)))REPRESENTATION_ITEM('')SURFACE());
#15157=ORIENTED_EDGE('',*,*,#15156,.T.);
#15159=ORIENTED_EDGE('',*,*,#15158,.T.);
#15161=ORIENTED_EDGE('',*,*,#15160,.F.);
#15163=ORIENTED_EDGE('',*,*,#15162,.T.);
#15164=ORIENTED_EDGE('',*,*,#15116,.F.);
#15165=ORIENTED_EDGE('',*,*,#15105,.T.);
#15166=ORIENTED_EDGE('',*,*,#15035,.T.);
#15167=ORIENTED_EDGE('',*,*,#15102,.T.);
#15169=ORIENTED_EDGE('',*,*,#15168,.T.);
#15171=ORIENTED_EDGE('',*,*,#15170,.T.);
#15173=ORIENTED_EDGE('',*,*,#15172,.F.);
#15175=ORIENTED_EDGE('',*,*,#15174,.T.);
#15176=EDGE_LOOP('',(#15157,#15159,#15161,#15163,#15164,#15165,#15166,#15167,
#15169,#15171,#15173,#15175));
#15177=FACE_OUTER_BOUND('',#15176,.F.);
#15178=ADVANCED_FACE('',(#15177),#15155,.T.);
#15179=CARTESIAN_POINT('',(1.775E1,-3.227137742376E0,-8.5E0));
#15180=DIRECTION('',(0.E0,0.E0,1.E0));
#15181=DIRECTION('',(1.E0,0.E0,0.E0));
#15182=AXIS2_PLACEMENT_3D('',#15179,#15180,#15181);
#15183=PLANE('',#15182);
#15184=ORIENTED_EDGE('',*,*,#15156,.F.);
#15186=ORIENTED_EDGE('',*,*,#15185,.F.);
#15188=ORIENTED_EDGE('',*,*,#15187,.T.);
#15190=ORIENTED_EDGE('',*,*,#15189,.F.);
#15191=EDGE_LOOP('',(#15184,#15186,#15188,#15190));
#15192=FACE_OUTER_BOUND('',#15191,.F.);
#15193=ADVANCED_FACE('',(#15192),#15183,.T.);
#15194=CARTESIAN_POINT('',(1.75E1,-3.25E0,-8.125E0));
#15195=DIRECTION('',(1.E0,0.E0,0.E0));
#15196=DIRECTION('',(0.E0,0.E0,-1.E0));
#15197=AXIS2_PLACEMENT_3D('',#15194,#15195,#15196);
#15198=PLANE('',#15197);
#15200=ORIENTED_EDGE('',*,*,#15199,.F.);
#15202=ORIENTED_EDGE('',*,*,#15201,.F.);
#15204=ORIENTED_EDGE('',*,*,#15203,.T.);
#15205=ORIENTED_EDGE('',*,*,#15185,.T.);
#15206=ORIENTED_EDGE('',*,*,#15174,.F.);
#15207=EDGE_LOOP('',(#15200,#15202,#15204,#15205,#15206));
#15208=FACE_OUTER_BOUND('',#15207,.F.);
#15209=ADVANCED_FACE('',(#15208),#15198,.T.);
#15210=CARTESIAN_POINT('',(1.729808257923E1,-3.5E0,-7.951917420766E0));
#15211=DIRECTION('',(0.E0,1.E0,0.E0));
#15212=DIRECTION('',(1.E0,0.E0,0.E0));
#15213=AXIS2_PLACEMENT_3D('',#15210,#15211,#15212);
#15214=PLANE('',#15213);
#15216=ORIENTED_EDGE('',*,*,#15215,.F.);
#15217=ORIENTED_EDGE('',*,*,#15199,.T.);
#15218=ORIENTED_EDGE('',*,*,#15172,.T.);
#15219=EDGE_LOOP('',(#15216,#15217,#15218));
#15220=FACE_OUTER_BOUND('',#15219,.F.);
#15221=ADVANCED_FACE('',(#15220),#15214,.F.);
#15222=CARTESIAN_POINT('',(1.7125E1,-3.25E0,-7.75E0));
#15223=DIRECTION('',(0.E0,0.E0,1.E0));
#15224=DIRECTION('',(1.E0,0.E0,0.E0));
#15225=AXIS2_PLACEMENT_3D('',#15222,#15223,#15224);
#15226=PLANE('',#15225);
#15227=ORIENTED_EDGE('',*,*,#15215,.T.);
#15228=ORIENTED_EDGE('',*,*,#15170,.F.);
#15230=ORIENTED_EDGE('',*,*,#15229,.F.);
#15232=ORIENTED_EDGE('',*,*,#15231,.T.);
#15233=ORIENTED_EDGE('',*,*,#15201,.T.);
#15234=EDGE_LOOP('',(#15227,#15228,#15230,#15232,#15233));
#15235=FACE_OUTER_BOUND('',#15234,.F.);
#15236=ADVANCED_FACE('',(#15235),#15226,.T.);
#15237=CARTESIAN_POINT('',(1.675E1,-3.226969600708E0,-7.5E0));
#15238=DIRECTION('',(1.E0,0.E0,0.E0));
#15239=DIRECTION('',(0.E0,0.E0,-1.E0));
#15240=AXIS2_PLACEMENT_3D('',#15237,#15238,#15239);
#15241=PLANE('',#15240);
#15242=ORIENTED_EDGE('',*,*,#15100,.F.);
#15244=ORIENTED_EDGE('',*,*,#15243,.F.);
#15246=ORIENTED_EDGE('',*,*,#15245,.T.);
#15247=ORIENTED_EDGE('',*,*,#15229,.T.);
#15248=ORIENTED_EDGE('',*,*,#15168,.F.);
#15249=EDGE_LOOP('',(#15242,#15244,#15246,#15247,#15248));
#15250=FACE_OUTER_BOUND('',#15249,.F.);
#15251=ADVANCED_FACE('',(#15250),#15241,.T.);
#15252=CARTESIAN_POINT('',(1.7125E1,-3.25E0,-7.25E0));
#15253=DIRECTION('',(0.E0,0.E0,1.E0));
#15254=DIRECTION('',(-1.E0,0.E0,0.E0));
#15255=AXIS2_PLACEMENT_3D('',#15252,#15253,#15254);
#15256=PLANE('',#15255);
#15257=ORIENTED_EDGE('',*,*,#15098,.F.);
#15259=ORIENTED_EDGE('',*,*,#15258,.T.);
#15261=ORIENTED_EDGE('',*,*,#15260,.F.);
#15263=ORIENTED_EDGE('',*,*,#15262,.T.);
#15264=ORIENTED_EDGE('',*,*,#15243,.T.);
#15265=EDGE_LOOP('',(#15257,#15259,#15261,#15263,#15264));
#15266=FACE_OUTER_BOUND('',#15265,.F.);
#15267=ADVANCED_FACE('',(#15266),#15256,.F.);
#15268=CARTESIAN_POINT('',(1.729808257923E1,-3.5E0,-7.048082579234E0));
#15269=DIRECTION('',(0.E0,1.E0,0.E0));
#15270=DIRECTION('',(1.E0,0.E0,0.E0));
#15271=AXIS2_PLACEMENT_3D('',#15268,#15269,#15270);
#15272=PLANE('',#15271);
#15274=ORIENTED_EDGE('',*,*,#15273,.F.);
#15275=ORIENTED_EDGE('',*,*,#15258,.F.);
#15276=ORIENTED_EDGE('',*,*,#15096,.T.);
#15277=EDGE_LOOP('',(#15274,#15275,#15276));
#15278=FACE_OUTER_BOUND('',#15277,.F.);
#15279=ADVANCED_FACE('',(#15278),#15272,.F.);
#15280=CARTESIAN_POINT('',(1.75E1,-3.25E0,-6.875E0));
#15281=DIRECTION('',(1.E0,0.E0,0.E0));
#15282=DIRECTION('',(0.E0,0.E0,-1.E0));
#15283=AXIS2_PLACEMENT_3D('',#15280,#15281,#15282);
#15284=PLANE('',#15283);
#15285=ORIENTED_EDGE('',*,*,#15094,.F.);
#15287=ORIENTED_EDGE('',*,*,#15286,.F.);
#15289=ORIENTED_EDGE('',*,*,#15288,.T.);
#15290=ORIENTED_EDGE('',*,*,#15260,.T.);
#15291=ORIENTED_EDGE('',*,*,#15273,.T.);
#15292=EDGE_LOOP('',(#15285,#15287,#15289,#15290,#15291));
#15293=FACE_OUTER_BOUND('',#15292,.F.);
#15294=ADVANCED_FACE('',(#15293),#15284,.T.);
#15295=CARTESIAN_POINT('',(1.775E1,-3.227137742376E0,-6.5E0));
#15296=DIRECTION('',(0.E0,0.E0,1.E0));
#15297=DIRECTION('',(-1.E0,0.E0,0.E0));
#15298=AXIS2_PLACEMENT_3D('',#15295,#15296,#15297);
#15299=PLANE('',#15298);
#15300=ORIENTED_EDGE('',*,*,#15092,.F.);
#15302=ORIENTED_EDGE('',*,*,#15301,.F.);
#15304=ORIENTED_EDGE('',*,*,#15303,.T.);
#15305=ORIENTED_EDGE('',*,*,#15286,.T.);
#15306=EDGE_LOOP('',(#15300,#15302,#15304,#15305));
#15307=FACE_OUTER_BOUND('',#15306,.F.);
#15308=ADVANCED_FACE('',(#15307),#15299,.F.);
#15309=CARTESIAN_POINT('',(1.8E1,-3.25E0,-6.875E0));
#15310=DIRECTION('',(1.E0,0.E0,0.E0));
#15311=DIRECTION('',(0.E0,0.E0,1.E0));
#15312=AXIS2_PLACEMENT_3D('',#15309,#15310,#15311);
#15313=PLANE('',#15312);
#15314=ORIENTED_EDGE('',*,*,#15090,.F.);
#15316=ORIENTED_EDGE('',*,*,#15315,.T.);
#15318=ORIENTED_EDGE('',*,*,#15317,.F.);
#15320=ORIENTED_EDGE('',*,*,#15319,.T.);
#15321=ORIENTED_EDGE('',*,*,#15301,.T.);
#15322=EDGE_LOOP('',(#15314,#15316,#15318,#15320,#15321));
#15323=FACE_OUTER_BOUND('',#15322,.F.);
#15324=ADVANCED_FACE('',(#15323),#15313,.F.);
#15325=CARTESIAN_POINT('',(1.820191742076E1,-3.5E0,-7.048082579234E0));
#15326=DIRECTION('',(0.E0,1.E0,0.E0));
#15327=DIRECTION('',(1.E0,0.E0,0.E0));
#15328=AXIS2_PLACEMENT_3D('',#15325,#15326,#15327);
#15329=PLANE('',#15328);
#15331=ORIENTED_EDGE('',*,*,#15330,.F.);
#15332=ORIENTED_EDGE('',*,*,#15315,.F.);
#15333=ORIENTED_EDGE('',*,*,#15088,.T.);
#15334=EDGE_LOOP('',(#15331,#15332,#15333));
#15335=FACE_OUTER_BOUND('',#15334,.F.);
#15336=ADVANCED_FACE('',(#15335),#15329,.F.);
#15337=CARTESIAN_POINT('',(1.8375E1,-3.25E0,-7.25E0));
#15338=DIRECTION('',(0.E0,0.E0,1.E0));
#15339=DIRECTION('',(-1.E0,0.E0,0.E0));
#15340=AXIS2_PLACEMENT_3D('',#15337,#15338,#15339);
#15341=PLANE('',#15340);
#15342=ORIENTED_EDGE('',*,*,#15086,.F.);
#15343=ORIENTED_EDGE('',*,*,#15122,.T.);
#15345=ORIENTED_EDGE('',*,*,#15344,.T.);
#15346=ORIENTED_EDGE('',*,*,#15317,.T.);
#15347=ORIENTED_EDGE('',*,*,#15330,.T.);
#15348=EDGE_LOOP('',(#15342,#15343,#15345,#15346,#15347));
#15349=FACE_OUTER_BOUND('',#15348,.F.);
#15350=ADVANCED_FACE('',(#15349),#15341,.F.);
#15351=CARTESIAN_POINT('',(1.775E1,-3.E0,-7.5E0));
#15352=DIRECTION('',(0.E0,1.E0,0.E0));
#15353=DIRECTION('',(-1.E0,0.E0,0.E0));
#15354=AXIS2_PLACEMENT_3D('',#15351,#15352,#15353);
#15355=PLANE('',#15354);
#15356=ORIENTED_EDGE('',*,*,#15187,.F.);
#15357=ORIENTED_EDGE('',*,*,#15203,.F.);
#15358=ORIENTED_EDGE('',*,*,#15231,.F.);
#15359=ORIENTED_EDGE('',*,*,#15245,.F.);
#15360=ORIENTED_EDGE('',*,*,#15262,.F.);
#15361=ORIENTED_EDGE('',*,*,#15288,.F.);
#15362=ORIENTED_EDGE('',*,*,#15303,.F.);
#15363=ORIENTED_EDGE('',*,*,#15319,.F.);
#15364=ORIENTED_EDGE('',*,*,#15344,.F.);
#15365=ORIENTED_EDGE('',*,*,#15120,.F.);
#15367=ORIENTED_EDGE('',*,*,#15366,.F.);
#15369=ORIENTED_EDGE('',*,*,#15368,.F.);
#15370=EDGE_LOOP('',(#15356,#15357,#15358,#15359,#15360,#15361,#15362,#15363,
#15364,#15365,#15367,#15369));
#15371=FACE_OUTER_BOUND('',#15370,.F.);
#15372=ADVANCED_FACE('',(#15371),#15355,.F.);
#15373=CARTESIAN_POINT('',(1.8375E1,-3.25E0,-7.75E0));
#15374=DIRECTION('',(0.E0,0.E0,1.E0));
#15375=DIRECTION('',(1.E0,0.E0,0.E0));
#15376=AXIS2_PLACEMENT_3D('',#15373,#15374,#15375);
#15377=PLANE('',#15376);
#15379=ORIENTED_EDGE('',*,*,#15378,.T.);
#15381=ORIENTED_EDGE('',*,*,#15380,.T.);
#15382=ORIENTED_EDGE('',*,*,#15366,.T.);
#15383=ORIENTED_EDGE('',*,*,#15118,.T.);
#15384=ORIENTED_EDGE('',*,*,#15162,.F.);
#15385=EDGE_LOOP('',(#15379,#15381,#15382,#15383,#15384));
#15386=FACE_OUTER_BOUND('',#15385,.F.);
#15387=ADVANCED_FACE('',(#15386),#15377,.T.);
#15388=CARTESIAN_POINT('',(1.820191742076E1,-3.5E0,-7.951917420766E0));
#15389=DIRECTION('',(0.E0,1.E0,0.E0));
#15390=DIRECTION('',(1.E0,0.E0,0.E0));
#15391=AXIS2_PLACEMENT_3D('',#15388,#15389,#15390);
#15392=PLANE('',#15391);
#15394=ORIENTED_EDGE('',*,*,#15393,.F.);
#15395=ORIENTED_EDGE('',*,*,#15378,.F.);
#15396=ORIENTED_EDGE('',*,*,#15160,.T.);
#15397=EDGE_LOOP('',(#15394,#15395,#15396));
#15398=FACE_OUTER_BOUND('',#15397,.F.);
#15399=ADVANCED_FACE('',(#15398),#15392,.F.);
#15400=CARTESIAN_POINT('',(1.8E1,-3.25E0,-8.125E0));
#15401=DIRECTION('',(1.E0,0.E0,0.E0));
#15402=DIRECTION('',(0.E0,0.E0,1.E0));
#15403=AXIS2_PLACEMENT_3D('',#15400,#15401,#15402);
#15404=PLANE('',#15403);
#15405=ORIENTED_EDGE('',*,*,#15393,.T.);
#15406=ORIENTED_EDGE('',*,*,#15158,.F.);
#15407=ORIENTED_EDGE('',*,*,#15189,.T.);
#15408=ORIENTED_EDGE('',*,*,#15368,.T.);
#15409=ORIENTED_EDGE('',*,*,#15380,.F.);
#15410=EDGE_LOOP('',(#15405,#15406,#15407,#15408,#15409));
#15411=FACE_OUTER_BOUND('',#15410,.F.);
#15412=ADVANCED_FACE('',(#15411),#15404,.F.);
#15413=CARTESIAN_POINT('',(2.08E1,-3.E0,1.E-1));
#15414=DIRECTION('',(0.E0,1.E0,0.E0));
#15415=DIRECTION('',(0.E0,0.E0,1.E0));
#15416=AXIS2_PLACEMENT_3D('',#15413,#15414,#15415);
#15417=PLANE('',#15416);
#15418=ORIENTED_EDGE('',*,*,#7435,.F.);
#15419=ORIENTED_EDGE('',*,*,#7488,.F.);
#15420=ORIENTED_EDGE('',*,*,#7511,.F.);
#15421=ORIENTED_EDGE('',*,*,#7381,.F.);
#15422=EDGE_LOOP('',(#15418,#15419,#15420,#15421));
#15423=FACE_OUTER_BOUND('',#15422,.F.);
#15424=ADVANCED_FACE('',(#15423),#15417,.F.);
#15425=FILL_AREA_STYLE_COLOUR('',#35);
#15426=FILL_AREA_STYLE('',(#15425));
#15427=SURFACE_STYLE_FILL_AREA(#15426);
#15428=SURFACE_SIDE_STYLE('',(#15427));
#15429=SURFACE_STYLE_USAGE(.BOTH.,#15428);
#15430=PRESENTATION_STYLE_ASSIGNMENT((#15429));
#15431=STYLED_ITEM('',(#15430),#15424);
#15432=CARTESIAN_POINT('',(2.08E1,-8.E-1,-3.5E0));
#15433=DIRECTION('',(0.E0,0.E0,1.E0));
#15434=DIRECTION('',(0.E0,-1.E0,0.E0));
#15435=AXIS2_PLACEMENT_3D('',#15432,#15433,#15434);
#15436=PLANE('',#15435);
#15437=ORIENTED_EDGE('',*,*,#7336,.T.);
#15438=ORIENTED_EDGE('',*,*,#7491,.F.);
#15439=ORIENTED_EDGE('',*,*,#7184,.F.);
#15441=ORIENTED_EDGE('',*,*,#15440,.F.);
#15442=EDGE_LOOP('',(#15437,#15438,#15439,#15441));
#15443=FACE_OUTER_BOUND('',#15442,.F.);
#15444=ADVANCED_FACE('',(#15443),#15436,.F.);
#15445=FILL_AREA_STYLE_COLOUR('',#35);
#15446=FILL_AREA_STYLE('',(#15445));
#15447=SURFACE_STYLE_FILL_AREA(#15446);
#15448=SURFACE_SIDE_STYLE('',(#15447));
#15449=SURFACE_STYLE_USAGE(.BOTH.,#15448);
#15450=PRESENTATION_STYLE_ASSIGNMENT((#15449));
#15451=STYLED_ITEM('',(#15450),#15444);
#15452=CARTESIAN_POINT('',(1.93E1,4.000000000008E-1,-2.500000000001E0));
#15453=DIRECTION('',(1.E0,0.E0,0.E0));
#15454=DIRECTION('',(0.E0,-3.141075907896E-2,-9.995065603657E-1));
#15455=AXIS2_PLACEMENT_3D('',#15452,#15453,#15454);
#15456=CYLINDRICAL_SURFACE('',#15455,9.999981970676E-1);
#15457=ORIENTED_EDGE('',*,*,#7338,.F.);
#15458=ORIENTED_EDGE('',*,*,#15440,.T.);
#15459=ORIENTED_EDGE('',*,*,#7218,.F.);
#15461=ORIENTED_EDGE('',*,*,#15460,.T.);
#15462=EDGE_LOOP('',(#15457,#15458,#15459,#15461));
#15463=FACE_OUTER_BOUND('',#15462,.F.);
#15464=ADVANCED_FACE('',(#15463),#15456,.T.);
#15465=FILL_AREA_STYLE_COLOUR('',#35);
#15466=FILL_AREA_STYLE('',(#15465));
#15467=SURFACE_STYLE_FILL_AREA(#15466);
#15468=SURFACE_SIDE_STYLE('',(#15467));
#15469=SURFACE_STYLE_USAGE(.BOTH.,#15468);
#15470=PRESENTATION_STYLE_ASSIGNMENT((#15469));
#15471=STYLED_ITEM('',(#15470),#15464);
#15472=CARTESIAN_POINT('',(2.08E1,1.4E0,1.E-1));
#15473=DIRECTION('',(0.E0,1.E0,0.E0));
#15474=DIRECTION('',(0.E0,0.E0,-1.E0));
#15475=AXIS2_PLACEMENT_3D('',#15472,#15473,#15474);
#15476=PLANE('',#15475);
#15477=ORIENTED_EDGE('',*,*,#7340,.T.);
#15478=ORIENTED_EDGE('',*,*,#15460,.F.);
#15479=ORIENTED_EDGE('',*,*,#7239,.F.);
#15480=ORIENTED_EDGE('',*,*,#7291,.F.);
#15481=EDGE_LOOP('',(#15477,#15478,#15479,#15480));
#15482=FACE_OUTER_BOUND('',#15481,.F.);
#15483=ADVANCED_FACE('',(#15482),#15476,.T.);
#15484=FILL_AREA_STYLE_COLOUR('',#35);
#15485=FILL_AREA_STYLE('',(#15484));
#15486=SURFACE_STYLE_FILL_AREA(#15485);
#15487=SURFACE_SIDE_STYLE('',(#15486));
#15488=SURFACE_STYLE_USAGE(.BOTH.,#15487);
#15489=PRESENTATION_STYLE_ASSIGNMENT((#15488));
#15490=STYLED_ITEM('',(#15489),#15483);
#15491=CLOSED_SHELL('',(#6803,#6825,#6846,#6867,#6887,#6916,#6938,#6959,#6980,
#7000,#7022,#7045,#7066,#7088,#7116,#7140,#7167,#7190,#7223,#7244,#7276,#7298,
#7344,#7364,#7387,#7419,#7440,#7472,#7495,#7516,#7540,#7571,#7591,#7612,#7647,
#7678,#7707,#7739,#7769,#7801,#7831,#7862,#7898,#7920,#7941,#7968,#7986,#8030,
#8050,#8071,#8091,#8113,#8148,#8170,#8198,#8217,#8236,#8256,#8286,#8306,#8327,
#8360,#8382,#8401,#8421,#8442,#8461,#8480,#8502,#8515,#8570,#8587,#8639,#8654,
#8670,#8682,#8697,#8712,#8728,#8740,#8755,#8769,#8785,#8797,#8811,#8833,#8848,
#8860,#8873,#8885,#8907,#8920,#8975,#8992,#9044,#9059,#9075,#9087,#9102,#9117,
#9133,#9145,#9160,#9174,#9190,#9202,#9216,#9238,#9253,#9265,#9278,#9293,#9306,
#9361,#9378,#9430,#9445,#9461,#9473,#9488,#9503,#9519,#9531,#9546,#9560,#9576,
#9588,#9602,#9624,#9639,#9651,#9664,#9679,#9700,#9721,#9743,#9775,#9810,#9836,
#9857,#9879,#9901,#9921,#9942,#9963,#9984,#10006,#10027,#10046,#10086,#10107,
#10128,#10162,#10183,#10208,#10230,#10261,#10280,#10300,#10320,#10341,#10361,
#10384,#10405,#10432,#10459,#10480,#10501,#10524,#10545,#10571,#10590,#10611,
#10631,#10652,#10672,#10693,#10713,#10733,#10752,#10770,#10790,#10809,#10830,
#10851,#10872,#10893,#10925,#10960,#10986,#11007,#11029,#11051,#11071,#11092,
#11113,#11134,#11156,#11177,#11196,#11236,#11257,#11278,#11312,#11333,#11358,
#11380,#11410,#11431,#11451,#11469,#11490,#11510,#11533,#11554,#11581,#11608,
#11629,#11650,#11673,#11694,#11720,#11739,#11760,#11780,#11801,#11821,#11842,
#11862,#11882,#11901,#11919,#11939,#11958,#11999,#12021,#12043,#12069,#12091,
#12111,#12131,#12153,#12175,#12197,#12238,#12259,#12280,#12299,#12320,#12340,
#12361,#12383,#12403,#12423,#12443,#12471,#12496,#12518,#12550,#12572,#12594,
#12615,#12637,#12657,#12689,#12709,#12729,#12746,#12767,#12789,#12811,#12834,
#12855,#12874,#12896,#12916,#12937,#12972,#12991,#13010,#13032,#13053,#13074,
#13094,#13113,#13135,#13157,#13181,#13201,#13220,#13242,#13262,#13425,#13444,
#13466,#13482,#13498,#13512,#13528,#13544,#13558,#13574,#13590,#13604,#13620,
#13636,#13650,#13666,#13682,#13696,#13712,#13728,#13742,#13758,#13774,#13788,
#13804,#13820,#13834,#13850,#13866,#13880,#13896,#13912,#13926,#13942,#13958,
#13972,#13988,#14004,#14018,#14034,#14050,#14064,#14080,#14096,#14110,#14126,
#14142,#14156,#14172,#14188,#14202,#14218,#14234,#14248,#14264,#14280,#14294,
#14310,#14326,#14340,#14356,#14372,#14386,#14402,#14418,#14432,#14448,#14464,
#14478,#14494,#14510,#14524,#14540,#14555,#14568,#14677,#14689,#14701,#14713,
#14725,#14737,#14749,#14761,#14773,#14785,#14797,#14809,#14821,#14833,#14845,
#14857,#14869,#14881,#14893,#14905,#14917,#14929,#14941,#14953,#14968,#14982,
#14995,#15007,#15019,#15041,#15054,#15109,#15126,#15178,#15193,#15209,#15221,
#15236,#15251,#15267,#15279,#15294,#15308,#15324,#15336,#15350,#15372,#15387,
#15399,#15412,#15424,#15444,#15464,#15483));
#15492=CARTESIAN_POINT('',(-1.775E1,-2.E0,-7.499999999999E0));
#15493=DIRECTION('',(0.E0,-1.E0,0.E0));
#15494=DIRECTION('',(1.E0,0.E0,7.287352156617E-12));
#15495=AXIS2_PLACEMENT_3D('',#15492,#15493,#15494);
#15497=CARTESIAN_POINT('',(-1.775E1,2.04E1,-7.499999999999E0));
#15498=DIRECTION('',(0.E0,-1.E0,0.E0));
#15499=DIRECTION('',(1.E0,0.E0,7.286506265479E-12));
#15500=AXIS2_PLACEMENT_3D('',#15497,#15498,#15499);
#15502=CARTESIAN_POINT('',(-1.775E1,-2.E0,-7.499999999997E0));
#15503=DIRECTION('',(0.E0,-1.E0,0.E0));
#15504=DIRECTION('',(1.E0,0.E0,-3.732569808800E-12));
#15505=AXIS2_PLACEMENT_3D('',#15502,#15503,#15504);
#15507=CARTESIAN_POINT('',(-1.775E1,-2.E0,-7.500000000003E0));
#15508=DIRECTION('',(0.E0,-1.E0,0.E0));
#15509=DIRECTION('',(-1.E0,0.E0,3.732569808800E-12));
#15510=AXIS2_PLACEMENT_3D('',#15507,#15508,#15509);
#15512=CARTESIAN_POINT('',(-1.775E1,8.E0,-7.499999999997E0));
#15513=DIRECTION('',(0.E0,1.E0,0.E0));
#15514=DIRECTION('',(-1.E0,0.E0,-3.859135233608E-12));
#15515=AXIS2_PLACEMENT_3D('',#15512,#15513,#15514);
#15517=CARTESIAN_POINT('',(-1.775E1,8.E0,-7.500000000003E0));
#15518=DIRECTION('',(0.E0,1.E0,0.E0));
#15519=DIRECTION('',(1.E0,0.E0,3.607114607017E-12));
#15520=AXIS2_PLACEMENT_3D('',#15517,#15518,#15519);
#15522=DIRECTION('',(-1.630695578569E-13,1.E0,0.E0));
#15523=VECTOR('',#15522,1.E1);
#15524=CARTESIAN_POINT('',(-1.695E1,-2.E0,-7.5E0));
#15525=LINE('',#15524,#15523);
#15526=DIRECTION('',(1.634248292248E-13,-1.E0,0.E0));
#15527=VECTOR('',#15526,1.E1);
#15528=CARTESIAN_POINT('',(-1.855E1,8.E0,-7.5E0));
#15529=LINE('',#15528,#15527);
#15530=CARTESIAN_POINT('',(-1.775E1,-2.E0,-7.500000000001E0));
#15531=DIRECTION('',(0.E0,-1.E0,0.E0));
#15532=DIRECTION('',(-1.E0,0.E0,-7.376170726141E-12));
#15533=AXIS2_PLACEMENT_3D('',#15530,#15531,#15532);
#15535=DIRECTION('',(1.232422164321E-9,1.E0,-1.398881011028E-12));
#15536=VECTOR('',#15535,2.E0);
#15537=CARTESIAN_POINT('',(-1.670000860349E1,-2.E0,-7.499999999997E0));
#15538=LINE('',#15537,#15536);
#15539=DIRECTION('',(-1.208257023844E-10,1.E0,1.371451971596E-13));
#15540=VECTOR('',#15539,2.04E1);
#15541=CARTESIAN_POINT('',(-1.670000860103E1,0.E0,-7.5E0));
#15542=LINE('',#15541,#15540);
#15543=CARTESIAN_POINT('',(-1.775E1,2.04E1,-7.500000000001E0));
#15544=DIRECTION('',(0.E0,-1.E0,0.E0));
#15545=DIRECTION('',(-1.E0,0.E0,-7.376170726141E-12));
#15546=AXIS2_PLACEMENT_3D('',#15543,#15544,#15545);
#15548=DIRECTION('',(-1.208257023844E-10,-1.E0,1.366662774235E-13));
#15549=VECTOR('',#15548,2.04E1);
#15550=CARTESIAN_POINT('',(-1.879999139651E1,2.04E1,-7.500000000003E0));
#15551=LINE('',#15550,#15549);
#15552=DIRECTION('',(1.232423940678E-9,-1.E0,-1.393996029719E-12));
#15553=VECTOR('',#15552,2.E0);
#15554=CARTESIAN_POINT('',(-1.879999139897E1,0.E0,-7.5E0));
#15555=LINE('',#15554,#15553);
#15556=CARTESIAN_POINT('',(-1.855E1,8.E0,-7.5E0));
#15557=CARTESIAN_POINT('',(-1.695E1,8.E0,-7.5E0));
#15558=VERTEX_POINT('',#15556);
#15559=VERTEX_POINT('',#15557);
#15560=CARTESIAN_POINT('',(-1.695E1,-2.E0,-7.5E0));
#15561=VERTEX_POINT('',#15560);
#15562=CARTESIAN_POINT('',(-1.855E1,-2.E0,-7.5E0));
#15563=VERTEX_POINT('',#15562);
#15564=CARTESIAN_POINT('',(-1.670000860103E1,2.04E1,-7.499999999991E0));
#15565=CARTESIAN_POINT('',(-1.879999139897E1,2.04E1,-7.500000000009E0));
#15566=VERTEX_POINT('',#15564);
#15567=VERTEX_POINT('',#15565);
#15568=CARTESIAN_POINT('',(-1.879999139897E1,0.E0,-7.5E0));
#15569=VERTEX_POINT('',#15568);
#15570=CARTESIAN_POINT('',(-1.670000860103E1,0.E0,-7.5E0));
#15571=VERTEX_POINT('',#15570);
#15572=CARTESIAN_POINT('',(-1.670000860103E1,-2.E0,-7.499999999991E0));
#15573=CARTESIAN_POINT('',(-1.879999139897E1,-2.E0,-7.500000000009E0));
#15574=VERTEX_POINT('',#15572);
#15575=VERTEX_POINT('',#15573);
#15576=CARTESIAN_POINT('',(0.E0,2.04E1,0.E0));
#15577=DIRECTION('',(0.E0,1.E0,0.E0));
#15578=DIRECTION('',(1.E0,0.E0,0.E0));
#15579=AXIS2_PLACEMENT_3D('',#15576,#15577,#15578);
#15580=PLANE('',#15579);
#15582=ORIENTED_EDGE('',*,*,#15581,.T.);
#15584=ORIENTED_EDGE('',*,*,#15583,.T.);
#15585=EDGE_LOOP('',(#15582,#15584));
#15586=FACE_OUTER_BOUND('',#15585,.F.);
#15587=ADVANCED_FACE('',(#15586),#15580,.T.);
#15588=FILL_AREA_STYLE_COLOUR('',#60);
#15589=FILL_AREA_STYLE('',(#15588));
#15590=SURFACE_STYLE_FILL_AREA(#15589);
#15591=SURFACE_SIDE_STYLE('',(#15590));
#15592=SURFACE_STYLE_USAGE(.BOTH.,#15591);
#15593=PRESENTATION_STYLE_ASSIGNMENT((#15592));
#15594=STYLED_ITEM('',(#15593),#15587);
#15595=CARTESIAN_POINT('',(-1.775E1,1.065E1,-7.499999999999E0));
#15596=DIRECTION('',(0.E0,-1.E0,0.E0));
#15597=DIRECTION('',(9.980267284282E-1,0.E0,-6.279051953051E-2));
#15598=AXIS2_PLACEMENT_3D('',#15595,#15596,#15597);
#15599=CYLINDRICAL_SURFACE('',#15598,1.049991398970E0);
#15601=ORIENTED_EDGE('',*,*,#15600,.T.);
#15603=ORIENTED_EDGE('',*,*,#15602,.F.);
#15605=ORIENTED_EDGE('',*,*,#15604,.F.);
#15606=ORIENTED_EDGE('',*,*,#15581,.F.);
#15608=ORIENTED_EDGE('',*,*,#15607,.F.);
#15610=ORIENTED_EDGE('',*,*,#15609,.F.);
#15611=EDGE_LOOP('',(#15601,#15603,#15605,#15606,#15608,#15610));
#15612=FACE_OUTER_BOUND('',#15611,.F.);
#15613=ADVANCED_FACE('',(#15612),#15599,.T.);
#15614=FILL_AREA_STYLE_COLOUR('',#60);
#15615=FILL_AREA_STYLE('',(#15614));
#15616=SURFACE_STYLE_FILL_AREA(#15615);
#15617=SURFACE_SIDE_STYLE('',(#15616));
#15618=SURFACE_STYLE_USAGE(.BOTH.,#15617);
#15619=PRESENTATION_STYLE_ASSIGNMENT((#15618));
#15620=STYLED_ITEM('',(#15619),#15613);
#15621=CARTESIAN_POINT('',(-1.775E1,-2.E0,-7.5E0));
#15622=DIRECTION('',(0.E0,1.E0,0.E0));
#15623=DIRECTION('',(1.E0,0.E0,0.E0));
#15624=AXIS2_PLACEMENT_3D('',#15621,#15622,#15623);
#15625=PLANE('',#15624);
#15626=ORIENTED_EDGE('',*,*,#15600,.F.);
#15628=ORIENTED_EDGE('',*,*,#15627,.F.);
#15629=EDGE_LOOP('',(#15626,#15628));
#15630=FACE_OUTER_BOUND('',#15629,.F.);
#15632=ORIENTED_EDGE('',*,*,#15631,.T.);
#15634=ORIENTED_EDGE('',*,*,#15633,.T.);
#15635=EDGE_LOOP('',(#15632,#15634));
#15636=FACE_BOUND('',#15635,.F.);
#15637=ADVANCED_FACE('',(#15630,#15636),#15625,.F.);
#15638=CARTESIAN_POINT('',(-1.775E1,3.E0,-7.499999999997E0));
#15639=DIRECTION('',(0.E0,1.E0,0.E0));
#15640=DIRECTION('',(-9.980267284281E-1,0.E0,-6.279051953268E-2));
#15641=AXIS2_PLACEMENT_3D('',#15638,#15639,#15640);
#15642=CYLINDRICAL_SURFACE('',#15641,7.999999999977E-1);
#15644=ORIENTED_EDGE('',*,*,#15643,.F.);
#15646=ORIENTED_EDGE('',*,*,#15645,.T.);
#15647=ORIENTED_EDGE('',*,*,#15631,.F.);
#15649=ORIENTED_EDGE('',*,*,#15648,.T.);
#15650=EDGE_LOOP('',(#15644,#15646,#15647,#15649));
#15651=FACE_OUTER_BOUND('',#15650,.F.);
#15652=ADVANCED_FACE('',(#15651),#15642,.F.);
#15653=CARTESIAN_POINT('',(-1.775E1,8.E0,-7.5E0));
#15654=DIRECTION('',(0.E0,1.E0,0.E0));
#15655=DIRECTION('',(-1.E0,0.E0,0.E0));
#15656=AXIS2_PLACEMENT_3D('',#15653,#15654,#15655);
#15657=PLANE('',#15656);
#15658=ORIENTED_EDGE('',*,*,#15643,.T.);
#15660=ORIENTED_EDGE('',*,*,#15659,.T.);
#15661=EDGE_LOOP('',(#15658,#15660));
#15662=FACE_OUTER_BOUND('',#15661,.F.);
#15663=ADVANCED_FACE('',(#15662),#15657,.F.);
#15664=CARTESIAN_POINT('',(-1.775E1,3.E0,-7.500000000003E0));
#15665=DIRECTION('',(0.E0,1.E0,0.E0));
#15666=DIRECTION('',(9.980267284281E-1,0.E0,6.279051953268E-2));
#15667=AXIS2_PLACEMENT_3D('',#15664,#15665,#15666);
#15668=CYLINDRICAL_SURFACE('',#15667,7.999999999977E-1);
#15669=ORIENTED_EDGE('',*,*,#15659,.F.);
#15670=ORIENTED_EDGE('',*,*,#15648,.F.);
#15671=ORIENTED_EDGE('',*,*,#15633,.F.);
#15672=ORIENTED_EDGE('',*,*,#15645,.F.);
#15673=EDGE_LOOP('',(#15669,#15670,#15671,#15672));
#15674=FACE_OUTER_BOUND('',#15673,.F.);
#15675=ADVANCED_FACE('',(#15674),#15668,.F.);
#15676=CARTESIAN_POINT('',(-1.775E1,1.065E1,-7.500000000001E0));
#15677=DIRECTION('',(0.E0,-1.E0,0.E0));
#15678=DIRECTION('',(-9.980267284282E-1,0.E0,6.279051953052E-2));
#15679=AXIS2_PLACEMENT_3D('',#15676,#15677,#15678);
#15680=CYLINDRICAL_SURFACE('',#15679,1.049991398970E0);
#15681=ORIENTED_EDGE('',*,*,#15627,.T.);
#15682=ORIENTED_EDGE('',*,*,#15609,.T.);
#15683=ORIENTED_EDGE('',*,*,#15607,.T.);
#15684=ORIENTED_EDGE('',*,*,#15583,.F.);
#15685=ORIENTED_EDGE('',*,*,#15604,.T.);
#15686=ORIENTED_EDGE('',*,*,#15602,.T.);
#15687=EDGE_LOOP('',(#15681,#15682,#15683,#15684,#15685,#15686));
#15688=FACE_OUTER_BOUND('',#15687,.F.);
#15689=ADVANCED_FACE('',(#15688),#15680,.T.);
#15690=FILL_AREA_STYLE_COLOUR('',#60);
#15691=FILL_AREA_STYLE('',(#15690));
#15692=SURFACE_STYLE_FILL_AREA(#15691);
#15693=SURFACE_SIDE_STYLE('',(#15692));
#15694=SURFACE_STYLE_USAGE(.BOTH.,#15693);
#15695=PRESENTATION_STYLE_ASSIGNMENT((#15694));
#15696=STYLED_ITEM('',(#15695),#15689);
#15697=CLOSED_SHELL('',(#15587,#15613,#15637,#15652,#15663,#15675,#15689));
#15698=CARTESIAN_POINT('',(1.775E1,-2.E0,-7.499999999999E0));
#15699=DIRECTION('',(0.E0,-1.E0,0.E0));
#15700=DIRECTION('',(1.E0,0.E0,7.272126116128E-12));
#15701=AXIS2_PLACEMENT_3D('',#15698,#15699,#15700);
#15703=CARTESIAN_POINT('',(1.775E1,2.04E1,-7.499999999999E0));
#15704=DIRECTION('',(0.E0,-1.E0,0.E0));
#15705=DIRECTION('',(1.E0,0.E0,7.271280224989E-12));
#15706=AXIS2_PLACEMENT_3D('',#15703,#15704,#15705);
#15708=CARTESIAN_POINT('',(1.775E1,-2.E0,-7.499999999997E0));
#15709=DIRECTION('',(0.E0,-1.E0,0.E0));
#15710=DIRECTION('',(1.E0,0.E0,-3.730349362751E-12));
#15711=AXIS2_PLACEMENT_3D('',#15708,#15709,#15710);
#15713=CARTESIAN_POINT('',(1.775E1,-2.E0,-7.500000000003E0));
#15714=DIRECTION('',(0.E0,-1.E0,0.E0));
#15715=DIRECTION('',(-1.E0,0.E0,3.734790254850E-12));
#15716=AXIS2_PLACEMENT_3D('',#15713,#15714,#15715);
#15718=CARTESIAN_POINT('',(1.775E1,8.E0,-7.499999999997E0));
#15719=DIRECTION('',(0.E0,1.E0,0.E0));
#15720=DIRECTION('',(-1.E0,0.E0,-3.856914787559E-12));
#15721=AXIS2_PLACEMENT_3D('',#15718,#15719,#15720);
#15723=CARTESIAN_POINT('',(1.775E1,8.E0,-7.500000000003E0));
#15724=DIRECTION('',(0.E0,1.E0,0.E0));
#15725=DIRECTION('',(1.E0,0.E0,3.609335053067E-12));
#15726=AXIS2_PLACEMENT_3D('',#15723,#15724,#15725);
#15728=DIRECTION('',(-1.634248292248E-13,1.E0,0.E0));
#15729=VECTOR('',#15728,1.E1);
#15730=CARTESIAN_POINT('',(1.855E1,-2.E0,-7.5E0));
#15731=LINE('',#15730,#15729);
#15732=DIRECTION('',(1.634248292248E-13,-1.E0,0.E0));
#15733=VECTOR('',#15732,1.E1);
#15734=CARTESIAN_POINT('',(1.695E1,8.E0,-7.5E0));
#15735=LINE('',#15734,#15733);
#15736=CARTESIAN_POINT('',(1.775E1,-2.E0,-7.500000000001E0));
#15737=DIRECTION('',(0.E0,-1.E0,0.E0));
#15738=DIRECTION('',(-1.E0,0.E0,-7.390550875492E-12));
#15739=AXIS2_PLACEMENT_3D('',#15736,#15737,#15738);
#15741=DIRECTION('',(1.232425717035E-9,1.E0,-1.396216475769E-12));
#15742=VECTOR('',#15741,2.E0);
#15743=CARTESIAN_POINT('',(1.879999139651E1,-2.E0,-7.499999999997E0));
#15744=LINE('',#15743,#15742);
#15745=DIRECTION('',(-1.208260506897E-10,1.E0,1.368839682126E-13));
#15746=VECTOR('',#15745,2.04E1);
#15747=CARTESIAN_POINT('',(1.879999139897E1,0.E0,-7.5E0));
#15748=LINE('',#15747,#15746);
#15749=CARTESIAN_POINT('',(1.775E1,2.04E1,-7.500000000001E0));
#15750=DIRECTION('',(0.E0,-1.E0,0.E0));
#15751=DIRECTION('',(-1.E0,0.E0,-7.390550875492E-12));
#15752=AXIS2_PLACEMENT_3D('',#15749,#15750,#15751);
#15754=DIRECTION('',(-1.208257023844E-10,-1.E0,1.368404300548E-13));
#15755=VECTOR('',#15754,2.04E1);
#15756=CARTESIAN_POINT('',(1.670000860349E1,2.04E1,-7.500000000003E0));
#15757=LINE('',#15756,#15755);
#15758=DIRECTION('',(1.232422164321E-9,-1.E0,-1.395772386559E-12));
#15759=VECTOR('',#15758,2.E0);
#15760=CARTESIAN_POINT('',(1.670000860103E1,0.E0,-7.5E0));
#15761=LINE('',#15760,#15759);
#15762=CARTESIAN_POINT('',(1.695E1,8.E0,-7.5E0));
#15763=CARTESIAN_POINT('',(1.855E1,8.E0,-7.5E0));
#15764=VERTEX_POINT('',#15762);
#15765=VERTEX_POINT('',#15763);
#15766=CARTESIAN_POINT('',(1.855E1,-2.E0,-7.5E0));
#15767=VERTEX_POINT('',#15766);
#15768=CARTESIAN_POINT('',(1.695E1,-2.E0,-7.5E0));
#15769=VERTEX_POINT('',#15768);
#15770=CARTESIAN_POINT('',(1.879999139897E1,2.04E1,-7.499999999991E0));
#15771=CARTESIAN_POINT('',(1.670000860103E1,2.04E1,-7.500000000009E0));
#15772=VERTEX_POINT('',#15770);
#15773=VERTEX_POINT('',#15771);
#15774=CARTESIAN_POINT('',(1.670000860103E1,0.E0,-7.5E0));
#15775=VERTEX_POINT('',#15774);
#15776=CARTESIAN_POINT('',(1.879999139897E1,0.E0,-7.5E0));
#15777=VERTEX_POINT('',#15776);
#15778=CARTESIAN_POINT('',(1.879999139897E1,-2.E0,-7.499999999991E0));
#15779=CARTESIAN_POINT('',(1.670000860103E1,-2.E0,-7.500000000009E0));
#15780=VERTEX_POINT('',#15778);
#15781=VERTEX_POINT('',#15779);
#15782=CARTESIAN_POINT('',(0.E0,2.04E1,0.E0));
#15783=DIRECTION('',(0.E0,1.E0,0.E0));
#15784=DIRECTION('',(1.E0,0.E0,0.E0));
#15785=AXIS2_PLACEMENT_3D('',#15782,#15783,#15784);
#15786=PLANE('',#15785);
#15788=ORIENTED_EDGE('',*,*,#15787,.T.);
#15790=ORIENTED_EDGE('',*,*,#15789,.T.);
#15791=EDGE_LOOP('',(#15788,#15790));
#15792=FACE_OUTER_BOUND('',#15791,.F.);
#15793=ADVANCED_FACE('',(#15792),#15786,.T.);
#15794=FILL_AREA_STYLE_COLOUR('',#60);
#15795=FILL_AREA_STYLE('',(#15794));
#15796=SURFACE_STYLE_FILL_AREA(#15795);
#15797=SURFACE_SIDE_STYLE('',(#15796));
#15798=SURFACE_STYLE_USAGE(.BOTH.,#15797);
#15799=PRESENTATION_STYLE_ASSIGNMENT((#15798));
#15800=STYLED_ITEM('',(#15799),#15793);
#15801=CARTESIAN_POINT('',(1.775E1,1.065E1,-7.499999999999E0));
#15802=DIRECTION('',(0.E0,-1.E0,0.E0));
#15803=DIRECTION('',(9.980267284282E-1,0.E0,-6.279051953051E-2));
#15804=AXIS2_PLACEMENT_3D('',#15801,#15802,#15803);
#15805=CYLINDRICAL_SURFACE('',#15804,1.049991398970E0);
#15807=ORIENTED_EDGE('',*,*,#15806,.T.);
#15809=ORIENTED_EDGE('',*,*,#15808,.F.);
#15811=ORIENTED_EDGE('',*,*,#15810,.F.);
#15812=ORIENTED_EDGE('',*,*,#15787,.F.);
#15814=ORIENTED_EDGE('',*,*,#15813,.F.);
#15816=ORIENTED_EDGE('',*,*,#15815,.F.);
#15817=EDGE_LOOP('',(#15807,#15809,#15811,#15812,#15814,#15816));
#15818=FACE_OUTER_BOUND('',#15817,.F.);
#15819=ADVANCED_FACE('',(#15818),#15805,.T.);
#15820=FILL_AREA_STYLE_COLOUR('',#60);
#15821=FILL_AREA_STYLE('',(#15820));
#15822=SURFACE_STYLE_FILL_AREA(#15821);
#15823=SURFACE_SIDE_STYLE('',(#15822));
#15824=SURFACE_STYLE_USAGE(.BOTH.,#15823);
#15825=PRESENTATION_STYLE_ASSIGNMENT((#15824));
#15826=STYLED_ITEM('',(#15825),#15819);
#15827=CARTESIAN_POINT('',(1.775E1,-2.E0,-7.5E0));
#15828=DIRECTION('',(0.E0,1.E0,0.E0));
#15829=DIRECTION('',(1.E0,0.E0,0.E0));
#15830=AXIS2_PLACEMENT_3D('',#15827,#15828,#15829);
#15831=PLANE('',#15830);
#15832=ORIENTED_EDGE('',*,*,#15806,.F.);
#15834=ORIENTED_EDGE('',*,*,#15833,.F.);
#15835=EDGE_LOOP('',(#15832,#15834));
#15836=FACE_OUTER_BOUND('',#15835,.F.);
#15838=ORIENTED_EDGE('',*,*,#15837,.T.);
#15840=ORIENTED_EDGE('',*,*,#15839,.T.);
#15841=EDGE_LOOP('',(#15838,#15840));
#15842=FACE_BOUND('',#15841,.F.);
#15843=ADVANCED_FACE('',(#15836,#15842),#15831,.F.);
#15844=CARTESIAN_POINT('',(1.775E1,3.E0,-7.499999999997E0));
#15845=DIRECTION('',(0.E0,1.E0,0.E0));
#15846=DIRECTION('',(-9.980267284281E-1,0.E0,-6.279051953268E-2));
#15847=AXIS2_PLACEMENT_3D('',#15844,#15845,#15846);
#15848=CYLINDRICAL_SURFACE('',#15847,7.999999999977E-1);
#15850=ORIENTED_EDGE('',*,*,#15849,.F.);
#15852=ORIENTED_EDGE('',*,*,#15851,.T.);
#15853=ORIENTED_EDGE('',*,*,#15837,.F.);
#15855=ORIENTED_EDGE('',*,*,#15854,.T.);
#15856=EDGE_LOOP('',(#15850,#15852,#15853,#15855));
#15857=FACE_OUTER_BOUND('',#15856,.F.);
#15858=ADVANCED_FACE('',(#15857),#15848,.F.);
#15859=CARTESIAN_POINT('',(1.775E1,8.E0,-7.5E0));
#15860=DIRECTION('',(0.E0,1.E0,0.E0));
#15861=DIRECTION('',(-1.E0,0.E0,0.E0));
#15862=AXIS2_PLACEMENT_3D('',#15859,#15860,#15861);
#15863=PLANE('',#15862);
#15864=ORIENTED_EDGE('',*,*,#15849,.T.);
#15866=ORIENTED_EDGE('',*,*,#15865,.T.);
#15867=EDGE_LOOP('',(#15864,#15866));
#15868=FACE_OUTER_BOUND('',#15867,.F.);
#15869=ADVANCED_FACE('',(#15868),#15863,.F.);
#15870=CARTESIAN_POINT('',(1.775E1,3.E0,-7.500000000003E0));
#15871=DIRECTION('',(0.E0,1.E0,0.E0));
#15872=DIRECTION('',(9.980267284281E-1,0.E0,6.279051953268E-2));
#15873=AXIS2_PLACEMENT_3D('',#15870,#15871,#15872);
#15874=CYLINDRICAL_SURFACE('',#15873,7.999999999977E-1);
#15875=ORIENTED_EDGE('',*,*,#15865,.F.);
#15876=ORIENTED_EDGE('',*,*,#15854,.F.);
#15877=ORIENTED_EDGE('',*,*,#15839,.F.);
#15878=ORIENTED_EDGE('',*,*,#15851,.F.);
#15879=EDGE_LOOP('',(#15875,#15876,#15877,#15878));
#15880=FACE_OUTER_BOUND('',#15879,.F.);
#15881=ADVANCED_FACE('',(#15880),#15874,.F.);
#15882=CARTESIAN_POINT('',(1.775E1,1.065E1,-7.500000000001E0));
#15883=DIRECTION('',(0.E0,-1.E0,0.E0));
#15884=DIRECTION('',(-9.980267284282E-1,0.E0,6.279051953051E-2));
#15885=AXIS2_PLACEMENT_3D('',#15882,#15883,#15884);
#15886=CYLINDRICAL_SURFACE('',#15885,1.049991398970E0);
#15887=ORIENTED_EDGE('',*,*,#15833,.T.);
#15888=ORIENTED_EDGE('',*,*,#15815,.T.);
#15889=ORIENTED_EDGE('',*,*,#15813,.T.);
#15890=ORIENTED_EDGE('',*,*,#15789,.F.);
#15891=ORIENTED_EDGE('',*,*,#15810,.T.);
#15892=ORIENTED_EDGE('',*,*,#15808,.T.);
#15893=EDGE_LOOP('',(#15887,#15888,#15889,#15890,#15891,#15892));
#15894=FACE_OUTER_BOUND('',#15893,.F.);
#15895=ADVANCED_FACE('',(#15894),#15886,.T.);
#15896=FILL_AREA_STYLE_COLOUR('',#60);
#15897=FILL_AREA_STYLE('',(#15896));
#15898=SURFACE_STYLE_FILL_AREA(#15897);
#15899=SURFACE_SIDE_STYLE('',(#15898));
#15900=SURFACE_STYLE_USAGE(.BOTH.,#15899);
#15901=PRESENTATION_STYLE_ASSIGNMENT((#15900));
#15902=STYLED_ITEM('',(#15901),#15895);
#15903=CLOSED_SHELL('',(#15793,#15819,#15843,#15858,#15869,#15881,#15895));
#15904=CARTESIAN_POINT('',(-1.775E1,-2.E0,7.500000000001E0));
#15905=DIRECTION('',(0.E0,-1.E0,0.E0));
#15906=DIRECTION('',(1.E0,0.E0,7.308499435075E-12));
#15907=AXIS2_PLACEMENT_3D('',#15904,#15905,#15906);
#15909=CARTESIAN_POINT('',(-1.775E1,2.04E1,7.500000000001E0));
#15910=DIRECTION('',(0.E0,-1.E0,0.E0));
#15911=DIRECTION('',(1.E0,0.E0,7.308499435075E-12));
#15912=AXIS2_PLACEMENT_3D('',#15909,#15910,#15911);
#15914=CARTESIAN_POINT('',(-1.775E1,-2.E0,7.500000000003E0));
#15915=DIRECTION('',(0.E0,-1.E0,0.E0));
#15916=DIRECTION('',(1.E0,0.E0,-3.733680031825E-12));
#15917=AXIS2_PLACEMENT_3D('',#15914,#15915,#15916);
#15919=CARTESIAN_POINT('',(-1.775E1,-2.E0,7.499999999997E0));
#15920=DIRECTION('',(0.E0,-1.E0,0.E0));
#15921=DIRECTION('',(-1.E0,0.E0,3.732569808800E-12));
#15922=AXIS2_PLACEMENT_3D('',#15919,#15920,#15921);
#15924=CARTESIAN_POINT('',(-1.775E1,8.E0,7.500000000003E0));
#15925=DIRECTION('',(0.E0,1.E0,0.E0));
#15926=DIRECTION('',(-1.E0,0.E0,-3.861355679657E-12));
#15927=AXIS2_PLACEMENT_3D('',#15924,#15925,#15926);
#15929=CARTESIAN_POINT('',(-1.775E1,8.E0,7.499999999997E0));
#15930=DIRECTION('',(0.E0,1.E0,0.E0));
#15931=DIRECTION('',(1.E0,0.E0,3.606004383993E-12));
#15932=AXIS2_PLACEMENT_3D('',#15929,#15930,#15931);
#15934=DIRECTION('',(-1.630695578569E-13,1.E0,0.E0));
#15935=VECTOR('',#15934,1.E1);
#15936=CARTESIAN_POINT('',(-1.695E1,-2.E0,7.5E0));
#15937=LINE('',#15936,#15935);
#15938=DIRECTION('',(1.634248292248E-13,-1.E0,0.E0));
#15939=VECTOR('',#15938,1.E1);
#15940=CARTESIAN_POINT('',(-1.855E1,8.E0,7.5E0));
#15941=LINE('',#15940,#15939);
#15942=CARTESIAN_POINT('',(-1.775E1,-2.E0,7.499999999999E0));
#15943=DIRECTION('',(0.E0,-1.E0,0.E0));
#15944=DIRECTION('',(-1.E0,0.E0,-7.353331665406E-12));
#15945=AXIS2_PLACEMENT_3D('',#15942,#15943,#15944);
#15947=DIRECTION('',(1.232427493392E-9,1.E0,-1.401545546287E-12));
#15948=VECTOR('',#15947,2.E0);
#15949=CARTESIAN_POINT('',(-1.670000860349E1,-2.E0,7.500000000003E0));
#15950=LINE('',#15949,#15948);
#15951=DIRECTION('',(-1.208258765371E-10,1.E0,1.374064261065E-13));
#15952=VECTOR('',#15951,2.04E1);
#15953=CARTESIAN_POINT('',(-1.670000860103E1,0.E0,7.5E0));
#15954=LINE('',#15953,#15952);
#15955=CARTESIAN_POINT('',(-1.775E1,2.04E1,7.499999999999E0));
#15956=DIRECTION('',(0.E0,-1.E0,0.E0));
#15957=DIRECTION('',(-1.E0,0.E0,-7.354177556545E-12));
#15958=AXIS2_PLACEMENT_3D('',#15955,#15956,#15957);
#15960=DIRECTION('',(-1.208257023844E-10,-1.E0,1.363179721608E-13));
#15961=VECTOR('',#15960,2.04E1);
#15962=CARTESIAN_POINT('',(-1.879999139651E1,2.04E1,7.499999999997E0));
#15963=LINE('',#15962,#15961);
#15964=DIRECTION('',(1.232423940678E-9,-1.E0,-1.390443316041E-12));
#15965=VECTOR('',#15964,2.E0);
#15966=CARTESIAN_POINT('',(-1.879999139897E1,0.E0,7.5E0));
#15967=LINE('',#15966,#15965);
#15968=CARTESIAN_POINT('',(-1.855E1,8.E0,7.5E0));
#15969=CARTESIAN_POINT('',(-1.695E1,8.E0,7.5E0));
#15970=VERTEX_POINT('',#15968);
#15971=VERTEX_POINT('',#15969);
#15972=CARTESIAN_POINT('',(-1.695E1,-2.E0,7.5E0));
#15973=VERTEX_POINT('',#15972);
#15974=CARTESIAN_POINT('',(-1.855E1,-2.E0,7.5E0));
#15975=VERTEX_POINT('',#15974);
#15976=CARTESIAN_POINT('',(-1.670000860103E1,2.04E1,7.500000000009E0));
#15977=CARTESIAN_POINT('',(-1.879999139897E1,2.04E1,7.499999999991E0));
#15978=VERTEX_POINT('',#15976);
#15979=VERTEX_POINT('',#15977);
#15980=CARTESIAN_POINT('',(-1.879999139897E1,0.E0,7.5E0));
#15981=VERTEX_POINT('',#15980);
#15982=CARTESIAN_POINT('',(-1.670000860103E1,0.E0,7.5E0));
#15983=VERTEX_POINT('',#15982);
#15984=CARTESIAN_POINT('',(-1.670000860103E1,-2.E0,7.500000000009E0));
#15985=CARTESIAN_POINT('',(-1.879999139897E1,-2.E0,7.499999999991E0));
#15986=VERTEX_POINT('',#15984);
#15987=VERTEX_POINT('',#15985);
#15988=CARTESIAN_POINT('',(0.E0,2.04E1,0.E0));
#15989=DIRECTION('',(0.E0,1.E0,0.E0));
#15990=DIRECTION('',(1.E0,0.E0,0.E0));
#15991=AXIS2_PLACEMENT_3D('',#15988,#15989,#15990);
#15992=PLANE('',#15991);
#15994=ORIENTED_EDGE('',*,*,#15993,.T.);
#15996=ORIENTED_EDGE('',*,*,#15995,.T.);
#15997=EDGE_LOOP('',(#15994,#15996));
#15998=FACE_OUTER_BOUND('',#15997,.F.);
#15999=ADVANCED_FACE('',(#15998),#15992,.T.);
#16000=FILL_AREA_STYLE_COLOUR('',#60);
#16001=FILL_AREA_STYLE('',(#16000));
#16002=SURFACE_STYLE_FILL_AREA(#16001);
#16003=SURFACE_SIDE_STYLE('',(#16002));
#16004=SURFACE_STYLE_USAGE(.BOTH.,#16003);
#16005=PRESENTATION_STYLE_ASSIGNMENT((#16004));
#16006=STYLED_ITEM('',(#16005),#15999);
#16007=CARTESIAN_POINT('',(-1.775E1,1.065E1,7.500000000001E0));
#16008=DIRECTION('',(0.E0,-1.E0,0.E0));
#16009=DIRECTION('',(9.980267284282E-1,0.E0,-6.279051953051E-2));
#16010=AXIS2_PLACEMENT_3D('',#16007,#16008,#16009);
#16011=CYLINDRICAL_SURFACE('',#16010,1.049991398970E0);
#16013=ORIENTED_EDGE('',*,*,#16012,.T.);
#16015=ORIENTED_EDGE('',*,*,#16014,.F.);
#16017=ORIENTED_EDGE('',*,*,#16016,.F.);
#16018=ORIENTED_EDGE('',*,*,#15993,.F.);
#16020=ORIENTED_EDGE('',*,*,#16019,.F.);
#16022=ORIENTED_EDGE('',*,*,#16021,.F.);
#16023=EDGE_LOOP('',(#16013,#16015,#16017,#16018,#16020,#16022));
#16024=FACE_OUTER_BOUND('',#16023,.F.);
#16025=ADVANCED_FACE('',(#16024),#16011,.T.);
#16026=FILL_AREA_STYLE_COLOUR('',#60);
#16027=FILL_AREA_STYLE('',(#16026));
#16028=SURFACE_STYLE_FILL_AREA(#16027);
#16029=SURFACE_SIDE_STYLE('',(#16028));
#16030=SURFACE_STYLE_USAGE(.BOTH.,#16029);
#16031=PRESENTATION_STYLE_ASSIGNMENT((#16030));
#16032=STYLED_ITEM('',(#16031),#16025);
#16033=CARTESIAN_POINT('',(-1.775E1,-2.E0,7.5E0));
#16034=DIRECTION('',(0.E0,1.E0,0.E0));
#16035=DIRECTION('',(1.E0,0.E0,0.E0));
#16036=AXIS2_PLACEMENT_3D('',#16033,#16034,#16035);
#16037=PLANE('',#16036);
#16038=ORIENTED_EDGE('',*,*,#16012,.F.);
#16040=ORIENTED_EDGE('',*,*,#16039,.F.);
#16041=EDGE_LOOP('',(#16038,#16040));
#16042=FACE_OUTER_BOUND('',#16041,.F.);
#16044=ORIENTED_EDGE('',*,*,#16043,.T.);
#16046=ORIENTED_EDGE('',*,*,#16045,.T.);
#16047=EDGE_LOOP('',(#16044,#16046));
#16048=FACE_BOUND('',#16047,.F.);
#16049=ADVANCED_FACE('',(#16042,#16048),#16037,.F.);
#16050=CARTESIAN_POINT('',(-1.775E1,3.E0,7.500000000003E0));
#16051=DIRECTION('',(0.E0,1.E0,0.E0));
#16052=DIRECTION('',(-9.980267284281E-1,0.E0,-6.279051953268E-2));
#16053=AXIS2_PLACEMENT_3D('',#16050,#16051,#16052);
#16054=CYLINDRICAL_SURFACE('',#16053,7.999999999977E-1);
#16056=ORIENTED_EDGE('',*,*,#16055,.F.);
#16058=ORIENTED_EDGE('',*,*,#16057,.T.);
#16059=ORIENTED_EDGE('',*,*,#16043,.F.);
#16061=ORIENTED_EDGE('',*,*,#16060,.T.);
#16062=EDGE_LOOP('',(#16056,#16058,#16059,#16061));
#16063=FACE_OUTER_BOUND('',#16062,.F.);
#16064=ADVANCED_FACE('',(#16063),#16054,.F.);
#16065=CARTESIAN_POINT('',(-1.775E1,8.E0,7.5E0));
#16066=DIRECTION('',(0.E0,1.E0,0.E0));
#16067=DIRECTION('',(-1.E0,0.E0,0.E0));
#16068=AXIS2_PLACEMENT_3D('',#16065,#16066,#16067);
#16069=PLANE('',#16068);
#16070=ORIENTED_EDGE('',*,*,#16055,.T.);
#16072=ORIENTED_EDGE('',*,*,#16071,.T.);
#16073=EDGE_LOOP('',(#16070,#16072));
#16074=FACE_OUTER_BOUND('',#16073,.F.);
#16075=ADVANCED_FACE('',(#16074),#16069,.F.);
#16076=CARTESIAN_POINT('',(-1.775E1,3.E0,7.499999999997E0));
#16077=DIRECTION('',(0.E0,1.E0,0.E0));
#16078=DIRECTION('',(9.980267284281E-1,0.E0,6.279051953268E-2));
#16079=AXIS2_PLACEMENT_3D('',#16076,#16077,#16078);
#16080=CYLINDRICAL_SURFACE('',#16079,7.999999999977E-1);
#16081=ORIENTED_EDGE('',*,*,#16071,.F.);
#16082=ORIENTED_EDGE('',*,*,#16060,.F.);
#16083=ORIENTED_EDGE('',*,*,#16045,.F.);
#16084=ORIENTED_EDGE('',*,*,#16057,.F.);
#16085=EDGE_LOOP('',(#16081,#16082,#16083,#16084));
#16086=FACE_OUTER_BOUND('',#16085,.F.);
#16087=ADVANCED_FACE('',(#16086),#16080,.F.);
#16088=CARTESIAN_POINT('',(-1.775E1,1.065E1,7.499999999999E0));
#16089=DIRECTION('',(0.E0,-1.E0,0.E0));
#16090=DIRECTION('',(-9.980267284282E-1,0.E0,6.279051953051E-2));
#16091=AXIS2_PLACEMENT_3D('',#16088,#16089,#16090);
#16092=CYLINDRICAL_SURFACE('',#16091,1.049991398970E0);
#16093=ORIENTED_EDGE('',*,*,#16039,.T.);
#16094=ORIENTED_EDGE('',*,*,#16021,.T.);
#16095=ORIENTED_EDGE('',*,*,#16019,.T.);
#16096=ORIENTED_EDGE('',*,*,#15995,.F.);
#16097=ORIENTED_EDGE('',*,*,#16016,.T.);
#16098=ORIENTED_EDGE('',*,*,#16014,.T.);
#16099=EDGE_LOOP('',(#16093,#16094,#16095,#16096,#16097,#16098));
#16100=FACE_OUTER_BOUND('',#16099,.F.);
#16101=ADVANCED_FACE('',(#16100),#16092,.T.);
#16102=FILL_AREA_STYLE_COLOUR('',#60);
#16103=FILL_AREA_STYLE('',(#16102));
#16104=SURFACE_STYLE_FILL_AREA(#16103);
#16105=SURFACE_SIDE_STYLE('',(#16104));
#16106=SURFACE_STYLE_USAGE(.BOTH.,#16105);
#16107=PRESENTATION_STYLE_ASSIGNMENT((#16106));
#16108=STYLED_ITEM('',(#16107),#16101);
#16109=CLOSED_SHELL('',(#15999,#16025,#16049,#16064,#16075,#16087,#16101));
#16110=CARTESIAN_POINT('',(1.775E1,-2.E0,7.500000000003E0));
#16111=DIRECTION('',(0.E0,-1.E0,0.E0));
#16112=DIRECTION('',(1.E0,0.E0,-3.731459585776E-12));
#16113=AXIS2_PLACEMENT_3D('',#16110,#16111,#16112);
#16115=CARTESIAN_POINT('',(1.775E1,-2.E0,7.499999999997E0));
#16116=DIRECTION('',(0.E0,-1.E0,0.E0));
#16117=DIRECTION('',(-1.E0,0.E0,3.734790254850E-12));
#16118=AXIS2_PLACEMENT_3D('',#16115,#16116,#16117);
#16120=CARTESIAN_POINT('',(1.775E1,8.E0,7.500000000003E0));
#16121=DIRECTION('',(0.E0,1.E0,0.E0));
#16122=DIRECTION('',(-1.E0,0.E0,-3.859135233608E-12));
#16123=AXIS2_PLACEMENT_3D('',#16120,#16121,#16122);
#16125=CARTESIAN_POINT('',(1.775E1,8.E0,7.499999999997E0));
#16126=DIRECTION('',(0.E0,1.E0,0.E0));
#16127=DIRECTION('',(1.E0,0.E0,3.608224830042E-12));
#16128=AXIS2_PLACEMENT_3D('',#16125,#16126,#16127);
#16130=DIRECTION('',(-1.634248292248E-13,1.E0,0.E0));
#16131=VECTOR('',#16130,1.E1);
#16132=CARTESIAN_POINT('',(1.855E1,-2.E0,7.5E0));
#16133=LINE('',#16132,#16131);
#16134=DIRECTION('',(1.634248292248E-13,-1.E0,0.E0));
#16135=VECTOR('',#16134,1.E1);
#16136=CARTESIAN_POINT('',(1.695E1,8.E0,7.5E0));
#16137=LINE('',#16136,#16135);
#16138=CARTESIAN_POINT('',(1.775E1,-2.E0,7.500000000001E0));
#16139=DIRECTION('',(0.E0,-1.E0,0.E0));
#16140=DIRECTION('',(1.E0,0.E0,7.281430918649E-12));
#16141=AXIS2_PLACEMENT_3D('',#16138,#16139,#16140);
#16143=CARTESIAN_POINT('',(1.775E1,2.04E1,7.500000000001E0));
#16144=DIRECTION('',(0.E0,-1.E0,0.E0));
#16145=DIRECTION('',(1.E0,0.E0,7.281430918649E-12));
#16146=AXIS2_PLACEMENT_3D('',#16143,#16144,#16145);
#16148=CARTESIAN_POINT('',(1.775E1,-2.E0,7.499999999999E0));
#16149=DIRECTION('',(0.E0,-1.E0,0.E0));
#16150=DIRECTION('',(-1.E0,0.E0,-7.379554290694E-12));
#16151=AXIS2_PLACEMENT_3D('',#16148,#16149,#16150);
#16153=DIRECTION('',(1.232423940678E-9,1.E0,-1.397548743398E-12));
#16154=VECTOR('',#16153,2.E0);
#16155=CARTESIAN_POINT('',(1.879999139651E1,-2.E0,7.500000000003E0));
#16156=LINE('',#16155,#16154);
#16157=DIRECTION('',(-1.208258765371E-10,1.E0,1.370145826861E-13));
#16158=VECTOR('',#16157,2.04E1);
#16159=CARTESIAN_POINT('',(1.879999139897E1,0.E0,7.5E0));
#16160=LINE('',#16159,#16158);
#16161=CARTESIAN_POINT('',(1.775E1,2.04E1,7.499999999999E0));
#16162=DIRECTION('',(0.E0,-1.E0,0.E0));
#16163=DIRECTION('',(-1.E0,0.E0,-7.380400181832E-12));
#16164=AXIS2_PLACEMENT_3D('',#16161,#16162,#16163);
#16166=DIRECTION('',(-1.208253540792E-10,-1.E0,1.366662774235E-13));
#16167=VECTOR('',#16166,2.04E1);
#16168=CARTESIAN_POINT('',(1.670000860349E1,2.04E1,7.499999999997E0));
#16169=LINE('',#16168,#16167);
#16170=DIRECTION('',(1.232420387964E-9,-1.E0,-1.393996029719E-12));
#16171=VECTOR('',#16170,2.E0);
#16172=CARTESIAN_POINT('',(1.670000860103E1,0.E0,7.5E0));
#16173=LINE('',#16172,#16171);
#16174=CARTESIAN_POINT('',(1.695E1,8.E0,7.5E0));
#16175=CARTESIAN_POINT('',(1.855E1,8.E0,7.5E0));
#16176=VERTEX_POINT('',#16174);
#16177=VERTEX_POINT('',#16175);
#16178=CARTESIAN_POINT('',(1.855E1,-2.E0,7.5E0));
#16179=VERTEX_POINT('',#16178);
#16180=CARTESIAN_POINT('',(1.695E1,-2.E0,7.5E0));
#16181=VERTEX_POINT('',#16180);
#16182=CARTESIAN_POINT('',(1.879999139897E1,2.04E1,7.500000000009E0));
#16183=CARTESIAN_POINT('',(1.670000860103E1,2.04E1,7.499999999991E0));
#16184=VERTEX_POINT('',#16182);
#16185=VERTEX_POINT('',#16183);
#16186=CARTESIAN_POINT('',(1.670000860103E1,0.E0,7.5E0));
#16187=VERTEX_POINT('',#16186);
#16188=CARTESIAN_POINT('',(1.879999139897E1,0.E0,7.5E0));
#16189=VERTEX_POINT('',#16188);
#16190=CARTESIAN_POINT('',(1.879999139897E1,-2.E0,7.500000000009E0));
#16191=CARTESIAN_POINT('',(1.670000860103E1,-2.E0,7.499999999991E0));
#16192=VERTEX_POINT('',#16190);
#16193=VERTEX_POINT('',#16191);
#16194=CARTESIAN_POINT('',(1.775E1,-2.E0,7.5E0));
#16195=DIRECTION('',(0.E0,1.E0,0.E0));
#16196=DIRECTION('',(1.E0,0.E0,0.E0));
#16197=AXIS2_PLACEMENT_3D('',#16194,#16195,#16196);
#16198=PLANE('',#16197);
#16200=ORIENTED_EDGE('',*,*,#16199,.F.);
#16202=ORIENTED_EDGE('',*,*,#16201,.F.);
#16203=EDGE_LOOP('',(#16200,#16202));
#16204=FACE_OUTER_BOUND('',#16203,.F.);
#16206=ORIENTED_EDGE('',*,*,#16205,.T.);
#16208=ORIENTED_EDGE('',*,*,#16207,.T.);
#16209=EDGE_LOOP('',(#16206,#16208));
#16210=FACE_BOUND('',#16209,.F.);
#16211=ADVANCED_FACE('',(#16204,#16210),#16198,.F.);
#16212=CARTESIAN_POINT('',(1.775E1,3.E0,7.500000000003E0));
#16213=DIRECTION('',(0.E0,1.E0,0.E0));
#16214=DIRECTION('',(-9.980267284281E-1,0.E0,-6.279051953268E-2));
#16215=AXIS2_PLACEMENT_3D('',#16212,#16213,#16214);
#16216=CYLINDRICAL_SURFACE('',#16215,7.999999999977E-1);
#16218=ORIENTED_EDGE('',*,*,#16217,.F.);
#16220=ORIENTED_EDGE('',*,*,#16219,.T.);
#16221=ORIENTED_EDGE('',*,*,#16205,.F.);
#16223=ORIENTED_EDGE('',*,*,#16222,.T.);
#16224=EDGE_LOOP('',(#16218,#16220,#16221,#16223));
#16225=FACE_OUTER_BOUND('',#16224,.F.);
#16226=ADVANCED_FACE('',(#16225),#16216,.F.);
#16227=CARTESIAN_POINT('',(1.775E1,8.E0,7.5E0));
#16228=DIRECTION('',(0.E0,1.E0,0.E0));
#16229=DIRECTION('',(-1.E0,0.E0,0.E0));
#16230=AXIS2_PLACEMENT_3D('',#16227,#16228,#16229);
#16231=PLANE('',#16230);
#16232=ORIENTED_EDGE('',*,*,#16217,.T.);
#16234=ORIENTED_EDGE('',*,*,#16233,.T.);
#16235=EDGE_LOOP('',(#16232,#16234));
#16236=FACE_OUTER_BOUND('',#16235,.F.);
#16237=ADVANCED_FACE('',(#16236),#16231,.F.);
#16238=CARTESIAN_POINT('',(1.775E1,3.E0,7.499999999997E0));
#16239=DIRECTION('',(0.E0,1.E0,0.E0));
#16240=DIRECTION('',(9.980267284281E-1,0.E0,6.279051953268E-2));
#16241=AXIS2_PLACEMENT_3D('',#16238,#16239,#16240);
#16242=CYLINDRICAL_SURFACE('',#16241,7.999999999977E-1);
#16243=ORIENTED_EDGE('',*,*,#16233,.F.);
#16244=ORIENTED_EDGE('',*,*,#16222,.F.);
#16245=ORIENTED_EDGE('',*,*,#16207,.F.);
#16246=ORIENTED_EDGE('',*,*,#16219,.F.);
#16247=EDGE_LOOP('',(#16243,#16244,#16245,#16246));
#16248=FACE_OUTER_BOUND('',#16247,.F.);
#16249=ADVANCED_FACE('',(#16248),#16242,.F.);
#16250=CARTESIAN_POINT('',(1.775E1,1.065E1,7.500000000001E0));
#16251=DIRECTION('',(0.E0,-1.E0,0.E0));
#16252=DIRECTION('',(9.980267284282E-1,0.E0,-6.279051953052E-2));
#16253=AXIS2_PLACEMENT_3D('',#16250,#16251,#16252);
#16254=CYLINDRICAL_SURFACE('',#16253,1.049991398970E0);
#16255=ORIENTED_EDGE('',*,*,#16199,.T.);
#16257=ORIENTED_EDGE('',*,*,#16256,.F.);
#16259=ORIENTED_EDGE('',*,*,#16258,.F.);
#16261=ORIENTED_EDGE('',*,*,#16260,.F.);
#16263=ORIENTED_EDGE('',*,*,#16262,.F.);
#16265=ORIENTED_EDGE('',*,*,#16264,.F.);
#16266=EDGE_LOOP('',(#16255,#16257,#16259,#16261,#16263,#16265));
#16267=FACE_OUTER_BOUND('',#16266,.F.);
#16268=ADVANCED_FACE('',(#16267),#16254,.T.);
#16269=FILL_AREA_STYLE_COLOUR('',#60);
#16270=FILL_AREA_STYLE('',(#16269));
#16271=SURFACE_STYLE_FILL_AREA(#16270);
#16272=SURFACE_SIDE_STYLE('',(#16271));
#16273=SURFACE_STYLE_USAGE(.BOTH.,#16272);
#16274=PRESENTATION_STYLE_ASSIGNMENT((#16273));
#16275=STYLED_ITEM('',(#16274),#16268);
#16276=CARTESIAN_POINT('',(1.775E1,1.065E1,7.499999999999E0));
#16277=DIRECTION('',(0.E0,-1.E0,0.E0));
#16278=DIRECTION('',(-9.980267284282E-1,0.E0,6.279051953051E-2));
#16279=AXIS2_PLACEMENT_3D('',#16276,#16277,#16278);
#16280=CYLINDRICAL_SURFACE('',#16279,1.049991398970E0);
#16281=ORIENTED_EDGE('',*,*,#16201,.T.);
#16282=ORIENTED_EDGE('',*,*,#16264,.T.);
#16283=ORIENTED_EDGE('',*,*,#16262,.T.);
#16285=ORIENTED_EDGE('',*,*,#16284,.F.);
#16286=ORIENTED_EDGE('',*,*,#16258,.T.);
#16287=ORIENTED_EDGE('',*,*,#16256,.T.);
#16288=EDGE_LOOP('',(#16281,#16282,#16283,#16285,#16286,#16287));
#16289=FACE_OUTER_BOUND('',#16288,.F.);
#16290=ADVANCED_FACE('',(#16289),#16280,.T.);
#16291=FILL_AREA_STYLE_COLOUR('',#60);
#16292=FILL_AREA_STYLE('',(#16291));
#16293=SURFACE_STYLE_FILL_AREA(#16292);
#16294=SURFACE_SIDE_STYLE('',(#16293));
#16295=SURFACE_STYLE_USAGE(.BOTH.,#16294);
#16296=PRESENTATION_STYLE_ASSIGNMENT((#16295));
#16297=STYLED_ITEM('',(#16296),#16290);
#16298=CARTESIAN_POINT('',(0.E0,2.04E1,0.E0));
#16299=DIRECTION('',(0.E0,1.E0,0.E0));
#16300=DIRECTION('',(1.E0,0.E0,0.E0));
#16301=AXIS2_PLACEMENT_3D('',#16298,#16299,#16300);
#16302=PLANE('',#16301);
#16303=ORIENTED_EDGE('',*,*,#16260,.T.);
#16304=ORIENTED_EDGE('',*,*,#16284,.T.);
#16305=EDGE_LOOP('',(#16303,#16304));
#16306=FACE_OUTER_BOUND('',#16305,.F.);
#16307=ADVANCED_FACE('',(#16306),#16302,.T.);
#16308=FILL_AREA_STYLE_COLOUR('',#60);
#16309=FILL_AREA_STYLE('',(#16308));
#16310=SURFACE_STYLE_FILL_AREA(#16309);
#16311=SURFACE_SIDE_STYLE('',(#16310));
#16312=SURFACE_STYLE_USAGE(.BOTH.,#16311);
#16313=PRESENTATION_STYLE_ASSIGNMENT((#16312));
#16314=STYLED_ITEM('',(#16313),#16307);
#16315=CLOSED_SHELL('',(#16211,#16226,#16237,#16249,#16268,#16290,#16307));
#16316=ORIENTED_CLOSED_SHELL('',*,#15697,.F.);
#16317=ORIENTED_CLOSED_SHELL('',*,#15903,.F.);
#16318=ORIENTED_CLOSED_SHELL('',*,#16109,.F.);
#16319=ORIENTED_CLOSED_SHELL('',*,#16315,.F.);
#16320=BREP_WITH_VOIDS('',#15491,(#16316,#16317,#16318,#16319));
#16321=PRESENTATION_LAYER_ASSIGNMENT('120105000070_GAG-02-A','',(#6803,#6825,
#6846,#6867,#6887,#6916,#6938,#6959,#6980,#7000,#7022,#7045,#7066,#7088,#7116,
#7140,#7167,#7190,#7223,#7244,#7276,#7298,#7344,#7364,#7387,#7419,#7440,#7472,
#7495,#7516,#7540,#7571,#7591,#7612,#7647,#7678,#7707,#7739,#7769,#7801,#7831,
#7862,#7898,#7920,#7941,#7968,#7986,#8030,#8050,#8071,#8091,#8113,#8148,#8170,
#8198,#8217,#8236,#8256,#8286,#8306,#8327,#8360,#8382,#8401,#8421,#8442,#8461,
#8480,#8502,#8515,#8570,#8587,#8639,#8654,#8670,#8682,#8697,#8712,#8728,#8740,
#8755,#8769,#8785,#8797,#8811,#8833,#8848,#8860,#8873,#8885,#8907,#8920,#8975,
#8992,#9044,#9059,#9075,#9087,#9102,#9117,#9133,#9145,#9160,#9174,#9190,#9202,
#9216,#9238,#9253,#9265,#9278,#9293,#9306,#9361,#9378,#9430,#9445,#9461,#9473,
#9488,#9503,#9519,#9531,#9546,#9560,#9576,#9588,#9602,#9624,#9639,#9651,#9664,
#9679,#9700,#9721,#9743,#9775,#9810,#9836,#9857,#9879,#9901,#9921,#9942,#9963,
#9984,#10006,#10027,#10046,#10086,#10107,#10128,#10162,#10183,#10208,#10230,
#10244,#10261,#10280,#10300,#10320,#10341,#10361,#10384,#10405,#10419,#10432,
#10459,#10480,#10501,#10524,#10545,#10559,#10571,#10590,#10611,#10631,#10652,
#10672,#10693,#10713,#10733,#10752,#10770,#10790,#10809,#10830,#10851,#10872,
#10893,#10925,#10960,#10986,#11007,#11029,#11051,#11071,#11092,#11113,#11134,
#11156,#11177,#11196,#11236,#11257,#11278,#11312,#11333,#11358,#11380,#11394,
#11410,#11431,#11451,#11469,#11490,#11510,#11533,#11554,#11568,#11581,#11608,
#11629,#11650,#11673,#11694,#11708,#11720,#11739,#11760,#11780,#11801,#11821,
#11842,#11862,#11882,#11901,#11919,#11939,#11958,#11999,#12021,#12043,#12069,
#12091,#12111,#12131,#12153,#12175,#12197,#12238,#12259,#12280,#12299,#12320,
#12340,#12361,#12383,#12403,#12423,#12443,#12471,#12496,#12518,#12550,#12572,
#12594,#12615,#12637,#12657,#12689,#12709,#12729,#12746,#12767,#12789,#12811,
#12834,#12855,#12874,#12896,#12916,#12937,#12972,#12991,#13010,#13032,#13053,
#13074,#13094,#13113,#13135,#13157,#13181,#13201,#13220,#13242,#13262,#13425,
#13444,#13466,#13482,#13498,#13512,#13528,#13544,#13558,#13574,#13590,#13604,
#13620,#13636,#13650,#13666,#13682,#13696,#13712,#13728,#13742,#13758,#13774,
#13788,#13804,#13820,#13834,#13850,#13866,#13880,#13896,#13912,#13926,#13942,
#13958,#13972,#13988,#14004,#14018,#14034,#14050,#14064,#14080,#14096,#14110,
#14126,#14142,#14156,#14172,#14188,#14202,#14218,#14234,#14248,#14264,#14280,
#14294,#14310,#14326,#14340,#14356,#14372,#14386,#14402,#14418,#14432,#14448,
#14464,#14478,#14494,#14510,#14524,#14540,#14555,#14568,#14677,#14689,#14701,
#14713,#14725,#14737,#14749,#14761,#14773,#14785,#14797,#14809,#14821,#14833,
#14845,#14857,#14869,#14881,#14893,#14905,#14917,#14929,#14941,#14953,#14968,
#14982,#14995,#15007,#15019,#15041,#15054,#15109,#15126,#15178,#15193,#15209,
#15221,#15236,#15251,#15267,#15279,#15294,#15308,#15324,#15336,#15350,#15372,
#15387,#15399,#15412,#15424,#15444,#15464,#15483,#15587,#15613,#15637,#15652,
#15663,#15675,#15689,#15793,#15819,#15843,#15858,#15869,#15881,#15895,#15999,
#16025,#16049,#16064,#16075,#16087,#16101,#16211,#16226,#16237,#16249,#16268,
#16290,#16307,#16320));
#16322=PRESENTATION_LAYER_ASSIGNMENT('120201000037_CPHT2_2_30_NI','',(#6803,
#6825,#6846,#6867,#6887,#6916,#6938,#6959,#6980,#7000,#7022,#7045,#7066,#7088,
#7116,#7140,#7167,#7190,#7223,#7244,#7276,#7298,#7344,#7364,#7387,#7419,#7440,
#7472,#7495,#7516,#7540,#7571,#7591,#7612,#7647,#7678,#7707,#7739,#7769,#7801,
#7831,#7862,#7898,#7920,#7941,#7968,#7986,#8030,#8050,#8071,#8091,#8113,#8148,
#8170,#8198,#8217,#8236,#8256,#8286,#8306,#8327,#8360,#8382,#8401,#8421,#8442,
#8461,#8480,#8502,#8515,#8570,#8587,#8639,#8654,#8670,#8682,#8697,#8712,#8728,
#8740,#8755,#8769,#8785,#8797,#8811,#8833,#8848,#8860,#8873,#8885,#8907,#8920,
#8975,#8992,#9044,#9059,#9075,#9087,#9102,#9117,#9133,#9145,#9160,#9174,#9190,
#9202,#9216,#9238,#9253,#9265,#9278,#9293,#9306,#9361,#9378,#9430,#9445,#9461,
#9473,#9488,#9503,#9519,#9531,#9546,#9560,#9576,#9588,#9602,#9624,#9639,#9651,
#9664,#9679,#9700,#9721,#9743,#9775,#9810,#9836,#9857,#9879,#9901,#9921,#9942,
#9963,#9984,#10006,#10027,#10046,#10086,#10107,#10128,#10162,#10183,#10208,
#10230,#10244,#10261,#10280,#10300,#10320,#10341,#10361,#10384,#10405,#10419,
#10432,#10459,#10480,#10501,#10524,#10545,#10559,#10571,#10590,#10611,#10631,
#10652,#10672,#10693,#10713,#10733,#10752,#10770,#10790,#10809,#10830,#10851,
#10872,#10893,#10925,#10960,#10986,#11007,#11029,#11051,#11071,#11092,#11113,
#11134,#11156,#11177,#11196,#11236,#11257,#11278,#11312,#11333,#11358,#11380,
#11394,#11410,#11431,#11451,#11469,#11490,#11510,#11533,#11554,#11568,#11581,
#11608,#11629,#11650,#11673,#11694,#11708,#11720,#11739,#11760,#11780,#11801,
#11821,#11842,#11862,#11882,#11901,#11919,#11939,#11958,#11999,#12021,#12043,
#12069,#12091,#12111,#12131,#12153,#12175,#12197,#12238,#12259,#12280,#12299,
#12320,#12340,#12361,#12383,#12403,#12423,#12443,#12471,#12496,#12518,#12550,
#12572,#12594,#12615,#12637,#12657,#12689,#12709,#12729,#12746,#12767,#12789,
#12811,#12834,#12855,#12874,#12896,#12916,#12937,#12972,#12991,#13010,#13032,
#13053,#13074,#13094,#13113,#13135,#13157,#13181,#13201,#13220,#13242,#13262,
#13425,#13444,#13466,#13482,#13498,#13512,#13528,#13544,#13558,#13574,#13590,
#13604,#13620,#13636,#13650,#13666,#13682,#13696,#13712,#13728,#13742,#13758,
#13774,#13788,#13804,#13820,#13834,#13850,#13866,#13880,#13896,#13912,#13926,
#13942,#13958,#13972,#13988,#14004,#14018,#14034,#14050,#14064,#14080,#14096,
#14110,#14126,#14142,#14156,#14172,#14188,#14202,#14218,#14234,#14248,#14264,
#14280,#14294,#14310,#14326,#14340,#14356,#14372,#14386,#14402,#14418,#14432,
#14448,#14464,#14478,#14494,#14510,#14524,#14540,#14555,#14568,#14677,#14689,
#14701,#14713,#14725,#14737,#14749,#14761,#14773,#14785,#14797,#14809,#14821,
#14833,#14845,#14857,#14869,#14881,#14893,#14905,#14917,#14929,#14941,#14953,
#14968,#14982,#14995,#15007,#15019,#15041,#15054,#15109,#15126,#15178,#15193,
#15209,#15221,#15236,#15251,#15267,#15279,#15294,#15308,#15324,#15336,#15350,
#15372,#15387,#15399,#15412,#15424,#15444,#15464,#15483,#15587,#15613,#15637,
#15652,#15663,#15675,#15689,#15793,#15819,#15843,#15858,#15869,#15881,#15895,
#15999,#16025,#16049,#16064,#16075,#16087,#16101,#16211,#16226,#16237,#16249,
#16268,#16290,#16307,#16320));
#16323=PRESENTATION_LAYER_ASSIGNMENT('120201000037_CPHT2_2_30_NI_1','',(#6803,
#6825,#6846,#6867,#6887,#6916,#6938,#6959,#6980,#7000,#7022,#7045,#7066,#7088,
#7116,#7140,#7167,#7190,#7223,#7244,#7276,#7298,#7344,#7364,#7387,#7419,#7440,
#7472,#7495,#7516,#7540,#7571,#7591,#7612,#7647,#7678,#7707,#7739,#7769,#7801,
#7831,#7862,#7898,#7920,#7941,#7968,#7986,#8030,#8050,#8071,#8091,#8113,#8148,
#8170,#8198,#8217,#8236,#8256,#8286,#8306,#8327,#8360,#8382,#8401,#8421,#8442,
#8461,#8480,#8502,#8515,#8570,#8587,#8639,#8654,#8670,#8682,#8697,#8712,#8728,
#8740,#8755,#8769,#8785,#8797,#8811,#8833,#8848,#8860,#8873,#8885,#8907,#8920,
#8975,#8992,#9044,#9059,#9075,#9087,#9102,#9117,#9133,#9145,#9160,#9174,#9190,
#9202,#9216,#9238,#9253,#9265,#9278,#9293,#9306,#9361,#9378,#9430,#9445,#9461,
#9473,#9488,#9503,#9519,#9531,#9546,#9560,#9576,#9588,#9602,#9624,#9639,#9651,
#9664,#9679,#9700,#9721,#9743,#9775,#9810,#9836,#9857,#9879,#9901,#9921,#9942,
#9963,#9984,#10006,#10027,#10046,#10086,#10107,#10128,#10162,#10183,#10208,
#10230,#10244,#10261,#10280,#10300,#10320,#10341,#10361,#10384,#10405,#10419,
#10432,#10459,#10480,#10501,#10524,#10545,#10559,#10571,#10590,#10611,#10631,
#10652,#10672,#10693,#10713,#10733,#10752,#10770,#10790,#10809,#10830,#10851,
#10872,#10893,#10925,#10960,#10986,#11007,#11029,#11051,#11071,#11092,#11113,
#11134,#11156,#11177,#11196,#11236,#11257,#11278,#11312,#11333,#11358,#11380,
#11394,#11410,#11431,#11451,#11469,#11490,#11510,#11533,#11554,#11568,#11581,
#11608,#11629,#11650,#11673,#11694,#11708,#11720,#11739,#11760,#11780,#11801,
#11821,#11842,#11862,#11882,#11901,#11919,#11939,#11958,#11999,#12021,#12043,
#12069,#12091,#12111,#12131,#12153,#12175,#12197,#12238,#12259,#12280,#12299,
#12320,#12340,#12361,#12383,#12403,#12423,#12443,#12471,#12496,#12518,#12550,
#12572,#12594,#12615,#12637,#12657,#12689,#12709,#12729,#12746,#12767,#12789,
#12811,#12834,#12855,#12874,#12896,#12916,#12937,#12972,#12991,#13010,#13032,
#13053,#13074,#13094,#13113,#13135,#13157,#13181,#13201,#13220,#13242,#13262,
#13425,#13444,#13466,#13482,#13498,#13512,#13528,#13544,#13558,#13574,#13590,
#13604,#13620,#13636,#13650,#13666,#13682,#13696,#13712,#13728,#13742,#13758,
#13774,#13788,#13804,#13820,#13834,#13850,#13866,#13880,#13896,#13912,#13926,
#13942,#13958,#13972,#13988,#14004,#14018,#14034,#14050,#14064,#14080,#14096,
#14110,#14126,#14142,#14156,#14172,#14188,#14202,#14218,#14234,#14248,#14264,
#14280,#14294,#14310,#14326,#14340,#14356,#14372,#14386,#14402,#14418,#14432,
#14448,#14464,#14478,#14494,#14510,#14524,#14540,#14555,#14568,#14677,#14689,
#14701,#14713,#14725,#14737,#14749,#14761,#14773,#14785,#14797,#14809,#14821,
#14833,#14845,#14857,#14869,#14881,#14893,#14905,#14917,#14929,#14941,#14953,
#14968,#14982,#14995,#15007,#15019,#15041,#15054,#15109,#15126,#15178,#15193,
#15209,#15221,#15236,#15251,#15267,#15279,#15294,#15308,#15324,#15336,#15350,
#15372,#15387,#15399,#15412,#15424,#15444,#15464,#15483,#15587,#15613,#15637,
#15652,#15663,#15675,#15689,#15793,#15819,#15843,#15858,#15869,#15881,#15895,
#15999,#16025,#16049,#16064,#16075,#16087,#16101,#16211,#16226,#16237,#16249,
#16268,#16290,#16307,#16320));
#16324=PRESENTATION_LAYER_ASSIGNMENT('120201000037_CPHT2_2_30_NI_2','',(#6803,
#6825,#6846,#6867,#6887,#6916,#6938,#6959,#6980,#7000,#7022,#7045,#7066,#7088,
#7116,#7140,#7167,#7190,#7223,#7244,#7276,#7298,#7344,#7364,#7387,#7419,#7440,
#7472,#7495,#7516,#7540,#7571,#7591,#7612,#7647,#7678,#7707,#7739,#7769,#7801,
#7831,#7862,#7898,#7920,#7941,#7968,#7986,#8030,#8050,#8071,#8091,#8113,#8148,
#8170,#8198,#8217,#8236,#8256,#8286,#8306,#8327,#8360,#8382,#8401,#8421,#8442,
#8461,#8480,#8502,#8515,#8570,#8587,#8639,#8654,#8670,#8682,#8697,#8712,#8728,
#8740,#8755,#8769,#8785,#8797,#8811,#8833,#8848,#8860,#8873,#8885,#8907,#8920,
#8975,#8992,#9044,#9059,#9075,#9087,#9102,#9117,#9133,#9145,#9160,#9174,#9190,
#9202,#9216,#9238,#9253,#9265,#9278,#9293,#9306,#9361,#9378,#9430,#9445,#9461,
#9473,#9488,#9503,#9519,#9531,#9546,#9560,#9576,#9588,#9602,#9624,#9639,#9651,
#9664,#9679,#9700,#9721,#9743,#9775,#9810,#9836,#9857,#9879,#9901,#9921,#9942,
#9963,#9984,#10006,#10027,#10046,#10086,#10107,#10128,#10162,#10183,#10208,
#10230,#10244,#10261,#10280,#10300,#10320,#10341,#10361,#10384,#10405,#10419,
#10432,#10459,#10480,#10501,#10524,#10545,#10559,#10571,#10590,#10611,#10631,
#10652,#10672,#10693,#10713,#10733,#10752,#10770,#10790,#10809,#10830,#10851,
#10872,#10893,#10925,#10960,#10986,#11007,#11029,#11051,#11071,#11092,#11113,
#11134,#11156,#11177,#11196,#11236,#11257,#11278,#11312,#11333,#11358,#11380,
#11394,#11410,#11431,#11451,#11469,#11490,#11510,#11533,#11554,#11568,#11581,
#11608,#11629,#11650,#11673,#11694,#11708,#11720,#11739,#11760,#11780,#11801,
#11821,#11842,#11862,#11882,#11901,#11919,#11939,#11958,#11999,#12021,#12043,
#12069,#12091,#12111,#12131,#12153,#12175,#12197,#12238,#12259,#12280,#12299,
#12320,#12340,#12361,#12383,#12403,#12423,#12443,#12471,#12496,#12518,#12550,
#12572,#12594,#12615,#12637,#12657,#12689,#12709,#12729,#12746,#12767,#12789,
#12811,#12834,#12855,#12874,#12896,#12916,#12937,#12972,#12991,#13010,#13032,
#13053,#13074,#13094,#13113,#13135,#13157,#13181,#13201,#13220,#13242,#13262,
#13425,#13444,#13466,#13482,#13498,#13512,#13528,#13544,#13558,#13574,#13590,
#13604,#13620,#13636,#13650,#13666,#13682,#13696,#13712,#13728,#13742,#13758,
#13774,#13788,#13804,#13820,#13834,#13850,#13866,#13880,#13896,#13912,#13926,
#13942,#13958,#13972,#13988,#14004,#14018,#14034,#14050,#14064,#14080,#14096,
#14110,#14126,#14142,#14156,#14172,#14188,#14202,#14218,#14234,#14248,#14264,
#14280,#14294,#14310,#14326,#14340,#14356,#14372,#14386,#14402,#14418,#14432,
#14448,#14464,#14478,#14494,#14510,#14524,#14540,#14555,#14568,#14677,#14689,
#14701,#14713,#14725,#14737,#14749,#14761,#14773,#14785,#14797,#14809,#14821,
#14833,#14845,#14857,#14869,#14881,#14893,#14905,#14917,#14929,#14941,#14953,
#14968,#14982,#14995,#15007,#15019,#15041,#15054,#15109,#15126,#15178,#15193,
#15209,#15221,#15236,#15251,#15267,#15279,#15294,#15308,#15324,#15336,#15350,
#15372,#15387,#15399,#15412,#15424,#15444,#15464,#15483,#15587,#15613,#15637,
#15652,#15663,#15675,#15689,#15793,#15819,#15843,#15858,#15869,#15881,#15895,
#15999,#16025,#16049,#16064,#16075,#16087,#16101,#16211,#16226,#16237,#16249,
#16268,#16290,#16307,#16320));
#16325=PRESENTATION_LAYER_ASSIGNMENT('120201000037_CPHT2_2_30_NI_3','',(#6803,
#6825,#6846,#6867,#6887,#6916,#6938,#6959,#6980,#7000,#7022,#7045,#7066,#7088,
#7116,#7140,#7167,#7190,#7223,#7244,#7276,#7298,#7344,#7364,#7387,#7419,#7440,
#7472,#7495,#7516,#7540,#7571,#7591,#7612,#7647,#7678,#7707,#7739,#7769,#7801,
#7831,#7862,#7898,#7920,#7941,#7968,#7986,#8030,#8050,#8071,#8091,#8113,#8148,
#8170,#8198,#8217,#8236,#8256,#8286,#8306,#8327,#8360,#8382,#8401,#8421,#8442,
#8461,#8480,#8502,#8515,#8570,#8587,#8639,#8654,#8670,#8682,#8697,#8712,#8728,
#8740,#8755,#8769,#8785,#8797,#8811,#8833,#8848,#8860,#8873,#8885,#8907,#8920,
#8975,#8992,#9044,#9059,#9075,#9087,#9102,#9117,#9133,#9145,#9160,#9174,#9190,
#9202,#9216,#9238,#9253,#9265,#9278,#9293,#9306,#9361,#9378,#9430,#9445,#9461,
#9473,#9488,#9503,#9519,#9531,#9546,#9560,#9576,#9588,#9602,#9624,#9639,#9651,
#9664,#9679,#9700,#9721,#9743,#9775,#9810,#9836,#9857,#9879,#9901,#9921,#9942,
#9963,#9984,#10006,#10027,#10046,#10086,#10107,#10128,#10162,#10183,#10208,
#10230,#10244,#10261,#10280,#10300,#10320,#10341,#10361,#10384,#10405,#10419,
#10432,#10459,#10480,#10501,#10524,#10545,#10559,#10571,#10590,#10611,#10631,
#10652,#10672,#10693,#10713,#10733,#10752,#10770,#10790,#10809,#10830,#10851,
#10872,#10893,#10925,#10960,#10986,#11007,#11029,#11051,#11071,#11092,#11113,
#11134,#11156,#11177,#11196,#11236,#11257,#11278,#11312,#11333,#11358,#11380,
#11394,#11410,#11431,#11451,#11469,#11490,#11510,#11533,#11554,#11568,#11581,
#11608,#11629,#11650,#11673,#11694,#11708,#11720,#11739,#11760,#11780,#11801,
#11821,#11842,#11862,#11882,#11901,#11919,#11939,#11958,#11999,#12021,#12043,
#12069,#12091,#12111,#12131,#12153,#12175,#12197,#12238,#12259,#12280,#12299,
#12320,#12340,#12361,#12383,#12403,#12423,#12443,#12471,#12496,#12518,#12550,
#12572,#12594,#12615,#12637,#12657,#12689,#12709,#12729,#12746,#12767,#12789,
#12811,#12834,#12855,#12874,#12896,#12916,#12937,#12972,#12991,#13010,#13032,
#13053,#13074,#13094,#13113,#13135,#13157,#13181,#13201,#13220,#13242,#13262,
#13425,#13444,#13466,#13482,#13498,#13512,#13528,#13544,#13558,#13574,#13590,
#13604,#13620,#13636,#13650,#13666,#13682,#13696,#13712,#13728,#13742,#13758,
#13774,#13788,#13804,#13820,#13834,#13850,#13866,#13880,#13896,#13912,#13926,
#13942,#13958,#13972,#13988,#14004,#14018,#14034,#14050,#14064,#14080,#14096,
#14110,#14126,#14142,#14156,#14172,#14188,#14202,#14218,#14234,#14248,#14264,
#14280,#14294,#14310,#14326,#14340,#14356,#14372,#14386,#14402,#14418,#14432,
#14448,#14464,#14478,#14494,#14510,#14524,#14540,#14555,#14568,#14677,#14689,
#14701,#14713,#14725,#14737,#14749,#14761,#14773,#14785,#14797,#14809,#14821,
#14833,#14845,#14857,#14869,#14881,#14893,#14905,#14917,#14929,#14941,#14953,
#14968,#14982,#14995,#15007,#15019,#15041,#15054,#15109,#15126,#15178,#15193,
#15209,#15221,#15236,#15251,#15267,#15279,#15294,#15308,#15324,#15336,#15350,
#15372,#15387,#15399,#15412,#15424,#15444,#15464,#15483,#15587,#15613,#15637,
#15652,#15663,#15675,#15689,#15793,#15819,#15843,#15858,#15869,#15881,#15895,
#15999,#16025,#16049,#16064,#16075,#16087,#16101,#16211,#16226,#16237,#16249,
#16268,#16290,#16307,#16320));
#16326=PRESENTATION_LAYER_ASSIGNMENT('COLOR31','',(#6803,#6825,#6846,#6867,
#6887,#6916,#6938,#6959,#6980,#7000,#7022,#7045,#7066,#7088,#7116,#7140,#7167,
#7190,#7223,#7244,#7276,#7298,#7344,#7364,#7387,#7419,#7440,#7472,#7495,#7516,
#7540,#7571,#7591,#7612,#7647,#7678,#7707,#7739,#7769,#7801,#7831,#7862,#7898,
#7920,#7941,#7968,#7986,#8030,#8050,#8071,#8091,#8113,#8148,#8170,#8198,#8217,
#8236,#8256,#8286,#8306,#8327,#8360,#8382,#8401,#8421,#8442,#8461,#8480,#8502,
#8515,#8570,#8587,#8639,#8654,#8670,#8682,#8697,#8712,#8728,#8740,#8755,#8769,
#8785,#8797,#8811,#8833,#8848,#8860,#8873,#8885,#8907,#8920,#8975,#8992,#9044,
#9059,#9075,#9087,#9102,#9117,#9133,#9145,#9160,#9174,#9190,#9202,#9216,#9238,
#9253,#9265,#9278,#9293,#9306,#9361,#9378,#9430,#9445,#9461,#9473,#9488,#9503,
#9519,#9531,#9546,#9560,#9576,#9588,#9602,#9624,#9639,#9651,#9664,#9679,#9700,
#9721,#9743,#9775,#9810,#9836,#9857,#9879,#9901,#9921,#9942,#9963,#9984,#10006,
#10027,#10046,#10086,#10107,#10128,#10162,#10183,#10208,#10230,#10244,#10261,
#10280,#10300,#10320,#10341,#10361,#10384,#10405,#10419,#10432,#10459,#10480,
#10501,#10524,#10545,#10559,#10571,#10590,#10611,#10631,#10652,#10672,#10693,
#10713,#10733,#10752,#10770,#10790,#10809,#10830,#10851,#10872,#10893,#10925,
#10960,#10986,#11007,#11029,#11051,#11071,#11092,#11113,#11134,#11156,#11177,
#11196,#11236,#11257,#11278,#11312,#11333,#11358,#11380,#11394,#11410,#11431,
#11451,#11469,#11490,#11510,#11533,#11554,#11568,#11581,#11608,#11629,#11650,
#11673,#11694,#11708,#11720,#11739,#11760,#11780,#11801,#11821,#11842,#11862,
#11882,#11901,#11919,#11939,#11958,#11999,#12021,#12043,#12069,#12091,#12111,
#12131,#12153,#12175,#12197,#12238,#12259,#12280,#12299,#12320,#12340,#12361,
#12383,#12403,#12423,#12443,#12471,#12496,#12518,#12550,#12572,#12594,#12615,
#12637,#12657,#12689,#12709,#12729,#12746,#12767,#12789,#12811,#12834,#12855,
#12874,#12896,#12916,#12937,#12972,#12991,#13010,#13032,#13053,#13074,#13094,
#13113,#13135,#13157,#13181,#13201,#13220,#13242,#13262,#13425,#13444,#13466,
#13482,#13498,#13512,#13528,#13544,#13558,#13574,#13590,#13604,#13620,#13636,
#13650,#13666,#13682,#13696,#13712,#13728,#13742,#13758,#13774,#13788,#13804,
#13820,#13834,#13850,#13866,#13880,#13896,#13912,#13926,#13942,#13958,#13972,
#13988,#14004,#14018,#14034,#14050,#14064,#14080,#14096,#14110,#14126,#14142,
#14156,#14172,#14188,#14202,#14218,#14234,#14248,#14264,#14280,#14294,#14310,
#14326,#14340,#14356,#14372,#14386,#14402,#14418,#14432,#14448,#14464,#14478,
#14494,#14510,#14524,#14540,#14555,#14568,#14677,#14689,#14701,#14713,#14725,
#14737,#14749,#14761,#14773,#14785,#14797,#14809,#14821,#14833,#14845,#14857,
#14869,#14881,#14893,#14905,#14917,#14929,#14941,#14953,#14968,#14982,#14995,
#15007,#15019,#15041,#15054,#15109,#15126,#15178,#15193,#15209,#15221,#15236,
#15251,#15267,#15279,#15294,#15308,#15324,#15336,#15350,#15372,#15387,#15399,
#15412,#15424,#15444,#15464,#15483,#15587,#15613,#15637,#15652,#15663,#15675,
#15689,#15793,#15819,#15843,#15858,#15869,#15881,#15895,#15999,#16025,#16049,
#16064,#16075,#16087,#16101,#16211,#16226,#16237,#16249,#16268,#16290,#16307,
#16320));
#16327=PRESENTATION_LAYER_ASSIGNMENT('COLOR55','',(#6803,#6825,#6846,#6867,
#6887,#6916,#6938,#6959,#6980,#7000,#7022,#7045,#7066,#7088,#7116,#7140,#7167,
#7190,#7223,#7244,#7276,#7298,#7344,#7364,#7387,#7419,#7440,#7472,#7495,#7516,
#7540,#7571,#7591,#7612,#7647,#7678,#7707,#7739,#7769,#7801,#7831,#7862,#7898,
#7920,#7941,#7968,#7986,#8030,#8050,#8071,#8091,#8113,#8148,#8170,#8198,#8217,
#8236,#8256,#8286,#8306,#8327,#8360,#8382,#8401,#8421,#8442,#8461,#8480,#8502,
#8515,#8570,#8587,#8639,#8654,#8670,#8682,#8697,#8712,#8728,#8740,#8755,#8769,
#8785,#8797,#8811,#8833,#8848,#8860,#8873,#8885,#8907,#8920,#8975,#8992,#9044,
#9059,#9075,#9087,#9102,#9117,#9133,#9145,#9160,#9174,#9190,#9202,#9216,#9238,
#9253,#9265,#9278,#9293,#9306,#9361,#9378,#9430,#9445,#9461,#9473,#9488,#9503,
#9519,#9531,#9546,#9560,#9576,#9588,#9602,#9624,#9639,#9651,#9664,#9679,#9700,
#9721,#9743,#9775,#9810,#9836,#9857,#9879,#9901,#9921,#9942,#9963,#9984,#10006,
#10027,#10046,#10086,#10107,#10128,#10162,#10183,#10208,#10230,#10244,#10261,
#10280,#10300,#10320,#10341,#10361,#10384,#10405,#10419,#10432,#10459,#10480,
#10501,#10524,#10545,#10559,#10571,#10590,#10611,#10631,#10652,#10672,#10693,
#10713,#10733,#10752,#10770,#10790,#10809,#10830,#10851,#10872,#10893,#10925,
#10960,#10986,#11007,#11029,#11051,#11071,#11092,#11113,#11134,#11156,#11177,
#11196,#11236,#11257,#11278,#11312,#11333,#11358,#11380,#11394,#11410,#11431,
#11451,#11469,#11490,#11510,#11533,#11554,#11568,#11581,#11608,#11629,#11650,
#11673,#11694,#11708,#11720,#11739,#11760,#11780,#11801,#11821,#11842,#11862,
#11882,#11901,#11919,#11939,#11958,#11999,#12021,#12043,#12069,#12091,#12111,
#12131,#12153,#12175,#12197,#12238,#12259,#12280,#12299,#12320,#12340,#12361,
#12383,#12403,#12423,#12443,#12471,#12496,#12518,#12550,#12572,#12594,#12615,
#12637,#12657,#12689,#12709,#12729,#12746,#12767,#12789,#12811,#12834,#12855,
#12874,#12896,#12916,#12937,#12972,#12991,#13010,#13032,#13053,#13074,#13094,
#13113,#13135,#13157,#13181,#13201,#13220,#13242,#13262,#13425,#13444,#13466,
#13482,#13498,#13512,#13528,#13544,#13558,#13574,#13590,#13604,#13620,#13636,
#13650,#13666,#13682,#13696,#13712,#13728,#13742,#13758,#13774,#13788,#13804,
#13820,#13834,#13850,#13866,#13880,#13896,#13912,#13926,#13942,#13958,#13972,
#13988,#14004,#14018,#14034,#14050,#14064,#14080,#14096,#14110,#14126,#14142,
#14156,#14172,#14188,#14202,#14218,#14234,#14248,#14264,#14280,#14294,#14310,
#14326,#14340,#14356,#14372,#14386,#14402,#14418,#14432,#14448,#14464,#14478,
#14494,#14510,#14524,#14540,#14555,#14568,#14677,#14689,#14701,#14713,#14725,
#14737,#14749,#14761,#14773,#14785,#14797,#14809,#14821,#14833,#14845,#14857,
#14869,#14881,#14893,#14905,#14917,#14929,#14941,#14953,#14968,#14982,#14995,
#15007,#15019,#15041,#15054,#15109,#15126,#15178,#15193,#15209,#15221,#15236,
#15251,#15267,#15279,#15294,#15308,#15324,#15336,#15350,#15372,#15387,#15399,
#15412,#15424,#15444,#15464,#15483,#15587,#15613,#15637,#15652,#15663,#15675,
#15689,#15793,#15819,#15843,#15858,#15869,#15881,#15895,#15999,#16025,#16049,
#16064,#16075,#16087,#16101,#16211,#16226,#16237,#16249,#16268,#16290,#16307,
#16320));
#16328=PRESENTATION_LAYER_ASSIGNMENT('DEF_ASSEM_MEMBER','',(#6803,#6825,#6846,
#6867,#6887,#6916,#6938,#6959,#6980,#7000,#7022,#7045,#7066,#7088,#7116,#7140,
#7167,#7190,#7223,#7244,#7276,#7298,#7344,#7364,#7387,#7419,#7440,#7472,#7495,
#7516,#7540,#7571,#7591,#7612,#7647,#7678,#7707,#7739,#7769,#7801,#7831,#7862,
#7898,#7920,#7941,#7968,#7986,#8030,#8050,#8071,#8091,#8113,#8148,#8170,#8198,
#8217,#8236,#8256,#8286,#8306,#8327,#8360,#8382,#8401,#8421,#8442,#8461,#8480,
#8502,#8515,#8570,#8587,#8639,#8654,#8670,#8682,#8697,#8712,#8728,#8740,#8755,
#8769,#8785,#8797,#8811,#8833,#8848,#8860,#8873,#8885,#8907,#8920,#8975,#8992,
#9044,#9059,#9075,#9087,#9102,#9117,#9133,#9145,#9160,#9174,#9190,#9202,#9216,
#9238,#9253,#9265,#9278,#9293,#9306,#9361,#9378,#9430,#9445,#9461,#9473,#9488,
#9503,#9519,#9531,#9546,#9560,#9576,#9588,#9602,#9624,#9639,#9651,#9664,#9679,
#9700,#9721,#9743,#9775,#9810,#9836,#9857,#9879,#9901,#9921,#9942,#9963,#9984,
#10006,#10027,#10046,#10086,#10107,#10128,#10162,#10183,#10208,#10230,#10244,
#10261,#10280,#10300,#10320,#10341,#10361,#10384,#10405,#10419,#10432,#10459,
#10480,#10501,#10524,#10545,#10559,#10571,#10590,#10611,#10631,#10652,#10672,
#10693,#10713,#10733,#10752,#10770,#10790,#10809,#10830,#10851,#10872,#10893,
#10925,#10960,#10986,#11007,#11029,#11051,#11071,#11092,#11113,#11134,#11156,
#11177,#11196,#11236,#11257,#11278,#11312,#11333,#11358,#11380,#11394,#11410,
#11431,#11451,#11469,#11490,#11510,#11533,#11554,#11568,#11581,#11608,#11629,
#11650,#11673,#11694,#11708,#11720,#11739,#11760,#11780,#11801,#11821,#11842,
#11862,#11882,#11901,#11919,#11939,#11958,#11999,#12021,#12043,#12069,#12091,
#12111,#12131,#12153,#12175,#12197,#12238,#12259,#12280,#12299,#12320,#12340,
#12361,#12383,#12403,#12423,#12443,#12471,#12496,#12518,#12550,#12572,#12594,
#12615,#12637,#12657,#12689,#12709,#12729,#12746,#12767,#12789,#12811,#12834,
#12855,#12874,#12896,#12916,#12937,#12972,#12991,#13010,#13032,#13053,#13074,
#13094,#13113,#13135,#13157,#13181,#13201,#13220,#13242,#13262,#13425,#13444,
#13466,#13482,#13498,#13512,#13528,#13544,#13558,#13574,#13590,#13604,#13620,
#13636,#13650,#13666,#13682,#13696,#13712,#13728,#13742,#13758,#13774,#13788,
#13804,#13820,#13834,#13850,#13866,#13880,#13896,#13912,#13926,#13942,#13958,
#13972,#13988,#14004,#14018,#14034,#14050,#14064,#14080,#14096,#14110,#14126,
#14142,#14156,#14172,#14188,#14202,#14218,#14234,#14248,#14264,#14280,#14294,
#14310,#14326,#14340,#14356,#14372,#14386,#14402,#14418,#14432,#14448,#14464,
#14478,#14494,#14510,#14524,#14540,#14555,#14568,#14677,#14689,#14701,#14713,
#14725,#14737,#14749,#14761,#14773,#14785,#14797,#14809,#14821,#14833,#14845,
#14857,#14869,#14881,#14893,#14905,#14917,#14929,#14941,#14953,#14968,#14982,
#14995,#15007,#15019,#15041,#15054,#15109,#15126,#15178,#15193,#15209,#15221,
#15236,#15251,#15267,#15279,#15294,#15308,#15324,#15336,#15350,#15372,#15387,
#15399,#15412,#15424,#15444,#15464,#15483,#15587,#15613,#15637,#15652,#15663,
#15675,#15689,#15793,#15819,#15843,#15858,#15869,#15881,#15895,#15999,#16025,
#16049,#16064,#16075,#16087,#16101,#16211,#16226,#16237,#16249,#16268,#16290,
#16307,#16320));
#16329=PRESENTATION_LAYER_ASSIGNMENT('HS_422_LOWER_CASE','',(#6803,#6825,#6846,
#6867,#6887,#6916,#6938,#6959,#6980,#7000,#7022,#7045,#7066,#7088,#7116,#7140,
#7167,#7190,#7223,#7244,#7276,#7298,#7344,#7364,#7387,#7419,#7440,#7472,#7495,
#7516,#7540,#7571,#7591,#7612,#7647,#7678,#7707,#7739,#7769,#7801,#7831,#7862,
#7898,#7920,#7941,#7968,#7986,#8030,#8050,#8071,#8091,#8113,#8148,#8170,#8198,
#8217,#8236,#8256,#8286,#8306,#8327,#8360,#8382,#8401,#8421,#8442,#8461,#8480,
#8502,#8515,#8570,#8587,#8639,#8654,#8670,#8682,#8697,#8712,#8728,#8740,#8755,
#8769,#8785,#8797,#8811,#8833,#8848,#8860,#8873,#8885,#8907,#8920,#8975,#8992,
#9044,#9059,#9075,#9087,#9102,#9117,#9133,#9145,#9160,#9174,#9190,#9202,#9216,
#9238,#9253,#9265,#9278,#9293,#9306,#9361,#9378,#9430,#9445,#9461,#9473,#9488,
#9503,#9519,#9531,#9546,#9560,#9576,#9588,#9602,#9624,#9639,#9651,#9664,#9679,
#9700,#9721,#9743,#9775,#9810,#9836,#9857,#9879,#9901,#9921,#9942,#9963,#9984,
#10006,#10027,#10046,#10086,#10107,#10128,#10162,#10183,#10208,#10230,#10244,
#10261,#10280,#10300,#10320,#10341,#10361,#10384,#10405,#10419,#10432,#10459,
#10480,#10501,#10524,#10545,#10559,#10571,#10590,#10611,#10631,#10652,#10672,
#10693,#10713,#10733,#10752,#10770,#10790,#10809,#10830,#10851,#10872,#10893,
#10925,#10960,#10986,#11007,#11029,#11051,#11071,#11092,#11113,#11134,#11156,
#11177,#11196,#11236,#11257,#11278,#11312,#11333,#11358,#11380,#11394,#11410,
#11431,#11451,#11469,#11490,#11510,#11533,#11554,#11568,#11581,#11608,#11629,
#11650,#11673,#11694,#11708,#11720,#11739,#11760,#11780,#11801,#11821,#11842,
#11862,#11882,#11901,#11919,#11939,#11958,#11999,#12021,#12043,#12069,#12091,
#12111,#12131,#12153,#12175,#12197,#12238,#12259,#12280,#12299,#12320,#12340,
#12361,#12383,#12403,#12423,#12443,#12471,#12496,#12518,#12550,#12572,#12594,
#12615,#12637,#12657,#12689,#12709,#12729,#12746,#12767,#12789,#12811,#12834,
#12855,#12874,#12896,#12916,#12937,#12972,#12991,#13010,#13032,#13053,#13074,
#13094,#13113,#13135,#13157,#13181,#13201,#13220,#13242,#13262,#13425,#13444,
#13466,#13482,#13498,#13512,#13528,#13544,#13558,#13574,#13590,#13604,#13620,
#13636,#13650,#13666,#13682,#13696,#13712,#13728,#13742,#13758,#13774,#13788,
#13804,#13820,#13834,#13850,#13866,#13880,#13896,#13912,#13926,#13942,#13958,
#13972,#13988,#14004,#14018,#14034,#14050,#14064,#14080,#14096,#14110,#14126,
#14142,#14156,#14172,#14188,#14202,#14218,#14234,#14248,#14264,#14280,#14294,
#14310,#14326,#14340,#14356,#14372,#14386,#14402,#14418,#14432,#14448,#14464,
#14478,#14494,#14510,#14524,#14540,#14555,#14568,#14677,#14689,#14701,#14713,
#14725,#14737,#14749,#14761,#14773,#14785,#14797,#14809,#14821,#14833,#14845,
#14857,#14869,#14881,#14893,#14905,#14917,#14929,#14941,#14953,#14968,#14982,
#14995,#15007,#15019,#15041,#15054,#15109,#15126,#15178,#15193,#15209,#15221,
#15236,#15251,#15267,#15279,#15294,#15308,#15324,#15336,#15350,#15372,#15387,
#15399,#15412,#15424,#15444,#15464,#15483,#15587,#15613,#15637,#15652,#15663,
#15675,#15689,#15793,#15819,#15843,#15858,#15869,#15881,#15895,#15999,#16025,
#16049,#16064,#16075,#16087,#16101,#16211,#16226,#16237,#16249,#16268,#16290,
#16307,#16320));
#16330=PRESENTATION_LAYER_ASSIGNMENT('HS_422_MIDDLE_CASE','',(#6803,#6825,#6846,
#6867,#6887,#6916,#6938,#6959,#6980,#7000,#7022,#7045,#7066,#7088,#7116,#7140,
#7167,#7190,#7223,#7244,#7276,#7298,#7344,#7364,#7387,#7419,#7440,#7472,#7495,
#7516,#7540,#7571,#7591,#7612,#7647,#7678,#7707,#7739,#7769,#7801,#7831,#7862,
#7898,#7920,#7941,#7968,#7986,#8030,#8050,#8071,#8091,#8113,#8148,#8170,#8198,
#8217,#8236,#8256,#8286,#8306,#8327,#8360,#8382,#8401,#8421,#8442,#8461,#8480,
#8502,#8515,#8570,#8587,#8639,#8654,#8670,#8682,#8697,#8712,#8728,#8740,#8755,
#8769,#8785,#8797,#8811,#8833,#8848,#8860,#8873,#8885,#8907,#8920,#8975,#8992,
#9044,#9059,#9075,#9087,#9102,#9117,#9133,#9145,#9160,#9174,#9190,#9202,#9216,
#9238,#9253,#9265,#9278,#9293,#9306,#9361,#9378,#9430,#9445,#9461,#9473,#9488,
#9503,#9519,#9531,#9546,#9560,#9576,#9588,#9602,#9624,#9639,#9651,#9664,#9679,
#9700,#9721,#9743,#9775,#9810,#9836,#9857,#9879,#9901,#9921,#9942,#9963,#9984,
#10006,#10027,#10046,#10086,#10107,#10128,#10162,#10183,#10208,#10230,#10244,
#10261,#10280,#10300,#10320,#10341,#10361,#10384,#10405,#10419,#10432,#10459,
#10480,#10501,#10524,#10545,#10559,#10571,#10590,#10611,#10631,#10652,#10672,
#10693,#10713,#10733,#10752,#10770,#10790,#10809,#10830,#10851,#10872,#10893,
#10925,#10960,#10986,#11007,#11029,#11051,#11071,#11092,#11113,#11134,#11156,
#11177,#11196,#11236,#11257,#11278,#11312,#11333,#11358,#11380,#11394,#11410,
#11431,#11451,#11469,#11490,#11510,#11533,#11554,#11568,#11581,#11608,#11629,
#11650,#11673,#11694,#11708,#11720,#11739,#11760,#11780,#11801,#11821,#11842,
#11862,#11882,#11901,#11919,#11939,#11958,#11999,#12021,#12043,#12069,#12091,
#12111,#12131,#12153,#12175,#12197,#12238,#12259,#12280,#12299,#12320,#12340,
#12361,#12383,#12403,#12423,#12443,#12471,#12496,#12518,#12550,#12572,#12594,
#12615,#12637,#12657,#12689,#12709,#12729,#12746,#12767,#12789,#12811,#12834,
#12855,#12874,#12896,#12916,#12937,#12972,#12991,#13010,#13032,#13053,#13074,
#13094,#13113,#13135,#13157,#13181,#13201,#13220,#13242,#13262,#13425,#13444,
#13466,#13482,#13498,#13512,#13528,#13544,#13558,#13574,#13590,#13604,#13620,
#13636,#13650,#13666,#13682,#13696,#13712,#13728,#13742,#13758,#13774,#13788,
#13804,#13820,#13834,#13850,#13866,#13880,#13896,#13912,#13926,#13942,#13958,
#13972,#13988,#14004,#14018,#14034,#14050,#14064,#14080,#14096,#14110,#14126,
#14142,#14156,#14172,#14188,#14202,#14218,#14234,#14248,#14264,#14280,#14294,
#14310,#14326,#14340,#14356,#14372,#14386,#14402,#14418,#14432,#14448,#14464,
#14478,#14494,#14510,#14524,#14540,#14555,#14568,#14677,#14689,#14701,#14713,
#14725,#14737,#14749,#14761,#14773,#14785,#14797,#14809,#14821,#14833,#14845,
#14857,#14869,#14881,#14893,#14905,#14917,#14929,#14941,#14953,#14968,#14982,
#14995,#15007,#15019,#15041,#15054,#15109,#15126,#15178,#15193,#15209,#15221,
#15236,#15251,#15267,#15279,#15294,#15308,#15324,#15336,#15350,#15372,#15387,
#15399,#15412,#15424,#15444,#15464,#15483,#15587,#15613,#15637,#15652,#15663,
#15675,#15689,#15793,#15819,#15843,#15858,#15869,#15881,#15895,#15999,#16025,
#16049,#16064,#16075,#16087,#16101,#16211,#16226,#16237,#16249,#16268,#16290,
#16307,#16320));
#16331=PRESENTATION_LAYER_ASSIGNMENT('HS_422_TOP_CASE','',(#6803,#6825,#6846,
#6867,#6887,#6916,#6938,#6959,#6980,#7000,#7022,#7045,#7066,#7088,#7116,#7140,
#7167,#7190,#7223,#7244,#7276,#7298,#7344,#7364,#7387,#7419,#7440,#7472,#7495,
#7516,#7540,#7571,#7591,#7612,#7647,#7678,#7707,#7739,#7769,#7801,#7831,#7862,
#7898,#7920,#7941,#7968,#7986,#8030,#8050,#8071,#8091,#8113,#8148,#8170,#8198,
#8217,#8236,#8256,#8286,#8306,#8327,#8360,#8382,#8401,#8421,#8442,#8461,#8480,
#8502,#8515,#8570,#8587,#8639,#8654,#8670,#8682,#8697,#8712,#8728,#8740,#8755,
#8769,#8785,#8797,#8811,#8833,#8848,#8860,#8873,#8885,#8907,#8920,#8975,#8992,
#9044,#9059,#9075,#9087,#9102,#9117,#9133,#9145,#9160,#9174,#9190,#9202,#9216,
#9238,#9253,#9265,#9278,#9293,#9306,#9361,#9378,#9430,#9445,#9461,#9473,#9488,
#9503,#9519,#9531,#9546,#9560,#9576,#9588,#9602,#9624,#9639,#9651,#9664,#9679,
#9700,#9721,#9743,#9775,#9810,#9836,#9857,#9879,#9901,#9921,#9942,#9963,#9984,
#10006,#10027,#10046,#10086,#10107,#10128,#10162,#10183,#10208,#10230,#10244,
#10261,#10280,#10300,#10320,#10341,#10361,#10384,#10405,#10419,#10432,#10459,
#10480,#10501,#10524,#10545,#10559,#10571,#10590,#10611,#10631,#10652,#10672,
#10693,#10713,#10733,#10752,#10770,#10790,#10809,#10830,#10851,#10872,#10893,
#10925,#10960,#10986,#11007,#11029,#11051,#11071,#11092,#11113,#11134,#11156,
#11177,#11196,#11236,#11257,#11278,#11312,#11333,#11358,#11380,#11394,#11410,
#11431,#11451,#11469,#11490,#11510,#11533,#11554,#11568,#11581,#11608,#11629,
#11650,#11673,#11694,#11708,#11720,#11739,#11760,#11780,#11801,#11821,#11842,
#11862,#11882,#11901,#11919,#11939,#11958,#11999,#12021,#12043,#12069,#12091,
#12111,#12131,#12153,#12175,#12197,#12238,#12259,#12280,#12299,#12320,#12340,
#12361,#12383,#12403,#12423,#12443,#12471,#12496,#12518,#12550,#12572,#12594,
#12615,#12637,#12657,#12689,#12709,#12729,#12746,#12767,#12789,#12811,#12834,
#12855,#12874,#12896,#12916,#12937,#12972,#12991,#13010,#13032,#13053,#13074,
#13094,#13113,#13135,#13157,#13181,#13201,#13220,#13242,#13262,#13425,#13444,
#13466,#13482,#13498,#13512,#13528,#13544,#13558,#13574,#13590,#13604,#13620,
#13636,#13650,#13666,#13682,#13696,#13712,#13728,#13742,#13758,#13774,#13788,
#13804,#13820,#13834,#13850,#13866,#13880,#13896,#13912,#13926,#13942,#13958,
#13972,#13988,#14004,#14018,#14034,#14050,#14064,#14080,#14096,#14110,#14126,
#14142,#14156,#14172,#14188,#14202,#14218,#14234,#14248,#14264,#14280,#14294,
#14310,#14326,#14340,#14356,#14372,#14386,#14402,#14418,#14432,#14448,#14464,
#14478,#14494,#14510,#14524,#14540,#14555,#14568,#14677,#14689,#14701,#14713,
#14725,#14737,#14749,#14761,#14773,#14785,#14797,#14809,#14821,#14833,#14845,
#14857,#14869,#14881,#14893,#14905,#14917,#14929,#14941,#14953,#14968,#14982,
#14995,#15007,#15019,#15041,#15054,#15109,#15126,#15178,#15193,#15209,#15221,
#15236,#15251,#15267,#15279,#15294,#15308,#15324,#15336,#15350,#15372,#15387,
#15399,#15412,#15424,#15444,#15464,#15483,#15587,#15613,#15637,#15652,#15663,
#15675,#15689,#15793,#15819,#15843,#15858,#15869,#15881,#15895,#15999,#16025,
#16049,#16064,#16075,#16087,#16101,#16211,#16226,#16237,#16249,#16268,#16290,
#16307,#16320));
#16332=PRESENTATION_LAYER_ASSIGNMENT('MEMBER','',(#6803,#6825,#6846,#6867,#6887,
#6916,#6938,#6959,#6980,#7000,#7022,#7045,#7066,#7088,#7116,#7140,#7167,#7190,
#7223,#7244,#7276,#7298,#7344,#7364,#7387,#7419,#7440,#7472,#7495,#7516,#7540,
#7571,#7591,#7612,#7647,#7678,#7707,#7739,#7769,#7801,#7831,#7862,#7898,#7920,
#7941,#7968,#7986,#8030,#8050,#8071,#8091,#8113,#8148,#8170,#8198,#8217,#8236,
#8256,#8286,#8306,#8327,#8360,#8382,#8401,#8421,#8442,#8461,#8480,#8502,#8515,
#8570,#8587,#8639,#8654,#8670,#8682,#8697,#8712,#8728,#8740,#8755,#8769,#8785,
#8797,#8811,#8833,#8848,#8860,#8873,#8885,#8907,#8920,#8975,#8992,#9044,#9059,
#9075,#9087,#9102,#9117,#9133,#9145,#9160,#9174,#9190,#9202,#9216,#9238,#9253,
#9265,#9278,#9293,#9306,#9361,#9378,#9430,#9445,#9461,#9473,#9488,#9503,#9519,
#9531,#9546,#9560,#9576,#9588,#9602,#9624,#9639,#9651,#9664,#9679,#9700,#9721,
#9743,#9775,#9810,#9836,#9857,#9879,#9901,#9921,#9942,#9963,#9984,#10006,#10027,
#10046,#10086,#10107,#10128,#10162,#10183,#10208,#10230,#10244,#10261,#10280,
#10300,#10320,#10341,#10361,#10384,#10405,#10419,#10432,#10459,#10480,#10501,
#10524,#10545,#10559,#10571,#10590,#10611,#10631,#10652,#10672,#10693,#10713,
#10733,#10752,#10770,#10790,#10809,#10830,#10851,#10872,#10893,#10925,#10960,
#10986,#11007,#11029,#11051,#11071,#11092,#11113,#11134,#11156,#11177,#11196,
#11236,#11257,#11278,#11312,#11333,#11358,#11380,#11394,#11410,#11431,#11451,
#11469,#11490,#11510,#11533,#11554,#11568,#11581,#11608,#11629,#11650,#11673,
#11694,#11708,#11720,#11739,#11760,#11780,#11801,#11821,#11842,#11862,#11882,
#11901,#11919,#11939,#11958,#11999,#12021,#12043,#12069,#12091,#12111,#12131,
#12153,#12175,#12197,#12238,#12259,#12280,#12299,#12320,#12340,#12361,#12383,
#12403,#12423,#12443,#12471,#12496,#12518,#12550,#12572,#12594,#12615,#12637,
#12657,#12689,#12709,#12729,#12746,#12767,#12789,#12811,#12834,#12855,#12874,
#12896,#12916,#12937,#12972,#12991,#13010,#13032,#13053,#13074,#13094,#13113,
#13135,#13157,#13181,#13201,#13220,#13242,#13262,#13425,#13444,#13466,#13482,
#13498,#13512,#13528,#13544,#13558,#13574,#13590,#13604,#13620,#13636,#13650,
#13666,#13682,#13696,#13712,#13728,#13742,#13758,#13774,#13788,#13804,#13820,
#13834,#13850,#13866,#13880,#13896,#13912,#13926,#13942,#13958,#13972,#13988,
#14004,#14018,#14034,#14050,#14064,#14080,#14096,#14110,#14126,#14142,#14156,
#14172,#14188,#14202,#14218,#14234,#14248,#14264,#14280,#14294,#14310,#14326,
#14340,#14356,#14372,#14386,#14402,#14418,#14432,#14448,#14464,#14478,#14494,
#14510,#14524,#14540,#14555,#14568,#14677,#14689,#14701,#14713,#14725,#14737,
#14749,#14761,#14773,#14785,#14797,#14809,#14821,#14833,#14845,#14857,#14869,
#14881,#14893,#14905,#14917,#14929,#14941,#14953,#14968,#14982,#14995,#15007,
#15019,#15041,#15054,#15109,#15126,#15178,#15193,#15209,#15221,#15236,#15251,
#15267,#15279,#15294,#15308,#15324,#15336,#15350,#15372,#15387,#15399,#15412,
#15424,#15444,#15464,#15483,#15587,#15613,#15637,#15652,#15663,#15675,#15689,
#15793,#15819,#15843,#15858,#15869,#15881,#15895,#15999,#16025,#16049,#16064,
#16075,#16087,#16101,#16211,#16226,#16237,#16249,#16268,#16290,#16307,#16320));
#16334=DIMENSIONAL_EXPONENTS(0.E0,0.E0,0.E0,0.E0,0.E0,0.E0,0.E0);
#16336=PLANE_ANGLE_MEASURE_WITH_UNIT(PLANE_ANGLE_MEASURE(1.745329251994E-2),
#16335);
#16337=(CONVERSION_BASED_UNIT('DEGREE',#16336)NAMED_UNIT(*)PLANE_ANGLE_UNIT());
#16339=UNCERTAINTY_MEASURE_WITH_UNIT(LENGTH_MEASURE(7.10827E-3),#16333,
'closure',
'Maximum model space distance between geometric entities at asserted connectivities');
#16340=(GEOMETRIC_REPRESENTATION_CONTEXT(3)GLOBAL_UNCERTAINTY_ASSIGNED_CONTEXT((
#16339))GLOBAL_UNIT_ASSIGNED_CONTEXT((#16333,#16337,#16338))REPRESENTATION_CONTEXT('ID1','3'));
#16341=CARTESIAN_POINT('',(0.E0,0.E0,0.E0));
#16342=DIRECTION('',(0.E0,0.E0,1.E0));
#16343=DIRECTION('',(1.E0,0.E0,0.E0));
#16346=APPLICATION_CONTEXT(
'CONFIGURATION CONTROLLED 3D DESIGNS OF MECHANICAL PARTS AND ASSEMBLIES');
#16347=APPLICATION_PROTOCOL_DEFINITION('international standard',
'config_control_design',1994,#16346);
#16348=DESIGN_CONTEXT('',#16346,'design');
#16349=MECHANICAL_CONTEXT('',#16346,'mechanical');
#16350=PRODUCT('_HS-425BB','_HS-425BB','NOT SPECIFIED',(#16349));
#16351=PRODUCT_DEFINITION_FORMATION_WITH_SPECIFIED_SOURCE('1','LAST_VERSION',
#16350,.MADE.);
#16360=CARTESIAN_POINT('',(0.E0,0.E0,0.E0));
#16361=DIRECTION('',(0.E0,0.E0,1.E0));
#16362=DIRECTION('',(1.E0,0.E0,0.E0));
#16363=AXIS2_PLACEMENT_3D('',#16360,#16361,#16362);
#16364=ITEM_DEFINED_TRANSFORMATION('','',#16344,#16363);
#16365=(REPRESENTATION_RELATIONSHIP('','',#16345,#16357)REPRESENTATION_RELATIONSHIP_WITH_TRANSFORMATION(#16364)SHAPE_REPRESENTATION_RELATIONSHIP());
#16366=CONTEXT_DEPENDENT_SHAPE_REPRESENTATION(#16365,#16359);
#16368=DIMENSIONAL_EXPONENTS(0.E0,0.E0,0.E0,0.E0,0.E0,0.E0,0.E0);
#16370=PLANE_ANGLE_MEASURE_WITH_UNIT(PLANE_ANGLE_MEASURE(1.745329251994E-2),
#16369);
#16371=(CONVERSION_BASED_UNIT('DEGREE',#16370)NAMED_UNIT(*)PLANE_ANGLE_UNIT());
#16373=UNCERTAINTY_MEASURE_WITH_UNIT(LENGTH_MEASURE(7.021066133976E-3),#16367,
'closure',
'Maximum model space distance between geometric entities at asserted connectivities');
#16374=(GEOMETRIC_REPRESENTATION_CONTEXT(3)GLOBAL_UNCERTAINTY_ASSIGNED_CONTEXT((
#16373))GLOBAL_UNIT_ASSIGNED_CONTEXT((#16367,#16371,#16372))REPRESENTATION_CONTEXT('ID2','3'));
#16375=CARTESIAN_POINT('',(0.E0,0.E0,0.E0));
#16376=DIRECTION('',(0.E0,0.E0,1.E0));
#16377=DIRECTION('',(1.E0,0.E0,0.E0));
#16379=MECHANICAL_DESIGN_GEOMETRIC_PRESENTATION_REPRESENTATION('',(#6810,#6832,
#6853,#6874,#6894,#6923,#6945,#6966,#6987,#7007,#7029,#7052,#7073,#7095,#7123,
#7147,#7174,#7197,#7230,#7251,#7283,#7305,#7351,#7371,#7394,#7426,#7447,#7479,
#7502,#7523,#7547,#7578,#7598,#7619,#7654,#7685,#7714,#7746,#7776,#7808,#7838,
#7869,#7905,#7927,#7948,#7975,#7993,#8037,#8057,#8078,#8098,#8120,#8155,#8177,
#8205,#8224,#8243,#8263,#8293,#8313,#8334,#8367,#8389,#8408,#8428,#8449,#8468,
#8487,#8892,#9686,#9707,#9728,#9750,#9782,#9817,#9843,#9864,#9886,#9908,#9928,
#9949,#9970,#9991,#10013,#10034,#10053,#10093,#10114,#10135,#10169,#10190,
#10215,#10237,#10248,#10268,#10287,#10307,#10327,#10348,#10368,#10391,#10412,
#10422,#10439,#10466,#10487,#10508,#10531,#10552,#10562,#10578,#10597,#10618,
#10638,#10659,#10679,#10700,#10720,#10740,#10759,#10777,#10797,#10816,#10837,
#10858,#10879,#10900,#10932,#10967,#10993,#11014,#11036,#11058,#11078,#11099,
#11120,#11141,#11163,#11184,#11203,#11243,#11264,#11285,#11319,#11340,#11365,
#11387,#11397,#11417,#11438,#11458,#11476,#11497,#11517,#11540,#11561,#11571,
#11588,#11615,#11636,#11657,#11680,#11701,#11711,#11727,#11746,#11767,#11787,
#11808,#11828,#11849,#11869,#11889,#11908,#11926,#11946,#11965,#12006,#12028,
#12050,#12076,#12098,#12118,#12138,#12160,#12182,#12204,#12245,#12266,#12287,
#12306,#12327,#12347,#12368,#12390,#12410,#12430,#12450,#12478,#12503,#12525,
#12557,#12579,#12601,#12622,#12644,#12664,#12696,#12716,#12736,#12753,#12774,
#12796,#12818,#12841,#12862,#12881,#12903,#12923,#12944,#12979,#12998,#13017,
#13039,#13060,#13081,#13101,#13120,#13142,#13164,#13188,#13208,#13227,#13249,
#13269,#13432,#13451,#15026,#15431,#15451,#15471,#15490,#15594,#15620,#15696,
#15800,#15826,#15902,#16006,#16032,#16108,#16275,#16297,#16314),#16374);
#16380=MECHANICAL_CONTEXT('',#16346,'mechanical');
#16381=PRODUCT('HS-425BB_ASM','HS-425BB_ASM','NOT SPECIFIED',(#16380));
#16382=PRODUCT_DEFINITION_FORMATION_WITH_SPECIFIED_SOURCE('1','LAST_VERSION',
#16381,.MADE.);
#16384=PRODUCT_CATEGORY('part','');
#16385=PRODUCT_RELATED_PRODUCT_CATEGORY('assembly','',(#16381));
#16386=PRODUCT_CATEGORY_RELATIONSHIP('','',#16384,#16385);
#16387=PRODUCT_CATEGORY('part','');
#16388=PRODUCT_RELATED_PRODUCT_CATEGORY('detail','',(#16350));
#16389=PRODUCT_CATEGORY_RELATIONSHIP('','',#16387,#16388);
#16390=SECURITY_CLASSIFICATION_LEVEL('unclassified');
#16391=SECURITY_CLASSIFICATION('','',#16390);
#16392=CC_DESIGN_SECURITY_CLASSIFICATION(#16391,(#16351,#16382,#16358));
#16393=APPROVAL_STATUS('approved');
#16394=APPROVAL(#16393,'');
#16395=CC_DESIGN_APPROVAL(#16394,(#16391,#16351,#16382,#16352,#16383));
#16396=CALENDAR_DATE(117,30,8);
#16397=COORDINATED_UNIVERSAL_TIME_OFFSET(9,0,.AHEAD.);
#16398=LOCAL_TIME(11,7,2.E0,#16397);
#16399=DATE_AND_TIME(#16396,#16398);
#16400=APPROVAL_DATE_TIME(#16399,#16394);
#16401=DATE_TIME_ROLE('creation_date');
#16402=CC_DESIGN_DATE_AND_TIME_ASSIGNMENT(#16399,#16401,(#16352,#16383));
#16403=DATE_TIME_ROLE('classification_date');
#16404=CC_DESIGN_DATE_AND_TIME_ASSIGNMENT(#16399,#16403,(#16391));
#16405=PERSON('UNSPECIFIED','UNSPECIFIED',$,$,$,$);
#16406=ORGANIZATION('UNSPECIFIED','UNSPECIFIED','UNSPECIFIED');
#16407=PERSON_AND_ORGANIZATION(#16405,#16406);
#16408=APPROVAL_ROLE('approver');
#16409=APPROVAL_PERSON_ORGANIZATION(#16407,#16394,#16408);
#16410=PERSON_AND_ORGANIZATION_ROLE('creator');
#16411=CC_DESIGN_PERSON_AND_ORGANIZATION_ASSIGNMENT(#16407,#16410,(#16351,
#16382,#16352,#16383));
#16412=PERSON_AND_ORGANIZATION_ROLE('design_supplier');
#16413=CC_DESIGN_PERSON_AND_ORGANIZATION_ASSIGNMENT(#16407,#16412,(#16351,
#16382));
#16414=PERSON_AND_ORGANIZATION_ROLE('classification_officer');
#16415=CC_DESIGN_PERSON_AND_ORGANIZATION_ASSIGNMENT(#16407,#16414,(#16391));
#16416=PERSON_AND_ORGANIZATION_ROLE('design_owner');
#16417=CC_DESIGN_PERSON_AND_ORGANIZATION_ASSIGNMENT(#16407,#16416,(#16381,
#16350));
#1=COLOUR_RGB('',0.E0,0.E0,4.7E-1);
#2=COLOUR_RGB('',0.E0,0.E0,6.E-1);
#3=COLOUR_RGB('',0.E0,0.E0,8.E-1);
#4=DRAUGHTING_PRE_DEFINED_COLOUR('blue');
#5=COLOUR_RGB('',0.E0,2.E-1,1.E0);
#6=COLOUR_RGB('',0.E0,3.3E-1,0.E0);
#7=COLOUR_RGB('',0.E0,3.3E-1,3.3E-1);
#8=COLOUR_RGB('',0.E0,4.E-1,0.E0);
#9=COLOUR_RGB('',0.E0,4.E-1,4.E-1);
#10=COLOUR_RGB('',0.E0,4.E-1,1.E0);
#11=COLOUR_RGB('',0.E0,5.3E-1,5.3E-1);
#12=COLOUR_RGB('',0.E0,6.E-1,0.E0);
#13=COLOUR_RGB('',0.E0,6.E-1,6.E-1);
#14=COLOUR_RGB('',0.E0,6.E-1,1.E0);
#15=COLOUR_RGB('',0.E0,8.E-1,0.E0);
#16=COLOUR_RGB('',0.E0,8.E-1,8.E-1);
#17=COLOUR_RGB('',0.E0,8.E-1,1.E0);
#18=COLOUR_RGB('',0.E0,9.3E-1,0.E0);
#19=COLOUR_RGB('',0.E0,9.3E-1,9.3E-1);
#20=DRAUGHTING_PRE_DEFINED_COLOUR('green');
#21=COLOUR_RGB('',0.E0,1.E0,2.E-1);
#22=COLOUR_RGB('',0.E0,1.E0,4.E-1);
#23=COLOUR_RGB('',0.E0,1.E0,6.E-1);
#24=COLOUR_RGB('',0.E0,1.E0,8.E-1);
#25=DRAUGHTING_PRE_DEFINED_COLOUR('cyan');
#26=COLOUR_RGB('',7.E-2,7.E-2,1.E0);
#27=COLOUR_RGB('',2.E-1,2.E-1,6.E-1);
#28=COLOUR_RGB('',2.E-1,1.E0,0.E0);
#29=COLOUR_RGB('',2.E-1,1.E0,2.E-1);
#30=COLOUR_RGB('',2.E-1,1.E0,1.E0);
#31=COLOUR_RGB('',2.196078431373E-1,2.196078431373E-1,2.588235294118E-1);
#32=COLOUR_RGB('',2.7E-1,0.E0,4.E-1);
#33=COLOUR_RGB('',2.7E-1,2.7E-1,0.E0);
#34=COLOUR_RGB('',2.7E-1,2.7E-1,1.E0);
#35=COLOUR_RGB('',3.019607843137E-1,2.784313725490E-1,2.901960784314E-1);
#36=COLOUR_RGB('',3.3E-1,0.E0,0.E0);
#37=COLOUR_RGB('',3.3E-1,0.E0,3.3E-1);
#38=COLOUR_RGB('',3.3E-1,0.E0,5.3E-1);
#39=COLOUR_RGB('',3.490196078431E-1,7.215686274510E-1,1.E0);
#40=COLOUR_RGB('',4.E-1,0.E0,4.E-1);
#41=COLOUR_RGB('',4.E-1,0.E0,6.7E-1);
#42=COLOUR_RGB('',4.E-1,1.3E-1,0.E0);
#43=COLOUR_RGB('',4.E-1,4.E-1,0.E0);
#44=COLOUR_RGB('',4.E-1,4.E-1,1.E0);
#45=COLOUR_RGB('',4.E-1,1.E0,0.E0);
#46=COLOUR_RGB('',4.E-1,1.E0,4.E-1);
#47=COLOUR_RGB('',4.E-1,1.E0,1.E0);
#48=COLOUR_RGB('',4.7E-1,0.E0,0.E0);
#49=COLOUR_RGB('',4.7E-1,0.E0,8.E-1);
#50=COLOUR_RGB('',4.7E-1,0.E0,8.7E-1);
#51=COLOUR_RGB('',4.7E-1,2.E-1,7.E-2);
#52=COLOUR_RGB('',4.7E-1,4.7E-1,4.7E-1);
#53=COLOUR_RGB('',5.3E-1,0.E0,9.3E-1);
#54=COLOUR_RGB('',5.3E-1,2.7E-1,1.3E-1);
#55=COLOUR_RGB('',5.3E-1,5.3E-1,1.E0);
#56=COLOUR_RGB('',6.E-1,0.E0,6.E-1);
#57=COLOUR_RGB('',6.E-1,2.E-1,1.E0);
#58=COLOUR_RGB('',6.E-1,3.3E-1,2.E-1);
#59=COLOUR_RGB('',6.E-1,6.E-1,0.E0);
#60=COLOUR_RGB('',6.E-1,6.E-1,6.E-1);
#61=COLOUR_RGB('',6.E-1,6.E-1,1.E0);
#62=COLOUR_RGB('',6.E-1,1.E0,6.E-1);
#63=COLOUR_RGB('',6.E-1,1.E0,1.E0);
#64=COLOUR_RGB('',6.588235294118E-1,6.588235294118E-1,6.588235294118E-1);
#65=COLOUR_RGB('',6.7E-1,0.E0,0.E0);
#66=COLOUR_RGB('',6.7E-1,0.E0,5.3E-1);
#67=COLOUR_RGB('',6.7E-1,4.E-1,2.7E-1);
#68=COLOUR_RGB('',6.7E-1,4.E-1,1.E0);
#69=COLOUR_RGB('',6.7E-1,6.7E-1,1.E0);
#70=COLOUR_RGB('',6.7E-1,1.E0,0.E0);
#71=COLOUR_RGB('',7.3E-1,2.7E-1,1.E0);
#72=COLOUR_RGB('',7.3E-1,4.E-1,0.E0);
#73=COLOUR_RGB('',7.3E-1,4.7E-1,3.3E-1);
#74=COLOUR_RGB('',7.3E-1,7.3E-1,7.3E-1);
#75=COLOUR_RGB('',8.E-1,0.E0,8.E-1);
#76=COLOUR_RGB('',8.E-1,5.3E-1,4.E-1);
#77=COLOUR_RGB('',8.E-1,6.E-1,1.E0);
#78=COLOUR_RGB('',8.E-1,8.E-1,0.E0);
#79=COLOUR_RGB('',8.E-1,8.E-1,1.E0);
#80=COLOUR_RGB('',8.E-1,1.E0,8.E-1);
#81=COLOUR_RGB('',8.E-1,1.E0,1.E0);
#82=COLOUR_RGB('',8.470588235294E-1,8.470588235294E-1,8.470588235294E-1);
#83=COLOUR_RGB('',8.7E-1,0.E0,0.E0);
#84=COLOUR_RGB('',8.7E-1,6.E-1,4.7E-1);
#85=COLOUR_RGB('',9.3E-1,0.E0,9.3E-1);
#86=COLOUR_RGB('',9.3E-1,6.7E-1,5.3E-1);
#87=COLOUR_RGB('',9.3E-1,8.E-1,1.E0);
#88=COLOUR_RGB('',9.3E-1,9.3E-1,0.E0);
#89=COLOUR_RGB('',9.3E-1,1.E0,9.3E-1);
#90=COLOUR_RGB('',9.3E-1,1.E0,1.E0);
#91=DRAUGHTING_PRE_DEFINED_COLOUR('red');
#92=COLOUR_RGB('',1.E0,0.E0,2.7E-1);
#93=COLOUR_RGB('',1.E0,0.E0,4.7E-1);
#94=DRAUGHTING_PRE_DEFINED_COLOUR('magenta');
#95=COLOUR_RGB('',1.E0,7.E-2,7.E-2);
#96=COLOUR_RGB('',1.E0,2.E-1,1.E0);
#97=COLOUR_RGB('',1.E0,2.7E-1,0.E0);
#98=COLOUR_RGB('',1.E0,2.7E-1,2.7E-1);
#99=COLOUR_RGB('',1.E0,4.E-1,1.E0);
#100=COLOUR_RGB('',1.E0,4.7E-1,0.E0);
#101=COLOUR_RGB('',1.E0,4.7E-1,4.7E-1);
#102=COLOUR_RGB('',1.E0,4.7E-1,5.3E-1);
#103=COLOUR_RGB('',1.E0,5.254901960784E-1,8.352941176471E-1);
#104=COLOUR_RGB('',1.E0,6.E-1,1.E0);
#105=COLOUR_RGB('',1.E0,6.7E-1,0.E0);
#106=COLOUR_RGB('',1.E0,6.7E-1,6.7E-1);
#107=COLOUR_RGB('',1.E0,7.3E-1,5.3E-1);
#108=COLOUR_RGB('',1.E0,7.3E-1,6.E-1);
#109=COLOUR_RGB('',1.E0,8.E-1,8.E-1);
#110=COLOUR_RGB('',1.E0,8.E-1,1.E0);
#111=COLOUR_RGB('',1.E0,8.7E-1,0.E0);
#112=COLOUR_RGB('',1.E0,9.3E-1,9.3E-1);
#113=COLOUR_RGB('',1.E0,9.3E-1,1.E0);
#114=DRAUGHTING_PRE_DEFINED_COLOUR('yellow');
#115=COLOUR_RGB('',1.E0,1.E0,1.3E-1);
#116=COLOUR_RGB('',1.E0,1.E0,3.3E-1);
#117=COLOUR_RGB('',1.E0,1.E0,5.3E-1);
#118=COLOUR_RGB('',1.E0,1.E0,7.3E-1);
#119=COLOUR_RGB('',1.E0,1.E0,9.3E-1);
#120=DRAUGHTING_PRE_DEFINED_COLOUR('white');
#129=CIRCLE('',#128,7.000000000001E-1);
#138=CIRCLE('',#137,7.E-1);
#159=CIRCLE('',#158,8.314871476965E-1);
#164=CIRCLE('',#163,8.314871492993E-1);
#173=CIRCLE('',#172,7.E-1);
#182=CIRCLE('',#181,7.000000000001E-1);
#195=CIRCLE('',#194,2.999962587975E-1);
#200=CIRCLE('',#199,2.999999067868E-1);
#209=CIRCLE('',#208,2.999962587980E-1);
#218=CIRCLE('',#217,2.999962587980E-1);
#227=CIRCLE('',#226,1.129652263233E0);
#244=CIRCLE('',#243,1.129652263233E0);
#257=CIRCLE('',#256,1.599999968137E0);
#262=CIRCLE('',#261,4.999985489192E-1);
#267=CIRCLE('',#266,4.999985489203E-1);
#272=CIRCLE('',#271,1.599999968137E0);
#289=CIRCLE('',#288,1.599999968137E0);
#294=CIRCLE('',#293,1.599999968137E0);
#299=CIRCLE('',#298,4.999985489198E-1);
#304=CIRCLE('',#303,4.999985489198E-1);
#321=CIRCLE('',#320,4.999991057244E-1);
#326=CIRCLE('',#325,9.999982114489E-1);
#331=CIRCLE('',#330,4.999991057244E-1);
#344=CIRCLE('',#343,4.999991057245E-1);
#349=CIRCLE('',#348,9.999982114491E-1);
#354=CIRCLE('',#353,4.999991057245E-1);
#367=CIRCLE('',#366,9.999981970676E-1);
#376=CIRCLE('',#375,9.999981970676E-1);
#397=CIRCLE('',#396,9.999981970676E-1);
#406=CIRCLE('',#405,9.999981970676E-1);
#423=CIRCLE('',#422,4.999991057244E-1);
#428=CIRCLE('',#427,9.999982114489E-1);
#433=CIRCLE('',#432,4.999991057244E-1);
#446=CIRCLE('',#445,4.999991057244E-1);
#451=CIRCLE('',#450,9.999982114489E-1);
#456=CIRCLE('',#455,4.999991057244E-1);
#469=CIRCLE('',#468,9.999981970676E-1);
#474=CIRCLE('',#473,9.999981970676E-1);
#519=CIRCLE('',#518,2.000811232640E0);
#532=CIRCLE('',#531,1.499999999997E0);
#537=CIRCLE('',#536,1.799999999988E0);
#542=CIRCLE('',#541,2.000811232640E0);
#547=CIRCLE('',#546,1.699999999999E0);
#552=CIRCLE('',#551,1.699999999999E0);
#569=B_SPLINE_CURVE_WITH_KNOTS('',3,(#561,#562,#563,#564,#565,#566,#567,#568),
.UNSPECIFIED.,.F.,.F.,(4,1,1,1,1,4),(0.E0,2.E-1,4.E-1,6.E-1,8.E-1,1.E0),
.UNSPECIFIED.);
#606=B_SPLINE_CURVE_WITH_KNOTS('',3,(#598,#599,#600,#601,#602,#603,#604,#605),
.UNSPECIFIED.,.F.,.F.,(4,1,1,1,1,4),(0.E0,2.E-1,4.E-1,6.E-1,8.E-1,1.E0),
.UNSPECIFIED.);
#647=B_SPLINE_CURVE_WITH_KNOTS('',3,(#639,#640,#641,#642,#643,#644,#645,#646),
.UNSPECIFIED.,.F.,.F.,(4,1,1,1,1,4),(0.E0,2.E-1,4.E-1,6.E-1,8.E-1,1.E0),
.UNSPECIFIED.);
#692=B_SPLINE_CURVE_WITH_KNOTS('',3,(#684,#685,#686,#687,#688,#689,#690,#691),
.UNSPECIFIED.,.F.,.F.,(4,1,1,1,1,4),(0.E0,2.E-1,4.E-1,6.E-1,8.E-1,1.E0),
.UNSPECIFIED.);
#701=CIRCLE('',#700,2.000811232642E0);
#710=CIRCLE('',#709,1.799999999988E0);
#715=CIRCLE('',#714,1.499999999995E0);
#728=CIRCLE('',#727,1.699999999999E0);
#733=CIRCLE('',#732,1.699999999999E0);
#770=CIRCLE('',#769,2.000811232642E0);
#775=CIRCLE('',#774,1.799999999988E0);
#780=CIRCLE('',#779,1.799999999988E0);
#785=CIRCLE('',#784,1.799999999988E0);
#790=CIRCLE('',#789,1.799999999988E0);
#843=CIRCLE('',#842,2.000811232631E0);
#852=CIRCLE('',#851,1.799999999988E0);
#857=CIRCLE('',#856,1.499999999995E0);
#866=CIRCLE('',#865,1.699999999999E0);
#871=CIRCLE('',#870,1.699999999999E0);
#896=CIRCLE('',#895,2.000811232631E0);
#933=CIRCLE('',#932,2.000811232626E0);
#950=CIRCLE('',#949,1.499999999997E0);
#959=CIRCLE('',#958,1.799999999988E0);
#968=CIRCLE('',#967,2.000811232626E0);
#973=CIRCLE('',#972,1.699999999999E0);
#978=CIRCLE('',#977,1.699999999999E0);
#1041=B_SPLINE_CURVE_WITH_KNOTS('',3,(#1035,#1036,#1037,#1038,#1039,#1040),
.UNSPECIFIED.,.F.,.F.,(4,1,1,4),(0.E0,3.333333333333E-1,6.666666666667E-1,1.E0),
.UNSPECIFIED.);
#1048=B_SPLINE_CURVE_WITH_KNOTS('',3,(#1042,#1043,#1044,#1045,#1046,#1047),
.UNSPECIFIED.,.F.,.F.,(4,1,1,4),(0.E0,3.333333333333E-1,6.666666666667E-1,1.E0),
.UNSPECIFIED.);
#1055=B_SPLINE_CURVE_WITH_KNOTS('',3,(#1049,#1050,#1051,#1052,#1053,#1054),
.UNSPECIFIED.,.F.,.F.,(4,1,1,4),(0.E0,3.333333333333E-1,6.666666666667E-1,1.E0),
.UNSPECIFIED.);
#1062=B_SPLINE_CURVE_WITH_KNOTS('',3,(#1056,#1057,#1058,#1059,#1060,#1061),
.UNSPECIFIED.,.F.,.F.,(4,1,1,4),(0.E0,3.333333333333E-1,6.666666666667E-1,1.E0),
.UNSPECIFIED.);
#1069=B_SPLINE_CURVE_WITH_KNOTS('',3,(#1063,#1064,#1065,#1066,#1067,#1068),
.UNSPECIFIED.,.F.,.F.,(4,1,1,4),(0.E0,3.333333333333E-1,6.666666666667E-1,1.E0),
.UNSPECIFIED.);
#1076=B_SPLINE_CURVE_WITH_KNOTS('',3,(#1070,#1071,#1072,#1073,#1074,#1075),
.UNSPECIFIED.,.F.,.F.,(4,1,1,4),(0.E0,3.333333333333E-1,6.666666666667E-1,1.E0),
.UNSPECIFIED.);
#1083=B_SPLINE_CURVE_WITH_KNOTS('',3,(#1077,#1078,#1079,#1080,#1081,#1082),
.UNSPECIFIED.,.F.,.F.,(4,1,1,4),(0.E0,3.333333333333E-1,6.666666666667E-1,1.E0),
.UNSPECIFIED.);
#1088=CIRCLE('',#1087,1.7E0);
#1095=B_SPLINE_CURVE_WITH_KNOTS('',3,(#1089,#1090,#1091,#1092,#1093,#1094),
.UNSPECIFIED.,.F.,.F.,(4,1,1,4),(0.E0,3.333333333333E-1,6.666666666667E-1,1.E0),
.UNSPECIFIED.);
#1102=B_SPLINE_CURVE_WITH_KNOTS('',3,(#1096,#1097,#1098,#1099,#1100,#1101),
.UNSPECIFIED.,.F.,.F.,(4,1,1,4),(0.E0,3.333333333333E-1,6.666666666667E-1,1.E0),
.UNSPECIFIED.);
#1109=B_SPLINE_CURVE_WITH_KNOTS('',3,(#1103,#1104,#1105,#1106,#1107,#1108),
.UNSPECIFIED.,.F.,.F.,(4,1,1,4),(0.E0,3.333333333333E-1,6.666666666667E-1,1.E0),
.UNSPECIFIED.);
#1116=B_SPLINE_CURVE_WITH_KNOTS('',3,(#1110,#1111,#1112,#1113,#1114,#1115),
.UNSPECIFIED.,.F.,.F.,(4,1,1,4),(0.E0,3.333333333333E-1,6.666666666667E-1,1.E0),
.UNSPECIFIED.);
#1121=CIRCLE('',#1120,9.999999999974E-1);
#1126=CIRCLE('',#1125,1.7E0);
#1131=CIRCLE('',#1130,9.999999999974E-1);
#1138=B_SPLINE_CURVE_WITH_KNOTS('',3,(#1132,#1133,#1134,#1135,#1136,#1137),
.UNSPECIFIED.,.F.,.F.,(4,1,1,4),(0.E0,3.333333333333E-1,6.666666666667E-1,1.E0),
.UNSPECIFIED.);
#1145=B_SPLINE_CURVE_WITH_KNOTS('',3,(#1139,#1140,#1141,#1142,#1143,#1144),
.UNSPECIFIED.,.F.,.F.,(4,1,1,4),(0.E0,3.333333333333E-1,6.666666666667E-1,1.E0),
.UNSPECIFIED.);
#1152=B_SPLINE_CURVE_WITH_KNOTS('',3,(#1146,#1147,#1148,#1149,#1150,#1151),
.UNSPECIFIED.,.F.,.F.,(4,1,1,4),(0.E0,3.333333333333E-1,6.666666666667E-1,1.E0),
.UNSPECIFIED.);
#1165=CIRCLE('',#1164,6.999988868107E-1);
#1202=CIRCLE('',#1201,6.999988868131E-1);
#1239=CIRCLE('',#1238,6.999988868107E-1);
#1292=CIRCLE('',#1291,6.999988868131E-1);
#1323=B_SPLINE_CURVE_WITH_KNOTS('',3,(#1317,#1318,#1319,#1320,#1321,#1322),
.UNSPECIFIED.,.F.,.F.,(4,1,1,4),(0.E0,3.333333333333E-1,6.666666666667E-1,1.E0),
.UNSPECIFIED.);
#1330=B_SPLINE_CURVE_WITH_KNOTS('',3,(#1324,#1325,#1326,#1327,#1328,#1329),
.UNSPECIFIED.,.F.,.F.,(4,1,1,4),(0.E0,3.333333333333E-1,6.666666666667E-1,1.E0),
.UNSPECIFIED.);
#1337=B_SPLINE_CURVE_WITH_KNOTS('',3,(#1331,#1332,#1333,#1334,#1335,#1336),
.UNSPECIFIED.,.F.,.F.,(4,1,1,4),(0.E0,3.333333333333E-1,6.666666666667E-1,1.E0),
.UNSPECIFIED.);
#1344=B_SPLINE_CURVE_WITH_KNOTS('',3,(#1338,#1339,#1340,#1341,#1342,#1343),
.UNSPECIFIED.,.F.,.F.,(4,1,1,4),(0.E0,3.333333333333E-1,6.666666666667E-1,1.E0),
.UNSPECIFIED.);
#1351=B_SPLINE_CURVE_WITH_KNOTS('',3,(#1345,#1346,#1347,#1348,#1349,#1350),
.UNSPECIFIED.,.F.,.F.,(4,1,1,4),(0.E0,3.333333333333E-1,6.666666666667E-1,1.E0),
.UNSPECIFIED.);
#1358=B_SPLINE_CURVE_WITH_KNOTS('',3,(#1352,#1353,#1354,#1355,#1356,#1357),
.UNSPECIFIED.,.F.,.F.,(4,1,1,4),(0.E0,3.333333333333E-1,6.666666666667E-1,1.E0),
.UNSPECIFIED.);
#1365=B_SPLINE_CURVE_WITH_KNOTS('',3,(#1359,#1360,#1361,#1362,#1363,#1364),
.UNSPECIFIED.,.F.,.F.,(4,1,1,4),(0.E0,3.333333333333E-1,6.666666666667E-1,1.E0),
.UNSPECIFIED.);
#1370=CIRCLE('',#1369,1.7E0);
#1377=B_SPLINE_CURVE_WITH_KNOTS('',3,(#1371,#1372,#1373,#1374,#1375,#1376),
.UNSPECIFIED.,.F.,.F.,(4,1,1,4),(0.E0,3.333333333333E-1,6.666666666667E-1,1.E0),
.UNSPECIFIED.);
#1384=B_SPLINE_CURVE_WITH_KNOTS('',3,(#1378,#1379,#1380,#1381,#1382,#1383),
.UNSPECIFIED.,.F.,.F.,(4,1,1,4),(0.E0,3.333333333333E-1,6.666666666667E-1,1.E0),
.UNSPECIFIED.);
#1391=B_SPLINE_CURVE_WITH_KNOTS('',3,(#1385,#1386,#1387,#1388,#1389,#1390),
.UNSPECIFIED.,.F.,.F.,(4,1,1,4),(0.E0,3.333333333333E-1,6.666666666667E-1,1.E0),
.UNSPECIFIED.);
#1398=B_SPLINE_CURVE_WITH_KNOTS('',3,(#1392,#1393,#1394,#1395,#1396,#1397),
.UNSPECIFIED.,.F.,.F.,(4,1,1,4),(0.E0,3.333333333333E-1,6.666666666667E-1,1.E0),
.UNSPECIFIED.);
#1403=CIRCLE('',#1402,9.999999999974E-1);
#1408=CIRCLE('',#1407,1.7E0);
#1413=CIRCLE('',#1412,9.999999999974E-1);
#1420=B_SPLINE_CURVE_WITH_KNOTS('',3,(#1414,#1415,#1416,#1417,#1418,#1419),
.UNSPECIFIED.,.F.,.F.,(4,1,1,4),(0.E0,3.333333333333E-1,6.666666666667E-1,1.E0),
.UNSPECIFIED.);
#1427=B_SPLINE_CURVE_WITH_KNOTS('',3,(#1421,#1422,#1423,#1424,#1425,#1426),
.UNSPECIFIED.,.F.,.F.,(4,1,1,4),(0.E0,3.333333333333E-1,6.666666666667E-1,1.E0),
.UNSPECIFIED.);
#1434=B_SPLINE_CURVE_WITH_KNOTS('',3,(#1428,#1429,#1430,#1431,#1432,#1433),
.UNSPECIFIED.,.F.,.F.,(4,1,1,4),(0.E0,3.333333333333E-1,6.666666666667E-1,1.E0),
.UNSPECIFIED.);
#1447=CIRCLE('',#1446,6.999988868107E-1);
#1484=CIRCLE('',#1483,6.999988868131E-1);
#1521=CIRCLE('',#1520,6.999988868107E-1);
#1574=CIRCLE('',#1573,6.999988868131E-1);
#1597=B_SPLINE_CURVE_WITH_KNOTS('',3,(#1591,#1592,#1593,#1594,#1595,#1596),
.UNSPECIFIED.,.F.,.F.,(4,1,1,4),(0.E0,3.333333333333E-1,6.666666666667E-1,1.E0),
.UNSPECIFIED.);
#1604=B_SPLINE_CURVE_WITH_KNOTS('',3,(#1598,#1599,#1600,#1601,#1602,#1603),
.UNSPECIFIED.,.F.,.F.,(4,1,1,4),(0.E0,3.333333333333E-1,6.666666666667E-1,1.E0),
.UNSPECIFIED.);
#1611=B_SPLINE_CURVE_WITH_KNOTS('',3,(#1605,#1606,#1607,#1608,#1609,#1610),
.UNSPECIFIED.,.F.,.F.,(4,1,1,4),(0.E0,3.333333333333E-1,6.666666666667E-1,1.E0),
.UNSPECIFIED.);
#1618=B_SPLINE_CURVE_WITH_KNOTS('',3,(#1612,#1613,#1614,#1615,#1616,#1617),
.UNSPECIFIED.,.F.,.F.,(4,1,1,4),(0.E0,3.333333333333E-1,6.666666666667E-1,1.E0),
.UNSPECIFIED.);
#1625=B_SPLINE_CURVE_WITH_KNOTS('',3,(#1619,#1620,#1621,#1622,#1623,#1624),
.UNSPECIFIED.,.F.,.F.,(4,1,1,4),(0.E0,3.333333333333E-1,6.666666666667E-1,1.E0),
.UNSPECIFIED.);
#1632=B_SPLINE_CURVE_WITH_KNOTS('',3,(#1626,#1627,#1628,#1629,#1630,#1631),
.UNSPECIFIED.,.F.,.F.,(4,1,1,4),(0.E0,3.333333333333E-1,6.666666666667E-1,1.E0),
.UNSPECIFIED.);
#1639=B_SPLINE_CURVE_WITH_KNOTS('',3,(#1633,#1634,#1635,#1636,#1637,#1638),
.UNSPECIFIED.,.F.,.F.,(4,1,1,4),(0.E0,3.333333333333E-1,6.666666666667E-1,1.E0),
.UNSPECIFIED.);
#1644=CIRCLE('',#1643,1.7E0);
#1651=B_SPLINE_CURVE_WITH_KNOTS('',3,(#1645,#1646,#1647,#1648,#1649,#1650),
.UNSPECIFIED.,.F.,.F.,(4,1,1,4),(0.E0,3.333333333333E-1,6.666666666667E-1,1.E0),
.UNSPECIFIED.);
#1658=B_SPLINE_CURVE_WITH_KNOTS('',3,(#1652,#1653,#1654,#1655,#1656,#1657),
.UNSPECIFIED.,.F.,.F.,(4,1,1,4),(0.E0,3.333333333333E-1,6.666666666667E-1,1.E0),
.UNSPECIFIED.);
#1665=B_SPLINE_CURVE_WITH_KNOTS('',3,(#1659,#1660,#1661,#1662,#1663,#1664),
.UNSPECIFIED.,.F.,.F.,(4,1,1,4),(0.E0,3.333333333333E-1,6.666666666667E-1,1.E0),
.UNSPECIFIED.);
#1672=B_SPLINE_CURVE_WITH_KNOTS('',3,(#1666,#1667,#1668,#1669,#1670,#1671),
.UNSPECIFIED.,.F.,.F.,(4,1,1,4),(0.E0,3.333333333333E-1,6.666666666667E-1,1.E0),
.UNSPECIFIED.);
#1677=CIRCLE('',#1676,9.999999999974E-1);
#1682=CIRCLE('',#1681,1.7E0);
#1687=CIRCLE('',#1686,9.999999999974E-1);
#1694=B_SPLINE_CURVE_WITH_KNOTS('',3,(#1688,#1689,#1690,#1691,#1692,#1693),
.UNSPECIFIED.,.F.,.F.,(4,1,1,4),(0.E0,3.333333333333E-1,6.666666666667E-1,1.E0),
.UNSPECIFIED.);
#1701=B_SPLINE_CURVE_WITH_KNOTS('',3,(#1695,#1696,#1697,#1698,#1699,#1700),
.UNSPECIFIED.,.F.,.F.,(4,1,1,4),(0.E0,3.333333333333E-1,6.666666666667E-1,1.E0),
.UNSPECIFIED.);
#1708=B_SPLINE_CURVE_WITH_KNOTS('',3,(#1702,#1703,#1704,#1705,#1706,#1707),
.UNSPECIFIED.,.F.,.F.,(4,1,1,4),(0.E0,3.333333333333E-1,6.666666666667E-1,1.E0),
.UNSPECIFIED.);
#1721=CIRCLE('',#1720,6.999988868107E-1);
#1758=CIRCLE('',#1757,6.999988868131E-1);
#1795=CIRCLE('',#1794,6.999988868107E-1);
#1848=CIRCLE('',#1847,6.999988868131E-1);
#1861=CIRCLE('',#1860,1.500000000003E0);
#1874=CIRCLE('',#1873,1.999884303494E-1);
#1879=CIRCLE('',#1878,1.499999999998E0);
#1884=CIRCLE('',#1883,1.999999999981E-1);
#1897=CIRCLE('',#1896,1.999884303475E-1);
#1902=CIRCLE('',#1901,1.999884303492E-1);
#1907=CIRCLE('',#1906,1.999884303492E-1);
#1914=B_SPLINE_CURVE_WITH_KNOTS('',3,(#1908,#1909,#1910,#1911,#1912,#1913),
.UNSPECIFIED.,.F.,.F.,(4,1,1,4),(0.E0,3.333333333333E-1,6.666666666667E-1,1.E0),
.UNSPECIFIED.);
#1923=CIRCLE('',#1922,1.499999999997E0);
#1928=CIRCLE('',#1927,1.300002634939E0);
#1933=CIRCLE('',#1932,2.449973869229E0);
#1946=B_SPLINE_CURVE_WITH_KNOTS('',3,(#1938,#1939,#1940,#1941,#1942,#1943,#1944,
#1945),.UNSPECIFIED.,.F.,.F.,(4,1,1,1,1,4),(0.E0,2.E-1,4.E-1,6.E-1,8.E-1,1.E0),
.UNSPECIFIED.);
#1957=B_SPLINE_CURVE_WITH_KNOTS('',3,(#1951,#1952,#1953,#1954,#1955,#1956),
.UNSPECIFIED.,.F.,.F.,(4,1,1,4),(0.E0,3.333333333333E-1,6.666666666667E-1,1.E0),
.UNSPECIFIED.);
#1964=B_SPLINE_CURVE_WITH_KNOTS('',3,(#1958,#1959,#1960,#1961,#1962,#1963),
.UNSPECIFIED.,.F.,.F.,(4,1,1,4),(0.E0,3.333333333333E-1,6.666666666667E-1,1.E0),
.UNSPECIFIED.);
#1971=B_SPLINE_CURVE_WITH_KNOTS('',3,(#1965,#1966,#1967,#1968,#1969,#1970),
.UNSPECIFIED.,.F.,.F.,(4,1,1,4),(0.E0,3.333333333333E-1,6.666666666667E-1,1.E0),
.UNSPECIFIED.);
#1987=B_SPLINE_CURVE_WITH_KNOTS('',3,(#1980,#1981,#1982,#1983,#1984,#1985,
#1986),.UNSPECIFIED.,.F.,.F.,(4,1,1,1,4),(0.E0,2.5E-1,5.E-1,7.5E-1,1.E0),
.UNSPECIFIED.);
#2000=CIRCLE('',#1999,2.249989791332E0);
#2008=B_SPLINE_CURVE_WITH_KNOTS('',3,(#2001,#2002,#2003,#2004,#2005,#2006,
#2007),.UNSPECIFIED.,.F.,.F.,(4,1,1,1,4),(0.E0,2.5E-1,5.E-1,7.5E-1,1.E0),
.UNSPECIFIED.);
#2021=B_SPLINE_CURVE_WITH_KNOTS('',3,(#2013,#2014,#2015,#2016,#2017,#2018,#2019,
#2020),.UNSPECIFIED.,.F.,.F.,(4,1,1,1,1,4),(0.E0,2.E-1,4.E-1,6.E-1,8.E-1,1.E0),
.UNSPECIFIED.);
#2038=CIRCLE('',#2037,2.000000000047E-1);
#2043=CIRCLE('',#2042,1.500000000002E0);
#2060=CIRCLE('',#2059,1.999884303494E-1);
#2073=CIRCLE('',#2072,1.499999999997E0);
#2082=CIRCLE('',#2081,1.499999999995E0);
#2087=CIRCLE('',#2086,1.500000000002E0);
#2092=CIRCLE('',#2091,2.249992037232E0);
#2101=CIRCLE('',#2100,2.249992037232E0);
#2106=CIRCLE('',#2105,1.500000000002E0);
#2125=B_SPLINE_CURVE_WITH_KNOTS('',3,(#2119,#2120,#2121,#2122,#2123,#2124),
.UNSPECIFIED.,.F.,.F.,(4,1,1,4),(0.E0,3.333333333333E-1,6.666666666667E-1,1.E0),
.UNSPECIFIED.);
#2130=CIRCLE('',#2129,2.449973869235E0);
#2135=CIRCLE('',#2134,1.300002634941E0);
#2140=CIRCLE('',#2139,1.499999999995E0);
#2173=B_SPLINE_CURVE_WITH_KNOTS('',3,(#2169,#2170,#2171,#2172),.UNSPECIFIED.,
.F.,.F.,(4,4),(0.E0,1.E0),.UNSPECIFIED.);
#2178=CIRCLE('',#2177,2.000000000004E-1);
#2183=B_SPLINE_CURVE_WITH_KNOTS('',3,(#2179,#2180,#2181,#2182),.UNSPECIFIED.,
.F.,.F.,(4,4),(0.E0,1.E0),.UNSPECIFIED.);
#2188=CIRCLE('',#2187,1.999884303453E-1);
#2229=B_SPLINE_CURVE_WITH_KNOTS('',3,(#2225,#2226,#2227,#2228),.UNSPECIFIED.,
.F.,.F.,(4,4),(0.E0,1.E0),.UNSPECIFIED.);
#2234=CIRCLE('',#2233,2.000000000026E-1);
#2239=CIRCLE('',#2238,1.999999999994E-1);
#2272=B_SPLINE_CURVE_WITH_KNOTS('',3,(#2264,#2265,#2266,#2267,#2268,#2269,#2270,
#2271),.UNSPECIFIED.,.F.,.F.,(4,1,1,1,1,4),(0.E0,2.E-1,4.E-1,6.E-1,8.E-1,1.E0),
.UNSPECIFIED.);
#2284=B_SPLINE_CURVE_WITH_KNOTS('',3,(#2277,#2278,#2279,#2280,#2281,#2282,
#2283),.UNSPECIFIED.,.F.,.F.,(4,1,1,1,4),(0.E0,2.5E-1,5.E-1,7.5E-1,1.E0),
.UNSPECIFIED.);
#2295=B_SPLINE_CURVE_WITH_KNOTS('',3,(#2289,#2290,#2291,#2292,#2293,#2294),
.UNSPECIFIED.,.F.,.F.,(4,1,1,4),(0.E0,3.333333333333E-1,6.666666666667E-1,1.E0),
.UNSPECIFIED.);
#2302=B_SPLINE_CURVE_WITH_KNOTS('',3,(#2296,#2297,#2298,#2299,#2300,#2301),
.UNSPECIFIED.,.F.,.F.,(4,1,1,4),(0.E0,3.333333333333E-1,6.666666666667E-1,1.E0),
.UNSPECIFIED.);
#2309=B_SPLINE_CURVE_WITH_KNOTS('',3,(#2303,#2304,#2305,#2306,#2307,#2308),
.UNSPECIFIED.,.F.,.F.,(4,1,1,4),(0.E0,3.333333333333E-1,6.666666666667E-1,1.E0),
.UNSPECIFIED.);
#2318=B_SPLINE_CURVE_WITH_KNOTS('',3,(#2314,#2315,#2316,#2317),.UNSPECIFIED.,
.F.,.F.,(4,4),(0.E0,1.E0),.UNSPECIFIED.);
#2323=CIRCLE('',#2322,1.999884303453E-1);
#2328=CIRCLE('',#2327,2.000000000041E-1);
#2348=B_SPLINE_CURVE_WITH_KNOTS('',3,(#2341,#2342,#2343,#2344,#2345,#2346,
#2347),.UNSPECIFIED.,.F.,.F.,(4,1,1,1,4),(0.E0,2.5E-1,5.E-1,7.5E-1,1.E0),
.UNSPECIFIED.);
#2353=CIRCLE('',#2352,2.249992037232E0);
#2382=B_SPLINE_CURVE_WITH_KNOTS('',3,(#2374,#2375,#2376,#2377,#2378,#2379,#2380,
#2381),.UNSPECIFIED.,.F.,.F.,(4,1,1,1,1,4),(0.E0,2.E-1,4.E-1,6.E-1,8.E-1,1.E0),
.UNSPECIFIED.);
#2395=CIRCLE('',#2394,1.999884303475E-1);
#2408=CIRCLE('',#2407,1.500000000002E0);
#2421=CIRCLE('',#2420,1.999999999987E-1);
#2426=CIRCLE('',#2425,1.999884303492E-1);
#2431=CIRCLE('',#2430,1.999884303407E-1);
#2448=CIRCLE('',#2447,1.500000000003E0);
#2453=CIRCLE('',#2452,1.999999999987E-1);
#2466=CIRCLE('',#2465,1.999884303494E-1);
#2471=CIRCLE('',#2470,1.499999999998E0);
#2476=CIRCLE('',#2475,1.999999999981E-1);
#2485=CIRCLE('',#2484,1.999884303475E-1);
#2494=CIRCLE('',#2493,1.999884303475E-1);
#2499=CIRCLE('',#2498,1.999884303492E-1);
#2504=CIRCLE('',#2503,1.999884303492E-1);
#2511=B_SPLINE_CURVE_WITH_KNOTS('',3,(#2505,#2506,#2507,#2508,#2509,#2510),
.UNSPECIFIED.,.F.,.F.,(4,1,1,4),(0.E0,3.333333333333E-1,6.666666666667E-1,1.E0),
.UNSPECIFIED.);
#2520=CIRCLE('',#2519,1.499999999997E0);
#2525=CIRCLE('',#2524,1.300002634939E0);
#2530=CIRCLE('',#2529,2.449973869229E0);
#2543=B_SPLINE_CURVE_WITH_KNOTS('',3,(#2535,#2536,#2537,#2538,#2539,#2540,#2541,
#2542),.UNSPECIFIED.,.F.,.F.,(4,1,1,1,1,4),(0.E0,2.E-1,4.E-1,6.E-1,8.E-1,1.E0),
.UNSPECIFIED.);
#2554=B_SPLINE_CURVE_WITH_KNOTS('',3,(#2548,#2549,#2550,#2551,#2552,#2553),
.UNSPECIFIED.,.F.,.F.,(4,1,1,4),(0.E0,3.333333333333E-1,6.666666666667E-1,1.E0),
.UNSPECIFIED.);
#2561=B_SPLINE_CURVE_WITH_KNOTS('',3,(#2555,#2556,#2557,#2558,#2559,#2560),
.UNSPECIFIED.,.F.,.F.,(4,1,1,4),(0.E0,3.333333333333E-1,6.666666666667E-1,1.E0),
.UNSPECIFIED.);
#2568=B_SPLINE_CURVE_WITH_KNOTS('',3,(#2562,#2563,#2564,#2565,#2566,#2567),
.UNSPECIFIED.,.F.,.F.,(4,1,1,4),(0.E0,3.333333333333E-1,6.666666666667E-1,1.E0),
.UNSPECIFIED.);
#2584=B_SPLINE_CURVE_WITH_KNOTS('',3,(#2577,#2578,#2579,#2580,#2581,#2582,
#2583),.UNSPECIFIED.,.F.,.F.,(4,1,1,1,4),(0.E0,2.5E-1,5.E-1,7.5E-1,1.E0),
.UNSPECIFIED.);
#2605=CIRCLE('',#2604,2.249989791332E0);
#2613=B_SPLINE_CURVE_WITH_KNOTS('',3,(#2606,#2607,#2608,#2609,#2610,#2611,
#2612),.UNSPECIFIED.,.F.,.F.,(4,1,1,1,4),(0.E0,2.5E-1,5.E-1,7.5E-1,1.E0),
.UNSPECIFIED.);
#2630=CIRCLE('',#2629,1.999884303476E-1);
#2643=B_SPLINE_CURVE_WITH_KNOTS('',3,(#2635,#2636,#2637,#2638,#2639,#2640,#2641,
#2642),.UNSPECIFIED.,.F.,.F.,(4,1,1,1,1,4),(0.E0,2.E-1,4.E-1,6.E-1,8.E-1,1.E0),
.UNSPECIFIED.);
#2648=CIRCLE('',#2647,2.000000000047E-1);
#2653=CIRCLE('',#2652,1.500000000002E0);
#2678=CIRCLE('',#2677,1.499999999997E0);
#2687=CIRCLE('',#2686,1.499999999995E0);
#2692=CIRCLE('',#2691,1.500000000002E0);
#2697=CIRCLE('',#2696,2.249992037232E0);
#2702=CIRCLE('',#2701,2.249992037232E0);
#2707=CIRCLE('',#2706,1.500000000002E0);
#2720=CIRCLE('',#2719,1.999884303491E-1);
#2731=B_SPLINE_CURVE_WITH_KNOTS('',3,(#2725,#2726,#2727,#2728,#2729,#2730),
.UNSPECIFIED.,.F.,.F.,(4,1,1,4),(0.E0,3.333333333333E-1,6.666666666667E-1,1.E0),
.UNSPECIFIED.);
#2736=CIRCLE('',#2735,2.449973869235E0);
#2741=CIRCLE('',#2740,1.300002634941E0);
#2746=CIRCLE('',#2745,1.499999999995E0);
#2775=B_SPLINE_CURVE_WITH_KNOTS('',3,(#2771,#2772,#2773,#2774),.UNSPECIFIED.,
.F.,.F.,(4,4),(0.E0,1.E0),.UNSPECIFIED.);
#2796=B_SPLINE_CURVE_WITH_KNOTS('',3,(#2792,#2793,#2794,#2795),.UNSPECIFIED.,
.F.,.F.,(4,4),(0.E0,1.E0),.UNSPECIFIED.);
#2801=CIRCLE('',#2800,1.999884303453E-1);
#2806=CIRCLE('',#2805,2.000000000004E-1);
#2835=B_SPLINE_CURVE_WITH_KNOTS('',3,(#2831,#2832,#2833,#2834),.UNSPECIFIED.,
.F.,.F.,(4,4),(0.E0,1.E0),.UNSPECIFIED.);
#2840=CIRCLE('',#2839,2.000000000026E-1);
#2845=CIRCLE('',#2844,1.999999999993E-1);
#2877=B_SPLINE_CURVE_WITH_KNOTS('',3,(#2870,#2871,#2872,#2873,#2874,#2875,
#2876),.UNSPECIFIED.,.F.,.F.,(4,1,1,1,4),(0.E0,2.5E-1,5.E-1,7.5E-1,1.E0),
.UNSPECIFIED.);
#2888=B_SPLINE_CURVE_WITH_KNOTS('',3,(#2882,#2883,#2884,#2885,#2886,#2887),
.UNSPECIFIED.,.F.,.F.,(4,1,1,4),(0.E0,3.333333333333E-1,6.666666666667E-1,1.E0),
.UNSPECIFIED.);
#2901=B_SPLINE_CURVE_WITH_KNOTS('',3,(#2893,#2894,#2895,#2896,#2897,#2898,#2899,
#2900),.UNSPECIFIED.,.F.,.F.,(4,1,1,1,1,4),(0.E0,2.E-1,4.E-1,6.E-1,8.E-1,1.E0),
.UNSPECIFIED.);
#2906=B_SPLINE_CURVE_WITH_KNOTS('',3,(#2902,#2903,#2904,#2905),.UNSPECIFIED.,
.F.,.F.,(4,4),(0.E0,1.E0),.UNSPECIFIED.);
#2913=B_SPLINE_CURVE_WITH_KNOTS('',3,(#2907,#2908,#2909,#2910,#2911,#2912),
.UNSPECIFIED.,.F.,.F.,(4,1,1,4),(0.E0,3.333333333333E-1,6.666666666667E-1,1.E0),
.UNSPECIFIED.);
#2918=CIRCLE('',#2917,1.999884303453E-1);
#2923=CIRCLE('',#2922,2.000000000041E-1);
#2934=B_SPLINE_CURVE_WITH_KNOTS('',3,(#2928,#2929,#2930,#2931,#2932,#2933),
.UNSPECIFIED.,.F.,.F.,(4,1,1,4),(0.E0,3.333333333333E-1,6.666666666667E-1,1.E0),
.UNSPECIFIED.);
#2947=CIRCLE('',#2946,2.249989674626E0);
#2955=B_SPLINE_CURVE_WITH_KNOTS('',3,(#2948,#2949,#2950,#2951,#2952,#2953,
#2954),.UNSPECIFIED.,.F.,.F.,(4,1,1,1,4),(0.E0,2.5E-1,5.E-1,7.5E-1,1.E0),
.UNSPECIFIED.);
#2984=B_SPLINE_CURVE_WITH_KNOTS('',3,(#2976,#2977,#2978,#2979,#2980,#2981,#2982,
#2983),.UNSPECIFIED.,.F.,.F.,(4,1,1,1,1,4),(0.E0,2.E-1,4.E-1,6.E-1,8.E-1,1.E0),
.UNSPECIFIED.);
#3005=CIRCLE('',#3004,1.500000000002E0);
#3018=CIRCLE('',#3017,1.999999999986E-1);
#3023=CIRCLE('',#3022,1.999884303407E-1);
#3028=CIRCLE('',#3027,1.999884303492E-1);
#3045=CIRCLE('',#3044,1.300002634941E0);
#3050=CIRCLE('',#3049,1.300002634937E0);
#3055=CIRCLE('',#3054,1.300002634941E0);
#3060=CIRCLE('',#3059,1.300002634937E0);
#3065=CIRCLE('',#3064,9.999851955020E-1);
#3070=CIRCLE('',#3069,9.999851955086E-1);
#3075=CIRCLE('',#3074,9.999851955020E-1);
#3080=CIRCLE('',#3079,9.999851955086E-1);
#3097=CIRCLE('',#3096,9.299989128170E0);
#3102=CIRCLE('',#3101,7.999997982397E-1);
#3107=CIRCLE('',#3106,7.999997982336E-1);
#3122=B_SPLINE_CURVE_WITH_KNOTS('',3,(#3116,#3117,#3118,#3119,#3120,#3121),
.UNSPECIFIED.,.F.,.F.,(4,1,1,4),(0.E0,3.333333333333E-1,6.666666666667E-1,1.E0),
.UNSPECIFIED.);
#3127=CIRCLE('',#3126,1.999980862756E-1);
#3132=CIRCLE('',#3131,9.999847717741E-1);
#3137=CIRCLE('',#3136,1.999980862756E-1);
#3164=B_SPLINE_CURVE_WITH_KNOTS('',3,(#3158,#3159,#3160,#3161,#3162,#3163),
.UNSPECIFIED.,.F.,.F.,(4,1,1,4),(0.E0,3.333333333333E-1,6.666666666667E-1,1.E0),
.UNSPECIFIED.);
#3169=CIRCLE('',#3168,1.999980862755E-1);
#3174=CIRCLE('',#3173,9.999847717687E-1);
#3179=CIRCLE('',#3178,1.999980862755E-1);
#3184=CIRCLE('',#3183,7.999997982397E-1);
#3189=CIRCLE('',#3188,7.999997982336E-1);
#3194=CIRCLE('',#3193,9.299989128170E0);
#3199=CIRCLE('',#3198,9.999851955086E-1);
#3204=CIRCLE('',#3203,5.999989575938E0);
#3209=CIRCLE('',#3208,9.999851955086E-1);
#3214=CIRCLE('',#3213,9.299989128170E0);
#3247=CIRCLE('',#3246,1.999980862756E-1);
#3252=CIRCLE('',#3251,9.999847717741E-1);
#3257=CIRCLE('',#3256,1.999980862756E-1);
#3282=CIRCLE('',#3281,1.999980862755E-1);
#3287=CIRCLE('',#3286,9.999847717687E-1);
#3292=CIRCLE('',#3291,1.999980862755E-1);
#3315=B_SPLINE_CURVE_WITH_KNOTS('',3,(#3309,#3310,#3311,#3312,#3313,#3314),
.UNSPECIFIED.,.F.,.F.,(4,1,1,4),(0.E0,3.333333333333E-1,6.666666666667E-1,1.E0),
.UNSPECIFIED.);
#3322=B_SPLINE_CURVE_WITH_KNOTS('',3,(#3316,#3317,#3318,#3319,#3320,#3321),
.UNSPECIFIED.,.F.,.F.,(4,1,1,4),(0.E0,3.333333333333E-1,6.666666666667E-1,1.E0),
.UNSPECIFIED.);
#3338=B_SPLINE_CURVE_WITH_KNOTS('',3,(#3331,#3332,#3333,#3334,#3335,#3336,
#3337),.UNSPECIFIED.,.F.,.F.,(4,1,1,1,4),(0.E0,2.5E-1,5.E-1,7.5E-1,1.E0),
.UNSPECIFIED.);
#3350=B_SPLINE_CURVE_WITH_KNOTS('',3,(#3343,#3344,#3345,#3346,#3347,#3348,
#3349),.UNSPECIFIED.,.F.,.F.,(4,1,1,1,4),(0.E0,2.5E-1,5.E-1,7.5E-1,1.E0),
.UNSPECIFIED.);
#3355=CIRCLE('',#3354,9.999851955103E-1);
#3360=CIRCLE('',#3359,9.999851955103E-1);
#3365=CIRCLE('',#3364,9.099985535681E0);
#3370=CIRCLE('',#3369,6.499989251090E0);
#3375=CIRCLE('',#3374,6.499989251092E0);
#3388=CIRCLE('',#3387,9.999843526752E-1);
#3401=CIRCLE('',#3400,1.999884303493E-1);
#3406=CIRCLE('',#3405,1.999986949416E-1);
#3411=CIRCLE('',#3410,9.999851955086E-1);
#3428=B_SPLINE_CURVE_WITH_KNOTS('',3,(#3420,#3421,#3422,#3423,#3424,#3425,#3426,
#3427),.UNSPECIFIED.,.F.,.F.,(4,1,1,1,1,4),(0.E0,2.E-1,4.E-1,6.E-1,8.E-1,1.E0),
.UNSPECIFIED.);
#3441=B_SPLINE_CURVE_WITH_KNOTS('',3,(#3433,#3434,#3435,#3436,#3437,#3438,#3439,
#3440),.UNSPECIFIED.,.F.,.F.,(4,1,1,1,1,4),(0.E0,2.E-1,4.E-1,6.E-1,8.E-1,1.E0),
.UNSPECIFIED.);
#3462=CIRCLE('',#3461,5.999989669396E0);
#3467=CIRCLE('',#3466,5.799998414804E0);
#3480=CIRCLE('',#3479,9.999847717764E-1);
#3493=CIRCLE('',#3492,1.999884303493E-1);
#3509=B_SPLINE_CURVE_WITH_KNOTS('',3,(#3502,#3503,#3504,#3505,#3506,#3507,
#3508),.UNSPECIFIED.,.F.,.F.,(4,1,1,1,4),(0.E0,2.5E-1,5.E-1,7.5E-1,1.E0),
.UNSPECIFIED.);
#3521=B_SPLINE_CURVE_WITH_KNOTS('',3,(#3514,#3515,#3516,#3517,#3518,#3519,
#3520),.UNSPECIFIED.,.F.,.F.,(4,1,1,1,4),(0.E0,2.5E-1,5.E-1,7.5E-1,1.E0),
.UNSPECIFIED.);
#3526=CIRCLE('',#3525,9.299990893904E0);
#3547=CIRCLE('',#3546,1.999884303493E-1);
#3556=CIRCLE('',#3555,7.999997982364E-1);
#3561=CIRCLE('',#3560,7.999997982632E-1);
#3566=CIRCLE('',#3565,7.999997982632E-1);
#3571=CIRCLE('',#3570,7.999997982666E-1);
#3576=CIRCLE('',#3575,9.999843526752E-1);
#3581=CIRCLE('',#3580,1.999986949428E-1);
#3586=CIRCLE('',#3585,1.999986949428E-1);
#3595=CIRCLE('',#3594,1.999884303475E-1);
#3604=CIRCLE('',#3603,1.999884303475E-1);
#3657=CIRCLE('',#3656,6.499989340054E0);
#3662=CIRCLE('',#3661,6.299997977523E0);
#3667=CIRCLE('',#3666,6.299997977521E0);
#3672=CIRCLE('',#3671,5.E0);
#3677=CIRCLE('',#3676,5.E0);
#3682=CIRCLE('',#3681,1.999998033664E-1);
#3687=CIRCLE('',#3686,6.499989340052E0);
#3692=CIRCLE('',#3691,1.999998033664E-1);
#3713=CIRCLE('',#3712,5.E0);
#3718=CIRCLE('',#3717,5.E0);
#3723=CIRCLE('',#3722,2.879999999999E0);
#3748=CIRCLE('',#3747,2.879999999999E0);
#3767=B_SPLINE_CURVE_WITH_KNOTS('',3,(#3761,#3762,#3763,#3764,#3765,#3766),
.UNSPECIFIED.,.F.,.F.,(4,1,1,4),(0.E0,3.333333333333E-1,6.666666666667E-1,1.E0),
.UNSPECIFIED.);
#3780=CIRCLE('',#3779,2.879999999999E0);
#3805=CIRCLE('',#3804,2.879999999999E0);
#3830=CIRCLE('',#3829,2.879999999999E0);
#3855=CIRCLE('',#3854,2.879999999999E0);
#3880=CIRCLE('',#3879,2.879999999999E0);
#3905=CIRCLE('',#3904,2.879999999999E0);
#3930=CIRCLE('',#3929,2.879999999999E0);
#3955=CIRCLE('',#3954,2.879999999999E0);
#3980=CIRCLE('',#3979,2.879999999999E0);
#4005=CIRCLE('',#4004,2.879999999999E0);
#4030=CIRCLE('',#4029,2.879999999999E0);
#4055=CIRCLE('',#4054,2.879999999999E0);
#4080=CIRCLE('',#4079,2.879999999999E0);
#4105=CIRCLE('',#4104,2.879999999999E0);
#4130=CIRCLE('',#4129,2.879999999999E0);
#4155=CIRCLE('',#4154,2.879999999999E0);
#4180=CIRCLE('',#4179,2.879999999999E0);
#4205=CIRCLE('',#4204,2.879999999999E0);
#4230=CIRCLE('',#4229,2.879999999999E0);
#4255=CIRCLE('',#4254,2.879999999999E0);
#4280=CIRCLE('',#4279,2.879999999999E0);
#4305=CIRCLE('',#4304,2.879999999999E0);
#4332=B_SPLINE_CURVE_WITH_KNOTS('',3,(#4326,#4327,#4328,#4329,#4330,#4331),
.UNSPECIFIED.,.F.,.F.,(4,1,1,4),(0.E0,3.333333333333E-1,6.666666666667E-1,1.E0),
.UNSPECIFIED.);
#4337=CIRCLE('',#4336,2.879995441223E0);
#4344=B_SPLINE_CURVE_WITH_KNOTS('',3,(#4338,#4339,#4340,#4341,#4342,#4343),
.UNSPECIFIED.,.F.,.F.,(4,1,1,4),(0.E0,3.333333333333E-1,6.666666666667E-1,1.E0),
.UNSPECIFIED.);
#4357=CIRCLE('',#4356,2.699980336824E0);
#4370=CIRCLE('',#4369,2.699978005812E0);
#4383=CIRCLE('',#4382,2.699977812728E0);
#4396=CIRCLE('',#4395,2.699980340483E0);
#4409=CIRCLE('',#4408,2.699977975445E0);
#4422=CIRCLE('',#4421,2.699977843538E0);
#4435=CIRCLE('',#4434,2.699980341720E0);
#4448=CIRCLE('',#4447,2.699977941802E0);
#4461=CIRCLE('',#4460,2.699977875817E0);
#4474=CIRCLE('',#4473,2.699980342324E0);
#4487=CIRCLE('',#4486,2.699977908578E0);
#4500=CIRCLE('',#4499,2.699977908581E0);
#4513=CIRCLE('',#4512,2.699980342325E0);
#4526=CIRCLE('',#4525,2.699977875815E0);
#4539=CIRCLE('',#4538,2.699977941808E0);
#4552=CIRCLE('',#4551,2.699980341720E0);
#4565=CIRCLE('',#4564,2.699977843536E0);
#4578=CIRCLE('',#4577,2.699977975450E0);
#4591=CIRCLE('',#4590,2.699980340483E0);
#4604=CIRCLE('',#4603,2.699977812724E0);
#4617=CIRCLE('',#4616,2.699978005816E0);
#4630=CIRCLE('',#4629,2.699980336825E0);
#4643=CIRCLE('',#4642,2.699977809327E0);
#4656=CIRCLE('',#4655,2.699977809328E0);
#4661=CIRCLE('',#4660,1.449973510132E0);
#4666=CIRCLE('',#4665,1.449973511515E0);
#4673=B_SPLINE_CURVE_WITH_KNOTS('',3,(#4667,#4668,#4669,#4670,#4671,#4672),
.UNSPECIFIED.,.F.,.F.,(4,1,1,4),(0.E0,3.333333333333E-1,6.666666666667E-1,1.E0),
.UNSPECIFIED.);
#4678=CIRCLE('',#4677,2.879999956649E0);
#4685=B_SPLINE_CURVE_WITH_KNOTS('',3,(#4679,#4680,#4681,#4682,#4683,#4684),
.UNSPECIFIED.,.F.,.F.,(4,1,1,4),(0.E0,3.333333333333E-1,6.666666666667E-1,1.E0),
.UNSPECIFIED.);
#4692=B_SPLINE_CURVE_WITH_KNOTS('',3,(#4686,#4687,#4688,#4689,#4690,#4691),
.UNSPECIFIED.,.F.,.F.,(4,1,1,4),(0.E0,3.333333333333E-1,6.666666666667E-1,1.E0),
.UNSPECIFIED.);
#4697=CIRCLE('',#4696,2.879995730286E0);
#4704=B_SPLINE_CURVE_WITH_KNOTS('',3,(#4698,#4699,#4700,#4701,#4702,#4703),
.UNSPECIFIED.,.F.,.F.,(4,1,1,4),(0.E0,3.333333333333E-1,6.666666666667E-1,1.E0),
.UNSPECIFIED.);
#4711=B_SPLINE_CURVE_WITH_KNOTS('',3,(#4705,#4706,#4707,#4708,#4709,#4710),
.UNSPECIFIED.,.F.,.F.,(4,1,1,4),(0.E0,3.333333333333E-1,6.666666666667E-1,1.E0),
.UNSPECIFIED.);
#4716=CIRCLE('',#4715,2.879995451786E0);
#4723=B_SPLINE_CURVE_WITH_KNOTS('',3,(#4717,#4718,#4719,#4720,#4721,#4722),
.UNSPECIFIED.,.F.,.F.,(4,1,1,4),(0.E0,3.333333333333E-1,6.666666666667E-1,1.E0),
.UNSPECIFIED.);
#4730=B_SPLINE_CURVE_WITH_KNOTS('',3,(#4724,#4725,#4726,#4727,#4728,#4729),
.UNSPECIFIED.,.F.,.F.,(4,1,1,4),(0.E0,3.333333333333E-1,6.666666666667E-1,1.E0),
.UNSPECIFIED.);
#4735=CIRCLE('',#4734,2.879999963561E0);
#4742=B_SPLINE_CURVE_WITH_KNOTS('',3,(#4736,#4737,#4738,#4739,#4740,#4741),
.UNSPECIFIED.,.F.,.F.,(4,1,1,4),(0.E0,3.333333333333E-1,6.666666666667E-1,1.E0),
.UNSPECIFIED.);
#4749=B_SPLINE_CURVE_WITH_KNOTS('',3,(#4743,#4744,#4745,#4746,#4747,#4748),
.UNSPECIFIED.,.F.,.F.,(4,1,1,4),(0.E0,3.333333333333E-1,6.666666666667E-1,1.E0),
.UNSPECIFIED.);
#4754=CIRCLE('',#4753,2.879995685569E0);
#4761=B_SPLINE_CURVE_WITH_KNOTS('',3,(#4755,#4756,#4757,#4758,#4759,#4760),
.UNSPECIFIED.,.F.,.F.,(4,1,1,4),(0.E0,3.333333333333E-1,6.666666666667E-1,1.E0),
.UNSPECIFIED.);
#4768=B_SPLINE_CURVE_WITH_KNOTS('',3,(#4762,#4763,#4764,#4765,#4766,#4767),
.UNSPECIFIED.,.F.,.F.,(4,1,1,4),(0.E0,3.333333333333E-1,6.666666666667E-1,1.E0),
.UNSPECIFIED.);
#4773=CIRCLE('',#4772,2.879995496125E0);
#4780=B_SPLINE_CURVE_WITH_KNOTS('',3,(#4774,#4775,#4776,#4777,#4778,#4779),
.UNSPECIFIED.,.F.,.F.,(4,1,1,4),(0.E0,3.333333333333E-1,6.666666666667E-1,1.E0),
.UNSPECIFIED.);
#4787=B_SPLINE_CURVE_WITH_KNOTS('',3,(#4781,#4782,#4783,#4784,#4785,#4786),
.UNSPECIFIED.,.F.,.F.,(4,1,1,4),(0.E0,3.333333333333E-1,6.666666666667E-1,1.E0),
.UNSPECIFIED.);
#4792=CIRCLE('',#4791,2.879999967621E0);
#4799=B_SPLINE_CURVE_WITH_KNOTS('',3,(#4793,#4794,#4795,#4796,#4797,#4798),
.UNSPECIFIED.,.F.,.F.,(4,1,1,4),(0.E0,3.333333333333E-1,6.666666666667E-1,1.E0),
.UNSPECIFIED.);
#4806=B_SPLINE_CURVE_WITH_KNOTS('',3,(#4800,#4801,#4802,#4803,#4804,#4805),
.UNSPECIFIED.,.F.,.F.,(4,1,1,4),(0.E0,3.333333333333E-1,6.666666666667E-1,1.E0),
.UNSPECIFIED.);
#4811=CIRCLE('',#4810,2.879995637112E0);
#4818=B_SPLINE_CURVE_WITH_KNOTS('',3,(#4812,#4813,#4814,#4815,#4816,#4817),
.UNSPECIFIED.,.F.,.F.,(4,1,1,4),(0.E0,3.333333333333E-1,6.666666666667E-1,1.E0),
.UNSPECIFIED.);
#4825=B_SPLINE_CURVE_WITH_KNOTS('',3,(#4819,#4820,#4821,#4822,#4823,#4824),
.UNSPECIFIED.,.F.,.F.,(4,1,1,4),(0.E0,3.333333333333E-1,6.666666666667E-1,1.E0),
.UNSPECIFIED.);
#4830=CIRCLE('',#4829,2.879995542351E0);
#4837=B_SPLINE_CURVE_WITH_KNOTS('',3,(#4831,#4832,#4833,#4834,#4835,#4836),
.UNSPECIFIED.,.F.,.F.,(4,1,1,4),(0.E0,3.333333333333E-1,6.666666666667E-1,1.E0),
.UNSPECIFIED.);
#4844=B_SPLINE_CURVE_WITH_KNOTS('',3,(#4838,#4839,#4840,#4841,#4842,#4843),
.UNSPECIFIED.,.F.,.F.,(4,1,1,4),(0.E0,3.333333333333E-1,6.666666666667E-1,1.E0),
.UNSPECIFIED.);
#4849=CIRCLE('',#4848,2.879999969646E0);
#4856=B_SPLINE_CURVE_WITH_KNOTS('',3,(#4850,#4851,#4852,#4853,#4854,#4855),
.UNSPECIFIED.,.F.,.F.,(4,1,1,4),(0.E0,3.333333333333E-1,6.666666666667E-1,1.E0),
.UNSPECIFIED.);
#4863=B_SPLINE_CURVE_WITH_KNOTS('',3,(#4857,#4858,#4859,#4860,#4861,#4862),
.UNSPECIFIED.,.F.,.F.,(4,1,1,4),(0.E0,3.333333333333E-1,6.666666666667E-1,1.E0),
.UNSPECIFIED.);
#4868=CIRCLE('',#4867,2.879995589356E0);
#4875=B_SPLINE_CURVE_WITH_KNOTS('',3,(#4869,#4870,#4871,#4872,#4873,#4874),
.UNSPECIFIED.,.F.,.F.,(4,1,1,4),(0.E0,3.333333333333E-1,6.666666666667E-1,1.E0),
.UNSPECIFIED.);
#4882=B_SPLINE_CURVE_WITH_KNOTS('',3,(#4876,#4877,#4878,#4879,#4880,#4881),
.UNSPECIFIED.,.F.,.F.,(4,1,1,4),(0.E0,3.333333333333E-1,6.666666666667E-1,1.E0),
.UNSPECIFIED.);
#4887=CIRCLE('',#4886,2.879995589357E0);
#4894=B_SPLINE_CURVE_WITH_KNOTS('',3,(#4888,#4889,#4890,#4891,#4892,#4893),
.UNSPECIFIED.,.F.,.F.,(4,1,1,4),(0.E0,3.333333333333E-1,6.666666666667E-1,1.E0),
.UNSPECIFIED.);
#4901=B_SPLINE_CURVE_WITH_KNOTS('',3,(#4895,#4896,#4897,#4898,#4899,#4900),
.UNSPECIFIED.,.F.,.F.,(4,1,1,4),(0.E0,3.333333333333E-1,6.666666666667E-1,1.E0),
.UNSPECIFIED.);
#4906=CIRCLE('',#4905,2.879999969647E0);
#4913=B_SPLINE_CURVE_WITH_KNOTS('',3,(#4907,#4908,#4909,#4910,#4911,#4912),
.UNSPECIFIED.,.F.,.F.,(4,1,1,4),(0.E0,3.333333333333E-1,6.666666666667E-1,1.E0),
.UNSPECIFIED.);
#4920=B_SPLINE_CURVE_WITH_KNOTS('',3,(#4914,#4915,#4916,#4917,#4918,#4919),
.UNSPECIFIED.,.F.,.F.,(4,1,1,4),(0.E0,3.333333333333E-1,6.666666666667E-1,1.E0),
.UNSPECIFIED.);
#4925=CIRCLE('',#4924,2.879995542353E0);
#4932=B_SPLINE_CURVE_WITH_KNOTS('',3,(#4926,#4927,#4928,#4929,#4930,#4931),
.UNSPECIFIED.,.F.,.F.,(4,1,1,4),(0.E0,3.333333333333E-1,6.666666666667E-1,1.E0),
.UNSPECIFIED.);
#4939=B_SPLINE_CURVE_WITH_KNOTS('',3,(#4933,#4934,#4935,#4936,#4937,#4938),
.UNSPECIFIED.,.F.,.F.,(4,1,1,4),(0.E0,3.333333333333E-1,6.666666666667E-1,1.E0),
.UNSPECIFIED.);
#4944=CIRCLE('',#4943,2.879995637114E0);
#4951=B_SPLINE_CURVE_WITH_KNOTS('',3,(#4945,#4946,#4947,#4948,#4949,#4950),
.UNSPECIFIED.,.F.,.F.,(4,1,1,4),(0.E0,3.333333333333E-1,6.666666666667E-1,1.E0),
.UNSPECIFIED.);
#4958=B_SPLINE_CURVE_WITH_KNOTS('',3,(#4952,#4953,#4954,#4955,#4956,#4957),
.UNSPECIFIED.,.F.,.F.,(4,1,1,4),(0.E0,3.333333333333E-1,6.666666666667E-1,1.E0),
.UNSPECIFIED.);
#4963=CIRCLE('',#4962,2.879999967621E0);
#4970=B_SPLINE_CURVE_WITH_KNOTS('',3,(#4964,#4965,#4966,#4967,#4968,#4969),
.UNSPECIFIED.,.F.,.F.,(4,1,1,4),(0.E0,3.333333333333E-1,6.666666666667E-1,1.E0),
.UNSPECIFIED.);
#4977=B_SPLINE_CURVE_WITH_KNOTS('',3,(#4971,#4972,#4973,#4974,#4975,#4976),
.UNSPECIFIED.,.F.,.F.,(4,1,1,4),(0.E0,3.333333333333E-1,6.666666666667E-1,1.E0),
.UNSPECIFIED.);
#4982=CIRCLE('',#4981,2.879995496126E0);
#4989=B_SPLINE_CURVE_WITH_KNOTS('',3,(#4983,#4984,#4985,#4986,#4987,#4988),
.UNSPECIFIED.,.F.,.F.,(4,1,1,4),(0.E0,3.333333333333E-1,6.666666666667E-1,1.E0),
.UNSPECIFIED.);
#4996=B_SPLINE_CURVE_WITH_KNOTS('',3,(#4990,#4991,#4992,#4993,#4994,#4995),
.UNSPECIFIED.,.F.,.F.,(4,1,1,4),(0.E0,3.333333333333E-1,6.666666666667E-1,1.E0),
.UNSPECIFIED.);
#5001=CIRCLE('',#5000,2.879995685571E0);
#5008=B_SPLINE_CURVE_WITH_KNOTS('',3,(#5002,#5003,#5004,#5005,#5006,#5007),
.UNSPECIFIED.,.F.,.F.,(4,1,1,4),(0.E0,3.333333333333E-1,6.666666666667E-1,1.E0),
.UNSPECIFIED.);
#5015=B_SPLINE_CURVE_WITH_KNOTS('',3,(#5009,#5010,#5011,#5012,#5013,#5014),
.UNSPECIFIED.,.F.,.F.,(4,1,1,4),(0.E0,3.333333333333E-1,6.666666666667E-1,1.E0),
.UNSPECIFIED.);
#5020=CIRCLE('',#5019,2.879999963561E0);
#5027=B_SPLINE_CURVE_WITH_KNOTS('',3,(#5021,#5022,#5023,#5024,#5025,#5026),
.UNSPECIFIED.,.F.,.F.,(4,1,1,4),(0.E0,3.333333333333E-1,6.666666666667E-1,1.E0),
.UNSPECIFIED.);
#5034=B_SPLINE_CURVE_WITH_KNOTS('',3,(#5028,#5029,#5030,#5031,#5032,#5033),
.UNSPECIFIED.,.F.,.F.,(4,1,1,4),(0.E0,3.333333333333E-1,6.666666666667E-1,1.E0),
.UNSPECIFIED.);
#5039=CIRCLE('',#5038,2.879995451785E0);
#5046=B_SPLINE_CURVE_WITH_KNOTS('',3,(#5040,#5041,#5042,#5043,#5044,#5045),
.UNSPECIFIED.,.F.,.F.,(4,1,1,4),(0.E0,3.333333333333E-1,6.666666666667E-1,1.E0),
.UNSPECIFIED.);
#5053=B_SPLINE_CURVE_WITH_KNOTS('',3,(#5047,#5048,#5049,#5050,#5051,#5052),
.UNSPECIFIED.,.F.,.F.,(4,1,1,4),(0.E0,3.333333333333E-1,6.666666666667E-1,1.E0),
.UNSPECIFIED.);
#5058=CIRCLE('',#5057,2.879995730288E0);
#5065=B_SPLINE_CURVE_WITH_KNOTS('',3,(#5059,#5060,#5061,#5062,#5063,#5064),
.UNSPECIFIED.,.F.,.F.,(4,1,1,4),(0.E0,3.333333333333E-1,6.666666666667E-1,1.E0),
.UNSPECIFIED.);
#5072=B_SPLINE_CURVE_WITH_KNOTS('',3,(#5066,#5067,#5068,#5069,#5070,#5071),
.UNSPECIFIED.,.F.,.F.,(4,1,1,4),(0.E0,3.333333333333E-1,6.666666666667E-1,1.E0),
.UNSPECIFIED.);
#5077=CIRCLE('',#5076,2.879999956650E0);
#5084=B_SPLINE_CURVE_WITH_KNOTS('',3,(#5078,#5079,#5080,#5081,#5082,#5083),
.UNSPECIFIED.,.F.,.F.,(4,1,1,4),(0.E0,3.333333333333E-1,6.666666666667E-1,1.E0),
.UNSPECIFIED.);
#5091=B_SPLINE_CURVE_WITH_KNOTS('',3,(#5085,#5086,#5087,#5088,#5089,#5090),
.UNSPECIFIED.,.F.,.F.,(4,1,1,4),(0.E0,3.333333333333E-1,6.666666666667E-1,1.E0),
.UNSPECIFIED.);
#5096=CIRCLE('',#5095,2.879995441222E0);
#5101=CIRCLE('',#5100,1.149995209796E0);
#5106=CIRCLE('',#5105,1.149995209796E0);
#5111=CIRCLE('',#5110,1.149995209799E0);
#5124=CIRCLE('',#5123,1.149983654174E0);
#5155=B_SPLINE_CURVE_WITH_KNOTS('',3,(#5149,#5150,#5151,#5152,#5153,#5154),
.UNSPECIFIED.,.F.,.F.,(4,1,1,4),(0.E0,3.333333333333E-1,6.666666666667E-1,1.E0),
.UNSPECIFIED.);
#5162=B_SPLINE_CURVE_WITH_KNOTS('',3,(#5156,#5157,#5158,#5159,#5160,#5161),
.UNSPECIFIED.,.F.,.F.,(4,1,1,4),(0.E0,3.333333333333E-1,6.666666666667E-1,1.E0),
.UNSPECIFIED.);
#5169=B_SPLINE_CURVE_WITH_KNOTS('',3,(#5163,#5164,#5165,#5166,#5167,#5168),
.UNSPECIFIED.,.F.,.F.,(4,1,1,4),(0.E0,3.333333333333E-1,6.666666666667E-1,1.E0),
.UNSPECIFIED.);
#5176=B_SPLINE_CURVE_WITH_KNOTS('',3,(#5170,#5171,#5172,#5173,#5174,#5175),
.UNSPECIFIED.,.F.,.F.,(4,1,1,4),(0.E0,3.333333333333E-1,6.666666666667E-1,1.E0),
.UNSPECIFIED.);
#5183=B_SPLINE_CURVE_WITH_KNOTS('',3,(#5177,#5178,#5179,#5180,#5181,#5182),
.UNSPECIFIED.,.F.,.F.,(4,1,1,4),(0.E0,3.333333333333E-1,6.666666666667E-1,1.E0),
.UNSPECIFIED.);
#5190=B_SPLINE_CURVE_WITH_KNOTS('',3,(#5184,#5185,#5186,#5187,#5188,#5189),
.UNSPECIFIED.,.F.,.F.,(4,1,1,4),(0.E0,3.333333333333E-1,6.666666666667E-1,1.E0),
.UNSPECIFIED.);
#5197=B_SPLINE_CURVE_WITH_KNOTS('',3,(#5191,#5192,#5193,#5194,#5195,#5196),
.UNSPECIFIED.,.F.,.F.,(4,1,1,4),(0.E0,3.333333333333E-1,6.666666666667E-1,1.E0),
.UNSPECIFIED.);
#5202=CIRCLE('',#5201,1.7E0);
#5209=B_SPLINE_CURVE_WITH_KNOTS('',3,(#5203,#5204,#5205,#5206,#5207,#5208),
.UNSPECIFIED.,.F.,.F.,(4,1,1,4),(0.E0,3.333333333333E-1,6.666666666667E-1,1.E0),
.UNSPECIFIED.);
#5216=B_SPLINE_CURVE_WITH_KNOTS('',3,(#5210,#5211,#5212,#5213,#5214,#5215),
.UNSPECIFIED.,.F.,.F.,(4,1,1,4),(0.E0,3.333333333333E-1,6.666666666667E-1,1.E0),
.UNSPECIFIED.);
#5223=B_SPLINE_CURVE_WITH_KNOTS('',3,(#5217,#5218,#5219,#5220,#5221,#5222),
.UNSPECIFIED.,.F.,.F.,(4,1,1,4),(0.E0,3.333333333333E-1,6.666666666667E-1,1.E0),
.UNSPECIFIED.);
#5230=B_SPLINE_CURVE_WITH_KNOTS('',3,(#5224,#5225,#5226,#5227,#5228,#5229),
.UNSPECIFIED.,.F.,.F.,(4,1,1,4),(0.E0,3.333333333333E-1,6.666666666667E-1,1.E0),
.UNSPECIFIED.);
#5235=CIRCLE('',#5234,9.999999999974E-1);
#5240=CIRCLE('',#5239,1.7E0);
#5245=CIRCLE('',#5244,9.999999999974E-1);
#5252=B_SPLINE_CURVE_WITH_KNOTS('',3,(#5246,#5247,#5248,#5249,#5250,#5251),
.UNSPECIFIED.,.F.,.F.,(4,1,1,4),(0.E0,3.333333333333E-1,6.666666666667E-1,1.E0),
.UNSPECIFIED.);
#5259=B_SPLINE_CURVE_WITH_KNOTS('',3,(#5253,#5254,#5255,#5256,#5257,#5258),
.UNSPECIFIED.,.F.,.F.,(4,1,1,4),(0.E0,3.333333333333E-1,6.666666666667E-1,1.E0),
.UNSPECIFIED.);
#5266=B_SPLINE_CURVE_WITH_KNOTS('',3,(#5260,#5261,#5262,#5263,#5264,#5265),
.UNSPECIFIED.,.F.,.F.,(4,1,1,4),(0.E0,3.333333333333E-1,6.666666666667E-1,1.E0),
.UNSPECIFIED.);
#5279=CIRCLE('',#5278,6.999988868107E-1);
#5316=CIRCLE('',#5315,6.999988868131E-1);
#5353=CIRCLE('',#5352,6.999988868107E-1);
#5406=CIRCLE('',#5405,6.999988868131E-1);
#6793=EDGE_CURVE('',#6766,#6767,#124,.T.);
#6795=EDGE_CURVE('',#6767,#6771,#129,.T.);
#6797=EDGE_CURVE('',#6771,#6769,#133,.T.);
#6799=EDGE_CURVE('',#6769,#6766,#138,.T.);
#6817=EDGE_CURVE('',#6766,#5713,#146,.T.);
#6819=EDGE_CURVE('',#5713,#5714,#168,.T.);
#6821=EDGE_CURVE('',#5714,#6767,#150,.T.);
#6839=EDGE_CURVE('',#5716,#6769,#142,.T.);
#6841=EDGE_CURVE('',#5716,#5713,#173,.T.);
#6860=EDGE_CURVE('',#6771,#5718,#154,.T.);
#6862=EDGE_CURVE('',#5718,#5716,#177,.T.);
#6882=EDGE_CURVE('',#5714,#5718,#182,.T.);
#6900=EDGE_CURVE('',#5721,#5722,#159,.T.);
#6902=EDGE_CURVE('',#5724,#5721,#204,.T.);
#6904=EDGE_CURVE('',#5726,#5724,#164,.T.);
#6906=EDGE_CURVE('',#5722,#5726,#186,.T.);
#6930=EDGE_CURVE('',#5728,#5722,#195,.T.);
#6932=EDGE_CURVE('',#5728,#5730,#227,.T.);
#6934=EDGE_CURVE('',#5721,#5730,#209,.T.);
#6952=EDGE_CURVE('',#5726,#5732,#200,.T.);
#6954=EDGE_CURVE('',#5732,#5728,#190,.T.);
#6973=EDGE_CURVE('',#5734,#5724,#218,.T.);
#6975=EDGE_CURVE('',#5734,#5732,#244,.T.);
#6995=EDGE_CURVE('',#5730,#5734,#213,.T.);
#7014=EDGE_CURVE('',#5730,#5680,#231,.T.);
#7016=EDGE_CURVE('',#5682,#5680,#222,.T.);
#7018=EDGE_CURVE('',#5682,#5734,#248,.T.);
#7036=EDGE_CURVE('',#5728,#5678,#239,.T.);
#7038=EDGE_CURVE('',#5665,#5678,#289,.T.);
#7040=EDGE_CURVE('',#5680,#5665,#257,.T.);
#7059=EDGE_CURVE('',#5732,#5676,#252,.T.);
#7061=EDGE_CURVE('',#5678,#5676,#235,.T.);
#7081=EDGE_CURVE('',#5674,#5682,#272,.T.);
#7083=EDGE_CURVE('',#5676,#5674,#294,.T.);
#7102=EDGE_CURVE('',#5690,#5665,#276,.T.);
#7104=EDGE_CURVE('',#5690,#5688,#262,.T.);
#7106=EDGE_CURVE('',#5686,#5688,#335,.T.);
#7108=EDGE_CURVE('',#5686,#5684,#267,.T.);
#7110=EDGE_CURVE('',#5674,#5684,#312,.T.);
#7130=EDGE_CURVE('',#5665,#5666,#280,.T.);
#7132=EDGE_CURVE('',#5692,#5666,#433,.T.);
#7134=EDGE_CURVE('',#5692,#5694,#284,.T.);
#7136=EDGE_CURVE('',#5690,#5694,#344,.T.);
#7157=EDGE_CURVE('',#5672,#5674,#308,.T.);
#7159=EDGE_CURVE('',#5672,#5670,#299,.T.);
#7161=EDGE_CURVE('',#5668,#5670,#437,.T.);
#7163=EDGE_CURVE('',#5668,#5666,#304,.T.);
#7182=EDGE_CURVE('',#5702,#5684,#331,.T.);
#7184=EDGE_CURVE('',#5702,#5700,#316,.T.);
#7186=EDGE_CURVE('',#5672,#5700,#446,.T.);
#7216=EDGE_CURVE('',#5686,#5704,#321,.T.);
#7218=EDGE_CURVE('',#5704,#5702,#326,.T.);
#7237=EDGE_CURVE('',#5706,#5688,#354,.T.);
#7239=EDGE_CURVE('',#5706,#5704,#339,.T.);
#7271=EDGE_CURVE('',#5694,#5706,#349,.T.);
#7289=EDGE_CURVE('',#6750,#6751,#367,.T.);
#7291=EDGE_CURVE('',#6750,#5706,#358,.T.);
#7294=EDGE_CURVE('',#5694,#6751,#362,.T.);
#7312=EDGE_CURVE('',#6759,#6751,#371,.T.);
#7314=EDGE_CURVE('',#6759,#6761,#376,.T.);
#7316=EDGE_CURVE('',#6761,#5776,#490,.T.);
#7318=EDGE_CURVE('',#5778,#5776,#380,.T.);
#7320=EDGE_CURVE('',#5778,#5850,#719,.T.);
#7322=EDGE_CURVE('',#6139,#5850,#679,.T.);
#7324=EDGE_CURVE('',#6139,#6198,#2682,.T.);
#7326=EDGE_CURVE('',#6198,#5840,#384,.T.);
#7328=EDGE_CURVE('',#5842,#5840,#388,.T.);
#7330=EDGE_CURVE('',#5844,#5842,#392,.T.);
#7332=EDGE_CURVE('',#5844,#6763,#482,.T.);
#7334=EDGE_CURVE('',#6763,#6755,#397,.T.);
#7336=EDGE_CURVE('',#6754,#6755,#401,.T.);
#7338=EDGE_CURVE('',#6754,#6757,#406,.T.);
#7340=EDGE_CURVE('',#6750,#6757,#410,.T.);
#7360=EDGE_CURVE('',#6759,#5692,#414,.T.);
#7379=EDGE_CURVE('',#5696,#5692,#428,.T.);
#7381=EDGE_CURVE('',#5696,#5709,#418,.T.);
#7383=EDGE_CURVE('',#6761,#5709,#469,.T.);
#7413=EDGE_CURVE('',#5668,#5696,#423,.T.);
#7433=EDGE_CURVE('',#5698,#5670,#456,.T.);
#7435=EDGE_CURVE('',#5698,#5696,#441,.T.);
#7467=EDGE_CURVE('',#5700,#5698,#451,.T.);
#7486=EDGE_CURVE('',#5710,#6763,#474,.T.);
#7488=EDGE_CURVE('',#5710,#5698,#460,.T.);
#7491=EDGE_CURVE('',#5700,#6755,#464,.T.);
#7508=EDGE_CURVE('',#6761,#6763,#478,.T.);
#7511=EDGE_CURVE('',#5709,#5710,#5418,.T.);
#7531=EDGE_CURVE('',#5844,#5766,#506,.T.);
#7533=EDGE_CURVE('',#5737,#5766,#486,.T.);
#7535=EDGE_CURVE('',#5776,#5737,#757,.T.);
#7553=EDGE_CURVE('',#5789,#5790,#494,.T.);
#7555=EDGE_CURVE('',#5789,#5830,#5136,.T.);
#7557=EDGE_CURVE('',#5832,#5830,#498,.T.);
#7559=EDGE_CURVE('',#5832,#5764,#794,.T.);
#7561=EDGE_CURVE('',#5766,#5764,#502,.T.);
#7565=EDGE_CURVE('',#5828,#5842,#510,.T.);
#7567=EDGE_CURVE('',#5790,#5828,#514,.T.);
#7585=EDGE_CURVE('',#5790,#5792,#527,.T.);
#7587=EDGE_CURVE('',#5792,#5789,#519,.T.);
#7604=EDGE_CURVE('',#5827,#5828,#523,.T.);
#7606=EDGE_CURVE('',#5827,#5792,#5140,.T.);
#7628=EDGE_CURVE('',#5840,#5838,#532,.T.);
#7630=EDGE_CURVE('',#5838,#5836,#585,.T.);
#7632=EDGE_CURVE('',#5836,#5834,#806,.T.);
#7634=EDGE_CURVE('',#5834,#5832,#537,.T.);
#7637=EDGE_CURVE('',#5830,#5827,#542,.T.);
#7641=EDGE_CURVE('',#6778,#6779,#547,.T.);
#7643=EDGE_CURVE('',#6779,#6778,#552,.T.);
#7660=EDGE_CURVE('',#6191,#5838,#556,.T.);
#7664=EDGE_CURVE('',#6198,#6199,#2678,.T.);
#7666=EDGE_CURVE('',#6199,#6201,#560,.T.);
#7668=EDGE_CURVE('',#6201,#6202,#569,.T.);
#7670=EDGE_CURVE('',#6202,#6204,#2520,.T.);
#7672=EDGE_CURVE('',#6204,#6195,#573,.T.);
#7674=EDGE_CURVE('',#6191,#6195,#2471,.T.);
#7691=EDGE_CURVE('',#5822,#6182,#593,.T.);
#7693=EDGE_CURVE('',#5820,#5822,#577,.T.);
#7695=EDGE_CURVE('',#5848,#5820,#830,.T.);
#7697=EDGE_CURVE('',#5848,#5846,#814,.T.);
#7699=EDGE_CURVE('',#5836,#5846,#581,.T.);
#7703=EDGE_CURVE('',#6182,#6191,#2457,.T.);
#7720=EDGE_CURVE('',#6166,#5824,#589,.T.);
#7722=EDGE_CURVE('',#5824,#5822,#857,.T.);
#7725=EDGE_CURVE('',#6162,#6182,#2448,.T.);
#7727=EDGE_CURVE('',#6162,#6180,#597,.T.);
#7729=EDGE_CURVE('',#6184,#6180,#2140,.T.);
#7731=EDGE_CURVE('',#6184,#6185,#606,.T.);
#7733=EDGE_CURVE('',#6185,#6187,#610,.T.);
#7735=EDGE_CURVE('',#6166,#6187,#2082,.T.);
#7752=EDGE_CURVE('',#5878,#6153,#634,.T.);
#7754=EDGE_CURVE('',#5874,#5878,#614,.T.);
#7756=EDGE_CURVE('',#5872,#5874,#618,.T.);
#7758=EDGE_CURVE('',#5872,#5806,#912,.T.);
#7760=EDGE_CURVE('',#5808,#5806,#622,.T.);
#7762=EDGE_CURVE('',#5824,#5808,#626,.T.);
#7765=EDGE_CURVE('',#6153,#6166,#2077,.T.);
#7782=EDGE_CURVE('',#6145,#5876,#630,.T.);
#7784=EDGE_CURVE('',#5878,#5876,#950,.T.);
#7787=EDGE_CURVE('',#6152,#6153,#2073,.T.);
#7789=EDGE_CURVE('',#6152,#6155,#638,.T.);
#7791=EDGE_CURVE('',#6155,#6156,#647,.T.);
#7793=EDGE_CURVE('',#6158,#6156,#1923,.T.);
#7795=EDGE_CURVE('',#6158,#6149,#651,.T.);
#7797=EDGE_CURVE('',#6145,#6149,#1879,.T.);
#7814=EDGE_CURVE('',#6130,#5852,#655,.T.);
#7816=EDGE_CURVE('',#5858,#5852,#659,.T.);
#7818=EDGE_CURVE('',#5860,#5858,#663,.T.);
#7820=EDGE_CURVE('',#5862,#5860,#667,.T.);
#7822=EDGE_CURVE('',#5866,#5862,#671,.T.);
#7824=EDGE_CURVE('',#5876,#5866,#675,.T.);
#7827=EDGE_CURVE('',#6130,#6145,#1865,.T.);
#7845=EDGE_CURVE('',#5850,#5852,#715,.T.);
#7848=EDGE_CURVE('',#6129,#6130,#1861,.T.);
#7850=EDGE_CURVE('',#6129,#6132,#683,.T.);
#7852=EDGE_CURVE('',#6132,#6134,#2746,.T.);
#7854=EDGE_CURVE('',#6134,#6135,#692,.T.);
#7856=EDGE_CURVE('',#6135,#6137,#696,.T.);
#7858=EDGE_CURVE('',#6137,#6139,#2687,.T.);
#7875=EDGE_CURVE('',#5772,#5854,#701,.T.);
#7877=EDGE_CURVE('',#5774,#5772,#705,.T.);
#7879=EDGE_CURVE('',#5856,#5774,#710,.T.);
#7881=EDGE_CURVE('',#5858,#5856,#1010,.T.);
#7886=EDGE_CURVE('',#5780,#5778,#723,.T.);
#7888=EDGE_CURVE('',#5780,#5854,#745,.T.);
#7892=EDGE_CURVE('',#6774,#6775,#728,.T.);
#7894=EDGE_CURVE('',#6775,#6774,#733,.T.);
#7912=EDGE_CURVE('',#5800,#5854,#737,.T.);
#7914=EDGE_CURVE('',#5770,#5800,#770,.T.);
#7916=EDGE_CURVE('',#5772,#5770,#741,.T.);
#7934=EDGE_CURVE('',#5769,#5780,#749,.T.);
#7936=EDGE_CURVE('',#5800,#5769,#753,.T.);
#7954=EDGE_CURVE('',#5769,#5770,#765,.T.);
#7960=EDGE_CURVE('',#5737,#5738,#761,.T.);
#7962=EDGE_CURVE('',#5738,#5774,#1018,.T.);
#8002=EDGE_CURVE('',#5764,#5762,#775,.T.);
#8004=EDGE_CURVE('',#5762,#5760,#802,.T.);
#8006=EDGE_CURVE('',#5760,#5758,#818,.T.);
#8008=EDGE_CURVE('',#5756,#5758,#822,.T.);
#8010=EDGE_CURVE('',#5756,#5754,#780,.T.);
#8012=EDGE_CURVE('',#5752,#5754,#891,.T.);
#8014=EDGE_CURVE('',#5752,#5750,#908,.T.);
#8016=EDGE_CURVE('',#5750,#5748,#920,.T.);
#8018=EDGE_CURVE('',#5748,#5746,#785,.T.);
#8020=EDGE_CURVE('',#5746,#5744,#982,.T.);
#8022=EDGE_CURVE('',#5744,#5742,#998,.T.);
#8024=EDGE_CURVE('',#5740,#5742,#1002,.T.);
#8026=EDGE_CURVE('',#5740,#5738,#790,.T.);
#8046=EDGE_CURVE('',#5762,#5834,#798,.T.);
#8067=EDGE_CURVE('',#5760,#5846,#810,.T.);
#8086=EDGE_CURVE('',#5758,#5848,#826,.T.);
#8107=EDGE_CURVE('',#5820,#5818,#834,.T.);
#8109=EDGE_CURVE('',#5818,#5756,#1304,.T.);
#8126=EDGE_CURVE('',#5812,#5810,#838,.T.);
#8128=EDGE_CURVE('',#5802,#5812,#843,.T.);
#8130=EDGE_CURVE('',#5804,#5802,#847,.T.);
#8132=EDGE_CURVE('',#5818,#5804,#852,.T.);
#8138=EDGE_CURVE('',#5810,#5808,#861,.T.);
#8142=EDGE_CURVE('',#6782,#6783,#866,.T.);
#8144=EDGE_CURVE('',#6783,#6782,#871,.T.);
#8162=EDGE_CURVE('',#5784,#5810,#875,.T.);
#8164=EDGE_CURVE('',#5786,#5784,#879,.T.);
#8166=EDGE_CURVE('',#5786,#5812,#900,.T.);
#8183=EDGE_CURVE('',#5783,#5784,#883,.T.);
#8188=EDGE_CURVE('',#5806,#5752,#887,.T.);
#8191=EDGE_CURVE('',#5754,#5804,#1308,.T.);
#8194=EDGE_CURVE('',#5802,#5783,#904,.T.);
#8212=EDGE_CURVE('',#5783,#5786,#896,.T.);
#8249=EDGE_CURVE('',#5872,#5750,#924,.T.);
#8269=EDGE_CURVE('',#5795,#5796,#916,.T.);
#8271=EDGE_CURVE('',#5795,#5870,#1022,.T.);
#8273=EDGE_CURVE('',#5868,#5870,#963,.T.);
#8275=EDGE_CURVE('',#5868,#5748,#990,.T.);
#8280=EDGE_CURVE('',#5816,#5874,#945,.T.);
#8282=EDGE_CURVE('',#5796,#5816,#928,.T.);
#8300=EDGE_CURVE('',#5796,#5798,#937,.T.);
#8302=EDGE_CURVE('',#5798,#5795,#933,.T.);
#8319=EDGE_CURVE('',#5815,#5816,#941,.T.);
#8321=EDGE_CURVE('',#5815,#5798,#1026,.T.);
#8345=EDGE_CURVE('',#5866,#5864,#954,.T.);
#8347=EDGE_CURVE('',#5864,#5868,#959,.T.);
#8350=EDGE_CURVE('',#5870,#5815,#968,.T.);
#8354=EDGE_CURVE('',#6786,#6787,#973,.T.);
#8356=EDGE_CURVE('',#6787,#6786,#978,.T.);
#8374=EDGE_CURVE('',#5746,#5864,#994,.T.);
#8378=EDGE_CURVE('',#5744,#5862,#986,.T.);
#8414=EDGE_CURVE('',#5742,#5860,#1006,.T.);
#8438=EDGE_CURVE('',#5856,#5740,#1014,.T.);
#8494=EDGE_CURVE('',#5607,#6787,#1034,.T.);
#8496=EDGE_CURVE('',#5606,#5607,#1126,.T.);
#8498=EDGE_CURVE('',#6786,#5606,#1030,.T.);
#8510=EDGE_CURVE('',#5607,#5606,#1088,.T.);
#8545=EDGE_CURVE('',#5608,#5609,#1041,.T.);
#8547=EDGE_CURVE('',#5609,#5610,#1048,.T.);
#8549=EDGE_CURVE('',#5612,#5610,#1239,.T.);
#8551=EDGE_CURVE('',#5612,#5613,#1055,.T.);
#8553=EDGE_CURVE('',#5613,#5614,#1062,.T.);
#8555=EDGE_CURVE('',#5614,#5615,#1069,.T.);
#8557=EDGE_CURVE('',#5617,#5615,#1202,.T.);
#8559=EDGE_CURVE('',#5617,#5618,#1076,.T.);
#8561=EDGE_CURVE('',#5618,#5619,#1083,.T.);
#8563=EDGE_CURVE('',#5607,#5619,#1131,.T.);
#8566=EDGE_CURVE('',#5608,#5606,#1121,.T.);
#8577=EDGE_CURVE('',#5608,#5625,#1095,.T.);
#8579=EDGE_CURVE('',#5623,#5625,#1287,.T.);
#8581=EDGE_CURVE('',#5623,#5621,#1267,.T.);
#8583=EDGE_CURVE('',#5609,#5621,#1243,.T.);
#8617=EDGE_CURVE('',#5626,#5627,#1102,.T.);
#8619=EDGE_CURVE('',#5627,#5628,#1109,.T.);
#8621=EDGE_CURVE('',#5630,#5628,#1292,.T.);
#8623=EDGE_CURVE('',#5630,#5625,#1116,.T.);
#8629=EDGE_CURVE('',#5619,#5631,#1138,.T.);
#8631=EDGE_CURVE('',#5631,#5632,#1145,.T.);
#8633=EDGE_CURVE('',#5634,#5632,#1165,.T.);
#8635=EDGE_CURVE('',#5634,#5626,#1152,.T.);
#8646=EDGE_CURVE('',#5638,#5626,#1156,.T.);
#8648=EDGE_CURVE('',#5638,#5636,#1259,.T.);
#8650=EDGE_CURVE('',#5627,#5636,#1300,.T.);
#8660=EDGE_CURVE('',#5640,#5634,#1160,.T.);
#8662=EDGE_CURVE('',#5642,#5640,#1177,.T.);
#8664=EDGE_CURVE('',#5642,#5638,#1263,.T.);
#8676=EDGE_CURVE('',#5640,#5632,#1169,.T.);
#8690=EDGE_CURVE('',#5652,#5631,#1185,.T.);
#8692=EDGE_CURVE('',#5652,#5642,#1173,.T.);
#8704=EDGE_CURVE('',#5654,#5618,#1197,.T.);
#8706=EDGE_CURVE('',#5654,#5652,#1181,.T.);
#8719=EDGE_CURVE('',#5617,#5648,#1189,.T.);
#8721=EDGE_CURVE('',#5656,#5648,#1210,.T.);
#8723=EDGE_CURVE('',#5656,#5654,#1193,.T.);
#8734=EDGE_CURVE('',#5648,#5615,#1214,.T.);
#8747=EDGE_CURVE('',#5658,#5614,#1222,.T.);
#8749=EDGE_CURVE('',#5658,#5656,#1206,.T.);
#8762=EDGE_CURVE('',#5660,#5613,#1234,.T.);
#8764=EDGE_CURVE('',#5660,#5658,#1218,.T.);
#8776=EDGE_CURVE('',#5612,#5646,#1226,.T.);
#8778=EDGE_CURVE('',#5662,#5646,#1251,.T.);
#8780=EDGE_CURVE('',#5662,#5660,#1230,.T.);
#8791=EDGE_CURVE('',#5646,#5610,#1255,.T.);
#8805=EDGE_CURVE('',#5621,#5662,#1247,.T.);
#8827=EDGE_CURVE('',#5650,#5623,#1283,.T.);
#8829=EDGE_CURVE('',#5636,#5650,#1271,.T.);
#8839=EDGE_CURVE('',#5630,#5644,#1275,.T.);
#8841=EDGE_CURVE('',#5644,#5650,#1279,.T.);
#8854=EDGE_CURVE('',#5644,#5628,#1296,.T.);
#8899=EDGE_CURVE('',#5548,#6783,#1316,.T.);
#8901=EDGE_CURVE('',#5547,#5548,#1408,.T.);
#8903=EDGE_CURVE('',#6782,#5547,#1312,.T.);
#8915=EDGE_CURVE('',#5548,#5547,#1370,.T.);
#8950=EDGE_CURVE('',#5549,#5550,#1323,.T.);
#8952=EDGE_CURVE('',#5550,#5551,#1330,.T.);
#8954=EDGE_CURVE('',#5553,#5551,#1521,.T.);
#8956=EDGE_CURVE('',#5553,#5554,#1337,.T.);
#8958=EDGE_CURVE('',#5554,#5555,#1344,.T.);
#8960=EDGE_CURVE('',#5555,#5556,#1351,.T.);
#8962=EDGE_CURVE('',#5558,#5556,#1484,.T.);
#8964=EDGE_CURVE('',#5558,#5559,#1358,.T.);
#8966=EDGE_CURVE('',#5559,#5560,#1365,.T.);
#8968=EDGE_CURVE('',#5548,#5560,#1413,.T.);
#8971=EDGE_CURVE('',#5549,#5547,#1403,.T.);
#8982=EDGE_CURVE('',#5549,#5566,#1377,.T.);
#8984=EDGE_CURVE('',#5564,#5566,#1569,.T.);
#8986=EDGE_CURVE('',#5564,#5562,#1549,.T.);
#8988=EDGE_CURVE('',#5550,#5562,#1525,.T.);
#9022=EDGE_CURVE('',#5567,#5568,#1384,.T.);
#9024=EDGE_CURVE('',#5568,#5569,#1391,.T.);
#9026=EDGE_CURVE('',#5571,#5569,#1574,.T.);
#9028=EDGE_CURVE('',#5571,#5566,#1398,.T.);
#9034=EDGE_CURVE('',#5560,#5572,#1420,.T.);
#9036=EDGE_CURVE('',#5572,#5573,#1427,.T.);
#9038=EDGE_CURVE('',#5575,#5573,#1447,.T.);
#9040=EDGE_CURVE('',#5575,#5567,#1434,.T.);
#9051=EDGE_CURVE('',#5579,#5567,#1438,.T.);
#9053=EDGE_CURVE('',#5579,#5577,#1541,.T.);
#9055=EDGE_CURVE('',#5568,#5577,#1582,.T.);
#9065=EDGE_CURVE('',#5581,#5575,#1442,.T.);
#9067=EDGE_CURVE('',#5583,#5581,#1459,.T.);
#9069=EDGE_CURVE('',#5583,#5579,#1545,.T.);
#9081=EDGE_CURVE('',#5581,#5573,#1451,.T.);
#9095=EDGE_CURVE('',#5593,#5572,#1467,.T.);
#9097=EDGE_CURVE('',#5593,#5583,#1455,.T.);
#9109=EDGE_CURVE('',#5595,#5559,#1479,.T.);
#9111=EDGE_CURVE('',#5595,#5593,#1463,.T.);
#9124=EDGE_CURVE('',#5558,#5589,#1471,.T.);
#9126=EDGE_CURVE('',#5597,#5589,#1492,.T.);
#9128=EDGE_CURVE('',#5597,#5595,#1475,.T.);
#9139=EDGE_CURVE('',#5589,#5556,#1496,.T.);
#9152=EDGE_CURVE('',#5599,#5555,#1504,.T.);
#9154=EDGE_CURVE('',#5599,#5597,#1488,.T.);
#9167=EDGE_CURVE('',#5601,#5554,#1516,.T.);
#9169=EDGE_CURVE('',#5601,#5599,#1500,.T.);
#9181=EDGE_CURVE('',#5553,#5587,#1508,.T.);
#9183=EDGE_CURVE('',#5603,#5587,#1533,.T.);
#9185=EDGE_CURVE('',#5603,#5601,#1512,.T.);
#9196=EDGE_CURVE('',#5587,#5551,#1537,.T.);
#9210=EDGE_CURVE('',#5562,#5603,#1529,.T.);
#9232=EDGE_CURVE('',#5591,#5564,#1565,.T.);
#9234=EDGE_CURVE('',#5577,#5591,#1553,.T.);
#9244=EDGE_CURVE('',#5571,#5585,#1557,.T.);
#9246=EDGE_CURVE('',#5585,#5591,#1561,.T.);
#9259=EDGE_CURVE('',#5585,#5569,#1578,.T.);
#9285=EDGE_CURVE('',#5430,#6775,#1590,.T.);
#9287=EDGE_CURVE('',#5429,#5430,#1682,.T.);
#9289=EDGE_CURVE('',#6774,#5429,#1586,.T.);
#9301=EDGE_CURVE('',#5430,#5429,#1644,.T.);
#9336=EDGE_CURVE('',#5431,#5432,#1597,.T.);
#9338=EDGE_CURVE('',#5432,#5433,#1604,.T.);
#9340=EDGE_CURVE('',#5435,#5433,#1795,.T.);
#9342=EDGE_CURVE('',#5435,#5436,#1611,.T.);
#9344=EDGE_CURVE('',#5436,#5437,#1618,.T.);
#9346=EDGE_CURVE('',#5437,#5438,#1625,.T.);
#9348=EDGE_CURVE('',#5440,#5438,#1758,.T.);
#9350=EDGE_CURVE('',#5440,#5441,#1632,.T.);
#9352=EDGE_CURVE('',#5441,#5442,#1639,.T.);
#9354=EDGE_CURVE('',#5430,#5442,#1687,.T.);
#9357=EDGE_CURVE('',#5431,#5429,#1677,.T.);
#9368=EDGE_CURVE('',#5431,#5448,#1651,.T.);
#9370=EDGE_CURVE('',#5446,#5448,#1843,.T.);
#9372=EDGE_CURVE('',#5446,#5444,#1823,.T.);
#9374=EDGE_CURVE('',#5432,#5444,#1799,.T.);
#9408=EDGE_CURVE('',#5449,#5450,#1658,.T.);
#9410=EDGE_CURVE('',#5450,#5451,#1665,.T.);
#9412=EDGE_CURVE('',#5453,#5451,#1848,.T.);
#9414=EDGE_CURVE('',#5453,#5448,#1672,.T.);
#9420=EDGE_CURVE('',#5442,#5454,#1694,.T.);
#9422=EDGE_CURVE('',#5454,#5455,#1701,.T.);
#9424=EDGE_CURVE('',#5457,#5455,#1721,.T.);
#9426=EDGE_CURVE('',#5457,#5449,#1708,.T.);
#9437=EDGE_CURVE('',#5461,#5449,#1712,.T.);
#9439=EDGE_CURVE('',#5461,#5459,#1815,.T.);
#9441=EDGE_CURVE('',#5450,#5459,#1856,.T.);
#9451=EDGE_CURVE('',#5463,#5457,#1716,.T.);
#9453=EDGE_CURVE('',#5465,#5463,#1733,.T.);
#9455=EDGE_CURVE('',#5465,#5461,#1819,.T.);
#9467=EDGE_CURVE('',#5463,#5455,#1725,.T.);
#9481=EDGE_CURVE('',#5475,#5454,#1741,.T.);
#9483=EDGE_CURVE('',#5475,#5465,#1729,.T.);
#9495=EDGE_CURVE('',#5477,#5441,#1753,.T.);
#9497=EDGE_CURVE('',#5477,#5475,#1737,.T.);
#9510=EDGE_CURVE('',#5440,#5471,#1745,.T.);
#9512=EDGE_CURVE('',#5479,#5471,#1766,.T.);
#9514=EDGE_CURVE('',#5479,#5477,#1749,.T.);
#9525=EDGE_CURVE('',#5471,#5438,#1770,.T.);
#9538=EDGE_CURVE('',#5481,#5437,#1778,.T.);
#9540=EDGE_CURVE('',#5481,#5479,#1762,.T.);
#9553=EDGE_CURVE('',#5483,#5436,#1790,.T.);
#9555=EDGE_CURVE('',#5483,#5481,#1774,.T.);
#9567=EDGE_CURVE('',#5435,#5469,#1782,.T.);
#9569=EDGE_CURVE('',#5485,#5469,#1807,.T.);
#9571=EDGE_CURVE('',#5485,#5483,#1786,.T.);
#9582=EDGE_CURVE('',#5469,#5433,#1811,.T.);
#9596=EDGE_CURVE('',#5444,#5485,#1803,.T.);
#9618=EDGE_CURVE('',#5473,#5446,#1839,.T.);
#9620=EDGE_CURVE('',#5459,#5473,#1827,.T.);
#9630=EDGE_CURVE('',#5453,#5467,#1831,.T.);
#9632=EDGE_CURVE('',#5467,#5473,#1835,.T.);
#9645=EDGE_CURVE('',#5467,#5451,#1852,.T.);
#9671=EDGE_CURVE('',#6141,#6130,#1874,.T.);
#9673=EDGE_CURVE('',#6141,#6143,#3055,.T.);
#9675=EDGE_CURVE('',#6129,#6143,#2485,.T.);
#9693=EDGE_CURVE('',#6147,#6145,#1884,.T.);
#9695=EDGE_CURVE('',#6147,#6141,#1869,.T.);
#9714=EDGE_CURVE('',#6160,#6149,#1897,.T.);
#9716=EDGE_CURVE('',#6160,#6147,#3060,.T.);
#9734=EDGE_CURVE('',#6149,#6162,#1888,.T.);
#9736=EDGE_CURVE('',#6164,#6162,#2453,.T.);
#9738=EDGE_CURVE('',#6164,#6160,#1892,.T.);
#9758=EDGE_CURVE('',#6168,#6158,#1918,.T.);
#9760=EDGE_CURVE('',#6170,#6168,#2216,.T.);
#9762=EDGE_CURVE('',#6172,#6170,#1902,.T.);
#9764=EDGE_CURVE('',#6174,#6172,#2200,.T.);
#9766=EDGE_CURVE('',#6176,#6174,#1907,.T.);
#9768=EDGE_CURVE('',#6176,#6178,#2156,.T.);
#9770=EDGE_CURVE('',#6180,#6178,#2144,.T.);
#9788=EDGE_CURVE('',#6497,#6498,#1937,.T.);
#9790=EDGE_CURVE('',#6497,#6510,#1914,.T.);
#9792=EDGE_CURVE('',#6168,#6510,#2220,.T.);
#9796=EDGE_CURVE('',#6508,#6156,#2064,.T.);
#9798=EDGE_CURVE('',#6508,#6506,#1928,.T.);
#9800=EDGE_CURVE('',#6504,#6506,#2029,.T.);
#9802=EDGE_CURVE('',#6502,#6504,#2012,.T.);
#9804=EDGE_CURVE('',#6502,#6500,#1933,.T.);
#9806=EDGE_CURVE('',#6498,#6500,#1979,.T.);
#9824=EDGE_CURVE('',#6498,#6527,#1946,.T.);
#9826=EDGE_CURVE('',#6527,#6529,#1950,.T.);
#9828=EDGE_CURVE('',#6529,#6530,#1957,.T.);
#9830=EDGE_CURVE('',#6530,#6531,#1964,.T.);
#9832=EDGE_CURVE('',#6531,#6497,#1971,.T.);
#9849=EDGE_CURVE('',#6533,#6527,#1975,.T.);
#9853=EDGE_CURVE('',#6500,#6533,#1987,.T.);
#9871=EDGE_CURVE('',#6533,#6535,#1995,.T.);
#9873=EDGE_CURVE('',#6537,#6535,#2096,.T.);
#9875=EDGE_CURVE('',#6527,#6537,#2247,.T.);
#9892=EDGE_CURVE('',#6539,#6533,#2000,.T.);
#9894=EDGE_CURVE('',#6541,#6539,#1991,.T.);
#9896=EDGE_CURVE('',#6535,#6541,#2101,.T.);
#9917=EDGE_CURVE('',#6502,#6539,#2008,.T.);
#9935=EDGE_CURVE('',#6504,#6542,#2021,.T.);
#9937=EDGE_CURVE('',#6542,#6539,#2025,.T.);
#9956=EDGE_CURVE('',#6544,#6506,#2038,.T.);
#9958=EDGE_CURVE('',#6544,#6542,#2033,.T.);
#9976=EDGE_CURVE('',#6544,#6546,#2043,.T.);
#9980=EDGE_CURVE('',#6546,#6508,#2060,.T.);
#9998=EDGE_CURVE('',#6546,#6548,#2047,.T.);
#10000=EDGE_CURVE('',#6550,#6548,#2106,.T.);
#10002=EDGE_CURVE('',#6550,#6544,#2051,.T.);
#10019=EDGE_CURVE('',#6155,#6546,#2055,.T.);
#10022=EDGE_CURVE('',#6548,#6152,#2068,.T.);
#10063=EDGE_CURVE('',#6564,#6187,#2110,.T.);
#10065=EDGE_CURVE('',#6564,#6562,#2087,.T.);
#10067=EDGE_CURVE('',#6560,#6562,#2403,.T.);
#10069=EDGE_CURVE('',#6558,#6560,#2365,.T.);
#10071=EDGE_CURVE('',#6558,#6556,#2092,.T.);
#10073=EDGE_CURVE('',#6554,#6556,#2259,.T.);
#10075=EDGE_CURVE('',#6537,#6554,#2251,.T.);
#10079=EDGE_CURVE('',#6541,#6552,#2439,.T.);
#10081=EDGE_CURVE('',#6550,#6552,#2443,.T.);
#10099=EDGE_CURVE('',#6566,#6185,#2118,.T.);
#10101=EDGE_CURVE('',#6564,#6566,#2416,.T.);
#10120=EDGE_CURVE('',#6184,#6514,#2114,.T.);
#10122=EDGE_CURVE('',#6566,#6514,#2421,.T.);
#10141=EDGE_CURVE('',#6178,#6512,#2152,.T.);
#10143=EDGE_CURVE('',#6512,#6526,#2125,.T.);
#10145=EDGE_CURVE('',#6524,#6526,#2288,.T.);
#10147=EDGE_CURVE('',#6522,#6524,#2263,.T.);
#10149=EDGE_CURVE('',#6522,#6520,#2130,.T.);
#10151=EDGE_CURVE('',#6518,#6520,#2386,.T.);
#10153=EDGE_CURVE('',#6516,#6518,#2399,.T.);
#10155=EDGE_CURVE('',#6516,#6514,#2135,.T.);
#10175=EDGE_CURVE('',#6512,#6588,#2148,.T.);
#10179=EDGE_CURVE('',#6588,#6176,#2196,.T.);
#10196=EDGE_CURVE('',#6585,#6586,#2160,.T.);
#10198=EDGE_CURVE('',#6581,#6586,#2323,.T.);
#10200=EDGE_CURVE('',#6526,#6581,#2295,.T.);
#10204=EDGE_CURVE('',#6585,#6588,#2188,.T.);
#10222=EDGE_CURVE('',#6592,#6585,#2164,.T.);
#10224=EDGE_CURVE('',#6590,#6592,#2224,.T.);
#10226=EDGE_CURVE('',#6586,#6590,#2336,.T.);
#10244=B_SPLINE_CURVE_WITH_KNOTS('',3,(#10238,#10239,#10240,#10241,#10242,
#10243),.UNSPECIFIED.,.F.,.F.,(4,1,1,4),(0.E0,1.910404813370E-1,
8.085568434907E-1,1.E0),.UNSPECIFIED.);
#10253=EDGE_CURVE('',#6593,#6585,#2183,.T.);
#10255=EDGE_CURVE('',#6593,#6595,#2168,.T.);
#10257=EDGE_CURVE('',#6595,#6592,#2173,.T.);
#10274=EDGE_CURVE('',#6588,#6593,#2178,.T.);
#10293=EDGE_CURVE('',#6174,#6593,#2192,.T.);
#10313=EDGE_CURVE('',#6595,#6172,#2208,.T.);
#10333=EDGE_CURVE('',#6170,#6597,#2204,.T.);
#10335=EDGE_CURVE('',#6595,#6597,#2426,.T.);
#10354=EDGE_CURVE('',#6510,#6597,#2212,.T.);
#10377=EDGE_CURVE('',#6590,#6531,#2239,.T.);
#10380=EDGE_CURVE('',#6597,#6592,#2431,.T.);
#10397=EDGE_CURVE('',#6530,#6570,#2229,.T.);
#10399=EDGE_CURVE('',#6570,#6590,#2234,.T.);
#10419=B_SPLINE_CURVE_WITH_KNOTS('',3,(#10413,#10414,#10415,#10416,#10417,
#10418),.UNSPECIFIED.,.F.,.F.,(4,1,1,4),(0.E0,1.923076923078E-2,
9.807692307692E-1,1.E0),.UNSPECIFIED.);
#10426=EDGE_CURVE('',#6529,#6570,#2243,.T.);
#10448=EDGE_CURVE('',#6576,#6554,#2255,.T.);
#10450=EDGE_CURVE('',#6574,#6576,#2313,.T.);
#10452=EDGE_CURVE('',#6572,#6574,#2332,.T.);
#10454=EDGE_CURVE('',#6570,#6572,#2340,.T.);
#10472=EDGE_CURVE('',#6576,#6580,#2276,.T.);
#10476=EDGE_CURVE('',#6556,#6580,#2357,.T.);
#10494=EDGE_CURVE('',#6524,#6576,#2272,.T.);
#10497=EDGE_CURVE('',#6580,#6522,#2284,.T.);
#10516=EDGE_CURVE('',#6581,#6582,#2302,.T.);
#10518=EDGE_CURVE('',#6582,#6574,#2309,.T.);
#10537=EDGE_CURVE('',#6572,#6582,#2318,.T.);
#10541=EDGE_CURVE('',#6586,#6572,#2328,.T.);
#10559=B_SPLINE_CURVE_WITH_KNOTS('',3,(#10553,#10554,#10555,#10556,#10557,
#10558),.UNSPECIFIED.,.F.,.F.,(4,1,1,4),(0.E0,1.923076923077E-2,
9.807692307692E-1,1.E0),.UNSPECIFIED.);
#10603=EDGE_CURVE('',#6580,#6599,#2353,.T.);
#10605=EDGE_CURVE('',#6599,#6520,#2348,.T.);
#10627=EDGE_CURVE('',#6599,#6558,#2361,.T.);
#10644=EDGE_CURVE('',#6599,#6578,#2373,.T.);
#10648=EDGE_CURVE('',#6560,#6578,#2369,.T.);
#10666=EDGE_CURVE('',#6578,#6518,#2382,.T.);
#10685=EDGE_CURVE('',#6578,#6568,#2390,.T.);
#10687=EDGE_CURVE('',#6568,#6516,#2395,.T.);
#10709=EDGE_CURVE('',#6568,#6562,#2412,.T.);
#10726=EDGE_CURVE('',#6566,#6568,#2408,.T.);
#10784=EDGE_CURVE('',#6552,#6542,#2435,.T.);
#10823=EDGE_CURVE('',#6189,#6182,#2466,.T.);
#10825=EDGE_CURVE('',#6189,#6164,#3045,.T.);
#10844=EDGE_CURVE('',#6193,#6191,#2476,.T.);
#10846=EDGE_CURVE('',#6193,#6189,#2461,.T.);
#10865=EDGE_CURVE('',#6206,#6195,#2494,.T.);
#10867=EDGE_CURVE('',#6206,#6193,#3050,.T.);
#10885=EDGE_CURVE('',#6195,#6129,#2480,.T.);
#10888=EDGE_CURVE('',#6143,#6206,#2489,.T.);
#10908=EDGE_CURVE('',#6204,#6208,#2515,.T.);
#10910=EDGE_CURVE('',#6210,#6208,#2818,.T.);
#10912=EDGE_CURVE('',#6212,#6210,#2499,.T.);
#10914=EDGE_CURVE('',#6212,#6214,#2783,.T.);
#10916=EDGE_CURVE('',#6216,#6214,#2504,.T.);
#10918=EDGE_CURVE('',#6216,#6218,#2762,.T.);
#10920=EDGE_CURVE('',#6218,#6132,#2750,.T.);
#10938=EDGE_CURVE('',#6273,#6274,#2534,.T.);
#10940=EDGE_CURVE('',#6275,#6273,#2511,.T.);
#10942=EDGE_CURVE('',#6208,#6275,#2822,.T.);
#10946=EDGE_CURVE('',#6246,#6202,#2673,.T.);
#10948=EDGE_CURVE('',#6250,#6246,#2525,.T.);
#10950=EDGE_CURVE('',#6270,#6250,#2625,.T.);
#10952=EDGE_CURVE('',#6277,#6270,#2617,.T.);
#10954=EDGE_CURVE('',#6279,#6277,#2530,.T.);
#10956=EDGE_CURVE('',#6274,#6279,#2576,.T.);
#10974=EDGE_CURVE('',#6274,#6255,#2543,.T.);
#10976=EDGE_CURVE('',#6255,#6256,#2547,.T.);
#10978=EDGE_CURVE('',#6256,#6295,#2554,.T.);
#10980=EDGE_CURVE('',#6295,#6296,#2561,.T.);
#10982=EDGE_CURVE('',#6296,#6273,#2568,.T.);
#10999=EDGE_CURVE('',#6298,#6255,#2572,.T.);
#11003=EDGE_CURVE('',#6279,#6298,#2584,.T.);
#11021=EDGE_CURVE('',#6298,#6236,#2600,.T.);
#11023=EDGE_CURVE('',#6234,#6236,#2588,.T.);
#11025=EDGE_CURVE('',#6255,#6234,#2592,.T.);
#11042=EDGE_CURVE('',#6300,#6298,#2605,.T.);
#11044=EDGE_CURVE('',#6238,#6300,#2596,.T.);
#11046=EDGE_CURVE('',#6238,#6236,#2702,.T.);
#11067=EDGE_CURVE('',#6277,#6300,#2613,.T.);
#11085=EDGE_CURVE('',#6252,#6270,#2643,.T.);
#11087=EDGE_CURVE('',#6252,#6300,#2621,.T.);
#11106=EDGE_CURVE('',#6250,#6248,#2630,.T.);
#11108=EDGE_CURVE('',#6248,#6252,#2634,.T.);
#11126=EDGE_CURVE('',#6248,#6244,#2653,.T.);
#11130=EDGE_CURVE('',#6246,#6244,#2648,.T.);
#11148=EDGE_CURVE('',#6244,#6220,#2657,.T.);
#11150=EDGE_CURVE('',#6220,#6242,#2707,.T.);
#11152=EDGE_CURVE('',#6242,#6248,#2661,.T.);
#11169=EDGE_CURVE('',#6201,#6244,#2669,.T.);
#11172=EDGE_CURVE('',#6220,#6199,#2665,.T.);
#11213=EDGE_CURVE('',#6137,#6222,#2711,.T.);
#11215=EDGE_CURVE('',#6224,#6222,#2692,.T.);
#11217=EDGE_CURVE('',#6224,#6226,#3000,.T.);
#11219=EDGE_CURVE('',#6228,#6226,#2967,.T.);
#11221=EDGE_CURVE('',#6230,#6228,#2697,.T.);
#11223=EDGE_CURVE('',#6232,#6230,#2861,.T.);
#11225=EDGE_CURVE('',#6232,#6234,#2853,.T.);
#11229=EDGE_CURVE('',#6238,#6240,#3036,.T.);
#11231=EDGE_CURVE('',#6240,#6242,#3040,.T.);
#11249=EDGE_CURVE('',#6324,#6135,#2724,.T.);
#11251=EDGE_CURVE('',#6222,#6324,#3013,.T.);
#11270=EDGE_CURVE('',#6134,#6294,#2715,.T.);
#11272=EDGE_CURVE('',#6294,#6324,#2720,.T.);
#11291=EDGE_CURVE('',#6218,#6281,#2758,.T.);
#11293=EDGE_CURVE('',#6282,#6281,#2731,.T.);
#11295=EDGE_CURVE('',#6284,#6282,#2881,.T.);
#11297=EDGE_CURVE('',#6286,#6284,#2865,.T.);
#11299=EDGE_CURVE('',#6288,#6286,#2736,.T.);
#11301=EDGE_CURVE('',#6290,#6288,#2988,.T.);
#11303=EDGE_CURVE('',#6292,#6290,#2996,.T.);
#11305=EDGE_CURVE('',#6294,#6292,#2741,.T.);
#11325=EDGE_CURVE('',#6281,#6310,#2754,.T.);
#11329=EDGE_CURVE('',#6310,#6216,#2791,.T.);
#11346=EDGE_CURVE('',#6308,#6304,#2766,.T.);
#11348=EDGE_CURVE('',#6306,#6304,#2918,.T.);
#11350=EDGE_CURVE('',#6282,#6306,#2888,.T.);
#11354=EDGE_CURVE('',#6308,#6310,#2801,.T.);
#11372=EDGE_CURVE('',#6312,#6308,#2779,.T.);
#11374=EDGE_CURVE('',#6302,#6312,#2830,.T.);
#11376=EDGE_CURVE('',#6304,#6302,#2942,.T.);
#11394=B_SPLINE_CURVE_WITH_KNOTS('',3,(#11388,#11389,#11390,#11391,#11392,
#11393),.UNSPECIFIED.,.F.,.F.,(4,1,1,4),(0.E0,1.910404813370E-1,
8.085568434907E-1,1.E0),.UNSPECIFIED.);
#11401=EDGE_CURVE('',#6315,#6316,#2770,.T.);
#11403=EDGE_CURVE('',#6316,#6312,#2775,.T.);
#11406=EDGE_CURVE('',#6315,#6308,#2796,.T.);
#11423=EDGE_CURVE('',#6214,#6315,#2787,.T.);
#11426=EDGE_CURVE('',#6316,#6212,#2814,.T.);
#11445=EDGE_CURVE('',#6310,#6315,#2806,.T.);
#11482=EDGE_CURVE('',#6210,#6318,#2810,.T.);
#11484=EDGE_CURVE('',#6316,#6318,#3028,.T.);
#11506=EDGE_CURVE('',#6275,#6318,#2826,.T.);
#11526=EDGE_CURVE('',#6302,#6296,#2845,.T.);
#11529=EDGE_CURVE('',#6318,#6312,#3023,.T.);
#11546=EDGE_CURVE('',#6295,#6264,#2835,.T.);
#11548=EDGE_CURVE('',#6264,#6302,#2840,.T.);
#11568=B_SPLINE_CURVE_WITH_KNOTS('',3,(#11562,#11563,#11564,#11565,#11566,
#11567),.UNSPECIFIED.,.F.,.F.,(4,1,1,4),(0.E0,1.923076923078E-2,
9.807692307692E-1,1.E0),.UNSPECIFIED.);
#11575=EDGE_CURVE('',#6256,#6264,#2849,.T.);
#11597=EDGE_CURVE('',#6258,#6232,#2857,.T.);
#11599=EDGE_CURVE('',#6260,#6258,#2892,.T.);
#11601=EDGE_CURVE('',#6262,#6260,#2927,.T.);
#11603=EDGE_CURVE('',#6264,#6262,#2938,.T.);
#11621=EDGE_CURVE('',#6258,#6320,#2869,.T.);
#11625=EDGE_CURVE('',#6230,#6320,#2959,.T.);
#11643=EDGE_CURVE('',#6258,#6284,#2901,.T.);
#11646=EDGE_CURVE('',#6320,#6286,#2877,.T.);
#11665=EDGE_CURVE('',#6305,#6306,#2913,.T.);
#11667=EDGE_CURVE('',#6260,#6305,#2934,.T.);
#11686=EDGE_CURVE('',#6262,#6305,#2906,.T.);
#11690=EDGE_CURVE('',#6304,#6262,#2923,.T.);
#11708=B_SPLINE_CURVE_WITH_KNOTS('',3,(#11702,#11703,#11704,#11705,#11706,
#11707),.UNSPECIFIED.,.F.,.F.,(4,1,1,4),(0.E0,1.923076923077E-2,
9.807692307692E-1,1.E0),.UNSPECIFIED.);
#11752=EDGE_CURVE('',#6320,#6322,#2947,.T.);
#11754=EDGE_CURVE('',#6322,#6288,#2955,.T.);
#11776=EDGE_CURVE('',#6322,#6228,#2963,.T.);
#11793=EDGE_CURVE('',#6322,#6267,#2975,.T.);
#11797=EDGE_CURVE('',#6226,#6267,#2971,.T.);
#11815=EDGE_CURVE('',#6267,#6290,#2984,.T.);
#11834=EDGE_CURVE('',#6267,#6268,#2992,.T.);
#11836=EDGE_CURVE('',#6292,#6268,#3018,.T.);
#11858=EDGE_CURVE('',#6268,#6224,#3009,.T.);
#11875=EDGE_CURVE('',#6324,#6268,#3005,.T.);
#11933=EDGE_CURVE('',#6240,#6252,#3032,.T.);
#11981=EDGE_CURVE('',#6327,#6328,#3084,.T.);
#11983=EDGE_CURVE('',#6330,#6327,#3065,.T.);
#11985=EDGE_CURVE('',#6332,#6330,#3269,.T.);
#11987=EDGE_CURVE('',#6334,#6332,#3070,.T.);
#11989=EDGE_CURVE('',#6336,#6334,#3226,.T.);
#11991=EDGE_CURVE('',#6338,#6336,#3075,.T.);
#11993=EDGE_CURVE('',#6340,#6338,#3149,.T.);
#11995=EDGE_CURVE('',#6328,#6340,#3080,.T.);
#12012=EDGE_CURVE('',#6343,#6344,#3092,.T.);
#12014=EDGE_CURVE('',#6327,#6343,#3277,.T.);
#12017=EDGE_CURVE('',#6344,#6328,#3141,.T.);
#12034=EDGE_CURVE('',#6347,#6348,#3088,.T.);
#12036=EDGE_CURVE('',#6343,#6348,#3292,.T.);
#12039=EDGE_CURVE('',#6347,#6344,#3127,.T.);
#12056=EDGE_CURVE('',#6379,#6380,#3111,.T.);
#12058=EDGE_CURVE('',#6382,#6379,#3097,.T.);
#12060=EDGE_CURVE('',#6384,#6382,#3300,.T.);
#12062=EDGE_CURVE('',#6348,#6384,#3102,.T.);
#12065=EDGE_CURVE('',#6380,#6347,#3107,.T.);
#12083=EDGE_CURVE('',#6390,#6380,#3137,.T.);
#12085=EDGE_CURVE('',#6390,#6387,#3115,.T.);
#12087=EDGE_CURVE('',#6387,#6379,#3122,.T.);
#12106=EDGE_CURVE('',#6344,#6390,#3132,.T.);
#12127=EDGE_CURVE('',#6340,#6390,#3145,.T.);
#12144=EDGE_CURVE('',#6387,#6388,#3153,.T.);
#12149=EDGE_CURVE('',#6388,#6338,#3230,.T.);
#12167=EDGE_CURVE('',#6351,#6388,#3169,.T.);
#12169=EDGE_CURVE('',#6351,#6352,#3157,.T.);
#12171=EDGE_CURVE('',#6352,#6387,#3164,.T.);
#12188=EDGE_CURVE('',#6354,#6351,#3184,.T.);
#12191=EDGE_CURVE('',#6388,#6492,#3174,.T.);
#12193=EDGE_CURVE('',#6492,#6354,#3179,.T.);
#12212=EDGE_CURVE('',#6356,#6354,#3218,.T.);
#12214=EDGE_CURVE('',#6358,#6356,#3189,.T.);
#12216=EDGE_CURVE('',#6360,#6358,#3261,.T.);
#12218=EDGE_CURVE('',#6362,#6360,#3194,.T.);
#12220=EDGE_CURVE('',#6362,#6364,#3497,.T.);
#12222=EDGE_CURVE('',#6366,#6364,#3199,.T.);
#12224=EDGE_CURVE('',#6366,#6368,#3445,.T.);
#12226=EDGE_CURVE('',#6370,#6368,#3204,.T.);
#12228=EDGE_CURVE('',#6370,#6372,#3449,.T.);
#12230=EDGE_CURVE('',#6374,#6372,#3209,.T.);
#12232=EDGE_CURVE('',#6374,#6376,#3326,.T.);
#12234=EDGE_CURVE('',#6352,#6376,#3214,.T.);
#12253=EDGE_CURVE('',#6492,#6490,#3222,.T.);
#12255=EDGE_CURVE('',#6356,#6490,#3247,.T.);
#12273=EDGE_CURVE('',#6336,#6492,#3234,.T.);
#12276=EDGE_CURVE('',#6490,#6334,#3238,.T.);
#12312=EDGE_CURVE('',#6490,#6488,#3252,.T.);
#12316=EDGE_CURVE('',#6332,#6488,#3242,.T.);
#12336=EDGE_CURVE('',#6488,#6358,#3257,.T.);
#12355=EDGE_CURVE('',#6488,#6395,#3265,.T.);
#12357=EDGE_CURVE('',#6360,#6395,#3315,.T.);
#12377=EDGE_CURVE('',#6494,#6330,#3273,.T.);
#12379=EDGE_CURVE('',#6395,#6494,#3296,.T.);
#12396=EDGE_CURVE('',#6494,#6343,#3287,.T.);
#12417=EDGE_CURVE('',#6384,#6494,#3282,.T.);
#12439=EDGE_CURVE('',#6395,#6382,#3322,.T.);
#12460=EDGE_CURVE('',#6376,#6392,#3304,.T.);
#12462=EDGE_CURVE('',#6394,#6392,#3526,.T.);
#12464=EDGE_CURVE('',#6394,#6362,#3308,.T.);
#12484=EDGE_CURVE('',#6392,#6397,#3342,.T.);
#12488=EDGE_CURVE('',#6399,#6374,#3415,.T.);
#12490=EDGE_CURVE('',#6401,#6399,#3392,.T.);
#12492=EDGE_CURVE('',#6397,#6401,#3379,.T.);
#12509=EDGE_CURVE('',#6404,#6405,#3330,.T.);
#12511=EDGE_CURVE('',#6405,#6392,#3338,.T.);
#12514=EDGE_CURVE('',#6397,#6404,#3350,.T.);
#12532=EDGE_CURVE('',#6407,#6404,#3355,.T.);
#12534=EDGE_CURVE('',#6407,#6409,#3538,.T.);
#12536=EDGE_CURVE('',#6411,#6409,#3360,.T.);
#12538=EDGE_CURVE('',#6413,#6411,#3513,.T.);
#12540=EDGE_CURVE('',#6405,#6413,#3365,.T.);
#12544=EDGE_CURVE('',#6416,#6417,#3370,.T.);
#12546=EDGE_CURVE('',#6417,#6416,#3375,.T.);
#12566=EDGE_CURVE('',#6439,#6401,#3388,.T.);
#12568=EDGE_CURVE('',#6439,#6407,#3383,.T.);
#12586=EDGE_CURVE('',#6441,#6401,#3401,.T.);
#12588=EDGE_CURVE('',#6441,#6443,#3566,.T.);
#12590=EDGE_CURVE('',#6439,#6443,#3547,.T.);
#12608=EDGE_CURVE('',#6445,#6399,#3406,.T.);
#12610=EDGE_CURVE('',#6445,#6441,#3396,.T.);
#12628=EDGE_CURVE('',#6447,#6399,#3411,.T.);
#12630=EDGE_CURVE('',#6449,#6447,#3604,.T.);
#12632=EDGE_CURVE('',#6449,#6445,#3571,.T.);
#12653=EDGE_CURVE('',#6372,#6447,#3419,.T.);
#12670=EDGE_CURVE('',#6451,#6370,#3453,.T.);
#12672=EDGE_CURVE('',#6421,#6451,#3428,.T.);
#12674=EDGE_CURVE('',#6420,#6421,#3432,.T.);
#12676=EDGE_CURVE('',#6452,#6420,#3441,.T.);
#12678=EDGE_CURVE('',#6368,#6452,#3457,.T.);
#12681=EDGE_CURVE('',#6454,#6366,#3471,.T.);
#12683=EDGE_CURVE('',#6447,#6454,#3590,.T.);
#12702=EDGE_CURVE('',#6451,#6452,#3462,.T.);
#12722=EDGE_CURVE('',#6420,#6421,#3467,.T.);
#12759=EDGE_CURVE('',#6454,#6456,#3480,.T.);
#12763=EDGE_CURVE('',#6364,#6456,#3475,.T.);
#12781=EDGE_CURVE('',#6458,#6456,#3493,.T.);
#12783=EDGE_CURVE('',#6458,#6460,#3556,.T.);
#12785=EDGE_CURVE('',#6454,#6460,#3595,.T.);
#12802=EDGE_CURVE('',#6456,#6462,#3484,.T.);
#12804=EDGE_CURVE('',#6464,#6462,#3586,.T.);
#12806=EDGE_CURVE('',#6464,#6458,#3488,.T.);
#12824=EDGE_CURVE('',#6466,#6394,#3501,.T.);
#12826=EDGE_CURVE('',#6462,#6466,#3530,.T.);
#12848=EDGE_CURVE('',#6394,#6413,#3509,.T.);
#12851=EDGE_CURVE('',#6411,#6466,#3521,.T.);
#12890=EDGE_CURVE('',#6409,#6468,#3534,.T.);
#12892=EDGE_CURVE('',#6462,#6468,#3576,.T.);
#12909=EDGE_CURVE('',#6468,#6439,#3542,.T.);
#12931=EDGE_CURVE('',#6443,#6470,#3551,.T.);
#12933=EDGE_CURVE('',#6468,#6470,#3581,.T.);
#12952=EDGE_CURVE('',#6470,#6464,#3561,.T.);
#12958=EDGE_CURVE('',#6460,#6449,#3599,.T.);
#12962=EDGE_CURVE('',#6473,#6474,#3608,.T.);
#12964=EDGE_CURVE('',#6476,#6473,#3640,.T.);
#12966=EDGE_CURVE('',#6478,#6476,#3624,.T.);
#12968=EDGE_CURVE('',#6474,#6478,#3612,.T.);
#13024=EDGE_CURVE('',#6482,#6474,#3616,.T.);
#13026=EDGE_CURVE('',#6482,#6480,#3628,.T.);
#13028=EDGE_CURVE('',#6473,#6480,#3644,.T.);
#13046=EDGE_CURVE('',#6484,#6478,#3620,.T.);
#13048=EDGE_CURVE('',#6484,#6482,#3632,.T.);
#13066=EDGE_CURVE('',#6486,#6484,#3636,.T.);
#13070=EDGE_CURVE('',#6486,#6476,#3652,.T.);
#13090=EDGE_CURVE('',#6480,#6486,#3648,.T.);
#13126=EDGE_CURVE('',#6424,#6425,#3657,.T.);
#13128=EDGE_CURVE('',#6416,#6424,#3700,.T.);
#13131=EDGE_CURVE('',#6425,#6417,#3696,.T.);
#13148=EDGE_CURVE('',#6428,#6429,#3662,.T.);
#13150=EDGE_CURVE('',#6424,#6429,#3692,.T.);
#13153=EDGE_CURVE('',#6428,#6425,#3682,.T.);
#13171=EDGE_CURVE('',#6429,#6428,#3667,.T.);
#13175=EDGE_CURVE('',#6432,#6433,#3672,.T.);
#13177=EDGE_CURVE('',#6433,#6432,#3677,.T.);
#13196=EDGE_CURVE('',#6425,#6424,#3687,.T.);
#13234=EDGE_CURVE('',#6435,#6433,#3708,.T.);
#13236=EDGE_CURVE('',#6435,#6437,#3713,.T.);
#13238=EDGE_CURVE('',#6432,#6437,#3704,.T.);
#13257=EDGE_CURVE('',#6437,#6435,#3718,.T.);
#13279=EDGE_CURVE('',#6602,#6603,#3723,.T.);
#13281=EDGE_CURVE('',#6697,#6603,#4325,.T.);
#13283=EDGE_CURVE('',#6606,#6697,#4317,.T.);
#13285=EDGE_CURVE('',#6606,#6607,#4305,.T.);
#13287=EDGE_CURVE('',#6707,#6607,#4300,.T.);
#13289=EDGE_CURVE('',#6610,#6707,#4292,.T.);
#13291=EDGE_CURVE('',#6610,#6611,#4280,.T.);
#13293=EDGE_CURVE('',#6709,#6611,#4275,.T.);
#13295=EDGE_CURVE('',#6614,#6709,#4267,.T.);
#13297=EDGE_CURVE('',#6614,#6615,#4255,.T.);
#13299=EDGE_CURVE('',#6711,#6615,#4250,.T.);
#13301=EDGE_CURVE('',#6618,#6711,#4242,.T.);
#13303=EDGE_CURVE('',#6618,#6619,#4230,.T.);
#13305=EDGE_CURVE('',#6713,#6619,#4225,.T.);
#13307=EDGE_CURVE('',#6622,#6713,#4217,.T.);
#13309=EDGE_CURVE('',#6622,#6623,#4205,.T.);
#13311=EDGE_CURVE('',#6715,#6623,#4200,.T.);
#13313=EDGE_CURVE('',#6626,#6715,#4192,.T.);
#13315=EDGE_CURVE('',#6626,#6627,#4180,.T.);
#13317=EDGE_CURVE('',#6717,#6627,#4175,.T.);
#13319=EDGE_CURVE('',#6630,#6717,#4167,.T.);
#13321=EDGE_CURVE('',#6630,#6631,#4155,.T.);
#13323=EDGE_CURVE('',#6719,#6631,#4150,.T.);
#13325=EDGE_CURVE('',#6634,#6719,#4142,.T.);
#13327=EDGE_CURVE('',#6634,#6635,#4130,.T.);
#13329=EDGE_CURVE('',#6721,#6635,#4125,.T.);
#13331=EDGE_CURVE('',#6638,#6721,#4117,.T.);
#13333=EDGE_CURVE('',#6638,#6639,#4105,.T.);
#13335=EDGE_CURVE('',#6723,#6639,#4100,.T.);
#13337=EDGE_CURVE('',#6642,#6723,#4092,.T.);
#13339=EDGE_CURVE('',#6642,#6643,#4080,.T.);
#13341=EDGE_CURVE('',#6725,#6643,#4075,.T.);
#13343=EDGE_CURVE('',#6646,#6725,#4067,.T.);
#13345=EDGE_CURVE('',#6646,#6647,#4055,.T.);
#13347=EDGE_CURVE('',#6727,#6647,#4050,.T.);
#13349=EDGE_CURVE('',#6650,#6727,#4042,.T.);
#13351=EDGE_CURVE('',#6650,#6651,#4030,.T.);
#13353=EDGE_CURVE('',#6729,#6651,#4025,.T.);
#13355=EDGE_CURVE('',#6654,#6729,#4017,.T.);
#13357=EDGE_CURVE('',#6654,#6655,#4005,.T.);
#13359=EDGE_CURVE('',#6731,#6655,#4000,.T.);
#13361=EDGE_CURVE('',#6658,#6731,#3992,.T.);
#13363=EDGE_CURVE('',#6658,#6659,#3980,.T.);
#13365=EDGE_CURVE('',#6733,#6659,#3975,.T.);
#13367=EDGE_CURVE('',#6662,#6733,#3967,.T.);
#13369=EDGE_CURVE('',#6662,#6663,#3955,.T.);
#13371=EDGE_CURVE('',#6735,#6663,#3950,.T.);
#13373=EDGE_CURVE('',#6666,#6735,#3942,.T.);
#13375=EDGE_CURVE('',#6666,#6667,#3930,.T.);
#13377=EDGE_CURVE('',#6737,#6667,#3925,.T.);
#13379=EDGE_CURVE('',#6670,#6737,#3917,.T.);
#13381=EDGE_CURVE('',#6670,#6671,#3905,.T.);
#13383=EDGE_CURVE('',#6739,#6671,#3900,.T.);
#13385=EDGE_CURVE('',#6674,#6739,#3892,.T.);
#13387=EDGE_CURVE('',#6674,#6675,#3880,.T.);
#13389=EDGE_CURVE('',#6741,#6675,#3875,.T.);
#13391=EDGE_CURVE('',#6678,#6741,#3867,.T.);
#13393=EDGE_CURVE('',#6678,#6679,#3855,.T.);
#13395=EDGE_CURVE('',#6743,#6679,#3850,.T.);
#13397=EDGE_CURVE('',#6682,#6743,#3842,.T.);
#13399=EDGE_CURVE('',#6682,#6683,#3830,.T.);
#13401=EDGE_CURVE('',#6745,#6683,#3825,.T.);
#13403=EDGE_CURVE('',#6686,#6745,#3817,.T.);
#13405=EDGE_CURVE('',#6686,#6687,#3805,.T.);
#13407=EDGE_CURVE('',#6747,#6687,#3800,.T.);
#13409=EDGE_CURVE('',#6694,#6747,#3792,.T.);
#13411=EDGE_CURVE('',#6694,#6695,#3780,.T.);
#13413=EDGE_CURVE('',#6703,#6695,#3771,.T.);
#13415=EDGE_CURVE('',#6690,#6703,#3760,.T.);
#13417=EDGE_CURVE('',#6690,#6691,#3748,.T.);
#13419=EDGE_CURVE('',#6705,#6691,#3739,.T.);
#13421=EDGE_CURVE('',#6602,#6705,#3735,.T.);
#13438=EDGE_CURVE('',#6700,#6701,#5101,.T.);
#13440=EDGE_CURVE('',#6701,#6700,#5111,.T.);
#13458=EDGE_CURVE('',#6602,#5882,#3727,.T.);
#13460=EDGE_CURVE('',#5881,#5882,#4337,.T.);
#13462=EDGE_CURVE('',#5881,#6603,#3731,.T.);
#13473=EDGE_CURVE('',#5986,#6705,#3743,.T.);
#13475=EDGE_CURVE('',#5988,#5986,#4647,.T.);
#13477=EDGE_CURVE('',#5882,#5988,#4344,.T.);
#13489=EDGE_CURVE('',#5969,#6691,#3756,.T.);
#13491=EDGE_CURVE('',#5984,#5969,#5091,.T.);
#13493=EDGE_CURVE('',#5986,#5984,#4651,.T.);
#13505=EDGE_CURVE('',#6690,#5970,#3752,.T.);
#13507=EDGE_CURVE('',#5969,#5970,#5096,.T.);
#13519=EDGE_CURVE('',#5982,#6703,#3775,.T.);
#13521=EDGE_CURVE('',#5981,#5982,#4348,.T.);
#13523=EDGE_CURVE('',#5981,#5970,#3767,.T.);
#13535=EDGE_CURVE('',#5973,#6695,#3788,.T.);
#13537=EDGE_CURVE('',#6118,#5973,#4673,.T.);
#13539=EDGE_CURVE('',#5982,#6118,#4352,.T.);
#13551=EDGE_CURVE('',#6694,#5974,#3784,.T.);
#13553=EDGE_CURVE('',#5973,#5974,#4678,.T.);
#13565=EDGE_CURVE('',#6747,#6114,#3796,.T.);
#13567=EDGE_CURVE('',#6116,#6114,#4361,.T.);
#13569=EDGE_CURVE('',#5974,#6116,#4685,.T.);
#13581=EDGE_CURVE('',#5965,#6687,#3813,.T.);
#13583=EDGE_CURVE('',#6112,#5965,#4692,.T.);
#13585=EDGE_CURVE('',#6114,#6112,#4365,.T.);
#13597=EDGE_CURVE('',#6686,#5966,#3809,.T.);
#13599=EDGE_CURVE('',#5965,#5966,#4697,.T.);
#13611=EDGE_CURVE('',#6745,#6108,#3821,.T.);
#13613=EDGE_CURVE('',#6110,#6108,#4374,.T.);
#13615=EDGE_CURVE('',#5966,#6110,#4704,.T.);
#13627=EDGE_CURVE('',#5961,#6683,#3838,.T.);
#13629=EDGE_CURVE('',#6106,#5961,#4711,.T.);
#13631=EDGE_CURVE('',#6108,#6106,#4378,.T.);
#13643=EDGE_CURVE('',#6682,#5962,#3834,.T.);
#13645=EDGE_CURVE('',#5961,#5962,#4716,.T.);
#13657=EDGE_CURVE('',#6743,#6102,#3846,.T.);
#13659=EDGE_CURVE('',#6104,#6102,#4387,.T.);
#13661=EDGE_CURVE('',#5962,#6104,#4723,.T.);
#13673=EDGE_CURVE('',#5957,#6679,#3863,.T.);
#13675=EDGE_CURVE('',#6100,#5957,#4730,.T.);
#13677=EDGE_CURVE('',#6102,#6100,#4391,.T.);
#13689=EDGE_CURVE('',#6678,#5958,#3859,.T.);
#13691=EDGE_CURVE('',#5957,#5958,#4735,.T.);
#13703=EDGE_CURVE('',#6741,#6096,#3871,.T.);
#13705=EDGE_CURVE('',#6098,#6096,#4400,.T.);
#13707=EDGE_CURVE('',#5958,#6098,#4742,.T.);
#13719=EDGE_CURVE('',#5953,#6675,#3888,.T.);
#13721=EDGE_CURVE('',#6094,#5953,#4749,.T.);
#13723=EDGE_CURVE('',#6096,#6094,#4404,.T.);
#13735=EDGE_CURVE('',#6674,#5954,#3884,.T.);
#13737=EDGE_CURVE('',#5953,#5954,#4754,.T.);
#13749=EDGE_CURVE('',#6739,#6090,#3896,.T.);
#13751=EDGE_CURVE('',#6092,#6090,#4413,.T.);
#13753=EDGE_CURVE('',#5954,#6092,#4761,.T.);
#13765=EDGE_CURVE('',#5949,#6671,#3913,.T.);
#13767=EDGE_CURVE('',#6088,#5949,#4768,.T.);
#13769=EDGE_CURVE('',#6090,#6088,#4417,.T.);
#13781=EDGE_CURVE('',#6670,#5950,#3909,.T.);
#13783=EDGE_CURVE('',#5949,#5950,#4773,.T.);
#13795=EDGE_CURVE('',#6737,#6084,#3921,.T.);
#13797=EDGE_CURVE('',#6086,#6084,#4426,.T.);
#13799=EDGE_CURVE('',#5950,#6086,#4780,.T.);
#13811=EDGE_CURVE('',#5945,#6667,#3938,.T.);
#13813=EDGE_CURVE('',#6082,#5945,#4787,.T.);
#13815=EDGE_CURVE('',#6084,#6082,#4430,.T.);
#13827=EDGE_CURVE('',#6666,#5946,#3934,.T.);
#13829=EDGE_CURVE('',#5945,#5946,#4792,.T.);
#13841=EDGE_CURVE('',#6735,#6078,#3946,.T.);
#13843=EDGE_CURVE('',#6080,#6078,#4439,.T.);
#13845=EDGE_CURVE('',#5946,#6080,#4799,.T.);
#13857=EDGE_CURVE('',#5941,#6663,#3963,.T.);
#13859=EDGE_CURVE('',#6076,#5941,#4806,.T.);
#13861=EDGE_CURVE('',#6078,#6076,#4443,.T.);
#13873=EDGE_CURVE('',#6662,#5942,#3959,.T.);
#13875=EDGE_CURVE('',#5941,#5942,#4811,.T.);
#13887=EDGE_CURVE('',#6733,#6072,#3971,.T.);
#13889=EDGE_CURVE('',#6074,#6072,#4452,.T.);
#13891=EDGE_CURVE('',#5942,#6074,#4818,.T.);
#13903=EDGE_CURVE('',#5937,#6659,#3988,.T.);
#13905=EDGE_CURVE('',#6070,#5937,#4825,.T.);
#13907=EDGE_CURVE('',#6072,#6070,#4456,.T.);
#13919=EDGE_CURVE('',#6658,#5938,#3984,.T.);
#13921=EDGE_CURVE('',#5937,#5938,#4830,.T.);
#13933=EDGE_CURVE('',#6731,#6066,#3996,.T.);
#13935=EDGE_CURVE('',#6068,#6066,#4465,.T.);
#13937=EDGE_CURVE('',#5938,#6068,#4837,.T.);
#13949=EDGE_CURVE('',#5933,#6655,#4013,.T.);
#13951=EDGE_CURVE('',#6064,#5933,#4844,.T.);
#13953=EDGE_CURVE('',#6066,#6064,#4469,.T.);
#13965=EDGE_CURVE('',#6654,#5934,#4009,.T.);
#13967=EDGE_CURVE('',#5933,#5934,#4849,.T.);
#13979=EDGE_CURVE('',#6729,#6060,#4021,.T.);
#13981=EDGE_CURVE('',#6062,#6060,#4478,.T.);
#13983=EDGE_CURVE('',#5934,#6062,#4856,.T.);
#13995=EDGE_CURVE('',#5929,#6651,#4038,.T.);
#13997=EDGE_CURVE('',#6058,#5929,#4863,.T.);
#13999=EDGE_CURVE('',#6060,#6058,#4482,.T.);
#14011=EDGE_CURVE('',#6650,#5930,#4034,.T.);
#14013=EDGE_CURVE('',#5929,#5930,#4868,.T.);
#14025=EDGE_CURVE('',#6727,#6054,#4046,.T.);
#14027=EDGE_CURVE('',#6056,#6054,#4491,.T.);
#14029=EDGE_CURVE('',#5930,#6056,#4875,.T.);
#14041=EDGE_CURVE('',#5925,#6647,#4063,.T.);
#14043=EDGE_CURVE('',#6052,#5925,#4882,.T.);
#14045=EDGE_CURVE('',#6054,#6052,#4495,.T.);
#14057=EDGE_CURVE('',#6646,#5926,#4059,.T.);
#14059=EDGE_CURVE('',#5925,#5926,#4887,.T.);
#14071=EDGE_CURVE('',#6725,#6048,#4071,.T.);
#14073=EDGE_CURVE('',#6050,#6048,#4504,.T.);
#14075=EDGE_CURVE('',#5926,#6050,#4894,.T.);
#14087=EDGE_CURVE('',#5921,#6643,#4088,.T.);
#14089=EDGE_CURVE('',#6046,#5921,#4901,.T.);
#14091=EDGE_CURVE('',#6048,#6046,#4508,.T.);
#14103=EDGE_CURVE('',#6642,#5922,#4084,.T.);
#14105=EDGE_CURVE('',#5921,#5922,#4906,.T.);
#14117=EDGE_CURVE('',#6723,#6042,#4096,.T.);
#14119=EDGE_CURVE('',#6044,#6042,#4517,.T.);
#14121=EDGE_CURVE('',#5922,#6044,#4913,.T.);
#14133=EDGE_CURVE('',#5917,#6639,#4113,.T.);
#14135=EDGE_CURVE('',#6040,#5917,#4920,.T.);
#14137=EDGE_CURVE('',#6042,#6040,#4521,.T.);
#14149=EDGE_CURVE('',#6638,#5918,#4109,.T.);
#14151=EDGE_CURVE('',#5917,#5918,#4925,.T.);
#14163=EDGE_CURVE('',#6721,#6036,#4121,.T.);
#14165=EDGE_CURVE('',#6038,#6036,#4530,.T.);
#14167=EDGE_CURVE('',#5918,#6038,#4932,.T.);
#14179=EDGE_CURVE('',#5913,#6635,#4138,.T.);
#14181=EDGE_CURVE('',#6034,#5913,#4939,.T.);
#14183=EDGE_CURVE('',#6036,#6034,#4534,.T.);
#14195=EDGE_CURVE('',#6634,#5914,#4134,.T.);
#14197=EDGE_CURVE('',#5913,#5914,#4944,.T.);
#14209=EDGE_CURVE('',#6719,#6030,#4146,.T.);
#14211=EDGE_CURVE('',#6032,#6030,#4543,.T.);
#14213=EDGE_CURVE('',#5914,#6032,#4951,.T.);
#14225=EDGE_CURVE('',#5909,#6631,#4163,.T.);
#14227=EDGE_CURVE('',#6028,#5909,#4958,.T.);
#14229=EDGE_CURVE('',#6030,#6028,#4547,.T.);
#14241=EDGE_CURVE('',#6630,#5910,#4159,.T.);
#14243=EDGE_CURVE('',#5909,#5910,#4963,.T.);
#14255=EDGE_CURVE('',#6717,#6024,#4171,.T.);
#14257=EDGE_CURVE('',#6026,#6024,#4556,.T.);
#14259=EDGE_CURVE('',#5910,#6026,#4970,.T.);
#14271=EDGE_CURVE('',#5905,#6627,#4188,.T.);
#14273=EDGE_CURVE('',#6022,#5905,#4977,.T.);
#14275=EDGE_CURVE('',#6024,#6022,#4560,.T.);
#14287=EDGE_CURVE('',#6626,#5906,#4184,.T.);
#14289=EDGE_CURVE('',#5905,#5906,#4982,.T.);
#14301=EDGE_CURVE('',#6715,#6018,#4196,.T.);
#14303=EDGE_CURVE('',#6020,#6018,#4569,.T.);
#14305=EDGE_CURVE('',#5906,#6020,#4989,.T.);
#14317=EDGE_CURVE('',#5901,#6623,#4213,.T.);
#14319=EDGE_CURVE('',#6016,#5901,#4996,.T.);
#14321=EDGE_CURVE('',#6018,#6016,#4573,.T.);
#14333=EDGE_CURVE('',#6622,#5902,#4209,.T.);
#14335=EDGE_CURVE('',#5901,#5902,#5001,.T.);
#14347=EDGE_CURVE('',#6713,#6012,#4221,.T.);
#14349=EDGE_CURVE('',#6014,#6012,#4582,.T.);
#14351=EDGE_CURVE('',#5902,#6014,#5008,.T.);
#14363=EDGE_CURVE('',#5897,#6619,#4238,.T.);
#14365=EDGE_CURVE('',#6010,#5897,#5015,.T.);
#14367=EDGE_CURVE('',#6012,#6010,#4586,.T.);
#14379=EDGE_CURVE('',#6618,#5898,#4234,.T.);
#14381=EDGE_CURVE('',#5897,#5898,#5020,.T.);
#14393=EDGE_CURVE('',#6711,#6006,#4246,.T.);
#14395=EDGE_CURVE('',#6008,#6006,#4595,.T.);
#14397=EDGE_CURVE('',#5898,#6008,#5027,.T.);
#14409=EDGE_CURVE('',#5893,#6615,#4263,.T.);
#14411=EDGE_CURVE('',#6004,#5893,#5034,.T.);
#14413=EDGE_CURVE('',#6006,#6004,#4599,.T.);
#14425=EDGE_CURVE('',#6614,#5894,#4259,.T.);
#14427=EDGE_CURVE('',#5893,#5894,#5039,.T.);
#14439=EDGE_CURVE('',#6709,#6000,#4271,.T.);
#14441=EDGE_CURVE('',#6002,#6000,#4608,.T.);
#14443=EDGE_CURVE('',#5894,#6002,#5046,.T.);
#14455=EDGE_CURVE('',#5889,#6611,#4288,.T.);
#14457=EDGE_CURVE('',#5998,#5889,#5053,.T.);
#14459=EDGE_CURVE('',#6000,#5998,#4612,.T.);
#14471=EDGE_CURVE('',#6610,#5890,#4284,.T.);
#14473=EDGE_CURVE('',#5889,#5890,#5058,.T.);
#14485=EDGE_CURVE('',#6707,#5994,#4296,.T.);
#14487=EDGE_CURVE('',#5996,#5994,#4621,.T.);
#14489=EDGE_CURVE('',#5890,#5996,#5065,.T.);
#14501=EDGE_CURVE('',#5885,#6607,#4313,.T.);
#14503=EDGE_CURVE('',#5992,#5885,#5072,.T.);
#14505=EDGE_CURVE('',#5994,#5992,#4625,.T.);
#14517=EDGE_CURVE('',#6606,#5886,#4309,.T.);
#14519=EDGE_CURVE('',#5885,#5886,#5077,.T.);
#14531=EDGE_CURVE('',#6697,#5977,#4321,.T.);
#14533=EDGE_CURVE('',#5990,#5977,#4634,.T.);
#14535=EDGE_CURVE('',#5886,#5990,#5084,.T.);
#14548=EDGE_CURVE('',#5881,#5978,#4332,.T.);
#14550=EDGE_CURVE('',#5977,#5978,#4638,.T.);
#14564=EDGE_CURVE('',#5978,#5988,#4643,.T.);
#14576=EDGE_CURVE('',#6118,#6116,#4357,.T.);
#14580=EDGE_CURVE('',#6112,#6110,#4370,.T.);
#14584=EDGE_CURVE('',#6106,#6104,#4383,.T.);
#14588=EDGE_CURVE('',#6100,#6098,#4396,.T.);
#14592=EDGE_CURVE('',#6094,#6092,#4409,.T.);
#14596=EDGE_CURVE('',#6088,#6086,#4422,.T.);
#14600=EDGE_CURVE('',#6082,#6080,#4435,.T.);
#14604=EDGE_CURVE('',#6076,#6074,#4448,.T.);
#14608=EDGE_CURVE('',#6070,#6068,#4461,.T.);
#14612=EDGE_CURVE('',#6064,#6062,#4474,.T.);
#14616=EDGE_CURVE('',#6058,#6056,#4487,.T.);
#14620=EDGE_CURVE('',#6052,#6050,#4500,.T.);
#14624=EDGE_CURVE('',#6046,#6044,#4513,.T.);
#14628=EDGE_CURVE('',#6040,#6038,#4526,.T.);
#14632=EDGE_CURVE('',#6034,#6032,#4539,.T.);
#14636=EDGE_CURVE('',#6028,#6026,#4552,.T.);
#14640=EDGE_CURVE('',#6022,#6020,#4565,.T.);
#14644=EDGE_CURVE('',#6016,#6014,#4578,.T.);
#14648=EDGE_CURVE('',#6010,#6008,#4591,.T.);
#14652=EDGE_CURVE('',#6004,#6002,#4604,.T.);
#14656=EDGE_CURVE('',#5998,#5996,#4617,.T.);
#14660=EDGE_CURVE('',#5992,#5990,#4630,.T.);
#14667=EDGE_CURVE('',#5984,#5981,#4656,.T.);
#14671=EDGE_CURVE('',#6121,#6122,#4661,.T.);
#14673=EDGE_CURVE('',#6122,#6121,#4666,.T.);
#14959=EDGE_CURVE('',#6125,#6126,#5106,.T.);
#14961=EDGE_CURVE('',#6126,#6122,#5132,.T.);
#14964=EDGE_CURVE('',#6121,#6125,#5128,.T.);
#14975=EDGE_CURVE('',#6700,#6126,#5119,.T.);
#14978=EDGE_CURVE('',#6125,#6701,#5115,.T.);
#14990=EDGE_CURVE('',#6125,#6126,#5124,.T.);
#15033=EDGE_CURVE('',#5489,#6779,#5148,.T.);
#15035=EDGE_CURVE('',#5488,#5489,#5240,.T.);
#15037=EDGE_CURVE('',#6778,#5488,#5144,.T.);
#15049=EDGE_CURVE('',#5489,#5488,#5202,.T.);
#15084=EDGE_CURVE('',#5490,#5491,#5155,.T.);
#15086=EDGE_CURVE('',#5491,#5492,#5162,.T.);
#15088=EDGE_CURVE('',#5494,#5492,#5353,.T.);
#15090=EDGE_CURVE('',#5494,#5495,#5169,.T.);
#15092=EDGE_CURVE('',#5495,#5496,#5176,.T.);
#15094=EDGE_CURVE('',#5496,#5497,#5183,.T.);
#15096=EDGE_CURVE('',#5499,#5497,#5316,.T.);
#15098=EDGE_CURVE('',#5499,#5500,#5190,.T.);
#15100=EDGE_CURVE('',#5500,#5501,#5197,.T.);
#15102=EDGE_CURVE('',#5489,#5501,#5245,.T.);
#15105=EDGE_CURVE('',#5490,#5488,#5235,.T.);
#15116=EDGE_CURVE('',#5490,#5507,#5209,.T.);
#15118=EDGE_CURVE('',#5505,#5507,#5401,.T.);
#15120=EDGE_CURVE('',#5505,#5503,#5381,.T.);
#15122=EDGE_CURVE('',#5491,#5503,#5357,.T.);
#15156=EDGE_CURVE('',#5508,#5509,#5216,.T.);
#15158=EDGE_CURVE('',#5509,#5510,#5223,.T.);
#15160=EDGE_CURVE('',#5512,#5510,#5406,.T.);
#15162=EDGE_CURVE('',#5512,#5507,#5230,.T.);
#15168=EDGE_CURVE('',#5501,#5513,#5252,.T.);
#15170=EDGE_CURVE('',#5513,#5514,#5259,.T.);
#15172=EDGE_CURVE('',#5516,#5514,#5279,.T.);
#15174=EDGE_CURVE('',#5516,#5508,#5266,.T.);
#15185=EDGE_CURVE('',#5520,#5508,#5270,.T.);
#15187=EDGE_CURVE('',#5520,#5518,#5373,.T.);
#15189=EDGE_CURVE('',#5509,#5518,#5414,.T.);
#15199=EDGE_CURVE('',#5522,#5516,#5274,.T.);
#15201=EDGE_CURVE('',#5524,#5522,#5291,.T.);
#15203=EDGE_CURVE('',#5524,#5520,#5377,.T.);
#15215=EDGE_CURVE('',#5522,#5514,#5283,.T.);
#15229=EDGE_CURVE('',#5534,#5513,#5299,.T.);
#15231=EDGE_CURVE('',#5534,#5524,#5287,.T.);
#15243=EDGE_CURVE('',#5536,#5500,#5311,.T.);
#15245=EDGE_CURVE('',#5536,#5534,#5295,.T.);
#15258=EDGE_CURVE('',#5499,#5530,#5303,.T.);
#15260=EDGE_CURVE('',#5538,#5530,#5324,.T.);
#15262=EDGE_CURVE('',#5538,#5536,#5307,.T.);
#15273=EDGE_CURVE('',#5530,#5497,#5328,.T.);
#15286=EDGE_CURVE('',#5540,#5496,#5336,.T.);
#15288=EDGE_CURVE('',#5540,#5538,#5320,.T.);
#15301=EDGE_CURVE('',#5542,#5495,#5348,.T.);
#15303=EDGE_CURVE('',#5542,#5540,#5332,.T.);
#15315=EDGE_CURVE('',#5494,#5528,#5340,.T.);
#15317=EDGE_CURVE('',#5544,#5528,#5365,.T.);
#15319=EDGE_CURVE('',#5544,#5542,#5344,.T.);
#15330=EDGE_CURVE('',#5528,#5492,#5369,.T.);
#15344=EDGE_CURVE('',#5503,#5544,#5361,.T.);
#15366=EDGE_CURVE('',#5532,#5505,#5397,.T.);
#15368=EDGE_CURVE('',#5518,#5532,#5385,.T.);
#15378=EDGE_CURVE('',#5512,#5526,#5389,.T.);
#15380=EDGE_CURVE('',#5526,#5532,#5393,.T.);
#15393=EDGE_CURVE('',#5526,#5510,#5410,.T.);
#15440=EDGE_CURVE('',#6754,#5702,#5422,.T.);
#15460=EDGE_CURVE('',#5704,#6757,#5426,.T.);
#15496=CIRCLE('',#15495,1.049991398970E0);
#15501=CIRCLE('',#15500,1.049991398970E0);
#15506=CIRCLE('',#15505,7.999999999977E-1);
#15511=CIRCLE('',#15510,7.999999999977E-1);
#15516=CIRCLE('',#15515,7.999999999977E-1);
#15521=CIRCLE('',#15520,7.999999999977E-1);
#15534=CIRCLE('',#15533,1.049991398970E0);
#15547=CIRCLE('',#15546,1.049991398970E0);
#15581=EDGE_CURVE('',#15566,#15567,#15501,.T.);
#15583=EDGE_CURVE('',#15567,#15566,#15547,.T.);
#15600=EDGE_CURVE('',#15574,#15575,#15496,.T.);
#15602=EDGE_CURVE('',#15569,#15575,#15555,.T.);
#15604=EDGE_CURVE('',#15567,#15569,#15551,.T.);
#15607=EDGE_CURVE('',#15571,#15566,#15542,.T.);
#15609=EDGE_CURVE('',#15574,#15571,#15538,.T.);
#15627=EDGE_CURVE('',#15575,#15574,#15534,.T.);
#15631=EDGE_CURVE('',#15561,#15563,#15506,.T.);
#15633=EDGE_CURVE('',#15563,#15561,#15511,.T.);
#15643=EDGE_CURVE('',#15558,#15559,#15516,.T.);
#15645=EDGE_CURVE('',#15558,#15563,#15529,.T.);
#15648=EDGE_CURVE('',#15561,#15559,#15525,.T.);
#15659=EDGE_CURVE('',#15559,#15558,#15521,.T.);
#15702=CIRCLE('',#15701,1.049991398970E0);
#15707=CIRCLE('',#15706,1.049991398970E0);
#15712=CIRCLE('',#15711,7.999999999977E-1);
#15717=CIRCLE('',#15716,7.999999999977E-1);
#15722=CIRCLE('',#15721,7.999999999977E-1);
#15727=CIRCLE('',#15726,7.999999999977E-1);
#15740=CIRCLE('',#15739,1.049991398970E0);
#15753=CIRCLE('',#15752,1.049991398970E0);
#15787=EDGE_CURVE('',#15772,#15773,#15707,.T.);
#15789=EDGE_CURVE('',#15773,#15772,#15753,.T.);
#15806=EDGE_CURVE('',#15780,#15781,#15702,.T.);
#15808=EDGE_CURVE('',#15775,#15781,#15761,.T.);
#15810=EDGE_CURVE('',#15773,#15775,#15757,.T.);
#15813=EDGE_CURVE('',#15777,#15772,#15748,.T.);
#15815=EDGE_CURVE('',#15780,#15777,#15744,.T.);
#15833=EDGE_CURVE('',#15781,#15780,#15740,.T.);
#15837=EDGE_CURVE('',#15767,#15769,#15712,.T.);
#15839=EDGE_CURVE('',#15769,#15767,#15717,.T.);
#15849=EDGE_CURVE('',#15764,#15765,#15722,.T.);
#15851=EDGE_CURVE('',#15764,#15769,#15735,.T.);
#15854=EDGE_CURVE('',#15767,#15765,#15731,.T.);
#15865=EDGE_CURVE('',#15765,#15764,#15727,.T.);
#15908=CIRCLE('',#15907,1.049991398970E0);
#15913=CIRCLE('',#15912,1.049991398970E0);
#15918=CIRCLE('',#15917,7.999999999977E-1);
#15923=CIRCLE('',#15922,7.999999999977E-1);
#15928=CIRCLE('',#15927,7.999999999977E-1);
#15933=CIRCLE('',#15932,7.999999999977E-1);
#15946=CIRCLE('',#15945,1.049991398970E0);
#15959=CIRCLE('',#15958,1.049991398970E0);
#15993=EDGE_CURVE('',#15978,#15979,#15913,.T.);
#15995=EDGE_CURVE('',#15979,#15978,#15959,.T.);
#16012=EDGE_CURVE('',#15986,#15987,#15908,.T.);
#16014=EDGE_CURVE('',#15981,#15987,#15967,.T.);
#16016=EDGE_CURVE('',#15979,#15981,#15963,.T.);
#16019=EDGE_CURVE('',#15983,#15978,#15954,.T.);
#16021=EDGE_CURVE('',#15986,#15983,#15950,.T.);
#16039=EDGE_CURVE('',#15987,#15986,#15946,.T.);
#16043=EDGE_CURVE('',#15973,#15975,#15918,.T.);
#16045=EDGE_CURVE('',#15975,#15973,#15923,.T.);
#16055=EDGE_CURVE('',#15970,#15971,#15928,.T.);
#16057=EDGE_CURVE('',#15970,#15975,#15941,.T.);
#16060=EDGE_CURVE('',#15973,#15971,#15937,.T.);
#16071=EDGE_CURVE('',#15971,#15970,#15933,.T.);
#16114=CIRCLE('',#16113,7.999999999977E-1);
#16119=CIRCLE('',#16118,7.999999999977E-1);
#16124=CIRCLE('',#16123,7.999999999977E-1);
#16129=CIRCLE('',#16128,7.999999999977E-1);
#16142=CIRCLE('',#16141,1.049991398970E0);
#16147=CIRCLE('',#16146,1.049991398970E0);
#16152=CIRCLE('',#16151,1.049991398970E0);
#16165=CIRCLE('',#16164,1.049991398970E0);
#16199=EDGE_CURVE('',#16192,#16193,#16142,.T.);
#16201=EDGE_CURVE('',#16193,#16192,#16152,.T.);
#16205=EDGE_CURVE('',#16179,#16181,#16114,.T.);
#16207=EDGE_CURVE('',#16181,#16179,#16119,.T.);
#16217=EDGE_CURVE('',#16176,#16177,#16124,.T.);
#16219=EDGE_CURVE('',#16176,#16181,#16137,.T.);
#16222=EDGE_CURVE('',#16179,#16177,#16133,.T.);
#16233=EDGE_CURVE('',#16177,#16176,#16129,.T.);
#16256=EDGE_CURVE('',#16187,#16193,#16173,.T.);
#16258=EDGE_CURVE('',#16185,#16187,#16169,.T.);
#16260=EDGE_CURVE('',#16184,#16185,#16147,.T.);
#16262=EDGE_CURVE('',#16189,#16184,#16160,.T.);
#16264=EDGE_CURVE('',#16192,#16189,#16156,.T.);
#16284=EDGE_CURVE('',#16185,#16184,#16165,.T.);
#16333=(LENGTH_UNIT()NAMED_UNIT(*)SI_UNIT(.MILLI.,.METRE.));
#16335=(NAMED_UNIT(*)PLANE_ANGLE_UNIT()SI_UNIT($,.RADIAN.));
#16338=(NAMED_UNIT(*)SI_UNIT($,.STERADIAN.)SOLID_ANGLE_UNIT());
#16344=AXIS2_PLACEMENT_3D('',#16341,#16342,#16343);
#16345=ADVANCED_BREP_SHAPE_REPRESENTATION('',(#16344,#16320),#16340);
#16352=PRODUCT_DEFINITION('design','',#16351,#16348);
#16353=PRODUCT_DEFINITION_SHAPE('','SHAPE FOR _HS-425BB.',#16352);
#16354=SHAPE_DEFINITION_REPRESENTATION(#16353,#16345);
#16355=SHAPE_DEFINITION_REPRESENTATION(#16356,#16357);
#16356=PRODUCT_DEFINITION_SHAPE('','SHAPE FOR HS-425BB_ASM.',#16383);
#16357=SHAPE_REPRESENTATION('',(#16363,#16378),#16374);
#16358=NEXT_ASSEMBLY_USAGE_OCCURRENCE('59','Next assembly relationship',
'_HS-425BB',#16383,#16352,$);
#16359=PRODUCT_DEFINITION_SHAPE('Placement #59',
'Placement of _HS-425BB with respect to HS-425BB_ASM',#16358);
#16367=(LENGTH_UNIT()NAMED_UNIT(*)SI_UNIT(.MILLI.,.METRE.));
#16369=(NAMED_UNIT(*)PLANE_ANGLE_UNIT()SI_UNIT($,.RADIAN.));
#16372=(NAMED_UNIT(*)SI_UNIT($,.STERADIAN.)SOLID_ANGLE_UNIT());
#16378=AXIS2_PLACEMENT_3D('',#16375,#16376,#16377);
#16383=PRODUCT_DEFINITION('design','',#16382,#16348);
ENDSEC;
END-ISO-10303-21;
